post_url,comment_id,platform,author,comment_text,date,Views,sentiment,like,reply
https://www.instagram.com/p/DMCRH6Vzjl1/,,Instagram,hiiayya__,"Maudy asli sumpah kecewa sm elohhhhhh😭 bad new malah kami bad life dsniiiiii dsrrr ga ada hati nuraninya yaa,,",2026-09-18T07:56:13.000Z,,,,
https://www.instagram.com/p/DMCRH6Vzjl1/,,Instagram,takeiteasysimpleman,orang pintar yang bodoh sosiologi (kehidupan nyata) atau pura pura lamban? indonesia tidak butuh istilah istilah dan bahasa keren kerenan,2026-09-18T07:53:35.000Z,,,,
https://www.instagram.com/p/DMCRH6Vzjl1/,,Instagram,jstc4_,Shut the fuck up,2026-09-18T07:49:29.000Z,,,,
https://www.instagram.com/p/DMCRH6Vzjl1/,,Instagram,liquistsirop.co,maaf ya ka 🤣🙏🏻,2026-09-18T07:48:10.000Z,,,,
https://www.instagram.com/p/DMCRH6Vzjl1/,,Instagram,nurii.fauziyahh,Orang have yg haven’t empati,2026-09-18T07:44:43.000Z,,,,
https://www.instagram.com/p/DMCRH6Vzjl1/,,Instagram,justvreathd,Mana klarifnya kak,2026-09-18T07:39:44.000Z,,,,
https://www.instagram.com/p/DMCRH6Vzjl1/,,Instagram,husnar_cristhopher,"Logika berpikir lu sudah mengarah ke cara² genk lnsia berpikir, dimana memutarkan kesalahan menjadi kebenaran, itu bukan disebut kecerdasan tapi lebih penipuan dalam penyusunan kata #PoorEmpathyKau",2026-09-18T07:38:17.000Z,,,,
https://www.instagram.com/p/DMCRH6Vzjl1/,,Instagram,tahilalatcomx,sumpah ngapusin komen hah?,2026-09-18T07:37:29.000Z,,,,
https://www.instagram.com/p/DMCRH6Vzjl1/,,Instagram,tahilalatcomx,"21,9 rb yahh wkwkw",2026-09-18T07:36:23.000Z,,,,
https://www.instagram.com/p/DMCRH6Vzjl1/,,Instagram,suryaelahh,"Lu mah enak belum mainfullness apalah itu udah banyak bad news lagi,sambil makan samyang dan chill Netflix an.sangat tidak aware sama sekali dengan realitas yg ada",2026-09-18T07:20:33.000Z,,,,
https://www.instagram.com/p/DMCRH6Vzjl1/,,Instagram,yana_ngaranage,SO INTELEK TAPI DUNGU.. Ga malu sama @sherinamunaf  dan @claurakiehl ??? loloT,2026-09-18T07:18:21.000Z,,,,
https://www.instagram.com/p/DMCRH6Vzjl1/,,Instagram,ronhdii,login,2026-09-18T07:17:31.000Z,,,,
https://www.instagram.com/p/DMCRH6Vzjl1/,,Instagram,ziyaaa3773,"rich people will never understand life as a poor person, poor empathy",2026-09-18T07:15:13.000Z,,,,
https://www.instagram.com/p/DMCRH6Vzjl1/,,Instagram,jamil.irsy,Ini orang kayaa ituuu,2026-09-18T07:13:18.000Z,,,,
https://www.instagram.com/p/DMCRH6Vzjl1/,,Instagram,bobeyyy_,Emang beliau ini siapa?,2026-09-18T07:11:23.000Z,,,,
https://www.instagram.com/p/DMCRH6Vzjl1/,,Instagram,ar.jpgdump,badnews& bad empathies,2026-09-18T07:06:42.000Z,,,,
https://www.instagram.com/p/DMCRH6Vzjl1/,,Instagram,iis_545,"kak knp ga di privat akunnya? gimana nasib karir kamu kak? cuma ngasih ilmu tapi diserang abis2 an, emg cuma bad time aja padahal, ga seover itu harusnya dihujat",2026-09-18T07:06:19.000Z,,,,
https://www.instagram.com/p/DMCRH6Vzjl1/,,Instagram,hello_zaain,Oh ini orgnya,2026-09-18T07:06:15.000Z,,,,
https://www.instagram.com/p/DMCRH6Vzjl1/,,Instagram,danemeiral,oh ini,2026-09-18T07:05:48.000Z,,,,
https://www.instagram.com/p/DMCRH6Vzjl1/,,Instagram,rony_afthillah,Ohh ini oragmya,2026-09-18T07:03:31.000Z,,,,
https://www.instagram.com/p/DMCRH6Vzjl1/,,Instagram,8uthebell_,"Percuma pinter cantik punya segalanya tp ga punya empati, cih",2026-09-18T06:52:50.000Z,,,,
https://www.instagram.com/p/DMCRH6Vzjl1/,,Instagram,8uthebell_,LOL,2026-09-18T06:52:19.000Z,,,,
https://www.instagram.com/p/DMCRH6Vzjl1/,,Instagram,shidqi_arkan,cob hidup susah aja ka. baru tau rasanya…,2026-09-18T06:50:46.000Z,,,,
https://www.instagram.com/p/DMCRH6Vzjl1/,,Instagram,wherewavesmeet.id,You went to Stanford on taxpayers' money and all you brought back was your Korean husband? Be serious.😆,2026-09-18T06:48:37.000Z,,,,
https://www.instagram.com/p/DMCRH6Vzjl1/,,Instagram,dailyscene.id,Mindfulness TAI,2026-09-18T06:41:33.000Z,,,,
https://www.instagram.com/p/DMCRH6Vzjl1/,,Instagram,ayam.geprek.bb,Kenapa minta maaf mbak maudy..ga ada yg salah setiap orang setiap warga negara berhak mengeluarkan pendapat pribadi nya pendapatnya mau artis mau bukan...hidup bakal susah kl apa apa hrs selalu ngikutin netizen..semangat mbak maudy,2026-09-18T06:27:09.000Z,,,,
https://www.instagram.com/p/DMCRH6Vzjl1/,,Instagram,rizki_subrataa,"Ternyata pintar secara akademis belum tentu selalu tepat dalam melihat realitas.

Kadang yang dipertanyakan bukan seberapa tinggi pendidikannya, tapi seberapa dalam seseorang memahami keadaan orang lain.

Ketika sebagian orang bisa “menjauh dari bad news” karena punya pilihan, ada orang lain yang justru hidupnya menjadi bagian dari bad news itu sendiri.

Jadi jangan sampai istilah mindfulness berubah menjadi alasan untuk kehilangan kepekaan. Karena kecerdasan bukan cuma soal gelar, kemampuan berpikir, atau sederet prestasi—tetapi juga soal tahu kapan harus bicara, kapan harus diam, dan kapan harus melihat penderitaan orang lain dari sudut pandang mereka.

Pintar itu bukan sekadar tahu banyak. Cerdas itu ketika pengetahuan yang kita punya membuat kita semakin peka, bukan semakin jauh dari realitas.",2026-09-18T06:26:25.000Z,,,,
https://www.instagram.com/p/DMCRH6Vzjl1/,,Instagram,hiiayya__,Sok iye,2026-09-18T06:26:23.000Z,,,,
https://www.instagram.com/p/DMCRH6Vzjl1/,,Instagram,rhnjuanda,Maudy tidur udh malam besok sepong Prabowo lagi😹,2026-09-18T06:13:28.000Z,,,,
https://www.instagram.com/p/DMCRH6Vzjl1/,,Instagram,neyshaayari,,2026-09-18T06:12:03.000Z,,,,
https://www.instagram.com/p/DMCRH6Vzjl1/,,Instagram,thom_dsign,"aku gak abis thinking dgn logika mindfullness, menyaring berita buruk seperti apa yang dimaksud, aku faham dgn maksud mu yg ""stoick"" kmaren itu, tapi pemikiran itu di campur baurkan dgn ""bukan berarti kita tidak peduli"" . ini kontradiktif.. tidak perlu lah kau keluar semua intelektualitas mu dalam menanggapi berita buruk kalo scara objektiv masih abu-abu, itu bahkan dengan sangat ""BISA"" menggiring opini mu yang ""CERDAS?"" itu ke arah NIR-EMPATI"" . aku muak dengan BAD NEWS akhir2 ini.. kalo itu bad news ttg kriminalitas, ok fine log Off ! how about bad news tentang musibah ?? apakah ini bad news yg membuat otak anda overload ? hingga membuat orang waras jadi overthinking ?? melihat bad news menjadi bad mood ?? tapi tetap harus peduli ? apa bentuk peduli mu ttg orang2 yg ada dalam bad news itu ?? mengulurkan tangan sambil memejamkan mata bgitu ?? ayoo ayoo,, fikirkan secara logika.. atau logika mu sedang bermasalah karna paparan bad news about ""musibah"" yg sedang menimpa warga indonesia dalam kurun waktu 6 bln terakhir ini ?? come on maudy !!",2026-09-18T06:08:03.000Z,,,,
https://www.instagram.com/p/DMCRH6Vzjl1/,,Instagram,iyaavii,"Orang kaya emang begitu gayanya tengil, kaya duit keluarganya halal aja 🤣",2026-09-18T06:06:49.000Z,,,,
https://www.instagram.com/p/DMCRH6Vzjl1/,,Instagram,leapu_t,bahaya bener ini orang kebelet pengen komisaris atau Mentri apa? 🤣,2026-09-18T06:05:41.000Z,,,,
https://www.instagram.com/p/DMCRH6Vzjl1/,,Instagram,leapu_t,ANJ INI ORANG BAHAYA BENER PENGEN JADI KOMISARIS UTAMA 😂😂 TOLOL ANJ SEKOLAH HASIL BEASISWA SOK PINTER 😂,2026-09-18T06:04:05.000Z,,,,
https://www.instagram.com/p/DMCRH6Vzjl1/,,Instagram,wang_hyunjirr2024,weh masi ganygkaa,2026-09-18T06:01:53.000Z,,,,
https://www.instagram.com/p/DMCRH6Vzjl1/,,Instagram,iyaavii,"Panik ga panik ga, panik lah masa gak wkwkwk",2026-09-18T06:01:19.000Z,,,,
https://www.instagram.com/p/DMCRH6Vzjl1/,,Instagram,fihana38,"Orang kok nggak punya empati, coba belajar dulu ilmu empati",2026-09-18T05:58:31.000Z,,,,
https://www.instagram.com/p/DMCRH6Vzjl1/,,Instagram,1996_rere,"Minimal lu ke tengah karhutla sambil makan MBG deh biar ku anggap berita lu itu sangat bad news Jd aku perlu mindfullness buat gak peduli lu kenapa"" 😂 dr iklan produk  pro Israel aja dah ketahuan no empati",2026-09-18T05:56:40.000Z,,,,
https://www.instagram.com/p/DMCRH6Vzjl1/,,Instagram,mardongancity,Komen nya dihapus2in yak? Ga seru ah,2026-09-18T05:53:46.000Z,,,,
https://www.instagram.com/p/DMCRH6Vzjl1/,,Instagram,muhamadteguhharderi,jangan hapusin komen dong,2026-09-18T05:48:51.000Z,,,,
https://www.instagram.com/p/DMCRH6Vzjl1/,,Instagram,metalniggus_,"mindful mindful, kalo ga pernah kerja keras dan pernah ga punya privilege ga usah ngebacot lu babi, gua sumpahin lu ngalamin kebakaran beserta seluruh keluargalu.",2026-09-18T05:43:48.000Z,,,,
https://www.instagram.com/p/DMCRH6Vzjl1/,,Instagram,7baldeagle,@maulanafito_ emang loe kenal g?  Kita pernah ketemu dimana??,2026-09-18T05:24:10.000Z,,,,
https://www.instagram.com/p/DMCRH6Vzjl1/,,Instagram,trisubiantara,Rugi belajar tinggi jauh-jauh tapi tidak punya empati..,2026-09-18T05:23:17.000Z,,,,
https://www.instagram.com/p/DMCRH6Vzjl1/,,Instagram,tu_anggaa1,"lu gak pernah rasain sih antri bensin Berjam jam, bahkan ada yg lebih parah dari sekedar antri bensin.",2026-09-18T05:21:04.000Z,,,,
https://www.instagram.com/p/DMCRH6Vzjl1/,,Instagram,adriannn4399,Perahu kertasku,2026-09-18T05:10:50.000Z,,,,
https://www.instagram.com/p/DMCRH6Vzjl1/,,Instagram,eternalsunshine_19,HEH MAUDY LIAT NOH VIDEO BAYI SESEK NAPAS DI KALIMANTAN LO CUMA BISA BICIT DOANG DASAR NIREMPATI,2026-09-18T05:10:03.000Z,,,,
https://www.instagram.com/p/DMCRH6Vzjl1/,,Instagram,dikxafermana_,Lu kalo mati BANYAK YANG SENENG,2026-09-18T05:04:19.000Z,,,,
https://www.instagram.com/p/DMCRH6Vzjl1/,,Instagram,il__pyo9,,2026-09-18T04:57:47.000Z,,,,
https://www.instagram.com/p/DMCRH6Vzjl1/,,Instagram,cugaooopy,,2026-09-18T04:56:30.000Z,,,,
https://www.instagram.com/p/DMCRH6Vzjl1/,,Instagram,toserbatokoserbaada,Mba maudy pernah gak si makan nasi terus cuma dicampur sama blue band ?,2026-09-18T04:51:54.000Z,,,,
https://www.instagram.com/p/DMCRH6Vzjl1/,,Instagram,rosalinpnjtn,Iya iya pintar deh kamu,2026-09-18T04:40:36.000Z,,,,
https://www.instagram.com/p/DMCRH6Vzjl1/,,Instagram,isacsss_,"Di kalimantan ada relawan karhutla yang meninggal, beberapa primata seperti bekantan dan orangutan mati, tolong jika tidak bisa membantu maka tolong sedikitlah ber empati",2026-09-18T04:39:43.000Z,,,,
https://www.instagram.com/p/DMCRH6Vzjl1/,,Instagram,arssbshs,,2026-09-18T04:39:02.000Z,,,,
https://www.instagram.com/p/DMCRH6Vzjl1/,,Instagram,botol_kecap7k,"Makin cantik aja idola kita,,pantas banyak sanjungan dr nitizen👍",2026-09-18T04:29:56.000Z,,,,
https://www.instagram.com/p/DMCRH6Vzjl1/,,Instagram,lissaismissing,maudy tel aviv,2026-09-18T04:26:11.000Z,,,,
https://www.instagram.com/p/DMCRH6Vzjl1/,,Instagram,riskysijaya,Sekolah tinggi tdk menjamin punya empati,2026-09-18T04:24:29.000Z,,,,
https://www.instagram.com/p/DMCRH6Vzjl1/,,Instagram,the_majikans,Bener ya ngapusin komen 😂,2026-09-18T04:23:33.000Z,,,,
https://www.instagram.com/p/DMCRH6Vzjl1/,,Instagram,chndraaaaaaa_,bro pikir bro princess,2026-09-18T04:18:15.000Z,,,,
https://www.instagram.com/p/DMCRH6Vzjl1/,,Instagram,restore_indonesia,kapan pulang ke indonesia mod?,2026-09-18T04:17:12.000Z,,,,
https://www.instagram.com/p/DMCRH6Vzjl1/,,Instagram,hansocuteee,napak tanah dong kak maudyyy,2026-09-18T04:05:27.000Z,,,,
https://www.instagram.com/p/DMCRH6Vzjl1/,,Instagram,nafishaarn,"orang pada ngehujat itu let them aja maudy, jangan di hapusin wkwk",2026-09-18T04:01:04.000Z,,,,
https://www.instagram.com/p/DMCRH6Vzjl1/,,Instagram,diamaulana.ltf,Lawak,2026-09-18T03:56:45.000Z,,,,
https://www.instagram.com/p/DMCRH6Vzjl1/,,Instagram,frequenzii,Perasaan gua udh komen “PELER” ko ilang,2026-09-18T03:53:26.000Z,,,,
https://www.instagram.com/p/DMCRH6Vzjl1/,,Instagram,elwitzer1221,N tot,2026-09-18T03:47:37.000Z,,,,
https://www.instagram.com/p/DMCRH6Vzjl1/,,Instagram,oreo_pengendali_bumi,Baikotttttttttt,2026-09-18T03:34:58.000Z,,,,
https://www.instagram.com/p/DMCRH6Vzjl1/,,Instagram,mochammadzulhendra,KEREWAK KAU YEBE,2026-09-18T03:32:32.000Z,,,,
https://www.instagram.com/p/DMCRH6Vzjl1/,,Instagram,4waftbyu,,2026-09-18T03:24:20.000Z,,,,
https://www.instagram.com/p/DMCRH6Vzjl1/,,Instagram,harsonoaril,Minim empati kau Maudy🤬,2026-09-18T03:23:18.000Z,,,,
https://www.instagram.com/p/DMCRH6Vzjl1/,,Instagram,7baldeagle,BELAJAR LAGI SANAHHH. BIAR NGAK CUMA BISA NGOMONG LET THEM LET THEM .,2026-09-18T03:20:36.000Z,,,,
https://www.instagram.com/p/DMCRH6Vzjl1/,,Instagram,nadineshabrina,"Maudy, asalnya saya gak mau ikut komen disini, tapi tadi FYP saya lewat ada seorang ibu yg videokan anak bayi belum genap 1 bulan di Kalimantan, dimana sumber tempat jualanmu juga, dia batuk-batuk akibat asap kebakaran hutan di Kalimantan yang sampai saat ini belum juga pulih. Untuk dirimu yang lulusan Oxford dengan fokus “politik” apa pun lah itu namanya, dan saya hanya lulusan universitas swasta seharusnya dari kondisi yang tadi saya ceritakan sudah bisa ternalar arahnya kemana ya? Tidak salah dengan isi kontenmu terkait mindfulness tapi ada poin getir dalam bahasanmu itu. Saya ibu, saya memiliki anak, melihat kondisi yang tadi saya ceritakan diatas, saya hanya berdoa semoga kamu bisa menapak tanah melihat dari sudut pandang yang bahkan tidak pernah kamu ekspektasikan sebelumnya.",2026-09-18T03:20:06.000Z,,,,
https://www.instagram.com/p/DMCRH6Vzjl1/,,Instagram,cocopieday,LPDP pun masih pake pajak rakyak. malah mindful mindful💩,2026-09-18T03:17:10.000Z,,,,
https://www.instagram.com/p/DMCRH6Vzjl1/,,Instagram,cocopieday,disuruh diet sama orang yang gak tau apa itu lapar lawakkk,2026-09-18T03:16:24.000Z,,,,
https://www.instagram.com/p/DMCRH6Vzjl1/,,Instagram,375fullsund,nirempati,2026-09-18T03:13:22.000Z,,,,
https://www.instagram.com/p/DMCRH6Vzjl1/,,Instagram,chery_onlyone,"Kak maudy keren, aku suka ttg mindfullness krn aku emang kejebak bangt sama berita2 negatif dan buat hari ku gelap terus. Tuhan berkati sll kamu",2026-09-18T03:10:44.000Z,,,,
https://www.instagram.com/p/DMCRH6Vzjl1/,,Instagram,pergitidur77,@dikyrighy menurut ko dia pernah makan mie bangla pake nasi gk?,2026-09-18T02:58:53.000Z,,,,
https://www.instagram.com/p/DMCRH6Vzjl1/,,Instagram,mhdnoto_,"minus empaty , pleas habis ini ambil s3 empaty ya kak maudy itu bener ² wajib banget klo udah smart 😂😂",2026-09-18T02:57:52.000Z,,,,
https://www.instagram.com/p/DMCRH6Vzjl1/,,Instagram,randomly_miw,Paok,2026-09-18T02:52:33.000Z,,,,
https://www.instagram.com/p/DMCRH6Vzjl1/,,Instagram,randomly_miw,Bodat,2026-09-18T02:52:31.000Z,,,,
https://www.instagram.com/p/DMCRH6Vzjl1/,,Instagram,vvey88,,2026-09-18T02:45:09.000Z,,,,
https://www.instagram.com/p/DMCRH6Vzjl1/,,Instagram,vvey88,🤡🤡🤡🤡🤡🤡🤡🤡🤡🤡🤡🤡🤡🤡,2026-09-18T02:44:14.000Z,,,,
https://www.instagram.com/p/DMCRH6Vzjl1/,,Instagram,xoxclf,,2026-09-18T02:41:11.000Z,,,,
https://www.instagram.com/p/DMCRH6Vzjl1/,,Instagram,himiwin,,2026-09-18T02:37:31.000Z,,,,
https://www.instagram.com/p/DMCRH6Vzjl1/,,Instagram,afwlss,,2026-09-18T02:32:41.000Z,,,,
https://www.instagram.com/p/DMCRH6Vzjl1/,,Instagram,rahmatttt_hrj,Paok,2026-09-18T02:29:20.000Z,,,,
https://www.instagram.com/p/DMCRH6Vzjl1/,,Instagram,papihtheo_,"Nntn ga full, tpi pada hate comment. Sblm gede mulut gedein dulu otak 😂",2026-09-18T02:28:57.000Z,,,,
https://www.instagram.com/p/DMCRH6Vzjl1/,,Instagram,abui.liuu,.,2026-09-18T02:21:20.000Z,,,,
https://www.instagram.com/p/DMCRH6Vzjl1/,,Instagram,izaaakia_,tukeran peran aja yo kak wkwkwk,2026-09-18T02:17:50.000Z,,,,
https://www.instagram.com/p/DMCRH6Vzjl1/,,Instagram,s_yy666,Masih hidup g sih nih orang kok gd permintaan maaf dari die 😂,2026-09-18T02:17:38.000Z,,,,
https://www.instagram.com/p/DMCRH6Vzjl1/,,Instagram,silfanaarifin,"Main2 kepalangkaraya yok, nginep di rumah warga seminggu aja, apakah akan bisa hindarin badnews ???????",2026-09-18T02:17:06.000Z,,,,
https://www.instagram.com/p/DMCRH6Vzjl1/,,Instagram,barakborneo,"Simple lo jd dia, tinggal diam nikmatin hidup tanpa koar2 gaje udah pas dah. Atau koar2 soal film kek. Atau soal beasiswa gmn dapetinnya. Pasti jauh berfaedah",2026-09-18T02:14:36.000Z,,,,
https://www.instagram.com/p/DMCRH6Vzjl1/,,Instagram,dequalinum_,Kok diem,2026-09-18T02:13:34.000Z,,,,
https://www.instagram.com/p/DMCRH6Vzjl1/,,Instagram,___1997yv,Heh,2026-09-18T02:12:48.000Z,,,,
https://www.instagram.com/p/DMCRH6Vzjl1/,,Instagram,deryl.wilnoza,Perjuangan baik selama ini hancur sudah 😭,2026-09-18T02:12:18.000Z,,,,
https://www.instagram.com/p/DMCRH6Vzjl1/,,Instagram,r.intheshell,"kenapa banyak case orang berpendidikan tapi minim empati ya? ah, jangan beli buku karena covernya cantik aja sih..",2026-09-18T02:10:51.000Z,,,,
https://www.instagram.com/p/DMCRH6Vzjl1/,,Instagram,fariz1602,unrespect! harusnya kepintaranmu diimbangi sama empati!!,2026-09-18T02:07:22.000Z,,,,
https://www.instagram.com/p/DMCRH6Vzjl1/,,Instagram,dypevensie,aku nyarap bubur ayam sambil liat badnews,2026-09-18T02:02:59.000Z,,,,
https://www.instagram.com/p/DMCRH6Vzjl1/,,Instagram,mzakif_,Assalamualaikum,2026-09-18T01:55:20.000Z,,,,
https://www.instagram.com/p/DMCRH6Vzjl1/,,Instagram,cank.shoetris,beasiswa LPDP ya?? yang uang nya dari pajak rakyat indonesia,2026-09-18T01:54:24.000Z,,,,
https://www.instagram.com/p/DMCRH6Vzjl1/,,Instagram,hermawanreina,wooww ramee.....ninggalin jejak dulu..di sini...artis yg katanya lulusan Oxford....tapi minim empati....🤣,2026-09-18T01:45:43.000Z,,,,
https://www.instagram.com/p/DMCRH6Vzjl1/,,Instagram,aisyahhmr01_,wkwk onol,2026-09-18T01:34:40.000Z,,,,
https://www.instagram.com/p/DMCRH6Vzjl1/,,Instagram,de_raiz11,"LU BENER KOK MAUDY, BENER BENER GAADA EMPATI WKKWW lulusan Oxford doang ga menjamin seseorang punya empati",2026-09-18T01:30:36.000Z,,,,
https://www.instagram.com/p/DMCRH6Vzjl1/,,Instagram,cencenmangkuwangi,"Yes no whot whot,em feri confius...omaga",2026-09-18T01:21:20.000Z,,,,
https://www.instagram.com/p/DMCRH6Vzjl1/,,Instagram,mhmmdrrmdhn,si paling mindful,2026-09-18T01:19:59.000Z,,,,
https://www.instagram.com/p/DMCRH6Vzjl1/,,Instagram,tq_yub27,Unfollow! Disgusting,2026-09-18T01:18:00.000Z,,,,
https://www.instagram.com/p/DMCRH6Vzjl1/,,Instagram,dino.qpi,,2026-09-18T01:13:42.000Z,,,,
https://www.instagram.com/p/DMCRH6Vzjl1/,,Instagram,_mans555,Jadi Rame 😮😮😮 Ninggalin 👣👣 dulu dah 😂,2026-09-18T01:08:59.000Z,,,,
https://www.instagram.com/p/DMCRH6Vzjl1/,,Instagram,lemonchild26_,Lu berpendapat begitu karena lu gak tau penderitaan orang gimana. Sombong amat lu,2026-09-18T01:07:00.000Z,,,,
https://www.instagram.com/p/DMCRH6Vzjl1/,,Instagram,afwlss,"YANG HIDUPNYA DARI KECIL UDAH ENAK, APAPUN SERBA ADA TANPA PIKIR GAK AKAN PERNAH NGERASAIN NAMANYA SUSAH. Cuih begini modelan artis sekarang? Kekacauan ini ngerusak mood dia😹😹😹😹🫵 Mind mind mind sok iya aja lu yunda, gak ada empati 😹😹 coba turun ke lapangan terus ke hutan, hirup tuh asep yang tebal, kuat gak lu?  Hidup udah enak, semaunya aja berkomentar tanpa mikir kondisi lawak 😹",2026-09-18T00:54:53.000Z,,,,
https://www.instagram.com/p/DMCRH6Vzjl1/,,Instagram,zamzamabdullah8911,Ijazah nya palsu atau dapat beli 😂😂😂,2026-09-18T00:52:49.000Z,,,,
https://www.instagram.com/p/DMCRH6Vzjl1/,,Instagram,indah_diahh,Wih rame😂,2026-09-18T00:42:19.000Z,,,,
https://www.instagram.com/p/DMCRH6Vzjl1/,,Instagram,yareni9054,"Plengerr lu ,,semoga lu mandul congek,,",2026-09-18T00:42:08.000Z,,,,
https://www.instagram.com/p/DMCRH6Vzjl1/,,Instagram,dhar4uv_,kaya gini lulusan Oxford?,2026-09-18T00:38:04.000Z,,,,
https://www.instagram.com/p/DMCRH6Vzjl1/,,Instagram,irsan_kurniawan,"Males liat nich org, hatinya tdk secantik wajahx",2026-09-18T00:34:03.000Z,,,,
https://www.instagram.com/p/DMCRH6Vzjl1/,,Instagram,juwitatrip,"Dari dulu gak suka sama ini orang. Entah knp ada yg nge fans sama dia. Suara nya biasa aja utk seorang penyanyi, rupa nya juga biasa aja utk seorang artis, acting juga biasa aja utk seorang aktor. Cuma modal pintar dpt beasiswa doang, itu pun teori doang. Praktek kehidupan gak berbanding lurus. Utk seorang alumni LPDP sih she is disgusting",2026-09-18T00:24:45.000Z,,,,
https://www.instagram.com/p/DMCRH6Vzjl1/,,Instagram,wherewavesmeet.id,"Good morning Indonesia, what's for breakfast? 🍳😂",2026-09-18T00:19:37.000Z,,,,
https://www.instagram.com/p/DMCRH6Vzjl1/,,Instagram,masyohan__,Artis nggak ada empati,2026-09-18T00:18:26.000Z,,,,
https://www.instagram.com/p/DMCRH6Vzjl1/,,Instagram,mynameisalbyy,lu bilang ga nyaman baca badnews karena lu ga ngerasain hidup susah anjing lu mah enak tdur di ruangan ber-AC hidup enak yg kena bencana gimana?,2026-09-18T00:16:54.000Z,,,,
https://www.instagram.com/p/DMCRH6Vzjl1/,,Instagram,mhd_02220,"Mbak Maudy kalo ada uang lebih beli buku akhlak ya, baca bab empati",2026-09-18T00:10:21.000Z,,,,
https://www.instagram.com/p/DMCRH6Vzjl1/,,Instagram,rafiqthefallen,kena mental sepertinya dia,2026-09-18T00:08:25.000Z,,,,
https://www.instagram.com/p/DMCRH6Vzjl1/,,Instagram,diandewidee,Dihujatkan...minimal..turun ke hutan mba biar tau ..malu sama rakyat dan  sherina,2026-09-18T00:06:29.000Z,,,,
https://www.instagram.com/p/DMCRH6Vzjl1/,,Instagram,wulandari46__,"ingett yaa @maudyayunda LPDP beasiswa dr pajak rakyat, harusnya tau diri!",2026-09-18T00:04:27.000Z,,,,
https://www.instagram.com/p/DMCRH6Vzjl1/,,Instagram,kancottt,Rip empati,2026-09-18T00:03:56.000Z,,,,
https://www.instagram.com/p/DMCRH6Vzjl1/,,Instagram,saann_7,"Konsep mindfulness untuk menjaga kesehatan mental di tengah kepungan berita buruk memang sangat penting, Mbak Maudy. Namun, ingat juga bahwa kemampuan untuk membatasi atau memilih berita adalah privilese yang tidak semua orang miliki, terutama mereka yang langsung mengalami realita buruk tersebut. Mindfulness sebaiknya bukan untuk menarik diri, tapi membuat kita berpikir jernih agar tetap bisa peduli dan bertindak. Tetap semangat dan terus menginspirasi mbak Mooodyyy...",2026-09-18T00:03:38.000Z,,,,
https://www.instagram.com/p/DMCRH6Vzjl1/,,Instagram,zaharanatassa,Orang Have makanya begitu.. Nirempati.. Mana tau rumah ente kena gempa dasyat besok kan.. Baru tau rasanya tu.. Atau ga bisa nafas karena abu vulkanik..,2026-09-18T00:03:30.000Z,,,,
https://www.instagram.com/p/DMCRH6Vzjl1/,,Instagram,rica_chacha,berbicara tentang mindfulness di tengah kekacauan sambil pegang telur omega 3 butir 😂😂,2026-09-18T00:03:15.000Z,,,,
https://www.instagram.com/p/DMCRH6Vzjl1/,,Instagram,mhd_02220,Inget yaa LPDP.. beasiswa dari pajak rakyat,2026-09-18T00:01:58.000Z,,,,
https://www.instagram.com/p/DMCRH6Vzjl1/,,Instagram,sallmhmd_,"kamu orang have yah, have EMPATI",2026-09-17T23:54:46.000Z,,,,
https://www.instagram.com/p/DMCRH6Vzjl1/,,Instagram,ikbale.s,Blom ada klarifikasi nih dri maudy ayunan?,2026-09-17T23:43:37.000Z,,,,
https://www.instagram.com/p/DMCRH6Vzjl1/,,Instagram,bayupttra_,Tone Deaf,2026-09-17T23:43:16.000Z,,,,
https://www.instagram.com/p/DMCRH6Vzjl1/,,Instagram,galerigitarsampit,Duta nir empati,2026-09-17T23:43:02.000Z,,,,
https://www.instagram.com/p/DMCRH6Vzjl1/,,Instagram,rhnovv_yb,hadeuhhhhh,2026-09-17T23:39:53.000Z,,,,
https://www.instagram.com/p/DMCRH6Vzjl1/,,Instagram,alfarezzz9,,2026-09-17T23:24:06.000Z,,,,
https://www.instagram.com/p/DMCRH6Vzjl1/,,Instagram,patriciaputris,"Ah, sok iye. Nirempati lo.",2026-09-17T23:23:20.000Z,,,,
https://www.instagram.com/p/DMCRH6Vzjl1/,,Instagram,allatiif,😭😭,2026-09-17T23:22:24.000Z,,,,
https://www.instagram.com/p/DMCRH6Vzjl1/,,Instagram,jaelaniard,Minim empati,2026-09-17T23:21:44.000Z,,,,
https://www.instagram.com/p/DMCRH6Vzjl1/,,Instagram,berdampakx,.,2026-09-17T23:13:08.000Z,,,,
https://www.instagram.com/p/DMCRH6Vzjl1/,,Instagram,darrliinsyyah,oh ini orgny,2026-09-17T23:02:33.000Z,,,,
https://www.instagram.com/p/DMCRH6Vzjl1/,,Instagram,tungtungjess,Maudy tidur besok mindfulness lagi,2026-09-17T22:53:29.000Z,,,,
https://www.instagram.com/p/DMCRH6Vzjl1/,,Instagram,permadifebri,"Halo PR teamnya or management teamnya maudy, congrats ya kalian akan repot meyakinkan brand2 pasca case video mindfulness artismu. This is real world ya maudy, enjoy the ""cancel culture"" dari kami masyarakat yang tiap hari berjuang bertahan hidup dari asap efek kebakaran hutan dan lahan di kalimantan",2026-09-17T22:47:06.000Z,,,,
https://www.instagram.com/p/DMCRH6Vzjl1/,,Instagram,dearkii_1,"ya inilah jeleknya medsos, katanya boleh berpendapat, tapi saat pendapat kita gk sesuai dgn mereka ya siap² aja di bully sana sini dgn org yg gk di kenal, buruknya kadang mereka gk paham betul dgn maksudnya, tapi kenceng banget responnya..",2026-09-17T22:39:10.000Z,,,,
https://www.instagram.com/p/DMCRH6Vzjl1/,,Instagram,punqksdvid,Mending lu diem,2026-09-17T22:36:46.000Z,,,,
https://www.instagram.com/p/DMCRH6Vzjl1/,,Instagram,sec_acc.28,Sampai detik ini tuh video yang bikin heboh ga di take down HAHAHAHA✨mindfulness stoicism✨ lagi puasa sosmed ya Maudy?,2026-09-17T22:36:46.000Z,,,,
https://www.instagram.com/p/DMCRH6Vzjl1/,,Instagram,lukigenang,😭,2026-09-17T22:35:21.000Z,,,,
https://www.instagram.com/p/DMCRH6Vzjl1/,,Instagram,rara_nasution88,"Ga semua org have kayak kamu maudy dr lahir ga mkir bnyk semua ada, klo ga bisa bantu lebih baik diam kaya saya 😂 diam adalah emas",2026-09-17T22:21:18.000Z,,,,
https://www.instagram.com/p/DMCRH6Vzjl1/,,Instagram,rifqipariz,"mangats mod💪🏼, ini cuma salah paham aja",2026-09-17T21:54:13.000Z,,,,
https://www.instagram.com/p/DMCRH6Vzjl1/,,Instagram,anuinu79,"Kena batunya lo ya jutekin ponakan gw di mall pas minta foto.. lagian kl gamau bersinggungan dgn rakyat jelata jgn ke mol woyyy, ke makam aja lo sana, ketemu rakyat alam baka 😂",2026-09-17T21:49:41.000Z,,,,
https://www.instagram.com/p/DMCRH6Vzjl1/,,Instagram,realdygita27,,2026-09-17T21:45:19.000Z,,,,
https://www.instagram.com/p/DMCRH6Vzjl1/,,Instagram,awkarun_,LET THEM,2026-09-17T21:40:46.000Z,,,,
https://www.instagram.com/p/DMCRH6Vzjl1/,,Instagram,aromo_hola,Ngomong mindfulness dengan alat masak thermomix 25 juta di dapurnya..🧘‍♀️🧘‍♀️,2026-09-17T21:29:22.000Z,,,,
https://www.instagram.com/p/DMCRH6Vzjl1/,,Instagram,somepewple,Baca komen dong kak. Jangan mindful mindful terus. Sekali-kali liat lapangan coba.,2026-09-17T21:15:04.000Z,,,,
https://www.instagram.com/p/DMCRH6Vzjl1/,,Instagram,nopnopmanurung,Ihhh,2026-09-17T21:09:28.000Z,,,,
https://www.instagram.com/p/DMCRH6Vzjl1/,,Instagram,illhaamn,,2026-09-17T20:59:21.000Z,,,,
https://www.instagram.com/p/DMCRH6Vzjl1/,,Instagram,yan_skia,"Dulu ngatain si ibot ""freaky a55 N-word"" itu bener nggk? 🗿",2026-09-17T20:01:39.000Z,,,,
https://www.instagram.com/p/DMCRH6Vzjl1/,,Instagram,achmad.dwiarifin,"you say it all with avocado and scrambled egg in your hand, main while in another place we have keep fight with bad reality",2026-09-17T20:00:50.000Z,,,,
https://www.instagram.com/p/DMCRH6Vzjl1/,,Instagram,dand_yalf,Biaya sekolah dari rakyat kecil yang disuruh diam dengan keadaan negara,2026-09-17T19:59:06.000Z,,,,
https://www.instagram.com/p/DMCRH6Vzjl1/,,Instagram,alfi_naldhi25,"Bagus nya pembahasan mindfullness ini di share sesama temannya yg kaya aja, kalau untuk public selain bad timing terkesan minim empati juga",2026-09-17T19:52:22.000Z,,,,
https://www.instagram.com/p/DMCRH6Vzjl1/,,Instagram,alfian.pambudi.14,Sok yes,2026-09-17T19:33:04.000Z,,,,
https://www.instagram.com/p/DMCRH6Vzjl1/,,Instagram,joel.fernandooo,"I wish I could simply put my phone away when all this bad news is happening across Indonesia, but I can’t 😢 It’s happening to me to",2026-09-17T19:23:48.000Z,,,,
https://www.instagram.com/p/DMCRH6Vzjl1/,,Instagram,llfryh_,yang tidak merasakan tidak akan mengerti,2026-09-17T19:19:33.000Z,,,,
https://www.instagram.com/p/DMCRH6Vzjl1/,,Instagram,fra.nkthijs,Your mindfulness is our daily life.. be real...,2026-09-17T19:14:46.000Z,,,,
https://www.instagram.com/p/DMCRH6Vzjl1/,,Instagram,yogajuli4,Pleger. Lu. Tod,2026-09-17T19:11:40.000Z,,,,
https://www.instagram.com/p/DMCRH6Vzjl1/,,Instagram,irvnagung_,,2026-09-17T19:11:05.000Z,,,,
https://www.instagram.com/p/DMCRH6Vzjl1/,,Instagram,kuasa_kristus,"untuk semua para netizen mohon utk tetap tenang & tidak boleh emosi ya, karena ini cuman salah paham saja🙏🙏😊😊",2026-09-17T19:07:19.000Z,,,,
https://www.instagram.com/p/DMCRH6Vzjl1/,,Instagram,schwereizt,,2026-09-17T19:03:49.000Z,,,,
https://www.instagram.com/p/DMCRH6Vzjl1/,,Instagram,crayonlyra,"Maudy pdhl lo perfect bgt cantik, kaya, pinter, penyanyi, actress dll tapi NIR EMPATIIIII HADEEHHHHHHH KECEWAAAAAAAAAAAA",2026-09-17T18:56:11.000Z,,,,
https://www.instagram.com/p/DMCRH6Vzjl1/,,Instagram,cyxoen,"when we eventually become parents, let us not simply demand that our children possess brilliant intellects we must also ensure they have room in their minds for empathy, perhaps your own parents weren't like that.",2026-09-17T18:35:49.000Z,,,,
https://www.instagram.com/p/DMCRH6Vzjl1/,,Instagram,aditia__ramadhan,,2026-09-17T18:33:48.000Z,,,,
https://www.instagram.com/p/DMCRH6Vzjl1/,,Instagram,chnge.re,"Not rispek, nol empati",2026-09-17T18:26:36.000Z,,,,
https://www.instagram.com/p/DMCRH6Vzjl1/,,Instagram,mockurboy,"rame banget, nitip sendal ah .",2026-09-17T18:24:34.000Z,,,,
https://www.instagram.com/p/DMCRH6Vzjl1/,,Instagram,densypn,Let them 😭😭😭😭,2026-09-17T18:22:58.000Z,,,,
https://www.instagram.com/p/DMCRH6Vzjl1/,,Instagram,senjaku_segalanya,Liat vidionya dimana yah gaesss?? Ketinggalan nihhh,2026-09-17T18:18:50.000Z,,,,
https://www.instagram.com/p/DMCRH6Vzjl1/,,Instagram,liiioon_ss,Semangat Maudy Ayunda kamu cantik cerdas. Mungkin kecerdasan kamu gak cocok buat binatang yang gak pake akal nangkep perkataan baik.,2026-09-17T18:06:06.000Z,,,,
https://www.instagram.com/p/DMCRH6Vzjl1/,,Instagram,mtnnrhmn,lanjut nyepong aje,2026-09-17T18:00:01.000Z,,,,
https://www.instagram.com/p/DMCRH6Vzjl1/,,Instagram,bara.sk7,,2026-09-17T17:59:12.000Z,,,,
https://www.instagram.com/p/DMCRH6Vzjl1/,,Instagram,bara.sk7,,2026-09-17T17:59:04.000Z,,,,
https://www.instagram.com/p/DMCRH6Vzjl1/,,Instagram,bara.sk7,,2026-09-17T17:58:55.000Z,,,,
https://www.instagram.com/p/DMCRH6Vzjl1/,,Instagram,bara.sk7,,2026-09-17T17:58:47.000Z,,,,
https://www.instagram.com/p/DMCRH6Vzjl1/,,Instagram,bara.sk7,,2026-09-17T17:58:41.000Z,,,,
https://www.instagram.com/p/DMCRH6Vzjl1/,,Instagram,bara.sk7,,2026-09-17T17:58:35.000Z,,,,
https://www.instagram.com/p/DMCRH6Vzjl1/,,Instagram,bara.sk7,,2026-09-17T17:58:27.000Z,,,,
https://www.instagram.com/p/DMCRH6Vzjl1/,,Instagram,bara.sk7,,2026-09-17T17:58:20.000Z,,,,
https://www.instagram.com/p/DMCRH6Vzjl1/,,Instagram,bara.sk7,,2026-09-17T17:58:15.000Z,,,,
https://www.instagram.com/p/DMCRH6Vzjl1/,,Instagram,bara.sk7,,2026-09-17T17:58:09.000Z,,,,
https://www.instagram.com/p/DMCRH6Vzjl1/,,Instagram,bara.sk7,,2026-09-17T17:58:02.000Z,,,,
https://www.instagram.com/p/DMCRH6Vzjl1/,,Instagram,bara.sk7,,2026-09-17T17:57:56.000Z,,,,
https://www.instagram.com/p/DMCRH6Vzjl1/,,Instagram,bara.sk7,,2026-09-17T17:57:50.000Z,,,,
https://www.instagram.com/p/DMCRH6Vzjl1/,,Instagram,bara.sk7,,2026-09-17T17:57:45.000Z,,,,
https://www.instagram.com/p/DMCRH6Vzjl1/,,Instagram,bara.sk7,,2026-09-17T17:57:38.000Z,,,,
https://www.instagram.com/p/DMCRH6Vzjl1/,,Instagram,bara.sk7,,2026-09-17T17:57:31.000Z,,,,
https://www.instagram.com/p/DMCRH6Vzjl1/,,Instagram,ilatifah___,😂😂😂😂,2026-09-17T17:55:36.000Z,,,,
https://www.instagram.com/p/DMCRH6Vzjl1/,,Instagram,djmimyshasy,Ntar lagi tutup kolom coment ini 😂,2026-09-17T17:55:15.000Z,,,,
https://www.instagram.com/p/DMCRH6Vzjl1/,,Instagram,dr.farel_bihzer____.s.ked,Oi kontol beasiswa dari LPDP najis,2026-09-17T17:54:56.000Z,,,,
https://www.instagram.com/p/DMCRH6Vzjl1/,,Instagram,secc.in4y,komen nya baru' smua🤣,2026-09-17T17:43:13.000Z,,,,
https://www.instagram.com/p/DMCRH6Vzjl1/,,Instagram,satriyo_woldiez,"menikmati pajak rakyat lwt LPDP tapi hilang empati kepada rakyat,seperti pejabat ,semoga kedepannya bs merasakan kesulitan yg dihadapi dari bebarapa keadaan kurang Baik di Negeri ini yg dirasakan rakyat kecil .",2026-09-17T17:37:44.000Z,,,,
https://www.instagram.com/p/DMCRH6Vzjl1/,,Instagram,matondangovi,"Dorongan untuk membuat konten tentang midfulness adalah jalan tuhan untuk menegur dia yang selama ini tonedeaf, hidup tanpa empati 👏",2026-09-17T17:37:29.000Z,,,,
https://www.instagram.com/p/DMCRH6Vzjl1/,,Instagram,all.ayyubii_,"Kak, tetap semangat ya",2026-09-17T17:35:07.000Z,,,,
https://www.instagram.com/p/DMCRH6Vzjl1/,,Instagram,biiiiiiiiiiyy,"Kak Maudi semangat yaa, saya sangat mengerti apa yg kamu maksud dari vidio kamu🥺 keep strong 💪",2026-09-17T17:34:02.000Z,,,,
https://www.instagram.com/p/DMCRH6Vzjl1/,,Instagram,mariasastrowihardjo,Sssstttt!,2026-09-17T17:22:47.000Z,,,,
https://www.instagram.com/p/DMCRH6Vzjl1/,,Instagram,_mukhlis.sin,Freaky ahh jingga,2026-09-17T17:18:26.000Z,,,,
https://www.instagram.com/p/DMCRH6Vzjl1/,,Instagram,mitaa_apriana,Saya dari Kalimantan barat mengucapkan semoga tidak terdampak musibah yaa maudyyyy,2026-09-17T17:16:35.000Z,,,,
https://www.instagram.com/p/DMCRH6Vzjl1/,,Instagram,achmadgunawan88,NEIR EMPATI..PADAHALDIBIAYAIN KULIAH SAMA NEGARA DARI UANG PAJAK KERINGAT RAKYAT INDONESIA,2026-09-17T17:15:30.000Z,,,,
https://www.instagram.com/p/DMCRH6Vzjl1/,,Instagram,mitaa_apriana,Masak semoga kamu gak pernah kenak musibah yaaaa 🔥🔥,2026-09-17T17:15:25.000Z,,,,
https://www.instagram.com/p/DMCRH6Vzjl1/,,Instagram,tahilalatcomx,WKWKWKWKWK MASI LANJUT JIRRR,2026-09-17T17:13:49.000Z,,,,
https://www.instagram.com/p/DMCRH6Vzjl1/,,Instagram,ardi_ansyh78,"Mba maudy mau lanjut beasiswa kh, ni ada ponakan saya baru lulus PAUD nanti dia yg ngajarin 😂",2026-09-17T17:12:58.000Z,,,,
https://www.instagram.com/p/DMCRH6Vzjl1/,,Instagram,daracsari,ga respect sama sekali ama ni orang,2026-09-17T17:12:57.000Z,,,,
https://www.instagram.com/p/DMCRH6Vzjl1/,,Instagram,fernando_id_plg,Tidak memiliki empati terhadap sesama manusia,2026-09-17T17:07:26.000Z,,,,
https://www.instagram.com/p/DMCRH6Vzjl1/,,Instagram,bat.449802,,2026-09-17T17:01:45.000Z,,,,
https://www.instagram.com/p/DMCRH6Vzjl1/,,Instagram,sobirinalfariziee_,Mba maudi keknya gapernah turun langsung ke lapangan nih,2026-09-17T16:52:50.000Z,,,,
https://www.instagram.com/p/DMCRH6Vzjl1/,,Instagram,thulip_2020,Berani nga ya dia balikin semua biaya LPDP ke pemerintah?,2026-09-17T16:49:47.000Z,,,,
https://www.instagram.com/p/DMCRH6Vzjl1/,,Instagram,asfaraaa_,🗿🗿🗿🗿🗿🗿,2026-09-17T16:49:36.000Z,,,,
https://www.instagram.com/p/DMCRH6Vzjl1/,,Instagram,mellaaml14,💔,2026-09-17T16:49:26.000Z,,,,
https://www.instagram.com/p/DMCRH6Vzjl1/,,Instagram,inc.aan,Lpdp lagi berulah👏,2026-09-17T16:47:40.000Z,,,,
https://www.instagram.com/p/DMCRH6Vzjl1/,,Instagram,_another_choice,,2026-09-17T16:46:13.000Z,,,,
https://www.instagram.com/p/DMCRH6Vzjl1/,,Instagram,alpinpratama,"Stop dong ngehujat maudy, setiap org itu ada lebih ada kurangnya, mungkin dia di lebihkan di otak tapi ga dilebihkan di hati nurani.. gws ya modyy 😩💔",2026-09-17T16:42:08.000Z,,,,
https://www.instagram.com/p/DMCRH6Vzjl1/,,Instagram,femmmita.priscillia,Mindfullness tai anjing KONNNTTTOLLLLL,2026-09-17T16:40:43.000Z,,,,
https://www.instagram.com/p/DMCRH6Vzjl1/,,Instagram,salsabilla.aml,"SHAME ON YOU! GA PUNYA EMPATI
Begaul sono ama @claurakiehl biar minimal punya empati dikit",2026-09-17T16:38:44.000Z,,,,
https://www.instagram.com/p/DMCRH6Vzjl1/,,Instagram,shandyhima,Lidah sok Inggris tapi otak Uganda,2026-09-17T16:37:24.000Z,,,,
https://www.instagram.com/p/DMCRH6Vzjl1/,,Instagram,razreww,"Fyi, komen"" kalian ini adalah salah satu objek yang akan di-mindfullnesskan dia akwoakwoawkoakwoakwoaw",2026-09-17T16:35:33.000Z,,,,
https://www.instagram.com/p/DMCRH6Vzjl1/,,Instagram,sugengartico,Cantik pinter bukan perarti bisa punya empati karena empati harus dirasakan,2026-09-17T16:34:33.000Z,,,,
https://www.instagram.com/p/DMCRH6Vzjl1/,,Instagram,_nndryy88,"Lancang baru stelan, minim empati jangan taruh dibawah telapak 🦶 . KAMU ITU TDK PANTAS PUKUL DADA BCRA TINGGI, MAIN” KE KALIMANTAN DAN DAERAH” YG TERDAMPAK MBAK SPYA KO PARU” RASA” ASAP ITU. KO TRLLU TAUCANG BARU LUPA PAKAI BRAIN UTK BERPIKIR SBLM BERBCRA😂😂",2026-09-17T16:33:16.000Z,,,,
https://www.instagram.com/p/DMCRH6Vzjl1/,,Instagram,lebeexzz,Freak ass,2026-09-17T16:24:09.000Z,,,,
https://www.instagram.com/p/DMCRH6Vzjl1/,,Instagram,cciespie,"Lu ngga malu udh pake dana lpdp? Udah lulus ngga tau terima kasih, cihhh",2026-09-17T16:23:44.000Z,,,,
https://www.instagram.com/p/DMCRH6Vzjl1/,,Instagram,msarp707,@maudyayunda shame on u,2026-09-17T16:21:39.000Z,,,,
https://www.instagram.com/p/DMCRH6Vzjl1/,,Instagram,ruliyunnny,Love you @maudyayunda ❤️❤️❤️,2026-09-17T16:20:59.000Z,,,,
https://www.instagram.com/p/DMCRH6Vzjl1/,,Instagram,ana_khalif16,"Pendidikan mu hasil dr pajak org2 yg kau hina,bangga pula,,kirain keluar negri kuliah bisa bermamfaat ilmu nya buat org byk terutama buat kamu kelas bawah,,ternyata zonk 💩💩💩",2026-09-17T16:20:17.000Z,,,,
https://www.instagram.com/p/DMCRH6Vzjl1/,,Instagram,ririaff_,Dia tuh kaya book smart tapi untuk pengalaman emosional tuh kosong,2026-09-17T16:20:07.000Z,,,,
https://www.instagram.com/p/DMCRH6Vzjl1/,,Instagram,lauraherlinaa,Perspektif orang yang hidup damai gak akan pernah sama dengan korban perang,2026-09-17T16:19:09.000Z,,,,
https://www.instagram.com/p/DMCRH6Vzjl1/,,Instagram,ehnov_,,2026-09-17T16:16:56.000Z,,,,
https://www.instagram.com/p/DMCRH6Vzjl1/,,Instagram,lhiaaris,Pendidikan tinggi tidak diimbangi dengan empati yang tinggi 😢,2026-09-17T16:15:40.000Z,,,,
https://www.instagram.com/p/DMCRH6Vzjl1/,,Instagram,pikacyl,"Cantik, pinter, talented, kaya, hidup serba perfect, ga pernah ngerasin penderitaan, everything is handed over, akibatnya empatinya tidak pernah terasah 😢",2026-09-17T16:14:44.000Z,,,,
https://www.instagram.com/p/DMCRH6Vzjl1/,,Instagram,spacemind____,"Gue ga nntn konten ente kepanjangan got no time, tapi gue kasih pandangan psikologis knp lu di bully ya. Ketimpangan semakin tinggi, harus diakui menengah kebawah yg mayoritas benci sama kaum borjuis / orang kaya. Dizaman susah ini we don’t need a rich kid to put word in our mouth how to adapt in this mafia country. Makanya memang kalo kaya ga usah caper2 bikin konten memoles pencitraan intelek, cukup bilin konten flexing, yg ironisnya lebih menghibur kaum miskin",2026-09-17T16:09:24.000Z,,,,
https://www.instagram.com/p/DMCRH6Vzjl1/,,Instagram,whyu_raa,Kak maud kmu baca komen gak sih?,2026-09-17T16:07:27.000Z,,,,
https://www.instagram.com/p/DMCRH6Vzjl1/,,Instagram,mu_ia21,Orang kaya dapat LPDP = DPR masuk desil 1-4 dapat bansos. 😂,2026-09-17T16:07:09.000Z,,,,
https://www.instagram.com/p/DMCRH6Vzjl1/,,Instagram,9n.harly,💗💗,2026-09-17T16:03:44.000Z,,,,
https://www.instagram.com/p/DMCRH6Vzjl1/,,Instagram,saputraaldo32793,"Sayang,saya masih di rumah, utamakan kesehatan kamu,dan usahakan komsusi makanan empat kali dalam sehari, supaya anak saya bisa sehat di dalam kandungan kamu,dan sampaikan juga sama anak saya, suruh dia komsusi makanan tiga kali atau empat kali dalam sehari, supaya dia sehat.",2026-09-17T16:02:42.000Z,,,,
https://www.instagram.com/p/DMCRH6Vzjl1/,,Instagram,yunasamaris,Ada pepatah kuno yg mengatakan : Tong kosong nyaring bunyi nya,2026-09-17T16:02:35.000Z,,,,
https://www.instagram.com/p/DMCRH6Vzjl1/,,Instagram,stupkido_,nirempati?,2026-09-17T16:01:14.000Z,,,,
https://www.instagram.com/p/DMCRH6Vzjl1/,,Instagram,cindyarsheilla,pfftttt blunder,2026-09-17T15:58:08.000Z,,,,
https://www.instagram.com/p/DMCRH6Vzjl1/,,Instagram,hevanseung,,2026-09-17T15:56:51.000Z,,,,
https://www.instagram.com/p/DMCRH6Vzjl1/,,Instagram,egymhrm,"Situmah enak, kitalah ini pikirin rin, LPDP mau nentang orang orang yang dipaksa buat bayarin lu kuliah",2026-09-17T15:56:32.000Z,,,,
https://www.instagram.com/p/DMCRH6Vzjl1/,,Instagram,vitasovia,di hujat tidak tumbang,2026-09-17T15:54:52.000Z,,,,
https://www.instagram.com/p/DMCRH6Vzjl1/,,Instagram,sunnyaidos,"lagian ngapain sih kalian ngefans sama org kaya??? kayak mereka bantuin hidup klean aja, justru dia hidup dari org2 kayak kalian yg gampang ngefans sm org pdahal gak berkontribusi apa2 ni org, kalopun dia berkontribusi wajar ya gengs in the first place dia berkelebihan. Karena dia suka belajar kah kalian ngefans??? coy org yg hidupnya udh kayak dia emg mau ngapain lagi kalo gak belajar??? kalo kita baru cari duit bertahan hidup inget sesama, dia mah cuma bisa baca buku, nih maudy api buat looooo🔥🔥🔥🔥🔥",2026-09-17T15:54:52.000Z,,,,
https://www.instagram.com/p/DMCRH6Vzjl1/,,Instagram,prassetyo_tyo,"Besok bikin perahunya pake bahan yang bagus, jangan kertas. Biar bisa mengarungi kerasnya samudera untuk beli empati.",2026-09-17T15:54:47.000Z,,,,
https://www.instagram.com/p/DMCRH6Vzjl1/,,Instagram,faatiimaahnr,"Maudy, klo km jadi korban kayaknya ga bakal deh km bikin konten kaya gitu",2026-09-17T15:54:22.000Z,,,,
https://www.instagram.com/p/DMCRH6Vzjl1/,,Instagram,moonwalkin23,,2026-09-17T15:51:08.000Z,,,,
https://www.instagram.com/p/DMCRH6Vzjl1/,,Instagram,nurhutami17,Bad news di indonesia bikin lu bad mood kah?,2026-09-17T15:50:20.000Z,,,,
https://www.instagram.com/p/DMCRH6Vzjl1/,,Instagram,thereisomethinginhere,CANCEL,2026-09-17T15:49:21.000Z,,,,
https://www.instagram.com/p/DMCRH6Vzjl1/,,Instagram,yu_mishaa,Buset kemaren komennya baru 10rb an skrg udh 21rb😭,2026-09-17T15:49:10.000Z,,,,
https://www.instagram.com/p/DMCRH6Vzjl1/,,Instagram,yongcihuy,"Jangan terlalu mengagungkan dan mengidolakan manusia, karena dari zaman dulu bila manusia di idolakan pasti bakal berasa benar pendapatnya dan harus diterima, contohnya mbak mbak ini.",2026-09-17T15:48:54.000Z,,,,
https://www.instagram.com/p/DMCRH6Vzjl1/,,Instagram,siapaaku_akuica,"Berangkat sini ke Kalimantan! Biar kmu ngerasain cukup dengan berdiam diri aja mata udah perih gegara asap kebakaran. Gimana ga dirujak klo ngomongnya gitu coba. Kalo ga bisa melakukan sesuatu untuk para korban, mending diem deh sekalian. Mo dihindarin kek gimana juga tidak bisa menghilangkan fakta klo terjadi musibah.",2026-09-17T15:47:51.000Z,,,,
https://www.instagram.com/p/DMCRH6Vzjl1/,,Instagram,hendragard,Guys ada kejadian yang lebih parah: kekerasan.  Disebuah mall @senayancityjkt 👎👎Pengunjung perempuan ditendang oleh pengunjung laki-laki di foodcourt.  Tapi pihak mall @senayancityjkt malah meneror korban supaya gak melapor 👎👎. @maudyayunda stay strong ya 💪. Saya mau mengawal kasus @senayancityjkt 👎👎 dulu.,2026-09-17T15:45:10.000Z,,,,
https://www.instagram.com/p/DMCRH6Vzjl1/,,Instagram,alwan.chan,Hidup GK semudah cocotnya motivator,2026-09-17T15:44:46.000Z,,,,
https://www.instagram.com/p/DMCRH6Vzjl1/,,Instagram,nurcahyapujaalam_,,2026-09-17T15:42:37.000Z,,,,
https://www.instagram.com/p/DMCRH6Vzjl1/,,Instagram,jhon_chen_indo,"Malu akh katanya artis  bnyk duit ortu kaya tpi Eks MahSiswa LPDP😂😂,,Itu kyk beras  Raskin sama penerima PKH,,Dan BLT,,,Yg tdk mampu tapi anaknya pintar,,Makan kouta Org ja",2026-09-17T15:42:27.000Z,,,,
https://www.instagram.com/p/DMCRH6Vzjl1/,,Instagram,nanarica55,Biad,2026-09-17T15:41:41.000Z,,,,
https://www.instagram.com/p/DMCRH6Vzjl1/,,Instagram,zhain_msd,,2026-09-17T15:41:10.000Z,,,,
https://www.instagram.com/p/DMCRH6Vzjl1/,,Instagram,melawati3299,Gimanaa rasanya mood di bully netijeeen se indonesia rayahh kalo di korea luh tuh udh kena cancel culture🤣,2026-09-17T15:40:13.000Z,,,,
https://www.instagram.com/p/DMCRH6Vzjl1/,,Instagram,rofikmuhammad,"Hidup orang ga semuanya enak nyaman berkecukupan seperti anda, yang dari lahir sampe segede itu ga pernah susah. Ya memang susah ngertiin orang yang di bawah.",2026-09-17T15:39:05.000Z,,,,
https://www.instagram.com/p/DMCRH6Vzjl1/,,Instagram,ida_norh,Bayangkan kami di Kalimantan yg ngerasain trus sakit kena asap tiap hari .... Kalau ga bisa berempati setidaknya diam,2026-09-17T15:38:27.000Z,,,,
https://www.instagram.com/p/DMCRH6Vzjl1/,,Instagram,fera58135,Muka panjang..,2026-09-17T15:38:19.000Z,,,,
https://www.instagram.com/p/DMCRH6Vzjl1/,,Instagram,bukan_artis0809,"padahl gw idola bgt ma lu yg asik tapi empati lu bs kurang..
bener adab emng hrs diatas ilmu!!!!
unfoll",2026-09-17T15:37:52.000Z,,,,
https://www.instagram.com/p/DMCRH6Vzjl1/,,Instagram,kannoxx001,Se-Asia tenggara harus bully si duta tone deaf ini sih,2026-09-17T15:35:17.000Z,,,,
https://www.instagram.com/p/DMCRH6Vzjl1/,,Instagram,fauzanese_,"maudy tidur, besok makan 3 tlor lg",2026-09-17T15:35:14.000Z,,,,
https://www.instagram.com/p/DMCRH6Vzjl1/,,Instagram,hanz_rosihan,Duta tone deaf,2026-09-17T15:31:13.000Z,,,,
https://www.instagram.com/p/DMCRH6Vzjl1/,,Instagram,silmiluthfia,https://www.bps.org.uk/psychologist/mindfulness-psychology-breath-fresh-air,2026-09-17T15:30:40.000Z,,,,
https://www.instagram.com/p/DMCRH6Vzjl1/,,Instagram,riskiebrowning_,dan bener. buka kolom komen langsung isinya 🔥🔥🔥wkwkkk burned,2026-09-17T15:23:08.000Z,,,,
https://www.instagram.com/p/DMCRH6Vzjl1/,,Instagram,mudhiaokt,Masih rame aya woy 😂,2026-09-17T15:23:07.000Z,,,,
https://www.instagram.com/p/DMCRH6Vzjl1/,,Instagram,alvares_talalab,Orang yang berempati adalah orang yang sama hidup dan merasakan dengan para rakyat,2026-09-17T15:21:47.000Z,,,,
https://www.instagram.com/p/DMCRH6Vzjl1/,,Instagram,so_birin29,Gak usah sok sok an mindfulness deh klo lu belum pernah denger bunyi token listrik jam 2 malem 😂,2026-09-17T15:20:04.000Z,,,,
https://www.instagram.com/p/DMCRH6Vzjl1/,,Instagram,mega_beauty_care,Pintarmu jangan membuat kamu lupa diri dan jangan buat dirimu tidak berempati kepada keadaan negri ini😢,2026-09-17T15:10:44.000Z,,,,
https://www.instagram.com/p/DMCRH6Vzjl1/,,Instagram,candr.a_pp,,2026-09-17T15:04:20.000Z,,,,
https://www.instagram.com/p/DMCRH6Vzjl1/,,Instagram,ida_rosdiana897,Done unfollow 🤪,2026-09-17T15:03:30.000Z,,,,
https://www.instagram.com/p/DMCRH6Vzjl1/,,Instagram,wongaryy,Sedikit tapi berisik,2026-09-17T15:02:58.000Z,,,,
https://www.instagram.com/p/DMCRH6Vzjl1/,,Instagram,elleinvue,duhh blunder,2026-09-17T14:58:25.000Z,,,,
https://www.instagram.com/p/DMCRH6Vzjl1/,,Instagram,cimjaeyunn,@maudyayunda MALU GA SIH LPDP PAKE UANG RAKYAT PDHL LU ORANG HAVE,2026-09-17T14:56:24.000Z,,,,
https://www.instagram.com/p/DMCRH6Vzjl1/,,Instagram,kakaknyanobita,"Komen gw gak usah di hide, nih gw komen sekali lg.

Lu sekolah dari beasiswa yang kita bayar dalam bentuk pajak. So, jadi gak usah sok sokan overwhelmed lah, apa lah. Better you shut up.

Sekolah tinggi gw kira berdampingan dengan tingginya empati lu atas semua hal buruk yang sedang terjadi, ternyata no. Kita juga gak mau semua hal itu terjadi asal lu tau.

Inget, gelar lu ada karena karena lu sekolah, tinggal dan makan dari duit kita yang kita bayarkan dalam bentuk pajak.",2026-09-17T14:56:14.000Z,,,,
https://www.instagram.com/p/DMCRH6Vzjl1/,,Instagram,_mireii10,CUIHHHHHHHHHHH🤮🤮🤮🤮🤮🤮🤮🤮🤮🤮🤮🤮🤮,2026-09-17T14:55:07.000Z,,,,
https://www.instagram.com/p/DMCRH6Vzjl1/,,Instagram,renol_van_hofe17,Pinter doank gak jamin etika orang bagus ya gaes ya,2026-09-17T14:54:17.000Z,,,,
https://www.instagram.com/p/DMCRH6Vzjl1/,,Instagram,anangg.06,Kesulitan kita cuman dianggap perusak mood bagi dia yaa,2026-09-17T14:53:18.000Z,,,,
https://www.instagram.com/p/DMCRH6Vzjl1/,,Instagram,__djssilva,netizen klo gasuka segasuka it jir 😭😭,2026-09-17T14:52:58.000Z,,,,
https://www.instagram.com/p/DMCRH6Vzjl1/,,Instagram,anangg.06,,2026-09-17T14:50:54.000Z,,,,
https://www.instagram.com/p/DMCRH6Vzjl1/,,Instagram,nengliamustika_,"Done, unfoll!",2026-09-17T14:43:15.000Z,,,,
https://www.instagram.com/p/DMCRH6Vzjl1/,,Instagram,__anisskusuma,unfollow ya ka sorry,2026-09-17T14:42:32.000Z,,,,
https://www.instagram.com/p/DMCRH6Vzjl1/,,Instagram,nengliamustika_,"sumpaaaa, parrraaaaahh siiii",2026-09-17T14:42:27.000Z,,,,
https://www.instagram.com/p/DMCRH6Vzjl1/,,Instagram,wherewavesmeet.id,Akhirnya tutup mulut 🔥😂,2026-09-17T14:41:28.000Z,,,,
https://www.instagram.com/p/DMCRH6Vzjl1/,,Instagram,wahyutoyotabandung,DUTA TONE DEAF INDONESIA,2026-09-17T14:39:53.000Z,,,,
https://www.instagram.com/p/DMCRH6Vzjl1/,,Instagram,novtaasari_,unfoll guys,2026-09-17T14:38:49.000Z,,,,
https://www.instagram.com/p/DMCRH6Vzjl1/,,Instagram,trimayasarinike,Sorry mod gua unfollow,2026-09-17T14:35:59.000Z,,,,
https://www.instagram.com/p/DMCRH6Vzjl1/,,Instagram,ishak_maulana07,Ingat mbak uang yang kau untuk biaya kuliah di luar negri itu dari pajak rakyat jadi jangan sombong kau,2026-09-17T14:34:15.000Z,,,,
https://www.instagram.com/p/DMCRH6Vzjl1/,,Instagram,senpaimory,Suara anjing lebih baik di dengar daripada suara hama anjing kek lu,2026-09-17T14:33:45.000Z,,,,
https://www.instagram.com/p/DMCRH6Vzjl1/,,Instagram,ulfaaaa205,Pick me,2026-09-17T14:33:23.000Z,,,,
https://www.instagram.com/p/DMCRH6Vzjl1/,,Instagram,m.chsni,"dia hanya mendengar berita buruknya, sedangkan kita hidup dalam berita buruknya 😢",2026-09-17T14:32:03.000Z,,,,
https://www.instagram.com/p/DMCRH6Vzjl1/,,Instagram,two_faces_queen,"saya prihatin karena anda cuma memiliki kepala tanpa OTAK, tubuh tanpa JIWA dan hati tanpa EMPATI.. SIA-SIA udahlah kembaliin aja pada sang pemiliknya.. Tuhan Yang Maha Esa 😡😡😡",2026-09-17T14:31:11.000Z,,,,
https://www.instagram.com/p/DMCRH6Vzjl1/,,Instagram,nanda_setiawan,"Selain tone deaf itu bulu hidungnya keliatan mba, ternyata mbaknya memang gabisa ngatur mana yang pantes diupload sama engga gess 🥲",2026-09-17T14:26:35.000Z,,,,
https://www.instagram.com/p/DMCRH6Vzjl1/,,Instagram,deswaraden,hama,2026-09-17T14:24:14.000Z,,,,
https://www.instagram.com/p/DMCRH6Vzjl1/,,Instagram,jefrileonardo_belalang_ds,😂😂😂😂😂 unfolll,2026-09-17T14:23:27.000Z,,,,
https://www.instagram.com/p/DMCRH6Vzjl1/,,Instagram,m.chsni,aduh maudi kalo diem cantik loh padahal,2026-09-17T14:23:14.000Z,,,,
https://www.instagram.com/p/DMCRH6Vzjl1/,,Instagram,leapu_t,SEKOLAH MASIH BEASISWA KAGA TAU APA ANJ TU DUIDNY DARI RAKYAT TAPI MALAH MENJILAD BIAR JADI KOMISARIS?,2026-09-17T14:22:58.000Z,,,,
https://www.instagram.com/p/DMCRH6Vzjl1/,,Instagram,leapu_t,SEKOLAH MASIH BEASISWA KAGA TAU APA ANJ TU DUIDNY DARI RAKYAT TAPI MALAH MENJILAD BIAR JADI KOMISARIS?,2026-09-17T14:22:56.000Z,,,,
https://www.instagram.com/p/DMCRH6Vzjl1/,,Instagram,leapu_t,SEKOLAH MASIH BEASISWA KAGA TAU APA ANJ TU DUIDNY DARI RAKYAT TAPI MALAH MENJILAD BIAR JADI KOMISARIS?,2026-09-17T14:22:54.000Z,,,,
https://www.instagram.com/p/DMCRH6Vzjl1/,,Instagram,leapu_t,SEKOLAH MASIH BEASISWA KAGA TAU APA ANJ TU DUIDNY DARI RAKYAT TAPI MALAH MENJILAD BIAR JADI KOMISARIS?,2026-09-17T14:22:52.000Z,,,,
https://www.instagram.com/p/DMCRH6Vzjl1/,,Instagram,leapu_t,SEKOLAH MASIH BEASISWA KAGA TAU APA ANJ TU DUIDNY DARI RAKYAT TAPI MALAH MENJILAD BIAR JADI KOMISARIS?,2026-09-17T14:22:50.000Z,,,,
https://www.instagram.com/p/DMCRH6Vzjl1/,,Instagram,leapu_t,SEKOLAH MASIH BEASISWA KAGA TAU APA ANJ TU DUIDNY DARI RAKYAT TAPI MALAH MENJILAD BIAR JADI KOMISARIS?,2026-09-17T14:22:43.000Z,,,,
https://www.instagram.com/p/DMCRH6Vzjl1/,,Instagram,leapu_t,SEKOLAH MASIH BEASISWA KAGA TAU APA ANJ TU DUIDNY DARI RAKYAT TAPI MALAH MENJILAD BIAR JADI KOMISARIS?,2026-09-17T14:22:40.000Z,,,,
https://www.instagram.com/p/DMCRH6Vzjl1/,,Instagram,leapu_t,MALU ANJ MULUTMU SEKOLH TINGGI TINGGI JADI PENJILAD HAHAHAHA,2026-09-17T14:17:51.000Z,,,,
https://www.instagram.com/p/DMCRH6Vzjl1/,,Instagram,leapu_t,MALU ANJ MULUTMU SEKOLH TINGGI TINGGI JADI PENJILAD HAHAHAHA,2026-09-17T14:17:49.000Z,,,,
https://www.instagram.com/p/DMCRH6Vzjl1/,,Instagram,leapu_t,MALU ANJ MULUTMU SEKOLH TINGGI TINGGI JADI PENJILAD HAHAHAHA,2026-09-17T14:17:47.000Z,,,,
https://www.instagram.com/p/DMCRH6Vzjl1/,,Instagram,leapu_t,MALU ANJ MULUTMU SEKOLH TINGGI TINGGI JADI PENJILAD HAHAHAHA,2026-09-17T14:17:46.000Z,,,,
https://www.instagram.com/p/DMCRH6Vzjl1/,,Instagram,leapu_t,MALU ANJ MULUTMU SEKOLH TINGGI TINGGI JADI PENJILAD HAHAHAHA,2026-09-17T14:17:44.000Z,,,,
https://www.instagram.com/p/DMCRH6Vzjl1/,,Instagram,leapu_t,MALU ANJ MULUTMU SEKOLH TINGGI TINGGI JADI PENJILAD HAHAHAHA,2026-09-17T14:17:42.000Z,,,,
https://www.instagram.com/p/DMCRH6Vzjl1/,,Instagram,leapu_t,MALU ANJ MULUTMU SEKOLH TINGGI TINGGI JADI PENJILAD HAHAHAHA,2026-09-17T14:17:41.000Z,,,,
https://www.instagram.com/p/DMCRH6Vzjl1/,,Instagram,leapu_t,MALU ANJ MULUTMU SEKOLH TINGGI TINGGI JADI PENJILAD HAHAHAHA,2026-09-17T14:17:39.000Z,,,,
https://www.instagram.com/p/DMCRH6Vzjl1/,,Instagram,leapu_t,MALU ANJ MULUTMU SEKOLH TINGGI TINGGI JADI PENJILAD HAHAHAHA,2026-09-17T14:17:37.000Z,,,,
https://www.instagram.com/p/DMCRH6Vzjl1/,,Instagram,leapu_t,MALU ANJ MULUTMU SEKOLH TINGGI TINGGI JADI PENJILAD HAHAHAHA,2026-09-17T14:17:35.000Z,,,,
https://www.instagram.com/p/DMCRH6Vzjl1/,,Instagram,leapu_t,MALU ANJ MULUTMU SEKOLH TINGGI TINGGI JADI PENJILAD HAHAHAHA,2026-09-17T14:17:33.000Z,,,,
https://www.instagram.com/p/DMCRH6Vzjl1/,,Instagram,leapu_t,MALU ANJ MULUTMU SEKOLH TINGGI TINGGI JADI PENJILAD HAHAHAHA,2026-09-17T14:17:32.000Z,,,,
https://www.instagram.com/p/DMCRH6Vzjl1/,,Instagram,leapu_t,MALU ANJ MULUTMU SEKOLH TINGGI TINGGI JADI PENJILAD HAHAHAHA😭,2026-09-17T14:17:30.000Z,,,,
https://www.instagram.com/p/DMCRH6Vzjl1/,,Instagram,leapu_t,MALU ANJ MULUTMU SEKOLH TINGGI TINGGI JADI PENJILAD HAHAHAHA,2026-09-17T14:17:28.000Z,,,,
https://www.instagram.com/p/DMCRH6Vzjl1/,,Instagram,leapu_t,MALU ANJ MULUTMU SEKOLH TINGGI TINGGI JADI PENJILAD HAHAHAHA,2026-09-17T14:17:26.000Z,,,,
https://www.instagram.com/p/DMCRH6Vzjl1/,,Instagram,leapu_t,MALU ANJ MULUTMU SEKOLH TINGGI TINGGI JADI PENJILAD HAHAHAHA,2026-09-17T14:17:24.000Z,,,,
https://www.instagram.com/p/DMCRH6Vzjl1/,,Instagram,leapu_t,MALU ANJ MULUTMU SEKOLH TINGGI TINGGI JADI PENJILAD HAHAHAHA,2026-09-17T14:17:22.000Z,,,,
https://www.instagram.com/p/DMCRH6Vzjl1/,,Instagram,leapu_t,MALU ANJ MULUTMU SEKOLH TINGGI TINGGI JADI PENJILAD HAHAHAHA,2026-09-17T14:17:21.000Z,,,,
https://www.instagram.com/p/DMCRH6Vzjl1/,,Instagram,leapu_t,MALU ANJ MULUTMU SEKOLH TINGGI TINGGI JADI PENJILAD HAHAHAHA,2026-09-17T14:17:19.000Z,,,,
https://www.instagram.com/p/DMCRH6Vzjl1/,,Instagram,leapu_t,MALU ANJ MULUTMU SEKOLH TINGGI TINGGI JADI PENJILAD HAHAHAHA,2026-09-17T14:17:17.000Z,,,,
https://www.instagram.com/p/DMCRH6Vzjl1/,,Instagram,4lfdyy,"saya sudah berulang kali memutar video yang kamu share and ketika saya melihat video itu dan mencoba memahami apa yang di sampaikan, kemudian membandingkannya dengan mayoritas isi komentar, saya mendapat kesimpulan bahwa anda tidak salah menyampaikan itu semua dan tidak ada SEDIKITPUN unsur tone deaf dan tidak berempati dalam video tsb.yang jadi problem adalah kurangnya pemahaman masyarakat kita akan sesuatu  hal yang coba orang lain sampaikan di tambah dengan beberapa orang yang fomo tanpa faham dan tau konteksnya. bcz sometimes, people are just too quick to judge and jump to conclusions, without actually trying to understand the context and the thought behind it. sehingga membuat jari jauh lebih cepat membuat kesimpulan daripada memproses pemikiran and the more i think about it, the more i realize that this is not just about one particular case. ini juga memperjelas bahwa tantangan terbesar bangsa ini bukan cuma korupsi, tapi juga pola pikir masyarakatnya itu sendiri.
we need to learn how to understand before reacting, process before judging, and think before we speak. jadi jangan karena hal seperti ini u jadi kepikiran dan berhenti memberikan impact positif ke orang”, bcz yang kamu liat di kolom komentar sekarang hanya secuil pemikiran dari ratusan juta orang di negeri ini. percayalah masih banyak orang” yang mampu berfikir dan memahami, so happy for u and semoga tuhan memberkati",2026-09-17T14:16:52.000Z,,,,
https://www.instagram.com/p/DMCRH6Vzjl1/,,Instagram,albarafallah_02,Bacot kau,2026-09-17T14:16:42.000Z,,,,
https://www.instagram.com/p/DMCRH6Vzjl1/,,Instagram,leapu_t,MALU ANJ MULUTMU SEKOLH TINGGI TINGGI JADI PENJILAD HAHAHAHA,2026-09-17T14:16:01.000Z,,,,
https://www.instagram.com/p/DMCRH6Vzjl1/,,Instagram,leapu_t,MALU ANJ MULUTMU SEKOLH TINGGI TINGGI JADI PENJILAD HAHAHAHA,2026-09-17T14:15:58.000Z,,,,
https://www.instagram.com/p/DMCRH6Vzjl1/,,Instagram,trianaputri_am,TONE DEAF,2026-09-17T14:15:57.000Z,,,,
https://www.instagram.com/p/DMCRH6Vzjl1/,,Instagram,ken_tulus,mulai fikirin deh mba habis ini mau upload apa😂,2026-09-17T14:15:56.000Z,,,,
https://www.instagram.com/p/DMCRH6Vzjl1/,,Instagram,naufalfhmii_,,2026-09-17T14:15:54.000Z,,,,
https://www.instagram.com/p/DMCRH6Vzjl1/,,Instagram,leapu_t,MALU ANJ MULUTMU SEKOLH TINGGI TINGGI JADI PENJILAD HAHAHAHA,2026-09-17T14:15:53.000Z,,,,
https://www.instagram.com/p/DMCRH6Vzjl1/,,Instagram,leapu_t,MALU ANJ MULUTMU SEKOLH TINGGI TINGGI JADI PENJILAD HAHAHAHA,2026-09-17T14:15:51.000Z,,,,
https://www.instagram.com/p/DMCRH6Vzjl1/,,Instagram,leapu_t,MALU ANJ MULUTMU SEKOLH TINGGI TINGGI JADI PENJILAD HAHAHAHA,2026-09-17T14:15:44.000Z,,,,
https://www.instagram.com/p/DMCRH6Vzjl1/,,Instagram,leapu_t,MALU ANJ MULUTMU SEKOLH TINGGI TINGGI JADI PENJILAD HAHAHAHA,2026-09-17T14:15:41.000Z,,,,
https://www.instagram.com/p/DMCRH6Vzjl1/,,Instagram,leapu_t,MALU ANJ MULUTMU SEKOLH TINGGI TINGGI JADI PENJILAD HAHAHAHA,2026-09-17T14:15:39.000Z,,,,
https://www.instagram.com/p/DMCRH6Vzjl1/,,Instagram,leapu_t,MALU ANJ MULUTMU SEKOLH TINGGI TINGGI JADI PENJILAD HAHAHAHA,2026-09-17T14:15:37.000Z,,,,
https://www.instagram.com/p/DMCRH6Vzjl1/,,Instagram,primemenistr,Mba udah kelamaan hidup enak..,2026-09-17T14:15:37.000Z,,,,
https://www.instagram.com/p/DMCRH6Vzjl1/,,Instagram,leapu_t,MALU ANJ MULUTMU SEKOLH TINGGI TINGGI JADI PENJILAD HAHAHAHA,2026-09-17T14:15:34.000Z,,,,
https://www.instagram.com/p/DMCRH6Vzjl1/,,Instagram,leapu_t,MALU ANJ MULUTMU SEKOLH TINGGI TINGGI JADI PENJILAD HAHAHAHA,2026-09-17T14:15:32.000Z,,,,
https://www.instagram.com/p/DMCRH6Vzjl1/,,Instagram,leapu_t,MALU ANJ MULUTMU SEKOLH TINGGI TINGGI JADI PENJILAD HAHAHAHA,2026-09-17T14:15:29.000Z,,,,
https://www.instagram.com/p/DMCRH6Vzjl1/,,Instagram,leapu_t,MALU ANJ MULUTMU SEKOLH TINGGI TINGGI JADI PENJILAD HAHAHAHA,2026-09-17T14:15:27.000Z,,,,
https://www.instagram.com/p/DMCRH6Vzjl1/,,Instagram,leapu_t,MALU ANJ MULUTMU SEKOLH TINGGI TINGGI JADI PENJILAD HAHAHAHA,2026-09-17T14:15:25.000Z,,,,
https://www.instagram.com/p/DMCRH6Vzjl1/,,Instagram,leapu_t,MALU ANJ MULUTMU SEKOLH TINGGI TINGGI JADI PENJILAD HAHAHAHA,2026-09-17T14:15:23.000Z,,,,
https://www.instagram.com/p/DMCRH6Vzjl1/,,Instagram,dj_enjiro,PAOK,2026-09-17T14:14:58.000Z,,,,
https://www.instagram.com/p/DMCRH6Vzjl1/,,Instagram,rachelianrst,maudy maudy,2026-09-17T14:14:27.000Z,,,,
https://www.instagram.com/p/DMCRH6Vzjl1/,,Instagram,tsylbs16_,"Kak,pernah rasain jualan es kacang ijo dan kerupuk opak ga semasa sd?,pernah dibully karna ga punya sepeda dayung ga?,pernah dibully dan dibenci karna ga pernah beli tas baru ga?,pernah dipukul sama guru karna ga bayar uang buku yang seharusnya bukan buku wajib ga?,pernah ga kak ngerasain perihnya ga punya peran ayah?,pernah juga ga kak rasain banjir besar dan rumah hancur harta benda ga bersissa??",2026-09-17T14:13:39.000Z,,,,
https://www.instagram.com/p/DMCRH6Vzjl1/,,Instagram,leapu_t,SEKOLAH TINGGI NGA JAMIN KW JADI BAGUS ANJ MULUT MU KEK MN BISA DIJAGA NGA ARTIS BAWAHAN SOK PINTER,2026-09-17T14:12:27.000Z,,,,
https://www.instagram.com/p/DMCRH6Vzjl1/,,Instagram,lesti_nurindah,oh ini Si paling mindfuness,2026-09-17T14:11:48.000Z,,,,
https://www.instagram.com/p/DMCRH6Vzjl1/,,Instagram,rich25214,Akibat bergaul sama orang korea selatan😂😂,2026-09-17T14:11:13.000Z,,,,
https://www.instagram.com/p/DMCRH6Vzjl1/,,Instagram,dumdum_taktak,Si paling mindfullness. Padahal aslinya TONEDEAF!!! cuihhhh. Kuliah pak lpdp kan mpok?? Duit sapa tu yg dipake??,2026-09-17T14:10:42.000Z,,,,
https://www.instagram.com/p/DMCRH6Vzjl1/,,Instagram,galihhrm,stop making stupid people famous,2026-09-17T14:05:01.000Z,,,,
https://www.instagram.com/p/DMCRH6Vzjl1/,,Instagram,sansan.khatamsy,GOBLOKKKKK,2026-09-17T14:04:51.000Z,,,,
https://www.instagram.com/p/DMCRH6Vzjl1/,,Instagram,galihhrm,stop making stupid people famous,2026-09-17T14:04:45.000Z,,,,
https://www.instagram.com/p/DMCRH6Vzjl1/,,Instagram,galihhrm,stop making stupid people famous,2026-09-17T14:04:32.000Z,,,,
https://www.instagram.com/p/DMCRH6Vzjl1/,,Instagram,fenny81r,"Klo belajar dluar negeri please belajar juga ya empati sekitarnya bukan hanya fokus diri sendiri,banyak yg kekurangan,banyak kejadian dan bencana yg terjadi di indonesia,klo tdk bsa empati tlg doa dan semangat utk kita2 bukan bad new dan mindfullnes belajarlah empati paling gak hidup ddunia bisa berbuat baik utk sekitar🔥",2026-09-17T14:01:52.000Z,,,,
https://www.instagram.com/p/DMCRH6Vzjl1/,,Instagram,syadirakptr_,teu nyangka sang maudi,2026-09-17T14:01:27.000Z,,,,
https://www.instagram.com/p/DMCRH6Vzjl1/,,Instagram,anneesagoed,Ya Ampun Koment nya Full BADAKKKKKK 😭😭😭😭😭😭,2026-09-17T13:56:42.000Z,,,,
https://www.instagram.com/p/DMCRH6Vzjl1/,,Instagram,si_silyaw,oh ini orang kaya nya?,2026-09-17T13:56:40.000Z,,,,
https://www.instagram.com/p/DMCRH6Vzjl1/,,Instagram,netydewi27,Baddd news,2026-09-17T13:54:00.000Z,,,,
https://www.instagram.com/p/DMCRH6Vzjl1/,,Instagram,amellya_ame,OHHH INI ORANG YANG GAK PUNYA HATI NURANI ITU????,2026-09-17T13:51:54.000Z,,,,
https://www.instagram.com/p/DMCRH6Vzjl1/,,Instagram,arcaneaesthetics_,Hot news  or Bad News 🤣🤣,2026-09-17T13:50:07.000Z,,,,
https://www.instagram.com/p/DMCRH6Vzjl1/,,Instagram,supitjo,Orang jahat,2026-09-17T13:44:15.000Z,,,,
https://www.instagram.com/p/DMCRH6Vzjl1/,,Instagram,eyungeyungeyung,Nitip ludah,2026-09-17T13:42:06.000Z,,,,
https://www.instagram.com/p/DMCRH6Vzjl1/,,Instagram,rkymul_,Cuihh,2026-09-17T13:40:06.000Z,,,,
https://www.instagram.com/p/DMCRH6Vzjl1/,,Instagram,yoshuasihombing,Ngupi dulu sambil scrolling hate comments ☕️,2026-09-17T13:39:08.000Z,,,,
https://www.instagram.com/p/DMCRH6Vzjl1/,,Instagram,nandaastrid_,Kamu pinter mba tapi kurang empati 👎,2026-09-17T13:38:54.000Z,,,,
https://www.instagram.com/p/DMCRH6Vzjl1/,,Instagram,gitariscilik,report masal aja ga sih??? biar opini jelek dia ga berkeliaran lagi,2026-09-17T13:37:59.000Z,,,,
https://www.instagram.com/p/DMCRH6Vzjl1/,,Instagram,bagas_saputraa_27,"@maudyayunda 𝘴𝘪𝘯𝘪 𝘭𝘶 𝘬𝘦 𝘬𝘢𝘭𝘪𝘮𝘢𝘯𝘵𝘢𝘯 𝘣𝘦𝘳𝘪𝘴𝘪𝘬 𝘣𝘢𝘯𝘨𝘦𝘵 𝘭𝘶,,, 𝘢𝘱𝘢 𝘭𝘶 𝘬𝘶𝘢𝘵 𝘴𝘢𝘮𝘢 𝘬𝘢𝘣𝘶𝘵 𝘢𝘴𝘢𝘱 𝘬𝘦𝘣𝘢𝘬𝘢𝘳𝘢𝘯 𝘬𝘢𝘳𝘩𝘶𝘵𝘭𝘢 𝘥𝘪 𝘬𝘢𝘭𝘪𝘮𝘢𝘯𝘵𝘢𝘯. 𝘗𝘢𝘭𝘪𝘯𝘨 𝘣𝘭𝘮 𝘴𝘢𝘮𝘱𝘦 5 𝘮𝘦𝘯𝘪𝘵 𝘥𝘢𝘩 𝘦𝘯𝘨𝘢𝘱 𝘭𝘶 @maudyayunda",2026-09-17T13:37:57.000Z,,,,
https://www.instagram.com/p/DMCRH6Vzjl1/,,Instagram,dwianameida,LPDP pake uang pajak rakyat lho… saudara2 kita yg kena musibah jg bayar pajak,2026-09-17T13:36:51.000Z,,,,
https://www.instagram.com/p/DMCRH6Vzjl1/,,Instagram,cacicu.ceceee,"dulu aku ngefans banget, tp setelah video mindfulness, sorry to say ka, nirempati.",2026-09-17T13:35:33.000Z,,,,
https://www.instagram.com/p/DMCRH6Vzjl1/,,Instagram,fllooellaa,SDM indonesia mulai bersabda di kolom komentar,2026-09-17T13:33:47.000Z,,,,
https://www.instagram.com/p/DMCRH6Vzjl1/,,Instagram,engenehvvan,,2026-09-17T13:33:29.000Z,,,,
https://www.instagram.com/p/DMCRH6Vzjl1/,,Instagram,nirmalahapsari,"HIDUP BUITENZORGY ON THREADS. ""Maudy, yg kamu lakuin itu jahat. Minimal, stupid."" 🤣🤣🤣",2026-09-17T13:30:50.000Z,,,,
https://www.instagram.com/p/DMCRH6Vzjl1/,,Instagram,kuasa_kristus,Tuhan Yesus memberkati kak @maudyayunda selalu ya🙏🙏,2026-09-17T13:29:03.000Z,,,,
https://www.instagram.com/p/DMCRH6Vzjl1/,,Instagram,mariamagdalena.indarti,Ternyata..,2026-09-17T13:27:53.000Z,,,,
https://www.instagram.com/p/DMCRH6Vzjl1/,,Instagram,engenehvvan,"semangat maudy, kamu sendirian 🔥😍",2026-09-17T13:27:35.000Z,,,,
https://www.instagram.com/p/DMCRH6Vzjl1/,,Instagram,misterrri,Sok cantik 😭,2026-09-17T13:27:23.000Z,,,,
https://www.instagram.com/p/DMCRH6Vzjl1/,,Instagram,moodiesseo,ga napak tanah,2026-09-17T13:26:32.000Z,,,,
https://www.instagram.com/p/DMCRH6Vzjl1/,,Instagram,arifwidiatmoko09,Pov cht global : -1 tank 🗿,2026-09-17T13:25:43.000Z,,,,
https://www.instagram.com/p/DMCRH6Vzjl1/,,Instagram,agh._.nia,Kamu itu antara bodoh atau jahat? Atau mungkin keduanya😢,2026-09-17T13:22:24.000Z,,,,
https://www.instagram.com/p/DMCRH6Vzjl1/,,Instagram,setyorini_suherminto,👎,2026-09-17T13:21:05.000Z,,,,
https://www.instagram.com/p/DMCRH6Vzjl1/,,Instagram,fikaradityab,Adab dulu baru ilmu,2026-09-17T13:20:00.000Z,,,,
https://www.instagram.com/p/DMCRH6Vzjl1/,,Instagram,__hxmid,Pendidikan tinggi ga menjamin,2026-09-17T13:19:38.000Z,,,,
https://www.instagram.com/p/DMCRH6Vzjl1/,,Instagram,bijikatapel,Orang brengsek tidak akan paham rasa menjadi orang miskin.,2026-09-17T13:12:29.000Z,,,,
https://www.instagram.com/p/DMCRH6Vzjl1/,,Instagram,scentamoon,Dari dulu emang udah tone deaf yaa wkwkwk.,2026-09-17T13:12:22.000Z,,,,
https://www.instagram.com/p/DMCRH6Vzjl1/,,Instagram,wibowofatriafn,Login,2026-09-17T13:11:14.000Z,,,,
https://www.instagram.com/p/DMCRH6Vzjl1/,,Instagram,iamdewagung,Cobain antri minyak 2 jam,2026-09-17T13:11:11.000Z,,,,
https://www.instagram.com/p/DMCRH6Vzjl1/,,Instagram,galihseptadi,Semangatttt kak!!!,2026-09-17T13:11:01.000Z,,,,
https://www.instagram.com/p/DMCRH6Vzjl1/,,Instagram,wherewavesmeet.id,Very disgusting woman 🤮,2026-09-17T13:10:55.000Z,,,,
https://www.instagram.com/p/DMCRH6Vzjl1/,,Instagram,risyalalala92,Sumpah gk nyangka bnget dia ngomong kya gtu,2026-09-17T13:10:20.000Z,,,,
https://www.instagram.com/p/DMCRH6Vzjl1/,,Instagram,okonomiyaki_guy,EQ lo rendah,2026-09-17T13:07:19.000Z,,,,
https://www.instagram.com/p/DMCRH6Vzjl1/,,Instagram,zainizola_mz,"Kata y s1 amrik  kok gini wk Mka y trun ke Iokasi biar tau ,  statment kok  bobrok  hedehh ,,",2026-09-17T13:02:50.000Z,,,,
https://www.instagram.com/p/DMCRH6Vzjl1/,,Instagram,silkydawgyz,"kau tu memang pintar, tapi jangan terlalu kepintaran jdi orang",2026-09-17T13:01:58.000Z,,,,
https://www.instagram.com/p/DMCRH6Vzjl1/,,Instagram,hatiku_selembardaun,Your career is dead maudy,2026-09-17T13:01:21.000Z,,,,
https://www.instagram.com/p/DMCRH6Vzjl1/,,Instagram,aalthaaf_30,"Sangat disayangkan, kepintaran akademik rasanya kurang lengkap jika tidak dibersamai dengan empati terhadap realitas pahit yang dihadapi masyarakat kecil saat ini",2026-09-17T13:01:02.000Z,,,,
https://www.instagram.com/p/DMCRH6Vzjl1/,,Instagram,wherewavesmeet.id,Nggak mungkin dia nggak ngecek Instagram.  Pasti dia lagi nangis di pojokan sambil pura-pura nggak baca komentar.,2026-09-17T12:57:33.000Z,,,,
https://www.instagram.com/p/DMCRH6Vzjl1/,,Instagram,hadk_10,Hidup Jokowi,2026-09-17T12:57:22.000Z,,,,
https://www.instagram.com/p/DMCRH6Vzjl1/,,Instagram,jak.0912,"Hidup lu udh tenang, cukup diem aja.. Gk usah jadiin ketenangan lu itu buat mematikan empati orang",2026-09-17T12:56:01.000Z,,,,
https://www.instagram.com/p/DMCRH6Vzjl1/,,Instagram,almerr.zrzn,Login,2026-09-17T12:51:59.000Z,,,,
https://www.instagram.com/p/DMCRH6Vzjl1/,,Instagram,hkeemy,21k komentar,2026-09-17T12:49:25.000Z,,,,
https://www.instagram.com/p/DMCRH6Vzjl1/,,Instagram,adelyea,☹️ mengecewakan.,2026-09-17T12:49:17.000Z,,,,
https://www.instagram.com/p/DMCRH6Vzjl1/,,Instagram,satriabohemian,Saya dibarisanmu kk cantik...Mereka maunya KK caci maki pemerintah sesuai emosi mereka...Seharusnya KK ngomong bgini tunggu anies jadi presiden dlu pasti didukung tapi gak mungkin kejafian juga sih😂😂😂,2026-09-17T12:45:15.000Z,,,,
https://www.instagram.com/p/DMCRH6Vzjl1/,,Instagram,titiklelah.id,pintar tapi gak ada hati nuraniii,2026-09-17T12:44:49.000Z,,,,
https://www.instagram.com/p/DMCRH6Vzjl1/,,Instagram,mira889552,Otaknya pintar sih....tapiii hatinyaa....,2026-09-17T12:43:35.000Z,,,,
https://www.instagram.com/p/DMCRH6Vzjl1/,,Instagram,rf3jah,Tetap berdiri tegak kak @maudyayunda kamu ngakk salah!,2026-09-17T12:37:07.000Z,,,,
https://www.instagram.com/p/DMCRH6Vzjl1/,,Instagram,annisashassa55,Eh maudi mau jemur pakaian aja susah sekarang krn asap. Kesel bgt sumpah,2026-09-17T12:36:19.000Z,,,,
https://www.instagram.com/p/DMCRH6Vzjl1/,,Instagram,livia_mat,Kamu belom ngerasain pas hujan langsung deg2an takut banjir meluap lagi mbaak😭,2026-09-17T12:36:00.000Z,,,,
https://www.instagram.com/p/DMCRH6Vzjl1/,,Instagram,annisashassa55,Maudi mulut mu jahat juga ya,2026-09-17T12:34:52.000Z,,,,
https://www.instagram.com/p/DMCRH6Vzjl1/,,Instagram,wahyu_zu06,"Kamu beruntung aja dapet role hidup enak,",2026-09-17T12:34:09.000Z,,,,
https://www.instagram.com/p/DMCRH6Vzjl1/,,Instagram,miadwifitri,Yok bisa yok belajar pentingnya punya empati🔥 sini coba tinggal di kalimantan 1 minggu ajah yuhuuuu. Berani?,2026-09-17T12:33:55.000Z,,,,
https://www.instagram.com/p/DMCRH6Vzjl1/,,Instagram,kuching1945,Mulut kontol🔥,2026-09-17T12:32:07.000Z,,,,
https://www.instagram.com/p/DMCRH6Vzjl1/,,Instagram,kuching1945,,2026-09-17T12:30:13.000Z,,,,
https://www.instagram.com/p/DMCRH6Vzjl1/,,Instagram,shofiyanaa.1,orang berilmu belum tentu punya adab..tpi orang beradab sudah pasti berilmu,2026-09-17T12:28:58.000Z,,,,
https://www.instagram.com/p/DMCRH6Vzjl1/,,Instagram,agungesbee_,semangat kak,2026-09-17T12:26:09.000Z,,,,
https://www.instagram.com/p/DMCRH6Vzjl1/,,Instagram,kamil_insan123,CANTIK...... TAPIIIIII......,2026-09-17T12:23:35.000Z,,,,
https://www.instagram.com/p/DMCRH6Vzjl1/,,Instagram,pambuditrias,Bacot lu Bacot tai....bajingan,2026-09-17T12:23:26.000Z,,,,
https://www.instagram.com/p/DMCRH6Vzjl1/,,Instagram,dumpgurlls,"enak ya ac an sambil seruput matcha coba ke kalimantan dong, listrik mati sambil seruput asap pake idung😅",2026-09-17T12:23:21.000Z,,,,
https://www.instagram.com/p/DMCRH6Vzjl1/,,Instagram,cyntiani.suherman,"Udah gak jadi role model ku lagi 🥲, kekagumanku hilang seketika @maudyayunda",2026-09-17T12:22:12.000Z,,,,
https://www.instagram.com/p/DMCRH6Vzjl1/,,Instagram,tyaraakd,Busuk,2026-09-17T12:20:16.000Z,,,,
https://www.instagram.com/p/DMCRH6Vzjl1/,,Instagram,sr.hdliu,🤮,2026-09-17T12:17:48.000Z,,,,
https://www.instagram.com/p/DMCRH6Vzjl1/,,Instagram,xmbyr777,blokir sama laporkan aja rame rame biar angus,2026-09-17T12:17:31.000Z,,,,
https://www.instagram.com/p/DMCRH6Vzjl1/,,Instagram,san__z07,parah sihh kak🤣🤣🤣,2026-09-17T12:17:01.000Z,,,,
https://www.instagram.com/p/DMCRH6Vzjl1/,,Instagram,indriyana_i.u,"Ka Maudy ayo maen ke Kalimantan, biar KK lihat sikon apakah hanya sekedar berita buruk. Kk lelah kami jauh lebih lelah, setiap hari q beraktivitas dg asap seperti tggal d awan sdh, mata kami perih. Belum lagi air dan listrik yg kadang mati, kami tdk ad maksud mengeluh or merusak mental orang dg kondisi kami, tapi kami menyuarakan kenyataan yg sekarang terjadi, kami lelah dg sikon ini. Terkadang orang kalau bicara itu gampang apalagi bila mereka tidak ad d kondisi itu. Bila tak bisa berkata baik lebih baik DIAM ka @maudyayunda",2026-09-17T12:14:31.000Z,,,,
https://www.instagram.com/p/DMCRH6Vzjl1/,,Instagram,leni.marlina95,Aman ka?,2026-09-17T12:14:28.000Z,,,,
https://www.instagram.com/p/DMCRH6Vzjl1/,,Instagram,strawbrryckee,eh tolongin ni hidung gue sakit perih ngehirup asap,2026-09-17T12:13:54.000Z,,,,
https://www.instagram.com/p/DMCRH6Vzjl1/,,Instagram,_rafiihsan,Kntl,2026-09-17T12:13:27.000Z,,,,
https://www.instagram.com/p/DMCRH6Vzjl1/,,Instagram,araazhr._,"ga nyangka wkwk minim empati, coba ngerasain smnggu aja dtempat kmi yg full asap ini bisa sesak napas lu mba😂",2026-09-17T12:08:59.000Z,,,,
https://www.instagram.com/p/DMCRH6Vzjl1/,,Instagram,emmeril_dante01,Sipaling mindfulness tapi beasiswa-nya LPDP😂😂😂,2026-09-17T12:07:02.000Z,,,,
https://www.instagram.com/p/DMCRH6Vzjl1/,,Instagram,didak_permana,"Gimana kak, mental masih aman ??",2026-09-17T12:05:03.000Z,,,,
https://www.instagram.com/p/DMCRH6Vzjl1/,,Instagram,ashbar_khairy,"Kalo ada artis yang kena kecelakaan dan butuh bantuan darah, itu badnews gak sih..",2026-09-17T12:04:29.000Z,,,,
https://www.instagram.com/p/DMCRH6Vzjl1/,,Instagram,marthinfzl,"kelamaan di luar negri, lupa berempati ke negri sendiri",2026-09-17T12:02:16.000Z,,,,
https://www.instagram.com/p/DMCRH6Vzjl1/,,Instagram,janganlirik2,Barang demun,2026-09-17T11:58:31.000Z,,,,
https://www.instagram.com/p/DMCRH6Vzjl1/,,Instagram,srinurastika,Thats so annoying loh kak. Gausah sok iye sambil makan keju.,2026-09-17T11:54:25.000Z,,,,
https://www.instagram.com/p/DMCRH6Vzjl1/,,Instagram,amalia_ftn,"apaan coba, otak lu mana sih?",2026-09-17T11:52:05.000Z,,,,
https://www.instagram.com/p/DMCRH6Vzjl1/,,Instagram,bubu.dudu.baibai,"Ga nyangka ngikutin kak maudy dari jaman SMA krn ku anggap bisa jd role model dan motivator ke arah positif, skrg malah jadi nirempati pada rakyat cilik 😭😭😭😭",2026-09-17T11:51:49.000Z,,,,
https://www.instagram.com/p/DMCRH6Vzjl1/,,Instagram,irawatininis,Ini jubirnya pemerintah yg ktnya pin ter? klu gk peka ama rakyat dieem lo kaya raya tp masih di biayain duit rakyat mending k lauttt,2026-09-17T11:46:42.000Z,,,,
https://www.instagram.com/p/DMCRH6Vzjl1/,,Instagram,vharasya,Rusak reputasi dan kepintaran,2026-09-17T11:46:35.000Z,,,,
https://www.instagram.com/p/DMCRH6Vzjl1/,,Instagram,egi_setiawan88,Ini artis apaan yak,2026-09-17T11:45:24.000Z,,,,
https://www.instagram.com/p/DMCRH6Vzjl1/,,Instagram,minshrrr,Cantik tapi sayang ada plenger plengernya,2026-09-17T11:42:24.000Z,,,,
https://www.instagram.com/p/DMCRH6Vzjl1/,,Instagram,maha.docx,Otw Komisaris ya neng,2026-09-17T11:32:30.000Z,,,,
https://www.instagram.com/p/DMCRH6Vzjl1/,,Instagram,meonlyxd,"Barang siapa yang beriman kepada Allah dan hari akhir, hendaklah ia berkata yang baik atau diam. (HR. Bukhari dan Muslim)",2026-09-17T11:31:49.000Z,,,,
https://www.instagram.com/p/DMCRH6Vzjl1/,,Instagram,tiffanydiaan,Cantik tapi ah sudahlahhhh,2026-09-17T11:31:29.000Z,,,,
https://www.instagram.com/p/DMCRH6Vzjl1/,,Instagram,mahdalnna,"Yang asalnya bikin video tujuannya buat menjaga mental health nya , malah di serang masyarakat Indonesia,jadi makin kacau mental maudy , lagian ditengah kekacauan gini bikin statment ttg dirinya yg ga mau tau urusan musibah bencana di Indonesia wkwk freak bgd pdhl pintar tp nirempati",2026-09-17T11:31:28.000Z,,,,
https://www.instagram.com/p/DMCRH6Vzjl1/,,Instagram,kyykoo0,Pucekkk,2026-09-17T11:25:12.000Z,,,,
https://www.instagram.com/p/DMCRH6Vzjl1/,,Instagram,minions_babe067,Konteks? Gak paham dia kenapa,2026-09-17T11:24:43.000Z,,,,
https://www.instagram.com/p/DMCRH6Vzjl1/,,Instagram,mleo.p01,Unfol ga sih @auroramanda95,2026-09-17T11:21:57.000Z,,,,
https://www.instagram.com/p/DMCRH6Vzjl1/,,Instagram,bungalilie_890,HUEKK CUIHHH SHIBAL,2026-09-17T11:21:18.000Z,,,,
https://www.instagram.com/p/DMCRH6Vzjl1/,,Instagram,mleo.p01,HOK CUIH,2026-09-17T11:20:59.000Z,,,,
https://www.instagram.com/p/DMCRH6Vzjl1/,,Instagram,rita_feb,"kalo ngeliat di tv mau itu netflix dll otak auto dia pintar,sekolah lulusan ln biarpun ga tau pake fasilitas apa,trs multitalent,pengen banget nge fans tp kok biasa aja , ternyata bener ,cantik yg rupawan itu dari hati",2026-09-17T11:19:57.000Z,,,,
https://www.instagram.com/p/DMCRH6Vzjl1/,,Instagram,qwtyabcan,"sekarang yg aku inget dari kamu bukan prestasimu lagi kak, tp nirempati dan tonedeafmu",2026-09-17T11:17:22.000Z,,,,
https://www.instagram.com/p/DMCRH6Vzjl1/,,Instagram,kaelric2117,,2026-09-17T11:16:41.000Z,,,,
https://www.instagram.com/p/DMCRH6Vzjl1/,,Instagram,angelasina_ak,"Gausah repot ngurusin hidup org lain, urusin aja diri sendiri mbak",2026-09-17T11:14:55.000Z,,,,
https://www.instagram.com/p/DMCRH6Vzjl1/,,Instagram,indomie_nak,Ya paling enggak dia ga nutup kolom komentarnya kaya orang lain yang bikin kontroversial terus tutup kolom komen 😂 gud 👍,2026-09-17T11:13:48.000Z,,,,
https://www.instagram.com/p/DMCRH6Vzjl1/,,Instagram,alfathalfain,"pendidikan tinggi, paras cantik, harta kaya tidak menjamin seseorang untuk bisa berempati, please respect lah kpd orang lain",2026-09-17T11:12:54.000Z,,,,
https://www.instagram.com/p/DMCRH6Vzjl1/,,Instagram,titytatum,Ngincer bangku ya mba?😂,2026-09-17T11:12:41.000Z,,,,
https://www.instagram.com/p/DMCRH6Vzjl1/,,Instagram,saktimaulana1410,Untung mental orng indo ya kak tebal muka urat malu putus . Kalau orng jepang blunder gini udh bundir karna malu,2026-09-17T11:10:19.000Z,,,,
https://www.instagram.com/p/DMCRH6Vzjl1/,,Instagram,deariantiumar,"Jadi boomerang, kan... 😪",2026-09-17T11:09:50.000Z,,,,
https://www.instagram.com/p/DMCRH6Vzjl1/,,Instagram,cgvsfdz,"@maudyayunda btw klo pakai lpdp harus kembali buat mengabdi ke negara ga si? 🤔😹, kayaknya emang di Indonesia ini bukan kekurangan orang pintar aja, tetapi kekurangan orang yg jujur sama rasa nasionalismenya tinggi buat mengabdi ke negara wkwk, btw udh dijelaskan ya maudy di Al-Qur'an bahwa pada dasarnya semua manusia itu sama di hadapan Allah, dan bahkan iblis pun enggan menyembah adam karena dia merasa lebih dari adam, semoga kamu sadar sama paham sedikit kalimat yg gw maksud. Dan sekali lagi.. gw cuman ngomongin kamu aja biar belajar dari pengalaman dan isi² di dunia.",2026-09-17T11:08:29.000Z,,,,
https://www.instagram.com/p/DMCRH6Vzjl1/,,Instagram,nuraldar,Cerdas dan cantik tapi nirempati😢,2026-09-17T11:02:20.000Z,,,,
https://www.instagram.com/p/DMCRH6Vzjl1/,,Instagram,rich25214,Katanya biar ga kena mental dengar berita buruk. Nah sekarang kau ga kena mental kah dengan komen dari notizen,2026-09-17T11:00:07.000Z,,,,
https://www.instagram.com/p/DMCRH6Vzjl1/,,Instagram,donisyam_,"Sekolah aja lu jauh, tinggi. Tapi empati 0 NOL besar",2026-09-17T10:59:23.000Z,,,,
https://www.instagram.com/p/DMCRH6Vzjl1/,,Instagram,wherewavesmeet.id,Who the hell are you to tell us to step away from bad news when disasters are happening all over Indonesia? Read the damn room.,2026-09-17T10:57:48.000Z,,,,
https://www.instagram.com/p/DMCRH6Vzjl1/,,Instagram,akbrrralfaj,Nyimak,2026-09-17T10:56:51.000Z,,,,
https://www.instagram.com/p/DMCRH6Vzjl1/,,Instagram,fost_ppp,Memang begitu kalau orang kaya.Tengil..kayak duit bapaknya halal,2026-09-17T10:55:02.000Z,,,,
https://www.instagram.com/p/DMCRH6Vzjl1/,,Instagram,mikohazel_,"berita buruk itu memang fakta mbak, tiap hari kamu juga dapat hal buruk dari gov, kalau memang situ gasuka berita buruk ya jangan main sosmed. orang bawah itu lagi kesulitan serius mbak, jangan dianggap kami juga suka dgn berita buruk, kami juga mau sejahtera, mau alam ini indah, tapi gimana? ada yang mengendalikan diluar kemampuan kami. tolong jangan tone deaf!!!",2026-09-17T10:54:06.000Z,,,,
https://www.instagram.com/p/DMCRH6Vzjl1/,,Instagram,mhmmdfrzxx,sipaling mindfulnes,2026-09-17T10:53:56.000Z,,,,
https://www.instagram.com/p/DMCRH6Vzjl1/,,Instagram,nurulinayah_naya,"Pendidikan yg kurikulum nya jauh dari iman, ilmunya hanya dipake untuk dirinya sendiri. Banyak para intelektual malah terpisah dari masyarakat, mereka seperti mengklasifikasikan diri mereka sendiri. Mereka tdk mampu merasa seperti yg umat rasakan, penderitaannya, kepedihannya,, mereka hanya fokus pd diri mereka sendiri. Itulah yg diinginkan pendidikan ala Barat. Pendidikan yang memisahkan agama dari kehidupan (copas intisari dari kitab pembentukan partai politik). Mungkin saja masih banyak para intelektual yg seperti kakak ini. Hanya tidak speak up di medsos. Lihat saja para intelektual disekitar kita. Apakah mereka speak up atau mereka calm calm sj urus diri sendiri",2026-09-17T10:52:26.000Z,,,,
https://www.instagram.com/p/DMCRH6Vzjl1/,,Instagram,wherewavesmeet.id,Beauty means nothing when you have an ugly heart.,2026-09-17T10:52:15.000Z,,,,
https://www.instagram.com/p/DMCRH6Vzjl1/,,Instagram,chrystinentlia,Yaaahhh gk brni post apa2 lagi nih di sosmed?🤣,2026-09-17T10:51:44.000Z,,,,
https://www.instagram.com/p/DMCRH6Vzjl1/,,Instagram,muhammad.adihermawan,"Hirup asap kebakaran tiap hari,  BBM mahal, mati lampu bergilir, kekeringan air bersih. Kau suruh mindfulness? Akwowkwoakwowk",2026-09-17T10:51:31.000Z,,,,
https://www.instagram.com/p/DMCRH6Vzjl1/,,Instagram,ksndi.adb,Lulusan oxford minim empati,2026-09-17T10:51:08.000Z,,,,
https://www.instagram.com/p/DMCRH6Vzjl1/,,Instagram,desyp1975,@ummuhakam_ dia menunjukkan nirempati pd masyarakat kotban kebakaran karhutla d Kalimantan ada beritanya cape ketik sy klo hrs sampaikan disini😂,2026-09-17T10:49:40.000Z,,,,
https://www.instagram.com/p/DMCRH6Vzjl1/,,Instagram,desyp1975,Baru jd artis ga usah singing sm masyarakat ingat purbaya aja lg rapat dipecat.gman lu nti hbs nyinnyir tiba tiba dipanggil Tuhan? Krn bnyk hati masyarakat Kalimantan yg kau sakiti sm omongan mu,2026-09-17T10:41:10.000Z,,,,
https://www.instagram.com/p/DMCRH6Vzjl1/,,Instagram,alvinelpong,Jangan2 sifat aslinya dia emang gak punya empati 🤣,2026-09-17T10:40:57.000Z,,,,
https://www.instagram.com/p/DMCRH6Vzjl1/,,Instagram,haniiii8961,si paling mindfulnes,2026-09-17T10:40:54.000Z,,,,
https://www.instagram.com/p/DMCRH6Vzjl1/,,Instagram,evnandaa,"sekolah sampe luar negeri, ADAB nya ketinggalan.. shame on you",2026-09-17T10:40:31.000Z,,,,
https://www.instagram.com/p/DMCRH6Vzjl1/,,Instagram,___specialinfected,intinya si lu semua ngentot,2026-09-17T10:40:00.000Z,,,,
https://www.instagram.com/p/DMCRH6Vzjl1/,,Instagram,annie.maulida4,"Sini jalan2 ke karhutla...penghasil minyak tp antre BBM,penghasil batu bara tp tetep mati lampu,sungai terpanjang kesekian tp tetep aja mati air...",2026-09-17T10:39:44.000Z,,,,
https://www.instagram.com/p/DMCRH6Vzjl1/,,Instagram,azlan_baskara92,Congor nya jahat banget,2026-09-17T10:39:08.000Z,,,,
https://www.instagram.com/p/DMCRH6Vzjl1/,,Instagram,ailik_nuri,"Kak, cukup! orang indo sudah banyak berjuang buat bangkit, aku dan ekspektasiku ttg mu runtuh kak",2026-09-17T10:36:28.000Z,,,,
https://www.instagram.com/p/DMCRH6Vzjl1/,,Instagram,benson83_,Ugggllleeeyyy,2026-09-17T10:35:30.000Z,,,,
https://www.instagram.com/p/DMCRH6Vzjl1/,,Instagram,wahyupambudi20,CANCEL CULTURE. KEBANYAKAN NGABISIN DUIT LPDP DI LUAR NEGERI BUAT MAKAN STEAK WAGYU SIH. CANTIL BELUM TENTU PINTAR. CMN BODOH AJA. THAT'S IT.,2026-09-17T10:34:37.000Z,,,,
https://www.instagram.com/p/DMCRH6Vzjl1/,,Instagram,1408.filez,adab diatas ilmu.,2026-09-17T10:34:29.000Z,,,,
https://www.instagram.com/p/DMCRH6Vzjl1/,,Instagram,zudane.ihza,ternyata gilaa beneran,2026-09-17T10:34:06.000Z,,,,
https://www.instagram.com/p/DMCRH6Vzjl1/,,Instagram,r3valinaif,tumben nggak up igs,2026-09-17T10:33:18.000Z,,,,
https://www.instagram.com/p/DMCRH6Vzjl1/,,Instagram,daphnnee28,"GO TO KOREA, WE DO NOT WANT YOU HERE!!! PUTA !!!",2026-09-17T10:31:56.000Z,,,,
https://www.instagram.com/p/DMCRH6Vzjl1/,,Instagram,gpyyee,"Blunder bgt dy, hilng respect 🤣",2026-09-17T10:30:59.000Z,,,,
https://www.instagram.com/p/DMCRH6Vzjl1/,,Instagram,reskhadafi02,Sipaling mindfulnesss,2026-09-17T10:29:02.000Z,,,,
https://www.instagram.com/p/DMCRH6Vzjl1/,,Instagram,adimasario,susah ya produk artis kapitalis bukannya empati malah ngajak apatis wkwkwkwk,2026-09-17T10:28:44.000Z,,,,
https://www.instagram.com/p/DMCRH6Vzjl1/,,Instagram,nimade_padmayani,Miris bgt ga punya empatiii,2026-09-17T10:27:11.000Z,,,,
https://www.instagram.com/p/DMCRH6Vzjl1/,,Instagram,kyelll2102,"when you sick by just watching it
theres people who sick living trough it
umm.. sorry, its more like
TRY TO SURVIVE through it, 
or TRY NOT TO DIE through it",2026-09-17T10:26:45.000Z,,,,
https://www.instagram.com/p/DMCRH6Vzjl1/,,Instagram,srhauliah66us,Omongan orang yg gak pernah susah ya gini,2026-09-17T10:25:37.000Z,,,,
https://www.instagram.com/p/DMCRH6Vzjl1/,,Instagram,raaannngg_,"Untung gw gak ngefans sama dia,bnyak artis yg bersimpati sama musibah yg terjadi,lah yg satu ini tiba tiba ngomng gitu.",2026-09-17T10:24:43.000Z,,,,
https://www.instagram.com/p/DMCRH6Vzjl1/,,Instagram,ejkive,"gausah kaget, emang begini aslinya",2026-09-17T10:22:16.000Z,,,,
https://www.instagram.com/p/DMCRH6Vzjl1/,,Instagram,ashyouuwish_,sipaling lulusan oxford tpi dontollll,2026-09-17T10:22:09.000Z,,,,
https://www.instagram.com/p/DMCRH6Vzjl1/,,Instagram,wherewavesmeet.id,Watch your words before you start throwing around your shitty opinions.,2026-09-17T10:21:27.000Z,,,,
https://www.instagram.com/p/DMCRH6Vzjl1/,,Instagram,mochammaddfaris,raimu,2026-09-17T10:20:32.000Z,,,,
https://www.instagram.com/p/DMCRH6Vzjl1/,,Instagram,wahyutoyotabandung,DUTA TONE DEAF INDONESIA,2026-09-17T10:19:01.000Z,,,,
https://www.instagram.com/p/DMCRH6Vzjl1/,,Instagram,wherewavesmeet.id,Masih ada detikan 🔥😂,2026-09-17T10:14:32.000Z,,,,
https://www.instagram.com/p/DMCRH6Vzjl1/,,Instagram,inaraaaaaart,"Ternyata musibah yg kita dapat, cuman dianggap perusak mood dia guys👎🏻👎🏻 benar-benar ga ada empati nih org.",2026-09-17T10:14:05.000Z,,,,
https://www.instagram.com/p/DMCRH6Vzjl1/,,Instagram,en1fff,Harusnya sekolahmu di slb sih,2026-09-17T10:13:19.000Z,,,,
https://www.instagram.com/p/DMCRH6Vzjl1/,,Instagram,char_lizev,Lagi enak turu ya,2026-09-17T10:12:31.000Z,,,,
https://www.instagram.com/p/DMCRH6Vzjl1/,,Instagram,cloudsyntax_0902,"Hati² mbak krn perkataan mu, ajakan atau dorongan, itu bisa berarti buat yg laen tp aneh ny km malah blg mindfulness gmn si?",2026-09-17T10:11:48.000Z,,,,
https://www.instagram.com/p/DMCRH6Vzjl1/,,Instagram,noniinoneee,Wgwggwgwgwg,2026-09-17T10:05:33.000Z,,,,
https://www.instagram.com/p/DMCRH6Vzjl1/,,Instagram,villebelle08,"LPDP harus di review ulang deh kebijakannya. @maudyayunda gini kok dibayarin kuliah sama negara? padahal anak2 yg nga mampu, yg orang tua nya kepala jadi kaki kaki jd kepala, demi anaknya bisa tamat sekolah sampai SMA aja itu buanyakkk banget!  Ini contoh pajak rakyat digunakan tidak tepat sasaran @dpr_ri @lpdp_ri",2026-09-17T10:05:13.000Z,,,,
https://www.instagram.com/p/DMCRH6Vzjl1/,,Instagram,power_and_obedience,"Ga tahu kenapa, aku g pernah nge fans sama manusia yg satu ini. IDK why.",2026-09-17T10:04:57.000Z,,,,
https://www.instagram.com/p/DMCRH6Vzjl1/,,Instagram,hani_putra_,"Sekolah jauh"" tapi nirempati",2026-09-17T10:03:54.000Z,,,,
https://www.instagram.com/p/DMCRH6Vzjl1/,,Instagram,liariyantii_,cantik educate ga menjamin berempati,2026-09-17T10:02:23.000Z,,,,
https://www.instagram.com/p/DMCRH6Vzjl1/,,Instagram,lisha.etherlove,Miss overated and tone deaf of Indonesia,2026-09-17T10:00:18.000Z,,,,
https://www.instagram.com/p/DMCRH6Vzjl1/,,Instagram,allysaauliaaaa,💩,2026-09-17T09:58:46.000Z,,,,
https://www.instagram.com/p/DMCRH6Vzjl1/,,Instagram,mhd_fauzii07,penting nya berempati,2026-09-17T09:57:50.000Z,,,,
https://www.instagram.com/p/DMCRH6Vzjl1/,,Instagram,nunia.0728,"Km kan gak ngerasa in langsung musibah2 yg km liat cm diberita/tv/medsos koq malah km ribut kena mental health sih mbaaa, trus apa kbr nya yg ngalamin musibah nya scara lsng saudara setanah air mu itu mbaaa ???",2026-09-17T09:52:09.000Z,,,,
https://www.instagram.com/p/DMCRH6Vzjl1/,,Instagram,sembiring3537,"Ternyata untuk jadi manusia yang beradab,ga harus sekolah jauh2 keluar negeri.....cukup sekolah lokal🔥",2026-09-17T09:51:51.000Z,,,,
https://www.instagram.com/p/DMCRH6Vzjl1/,,Instagram,icotttttttt,"Kalo punya duit lebih, beli EMPATI!",2026-09-17T09:45:15.000Z,,,,
https://www.instagram.com/p/DMCRH6Vzjl1/,,Instagram,jrzd45_,Masih diam aja ini orang. Otak lu gak di pake ya???? Ooo iya pantas gk di pake otak lu. Kuliah aja dari uang pajak rakyat,2026-09-17T09:45:00.000Z,,,,
https://www.instagram.com/p/DMCRH6Vzjl1/,,Instagram,lilbiyasa,"Masih belom klarifikasi lho ya, si paling inggris lulusan oxford 💩",2026-09-17T09:42:23.000Z,,,,
https://www.instagram.com/p/DMCRH6Vzjl1/,,Instagram,arunikashanum50,Fck,2026-09-17T09:36:35.000Z,,,,
https://www.instagram.com/p/DMCRH6Vzjl1/,,Instagram,arunikashanum50,Puck,2026-09-17T09:36:29.000Z,,,,
https://www.instagram.com/p/DMCRH6Vzjl1/,,Instagram,veeyxyz,ga prnah expect maudy bakal dihujat sebegininya😢,2026-09-17T09:35:29.000Z,,,,
https://www.instagram.com/p/DMCRH6Vzjl1/,,Instagram,arlg3__,"F Maudy, Oxford apalah hokcuhh",2026-09-17T09:35:22.000Z,,,,
https://www.instagram.com/p/DMCRH6Vzjl1/,,Instagram,airasyifanajiha,muncung mu itu maudy dijaga JB sok cantik cantik juga kagak 😂,2026-09-17T09:33:48.000Z,,,,
https://www.instagram.com/p/DMCRH6Vzjl1/,,Instagram,rachman_dull,MINIMAL KALAU MAU BER STATEMENT DIPIKIR DULU YA MBAK ARTIS!! KAN ANDA BERPENDIDIKAN👏,2026-09-17T09:30:32.000Z,,,,
https://www.instagram.com/p/DMCRH6Vzjl1/,,Instagram,addictedto.travelling,Mindfullness,2026-09-17T09:30:22.000Z,,,,
https://www.instagram.com/p/DMCRH6Vzjl1/,,Instagram,ridwan_silalahii,Full buzzer pembenci 👏,2026-09-17T09:27:00.000Z,,,,
https://www.instagram.com/p/DMCRH6Vzjl1/,,Instagram,suntara.tisna,"Dia artis kah?,,,",2026-09-17T09:26:23.000Z,,,,
https://www.instagram.com/p/DMCRH6Vzjl1/,,Instagram,stellyrevina,K E C E W A,2026-09-17T09:26:16.000Z,,,,
https://www.instagram.com/p/DMCRH6Vzjl1/,,Instagram,rikadewi16,Cantik rupa belum tentu cantik hati....😢,2026-09-17T09:26:14.000Z,,,,
https://www.instagram.com/p/DMCRH6Vzjl1/,,Instagram,flowerraflesia,Si paling mindfull😂,2026-09-17T09:26:00.000Z,,,,
https://www.instagram.com/p/DMCRH6Vzjl1/,,Instagram,drwdrmvvn,,2026-09-17T09:22:06.000Z,,,,
https://www.instagram.com/p/DMCRH6Vzjl1/,,Instagram,itss_ilhamm_g,"Nggak semua orang berilmu, berempati",2026-09-17T09:17:14.000Z,,,,
https://www.instagram.com/p/DMCRH6Vzjl1/,,Instagram,christiansmd,Unfollow done,2026-09-17T09:16:50.000Z,,,,
https://www.instagram.com/p/DMCRH6Vzjl1/,,Instagram,nowfahn,Rame banget pengen ikut ngehujat tp takut dosaaa,2026-09-17T09:15:24.000Z,,,,
https://www.instagram.com/p/DMCRH6Vzjl1/,,Instagram,_omanism,"Ga perlu ilmu tinggi sih, cukup tinggi empati aja.. bahkan anak lulusan SD pun msh punya empati yg tinggi",2026-09-17T09:14:50.000Z,,,,
https://www.instagram.com/p/DMCRH6Vzjl1/,,Instagram,elk.250788,Ternyata terlalu sering membaca buku tanpa diimbangi banyak interaksi sama manusia itu juga tidak baik 😁,2026-09-17T09:14:47.000Z,,,,
https://www.instagram.com/p/DMCRH6Vzjl1/,,Instagram,222mdcs,😂,2026-09-17T09:11:19.000Z,,,,
https://www.instagram.com/p/DMCRH6Vzjl1/,,Instagram,aria.drma,"Mba maudy yook anda bareng2 menginap 1minggu dirumah yg berdekatan dengan kalhutra dikalimantan,  biar anda paham dan tdk jadi GOBLOK",2026-09-17T09:10:37.000Z,,,,
https://www.instagram.com/p/DMCRH6Vzjl1/,,Instagram,tina_2_putri,"Sekolah tinggi minim empati 😅 mending diam sih kataku,,,",2026-09-17T09:10:30.000Z,,,,
https://www.instagram.com/p/DMCRH6Vzjl1/,,Instagram,rizkyrsnd,ga nyangka se dongo ini,2026-09-17T09:05:09.000Z,,,,
https://www.instagram.com/p/DMCRH6Vzjl1/,,Instagram,karak.pecel,"LET THEM PEPEK,  LET THEM KANCUT,  LET THEM PANTEK,  LET THEM LONTHE",2026-09-17T09:04:09.000Z,,,,
https://www.instagram.com/p/DMCRH6Vzjl1/,,Instagram,mr.jhon855,Diam aja gk ada klarifikasi atau apa ? Biasanya klw berbuat salah minta maaf beres ( kelakuan para pejabat influencer Indonesia) 😂,2026-09-17T09:03:10.000Z,,,,
https://www.instagram.com/p/DMCRH6Vzjl1/,,Instagram,ciii_ndy58,Maaf ya audy klo kebakaran hutan kami mengganggu Sarapan Scramble Eeg muuu,2026-09-17T09:02:38.000Z,,,,
https://www.instagram.com/p/DMCRH6Vzjl1/,,Instagram,ardi_ansyh78,Kuliah nya 11 12 sama gibran,2026-09-17T09:01:17.000Z,,,,
https://www.instagram.com/p/DMCRH6Vzjl1/,,Instagram,dapur_fryska,O ini Maudy,2026-09-17T09:00:01.000Z,,,,
https://www.instagram.com/p/DMCRH6Vzjl1/,,Instagram,ardi_ansyh78,Akhirnya gua merasa lebih pintar dari si maudy ini 😂,2026-09-17T08:59:51.000Z,,,,
https://www.instagram.com/p/DMCRH6Vzjl1/,,Instagram,tahilalatcomx,uwiiwww udh 21rb,2026-09-17T08:59:34.000Z,,,,
https://www.instagram.com/p/DMCRH6Vzjl1/,,Instagram,toy2810v,"bukannye ape ape nih ye,cuma ye ape gitu yee",2026-09-17T08:58:55.000Z,,,,
https://www.instagram.com/p/DMCRH6Vzjl1/,,Instagram,aba.shadiq.ahmad,Lulusan Oxford malah 🤡🤡🤡,2026-09-17T08:57:48.000Z,,,,
https://www.instagram.com/p/DMCRH6Vzjl1/,,Instagram,rilowflexx,"gk semua orang berilmu, berempati ~windah basudara",2026-09-17T08:57:26.000Z,,,,
https://www.instagram.com/p/DMCRH6Vzjl1/,,Instagram,devioraaw,Inget mbakk! Km ketemu suami mu juga karena duit rakyat ye!!,2026-09-17T08:57:07.000Z,,,,
https://www.instagram.com/p/DMCRH6Vzjl1/,,Instagram,rinuroftdexter,"PAIN WAS RIGHT ""Kau tidak akan pernah tahu arti rasa sakit jika kau tidak pernah merasakan penderitaan yang sama.""",2026-09-17T08:56:55.000Z,,,,
https://www.instagram.com/p/DMCRH6Vzjl1/,,Instagram,nurfikrirmd,wkkwkwkw,2026-09-17T08:56:39.000Z,,,,
https://www.instagram.com/p/DMCRH6Vzjl1/,,Instagram,anthnylksmn77,Bjir masih rame bruh 🗿,2026-09-17T08:55:45.000Z,,,,
https://www.instagram.com/p/DMCRH6Vzjl1/,,Instagram,mr_zack19,"Haloo mbaa ,situ sehat aja🤣",2026-09-17T08:53:01.000Z,,,,
https://www.instagram.com/p/DMCRH6Vzjl1/,,Instagram,mokoagow_litsi,Sudah saatnya anda pulang ke kampung suamimu,2026-09-17T08:51:07.000Z,,,,
https://www.instagram.com/p/DMCRH6Vzjl1/,,Instagram,elrumor7,"Detik"" titik kumpul setelah nonton clipper windah",2026-09-17T08:49:58.000Z,,,,
https://www.instagram.com/p/DMCRH6Vzjl1/,,Instagram,gzharja,,2026-09-17T08:49:14.000Z,,,,
https://www.instagram.com/p/DMCRH6Vzjl1/,,Instagram,ega.apriliaa,Bentar lagi bakal tutup kolom komentar kah,2026-09-17T08:49:04.000Z,,,,
https://www.instagram.com/p/DMCRH6Vzjl1/,,Instagram,nazeilamahendra,SAK SAKMU WAE TO DI MAUDI,2026-09-17T08:48:52.000Z,,,,
https://www.instagram.com/p/DMCRH6Vzjl1/,,Instagram,dcbim_,ke riau bos kalau mau rasain pedih mata karna asap,2026-09-17T08:46:37.000Z,,,,
https://www.instagram.com/p/DMCRH6Vzjl1/,,Instagram,nesisnesss,"Mbak maudy, empati kamu dimana mbak? Kamu mau tau gak? Karna asap yang gak kunjung reda, keponakan sy umur 4 dan 2 thn kejang karna asap dan skrg di RS. Eitss gak cuma keponakan sy, ternyata IGD isinya mostly kena di pernapasan karna asap.

Kamu manusia, perempuan, yang biasanya lebih gunain hati.",2026-09-17T08:46:30.000Z,,,,
https://www.instagram.com/p/DMCRH6Vzjl1/,,Instagram,zyvad_,gosong jir,2026-09-17T08:45:25.000Z,,,,
https://www.instagram.com/p/DMCRH6Vzjl1/,,Instagram,jellypotter_rp,Rusak juga kan citra mu yg selama ini dibangun bertahun2 hmm😢,2026-09-17T08:44:05.000Z,,,,
https://www.instagram.com/p/DMCRH6Vzjl1/,,Instagram,mirasqi_daniel,Org org pada berdoa dan berusaha untuk korban bencana tapi di bilang berita buruk😭,2026-09-17T08:43:22.000Z,,,,
https://www.instagram.com/p/DMCRH6Vzjl1/,,Instagram,dindanirmallaputri,Makin dihujat makin banyak buzzernya keluar wkkw,2026-09-17T08:43:02.000Z,,,,
https://www.instagram.com/p/DMCRH6Vzjl1/,,Instagram,ritaari02,Main main sini kekalimantan .hirup asapnya dari orang2 yg dengan sengaja membakar lahan demi kepentingan pribadi !!,2026-09-17T08:42:16.000Z,,,,
https://www.instagram.com/p/DMCRH6Vzjl1/,,Instagram,viansyah88,Sia sia bayar pajak liat hasilnya seperti ini,2026-09-17T08:39:47.000Z,,,,
https://www.instagram.com/p/DMCRH6Vzjl1/,,Instagram,imyoureuforia,Kirain skolah tinggi bisa jdi pinter ..ngk taunya bisa jadi Maudy ..Dongo,2026-09-17T08:39:11.000Z,,,,
https://www.instagram.com/p/DMCRH6Vzjl1/,,Instagram,puputputrikar,"kak berita bencana gini bad news kata mu , jahat banget kak , ga ngerasain jadi mereka yang kena dampaknya sih 🗿",2026-09-17T08:36:20.000Z,,,,
https://www.instagram.com/p/DMCRH6Vzjl1/,,Instagram,rendifebriadi_,ouh ini orng nya,2026-09-17T08:35:58.000Z,,,,
https://www.instagram.com/p/DMCRH6Vzjl1/,,Instagram,devioraaw,Malu ih lulusan oxford !!,2026-09-17T08:35:18.000Z,,,,
https://www.instagram.com/p/DMCRH6Vzjl1/,,Instagram,devioraaw,Kamu kuliah di bayarin duit rakyat! Pulang ga mengabdi untuk rakyat? Cuma buat keuntungan diri sendiri? Kulkas seharga mobil? Nirempati sih!,2026-09-17T08:34:58.000Z,,,,
https://www.instagram.com/p/DMCRH6Vzjl1/,,Instagram,farih.aidee,Jingan ra nde ati,2026-09-17T08:34:01.000Z,,,,
https://www.instagram.com/p/DMCRH6Vzjl1/,,Instagram,carac.arara,"sini ke kalimantan Mba..
coba rasakan mindfullness :)))",2026-09-17T08:33:51.000Z,,,,
https://www.instagram.com/p/DMCRH6Vzjl1/,,Instagram,septianoz_chochow,"kak sini main ke kalimantan, trus buat konten disini ga ush pake masker hehehe😂",2026-09-17T08:29:36.000Z,,,,
https://www.instagram.com/p/DMCRH6Vzjl1/,,Instagram,abad21n,KULIAH PAKE UANG RAKYAT TAPI GAK PUNYA EMPATI SEDKITPUN KE RAKYAT,2026-09-17T08:29:26.000Z,,,,
https://www.instagram.com/p/DMCRH6Vzjl1/,,Instagram,abad21n,"SOK KAYA, KULIAH AJA PAKE UANG RAKYAT",2026-09-17T08:29:06.000Z,,,,
https://www.instagram.com/p/DMCRH6Vzjl1/,,Instagram,abad21n,IQ TINGGI TAPI SQ DAN EQ ANJLOK,2026-09-17T08:28:44.000Z,,,,
https://www.instagram.com/p/DMCRH6Vzjl1/,,Instagram,laela.ftr,"Oh jadi ini yang bikin argumen ""Mindfullness"" Itu. Aslinya mulai nampak ya dan bukan karena orang lain, tapi karena dia sendiri...",2026-09-17T08:27:58.000Z,,,,
https://www.instagram.com/p/DMCRH6Vzjl1/,,Instagram,byellyta,"Apa empati dan simpati tidak di ajarkan di sekolah mahalmu itu ? Ternyata benar, harus beradap dlu baru berilmu",2026-09-17T08:27:54.000Z,,,,
https://www.instagram.com/p/DMCRH6Vzjl1/,,Instagram,ikasr07,Rame bgt ada apasi smpe ketinggalan berita 😭,2026-09-17T08:27:13.000Z,,,,
https://www.instagram.com/p/DMCRH6Vzjl1/,,Instagram,rimbamp_,"boykot lagu2nya,boykot semua yg ada kaitannya ama ni orang.",2026-09-17T08:26:27.000Z,,,,
https://www.instagram.com/p/DMCRH6Vzjl1/,,Instagram,dhori_do_2,,2026-09-17T08:22:37.000Z,,,,
https://www.instagram.com/p/DMCRH6Vzjl1/,,Instagram,rintoomalau,🤣,2026-09-17T08:21:38.000Z,,,,
https://www.instagram.com/p/DMCRH6Vzjl1/,,Instagram,astronauts.1111,"Minimal sebagai artis bisa kasih bantuan ke korban bencana alam, daripada cuma empty tr4sh talk karena privilege lu.",2026-09-17T08:20:52.000Z,,,,
https://www.instagram.com/p/DMCRH6Vzjl1/,,Instagram,fashionhijabchic,"You are in the right way, maklumi orang yg tidak selevel denganmu secara pandangan hidup",2026-09-17T08:17:46.000Z,,,,
https://www.instagram.com/p/DMCRH6Vzjl1/,,Instagram,fashionhijabchic,Be strong,2026-09-17T08:17:16.000Z,,,,
https://www.instagram.com/p/DMCRH6Vzjl1/,,Instagram,muhamadcadangan97,😂😂😂😂😂,2026-09-17T08:15:44.000Z,,,,
https://www.instagram.com/p/DMCRH6Vzjl1/,,Instagram,dia_astari_,"Ayok ke Kalimantan sehari ajaaa biar bisa mikir lebih,,,,",2026-09-17T08:14:30.000Z,,,,
https://www.instagram.com/p/DMCRH6Vzjl1/,,Instagram,paracetamooy,"Disuruh walk in nature, tp sekeliling asap bukannya segar malah modyar",2026-09-17T08:14:02.000Z,,,,
https://www.instagram.com/p/DMCRH6Vzjl1/,,Instagram,jeon.najwa05,,2026-09-17T08:12:06.000Z,,,,
https://www.instagram.com/p/DMCRH6Vzjl1/,,Instagram,pangrasawise,Membumilah ... Lihatlah keadaan warga agar tumbuh empatimu .... Pentingnya adab sebelum ilmu,2026-09-17T08:08:47.000Z,,,,
https://www.instagram.com/p/DMCRH6Vzjl1/,,Instagram,hesty.r.775,TIDAK ADA EMPATI NYA 🔥🔥🔥🔥🔥 !!!!!,2026-09-17T08:08:07.000Z,,,,
https://www.instagram.com/p/DMCRH6Vzjl1/,,Instagram,baehaqilastfriends,🗿,2026-09-17T08:07:26.000Z,,,,
https://www.instagram.com/p/DMCRH6Vzjl1/,,Instagram,dit_roen34,,2026-09-17T08:04:32.000Z,,,,
https://www.instagram.com/p/DMCRH6Vzjl1/,,Instagram,__hqdr,"die enak ngomong sambil makan, air bersih, hirup udara segar, sini mba ke pontianak hirup asap, mandi air asin, ngantri air minum kalo berita kami merusak mud dan mental kmu pilates aja pilates jangan sok bahas mental sama org yg lagi kena bencana",2026-09-17T08:01:21.000Z,,,,
https://www.instagram.com/p/DMCRH6Vzjl1/,,Instagram,wherewavesmeet.id,Don’t start it if you don’t wanna end up getting cooked. 💀😂,2026-09-17T07:54:17.000Z,,,,
https://www.instagram.com/p/DMCRH6Vzjl1/,,Instagram,muniranadila,Sini la maen2 ke kalimantan yg asapnya pekat,2026-09-17T07:52:43.000Z,,,,
https://www.instagram.com/p/DMCRH6Vzjl1/,,Instagram,brilliantpvcyogyakarta,"Cantik, pinter, dan empatinya terhadap rakyat Indonesia tinggi. Gak salah pilih dari dulu ngeh fans sama @claurakiehl",2026-09-17T07:52:16.000Z,,,,
https://www.instagram.com/p/DMCRH6Vzjl1/,,Instagram,yuni_aryanti14,"Maafin kami yaa mba cantik,dari saya warga Kalimantan yang sekarang sudah berbulan-bulan menghirup udara dengan kategori berbahaya,mandi air asin,anak sekolah daring,rumah debu kena abu pembakaran🙌",2026-09-17T07:51:30.000Z,,,,
https://www.instagram.com/p/DMCRH6Vzjl1/,,Instagram,oasis_desain,Ada kasus apa gaes? Sumpah aku gak update. Kasih info dong,2026-09-17T07:50:43.000Z,,,,
https://www.instagram.com/p/DMCRH6Vzjl1/,,Instagram,eka.oktavianii,Maudy kamu kuliah dari UANG PAJAK RAKYAT 😂😂😂,2026-09-17T07:49:31.000Z,,,,
https://www.instagram.com/p/DMCRH6Vzjl1/,,Instagram,herlinahg,Mba maudy setidaknya anda harus belajar berempati biar nanti jd ortu anak bs ngajarin yg baik tau menempatkan dirinya bukan asal mindfull mindfull lan yaa 🙏🏻,2026-09-17T07:49:23.000Z,,,,
https://www.instagram.com/p/DMCRH6Vzjl1/,,Instagram,___apsyapping,lu kemana duta tone deaf? kok tbtb kicep.,2026-09-17T07:48:51.000Z,,,,
https://www.instagram.com/p/DMCRH6Vzjl1/,,Instagram,nnnnisas,Hey kita smua tuh biayain kuliah looooo. Jadi tau diri ya,2026-09-17T07:46:58.000Z,,,,
https://www.instagram.com/p/DMCRH6Vzjl1/,,Instagram,nita24aa25,"Dlu aku sempet berdoa, pengen anak aku kaya kamu, pinter cantik.. tapiii hari ini aku berdoa, bismillah  anak aku jadi versi terbaik anak aku aja , pinter cantik hati dan cantik pikiran.",2026-09-17T07:46:39.000Z,,,,
https://www.instagram.com/p/DMCRH6Vzjl1/,,Instagram,pancaanugrah_,tidak semua orang yang berilmu itu berempati. gak semua orang cantik berempati. manusia jumawa!,2026-09-17T07:46:22.000Z,,,,
https://www.instagram.com/p/DMCRH6Vzjl1/,,Instagram,shxx.f15,Karna lu ga ngerasain dibawah makanya mulutnya suka kaga dipikir kalo ngomong. Katanya pinter berpendidikan tapi respect gada ke org lain yg lagi kesusahan,2026-09-17T07:41:51.000Z,,,,
https://www.instagram.com/p/DMCRH6Vzjl1/,,Instagram,subject_17com,"kl jaman dulu para pejuang pikirannya kyk gini, menghindari badnews, mungkin indonesia gak pernah merdeka. tp yaudah sih, gak usah maksa jadi pejuang kl lu gak mampu. jaman dulu jg banyak yang ngerasa hidupnya udah enak dan milih deket sm penjajah. gak heran kl jaman sekarang masih ada. 😂",2026-09-17T07:38:18.000Z,,,,
https://www.instagram.com/p/DMCRH6Vzjl1/,,Instagram,io.kabuuuu,"Maudy mataku sm hidungku sakit kena kabut asap di kotaku, maaf yaa sdh bikin bad news grgr dikotaku😢😢",2026-09-17T07:36:32.000Z,,,,
https://www.instagram.com/p/DMCRH6Vzjl1/,,Instagram,ishyadiat,Cuihhh,2026-09-17T07:34:59.000Z,,,,
https://www.instagram.com/p/DMCRH6Vzjl1/,,Instagram,ishyadiat,Kak unresprct gua ama lu,2026-09-17T07:34:57.000Z,,,,
https://www.instagram.com/p/DMCRH6Vzjl1/,,Instagram,addesulaeman,"Ya elah Cil bocil hidup lu sih enak,, ga antri bansos",2026-09-17T07:34:52.000Z,,,,
https://www.instagram.com/p/DMCRH6Vzjl1/,,Instagram,muhamadcadangan97,😂😂😂😂😂,2026-09-17T07:34:22.000Z,,,,
https://www.instagram.com/p/DMCRH6Vzjl1/,,Instagram,ianpawiro,"Gausah ada bad news pun, ""KAMI"" sudah berada di bad situation😂",2026-09-17T07:27:34.000Z,,,,
https://www.instagram.com/p/DMCRH6Vzjl1/,,Instagram,madventure_flexplore,"Jadi pelajaran buat kita semua, kalo didik anak ajari berempati dulu baru ilmu, wawasan, dan agama😇",2026-09-17T07:25:49.000Z,,,,
https://www.instagram.com/p/DMCRH6Vzjl1/,,Instagram,wherewavesmeet.id,"Mana mindfulness lu? Tetap cool dan classy di depan kamera sambil baca komentar kita. Buktiin, jangan cuma ngomong. 🤣",2026-09-17T07:24:38.000Z,,,,
https://www.instagram.com/p/DMCRH6Vzjl1/,,Instagram,sabalonk.farm,berak sekebon,2026-09-17T07:24:32.000Z,,,,
https://www.instagram.com/p/DMCRH6Vzjl1/,,Instagram,anisaichaaa97,jijiqqqueeee nyesel nonton film mu,2026-09-17T07:20:29.000Z,,,,
https://www.instagram.com/p/DMCRH6Vzjl1/,,Instagram,j.elhi,Beasiswa lu noh dari uang rakyat huek cuih,2026-09-17T07:19:56.000Z,,,,
https://www.instagram.com/p/DMCRH6Vzjl1/,,Instagram,dlaamds_,"Si paling midfullness, dan tone deaf. nir empati pula👏",2026-09-17T07:18:10.000Z,,,,
https://www.instagram.com/p/DMCRH6Vzjl1/,,Instagram,syaiful_adam23,"Berita buruk tentang Indonesia masih bisa jaga kesehatan mentalku,tetapi berita ada orang yg kurang empati terhadap kondisi masyarakat Indonesia itu yg bikin kesehatan mentalku terganggu.... Pikiranku hanya ( kok bisa ada orang yg tidak merasakan dampaknya tetapi merasa terganggu ), Ooh, just you wait for your next life.",2026-09-17T07:17:25.000Z,,,,
https://www.instagram.com/p/DMCRH6Vzjl1/,,Instagram,wherewavesmeet.id,"You call it mindfulness, but why are you trying to unsubscribe from reality? 😭 Bad news isn’t a newsletter you can just click “unsubscribe” on. 😂",2026-09-17T07:16:56.000Z,,,,
https://www.instagram.com/p/DMCRH6Vzjl1/,,Instagram,jimet_koibito,Pantesan jodoh sama orang luar..ga punya moral😂,2026-09-17T07:16:38.000Z,,,,
https://www.instagram.com/p/DMCRH6Vzjl1/,,Instagram,naya_ten2,Memang adab lebih tinggi kedudukannya dari ilmu.,2026-09-17T07:16:00.000Z,,,,
https://www.instagram.com/p/DMCRH6Vzjl1/,,Instagram,wherewavesmeet.id,"Lu jualan skincare aja, jangan jualan ketenangan palsu. Bad news nggak hilang cuma gara-gara lu suruh orang tarik napas. 😭😂",2026-09-17T07:15:01.000Z,,,,
https://www.instagram.com/p/DMCRH6Vzjl1/,,Instagram,michaelmiwa,"Sekedar saran, gak semua yang ada di otak harus dikeluarin 🙏🏻",2026-09-17T07:14:50.000Z,,,,
https://www.instagram.com/p/DMCRH6Vzjl1/,,Instagram,_funkychunky,"@maudyayunda krempeng.. setelah pernyataan nte..ane menyadari 1 hal, kalo Mama Gufron ternyata sangat pintar.",2026-09-17T07:13:32.000Z,,,,
https://www.instagram.com/p/DMCRH6Vzjl1/,,Instagram,muh_umam05,Notif amann ???,2026-09-17T07:13:07.000Z,,,,
https://www.instagram.com/p/DMCRH6Vzjl1/,,Instagram,wherewavesmeet.id,"Girl, just stick to skincare. Stop trying to defy gravity while preaching mindfulness like everyone should just mute the bad news happening in Indonesia. You can protect your peace without pretending reality doesn’t exist. Your brain and your heart clearly aren’t on the same wavelength.",2026-09-17T07:10:38.000Z,,,,
https://www.instagram.com/p/DMCRH6Vzjl1/,,Instagram,rzkiryaa_,lulusan Oxford lohyaaahh,2026-09-17T07:10:01.000Z,,,,
https://www.instagram.com/p/DMCRH6Vzjl1/,,Instagram,jakulboys_,,2026-09-17T07:08:56.000Z,,,,
https://www.instagram.com/p/DMCRH6Vzjl1/,,Instagram,nouvalfhrz_,blokkkk,2026-09-17T07:04:46.000Z,,,,
https://www.instagram.com/p/DMCRH6Vzjl1/,,Instagram,uulya.ikhsan,Maruk kontol ngarep jabatan lu pepeek,2026-09-17T07:04:07.000Z,,,,
https://www.instagram.com/p/DMCRH6Vzjl1/,,Instagram,_funkychunky,@maudyayunda lo Cewek apa TV sih?? Kok datar banget..😢😢😭😭,2026-09-17T07:03:16.000Z,,,,
https://www.instagram.com/p/DMCRH6Vzjl1/,,Instagram,qodirjaelani_,mak lampir ketemu skincare😂😂😂,2026-09-17T07:00:38.000Z,,,,
https://www.instagram.com/p/DMCRH6Vzjl1/,,Instagram,caiiicaa___,KALO GA PERNAH NGERASAIN IDUP SUSAH GA USAH BACOT,2026-09-17T06:59:16.000Z,,,,
https://www.instagram.com/p/DMCRH6Vzjl1/,,Instagram,rindy_lynch,Serius ini dia 0 empati??? Padahal Ku suka banget loh sama dia ini. Kalau beneran. Aku gk suka sama kamu lagi,2026-09-17T06:52:37.000Z,,,,
https://www.instagram.com/p/DMCRH6Vzjl1/,,Instagram,yogvalentino_,"AROGAN MEMBUNUH MU, HIDUPLAH SEPERTI PADI SEMAKIN BERISI SEMAKIN MENUNDUK",2026-09-17T06:52:23.000Z,,,,
https://www.instagram.com/p/DMCRH6Vzjl1/,,Instagram,idk.reqsi,😢😢😢,2026-09-17T06:43:51.000Z,,,,
https://www.instagram.com/p/DMCRH6Vzjl1/,,Instagram,idk.reqsi,😭😭😭,2026-09-17T06:43:46.000Z,,,,
https://www.instagram.com/p/DMCRH6Vzjl1/,,Instagram,idk.reqsi,😂😂😂,2026-09-17T06:43:42.000Z,,,,
https://www.instagram.com/p/DMCRH6Vzjl1/,,Instagram,andin_devil_beauty,Banyakin jelajah ke kota terpencil di indonesia deh biar terbuka otaknya eh hati nuraninya,2026-09-17T06:42:26.000Z,,,,
https://www.instagram.com/p/DMCRH6Vzjl1/,,Instagram,_kevinnn53,😢,2026-09-17T06:38:41.000Z,,,,
https://www.instagram.com/p/DMCRH6Vzjl1/,,Instagram,_kevinnn53,😂,2026-09-17T06:38:39.000Z,,,,
https://www.instagram.com/p/DMCRH6Vzjl1/,,Instagram,_kevinnn53,😂,2026-09-17T06:38:37.000Z,,,,
https://www.instagram.com/p/DMCRH6Vzjl1/,,Instagram,_kevinnn53,😂,2026-09-17T06:38:36.000Z,,,,
https://www.instagram.com/p/DMCRH6Vzjl1/,,Instagram,_kevinnn53,😂,2026-09-17T06:38:36.000Z,,,,
https://www.instagram.com/p/DMCRH6Vzjl1/,,Instagram,_kevinnn53,😮,2026-09-17T06:38:35.000Z,,,,
https://www.instagram.com/p/DMCRH6Vzjl1/,,Instagram,_kevinnn53,😮,2026-09-17T06:38:34.000Z,,,,
https://www.instagram.com/p/DMCRH6Vzjl1/,,Instagram,_kevinnn53,😢😢,2026-09-17T06:38:31.000Z,,,,
https://www.instagram.com/p/DMCRH6Vzjl1/,,Instagram,_kevinnn53,😢,2026-09-17T06:38:31.000Z,,,,
https://www.instagram.com/p/DMCRH6Vzjl1/,,Instagram,_kevinnn53,😢,2026-09-17T06:38:29.000Z,,,,
https://www.instagram.com/p/DMCRH6Vzjl1/,,Instagram,_kevinnn53,😢,2026-09-17T06:38:29.000Z,,,,
https://www.instagram.com/p/DMCRH6Vzjl1/,,Instagram,_kevinnn53,😢,2026-09-17T06:38:28.000Z,,,,
https://www.instagram.com/p/DMCRH6Vzjl1/,,Instagram,_kevinnn53,😢,2026-09-17T06:38:28.000Z,,,,
https://www.instagram.com/p/DMCRH6Vzjl1/,,Instagram,_kevinnn53,😢,2026-09-17T06:38:27.000Z,,,,
https://www.instagram.com/p/DMCRH6Vzjl1/,,Instagram,ahybhrr_03,🥀🥀🥀🥀🥀,2026-09-17T06:38:27.000Z,,,,
https://www.instagram.com/p/DMCRH6Vzjl1/,,Instagram,_kevinnn53,😢,2026-09-17T06:38:26.000Z,,,,
https://www.instagram.com/p/DMCRH6Vzjl1/,,Instagram,_kevinnn53,😢,2026-09-17T06:38:26.000Z,,,,
https://www.instagram.com/p/DMCRH6Vzjl1/,,Instagram,_kevinnn53,😢,2026-09-17T06:38:25.000Z,,,,
https://www.instagram.com/p/DMCRH6Vzjl1/,,Instagram,_kevinnn53,😢😢,2026-09-17T06:38:25.000Z,,,,
https://www.instagram.com/p/DMCRH6Vzjl1/,,Instagram,_kevinnn53,😢,2026-09-17T06:38:24.000Z,,,,
https://www.instagram.com/p/DMCRH6Vzjl1/,,Instagram,_kevinnn53,😢,2026-09-17T06:38:23.000Z,,,,
https://www.instagram.com/p/DMCRH6Vzjl1/,,Instagram,_kevinnn53,😢,2026-09-17T06:38:22.000Z,,,,
https://www.instagram.com/p/DMCRH6Vzjl1/,,Instagram,_kevinnn53,😢,2026-09-17T06:38:22.000Z,,,,
https://www.instagram.com/p/DMCRH6Vzjl1/,,Instagram,_kevinnn53,😢,2026-09-17T06:38:21.000Z,,,,
https://www.instagram.com/p/DMCRH6Vzjl1/,,Instagram,_kevinnn53,😢,2026-09-17T06:38:20.000Z,,,,
https://www.instagram.com/p/DMCRH6Vzjl1/,,Instagram,_kevinnn53,😢,2026-09-17T06:38:20.000Z,,,,
https://www.instagram.com/p/DMCRH6Vzjl1/,,Instagram,_kevinnn53,😢,2026-09-17T06:38:19.000Z,,,,
https://www.instagram.com/p/DMCRH6Vzjl1/,,Instagram,_kevinnn53,😢,2026-09-17T06:38:18.000Z,,,,
https://www.instagram.com/p/DMCRH6Vzjl1/,,Instagram,_kevinnn53,😢,2026-09-17T06:38:17.000Z,,,,
https://www.instagram.com/p/DMCRH6Vzjl1/,,Instagram,_kevinnn53,😢,2026-09-17T06:38:16.000Z,,,,
https://www.instagram.com/p/DMCRH6Vzjl1/,,Instagram,_kevinnn53,😢,2026-09-17T06:38:15.000Z,,,,
https://www.instagram.com/p/DMCRH6Vzjl1/,,Instagram,_kevinnn53,😢,2026-09-17T06:38:14.000Z,,,,
https://www.instagram.com/p/DMCRH6Vzjl1/,,Instagram,_kevinnn53,😢😢😢,2026-09-17T06:38:13.000Z,,,,
https://www.instagram.com/p/DMCRH6Vzjl1/,,Instagram,felicekartika,Kapan keluarin statement lagi ? Diem diem aja ni,2026-09-17T06:35:27.000Z,,,,
https://www.instagram.com/p/DMCRH6Vzjl1/,,Instagram,_rajd21,Mindcrotness,2026-09-17T06:34:11.000Z,,,,
https://www.instagram.com/p/DMCRH6Vzjl1/,,Instagram,baniwijaya06,Titid,2026-09-17T06:33:54.000Z,,,,
https://www.instagram.com/p/DMCRH6Vzjl1/,,Instagram,arulifin,Kulkas mahal banget kayanya sist.,2026-09-17T06:32:28.000Z,,,,
https://www.instagram.com/p/DMCRH6Vzjl1/,,Instagram,kak_bandot,Minta dikeramasin pakai remahan belukar gambut yang habis kebakaran nih kayaknya si do'i,2026-09-17T06:28:47.000Z,,,,
https://www.instagram.com/p/DMCRH6Vzjl1/,,Instagram,flarionyx___,,2026-09-17T06:27:23.000Z,,,,
https://www.instagram.com/p/DMCRH6Vzjl1/,,Instagram,evitrymuthia,Minim empati,2026-09-17T06:26:11.000Z,,,,
https://www.instagram.com/p/DMCRH6Vzjl1/,,Instagram,juniantara_ryu,ke warnet cuma mau bacain komentar netizen Budiman 😇,2026-09-17T06:24:29.000Z,,,,
https://www.instagram.com/p/DMCRH6Vzjl1/,,Instagram,nauren1626,Seketika nampak gobloknya😂,2026-09-17T06:24:27.000Z,,,,
https://www.instagram.com/p/DMCRH6Vzjl1/,,Instagram,ikha.lestari21,kira dia pinter ternyata otaknya cuman ada di tumit kaki 😭,2026-09-17T06:23:47.000Z,,,,
https://www.instagram.com/p/DMCRH6Vzjl1/,,Instagram,dprilyes,"mending lu ke kalimantan lgs deh kata gue mah, biar ngerasain sendiri gmn dampak karhutla disini",2026-09-17T06:21:59.000Z,,,,
https://www.instagram.com/p/DMCRH6Vzjl1/,,Instagram,riskadmynti__,Sialan,2026-09-17T06:21:50.000Z,,,,
https://www.instagram.com/p/DMCRH6Vzjl1/,,Instagram,airazahra797,Minim empathy,2026-09-17T06:21:41.000Z,,,,
https://www.instagram.com/p/DMCRH6Vzjl1/,,Instagram,zve42_,,2026-09-17T06:21:19.000Z,,,,
https://www.instagram.com/p/DMCRH6Vzjl1/,,Instagram,dmzptrviss,kesini mau liat komenan warganet,2026-09-17T06:21:09.000Z,,,,
https://www.instagram.com/p/DMCRH6Vzjl1/,,Instagram,dprilyes,,2026-09-17T06:20:29.000Z,,,,
https://www.instagram.com/p/DMCRH6Vzjl1/,,Instagram,aidabaladrap,Sorry gua gak respect lagi Ama lu,2026-09-17T06:20:26.000Z,,,,
https://www.instagram.com/p/DMCRH6Vzjl1/,,Instagram,agusrianto.aryo,"kuliah diluar negeri ngak jamin pinter, malah otak nya kayak dengkul",2026-09-17T06:17:38.000Z,,,,
https://www.instagram.com/p/DMCRH6Vzjl1/,,Instagram,hrnannn_,Manusia kntl,2026-09-17T06:16:47.000Z,,,,
https://www.instagram.com/p/DMCRH6Vzjl1/,,Instagram,gcls.rath,Kamu baca Let Them Theory kayanya malah jadi toxic positivity deh,2026-09-17T06:16:44.000Z,,,,
https://www.instagram.com/p/DMCRH6Vzjl1/,,Instagram,martabakorin,Maudy Netanyahu🤣,2026-09-17T06:16:14.000Z,,,,
https://www.instagram.com/p/DMCRH6Vzjl1/,,Instagram,artaa.estebu,mirs banget,2026-09-17T06:13:08.000Z,,,,
https://www.instagram.com/p/DMCRH6Vzjl1/,,Instagram,rzaryy_,,2026-09-17T06:12:40.000Z,,,,
https://www.instagram.com/p/DMCRH6Vzjl1/,,Instagram,royanjunda_,"padahal dari awal udah bilang keep caring tetap peduli, terus bagian mana nir empati nya? sabar yh kak 🥲",2026-09-17T06:11:49.000Z,,,,
https://www.instagram.com/p/DMCRH6Vzjl1/,,Instagram,fanniag__,Prettt,2026-09-17T06:09:50.000Z,,,,
https://www.instagram.com/p/DMCRH6Vzjl1/,,Instagram,shofiaa94,nyewa buzzer niyyy,2026-09-17T06:08:40.000Z,,,,
https://www.instagram.com/p/DMCRH6Vzjl1/,,Instagram,betterfin07,"hawa tetaplah hawa entah belajar di manapun pasti membuat di usir dari surga🙏 terlalu di dengar dan di sanjung oleh banyak orang kadang secara tidak sadar membuat manusia salah mengira dirinya maha benar. ""pujian adalah racun""",2026-09-17T06:08:25.000Z,,,,
https://www.instagram.com/p/DMCRH6Vzjl1/,,Instagram,kameliaptr_,jauh2 kuliah tp 0 empati. speechless gue sm video maudy,2026-09-17T06:08:14.000Z,,,,
https://www.instagram.com/p/DMCRH6Vzjl1/,,Instagram,kameliaptr_,0 empati,2026-09-17T06:07:46.000Z,,,,
https://www.instagram.com/p/DMCRH6Vzjl1/,,Instagram,thereal_rhikal,sadis yang komen 😂,2026-09-17T06:06:06.000Z,,,,
https://www.instagram.com/p/DMCRH6Vzjl1/,,Instagram,indraa_pratama29,pinter doang gak cukup ygy,2026-09-17T06:05:37.000Z,,,,
https://www.instagram.com/p/DMCRH6Vzjl1/,,Instagram,__wnnndd,empati nya udah ilang kah?,2026-09-17T06:05:23.000Z,,,,
https://www.instagram.com/p/DMCRH6Vzjl1/,,Instagram,ozipiecturadventure,𝘚𝘢𝘬𝘪𝘯𝘨 𝘱𝘪𝘯𝘵𝘢𝘳𝘯𝘺𝘢 𝘮𝘢𝘭𝘢𝘩 𝘫𝘢𝘥𝘪 𝘣𝘰𝘥𝘰𝘩 𝘸𝘬𝘸𝘬𝘸𝘬 ٩̋(๑˃́ꇴ˂̀๑)🤣,2026-09-17T06:04:12.000Z,,,,
https://www.instagram.com/p/DMCRH6Vzjl1/,,Instagram,raffidhaif_,NIREMPATI,2026-09-17T06:03:02.000Z,,,,
https://www.instagram.com/p/DMCRH6Vzjl1/,,Instagram,rialdi.riotz,mindfulness=qana'ah,2026-09-17T06:00:26.000Z,,,,
https://www.instagram.com/p/DMCRH6Vzjl1/,,Instagram,yolalukya,Nol empati,2026-09-17T05:58:03.000Z,,,,
https://www.instagram.com/p/DMCRH6Vzjl1/,,Instagram,faridasyahnaz,"#tolaktonedeaf #penerimaLPDPharusikatandinas ubah kecemasan jadi solidaritas, jangan abai … mindfullness bukan setelah baca terus babay",2026-09-17T05:57:43.000Z,,,,
https://www.instagram.com/p/DMCRH6Vzjl1/,,Instagram,hokbusharri,Ilmu dijalankan dengan otak yg berfungsi dgn TDK baik Jadine sia sia 😂,2026-09-17T05:56:24.000Z,,,,
https://www.instagram.com/p/DMCRH6Vzjl1/,,Instagram,sandy_dxglory22,"Ohh ini orng nya yg so tau itu , kirain pinter beneran eh ternyata",2026-09-17T05:53:10.000Z,,,,
https://www.instagram.com/p/DMCRH6Vzjl1/,,Instagram,dyanurhaliza,Terlalu berlogika sampai lupa berempati kah mba?,2026-09-17T05:52:18.000Z,,,,
https://www.instagram.com/p/DMCRH6Vzjl1/,,Instagram,amruufaizz_,lebih cocok EL-MINDFULNESS apa EL-TONE DEAF ya?,2026-09-17T05:51:12.000Z,,,,
https://www.instagram.com/p/DMCRH6Vzjl1/,,Instagram,mustofazainalarif,Punya otak doang ga punya rasa empati yang Bagus.,2026-09-17T05:51:08.000Z,,,,
https://www.instagram.com/p/DMCRH6Vzjl1/,,Instagram,mfajarnisa,NIREMPATI,2026-09-17T05:50:43.000Z,,,,
https://www.instagram.com/p/DMCRH6Vzjl1/,,Instagram,_indahnovv,Tone deaf abiizzzzzzz,2026-09-17T05:50:12.000Z,,,,
https://www.instagram.com/p/DMCRH6Vzjl1/,,Instagram,firman_bachdim,,2026-09-17T05:49:19.000Z,,,,
https://www.instagram.com/p/DMCRH6Vzjl1/,,Instagram,zuliantaan,tone deaf final boss,2026-09-17T05:48:56.000Z,,,,
https://www.instagram.com/p/DMCRH6Vzjl1/,,Instagram,witriana,"ternyata org pintar itu gak punya empati sama sekali! sini kak kalimantan dan riau! biar kau tauu, kmi di riau nih tiap tahun menghirup asap! skrg bukan cuman riau skrg ini, hampir menyeluruh indonesiaa kekepung asap! belum pernh merasakan ya, kami org daerah yg menyumbang byk ke pusat! malah kalian yg menikmati, otak dan hatimu dmn???",2026-09-17T05:48:34.000Z,,,,
https://www.instagram.com/p/DMCRH6Vzjl1/,,Instagram,januari.putriku,Cuihhhhhhhhhh,2026-09-17T05:48:20.000Z,,,,
https://www.instagram.com/p/DMCRH6Vzjl1/,,Instagram,_weniayyy,Kaya dari duit rakyat aja belagu lo anjir,2026-09-17T05:47:06.000Z,,,,
https://www.instagram.com/p/DMCRH6Vzjl1/,,Instagram,saria_nrhsna,oh ini yg pretending to care but low in empathy?,2026-09-17T05:46:40.000Z,,,,
https://www.instagram.com/p/DMCRH6Vzjl1/,,Instagram,dwidiyan,,2026-09-17T05:46:38.000Z,,,,
https://www.instagram.com/p/DMCRH6Vzjl1/,,Instagram,sa_fira3705,Cuihhhhhhhhhh,2026-09-17T05:45:53.000Z,,,,
https://www.instagram.com/p/DMCRH6Vzjl1/,,Instagram,_weniayyy,Taikk,2026-09-17T05:45:36.000Z,,,,
https://www.instagram.com/p/DMCRH6Vzjl1/,,Instagram,vindhsthy,Cuih,2026-09-17T05:44:59.000Z,,,,
https://www.instagram.com/p/DMCRH6Vzjl1/,,Instagram,akmaalzz,,2026-09-17T05:42:59.000Z,,,,
https://www.instagram.com/p/DMCRH6Vzjl1/,,Instagram,azkacp_,,2026-09-17T05:42:51.000Z,,,,
https://www.instagram.com/p/DMCRH6Vzjl1/,,Instagram,juliyafdhaa,"kesini kak liat kalimantan, hirup udaranya, liat hutannya, dan harus banyak lagi yang kamu tau. kamu tone deaf kak, udah.",2026-09-17T05:42:14.000Z,,,,
https://www.instagram.com/p/DMCRH6Vzjl1/,,Instagram,fsullivan31_,"Suka ketawa sama komen org Indo, selalu gampang kepancing sama bakaran media🤣 padahal kalo ditelaah dia ga sepenuhnya salah🙃 cuman karna pas momennya lagi butuh kambing hitam dan ada blunder ini dapst deh bakaran media dan antek2 penjilat pemerintah😂😂 semoga orang indonesia lebih bijak lagi dalam mencerna suatu opini🙏",2026-09-17T05:41:47.000Z,,,,
https://www.instagram.com/p/DMCRH6Vzjl1/,,Instagram,mario.pratama2,,2026-09-17T05:39:07.000Z,,,,
https://www.instagram.com/p/DMCRH6Vzjl1/,,Instagram,inikanharie,"Kadang pinter aja ga cukup, harus punya kepekaan terhadap kondisi warga saat ini👏",2026-09-17T05:38:23.000Z,,,,
https://www.instagram.com/p/DMCRH6Vzjl1/,,Instagram,idoososaurus,login,2026-09-17T05:37:41.000Z,,,,
https://www.instagram.com/p/DMCRH6Vzjl1/,,Instagram,shelaftrsr,Sudah pernah ngirup udara terpapar asap belum?,2026-09-17T05:32:35.000Z,,,,
https://www.instagram.com/p/DMCRH6Vzjl1/,,Instagram,bunnyywiinn,"Sini main ke Kalimantan, biar tau rasanya nafas sesak mata pedih. Asap masuk ke dalam rumah",2026-09-17T05:32:23.000Z,,,,
https://www.instagram.com/p/DMCRH6Vzjl1/,,Instagram,d.great_imam,"santai kak, yg km sampein itu bener kok, cuma org org IQ rendah aja yg gk terima dan tersinggung dengan kakak, maklum mereka jago ngehujat dibanding nenangin diri sambil bertindak",2026-09-17T05:32:16.000Z,,,,
https://www.instagram.com/p/DMCRH6Vzjl1/,,Instagram,mbu_to,Nitip Swalow,2026-09-17T05:31:41.000Z,,,,
https://www.instagram.com/p/DMCRH6Vzjl1/,,Instagram,fenitris,aku menyebutnya apatisss,2026-09-17T05:30:54.000Z,,,,
https://www.instagram.com/p/DMCRH6Vzjl1/,,Instagram,daviinsnkbri_,Login,2026-09-17T05:30:51.000Z,,,,
https://www.instagram.com/p/DMCRH6Vzjl1/,,Instagram,galanggg44__,"ngga semua orang berilmu, berempati",2026-09-17T05:29:43.000Z,,,,
https://www.instagram.com/p/DMCRH6Vzjl1/,,Instagram,lunaakuuu,"Klo gak peduli gak usah ajak ajak orang, kalau gak punya rasa kemanusiaan gak usah ajak ajak juga. Kalau buta jangan bikin orang lain buta juga. Fansmu ini sangat Kecewa 😞",2026-09-17T05:28:24.000Z,,,,
https://www.instagram.com/p/DMCRH6Vzjl1/,,Instagram,zainal_zh05,Aku kira cerdas.,2026-09-17T05:28:18.000Z,,,,
https://www.instagram.com/p/DMCRH6Vzjl1/,,Instagram,d_jjiy,"Sok iya luu , lpdp jalur ordal jugaa bacoood !",2026-09-17T05:28:09.000Z,,,,
https://www.instagram.com/p/DMCRH6Vzjl1/,,Instagram,muhammadyudifaeyza,Inilah yang disebut blunder... Damn bro,2026-09-17T05:25:37.000Z,,,,
https://www.instagram.com/p/DMCRH6Vzjl1/,,Instagram,redrawsketch,,2026-09-17T05:24:59.000Z,,,,
https://www.instagram.com/p/DMCRH6Vzjl1/,,Instagram,jbdahh_,"SINI MAIN² KE KALIMANTAN KAA, LIAT ASAPNYA SETEBAL APA",2026-09-17T05:23:53.000Z,,,,
https://www.instagram.com/p/DMCRH6Vzjl1/,,Instagram,riickyhendraaa,ANJlNG LU,2026-09-17T05:23:02.000Z,,,,
https://www.instagram.com/p/DMCRH6Vzjl1/,,Instagram,rihanadany,"Mungkin Kamu TDK prnh  merasakan gimana kami setiap hari menghirup asap yg masuk sampai k dlm rmh,TDK prnh mengalami antri BBM yg sangat panjang,TDK pernh mengalami sulitnya air bersih,itulah yg kami rasakan saat ini di KALIMANTAN",2026-09-17T05:22:05.000Z,,,,
https://www.instagram.com/p/DMCRH6Vzjl1/,,Instagram,ryandprg,Ngemindfulness yok,2026-09-17T05:20:01.000Z,,,,
https://www.instagram.com/p/DMCRH6Vzjl1/,,Instagram,gibranih.mad199,,2026-09-17T05:19:55.000Z,,,,
https://www.instagram.com/p/DMCRH6Vzjl1/,,Instagram,arra.malauuu,Mindfulness mindfullness 🤮,2026-09-17T05:19:47.000Z,,,,
https://www.instagram.com/p/DMCRH6Vzjl1/,,Instagram,somewhere.aml,"@droopy.e udah, aku nangkep maksudnya, ngerti niat baiknya Maudy. Cuma disini tuh waktunya nggak tepat, karena apa? Karena bagi korban, bad news yang disebut ini soal mereka, rasa menderita mereka, dan berita berita ini penting buat orang awam biar mereka tahu bahwa sesama rakyat ada yang menjadi korban, untuk kita bersimpati dan berempati (bantu bukan malah menghindar). Jelasnya kita tuh punya tanggung jawab sosial kak. Lalu keadaan publik figur yang menyampaikan itu punya pilihan buat kabur atau masih bisa makan dan minum dengan nyaman. Jadi ini soal waktu dan keadaan ajaa. Cumaa buat berhenti memikirkan orang lain karena isi beritanya buruk semua, itu yang disebut nirempati. Toh dasar negara ini kan pancasila. Kemanusiaan.",2026-09-17T05:19:10.000Z,,,,
https://www.instagram.com/p/DMCRH6Vzjl1/,,Instagram,fahriz_hardiansyah,freak,2026-09-17T05:18:40.000Z,,,,
https://www.instagram.com/p/DMCRH6Vzjl1/,,Instagram,vivisinamarsikumbang95,Sok iye lu,2026-09-17T05:18:03.000Z,,,,
https://www.instagram.com/p/DMCRH6Vzjl1/,,Instagram,shira.hijab,"Kecewa banget,,",2026-09-17T05:16:15.000Z,,,,
https://www.instagram.com/p/DMCRH6Vzjl1/,,Instagram,donicgb__,Yihihihihi,2026-09-17T05:15:21.000Z,,,,
https://www.instagram.com/p/DMCRH6Vzjl1/,,Instagram,lestariishb,si paling mindfulness🤮🤢,2026-09-17T05:13:51.000Z,,,,
https://www.instagram.com/p/DMCRH6Vzjl1/,,Instagram,matchasalted09,"Aku gak tau cuma perasaan aku aja apa emang dia begitu orngnya, dia ini pernah juga kena hujat gegara gk pernah bersuara untuk gaza, terus yang perihal bencana yang di aceh itu kalau gk salah yang pas banjir,dia kena hujat juga karna gk pernah bersuara,entah kenapaa tapi dia ini kaya tipikal orang yg apa apa tuh kek harus dihujat dulu baru mau up, kek maaf ya kaya gk punya rasa kemanusiaan nyh bngt.",2026-09-17T05:12:26.000Z,,,,
https://www.instagram.com/p/DMCRH6Vzjl1/,,Instagram,dvylln,ini yg merasa bad news🤣,2026-09-17T05:11:02.000Z,,,,
https://www.instagram.com/p/DMCRH6Vzjl1/,,Instagram,ruang.sebentar,Pura pura pinter,2026-09-17T05:07:39.000Z,,,,
https://www.instagram.com/p/DMCRH6Vzjl1/,,Instagram,yamii.dgaf,"lu mah enak jing, uang turun temurun diputar jdi artis jalur ordal mbud mbud",2026-09-17T05:07:22.000Z,,,,
https://www.instagram.com/p/DMCRH6Vzjl1/,,Instagram,ciciyyuvia_,"Sok cantik najis , muka2 pick me ga ada hati .. Kuliah jg pke uang rakyat lu",2026-09-17T05:07:18.000Z,,,,
https://www.instagram.com/p/DMCRH6Vzjl1/,,Instagram,ichsantengbunan,Jir kemaren masih 18rb,2026-09-17T05:07:06.000Z,,,,
https://www.instagram.com/p/DMCRH6Vzjl1/,,Instagram,yamii.dgaf,login,2026-09-17T05:06:55.000Z,,,,
https://www.instagram.com/p/DMCRH6Vzjl1/,,Instagram,mna92._,jir 20rb loh ya 😹,2026-09-17T05:06:30.000Z,,,,
https://www.instagram.com/p/DMCRH6Vzjl1/,,Instagram,betekok_hejo,Ternyata sudah ramai,2026-09-17T05:06:30.000Z,,,,
https://www.instagram.com/p/DMCRH6Vzjl1/,,Instagram,faceyourfear_ss,"Kalo kalian makan rendang kegigit lengkoas, let them. Kalo kalian jalan kaki dari indo ke madagaskar, ledes",2026-09-17T05:05:24.000Z,,,,
https://www.instagram.com/p/DMCRH6Vzjl1/,,Instagram,candyplastik,Banyak gaya,2026-09-17T05:04:45.000Z,,,,
https://www.instagram.com/p/DMCRH6Vzjl1/,,Instagram,liayunisyaah,Cancel culture jgn ada yg beli produk dia😂,2026-09-17T05:04:42.000Z,,,,
https://www.instagram.com/p/DMCRH6Vzjl1/,,Instagram,lex_spe_ialist,NETIZEN INDONESIA MUNAFIIIIIKKKKKKKKK. CUMA SALAH KONSEPSI AJA KALIAN NGERUJAKNYA SOOOK BANGET. DIA PUNYA IMPACT BANYAK DARIPADA KALIAANNN,2026-09-17T05:04:19.000Z,,,,
https://www.instagram.com/p/DMCRH6Vzjl1/,,Instagram,inungz,Balikin duit yg buat bayarin anda skolah,2026-09-17T05:03:46.000Z,,,,
https://www.instagram.com/p/DMCRH6Vzjl1/,,Instagram,felixeffendyy,Kuliah tinggi tinggi tapi plenger,2026-09-17T05:02:19.000Z,,,,
https://www.instagram.com/p/DMCRH6Vzjl1/,,Instagram,pelindunghutan,Sekolah lo aja pakek pajak rakyat tpi enggak punya empati,2026-09-17T05:01:56.000Z,,,,
https://www.instagram.com/p/DMCRH6Vzjl1/,,Instagram,abimanyu.nar,"mainfulnes mbahmu, uripmu gor ongkang2 kokehan nyochot letdem letdem",2026-09-17T05:01:22.000Z,,,,
https://www.instagram.com/p/DMCRH6Vzjl1/,,Instagram,rialdi.riotz,"terlalu sering melihat berita buruk jadi bikin stress, makanya rakyat indonesia kebanyakan pada stress tuh sekarang. terlebih kaum sakit hati😭",2026-09-17T04:59:24.000Z,,,,
https://www.instagram.com/p/DMCRH6Vzjl1/,,Instagram,coolio_cavalera,pengen muntah liat ini yaa hueekkk🤮🤮🤮🤮🤮🤮🤮,2026-09-17T04:58:55.000Z,,,,
https://www.instagram.com/p/DMCRH6Vzjl1/,,Instagram,inang.dlpnga,di suru nyicipi mkanan tiap hari biar yg lain gak kracunan. Prnaa?,2026-09-17T04:57:59.000Z,,,,
https://www.instagram.com/p/DMCRH6Vzjl1/,,Instagram,joey.schlink,Ehh garpu somay.. ngumpet kan lo kalo udah begini 😂,2026-09-17T04:57:56.000Z,,,,
https://www.instagram.com/p/DMCRH6Vzjl1/,,Instagram,wherewavesmeet.id,"Sebelum lu posting konten, harusnya lu check ombak dulu. Lihat situasi, pikirin dampak baik-buruknya, dan tanya diri sendiri: ini momennya tepat atau nggak? Jangan asal posting cuma karena pengin ngomong.",2026-09-17T04:57:46.000Z,,,,
https://www.instagram.com/p/DMCRH6Vzjl1/,,Instagram,umimai1,🤮🤮🤮🤮 si paling mindfulness,2026-09-17T04:57:32.000Z,,,,
https://www.instagram.com/p/DMCRH6Vzjl1/,,Instagram,ihsan.__.n,“Those who do not understand true pain can never understand true peace.” (Nagato),2026-09-17T04:56:45.000Z,,,,
https://www.instagram.com/p/DMCRH6Vzjl1/,,Instagram,irxyma_spam,g punya empati ya,2026-09-17T04:54:38.000Z,,,,
https://www.instagram.com/p/DMCRH6Vzjl1/,,Instagram,rina.varera,SEKOLAH PAKE UANG PAJAK RAKYAT PADAHAL,2026-09-17T04:54:21.000Z,,,,
https://www.instagram.com/p/DMCRH6Vzjl1/,,Instagram,_dvy.andrn,dia gk ngerasain apa yg kita rasain,2026-09-17T04:53:35.000Z,,,,
https://www.instagram.com/p/DMCRH6Vzjl1/,,Instagram,ameliashrm,,2026-09-17T04:51:38.000Z,,,,
https://www.instagram.com/p/DMCRH6Vzjl1/,,Instagram,adityakur___,DUIT DARI RAKYAT 🤣🤣🤣,2026-09-17T04:50:38.000Z,,,,
https://www.instagram.com/p/DMCRH6Vzjl1/,,Instagram,damzakhm,"Sekolah aja minta dibiayaain negara,malu kali, kita aja yang miskin ga meminta dibantu negara untuk sekedar belajar.",2026-09-17T04:50:02.000Z,,,,
https://www.instagram.com/p/DMCRH6Vzjl1/,,Instagram,benintosius_md,"Oh ini yang sekolah nya pake uang rakyat, pake pajak rakyat, pajak orang MISKIN, dan sekarang dia Step over waktu negara nya lagi berduka dan kesusahan??😂😂😂, di University no 1 in the world tidak mengajarkan EMPATI ya mbak?😂😂, malu",2026-09-17T04:48:50.000Z,,,,
https://www.instagram.com/p/DMCRH6Vzjl1/,,Instagram,wherewavesmeet.id,"Instant karma, baby girl. 😂🔥 Now you’re the bad news. 💀",2026-09-17T04:48:45.000Z,,,,
https://www.instagram.com/p/DMCRH6Vzjl1/,,Instagram,_fajar99_,"BARU DENGAR AJA SDH CAPEK, APALG NGALAMIN😂😂😂SEKALI2 JADI BURUH MBA, JADI WONG KAMPUNG😂😂😂",2026-09-17T04:48:34.000Z,,,,
https://www.instagram.com/p/DMCRH6Vzjl1/,,Instagram,hanafi.mhan,"Gw kira semua artis tuh kaya raya, eh ternyata oh ternyata ada juga rupanya artis yang miskiiiiiinnnn bangeett.. Saking miskin nya uang kuliah sendiri di luar negeri pake beasiswa LPDP. Tau ga LPDP biaya nya darimana? Ya dari duit pajak rakyat dong, gimana sih lu sekolah ga sih Maudy 😂😂😂.. Duta Mindfulness tapi stupid buat apa?? 😂😂😂, pinter kagak, cerdas kagak, goblok iya, dungu iya!! 😂😂😂. Sok sok an kuliah PPE = Public Policy and Economics, lu nya aja kagak paham kan isi kuliahnya apa 😂😂😂, udh mah kata gw klo lu dasarnya stupid mah stupid aja 🤣🤣🤣",2026-09-17T04:45:49.000Z,,,,
https://www.instagram.com/p/DMCRH6Vzjl1/,,Instagram,agusrianto.aryo,fungsi kuliah luar negeri itu apasih🤣,2026-09-17T04:45:28.000Z,,,,
https://www.instagram.com/p/DMCRH6Vzjl1/,,Instagram,wherewavesmeet.id,Nggak bisa berkutik kan lo sekarang? Udah dihajar habis-habisan di kolom komentar. 😂🔥,2026-09-17T04:45:26.000Z,,,,
https://www.instagram.com/p/DMCRH6Vzjl1/,,Instagram,muhammadferrry,"Bongol tambuk naah kam ai aku te,masukan mah dalam rimba biak ini ceh",2026-09-17T04:44:58.000Z,,,,
https://www.instagram.com/p/DMCRH6Vzjl1/,,Instagram,geoparl_,"KULIAH LUAR NEGERI PAKAI LPDP TAPI LULUSNYA LANGSUNG TINGGAL KE LUAR NEGERI? PERLU DI PERTANYAKAN NIH MASA ABDI PENGGUNA LPDP INI, ORANG KAYA TAPI PAKAI LPDP ITUPUN GAK MENGABDI UNTUK INDONESIA, TOLONG INI DI USUT",2026-09-17T04:44:48.000Z,,,,
https://www.instagram.com/p/DMCRH6Vzjl1/,,Instagram,ibu_alenka0818,Istigfar mba😢,2026-09-17T04:44:00.000Z,,,,
https://www.instagram.com/p/DMCRH6Vzjl1/,,Instagram,xzylla13,Jangan sok paling bener 🤣,2026-09-17T04:43:32.000Z,,,,
https://www.instagram.com/p/DMCRH6Vzjl1/,,Instagram,wherewavesmeet.id,You’re getting cooked. 💀😂🔥,2026-09-17T04:41:51.000Z,,,,
https://www.instagram.com/p/DMCRH6Vzjl1/,,Instagram,dewiiinay,Gak tau diri kaya tapi kuliah lpdp,2026-09-17T04:39:51.000Z,,,,
https://www.instagram.com/p/DMCRH6Vzjl1/,,Instagram,trisnahasanah.id,Tahiii,2026-09-17T04:37:23.000Z,,,,
https://www.instagram.com/p/DMCRH6Vzjl1/,,Instagram,champion_princess,"Benar keadaan seperti ini,mindfullness sgt dibutuhkan!!!setujuu🔥🔥😍😍",2026-09-17T04:36:06.000Z,,,,
https://www.instagram.com/p/DMCRH6Vzjl1/,,Instagram,yudi71188,"Biaya lpdp dari uang kita.. Gak malu lo ,makam pajak kami",2026-09-17T04:34:56.000Z,,,,
https://www.instagram.com/p/DMCRH6Vzjl1/,,Instagram,r_hardianto,"Cobain sehari aja nginep di daerah yang keadaannya lagi parah karena asap sekarang, terus cobain MBG yang beracun itu, biar lu tau rasanya, jangan cuma ngomong mindfulness doang. Pendidikan tinggi tapi gak punya empati, giliran udh dikritik baru sok sok an minta maaf, kampret lu, si paling mindfulness 😠",2026-09-17T04:33:36.000Z,,,,
https://www.instagram.com/p/DMCRH6Vzjl1/,,Instagram,wherewavesmeet.id,🚨 HEADLINE HARI INI: Berita buruk datang dari Duta Mindfulness. Ternyata tone-deaf juga bisa jadi lifestyle. 😂😂😂,2026-09-17T04:32:22.000Z,,,,
https://www.instagram.com/p/DMCRH6Vzjl1/,,Instagram,fira.n.a_1902,Ya kamu ga rasain makanya bgini… klo aneh ga mungkin sy bisa tulis komen2 ini… aku kerja siapa yang bilang ga kerja. Aduh2 ngeladenin kyk kamu orangnya yg ada mah jadi aneh beneran,2026-09-17T04:30:56.000Z,,,,
https://www.instagram.com/p/DMCRH6Vzjl1/,,Instagram,avlasea_,Rame yaa,2026-09-17T04:30:53.000Z,,,,
https://www.instagram.com/p/DMCRH6Vzjl1/,,Instagram,rialdi.riotz,sabar kak maudy.,2026-09-17T04:30:21.000Z,,,,
https://www.instagram.com/p/DMCRH6Vzjl1/,,Instagram,wherewavesmeet.id,"Ilmu padi, neng. Bukan ilmu tone-deaf jalur mindfulness. 🤣",2026-09-17T04:28:58.000Z,,,,
https://www.instagram.com/p/DMCRH6Vzjl1/,,Instagram,edelinasimanjuntak,Report rame2. Indonesia lagi keos begini masuk si Mindfulness,2026-09-17T04:27:50.000Z,,,,
https://www.instagram.com/p/DMCRH6Vzjl1/,,Instagram,abahhoman,Dikasih tutorial bersyukur sama manusia yg mungkin ga pernah dengar bunyi menteran listrik 👏,2026-09-17T04:27:03.000Z,,,,
https://www.instagram.com/p/DMCRH6Vzjl1/,,Instagram,agssuma_,ingat kata pain,2026-09-17T04:25:11.000Z,,,,
https://www.instagram.com/p/DMCRH6Vzjl1/,,Instagram,srirahatiandreini,sehat mbak?,2026-09-17T04:24:58.000Z,,,,
https://www.instagram.com/p/DMCRH6Vzjl1/,,Instagram,cristinnnlia_,Jadi rame kan komenan lu🤣🤮,2026-09-17T04:23:09.000Z,,,,
https://www.instagram.com/p/DMCRH6Vzjl1/,,Instagram,jully_har,Kenapa dia gak bisa kritik pemerintah ya karena dia sekolah pake uang pajak warga miskin gaess..jadi gimna yah... Mungkin kalo dulu dia sekolah dengan jalur mandiri bisa kali yah,2026-09-17T04:23:08.000Z,,,,
https://www.instagram.com/p/DMCRH6Vzjl1/,,Instagram,__daffafahrezi,udah gk ada bahan buat konten lagi kah kontol?,2026-09-17T04:23:01.000Z,,,,
https://www.instagram.com/p/DMCRH6Vzjl1/,,Instagram,immufida95,😍😍😍😍😍😍😍😍,2026-09-17T04:22:49.000Z,,,,
https://www.instagram.com/p/DMCRH6Vzjl1/,,Instagram,13_silviaaa,Let them 💅🏻,2026-09-17T04:20:48.000Z,,,,
https://www.instagram.com/p/DMCRH6Vzjl1/,,Instagram,adellianatasyaa,Au au,2026-09-17T04:19:40.000Z,,,,
https://www.instagram.com/p/DMCRH6Vzjl1/,,Instagram,jonathan___jhon,Kk kgk ush liat komentar ya jujur lo kerenn🔥👏,2026-09-17T04:19:28.000Z,,,,
https://www.instagram.com/p/DMCRH6Vzjl1/,,Instagram,tria.risjad,"Cobain MBG dulu dah mba, terus bantu siramin kebakaran hutan, baru ngomong mindfulness",2026-09-17T04:18:38.000Z,,,,
https://www.instagram.com/p/DMCRH6Vzjl1/,,Instagram,sivasulistyaa,Sox cantik.. Gkpernah hidup susah ya luu..,2026-09-17T04:18:22.000Z,,,,
https://www.instagram.com/p/DMCRH6Vzjl1/,,Instagram,im_zara02,You suck,2026-09-17T04:15:43.000Z,,,,
https://www.instagram.com/p/DMCRH6Vzjl1/,,Instagram,tha626,Hidup mindfulness 👏,2026-09-17T04:14:03.000Z,,,,
https://www.instagram.com/p/DMCRH6Vzjl1/,,Instagram,esterrrr_vb,Nggak punya hati lo jadi manusia,2026-09-17T04:13:44.000Z,,,,
https://www.instagram.com/p/DMCRH6Vzjl1/,,Instagram,esterrrr_vb,Iyuhhhh,2026-09-17T04:13:24.000Z,,,,
https://www.instagram.com/p/DMCRH6Vzjl1/,,Instagram,dgendhuk,Gak sangka ilmunya di PPE Oxford Univ. tak membuatnya berpikir kritis. PPE = Public Policy and Economics. [Kebijakan Publik dan Ekonomi],2026-09-17T04:13:10.000Z,,,,
https://www.instagram.com/p/DMCRH6Vzjl1/,,Instagram,babyzun121,Wanita yang tidak berempati,2026-09-17T04:12:42.000Z,,,,
https://www.instagram.com/p/DMCRH6Vzjl1/,,Instagram,miqotisback,Duta mindfulness 😂,2026-09-17T04:11:30.000Z,,,,
https://www.instagram.com/p/DMCRH6Vzjl1/,,Instagram,alfianvlim,kosong,2026-09-17T04:11:27.000Z,,,,
https://www.instagram.com/p/DMCRH6Vzjl1/,,Instagram,hamdisaputra_7,,2026-09-17T04:11:25.000Z,,,,
https://www.instagram.com/p/DMCRH6Vzjl1/,,Instagram,wherewavesmeet.id,"A lot of people are hurt and disappointed, while you’re probably in a corner crying over your own stupidity. Come out, girl. Show yourself. 😂",2026-09-17T04:10:28.000Z,,,,
https://www.instagram.com/p/DMCRH6Vzjl1/,,Instagram,nurin_tanrahayu,"Klau gak perduli sama keadaan rakyat gak usah ngajak ngajak, klarifikasi juga isinya kosong",2026-09-17T04:09:49.000Z,,,,
https://www.instagram.com/p/DMCRH6Vzjl1/,,Instagram,panasearah,"bergaul mba, liat kondisi masyarakat gmna",2026-09-17T04:09:30.000Z,,,,
https://www.instagram.com/p/DMCRH6Vzjl1/,,Instagram,wherewavesmeet.id,"Dead soul, zero empathy, and somehow you still think you’re the one teaching everyone how to deal with bad news. 💀",2026-09-17T04:08:01.000Z,,,,
https://www.instagram.com/p/DMCRH6Vzjl1/,,Instagram,flutter.shyy1,🤮🤮🤮,2026-09-17T04:07:32.000Z,,,,
https://www.instagram.com/p/DMCRH6Vzjl1/,,Instagram,yulisyahira,UNFOLLOW RAME2 KUY,2026-09-17T04:07:02.000Z,,,,
https://www.instagram.com/p/DMCRH6Vzjl1/,,Instagram,uarmyvv,Maudy kok jadi oon sih,2026-09-17T04:06:10.000Z,,,,
https://www.instagram.com/p/DMCRH6Vzjl1/,,Instagram,afimotret,LU KAYA?,2026-09-17T04:05:57.000Z,,,,
https://www.instagram.com/p/DMCRH6Vzjl1/,,Instagram,superjokowi1,,2026-09-17T04:05:15.000Z,,,,
https://www.instagram.com/p/DMCRH6Vzjl1/,,Instagram,l3090b,Maudy anjing maudy kontol,2026-09-17T04:05:06.000Z,,,,
https://www.instagram.com/p/DMCRH6Vzjl1/,,Instagram,rgnwr26,Tombol kecewa --->>>,2026-09-17T04:02:07.000Z,,,,
https://www.instagram.com/p/DMCRH6Vzjl1/,,Instagram,achmdanzari07,bapak mu bad news,2026-09-17T04:01:30.000Z,,,,
https://www.instagram.com/p/DMCRH6Vzjl1/,,Instagram,yosshahh56,"plis cancel culture nya temen"" jgn mudah lupa plis🙏",2026-09-17T04:01:07.000Z,,,,
https://www.instagram.com/p/DMCRH6Vzjl1/,,Instagram,fat_where,ternyata kosong,2026-09-17T04:01:02.000Z,,,,
https://www.instagram.com/p/DMCRH6Vzjl1/,,Instagram,_mhmd_afdal,,2026-09-17T03:59:28.000Z,,,,
https://www.instagram.com/p/DMCRH6Vzjl1/,,Instagram,gardeniaelizabethk,LPDP itu pajak rakyat,2026-09-17T03:59:06.000Z,,,,
https://www.instagram.com/p/DMCRH6Vzjl1/,,Instagram,yosshahh56,lancar ya enak ya hidupmu ya,2026-09-17T03:58:57.000Z,,,,
https://www.instagram.com/p/DMCRH6Vzjl1/,,Instagram,undrxfad,iya tau org have,2026-09-17T03:57:43.000Z,,,,
https://www.instagram.com/p/DMCRH6Vzjl1/,,Instagram,shes_dsn,"Kamu Cobak jelajahi alam indah di Indonesia. Naik gunung, dan bersosialisasi sama warga lokal dari daerah pedesaan yang indah. Biar wawasan empati mu terbuka. Jangan cuma makan Theory dari buku2 yang maknanya tidak akan mudah di cerna sama perasaan mu.",2026-09-17T03:57:37.000Z,,,,
https://www.instagram.com/p/DMCRH6Vzjl1/,,Instagram,lullacunningham,hadeeeeh,2026-09-17T03:57:03.000Z,,,,
https://www.instagram.com/p/DMCRH6Vzjl1/,,Instagram,4rulert,Banyak yg unfoll wkwkwkww,2026-09-17T03:56:18.000Z,,,,
https://www.instagram.com/p/DMCRH6Vzjl1/,,Instagram,kfahmigolan,Orang pintar tapi tak punya empati,2026-09-17T03:55:54.000Z,,,,
https://www.instagram.com/p/DMCRH6Vzjl1/,,Instagram,ditaadnd,Bener adanya cantik itu privilage😭,2026-09-17T03:54:29.000Z,,,,
https://www.instagram.com/p/DMCRH6Vzjl1/,,Instagram,acidbadapple,"Zaman Edan, Orang kaya Maudy aja bisa banyak hater. 😂
Sosmed bahaya ditangan orang orang be**

Sama sama overthinker. Jauh dari sosmed & news bagus kok, tetap semangat ya bro!",2026-09-17T03:53:29.000Z,,,,
https://www.instagram.com/p/DMCRH6Vzjl1/,,Instagram,1000.orangmenyukai,pendidikan tinggi gak menjamin kewarasan seseorang,2026-09-17T03:51:13.000Z,,,,
https://www.instagram.com/p/DMCRH6Vzjl1/,,Instagram,kresna_anak_nakal,,2026-09-17T03:50:13.000Z,,,,
https://www.instagram.com/p/DMCRH6Vzjl1/,,Instagram,kresna_anak_nakal,P Login,2026-09-17T03:49:30.000Z,,,,
https://www.instagram.com/p/DMCRH6Vzjl1/,,Instagram,lintangkhan,Mati empati,2026-09-17T03:48:59.000Z,,,,
https://www.instagram.com/p/DMCRH6Vzjl1/,,Instagram,mfajarsodiqqq,"Biaya LPDP dari pajak rakyat kan? Oh, berarti uang gw juga ada disitu ya..",2026-09-17T03:48:01.000Z,,,,
https://www.instagram.com/p/DMCRH6Vzjl1/,,Instagram,hiimflena,masih anget udh 20k nih,2026-09-17T03:47:54.000Z,,,,
https://www.instagram.com/p/DMCRH6Vzjl1/,,Instagram,4karzr_,yahaha,2026-09-17T03:47:49.000Z,,,,
https://www.instagram.com/p/DMCRH6Vzjl1/,,Instagram,rllites,Jadi terkenal karna jadi duta mindsfulness,2026-09-17T03:47:46.000Z,,,,
https://www.instagram.com/p/DMCRH6Vzjl1/,,Instagram,moeh_irzam0515,Unfol dl mod,2026-09-17T03:47:43.000Z,,,,
https://www.instagram.com/p/DMCRH6Vzjl1/,,Instagram,moeh_irzam0515,Kecewa banget Padhal gue ngefans banget sama elu mod ahhhh,2026-09-17T03:47:38.000Z,,,,
https://www.instagram.com/p/DMCRH6Vzjl1/,,Instagram,miftahh_kun,Tuan putri diam saja anda tidak tahu menahu soal realita 👏,2026-09-17T03:46:03.000Z,,,,
https://www.instagram.com/p/DMCRH6Vzjl1/,,Instagram,orrrrrightttt,Login,2026-09-17T03:45:49.000Z,,,,
https://www.instagram.com/p/DMCRH6Vzjl1/,,Instagram,rabistinariiii,Tone deaf mentok ampun bgt mody bye,2026-09-17T03:45:25.000Z,,,,
https://www.instagram.com/p/DMCRH6Vzjl1/,,Instagram,almirafebriyanti14,"20rb komen apa ga mindfulness lu @maudyayunda , kata gwahh mah diem aja urus laki",2026-09-17T03:44:47.000Z,,,,
https://www.instagram.com/p/DMCRH6Vzjl1/,,Instagram,jisya_camila_moza,Baik Diem2 kalem  superstar berkedok sombong,2026-09-17T03:42:45.000Z,,,,
https://www.instagram.com/p/DMCRH6Vzjl1/,,Instagram,rnwdzl,"Auto disrespectful, bye.",2026-09-17T03:39:53.000Z,,,,
https://www.instagram.com/p/DMCRH6Vzjl1/,,Instagram,tahilalatcomx,"ini yg hujat dia dikata buzzer kah? DONGO, murni la anjg kesell",2026-09-17T03:37:14.000Z,,,,
https://www.instagram.com/p/DMCRH6Vzjl1/,,Instagram,e.difaa,"Kuliah jauh - jauh keluar negeri yang bayarin masyarakat, pas bersuara bersama rezim prabowo . 👏👏👏",2026-09-17T03:36:42.000Z,,,,
https://www.instagram.com/p/DMCRH6Vzjl1/,,Instagram,wahidkrnia,,2026-09-17T03:36:41.000Z,,,,
https://www.instagram.com/p/DMCRH6Vzjl1/,,Instagram,wahidkrnia,aoowkwkw,2026-09-17T03:36:13.000Z,,,,
https://www.instagram.com/p/DMCRH6Vzjl1/,,Instagram,shfna.os,Film yang ada dianya gak mau nonton ah,2026-09-17T03:34:58.000Z,,,,
https://www.instagram.com/p/DMCRH6Vzjl1/,,Instagram,gadingdiopratama,Gila mentalnya kuat bgt mau,2026-09-17T03:34:21.000Z,,,,
https://www.instagram.com/p/DMCRH6Vzjl1/,,Instagram,billy.sn,,2026-09-17T03:32:43.000Z,,,,
https://www.instagram.com/p/DMCRH6Vzjl1/,,Instagram,dsamethyst,"Dari banyak kejadian, kita bisa belajar satu hal yang pasti, 'cantik itu gak cukup'..",2026-09-17T03:32:35.000Z,,,,
https://www.instagram.com/p/DMCRH6Vzjl1/,,Instagram,franky_ipenk,JIIJIK,2026-09-17T03:29:35.000Z,,,,
https://www.instagram.com/p/DMCRH6Vzjl1/,,Instagram,matt_poxxs,"Pantesan suami nya orng korea (negara dgn warga paling rasis & less empathy) cocok berarti, tone deaf dgn racist",2026-09-17T03:28:36.000Z,,,,
https://www.instagram.com/p/DMCRH6Vzjl1/,,Instagram,wherewavesmeet.id,"The 5G generation is smart enough to know how to consume news, so don’t tell people how to do it when you’re tone-deaf as hell and have zero empathy yourself. 💀",2026-09-17T03:28:13.000Z,,,,
https://www.instagram.com/p/DMCRH6Vzjl1/,,Instagram,boril90_,"Skrng Tau kan mba kenapa di indo banyak hujatan? Karna rakyat nya sendiri mudah terpecah belah, emosian, termakan hoax, mereka bersatu krna emosi bukan krna NKRI 😂",2026-09-17T03:28:08.000Z,,,,
https://www.instagram.com/p/DMCRH6Vzjl1/,,Instagram,hamtaci_pethouse,Hilang respect,2026-09-17T03:28:00.000Z,,,,
https://www.instagram.com/p/DMCRH6Vzjl1/,,Instagram,sulawesi_bergerak,They're all buzzer. I know there is minoritiy in silent that understand between empathy and healthy saneness,2026-09-17T03:22:22.000Z,,,,
https://www.instagram.com/p/DMCRH6Vzjl1/,,Instagram,babanbenjol,cantik tapi...hahsudahlahhh,2026-09-17T03:21:48.000Z,,,,
https://www.instagram.com/p/DMCRH6Vzjl1/,,Instagram,eagle_hunter2023,Usah sok sok an bahasa ingris selama lu masih diindonesia,2026-09-17T03:21:38.000Z,,,,
https://www.instagram.com/p/DMCRH6Vzjl1/,,Instagram,heart.werks,,2026-09-17T03:20:29.000Z,,,,
https://www.instagram.com/p/DMCRH6Vzjl1/,,Instagram,achamaurine,"sory udh ga respect,",2026-09-17T03:17:56.000Z,,,,
https://www.instagram.com/p/DMCRH6Vzjl1/,,Instagram,need_7u,Ngoookkk,2026-09-17T03:17:32.000Z,,,,
https://www.instagram.com/p/DMCRH6Vzjl1/,,Instagram,aldiasyaarii,Pintar tapi nirempati.,2026-09-17T03:15:07.000Z,,,,
https://www.instagram.com/p/DMCRH6Vzjl1/,,Instagram,james_volvik,,2026-09-17T03:13:23.000Z,,,,
https://www.instagram.com/p/DMCRH6Vzjl1/,,Instagram,tutik_moms,"Hidup enak dan susah itu ujian mbak maudy,menjaga adap dan empati lebih dikedepankan dari pada ilmu,Bagi Allah tidak sulit membolak balikkan keadaan",2026-09-17T03:11:43.000Z,,,,
https://www.instagram.com/p/DMCRH6Vzjl1/,,Instagram,fr33_palestinee,"Ad yg belain dia katanya yg di omongin benar semua cuma waktunya aj yg gak tepat.. lah. Pdhl jelas situasi LG kacau,emang dia sengaja ngajak orang  untuk berpikir positif d tengah situasi yg kacau... Itu bukan tidak sengaja itu sengaja bkin rakyat marah, lu gak belajar dari Ahmad Sahroni yg ngoceh kemana2, lu tu gak smart jadi jgn ngajari orang indonesia..... Yakin Karir Lo bkalan hancur",2026-09-17T03:11:14.000Z,,,,
https://www.instagram.com/p/DMCRH6Vzjl1/,,Instagram,eagle_hunter2023,Maudy ayunda bagus main film bokep ama gua ...mao engak,2026-09-17T03:09:44.000Z,,,,
https://www.instagram.com/p/DMCRH6Vzjl1/,,Instagram,ryulaja,heyy heyy tone deaf video diyt knpa ga di td😂😂,2026-09-17T03:09:16.000Z,,,,
https://www.instagram.com/p/DMCRH6Vzjl1/,,Instagram,haryadong,,2026-09-17T03:09:04.000Z,,,,
https://www.instagram.com/p/DMCRH6Vzjl1/,,Instagram,aidilausat,"Mba Maudy kalo malam anggap emosional menurun, nah kami di Sumsel ni 24 jam kena kabut asap, kurang emosional apa lagi, lu jauh2 kuliah di luar tapi common sense Nol besar. Sok asik",2026-09-17T03:05:48.000Z,,,,
https://www.instagram.com/p/DMCRH6Vzjl1/,,Instagram,kayrinzz,"wkwk kena cancel culture jir, nama ga naik, tiba² bkin video yg mengundang emosi warga Indo🤣",2026-09-17T03:04:34.000Z,,,,
https://www.instagram.com/p/DMCRH6Vzjl1/,,Instagram,patihhmadrim,Apakah maudy ayunda masih mindfulness ditengah maraknya perbincangan tentang dirinya?,2026-09-17T03:03:55.000Z,,,,
https://www.instagram.com/p/DMCRH6Vzjl1/,,Instagram,evernight9798,Cancel culture yok si babi ini,2026-09-17T03:03:08.000Z,,,,
https://www.instagram.com/p/DMCRH6Vzjl1/,,Instagram,_lennoox,najis banget gue liat ini orang,2026-09-17T03:02:33.000Z,,,,
https://www.instagram.com/p/DMCRH6Vzjl1/,,Instagram,ywdgppmogmnlg,better watch your word,2026-09-17T03:01:12.000Z,,,,
https://www.instagram.com/p/DMCRH6Vzjl1/,,Instagram,andriiek,"semoga Allah senang tiasa memberimu kabar” baik, maudy.",2026-09-17T03:00:54.000Z,,,,
https://www.instagram.com/p/DMCRH6Vzjl1/,,Instagram,algahalii,"Hilang respect gw sama loooo, gak cinta lagi guaaaaaa😂😂",2026-09-17T03:00:45.000Z,,,,
https://www.instagram.com/p/DMCRH6Vzjl1/,,Instagram,rzlmthpn_,tetap mainfulnes dalam keadaan ngenes buat kita kita 😭,2026-09-17T03:00:41.000Z,,,,
https://www.instagram.com/p/DMCRH6Vzjl1/,,Instagram,rinnierilfer,Bad news yg sangat menyiksa 😭 hari ini asap makin tebal mbak maudy😭,2026-09-17T02:59:36.000Z,,,,
https://www.instagram.com/p/DMCRH6Vzjl1/,,Instagram,sabellaaaa___,Mudahan kamu merasakan apa yang kami rasakan,2026-09-17T02:59:28.000Z,,,,
https://www.instagram.com/p/DMCRH6Vzjl1/,,Instagram,arniefebriyanti,"Masukan aja ya, ""mending kalau mau buat konten, carilah viewers orang eropa aja yg mungkin emang masuk sama ucapanmu. Speak in Enggresss sak keselmu""
Karena WNI yg di Kalimantan Sumatera udah dikepung asap 24 jam, bahkan ga sedikit balita yg meninggal",2026-09-17T02:59:20.000Z,,,,
https://www.instagram.com/p/DMCRH6Vzjl1/,,Instagram,rosihhajjah_,😂👎🏻,2026-09-17T02:57:45.000Z,,,,
https://www.instagram.com/p/DMCRH6Vzjl1/,,Instagram,adeliapasaribu_,kak kamuu kerenn bangett🔥🔥🔥,2026-09-17T02:57:29.000Z,,,,
https://www.instagram.com/p/DMCRH6Vzjl1/,,Instagram,cyntiani.suherman,Ada bad news apa kak maudy hari ini ? 🫢,2026-09-17T02:56:18.000Z,,,,
https://www.instagram.com/p/DMCRH6Vzjl1/,,Instagram,noufaljouhar21,🤣🤣🤣🤣,2026-09-17T02:55:57.000Z,,,,
https://www.instagram.com/p/DMCRH6Vzjl1/,,Instagram,andyptraa1,,2026-09-17T02:55:55.000Z,,,,
https://www.instagram.com/p/DMCRH6Vzjl1/,,Instagram,fatihalard,moral gak ada,2026-09-17T02:55:45.000Z,,,,
https://www.instagram.com/p/DMCRH6Vzjl1/,,Instagram,achmd.diin,sni ku temenin ke papua kak🙌🏼,2026-09-17T02:55:38.000Z,,,,
https://www.instagram.com/p/DMCRH6Vzjl1/,,Instagram,mierza95,,2026-09-17T02:55:37.000Z,,,,
https://www.instagram.com/p/DMCRH6Vzjl1/,,Instagram,james.leonel95,Nir empati. Mindfulness tanpa empati hanyalah privilege untuk berpaling. 🫥,2026-09-17T02:54:46.000Z,,,,
https://www.instagram.com/p/DMCRH6Vzjl1/,,Instagram,u_sp1111,Gw merasa bad news karna ini sialan wok,2026-09-17T02:54:27.000Z,,,,
https://www.instagram.com/p/DMCRH6Vzjl1/,,Instagram,zizeee77_,Ada apa ini,2026-09-17T02:53:45.000Z,,,,
https://www.instagram.com/p/DMCRH6Vzjl1/,,Instagram,adventure.l,kk maudy dungu ya sebagai penerima beasiswa dari pajak yang kami bayar.. is is..is..,2026-09-17T02:53:09.000Z,,,,
https://www.instagram.com/p/DMCRH6Vzjl1/,,Instagram,diahtrrrrr_,Sbenernya mending klo mau berempati coba dateng ke kejadian bantu kak,2026-09-17T02:52:49.000Z,,,,
https://www.instagram.com/p/DMCRH6Vzjl1/,,Instagram,yohanaeleo88,Ga pernah rasain hidup susah ya gini,2026-09-17T02:51:38.000Z,,,,
https://www.instagram.com/p/DMCRH6Vzjl1/,,Instagram,zulvan_kurniawann,Bacot njinx,2026-09-17T02:49:36.000Z,,,,
https://www.instagram.com/p/DMCRH6Vzjl1/,,Instagram,fldiynsh_,ya semoga lo cepet ngerasainn dehhh,2026-09-17T02:49:03.000Z,,,,
https://www.instagram.com/p/DMCRH6Vzjl1/,,Instagram,sulthanfrd_,Terlalu duniawi,2026-09-17T02:48:47.000Z,,,,
https://www.instagram.com/p/DMCRH6Vzjl1/,,Instagram,myhilights,Bacot lo maudy,2026-09-17T02:48:46.000Z,,,,
https://www.instagram.com/p/DMCRH6Vzjl1/,,Instagram,bear.6133353,"Kak Maudy... kak aku tahu niat dan tujuan kak Maudy bukan untuk membuat orang lain tersinggung, pasti buat Education dan maaf kami masyarakat biasa jadi perusak mood dan Mental kak Maudy, tapi bikin video Education seperti itu timingnya aja kurang tepat seandainya kak Maudy membagikan ke teman² kak Maudy sesama orang kelas atas dan orang kaya mungkin masuk and cocok tapi membagikannya ke publik itu bukan keputusan baik kak Maudy untuk saat ini Rakyat biasa lagi situasi kacau²nya di negara ini dan panas²nya masyarakat biasa, kak Maudy belum pernah rasakan ya???... hirup udara kabut asap di hutan Kalimantan rasakan efek gempa bumi di rumah kak Maudy seperti terjadi di NTT dan Antrian panjang hingga ratusan meter di Pertamina selama berjam-jam seperti terjadi di Makassar dan di Papua warga sipil sering di usik sama kkb hingga di bunuh dan kak Maudy gak rasakan hidup seperti rakyat biasa/jelata rasakan, soo kak Maudy harus lebih berimpati ITS okay kak Maudy juga manusia biasa aku yakin kak Maudy mau dengar saran dan kritikan dari netizen, Stay strong kak Maudy Ayunda aku yakin Kak Maudy bisa lebih Berimpati...💪🏼👏🏼",2026-09-17T02:47:56.000Z,,,,
https://www.instagram.com/p/DMCRH6Vzjl1/,,Instagram,nanangadhisetyawan,Modal bacod kau,2026-09-17T02:47:47.000Z,,,,
https://www.instagram.com/p/DMCRH6Vzjl1/,,Instagram,ndd_98,"Tipikal orang gk pernah susah, ngomong sok mindfulness",2026-09-17T02:47:29.000Z,,,,
https://www.instagram.com/p/DMCRH6Vzjl1/,,Instagram,semaras_sia,Masih rame aja yg komen. Jangan kasi kendor,2026-09-17T02:46:34.000Z,,,,
https://www.instagram.com/p/DMCRH6Vzjl1/,,Instagram,siffaa9933,"Kuliah pake pajak rakyat LPDP, ternyata banyak terafiliasi genosida. Pantesan ga pernah ngomongin gaza ternyata ga punya nurani. 👏👏👏",2026-09-17T02:45:56.000Z,,,,
https://www.instagram.com/p/DMCRH6Vzjl1/,,Instagram,fldiynsh_,kasian ya dirilu skrng jdi bad news,2026-09-17T02:45:35.000Z,,,,
https://www.instagram.com/p/DMCRH6Vzjl1/,,Instagram,adityakris91,Public figure klo mau ngmng dipikir dl mbak,2026-09-17T02:41:29.000Z,,,,
https://www.instagram.com/p/DMCRH6Vzjl1/,,Instagram,jrmbbh_,Ayo main ke Kalimantan,2026-09-17T02:40:41.000Z,,,,
https://www.instagram.com/p/DMCRH6Vzjl1/,,Instagram,bili_mnd,Mindfulnesss mindfulnessss apalah ngehe. Bener kata pain Akatsuki. Manusia tidak bisa menerima jika tidak merasakan penderitaan yang sama.,2026-09-17T02:39:21.000Z,,,,
https://www.instagram.com/p/DMCRH6Vzjl1/,,Instagram,prettylittle_bahliillll,adab lebih penting dari pada ilmu,2026-09-17T02:38:21.000Z,,,,
https://www.instagram.com/p/DMCRH6Vzjl1/,,Instagram,ksmayuu,Coba main kekalimantan banyak uangkan,2026-09-17T02:37:59.000Z,,,,
https://www.instagram.com/p/DMCRH6Vzjl1/,,Instagram,lia_zulia_yandani,Ternyata sampai hari ini masih rame..semoga bisa tidur nyenyak,2026-09-17T02:37:10.000Z,,,,
https://www.instagram.com/p/DMCRH6Vzjl1/,,Instagram,arie_juniii,"Mereka yang tidak memahami rasa sakit yang sebenarnya, tidak akan pernah memahami kedamaian yang sebenarnya. - Pain Akatsuki",2026-09-17T02:36:36.000Z,,,,
https://www.instagram.com/p/DMCRH6Vzjl1/,,Instagram,awaaa.yyaa,,2026-09-17T02:35:38.000Z,,,,
https://www.instagram.com/p/DMCRH6Vzjl1/,,Instagram,alpreyvaan_,mau kamu s1 s2 s3 empati lebih penting,2026-09-17T02:35:21.000Z,,,,
https://www.instagram.com/p/DMCRH6Vzjl1/,,Instagram,luckygirl898989,"Cantik dan pintar aja tidak cukup ya, jika kamu tidak punya empathy 🙂",2026-09-17T02:35:14.000Z,,,,
https://www.instagram.com/p/DMCRH6Vzjl1/,,Instagram,zsabit2000,Komennya baru semua 😭🤣,2026-09-17T02:34:43.000Z,,,,
https://www.instagram.com/p/DMCRH6Vzjl1/,,Instagram,cyntiani.suherman,Bad news,2026-09-17T02:34:11.000Z,,,,
https://www.instagram.com/p/DMCRH6Vzjl1/,,Instagram,alif_ihz,,2026-09-17T02:33:38.000Z,,,,
https://www.instagram.com/p/DMCRH6Vzjl1/,,Instagram,andkaptraaa_,Blunder kan,2026-09-17T02:33:21.000Z,,,,
https://www.instagram.com/p/DMCRH6Vzjl1/,,Instagram,nesisnesss,"Bikin statement > bluder > klarifikasi … mungkin akan seperti ini alurnya..
Jika tidak paham dengan apa yg terjadi, diam adalah pilihan terbaik @maudyayunda",2026-09-17T02:31:00.000Z,,,,
https://www.instagram.com/p/DMCRH6Vzjl1/,,Instagram,setitik.kemilau,"KAK MAUDY AKU TAU DI POST SEBELUMNYA KAMU SEMPAT MIS INFORMASINYA DG KEADAAN SKRG DAN SITUASI YANG LAGI TIDAK SEPERTI BIASANYA. AKU PERCAYA KAMU SEDANG BELAJAR DAN MEMPERBAIKI KESALAHAN. Buut kaakk….. rasanya agak berlebihan reaksi orang2 jujurrrr. Aku malah takut mereka salah fokus daripada berita badnews yang sempet lewat. Malah cuma komen disini mojokin kak Maudy.. kak, jalur langit kakkkkk. Jalur langitttttt + belajar dari kesalahan yahhhhhhhh. Semangat terus kakak dan dalam memperbaiki semuanya 🙏🙏🙏💖😔😔🤝",2026-09-17T02:25:27.000Z,,,,
https://www.instagram.com/p/DMCRH6Vzjl1/,,Instagram,septi_nurdini13,Berilmu tapi dipertanyakan akhlaknya 🔥🔥🔥,2026-09-17T02:25:17.000Z,,,,
https://www.instagram.com/p/DMCRH6Vzjl1/,,Instagram,luckygirl898989,Kamu buzzer wowo ya? Soalnya wowo juga suka bilang saya dapat laporan sedangkan kamu ga suka bad news.,2026-09-17T02:24:42.000Z,,,,
https://www.instagram.com/p/DMCRH6Vzjl1/,,Instagram,secondmine111,Berilmu tapi tak BERADAB ya gini,2026-09-17T02:23:53.000Z,,,,
https://www.instagram.com/p/DMCRH6Vzjl1/,,Instagram,rozaq_32,Blunder,2026-09-17T02:23:03.000Z,,,,
https://www.instagram.com/p/DMCRH6Vzjl1/,,Instagram,sephia_tones,Perlunya filter omongan ya guys,2026-09-17T02:23:02.000Z,,,,
https://www.instagram.com/p/DMCRH6Vzjl1/,,Instagram,afatur_12,Lawak lu kocak,2026-09-17T02:22:23.000Z,,,,
https://www.instagram.com/p/DMCRH6Vzjl1/,,Instagram,thecritique911,"Dear Maudy,
It is quite DISAPPOINTING to see someone with an Oxford PPE background framing the painful realities of this country primarily as “bad news.” PPE is supposed to train you to understand society through philosophy, politics, economics, and public policy—not merely to manage your personal discomfort when confronted with its consequences.
When Indonesians are dealing with fuel shortages, forest fires, food-safety concerns, disasters, and problematic public programs, these are not simply “bad news” that people can mute, filter, or step away from. For many Indonesians, they are not news. They are their everyday reality—their livelihood, their health, their families, and sometimes their survival.
This is where I think your interpretation of mindfulness misses something important. Mindfulness should not become a comfortable distance from reality. Mindfulness also means being present with uncomfortable realities, acknowledging them, and understanding whose lives are being affected. You may have the privilege to step away from the news; many Indonesians do not. Even their “noise” on social media that you called ""bad news"" may be the only way they can make themselves heard.
And this is where your platform matters.
No one expects you to fix Indonesia. You are absolutely okay to build your own career, create content, or run a skincare business (which ridiculously, one of the sources is taken from Kalimantan's Forest). But with an extraordinary education, enormous public visibility, and a platform capable of reaching millions of Indonesian, it is legitimate to ask: Is this really the most meaningful contribution you can make to the country that gave you scholarship? or, what is exactly your privilege ultimately being used for? for the sake of fame? business? personal branding? or whattt?
Sorry, I think your profile as an Oxford and Stanford degree is not more than an impressive line on a résumé. 
What a shame, Maudy!!!",2026-09-17T02:22:17.000Z,,,,
https://www.instagram.com/p/DMCRH6Vzjl1/,,Instagram,ef_nurul,Senjata makan tuan ga sih sekarang dia yg jadi bad news... Mulut mu harimau mu,2026-09-17T02:20:12.000Z,,,,
https://www.instagram.com/p/DMCRH6Vzjl1/,,Instagram,geegeo.dayo,,2026-09-17T02:19:16.000Z,,,,
https://www.instagram.com/p/DMCRH6Vzjl1/,,Instagram,reza.andana,"see no evil, hear no evil, speak no evil",2026-09-17T02:17:21.000Z,,,,
https://www.instagram.com/p/DMCRH6Vzjl1/,,Instagram,wildan.miracle,,2026-09-17T02:16:45.000Z,,,,
https://www.instagram.com/p/DMCRH6Vzjl1/,,Instagram,__sys08,"kannnnnn kannnnnn,, better diam kak.. sekalinya buka suara malah suara kerasukan yg masih nempel😭 kamu kenapa sih,padahal udh terkenal innerbeauty nya baik adem kalo diliat,ga neko"" .. jadi di serang netizen kan 👏",2026-09-17T02:14:38.000Z,,,,
https://www.instagram.com/p/DMCRH6Vzjl1/,,Instagram,kvnj99,,2026-09-17T02:13:53.000Z,,,,
https://www.instagram.com/p/DMCRH6Vzjl1/,,Instagram,poweredbyleg,Mindfulness Mindfulness TEMPEK!,2026-09-17T02:12:33.000Z,,,,
https://www.instagram.com/p/DMCRH6Vzjl1/,,Instagram,01lmurcielago,"sini ke kalimantan deh coy, nyoba hidup di silent hill dulu bisa mindfulness ga di silent hill kimak ini",2026-09-17T02:12:09.000Z,,,,
https://www.instagram.com/p/DMCRH6Vzjl1/,,Instagram,devintara_,Kerasukan masii kebawa ya,2026-09-17T02:12:07.000Z,,,,
https://www.instagram.com/p/DMCRH6Vzjl1/,,Instagram,cher_aoa_,NAUZUBILLAH PALING KENCANG SAAT INI!!!!,2026-09-17T02:10:20.000Z,,,,
https://www.instagram.com/p/DMCRH6Vzjl1/,,Instagram,hi._.gladiss,Udah sarapan belommm??,2026-09-17T02:10:09.000Z,,,,
https://www.instagram.com/p/DMCRH6Vzjl1/,,Instagram,hereisalf.jpg,"Gara gara lu ya maudy semua korban bencana minta maaf karena sudah nge up keadaan mereka di socmed. I fucking hate u. 
Padahal mereka gak salah apapun",2026-09-17T02:08:07.000Z,,,,
https://www.instagram.com/p/DMCRH6Vzjl1/,,Instagram,rito_mancaneng,Ku liat2 kek asap mukanya..,2026-09-17T02:07:49.000Z,,,,
https://www.instagram.com/p/DMCRH6Vzjl1/,,Instagram,fykarzn,"🙁 wht should i say ya, tp ada kecewa2 ny gitu.",2026-09-17T02:06:34.000Z,,,,
https://www.instagram.com/p/DMCRH6Vzjl1/,,Instagram,mell1i8,Agamanya dia apa ya?,2026-09-17T02:06:18.000Z,,,,
https://www.instagram.com/p/DMCRH6Vzjl1/,,Instagram,jnnhhl_,njir di serang netijen😭🤣,2026-09-17T02:06:16.000Z,,,,
https://www.instagram.com/p/DMCRH6Vzjl1/,,Instagram,asta_yamaguchi,Mba maudy skrg breakfast apa? maaf yaaa kalau kami selalu kasih kabar buruk smpe mood kaka terganggu,2026-09-17T02:05:56.000Z,,,,
https://www.instagram.com/p/DMCRH6Vzjl1/,,Instagram,lungballunk,Menjadi penjilattt taiiii yaaaa😂.menjijikkan,2026-09-17T02:05:25.000Z,,,,
https://www.instagram.com/p/DMCRH6Vzjl1/,,Instagram,devia_fitriani22,Please jahat banget mulut kamu,2026-09-17T02:04:54.000Z,,,,
https://www.instagram.com/p/DMCRH6Vzjl1/,,Instagram,mhd_zam2,Malah jd buzzer kocak 😭,2026-09-17T02:04:32.000Z,,,,
https://www.instagram.com/p/DMCRH6Vzjl1/,,Instagram,hikmahdatabase,Nirempati banget lo,2026-09-17T02:03:35.000Z,,,,
https://www.instagram.com/p/DMCRH6Vzjl1/,,Instagram,simamora_maya6,"Bad news kau bilang. Se fakta itu. Masuk bop, Keracunan mbg, bangun kopdes yang gk ada gunanya. Dollar naik, kemiskinan naik, investor kabur. blm lg para korban bencana di abaikan, pemerintah sibuk jalan2 kluar disaat rakyat nya menderita. Banjir, kebakaran hutan, erupsi gunung. Gw kira cerdas ternyata?",2026-09-17T02:02:48.000Z,,,,
https://www.instagram.com/p/DMCRH6Vzjl1/,,Instagram,mrizqifarchan,"KARIR MEREDUP, JD BUZZZER WOKWOK MENJADI PILIHAN 😂",2026-09-17T02:02:37.000Z,,,,
https://www.instagram.com/p/DMCRH6Vzjl1/,,Instagram,kocilll10,,2026-09-17T02:01:53.000Z,,,,
https://www.instagram.com/p/DMCRH6Vzjl1/,,Instagram,guillermo_dii,"Maudy lu kemana, lu udh sarapan belom ? Kami disini sarapan ditemenin kabut asap berbahaya.",2026-09-17T02:00:59.000Z,,,,
https://www.instagram.com/p/DMCRH6Vzjl1/,,Instagram,rapely.m,cuih,2026-09-17T01:58:28.000Z,,,,
https://www.instagram.com/p/DMCRH6Vzjl1/,,Instagram,adelasafitri___,Kutunggu di Samarinda hari inii.... Biar kau tau rasanya bernapas dsni gmna,2026-09-17T01:58:01.000Z,,,,
https://www.instagram.com/p/DMCRH6Vzjl1/,,Instagram,itsbellaonaire,🖕🏻🖕🏻🖕🏻🖕🏻🖕🏻,2026-09-17T01:55:52.000Z,,,,
https://www.instagram.com/p/DMCRH6Vzjl1/,,Instagram,wfirizki14,"Orang mampu kok, kuliah pake beasiswa. Beasiswa kan uangnya dari rakyat?? Nggak malu kah 😂",2026-09-17T01:55:16.000Z,,,,
https://www.instagram.com/p/DMCRH6Vzjl1/,,Instagram,maminyabrielle,Ternyataa DONGO jugaa ..,2026-09-17T01:53:58.000Z,,,,
https://www.instagram.com/p/DMCRH6Vzjl1/,,Instagram,rikyriyan,🤘🏻,2026-09-17T01:50:59.000Z,,,,
https://www.instagram.com/p/DMCRH6Vzjl1/,,Instagram,betternis22,Yang biayain kuliah lo y rakyat yang sering badnews ituuuuu sasar gak lo,2026-09-17T01:50:37.000Z,,,,
https://www.instagram.com/p/DMCRH6Vzjl1/,,Instagram,ferdianto.n,Cuih,2026-09-17T01:49:44.000Z,,,,
https://www.instagram.com/p/DMCRH6Vzjl1/,,Instagram,aditia83703,Karir aman mbak?,2026-09-17T01:49:29.000Z,,,,
https://www.instagram.com/p/DMCRH6Vzjl1/,,Instagram,arihdko_,di serang anak aban njir 😂,2026-09-17T01:48:35.000Z,,,,
https://www.instagram.com/p/DMCRH6Vzjl1/,,Instagram,budipranyitno,"Bertanya dengan sopan, posisi apa yg diincar oleh betina ini 🙄",2026-09-17T01:46:48.000Z,,,,
https://www.instagram.com/p/DMCRH6Vzjl1/,,Instagram,arihdko_,"semangat kak maudy, hiraukan aja buzzer kalah pemilunya 😍",2026-09-17T01:46:32.000Z,,,,
https://www.instagram.com/p/DMCRH6Vzjl1/,,Instagram,nia.aprilla,Manusia paling egois kamu @maudyayunda . Biaya kuliah lu rakyat yang bayarin. Lu itu badnews bagi rakyat Indonesia,2026-09-17T01:44:41.000Z,,,,
https://www.instagram.com/p/DMCRH6Vzjl1/,,Instagram,muslehaaa,"Cobat sini main ke kalimantan rasakan hirup asap sdh berbulan bulan,batuk,pilek,sakit tenggorokan",2026-09-17T01:44:35.000Z,,,,
https://www.instagram.com/p/DMCRH6Vzjl1/,,Instagram,adelaramdaniah,"anda  hidup penuh dengan privillage kenyamanan dibanding kami, jadi kalau anda tidak tau fakta dilapangan seperti apa jgn banyak bikin statmen seolah2 anda tau situasinya😆 Org beradab lebih baik daripada org berilmu wkwkwkwkwk",2026-09-17T01:44:32.000Z,,,,
https://www.instagram.com/p/DMCRH6Vzjl1/,,Instagram,rio_primadinata,Sini lah kau MAIN MAIN KE KALIMANTAN DLU…Tahan ndak idong sme paru2 kau tu…..NOL,2026-09-17T01:44:20.000Z,,,,
https://www.instagram.com/p/DMCRH6Vzjl1/,,Instagram,eynsstaaa,skrng lagi apa ka wkwkwk muncul dongg,2026-09-17T01:43:57.000Z,,,,
https://www.instagram.com/p/DMCRH6Vzjl1/,,Instagram,lailahafsarii_,sipaling mainfulnes tuh 🤣😂😭😮😢👏,2026-09-17T01:43:54.000Z,,,,
https://www.instagram.com/p/DMCRH6Vzjl1/,,Instagram,m0rbiddd,"Insight naik, karir turun 😭",2026-09-17T01:43:54.000Z,,,,
https://www.instagram.com/p/DMCRH6Vzjl1/,,Instagram,hannapertiwi,Semoga apa yg kami rasakan dirasakan juga deh sama kamu. Biar tau rasanya gimana berempati,2026-09-17T01:41:56.000Z,,,,
https://www.instagram.com/p/DMCRH6Vzjl1/,,Instagram,eatcare_kitchen,Kak jadi bener km adl penerima beasiswa yg dr uang negara? Dr uang rakyat? Beneran? Wah klo bener iya sih kamu parah. Minimal stupid.,2026-09-17T01:39:58.000Z,,,,
https://www.instagram.com/p/DMCRH6Vzjl1/,,Instagram,tarsiuscl,kerok kuping lo .. buka matalo lebar2,2026-09-17T01:39:00.000Z,,,,
https://www.instagram.com/p/DMCRH6Vzjl1/,,Instagram,aghlaazimo,"Owalah kalau belum pernah turun ke lapangan, ya mana tau fakta di lapangan mbak!😹",2026-09-17T01:38:36.000Z,,,,
https://www.instagram.com/p/DMCRH6Vzjl1/,,Instagram,safirayusmah,Si paling mindfull,2026-09-17T01:38:17.000Z,,,,
https://www.instagram.com/p/DMCRH6Vzjl1/,,Instagram,muhasssatoru,nir empati🖕,2026-09-17T01:38:10.000Z,,,,
https://www.instagram.com/p/DMCRH6Vzjl1/,,Instagram,kamen_rider_robo_rx,"Kalo gk mau dgr bad news, kuping dan mata gk usah di fungsikan aja woi",2026-09-17T01:38:02.000Z,,,,
https://www.instagram.com/p/DMCRH6Vzjl1/,,Instagram,ray_irawan27,Msh rameee,2026-09-17T01:37:28.000Z,,,,
https://www.instagram.com/p/DMCRH6Vzjl1/,,Instagram,miky.keyz,Oxford gituuu lochhh😭,2026-09-17T01:36:54.000Z,,,,
https://www.instagram.com/p/DMCRH6Vzjl1/,,Instagram,eyaa.em,Nirempati,2026-09-17T01:36:14.000Z,,,,
https://www.instagram.com/p/DMCRH6Vzjl1/,,Instagram,aryanugrahawiradhikatama,d0ngoooo,2026-09-17T01:34:59.000Z,,,,
https://www.instagram.com/p/DMCRH6Vzjl1/,,Instagram,rahmadhadi_012,Ruamee😭,2026-09-17T01:34:23.000Z,,,,
https://www.instagram.com/p/DMCRH6Vzjl1/,,Instagram,bulexbalix,,2026-09-17T01:34:16.000Z,,,,
https://www.instagram.com/p/DMCRH6Vzjl1/,,Instagram,mardiah.mh,Kamu jahat banget sih kak. Penderitaan orang lain kamu anggep bad news harus di mute.  Semoga kamu bisa merasakan yg kami rasakan. Biar tau,2026-09-17T01:34:16.000Z,,,,
https://www.instagram.com/p/DMCRH6Vzjl1/,,Instagram,oroji.maru,,2026-09-17T01:33:52.000Z,,,,
https://www.instagram.com/p/DMCRH6Vzjl1/,,Instagram,mardiah.mh,"Maaf ya kak kalau penderita warga desa ku jadi bad news mu... Ya gimana tiap hari hirup asap karhutala, sekedar untuk  bebas buka jendela aja sulit. Asap masuk Sampek dalem rumah, apalagi anak bayi balita terpapar asap terus menerus....",2026-09-17T01:33:29.000Z,,,,
https://www.instagram.com/p/DMCRH6Vzjl1/,,Instagram,dellaaaa_88,Kesengsaraan kita semua adalah badmood nya dia.😂,2026-09-17T01:32:51.000Z,,,,
https://www.instagram.com/p/DMCRH6Vzjl1/,,Instagram,wherewavesmeet.id,"Orang nonton berita buruk karena kesadaran penuh, rasa empati, dan kepedulian terhadap apa yang sedang terjadi di dunia nyata.",2026-09-17T01:32:45.000Z,,,,
https://www.instagram.com/p/DMCRH6Vzjl1/,,Instagram,yudhadyu,Udah nemu kan kuranga ni orang dimana?? Kurang empati dan kurang waras!,2026-09-17T01:31:12.000Z,,,,
https://www.instagram.com/p/DMCRH6Vzjl1/,,Instagram,rixzz46v,"Minim empati kek gini, semoga kamu mengalami apa yg di derita masyarakat sekarang",2026-09-17T01:30:30.000Z,,,,
https://www.instagram.com/p/DMCRH6Vzjl1/,,Instagram,widia972024,Sinra Tense 👊,2026-09-17T01:30:23.000Z,,,,
https://www.instagram.com/p/DMCRH6Vzjl1/,,Instagram,tashaannisa,"kaaa skrng org2 pada Minta Maaf dulu krn ngepost kondisi keadaan dirinya&desanya yang masih terdampak, krn khawatir mereka terlalu banyak kasih Badnews 😭😭",2026-09-17T01:29:50.000Z,,,,
https://www.instagram.com/p/DMCRH6Vzjl1/,,Instagram,shusora_giza01,"Jadi inget kata pain "" Manusia tidak pernah bisa memahami sesama manusia jika tidak dalam kondisi yang sama """,2026-09-17T01:28:09.000Z,,,,
https://www.instagram.com/p/DMCRH6Vzjl1/,,Instagram,oroji.maru,,2026-09-17T01:27:38.000Z,,,,
https://www.instagram.com/p/DMCRH6Vzjl1/,,Instagram,_yhya20,"Yukss sinii rasain tinggal dikalimantan bbm langka, mati listrik, air mati, kebakaran hutan, asap kebakaran hutan, cobainnya juga jangan tinggal di unit yang ber AC juga yaa",2026-09-17T01:27:37.000Z,,,,
https://www.instagram.com/p/DMCRH6Vzjl1/,,Instagram,kaze.andri,penasaran maudy ini pernah ngerasain sesulit apa di kehidupan ampe sebegitunya.,2026-09-17T01:27:14.000Z,,,,
https://www.instagram.com/p/DMCRH6Vzjl1/,,Instagram,iksan_665,ajaran senam paru² dong maudy biar tetap gowes,2026-09-17T01:26:21.000Z,,,,
https://www.instagram.com/p/DMCRH6Vzjl1/,,Instagram,ijonkdjail,Topengnya udah kebuka,2026-09-17T01:26:02.000Z,,,,
https://www.instagram.com/p/DMCRH6Vzjl1/,,Instagram,mhmmdfaiz_03,Nirempati,2026-09-17T01:26:01.000Z,,,,
https://www.instagram.com/p/DMCRH6Vzjl1/,,Instagram,moza0881,Nirempati😂😂,2026-09-17T01:25:34.000Z,,,,
https://www.instagram.com/p/DMCRH6Vzjl1/,,Instagram,sitisisol,"Kak sangat amat di sayangkan yaa. Hmmmmmm empati km 0 , mgkn krn km gak pernah ngerasain susah yaa 😭😭😭",2026-09-17T01:24:46.000Z,,,,
https://www.instagram.com/p/DMCRH6Vzjl1/,,Instagram,christiiantotiranda,"NPD, PICK ME",2026-09-17T01:24:12.000Z,,,,
https://www.instagram.com/p/DMCRH6Vzjl1/,,Instagram,ferryferdiyana_,,2026-09-17T01:24:08.000Z,,,,
https://www.instagram.com/p/DMCRH6Vzjl1/,,Instagram,fahmiimanuel,Sekolah tinggi tapi tetep goblog,2026-09-17T01:23:34.000Z,,,,
https://www.instagram.com/p/DMCRH6Vzjl1/,,Instagram,danfrhan4,"Islam kah? pernah denger ""kita dapet dosa kalo tetangga kita kelaparan"" kah?",2026-09-17T01:23:05.000Z,,,,
https://www.instagram.com/p/DMCRH6Vzjl1/,,Instagram,sam_17.05,Nirempati,2026-09-17T01:22:57.000Z,,,,
https://www.instagram.com/p/DMCRH6Vzjl1/,,Instagram,20.02page,"udah digoreng sana sini video di ytnya gak dihapus hapus jg. Km bkn mindfulness maudy, tp bodoh dan muka tembok",2026-09-17T01:22:54.000Z,,,,
https://www.instagram.com/p/DMCRH6Vzjl1/,,Instagram,viraaa28__,Ihhh,2026-09-17T01:22:32.000Z,,,,
https://www.instagram.com/p/DMCRH6Vzjl1/,,Instagram,pindaraping,Wkwkkakakak......lagi nangis dipojokan dia.........💩💩💩💩🤣,2026-09-17T01:22:18.000Z,,,,
https://www.instagram.com/p/DMCRH6Vzjl1/,,Instagram,paracetamooy,Yang katamu bad news itu tapi untuk sebagian besar orang is a bad reality,2026-09-17T01:22:16.000Z,,,,
https://www.instagram.com/p/DMCRH6Vzjl1/,,Instagram,yudhadyu,Tertolong karna cantik aja. Cuma karna cantik. Selebihnya? NOTHING,2026-09-17T01:21:31.000Z,,,,
https://www.instagram.com/p/DMCRH6Vzjl1/,,Instagram,wherewavesmeet.id,"Kalo gak punya empathy dan udah nyakitin sesamamu yah minta maaf jgn pertahanin bodoh mu. Kalopun gak yah  semua dah tau elu, ""queen of tone deaf"".",2026-09-17T01:21:21.000Z,,,,
https://www.instagram.com/p/DMCRH6Vzjl1/,,Instagram,horse.8727092,maudy maudy ckck,2026-09-17T01:21:17.000Z,,,,
https://www.instagram.com/p/DMCRH6Vzjl1/,,Instagram,ginaranipane,dibayar berapa kak sampe berani menyuarakan gitu? the real buzzer premiummmmmm🔥🔥👏,2026-09-17T01:20:03.000Z,,,,
https://www.instagram.com/p/DMCRH6Vzjl1/,,Instagram,lisaa_yah03,Kamu belum penah makan nasi pakai garam aja kn mba? Makanya tidak bisa merasakan yang di bawah,2026-09-17T01:18:58.000Z,,,,
https://www.instagram.com/p/DMCRH6Vzjl1/,,Instagram,widyaaamaharani,KAMU GAK TAU SIAPA ANAK SAYA ? Oh jadi ini hasil parenting si Ibu @muren.s,2026-09-17T01:17:58.000Z,,,,
https://www.instagram.com/p/DMCRH6Vzjl1/,,Instagram,retno_wahyunie,Tone deaf hiksssssss,2026-09-17T01:16:48.000Z,,,,
https://www.instagram.com/p/DMCRH6Vzjl1/,,Instagram,saintnbe,"jujur lagu u biasa aja, akting mu juga standar, cantik mu juga kaya manusia biasa ga wah bgt, kenapa bisa ngmg gt sih iwww",2026-09-17T01:16:35.000Z,,,,
https://www.instagram.com/p/DMCRH6Vzjl1/,,Instagram,sundul_gan,LPDP kan di biayai pajak rakyat. udah nikmatin uangnya malah ga mau liat berita buruk yang terjadi pada rakyat itu gimana ceritanya?,2026-09-17T01:16:07.000Z,,,,
https://www.instagram.com/p/DMCRH6Vzjl1/,,Instagram,suprayogi.t26,pintar belum tentu cerdas.terlihat sih resiprocal altruism ya,2026-09-17T01:15:41.000Z,,,,
https://www.instagram.com/p/DMCRH6Vzjl1/,,Instagram,_____elizabeth______khouw,Nirempathy+mindfulness=TONE DEAF 😢,2026-09-17T01:15:36.000Z,,,,
https://www.instagram.com/p/DMCRH6Vzjl1/,,Instagram,tamihahahaha,🖕🏻🖕🏻🖕🏻,2026-09-17T01:15:09.000Z,,,,
https://www.instagram.com/p/DMCRH6Vzjl1/,,Instagram,oman.omen,Terlepas dari video itu mau kepotong atau gimana pun  kamu tuh harusnya bersikap secara menyeluruh bukan  individu.. Kamu bgtu terkesan hanya melihat keatas tanpa memikirkan ke bawah. Emang ni bukan tugas kamu dan siapa pun. Tapi tugas kita bersama seharusnya lebih banyak simpatik dan harus segera merubah keterpurukan keburukan pemerintah negara ini.,2026-09-17T01:13:47.000Z,,,,
https://www.instagram.com/p/DMCRH6Vzjl1/,,Instagram,4rulert,"Tuan putri. Coba sekali2 rasain jadi orang kampung, hidup di kalimantan dan tinggal di rumah sederhana. Agar anda bisa merasakan kehidupan yang sebenarnya",2026-09-17T01:11:59.000Z,,,,
https://www.instagram.com/p/DMCRH6Vzjl1/,,Instagram,dilaniyahapah,Manusia nirempati,2026-09-17T01:11:58.000Z,,,,
https://www.instagram.com/p/DMCRH6Vzjl1/,,Instagram,maawlanaa,,2026-09-17T01:10:47.000Z,,,,
https://www.instagram.com/p/DMCRH6Vzjl1/,,Instagram,ridwankumel88,"Lu gak pinter,, goblok tapi Bacottttt. 💩💩💩💩💩",2026-09-17T01:09:15.000Z,,,,
https://www.instagram.com/p/DMCRH6Vzjl1/,,Instagram,lya1809,Nirempati,2026-09-17T01:09:03.000Z,,,,
https://www.instagram.com/p/DMCRH6Vzjl1/,,Instagram,wherewavesmeet.id,Borongan lu emang kalo mau bacot jgn jalur bencana ngawur pula,2026-09-17T01:06:59.000Z,,,,
https://www.instagram.com/p/DMCRH6Vzjl1/,,Instagram,nienxz93,"Jangan liat atas doang, liat ke bawah. Jatuh kan akhirnya 😭",2026-09-17T01:04:45.000Z,,,,
https://www.instagram.com/p/DMCRH6Vzjl1/,,Instagram,3harto,"bnyk bgt yg sumbu pendek, pasti ngga liat vidio full nya dan gagal mencerna maksud di dalemnya",2026-09-17T01:03:32.000Z,,,,
https://www.instagram.com/p/DMCRH6Vzjl1/,,Instagram,adilahidi13,Habis kau... trnyata lulusan oxford dan standford... otaknya gk punya empati pd lingkungan sekitar🤣🤣,2026-09-17T01:02:30.000Z,,,,
https://www.instagram.com/p/DMCRH6Vzjl1/,,Instagram,surajbilal_,HAEYYY ANTEK ANTEK ASEENGG,2026-09-17T01:02:10.000Z,,,,
https://www.instagram.com/p/DMCRH6Vzjl1/,,Instagram,rnyrnn15_,Ga ada klarif lagi si kisanak ini😂,2026-09-17T01:01:55.000Z,,,,
https://www.instagram.com/p/DMCRH6Vzjl1/,,Instagram,wherewavesmeet.id,"Sebelum lu bersuara, nggak ada yang nyuruh lu empati, apalagi minta lu bantu. Emang siapa lu sampai menyebut penderitaan orang, specifically what’s happening locally, sebagai “bad news”? Seolah-olah kondisi buruk yang sedang mereka hadapi cuma sekadar “bad news” yang harus dihindari, sementara mereka lagi berjuang buat survive.",2026-09-17T01:01:29.000Z,,,,
https://www.instagram.com/p/DMCRH6Vzjl1/,,Instagram,xav.rere,Mahal2 kasih beasiswa eehh brain kosong,2026-09-17T01:00:25.000Z,,,,
https://www.instagram.com/p/DMCRH6Vzjl1/,,Instagram,marshamanuella98,have a brain but no heart 😢 maudy..You are sooooo wrong with what you said.,2026-09-17T01:00:03.000Z,,,,
https://www.instagram.com/p/DMCRH6Vzjl1/,,Instagram,setyasasonko,kiwkiw,2026-09-17T00:59:54.000Z,,,,
https://www.instagram.com/p/DMCRH6Vzjl1/,,Instagram,pano.ramadunia,Mental masih aman Maud?🤣,2026-09-17T00:58:29.000Z,,,,
https://www.instagram.com/p/DMCRH6Vzjl1/,,Instagram,ekayudha313,cuma bawa cantik doang tapi nol wkwk,2026-09-17T00:58:29.000Z,,,,
https://www.instagram.com/p/DMCRH6Vzjl1/,,Instagram,si.palingtengah,tone deaf final,2026-09-17T00:58:28.000Z,,,,
https://www.instagram.com/p/DMCRH6Vzjl1/,,Instagram,septianti_zuhra,,2026-09-17T00:57:08.000Z,,,,
https://www.instagram.com/p/DMCRH6Vzjl1/,,Instagram,ahmedrifai1_,Kocak mbak satu ini,2026-09-17T00:55:02.000Z,,,,
https://www.instagram.com/p/DMCRH6Vzjl1/,,Instagram,hairul_zulkifli_,Sebanyak 50.891 orang di Kalimantan telah menjadi korban infeksi saluran pernapasan akut (ISPA) akibat kebakaran hutan dan lahan (karhutla) sejak Juli hingga Agustus 2026... dan paling banyak anak-anak,2026-09-17T00:55:02.000Z,,,,
https://www.instagram.com/p/DMCRH6Vzjl1/,,Instagram,itsesyyy_,Tonedeaf bngtt,2026-09-17T00:54:55.000Z,,,,
https://www.instagram.com/p/DMCRH6Vzjl1/,,Instagram,fauzannprr,,2026-09-17T00:54:48.000Z,,,,
https://www.instagram.com/p/DMCRH6Vzjl1/,,Instagram,clip.perparfum,Mau tinggal sama saya kak? Mau liat asap langsung ga kak?,2026-09-17T00:54:25.000Z,,,,
https://www.instagram.com/p/DMCRH6Vzjl1/,,Instagram,azkaaulia_m,"lo gak ngerasa tinggal di kalimantan tepat nya di pontianak ,  asap yg sudah sangat berbahaya bagi anak2 , lo gak mikir yaa Rs penuh dengan anak2 yg susah napas karna asap",2026-09-17T00:53:24.000Z,,,,
https://www.instagram.com/p/DMCRH6Vzjl1/,,Instagram,wherewavesmeet.id,Bukan cuma tone-deaf tapi jahat! Main aman boleh tapi jangan di publish supaya keliatan dongonya dan menyakiti sesama mu,2026-09-17T00:50:09.000Z,,,,
https://www.instagram.com/p/DMCRH6Vzjl1/,,Instagram,luwsee,Pinter tp tonedeaf...😢😢😢😢,2026-09-17T00:48:14.000Z,,,,
https://www.instagram.com/p/DMCRH6Vzjl1/,,Instagram,dewi_rafid,Ku kira kamu beneran pintar dan cerdas!!!!,2026-09-17T00:47:37.000Z,,,,
https://www.instagram.com/p/DMCRH6Vzjl1/,,Instagram,its_me_bilqis1,Pinteran juga Gufron dari pada ni orang🤣,2026-09-17T00:47:23.000Z,,,,
https://www.instagram.com/p/DMCRH6Vzjl1/,,Instagram,thaliaaali.jpg,,2026-09-17T00:47:05.000Z,,,,
https://www.instagram.com/p/DMCRH6Vzjl1/,,Instagram,i.yann7,manusia kocak,2026-09-17T00:47:01.000Z,,,,
https://www.instagram.com/p/DMCRH6Vzjl1/,,Instagram,dillasm._,sehat” ya kak semoga ga ngerasain yang kami rasakan,2026-09-17T00:45:43.000Z,,,,
https://www.instagram.com/p/DMCRH6Vzjl1/,,Instagram,_bobachoc0late,"Kalo ga mau denger atau liat bad news gausah pake sosmed or nonton tv mbak, pake hp Nokia jadul aja tuh kalo ga idup dibulan aja sekalian🙏🏻",2026-09-17T00:45:27.000Z,,,,
https://www.instagram.com/p/DMCRH6Vzjl1/,,Instagram,icalnial,"Tolong kalo ada yang liat makhluk ini berkeliaran di kota kalian, usir.",2026-09-17T00:45:16.000Z,,,,
https://www.instagram.com/p/DMCRH6Vzjl1/,,Instagram,elephant.9383210,JAHATTTTT,2026-09-17T00:44:36.000Z,,,,
https://www.instagram.com/p/DMCRH6Vzjl1/,,Instagram,orencake20,,2026-09-17T00:44:21.000Z,,,,
https://www.instagram.com/p/DMCRH6Vzjl1/,,Instagram,joypiee__,"Lu kuliah aja lpdp ,malah tutup mata sama yg nguliahin,itu kuliah pake duit rakyat",2026-09-17T00:43:51.000Z,,,,
https://www.instagram.com/p/DMCRH6Vzjl1/,,Instagram,yangitucariaja,bitch,2026-09-17T00:43:29.000Z,,,,
https://www.instagram.com/p/DMCRH6Vzjl1/,,Instagram,joypiee__,Ngga selamanya yg cantik dan pintar itu hatinya baik ygy,2026-09-17T00:43:14.000Z,,,,
https://www.instagram.com/p/DMCRH6Vzjl1/,,Instagram,snow_bearie,"indo lagi kebakar, susah cari makan, anak-anak kelaparan, hewan banyak yg mati, bbm sulit, tetap mindfullness ya say",2026-09-17T00:43:08.000Z,,,,
https://www.instagram.com/p/DMCRH6Vzjl1/,,Instagram,wherewavesmeet.id,"Malas sama orang yang sudah salah, malah makin sombong, bahkan masih dibela sebagian orang. Minta maaf itu nggak akan mengurangi harta atau harga diri lo. Kadang yang dibutuhkan cuma sedikit kerendahan hati dan empathy.",2026-09-17T00:42:47.000Z,,,,
https://www.instagram.com/p/DMCRH6Vzjl1/,,Instagram,fauzannprr,,2026-09-17T00:42:18.000Z,,,,
https://www.instagram.com/p/DMCRH6Vzjl1/,,Instagram,grmylld_,kemaren sampee inggriss sekolahnya ngapain mbaa??,2026-09-17T00:42:10.000Z,,,,
https://www.instagram.com/p/DMCRH6Vzjl1/,,Instagram,fanialfiana98,"Kapan ke kalimantan? Punya malu gak sama sherina? lain kali pake action ya mba bukan bacot. Udah disekolahin sama rakyat masa jadi kayak buzzer? Ayo ditunggu vlog nya ke kalimantan, sama permintaan maafnya. Silahkan menelan asap nya selama berbulan-bulan dan katakan bahwa itu sekedar badnews🙂 Gak sanggup kan lo? Gak bisakannn???? Sakit lu ya maudy? Sekelas bang windah gamers 24/7 aja punya empati, lah lu? Lulusan oxford???Damnnn🙂",2026-09-17T00:42:01.000Z,,,,
https://www.instagram.com/p/DMCRH6Vzjl1/,,Instagram,sumbermedia_interior,Mindfullness 🙏🙏🙏,2026-09-17T00:41:26.000Z,,,,
https://www.instagram.com/p/DMCRH6Vzjl1/,,Instagram,anna_allena,sini mbak bad news. ke kaltim...main asap2 yuu,2026-09-17T00:41:06.000Z,,,,
https://www.instagram.com/p/DMCRH6Vzjl1/,,Instagram,saripramesti08,G pny empati,2026-09-17T00:40:38.000Z,,,,
https://www.instagram.com/p/DMCRH6Vzjl1/,,Instagram,anna_allena,sebut saja mbak ini si mba bad news,2026-09-17T00:40:06.000Z,,,,
https://www.instagram.com/p/DMCRH6Vzjl1/,,Instagram,yopi.py,@_maudyy05 dicariin mandra tuhh,2026-09-17T00:40:06.000Z,,,,
https://www.instagram.com/p/DMCRH6Vzjl1/,,Instagram,anna_allena,minim empati,2026-09-17T00:39:35.000Z,,,,
https://www.instagram.com/p/DMCRH6Vzjl1/,,Instagram,rhullll9il,Jilat biar jadi komisaris,2026-09-17T00:37:32.000Z,,,,
https://www.instagram.com/p/DMCRH6Vzjl1/,,Instagram,rhullll9il,Sok iye kntl,2026-09-17T00:37:10.000Z,,,,
https://www.instagram.com/p/DMCRH6Vzjl1/,,Instagram,pawonku_indah,🔥😢,2026-09-17T00:36:04.000Z,,,,
https://www.instagram.com/p/DMCRH6Vzjl1/,,Instagram,who_____im_____i____4392,Lue anak buah bil_gat* ya ?,2026-09-17T00:36:00.000Z,,,,
https://www.instagram.com/p/DMCRH6Vzjl1/,,Instagram,riawindilestari,"Halo Modi, hari ini polutan asap tembus 1200pm. Beberapa kali tembus 2400pm.  Mau coba datang ke sini? Iya kesini Kalimantan tengah.",2026-09-17T00:35:58.000Z,,,,
https://www.instagram.com/p/DMCRH6Vzjl1/,,Instagram,wherewavesmeet.id,"Good morning! Don’t forget your avocado toast and eggs. Gotta heal from those “bad news” somehow. 😂 Healthy food for ignoring reality, I guess. 🙃",2026-09-17T00:35:55.000Z,,,,
https://www.instagram.com/p/DMCRH6Vzjl1/,,Instagram,namaku_bagos,jilat terusss biar dapet jatah🤣🤣🤣,2026-09-17T00:33:54.000Z,,,,
https://www.instagram.com/p/DMCRH6Vzjl1/,,Instagram,chazguci,,2026-09-17T00:33:36.000Z,,,,
https://www.instagram.com/p/DMCRH6Vzjl1/,,Instagram,seaturtleiscute,keminggris pollll awakmu mbyakkkk2,2026-09-17T00:33:35.000Z,,,,
https://www.instagram.com/p/DMCRH6Vzjl1/,,Instagram,dinasusanti12,Kuliah pake duit pajak rakyat… tolong dong berpihak sama Rakyat…. Ikut padamin kebakaran hutan keq… ikut bantu yg lagi gempa.. ikut di dapur MBG keq biar gak keracunan 😢 ya ampun,2026-09-17T00:33:11.000Z,,,,
https://www.instagram.com/p/DMCRH6Vzjl1/,,Instagram,wherewavesmeet.id,"Good morning, Queen of Bad Vibes & Bad News. 👑😂",2026-09-17T00:31:54.000Z,,,,
https://www.instagram.com/p/DMCRH6Vzjl1/,,Instagram,wherewavesmeet.id,"Good morning, Queen of Tone-Deaf. 👑🙃🤣",2026-09-17T00:31:15.000Z,,,,
https://www.instagram.com/p/DMCRH6Vzjl1/,,Instagram,kurniasandii_,notif aman ? 😜,2026-09-17T00:30:07.000Z,,,,
https://www.instagram.com/p/DMCRH6Vzjl1/,,Instagram,awaludin_1801,Wow,2026-09-17T00:29:30.000Z,,,,
https://www.instagram.com/p/DMCRH6Vzjl1/,,Instagram,wherewavesmeet.id,"You can be tone-deaf if you want, but don’t get online and tell everyone else to mute other people’s suffering. Plenty of us still give a damn.",2026-09-17T00:27:42.000Z,,,,
https://www.instagram.com/p/DMCRH6Vzjl1/,,Instagram,mhdhfidzzz_,Mental aman kak?🤣,2026-09-17T00:26:13.000Z,,,,
https://www.instagram.com/p/DMCRH6Vzjl1/,,Instagram,vizwng,kuliah kalo pake duit rakyat minimal tau dirilah,2026-09-17T00:25:41.000Z,,,,
https://www.instagram.com/p/DMCRH6Vzjl1/,,Instagram,kryshafiraa,,2026-09-17T00:24:58.000Z,,,,
https://www.instagram.com/p/DMCRH6Vzjl1/,,Instagram,meggit.id,windah basudara 24/7 hidupnya buat gaming aja tau soal empati. lah ini lulusan oxford😂😂😂,2026-09-17T00:21:38.000Z,,,,
https://www.instagram.com/p/DMCRH6Vzjl1/,,Instagram,fdl4.hh,,2026-09-17T00:21:03.000Z,,,,
https://www.instagram.com/p/DMCRH6Vzjl1/,,Instagram,rdhaasrr,"dihujat, aoakwowk😹🤏🏻",2026-09-17T00:20:51.000Z,,,,
https://www.instagram.com/p/DMCRH6Vzjl1/,,Instagram,7texcas,paok,2026-09-17T00:20:32.000Z,,,,
https://www.instagram.com/p/DMCRH6Vzjl1/,,Instagram,gosport.pbun,Wadidaw,2026-09-17T00:20:15.000Z,,,,
https://www.instagram.com/p/DMCRH6Vzjl1/,,Instagram,davit_triadi25,Lawakk bro ah,2026-09-17T00:20:04.000Z,,,,
https://www.instagram.com/p/DMCRH6Vzjl1/,,Instagram,dnumhaf,"Biasa yg gini gini tu pinter ngmong doang emg biasanya. Beneran ngmong doang. Pencitraan. Pick me. Ya begitulah. Udh biasa disanjung2 karna pinter ngmongnya. Sekali ini dihujat karna kepinteran ngmongnya. Dri dlu ga suka sm tipe artis yg sok byk ngmong begini, keliatan ujungnya kan, semua yg diomongin emg cuma skill omong omong doang, empatinya, kontribusi ""nyata""nya, akhlak dan adab nya,  nol besar.",2026-09-17T00:18:57.000Z,,,,
https://www.instagram.com/p/DMCRH6Vzjl1/,,Instagram,kariz_z_,Siap si paling mindfulness dan pinter tapi ga memikirkan empati. Kenapa? Udah biasa kaya dan nginjek orang yg dibawah nya ? Minus banget jir. Makan nih mindfulness lu. Stress ga di gruduk media sosial nya? Wkwkwkwk,2026-09-17T00:18:36.000Z,,,,
https://www.instagram.com/p/DMCRH6Vzjl1/,,Instagram,airuunsaa,i hate u sm,2026-09-17T00:18:02.000Z,,,,
https://www.instagram.com/p/DMCRH6Vzjl1/,,Instagram,marshandachristie,I hate u,2026-09-17T00:15:30.000Z,,,,
https://www.instagram.com/p/DMCRH6Vzjl1/,,Instagram,pramoediap,Jebolan lpdp nir empati,2026-09-17T00:14:51.000Z,,,,
https://www.instagram.com/p/DMCRH6Vzjl1/,,Instagram,gundik_birahi,Berilmu tapi tidak punya empati DAMN!!,2026-09-17T00:13:47.000Z,,,,
https://www.instagram.com/p/DMCRH6Vzjl1/,,Instagram,look_man_hakim,Maudy nda ayu akhlaknya.,2026-09-17T00:13:04.000Z,,,,
https://www.instagram.com/p/DMCRH6Vzjl1/,,Instagram,sleperssssss,Maudy kontol,2026-09-17T00:12:25.000Z,,,,
https://www.instagram.com/p/DMCRH6Vzjl1/,,Instagram,rina.varera,Emang setres,2026-09-17T00:12:11.000Z,,,,
https://www.instagram.com/p/DMCRH6Vzjl1/,,Instagram,radityarizqi,"Semangat, Maudy. Semoga ke depannya bisa lebih berempati lagi ya. Kita semua juga capek kalau terus-terusan dengar bad news. Tapi tujuan berita bukan selalu untuk menyampaikan hal yang menyenangkan. Berita disebarluaskan untuk memberi informasi, meningkatkan kepedulian, membuka fakta, dan mendorong orang untuk peduli atau mengambil tindakan.",2026-09-17T00:10:16.000Z,,,,
https://www.instagram.com/p/DMCRH6Vzjl1/,,Instagram,nuryana273,@maudyayunda kamu pantas loh mendapatkan beasiswa @lpdp_ri supaya cerdas dan tidak bodoh. Tolong berikan beasiswa tersebut untuk beliau yang sangat membutuhkan literasi.,2026-09-17T00:10:13.000Z,,,,
https://www.instagram.com/p/DMCRH6Vzjl1/,,Instagram,oeljisun,,2026-09-17T00:10:02.000Z,,,,
https://www.instagram.com/p/DMCRH6Vzjl1/,,Instagram,abronolaa,Ya orang tu ga akan ngerasa apa apa sebelum ngerasain sendiri gimana rasanya,2026-09-17T00:06:32.000Z,,,,
https://www.instagram.com/p/DMCRH6Vzjl1/,,Instagram,aldiphylp_,langsung aja kirimin dia kuyang😂,2026-09-17T00:05:06.000Z,,,,
https://www.instagram.com/p/DMCRH6Vzjl1/,,Instagram,sheldeana,"please hapus aja videomu mod, malu banget liatnya. orang yg katanya secerdas km ngomong kek gini, apalagi sambil sarapan mewah dgn background kitchen set mahal, yg gk semua orang Indonesia punya privilege itu 💔",2026-09-17T00:05:03.000Z,,,,
https://www.instagram.com/p/DMCRH6Vzjl1/,,Instagram,emmah_buburbayiorganik,"@sherinamunaf tarikk satu wanita ini ka ikut kau, biar dia rase jerebu nih masuk ke kerongkongan nye",2026-09-17T00:04:18.000Z,,,,
https://www.instagram.com/p/DMCRH6Vzjl1/,,Instagram,syaii03,Seminggu aja sini tinggal di Kalimantan biar rasain gimana 24 jam hirup asap karhutla,2026-09-17T00:04:10.000Z,,,,
https://www.instagram.com/p/DMCRH6Vzjl1/,,Instagram,ulfalutfia23,Let tham let them ya mbyakk? Duhh,2026-09-17T00:03:38.000Z,,,,
https://www.instagram.com/p/DMCRH6Vzjl1/,,Instagram,slvrqquen_,lu coba deh lagi bunting gede berusaha tetap nyari nafas seger dengan kondisi kalimantan tiap hari penuh ASAP !,2026-09-17T00:01:23.000Z,,,,
https://www.instagram.com/p/DMCRH6Vzjl1/,,Instagram,dante________________________0,"Dia bilang soal menyaring informasi, ternyata beneran banyak yang kesini karena kemakan hoax😹",2026-09-17T00:00:01.000Z,,,,
https://www.instagram.com/p/DMCRH6Vzjl1/,,Instagram,mayya_alhusna28,Kok tega,2026-09-16T23:59:53.000Z,,,,
https://www.instagram.com/p/DMCRH6Vzjl1/,,Instagram,iyoo.v2,nitip kopii der,2026-09-16T23:57:47.000Z,,,,
https://www.instagram.com/p/DMCRH6Vzjl1/,,Instagram,novafdlh,"jangan sewa buzzer mod, kasian orang2 yg cuma pengen speak up",2026-09-16T23:57:40.000Z,,,,
https://www.instagram.com/p/DMCRH6Vzjl1/,,Instagram,dewie_aurelia,"Kalo belum pernah mengalami stop bicara, tutup saja telinga anda dari bad new",2026-09-16T23:57:37.000Z,,,,
https://www.instagram.com/p/DMCRH6Vzjl1/,,Instagram,hzfaaaaaaa,npd ga ka? 😭,2026-09-16T23:56:11.000Z,,,,
https://www.instagram.com/p/DMCRH6Vzjl1/,,Instagram,chandra205_,Kalau gak bisa empati setidaknya punya value,2026-09-16T23:54:11.000Z,,,,
https://www.instagram.com/p/DMCRH6Vzjl1/,,Instagram,abdmnr98,"buset rame, kopi kopi kopi☕️☕️☕️☕️☕️☕️☕️☕️☕️☕️☕️☕️☕️☕️",2026-09-16T23:52:55.000Z,,,,
https://www.instagram.com/p/DMCRH6Vzjl1/,,Instagram,hermilasyrfh,mau setinggi apa pendidikan kalo kita ga pakai IMAN ya susah🥹,2026-09-16T23:52:26.000Z,,,,
https://www.instagram.com/p/DMCRH6Vzjl1/,,Instagram,andika.huta,"Avoidance of the year, I'm so sorry about the bad news.",2026-09-16T23:52:26.000Z,,,,
https://www.instagram.com/p/DMCRH6Vzjl1/,,Instagram,nurlaili_risdiyanti,"LET THEM, KAMU hasill dari LPDP makanya kamu gak bisa bersuara lantang. Kaya kak @claurakiehl dia berani bersuara tanpa rasa takut.",2026-09-16T23:52:22.000Z,,,,
https://www.instagram.com/p/DMCRH6Vzjl1/,,Instagram,xchirox666x,"Eh empruy 😭 lau sokap sih hidup susah aja gak pernah 😂 gaka da didunia ini yg mau idup susah semua berlomba buat jadi kaya, lau kalo hidup gak dari bawah diem mending, lau berpendidikan tinggi tapi lidahnya lebih parah dari ibu ibu di perumahan yg doyan ngegosip sambil nyekek kangkung",2026-09-16T23:52:20.000Z,,,,
https://www.instagram.com/p/DMCRH6Vzjl1/,,Instagram,decky.soecahyo,Ngga banget,2026-09-16T23:52:09.000Z,,,,
https://www.instagram.com/p/DMCRH6Vzjl1/,,Instagram,nanda_nst12,Kayaknya pengalihan isu,2026-09-16T23:48:55.000Z,,,,
https://www.instagram.com/p/DMCRH6Vzjl1/,,Instagram,bagusrsatriio07,JEMBUT,2026-09-16T23:48:12.000Z,,,,
https://www.instagram.com/p/DMCRH6Vzjl1/,,Instagram,iam_jamesski,POV Maudy saat ini:sial aku tadi ngomong gak mikir😂😂,2026-09-16T23:48:02.000Z,,,,
https://www.instagram.com/p/DMCRH6Vzjl1/,,Instagram,awalsafarm,"Saya yakin semua yang bad comment di sini belum menonton videonya secara utuh. Alih-alih menunjuk orang dengan 1 jari telunjukmu, ingat ada 3 jari yang mengarah ke diri kalian. 

Apa ini impact dari terlalu sering mengkonsumsi konten pendek, sehingga tidak mampu memaknai konten Maudy secara utuh dan kontekstual?",2026-09-16T23:47:43.000Z,,,,
https://www.instagram.com/p/DMCRH6Vzjl1/,,Instagram,halu.bay,"Sekolah Tinggi tinggi tapi tolol, masih aja jadi hamba perintahan, goblok🤣🤣",2026-09-16T23:47:17.000Z,,,,
https://www.instagram.com/p/DMCRH6Vzjl1/,,Instagram,yantimartutik,"Terlalu enak hidupnya, jd ga napak bumi 😔, nirempati",2026-09-16T23:45:27.000Z,,,,
https://www.instagram.com/p/DMCRH6Vzjl1/,,Instagram,mad.ndrio_,Dibayar berapa buat jilat pemerintah 😛😛😛,2026-09-16T23:45:21.000Z,,,,
https://www.instagram.com/p/DMCRH6Vzjl1/,,Instagram,9112dump,sorry ya mb dulu jadiin kamu idola sekarang cut off dulu ga nyangka km nya begitu wkwk,2026-09-16T23:45:13.000Z,,,,
https://www.instagram.com/p/DMCRH6Vzjl1/,,Instagram,masida8123,Ini yg suka ngiklan minuman itu bukan yakk..😵‍💫,2026-09-16T23:44:15.000Z,,,,
https://www.instagram.com/p/DMCRH6Vzjl1/,,Instagram,gilangyoga_01,,2026-09-16T23:44:08.000Z,,,,
https://www.instagram.com/p/DMCRH6Vzjl1/,,Instagram,rianfadhilah,"Bener kata pein akatsuki, ""Manusia tidak akan bisa saling memahami, jika tidak merasakaan penderitaan yang sama"". Anda terlalu lama terbang ya mbk, sampai ga mau nginjak tanah.",2026-09-16T23:43:46.000Z,,,,
https://www.instagram.com/p/DMCRH6Vzjl1/,,Instagram,adhable_,Sementara si bro @acjoo masih mencari titik tengah di kontennya,2026-09-16T23:43:20.000Z,,,,
https://www.instagram.com/p/DMCRH6Vzjl1/,,Instagram,arumsekarjaya__,Dari komen 3 rb jadi 20 rb Skrang 😭 gilakk,2026-09-16T23:42:59.000Z,,,,
https://www.instagram.com/p/DMCRH6Vzjl1/,,Instagram,pemulacalisthenic99,kolom komentar ini tempat menghilangkan stress😂,2026-09-16T23:42:51.000Z,,,,
https://www.instagram.com/p/DMCRH6Vzjl1/,,Instagram,ifadahhhhh,bad news,2026-09-16T23:39:11.000Z,,,,
https://www.instagram.com/p/DMCRH6Vzjl1/,,Instagram,itsme_holifah21,Berpendidikan tapi nirempati. Jadi males skrg denger lagu2 lu mbak,2026-09-16T23:38:51.000Z,,,,
https://www.instagram.com/p/DMCRH6Vzjl1/,,Instagram,aurezadapa,nirempati 👎🏼,2026-09-16T23:38:38.000Z,,,,
https://www.instagram.com/p/DMCRH6Vzjl1/,,Instagram,saintsunnnn,Kalau ga rasain sendiri kejadian buruk nya tau asal omong doang,2026-09-16T23:36:45.000Z,,,,
https://www.instagram.com/p/DMCRH6Vzjl1/,,Instagram,grimjojaggr,Kalo nggak salah ni orang baru kena hujat yak? Dikomen masih 20k tunggu 1jt an dulu baru tutup komen,2026-09-16T23:34:47.000Z,,,,
https://www.instagram.com/p/DMCRH6Vzjl1/,,Instagram,deculmenolaksadar,let them,2026-09-16T23:34:33.000Z,,,,
https://www.instagram.com/p/DMCRH6Vzjl1/,,Instagram,majnun_murokab,Gilak masih di goreng aja. Selamat mendapatkan bad reality tak hanya bad news sebagai wni,2026-09-16T23:29:35.000Z,,,,
https://www.instagram.com/p/DMCRH6Vzjl1/,,Instagram,adelyayunitaaa,,2026-09-16T23:29:29.000Z,,,,
https://www.instagram.com/p/DMCRH6Vzjl1/,,Instagram,ajisantika1_,Minim empati,2026-09-16T23:29:15.000Z,,,,
https://www.instagram.com/p/DMCRH6Vzjl1/,,Instagram,saitama_sensei9999,Sekolah tinggi belum tentu Pintar & beradab,2026-09-16T23:29:01.000Z,,,,
https://www.instagram.com/p/DMCRH6Vzjl1/,,Instagram,agungvonrothschild,,2026-09-16T23:28:47.000Z,,,,
https://www.instagram.com/p/DMCRH6Vzjl1/,,Instagram,saitama_sensei9999,,2026-09-16T23:27:48.000Z,,,,
https://www.instagram.com/p/DMCRH6Vzjl1/,,Instagram,celiasmuh,Kena tekanan mental ya?,2026-09-16T23:27:22.000Z,,,,
https://www.instagram.com/p/DMCRH6Vzjl1/,,Instagram,yoggirkaito,,2026-09-16T23:26:02.000Z,,,,
https://www.instagram.com/p/DMCRH6Vzjl1/,,Instagram,a_dinark,1 kata aja: KECEWA,2026-09-16T23:24:44.000Z,,,,
https://www.instagram.com/p/DMCRH6Vzjl1/,,Instagram,dee2.fa04,Sangat tdk iklas dibayarin kuliah malah Nir-empati astagfirullah,2026-09-16T23:22:33.000Z,,,,
https://www.instagram.com/p/DMCRH6Vzjl1/,,Instagram,brook_destroy,"Masyarakat Indonesia gaperlu lo ajakin ngontrol emosi sambil yapping mindfulnes, kalau mereka gabisa ngontrol emosi dan gak sabaran udah chaos sejak dulu. Banjir bandang Sumatra, karhutla kalimantan, gempa NTT, Antrian BBM berkilo kilo meter di beberapa daerah, LPG langka di beberapa daerah dan banyak kabar buruk lainnya. Kebetulan aja lo gak ngalamin makanya bisa yapping, bagi lo cuma bad news tapi gimana jadinya kalau bapak lo yang hanyut kebawa banjir kira kira cuma sekedar bad news gak?",2026-09-16T23:21:16.000Z,,,,
https://www.instagram.com/p/DMCRH6Vzjl1/,,Instagram,loveeewii,Kak sini kekalimantan klo mau ngerasain mata perih sm sesek nafas pdhl cmn bentar aj kluar udh kya mau kedunia lain rsanya🤣,2026-09-16T23:20:51.000Z,,,,
https://www.instagram.com/p/DMCRH6Vzjl1/,,Instagram,yossi_avril,Mencoba memfilter.... Tapi feed nya malah makin rame ..,2026-09-16T23:20:09.000Z,,,,
https://www.instagram.com/p/DMCRH6Vzjl1/,,Instagram,miss_eva_aja,"Klo punya malu sih balikin tuh uang LPDP nya, itukan uang dari pajak rakyat,tp kamu tone deaf sm keadaan rakyat dan negara",2026-09-16T23:18:24.000Z,,,,
https://www.instagram.com/p/DMCRH6Vzjl1/,,Instagram,danieltng28,NORA AAAKK KK,2026-09-16T23:18:06.000Z,,,,
https://www.instagram.com/p/DMCRH6Vzjl1/,,Instagram,sssyawall.exe,MINDFULNESSSSSSSSSS,2026-09-16T23:15:32.000Z,,,,
https://www.instagram.com/p/DMCRH6Vzjl1/,,Instagram,hahahattory,"Sini magang dulu hidup di kalimantan biar tau rasanya gimana, biar ga gampang cocotmu itu berbicara😂",2026-09-16T23:11:30.000Z,,,,
https://www.instagram.com/p/DMCRH6Vzjl1/,,Instagram,mariaaditya27,Pwdidikan tinggi otak berpikirnya msh kaya otak udang,2026-09-16T23:10:46.000Z,,,,
https://www.instagram.com/p/DMCRH6Vzjl1/,,Instagram,rahmanauliya16,@nurfadhillah73 bikin konten intinya harus saring bad news supaya ga pusing.. pdhl bad news yg ada itu realita yg terjadi di masyarakat... seenggaknya kalau gabisa bantu apa² mending diem dh..,2026-09-16T23:10:32.000Z,,,,
https://www.instagram.com/p/DMCRH6Vzjl1/,,Instagram,amrulchester_,,2026-09-16T23:08:52.000Z,,,,
https://www.instagram.com/p/DMCRH6Vzjl1/,,Instagram,nisa_andrn,"anak papih mana ngerasain antri bbm, apalagi makan MBG wkwk",2026-09-16T23:05:24.000Z,,,,
https://www.instagram.com/p/DMCRH6Vzjl1/,,Instagram,_future.plan,"Lo mah enak udah kaya dari lahir kak.. hidup tentram, damai, sesuai apa yg lo mau dgn uang dan lingkungan yg lo punya itu. Ga semua orang punya PRIVILEGE kaya lo kak! Sedih bgt jujur :(",2026-09-16T23:04:43.000Z,,,,
https://www.instagram.com/p/DMCRH6Vzjl1/,,Instagram,_future.plan,Seriusan ga ada KLARIFIKASI langsung dari sosmed dia? Buatin versi video juga tolong! Jangan text doang.,2026-09-16T23:02:45.000Z,,,,
https://www.instagram.com/p/DMCRH6Vzjl1/,,Instagram,wildanpyatna,Dongok,2026-09-16T23:02:36.000Z,,,,
https://www.instagram.com/p/DMCRH6Vzjl1/,,Instagram,_arin26_,Cancel aja udah orang kayak gini,2026-09-16T23:01:43.000Z,,,,
https://www.instagram.com/p/DMCRH6Vzjl1/,,Instagram,dwisri_90,Modd modd koe ki kebanyakan polah,2026-09-16T22:58:56.000Z,,,,
https://www.instagram.com/p/DMCRH6Vzjl1/,,Instagram,yulia.syahputri.549,Nyawit ni orang kayaknya,2026-09-16T22:57:37.000Z,,,,
https://www.instagram.com/p/DMCRH6Vzjl1/,,Instagram,ivo_dimateo,"Gak punya empati lu Anjj, chuuiikh..😏",2026-09-16T22:57:10.000Z,,,,
https://www.instagram.com/p/DMCRH6Vzjl1/,,Instagram,yulia.syahputri.549,"Org berilmu belom tentu beradab, ni org menunjukkan aslinya ternyataaa",2026-09-16T22:57:00.000Z,,,,
https://www.instagram.com/p/DMCRH6Vzjl1/,,Instagram,octaviano_hartanto,Engga semua orang punya privilege kayak kamu kak 🤣,2026-09-16T22:55:41.000Z,,,,
https://www.instagram.com/p/DMCRH6Vzjl1/,,Instagram,___msf____,"Maudy tidur yah,,besok di lanjut yapping yahh syang",2026-09-16T22:52:20.000Z,,,,
https://www.instagram.com/p/DMCRH6Vzjl1/,,Instagram,sim.baboo,"Oke ilmu udh pinter, tinggal belajar  adabnya yg  masih jomplang. Lu tau kan ilmu tanpa adab itu ga berguna?",2026-09-16T22:52:11.000Z,,,,
https://www.instagram.com/p/DMCRH6Vzjl1/,,Instagram,purnomo_190,"Muakkk sama lu Maudy, egois lu jdi manusia, mlah nge brainwash org biar GK peduli bad news, bangsatttt",2026-09-16T22:50:17.000Z,,,,
https://www.instagram.com/p/DMCRH6Vzjl1/,,Instagram,kuriiinnn,Heh bajingan kaya !,2026-09-16T22:49:31.000Z,,,,
https://www.instagram.com/p/DMCRH6Vzjl1/,,Instagram,exinos_fajri29,😌jika dirimu berempati setidaknya turun lah liat realita yg ada. Kau pikir ini permainan simulasi di game sim? Gk ini kenyataan😐,2026-09-16T22:46:54.000Z,,,,
https://www.instagram.com/p/DMCRH6Vzjl1/,,Instagram,upi.sprnt,cewe cantik juga ada yg bego ya,2026-09-16T22:44:27.000Z,,,,
https://www.instagram.com/p/DMCRH6Vzjl1/,,Instagram,donieachmaad,,2026-09-16T22:44:19.000Z,,,,
https://www.instagram.com/p/DMCRH6Vzjl1/,,Instagram,mas_al1922,,2026-09-16T22:43:41.000Z,,,,
https://www.instagram.com/p/DMCRH6Vzjl1/,,Instagram,ahmd.faisall10,ga semua yang berilmu BEREMPATI,2026-09-16T22:43:08.000Z,,,,
https://www.instagram.com/p/DMCRH6Vzjl1/,,Instagram,nadiashafirraa,shame on you,2026-09-16T22:41:05.000Z,,,,
https://www.instagram.com/p/DMCRH6Vzjl1/,,Instagram,helda.siringo2,"seneng bacain komen2,, maki terus gaess, terus BERISIK jgn berhenti sampe dia mandul keguguran hasil dr bacotan mindfullnesnya 😂",2026-09-16T22:40:58.000Z,,,,
https://www.instagram.com/p/DMCRH6Vzjl1/,,Instagram,gugus.nux,Sibuk bgt hapusin komentar,2026-09-16T22:40:37.000Z,,,,
https://www.instagram.com/p/DMCRH6Vzjl1/,,Instagram,sloiyz,sok polos ternyata najis ya,2026-09-16T22:38:44.000Z,,,,
https://www.instagram.com/p/DMCRH6Vzjl1/,,Instagram,andi_4lfatih,Ah telor dadar kalo ngomong bisa aja😂,2026-09-16T22:37:40.000Z,,,,
https://www.instagram.com/p/DMCRH6Vzjl1/,,Instagram,_____sotong,GA KLARIFIKASI MOD?,2026-09-16T22:36:41.000Z,,,,
https://www.instagram.com/p/DMCRH6Vzjl1/,,Instagram,cecep_pratama7,Kent,2026-09-16T22:34:40.000Z,,,,
https://www.instagram.com/p/DMCRH6Vzjl1/,,Instagram,cecep_pratama7,Kont,2026-09-16T22:34:32.000Z,,,,
https://www.instagram.com/p/DMCRH6Vzjl1/,,Instagram,ogamatkkokkak,Mughallazah,2026-09-16T22:34:07.000Z,,,,
https://www.instagram.com/p/DMCRH6Vzjl1/,,Instagram,sardiansyahrosi,,2026-09-16T22:32:20.000Z,,,,
https://www.instagram.com/p/DMCRH6Vzjl1/,,Instagram,lindacyute,Mukanya kyk orang baek,2026-09-16T22:32:01.000Z,,,,
https://www.instagram.com/p/DMCRH6Vzjl1/,,Instagram,agnesmncdw,"Enak bgt yaa makan telur sekaligus 3, masak di dapur ber-AC, sedangkan org Kalimantan nafas aja berjuang, air aja susah harga air minum naik, BBM antri seharian dan blm tentu dapat, belum lg listrik padam terus. Mindfull gimana kak maksudmu? Pilah pilih bad news? Enak ya masih bisa milih denger atau ngga sedangkan kami bener2 bertubi-tubi ngalamin semuanya sendiri. Udah biasa kak kami gak diprioritaskan sm pusat, berita ini sampe ke pulau lain jg udah happy at least pada tau keadaan borneo gimana...",2026-09-16T22:31:39.000Z,,,,
https://www.instagram.com/p/DMCRH6Vzjl1/,,Instagram,gugus.nux,"Ngomong gitu karena tidak mengalami ya? Coba berapa ratus ribu rakyat yang kesusahan sekarang ini dan mereka dibatasi dalam bersuara, trus dengan keuntungan media sosial ini harusnya kita yang masih bisa bersuara ini membantu mereka untuk bersuara untuk mendapatkan keadilan bagi mereka sebagai sesama mahluk dan hidup. Mindfulnes adalah awal menuju ketidak pekaan kepada sesama manusia dan sekitar kita, alias awal dari ketidak pedulian dan bisa bertentangan dengan sila ke 3",2026-09-16T22:30:11.000Z,,,,
https://www.instagram.com/p/DMCRH6Vzjl1/,,Instagram,fhuadbdrl,“hm”,2026-09-16T22:28:04.000Z,,,,
https://www.instagram.com/p/DMCRH6Vzjl1/,,Instagram,putriiprnmm,Emg dari dlu gw mah kurang suka,2026-09-16T22:27:51.000Z,,,,
https://www.instagram.com/p/DMCRH6Vzjl1/,,Instagram,mgaapril25,Hedehhhhh maud! 🫠,2026-09-16T22:23:46.000Z,,,,
https://www.instagram.com/p/DMCRH6Vzjl1/,,Instagram,thynolneutron,saya kira untuk jadi setan itu harus seram,2026-09-16T22:20:43.000Z,,,,
https://www.instagram.com/p/DMCRH6Vzjl1/,,Instagram,rahmanauliya16,Rame bgt komennya 🤣🤣🤣 makanya bu hati² bikin konten ditrngah masyarakat yg lg marah atas segala ketidakadilan😢,2026-09-16T22:19:20.000Z,,,,
https://www.instagram.com/p/DMCRH6Vzjl1/,,Instagram,trismuk48,Lets go block,2026-09-16T22:18:05.000Z,,,,
https://www.instagram.com/p/DMCRH6Vzjl1/,,Instagram,fiqrch__,"tinggalkan jejak, postingan ini berpotensi ramai.",2026-09-16T22:17:26.000Z,,,,
https://www.instagram.com/p/DMCRH6Vzjl1/,,Instagram,mrjuniorr_,Tidak semua orang pintar tau peperangan.,2026-09-16T22:17:06.000Z,,,,
https://www.instagram.com/p/DMCRH6Vzjl1/,,Instagram,celungap_com,Sini masyarakat Kalimantan ngumpul sini,2026-09-16T22:06:46.000Z,,,,
https://www.instagram.com/p/DMCRH6Vzjl1/,,Instagram,bidn_rizqi.putri,owwhh.. jd inii ??????????????,2026-09-16T22:06:42.000Z,,,,
https://www.instagram.com/p/DMCRH6Vzjl1/,,Instagram,pitipiwpiwwiwwiww__,Tau bgt yg komen bully ga nonton cma ikutan fomo🤣,2026-09-16T22:00:49.000Z,,,,
https://www.instagram.com/p/DMCRH6Vzjl1/,,Instagram,godzhenxi,"Oh you're so cooked girl, not even cooked anymore but burnt",2026-09-16T22:00:33.000Z,,,,
https://www.instagram.com/p/DMCRH6Vzjl1/,,Instagram,faizcarry.us,,2026-09-16T21:48:41.000Z,,,,
https://www.instagram.com/p/DMCRH6Vzjl1/,,Instagram,alkautsarzp,,2026-09-16T21:47:55.000Z,,,,
https://www.instagram.com/p/DMCRH6Vzjl1/,,Instagram,9usher,Dia ngomong apa sih emang ?,2026-09-16T21:42:36.000Z,,,,
https://www.instagram.com/p/DMCRH6Vzjl1/,,Instagram,mnim2402,oh ini si yang paling itu 😒,2026-09-16T21:38:46.000Z,,,,
https://www.instagram.com/p/DMCRH6Vzjl1/,,Instagram,jasin9836,Nirempati @maudyayunda,2026-09-16T21:35:20.000Z,,,,
https://www.instagram.com/p/DMCRH6Vzjl1/,,Instagram,strawberryour015,"Malu kata gua mah si cantik2 terlalu berlebihan berpikir,saking pinternya lu gamikirin orang lain klo ngmng wkwk",2026-09-16T21:34:50.000Z,,,,
https://www.instagram.com/p/DMCRH6Vzjl1/,,Instagram,kidzvicious,👏,2026-09-16T21:34:24.000Z,,,,
https://www.instagram.com/p/DMCRH6Vzjl1/,,Instagram,manarul_ru,,2026-09-16T21:32:27.000Z,,,,
https://www.instagram.com/p/DMCRH6Vzjl1/,,Instagram,widiasena_,@londo_jawir ayo kita hitam kan Maudy😂,2026-09-16T21:29:42.000Z,,,,
https://www.instagram.com/p/DMCRH6Vzjl1/,,Instagram,caturf_8,,2026-09-16T21:28:40.000Z,,,,
https://www.instagram.com/p/DMCRH6Vzjl1/,,Instagram,fioreltte,Mindfulness mindfulness... Makan roti yg terlalu sehat aja ngeluh,2026-09-16T21:27:27.000Z,,,,
https://www.instagram.com/p/DMCRH6Vzjl1/,,Instagram,rossi_aja07,,2026-09-16T21:26:58.000Z,,,,
https://www.instagram.com/p/DMCRH6Vzjl1/,,Instagram,inftsfyaa,"Mba dana LPDP berasal dari pajak rakyat, bukan uang pribadi presiden mentri atau pejabat lain. Warga Indonesia raya berhak marah atas konten kamu. warga banting tulang cari uang biar kamu kuliah mba. Pakai hati dan pikiran mu untuk balas budi",2026-09-16T21:26:20.000Z,,,,
https://www.instagram.com/p/DMCRH6Vzjl1/,,Instagram,hudza.sfr_,,2026-09-16T21:25:58.000Z,,,,
https://www.instagram.com/p/DMCRH6Vzjl1/,,Instagram,dickyerziyanto,Gila2 yah mbk lu hati lu jahat @kakjeesss @hermawanriskinew @ahmadhid77,2026-09-16T21:24:12.000Z,,,,
https://www.instagram.com/p/DMCRH6Vzjl1/,,Instagram,cing.risky25,"Gak usah banyak tingkah, Lu mati juga akan di kubur bawah tanah di makan cacing cacing",2026-09-16T21:16:45.000Z,,,,
https://www.instagram.com/p/DMCRH6Vzjl1/,,Instagram,dhitadevilina,Thank God.. never have I heard or know about you. Till the tone deaf news..lol. what a d*mb girl...!!! 🤣🤣🤣,2026-09-16T21:15:57.000Z,,,,
https://www.instagram.com/p/DMCRH6Vzjl1/,,Instagram,amas.setiaji,"Oh ini yang lagi viral, mau di ayun ga?",2026-09-16T21:13:23.000Z,,,,
https://www.instagram.com/p/DMCRH6Vzjl1/,,Instagram,left_winger20,,2026-09-16T21:09:52.000Z,,,,
https://www.instagram.com/p/DMCRH6Vzjl1/,,Instagram,malikdinar.72,NIREMPATI!,2026-09-16T21:07:59.000Z,,,,
https://www.instagram.com/p/DMCRH6Vzjl1/,,Instagram,malik_arsenio,Salah 1 Terwokk yg susah-susah nyebokin tapi masih ke up oleh media tv 🤣🤣,2026-09-16T21:05:35.000Z,,,,
https://www.instagram.com/p/DMCRH6Vzjl1/,,Instagram,telur.asampedas_,,2026-09-16T21:00:47.000Z,,,,
https://www.instagram.com/p/DMCRH6Vzjl1/,,Instagram,uchiha_hitachi18,"Jika kamu tidak menemukan orang baik di dunia ini, maka jadilah salah satunya",2026-09-16T21:00:35.000Z,,,,
https://www.instagram.com/p/DMCRH6Vzjl1/,,Instagram,thaoistao,"Mohon maaf bgt ini mah, Ibu saya pnh bilang, kalau belum bs bermanfaat untuk banyak orang coba bantu satu orang saja, jk masih blom bisa bantu satu pun diam aja  jangan bicara yg bs menyinggung hati org. Semoga Negeri Kita Tercinta ini cepat pulih dr berbagai bencana. Aamiin",2026-09-16T20:59:43.000Z,,,,
https://www.instagram.com/p/DMCRH6Vzjl1/,,Instagram,iqbal0401id,"Tobat woi manusia penerima pajak orang yg sedang kau bilang bad news🤣🤣🤣🤣 ga fans ga idola sama² nir empati, + fans wowo 🤣🤣",2026-09-16T20:46:03.000Z,,,,
https://www.instagram.com/p/DMCRH6Vzjl1/,,Instagram,tgrprsss,Orang kaya satu ini belagunya nauzubillah,2026-09-16T20:41:52.000Z,,,,
https://www.instagram.com/p/DMCRH6Vzjl1/,,Instagram,ishyspeed,idk are you naturally stupid or naturally evil,2026-09-16T20:41:00.000Z,,,,
https://www.instagram.com/p/DMCRH6Vzjl1/,,Instagram,arkurnia_,"Maudy tidur, besok liat berita",2026-09-16T20:40:22.000Z,,,,
https://www.instagram.com/p/DMCRH6Vzjl1/,,Instagram,auda_rjannah,NIREMPATI!,2026-09-16T20:38:25.000Z,,,,
https://www.instagram.com/p/DMCRH6Vzjl1/,,Instagram,ggaeeellll,mindfulness,2026-09-16T20:36:36.000Z,,,,
https://www.instagram.com/p/DMCRH6Vzjl1/,,Instagram,four4rr_,kebanyakan makan mbg ya?,2026-09-16T20:35:45.000Z,,,,
https://www.instagram.com/p/DMCRH6Vzjl1/,,Instagram,gohell.me,"Gw pkir llusan oxfort itu pinter.. Trnyata kaga pinter2 amat.. Hrus nya lbih ke ngajak buat aksi klw kata2 rakyat ga di dengar.. Atw ikutan donasi... Malah ngajak ttup mata.. 🤣 jauh2 kuliah k luar , pola pikir nya makin ciut.",2026-09-16T20:31:24.000Z,,,,
https://www.instagram.com/p/DMCRH6Vzjl1/,,Instagram,hifhendi_saputrajaidi,"Disuruh siapa sih dia ngomong kaya gitu, heran....",2026-09-16T20:26:40.000Z,,,,
https://www.instagram.com/p/DMCRH6Vzjl1/,,Instagram,vincentiusalexanderpurba,halo kak,2026-09-16T20:24:47.000Z,,,,
https://www.instagram.com/p/DMCRH6Vzjl1/,,Instagram,ahdiyat_muhammad,Umpat lalu,2026-09-16T20:22:09.000Z,,,,
https://www.instagram.com/p/DMCRH6Vzjl1/,,Instagram,muhammadfauzi02,,2026-09-16T20:21:12.000Z,,,,
https://www.instagram.com/p/DMCRH6Vzjl1/,,Instagram,dolyyyspt_,,2026-09-16T20:19:33.000Z,,,,
https://www.instagram.com/p/DMCRH6Vzjl1/,,Instagram,reyner_christopher_c,Masih rame 😂,2026-09-16T20:18:26.000Z,,,,
https://www.instagram.com/p/DMCRH6Vzjl1/,,Instagram,babahnyakenzo28,Bikin planet sendiri aja kak kalo ga mau badnews karhutla 😂,2026-09-16T20:12:55.000Z,,,,
https://www.instagram.com/p/DMCRH6Vzjl1/,,Instagram,untaarob,"Ga bisa upload gambar ya? Padahal mau upload respon ai soal ini, ai yang dikenal ga punya hati aja tahu kalau ini nir empati, masa sih s2 ga mikir ? Ai loh, kecerdasan buatan",2026-09-16T20:11:42.000Z,,,,
https://www.instagram.com/p/DMCRH6Vzjl1/,,Instagram,anifirsyad,Nirempati...!!,2026-09-16T20:11:18.000Z,,,,
https://www.instagram.com/p/DMCRH6Vzjl1/,,Instagram,chodoets,,2026-09-16T20:07:59.000Z,,,,
https://www.instagram.com/p/DMCRH6Vzjl1/,,Instagram,kukumboo,"lu beasiswa LPDP hasil rakyat juga loh, seharusnya pakai dong priviledge lu untuk dijadikan platform bersuara rakyat, ini mah apa cuma bisa 'mindfulness' tai doang mah, dasar tone deaf",2026-09-16T20:07:29.000Z,,,,
https://www.instagram.com/p/DMCRH6Vzjl1/,,Instagram,kukumboo,percuma alumni PPE Oxford tpi gabisa nerapin ilmu nya wleee,2026-09-16T20:05:01.000Z,,,,
https://www.instagram.com/p/DMCRH6Vzjl1/,,Instagram,alfnnm,"Maudy ayunda? Ngga mau, maudy goblokin aja",2026-09-16T20:05:00.000Z,,,,
https://www.instagram.com/p/DMCRH6Vzjl1/,,Instagram,nneeippaa,Womp womp,2026-09-16T20:03:34.000Z,,,,
https://www.instagram.com/p/DMCRH6Vzjl1/,,Instagram,caturrrwp,Nirempati,2026-09-16T20:01:45.000Z,,,,
https://www.instagram.com/p/DMCRH6Vzjl1/,,Instagram,caturrrwp,Nirempati,2026-09-16T20:01:43.000Z,,,,
https://www.instagram.com/p/DMCRH6Vzjl1/,,Instagram,caturrrwp,Nirempati,2026-09-16T20:01:38.000Z,,,,
https://www.instagram.com/p/DMCRH6Vzjl1/,,Instagram,caturrrwp,Nirempati,2026-09-16T20:01:37.000Z,,,,
https://www.instagram.com/p/DMCRH6Vzjl1/,,Instagram,caturrrwp,Nirempati,2026-09-16T20:01:26.000Z,,,,
https://www.instagram.com/p/DMCRH6Vzjl1/,,Instagram,caturrrwp,Nirempati,2026-09-16T20:01:23.000Z,,,,
https://www.instagram.com/p/DMCRH6Vzjl1/,,Instagram,haryononisa,"Ngomong belepotan,klu inggris ngmng full inggris klu ngmng bahasa Indonesia full bahasa Indonesia, merusak bahasa Indonesia ja",2026-09-16T20:00:25.000Z,,,,
https://www.instagram.com/p/DMCRH6Vzjl1/,,Instagram,hanwisofjan,Kak tau j3mbut ga?,2026-09-16T20:00:04.000Z,,,,
https://www.instagram.com/p/DMCRH6Vzjl1/,,Instagram,rrnainggolan88,Nirempati,2026-09-16T19:54:50.000Z,,,,
https://www.instagram.com/p/DMCRH6Vzjl1/,,Instagram,re_yyyyyyyyyyyyyyyyy,Lg nunggu berita klarif pasukan netizen minta maaf ke @maudyayunda,2026-09-16T19:44:24.000Z,,,,
https://www.instagram.com/p/DMCRH6Vzjl1/,,Instagram,zulfikar.ardhana,gw kesini grgr fomo,2026-09-16T19:43:52.000Z,,,,
https://www.instagram.com/p/DMCRH6Vzjl1/,,Instagram,yovie__arisandi,siapa sih ini??,2026-09-16T19:43:22.000Z,,,,
https://www.instagram.com/p/DMCRH6Vzjl1/,,Instagram,salisaniseu,"Miris , ga punya empati🥰",2026-09-16T19:42:00.000Z,,,,
https://www.instagram.com/p/DMCRH6Vzjl1/,,Instagram,putriandyn_,Tergolong mampu tapi karna pintar kuliahnya dicover uang pajak rakyat indonesia terus membuat statement yg menyakiti hati rakyat indonesia. Pentingnya adab dulu baru ilmu.,2026-09-16T19:39:35.000Z,,,,
https://www.instagram.com/p/DMCRH6Vzjl1/,,Instagram,vnfajar,"Nir-empati lu simpen aja, gausah dipublish",2026-09-16T19:38:00.000Z,,,,
https://www.instagram.com/p/DMCRH6Vzjl1/,,Instagram,zikkzikkzik_,"suru maam MBG bg maudy ini, biar tidak bad niws",2026-09-16T19:36:16.000Z,,,,
https://www.instagram.com/p/DMCRH6Vzjl1/,,Instagram,rivandirasyid,,2026-09-16T19:32:05.000Z,,,,
https://www.instagram.com/p/DMCRH6Vzjl1/,,Instagram,rivandirasyid,,2026-09-16T19:31:55.000Z,,,,
https://www.instagram.com/p/DMCRH6Vzjl1/,,Instagram,kawangub,Ngapain pintar kalau tidak punya empati,2026-09-16T19:31:50.000Z,,,,
https://www.instagram.com/p/DMCRH6Vzjl1/,,Instagram,anne.kw0n,"i think somehow in her little bubble pasti msh byk yg blg, ""it's ok gurl u're not doing anything wrong people just being bitter"".. and that's how ignorant people under their mindful mask lasts..",2026-09-16T19:25:39.000Z,,,,
https://www.instagram.com/p/DMCRH6Vzjl1/,,Instagram,whypriatna,kecewa ak mba,2026-09-16T19:24:17.000Z,,,,
https://www.instagram.com/p/DMCRH6Vzjl1/,,Instagram,mabuktaylorswiftbgts,maudy:2 Netanyahu:1 wkwkwkwk,2026-09-16T19:21:25.000Z,,,,
https://www.instagram.com/p/DMCRH6Vzjl1/,,Instagram,geoparl_,"Udah kaya, kuliah pakai LPDP, malu.. terjun dan pahami kondisinya baru asal nyocot, udh kuliah pakai pajak rakyat juga masih aja betingkah",2026-09-16T19:20:53.000Z,,,,
https://www.instagram.com/p/DMCRH6Vzjl1/,,Instagram,isabella_0733,,2026-09-16T19:18:31.000Z,,,,
https://www.instagram.com/p/DMCRH6Vzjl1/,,Instagram,rifki.andriansyh,bakar🔥,2026-09-16T19:13:33.000Z,,,,
https://www.instagram.com/p/DMCRH6Vzjl1/,,Instagram,dickyy_ardiansyahhh,"Gua ga bisa kalau kalimantan di senggol "" Tolong kasi info gua ketinggalan",2026-09-16T19:10:37.000Z,,,,
https://www.instagram.com/p/DMCRH6Vzjl1/,,Instagram,hw_redlof,"Cancel aja nih cewe, cantik ya kaga 😂😂😂 ga cantik luar dalam 😂😂😂",2026-09-16T19:10:33.000Z,,,,
https://www.instagram.com/p/DMCRH6Vzjl1/,,Instagram,uaskingme,🤣,2026-09-16T19:10:22.000Z,,,,
https://www.instagram.com/p/DMCRH6Vzjl1/,,Instagram,errorwithoutyou_,terlalu pintar ternyata bahaya juga ya,2026-09-16T19:06:54.000Z,,,,
https://www.instagram.com/p/DMCRH6Vzjl1/,,Instagram,dewangganara,Deymm rame😭🤣🤣,2026-09-16T19:06:09.000Z,,,,
https://www.instagram.com/p/DMCRH6Vzjl1/,,Instagram,momoooo0910,"IHH AWASSS ADA ORANG JAHATTTTTTT, ADA ORANG GA PUNYA EMPATI AWASSS WKWKWKWK",2026-09-16T19:03:44.000Z,,,,
https://www.instagram.com/p/DMCRH6Vzjl1/,,Instagram,blessedboy28_,pintar atau plenger? qontolll ah,2026-09-16T19:03:25.000Z,,,,
https://www.instagram.com/p/DMCRH6Vzjl1/,,Instagram,siskesh,,2026-09-16T19:02:34.000Z,,,,
https://www.instagram.com/p/DMCRH6Vzjl1/,,Instagram,nona_gothica,ARTIS TOLOL PIKIRANNYA CUMA DUNIA SAJA! KELAK KENA KARMA LU DI AKHERAT !!! SKINCARE HASIL ALAM BORNEO!! KULIAHH PAKE DUIT RAKYAT!!! PARAHH LUU!,2026-09-16T19:02:22.000Z,,,,
https://www.instagram.com/p/DMCRH6Vzjl1/,,Instagram,agung_joo,Cantik cantik plenger,2026-09-16T19:01:31.000Z,,,,
https://www.instagram.com/p/DMCRH6Vzjl1/,,Instagram,siskesh,,2026-09-16T19:00:08.000Z,,,,
https://www.instagram.com/p/DMCRH6Vzjl1/,,Instagram,aurel_oley,"banyak bad news tapi masih bisa pilih berita baik buat bagusin mood,lalu kami disini punya pilihan apa buat bernafas sedangkan udara yg tersedia semua sudah terkontaminasi asap",2026-09-16T19:00:01.000Z,,,,
https://www.instagram.com/p/DMCRH6Vzjl1/,,Instagram,arcadiaventury,masih merasa aman jadi cuek liat aja nanti,2026-09-16T18:57:52.000Z,,,,
https://www.instagram.com/p/DMCRH6Vzjl1/,,Instagram,agamyudhagp,,2026-09-16T18:55:42.000Z,,,,
https://www.instagram.com/p/DMCRH6Vzjl1/,,Instagram,pickylazy,psikolog lu ngajarin kita mindfulness?,2026-09-16T18:53:55.000Z,,,,
https://www.instagram.com/p/DMCRH6Vzjl1/,,Instagram,heidiahhh,"Minimal kalo gapunya hati diem mbak diem DIEM,, lama lama lu kek prabowo preeet",2026-09-16T18:52:58.000Z,,,,
https://www.instagram.com/p/DMCRH6Vzjl1/,,Instagram,yulisintiasilalahi,,2026-09-16T18:51:34.000Z,,,,
https://www.instagram.com/p/DMCRH6Vzjl1/,,Instagram,widyayunita19,Lebih baik diam daripada berbicara tapi menyakiti hati orang lain 😢 yg kamu lakukan itu jahat 😭,2026-09-16T18:51:03.000Z,,,,
https://www.instagram.com/p/DMCRH6Vzjl1/,,Instagram,james_lartutul,,2026-09-16T18:47:31.000Z,,,,
https://www.instagram.com/p/DMCRH6Vzjl1/,,Instagram,_ynwdr,gapunya hati sih #ripempati🥀,2026-09-16T18:47:05.000Z,,,,
https://www.instagram.com/p/DMCRH6Vzjl1/,,Instagram,sbrnalycx,kapan klarifikasinya disini,2026-09-16T18:43:18.000Z,,,,
https://www.instagram.com/p/DMCRH6Vzjl1/,,Instagram,elutun1,"Si princess baru denger bad news aja langsung ketar ketir, apalagi ngalamin langsung? Harusnya dg privileges yang km punya, km lebih bisa menyuarakan suara rakyat atau bikin sesuatu yang lebih berguna daripada omon omon kek gini. Atau lebih baik diam gak usah kebanyakan cing cong di sosmed, itu juga bagian dari empati.",2026-09-16T18:41:35.000Z,,,,
https://www.instagram.com/p/DMCRH6Vzjl1/,,Instagram,satriodimasruri,Manusia nirempati :),2026-09-16T18:38:52.000Z,,,,
https://www.instagram.com/p/DMCRH6Vzjl1/,,Instagram,swetieza,Minimal klarifikasi kak🤣,2026-09-16T18:37:30.000Z,,,,
https://www.instagram.com/p/DMCRH6Vzjl1/,,Instagram,narjikk,😂,2026-09-16T18:37:30.000Z,,,,
https://www.instagram.com/p/DMCRH6Vzjl1/,,Instagram,tolpis3,DIGORENG HANGUS BJIR🤣🤣🤣,2026-09-16T18:36:19.000Z,,,,
https://www.instagram.com/p/DMCRH6Vzjl1/,,Instagram,rianf22,"Halo tone deaf, c'mon don't just sit there with your shit. Go outside and see the reality, look at people struggling trying to survive in this country, economy, situation now. Bruhhh",2026-09-16T18:36:12.000Z,,,,
https://www.instagram.com/p/DMCRH6Vzjl1/,,Instagram,lilssskka,MUKA LO NOH JELEKKK SADAR MODY,2026-09-16T18:36:08.000Z,,,,
https://www.instagram.com/p/DMCRH6Vzjl1/,,Instagram,hwanglee00,Emang maudy ayunda knp sih? Ketinggalan berita 😭,2026-09-16T18:35:49.000Z,,,,
https://www.instagram.com/p/DMCRH6Vzjl1/,,Instagram,raahyuntrii,Jahat😢,2026-09-16T18:35:25.000Z,,,,
https://www.instagram.com/p/DMCRH6Vzjl1/,,Instagram,susulean_26,,2026-09-16T18:35:23.000Z,,,,
https://www.instagram.com/p/DMCRH6Vzjl1/,,Instagram,mld.vlrn,,2026-09-16T18:35:22.000Z,,,,
https://www.instagram.com/p/DMCRH6Vzjl1/,,Instagram,mld.vlrn,,2026-09-16T18:34:36.000Z,,,,
https://www.instagram.com/p/DMCRH6Vzjl1/,,Instagram,mld.vlrn,,2026-09-16T18:34:03.000Z,,,,
https://www.instagram.com/p/DMCRH6Vzjl1/,,Instagram,x8xiannie,"Oo ini yg kuliah pake duit pajak g ?? 😂😂😂 better u diem miris liat u ngmg,no empati",2026-09-16T18:33:44.000Z,,,,
https://www.instagram.com/p/DMCRH6Vzjl1/,,Instagram,imansyahfajaar,Adab dulu baru etika,2026-09-16T18:32:28.000Z,,,,
https://www.instagram.com/p/DMCRH6Vzjl1/,,Instagram,_jejeboi,ngomong panjang lebar yang keliatan cuma kosong dan nir empati,2026-09-16T18:31:18.000Z,,,,
https://www.instagram.com/p/DMCRH6Vzjl1/,,Instagram,nonagothic,BALIKIN DUIT PAJAK RAKYATTT WOYYY !! ANJING LUUU KULIAH PAKAI DUIT PAJAK RAKYAT !!!!,2026-09-16T18:30:44.000Z,,,,
https://www.instagram.com/p/DMCRH6Vzjl1/,,Instagram,hanityoso.sg,Sini balikin duit pajak aku 🫴,2026-09-16T18:27:50.000Z,,,,
https://www.instagram.com/p/DMCRH6Vzjl1/,,Instagram,nonagothic,MINIMAL KULIAH PAKE DUIT PRIBADI MBAKK !!! JANGAN KULIAH PAKAI DUIT RAKYAT !!!!,2026-09-16T18:26:12.000Z,,,,
https://www.instagram.com/p/DMCRH6Vzjl1/,,Instagram,mamud_r1,no empati🔥..,2026-09-16T18:19:02.000Z,,,,
https://www.instagram.com/p/DMCRH6Vzjl1/,,Instagram,nfien_tjer,"Kuliahnya dibiayai oleh negara, tp gak ada empatinya sama bencana negara ini.  Entah dmn hati nuraninya. 😢😢😢",2026-09-16T18:18:52.000Z,,,,
https://www.instagram.com/p/DMCRH6Vzjl1/,,Instagram,021209.files,"dikalimantan hariini asapnya luar biasa loh, sesek bgt coba kamu kesini, minim empati bgt cuih",2026-09-16T18:15:37.000Z,,,,
https://www.instagram.com/p/DMCRH6Vzjl1/,,Instagram,karelaitor,"Orang lain tetap Waras walaupun kena bencana, lah dia hidup di ruangan AC sambil ngitung Kalori tapi Sedikit lagi depresi cuma lihat bad News.. 😂 berarti emang mentalnya lemah",2026-09-16T18:14:37.000Z,,,,
https://www.instagram.com/p/DMCRH6Vzjl1/,,Instagram,intanayu568,Mbaaa aq dikalimanntan ngerasain gmn sesaknya...skrrg anak² diliburkan sekolahnya krrn kepungan asap...datang kesiini bermain asap mb,2026-09-16T18:13:43.000Z,,,,
https://www.instagram.com/p/DMCRH6Vzjl1/,,Instagram,fuadrivaldi,Hmmm ga ada empati sama sekali?,2026-09-16T18:13:24.000Z,,,,
https://www.instagram.com/p/DMCRH6Vzjl1/,,Instagram,amahriana,"Sudah cantik, pinter, cerdas, kuliah lulusan universitas Oxford Inggris, universitas Stanford America.  Tapi sayang otak dan ilmunya tidak dipake. Anda itu manusia bukan siih?",2026-09-16T18:10:00.000Z,,,,
https://www.instagram.com/p/DMCRH6Vzjl1/,,Instagram,cferenika,"kecewanya aku mba
konten, tapi ga espek yaa kalo jadi nunjukin pribadi nirempati. coba pelajari lg, dan pola pikirnya mba bisa diterima ga sma org banyak;(",2026-09-16T18:08:28.000Z,,,,
https://www.instagram.com/p/DMCRH6Vzjl1/,,Instagram,neotimeline,"Lu ga usah asbun deh, biaya S2 lu di Stanford itu biaya dari negara, kalau make dana pribadi kayak S1 lu Oxford, baru boleh lu nyocot. Hati-hati ama mulut lu, ga ada yang tau nasib orang gimana",2026-09-16T18:08:26.000Z,,,,
https://www.instagram.com/p/DMCRH6Vzjl1/,,Instagram,yana_ngaranage,Masuk lagi deh gue ke tempat si Gundik pejabat ini.. 😩😩😩,2026-09-16T18:08:18.000Z,,,,
https://www.instagram.com/p/DMCRH6Vzjl1/,,Instagram,dhegazi14,,2026-09-16T18:08:03.000Z,,,,
https://www.instagram.com/p/DMCRH6Vzjl1/,,Instagram,dhegazi14,,2026-09-16T18:07:51.000Z,,,,
https://www.instagram.com/p/DMCRH6Vzjl1/,,Instagram,rachmaanggraenii,Mulutmu harimaumu.. 😂,2026-09-16T18:07:34.000Z,,,,
https://www.instagram.com/p/DMCRH6Vzjl1/,,Instagram,galleryhz87,Semoga kamu ngerasain gimana sesaknya nafas kami di Kalimantan.,2026-09-16T18:07:22.000Z,,,,
https://www.instagram.com/p/DMCRH6Vzjl1/,,Instagram,dhegazi14,,2026-09-16T18:07:12.000Z,,,,
https://www.instagram.com/p/DMCRH6Vzjl1/,,Instagram,nightly09t,🤣🤣🤣🤣,2026-09-16T18:07:04.000Z,,,,
https://www.instagram.com/p/DMCRH6Vzjl1/,,Instagram,ayoesaleh,"Yg kita tau dr dulu, dia inikan anak Orkay y, tpi ternyata pake' LPDP jg ? 🤭😅, Sumpe Lo gak tau malu bet y 🤦‍♀️😮‍💨",2026-09-16T18:07:02.000Z,,,,
https://www.instagram.com/p/DMCRH6Vzjl1/,,Instagram,dhegazi14,Mantap kena hujat & kena penghitaman 😹😹😹☝🏿☝🏿☝🏿☝🏿☝🏿,2026-09-16T18:06:53.000Z,,,,
https://www.instagram.com/p/DMCRH6Vzjl1/,,Instagram,nonagothic,ADAB DULU BARU ILMU ! JANGAN KEBALIK MBAK,2026-09-16T18:05:53.000Z,,,,
https://www.instagram.com/p/DMCRH6Vzjl1/,,Instagram,dhegazi14,,2026-09-16T18:05:52.000Z,,,,
https://www.instagram.com/p/DMCRH6Vzjl1/,,Instagram,dhegazi14,,2026-09-16T18:05:07.000Z,,,,
https://www.instagram.com/p/DMCRH6Vzjl1/,,Instagram,hyasna__,adab dlu baru ilmu,2026-09-16T18:04:26.000Z,,,,
https://www.instagram.com/p/DMCRH6Vzjl1/,,Instagram,hyasna__,👎👎👎,2026-09-16T18:03:49.000Z,,,,
https://www.instagram.com/p/DMCRH6Vzjl1/,,Instagram,willyahmed,Ternyata pinter aja gak cukup buat peduli pada sesama,2026-09-16T18:03:07.000Z,,,,
https://www.instagram.com/p/DMCRH6Vzjl1/,,Instagram,ariefbudiharja,,2026-09-16T18:01:45.000Z,,,,
https://www.instagram.com/p/DMCRH6Vzjl1/,,Instagram,dhegazi14,,2026-09-16T18:00:38.000Z,,,,
https://www.instagram.com/p/DMCRH6Vzjl1/,,Instagram,dhegazi14,,2026-09-16T17:59:48.000Z,,,,
https://www.instagram.com/p/DMCRH6Vzjl1/,,Instagram,putrifera_as,lu sama²in ya reality sama filemmm loh itu,2026-09-16T17:59:22.000Z,,,,
https://www.instagram.com/p/DMCRH6Vzjl1/,,Instagram,hidayatrizkiiii,@riskayunandaaa rame 😂,2026-09-16T17:59:21.000Z,,,,
https://www.instagram.com/p/DMCRH6Vzjl1/,,Instagram,putrifera_as,gajadi ngefans lagi jirr ga espectt sama pemikirannya,2026-09-16T17:58:49.000Z,,,,
https://www.instagram.com/p/DMCRH6Vzjl1/,,Instagram,peony_withmee,,2026-09-16T17:58:47.000Z,,,,
https://www.instagram.com/p/DMCRH6Vzjl1/,,Instagram,_fahrurroji14,Habis di goreng,2026-09-16T17:58:31.000Z,,,,
https://www.instagram.com/p/DMCRH6Vzjl1/,,Instagram,agus_tonny_wibowo,"kalo ga bisa ber-empati lebih baik diam, karena orang yang tidak menjalani pasti tidak bisa merasakan. #kamu lo punya duit bog coba kesana tinggal check aja to terus bantuin kalo memang kenyataanya seperti itu malah jadi berkat buat banyak orang.",2026-09-16T17:57:40.000Z,,,,
https://www.instagram.com/p/DMCRH6Vzjl1/,,Instagram,sayaveeza,Hujatt trsss yaa gayss gausa kasi kendor biar dia buka telinga sama mataaanya yang ketutup ituuu,2026-09-16T17:57:19.000Z,,,,
https://www.instagram.com/p/DMCRH6Vzjl1/,,Instagram,deviaaaaaaya,"aih ternyata pintar saja , tapi tak ada kepedulian.",2026-09-16T17:54:19.000Z,,,,
https://www.instagram.com/p/DMCRH6Vzjl1/,,Instagram,alfan.yajid,,2026-09-16T17:50:55.000Z,,,,
https://www.instagram.com/p/DMCRH6Vzjl1/,,Instagram,yogagarc1a,,2026-09-16T17:50:33.000Z,,,,
https://www.instagram.com/p/DMCRH6Vzjl1/,,Instagram,cahayaafhr,,2026-09-16T17:50:07.000Z,,,,
https://www.instagram.com/p/DMCRH6Vzjl1/,,Instagram,velgrynd_scx,Jadi miskin kak biar tau penderitaan yg sesungguhnya,2026-09-16T17:49:45.000Z,,,,
https://www.instagram.com/p/DMCRH6Vzjl1/,,Instagram,zyantt_,,2026-09-16T17:47:55.000Z,,,,
https://www.instagram.com/p/DMCRH6Vzjl1/,,Instagram,sun.moon.star_7,"Kamu tidak pernah berfikir bagaimana perasaan ""korban"" yang mengalami bad news, kamu kira mereka mau menjadi ""pemeran utama"" dari bad news. Para korban ini butuh dirangkul, didengarkan dan dibantu. Kok bisa-bisanya para ""korban"" bad news ini dianggap  suatu hal yang buruk dan sebaiknya dihindari. Kalau kita menghindari semua bad news, lalu siapa yang akan menolong para ""korban"" bad news ini. Punya hati tolong dipakai kak!!",2026-09-16T17:47:11.000Z,,,,
https://www.instagram.com/p/DMCRH6Vzjl1/,,Instagram,alfan.yajid,Istilah nya Rumah ber-AC jangan disamain sama Rumah Berasap Karhutla ya kak😊🙏🏼😡👊🏻,2026-09-16T17:46:51.000Z,,,,
https://www.instagram.com/p/DMCRH6Vzjl1/,,Instagram,muhammadrafi_42,,2026-09-16T17:45:58.000Z,,,,
https://www.instagram.com/p/DMCRH6Vzjl1/,,Instagram,nng.gerrprtwy,,2026-09-16T17:45:43.000Z,,,,
https://www.instagram.com/p/DMCRH6Vzjl1/,,Instagram,panna_cotta08,Minimal kuliah pake biaya pribadi 😂,2026-09-16T17:45:24.000Z,,,,
https://www.instagram.com/p/DMCRH6Vzjl1/,,Instagram,cloundmoon,tone deaf final boss ...,2026-09-16T17:45:00.000Z,,,,
https://www.instagram.com/p/DMCRH6Vzjl1/,,Instagram,nng.gerrprtwy,,2026-09-16T17:44:51.000Z,,,,
https://www.instagram.com/p/DMCRH6Vzjl1/,,Instagram,maryaaa.jpg,"Adab dulu kak, baru ilmu. #izinnnnnnnn🙇🏻‍♀️🙏🏻",2026-09-16T17:44:06.000Z,,,,
https://www.instagram.com/p/DMCRH6Vzjl1/,,Instagram,swieteniamahogany,,2026-09-16T17:44:03.000Z,,,,
https://www.instagram.com/p/DMCRH6Vzjl1/,,Instagram,talitha.f,Kak diem dlu aja ga si ? Ini kita lagi sesak napas 😭,2026-09-16T17:41:10.000Z,,,,
https://www.instagram.com/p/DMCRH6Vzjl1/,,Instagram,yudhii98,"Pentingnya adab sebelum ilmu,",2026-09-16T17:39:54.000Z,,,,
https://www.instagram.com/p/DMCRH6Vzjl1/,,Instagram,ekafdllh,"kak, kalo mampu beli ""empati"" ya",2026-09-16T17:38:45.000Z,,,,
https://www.instagram.com/p/DMCRH6Vzjl1/,,Instagram,ekholikul,"Pinter sih, tpi nir empati, apalagi klok sudahi ada bau² politik 😭 yakali orang di kalimantan disuruh meditasi karna asap berminggu² yg tak hilang 😢",2026-09-16T17:37:05.000Z,,,,
https://www.instagram.com/p/DMCRH6Vzjl1/,,Instagram,daigou_official,Maudy Ayunda bicara soal empati??! Dengan ngambil LPDP pdhl keluarganya orang kaya aja udah gak berempati 😆. Lpdp pajak rakyat buat anak indonesia yang berprestasi dan kurang mampu. DARI SINI PAHAMKAN??,2026-09-16T17:36:23.000Z,,,,
https://www.instagram.com/p/DMCRH6Vzjl1/,,Instagram,aldyfiranda,Kalo kata king mah percuma pendidikan tinggi kalo gapunya empati🙏🏻,2026-09-16T17:34:46.000Z,,,,
https://www.instagram.com/p/DMCRH6Vzjl1/,,Instagram,inipunyaolin,"sakit hati bgt ga sih jadi orang orang yg terdampak bencana? kabar mereka cuma dianggap ""bad news"" yg lebih baik dihindari untuk hidup lebih tenang dibalik huru haranya negara ini?",2026-09-16T17:34:20.000Z,,,,
https://www.instagram.com/p/DMCRH6Vzjl1/,,Instagram,spmika98,"Sedih rasanya, jika berita kebakaran hutan ditanggapi sprt ini, hutan rusak, binatang2nya mati kebakar nyawa mereka dipertaruhkan setiap detik bahkan rumah utk pulang sudah tidak ada, relawan lelah, api tak kunjung padam, tapi mbaknya menanggapi seperti ini",2026-09-16T17:33:53.000Z,,,,
https://www.instagram.com/p/DMCRH6Vzjl1/,,Instagram,mardhatillahputrii,"Teh mody km tuh public figure loh, meng-influence banyak orang, even km cuma posting daily life km tuh bisa jd contoh buat orglain, tp sayangnya dengan kepintaranmu dan sekolah tinggi mu itu km ga memiliki adab, pdhl adab itu lebih tinggi daripada ilmu, banyak orang orang genius “jatuh” krna ucapannya sendiri, mau km hias dgn bahasa enggres ttp hilang sudah respect ke km yg dulunya aku terinspirasi krna public speaking mu bagus, tp sayang sekali tidak memiliki adab dalam berbicara",2026-09-16T17:33:27.000Z,,,,
https://www.instagram.com/p/DMCRH6Vzjl1/,,Instagram,_.mltii,"maudy tidur, besok tone deaf lagi",2026-09-16T17:33:27.000Z,,,,
https://www.instagram.com/p/DMCRH6Vzjl1/,,Instagram,al.fierrr,lagi apah stoik @maudyayunda,2026-09-16T17:32:24.000Z,,,,
https://www.instagram.com/p/DMCRH6Vzjl1/,,Instagram,zoyaharzananda,,2026-09-16T17:32:14.000Z,,,,
https://www.instagram.com/p/DMCRH6Vzjl1/,,Instagram,fennyanggrae,Tapi hebat lo ga tutup komentar dia🤣,2026-09-16T17:31:24.000Z,,,,
https://www.instagram.com/p/DMCRH6Vzjl1/,,Instagram,ridhopet24,,2026-09-16T17:30:35.000Z,,,,
https://www.instagram.com/p/DMCRH6Vzjl1/,,Instagram,croyux.ra,rip deh sama rasa kemanusiaan nya💔,2026-09-16T17:30:08.000Z,,,,
https://www.instagram.com/p/DMCRH6Vzjl1/,,Instagram,kakpey,,2026-09-16T17:29:58.000Z,,,,
https://www.instagram.com/p/DMCRH6Vzjl1/,,Instagram,15.ayeyy,hajarrr woyyyy,2026-09-16T17:29:40.000Z,,,,
https://www.instagram.com/p/DMCRH6Vzjl1/,,Instagram,adityakur___,🤮🤮🤮🤮🤮🤮🤮,2026-09-16T17:27:53.000Z,,,,
https://www.instagram.com/p/DMCRH6Vzjl1/,,Instagram,yaris.wal,,2026-09-16T17:25:16.000Z,,,,
https://www.instagram.com/p/DMCRH6Vzjl1/,,Instagram,jokipapermob.unsri2026,"Rajin banget ya hapusin coment, gpp deh takutnya stres nanti lihat hate coment mimin",2026-09-16T17:24:21.000Z,,,,
https://www.instagram.com/p/DMCRH6Vzjl1/,,Instagram,rival.adudu.boboiboy,Wujud asli penjahat sesungguhnya... Di tutup cover manis.. tapi penderitaan dan kesulitan orang dipandang sebelah mata. Bahkan para korban mungkin dianggap bukan manusia dimata ini orang... Manusia mana yang pusing denger kisah dan kabar kesulitan sesama manusia nya?,2026-09-16T17:22:11.000Z,,,,
https://www.instagram.com/p/DMCRH6Vzjl1/,,Instagram,syamsuddin_25,Titip woy,2026-09-16T17:22:07.000Z,,,,
https://www.instagram.com/p/DMCRH6Vzjl1/,,Instagram,rianfnh,Ini yg di iklan Le Minerale bukan sih,2026-09-16T17:20:04.000Z,,,,
https://www.instagram.com/p/DMCRH6Vzjl1/,,Instagram,lnf.erlangga,"Come out bro. Be mindful of our comment. It will stripped out your stupidity, THATS BADDD NEWS 😂😂 btw its okay to have bad news sometimes we just gotta be mindfulness and all and let it goooooooo😂😂😂😂😂😂",2026-09-16T17:19:59.000Z,,,,
https://www.instagram.com/p/DMCRH6Vzjl1/,,Instagram,foodiebeautyqueen_,"Ka maudyyy, I just wanna say, please don’t let the hate and harsh comments from people on social media get to you too much, okay? You’ve done nothing wrong, and you don’t owe anyone an apology. Sometimes, people as intelligent as you simply won’t resonate with those who may not have the same depth of thought or understanding. Please keep being exactly who you are, and don’t be afraid of the criticism or hurtful words from people out there. This too shall pass. 🤍 tetep semangat ya kaa haters gonna hate, you kno that🤭",2026-09-16T17:19:38.000Z,,,,
https://www.instagram.com/p/DMCRH6Vzjl1/,,Instagram,caramelmacchiato1297,,2026-09-16T17:19:33.000Z,,,,
https://www.instagram.com/p/DMCRH6Vzjl1/,,Instagram,nhhn_._,"kuliah Lpdp dibayar pakai pajak uang rakyat tapi nir empati, gak tau diri, pintar bahasa inggris doank tapi gak punya empati",2026-09-16T17:18:42.000Z,,,,
https://www.instagram.com/p/DMCRH6Vzjl1/,,Instagram,tahilalatcomx,"cepet banget 19,7 rb",2026-09-16T17:18:41.000Z,,,,
https://www.instagram.com/p/DMCRH6Vzjl1/,,Instagram,l0nelyt3enager,Ew dah buat lu,2026-09-16T17:18:37.000Z,,,,
https://www.instagram.com/p/DMCRH6Vzjl1/,,Instagram,fitriboreg06,Si paling mainfullnes tpi kuliah dibiyayain lpdp😮,2026-09-16T17:18:09.000Z,,,,
https://www.instagram.com/p/DMCRH6Vzjl1/,,Instagram,tahilalatcomx,wkwkkwkwwk,2026-09-16T17:18:07.000Z,,,,
https://www.instagram.com/p/DMCRH6Vzjl1/,,Instagram,tahilalatcomx,anjasss masi lanjut gais??,2026-09-16T17:18:01.000Z,,,,
https://www.instagram.com/p/DMCRH6Vzjl1/,,Instagram,rudin_fathan56,Blm pernah ngerasain shampo botolan habis...di campur air 😢,2026-09-16T17:16:39.000Z,,,,
https://www.instagram.com/p/DMCRH6Vzjl1/,,Instagram,kim.winata,Kayaknya emg dri dlu gitu guys cuman ketutup cover sama blunder aja wkw,2026-09-16T17:15:34.000Z,,,,
https://www.instagram.com/p/DMCRH6Vzjl1/,,Instagram,faiq.ns,Ga semua orang yang berilmu itu berempati .,2026-09-16T17:14:51.000Z,,,,
https://www.instagram.com/p/DMCRH6Vzjl1/,,Instagram,usmnnn____,,2026-09-16T17:14:34.000Z,,,,
https://www.instagram.com/p/DMCRH6Vzjl1/,,Instagram,yohann.frr_,Pov:,2026-09-16T17:12:46.000Z,,,,
https://www.instagram.com/p/DMCRH6Vzjl1/,,Instagram,rangga_____lawe,Nirempati,2026-09-16T17:12:37.000Z,,,,
https://www.instagram.com/p/DMCRH6Vzjl1/,,Instagram,initatiya,Ini yg katanya pintar 😝😝,2026-09-16T17:11:43.000Z,,,,
https://www.instagram.com/p/DMCRH6Vzjl1/,,Instagram,devarityoo,"rame nih, nitip sendal ah😹",2026-09-16T17:11:34.000Z,,,,
https://www.instagram.com/p/DMCRH6Vzjl1/,,Instagram,brokensinner13,Oh ini,2026-09-16T17:10:48.000Z,,,,
https://www.instagram.com/p/DMCRH6Vzjl1/,,Instagram,salmaan_elfarizy,hai tel aviv gurl,2026-09-16T17:08:45.000Z,,,,
https://www.instagram.com/p/DMCRH6Vzjl1/,,Instagram,4real.life_,"aneh bgt lo kalo terganggu sama berita buruk, apalagi menyangkut negara yang udah kacau gini.",2026-09-16T17:08:18.000Z,,,,
https://www.instagram.com/p/DMCRH6Vzjl1/,,Instagram,riniandra,Semakin denger suara si Maudy semakin benci gueeeeeeee.,2026-09-16T17:07:47.000Z,,,,
https://www.instagram.com/p/DMCRH6Vzjl1/,,Instagram,nisstyaa.aistqyah33,"sekolah lu keluar negri dr biaya  negara kayak nya gak berguna secara nyata ya !! makaaa nya cobaaa dulu sekali2 jadi org Miskin jd baru lu tau arti nya memperjuangkan keadilan buat hdp rakyat miskin di negara yg sakit ini !!! karna lu dr brojol sampe lu kawin hdp lu slalu enak makanya dg enteng pola pikir lu bgtu ...tiruuu noh mantan artis si ""oneng"" bajaj bajuri dulu dia cuman artis sinetron doank gak dpt beasiswa mahal keluar negri kyk lu enak2 an ....TAPI DIA SGT BERGUNA DI DPR LU SLAH SATU ANGGOTA DPR YG MSH ADALAH KELIATAN GUNA NYA BUAT RAKYAT KECIL DI NEGRI YG PENUH DG KORUPTOR INI !!! hrs nya hasil kuliah luar negri lu itu di terapin dulu lu nya hrs di kirim ke pelosok dl deh hrs nya buat tau realita hdp separoh lebih rakyat indonesia !!! paham lu ya !!",2026-09-16T17:06:45.000Z,,,,
https://www.instagram.com/p/DMCRH6Vzjl1/,,Instagram,_putrirhyuu_,mantap dikepung netizen🤣,2026-09-16T17:06:32.000Z,,,,
https://www.instagram.com/p/DMCRH6Vzjl1/,,Instagram,hamidah241105,Damnnn dan di hujat😂,2026-09-16T17:05:46.000Z,,,,
https://www.instagram.com/p/DMCRH6Vzjl1/,,Instagram,nisstyaa.aistqyah33,yg paling penting org modelan kyk dia ini mah harus ngerasain dulu jd rakyat miskin sekali dlm hdp nya baru dia tau apa rasa nya berjuang buat keadilan !!!,2026-09-16T17:05:36.000Z,,,,
https://www.instagram.com/p/DMCRH6Vzjl1/,,Instagram,kaaaa_.a,bener kata pain-,2026-09-16T17:05:32.000Z,,,,
https://www.instagram.com/p/DMCRH6Vzjl1/,,Instagram,citra19047,Gak semua yang berilmu itu berempati 😂,2026-09-16T17:04:41.000Z,,,,
https://www.instagram.com/p/DMCRH6Vzjl1/,,Instagram,woodenhouse.co.id,Nirempati 😢,2026-09-16T17:02:00.000Z,,,,
https://www.instagram.com/p/DMCRH6Vzjl1/,,Instagram,merry_riyan,"Ngapain kamu pulang, pindah aja jd Wan Korea, ga ada gunanya juga kamu disini Sampa H",2026-09-16T17:01:02.000Z,,,,
https://www.instagram.com/p/DMCRH6Vzjl1/,,Instagram,aryaaaa31_,Lu tau PLT ga? PANTES LU TOLOL kontol,2026-09-16T17:00:49.000Z,,,,
https://www.instagram.com/p/DMCRH6Vzjl1/,,Instagram,gujaay,ayu istighfar ayu,2026-09-16T16:57:53.000Z,,,,
https://www.instagram.com/p/DMCRH6Vzjl1/,,Instagram,ana_ezel_rahmawati,Let them..,2026-09-16T16:57:36.000Z,,,,
https://www.instagram.com/p/DMCRH6Vzjl1/,,Instagram,alvinazzi,Oh ini yang empatinya 0,2026-09-16T16:57:31.000Z,,,,
https://www.instagram.com/p/DMCRH6Vzjl1/,,Instagram,nikoncam_guy,Kamu itu sampa H,2026-09-16T16:55:49.000Z,,,,
https://www.instagram.com/p/DMCRH6Vzjl1/,,Instagram,deyanrah,Semua bakal ketauan ytta,2026-09-16T16:55:14.000Z,,,,
https://www.instagram.com/p/DMCRH6Vzjl1/,,Instagram,sasha_d.a,"Wajah plus, Hati Minus",2026-09-16T16:52:19.000Z,,,,
https://www.instagram.com/p/DMCRH6Vzjl1/,,Instagram,wherewavesmeet.id,Sementara lu udah redup tenggelam kan lu butuh hujatan buat bangkit. Nah sama yg lagi ngadapin bad reality butuh dukungan bukan malah toxic bad news tone-deaf untuk tidak peka dan abaikan penderitaan mereka.,2026-09-16T16:52:07.000Z,,,,
https://www.instagram.com/p/DMCRH6Vzjl1/,,Instagram,aditya_tri_h,"Cantik ,pinter tapi gk punya empati",2026-09-16T16:49:17.000Z,,,,
https://www.instagram.com/p/DMCRH6Vzjl1/,,Instagram,hu.erick,,2026-09-16T16:48:04.000Z,,,,
https://www.instagram.com/p/DMCRH6Vzjl1/,,Instagram,derinyowana02,minta ditimpuk pake kayu gosong,2026-09-16T16:47:37.000Z,,,,
https://www.instagram.com/p/DMCRH6Vzjl1/,,Instagram,hanwisofjan,J3mbut,2026-09-16T16:46:44.000Z,,,,
https://www.instagram.com/p/DMCRH6Vzjl1/,,Instagram,codabluee,why kak:(,2026-09-16T16:45:23.000Z,,,,
https://www.instagram.com/p/DMCRH6Vzjl1/,,Instagram,r.anggara.19,,2026-09-16T16:43:53.000Z,,,,
https://www.instagram.com/p/DMCRH6Vzjl1/,,Instagram,grimmsnarl__,-1,2026-09-16T16:42:30.000Z,,,,
https://www.instagram.com/p/DMCRH6Vzjl1/,,Instagram,mhd_aimanhfiz,"Kek ani ani, nirempati",2026-09-16T16:42:20.000Z,,,,
https://www.instagram.com/p/DMCRH6Vzjl1/,,Instagram,kevin.kurns,"Show some emphaty, bagi anda itu bad news, bagi mereka itu bad reality..",2026-09-16T16:40:54.000Z,,,,
https://www.instagram.com/p/DMCRH6Vzjl1/,,Instagram,jokosusilo411,,2026-09-16T16:40:26.000Z,,,,
https://www.instagram.com/p/DMCRH6Vzjl1/,,Instagram,saputraaldo32793,"Sayang,saya masih di rumah,jangan sampai telat makan malam, utamakan kesehatan kamu,dan usahakan komsusi makanan empat kali dalam sehari, supaya anak saya bisa sehat di dalam kandungan kamu,dan sampaikan juga sama anak saya, suruh dia komsusi makanan tiga kali atau empat kali dalam sehari, supaya dia sehat.",2026-09-16T16:40:21.000Z,,,,
https://www.instagram.com/p/DMCRH6Vzjl1/,,Instagram,rafikarin_,Pendidikan ngga menjamin,2026-09-16T16:40:00.000Z,,,,
https://www.instagram.com/p/DMCRH6Vzjl1/,,Instagram,danz_7123,Semangat kak👏,2026-09-16T16:39:16.000Z,,,,
https://www.instagram.com/p/DMCRH6Vzjl1/,,Instagram,victory_knmrson,😍😍❤️❤️,2026-09-16T16:38:11.000Z,,,,
https://www.instagram.com/p/DMCRH6Vzjl1/,,Instagram,wherewavesmeet.id,Rasain lu di goreng ampe kering 😂,2026-09-16T16:37:40.000Z,,,,
https://www.instagram.com/p/DMCRH6Vzjl1/,,Instagram,ard_juna,yok² unfol ni artis ampas gak guna,2026-09-16T16:37:13.000Z,,,,
https://www.instagram.com/p/DMCRH6Vzjl1/,,Instagram,shellaolivia4429,Mindfullness bukan berarti menutup mata,2026-09-16T16:36:17.000Z,,,,
https://www.instagram.com/p/DMCRH6Vzjl1/,,Instagram,rh.nedya,,2026-09-16T16:36:04.000Z,,,,
https://www.instagram.com/p/DMCRH6Vzjl1/,,Instagram,naylaafizahh_,kan di hujat😂,2026-09-16T16:35:04.000Z,,,,
https://www.instagram.com/p/DMCRH6Vzjl1/,,Instagram,finahanafii,"maudy tambuk bungul gongongg,kepala nyawa tu isinya tahi ja berataan",2026-09-16T16:34:00.000Z,,,,
https://www.instagram.com/p/DMCRH6Vzjl1/,,Instagram,bang_kibyan_27,kata² yang keluar dari mulut manusia yang tidak pernah mengalami nya itu OMONG KOSONG.,2026-09-16T16:32:43.000Z,,,,
https://www.instagram.com/p/DMCRH6Vzjl1/,,Instagram,hannysinaga_,"Bilang maaf kek, apa kek",2026-09-16T16:32:43.000Z,,,,
https://www.instagram.com/p/DMCRH6Vzjl1/,,Instagram,zekaobie,Liat Bad news aja elu udah capek. Bagaimana dengan yang merasa all bad things itu mbak???.,2026-09-16T16:30:10.000Z,,,,
https://www.instagram.com/p/DMCRH6Vzjl1/,,Instagram,steven.samuell,You are not doing nothing wrong!!.. gausah ditutup kolom komentar nya.. biarkan mereka.. Semangat!!!! @maudyayunda,2026-09-16T16:28:36.000Z,,,,
https://www.instagram.com/p/DMCRH6Vzjl1/,,Instagram,rezqialbarqah,,2026-09-16T16:27:22.000Z,,,,
https://www.instagram.com/p/DMCRH6Vzjl1/,,Instagram,ryan_hidayat1878,Alm. BJ Habibie lebih pinter dan unggul dari ente mba,2026-09-16T16:27:13.000Z,,,,
https://www.instagram.com/p/DMCRH6Vzjl1/,,Instagram,alvinnn_se,Jujur sedih lihat nya. Padahal dia dahulu penerima beasiswa LPDP yang mana dana LPDP dari APBN negara. Dan APBN negara terkumpul dari pajak rakyat. Tapi penerima nya tidak punya empati kebersamaan,2026-09-16T16:26:42.000Z,,,,
https://www.instagram.com/p/DMCRH6Vzjl1/,,Instagram,mita_cassandraa,caper,2026-09-16T16:24:11.000Z,,,,
https://www.instagram.com/p/DMCRH6Vzjl1/,,Instagram,zakyrahmat.a,Gak punya empati,2026-09-16T16:23:09.000Z,,,,
https://www.instagram.com/p/DMCRH6Vzjl1/,,Instagram,muhamadsihab,"Alm bj habibi lebih pinter dri ni orang, tpi doi gk asal berpendapat dan empati tinggi.",2026-09-16T16:22:40.000Z,,,,
https://www.instagram.com/p/DMCRH6Vzjl1/,,Instagram,yoomatchaaa,pasti dia lagi merenung di kamar ber-AC wkwkwk,2026-09-16T16:22:13.000Z,,,,
https://www.instagram.com/p/DMCRH6Vzjl1/,,Instagram,aip_od,Faaaahhhhh😭,2026-09-16T16:21:34.000Z,,,,
https://www.instagram.com/p/DMCRH6Vzjl1/,,Instagram,_dyps011,Dongooo😂😂,2026-09-16T16:21:34.000Z,,,,
https://www.instagram.com/p/DMCRH6Vzjl1/,,Instagram,syaaelfzahra,let them let them,2026-09-16T16:21:28.000Z,,,,
https://www.instagram.com/p/DMCRH6Vzjl1/,,Instagram,ferdimardianto_,Sokiyes,2026-09-16T16:20:55.000Z,,,,
https://www.instagram.com/p/DMCRH6Vzjl1/,,Instagram,timothyhnry,,2026-09-16T16:19:43.000Z,,,,
https://www.instagram.com/p/DMCRH6Vzjl1/,,Instagram,fuadibrahim741,Guoblok,2026-09-16T16:18:35.000Z,,,,
https://www.instagram.com/p/DMCRH6Vzjl1/,,Instagram,asep_ambon,ORANG BERILMU BELUM TENTU BER ADAB .,2026-09-16T16:18:30.000Z,,,,
https://www.instagram.com/p/DMCRH6Vzjl1/,,Instagram,nysaaa.__.24,Teteh Maudy percuma skolah tinggi² tapi ga punya empati sama situasi rakyat di Indonesia 😢 ga smua bisa makan enak kayak km,2026-09-16T16:18:18.000Z,,,,
https://www.instagram.com/p/DMCRH6Vzjl1/,,Instagram,fuadibrahim741,Taikk,2026-09-16T16:18:07.000Z,,,,
https://www.instagram.com/p/DMCRH6Vzjl1/,,Instagram,annisasulistio,Koq kamu gtu sih mba 😭💔,2026-09-16T16:17:04.000Z,,,,
https://www.instagram.com/p/DMCRH6Vzjl1/,,Instagram,mhmdmhtzz_,,2026-09-16T16:17:02.000Z,,,,
https://www.instagram.com/p/DMCRH6Vzjl1/,,Instagram,anggrainitak10,Cancel culture maudy,2026-09-16T16:16:50.000Z,,,,
https://www.instagram.com/p/DMCRH6Vzjl1/,,Instagram,hikmah0999,Nirempeti,2026-09-16T16:16:38.000Z,,,,
https://www.instagram.com/p/DMCRH6Vzjl1/,,Instagram,r_dimarsprasoetja,,2026-09-16T16:16:30.000Z,,,,
https://www.instagram.com/p/DMCRH6Vzjl1/,,Instagram,wherewavesmeet.id,Mikir dong jangan cuman modal  Let Them 😂,2026-09-16T16:16:00.000Z,,,,
https://www.instagram.com/p/DMCRH6Vzjl1/,,Instagram,moch.syaefullaaah,,2026-09-16T16:15:57.000Z,,,,
https://www.instagram.com/p/DMCRH6Vzjl1/,,Instagram,ricky_putra6,,2026-09-16T16:15:29.000Z,,,,
https://www.instagram.com/p/DMCRH6Vzjl1/,,Instagram,ricky_putra6,ORANGMAH MIKIR,2026-09-16T16:14:53.000Z,,,,
https://www.instagram.com/p/DMCRH6Vzjl1/,,Instagram,wherewavesmeet.id,"Empty head, empty soul 😂",2026-09-16T16:14:31.000Z,,,,
https://www.instagram.com/p/DMCRH6Vzjl1/,,Instagram,raisadevi,"I know it might sound impossible, tapi semoga someday kamu merasakan-menjalani-menanggung apa yg menimpa rakyat jelata saat ini. Tanpa satupun privilege. Bismillah.",2026-09-16T16:13:56.000Z,,,,
https://www.instagram.com/p/DMCRH6Vzjl1/,,Instagram,pandijuniarta,"Tujuan pendidikan adalah untuk pertajam kecerdasan, perkokoh kemauan, serta perhalus perasaan. (Tan Malaka)  @maudyayunda ente ga sampe halus perasaan minim empati berpendidikan ora masuknya?",2026-09-16T16:13:28.000Z,,,,
https://www.instagram.com/p/DMCRH6Vzjl1/,,Instagram,sekarrt_,shame on you,2026-09-16T16:13:26.000Z,,,,
https://www.instagram.com/p/DMCRH6Vzjl1/,,Instagram,koko_asong,"sini main ke kalimantan biar merasakan yang namanya hidup di tengah asap , antri bbm , pdam masti , listrik tak normal",2026-09-16T16:12:59.000Z,,,,
https://www.instagram.com/p/DMCRH6Vzjl1/,,Instagram,mimiyandaraisa,"SMOGA KAU MERASAKN AP YG KAMI RASAKN DI KALIMANTAN😭,,INI BKN KEHENDAKAN KAMI ORG KALIMANTAN YG LG KENA KEMARAU,DIKEPUNG ASAP DMN"" KRN LAHAN TRBAKAR , AIR BERSIH MULAI SSH,BBM ANTRI,MATI LAMPU BERGILIR,KEPIKIRAN GK KM KLO DIPOSISI KAMI? MIKIR GK DISNI JG AD MANUSIA NY, APLG ANK KECIL DAN ORG YG DH TUA"" ? KNP DGN LANTAM NY KAU BLG KMI INI BERISIK? HDPMU SDH ENK ,TRS AP YG KMI GADUHI DLM HDP KMU ? BIJAK LH JD MANUSIA APLG KMU TU ARTIS..HATI"" LHO DGN DOA"" ORG YG TRZOLIMI..",2026-09-16T16:12:44.000Z,,,,
https://www.instagram.com/p/DMCRH6Vzjl1/,,Instagram,bemyae123,Sanksi sosial emg perlu. Let them ya 😂,2026-09-16T16:12:32.000Z,,,,
https://www.instagram.com/p/DMCRH6Vzjl1/,,Instagram,aeyroom,Wkwkwkwkw kakinya melayang alias ga pernah Napak tanah,2026-09-16T16:11:53.000Z,,,,
https://www.instagram.com/p/DMCRH6Vzjl1/,,Instagram,wherewavesmeet.id,"Ditambah lagi buku kesukaan lu, Let Them. Intinya lu nggak peka. Jadi maksud lu, “Let them” aja, biarkan mereka menderita? Gitu?",2026-09-16T16:10:43.000Z,,,,
https://www.instagram.com/p/DMCRH6Vzjl1/,,Instagram,wahidbinmail,,2026-09-16T16:10:17.000Z,,,,
https://www.instagram.com/p/DMCRH6Vzjl1/,,Instagram,wahyuindriyana,EMPATI LU MINUS MAUDY 💩,2026-09-16T16:09:24.000Z,,,,
https://www.instagram.com/p/DMCRH6Vzjl1/,,Instagram,iqbalkhalidh,PINTER TAPI GAK PUNYA EMPATI GA BEDA JAUH SAMA IBLIS KAMU MBAK,2026-09-16T16:09:22.000Z,,,,
https://www.instagram.com/p/DMCRH6Vzjl1/,,Instagram,jokk_14,Where's ur quotes of the day kak?,2026-09-16T16:09:02.000Z,,,,
https://www.instagram.com/p/DMCRH6Vzjl1/,,Instagram,ichha09,"Stupid atau jahat mba nya haha, mba kalo masih pake beasiswa DARI RAKYAT ya MERAKYAT ngomong ga usah ketinggian, jangan jahat mba punya mulut berempati lah di situasi seperti ini. Mba belajar lagi dah trus kalo ngomong jangan sembaring makan. Ga sopan!!",2026-09-16T16:08:57.000Z,,,,
https://www.instagram.com/p/DMCRH6Vzjl1/,,Instagram,dea__nurul,"Smart on paper, empty in soul.
Jangan denial mengubah ""bad policy"" yg sistemik menjadi ""bad news""  agar terdengar estetik. 
Ijazah Oxford yg kamu banggakan itu ada duit rakyat yang ikut andil dalam membiayainya. Ada upah guru yang gajinya telat, ada pajak petani yang gagal panen, ada pajak rakyat kecil yang masuk kategori desil tinggi akibat kecacatan dalam pengambilan data. 
Jangan sampai lupa siapa yang membiayainya, jangan menjadi tuli saat mereka bersuara. Karena kecerdasan tanpa hati nurani ibarat lukisan di galeri yang terkunci. Ia mahal, tapi tidak pernah menyentuh jiwa.",2026-09-16T16:08:34.000Z,,,,
https://www.instagram.com/p/DMCRH6Vzjl1/,,Instagram,pesonaazaleabahira,,2026-09-16T16:07:36.000Z,,,,
https://www.instagram.com/p/DMCRH6Vzjl1/,,Instagram,_spidertraa,lulusan Oxford lhoo ya sampe gitu speaking nya,2026-09-16T16:07:31.000Z,,,,
https://www.instagram.com/p/DMCRH6Vzjl1/,,Instagram,pesonaazaleabahira,,2026-09-16T16:07:23.000Z,,,,
https://www.instagram.com/p/DMCRH6Vzjl1/,,Instagram,kristy_wahyuni,Ucapan mu jg menjadi Berita Buruk bagi org lain … semoga paru2 mu ga pernah menghirup asap seperti yg kami2 rasakan di Kalimantan 😊 Tetap tenang di tempat mu yg nyaman semoga slalu mindfullness,2026-09-16T16:07:21.000Z,,,,
https://www.instagram.com/p/DMCRH6Vzjl1/,,Instagram,pesonaazaleabahira,,2026-09-16T16:06:55.000Z,,,,
https://www.instagram.com/p/DMCRH6Vzjl1/,,Instagram,pesonaazaleabahira,,2026-09-16T16:06:27.000Z,,,,
https://www.instagram.com/p/DMCRH6Vzjl1/,,Instagram,1daa_xoxo,CANCEL AJA NIH ORANG. BIKIN RUSUH MULU!,2026-09-16T16:06:17.000Z,,,,
https://www.instagram.com/p/DMCRH6Vzjl1/,,Instagram,pesonaazaleabahira,,2026-09-16T16:06:12.000Z,,,,
https://www.instagram.com/p/DMCRH6Vzjl1/,,Instagram,pesonaazaleabahira,huek,2026-09-16T16:05:46.000Z,,,,
https://www.instagram.com/p/DMCRH6Vzjl1/,,Instagram,alikaprahista,Kuliah dari pajak rakyat aja songong,2026-09-16T16:04:16.000Z,,,,
https://www.instagram.com/p/DMCRH6Vzjl1/,,Instagram,cemut016,Ohhhh...yang sok iya tpi kek siluman ini yah,2026-09-16T16:04:08.000Z,,,,
https://www.instagram.com/p/DMCRH6Vzjl1/,,Instagram,astrifit_,"Penting nya adab dulu,baru ilmu",2026-09-16T16:03:59.000Z,,,,
https://www.instagram.com/p/DMCRH6Vzjl1/,,Instagram,wherewavesmeet.id,You’re definitely tone-deaf.,2026-09-16T16:02:23.000Z,,,,
https://www.instagram.com/p/DMCRH6Vzjl1/,,Instagram,afrieliane_,kesurupan sek mbak,2026-09-16T16:02:14.000Z,,,,
https://www.instagram.com/p/DMCRH6Vzjl1/,,Instagram,yulianihikmah,Cerdas sja gak ckup klu TDK punya adab. Si paling LPDP,2026-09-16T15:58:13.000Z,,,,
https://www.instagram.com/p/DMCRH6Vzjl1/,,Instagram,journalsuci,"kak, don’t listen to them.",2026-09-16T15:57:47.000Z,,,,
https://www.instagram.com/p/DMCRH6Vzjl1/,,Instagram,https.blushyvili,Tone deaf af 😔,2026-09-16T15:57:25.000Z,,,,
https://www.instagram.com/p/DMCRH6Vzjl1/,,Instagram,wherewavesmeet.id,"Selain lu bawa-bawa “bad news”, lu juga nyaranin orang sehari cukup baca berita 15 menit demi menjaga mental. Intinya, lu terkesan nggak peka, tone-deaf, dan kayak bodo amat sama penderitaan orang lain.",2026-09-16T15:57:18.000Z,,,,
https://www.instagram.com/p/DMCRH6Vzjl1/,,Instagram,andy__lumut,,2026-09-16T15:56:45.000Z,,,,
https://www.instagram.com/p/DMCRH6Vzjl1/,,Instagram,ukiams7,Kenapako sede pi lagi upload video begitu ayundaa.. olo tenang2 mo hidupmu he jarra mko tohhh.. kukanaja.. lantang mi bangiyaa nampa ko sede upload anu blunder 🥲,2026-09-16T15:56:39.000Z,,,,
https://www.instagram.com/p/DMCRH6Vzjl1/,,Instagram,haanniipp_,DUTA MINDFULLNESS,2026-09-16T15:55:31.000Z,,,,
https://www.instagram.com/p/DMCRH6Vzjl1/,,Instagram,adiguna792,ROCKER JUGA MANUSIA apalagi seorang MAUDY guys JUGA MANUSIA... mungkin kalo ada salah salah kata mohon di maaf toh yaaaa....bener ya Kita tuh jangan terlalu mengidolakan seseorang secara berlebihan ketika ada kurangnya dikit kecewanya sekebon.....ya ngeidolain little bit aja.... udah ah netizen Namanya juga manusia tempat nya salah dan benar.....,2026-09-16T15:55:09.000Z,,,,
https://www.instagram.com/p/DMCRH6Vzjl1/,,Instagram,umimyo_jstar,Kasian udah redup terus nyari sensasi biar namanya naik 🤣🤣,2026-09-16T15:54:36.000Z,,,,
https://www.instagram.com/p/DMCRH6Vzjl1/,,Instagram,xaeleyq,sampe skrg ga ada klarifikasi ka?,2026-09-16T15:53:26.000Z,,,,
https://www.instagram.com/p/DMCRH6Vzjl1/,,Instagram,lovieevika,Kita diam kok kl rumah lu yg kebakar,2026-09-16T15:52:48.000Z,,,,
https://www.instagram.com/p/DMCRH6Vzjl1/,,Instagram,wherewavesmeet.id,"Kalau mau mindfulness, ya mindfulness aja. Nggak usah bawa-bawa “bad news” sampai orang jadi tahu maksud lu. Emang lu pikir lu koar-koar di depan orang bodoh semua? 😂",2026-09-16T15:52:25.000Z,,,,
https://www.instagram.com/p/DMCRH6Vzjl1/,,Instagram,kuli_kopihitam,👏👏👏👏 sini main ke kalimantan di tengah kabut asap yg kami hirup setiap hari selama kebakaran hutan/lahan,2026-09-16T15:52:17.000Z,,,,
https://www.instagram.com/p/DMCRH6Vzjl1/,,Instagram,andida.d_07,KALUMAN.,2026-09-16T15:52:07.000Z,,,,
https://www.instagram.com/p/DMCRH6Vzjl1/,,Instagram,limit_kuring,,2026-09-16T15:49:47.000Z,,,,
https://www.instagram.com/p/DMCRH6Vzjl1/,,Instagram,_jodyprdnta,,2026-09-16T15:49:46.000Z,,,,
https://www.instagram.com/p/DMCRH6Vzjl1/,,Instagram,aw.beyy,"SKALINYA SPEAK UP BKIN RUSUH DOANG, SKALINYA KLARIF CM MUTER2 GJLS YG GD INTINYA BKNNY MNTA TERTAMPAR & MNTA MAAF, DASAR NPDDDD",2026-09-16T15:49:38.000Z,,,,
https://www.instagram.com/p/DMCRH6Vzjl1/,,Instagram,arifkyerlangga,,2026-09-16T15:49:33.000Z,,,,
https://www.instagram.com/p/DMCRH6Vzjl1/,,Instagram,itsfiqih._,"Pendidikan tinggi, empati rendah👏",2026-09-16T15:49:32.000Z,,,,
https://www.instagram.com/p/DMCRH6Vzjl1/,,Instagram,krisnhandhikaptra,🤣🤣🤣,2026-09-16T15:48:41.000Z,,,,
https://www.instagram.com/p/DMCRH6Vzjl1/,,Instagram,notregenorat,"So this bitch’s only problems are cold pillow, juicy steak and buttery lobster",2026-09-16T15:48:36.000Z,,,,
https://www.instagram.com/p/DMCRH6Vzjl1/,,Instagram,ayuupurnamasaarii,terpantau buzzer udh mulai bermunculan,2026-09-16T15:48:27.000Z,,,,
https://www.instagram.com/p/DMCRH6Vzjl1/,,Instagram,aw.beyy,"KASIAN BGT ORGTUA NY GGL DIDIK DIA BIAR PNYA EMPATI, TUTOR KE ORGTUA @claurakiehl COBA",2026-09-16T15:47:56.000Z,,,,
https://www.instagram.com/p/DMCRH6Vzjl1/,,Instagram,lieee1453,,2026-09-16T15:47:10.000Z,,,,
https://www.instagram.com/p/DMCRH6Vzjl1/,,Instagram,nalrmdhn_,Mbak pernah makan nasi sama garam?,2026-09-16T15:47:06.000Z,,,,
https://www.instagram.com/p/DMCRH6Vzjl1/,,Instagram,_makanbanggg,Mindfulness mindfulness sini lo ngantri pertalite,2026-09-16T15:47:06.000Z,,,,
https://www.instagram.com/p/DMCRH6Vzjl1/,,Instagram,wherewavesmeet.id,Orang masih punya hak buat peduli sama apa yang terjadi di dunia nyata. Nggak usah sok ngatur konsumsi berita sehari 15 menit apaan sih? Camvret.,2026-09-16T15:46:25.000Z,,,,
https://www.instagram.com/p/DMCRH6Vzjl1/,,Instagram,taqbotaq_,,2026-09-16T15:46:17.000Z,,,,
https://www.instagram.com/p/DMCRH6Vzjl1/,,Instagram,pekopongaming,Bisa imo gak?,2026-09-16T15:45:54.000Z,,,,
https://www.instagram.com/p/DMCRH6Vzjl1/,,Instagram,chandra205_,Cukup sdh cari sensasi nya klau memang redup ya redup aja,2026-09-16T15:45:36.000Z,,,,
https://www.instagram.com/p/DMCRH6Vzjl1/,,Instagram,lieee1453,,2026-09-16T15:45:11.000Z,,,,
https://www.instagram.com/p/DMCRH6Vzjl1/,,Instagram,ismail_zef,Kuliah jauh² di luar negeri... Sampe ke Indo cuma jadi Buzzer.... Rugi dong,2026-09-16T15:45:06.000Z,,,,
https://www.instagram.com/p/DMCRH6Vzjl1/,,Instagram,tikausmayanti,YAUDAH GUYS UNFOL AJA,2026-09-16T15:44:22.000Z,,,,
https://www.instagram.com/p/DMCRH6Vzjl1/,,Instagram,ato_liu,"Bad news, emg kami kalbar dan kalimantan lain bkn bagian indonesia ya . Kok di blg bad news?? Coba sini 1 jam aja hirup asap tebal nya . Gmn rasanya",2026-09-16T15:42:52.000Z,,,,
https://www.instagram.com/p/DMCRH6Vzjl1/,,Instagram,mfikri_azhari,"Aneh ini orang, dia memposisikan dirinya di mana, sih.. kalo apa yg diomongin dipake di tongkrongan tertutup masih kurang lebih lah, paling gk nirempatinya gk ketauan orang banyak, namanya tetap “harum”, lah ini terang2an di upload, direncanakan",2026-09-16T15:42:18.000Z,,,,
https://www.instagram.com/p/DMCRH6Vzjl1/,,Instagram,ohayo.gz,Maudy udh bayar buzzer guys,2026-09-16T15:37:31.000Z,,,,
https://www.instagram.com/p/DMCRH6Vzjl1/,,Instagram,gepyraox,"Menurut aku si salahnya itu karna ada kata bad news , apalagi di tengah kondisi kita yang sedang berjuang untuk pulih bangkit , kalau memang bad news buat ka maudy merasa terganggu gmana rasanya mereka yg merasakan bad news itu setiap hari , bertubi” loh ka bencana nya ini bukan soal terganggu karna berita tapi gmana caranya kita bisa ikut menyuarakan apa yg mereka alami setidaknya jika uang kami tak bisa bantu , suara kami di dengar untuk kepulihan mereka yg terkena musibah bencana",2026-09-16T15:37:23.000Z,,,,
https://www.instagram.com/p/DMCRH6Vzjl1/,,Instagram,jennifer_poipoi,"Gemes liat ni org ih , smoga besok ad asap yg d hirup dr dapur y😂",2026-09-16T15:37:21.000Z,,,,
https://www.instagram.com/p/DMCRH6Vzjl1/,,Instagram,dimasbakco,"Lu ga mikir apa❔ lu public figure, minimal sebelum beropini di pakai dulu 🧠nya, budayakan berfikir sebelum berbicara. Untung ga nge fans sama elu Maudy Ayuyora :(",2026-09-16T15:37:17.000Z,,,,
https://www.instagram.com/p/DMCRH6Vzjl1/,,Instagram,ohayo.gz,Prettt hoek cuh,2026-09-16T15:37:10.000Z,,,,
https://www.instagram.com/p/DMCRH6Vzjl1/,,Instagram,naftali_samuel,Tidak bisa berkata kata,2026-09-16T15:36:27.000Z,,,,
https://www.instagram.com/p/DMCRH6Vzjl1/,,Instagram,98nrlf,"i loved u maudy, thanks.",2026-09-16T15:35:18.000Z,,,,
https://www.instagram.com/p/DMCRH6Vzjl1/,,Instagram,pakbowokk,Barulah te abang abang,2026-09-16T15:34:59.000Z,,,,
https://www.instagram.com/p/DMCRH6Vzjl1/,,Instagram,hamdibk_,,2026-09-16T15:34:49.000Z,,,,
https://www.instagram.com/p/DMCRH6Vzjl1/,,Instagram,herinadwi,ngeri tok mbak 👏🤣🤣,2026-09-16T15:32:36.000Z,,,,
https://www.instagram.com/p/DMCRH6Vzjl1/,,Instagram,saturasioksigen,Maaf ya kak karna kami di kalimantan bikin bad news untuk Indonesia. Blgin jg ke atasan jan bakar lahan kami biar gada bad news,2026-09-16T15:32:25.000Z,,,,
https://www.instagram.com/p/DMCRH6Vzjl1/,,Instagram,leni_katikaa,Nitip 🩴,2026-09-16T15:32:11.000Z,,,,
https://www.instagram.com/p/DMCRH6Vzjl1/,,Instagram,jokobram,@maudyayunda Coba satu hari aja ke Kalimantan hirup asap bareng & antri BBM,2026-09-16T15:31:45.000Z,,,,
https://www.instagram.com/p/DMCRH6Vzjl1/,,Instagram,galangc.k,Ditunggu klarifikasinya kak,2026-09-16T15:31:09.000Z,,,,
https://www.instagram.com/p/DMCRH6Vzjl1/,,Instagram,ninavelovers,Mau di ayun da apa mau di tabok,2026-09-16T15:30:51.000Z,,,,
https://www.instagram.com/p/DMCRH6Vzjl1/,,Instagram,galangc.k,Dia belum klarifikasi yah😍,2026-09-16T15:30:48.000Z,,,,
https://www.instagram.com/p/DMCRH6Vzjl1/,,Instagram,ainunsuraiyya,gk ada empati jd manusia,2026-09-16T15:30:08.000Z,,,,
https://www.instagram.com/p/DMCRH6Vzjl1/,,Instagram,jandchockkkkkk,butuh beras,2026-09-16T15:29:47.000Z,,,,
https://www.instagram.com/p/DMCRH6Vzjl1/,,Instagram,wahyutekz,Maudy ayunda sengaja ragebait biar banyak notif trus ubah mode getar dan di masukkan ke selangkangan🤣🤣,2026-09-16T15:29:26.000Z,,,,
https://www.instagram.com/p/DMCRH6Vzjl1/,,Instagram,wahyutekz,Maudy ayunda sengaja ragebait biar banyak notif trus ubah mode getar dan di masukkan ke selangkangan🤣🤣,2026-09-16T15:29:24.000Z,,,,
https://www.instagram.com/p/DMCRH6Vzjl1/,,Instagram,lipvtint,Gak banget iwwwhhh,2026-09-16T15:28:13.000Z,,,,
https://www.instagram.com/p/DMCRH6Vzjl1/,,Instagram,exinos_fajri29,Dah kuduga nih orang bakalan blunder. 😌🤣,2026-09-16T15:27:51.000Z,,,,
https://www.instagram.com/p/DMCRH6Vzjl1/,,Instagram,chitato.indomie_27,.,2026-09-16T15:27:13.000Z,,,,
https://www.instagram.com/p/DMCRH6Vzjl1/,,Instagram,indryyys,Pick me final nih bosssss,2026-09-16T15:26:47.000Z,,,,
https://www.instagram.com/p/DMCRH6Vzjl1/,,Instagram,lefirashia,GERAM BGT GW ANJIRRRRR MAU MARAH DEPAN MUKA DIA LANGSUNG😭,2026-09-16T15:26:36.000Z,,,,
https://www.instagram.com/p/DMCRH6Vzjl1/,,Instagram,wahyutekz,Maudy ayunda sengaja ragebait biar banyak notif trus ubah mode getar dan di masukkan ke selangkangan🤣🤣,2026-09-16T15:26:18.000Z,,,,
https://www.instagram.com/p/DMCRH6Vzjl1/,,Instagram,aurora_vexania,Blunderrr yeee,2026-09-16T15:23:20.000Z,,,,
https://www.instagram.com/p/DMCRH6Vzjl1/,,Instagram,irwanssaputra,"sek sek , ada apa ini 😂",2026-09-16T15:22:26.000Z,,,,
https://www.instagram.com/p/DMCRH6Vzjl1/,,Instagram,mamang_0fficial,,2026-09-16T15:21:14.000Z,,,,
https://www.instagram.com/p/DMCRH6Vzjl1/,,Instagram,anisusiloo,Dasar nirempati,2026-09-16T15:21:01.000Z,,,,
https://www.instagram.com/p/DMCRH6Vzjl1/,,Instagram,cece_azhaarrghani,dia kenapa woy gua 24 jam buka sosmed kok ga tau 😭,2026-09-16T15:20:37.000Z,,,,
https://www.instagram.com/p/DMCRH6Vzjl1/,,Instagram,gugun514,"@maudyayunda luu bacot,,,, minimal empati ada yaa.... Lebih respect dengan kak @sherinamunaf dan bang  @irwandiferry",2026-09-16T15:20:28.000Z,,,,
https://www.instagram.com/p/DMCRH6Vzjl1/,,Instagram,lisasbun,queen of tone deaf dr dulu,2026-09-16T15:20:25.000Z,,,,
https://www.instagram.com/p/DMCRH6Vzjl1/,,Instagram,mita_cassandraa,pick me,2026-09-16T15:19:57.000Z,,,,
https://www.instagram.com/p/DMCRH6Vzjl1/,,Instagram,khevettt,Untung ngk ngefans,2026-09-16T15:19:24.000Z,,,,
https://www.instagram.com/p/DMCRH6Vzjl1/,,Instagram,bobby.gill33,Mindfullnes of the age of artist..we've got 60 % people of monkey iq who stand with me..🥴,2026-09-16T15:18:39.000Z,,,,
https://www.instagram.com/p/DMCRH6Vzjl1/,,Instagram,akbarngrh,kecewa ih💔,2026-09-16T15:18:18.000Z,,,,
https://www.instagram.com/p/DMCRH6Vzjl1/,,Instagram,zae_yan_rey,Beasiswa LPDP kok bisa2 nya,2026-09-16T15:18:16.000Z,,,,
https://www.instagram.com/p/DMCRH6Vzjl1/,,Instagram,jmiaati_,untung ga pernah ngefans wkwk,2026-09-16T15:17:48.000Z,,,,
https://www.instagram.com/p/DMCRH6Vzjl1/,,Instagram,etindyah,Dasar apatis!,2026-09-16T15:17:29.000Z,,,,
https://www.instagram.com/p/DMCRH6Vzjl1/,,Instagram,mzharrangg,,2026-09-16T15:16:41.000Z,,,,
https://www.instagram.com/p/DMCRH6Vzjl1/,,Instagram,yennijanggu89,Kak jln2 ke flores,2026-09-16T15:16:35.000Z,,,,
https://www.instagram.com/p/DMCRH6Vzjl1/,,Instagram,monaeninora,Aku ngefans banget pdhal lo. Tapi kecewa banget liat obrolan kamu yg minim empati,2026-09-16T15:16:16.000Z,,,,
https://www.instagram.com/p/DMCRH6Vzjl1/,,Instagram,ton_o_el_real,Terbiasa hidup enak dan di enakan..jadi sosmed nya pun harus yang enak enak di liat bagi dia..🤮,2026-09-16T15:16:11.000Z,,,,
https://www.instagram.com/p/DMCRH6Vzjl1/,,Instagram,fashionism2024,"Belajar tuh sm sherina
Jgn ngemeng doang
Minimal sekolah keluar negeri pake duit sendiri!! 💩",2026-09-16T15:16:05.000Z,,,,
https://www.instagram.com/p/DMCRH6Vzjl1/,,Instagram,kim.napo,"UDAH BAGUS BAGUS DIEM BAE, MALAH NGOCEH",2026-09-16T15:15:05.000Z,,,,
https://www.instagram.com/p/DMCRH6Vzjl1/,,Instagram,hana.handayanti,Rame coy 🤣,2026-09-16T15:14:29.000Z,,,,
https://www.instagram.com/p/DMCRH6Vzjl1/,,Instagram,deniwahyudi12,"Ketinggalan berita aku eh 🤣 , udah 19k aja yg komen",2026-09-16T15:13:41.000Z,,,,
https://www.instagram.com/p/DMCRH6Vzjl1/,,Instagram,nanaai_0,klarif pls,2026-09-16T15:13:03.000Z,,,,
https://www.instagram.com/p/DMCRH6Vzjl1/,,Instagram,farhan_012020,😂,2026-09-16T15:10:47.000Z,,,,
https://www.instagram.com/p/DMCRH6Vzjl1/,,Instagram,wherewavesmeet.id,Mind your own damn business and shut the hell up.,2026-09-16T15:10:44.000Z,,,,
https://www.instagram.com/p/DMCRH6Vzjl1/,,Instagram,rinnelynn,pinter tapi minim empati,2026-09-16T15:10:36.000Z,,,,
https://www.instagram.com/p/DMCRH6Vzjl1/,,Instagram,aditya.novyan,ayo tembus ampe 20k komen 😂,2026-09-16T15:09:12.000Z,,,,
https://www.instagram.com/p/DMCRH6Vzjl1/,,Instagram,semz_sky,ANAK ZIONIS👏,2026-09-16T15:08:40.000Z,,,,
https://www.instagram.com/p/DMCRH6Vzjl1/,,Instagram,tatapmataojan37,👏 si paling western,2026-09-16T15:08:17.000Z,,,,
https://www.instagram.com/p/DMCRH6Vzjl1/,,Instagram,semutmerah_mt,"Kuliah pake duit Rakyat, nyakitin hati Rakyat .. Iyuwww sipaling mindfullnes🤮",2026-09-16T15:07:58.000Z,,,,
https://www.instagram.com/p/DMCRH6Vzjl1/,,Instagram,pujiletstari,"Jauh2 kuliah di oxford, hanya untuk jualan skincare?",2026-09-16T15:07:07.000Z,,,,
https://www.instagram.com/p/DMCRH6Vzjl1/,,Instagram,d_r.kenway,Terkenal karna mindfulltank🔥,2026-09-16T15:06:03.000Z,,,,
https://www.instagram.com/p/DMCRH6Vzjl1/,,Instagram,ilhamzw20,Lulusan Oxford belum tentu punya empati MaUdiThOLolZ,2026-09-16T15:04:56.000Z,,,,
https://www.instagram.com/p/DMCRH6Vzjl1/,,Instagram,depcekk28,Pintar tapi gk punya hati nurani ya kek gini 😅,2026-09-16T15:03:37.000Z,,,,
https://www.instagram.com/p/DMCRH6Vzjl1/,,Instagram,ranitaputri98,Mod. Yok ke riau. Biar merasakan negri diatas asap,2026-09-16T15:01:42.000Z,,,,
https://www.instagram.com/p/DMCRH6Vzjl1/,,Instagram,platypus.7230236,,2026-09-16T15:01:27.000Z,,,,
https://www.instagram.com/p/DMCRH6Vzjl1/,,Instagram,yuliodrajat,Kalo kau merasa tidak nyaman dengan adanya bad news yg ada di Indonesia silahkan cari negara lain,2026-09-16T15:01:11.000Z,,,,
https://www.instagram.com/p/DMCRH6Vzjl1/,,Instagram,droidlone,buzzer Pemerintah lu ya? karena kulit lu mirip sama si bahlil,2026-09-16T14:59:26.000Z,,,,
https://www.instagram.com/p/DMCRH6Vzjl1/,,Instagram,troissixmakassar,Kak ke makassar deh skrg. Disini gas lagi langkah bukan main dan harganya naik sekali. Terus bensin sampai antri 3baris dan antri berjam jam. Listrik pemadaman bergilir. Trs kami harus tutup mata dari berita2 biar waras? Kedaan saat ini sudah tdk waras,2026-09-16T14:58:53.000Z,,,,
https://www.instagram.com/p/DMCRH6Vzjl1/,,Instagram,itz.syaiful,Kalo Ndak pandai ngomong bagus berak yak,2026-09-16T14:58:12.000Z,,,,
https://www.instagram.com/p/DMCRH6Vzjl1/,,Instagram,maryn.me,Kecewa ❤️‍🩹,2026-09-16T14:58:07.000Z,,,,
https://www.instagram.com/p/DMCRH6Vzjl1/,,Instagram,droidlone,situ kaya sosoan ngomong tentang jalanin hidup,2026-09-16T14:58:03.000Z,,,,
https://www.instagram.com/p/DMCRH6Vzjl1/,,Instagram,_davidaliit,"Pergi aja dari sini jadi WNA KOREA AJA, IKUT SUAMI MU AJA.",2026-09-16T14:57:53.000Z,,,,
https://www.instagram.com/p/DMCRH6Vzjl1/,,Instagram,zeyyshi_,sipaling mindfullness,2026-09-16T14:57:41.000Z,,,,
https://www.instagram.com/p/DMCRH6Vzjl1/,,Instagram,jellyfish.613687,,2026-09-16T14:57:35.000Z,,,,
https://www.instagram.com/p/DMCRH6Vzjl1/,,Instagram,dewihutami_,😢😢😢😢😢😢😢,2026-09-16T14:57:26.000Z,,,,
https://www.instagram.com/p/DMCRH6Vzjl1/,,Instagram,raden_ressa,Rame amat coy,2026-09-16T14:55:55.000Z,,,,
https://www.instagram.com/p/DMCRH6Vzjl1/,,Instagram,brightskyy_____,"it’s disappointing to see how little you care about others, you should be ashamed!!",2026-09-16T14:55:51.000Z,,,,
https://www.instagram.com/p/DMCRH6Vzjl1/,,Instagram,yuliodrajat,"Bener kata pain Akatsuki ""manusia tidak akan bisa saling memahami jika tidak merasakan penderitaan yang sama""",2026-09-16T14:55:08.000Z,,,,
https://www.instagram.com/p/DMCRH6Vzjl1/,,Instagram,endhymercy,BUNGUL PADA KARUNG,2026-09-16T14:55:04.000Z,,,,
https://www.instagram.com/p/DMCRH6Vzjl1/,,Instagram,18.ujaa,@xx_icangans apaasih kampung,2026-09-16T14:55:00.000Z,,,,
https://www.instagram.com/p/DMCRH6Vzjl1/,,Instagram,liisnaa_watii,Udi anda kenapa?,2026-09-16T14:54:36.000Z,,,,
https://www.instagram.com/p/DMCRH6Vzjl1/,,Instagram,liameoog,Oh ini orangnya🤮,2026-09-16T14:54:30.000Z,,,,
https://www.instagram.com/p/DMCRH6Vzjl1/,,Instagram,frans2159,"Unfol, dan blacklist produk endorse nya",2026-09-16T14:54:22.000Z,,,,
https://www.instagram.com/p/DMCRH6Vzjl1/,,Instagram,floww_w333,@xx_icangans plerr,2026-09-16T14:53:43.000Z,,,,
https://www.instagram.com/p/DMCRH6Vzjl1/,,Instagram,floww_w333,plerr,2026-09-16T14:53:30.000Z,,,,
https://www.instagram.com/p/DMCRH6Vzjl1/,,Instagram,agayyard,Nitip sendal,2026-09-16T14:52:59.000Z,,,,
https://www.instagram.com/p/DMCRH6Vzjl1/,,Instagram,fhdl_28,Si paling bad news,2026-09-16T14:52:49.000Z,,,,
https://www.instagram.com/p/DMCRH6Vzjl1/,,Instagram,chlsymle3,Owh bad news🤣,2026-09-16T14:52:44.000Z,,,,
https://www.instagram.com/p/DMCRH6Vzjl1/,,Instagram,ffryrh_,bad news yeee😂,2026-09-16T14:52:09.000Z,,,,
https://www.instagram.com/p/DMCRH6Vzjl1/,,Instagram,inayaauriska,So… what now? Are we canceling maudy ayunda?,2026-09-16T14:50:57.000Z,,,,
https://www.instagram.com/p/DMCRH6Vzjl1/,,Instagram,winds.ir,shame on you:(,2026-09-16T14:50:27.000Z,,,,
https://www.instagram.com/p/DMCRH6Vzjl1/,,Instagram,sentiasylfnti,@aapriliasinttt jadi mbak maudy ini secara galangsung mengajak orang2  untuk tone deaf terhadap situasi dan kondisi terhadap berita2 buruk yg terjadi saat ini gt sih intinya. Nirempati bgt.,2026-09-16T14:49:45.000Z,,,,
https://www.instagram.com/p/DMCRH6Vzjl1/,,Instagram,jasminum_sambac66,"Kak, sesekali boleh ke Pontianak, seminggu deh disini...ngirup asap, mandi air asin, ngantri air galon juga ya",2026-09-16T14:49:41.000Z,,,,
https://www.instagram.com/p/DMCRH6Vzjl1/,,Instagram,na5ywa,"masih sempat2nya bilang mindfullness💔 MANA ADA! masih bisa HIDUP di era seperti ini aja aku masih sangat bersyukur, sebenarnya kalo dibilang secara mental ga sehat ya emang. krn gabisa woy mindfullness di tengah banyaknya hal yang terjadi sekarang. mindfullness ini ketika semua udah tercukupi, dari segi sosial, ekonomi, pendidikan, akses terhadap layanan kesehatan, dan lain sebagainya. kami disini dipaksa kuat dan tetap waras ya demi bertahan hidup aja. udah gaada istilah mindfullness bagi kami. ya tau, mindfullness itu emang buat menjaga kesehatan mental. kami paham itu, tapi untuk era saat ini tidak bisaa. cobalah mengerti di posisi masyarakat sekarang ini bagaimana",2026-09-16T14:48:52.000Z,,,,
https://www.instagram.com/p/DMCRH6Vzjl1/,,Instagram,bastaboy._,,2026-09-16T14:48:38.000Z,,,,
https://www.instagram.com/p/DMCRH6Vzjl1/,,Instagram,liliibettt,Bad people,2026-09-16T14:48:23.000Z,,,,
https://www.instagram.com/p/DMCRH6Vzjl1/,,Instagram,sem_donal,Zero Emphaty,2026-09-16T14:47:49.000Z,,,,
https://www.instagram.com/p/DMCRH6Vzjl1/,,Instagram,lusimaya2008,Disuruh waras dengan orang yg punya previllege???,2026-09-16T14:47:27.000Z,,,,
https://www.instagram.com/p/DMCRH6Vzjl1/,,Instagram,devitahandini,"Gimana mau mindful kalo perut kosong, kadang isi eh keracunan embege",2026-09-16T14:46:31.000Z,,,,
https://www.instagram.com/p/DMCRH6Vzjl1/,,Instagram,eidenn76,,2026-09-16T14:46:11.000Z,,,,
https://www.instagram.com/p/DMCRH6Vzjl1/,,Instagram,widyaaamaharani,Tinggal dan cari makan di indo tapi ngomong sok inggris. Muak bgt sama ni orang. FAKE,2026-09-16T14:45:47.000Z,,,,
https://www.instagram.com/p/DMCRH6Vzjl1/,,Instagram,hetty_mecca,Lagi mikir dia nyusun kata-kata buat b klarifikasi,2026-09-16T14:45:15.000Z,,,,
https://www.instagram.com/p/DMCRH6Vzjl1/,,Instagram,cruelsmmer._,"WKWKWKW ANJG, BUKA TUTUP KOMEN GADA 5 DETIK DH MUNCUL KOMEN BARU, HUJAT TERUS AJA DH ORANG KEK GINI! TONE DEAF TLL!",2026-09-16T14:45:01.000Z,,,,
https://www.instagram.com/p/DMCRH6Vzjl1/,,Instagram,iamdavyden,AKAOAKAKAOAK,2026-09-16T14:45:01.000Z,,,,
https://www.instagram.com/p/DMCRH6Vzjl1/,,Instagram,zxzx121212121212,Maudi kimbek,2026-09-16T14:44:21.000Z,,,,
https://www.instagram.com/p/DMCRH6Vzjl1/,,Instagram,suryarrrr01,blunder lagi aja ni,2026-09-16T14:43:59.000Z,,,,
https://www.instagram.com/p/DMCRH6Vzjl1/,,Instagram,dhrxls._.1004,Gamau jd relawan Yun???,2026-09-16T14:43:52.000Z,,,,
https://www.instagram.com/p/DMCRH6Vzjl1/,,Instagram,stylessmd,tone deaf final bosssss,2026-09-16T14:43:18.000Z,,,,
https://www.instagram.com/p/DMCRH6Vzjl1/,,Instagram,stylessmd,RATU TONE DEAFFFF,2026-09-16T14:43:09.000Z,,,,
https://www.instagram.com/p/DMCRH6Vzjl1/,,Instagram,_triiswanto,Mulut mu harimau mu audy wkwk🤣,2026-09-16T14:42:42.000Z,,,,
https://www.instagram.com/p/DMCRH6Vzjl1/,,Instagram,medinakhai27,"Ya gitu deh kalau udah hidup enak sedari embrio, minim empati. Yang begini jangan sampe ada dikursi pemerintahan,  bisa2 jadi musuh rakyat kecil",2026-09-16T14:42:27.000Z,,,,
https://www.instagram.com/p/DMCRH6Vzjl1/,,Instagram,yanimarliadewi,Mindfullness?? 😭 Maap ya aku ga ngefans lagi sama kamoooh 😭,2026-09-16T14:41:57.000Z,,,,
https://www.instagram.com/p/DMCRH6Vzjl1/,,Instagram,_papazul_,"Kami adalah bad newsmu, tapi kamu tidak merasakan apa yang kami rasakan disini, hujan seharianpun belum tentu meredakan kabut asap ini.",2026-09-16T14:41:38.000Z,,,,
https://www.instagram.com/p/DMCRH6Vzjl1/,,Instagram,alim_kidh,,2026-09-16T14:41:12.000Z,,,,
https://www.instagram.com/p/DMCRH6Vzjl1/,,Instagram,dend0y,0 EMPATI BENER BENER JAHAT LU YAH,2026-09-16T14:40:51.000Z,,,,
https://www.instagram.com/p/DMCRH6Vzjl1/,,Instagram,ats__1992,empati nya please…😢😂,2026-09-16T14:40:35.000Z,,,,
https://www.instagram.com/p/DMCRH6Vzjl1/,,Instagram,aldikrismon_1602,"Bisa apa lu tanpa LPDP 😂eh 🐷 bocah kmaren sore 😂LPDP dari pajak rakyat aja blagu, blagu mah jalur mandiri gpp😂",2026-09-16T14:40:34.000Z,,,,
https://www.instagram.com/p/DMCRH6Vzjl1/,,Instagram,ninisrkive_,HOKKKCUJHHH,2026-09-16T14:40:22.000Z,,,,
https://www.instagram.com/p/DMCRH6Vzjl1/,,Instagram,siti_aisyahisa,Tetap mindfullnes meski rakyat NGENESs 😭😭😭,2026-09-16T14:40:05.000Z,,,,
https://www.instagram.com/p/DMCRH6Vzjl1/,,Instagram,antonih4th,Minimal empati,2026-09-16T14:38:54.000Z,,,,
https://www.instagram.com/p/DMCRH6Vzjl1/,,Instagram,sweetoriia_,Cuih,2026-09-16T14:38:51.000Z,,,,
https://www.instagram.com/p/DMCRH6Vzjl1/,,Instagram,youni1983,"Ngga banget sm artis ini,,dr awal muncul jg gaad aura bagusnya dimata gw,,sok banget pokonya ni anak🤮",2026-09-16T14:38:39.000Z,,,,
https://www.instagram.com/p/DMCRH6Vzjl1/,,Instagram,fr33_palestinee,"Orang dari negara bodoh mana, yg ad kebakaran hutan, kopdes d bangun d sawah.. masih bilang kita harus mindfulness.. kita masih yg salah ketika semua in sudah keterlaluan..",2026-09-16T14:38:06.000Z,,,,
https://www.instagram.com/p/DMCRH6Vzjl1/,,Instagram,annanwarudin492,Deuh eluh,2026-09-16T14:38:01.000Z,,,,
https://www.instagram.com/p/DMCRH6Vzjl1/,,Instagram,anneuuu.kkimm,Bisa blunder juga kamu ternyata wkwk 🤣👏,2026-09-16T14:37:48.000Z,,,,
https://www.instagram.com/p/DMCRH6Vzjl1/,,Instagram,rfafat_tuwe,Malu ih pakai LPDP 🤮,2026-09-16T14:37:35.000Z,,,,
https://www.instagram.com/p/DMCRH6Vzjl1/,,Instagram,asamoah.988,Kurusssss jenengi,2026-09-16T14:37:09.000Z,,,,
https://www.instagram.com/p/DMCRH6Vzjl1/,,Instagram,sisthaww,Jadi orang pinter ternyata belum tentu punya empati yaa. Dulu orang tua mu lupa ngajarin berempati ya? Belajar lagi gih,2026-09-16T14:37:09.000Z,,,,
https://www.instagram.com/p/DMCRH6Vzjl1/,,Instagram,buanaerzarafaiz,Katanya sekolah tapi otaknya mana?,2026-09-16T14:36:24.000Z,,,,
https://www.instagram.com/p/DMCRH6Vzjl1/,,Instagram,prillysf_,"Sini deh cobain seminggu aja ke kalimantan hirup asap, antri bbm, listrik padam, kekurangan air pula kami disini akibat kemarau, kalo ngga gantiin bayi gue yg batuk2 akibat asap ini deh SINIII BURUAN",2026-09-16T14:36:06.000Z,,,,
https://www.instagram.com/p/DMCRH6Vzjl1/,,Instagram,agoenkyos,Busuk,2026-09-16T14:36:03.000Z,,,,
https://www.instagram.com/p/DMCRH6Vzjl1/,,Instagram,irfanlakandjo_,.,2026-09-16T14:35:05.000Z,,,,
https://www.instagram.com/p/DMCRH6Vzjl1/,,Instagram,editapurwa,,2026-09-16T14:34:44.000Z,,,,
https://www.instagram.com/p/DMCRH6Vzjl1/,,Instagram,rosselumiere,"Coba tinggal di daerah terdampak Karhutla, 1 bulan aja coba. Di tempat No AC yaa",2026-09-16T14:34:43.000Z,,,,
https://www.instagram.com/p/DMCRH6Vzjl1/,,Instagram,prasetyaagil92,Gausah dengerin neti ya cantikkk 😍😍,2026-09-16T14:34:42.000Z,,,,
https://www.instagram.com/p/DMCRH6Vzjl1/,,Instagram,rustya.monika,Horang horang kayaahh mana tau hidup susaahh .. apalagi orang susah yang lagi kena musibah.. mirisss bgt,2026-09-16T14:34:32.000Z,,,,
https://www.instagram.com/p/DMCRH6Vzjl1/,,Instagram,7jwsaragih,RIP 🥀,2026-09-16T14:34:31.000Z,,,,
https://www.instagram.com/p/DMCRH6Vzjl1/,,Instagram,wherewavesmeet.id,Don’t tell people to tune out bad news. Some of us actually give a damn about what’s happening in the real world fcuk you!,2026-09-16T14:34:24.000Z,,,,
https://www.instagram.com/p/DMCRH6Vzjl1/,,Instagram,liyana147,Dulu sempet mikir… maudy jadi cewe sempurna banget… cantik pinter kaya… kira2 kurangnya apa ya?… dan kejawab sekarang🥀,2026-09-16T14:32:06.000Z,,,,
https://www.instagram.com/p/DMCRH6Vzjl1/,,Instagram,wherewavesmeet.id,"You do you, but don’t tell people what the hell they should watch or care about. It’s called freedom, dude. 🤣",2026-09-16T14:31:46.000Z,,,,
https://www.instagram.com/p/DMCRH6Vzjl1/,,Instagram,evarizkyah21,"Masih belum tutup comment, berarti masih kuat deseeee 😂",2026-09-16T14:30:27.000Z,,,,
https://www.instagram.com/p/DMCRH6Vzjl1/,,Instagram,retnotriias,tonedeaf 🤮🤮🤮,2026-09-16T14:30:20.000Z,,,,
https://www.instagram.com/p/DMCRH6Vzjl1/,,Instagram,firmanpyga,Mikir !,2026-09-16T14:30:16.000Z,,,,
https://www.instagram.com/p/DMCRH6Vzjl1/,,Instagram,ikhsat.ir,besok jam berapa kak upload klarifikasinya 😂,2026-09-16T14:30:14.000Z,,,,
https://www.instagram.com/p/DMCRH6Vzjl1/,,Instagram,dila.trx,yang menghayati dan harus mendukung ekspresi ya kak buat bikin vidio klarifikasi,2026-09-16T14:29:35.000Z,,,,
https://www.instagram.com/p/DMCRH6Vzjl1/,,Instagram,cipp_pow,"Mending kak Maudy ngobrol sama circle-nya aja, biar relate.",2026-09-16T14:28:38.000Z,,,,
https://www.instagram.com/p/DMCRH6Vzjl1/,,Instagram,yzhmoo,Pasti skrng lagi ngatur kata kata buat video KLARIPIKASI😂,2026-09-16T14:28:25.000Z,,,,
https://www.instagram.com/p/DMCRH6Vzjl1/,,Instagram,wahidabdurrasyied,enteng banget tuh mulut yahh,2026-09-16T14:27:16.000Z,,,,
https://www.instagram.com/p/DMCRH6Vzjl1/,,Instagram,calon_mayii1t,Kita skip bad news bukan berarti bad news itu terselesaikan. Jadi orang kok egois banget 🤣,2026-09-16T14:26:34.000Z,,,,
https://www.instagram.com/p/DMCRH6Vzjl1/,,Instagram,kiiinoooy_,"Sini kak ke kalimantan trus coba bikin video bilang mindfullness disini... kalo batuk, 1 kali batuk = 1 bogeman berani ga ?",2026-09-16T14:26:25.000Z,,,,
https://www.instagram.com/p/DMCRH6Vzjl1/,,Instagram,bynbyll,,2026-09-16T14:26:22.000Z,,,,
https://www.instagram.com/p/DMCRH6Vzjl1/,,Instagram,ashilla_queenlyn,"Dengan kuliah dibiayain seluruh rakyat indonesia, anda telah merampas hak seseorang diluar sana yang diberi kecerdasan tapi ortunya ga diberikan kemampuan finansial. So sad 😢@maudyayunda",2026-09-16T14:26:19.000Z,,,,
https://www.instagram.com/p/DMCRH6Vzjl1/,,Instagram,wulandarizkyy,Beasiswa lu pake duit pajak bruh 😭 tone deaf bener dah,2026-09-16T14:26:13.000Z,,,,
https://www.instagram.com/p/DMCRH6Vzjl1/,,Instagram,tthkyin,,2026-09-16T14:25:21.000Z,,,,
https://www.instagram.com/p/DMCRH6Vzjl1/,,Instagram,ar.annsa,,2026-09-16T14:24:52.000Z,,,,
https://www.instagram.com/p/DMCRH6Vzjl1/,,Instagram,dovi_tanjung,"Ketinggalan berita aku, keasikan baca buku, udah rame aja",2026-09-16T14:23:07.000Z,,,,
https://www.instagram.com/p/DMCRH6Vzjl1/,,Instagram,jmd_pro,Brooohhhh,2026-09-16T14:22:28.000Z,,,,
https://www.instagram.com/p/DMCRH6Vzjl1/,,Instagram,brodan_dy,,2026-09-16T14:22:20.000Z,,,,
https://www.instagram.com/p/DMCRH6Vzjl1/,,Instagram,hermawanhendra720,Si @maudyayunda pake LPDP gak sih?,2026-09-16T14:21:54.000Z,,,,
https://www.instagram.com/p/DMCRH6Vzjl1/,,Instagram,irslfh,"Maudi sabar juga, ya",2026-09-16T14:20:53.000Z,,,,
https://www.instagram.com/p/DMCRH6Vzjl1/,,Instagram,chndrvrly,"Beasiswa lu pake duit pajak Rakyat, malah di pake belagu Nirempati, dem bruh🔥",2026-09-16T14:20:44.000Z,,,,
https://www.instagram.com/p/DMCRH6Vzjl1/,,Instagram,muhamm_zainul.y,maudientot,2026-09-16T14:19:21.000Z,,,,
https://www.instagram.com/p/DMCRH6Vzjl1/,,Instagram,yuliodrajat,Orang pintar belum tentu berempati 😂😂😂,2026-09-16T14:19:04.000Z,,,,
https://www.instagram.com/p/DMCRH6Vzjl1/,,Instagram,daa_baddest____123,"Lagi mindfullness yaaaa pasti, kok gak nongol sama sekali nihhh. Makanya kalo jadi orang tuh turun ke bawah buat liat realita yang terjadi saat ini, bukan mindfullness podcast tai kucing blog",2026-09-16T14:18:48.000Z,,,,
https://www.instagram.com/p/DMCRH6Vzjl1/,,Instagram,herlindavidson,"Pertama ketemu bocah ini di PIM pas dia masih esde, dia emang hidup enak dari kecil anak Pondok Indah dan gak akan peka terhadap kesulitan rakyat menengah kebawah..!!! 😂😂😂",2026-09-16T14:18:46.000Z,,,,
https://www.instagram.com/p/DMCRH6Vzjl1/,,Instagram,stwlyrssa,Nirempati 🥀,2026-09-16T14:18:41.000Z,,,,
https://www.instagram.com/p/DMCRH6Vzjl1/,,Instagram,racaukacau__,,2026-09-16T14:18:19.000Z,,,,
https://www.instagram.com/p/DMCRH6Vzjl1/,,Instagram,ryhnazka__,tone deaf final boss,2026-09-16T14:17:48.000Z,,,,
https://www.instagram.com/p/DMCRH6Vzjl1/,,Instagram,ramadhoni.k,😂😂😂,2026-09-16T14:17:37.000Z,,,,
https://www.instagram.com/p/DMCRH6Vzjl1/,,Instagram,aclozetz,Mindfulness my a$$. Coba ngemeng sm guru honorer sanah.,2026-09-16T14:17:19.000Z,,,,
https://www.instagram.com/p/DMCRH6Vzjl1/,,Instagram,bukanakundia,Udah kaya masih pakai LPDP,2026-09-16T14:17:07.000Z,,,,
https://www.instagram.com/p/DMCRH6Vzjl1/,,Instagram,calvintaufik,Notif aman ?,2026-09-16T14:17:06.000Z,,,,
https://www.instagram.com/p/DMCRH6Vzjl1/,,Instagram,norradiah,"Orang miskin di Indonesia lebih percaya kalo kemiskinan mereka adalah takdir dari Tuhan atau cobaan dari Tuhan, ketimbang percaya bahwa mereka sebenernya dimiskinkan oleh rezim yang inkompeten dan sistem kapitalis yang sudah mengakar.",2026-09-16T14:16:56.000Z,,,,
https://www.instagram.com/p/DMCRH6Vzjl1/,,Instagram,wherewavesmeet.id,Ku kira high class ternyata low class 😂 ini kalo nongky bareng kayaknya gak bakal nyambung kalo ngobrol ama lu. Serba sok ngerti sok paham padal NOL semua ngawur di video pendek mu 🤣,2026-09-16T14:16:53.000Z,,,,
https://www.instagram.com/p/DMCRH6Vzjl1/,,Instagram,bukanakundia,Sesama manusia sebaiknya punya empati kak,2026-09-16T14:16:46.000Z,,,,
https://www.instagram.com/p/DMCRH6Vzjl1/,,Instagram,watermelon20233,"Mba Maudy..coba deh antri bensin di pelosok Sulawesi..mau beli bensin aja antri dari jam 4 subuh, pas giliran kita...eh bensinnya abis. Kan bangsat banget ya kalo kyk gitu.",2026-09-16T14:16:37.000Z,,,,
https://www.instagram.com/p/DMCRH6Vzjl1/,,Instagram,knezzsyaa,bad news or bad reality,2026-09-16T14:16:16.000Z,,,,
https://www.instagram.com/p/DMCRH6Vzjl1/,,Instagram,carltonspencer50,HIDUP L0NT3 ✊,2026-09-16T14:16:08.000Z,,,,
https://www.instagram.com/p/DMCRH6Vzjl1/,,Instagram,furbiesh_,"LO KALO DARI KECIL GAPERNAH HIDUP SUSAH JANGAN NGASIH STATEMENT YANG BIKIN SAKIT HATI ORANG YANG LAGI KENA MUSIBAH, GA SEMUA ORANG POSISI DAN TAKDIR NYA SAMA KAYA LU",2026-09-16T14:16:00.000Z,,,,
https://www.instagram.com/p/DMCRH6Vzjl1/,,Instagram,alvinnn_se,Minim empati,2026-09-16T14:15:53.000Z,,,,
https://www.instagram.com/p/DMCRH6Vzjl1/,,Instagram,damaramore,"Lagu n suara lu kaga ada yg enak, apalagi isi otaklu",2026-09-16T14:15:45.000Z,,,,
https://www.instagram.com/p/DMCRH6Vzjl1/,,Instagram,rapliii1_,walawe,2026-09-16T14:15:04.000Z,,,,
https://www.instagram.com/p/DMCRH6Vzjl1/,,Instagram,khrnnd_a,"Dia ngomongnya dengan udara bersih, air ga asin, ga matlis, bbm ga ngantri, ga kesulitan air wkwkkw",2026-09-16T14:14:33.000Z,,,,
https://www.instagram.com/p/DMCRH6Vzjl1/,,Instagram,alvinnn_se,No empati men🔥.....,2026-09-16T14:14:28.000Z,,,,
https://www.instagram.com/p/DMCRH6Vzjl1/,,Instagram,bang_joans,Palingan nanti tiba tiba langsung di angkat jadi komisaris wkwkwkwk,2026-09-16T14:13:52.000Z,,,,
https://www.instagram.com/p/DMCRH6Vzjl1/,,Instagram,fredyrahmawannn,Kayak duit bapaknya halal aja -kasino warkop-,2026-09-16T14:13:33.000Z,,,,
https://www.instagram.com/p/DMCRH6Vzjl1/,,Instagram,redootzyy,tell aviv grill💜💜🍖,2026-09-16T14:13:07.000Z,,,,
https://www.instagram.com/p/DMCRH6Vzjl1/,,Instagram,juneonthirteen,your brand 'from this island' AND THE ISLAND IS ON FIRE AND YOU DON'T CARE AT ALL LOLLL FUCKASSS DEADASS,2026-09-16T14:12:24.000Z,,,,
https://www.instagram.com/p/DMCRH6Vzjl1/,,Instagram,wherewavesmeet.id,Ku kira kamu suhu ternyata cupu 🤣🤣🤣,2026-09-16T14:12:16.000Z,,,,
https://www.instagram.com/p/DMCRH6Vzjl1/,,Instagram,ravvv.ndr,,2026-09-16T14:11:49.000Z,,,,
https://www.instagram.com/p/DMCRH6Vzjl1/,,Instagram,mimins24,kok ada sih yg ngefans dg dia 😂😂😂😂😂,2026-09-16T14:11:49.000Z,,,,
https://www.instagram.com/p/DMCRH6Vzjl1/,,Instagram,kamu_siapaan,"Kalo blom pernah jadi orang Kalimantan, pelosok lagi. Setidaknya jangan ngajarin khalayak ramai buat mikir mindfulness di tengah bad news. Sesak engap bgt, mulut luu kocak abble dehh",2026-09-16T14:11:31.000Z,,,,
https://www.instagram.com/p/DMCRH6Vzjl1/,,Instagram,dedi.irawan_97,Hmm,2026-09-16T14:10:28.000Z,,,,
https://www.instagram.com/p/DMCRH6Vzjl1/,,Instagram,billie.urator,Ku kira orang pintar ternyata sejenis dengan Gibran 🤣,2026-09-16T14:10:23.000Z,,,,
https://www.instagram.com/p/DMCRH6Vzjl1/,,Instagram,yusna11541,Mbak bisa gak ya ngomongnya jangan keminggriss...mbokyo make bahasa Indonesia dg baik dan benar wlpun fasih BHS inggrisnya...biar orang GK salah paham...,2026-09-16T14:09:49.000Z,,,,
https://www.instagram.com/p/DMCRH6Vzjl1/,,Instagram,rm0099_,Ga semua orang berilmu berempati windah,2026-09-16T14:09:04.000Z,,,,
https://www.instagram.com/p/DMCRH6Vzjl1/,,Instagram,itsde1st,Real marie antoinette,2026-09-16T14:08:12.000Z,,,,
https://www.instagram.com/p/DMCRH6Vzjl1/,,Instagram,jev_vlyn,Kaya yg paling ngerasain dampaknya aja yee 🤣 lancar bgt ngomong kya gtu,2026-09-16T14:06:28.000Z,,,,
https://www.instagram.com/p/DMCRH6Vzjl1/,,Instagram,herdiansyah_socially,"Boleh cantik, tapi tolong dong jangan jadi PRINCESS TONE DEAF kak @maudyayunda :'((🔥🔥",2026-09-16T14:06:13.000Z,,,,
https://www.instagram.com/p/DMCRH6Vzjl1/,,Instagram,syarriiff__,,2026-09-16T14:06:11.000Z,,,,
https://www.instagram.com/p/DMCRH6Vzjl1/,,Instagram,giehanss,"CALON STAFSUS, WAMEN ATAU SEJENIS NYA 👏👏👏",2026-09-16T14:05:45.000Z,,,,
https://www.instagram.com/p/DMCRH6Vzjl1/,,Instagram,yes_im_cassano,Dih,2026-09-16T14:05:42.000Z,,,,
https://www.instagram.com/p/DMCRH6Vzjl1/,,Instagram,mimin.platypus,"Tapi kalo bikin konten tentang ""mindfullness"" nya waktu covid pasti gak kayak gini 🙏,rakyat lagi kesel sama keadaan,sama pemerintah jadinya ngelepasin emosinya di kolom komentar",2026-09-16T14:05:28.000Z,,,,
https://www.instagram.com/p/DMCRH6Vzjl1/,,Instagram,rudy305194,Si tukang tone deaf akhirnya blunder sendiri @maudyayunda,2026-09-16T14:05:15.000Z,,,,
https://www.instagram.com/p/DMCRH6Vzjl1/,,Instagram,yusna11541,Gak pernah ngrasain hidup susah ya gini kayak presidennya...nir empati...,2026-09-16T14:05:10.000Z,,,,
https://www.instagram.com/p/DMCRH6Vzjl1/,,Instagram,ekosuta,anak papi mami dangkal empati,2026-09-16T14:04:35.000Z,,,,
https://www.instagram.com/p/DMCRH6Vzjl1/,,Instagram,nor_seftiani__,"Pendidikan tinggi tapi minim empati, minimal sebelum bicara di filter dulu mulutnya. Gak cuman cantik doang",2026-09-16T14:03:32.000Z,,,,
https://www.instagram.com/p/DMCRH6Vzjl1/,,Instagram,zymax_zyn,"ANAK PAPI MAMI , DANGKAL EMPATI",2026-09-16T14:03:09.000Z,,,,
https://www.instagram.com/p/DMCRH6Vzjl1/,,Instagram,batt.vinn,"cih idup enak, mana ngerasain jadi orang di luaran sana, kalo belom ngerasain setidaknya ada rasa EMPATI TERHADAP MANUSIA, ini bukan nya ngasi pertolongan malah ngatain, punya otak gak si, coba deh lu sekali gak di dalem ruangan nyobain keadaan di luaran yang lu bilang BAD itu",2026-09-16T14:02:31.000Z,,,,
https://www.instagram.com/p/DMCRH6Vzjl1/,,Instagram,nani.rosita.06,"Pendidikan bagus, sekolah tinggi, belum tentu empati nya juga tinggi. Kami juga pengen kyk kamu kak. Menghindari bad news, tapi masalahnya kami yg merasakan langsung bad reality nya..",2026-09-16T14:01:44.000Z,,,,
https://www.instagram.com/p/DMCRH6Vzjl1/,,Instagram,wherewavesmeet.id,Goblok jgn di pihara sekolah ulang aja kan kamu kaya,2026-09-16T14:01:36.000Z,,,,
https://www.instagram.com/p/DMCRH6Vzjl1/,,Instagram,toriq_albar_,"@cozmzach realita kehidupan kita jadi berita buruk bagi dia , btw dia kuliah nya LPDP loh bukan kayak kita udah miskin kuliah bayar sendiri pula 😭😭",2026-09-16T14:01:36.000Z,,,,
https://www.instagram.com/p/DMCRH6Vzjl1/,,Instagram,siskamarini__,ikutan,2026-09-16T14:01:14.000Z,,,,
https://www.instagram.com/p/DMCRH6Vzjl1/,,Instagram,powerdrinkk,"LU BAKALAN DAPAT GANJARAN NYA, GUA PASTI KAN ITU",2026-09-16T14:00:44.000Z,,,,
https://www.instagram.com/p/DMCRH6Vzjl1/,,Instagram,kataku.mahgini,"Eiyy komen gua kemaren ilang, udah mulai bersih kahh?",2026-09-16T14:00:43.000Z,,,,
https://www.instagram.com/p/DMCRH6Vzjl1/,,Instagram,_rahmadgunawan,"Ngotak dikit kek🔥, lain kali jangan terlalu di anu anuin lah🗿",2026-09-16T14:00:36.000Z,,,,
https://www.instagram.com/p/DMCRH6Vzjl1/,,Instagram,wherewavesmeet.id,Kon*** nih org ngajarin org yg gak benar haha,2026-09-16T14:00:04.000Z,,,,
https://www.instagram.com/p/DMCRH6Vzjl1/,,Instagram,ndhaanisya,"Sial nya pajak q yg di ptong lagsg oleh negara,, untuk biaya in LPDP,,, nya",2026-09-16T13:58:48.000Z,,,,
https://www.instagram.com/p/DMCRH6Vzjl1/,,Instagram,dian.aggrni,"Cobain ke kalbar mau biar ngerasain hidup dengan asep tebel , jangan cuma ngomong doang di sosmed 🤮🤢",2026-09-16T13:58:24.000Z,,,,
https://www.instagram.com/p/DMCRH6Vzjl1/,,Instagram,hologlamqueen,"ternyata bner indonesia sangat sangat kurang di pendidikan, dan pendidikan penting, seee, bnyak yg salah paham sma omongan maudy, pdhal jelas dia blg ""keep caring while also protecting ourselve"" malah di blg nirempati? really?",2026-09-16T13:57:00.000Z,,,,
https://www.instagram.com/p/DMCRH6Vzjl1/,,Instagram,ariestjgurl,"pasti sekarang dia lagi menerapkan konten mindfulness-nya guys, dengan menghapus semua sosmed dia demi menjaga mental healthnya 🤣",2026-09-16T13:55:58.000Z,,,,
https://www.instagram.com/p/DMCRH6Vzjl1/,,Instagram,senz.tatto_art,"Kalau tidak tau dan merasakan langsung udara di Kalimantan sekarang mending keep silent, biar gk nmpak bnget no empati nya",2026-09-16T13:55:58.000Z,,,,
https://www.instagram.com/p/DMCRH6Vzjl1/,,Instagram,natasyaaa_ad,gal gadot indo,2026-09-16T13:54:49.000Z,,,,
https://www.instagram.com/p/DMCRH6Vzjl1/,,Instagram,masdwibeck,,2026-09-16T13:54:46.000Z,,,,
https://www.instagram.com/p/DMCRH6Vzjl1/,,Instagram,salsriadi_,orang kaya emang gitu.. suka tengil kaya..,2026-09-16T13:54:26.000Z,,,,
https://www.instagram.com/p/DMCRH6Vzjl1/,,Instagram,wawansupriyono9,"ORANG INI BENAR BENAR GAK TAHU MALU DAN TIDAK MERASA BERSALAH, MERASA DIA BENAR, MAKANYA GK ADA PERMINTAAN MAAF ATAU MENYESAL",2026-09-16T13:54:22.000Z,,,,
https://www.instagram.com/p/DMCRH6Vzjl1/,,Instagram,res2_747,Anjay,2026-09-16T13:54:11.000Z,,,,
https://www.instagram.com/p/DMCRH6Vzjl1/,,Instagram,mar.bellasamahu,,2026-09-16T13:52:53.000Z,,,,
https://www.instagram.com/p/DMCRH6Vzjl1/,,Instagram,azkiati_2,"Sudah benar karier & kehidupan pribadi sudah bagus , malah buat konten kayak gitu lagi , apa Kamu gak belajar @maudyayunda dari kejadian yang sudah - sudah , hanya karena sepatah duapatah kata yang keluar dari mulut itu bisa membuat hidup hancur dalam sekejap mata , aduh deh Maudy 👎👎👎👎👎",2026-09-16T13:52:13.000Z,,,,
https://www.instagram.com/p/DMCRH6Vzjl1/,,Instagram,muhammadfaridfahmi,Sini kesampit biar tau apa rasanya udara pengap,2026-09-16T13:52:11.000Z,,,,
https://www.instagram.com/p/DMCRH6Vzjl1/,,Instagram,arifshaahh,Sipaling internasional,2026-09-16T13:51:49.000Z,,,,
https://www.instagram.com/p/DMCRH6Vzjl1/,,Instagram,jokipapermob.unsri2026,Susah payah menyisihkan uang untuk bayar pajak demi nyekolahin orang kek gini🤪,2026-09-16T13:50:54.000Z,,,,
https://www.instagram.com/p/DMCRH6Vzjl1/,,Instagram,dian.aggrni,"Kalo ga ada rasa empati , mending diem , pendidikan tinggi ga menjamin orang untuk beretika",2026-09-16T13:50:49.000Z,,,,
https://www.instagram.com/p/DMCRH6Vzjl1/,,Instagram,vvvhhhhiem,"lo maen maen ke kalimantan sono, orang ngantri bbm sambil hirup asap karhutla, kek gitu lo suruh mindfulness BLOK",2026-09-16T13:50:19.000Z,,,,
https://www.instagram.com/p/DMCRH6Vzjl1/,,Instagram,rezabokeng,Si paling pinter nih,2026-09-16T13:49:53.000Z,,,,
https://www.instagram.com/p/DMCRH6Vzjl1/,,Instagram,adil.a1333,Saya akan lawan,2026-09-16T13:49:42.000Z,,,,
https://www.instagram.com/p/DMCRH6Vzjl1/,,Instagram,wherewavesmeet.id,Setelah dia nyalain api ngilang dia 😂 langsung terapin mindfulness haha your brain is full of shit!,2026-09-16T13:49:39.000Z,,,,
https://www.instagram.com/p/DMCRH6Vzjl1/,,Instagram,adil.a1333,Hai antek antek asing,2026-09-16T13:49:36.000Z,,,,
https://www.instagram.com/p/DMCRH6Vzjl1/,,Instagram,m.t.leztarry,"Yg coment pda ngatain, menghujat , berasa jadi manusia paling suci dan berempati..! 😁",2026-09-16T13:49:19.000Z,,,,
https://www.instagram.com/p/DMCRH6Vzjl1/,,Instagram,naufal_rt2,"Hei pendukung produk zionis, pantes nir empati",2026-09-16T13:49:19.000Z,,,,
https://www.instagram.com/p/DMCRH6Vzjl1/,,Instagram,anhrdarma,,2026-09-16T13:48:51.000Z,,,,
https://www.instagram.com/p/DMCRH6Vzjl1/,,Instagram,masdwibeck,DUTA MINDFULNESS,2026-09-16T13:48:35.000Z,,,,
https://www.instagram.com/p/DMCRH6Vzjl1/,,Instagram,mass.zyy_,"Wahh rame banget, numpang nyampah ah",2026-09-16T13:48:25.000Z,,,,
https://www.instagram.com/p/DMCRH6Vzjl1/,,Instagram,its_pn10,Berpendidikan ga menjamin 😭,2026-09-16T13:48:21.000Z,,,,
https://www.instagram.com/p/DMCRH6Vzjl1/,,Instagram,pandamealtime,"Tdinya gw kagum sama lu kak karena udh cerdas, pintar & multi talented tpi skrg saya berani teriak dengan lantang lu itu TOLOL dan Nirempaty gak tau diri pula udh lu kuliah pake uang dari pajak rakyat @maudyayunda",2026-09-16T13:47:58.000Z,,,,
https://www.instagram.com/p/DMCRH6Vzjl1/,,Instagram,shabani_ndaa,,2026-09-16T13:47:53.000Z,,,,
https://www.instagram.com/p/DMCRH6Vzjl1/,,Instagram,bilqiss.azhar,empatinya qq,2026-09-16T13:47:27.000Z,,,,
https://www.instagram.com/p/DMCRH6Vzjl1/,,Instagram,wherewavesmeet.id,"Baru liat aku ternyata org2 mulai Komen 3hari yg lalu. Beritanya baru kubaca kemarin maam, kok sampe skrg dia gak ada minta maaf loh ngilang gitu aja after she set the fire 🔥",2026-09-16T13:47:10.000Z,,,,
https://www.instagram.com/p/DMCRH6Vzjl1/,,Instagram,namashaa,Ihhhh najisnyaaaaa,2026-09-16T13:47:09.000Z,,,,
https://www.instagram.com/p/DMCRH6Vzjl1/,,Instagram,agniasal,Pendidikan nya bagus tapi sayang empati nya gak ada ..,2026-09-16T13:47:05.000Z,,,,
https://www.instagram.com/p/DMCRH6Vzjl1/,,Instagram,kaiiluneaaaa_,lubang idung lo tuh gede sebelahh,2026-09-16T13:46:23.000Z,,,,
https://www.instagram.com/p/DMCRH6Vzjl1/,,Instagram,wawansupriyono9,"ORANG PINTAR AKAN BISA JADI BODOH KALO UDAH JADI PENJILAT PENGUASA, KARENA BERUSAHA MENUTUPI KEBUSUKAN PENGUASA,",2026-09-16T13:46:06.000Z,,,,
https://www.instagram.com/p/DMCRH6Vzjl1/,,Instagram,firmansss13,,2026-09-16T13:45:21.000Z,,,,
https://www.instagram.com/p/DMCRH6Vzjl1/,,Instagram,firmansss13,,2026-09-16T13:44:58.000Z,,,,
https://www.instagram.com/p/DMCRH6Vzjl1/,,Instagram,hernissafitrie,Kalo gak mau berempati minimal diem aja,2026-09-16T13:44:13.000Z,,,,
https://www.instagram.com/p/DMCRH6Vzjl1/,,Instagram,hasansubhii,"Nanti cobain ya kak. Mbg kek gmn dan asap kebakaran gmn, biar gak mikir sok2 mainfullneess2an. Empatimu NOL!",2026-09-16T13:44:06.000Z,,,,
https://www.instagram.com/p/DMCRH6Vzjl1/,,Instagram,firmansss13,,2026-09-16T13:43:52.000Z,,,,
https://www.instagram.com/p/DMCRH6Vzjl1/,,Instagram,yhuniazizah,"Uuy mba maudy ,,Ikam tau kada kami Samarinda skrg darurat kabut asap mbak ,bhkn info mendadak ank ank sekolah daring dirumah 😢sekilas info aja mbak",2026-09-16T13:43:48.000Z,,,,
https://www.instagram.com/p/DMCRH6Vzjl1/,,Instagram,firmansss13,,2026-09-16T13:43:46.000Z,,,,
https://www.instagram.com/p/DMCRH6Vzjl1/,,Instagram,firmansss13,CUIH,2026-09-16T13:43:37.000Z,,,,
https://www.instagram.com/p/DMCRH6Vzjl1/,,Instagram,bang.ecak,"Bagi para kapitalis rakyat biasa adalah aset untuk memperbanyak kekayaan mereka, mereka tidak pernah peduli dengan penderita dan kesusahan rakyat biasa. Mereka hanya peduli pada rakyat biasa karena memberikan keuntungan untuk mereka.",2026-09-16T13:43:37.000Z,,,,
https://www.instagram.com/p/DMCRH6Vzjl1/,,Instagram,firmansss13,CUIH,2026-09-16T13:43:35.000Z,,,,
https://www.instagram.com/p/DMCRH6Vzjl1/,,Instagram,firmansss13,CUIH,2026-09-16T13:43:32.000Z,,,,
https://www.instagram.com/p/DMCRH6Vzjl1/,,Instagram,firmansss13,CUIH,2026-09-16T13:43:30.000Z,,,,
https://www.instagram.com/p/DMCRH6Vzjl1/,,Instagram,firmansss13,CUIH,2026-09-16T13:43:27.000Z,,,,
https://www.instagram.com/p/DMCRH6Vzjl1/,,Instagram,firmansss13,CUIH,2026-09-16T13:43:25.000Z,,,,
https://www.instagram.com/p/DMCRH6Vzjl1/,,Instagram,firmansss13,CUIH,2026-09-16T13:43:23.000Z,,,,
https://www.instagram.com/p/DMCRH6Vzjl1/,,Instagram,zia980_,Komen ku hilang 😭,2026-09-16T13:43:08.000Z,,,,
https://www.instagram.com/p/DMCRH6Vzjl1/,,Instagram,kiiinoooy_,Berpendidikan tapi thollll,2026-09-16T13:42:10.000Z,,,,
https://www.instagram.com/p/DMCRH6Vzjl1/,,Instagram,dwiokt___,Dih,2026-09-16T13:41:31.000Z,,,,
https://www.instagram.com/p/DMCRH6Vzjl1/,,Instagram,wisnusaputra13,Ada ya org cuma mikiran diri sendiri tanpa rasa empati ke org lain,2026-09-16T13:41:16.000Z,,,,
https://www.instagram.com/p/DMCRH6Vzjl1/,,Instagram,kixxendust,hwek,2026-09-16T13:40:52.000Z,,,,
https://www.instagram.com/p/DMCRH6Vzjl1/,,Instagram,afnltf,hm,2026-09-16T13:40:37.000Z,,,,
https://www.instagram.com/p/DMCRH6Vzjl1/,,Instagram,radenmasdiningrattt,Bujeg... login dlu dah,2026-09-16T13:40:16.000Z,,,,
https://www.instagram.com/p/DMCRH6Vzjl1/,,Instagram,lord_grimm7,Jadi manusia gak ada adab banget bangsat,2026-09-16T13:39:54.000Z,,,,
https://www.instagram.com/p/DMCRH6Vzjl1/,,Instagram,haveaniceluv,"Makanya boss jgn gunain medsos, suami lu kan orang korea, nah chaebol korea tuh gak flexing harta, boss . Apalagi knetz sono serem2, lu beruntung tinggal di indo gak korea, klo di korea lu udh bundir kali",2026-09-16T13:39:44.000Z,,,,
https://www.instagram.com/p/DMCRH6Vzjl1/,,Instagram,lord_grimm7,"Lu kek kontol, kami yang di Sumatra Selatan sama yang di Kalimantan tau gak lu kalau setiap hari sesak nafas njink",2026-09-16T13:39:44.000Z,,,,
https://www.instagram.com/p/DMCRH6Vzjl1/,,Instagram,a1hnif,,2026-09-16T13:39:33.000Z,,,,
https://www.instagram.com/p/DMCRH6Vzjl1/,,Instagram,galihhrm,"pintar akademis bukan berarti cerdas secara emosional, nirempati",2026-09-16T13:39:29.000Z,,,,
https://www.instagram.com/p/DMCRH6Vzjl1/,,Instagram,lord_grimm7,"Kalau jadi manusia itu jangan tolol amat, biar apa buat kek gitu. Percuma lu cantik kalau empati terkait musibah aja gak ada. Dasar sampah",2026-09-16T13:39:10.000Z,,,,
https://www.instagram.com/p/DMCRH6Vzjl1/,,Instagram,friska_dlaras,"Kamu gak pernah susah, mangkanya gak akan pernah kesulitan masyarakat saat ini relate dengan kehidupanmu.",2026-09-16T13:39:05.000Z,,,,
https://www.instagram.com/p/DMCRH6Vzjl1/,,Instagram,rckyjnwn,Nub,2026-09-16T13:38:32.000Z,,,,
https://www.instagram.com/p/DMCRH6Vzjl1/,,Instagram,___1997yv,Muncul napa mody heh,2026-09-16T13:38:15.000Z,,,,
https://www.instagram.com/p/DMCRH6Vzjl1/,,Instagram,haveaniceluv,P,2026-09-16T13:37:48.000Z,,,,
https://www.instagram.com/p/DMCRH6Vzjl1/,,Instagram,thvniaa_,"jujur nyesel banget dulu pernah jadiin kamu patokan kepinteran buat aku kak, rupanya serendah ini empati kamu 🙏🏻",2026-09-16T13:36:22.000Z,,,,
https://www.instagram.com/p/DMCRH6Vzjl1/,,Instagram,vampir.semakinsendiri,"Kak,suaminya gak dukung FC Seoul kan? Kalah tadi di ACL 2 🙏",2026-09-16T13:35:09.000Z,,,,
https://www.instagram.com/p/DMCRH6Vzjl1/,,Instagram,ciii_ndy58,Biasa orang kaya mah gtu.. kek duit bpknya halal aja,2026-09-16T13:33:36.000Z,,,,
https://www.instagram.com/p/DMCRH6Vzjl1/,,Instagram,abcdhims__,nitip pentol,2026-09-16T13:33:27.000Z,,,,
https://www.instagram.com/p/DMCRH6Vzjl1/,,Instagram,beny.arum,MINDFULLNESS? DIHH,2026-09-16T13:32:42.000Z,,,,
https://www.instagram.com/p/DMCRH6Vzjl1/,,Instagram,viista96_,"Bad news sebenarnya ya cangkeman mu itu mbiak ,bikin muyek malahan bikin emosi satu negara ,",2026-09-16T13:32:41.000Z,,,,
https://www.instagram.com/p/DMCRH6Vzjl1/,,Instagram,a.madtho,Sekolah doang tinggi. Empati NOL,2026-09-16T13:31:58.000Z,,,,
https://www.instagram.com/p/DMCRH6Vzjl1/,,Instagram,lislindaa,"Coba sini tinggal di kalimantan terserah mau kalimantan mana! Coba rasakan sendiri tinggal di kalimantan disaat kabut asap begini!! Itu baru kabut asap belum matlis, krisis air bersih disaat air di sungai mahakam surut",2026-09-16T13:31:49.000Z,,,,
https://www.instagram.com/p/DMCRH6Vzjl1/,,Instagram,tehaaa3497,"Jujur dulu tuh ngefans bgt sama maudy, tapi setelah liat video dia sangat disayangkan, kecewa😔",2026-09-16T13:31:05.000Z,,,,
https://www.instagram.com/p/DMCRH6Vzjl1/,,Instagram,spanji_,,2026-09-16T13:30:43.000Z,,,,
https://www.instagram.com/p/DMCRH6Vzjl1/,,Instagram,ikhsat.ir,,2026-09-16T13:30:23.000Z,,,,
https://www.instagram.com/p/DMCRH6Vzjl1/,,Instagram,jonathantedy_,Sok cantik,2026-09-16T13:29:56.000Z,,,,
https://www.instagram.com/p/DMCRH6Vzjl1/,,Instagram,akbarkerek,MAKE NI ORANG.,2026-09-16T13:29:40.000Z,,,,
https://www.instagram.com/p/DMCRH6Vzjl1/,,Instagram,rshameliaa,Make jangan nak terlalu pintar,2026-09-16T13:29:10.000Z,,,,
https://www.instagram.com/p/DMCRH6Vzjl1/,,Instagram,wherewavesmeet.id,"Saya lihat di fb ada beberapa journalist bule2 yg di Jakarta krn mereka mau up berita krakatau dan komen2 dari org2 dia mendoakan kita, lah ini kamu kita yg tinggal di indo masa gitu aneh bangat kamu",2026-09-16T13:29:08.000Z,,,,
https://www.instagram.com/p/DMCRH6Vzjl1/,,Instagram,shalfariana,Shame on you. Disgusting.,2026-09-16T13:28:51.000Z,,,,
https://www.instagram.com/p/DMCRH6Vzjl1/,,Instagram,fd.agustina,Maluuu ih,2026-09-16T13:28:26.000Z,,,,
https://www.instagram.com/p/DMCRH6Vzjl1/,,Instagram,sucktee420,Ngomong so english tapi bloon,2026-09-16T13:28:01.000Z,,,,
https://www.instagram.com/p/DMCRH6Vzjl1/,,Instagram,saefullbstrd__,"Yang sabar ya maudy, kamu sendirian, aku tinggal tidur dulu ya.",2026-09-16T13:27:51.000Z,,,,
https://www.instagram.com/p/DMCRH6Vzjl1/,,Instagram,ardtya.__,bad news bad news kontol lu noh bad news,2026-09-16T13:27:47.000Z,,,,
https://www.instagram.com/p/DMCRH6Vzjl1/,,Instagram,kelana.samudera,"Kalo lulusan S3 Oxford cuma bikin skincare dan kelas inspirasi, lulusan S1 lokal juga udah banyak yang begini.",2026-09-16T13:26:04.000Z,,,,
https://www.instagram.com/p/DMCRH6Vzjl1/,,Instagram,kuntul_anying99,"Si paling bad news, dongooooooo",2026-09-16T13:25:29.000Z,,,,
https://www.instagram.com/p/DMCRH6Vzjl1/,,Instagram,chichie_7792,"Tenang maudy, gue di barisan loe😂, jgn ke ganggu sama netizen yg ga tau diri, mereka ajah masih padel, masih nongki2 di kafe hits, masih belanja2 online , masihunboxing barang2 lucu, mereka juga nirempati kok😂",2026-09-16T13:25:12.000Z,,,,
https://www.instagram.com/p/DMCRH6Vzjl1/,,Instagram,akbardefiant,,2026-09-16T13:25:07.000Z,,,,
https://www.instagram.com/p/DMCRH6Vzjl1/,,Instagram,akbardefiant,,2026-09-16T13:24:48.000Z,,,,
https://www.instagram.com/p/DMCRH6Vzjl1/,,Instagram,adillaksanaa,minim empati sungguh miris,2026-09-16T13:24:34.000Z,,,,
https://www.instagram.com/p/DMCRH6Vzjl1/,,Instagram,akbardefiant,,2026-09-16T13:24:32.000Z,,,,
https://www.instagram.com/p/DMCRH6Vzjl1/,,Instagram,dawgstuff,MC syndrom?,2026-09-16T13:24:22.000Z,,,,
https://www.instagram.com/p/DMCRH6Vzjl1/,,Instagram,akbardefiant,,2026-09-16T13:24:05.000Z,,,,
https://www.instagram.com/p/DMCRH6Vzjl1/,,Instagram,faam.mad27,Btw LPDP itukan dari pajak rakyat mbak 😹😹,2026-09-16T13:23:29.000Z,,,,
https://www.instagram.com/p/DMCRH6Vzjl1/,,Instagram,ilhamnawasenajaya25,Batu paham kan batu ?,2026-09-16T13:22:38.000Z,,,,
https://www.instagram.com/p/DMCRH6Vzjl1/,,Instagram,tiazstheeyazter,Ga punya hati,2026-09-16T13:21:25.000Z,,,,
https://www.instagram.com/p/DMCRH6Vzjl1/,,Instagram,wsnsgn_,-empati,2026-09-16T13:21:05.000Z,,,,
https://www.instagram.com/p/DMCRH6Vzjl1/,,Instagram,ananabae1,Hahaha blunder🤣,2026-09-16T13:20:58.000Z,,,,
https://www.instagram.com/p/DMCRH6Vzjl1/,,Instagram,justkrisx,Pret lah,2026-09-16T13:19:52.000Z,,,,
https://www.instagram.com/p/DMCRH6Vzjl1/,,Instagram,ibnnn.a,,2026-09-16T13:19:50.000Z,,,,
https://www.instagram.com/p/DMCRH6Vzjl1/,,Instagram,dian.cahyani.9440,Padahal mukanya kaya orang bener,2026-09-16T13:19:00.000Z,,,,
https://www.instagram.com/p/DMCRH6Vzjl1/,,Instagram,wisnumbrck_,,2026-09-16T13:18:50.000Z,,,,
https://www.instagram.com/p/DMCRH6Vzjl1/,,Instagram,yuliadwirachmawati,Si paling keju cottage,2026-09-16T13:18:50.000Z,,,,
https://www.instagram.com/p/DMCRH6Vzjl1/,,Instagram,sarnita_srg_21,"manusia klo sering di puji akan gila pujian, semakin dipuji semakin merasa setiap kata2 kluar dari mulutnya itu benar",2026-09-16T13:17:59.000Z,,,,
https://www.instagram.com/p/DMCRH6Vzjl1/,,Instagram,clouudnightttt_,berpendidikan tinggi belum tentu punya empati,2026-09-16T13:17:24.000Z,,,,
https://www.instagram.com/p/DMCRH6Vzjl1/,,Instagram,yonhbokkii,memang benar kutipan “adab diatas ilmu”,2026-09-16T13:17:22.000Z,,,,
https://www.instagram.com/p/DMCRH6Vzjl1/,,Instagram,viv_vhian,Pernah makan beras Bulog mbuuaakkk 🤣🤣🤣🤣???????,2026-09-16T13:17:21.000Z,,,,
https://www.instagram.com/p/DMCRH6Vzjl1/,,Instagram,nafhzmi_,,2026-09-16T13:17:13.000Z,,,,
https://www.instagram.com/p/DMCRH6Vzjl1/,,Instagram,gelapterang.ind,Klo ngmg gausa di inggris2kan isinya taik,2026-09-16T13:17:03.000Z,,,,
https://www.instagram.com/p/DMCRH6Vzjl1/,,Instagram,firmanguitar_,"Kebanyakan nyocot si, kena hujat kan lu",2026-09-16T13:17:01.000Z,,,,
https://www.instagram.com/p/DMCRH6Vzjl1/,,Instagram,miss.rain08,CIEEEEE SI PRINCESS SI PALING MINDFULL YG DIBIAYAI PAJAK RAKYAT TAPI GAK PUNYA EMPATI SAMA RAKYAT 🤣🤣🤣 TURUN BENTAR KE KALIMANTAN DONKK....SEMINGGU AJA DEEHH 🤣🤣🤣🤣🤣,2026-09-16T13:16:44.000Z,,,,
https://www.instagram.com/p/DMCRH6Vzjl1/,,Instagram,freaking_dad,,2026-09-16T13:15:40.000Z,,,,
https://www.instagram.com/p/DMCRH6Vzjl1/,,Instagram,triaaana_04,,2026-09-16T13:15:10.000Z,,,,
https://www.instagram.com/p/DMCRH6Vzjl1/,,Instagram,azarwhy,Cebokin terus,2026-09-16T13:15:06.000Z,,,,
https://www.instagram.com/p/DMCRH6Vzjl1/,,Instagram,triaaana_04,Nahhh atasi lh Bad news mu sendiri MAMPUSSSSS,2026-09-16T13:14:26.000Z,,,,
https://www.instagram.com/p/DMCRH6Vzjl1/,,Instagram,ahmadadin.n_,"Kalo gua kuliah dbayarin rakyat indonesia, gua akan peduli dengan keadaan rakyat indonesia.",2026-09-16T13:14:22.000Z,,,,
https://www.instagram.com/p/DMCRH6Vzjl1/,,Instagram,dhynm91,"Jurusannya POLITIK FILOSOFI EKONOMI,knp larinya ke skincare😂,knp gk buka sekolah yg jelas2 d butuhin bgt... iya gk mba MINDFUL??",2026-09-16T13:14:19.000Z,,,,
https://www.instagram.com/p/DMCRH6Vzjl1/,,Instagram,riyanditirans,GUOBLOK,2026-09-16T13:14:06.000Z,,,,
https://www.instagram.com/p/DMCRH6Vzjl1/,,Instagram,aanangelws,Pendidikan emang sangat penting.. tp rasa empati jauh lebih penting 🤮🤮,2026-09-16T13:14:05.000Z,,,,
https://www.instagram.com/p/DMCRH6Vzjl1/,,Instagram,wherewavesmeet.id,"Hati-hati kalau ngomong, bukan cuma lu yg sekolah dan punya uang..di Indonesia tiap hari ada org kaya baru dan ada org pintar! Org pintar ada di seluruh penjuru dunia bukan cuma yg ke oxford sama Standford!",2026-09-16T13:13:44.000Z,,,,
https://www.instagram.com/p/DMCRH6Vzjl1/,,Instagram,_sapho_cordova,Masa harus pura2 buta liat negara yang bayarin kita kuliah begini🙈 liat deh Sherina..🔥dan coba buka postingan prili deh.. #justbeinghuman,2026-09-16T13:13:03.000Z,,,,
https://www.instagram.com/p/DMCRH6Vzjl1/,,Instagram,desywidyasari,Nah kan malah jadi BAD NEWS sendiri,2026-09-16T13:12:55.000Z,,,,
https://www.instagram.com/p/DMCRH6Vzjl1/,,Instagram,davysetyawanhariano,,2026-09-16T13:12:23.000Z,,,,
https://www.instagram.com/p/DMCRH6Vzjl1/,,Instagram,gunawn_sf,jemboty,2026-09-16T13:11:42.000Z,,,,
https://www.instagram.com/p/DMCRH6Vzjl1/,,Instagram,saefullbstrd__,Yah kena hujat deh,2026-09-16T13:11:09.000Z,,,,
https://www.instagram.com/p/DMCRH6Vzjl1/,,Instagram,gelapterang.ind,Lagu lu ga ada yg enak di denger minimal attitude lu kudu enak di pandang 😒,2026-09-16T13:10:27.000Z,,,,
https://www.instagram.com/p/DMCRH6Vzjl1/,,Instagram,angelygraciaa,"Sumpah gue sakit hati banget sama video vlog mindfulness loe itu, just shut it your mouth bro, u don't even survive di Indonesia. Just go to PP Mall and beli tas bag designer loe itu dengan tenang LOL",2026-09-16T13:09:51.000Z,,,,
https://www.instagram.com/p/DMCRH6Vzjl1/,,Instagram,iqbalnurahmad,tong kosong nyaring bunyianya 😂,2026-09-16T13:09:39.000Z,,,,
https://www.instagram.com/p/DMCRH6Vzjl1/,,Instagram,devipujiii,Coba nafas ke Kalimantan donk.,2026-09-16T13:09:24.000Z,,,,
https://www.instagram.com/p/DMCRH6Vzjl1/,,Instagram,zyroters,,2026-09-16T13:09:17.000Z,,,,
https://www.instagram.com/p/DMCRH6Vzjl1/,,Instagram,it_isnura,Aku kira kamu beda ternyata sama 😭,2026-09-16T13:09:13.000Z,,,,
https://www.instagram.com/p/DMCRH6Vzjl1/,,Instagram,si_regaaaards,"Perlu kamu tau maudy, berita yang kamu bilang buruk dan sangat menganggu saat ini adalah kebanyakan bencana alam dan kamu tau dampak dari itu semua apa? Yang Jelas sangat tidak akan berdampak ke kamu",2026-09-16T13:09:12.000Z,,,,
https://www.instagram.com/p/DMCRH6Vzjl1/,,Instagram,vivi.new.wdm,sini neng main ke kalimantan barat… biar bareng2 kita hirup asap…test 3 hari aja aman nda tuh paru2…belajar lg empati sm sherina munaf gih sana,2026-09-16T13:08:24.000Z,,,,
https://www.instagram.com/p/DMCRH6Vzjl1/,,Instagram,wherewavesmeet.id,Jangan coba-coba lu adu mulut sama warga indonesia.lu pikir Kita bodoh? tidak roma 🤣,2026-09-16T13:07:53.000Z,,,,
https://www.instagram.com/p/DMCRH6Vzjl1/,,Instagram,morta_vena,"Lu bisa ngomong gitu kalau lu pindah aja ke negara suami lu sono. Baru bikin statement gitu wajar. Ini udah kuliag gratisan anggaran APBN, buat skincare dari alam kalimantan. Malah nir empati. A**",2026-09-16T13:07:22.000Z,,,,
https://www.instagram.com/p/DMCRH6Vzjl1/,,Instagram,simran.dhami3,Komentar kalian semua mewakili ku banget.. sehat2 utk kalian semuaaaaa,2026-09-16T13:06:59.000Z,,,,
https://www.instagram.com/p/DMCRH6Vzjl1/,,Instagram,aeuugh_,,2026-09-16T13:06:43.000Z,,,,
https://www.instagram.com/p/DMCRH6Vzjl1/,,Instagram,4r15826,Maudy ayunda cantik pintar tapi tidak punya empati sama Kalimantan miris aq lihat mbaknya,2026-09-16T13:06:17.000Z,,,,
https://www.instagram.com/p/DMCRH6Vzjl1/,,Instagram,si_regaaaards,Kok bisa sih jomplang banget latar pendidikannya sama pemikirannya,2026-09-16T13:05:28.000Z,,,,
https://www.instagram.com/p/DMCRH6Vzjl1/,,Instagram,morta_vena,"Modal  omdo w juga bisa, 😂😂😂 cause it's all bad news.",2026-09-16T13:05:22.000Z,,,,
https://www.instagram.com/p/DMCRH6Vzjl1/,,Instagram,devypuspitasari___,Iyuhhhh,2026-09-16T13:05:16.000Z,,,,
https://www.instagram.com/p/DMCRH6Vzjl1/,,Instagram,alfiraasptrn_,blunder,2026-09-16T13:05:04.000Z,,,,
https://www.instagram.com/p/DMCRH6Vzjl1/,,Instagram,rakaradityya,,2026-09-16T13:04:15.000Z,,,,
https://www.instagram.com/p/DMCRH6Vzjl1/,,Instagram,ekkydiandro,Blunder juga doi,2026-09-16T13:03:56.000Z,,,,
https://www.instagram.com/p/DMCRH6Vzjl1/,,Instagram,_intan.p.s_,Setelah seumur hidup tidak pernah merasakan susah ternyata Cobaan hidupnya kena sanksi sosial,2026-09-16T13:03:17.000Z,,,,
https://www.instagram.com/p/DMCRH6Vzjl1/,,Instagram,msfirmann,Males,2026-09-16T13:03:05.000Z,,,,
https://www.instagram.com/p/DMCRH6Vzjl1/,,Instagram,wherewavesmeet.id,"Goreng aja tuh gelar dan fancy lifestyle mu, jadi gorengan atau rebus-rebusan jadikan sarapan sambil ngomongin penderitaan orang mungkin enak kali yah Hahaha 🤣",2026-09-16T13:01:45.000Z,,,,
https://www.instagram.com/p/DMCRH6Vzjl1/,,Instagram,syyln__,mkasi netijen udh mewakili,2026-09-16T13:01:08.000Z,,,,
https://www.instagram.com/p/DMCRH6Vzjl1/,,Instagram,real_indo__official,Tombol ngeludahinya mana,2026-09-16T13:00:46.000Z,,,,
https://www.instagram.com/p/DMCRH6Vzjl1/,,Instagram,aporia.exee,Report aja akunnya Ampe angus,2026-09-16T12:59:57.000Z,,,,
https://www.instagram.com/p/DMCRH6Vzjl1/,,Instagram,deathtrcpe,look at our feminist dawgggggg it’s over,2026-09-16T12:59:40.000Z,,,,
https://www.instagram.com/p/DMCRH6Vzjl1/,,Instagram,deschiaci,"Mbak d Oxford ndk diajarin ber empati apa ya?  Sekali2 terjun langsung gitu lho mbak, ke Kalimantan langsung biar ngerasain sehari jadi warga Kalimantan,",2026-09-16T12:59:29.000Z,,,,
https://www.instagram.com/p/DMCRH6Vzjl1/,,Instagram,khairuhidayat,,2026-09-16T12:58:51.000Z,,,,
https://www.instagram.com/p/DMCRH6Vzjl1/,,Instagram,justmetzz_,mindfullnesss 😹,2026-09-16T12:58:37.000Z,,,,
https://www.instagram.com/p/DMCRH6Vzjl1/,,Instagram,iammelinghou,woy maudy bujanginam. kau sebelum bikin pendapat minimal kau riset dulu lapet se warning apa udah realita  yg di hadapi. kalo gabisa bicara hal baik mending congor kau itu kau tutup. BLUNDER SEMUA ISINYA BJIRR😭,2026-09-16T12:57:48.000Z,,,,
https://www.instagram.com/p/DMCRH6Vzjl1/,,Instagram,acik_ar,"Kalau rejeki nya lebih, tolong jangan lupa beli EMPATI nya",2026-09-16T12:57:29.000Z,,,,
https://www.instagram.com/p/DMCRH6Vzjl1/,,Instagram,wherewavesmeet.id,Empathy mu Empty Kosong,2026-09-16T12:57:18.000Z,,,,
https://www.instagram.com/p/DMCRH6Vzjl1/,,Instagram,idris_hasibuan26,Bacotttttt,2026-09-16T12:56:44.000Z,,,,
https://www.instagram.com/p/DMCRH6Vzjl1/,,Instagram,wherewavesmeet.id,Orang model gini jangan sampe di kasih jabatan apapun di Pemerintahan ngeri mak gak guna yg ada rakyat kecil di campakan 😂,2026-09-16T12:55:57.000Z,,,,
https://www.instagram.com/p/DMCRH6Vzjl1/,,Instagram,inezputriws,Sabar ya mod,2026-09-16T12:55:53.000Z,,,,
https://www.instagram.com/p/DMCRH6Vzjl1/,,Instagram,riyadiarham,"Gak pernah speak up, sekalinya speak up blunder 🤣",2026-09-16T12:54:48.000Z,,,,
https://www.instagram.com/p/DMCRH6Vzjl1/,,Instagram,studio.jins,huek juh,2026-09-16T12:54:34.000Z,,,,
https://www.instagram.com/p/DMCRH6Vzjl1/,,Instagram,rkymln__,iyuh,2026-09-16T12:54:10.000Z,,,,
https://www.instagram.com/p/DMCRH6Vzjl1/,,Instagram,vlad.islavack,"Alamaaak, anak orang kaya tapi dapat beasiswa lho ya",2026-09-16T12:53:58.000Z,,,,
https://www.instagram.com/p/DMCRH6Vzjl1/,,Instagram,namirasse,Tone deaf final bosss,2026-09-16T12:53:49.000Z,,,,
https://www.instagram.com/p/DMCRH6Vzjl1/,,Instagram,fthlh.sadewa_,😂,2026-09-16T12:53:17.000Z,,,,
https://www.instagram.com/p/DMCRH6Vzjl1/,,Instagram,dekorasimurahpku,Kasian banget kamu mb.. Empatimu itu looo,2026-09-16T12:52:43.000Z,,,,
https://www.instagram.com/p/DMCRH6Vzjl1/,,Instagram,khairuhidayat,"Lu kalo ngomong, jangan dicampur Indonesia sama inggris bangsattt, ngerusak bahasa Indonesia aja",2026-09-16T12:52:39.000Z,,,,
https://www.instagram.com/p/DMCRH6Vzjl1/,,Instagram,kurayono,Awowkwk,2026-09-16T12:52:33.000Z,,,,
https://www.instagram.com/p/DMCRH6Vzjl1/,,Instagram,m.alfan.aziz,Si paling mindfullnesss,2026-09-16T12:52:12.000Z,,,,
https://www.instagram.com/p/DMCRH6Vzjl1/,,Instagram,ciochikkaa,Maudy udah ke psikolog atau psikeater?,2026-09-16T12:51:17.000Z,,,,
https://www.instagram.com/p/DMCRH6Vzjl1/,,Instagram,rinee2676,Oh jadi ini yang lulusan Oxford gratisan,2026-09-16T12:51:09.000Z,,,,
https://www.instagram.com/p/DMCRH6Vzjl1/,,Instagram,daphnnee28,Kalian inget lah dia itu bahkan gak pernah speak up about Palestine ..😂😂😂😂 apa yg mau diharapkan dari dia,2026-09-16T12:50:53.000Z,,,,
https://www.instagram.com/p/DMCRH6Vzjl1/,,Instagram,andr.e90es,Main mainlah kesini biar empati Lo muncul,2026-09-16T12:50:42.000Z,,,,
https://www.instagram.com/p/DMCRH6Vzjl1/,,Instagram,divinerappier_,woi goblok kok diem aja kena mental kah mati aja lu sana,2026-09-16T12:50:38.000Z,,,,
https://www.instagram.com/p/DMCRH6Vzjl1/,,Instagram,linelins20,Bentar lgi komen nya di tutup semua yakin dah 🤣,2026-09-16T12:50:01.000Z,,,,
https://www.instagram.com/p/DMCRH6Vzjl1/,,Instagram,everything.is.just4fun,"“setiap org hebat dan besar pasti ada sisi gelapnya, seiring waktu akan terkuak” ~JQ.  tuh kannnnn🙏🏻",2026-09-16T12:50:00.000Z,,,,
https://www.instagram.com/p/DMCRH6Vzjl1/,,Instagram,puccakuma,Wkwkwk orang NPD bingung mau show off gimana lg karna imejnya bener2 hancur 🤣,2026-09-16T12:49:35.000Z,,,,
https://www.instagram.com/p/DMCRH6Vzjl1/,,Instagram,kibou______,Wkwkwkw pola pikir lu benerin😂😂,2026-09-16T12:49:29.000Z,,,,
https://www.instagram.com/p/DMCRH6Vzjl1/,,Instagram,reixd_,@bahlillahadalia,2026-09-16T12:48:58.000Z,,,,
https://www.instagram.com/p/DMCRH6Vzjl1/,,Instagram,_zulzeinzidan,benar kta nagato😢,2026-09-16T12:48:47.000Z,,,,
https://www.instagram.com/p/DMCRH6Vzjl1/,,Instagram,setyoko99,,2026-09-16T12:48:08.000Z,,,,
https://www.instagram.com/p/DMCRH6Vzjl1/,,Instagram,userwkwmwk1027,mindfulness pala lu,2026-09-16T12:47:27.000Z,,,,
https://www.instagram.com/p/DMCRH6Vzjl1/,,Instagram,fierzhaap,ASUUUUUUUUUDAHLAH,2026-09-16T12:47:04.000Z,,,,
https://www.instagram.com/p/DMCRH6Vzjl1/,,Instagram,abihalimm,Mindfullness my ass,2026-09-16T12:47:01.000Z,,,,
https://www.instagram.com/p/DMCRH6Vzjl1/,,Instagram,flor_eve7,Mindfullness,2026-09-16T12:46:39.000Z,,,,
https://www.instagram.com/p/DMCRH6Vzjl1/,,Instagram,muhamad_syukron_ali,Mindfulnes ndasmu,2026-09-16T12:46:27.000Z,,,,
https://www.instagram.com/p/DMCRH6Vzjl1/,,Instagram,anggadwisptn,Sekolah tinggi tinggi tapi empati ga ada,2026-09-16T12:46:21.000Z,,,,
https://www.instagram.com/p/DMCRH6Vzjl1/,,Instagram,nanda_nst12,,2026-09-16T12:46:18.000Z,,,,
https://www.instagram.com/p/DMCRH6Vzjl1/,,Instagram,adelasafitri___,NIREMPATI,2026-09-16T12:43:57.000Z,,,,
https://www.instagram.com/p/DMCRH6Vzjl1/,,Instagram,ristirifalya,Semua isinya hujatan...aku ketinggalan berita. Mmg apa ya yg jd keributan😢🙏,2026-09-16T12:43:51.000Z,,,,
https://www.instagram.com/p/DMCRH6Vzjl1/,,Instagram,ana_minona,Duta mindfullness 👸,2026-09-16T12:43:45.000Z,,,,
https://www.instagram.com/p/DMCRH6Vzjl1/,,Instagram,leviancl_,"Gimana Mau, udh puas kena hujatannya? Gue saranin cabut aja sih title lo yg tinggi itu, kga guna anjimm, this fucking Mau Mau guys yaa",2026-09-16T12:43:40.000Z,,,,
https://www.instagram.com/p/DMCRH6Vzjl1/,,Instagram,syaifullahahmdd,"Gua kata mah,sekolah tinggi tinggi ga jamin otak lo cerdas nih contoh nya",2026-09-16T12:43:38.000Z,,,,
https://www.instagram.com/p/DMCRH6Vzjl1/,,Instagram,astrid_hardianti,🤣🤣🤣🤣,2026-09-16T12:43:34.000Z,,,,
https://www.instagram.com/p/DMCRH6Vzjl1/,,Instagram,arinilzidane,Enak kn d hujat..mk ny jg omongan.,2026-09-16T12:42:30.000Z,,,,
https://www.instagram.com/p/DMCRH6Vzjl1/,,Instagram,mardongancity,"Ah Masih banyak followernya, ga seru",2026-09-16T12:41:50.000Z,,,,
https://www.instagram.com/p/DMCRH6Vzjl1/,,Instagram,dianra.asr,Klo kata bg WINDAH....PINTER MINIMAL PUNYA EMPATI.... E M P A T I !!!,2026-09-16T12:41:29.000Z,,,,
https://www.instagram.com/p/DMCRH6Vzjl1/,,Instagram,naraadina_,Padahal km bisa healing bahkan hilang dari negara ini bisa kapan aja si paling mindfullness!!!!!!,2026-09-16T12:40:19.000Z,,,,
https://www.instagram.com/p/DMCRH6Vzjl1/,,Instagram,hyti110978,"Jujur gw sedari dulu ga pernah suka sama lu @maudyanyuda,, tapi gw ga pernah ngusik,, tapi setelah liat ucapan lu, jujur geram banget  geram pingin gampar congor lu",2026-09-16T12:38:55.000Z,,,,
https://www.instagram.com/p/DMCRH6Vzjl1/,,Instagram,r4nto_510,Mindfullness,2026-09-16T12:36:55.000Z,,,,
https://www.instagram.com/p/DMCRH6Vzjl1/,,Instagram,ferdiwahyudi_21,Binatang berwujud manusia setan pun sungkem SMA kamu km,2026-09-16T12:35:36.000Z,,,,
https://www.instagram.com/p/DMCRH6Vzjl1/,,Instagram,iqbal.mstynsh,bad news banget nih 🔥🔥🔥,2026-09-16T12:34:04.000Z,,,,
https://www.instagram.com/p/DMCRH6Vzjl1/,,Instagram,reefkaye,Percuma pinter tpi CACAT empati.,2026-09-16T12:32:46.000Z,,,,
https://www.instagram.com/p/DMCRH6Vzjl1/,,Instagram,widiieka_,Ini ya manusia yg ga punya hati nurani..kasihan ya ba. Kamu  bukan real human,2026-09-16T12:31:48.000Z,,,,
https://www.instagram.com/p/DMCRH6Vzjl1/,,Instagram,_liza259,Berilmu tapi Minim empati,2026-09-16T12:30:41.000Z,,,,
https://www.instagram.com/p/DMCRH6Vzjl1/,,Instagram,_thereal.spiderman,Longor longor kau yaa,2026-09-16T12:29:41.000Z,,,,
https://www.instagram.com/p/DMCRH6Vzjl1/,,Instagram,wendyikr,Ninggalin 👣,2026-09-16T12:29:38.000Z,,,,
https://www.instagram.com/p/DMCRH6Vzjl1/,,Instagram,gelapterang.ind,Siapa ni org ga tau sya,2026-09-16T12:28:20.000Z,,,,
https://www.instagram.com/p/DMCRH6Vzjl1/,,Instagram,dprima19,Gw cuma fomo...,2026-09-16T12:28:19.000Z,,,,
https://www.instagram.com/p/DMCRH6Vzjl1/,,Instagram,mega_ssanti96,Iyelah tu,2026-09-16T12:27:34.000Z,,,,
https://www.instagram.com/p/DMCRH6Vzjl1/,,Instagram,dmarishas,Sepandai pandai tupai melompat akhirnya jatuh juga,2026-09-16T12:27:33.000Z,,,,
https://www.instagram.com/p/DMCRH6Vzjl1/,,Instagram,andriaditya09,Sipaling poko na mah,2026-09-16T12:26:40.000Z,,,,
https://www.instagram.com/p/DMCRH6Vzjl1/,,Instagram,afif95.m,PUKIMAK KELENTIT BAU ANJING,2026-09-16T12:25:46.000Z,,,,
https://www.instagram.com/p/DMCRH6Vzjl1/,,Instagram,saputrasep_99,Berita ttg anda adalah kabar terburuk hari ini,2026-09-16T12:25:43.000Z,,,,
https://www.instagram.com/p/DMCRH6Vzjl1/,,Instagram,ouwajik,gelayyyy,2026-09-16T12:25:36.000Z,,,,
https://www.instagram.com/p/DMCRH6Vzjl1/,,Instagram,w.efriyani05,Kesini karna rame,2026-09-16T12:25:29.000Z,,,,
https://www.instagram.com/p/DMCRH6Vzjl1/,,Instagram,supergabi96,Heiii pikkkmeee,2026-09-16T12:25:23.000Z,,,,
https://www.instagram.com/p/DMCRH6Vzjl1/,,Instagram,mhdalfrs_,mainfulnes bgt loh ya😹😹😹,2026-09-16T12:25:09.000Z,,,,
https://www.instagram.com/p/DMCRH6Vzjl1/,,Instagram,cee_vanes,"Minta maaf gk loooo, minimal ada simPATI nya dikit lah, publik figur kok begini",2026-09-16T12:24:49.000Z,,,,
https://www.instagram.com/p/DMCRH6Vzjl1/,,Instagram,hari.yanta.737,Sok iye,2026-09-16T12:24:14.000Z,,,,
https://www.instagram.com/p/DMCRH6Vzjl1/,,Instagram,m.fauzimuslim23,🤣🤣,2026-09-16T12:24:02.000Z,,,,
https://www.instagram.com/p/DMCRH6Vzjl1/,,Instagram,rikha1981,Dia ngomong apa sih aku ketinggalan info😂😂barusan liat pikiran rakyat nge tag maudy,2026-09-16T12:23:08.000Z,,,,
https://www.instagram.com/p/DMCRH6Vzjl1/,,Instagram,litaria_limbong,Berak kau sana !!!! Baru makan lagi kau biar ada taik mu,2026-09-16T12:22:47.000Z,,,,
https://www.instagram.com/p/DMCRH6Vzjl1/,,Instagram,hazeraa_,Sorry siapa juga yang mau jadi pemeran dalam bad newsnya 😞emang tone deaf banget lu yaa👏,2026-09-16T12:22:36.000Z,,,,
https://www.instagram.com/p/DMCRH6Vzjl1/,,Instagram,utamiputry20,Plenger,2026-09-16T12:22:19.000Z,,,,
https://www.instagram.com/p/DMCRH6Vzjl1/,,Instagram,leviancl_,This is fucking Maud Maud,2026-09-16T12:21:48.000Z,,,,
https://www.instagram.com/p/DMCRH6Vzjl1/,,Instagram,halidafitriana_,Pinter keblenger,2026-09-16T12:20:59.000Z,,,,
https://www.instagram.com/p/DMCRH6Vzjl1/,,Instagram,aleanditap,Iye dah iyeee,2026-09-16T12:20:49.000Z,,,,
https://www.instagram.com/p/DMCRH6Vzjl1/,,Instagram,harygbrn_,Mbak kata temenku percuma sekolah sampe Inggris sana klo ga punya respect. Punten,2026-09-16T12:20:36.000Z,,,,
https://www.instagram.com/p/DMCRH6Vzjl1/,,Instagram,tanwyyie,keep being mindfulness 😇,2026-09-16T12:19:33.000Z,,,,
https://www.instagram.com/p/DMCRH6Vzjl1/,,Instagram,delfis_creat,Otaak sengklek,2026-09-16T12:17:54.000Z,,,,
https://www.instagram.com/p/DMCRH6Vzjl1/,,Instagram,rahmanyadi_,parah kali ah,2026-09-16T12:17:31.000Z,,,,
https://www.instagram.com/p/DMCRH6Vzjl1/,,Instagram,scotxarson,Dia agama apa,2026-09-16T12:16:53.000Z,,,,
https://www.instagram.com/p/DMCRH6Vzjl1/,,Instagram,lov.wulandari,Boykot “from this Island” bikin kaya dia doang .,2026-09-16T12:15:38.000Z,,,,
https://www.instagram.com/p/DMCRH6Vzjl1/,,Instagram,adhel.sylviana,Ke kaltim sini mbak😭,2026-09-16T12:14:34.000Z,,,,
https://www.instagram.com/p/DMCRH6Vzjl1/,,Instagram,bebecallingyou,,2026-09-16T12:13:37.000Z,,,,
https://www.instagram.com/p/DMCRH6Vzjl1/,,Instagram,mhf_810,Masih hidup mbak?,2026-09-16T12:13:27.000Z,,,,
https://www.instagram.com/p/DMCRH6Vzjl1/,,Instagram,ooh.taehyungg,"minta maaf yg bener bukannya muter2 mulu ngebela diri, mana ngomong di campur2 gitu kan lo lulusan sarjana masa ga bisa pake bahasa indonesia yg baik dan benar, gimana sih",2026-09-16T12:13:01.000Z,,,,
https://www.instagram.com/p/DMCRH6Vzjl1/,,Instagram,aldomanoroni_06,Kirain karna cantik bakalan ada yg bela. Ternyata malah di injak habis²an awokaowk,2026-09-16T12:10:57.000Z,,,,
https://www.instagram.com/p/DMCRH6Vzjl1/,,Instagram,stick_together17,UNFOLLOW AJA ORANG KAYA NIREMPATI,2026-09-16T12:10:09.000Z,,,,
https://www.instagram.com/p/DMCRH6Vzjl1/,,Instagram,saribulan_bulan,"IQ mu mungkin tinggi, tapi EQ dan SQ kosong mbak. 👎👎",2026-09-16T12:09:27.000Z,,,,
https://www.instagram.com/p/DMCRH6Vzjl1/,,Instagram,babaumayo,Minimal sebelum mengucap. Rasakan lah dulu. Jadi bisa tau apa itu artinya empati.,2026-09-16T12:09:14.000Z,,,,
https://www.instagram.com/p/DMCRH6Vzjl1/,,Instagram,limit_kuring,,2026-09-16T12:08:38.000Z,,,,
https://www.instagram.com/p/DMCRH6Vzjl1/,,Instagram,bang_yo_,Nyimak,2026-09-16T12:08:24.000Z,,,,
https://www.instagram.com/p/DMCRH6Vzjl1/,,Instagram,wisnusutopo507,hee tot 😡,2026-09-16T12:07:54.000Z,,,,
https://www.instagram.com/p/DMCRH6Vzjl1/,,Instagram,reiy.an2017,PEKOK,2026-09-16T12:07:51.000Z,,,,
https://www.instagram.com/p/DMCRH6Vzjl1/,,Instagram,misdan.wijaya07,1 hari 1 hujatan buat si kampret,2026-09-16T12:06:55.000Z,,,,
https://www.instagram.com/p/DMCRH6Vzjl1/,,Instagram,fr33_palestinee,"D suruh potivity bias sama orang yg token listriknya gak pernah bunyi,, dan gak punya motor matic bunyi gredek2....",2026-09-16T12:05:32.000Z,,,,
https://www.instagram.com/p/DMCRH6Vzjl1/,,Instagram,khalik_29,"Semoga yg jelek"", yg buruk"" secepatnya anda rasakan... Aamiin",2026-09-16T12:05:31.000Z,,,,
https://www.instagram.com/p/DMCRH6Vzjl1/,,Instagram,2002st_,tone deaf. boykot.,2026-09-16T12:05:02.000Z,,,,
https://www.instagram.com/p/DMCRH6Vzjl1/,,Instagram,putydiaryy,"Punya privilage,ga pernah ngerasain mana tau rasanya,minimal tu EMPATI",2026-09-16T12:04:58.000Z,,,,
https://www.instagram.com/p/DMCRH6Vzjl1/,,Instagram,awin_pra,Apa yg buruk2 mudah2an datang ke km ya....,2026-09-16T12:03:59.000Z,,,,
https://www.instagram.com/p/DMCRH6Vzjl1/,,Instagram,diki_saputra00,No berempati,2026-09-16T12:03:48.000Z,,,,
https://www.instagram.com/p/DMCRH6Vzjl1/,,Instagram,adrianadri2714,Yok kita hitamkan fotonya😂,2026-09-16T12:03:45.000Z,,,,
https://www.instagram.com/p/DMCRH6Vzjl1/,,Instagram,adindahaiman,DIAM 🫵🏻,2026-09-16T12:03:41.000Z,,,,
https://www.instagram.com/p/DMCRH6Vzjl1/,,Instagram,eveeluve,CAO NI MA !!!!!!,2026-09-16T12:02:18.000Z,,,,
https://www.instagram.com/p/DMCRH6Vzjl1/,,Instagram,amidahsiti_,"Maudy asli sih lu, aduh parah.",2026-09-16T12:02:13.000Z,,,,
https://www.instagram.com/p/DMCRH6Vzjl1/,,Instagram,dhesy_purnamasary,"Coba kamu mandi air asin berbulan” seperti kami, 24 jam full asap, mampu gak.?",2026-09-16T12:02:13.000Z,,,,
https://www.instagram.com/p/DMCRH6Vzjl1/,,Instagram,leviancl_,This is fucking Mau Mau,2026-09-16T12:02:03.000Z,,,,
https://www.instagram.com/p/DMCRH6Vzjl1/,,Instagram,sel_marselaa,Rugi banget dari dulu fans sama org ini ogah banget skrng dengar suaranya lagu”nya,2026-09-16T12:01:52.000Z,,,,
https://www.instagram.com/p/DMCRH6Vzjl1/,,Instagram,fie.y.niar,Nir empaty 💩,2026-09-16T12:01:51.000Z,,,,
https://www.instagram.com/p/DMCRH6Vzjl1/,,Instagram,dy_wjya19,Tidak semua org berilmu,2026-09-16T12:01:14.000Z,,,,
https://www.instagram.com/p/DMCRH6Vzjl1/,,Instagram,garegranuez,Jadi keinget ibot13 🤣,2026-09-16T12:01:00.000Z,,,,
https://www.instagram.com/p/DMCRH6Vzjl1/,,Instagram,sel_marselaa,Semoga semua bad news kembali kepadamu yahhh aamiinnn,2026-09-16T12:00:53.000Z,,,,
https://www.instagram.com/p/DMCRH6Vzjl1/,,Instagram,triaslarassati,"ilmu boleh tinggi, tapi empati harus lebih tinggi",2026-09-16T12:00:24.000Z,,,,
https://www.instagram.com/p/DMCRH6Vzjl1/,,Instagram,hsmhmnbkr,"Maaf ya kak aku suka repost berita berita buruk, maaf banget 😭🗿",2026-09-16T11:59:51.000Z,,,,
https://www.instagram.com/p/DMCRH6Vzjl1/,,Instagram,akeyah.universe,,2026-09-16T11:59:32.000Z,,,,
https://www.instagram.com/p/DMCRH6Vzjl1/,,Instagram,lov.wulandari,"Kekayaan Lu milyaran , Tas Lu semua Dior, Hermes , Bottega Veneta , LV. Kehidupan lu penuh dengan privilege dan kekayaan. Tapi lu masih ngelamar LPDP. Negara biayain Lu miliaran untuk lu sekolah di oxford Maudi. Mending uangnya buat beasiswain anak yang putus sekolah atau kasih makan anak kelaparan.",2026-09-16T11:59:13.000Z,,,,
https://www.instagram.com/p/DMCRH6Vzjl1/,,Instagram,triaslarassati,ngomong sama tembok sono,2026-09-16T11:58:15.000Z,,,,
https://www.instagram.com/p/DMCRH6Vzjl1/,,Instagram,vaynbiie,tone deaf,2026-09-16T11:57:38.000Z,,,,
https://www.instagram.com/p/DMCRH6Vzjl1/,,Instagram,nienxz93,Iya kamu NIR EMPATI,2026-09-16T11:56:58.000Z,,,,
https://www.instagram.com/p/DMCRH6Vzjl1/,,Instagram,_gitgus,Princess mindfullness 🙇🏻‍♀️,2026-09-16T11:56:15.000Z,,,,
https://www.instagram.com/p/DMCRH6Vzjl1/,,Instagram,hlmlyptriiii,Nitip sendal,2026-09-16T11:56:02.000Z,,,,
https://www.instagram.com/p/DMCRH6Vzjl1/,,Instagram,choiriyahmar,Nirempati😢,2026-09-16T11:55:57.000Z,,,,
https://www.instagram.com/p/DMCRH6Vzjl1/,,Instagram,inggiok14,"Sapa suruh go blog, Modi !",2026-09-16T11:54:04.000Z,,,,
https://www.instagram.com/p/DMCRH6Vzjl1/,,Instagram,grasiaca,"Mending2 hal2 buruk yang terjadi hanya berita untukmu, bersyukurlah, tapi bagi para korban apa kamu ga ikut sedih merasakan apa yang mereka rasakan ? Oh ya lupa hidupmu sih dah enak yaa, mau ada berita buruk apapun diluar sana hidupmu tetap enak, beda dengan kami2 para rakyat kecil ini, jadi lebih baik diam, hidup dah enak ga usah berisik yang menyakitkan, kalau mau bersuara yang baik2 aja ya, kamu dah kaya kok ambil LPDP meskipun aku tau ga ada larangan untuk dapat lpdp meski kaya tapi minimal sadar diri, kalau kaya jangan pakai uang rakyat, biar lpdp bisa dipakai kepada yang lebih membutuhkan, kalau aku kaya sih aku milih pakai uang sendiri untuk kuliah, dah pakai uang rakyat eh malah berkata2 seenaknya sendiri, no empati 😢",2026-09-16T11:53:53.000Z,,,,
https://www.instagram.com/p/DMCRH6Vzjl1/,,Instagram,imam_kinco,UNFOLLL. BYE,2026-09-16T11:53:51.000Z,,,,
https://www.instagram.com/p/DMCRH6Vzjl1/,,Instagram,zen_block,Bac00t loe dasar TOKAI 🤮🤣,2026-09-16T11:53:51.000Z,,,,
https://www.instagram.com/p/DMCRH6Vzjl1/,,Instagram,dandinidun,"ga ngerasain penderitaannya si, makanya gampang banget ngomong gitu",2026-09-16T11:53:35.000Z,,,,
https://www.instagram.com/p/DMCRH6Vzjl1/,,Instagram,egnrhmn,sedih,2026-09-16T11:52:46.000Z,,,,
https://www.instagram.com/p/DMCRH6Vzjl1/,,Instagram,za.noor_,BACOT KAYAK PERNAH SUSAH AJA LU,2026-09-16T11:52:10.000Z,,,,
https://www.instagram.com/p/DMCRH6Vzjl1/,,Instagram,khad.ijah0310,Sumpah jijik kali nir empati,2026-09-16T11:51:10.000Z,,,,
https://www.instagram.com/p/DMCRH6Vzjl1/,,Instagram,illamm__,Tau,2026-09-16T11:51:06.000Z,,,,
https://www.instagram.com/p/DMCRH6Vzjl1/,,Instagram,atiek_cancan,😤,2026-09-16T11:51:06.000Z,,,,
https://www.instagram.com/p/DMCRH6Vzjl1/,,Instagram,kumbang1289,nir empati,2026-09-16T11:50:41.000Z,,,,
https://www.instagram.com/p/DMCRH6Vzjl1/,,Instagram,im.your.bee,0 EMPHATY 👏👏,2026-09-16T11:50:16.000Z,,,,
https://www.instagram.com/p/DMCRH6Vzjl1/,,Instagram,hrfptra_,stress,2026-09-16T11:50:08.000Z,,,,
https://www.instagram.com/p/DMCRH6Vzjl1/,,Instagram,hayabusa933,Sayang sekali...ternyata Anda Nir Empati,2026-09-16T11:49:02.000Z,,,,
https://www.instagram.com/p/DMCRH6Vzjl1/,,Instagram,secacntt__,GA PUNYA EMPATI DIHHHHH,2026-09-16T11:48:30.000Z,,,,
https://www.instagram.com/p/DMCRH6Vzjl1/,,Instagram,reyhanpgt,lu berpendidikan kan ya? ko ke ga di didik,2026-09-16T11:48:24.000Z,,,,
https://www.instagram.com/p/DMCRH6Vzjl1/,,Instagram,leviancl_,"Kalo kata orang kalimantan selatan ""ikam ni membari supan""",2026-09-16T11:48:22.000Z,,,,
https://www.instagram.com/p/DMCRH6Vzjl1/,,Instagram,iyussallan,Ga punya empati !,2026-09-16T11:48:01.000Z,,,,
https://www.instagram.com/p/DMCRH6Vzjl1/,,Instagram,abestrophile,Diantara smua artis fomo yang waras dan smart cuma @maudyayunda,2026-09-16T11:48:00.000Z,,,,
https://www.instagram.com/p/DMCRH6Vzjl1/,,Instagram,sasalli_nyy,😂,2026-09-16T11:47:30.000Z,,,,
https://www.instagram.com/p/DMCRH6Vzjl1/,,Instagram,dil.dilahh_,mkny main ksini mbaa hirup asapny langsung wkwkk,2026-09-16T11:47:21.000Z,,,,
https://www.instagram.com/p/DMCRH6Vzjl1/,,Instagram,fandricjr1,"Najjisss.. ini.. 🤮 lagu gak meledak ledak amat, film juga biasa saja 🥴",2026-09-16T11:46:04.000Z,,,,
https://www.instagram.com/p/DMCRH6Vzjl1/,,Instagram,rahmadwicak,😢,2026-09-16T11:45:59.000Z,,,,
https://www.instagram.com/p/DMCRH6Vzjl1/,,Instagram,realmaneatchickenandplayguitar,"Maudy Maudy, maudigampar ga sama ibu2 Kalimantan yg sesak napas karena kebakaran hutan sekaligus maudigampar ga sama yg sedang antri BBM??",2026-09-16T11:45:55.000Z,,,,
https://www.instagram.com/p/DMCRH6Vzjl1/,,Instagram,emwayyy_999,KAMI TERGANGGU DENGAN BERITAMU MBA TUWIR,2026-09-16T11:45:44.000Z,,,,
https://www.instagram.com/p/DMCRH6Vzjl1/,,Instagram,beneathdeath,Public Figure ❌ Bad News Figure ✅,2026-09-16T11:45:26.000Z,,,,
https://www.instagram.com/p/DMCRH6Vzjl1/,,Instagram,kagamify_,banyak banget komennya wok,2026-09-16T11:45:02.000Z,,,,
https://www.instagram.com/p/DMCRH6Vzjl1/,,Instagram,azis_siswoyo,Kalau sdh enak yang lain  di anggap sepele,2026-09-16T11:44:36.000Z,,,,
https://www.instagram.com/p/DMCRH6Vzjl1/,,Instagram,davidhotma_,"Gila ya ada org jahat ke lu begitu, mau gua pesenin tiket ga? Biar bisa ngerasain kondisi sodara sodara kita di Kalimantan",2026-09-16T11:44:23.000Z,,,,
https://www.instagram.com/p/DMCRH6Vzjl1/,,Instagram,reza.not_found,,2026-09-16T11:44:22.000Z,,,,
https://www.instagram.com/p/DMCRH6Vzjl1/,,Instagram,she_isanna_,Queen of tone deaf,2026-09-16T11:43:41.000Z,,,,
https://www.instagram.com/p/DMCRH6Vzjl1/,,Instagram,andrian1034,"Hasil LPDP lu ape woy, jgn cuma seminar sana sini mulu. Lu dapet LPDP pake duit Rakyat",2026-09-16T11:42:30.000Z,,,,
https://www.instagram.com/p/DMCRH6Vzjl1/,,Instagram,nebulizer.21,"Mata tu dipake ya, jatuhnya tu lu ketemu orang kelaparan, bukannya dikasih makan malah dikasih nasihat, buang² waktu dia iya, bikin dia kenyang kagak. Use ur eyes",2026-09-16T11:41:59.000Z,,,,
https://www.instagram.com/p/DMCRH6Vzjl1/,,Instagram,albertfatman,"Model betina kek gini dikasih LPDP? Guna juga engga nih orang di masyarakat, bisa bisanya dapat beasiswa yang biayanya dari pajak rakyat sipil. 😂",2026-09-16T11:39:25.000Z,,,,
https://www.instagram.com/p/DMCRH6Vzjl1/,,Instagram,tata_sw96,"mungkin ada yang kenal aku ,,cari temanku udah komen belum 😭🤣",2026-09-16T11:38:02.000Z,,,,
https://www.instagram.com/p/DMCRH6Vzjl1/,,Instagram,ra9_tom,-1 empathy,2026-09-16T11:37:57.000Z,,,,
https://www.instagram.com/p/DMCRH6Vzjl1/,,Instagram,helloreny.rl,"Kak ke kalimantan kak, kek Sherina Munaf.. sama2 rasain realnya, bukan newsnya.",2026-09-16T11:37:46.000Z,,,,
https://www.instagram.com/p/DMCRH6Vzjl1/,,Instagram,mbrreee,,2026-09-16T11:36:42.000Z,,,,
https://www.instagram.com/p/DMCRH6Vzjl1/,,Instagram,rexxyion,"Kak, maaf ya kalau kehidupan kami HANYA dianggap bad news oleh kakak, soalnya bagi kami, itu bukan bad news, tapi BAD REALITY",2026-09-16T11:36:30.000Z,,,,
https://www.instagram.com/p/DMCRH6Vzjl1/,,Instagram,rizkynaura30,Kuliah hasil duit rakyat😢,2026-09-16T11:36:22.000Z,,,,
https://www.instagram.com/p/DMCRH6Vzjl1/,,Instagram,zeintanggang,skip gak ada empatinya...,2026-09-16T11:36:12.000Z,,,,
https://www.instagram.com/p/DMCRH6Vzjl1/,,Instagram,pradanaput_,"Malam ka @maudyayunda, semoga sehat selalu ya ka, saya sangat mengidolakan sekali ka karena kepintaran ka smart publik speaking nya bagus, ngomong bahasa Inggris nya beuh excellent mah yah ka sampai saya mindfulness dan bad news deh, ka kapan main ke kalbar",2026-09-16T11:36:10.000Z,,,,
https://www.instagram.com/p/DMCRH6Vzjl1/,,Instagram,kusnawiah12,Minimal empati...Berilmu tp ga bisa empaty buat apa?? LO ITU BIASA HIDUP ENAK DARI LAHIR MAKANYA MIKIRIN DIRI SENDIRI. MINIM EMPATI WANITA GA PUNYA MALU. LPDP INGET.. MINIMAL EMPATY. SOK PALING LU. 🤮🤮,2026-09-16T11:35:44.000Z,,,,
https://www.instagram.com/p/DMCRH6Vzjl1/,,Instagram,leviancl_,Di antara ku dan bad news,2026-09-16T11:35:13.000Z,,,,
https://www.instagram.com/p/DMCRH6Vzjl1/,,Instagram,leviancl_,Di antara ku dan bad news,2026-09-16T11:35:00.000Z,,,,
https://www.instagram.com/p/DMCRH6Vzjl1/,,Instagram,fitraanandaaa,"di Oxford ga di ajari empati ya broo? ternyata benar orang kuliahan itu ga semuanya menjadi manusia, ga pukul rata tapi seperti itu kenyataan. btw di SDN106153 dari kelas 1 uda di ajari empati kak sama guru PKN",2026-09-16T11:34:50.000Z,,,,
https://www.instagram.com/p/DMCRH6Vzjl1/,,Instagram,lindyulyana__,TONE DEAF FINAL BOSSS,2026-09-16T11:33:58.000Z,,,,
https://www.instagram.com/p/DMCRH6Vzjl1/,,Instagram,redginger789,Ngomong naon sia 🤣🤣🤣,2026-09-16T11:33:53.000Z,,,,
https://www.instagram.com/p/DMCRH6Vzjl1/,,Instagram,aisazcraft,Maaf deh saya unfoll .. krn ternyata gak sesuai ekspektasi saya utk anak muda cerdas ..,2026-09-16T11:33:28.000Z,,,,
https://www.instagram.com/p/DMCRH6Vzjl1/,,Instagram,redginger789,Alemong duterte 🤣🤣🤣😭🤣,2026-09-16T11:33:16.000Z,,,,
https://www.instagram.com/p/DMCRH6Vzjl1/,,Instagram,ayupuspita160708,Duit nya masih banyak... Coba kalo pendapatan nya di bawah UMR udah paling berisik yaa gak mo,2026-09-16T11:31:40.000Z,,,,
https://www.instagram.com/p/DMCRH6Vzjl1/,,Instagram,nurullkhof,Hello kalo cuma bad news fine2 aja tapi kalo sudah bad reality kayaknya bakalan nangis deh kak,2026-09-16T11:31:19.000Z,,,,
https://www.instagram.com/p/DMCRH6Vzjl1/,,Instagram,redginger789,Seru nih  nongky di lapaknya jan sampe lepas🤣🤣🤣 ngakak,2026-09-16T11:30:34.000Z,,,,
https://www.instagram.com/p/DMCRH6Vzjl1/,,Instagram,ruddin.arnoldy,"KALIAN GAK USAH CAPEK² HUJAT DIA, DIA UDAH NERAPIN MINDFULNESS",2026-09-16T11:29:24.000Z,,,,
https://www.instagram.com/p/DMCRH6Vzjl1/,,Instagram,whos.dijoe,gua tau ilmu lu jauh di atas gua tapi sory kalo adab kek nya berada di bawah telapak kaki gua,2026-09-16T11:29:05.000Z,,,,
https://www.instagram.com/p/DMCRH6Vzjl1/,,Instagram,borpas___,"Ayok kak ke Kalimantan,☺️",2026-09-16T11:28:57.000Z,,,,
https://www.instagram.com/p/DMCRH6Vzjl1/,,Instagram,infopbun,"Maafkan mimin ya post bad news terus, tapi itulah kenyataannya yang kami rasakan.",2026-09-16T11:28:40.000Z,,,,
https://www.instagram.com/p/DMCRH6Vzjl1/,,Instagram,sandal_swaloijo,ga bakal dia baca komenan kita,2026-09-16T11:28:21.000Z,,,,
https://www.instagram.com/p/DMCRH6Vzjl1/,,Instagram,rdhbayu,Sang pengambil hak orang 😂,2026-09-16T11:28:13.000Z,,,,
https://www.instagram.com/p/DMCRH6Vzjl1/,,Instagram,abu_risyana,Orang kaya memang suka begitu. Tengil. Kayak duit bapaknya halal aja. -Kasino/Sanwani- (Dari film Gengsi Dong).,2026-09-16T11:28:09.000Z,,,,
https://www.instagram.com/p/DMCRH6Vzjl1/,,Instagram,penguin.mimoo,yg ini? pantes,2026-09-16T11:27:44.000Z,,,,
https://www.instagram.com/p/DMCRH6Vzjl1/,,Instagram,neshazhrr,napak tanah minimal,2026-09-16T11:27:31.000Z,,,,
https://www.instagram.com/p/DMCRH6Vzjl1/,,Instagram,juneonthirteen,you're the bad news Maudy,2026-09-16T11:27:13.000Z,,,,
https://www.instagram.com/p/DMCRH6Vzjl1/,,Instagram,redginger789,Apologize now!,2026-09-16T11:26:44.000Z,,,,
https://www.instagram.com/p/DMCRH6Vzjl1/,,Instagram,hariscaesaria_51ap,Empati kabut asap,2026-09-16T11:26:32.000Z,,,,
https://www.instagram.com/p/DMCRH6Vzjl1/,,Instagram,lov.wulandari,Serakah banget sih udah kaya ngelamar LPDP . Mending uangnya buat bangun sekolah di pedalaman .,2026-09-16T11:26:25.000Z,,,,
https://www.instagram.com/p/DMCRH6Vzjl1/,,Instagram,nagitacyans,"and in the end of her ""mindfulness"", she become the 'bad news' itself for others. the irony Maudy Ayunda.",2026-09-16T11:26:04.000Z,,,,
https://www.instagram.com/p/DMCRH6Vzjl1/,,Instagram,eddy_teddy112,"halaaaah, perempuan ini lagi sok² nyaa",2026-09-16T11:25:40.000Z,,,,
https://www.instagram.com/p/DMCRH6Vzjl1/,,Instagram,rafi.afyh,👏,2026-09-16T11:25:24.000Z,,,,
https://www.instagram.com/p/DMCRH6Vzjl1/,,Instagram,muhvaqih,nitip sendal,2026-09-16T11:25:13.000Z,,,,
https://www.instagram.com/p/DMCRH6Vzjl1/,,Instagram,lupercalchaos,"Oh no bad news, bad days",2026-09-16T11:24:56.000Z,,,,
https://www.instagram.com/p/DMCRH6Vzjl1/,,Instagram,mnzly008,Maudy ayunda downfall era lmaoo,2026-09-16T11:24:26.000Z,,,,
https://www.instagram.com/p/DMCRH6Vzjl1/,,Instagram,urfavv.nrl10,GAK SEMUA ORANG BERILMU ITU BEREMPATI. NAH INI CONTOHNYA,2026-09-16T11:24:26.000Z,,,,
https://www.instagram.com/p/DMCRH6Vzjl1/,,Instagram,gyfhi58hv,"EH MPRUY, NAPAK TANAH EGE",2026-09-16T11:24:26.000Z,,,,
https://www.instagram.com/p/DMCRH6Vzjl1/,,Instagram,viransazaara,Beasiswa yg pake duit rakyat bukan sih ini,2026-09-16T11:24:15.000Z,,,,
https://www.instagram.com/p/DMCRH6Vzjl1/,,Instagram,gyfhi58hv,Menitan semua jir,2026-09-16T11:24:09.000Z,,,,
https://www.instagram.com/p/DMCRH6Vzjl1/,,Instagram,manusiaberpikir69,,2026-09-16T11:23:18.000Z,,,,
https://www.instagram.com/p/DMCRH6Vzjl1/,,Instagram,lov.wulandari,Percumah komen ga akan dibaca . Dia lagi yoga terus minum matcha .  Sambil menghirup segarnya udara pegunungan. Alumni LPDP ini mah deserve untuk dapat ketenangan batin.,2026-09-16T11:22:51.000Z,,,,
https://www.instagram.com/p/DMCRH6Vzjl1/,,Instagram,raidennqt,"Percuma pendidikan tinggi,tapi pemikiran pendek",2026-09-16T11:22:45.000Z,,,,
https://www.instagram.com/p/DMCRH6Vzjl1/,,Instagram,journeymay_,dah rame aje,2026-09-16T11:22:34.000Z,,,,
https://www.instagram.com/p/DMCRH6Vzjl1/,,Instagram,rssandrian,Bacot doang!!!,2026-09-16T11:22:03.000Z,,,,
https://www.instagram.com/p/DMCRH6Vzjl1/,,Instagram,ariskurniawan17_,"salah waktu aja si buat ngomong gitu, coba aja pas waktu pemilu mungkin di cap anak abah 😭",2026-09-16T11:21:57.000Z,,,,
https://www.instagram.com/p/DMCRH6Vzjl1/,,Instagram,maleakhitambunan,Si paling mindfullness,2026-09-16T11:21:07.000Z,,,,
https://www.instagram.com/p/DMCRH6Vzjl1/,,Instagram,trinidadcardonaaa_,cheese cottage,2026-09-16T11:20:57.000Z,,,,
https://www.instagram.com/p/DMCRH6Vzjl1/,,Instagram,damniput,👻,2026-09-16T11:20:08.000Z,,,,
https://www.instagram.com/p/DMCRH6Vzjl1/,,Instagram,sigitpangestu._,ikutan komen ah,2026-09-16T11:19:53.000Z,,,,
https://www.instagram.com/p/DMCRH6Vzjl1/,,Instagram,yann_885,Oh ini,2026-09-16T11:19:41.000Z,,,,
https://www.instagram.com/p/DMCRH6Vzjl1/,,Instagram,hijabby.alisa,😭😭,2026-09-16T11:19:29.000Z,,,,
https://www.instagram.com/p/DMCRH6Vzjl1/,,Instagram,musliminedy,🖕🖕🖕🖕💩💩💩💩,2026-09-16T11:18:23.000Z,,,,
https://www.instagram.com/p/DMCRH6Vzjl1/,,Instagram,e.do_7,Omaakkkk,2026-09-16T11:16:51.000Z,,,,
https://www.instagram.com/p/DMCRH6Vzjl1/,,Instagram,hdn_rg77,Mirip pria sawit lama2,2026-09-16T11:16:50.000Z,,,,
https://www.instagram.com/p/DMCRH6Vzjl1/,,Instagram,ryzkydk,,2026-09-16T11:16:02.000Z,,,,
https://www.instagram.com/p/DMCRH6Vzjl1/,,Instagram,kitabgaming,"Oke gas, day 2 di kolom komen yang penuh dengan bot propaganda, kalo gua bilang sih, mendingan masukin kasus ini keranah pengadilan, biar makin jelas siapa yang jahat selama ini.",2026-09-16T11:16:01.000Z,,,,
https://www.instagram.com/p/DMCRH6Vzjl1/,,Instagram,mutiarandayani,"sini dong maudy jalan2 ke seluruh KALIMANTAN dari utara, timur, barat, selatan.. BIAR TAU rasanya hirup asap",2026-09-16T11:15:38.000Z,,,,
https://www.instagram.com/p/DMCRH6Vzjl1/,,Instagram,nia.maulidaa,ternyata udah kuliah keluar negeri masih goblok ya gakada empati sini ke kalimantan hirup asap tiap hari,2026-09-16T11:14:24.000Z,,,,
https://www.instagram.com/p/DMCRH6Vzjl1/,,Instagram,salmonmaki10_,Hai tone dead apakabar? Lagi leha2 di kehidupan mewah mu yg mindfulness itu??,2026-09-16T11:14:14.000Z,,,,
https://www.instagram.com/p/DMCRH6Vzjl1/,,Instagram,juneonthirteen,ya kamu mah gabakal baca komentar ga si kan biar stay mindfulness lol,2026-09-16T11:14:06.000Z,,,,
https://www.instagram.com/p/DMCRH6Vzjl1/,,Instagram,sisil_imout_,Emmm 😭,2026-09-16T11:13:39.000Z,,,,
https://www.instagram.com/p/DMCRH6Vzjl1/,,Instagram,fi.rmansyah9517,Sekolah dibayarin rakyat hasilnya kebanyakan nyocot,2026-09-16T11:13:19.000Z,,,,
https://www.instagram.com/p/DMCRH6Vzjl1/,,Instagram,anggittrmdhn,,2026-09-16T11:13:15.000Z,,,,
https://www.instagram.com/p/DMCRH6Vzjl1/,,Instagram,zenyhsn,Ayang blunder,2026-09-16T11:13:09.000Z,,,,
https://www.instagram.com/p/DMCRH6Vzjl1/,,Instagram,f0ur.casya,"cape like komenan org""",2026-09-16T11:12:24.000Z,,,,
https://www.instagram.com/p/DMCRH6Vzjl1/,,Instagram,b_elle.femme,Disuruh mindfullness sama orang yg financial freedom,2026-09-16T11:11:23.000Z,,,,
https://www.instagram.com/p/DMCRH6Vzjl1/,,Instagram,cutadelrey,,2026-09-16T11:11:03.000Z,,,,
https://www.instagram.com/p/DMCRH6Vzjl1/,,Instagram,rsyallya,iniknp ketinggalan apa aku,2026-09-16T11:10:46.000Z,,,,
https://www.instagram.com/p/DMCRH6Vzjl1/,,Instagram,ricoshow_,,2026-09-16T11:10:16.000Z,,,,
https://www.instagram.com/p/DMCRH6Vzjl1/,,Instagram,____fudoshin,MA (Mindfulness Asshole),2026-09-16T11:10:06.000Z,,,,
https://www.instagram.com/p/DMCRH6Vzjl1/,,Instagram,_11mhmmdrfq,bahaya ni orang klo jadi pejabat😂,2026-09-16T11:10:00.000Z,,,,
https://www.instagram.com/p/DMCRH6Vzjl1/,,Instagram,ecky.vrn,Nggak suka gw sm lu. Bacot,2026-09-16T11:09:58.000Z,,,,
https://www.instagram.com/p/DMCRH6Vzjl1/,,Instagram,_sakimdatunsolang,,2026-09-16T11:09:24.000Z,,,,
https://www.instagram.com/p/DMCRH6Vzjl1/,,Instagram,zaki_azis20,💩💩💩💩,2026-09-16T11:09:16.000Z,,,,
https://www.instagram.com/p/DMCRH6Vzjl1/,,Instagram,chndra.ks,,2026-09-16T11:08:03.000Z,,,,
https://www.instagram.com/p/DMCRH6Vzjl1/,,Instagram,saa_gcp,Blunder y mba kwwkkwkw,2026-09-16T11:07:58.000Z,,,,
https://www.instagram.com/p/DMCRH6Vzjl1/,,Instagram,redginger789,You're not that smart.,2026-09-16T11:07:47.000Z,,,,
https://www.instagram.com/p/DMCRH6Vzjl1/,,Instagram,fandricjr1,"Gue langsung unfollow ni artis @maudyayunda baru tau keq gitu, mungkin sdh dari keq gitu.. Baru ketauan skrg hati nya keq gitu",2026-09-16T11:07:23.000Z,,,,
https://www.instagram.com/p/DMCRH6Vzjl1/,,Instagram,desert_eagle260mm,Kontoooool sini datang dan hidup di Kalimantan 1 minggu aja mungkin lu udah terkapar mampus kalau ngak karena hidup lu yg mewah itu ga mungkin lu ngomong kek gitu ngentot,2026-09-16T11:07:01.000Z,,,,
https://www.instagram.com/p/DMCRH6Vzjl1/,,Instagram,andyismawanto,Titip sandal bentar mau Jum'atan,2026-09-16T11:06:40.000Z,,,,
https://www.instagram.com/p/DMCRH6Vzjl1/,,Instagram,suga_gembira,Cantik² dongokk.. Nirempaty pula cok cuuihhh,2026-09-16T11:05:41.000Z,,,,
https://www.instagram.com/p/DMCRH6Vzjl1/,,Instagram,dilandanism,"Kalo idup serba ada di Jakarta sana mah, mana ada hati buat sdkit nengok penderitaan org2 di Kalimantan sini.. Gunain ketenaran dan kepintaran lu buat pimpin demo ke rezim Wowo tu lebih bijak..",2026-09-16T11:04:23.000Z,,,,
https://www.instagram.com/p/DMCRH6Vzjl1/,,Instagram,ojnscott,gonggong,2026-09-16T11:04:17.000Z,,,,
https://www.instagram.com/p/DMCRH6Vzjl1/,,Instagram,kimpulcuwicuking,iye iye mindfull,2026-09-16T11:03:47.000Z,,,,
https://www.instagram.com/p/DMCRH6Vzjl1/,,Instagram,heysyududuu_,percuma cantik mba Maudy tp nirempati🤣🤣🤣🤣,2026-09-16T11:03:09.000Z,,,,
https://www.instagram.com/p/DMCRH6Vzjl1/,,Instagram,yawryapping,eh nitip sendal dong,2026-09-16T11:02:20.000Z,,,,
https://www.instagram.com/p/DMCRH6Vzjl1/,,Instagram,iman.firmansyah.1111,"Langsung saja, SHINRA TENSEI🔥",2026-09-16T11:01:08.000Z,,,,
https://www.instagram.com/p/DMCRH6Vzjl1/,,Instagram,rizkyfmansyah,Cie si paling mengerti keadaan rakyat sekarang,2026-09-16T11:00:48.000Z,,,,
https://www.instagram.com/p/DMCRH6Vzjl1/,,Instagram,oxytocin_23,Jadi males nonton bioskop iklan le minerale ada muke lu,2026-09-16T10:59:45.000Z,,,,
https://www.instagram.com/p/DMCRH6Vzjl1/,,Instagram,anti.romanetic,shame on you maudy,2026-09-16T10:59:22.000Z,,,,
https://www.instagram.com/p/DMCRH6Vzjl1/,,Instagram,dcurytz,Mbak @maudyayunda pinter bgt meningkatkan Engagement🤣🤣,2026-09-16T10:58:48.000Z,,,,
https://www.instagram.com/p/DMCRH6Vzjl1/,,Instagram,teuku_ardyan,Si paling mindfullness,2026-09-16T10:58:46.000Z,,,,
https://www.instagram.com/p/DMCRH6Vzjl1/,,Instagram,fachril_assidhiqie,,2026-09-16T10:58:40.000Z,,,,
https://www.instagram.com/p/DMCRH6Vzjl1/,,Instagram,hey_kiiiyyy,"Minimal peduli ya kak,berpendidikan tapi empati kurang",2026-09-16T10:58:37.000Z,,,,
https://www.instagram.com/p/DMCRH6Vzjl1/,,Instagram,ve3ra44,Apakah akan tutup komen ? Sprti artis² yg lain ?,2026-09-16T10:58:16.000Z,,,,
https://www.instagram.com/p/DMCRH6Vzjl1/,,Instagram,prawirabagus27,"@le_mineraleid , kayak nya salah invest jadikan ibuk ini BA nya",2026-09-16T10:57:34.000Z,,,,
https://www.instagram.com/p/DMCRH6Vzjl1/,,Instagram,golissix_,,2026-09-16T10:56:26.000Z,,,,
https://www.instagram.com/p/DMCRH6Vzjl1/,,Instagram,the_crazyyyy1,Ga semua org dapat privilag kaya anda,2026-09-16T10:55:50.000Z,,,,
https://www.instagram.com/p/DMCRH6Vzjl1/,,Instagram,raineireduard,Jgan lupa di baca2 itu komen orang2,2026-09-16T10:55:42.000Z,,,,
https://www.instagram.com/p/DMCRH6Vzjl1/,,Instagram,nonengsta15,Rariweh ihh,2026-09-16T10:55:18.000Z,,,,
https://www.instagram.com/p/DMCRH6Vzjl1/,,Instagram,kyleegoist_,gw piwer bang brando windah barusadar mwehehehe,2026-09-16T10:55:12.000Z,,,,
https://www.instagram.com/p/DMCRH6Vzjl1/,,Instagram,____rezstatic,LO ARTIS DAN PUNYA PRIVILEGE FINANSIAL. KENAPA MASIH AMBIL FASILITAS PENDIDIKAN (LPDP) DARI UANG PUBLIK??!!,2026-09-16T10:55:05.000Z,,,,
https://www.instagram.com/p/DMCRH6Vzjl1/,,Instagram,krinkz.io,Munafik banget nih orang.. dibayar berapa sama pemerintah...,2026-09-16T10:54:47.000Z,,,,
https://www.instagram.com/p/DMCRH6Vzjl1/,,Instagram,callmerhevian_,Apa impact untuk indonesia?,2026-09-16T10:54:42.000Z,,,,
https://www.instagram.com/p/DMCRH6Vzjl1/,,Instagram,walovi87,Jgn asal buka mulut!,2026-09-16T10:53:52.000Z,,,,
https://www.instagram.com/p/DMCRH6Vzjl1/,,Instagram,kikyameliaaa_,Main ke samarinda biar tau🥹,2026-09-16T10:53:36.000Z,,,,
https://www.instagram.com/p/DMCRH6Vzjl1/,,Instagram,starlight_1008,Ngapain pinned postingam kayak gini? Dipikir sudah cukup berbakti kah untuk bangsa dan negara?,2026-09-16T10:53:26.000Z,,,,
https://www.instagram.com/p/DMCRH6Vzjl1/,,Instagram,reregina____,Bangat lalu😭😭😭,2026-09-16T10:53:23.000Z,,,,
https://www.instagram.com/p/DMCRH6Vzjl1/,,Instagram,oliviaangelicaaa,"Duhhh disayangkan bgt omongannya , udah bener nyanyi malah komentar bgtu .jadi di bombardir kan ini kolom komentar",2026-09-16T10:53:06.000Z,,,,
https://www.instagram.com/p/DMCRH6Vzjl1/,,Instagram,httpschs,"seberapapun usaha u buat tone deaf disaat org2 ngatain u tone deaf, itu g ngerubah diri lu dengan value orang jahat nirempati. congrats for all the hate karena 1 konten blunder",2026-09-16T10:53:03.000Z,,,,
https://www.instagram.com/p/DMCRH6Vzjl1/,,Instagram,mbk_i_m,Salam dari Kalimantan yg penuh asap mbk 🤣🤣 saya org klimtan mbk,2026-09-16T10:52:53.000Z,,,,
https://www.instagram.com/p/DMCRH6Vzjl1/,,Instagram,the_crazyyyy1,Enak ya hidup penuh privilag,2026-09-16T10:52:52.000Z,,,,
https://www.instagram.com/p/DMCRH6Vzjl1/,,Instagram,redginger789,Video pendek mu itu tong kosong mba asbun aduh malu.,2026-09-16T10:52:09.000Z,,,,
https://www.instagram.com/p/DMCRH6Vzjl1/,,Instagram,anggrainitak10,Kirain pinter ternyata.... isi sendiri lah netizen,2026-09-16T10:51:26.000Z,,,,
https://www.instagram.com/p/DMCRH6Vzjl1/,,Instagram,giovani.ch,Komisaris bentar lagi nih,2026-09-16T10:51:26.000Z,,,,
https://www.instagram.com/p/DMCRH6Vzjl1/,,Instagram,resi.sandra,Orang dia nggak pernah hidup susah sih.... Makanya dia bisa ngomong kayak gitu....,2026-09-16T10:50:52.000Z,,,,
https://www.instagram.com/p/DMCRH6Vzjl1/,,Instagram,sabonaskingdomofficial,Cuih,2026-09-16T10:50:31.000Z,,,,
https://www.instagram.com/p/DMCRH6Vzjl1/,,Instagram,leehamzars,"Kasih tau gue dia cakepnya dimana? Dia punya mindset ""cerdas dan sekolah di LN aja sih,",2026-09-16T10:50:21.000Z,,,,
https://www.instagram.com/p/DMCRH6Vzjl1/,,Instagram,enshandii,Sebelum bangun foundation macem2 miniman foundation empatinya ditebelin dulu kali yaaa.. 😌,2026-09-16T10:48:38.000Z,,,,
https://www.instagram.com/p/DMCRH6Vzjl1/,,Instagram,rianjoansyah,"Ohh ini Tuan putri yg lagi rame ? Sekolah jauh"" keluar negri tapi attitude jauh lebih buruk dari yg ga sekolah. Sekolah apa ya nih tuan putri ? .  @maudyayunda",2026-09-16T10:48:23.000Z,,,,
https://www.instagram.com/p/DMCRH6Vzjl1/,,Instagram,gotaro007,LO TAU NGGA BEASISWA LO PAKE DUIT KITA ? TRUS APA YANG LO DAH LAKUIN KE KITA ? NYEBELIN DAN EGOIS,2026-09-16T10:47:36.000Z,,,,
https://www.instagram.com/p/DMCRH6Vzjl1/,,Instagram,rennpbd11,Duta mindfullness😌,2026-09-16T10:46:31.000Z,,,,
https://www.instagram.com/p/DMCRH6Vzjl1/,,Instagram,biyu1453,"Postingan dgn komen terbanyak dihapus kenapa ya, harusnya kan bagus yaa",2026-09-16T10:46:29.000Z,,,,
https://www.instagram.com/p/DMCRH6Vzjl1/,,Instagram,redginger789,Semangat tingkatkan stupidity mu 🤣,2026-09-16T10:46:13.000Z,,,,
https://www.instagram.com/p/DMCRH6Vzjl1/,,Instagram,rauhanfikrii,maudy kontoI,2026-09-16T10:45:59.000Z,,,,
https://www.instagram.com/p/DMCRH6Vzjl1/,,Instagram,perriperriwinkle,"udah baca tulisan kak buitenzorgy di threads blm? karena lo ga miskin, dikata katain warga sih kyknya ga ngaruh sama hidup lo ya. tp klo baca tulisannya kak buitenzorgy dan gaada goyah di diri lo berarti emg pure jahat aja.",2026-09-16T10:45:29.000Z,,,,
https://www.instagram.com/p/DMCRH6Vzjl1/,,Instagram,helmilk,Blok!,2026-09-16T10:45:14.000Z,,,,
https://www.instagram.com/p/DMCRH6Vzjl1/,,Instagram,sitikomariaaa,IQ-EQ=?,2026-09-16T10:42:50.000Z,,,,
https://www.instagram.com/p/DMCRH6Vzjl1/,,Instagram,nadalsaqqaf_,Minimal egoisnya jgn ngajak2 org lain🙏🏻,2026-09-16T10:42:37.000Z,,,,
https://www.instagram.com/p/DMCRH6Vzjl1/,,Instagram,its_me_2303,"Sejak tau beliau ini penerima LPDP pdhal dlm finacial yg mapan udah gk respect pdhl bisa aja nolak, tp gk salah juga di terima krna bukan itu kategori penerimaannya...cuman yg bikin malu pke uang rakyat tp gk empati sm rakyat itu gmn crtanya mba😭.... bukan Saya yg berbuat lho ini tp Maluuu😭😭... sayang bgt duit pajakku gk bisa bermanfaat untuk rakyat melaluimu mba😭... Kalau aku bayar pajak tp suaraku di dengar mah gpp ya iklas aja sii... tp dah lah... berharap apa? gk suka kata tone deaf tp gk bisa ambai kalau kata itu di sematkan ke dirumu mba😑",2026-09-16T10:41:44.000Z,,,,
https://www.instagram.com/p/DMCRH6Vzjl1/,,Instagram,virgie_haritaa,semangat maudy! 🔥👏,2026-09-16T10:39:41.000Z,,,,
https://www.instagram.com/p/DMCRH6Vzjl1/,,Instagram,babayoupil,wkwkwkwkwk gua kira pinter ngomongnya taunya kepleset juga,2026-09-16T10:39:20.000Z,,,,
https://www.instagram.com/p/DMCRH6Vzjl1/,,Instagram,miss_helenayue,@maudyayunda duhh malu kak maluuuu awokawokawok,2026-09-16T10:37:58.000Z,,,,
https://www.instagram.com/p/DMCRH6Vzjl1/,,Instagram,rafa.el__marwoto,@justweebs2021 mereka cuma ngeliat satu kesalahan dari ratusan kebaikan yang dia buat,2026-09-16T10:37:57.000Z,,,,
https://www.instagram.com/p/DMCRH6Vzjl1/,,Instagram,droopy.e,We Stand With You @maudyayunda 👋,2026-09-16T10:37:34.000Z,,,,
https://www.instagram.com/p/DMCRH6Vzjl1/,,Instagram,arabhardianto2018,Shame on you,2026-09-16T10:37:30.000Z,,,,
https://www.instagram.com/p/DMCRH6Vzjl1/,,Instagram,r_a_m_m_a_,Cuihh,2026-09-16T10:36:44.000Z,,,,
https://www.instagram.com/p/DMCRH6Vzjl1/,,Instagram,chadel_ririen,"Sorry gua unfoll, cuihhh",2026-09-16T10:36:14.000Z,,,,
https://www.instagram.com/p/DMCRH6Vzjl1/,,Instagram,preciouspearl.gem,minimal hati nya dipakeeeeeee,2026-09-16T10:35:37.000Z,,,,
https://www.instagram.com/p/DMCRH6Vzjl1/,,Instagram,adonamrin,otw Stafsus ✅,2026-09-16T10:34:49.000Z,,,,
https://www.instagram.com/p/DMCRH6Vzjl1/,,Instagram,kyyythemore.themerrier,sejauh apapun tai kucing,2026-09-16T10:34:46.000Z,,,,
https://www.instagram.com/p/DMCRH6Vzjl1/,,Instagram,pickripick,MAUDY BUZZERYUNDA,2026-09-16T10:34:33.000Z,,,,
https://www.instagram.com/p/DMCRH6Vzjl1/,,Instagram,dzulfikaramazig_393,"Bila kaum muda yang telah belajar di sekolah dan menganggap dirinya terlalu tinggi dan pintar untuk melebur dengan masyarakat yang bekerja dengan cangkul dan hanya memiliki cita-cita yang sederhana, maka lebih baik pendidikan itu tidak diberikan sama. Tan malaka",2026-09-16T10:33:39.000Z,,,,
https://www.instagram.com/p/DMCRH6Vzjl1/,,Instagram,abot94,,2026-09-16T10:33:01.000Z,,,,
https://www.instagram.com/p/DMCRH6Vzjl1/,,Instagram,waptrickold,"komennanya orang bodoh semua sdm rendah, mohon dimaklumi",2026-09-16T10:33:01.000Z,,,,
https://www.instagram.com/p/DMCRH6Vzjl1/,,Instagram,sii.item,Tai,2026-09-16T10:32:35.000Z,,,,
https://www.instagram.com/p/DMCRH6Vzjl1/,,Instagram,nilaakiafa,"karhutla d kalimantan,yang hirup asap orang d kalimanta, yang ssah air d kalimantan, yang ssah BBM d kalimantan, yang mati lampu d kalimantan n yang anehnya kw yng takut kna ganguan mental,😂",2026-09-16T10:32:07.000Z,,,,
https://www.instagram.com/p/DMCRH6Vzjl1/,,Instagram,riyan_rd135,Artis kocak,2026-09-16T10:31:58.000Z,,,,
https://www.instagram.com/p/DMCRH6Vzjl1/,,Instagram,taaazahra,"sumpah lo manusia paling jahat, lo gapernah jadi korban diluar sana yang terdampak asap karhutla, ada korban jiwa juga, bahkan ada relawan yang gugur saat mencoba memadamkan api karhutla, masyarakat yang terkena dampaknya yaitu ispa. keracunan mbg dll. lo kalo gabisa berempati mending lo diam, lo itu kuliah juga dari uang rakyat.",2026-09-16T10:31:10.000Z,,,,
https://www.instagram.com/p/DMCRH6Vzjl1/,,Instagram,ngl.leonard,Bad news membuat sy mengenal anda👏,2026-09-16T10:30:42.000Z,,,,
https://www.instagram.com/p/DMCRH6Vzjl1/,,Instagram,dimassnjya___,"ika kamu terganggu dengan berita buruk,kami disini terganggu karena mengalami berita buruk",2026-09-16T10:30:42.000Z,,,,
https://www.instagram.com/p/DMCRH6Vzjl1/,,Instagram,melawati3299,Helllehhh taikkk💩💩💩💩,2026-09-16T10:30:36.000Z,,,,
https://www.instagram.com/p/DMCRH6Vzjl1/,,Instagram,fatikhinnn,Paling abis ini klarifikasi wkwk,2026-09-16T10:30:30.000Z,,,,
https://www.instagram.com/p/DMCRH6Vzjl1/,,Instagram,fahriei2,Cocok nya yg begini nih kalau dia kebakar kita tonton aja kali ya sambil minum es tebu,2026-09-16T10:29:58.000Z,,,,
https://www.instagram.com/p/DMCRH6Vzjl1/,,Instagram,widyabrlna_,sipaling mindfullness,2026-09-16T10:29:44.000Z,,,,
https://www.instagram.com/p/DMCRH6Vzjl1/,,Instagram,shesuciiiiii,Si Maudy baca ga ya,2026-09-16T10:29:37.000Z,,,,
https://www.instagram.com/p/DMCRH6Vzjl1/,,Instagram,beaacond,ANAK KONTOL @ntsakila,2026-09-16T10:29:12.000Z,,,,
https://www.instagram.com/p/DMCRH6Vzjl1/,,Instagram,frdla.22,Diem diem Bae nih mbak nya,2026-09-16T10:28:59.000Z,,,,
https://www.instagram.com/p/DMCRH6Vzjl1/,,Instagram,ahmadyaninasution730,Ngomong kek kentut kau,2026-09-16T10:28:50.000Z,,,,
https://www.instagram.com/p/DMCRH6Vzjl1/,,Instagram,arininurftmh,"Mbak yg nikmatin badnewsnya aja ngerasa keganggu apakabar kami yang di lokasi mbaaakkkkk , yg ngerasainn bad bad nya iniiiii ... cantik pintar tapi sayang empatinya gadaaaa ...",2026-09-16T10:27:53.000Z,,,,
https://www.instagram.com/p/DMCRH6Vzjl1/,,Instagram,itsmeeferry08,,2026-09-16T10:27:25.000Z,,,,
https://www.instagram.com/p/DMCRH6Vzjl1/,,Instagram,matapensil,DUTA KARHUTLA,2026-09-16T10:27:06.000Z,,,,
https://www.instagram.com/p/DMCRH6Vzjl1/,,Instagram,iinnkitty,Hahaha dah paling bener nyanyi ajaaa tapi ternyata minuss empati 👏,2026-09-16T10:27:05.000Z,,,,
https://www.instagram.com/p/DMCRH6Vzjl1/,,Instagram,adicakrawira,Oiiiii kubuuuu,2026-09-16T10:26:50.000Z,,,,
https://www.instagram.com/p/DMCRH6Vzjl1/,,Instagram,efrizaramadhani,cocok ne jadi duta karhutla dan Badnews,2026-09-16T10:26:44.000Z,,,,
https://www.instagram.com/p/DMCRH6Vzjl1/,,Instagram,adicakrawira,Berlari kau kubu.,2026-09-16T10:26:42.000Z,,,,
https://www.instagram.com/p/DMCRH6Vzjl1/,,Instagram,redginger789,Just stick to singing or whatever you do. Stop turning other people’s suffering into your toxic content.,2026-09-16T10:26:40.000Z,,,,
https://www.instagram.com/p/DMCRH6Vzjl1/,,Instagram,jovitakomala,All that and it was ONLINE? Really??????,2026-09-16T10:26:28.000Z,,,,
https://www.instagram.com/p/DMCRH6Vzjl1/,,Instagram,wihartantis,aku unfoll ya mbak dah gak respect,2026-09-16T10:26:21.000Z,,,,
https://www.instagram.com/p/DMCRH6Vzjl1/,,Instagram,sony___46,rame nih🤣,2026-09-16T10:25:56.000Z,,,,
https://www.instagram.com/p/DMCRH6Vzjl1/,,Instagram,miss_helenayue,buset bnyk bgt yg komen gr2 video itu🤣duhhhh malu,2026-09-16T10:25:44.000Z,,,,
https://www.instagram.com/p/DMCRH6Vzjl1/,,Instagram,abyanazm,,2026-09-16T10:25:39.000Z,,,,
https://www.instagram.com/p/DMCRH6Vzjl1/,,Instagram,andrianusrisnandar,Mindfullness Cnah🤣,2026-09-16T10:25:24.000Z,,,,
https://www.instagram.com/p/DMCRH6Vzjl1/,,Instagram,tikaniverce,"Kami ga terima maafmu, kami mau kamu tebus tanggung jawab kan kelakuanmu dengan terjun langsung ke sini!",2026-09-16T10:24:28.000Z,,,,
https://www.instagram.com/p/DMCRH6Vzjl1/,,Instagram,junaidi_zailani,Duta karhutla dapat bayaran brp? Penghasilan gak cukup ya buat ongkos gaya hidup,2026-09-16T10:24:26.000Z,,,,
https://www.instagram.com/p/DMCRH6Vzjl1/,,Instagram,riic_1443,Pintar belum tentu punya empati....otak lo pake...,2026-09-16T10:23:59.000Z,,,,
https://www.instagram.com/p/DMCRH6Vzjl1/,,Instagram,pandhuariswasono,"bapak kau , ksni la kntl pontianak sni main kau ,",2026-09-16T10:23:53.000Z,,,,
https://www.instagram.com/p/DMCRH6Vzjl1/,,Instagram,n3anisah,Muak sok pinter sok cantik,2026-09-16T10:23:21.000Z,,,,
https://www.instagram.com/p/DMCRH6Vzjl1/,,Instagram,redginger789,"Menurutku ini asli natural, bodohnya sendiri. Bukan soal buzzer.",2026-09-16T10:23:18.000Z,,,,
https://www.instagram.com/p/DMCRH6Vzjl1/,,Instagram,anitaadebby,"Ndaa usah pina mesti , sini km mba tinggal di kalimantan",2026-09-16T10:23:15.000Z,,,,
https://www.instagram.com/p/DMCRH6Vzjl1/,,Instagram,hiisalsabila,"dia kan nerapin teori LET THEM guys, jadi kita koar2 dia tetap LET THEM ☺️ gitu deh org kecil dimata org have",2026-09-16T10:23:13.000Z,,,,
https://www.instagram.com/p/DMCRH6Vzjl1/,,Instagram,eko_febrianto7,Pinter sih pinter tapi nirempati,2026-09-16T10:23:02.000Z,,,,
https://www.instagram.com/p/DMCRH6Vzjl1/,,Instagram,wiwihandayani,"Mba, boleh kali main2 ke kalimantan. Gak usah ke desa deh. Ke kota aja kayak balikpapan , kita seminggu 3x mati listrik, air udah mulai mati disebagian kota, spbu antri dimana2 dll. Apalagi dibagian kalimantan lain mba. Pasti gak pernah kebayang kan ? Empatinya dibagusin mba",2026-09-16T10:22:35.000Z,,,,
https://www.instagram.com/p/DMCRH6Vzjl1/,,Instagram,putra_drmwan,P,2026-09-16T10:22:22.000Z,,,,
https://www.instagram.com/p/DMCRH6Vzjl1/,,Instagram,mohanim,empatinya mana?,2026-09-16T10:22:04.000Z,,,,
https://www.instagram.com/p/DMCRH6Vzjl1/,,Instagram,hildajanuarti,"Jangan depan laptop terus mba. Sini ikutan merasakan asap kalimantan. Yg asap nya itu ndak bisa di skip, di badnews",2026-09-16T10:21:46.000Z,,,,
https://www.instagram.com/p/DMCRH6Vzjl1/,,Instagram,wifaq_asfar,"Kamu stress denger bad news, gimana rasanya dengan mereka yang merasakan bad reality?? Kalo ngomong dipikir mbak,. Mulutmu harimaumu,. Mbaknya lebih paham pasti, sekolahnya aja di Oxford university kan?",2026-09-16T10:21:29.000Z,,,,
https://www.instagram.com/p/DMCRH6Vzjl1/,,Instagram,putri_kinara19,Jangan sok Enggris deh lo klau ngomong..,2026-09-16T10:21:25.000Z,,,,
https://www.instagram.com/p/DMCRH6Vzjl1/,,Instagram,dewi_fahima1,Bukannya bantu bersuara malah mau tutup kuping tutup mata,2026-09-16T10:21:05.000Z,,,,
https://www.instagram.com/p/DMCRH6Vzjl1/,,Instagram,ardiansaputra_,Heleh tekek,2026-09-16T10:20:55.000Z,,,,
https://www.instagram.com/p/DMCRH6Vzjl1/,,Instagram,teukuaraaa,Udah bener nyanyi padahal 😭,2026-09-16T10:20:29.000Z,,,,
https://www.instagram.com/p/DMCRH6Vzjl1/,,Instagram,smjynyngjnwn,"minta maaf ga lu anjing, tai lu",2026-09-16T10:19:52.000Z,,,,
https://www.instagram.com/p/DMCRH6Vzjl1/,,Instagram,nazrilwildanpamungkas,😭,2026-09-16T10:19:19.000Z,,,,
https://www.instagram.com/p/DMCRH6Vzjl1/,,Instagram,pi.selpii,anjay blunder juga lu dymaundy,2026-09-16T10:19:13.000Z,,,,
https://www.instagram.com/p/DMCRH6Vzjl1/,,Instagram,tanjunginfo,berisik ani2,2026-09-16T10:19:03.000Z,,,,
https://www.instagram.com/p/DMCRH6Vzjl1/,,Instagram,mom_ev23,"Ternyata otak nya Gibran juga ya! Eh bukan otak nya, tapi hatinya",2026-09-16T10:18:47.000Z,,,,
https://www.instagram.com/p/DMCRH6Vzjl1/,,Instagram,anggisssn,,2026-09-16T10:18:29.000Z,,,,
https://www.instagram.com/p/DMCRH6Vzjl1/,,Instagram,yoyieou,malu ga si sampe di goreng sama windah?,2026-09-16T10:18:21.000Z,,,,
https://www.instagram.com/p/DMCRH6Vzjl1/,,Instagram,m_daylon39,D bayar berapa jadi buzzer kak,2026-09-16T10:17:52.000Z,,,,
https://www.instagram.com/p/DMCRH6Vzjl1/,,Instagram,dananganggarjito_,"Kuliah mahal mahal sampe luar negeri, tapi otak nya ga bisa mikir dengan benar.",2026-09-16T10:17:37.000Z,,,,
https://www.instagram.com/p/DMCRH6Vzjl1/,,Instagram,seblak_mama_azam,Aya naon sih ey kepo yeh 🤣,2026-09-16T10:17:28.000Z,,,,
https://www.instagram.com/p/DMCRH6Vzjl1/,,Instagram,wifaq_asfar,Pintar apa gunanya kalo gak punya empati?,2026-09-16T10:16:40.000Z,,,,
https://www.instagram.com/p/DMCRH6Vzjl1/,,Instagram,strwberyii,"Kak? Aku beneran bilang kaya gitu di YT?. Padahal kamu salah satu public figure yang aku sukain, dan aku ikutin banget. Ga nyangka kamu ngomong kaya gitu ka☹️. Lost respect jadinya☹️",2026-09-16T10:16:39.000Z,,,,
https://www.instagram.com/p/DMCRH6Vzjl1/,,Instagram,oh_nenin,Naro sendal dlu ah,2026-09-16T10:16:22.000Z,,,,
https://www.instagram.com/p/DMCRH6Vzjl1/,,Instagram,alghifari_agit,Mba kalo kena gigit nyamuk langsung ke IGD kan ya,2026-09-16T10:15:57.000Z,,,,
https://www.instagram.com/p/DMCRH6Vzjl1/,,Instagram,rafa.el__marwoto,"Sabar ya mbak soal mereka-mereka, aku ngerti maksudmu gimana. Hanya saja waktunya nggak tepat mbak :'(",2026-09-16T10:15:35.000Z,,,,
https://www.instagram.com/p/DMCRH6Vzjl1/,,Instagram,gqluhh,login,2026-09-16T10:15:12.000Z,,,,
https://www.instagram.com/p/DMCRH6Vzjl1/,,Instagram,rys10ky,Report akunnya guys,2026-09-16T10:15:04.000Z,,,,
https://www.instagram.com/p/DMCRH6Vzjl1/,,Instagram,tabrizalshihafafi,Maynnnpullneesssszzzzz anjai,2026-09-16T10:14:41.000Z,,,,
https://www.instagram.com/p/DMCRH6Vzjl1/,,Instagram,mrizky_setiawan210,Main sini je Kalimantan 🤣🤣🤣,2026-09-16T10:13:54.000Z,,,,
https://www.instagram.com/p/DMCRH6Vzjl1/,,Instagram,andiagungmarta,Eww.. No empathy.. Eww,2026-09-16T10:13:52.000Z,,,,
https://www.instagram.com/p/DMCRH6Vzjl1/,,Instagram,mikko_tri,,2026-09-16T10:13:26.000Z,,,,
https://www.instagram.com/p/DMCRH6Vzjl1/,,Instagram,rys10ky,"Kalo berilmu minimal berempati anjing,badnews² tapi sambil masak di dapur yg ber AC, kimak",2026-09-16T10:12:52.000Z,,,,
https://www.instagram.com/p/DMCRH6Vzjl1/,,Instagram,dom_wsb,Mbak maudy.. mbok ya kalem2 aja kek biasanya.. ngapain tiba2 banget spik ap aneh2..,2026-09-16T10:12:40.000Z,,,,
https://www.instagram.com/p/DMCRH6Vzjl1/,,Instagram,dubisthund13,"Merasa sok iyaa😂 Padahal tiap tahun ada ribuan orang yg lulus dari Stanford..😂😂. Emng dia bisa apa sih.. ujung ujungnya cuma promosiin beasiswa, Selebihnya dia emng bisa apaa🤣🤣🤣. Ga Lo doang yg wisuda dari Stanford Kontollll bnyak orang lain lagi.. Lu ga se spesial itu plissss",2026-09-16T10:12:00.000Z,,,,
https://www.instagram.com/p/DMCRH6Vzjl1/,,Instagram,arthadinatatia,"Sabar ya mba, kayaknya makin liat bad news sekarang ya mba maudy setelah videonya viral… nikmatin aja mbaa, kamu cuma nonton doang kok, org yg ngalamin realitanya. Nirempati + npd..",2026-09-16T10:11:51.000Z,,,,
https://www.instagram.com/p/DMCRH6Vzjl1/,,Instagram,el.zyyyyy,HAYOLOOOOO🤣,2026-09-16T10:11:20.000Z,,,,
https://www.instagram.com/p/DMCRH6Vzjl1/,,Instagram,ridhoyucks,Oohh jadi gitu,2026-09-16T10:10:15.000Z,,,,
https://www.instagram.com/p/DMCRH6Vzjl1/,,Instagram,deswany24_,oh???,2026-09-16T10:09:32.000Z,,,,
https://www.instagram.com/p/DMCRH6Vzjl1/,,Instagram,farhanhedrin_s,,2026-09-16T10:09:27.000Z,,,,
https://www.instagram.com/p/DMCRH6Vzjl1/,,Instagram,furqona313,Semoga mbak dan sekeluarga tidak terjebak dalam asap apapun yaa 😂,2026-09-16T10:09:24.000Z,,,,
https://www.instagram.com/p/DMCRH6Vzjl1/,,Instagram,desky_0924,Minta maaf ga lo @maudyayunda 🫵 udah se ner empati itu lo masih ga merasa bersalah 😮,2026-09-16T10:08:52.000Z,,,,
https://www.instagram.com/p/DMCRH6Vzjl1/,,Instagram,willcatebrit,Perempuan gak guna buat society udah gt gak guna juga gak bisa beranak mandulawatiiii,2026-09-16T10:07:40.000Z,,,,
https://www.instagram.com/p/DMCRH6Vzjl1/,,Instagram,baleee35,,2026-09-16T10:06:47.000Z,,,,
https://www.instagram.com/p/DMCRH6Vzjl1/,,Instagram,ren.ptta15,,2026-09-16T10:05:54.000Z,,,,
https://www.instagram.com/p/DMCRH6Vzjl1/,,Instagram,huhkaget,Bersyukur banget ga pernah ngefans sama @maudyayunda,2026-09-16T10:05:32.000Z,,,,
https://www.instagram.com/p/DMCRH6Vzjl1/,,Instagram,ramdoninats1,Gorengan gorengan 🤣,2026-09-16T10:04:23.000Z,,,,
https://www.instagram.com/p/DMCRH6Vzjl1/,,Instagram,f3d12ick,"Batu juga ya ternyata, sudah dihujat seindonesia masih tidak mau minta maaf, Kita lihat sekeras apa org ini. FYI mbak princess , sejauh ini belum ada yg prnh menang lawan netizen loh 😂",2026-09-16T10:03:47.000Z,,,,
https://www.instagram.com/p/DMCRH6Vzjl1/,,Instagram,agtrsky,pantes dari dulu gasuka liat mukanya😭,2026-09-16T10:03:24.000Z,,,,
https://www.instagram.com/p/DMCRH6Vzjl1/,,Instagram,getlowky,,2026-09-16T10:03:12.000Z,,,,
https://www.instagram.com/p/DMCRH6Vzjl1/,,Instagram,aris_aris_6,,2026-09-16T10:02:32.000Z,,,,
https://www.instagram.com/p/DMCRH6Vzjl1/,,Instagram,dubisthund13,Ehh lu bener bener ANJINGGG YAA SIALLL KONTOLL KURAPPP,2026-09-16T10:02:01.000Z,,,,
https://www.instagram.com/p/DMCRH6Vzjl1/,,Instagram,sadamfrd,"Masih mending konten ""pikiran secara logika"" 🤣",2026-09-16T10:01:25.000Z,,,,
https://www.instagram.com/p/DMCRH6Vzjl1/,,Instagram,xxibgrvinn,,2026-09-16T10:01:19.000Z,,,,
https://www.instagram.com/p/DMCRH6Vzjl1/,,Instagram,soefha_asuefhaa,,2026-09-16T10:01:05.000Z,,,,
https://www.instagram.com/p/DMCRH6Vzjl1/,,Instagram,juliani.pj,"yang ini  lagi yang booming  soal "" bad news"" ituu🙄",2026-09-16T10:00:12.000Z,,,,
https://www.instagram.com/p/DMCRH6Vzjl1/,,Instagram,hei_itsmesee,terpelajar tapi nirempati... kau kira kmi yg kenak bencana ni mau bgini ... sakit hati sama omongnmu lo aku wahai tuan putri,2026-09-16T10:00:10.000Z,,,,
https://www.instagram.com/p/DMCRH6Vzjl1/,,Instagram,iamkurniaa,"Gak kena asap, gak kena gempa, gak keracunan MBG, gak miskin, dan lu capek 👍👍",2026-09-16T10:00:10.000Z,,,,
https://www.instagram.com/p/DMCRH6Vzjl1/,,Instagram,okyrisalfiansyah,P LOGIN,2026-09-16T10:00:02.000Z,,,,
https://www.instagram.com/p/DMCRH6Vzjl1/,,Instagram,cahyaranz,Sebentar lagi bikin video tutorial menghadapi rujak netizen dengan tenang  ya mbak..,2026-09-16T09:59:57.000Z,,,,
https://www.instagram.com/p/DMCRH6Vzjl1/,,Instagram,ulfaadwima,Blunderrrr kann hayolooooo mau nyapunya gmnaa😂,2026-09-16T09:59:18.000Z,,,,
https://www.instagram.com/p/DMCRH6Vzjl1/,,Instagram,muzawwirulfahmi,Mau di ayun da?gamau ah,2026-09-16T09:59:10.000Z,,,,
https://www.instagram.com/p/DMCRH6Vzjl1/,,Instagram,sanhereforyou_,Makanya Miskin Biar tau Apa itu Bad News anjing!,2026-09-16T09:59:01.000Z,,,,
https://www.instagram.com/p/DMCRH6Vzjl1/,,Instagram,chintya_septiana91,"kesni mbaa,,ke banjarmasin😂😂biar paru2 kamu sehaat😂",2026-09-16T09:58:46.000Z,,,,
https://www.instagram.com/p/DMCRH6Vzjl1/,,Instagram,fckmnds,"IZIN UNFOLL, THANKS.",2026-09-16T09:58:44.000Z,,,,
https://www.instagram.com/p/DMCRH6Vzjl1/,,Instagram,titik_rinduku,Maudy Ayunda DOWNFALL ERA,2026-09-16T09:58:26.000Z,,,,
https://www.instagram.com/p/DMCRH6Vzjl1/,,Instagram,apple.pie218,"maudy main ke sumatera sini, lihat kami menghirup kabut asap, udah batuk belum kunjung sembuh nih",2026-09-16T09:58:21.000Z,,,,
https://www.instagram.com/p/DMCRH6Vzjl1/,,Instagram,ronnyrosmawatysinurat,@jessechoi_,2026-09-16T09:57:29.000Z,,,,
https://www.instagram.com/p/DMCRH6Vzjl1/,,Instagram,dedessitta,"Dari dulu juga ini orang songong, sini lo kekalimatan, bnyk bacot bngt lu, Disini kami udah pengep ya sama polusi bnyk yg sakit jg krna efek asap, lo daripada banyak bacot dengan bahasa Inggris lo yg ksong itu mending lo bantu madamin api disni jirr.",2026-09-16T09:56:29.000Z,,,,
https://www.instagram.com/p/DMCRH6Vzjl1/,,Instagram,newcrewdie,CIEEEEE BLUNDER !,2026-09-16T09:56:08.000Z,,,,
https://www.instagram.com/p/DMCRH6Vzjl1/,,Instagram,syahanny98,Blunder,2026-09-16T09:56:04.000Z,,,,
https://www.instagram.com/p/DMCRH6Vzjl1/,,Instagram,aprilia_lia18,Asbun,2026-09-16T09:55:56.000Z,,,,
https://www.instagram.com/p/DMCRH6Vzjl1/,,Instagram,titik_rinduku,Ku kira PINTER ASLI ternyata selama ini hanyalah KEDOK UNTUK IMAGE PUBLIK biar laku😂,2026-09-16T09:55:01.000Z,,,,
https://www.instagram.com/p/DMCRH6Vzjl1/,,Instagram,rfly_y12,hoek cuih,2026-09-16T09:54:06.000Z,,,,
https://www.instagram.com/p/DMCRH6Vzjl1/,,Instagram,layutupa,"Minimal kalo ga bisa berbuat apa² mah doain aja si. Gausah bikin statement yang bertele² dengan buat video nirempati kamu. Kamu hanya klarifikasi agar tidak di cancel culture. Tidak ada kata permintaan maaf, ataupun rasa bersalah, tidak juga ada isi didalam point itu. Yang ada hanya berputar² untuk membuktikan bahwa kamu benar! Manusia nirempati. Terbiasa duduk dan makan disuapi, jadi tidak pernah merasa merangkak.",2026-09-16T09:53:05.000Z,,,,
https://www.instagram.com/p/DMCRH6Vzjl1/,,Instagram,rifqibq26,Kuliah di oxford kok dongo bgt,2026-09-16T09:52:54.000Z,,,,
https://www.instagram.com/p/DMCRH6Vzjl1/,,Instagram,ridwanfauzyy_,"so inggris pler , kuliah masi dari pemerintah aja gaya wkwk",2026-09-16T09:52:47.000Z,,,,
https://www.instagram.com/p/DMCRH6Vzjl1/,,Instagram,oshopyuki02,Akhirnya mata nitizen kebuka siapa u sebenernya,2026-09-16T09:52:08.000Z,,,,
https://www.instagram.com/p/DMCRH6Vzjl1/,,Instagram,dn.dhnr,"Salah satu public figure yang gue kagumin dari dulu, tapi sekarang keblunder sendiri gara-gara tone deaf. Sorry ya, aku harus unfoll. Soalnya kata mamah, selain lingkungan, role model juga mempengaruhi. Ya kalo aku sih gamau jadi orang yang ga bisa berempati🙏",2026-09-16T09:51:42.000Z,,,,
https://www.instagram.com/p/DMCRH6Vzjl1/,,Instagram,mnugro.id,Siapa perempuan ini?,2026-09-16T09:50:42.000Z,,,,
https://www.instagram.com/p/DMCRH6Vzjl1/,,Instagram,yaw.esss,Otak Gibran juga,2026-09-16T09:50:31.000Z,,,,
https://www.instagram.com/p/DMCRH6Vzjl1/,,Instagram,faceyourfear_ss,"Beauty, brain, behavior ❌️ Beast, brainrot, biadabvior ✅️",2026-09-16T09:50:12.000Z,,,,
https://www.instagram.com/p/DMCRH6Vzjl1/,,Instagram,puluwpuluwbaiiik,"FILM YG ADA DIA,
LAGU DIA,
PRODUK YG BA NYA DIA,
ENDORSE DIA
BETTER KITA APAIN GUYSSSSS????
🔥🔥",2026-09-16T09:50:03.000Z,,,,
https://www.instagram.com/p/DMCRH6Vzjl1/,,Instagram,flowerence___,I’m sorry for talking about you behind your back,2026-09-16T09:49:19.000Z,,,,
https://www.instagram.com/p/DMCRH6Vzjl1/,,Instagram,jidhannzxx,,2026-09-16T09:49:07.000Z,,,,
https://www.instagram.com/p/DMCRH6Vzjl1/,,Instagram,wtflsyahrul,Gapunya empati,2026-09-16T09:48:22.000Z,,,,
https://www.instagram.com/p/DMCRH6Vzjl1/,,Instagram,ahmadyasin173,"Adab , baru ilmu.",2026-09-16T09:48:20.000Z,,,,
https://www.instagram.com/p/DMCRH6Vzjl1/,,Instagram,wanaidriss77,"Di Oxford tidak diajarkan empati ternyata. Mahasiswa PPE Oxford lho,.. Menganggap realita kami sebagai ""negativity"" Dan ""bad news""",2026-09-16T09:47:47.000Z,,,,
https://www.instagram.com/p/DMCRH6Vzjl1/,,Instagram,marsyaameliasandi,HOKCUH,2026-09-16T09:47:39.000Z,,,,
https://www.instagram.com/p/DMCRH6Vzjl1/,,Instagram,zexo_zenits,,2026-09-16T09:46:27.000Z,,,,
https://www.instagram.com/p/DMCRH6Vzjl1/,,Instagram,yuda.secret,Sekarang dia merasakan bedanya dipikirkan dan dialami 😂😂,2026-09-16T09:46:09.000Z,,,,
https://www.instagram.com/p/DMCRH6Vzjl1/,,Instagram,eternalsunshine_19,Cancel,2026-09-16T09:44:50.000Z,,,,
https://www.instagram.com/p/DMCRH6Vzjl1/,,Instagram,acquinyk,🤮,2026-09-16T09:44:49.000Z,,,,
https://www.instagram.com/p/DMCRH6Vzjl1/,,Instagram,yprda_,Turun langsung sini mba ke kalimantan,2026-09-16T09:44:13.000Z,,,,
https://www.instagram.com/p/DMCRH6Vzjl1/,,Instagram,assabir99,Dia tau aja caranya biar viral,2026-09-16T09:43:47.000Z,,,,
https://www.instagram.com/p/DMCRH6Vzjl1/,,Instagram,redginger789,Lulusan Oxford dan Standford tapi ternyata very low IQ 😂,2026-09-16T09:43:30.000Z,,,,
https://www.instagram.com/p/DMCRH6Vzjl1/,,Instagram,affannsuii,,2026-09-16T09:42:07.000Z,,,,
https://www.instagram.com/p/DMCRH6Vzjl1/,,Instagram,hrmwnn9,"kalo punya uang lebih mending periksa kejiwaan lu, klo blm bisa berbuat baik mending diem, percuma sekolah tinggi' klo punya mulut sm hati gak tinggi juga, miris. lain kali bacotnya dijaga ya!",2026-09-16T09:41:48.000Z,,,,
https://www.instagram.com/p/DMCRH6Vzjl1/,,Instagram,irmasrswti,Gak pernah suka sm artis ini,2026-09-16T09:41:46.000Z,,,,
https://www.instagram.com/p/DMCRH6Vzjl1/,,Instagram,japerenesia,Unfollow gw😂,2026-09-16T09:41:33.000Z,,,,
https://www.instagram.com/p/DMCRH6Vzjl1/,,Instagram,awkameak,he,2026-09-16T09:41:21.000Z,,,,
https://www.instagram.com/p/DMCRH6Vzjl1/,,Instagram,kawansetiaprinting,Orang kaya emang kaya Gitu lagunya.Tengil.,2026-09-16T09:40:57.000Z,,,,
https://www.instagram.com/p/DMCRH6Vzjl1/,,Instagram,rzkyyyyrm,,2026-09-16T09:40:51.000Z,,,,
https://www.instagram.com/p/DMCRH6Vzjl1/,,Instagram,1nal20__,,2026-09-16T09:40:28.000Z,,,,
https://www.instagram.com/p/DMCRH6Vzjl1/,,Instagram,redginger789,"Tadi nemu komen ada yg lucu, ""ilmu padi neng bukan ilmu sawit"" hahaha",2026-09-16T09:39:48.000Z,,,,
https://www.instagram.com/p/DMCRH6Vzjl1/,,Instagram,dira_akana,"Orang kalo kepinteran jd nya begini,keblenger sendiri bacotnya 🤣🤣🤣 minimal otak di pake ya mba kalo mo ngebacot 🤪🤪",2026-09-16T09:39:31.000Z,,,,
https://www.instagram.com/p/DMCRH6Vzjl1/,,Instagram,alfghnn,Menggali kubur sendiri,2026-09-16T09:39:16.000Z,,,,
https://www.instagram.com/p/DMCRH6Vzjl1/,,Instagram,rosihan_nn,"Maudy Ayunda
IQ jelas sudah teruji tinggi dari dimana kampusnya.
Tapi EQ jelas masih belum berhasil di luluskan olehnya, yang jelas harus ada di dirinya karena memakai dana rakyat untuk pendidikan itu dan sebagai tanggung-jawab publik figur.

IQ tinggi itu untuk nilai personal, juga untuk cerahnya nilai hidup personal. Tapi EQ juga harus ada untuk menjaga tatanan sosial manusia yang membentuk masyarakat untuk tetap di jalur yang berperadaban",2026-09-16T09:39:06.000Z,,,,
https://www.instagram.com/p/DMCRH6Vzjl1/,,Instagram,bowi_egolifter,Realita konoha 😭😭😭,2026-09-16T09:38:49.000Z,,,,
https://www.instagram.com/p/DMCRH6Vzjl1/,,Instagram,wana74186,Rip..cepetan deh lu njing,2026-09-16T09:36:19.000Z,,,,
https://www.instagram.com/p/DMCRH6Vzjl1/,,Instagram,mshann22,no respect😢,2026-09-16T09:36:14.000Z,,,,
https://www.instagram.com/p/DMCRH6Vzjl1/,,Instagram,lyudmila_pavlincenko,Mirip prabowo g ada empati,2026-09-16T09:36:00.000Z,,,,
https://www.instagram.com/p/DMCRH6Vzjl1/,,Instagram,imanperdana,mulutmu harimau mu #pribahasa inpoh ajeh,2026-09-16T09:35:57.000Z,,,,
https://www.instagram.com/p/DMCRH6Vzjl1/,,Instagram,cripxwalk,selamat sekarang kami warga indo mendengar bad news tentang dirimu 😂😭 dan kami muak,2026-09-16T09:35:45.000Z,,,,
https://www.instagram.com/p/DMCRH6Vzjl1/,,Instagram,didikmaulana,"Main"" sini kak ke Kalimantan",2026-09-16T09:35:36.000Z,,,,
https://www.instagram.com/p/DMCRH6Vzjl1/,,Instagram,maya_3ana,Tone deaf to the moon. Sekolah aja masih pakai uang pajak rakyat Indonesia tapi milih mindfulness utk bad news yg tengah yerjadi di masyarakat Indonesia.,2026-09-16T09:34:47.000Z,,,,
https://www.instagram.com/p/DMCRH6Vzjl1/,,Instagram,crystanousta,blunder lmao,2026-09-16T09:34:01.000Z,,,,
https://www.instagram.com/p/DMCRH6Vzjl1/,,Instagram,kerupuk.kulitsapi_,,2026-09-16T09:34:00.000Z,,,,
https://www.instagram.com/p/DMCRH6Vzjl1/,,Instagram,fitaadwii_,"kalo ada uang lebih,beli empati aja kak😂",2026-09-16T09:33:25.000Z,,,,
https://www.instagram.com/p/DMCRH6Vzjl1/,,Instagram,heztyiiee,No emphaty,2026-09-16T09:32:36.000Z,,,,
https://www.instagram.com/p/DMCRH6Vzjl1/,,Instagram,rioobk_,,2026-09-16T09:32:21.000Z,,,,
https://www.instagram.com/p/DMCRH6Vzjl1/,,Instagram,nurdiahgustikaputri,Rip,2026-09-16T09:32:10.000Z,,,,
https://www.instagram.com/p/DMCRH6Vzjl1/,,Instagram,citadama,Engga ada empati 😭,2026-09-16T09:31:50.000Z,,,,
https://www.instagram.com/p/DMCRH6Vzjl1/,,Instagram,redginger789,Don’t ever run your mouth at ordinary people. We’ll hit back harder than the shit you throw at us. 🤣🔥,2026-09-16T09:31:35.000Z,,,,
https://www.instagram.com/p/DMCRH6Vzjl1/,,Instagram,babynopita,oh hell nawh,2026-09-16T09:31:31.000Z,,,,
https://www.instagram.com/p/DMCRH6Vzjl1/,,Instagram,bukit_menoreh1,Minggat dari Indonesia,2026-09-16T09:30:38.000Z,,,,
https://www.instagram.com/p/DMCRH6Vzjl1/,,Instagram,rwaf.nst,Pintar tapi ... 🧠,2026-09-16T09:30:29.000Z,,,,
https://www.instagram.com/p/DMCRH6Vzjl1/,,Instagram,gathaa888,"Dr dulu gasuka dia, dr dia deket sama Vidi aldiano aja gapunya attitude kalau ngomong",2026-09-16T09:29:40.000Z,,,,
https://www.instagram.com/p/DMCRH6Vzjl1/,,Instagram,benedicto.pvl,beasiswa lu dari uang rakyat bro bukan petinggi negara wkwkw,2026-09-16T09:28:57.000Z,,,,
https://www.instagram.com/p/DMCRH6Vzjl1/,,Instagram,ketumbqr,,2026-09-16T09:28:56.000Z,,,,
https://www.instagram.com/p/DMCRH6Vzjl1/,,Instagram,gst_innnn00,"Maaf ya moudy atas bad news nyy, semoga kamu tetep waras dan ga ngerasai gimana susahnya apa yg kami rasakan",2026-09-16T09:28:39.000Z,,,,
https://www.instagram.com/p/DMCRH6Vzjl1/,,Instagram,caknu_11,,2026-09-16T09:27:56.000Z,,,,
https://www.instagram.com/p/DMCRH6Vzjl1/,,Instagram,its_4an,"Kamu pinter, tapi lebih pinter lagi kalau kamu diam.",2026-09-16T09:27:54.000Z,,,,
https://www.instagram.com/p/DMCRH6Vzjl1/,,Instagram,rizalsiddiqbatubara1,Langsung di serang pasukan wabah😂,2026-09-16T09:27:41.000Z,,,,
https://www.instagram.com/p/DMCRH6Vzjl1/,,Instagram,sriwahyuu_18,Mulutmu harimau muu taukann sekarang terjadi pada kamu @maudyayunda 👏,2026-09-16T09:25:56.000Z,,,,
https://www.instagram.com/p/DMCRH6Vzjl1/,,Instagram,softlunediary,@jessechoi_ bang istrinya nih bang viral.,2026-09-16T09:23:41.000Z,,,,
https://www.instagram.com/p/DMCRH6Vzjl1/,,Instagram,alvinrizki03,,2026-09-16T09:23:29.000Z,,,,
https://www.instagram.com/p/DMCRH6Vzjl1/,,Instagram,su.dar526,Muka cantik otak bosok,2026-09-16T09:22:36.000Z,,,,
https://www.instagram.com/p/DMCRH6Vzjl1/,,Instagram,dedyristiady,main main ke kalimantan biar ga asal ngomong,2026-09-16T09:22:10.000Z,,,,
https://www.instagram.com/p/DMCRH6Vzjl1/,,Instagram,lalafk_22,"Kak, aku tau kamu ga punya intensi buruk tapi banyak orang yg keliru nangkap maksud ucapan kamu. Pasti komen ini juga tenggelam tapi semoga aja kamu bisa baca ini, aku cuma mau bilang tetep semangat ya🤍 meskipun aku tau pasti kamu lagi sedih banget dan shock situasinya malah jadi begini😔 aku yg baca“ komennya aja langsung down apalagi kamu..",2026-09-16T09:21:46.000Z,,,,
https://www.instagram.com/p/DMCRH6Vzjl1/,,Instagram,sir_jp00,,2026-09-16T09:21:39.000Z,,,,
https://www.instagram.com/p/DMCRH6Vzjl1/,,Instagram,iqbald.wejdene,,2026-09-16T09:20:59.000Z,,,,
https://www.instagram.com/p/DMCRH6Vzjl1/,,Instagram,angsaputih123,,2026-09-16T09:20:27.000Z,,,,
https://www.instagram.com/p/DMCRH6Vzjl1/,,Instagram,millah_raffabizarsy,Salah satu contoh pentingnya mengajarkan anak Adab di atas Ilmu,2026-09-16T09:20:25.000Z,,,,
https://www.instagram.com/p/DMCRH6Vzjl1/,,Instagram,ajengandhany,Tydac fantast!,2026-09-16T09:20:13.000Z,,,,
https://www.instagram.com/p/DMCRH6Vzjl1/,,Instagram,wenywidiaw,"Cape like komen, tiap detik bgt munculnya😂",2026-09-16T09:19:06.000Z,,,,
https://www.instagram.com/p/DMCRH6Vzjl1/,,Instagram,erniejun_jones,disappointed 😭,2026-09-16T09:19:02.000Z,,,,
https://www.instagram.com/p/DMCRH6Vzjl1/,,Instagram,ldynmsyl05,"Padahal gue salah satu fans lu, apalagi gue suka banget lagu yang ""kamu dan kenangan"" bukan, ""kamu dan kenangan"" lagi ini mah, udah ""kamu dan kekecewaan"" kecewa banget sih. Cantik fisik aja, hati sama pikiran jelek",2026-09-16T09:19:01.000Z,,,,
https://www.instagram.com/p/DMCRH6Vzjl1/,,Instagram,softlunediary,Unfoll ah.,2026-09-16T09:18:47.000Z,,,,
https://www.instagram.com/p/DMCRH6Vzjl1/,,Instagram,aisyahii42,Manusia GK punya empati,2026-09-16T09:18:27.000Z,,,,
https://www.instagram.com/p/DMCRH6Vzjl1/,,Instagram,ridhofalfajri,Maen sini ke kalimantan kak. Nafas aja sulit. Statement nirempati,2026-09-16T09:18:25.000Z,,,,
https://www.instagram.com/p/DMCRH6Vzjl1/,,Instagram,dhimasfebriann_,ckckck keterlaluan lu ye,2026-09-16T09:18:19.000Z,,,,
https://www.instagram.com/p/DMCRH6Vzjl1/,,Instagram,engki_nih,,2026-09-16T09:18:15.000Z,,,,
https://www.instagram.com/p/DMCRH6Vzjl1/,,Instagram,softlunediary,Diem aja mod pas viral biasanya ngoceh pake bahasa inggris atau gak outfit check pake segala kain dari indonesia ceunah 🤣🤣🤣,2026-09-16T09:18:12.000Z,,,,
https://www.instagram.com/p/DMCRH6Vzjl1/,,Instagram,dhegazi14,,2026-09-16T09:17:44.000Z,,,,
https://www.instagram.com/p/DMCRH6Vzjl1/,,Instagram,dhegazi14,,2026-09-16T09:17:28.000Z,,,,
https://www.instagram.com/p/DMCRH6Vzjl1/,,Instagram,redginger789,Just eat your food and shut up! 🤣🤣🤣,2026-09-16T09:17:16.000Z,,,,
https://www.instagram.com/p/DMCRH6Vzjl1/,,Instagram,dontgoawayy__,manusia tidak akan saling memahami jika tak merasakan penderitaan yang sama,2026-09-16T09:17:14.000Z,,,,
https://www.instagram.com/p/DMCRH6Vzjl1/,,Instagram,ariffw22,,2026-09-16T09:17:02.000Z,,,,
https://www.instagram.com/p/DMCRH6Vzjl1/,,Instagram,kamikamusakit,,2026-09-16T09:16:54.000Z,,,,
https://www.instagram.com/p/DMCRH6Vzjl1/,,Instagram,redginger789,Shut your fucking mouth!,2026-09-16T09:16:51.000Z,,,,
https://www.instagram.com/p/DMCRH6Vzjl1/,,Instagram,hapelaa,,2026-09-16T09:16:49.000Z,,,,
https://www.instagram.com/p/DMCRH6Vzjl1/,,Instagram,ricky_agustt,Orang nirempati,2026-09-16T09:16:38.000Z,,,,
https://www.instagram.com/p/DMCRH6Vzjl1/,,Instagram,yhnhrmwn,,2026-09-16T09:16:18.000Z,,,,
https://www.instagram.com/p/DMCRH6Vzjl1/,,Instagram,alfathnifr,bacotttt tai,2026-09-16T09:16:14.000Z,,,,
https://www.instagram.com/p/DMCRH6Vzjl1/,,Instagram,civaca_,,2026-09-16T09:16:09.000Z,,,,
https://www.instagram.com/p/DMCRH6Vzjl1/,,Instagram,salad_yukkk,"Sangat di sayangkan, susah sih kalau kamu ga pernah merasakan dan terjun langsung apa yg terjadi di Kalimantan dll, kamu ga pernah merasakan antri bensin kesusahan cari bensin pakai motor biasa, kamu kaya raya mampu dapet beasiswa lpdp dari hasil uang rakyat harus nya malu, padahal bisa buat orang yg membutuhkan, sangat minim empati huft,",2026-09-16T09:15:45.000Z,,,,
https://www.instagram.com/p/DMCRH6Vzjl1/,,Instagram,gouwmichael,maluuuu😭,2026-09-16T09:15:30.000Z,,,,
https://www.instagram.com/p/DMCRH6Vzjl1/,,Instagram,_noturbae005,"Maudy gak cerdas ternyata, dia lebih ke pinter secara akademik. orang cerdas bakal lebih paham dari segi akademik, sosial, emosional.",2026-09-16T09:15:15.000Z,,,,
https://www.instagram.com/p/DMCRH6Vzjl1/,,Instagram,trimaulanaqq,,2026-09-16T09:14:57.000Z,,,,
https://www.instagram.com/p/DMCRH6Vzjl1/,,Instagram,ptryzwnnn,My idol blunder 😢😢😢,2026-09-16T09:14:53.000Z,,,,
https://www.instagram.com/p/DMCRH6Vzjl1/,,Instagram,trimaulanaqq,siapa dulu yang komen freaky ass niga😂,2026-09-16T09:14:32.000Z,,,,
https://www.instagram.com/p/DMCRH6Vzjl1/,,Instagram,jellyueen,"yawla maudy, pdhl u nama public figure yg smpt terucap dr mulut gue kl u panutan krn kepintran u si... knp si 😭",2026-09-16T09:14:03.000Z,,,,
https://www.instagram.com/p/DMCRH6Vzjl1/,,Instagram,dhegazi14,,2026-09-16T09:13:58.000Z,,,,
https://www.instagram.com/p/DMCRH6Vzjl1/,,Instagram,azfexn_98,Suruh acuh ama badnews tapi sendirinya jadi badnews dasar buzzer wowo🤣,2026-09-16T09:13:41.000Z,,,,
https://www.instagram.com/p/DMCRH6Vzjl1/,,Instagram,errdeen_,Orang aneh,2026-09-16T09:13:31.000Z,,,,
https://www.instagram.com/p/DMCRH6Vzjl1/,,Instagram,gepamungkas.id,,2026-09-16T09:13:27.000Z,,,,
https://www.instagram.com/p/DMCRH6Vzjl1/,,Instagram,gjd_purnama_,orang have pantasan,2026-09-16T09:13:15.000Z,,,,
https://www.instagram.com/p/DMCRH6Vzjl1/,,Instagram,dhegazi14,,2026-09-16T09:12:39.000Z,,,,
https://www.instagram.com/p/DMCRH6Vzjl1/,,Instagram,m_suh03,,2026-09-16T09:12:27.000Z,,,,
https://www.instagram.com/p/DMCRH6Vzjl1/,,Instagram,shakilaaa_m,"Gak expect idola dari masa kecil bisa se gak ber-hati itu ditengah musibah2 dan kebijakan pemerintah yg makin hari makin membinasakan rakyat,  jujur aku kecewa 😭💔",2026-09-16T09:12:08.000Z,,,,
https://www.instagram.com/p/DMCRH6Vzjl1/,,Instagram,dhegazi14,,2026-09-16T09:12:04.000Z,,,,
https://www.instagram.com/p/DMCRH6Vzjl1/,,Instagram,sa_fira3705,Nirempati😢,2026-09-16T09:11:47.000Z,,,,
https://www.instagram.com/p/DMCRH6Vzjl1/,,Instagram,laudzaafrizal,"Kuliah Tinggi Tinggi buat apa? Yupp, jadi Buzzer🤪🤪🤪",2026-09-16T09:11:29.000Z,,,,
https://www.instagram.com/p/DMCRH6Vzjl1/,,Instagram,dhegazi14,,2026-09-16T09:11:15.000Z,,,,
https://www.instagram.com/p/DMCRH6Vzjl1/,,Instagram,ulfahafni_,Woii  LPDP😂 ngga malu lu kuliah pake uang rakyat,2026-09-16T09:11:04.000Z,,,,
https://www.instagram.com/p/DMCRH6Vzjl1/,,Instagram,dhegazi14,,2026-09-16T09:11:04.000Z,,,,
https://www.instagram.com/p/DMCRH6Vzjl1/,,Instagram,nyamnyamgoreng,,2026-09-16T09:10:45.000Z,,,,
https://www.instagram.com/p/DMCRH6Vzjl1/,,Instagram,lavien_yin,"saking pinternya jadi minim empati, miris sih. kuliah jauh jauh + mahal mahal kalo hasil nya zonk gini. dulu gue kagum terus jadiin dia panutan, tapi sekarang kek nya dia ga pantas jadi panutan. sorry dah hilang rispek",2026-09-16T09:09:47.000Z,,,,
https://www.instagram.com/p/DMCRH6Vzjl1/,,Instagram,yogiernes,Tel Aviv girl,2026-09-16T09:09:45.000Z,,,,
https://www.instagram.com/p/DMCRH6Vzjl1/,,Instagram,semz_sky,GK PUNYA HATI NURANI👏🔥😢,2026-09-16T09:09:43.000Z,,,,
https://www.instagram.com/p/DMCRH6Vzjl1/,,Instagram,_kevinnn53,,2026-09-16T09:09:24.000Z,,,,
https://www.instagram.com/p/DMCRH6Vzjl1/,,Instagram,lan_mlnaa,,2026-09-16T09:08:49.000Z,,,,
https://www.instagram.com/p/DMCRH6Vzjl1/,,Instagram,lvisukesi,Jangan di hapus ya jejak digital kejam,2026-09-16T09:08:17.000Z,,,,
https://www.instagram.com/p/DMCRH6Vzjl1/,,Instagram,__zza__04,Apakah pengalihan isu?,2026-09-16T09:07:49.000Z,,,,
https://www.instagram.com/p/DMCRH6Vzjl1/,,Instagram,panglima7640,"JADI ORANG JANGANLAH MERASA PINTAR, TAPI PINTAR LAH MERASA",2026-09-16T09:07:40.000Z,,,,
https://www.instagram.com/p/DMCRH6Vzjl1/,,Instagram,lifolifjava,Gw komen masih 13k balik lagi udh 18k 😂🤣,2026-09-16T09:07:14.000Z,,,,
https://www.instagram.com/p/DMCRH6Vzjl1/,,Instagram,its_me_rulzz,Kak coba ke Kalimantan dh paket lengkap 😂🤣,2026-09-16T09:07:10.000Z,,,,
https://www.instagram.com/p/DMCRH6Vzjl1/,,Instagram,kazomajid17,orang kaya tengil,2026-09-16T09:06:01.000Z,,,,
https://www.instagram.com/p/DMCRH6Vzjl1/,,Instagram,bagusmike,Herani pang aku,2026-09-16T09:05:47.000Z,,,,
https://www.instagram.com/p/DMCRH6Vzjl1/,,Instagram,cripxwalk,malah maudy yang jadi bad news nya HAHA 😂😂,2026-09-16T09:05:29.000Z,,,,
https://www.instagram.com/p/DMCRH6Vzjl1/,,Instagram,erwan.kaneki,"Malah dia yang sekarang jdi bad news di indonesiaaa heran dah gue kalo ga bisa bantuin rakyat ya diem2 aja dah, bener kata pain nagato “manusia tidak akan memahami kalo tidak merasakan hal yang sama.”",2026-09-16T09:03:40.000Z,,,,
https://www.instagram.com/p/DMCRH6Vzjl1/,,Instagram,roniway._,18k 😅,2026-09-16T09:03:07.000Z,,,,
https://www.instagram.com/p/DMCRH6Vzjl1/,,Instagram,_raaa9_,G brani respon kah,2026-09-16T09:03:02.000Z,,,,
https://www.instagram.com/p/DMCRH6Vzjl1/,,Instagram,hnf_96,Buzzer kelas elite ini🔥,2026-09-16T09:02:51.000Z,,,,
https://www.instagram.com/p/DMCRH6Vzjl1/,,Instagram,cldyoprtm_,Dongo apa gimana ? 😂,2026-09-16T09:02:20.000Z,,,,
https://www.instagram.com/p/DMCRH6Vzjl1/,,Instagram,redginger789,Jgn asal bacot mba takutnya Pemerintah yg seharusnya sedang berjuang malah kena hujat juga gegara kamu trouble maker org jd mikir ke arah politik sini sana kena hujat.,2026-09-16T09:01:46.000Z,,,,
https://www.instagram.com/p/DMCRH6Vzjl1/,,Instagram,lvisukesi,Seperti coklat dalam box,2026-09-16T09:00:56.000Z,,,,
https://www.instagram.com/p/DMCRH6Vzjl1/,,Instagram,bellian_451,Punya empati minimal coba kalau anda di posisi mereka masih berani bilang gitu,2026-09-16T09:00:19.000Z,,,,
https://www.instagram.com/p/DMCRH6Vzjl1/,,Instagram,pncr_22,,2026-09-16T09:00:14.000Z,,,,
https://www.instagram.com/p/DMCRH6Vzjl1/,,Instagram,nfl.hdrr,,2026-09-16T08:59:51.000Z,,,,
https://www.instagram.com/p/DMCRH6Vzjl1/,,Instagram,siti.nurjanah4747,Jadi ga respect padahal ngefans dulu😢,2026-09-16T08:59:05.000Z,,,,
https://www.instagram.com/p/DMCRH6Vzjl1/,,Instagram,fflawedmind,mindfulness ye,2026-09-16T08:58:45.000Z,,,,
https://www.instagram.com/p/DMCRH6Vzjl1/,,Instagram,poseidons0,Wkwkwk wasyuu wes rame @andyprbw,2026-09-16T08:58:35.000Z,,,,
https://www.instagram.com/p/DMCRH6Vzjl1/,,Instagram,nf.naana_21,,2026-09-16T08:58:29.000Z,,,,
https://www.instagram.com/p/DMCRH6Vzjl1/,,Instagram,_mursyidulamin,,2026-09-16T08:57:42.000Z,,,,
https://www.instagram.com/p/DMCRH6Vzjl1/,,Instagram,patriaaprl,"Minim empati, atau ngga liat berita keadaan negeri sendiri ?",2026-09-16T08:57:31.000Z,,,,
https://www.instagram.com/p/DMCRH6Vzjl1/,,Instagram,tahilalatcomx,#BoikotMaudyAyunda,2026-09-16T08:57:14.000Z,,,,
https://www.instagram.com/p/DMCRH6Vzjl1/,,Instagram,iwann.sr,No Respect 🔥,2026-09-16T08:56:47.000Z,,,,
https://www.instagram.com/p/DMCRH6Vzjl1/,,Instagram,onco_31,"Pendidikannya setinggi langit, tapi attitudenya serendah bumi. Cantik kaga, sok Mindfullnes iya. #BoikotMaudyAyunda",2026-09-16T08:56:44.000Z,,,,
https://www.instagram.com/p/DMCRH6Vzjl1/,,Instagram,tahilalatcomx,"awalnya sih kagum ya, eh makin kesini otak ga dipake",2026-09-16T08:56:31.000Z,,,,
https://www.instagram.com/p/DMCRH6Vzjl1/,,Instagram,jasuuke05,"Main"" lah ksini nya biar tau langsung gmn keadaan di kalbar ni . air payau , asap kabut pekat , air bersih langkah , stidaknya empati sih 🤧",2026-09-16T08:56:15.000Z,,,,
https://www.instagram.com/p/DMCRH6Vzjl1/,,Instagram,lindu_aji771,"yang perlu dipahami sekarang ternyata, berpendidikan tinggi belum menjamin tingginya empati seseorang",2026-09-16T08:56:06.000Z,,,,
https://www.instagram.com/p/DMCRH6Vzjl1/,,Instagram,muhammadfendra,Pentingnya adab diatas ilmu.. 👏,2026-09-16T08:56:03.000Z,,,,
https://www.instagram.com/p/DMCRH6Vzjl1/,,Instagram,redginger789,"Zonknya borongan, zonk empati plus zonk otak. Semua zonk 😂",2026-09-16T08:55:43.000Z,,,,
https://www.instagram.com/p/DMCRH6Vzjl1/,,Instagram,tahilalatcomx,"keren banget coo udh 18,2 rb",2026-09-16T08:55:07.000Z,,,,
https://www.instagram.com/p/DMCRH6Vzjl1/,,Instagram,__zza__04,,2026-09-16T08:54:05.000Z,,,,
https://www.instagram.com/p/DMCRH6Vzjl1/,,Instagram,dasysyifah,dikira enak batuk pilek tiap hari 😭 isep asap mulu pusing tiap tidur,2026-09-16T08:53:53.000Z,,,,
https://www.instagram.com/p/DMCRH6Vzjl1/,,Instagram,meliani_august,"Lebih pilih diksi ""Bad news"" instead of ""Negeri amburadul?"" Se segan itukah nyenggol pemerintah mba?",2026-09-16T08:53:35.000Z,,,,
https://www.instagram.com/p/DMCRH6Vzjl1/,,Instagram,lathifahs96_,Mbuaaaaak mbuaaaaak duh harusnya kamu pinter sih mbuaaaaak,2026-09-16T08:53:28.000Z,,,,
https://www.instagram.com/p/DMCRH6Vzjl1/,,Instagram,toko_sandal_sepatu_komplit,Setidaknya sedikit empati itu lebih manusiawi . Istilah jawanya pake surasah.,2026-09-16T08:52:58.000Z,,,,
https://www.instagram.com/p/DMCRH6Vzjl1/,,Instagram,bimaaprstyaa,Ribut aja kontol,2026-09-16T08:51:30.000Z,,,,
https://www.instagram.com/p/DMCRH6Vzjl1/,,Instagram,relaxsmusik,pernah ngirup asep kebakaran hutan lu???,2026-09-16T08:51:24.000Z,,,,
https://www.instagram.com/p/DMCRH6Vzjl1/,,Instagram,anndika_putraa,,2026-09-16T08:50:25.000Z,,,,
https://www.instagram.com/p/DMCRH6Vzjl1/,,Instagram,adindavega,aku suka karya mu tapi selamat tinggal ya mbak ❤️,2026-09-16T08:49:57.000Z,,,,
https://www.instagram.com/p/DMCRH6Vzjl1/,,Instagram,johannaatobing,Didikan orangtua yg terlalu over sih begini! Empatinya cetek bgt! Ga bs rasain gimana sesak napasnya anak2 disana! Dih,2026-09-16T08:49:07.000Z,,,,
https://www.instagram.com/p/DMCRH6Vzjl1/,,Instagram,ifanihelen_,TULI,2026-09-16T08:49:06.000Z,,,,
https://www.instagram.com/p/DMCRH6Vzjl1/,,Instagram,widyaaamaharani,@panteneid BA lu plenger,2026-09-16T08:48:25.000Z,,,,
https://www.instagram.com/p/DMCRH6Vzjl1/,,Instagram,nafishaarn,padahal kagum banget sama ini orang tapi ternyata zonk. amanzing,2026-09-16T08:48:03.000Z,,,,
https://www.instagram.com/p/DMCRH6Vzjl1/,,Instagram,falooooyyy,"Itu bukan bad news mbak, itu bad reality",2026-09-16T08:47:56.000Z,,,,
https://www.instagram.com/p/DMCRH6Vzjl1/,,Instagram,rascmacca,Nol empati,2026-09-16T08:47:53.000Z,,,,
https://www.instagram.com/p/DMCRH6Vzjl1/,,Instagram,hyumanrandom_2002,"Tolong netizen wakilin saya, saya no komen😂😂😂🤣🤣🤣🤣",2026-09-16T08:47:08.000Z,,,,
https://www.instagram.com/p/DMCRH6Vzjl1/,,Instagram,fendiariadi16,Ini siapa dah? Bertanya dengan gagah berani,2026-09-16T08:45:53.000Z,,,,
https://www.instagram.com/p/DMCRH6Vzjl1/,,Instagram,yangmuliateguh,Kata kata kmu zalim mbak. Lain kali berfikir dulu sebelum bernapas. Иди нахуй,2026-09-16T08:45:38.000Z,,,,
https://www.instagram.com/p/DMCRH6Vzjl1/,,Instagram,amnurshab97,Aslinya emang begitu ya?,2026-09-16T08:45:18.000Z,,,,
https://www.instagram.com/p/DMCRH6Vzjl1/,,Instagram,alpharezaoktariyan,"Hati hati di jalan,ntar meninggal tiba tiba😮😮",2026-09-16T08:45:05.000Z,,,,
https://www.instagram.com/p/DMCRH6Vzjl1/,,Instagram,gw_rey98,"Beliau ini cocok jadi pejabat periode ini sih, asbun bgt soalnya",2026-09-16T08:44:36.000Z,,,,
https://www.instagram.com/p/DMCRH6Vzjl1/,,Instagram,viqiraafianto,"bukan bad news mba, tapi bad policy dr pemerintah",2026-09-16T08:44:05.000Z,,,,
https://www.instagram.com/p/DMCRH6Vzjl1/,,Instagram,fifzk89,awal mula hancur nya karir.,2026-09-16T08:44:00.000Z,,,,
https://www.instagram.com/p/DMCRH6Vzjl1/,,Instagram,klippin_ae,"Inilah salah satu org yg bisa menggiring opini supaya berita2 Yang lain tertutupi hems.. ""Nikmati hidup senang mu sebelum masa susah mu""😢",2026-09-16T08:43:56.000Z,,,,
https://www.instagram.com/p/DMCRH6Vzjl1/,,Instagram,gw_rey98,Kata gua sih punya empati aja dlu sih ya,2026-09-16T08:43:27.000Z,,,,
https://www.instagram.com/p/DMCRH6Vzjl1/,,Instagram,alhadadgilang,utamakan adab dari pada ilmu 😌,2026-09-16T08:42:32.000Z,,,,
https://www.instagram.com/p/DMCRH6Vzjl1/,,Instagram,boncabelevel20,buzzer bayar berapa kaaa? pasti mami kamu yang suruh yaaa? xixixi,2026-09-16T08:42:25.000Z,,,,
https://www.instagram.com/p/DMCRH6Vzjl1/,,Instagram,m_sysrw,"Itulah pentingnya berakhlak, beradab dan berempati sebelum berilmu.",2026-09-16T08:42:13.000Z,,,,
https://www.instagram.com/p/DMCRH6Vzjl1/,,Instagram,diptakyy,"keterlaluan banget, lulusan universitas ternama ga berarti sifatnya punya empati.",2026-09-16T08:41:53.000Z,,,,
https://www.instagram.com/p/DMCRH6Vzjl1/,,Instagram,fidavidaa,Sengaja kesini mau komen eh semua komen sudah mewakili isi hatique 🙏🏻 netizen kita makin pinter 👏,2026-09-16T08:41:49.000Z,,,,
https://www.instagram.com/p/DMCRH6Vzjl1/,,Instagram,usdi_dayu,gambaran manusia kalau otak e dipantat,2026-09-16T08:41:45.000Z,,,,
https://www.instagram.com/p/DMCRH6Vzjl1/,,Instagram,ekkle_ssia,mental diet?😢,2026-09-16T08:41:36.000Z,,,,
https://www.instagram.com/p/DMCRH6Vzjl1/,,Instagram,boncabelevel20,malu ih kak pake buzzer,2026-09-16T08:41:28.000Z,,,,
https://www.instagram.com/p/DMCRH6Vzjl1/,,Instagram,frisianvelg_,NGOMONG DOANG MAH GUA JUGA JAGO,2026-09-16T08:40:46.000Z,,,,
https://www.instagram.com/p/DMCRH6Vzjl1/,,Instagram,ridwanzmhd,"Tau gak.. di WAMENA, PAPUA PEGUNUNGAN KITA LAGI WAS-WAS SAMA TEROR OPM/KKB.. DALAM SEMINGGU SUDAH 4 ORANG DIBUNUH....",2026-09-16T08:40:29.000Z,,,,
https://www.instagram.com/p/DMCRH6Vzjl1/,,Instagram,ccigarretd,Diatas ilmu ada namanya adab/etika/empati.,2026-09-16T08:40:25.000Z,,,,
https://www.instagram.com/p/DMCRH6Vzjl1/,,Instagram,ariantohandoko,Baru tau aslinya begini ternyataaaa,2026-09-16T08:40:14.000Z,,,,
https://www.instagram.com/p/DMCRH6Vzjl1/,,Instagram,ccigarretd,Produk dari hutan Kalimantan tapi TONE DEAF sama bencana yang terjadi.,2026-09-16T08:40:03.000Z,,,,
https://www.instagram.com/p/DMCRH6Vzjl1/,,Instagram,darahkudeepindigo,tone deaf ajig,2026-09-16T08:39:50.000Z,,,,
https://www.instagram.com/p/DMCRH6Vzjl1/,,Instagram,jordrzmx,,2026-09-16T08:39:46.000Z,,,,
https://www.instagram.com/p/DMCRH6Vzjl1/,,Instagram,moh_syahid20,"Pinter tapi nirempati dg caruk maruk kondisi negeri, padahal yang membuatmu pintar itu uang pajak dari rakyat. apa balasan kontribusimu buat negeri ?",2026-09-16T08:37:33.000Z,,,,
https://www.instagram.com/p/DMCRH6Vzjl1/,,Instagram,zikuchikaaa,,2026-09-16T08:37:06.000Z,,,,
https://www.instagram.com/p/DMCRH6Vzjl1/,,Instagram,dengggggggg.2,disappointed !!,2026-09-16T08:36:59.000Z,,,,
https://www.instagram.com/p/DMCRH6Vzjl1/,,Instagram,dylsta_00,Otak nya kelewatan pinter sih ini smpai rasa empati nya ngga ada. 👏,2026-09-16T08:36:30.000Z,,,,
https://www.instagram.com/p/DMCRH6Vzjl1/,,Instagram,alfiarya_,Disappointed,2026-09-16T08:35:08.000Z,,,,
https://www.instagram.com/p/DMCRH6Vzjl1/,,Instagram,yumi_15yama,"Tuan putri yang terlalu capek dengar bad news Indonesia, dengan santai memberikan penyampaian diruangan yg benar2 super nyaman dengan udara acnya dan tidak terlalu mempedulikan pulau lain yang berjuang menghadapi bencana asap melanda di Kalimantan.",2026-09-16T08:34:54.000Z,,,,
https://www.instagram.com/p/DMCRH6Vzjl1/,,Instagram,kar__rel,Tuhh liat kak Prilly dan kak cinta aja sebagai artis biarpun mereka orang mampu tapi dengan menjadi seorang artis mereka punya rasa empati kak ....kok Kaka tega ngomong gtuuuu ...asal ngomong BADNEWS AND MINDFULLNESS .....SUMPAH GA RESPEKKK BGT AKU ...MALU PUNYA ARTISS GA PUNYA ATTITUDE MULUT DAN TINGKAH lakunya ga ada adab yg baik,2026-09-16T08:34:39.000Z,,,,
https://www.instagram.com/p/DMCRH6Vzjl1/,,Instagram,yosijuan_,"cobain ke wilayah kebakaran dulu. cobain makan mbg dulu yg potensi bikin keracunan. cobain belanja dikopdes dulu yg ada di kuburan tengah hutan. cobain dengerin statement"" prabowo dulu. Mindfulness lambemu iku a",2026-09-16T08:32:11.000Z,,,,
https://www.instagram.com/p/DMCRH6Vzjl1/,,Instagram,jkbrownis,Kembalikan uang pajak kami ....,2026-09-16T08:31:59.000Z,,,,
https://www.instagram.com/p/DMCRH6Vzjl1/,,Instagram,muhammadhanafiie,Uang saya untuk byar kuliah ni orang? Ondee mande saya aja gk kuliah,2026-09-16T08:31:58.000Z,,,,
https://www.instagram.com/p/DMCRH6Vzjl1/,,Instagram,vi.yuliana20,"sesekali main kebawah kak, biar tau KONDISI LAPANGAN GIMANA",2026-09-16T08:31:53.000Z,,,,
https://www.instagram.com/p/DMCRH6Vzjl1/,,Instagram,samuel.and_friends,"Omong Kosong semua statement mu, ucapan manis mu tidak disertai dgn perbuatan mu !!!",2026-09-16T08:31:37.000Z,,,,
https://www.instagram.com/p/DMCRH6Vzjl1/,,Instagram,aulyanz.23,Padahal imejmu udh mantep bgt selama ini,2026-09-16T08:31:08.000Z,,,,
https://www.instagram.com/p/DMCRH6Vzjl1/,,Instagram,sendihendrawan4,"Orang kaya , emang gtu tengil banget 🤣",2026-09-16T08:28:39.000Z,,,,
https://www.instagram.com/p/DMCRH6Vzjl1/,,Instagram,mangihut_aritonang,"Dia cuma bisa peduli pada manusia di palestina doang, situasi dan keadaan manusia di negaranya dia komentar mindfullness. 👏",2026-09-16T08:28:22.000Z,,,,
https://www.instagram.com/p/DMCRH6Vzjl1/,,Instagram,bobb30051,Bacotnya di jaga ya cantik,2026-09-16T08:28:04.000Z,,,,
https://www.instagram.com/p/DMCRH6Vzjl1/,,Instagram,balecos0,SHAME OF YOU,2026-09-16T08:26:59.000Z,,,,
https://www.instagram.com/p/DMCRH6Vzjl1/,,Instagram,pennok_,"Kamu juga salah satu penikmat hasil bumi kami kalimantan, listrik, jalan, minyak, gas, bahan kosmetik, hasil dari kami, semoga baik2 aja karena sdh menyinggung org kalimantan dan org yg terkena becana",2026-09-16T08:25:40.000Z,,,,
https://www.instagram.com/p/DMCRH6Vzjl1/,,Instagram,cahayarumah21,"Kuliah bayar sendiri dong, masa dibayarin rakyat yg kurang mampu.",2026-09-16T08:25:28.000Z,,,,
https://www.instagram.com/p/DMCRH6Vzjl1/,,Instagram,edicahyawk,"mbak balikin aja uang pajak kita yg buat kamu belajar, memalukan mbak.",2026-09-16T08:23:58.000Z,,,,
https://www.instagram.com/p/DMCRH6Vzjl1/,,Instagram,corazon_gt716,,2026-09-16T08:23:49.000Z,,,,
https://www.instagram.com/p/DMCRH6Vzjl1/,,Instagram,rentcarbalimurah2,"Sok midfullness, padahal produk lo aja pake hasil dari hutan kalimantan, noh kalimantan habis dibakar, langit gelap 24 jam. Dasar nirempati, tone deaf.",2026-09-16T08:23:04.000Z,,,,
https://www.instagram.com/p/DMCRH6Vzjl1/,,Instagram,ndreee.12,"Pintar boleh,sangking pintarnya keliatan tolol dan minim empati. Gk turun kelapangan gk usah belagu bangsat",2026-09-16T08:22:30.000Z,,,,
https://www.instagram.com/p/DMCRH6Vzjl1/,,Instagram,hendrajaya167,@maudyayunda lo kudu mesti mohon maaf ke seluruh rakyat Indinesia yg terkena bencana. Kelakuan loe gak bisa diterima ... yg dapat beasisswa dari duit rakyat Indonesia.. gak pantes lo ngomong kayak gitu ye...,2026-09-16T08:22:23.000Z,,,,
https://www.instagram.com/p/DMCRH6Vzjl1/,,Instagram,sintaiu_,dr dulu gak sukak ama ni org,2026-09-16T08:21:58.000Z,,,,
https://www.instagram.com/p/DMCRH6Vzjl1/,,Instagram,ndreee.12,"Maudy anjing sok"" mindfulness tai kucing",2026-09-16T08:21:50.000Z,,,,
https://www.instagram.com/p/DMCRH6Vzjl1/,,Instagram,maulanadermawan54,Cantik doang ga ber otak + tanpa empati dan simpati buat apa ?,2026-09-16T08:21:30.000Z,,,,
https://www.instagram.com/p/DMCRH6Vzjl1/,,Instagram,alfiyankher,sumala,2026-09-16T08:21:10.000Z,,,,
https://www.instagram.com/p/DMCRH6Vzjl1/,,Instagram,r_lin.07,Jahat ih..,2026-09-16T08:19:45.000Z,,,,
https://www.instagram.com/p/DMCRH6Vzjl1/,,Instagram,arrisrais,Sy suka keributan 😍🤣,2026-09-16T08:19:39.000Z,,,,
https://www.instagram.com/p/DMCRH6Vzjl1/,,Instagram,allldd00_6,Hidup rusdi,2026-09-16T08:18:38.000Z,,,,
https://www.instagram.com/p/DMCRH6Vzjl1/,,Instagram,raihanindrawan,PERCUMA KALAU GA BEREMPATI. TCIH,2026-09-16T08:18:29.000Z,,,,
https://www.instagram.com/p/DMCRH6Vzjl1/,,Instagram,arli_bee3sink,"Syukur gw gak pernah suka sama org ini, sus bangeet tryta 🤣🤣",2026-09-16T08:18:17.000Z,,,,