post_url,comment_id,platform,author,comment_text,date,Views,sentiment,like,reply
https://www.tiktok.com/@cctvnetizen1/video/7682642686754426120,7682672572383167253,Tiktok,faaaaaaaaaaaa473,"jadi ke inget covid kemarin ,masker harganya 50k😭",2026-09-07T06:13:34.000Z,,,,9
https://www.tiktok.com/@cctvnetizen1/video/7682642686754426120,7682688946464097032,Tiktok,heybiyyy,aku beli ni..saking masker naik dan dicancel trus,2026-09-07T07:17:15.000Z,,,,28
https://www.tiktok.com/@cctvnetizen1/video/7682642686754426120,7682667173159944980,Tiktok,natzaul,Huhu masyarakatnya pun pengennya korupsi juga dan zalim,2026-09-07T05:52:35.000Z,,,,15
https://www.tiktok.com/@cctvnetizen1/video/7682642686754426120,7682656128488489746,Tiktok,lidyabzrna,emang kan rakyat suka ngambil kesempatan dalam kesempitan begini heran bgt selalu aja aji mumpung,2026-09-07T05:09:47.000Z,,,,15
https://www.tiktok.com/@cctvnetizen1/video/7682642686754426120,7682680882200658695,Tiktok,queenofpiscesssss,"koar koar soal kelakuan pejabat, pdhl sama aja cuman kesempatannya ga segede mereka🤭",2026-09-07T06:45:45.000Z,,,,12
https://www.tiktok.com/@cctvnetizen1/video/7682642686754426120,7682681839891055380,Tiktok,kaafatif,gausah pada lebay ini masih 12rbu isi 50 pcs,2026-09-07T06:49:37.000Z,,,,52
https://www.tiktok.com/@cctvnetizen1/video/7682642686754426120,7682676976688202517,Tiktok,namakamu3005,toko yang biasa gw beli 15rb isi 50pcs skrg 50rb isi 50pcs😭😭😭,2026-09-07T06:30:48.000Z,,,,5
https://www.tiktok.com/@cctvnetizen1/video/7682642686754426120,7682671645177807623,Tiktok,nirianii,"Dikasih bencana bukannya buat saling bantu satu sama lain malah aji mumpung serakah gitu, istigfar deh lu pada dunia udah tua woyyy 😭😭",2026-09-07T06:09:55.000Z,,,,4
https://www.tiktok.com/@cctvnetizen1/video/7682642686754426120,7682693041279746837,Tiktok,wiwiksagitaa_,astaghfirullahh gak pemeerintahnya gak rakyatnya sama sama rakuss. miris,2026-09-07T07:33:08.000Z,,,,1
https://www.tiktok.com/@cctvnetizen1/video/7682642686754426120,7682672386924184328,Tiktok,irmaraditya,bukan cm pejabat aja yg rakus ya tp rakyat ny jg rakus. bisa gak sih lg bencana gini jgn saling ngambil keuntungan. boleh asal jgn bnyk2 gtu loh hrga yg wjar2 ajalah. kesampingkan dlu ego bisnis kalian. saling tolong sesama manusia,2026-09-07T06:12:53.000Z,,,,1
https://www.tiktok.com/@cctvnetizen1/video/7682642686754426120,7682722760645624577,Tiktok,luviluvielle,"Miris baget yaa, bukannya memudahkan malah ngambil kesempatan dalam kesempitan 😭",2026-09-07T09:28:26.000Z,,,,3
https://www.tiktok.com/@cctvnetizen1/video/7682642686754426120,7682680814845641480,Tiktok,kepobgtsihiduplo,"Tbtb toko libur kak, baru aja ku cek yg official maskernyaa ishhh 😭",2026-09-07T06:45:38.000Z,,,,5
https://www.tiktok.com/@cctvnetizen1/video/7682642686754426120,7682706103654761232,Tiktok,moodmaud_,ini di lemari saya masih banyak 🤣,2026-09-07T08:23:43.000Z,,,,8
https://www.tiktok.com/@cctvnetizen1/video/7682642686754426120,7682695324637463303,Tiktok,rosalyne25,Gausah di beli guys mending beli masker kain aja nnti di cuci ulang. Kalo masker kain masih mahal bikin sendiri aja. Males bgt sm orang” begini bukannya nolong malah di mahalin edyannn,2026-09-07T07:41:55.000Z,,,,1
https://www.tiktok.com/@cctvnetizen1/video/7682642686754426120,7682789144951161620,Tiktok,babyandkidsspa,"udah langganan beli disini tadi masih harga normal eh di cancel gitu aja dan produk diarsipkan, maksudnya loh sesama rakyat kok jahat banget",2026-09-07T13:46:00.000Z,,,,5
https://www.tiktok.com/@cctvnetizen1/video/7682642686754426120,7682673746389893895,Tiktok,telurdinosaurus4,allahamdullilah beruntung juga dulu suka co masker buat kalo keluar keluar dan sekarang maskernya masih ada 50pcs,2026-09-07T06:18:04.000Z,,,,0
https://www.tiktok.com/@cctvnetizen1/video/7682642686754426120,7682684955357528849,Tiktok,funnysr24_,Pdhl duli 18rb edyan tenan bakul e,2026-09-07T07:01:36.000Z,,,,8
https://www.tiktok.com/@cctvnetizen1/video/7682642686754426120,7682695565121618706,Tiktok,_neayy_,"langsung gua cek langganan gua di shopee, dan yap",2026-09-07T07:42:50.000Z,,,,3
https://www.tiktok.com/@cctvnetizen1/video/7682642686754426120,7682678013519446804,Tiktok,hellonea18,Aku mau checkout masker kok toko tutup semua yaa,2026-09-07T06:34:42.000Z,,,,4
https://www.tiktok.com/@cctvnetizen1/video/7682642686754426120,7682673024987202325,Tiktok,deenamarlianty,3x beli..udah bayar..dkemaaaaas terus..smpe akhirnya dcancel ma si orange nyaaaa... sengaja bgt yg jualnya..astagfirullaj,2026-09-07T06:15:32.000Z,,,,0
https://www.tiktok.com/@cctvnetizen1/video/7682642686754426120,7682685957166170900,Tiktok,arzanuraya,"Guys gimana kalau gak usah beli masker aja???? Tapi butuh ya? Astaghfirullah kenapa pada jahat sih, bukannya kirim bantuan, berupa masker gratis ke daerah setempat yg berdampak besar, bukannya itu jadi pahala besar ya dan hal baik akan kembali ke kita. Tolonglah yg jual masker jangan jahat-jahat ya kalian😭",2026-09-07T07:05:30.000Z,,,,0
https://www.tiktok.com/@cctvnetizen1/video/7682642686754426120,7682682085340939026,Tiktok,ar.gion,"kmrn lusa co dpt harga normal, eh tb tb dibatalin bjir skrg harganya 60++",2026-09-07T06:50:26.000Z,,,,4
https://www.tiktok.com/@cctvnetizen1/video/7682642686754426120,7682682463395595016,Tiktok,matchaoat52,aku barusan co masker KN95 harga 42 itu normal apa nggak guys😭,2026-09-07T06:52:01.000Z,,,,9
https://www.tiktok.com/@cctvnetizen1/video/7682642686754426120,7682691902135780116,Tiktok,iceculacula_,"aku team masker dari after covid udah kebiasaan pake masker, jadinya terus nyetok. alhamdulillah masi ada 200pcs (4kotak) beli dari bulan juni, masi murah isi 50 cuma 5k😂 beli di tiktok",2026-09-07T07:28:43.000Z,,,,1
https://www.tiktok.com/@cctvnetizen1/video/7682642686754426120,7683696768277775105,Tiktok,halloiniiis,dulu 35k an dapet 2,2026-09-10T00:28:11.000Z,,,,1
https://www.tiktok.com/@cctvnetizen1/video/7682642686754426120,7682788563822543633,Tiktok,applecrumblei,"aku di alfa ka, smlm bgt tgl 6 itu hrganya 22 tadi pagi uda naik jadi 25.500 isi 5😭",2026-09-07T13:43:38.000Z,,,,0
https://www.tiktok.com/@cctvnetizen1/video/7682642686754426120,7682774208632046356,Tiktok,vierahhhhh,aku dah cek harga memang agak naik tp kenapa gak bisa cek out yaa?,2026-09-07T12:47:56.000Z,,,,4
https://www.tiktok.com/@cctvnetizen1/video/7682642686754426120,7682683976703951632,Tiktok,vvelfzhr,"guys buat sendiri aja yok masker kain , biar mereka tau rasa 😭🙏🏻",2026-09-07T06:57:48.000Z,,,,1
https://www.tiktok.com/@cctvnetizen1/video/7682642686754426120,7682712710908412692,Tiktok,ntriutami96_,perkara masker heboh bgt dahhh,2026-09-07T08:49:25.000Z,,,,24
https://www.tiktok.com/@cctvnetizen1/video/7682642686754426120,7682681726439719698,Tiktok,winawinashop12,"aakuu barubbeli 3 kotak. beli bulan laluu. boleh bgt klo ada yg mauu, tp ongkir bayar sendirii yaa",2026-09-07T06:49:13.000Z,,,,3
https://www.tiktok.com/@cctvnetizen1/video/7682642686754426120,7682728894550000385,Tiktok,binapunzel,Setres emang,2026-09-07T09:52:14.000Z,,,,1
https://www.tiktok.com/@cctvnetizen1/video/7682642686754426120,7682709219888431892,Tiktok,sitiselvia.07,Kemaren co ga nyadar semlm udh di batalin dan tau ga harganya jadi berapa,2026-09-07T08:35:54.000Z,,,,11
https://www.tiktok.com/@cctvnetizen1/video/7682642686754426120,7682735178053272338,Tiktok,recsyaa_,before 35k dapet 5box,2026-09-07T10:16:27.000Z,,,,4
https://www.tiktok.com/@cctvnetizen1/video/7682642686754426120,7682682490071057159,Tiktok,madaniyah07,Alhamdulillah semalam dapat harga murah🥺,2026-09-07T06:52:02.000Z,,,,3
https://www.tiktok.com/@cctvnetizen1/video/7682642686754426120,7682958967353508609,Tiktok,itenkkkk,Ni toko jg jir skrg di arsipin produknya,2026-09-08T00:44:53.000Z,,,,2
https://www.tiktok.com/@cctvnetizen1/video/7682642686754426120,7682787688004846343,Tiktok,d_ayu94,"masih murah kok kak,aku c.o tadi siang",2026-09-07T13:40:09.000Z,,,,1
https://www.tiktok.com/@cctvnetizen1/video/7682642686754426120,7682718980092216071,Tiktok,30dayssss,nih masi normal kak😔,2026-09-07T09:13:46.000Z,,,,2
https://www.tiktok.com/@cctvnetizen1/video/7682642686754426120,7682741176872895240,Tiktok,nadiiaaagusstiinaaa,Pas cek twitter kakak ini aku langsung co 4 box allhamdullilah masih harga normal malam tdi,2026-09-07T10:39:48.000Z,,,,2
https://www.tiktok.com/@cctvnetizen1/video/7682642686754426120,7682766511652946706,Tiktok,fitriyah691,setres harga nya😭😭😭,2026-09-07T12:18:10.000Z,,,,1
https://www.tiktok.com/@cctvnetizen1/video/7682642686754426120,7682781319026262802,Tiktok,lal.a_po4,lahh... sedangkan gua 😭 Alhamdulillaah masih serebu,2026-09-07T13:15:30.000Z,,,,2
https://www.tiktok.com/@cctvnetizen1/video/7682642686754426120,7682686860619907858,Tiktok,belanja.happy31,"huu sedih banget,kalo saya EMG selalu stok masker krna biasa saya sama suami kalo kerja pake masker,klo saya EMG hari hari pake masker jdi selalu stok masker nah utk anak saya awal asap kmrin suda saya stok masker utk anak,
jdi stok masker kita Uda aman,
sedih banget pdhal kita semuanya lgi kenak musibah TPI ada saja oknum yg naikkin harga makser,",2026-09-07T07:09:02.000Z,,,,1
https://www.tiktok.com/@cctvnetizen1/video/7682642686754426120,7682747605558674194,Tiktok,voyesmevnessa21,La kok murah apa masker nya beda ya maaf bertanyaa,2026-09-07T11:04:41.000Z,,,,2
https://www.tiktok.com/@cctvnetizen1/video/7682642686754426120,7682679054482850567,Tiktok,agustnnptmwti,"toko yg biasa aku co, paling mhl 17rb,,sekarang gaa duluu😭😭",2026-09-07T06:38:42.000Z,,,,2
https://www.tiktok.com/@cctvnetizen1/video/7682642686754426120,7682674169917784849,Tiktok,dindamega735,padahal terakhir akhir bulan kemren chek out masker cuma 5.000 1 box nengok lagi sekrang udah 30.000 perbox nya 😭,2026-09-07T06:19:47.000Z,,,,0
https://www.tiktok.com/@cctvnetizen1/video/7682642686754426120,7682755784069628690,Tiktok,chrismoore12_20,Pakai masker kain Aja kak aku jaman corona pkai yng kain,2026-09-07T11:36:34.000Z,,,,2
https://www.tiktok.com/@cctvnetizen1/video/7682642686754426120,7682725461180318480,Tiktok,matchalatte127719,untung nya bulan kemarin udh stok masker awal cuma buat Keluar kalo lagi males makeup😭,2026-09-07T09:38:42.000Z,,,,3
https://www.tiktok.com/@cctvnetizen1/video/7682642686754426120,7682996567503225618,Tiktok,ayaya_.8,"dibatalin mulu, pas di cek skrg harganya 60rb",2026-09-08T03:10:59.000Z,,,,1
https://www.tiktok.com/@cctvnetizen1/video/7682642686754426120,7682686772216005394,Tiktok,kawaaaiiii_22,Perasaan harga di oreen murah bgt,2026-09-07T07:08:38.000Z,,,,0
https://www.tiktok.com/@cctvnetizen1/video/7682642686754426120,7682706222730117889,Tiktok,aydaluthfiyah,untung masih punya 1 dus bekas peninggalan zaman covid 😌,2026-09-07T08:24:14.000Z,,,,0
https://www.tiktok.com/@cctvnetizen1/video/7682642686754426120,7682693841061708560,Tiktok,idaroay09,aku kemarin belum viral abu vulkanik masker anak duckbill yg karakter dapat harga 12 rb 50 pcs sekarang 20 rb 10 pcs ko bisa gitu tolonglah,2026-09-07T07:36:07.000Z,,,,2
https://www.tiktok.com/@cctvnetizen1/video/7682642686754426120,7682707930261783316,Tiktok,mylku_16,kak gas dikampung kan lagi susah malah dijual 40k bjir pdhl biasanya 20-22☺️,2026-09-07T08:34:59.000Z,,,,1
https://www.tiktok.com/@cctvnetizen1/video/7682642686754426120,7682707084694061840,Tiktok,fatin_store,"buat aja kak, masker kain yang bisa dicuci ulang. kayak waktu covid dulu.",2026-09-07T08:27:32.000Z,,,,0
https://www.tiktok.com/@cctvnetizen1/video/7682642686754426120,7682689166412972821,Tiktok,pipit438,Lihatkan dizalim bangett rakyat juga loh ngga semua tapi banyak kek gitu😭,2026-09-07T07:17:58.000Z,,,,0
https://www.tiktok.com/@cctvnetizen1/video/7682642686754426120,7682674824301298433,Tiktok,ori_ri0,🥹sehat” kalian semua.,2026-09-07T06:22:19.000Z,,,,0
https://www.tiktok.com/@cctvnetizen1/video/7682642686754426120,7682688615180337938,Tiktok,auroraa_12345,"yaawlo,pas ga dibutuh dia murah pas dibutuhkan dia mahal nya yaaaloo",2026-09-07T07:15:54.000Z,,,,1
https://www.tiktok.com/@cctvnetizen1/video/7682642686754426120,7682775715020473095,Tiktok,imgemini14,Kl mau pd pesen di toko ini amanah ga di ubah harganya trs pesenan ku lg di perjalanan pesan kemarin,2026-09-07T12:53:47.000Z,,,,0
https://www.tiktok.com/@cctvnetizen1/video/7682642686754426120,7682678886539674375,Tiktok,terserah839m,"aku beli karna butuh buat motoran, pas barusan cek lagi udah 20k GILAA",2026-09-07T06:38:09.000Z,,,,2
https://www.tiktok.com/@cctvnetizen1/video/7682642686754426120,7682688396338561813,Tiktok,barangrandomly,"ya Allah kenapa sih orang"" pada jahat, lg kena musibah juga, semoga semua sehat ya teman"", lekas membaik semua aamiin",2026-09-07T07:15:11.000Z,,,,0
https://www.tiktok.com/@cctvnetizen1/video/7682642686754426120,7682692161985315602,Tiktok,lupa_namaxixi,dulu pas beli ga smpe 20rb skrng udh sgtu aja hrganya 😭,2026-09-07T07:29:35.000Z,,,,0
https://www.tiktok.com/@cctvnetizen1/video/7682642686754426120,7682686485674722066,Tiktok,iamjust.girll,hahahahahhahahahahahha sama lagi,2026-09-07T07:07:39.000Z,,,,0
https://www.tiktok.com/@cctvnetizen1/video/7682642686754426120,7682758293567128338,Tiktok,heyyolo_2,Before,2026-09-07T11:46:06.000Z,,,,1
https://www.tiktok.com/@cctvnetizen1/video/7682642686754426120,7682802949827445512,Tiktok,memey3743,"jahat banget ya Allah, keinget pas jaman covid dulu, kasih tissue aja gaes dalemnya misalnya kalian dapatnya bukan yg KN95, doublein pakai tissue dalamnya, agak engap emang tp demi kesehatan kita tahan aja, sehat"" ya semuanya",2026-09-07T14:39:25.000Z,,,,0
https://www.tiktok.com/@cctvnetizen1/video/7682642686754426120,7682708608598098709,Tiktok,elaraaa08,Untung dah beli di indomaret😂 dan emng sering pake masker kalo motoran,2026-09-07T08:33:36.000Z,,,,0
https://www.tiktok.com/@cctvnetizen1/video/7682642686754426120,7682667249613783816,Tiktok,mah.dum7,mau pake sleyer aja lah,2026-09-07T05:52:48.000Z,,,,0
https://www.tiktok.com/@cctvnetizen1/video/7682642686754426120,7682694576658481937,Tiktok,tirawhifff,pdhl baru kmrn masukin keranjang yang kf isi 50 cuma 16k sekarang harganya 😭😭 mana kerja tiap hari kudu bgt pake maskerr syiddd,2026-09-07T07:38:55.000Z,,,,0
https://www.tiktok.com/@cctvnetizen1/video/7682642686754426120,7682662754687828743,Tiktok,herlindasadega33,kmren AQ beli di toko kosmetik 1 kotak masih 25 rb isi 50,2026-09-07T05:35:28.000Z,,,,0
https://www.tiktok.com/@cctvnetizen1/video/7682642686754426120,7682997219628794631,Tiktok,rrrraonly,SUMPAH IYA IH UNTUNG CO NYA PAS MSIH 20RBANN😩😩,2026-09-08T03:13:24.000Z,,,,0
https://www.tiktok.com/@cctvnetizen1/video/7682642686754426120,7683410499552232213,Tiktok,hello.thisme84,Tiga toko itu tiba tiba mengarsipkan produknya,2026-09-09T05:57:16.000Z,,,,1
https://www.tiktok.com/@cctvnetizen1/video/7682642686754426120,7682927066140295954,Tiktok,user226644f,"rifottt lgsg kalo liat kek gt, kalo ga aduin ke cs nya biar di bnned ituuuu",2026-09-07T22:41:18.000Z,,,,0
https://www.tiktok.com/@cctvnetizen1/video/7682642686754426120,7682799919368258325,Tiktok,aaaaainiiii,Beneran kah? Soalnya kemarin² aku pesan harganya 10rb perbox.nya,2026-09-07T14:27:48.000Z,,,,1
https://www.tiktok.com/@cctvnetizen1/video/7682642686754426120,7685213281003504400,Tiktok,leniideviyantyh,"alllhamdulillah , saya co masker Aman aman aja di kirim dan sesuai harganya pun 5k an kf94 isi 10 tebel jugaa",2026-09-14T02:32:59.000Z,,,,0
https://www.tiktok.com/@cctvnetizen1/video/7682642686754426120,7682970585568625428,Tiktok,sagitarius.1198,"oknum penjual masker zholim. setelah di batalin otomatis dari aplikasi, pas di cek harganya 2x lipat",2026-09-08T01:30:10.000Z,,,,0
https://www.tiktok.com/@cctvnetizen1/video/7682642686754426120,7682936964550886164,Tiktok,.iyasaya3,pdhal kalo gada bencana harganya 15k kadang aja promo jadi 7k,2026-09-07T23:19:41.000Z,,,,0
https://www.tiktok.com/@cctvnetizen1/video/7682642686754426120,7683427522763965202,Tiktok,fanny.tanz89,saya komen gini ke seller✌🏻,2026-09-09T07:03:11.000Z,,,,0
https://www.tiktok.com/@cctvnetizen1/video/7682642686754426120,7682810795181523720,Tiktok,matchaalatte624,gong bngt harganya,2026-09-07T15:09:57.000Z,,,,0
https://www.tiktok.com/@cctvnetizen1/video/7682642686754426120,7682686602867852053,Tiktok,risolmayoooohoh,"pantes allah murka, lgi musibab aja ada aj org jahat😭",2026-09-07T07:14:16.000Z,,,,0
https://www.tiktok.com/@cctvnetizen1/video/7682642686754426120,7682973866234790677,Tiktok,febifitria091,mentang - mentang murah😂,2026-09-08T01:42:52.000Z,,,,0
https://www.tiktok.com/@cctvnetizen1/video/7682642686754426120,7682799262563943175,Tiktok,ntyar.c,"Beli offline aja kak, harganya masij waras",2026-09-07T14:25:06.000Z,,,,0
https://www.tiktok.com/@cctvnetizen1/video/7682642686754426120,7682973676829311751,Tiktok,lia762009,kalau begini mah mending jahit sendiri pakai kain😭gila bangett gak di kasi nafas sama sekali anjirr udah semua bahan baku naik masker pun naik,2026-09-08T01:42:07.000Z,,,,0
https://www.tiktok.com/@cctvnetizen1/video/7682642686754426120,7683056810799006471,Tiktok,ernavhanesa,masker anak 50pcs 15k sekarang uda 60k gilaaaaaa,2026-09-08T07:04:41.000Z,,,,0
https://www.tiktok.com/@cctvnetizen1/video/7682642686754426120,7682800001974633232,Tiktok,arsyila_nadhira2,"aku co dari kemaren masih harga normal, eeh barusan malah di cancel sepihak, alasan nya stok kosong, pas diliat lagi harganya gk ngotak, dari 17rbu 50 pcs skrg 98rbu 50 pcs 😩",2026-09-07T14:28:21.000Z,,,,0
https://www.tiktok.com/@cctvnetizen1/video/7682642686754426120,7682801509130978069,Tiktok,nvlyzaa,Weyyy😭,2026-09-07T14:34:05.000Z,,,,0
https://www.tiktok.com/@cctvnetizen1/video/7682642686754426120,7682799773782508308,Tiktok,indah.world,team yang slalu stock masker dirumah meski covid sudah berakhir .karna kemana mana wajib pake masker .alasanya suka ngomong sendiri kalau motoran kadang jadi artis dangdut atau pemain film 🤣😭,2026-09-07T14:27:05.000Z,,,,0
https://www.tiktok.com/@cctvnetizen1/video/7682642686754426120,7683077920403096338,Tiktok,_albuna,"beli masker udh lama bgt. kaga di kirim"" yaallah.",2026-09-08T08:26:30.000Z,,,,0
https://www.tiktok.com/@cctvnetizen1/video/7682642686754426120,7682797891559916309,Tiktok,no95077,"gw kmren pagi 8rb, mlmnya ud naek 15rb😭😭🤧",2026-09-07T14:19:52.000Z,,,,0
https://www.tiktok.com/@cctvnetizen1/video/7682642686754426120,7682690246304350994,Tiktok,macagitu,Hahha indonesia asal ada mi yang paling dibutuhkan langsung cepat na kasih naik harganya🤣,2026-09-07T07:22:14.000Z,,,,0
https://www.tiktok.com/@cctvnetizen1/video/7682642686754426120,7682785812291044114,Tiktok,raaa061127,"waktu gaada abu vulkanik harganah 10ribu isi 50pcs, sekarang 1pcs jadi 1ribu😭😭",2026-09-07T13:32:57.000Z,,,,0
https://www.tiktok.com/@cctvnetizen1/video/7682642686754426120,7682783549808919316,Tiktok,butterfly_30y,d tmpt gua 60k,2026-09-07T13:24:18.000Z,,,,0
https://www.tiktok.com/@cctvnetizen1/video/7682642686754426120,7683020943510389520,Tiktok,anakbapaaku,Gue yang 2k be like😂,2026-09-08T04:45:55.000Z,,,,0
https://www.tiktok.com/@cctvnetizen1/video/7682642686754426120,7682689802533389073,Tiktok,bedaidentitass,"Giliran begini masyarakatnya gak ada yang bawa pemerintahan, kan kalian yang nakal ya dengan jual harganya gak masuk akal cuk 😭🙏🏻",2026-09-07T07:20:24.000Z,,,,0
https://www.tiktok.com/@cctvnetizen1/video/7682642686754426120,7682720824277566224,Tiktok,insnrf4dlh,untung masih ada masker pas jaman covid se pak,2026-09-07T09:21:07.000Z,,,,0
https://www.tiktok.com/@cctvnetizen1/video/7682642686754426120,7682856534901064456,Tiktok,iyulidaa,"biasa beli buat motoran bln lalu 15k, eh kebetulan tdi abis pas beli jdi 25k itu jg termasuknya masker yg tipis☺️",2026-09-07T18:07:30.000Z,,,,0
https://www.tiktok.com/@cctvnetizen1/video/7682642686754426120,7683418646698492692,Tiktok,utyyuuy,Tiba tiba di batalin penjualll🥺,2026-09-09T06:28:53.000Z,,,,0
https://www.tiktok.com/@cctvnetizen1/video/7682642686754426120,7683024148267893512,Tiktok,mmatcha.addict,Dari siniii tuhhh kita bisa ambil kesimpulan.. kl ga ad bedany rakyat sm koruptooor… susah zaman skrg cr orang yg amanah.. ad pun org yg jjur dn amanh pst d cariii jalan buat jatuhinnya,2026-09-08T04:57:47.000Z,,,,0
https://www.tiktok.com/@cctvnetizen1/video/7682642686754426120,7682797675696653076,Tiktok,ynstorepoipet,ada yg rumah nya dkt sama lokasi ga ya? mimin mau kirimin masker 3 kotak besar buat dibagiin free untuk kesehatan merka?,2026-09-07T14:19:06.000Z,,,,0
https://www.tiktok.com/@cctvnetizen1/video/7682642686754426120,7682964247064478484,Tiktok,dv2411_4,"Gw CO dari hari minggu biasanya gercep dikirim, ini lama bgt ini liat di status pengiriman masih “Pesanan Dbuat” 😅 smoga aja abu vulkanik cepet hilang biar bingung deh tuh yg jual masker",2026-09-08T01:05:32.000Z,,,,0
https://www.tiktok.com/@cctvnetizen1/video/7682642686754426120,7682787301772198657,Tiktok,shesheryyyyll,Udah di co eh di btlin sama seller nya tau nya dinaikin harga nya wkwkwkwk,2026-09-07T13:38:42.000Z,,,,0
https://www.tiktok.com/@cctvnetizen1/video/7682642686754426120,7682764965817746197,Tiktok,clxtse,sama aja harganya kaya dlu aku cek,2026-09-07T12:12:10.000Z,,,,0
https://www.tiktok.com/@cctvnetizen1/video/7682642686754426120,7682761915722875655,Tiktok,m_aneapbs,spil akun yg mahal,2026-09-07T12:00:11.000Z,,,,0
https://www.tiktok.com/@cctvnetizen1/video/7682642686754426120,7682769898518561556,Tiktok,prscllnadvii_,waktu Corona juga gitu dlu😭,2026-09-07T12:31:08.000Z,,,,0
https://www.tiktok.com/@cctvnetizen1/video/7682642686754426120,7682824327704593170,Tiktok,salmonellasal,Apa bedanya dengan koruptor? 🥰,2026-09-07T16:02:25.000Z,,,,0
https://www.tiktok.com/@cctvnetizen1/video/7682642686754426120,7682780776353612560,Tiktok,onlyyv._,50k masaaaa asalnya 6rebuuuu 1 box😭,2026-09-07T13:13:22.000Z,,,,0
https://www.tiktok.com/@cctvnetizen1/video/7682642686754426120,7682779409351541522,Tiktok,vrileea,"mana ada naik, sama aja, tu dapat harga dimana emang?",2026-09-07T13:08:08.000Z,,,,0
https://www.tiktok.com/@cctvnetizen1/video/7682642686754426120,7682679859777569556,Tiktok,geminiiiii53,gawattt dikalimantan aja harganya udah naik dari kemaren kemaren apalagi sekaranggg,2026-09-07T06:42:12.000Z,,,,0
https://www.tiktok.com/@cctvnetizen1/video/7682642686754426120,7682686064872784647,Tiktok,ttsyzx_,"semoga kalian yang terkena dampak dari abu vulkanik semoga kalian baik"" saja dan semoga keadaan kalin semua segera membaik❤",2026-09-07T07:06:01.000Z,,,,0
https://www.tiktok.com/@cctvnetizen1/video/7682642686754426120,7682682097106993927,Tiktok,ciastore.id2,Dishoope dah pd sold masker duckbill,2026-09-07T06:50:41.000Z,,,,0
https://www.tiktok.com/@cctvnetizen1/video/7682642686754426120,7682847472590324500,Tiktok,noonanya_jisung,"Sama kak,pesen smlm tiba2 tdi siang di chat barangnya kosong",2026-09-07T17:32:13.000Z,,,,0
https://www.tiktok.com/@cctvnetizen1/video/7682642686754426120,7682789317702386439,Tiktok,_userrr200105,"makanya jgn diviral in dah, gue barusan beli masih 10rb",2026-09-07T13:46:34.000Z,,,,0
https://www.tiktok.com/@cctvnetizen1/video/7682642686754426120,7682770721895187217,Tiktok,savviquen_,Heeeyy toko yg aku beli sedang libur gimana dong🤣,2026-09-07T12:34:26.000Z,,,,0
https://www.tiktok.com/@cctvnetizen1/video/7682642686754426120,7682765209966330645,Tiktok,babyandkidsspa,eh anjir masa dicancel si maksudnya loh gile aku ngalamin,2026-09-07T12:13:01.000Z,,,,0
https://www.tiktok.com/@cctvnetizen1/video/7682642686754426120,7682761095609844488,Tiktok,tekodelkodell,aku kmna manaa pke maskerr😭😭 jd sma ajaaa,2026-09-07T11:57:00.000Z,,,,0
https://www.tiktok.com/@cctvnetizen1/video/7682642686754426120,7682759176632238865,Tiktok,fs.1743,"sama njir, baru bngt d cancel, alasannya stock kosong, padahal pas co kemarin masih banyak tuh stock
dzolim bgt orang2 jaman sekarang",2026-09-07T11:49:36.000Z,,,,0
https://www.tiktok.com/@cctvnetizen1/video/7682642686754426120,7682758457230213895,Tiktok,elysusanty666,masker seketika naik daun lagi ini part ke 2,2026-09-07T11:46:50.000Z,,,,0
https://www.tiktok.com/@cctvnetizen1/video/7682642686754426120,7682756603732853512,Tiktok,miraatriyanti,aku mesen tiba2 dibatalin,2026-09-07T11:39:36.000Z,,,,0
https://www.tiktok.com/@cctvnetizen1/video/7682642686754426120,7682754426167395090,Tiktok,janra__04,"beneran anjir, kemarin malam aku juga mau co tapi harganya pada di naikin, ga jadi dah",2026-09-07T11:31:07.000Z,,,,0
https://www.tiktok.com/@cctvnetizen1/video/7682642686754426120,7682753653598569234,Tiktok,pinkygurrrlff,Eh iyaa di shopee semua pd naik brusan ku cek😭 untung sblm naik ak udh beli😭,2026-09-07T11:28:13.000Z,,,,0
https://www.tiktok.com/@cctvnetizen1/video/7682642686754426120,7682745191287522056,Tiktok,urrrrrloooppp,bbrp hari lalu mau co masker msih 10rb isi 30pcs nyesel ga lgsg co 😭 tdinya cmn buat mudik aja krn tiap minggu mudik lewatin jalanan2 yg lg perbaikan makanya berdebu bgt hrus pake masker ga expect malah masker jd barang yg dicari skg huhu bnrbnr ga ketebak ya dunia tuh,2026-09-07T10:55:18.000Z,,,,0
https://www.tiktok.com/@cctvnetizen1/video/7682642686754426120,7682746473071379221,Tiktok,arrummaa,,2026-09-07T11:00:21.000Z,,,,0
https://www.tiktok.com/@cctvnetizen1/video/7682642686754426120,7682745008604103431,Tiktok,riyanti5386,sumpah demi Allah dzolim banget sih 😭,2026-09-07T10:54:35.000Z,,,,0
https://www.tiktok.com/@cctvnetizen1/video/7682642686754426120,7682743237745148693,Tiktok,winysukamatchaaaa,"kami di morowali ga prlu CO masker, krna tiap hari stok masker juga krna debu nya melebihi debu vulkanik 🥰",2026-09-07T10:47:50.000Z,,,,0
https://www.tiktok.com/@cctvnetizen1/video/7682642686754426120,7682744384489227015,Tiktok,fhiaa85,"baru aja di kasih abu vulkanik udah berulah lagi tuh manusia ,bener² ye di jadiin bisnis 😭",2026-09-07T10:52:11.000Z,,,,0
https://www.tiktok.com/@cctvnetizen1/video/7682642686754426120,7682738643690636033,Tiktok,ningcansss,d aku 23 isi 50 pcs,2026-09-07T10:30:00.000Z,,,,0
https://www.tiktok.com/@cctvnetizen1/video/7682642686754426120,7682735650215363346,Tiktok,dwiramdit,Beneran baru ku cek harganya yapun🙃,2026-09-07T10:18:20.000Z,,,,0
https://www.tiktok.com/@cctvnetizen1/video/7682642686754426120,7682743969473757972,Tiktok,neversad35,"kemaren gue beli pulpen sama tip x di sopi nah kan cuma 10ribuan, biar gratis ongkir gue tambah masker 3 pack karena ya cuma itu yang keknya berguna, nyampe senin gue sempet menyesal ngapain beli masker banyak² sabtunya ada asep itu, berguna juga dia 😭",2026-09-07T10:50:35.000Z,,,,0
https://www.tiktok.com/@cctvnetizen1/video/7682642686754426120,7682754297322504967,Tiktok,ms.sagitarius11,ngerti kan...entah masker..bahkan air mineral.pun bs naik dsaat tertentu.makanya jgn cm blg pemerintah dzolim skrg lebih baik intropeksi diri.,2026-09-07T11:30:38.000Z,,,,0
https://www.tiktok.com/@cctvnetizen1/video/7682642686754426120,7682744738550186772,Tiktok,eyeelinn,2 minggu lalu masih 30rb 50pcs sekarang jadi 80rb,2026-09-07T10:53:35.000Z,,,,0
https://www.tiktok.com/@cctvnetizen1/video/7682642686754426120,7682741695091475207,Tiktok,bukanaku061,kaget banget barusan beli masker 5k 1pcs😭,2026-09-07T10:41:42.000Z,,,,0
https://www.tiktok.com/@cctvnetizen1/video/7682642686754426120,7682740980478984978,Tiktok,widyaaaaaaaswhy,admin online tapi stts lgsg berubah toko sedang libur fakkkk😅,2026-09-07T10:38:56.000Z,,,,0
https://www.tiktok.com/@cctvnetizen1/video/7682642686754426120,7682740864909493010,Tiktok,namanyanelly28,kalo ada kesempatan kenapa harus kesempitan 😭,2026-09-07T10:38:35.000Z,,,,0
https://www.tiktok.com/@cctvnetizen1/video/7682642686754426120,7682738890294690580,Tiktok,blueebiaa,pda nyari kesempatan dalam kesempitan plss😭😭,2026-09-07T10:31:07.000Z,,,,0
https://www.tiktok.com/@cctvnetizen1/video/7682642686754426120,7682735646943920903,Tiktok,bedebis12343,Di bengkulu harganya masih murah kak,2026-09-07T10:18:22.000Z,,,,0
https://www.tiktok.com/@cctvnetizen1/video/7682642686754426120,7682733231175877377,Tiktok,epfqkdk,Untung udah stok sebelum2 ini krna terbiasa kemana2 pake masker 😭,2026-09-07T10:09:11.000Z,,,,0
https://www.tiktok.com/@cctvnetizen1/video/7682642686754426120,7682732578282259220,Tiktok,ratnaanggita0,"Sama halnya dengan sembako ngak hanya masker saja, emang yg jahat dan suka mainin harga itu oknum” penjual. Mereka pintar lihat pasar -> timbun barang -> langka -> boom langsung keluarin dengan harga yg mahal. Ngak cuman itu saja di kejadian” seperti ini juga malah buat peluang mereka ngejual dgn harga masyaallah bgy",2026-09-07T10:06:37.000Z,,,,0
https://www.tiktok.com/@cctvnetizen1/video/7682642686754426120,7682731239192101640,Tiktok,ndyirdwta_,"isss aku juga shockkk tadi pas mau co,tbtb harga masker meroket🥲",2026-09-07T10:01:17.000Z,,,,0
https://www.tiktok.com/@cctvnetizen1/video/7682642686754426120,7682730930762597141,Tiktok,utariskatri,"mau untung, tapi terlalu berlebihan",2026-09-07T10:00:00.000Z,,,,0
https://www.tiktok.com/@cctvnetizen1/video/7682642686754426120,7682730857878618900,Tiktok,wiiianaa,disini pda jual ecer 2k/pcs brti 1box 100k🤣,2026-09-07T09:59:45.000Z,,,,0
https://www.tiktok.com/@cctvnetizen1/video/7682642686754426120,7682728662349234960,Tiktok,elsacantik267,18 ribu,2026-09-07T09:51:15.000Z,,,,0
https://www.tiktok.com/@cctvnetizen1/video/7682642686754426120,7682728653784023815,Tiktok,weyyrulll,Beli di alfa mlah pada promo kak,2026-09-07T09:51:08.000Z,,,,0
https://www.tiktok.com/@cctvnetizen1/video/7682642686754426120,7682728351421498132,Tiktok,adellalae,ga ingat zaman covid ya? Harga masker bisa nembus 100k/ pack😭🫷🏻,2026-09-07T09:50:06.000Z,,,,0
https://www.tiktok.com/@cctvnetizen1/video/7682642686754426120,7682727293676847892,Tiktok,diaa.1996,dan alhamdulillah gunung nya sudah membaik Jawa dan semua Indonesia aman insyaallah,2026-09-07T09:46:01.000Z,,,,0
https://www.tiktok.com/@cctvnetizen1/video/7682642686754426120,7682727093483062032,Tiktok,enjelajasii,"gw semalam telponan sama cowo w, langsung ingetin co masker keburu naik wkwkwk",2026-09-07T09:45:24.000Z,,,,0
https://www.tiktok.com/@cctvnetizen1/video/7682642686754426120,7682726973106127623,Tiktok,ayammmgoowyeng,"hahah iyaa banyak banget di orenn mahal"" plis😭",2026-09-07T09:44:39.000Z,,,,0
https://www.tiktok.com/@cctvnetizen1/video/7682642686754426120,7682723211033658133,Tiktok,cicaalocaa,TUKANG MASKER MERDEKAA KEMBALII,2026-09-07T09:30:07.000Z,,,,0
https://www.tiktok.com/@cctvnetizen1/video/7682642686754426120,7682735659765629726,Tiktok,rarakurniawan41,sudah gk kaget klou di indonesiaaa...,2026-09-07T10:20:14.000Z,,,,0
https://www.tiktok.com/@cctvnetizen1/video/7682642686754426120,7682710198449324818,Tiktok,usernamebaru65,njirr,2026-09-07T08:39:38.000Z,,,,0
https://www.tiktok.com/@cctvnetizen1/video/7682642686754426120,7682709662765105940,Tiktok,bahagiaselaluuuu_,ntr masker naik yg d salahin presiden 😂,2026-09-07T08:37:35.000Z,,,,0
https://www.tiktok.com/@cctvnetizen1/video/7682642686754426120,7682708434719326994,Tiktok,restys2,hmm..Uda gak aneh🌝,2026-09-07T08:32:46.000Z,,,,0
https://www.tiktok.com/@cctvnetizen1/video/7682642686754426120,7682707588089381650,Tiktok,diindira17,"td ada yg live jualan masker ku komen ""buset harganya kaya harga covid"" eh langsung dia blg ya namanya jg semua org butuh kak dan barangnya jg gaada 😂",2026-09-07T08:29:25.000Z,,,,0
https://www.tiktok.com/@cctvnetizen1/video/7682642686754426120,7682706197032665863,Tiktok,92herlina,Aku co semalem 12 rebu eh barusan di cek barang ini telah di hapus 🥺,2026-09-07T08:24:09.000Z,,,,0
https://www.tiktok.com/@cctvnetizen1/video/7682642686754426120,7682705363145982721,Tiktok,ajengnsw,"beli di alfa 17.900 isi 6, btw aku kasir nya wkwk",2026-09-07T08:20:41.000Z,,,,0
https://www.tiktok.com/@cctvnetizen1/video/7682642686754426120,7682704813390103317,Tiktok,luvvdsthty,dikalsel 35k btw pas kbut asap kmrn,2026-09-07T08:18:42.000Z,,,,0
https://www.tiktok.com/@cctvnetizen1/video/7682642686754426120,7682703066742735617,Tiktok,ng9iiiiiiii0,Alhamdulillah aku ga dicansel tapi ga dikirim gmn ini woyyy😭,2026-09-07T08:11:48.000Z,,,,0
https://www.tiktok.com/@cctvnetizen1/video/7682642686754426120,7682702264276370192,Tiktok,laxzex0,😭 nangis,2026-09-07T08:08:50.000Z,,,,0
https://www.tiktok.com/@cctvnetizen1/video/7682642686754426120,7682701273855689492,Tiktok,uht_sarah,bikin dari kain gaes gak usah di beli pedagang bgitu,2026-09-07T08:05:02.000Z,,,,0
https://www.tiktok.com/@cctvnetizen1/video/7682642686754426120,7682700561293067028,Tiktok,bugururita,pas corona juga gitu,2026-09-07T08:02:13.000Z,,,,0
https://www.tiktok.com/@cctvnetizen1/video/7682642686754426120,7682699908272997141,Tiktok,devaanatama,samaaaaa ih,2026-09-07T07:59:39.000Z,,,,0
https://www.tiktok.com/@cctvnetizen1/video/7682642686754426120,7682697733433459463,Tiktok,ian.ionn,kok gk pada kapok ya jual masker kek jaman covid,2026-09-07T07:51:08.000Z,,,,0
https://www.tiktok.com/@cctvnetizen1/video/7682642686754426120,7682697635152757525,Tiktok,possible_995,aq td co harganya gak naik samsek,2026-09-07T07:50:48.000Z,,,,0
https://www.tiktok.com/@cctvnetizen1/video/7682642686754426120,7682695217670062868,Tiktok,ddeeweh,Gara2 komen langsung cek tempat biasa aku beliii bejiiiir segini harganya😭 padahal dulu sekitar 17k,2026-09-07T07:41:33.000Z,,,,0
https://www.tiktok.com/@cctvnetizen1/video/7682642686754426120,7682694967609459474,Tiktok,cici.ween,jadi inget pas zaman covid 1 box 280rb🫨,2026-09-07T07:40:27.000Z,,,,0
https://www.tiktok.com/@cctvnetizen1/video/7682642686754426120,7682691166894883600,Tiktok,_indahmeliani,jangan menggebu gebu beli makan nya😭😭,2026-09-07T07:25:46.000Z,,,,0
https://www.tiktok.com/@cctvnetizen1/video/7682642686754426120,7682691122732237589,Tiktok,yulindakamilah0,dulu bulan februri 13 ribu dapet 2 box sekarang mau co 20 ribu satu box,2026-09-07T07:25:31.000Z,,,,0
https://www.tiktok.com/@cctvnetizen1/video/7682642686754426120,7682690578303451912,Tiktok,felfelllll_,"aku cek di oren ada yg harganya smpe 30rban,pdhl biasanya 10-20rb aja😂",2026-09-07T07:23:24.000Z,,,,0
https://www.tiktok.com/@cctvnetizen1/video/7682642686754426120,7682689905725653761,Tiktok,peakkkkkk__,kak dikalimantan tmpt saya tinggal sekotak nya 100rb 😭,2026-09-07T07:20:45.000Z,,,,0
https://www.tiktok.com/@cctvnetizen1/video/7682642686754426120,7682689688650515218,Tiktok,naspeak_,"Di kalimantan masih segini ka, coba co yg d kalimantan",2026-09-07T07:20:02.000Z,,,,0
https://www.tiktok.com/@cctvnetizen1/video/7682642686754426120,7682689255760642834,Tiktok,user778920474,jahatt banget sumpah,2026-09-07T07:18:23.000Z,,,,0
https://www.tiktok.com/@cctvnetizen1/video/7682642686754426120,7682689136830628616,Tiktok,fbby240,10k 50pcs biasa belii pokonya tiap blm nyetok,2026-09-07T07:17:53.000Z,,,,0
https://www.tiktok.com/@cctvnetizen1/video/7682642686754426120,7682688926838145812,Tiktok,devi.r41,Hujan hujan deh,2026-09-07T07:17:01.000Z,,,,0
https://www.tiktok.com/@cctvnetizen1/video/7682642686754426120,7682687846436946709,Tiktok,issyogurl_042,Mafia besar di bersihkan malah muncul mafia2 kicik 🗿,2026-09-07T07:12:58.000Z,,,,0
https://www.tiktok.com/@cctvnetizen1/video/7682642686754426120,7682687822280819463,Tiktok,meganrtm,"iya lagi, mulai pada goreng harga 😭",2026-09-07T07:12:43.000Z,,,,0
https://www.tiktok.com/@cctvnetizen1/video/7682642686754426120,7682687521738834704,Tiktok,adaahealthyglow,Kk2 yg terdampak abu vulkanik jngn lupa konsumsi vitamin antioksidan yg bisa melindungi dr radikal bebas ya🥺,2026-09-07T07:11:56.000Z,,,,0
https://www.tiktok.com/@cctvnetizen1/video/7682642686754426120,7682687505389060872,Tiktok,ratihwaliani,"😭 nyari masker buat anak ku , dia emang selalu pakai masker, karena alergi debu ,
eh pas cek mahal bgt 🥹
biasanya 15k dapet 50pcs
semalem nyari ga ada kosong semua , ada mahal bgt 🥹😭",2026-09-07T07:11:29.000Z,,,,0
https://www.tiktok.com/@cctvnetizen1/video/7682642686754426120,7682714451820200711,Tiktok,fransiscamhrn,"saudara kita lagi kena musibah, dan mereka pada naikin harga, ya Allah dimana hati nurani kalian🥹",2026-09-07T08:56:00.000Z,,,,0
https://www.tiktok.com/@cctvnetizen1/video/7682642686754426120,7682726502571934482,Tiktok,feby.ibu,"kakak coba cari2 lagi di online kak. siapa tau dapat yang amanah,semoga ujian nya segera selesai ya kak pasti akan dipermudahkan kak Semangat jaga kesehatan percaya Saya Yg Di Atas 🙂",2026-09-07T09:42:49.000Z,,,,0
https://www.tiktok.com/@cctvnetizen1/video/7682642686754426120,7682726826640212744,Tiktok,ulfanurulllllll,di aku masih segini ko,2026-09-07T09:44:00.000Z,,,,0
https://www.tiktok.com/@cctvnetizen1/video/7682642686754426120,7682726072777589512,Tiktok,bebyyyra,"beli biasa di niceso 4500, ngedadak jadi 6000 , untung masih murah naiknya dikit😭",2026-09-07T09:41:07.000Z,,,,0
https://www.tiktok.com/@cctvnetizen1/video/7682642686754426120,7682725865997730567,Tiktok,sonia_29_g,https://vt.tiktok.com/ZSq6uLgxB/,2026-09-07T09:40:19.000Z,,,,0
https://www.tiktok.com/@cctvnetizen1/video/7682642686754426120,7682723289550029589,Tiktok,feeeeebbbbb,Ga pejabat ga rakyatnya sama aja jir😭,2026-09-07T09:30:21.000Z,,,,0
https://www.tiktok.com/@cctvnetizen1/video/7682642686754426120,7682723065951699730,Tiktok,thinkpositivelyy,"Hal ini juga yang terjadi di harga bahan pokok. Mereka menaikkan harga hanya karena mendapat pelanggan pasti ""MBG"". Itu kenapa MBG kita gitu2 aja, karena perhitungan pemerintah seharusnya cukup, jadi gak cukup gegara harga bahan di naikkan. Dan itu juga ngasih efek ke ibu rumah tangga. Negara kita ini pemerintah pusatnya udah gak jahat, tapi rakyatnya yang gampang kedistract. Gampang nyalahin, gampang memanfaatkan. Yuk, mulai pelan-pelan di hidup kita sendiri untuk tidak memanfaatkan kesusahan orang lain, dan tidak memanfaatkan kesempatan yang seharusnya membuat anak indonesia lebih baik.",2026-09-07T09:29:26.000Z,,,,0
https://www.tiktok.com/@cctvnetizen1/video/7682642686754426120,7682720694111372052,Tiktok,trisa066,"pas bgt abis beli masker, kaya udh punya feeling buat co masker pdhal belum ada debu vulkanik 😏 tp nyeselnya cuma 1pak karna kirain cuma buat jaga2 kalo mau motoran yg agak jauh huhuuu",2026-09-07T09:20:25.000Z,,,,0
https://www.tiktok.com/@cctvnetizen1/video/7682642686754426120,7682720482344715024,Tiktok,kepo..w,aku di kalimantan 1 karyawan di kasi 1 box sama bos,2026-09-07T09:19:29.000Z,,,,0
https://www.tiktok.com/@cctvnetizen1/video/7682642686754426120,7682720353541571349,Tiktok,uniquethingsss,asli gak ada empati,2026-09-07T09:18:55.000Z,,,,0
https://www.tiktok.com/@cctvnetizen1/video/7682642686754426120,7682717789406364436,Tiktok,bukanyaem,"Nyari nyari di ecommerce tokonya pada libur, buset serentak bgt tu libur. Sekalinya nemu yang avail malah segini 😭😭😭",2026-09-07T09:09:14.000Z,,,,0
https://www.tiktok.com/@cctvnetizen1/video/7682642686754426120,7682717800784315154,Tiktok,bernadebesr,tuhh kan padahal sesama rakyat aja bisa dzolim 🗿,2026-09-07T09:09:05.000Z,,,,0
https://www.tiktok.com/@cctvnetizen1/video/7682642686754426120,7682717085734617876,Tiktok,siti.rahmah81,rakyat tu gak jauh beda sama pemerintah ... slalu memanfaatkan keadaan ...,2026-09-07T09:06:22.000Z,,,,0
https://www.tiktok.com/@cctvnetizen1/video/7682642686754426120,7682717055418286849,Tiktok,liv.fiaa,gilaakkkkkk emang,2026-09-07T09:06:09.000Z,,,,0
https://www.tiktok.com/@cctvnetizen1/video/7682642686754426120,7682716208990929671,Tiktok,ecaaacaa09,sumpah ih parah bngt pada nyari” kesempatan,2026-09-07T09:02:57.000Z,,,,0
https://www.tiktok.com/@cctvnetizen1/video/7682642686754426120,7682712176347628306,Tiktok,irnnneee,"jgn di ramein vt kek gni, malah ngambil kesempatan penjual masker ikut”an fomo",2026-09-07T08:47:11.000Z,,,,0
https://www.tiktok.com/@cctvnetizen1/video/7682642686754426120,7682720174625145608,Tiktok,secret0vz,"huhu untung aku kmrn dah beli di harga 30an,dan aku cek lagi ternyata emg jadi 70+*😔",2026-09-07T09:18:13.000Z,,,,0
https://www.tiktok.com/@cctvnetizen1/video/7682642686754426120,7682717233738695432,Tiktok,rayaazra,Tapi di aq masih harga normal yah,2026-09-07T09:06:50.000Z,,,,0
https://www.tiktok.com/@cctvnetizen1/video/7682642686754426120,7682715532697977621,Tiktok,agnesmeas,"Dimalaysia jga sama, 1 kotak kecil hampir 200k",2026-09-07T09:00:26.000Z,,,,0
https://www.tiktok.com/@cctvnetizen1/video/7682642686754426120,7682711346727469841,Tiktok,emily3700,"Masker ku dari zaman covid masih ada 1 boks besar, soalnya dulu setok banyakk bangett sekalo beli 1 jt soalnya buat anak anak di asrama😭",2026-09-07T08:44:23.000Z,,,,0
https://www.tiktok.com/@cctvnetizen1/video/7682642686754426120,7682709887991595797,Tiktok,wildfll0wer_,jangan dibeli sih jahat bgt itu yg jual astagfirullah,2026-09-07T08:38:26.000Z,,,,0
https://www.tiktok.com/@cctvnetizen1/video/7682642686754426120,7682709366470968071,Tiktok,awfamili,Biasa checkout 12k skrng 39k,2026-09-07T08:36:20.000Z,,,,0
https://www.tiktok.com/@cctvnetizen1/video/7682642686754426120,7682708510219944725,Tiktok,mentari.00,Aceh zaman covid 10 rb dapat 3🥺,2026-09-07T08:33:04.000Z,,,,0
https://www.tiktok.com/@cctvnetizen1/video/7682642686754426120,7682707032857395988,Tiktok,crrtly,aku dari zaman covid smpai sekarang keluar rumah sering pakai masker jadi aku sering stock bulan kemarin aku beli masker duckbill hrganya 10ribu 50 pcs,2026-09-07T08:27:20.000Z,,,,0
https://www.tiktok.com/@cctvnetizen1/video/7682642686754426120,7682706213067408145,Tiktok,suci64413,kasihan banget ih sama2 hidup D dunia lagian jg kan harga normal jg dpt untung kan,2026-09-07T08:24:13.000Z,,,,0
https://www.tiktok.com/@cctvnetizen1/video/7682642686754426120,7682710366435132167,Tiktok,daisyriess,"sedangkan gua 2 bulan yang lalu tiba"" Co masker pdhal tiap hari gak pake masker kirain gak akan ke pake trnyata alhamdulillah kepake sekarang mana pas beli dpat harga Rp0 😭",2026-09-07T08:40:18.000Z,,,,0
https://www.tiktok.com/@cctvnetizen1/video/7682642686754426120,7682709360070329095,Tiktok,ashtyee_,Kak mau gk ni punya aku satu kotak gk kepake🙏,2026-09-07T08:36:21.000Z,,,,0
https://www.tiktok.com/@cctvnetizen1/video/7682642686754426120,7682704457910895378,Tiktok,irmadiary29,"Sekarang tau kan kenapa alam ga berbelas kasih kepada siapapun, karena semua nya egois dan serakah ketika diberi kesempatan 🥺",2026-09-07T08:17:28.000Z,,,,0
https://www.tiktok.com/@cctvnetizen1/video/7682642686754426120,7682704321012810516,Tiktok,yaanaaa63,kak aku jual di tokoku masih 15rb isi 50,2026-09-07T08:16:52.000Z,,,,0
https://www.tiktok.com/@cctvnetizen1/video/7682642686754426120,7682703485971727124,Tiktok,cheesyyyy.r,kmrin beli 50pcs 22 rb skrg udh 48rb,2026-09-07T08:13:28.000Z,,,,0
https://www.tiktok.com/@cctvnetizen1/video/7682642686754426120,7682703218707727120,Tiktok,mama.edgar.cio,ko pada ambil keuntungan ya. gimana sama orang2 yg ga mampu beli yg hanya ada uang buat makan sehari2 aja,2026-09-07T08:12:35.000Z,,,,0
https://www.tiktok.com/@cctvnetizen1/video/7682642686754426120,7682703096422105874,Tiktok,natanataaza,gilee,2026-09-07T08:12:02.000Z,,,,0
https://www.tiktok.com/@cctvnetizen1/video/7682642686754426120,7682701086134747922,Tiktok,ginarestugarnita,khn rakyatny juga kelakuannya sama aj kaya pemerintah,2026-09-07T08:04:18.000Z,,,,0
https://www.tiktok.com/@cctvnetizen1/video/7682642686754426120,7682692701921444615,Tiktok,nvypryg,"bukan pemerintah aja yg jahat
sesama masyarakatpun gak ada yg peduli
malah nambah beban😭",2026-09-07T07:31:36.000Z,,,,0
https://www.tiktok.com/@cctvnetizen1/video/7682642686754426120,7682687361936114440,Tiktok,chelft,masker jadi 46rb 😭,2026-09-07T07:11:03.000Z,,,,0
https://www.tiktok.com/@cctvnetizen1/video/7682642686754426120,7682685990532498196,Tiktok,ocean8195,"co kemaren pagi, trs tadi pagi di cek tbtb toko libur 😏 haha",2026-09-07T07:05:51.000Z,,,,0
https://www.tiktok.com/@cctvnetizen1/video/7682642686754426120,7682689473550041876,Tiktok,biyuwwww,jahat bgt ya allah🥺,2026-09-07T07:19:18.000Z,,,,0
https://www.tiktok.com/@cctvnetizen1/video/7682642686754426120,7682683871434916628,Tiktok,ibusyafaadinda,aku kmren beli masih dapet di harga 7k 50pcs,2026-09-07T06:57:24.000Z,,,,0
https://www.tiktok.com/@cctvnetizen1/video/7682642686754426120,7682676283408089864,Tiktok,esmilodingin__,alhamdulillah banget uda stok dari bulan kemarin,2026-09-07T06:27:55.000Z,,,,0
https://www.tiktok.com/@cctvnetizen1/video/7682642686754426120,7682686832111452948,Tiktok,june.are.real,ini real ya even gue yg tinggal di sby 2 hari lalu co masker yg toko di jkt eh semalem tiba tiba di cancel tnp alasan yg jelas dan paginya pas mau co lagi harganya udah beda akhirnya beli di offline store😭,2026-09-07T07:09:04.000Z,,,,0
https://www.tiktok.com/@cctvnetizen1/video/7682642686754426120,7682686773663187720,Tiktok,donttcallmynamee,https://s.shopee.co.id/70JwPJL6RC coba link ini mudah²an harga belum berubah🙏,2026-09-07T07:08:38.000Z,,,,0
https://www.tiktok.com/@cctvnetizen1/video/7682642686754426120,7682686340018127623,Tiktok,dehanda29,"Guys coba ke nice so, idol mart semacamnya biasanya ada cuman 10rb an",2026-09-07T07:06:58.000Z,,,,0
https://www.tiktok.com/@cctvnetizen1/video/7682642686754426120,7682685896197702420,Tiktok,upsssyy21,"Kemarin gw masih beli Harga 10k Isi 50!, Sekarang udah 40K 😂😂",2026-09-07T07:05:17.000Z,,,,0
https://www.tiktok.com/@cctvnetizen1/video/7682642686754426120,7682680128963887893,Tiktok,nisa_usadiah,Secara ilmu ekonomi emang kalau permintaan naik harga akan naik. Tapi yaa yaa kalau bisa mah yg wajar yaa in this ekonomi,2026-09-07T06:43:10.000Z,,,,0
https://www.tiktok.com/@cctvnetizen1/video/7682642686754426120,7682686896388702997,Tiktok,yaumiarisandi,gk ngerti lg aq pdhl pesannya sblm adanya gunung krakatau...😏,2026-09-07T07:09:12.000Z,,,,0
https://www.tiktok.com/@cctvnetizen1/video/7682642686754426120,7682767554129806100,Tiktok,babyandkidsspa,dirumah masih ada si stok masker sisa tp pas mau beli lagi masak dicancel ditoko yg sama gila aja,2026-09-07T12:22:10.000Z,,,,0
https://www.tiktok.com/@cctvnetizen1/video/7682642686754426120,7682687018241671943,Tiktok,dehanda29,Di tiktok masih banyak yg murah ko ini salah satunya cuman 16rb,2026-09-07T07:09:40.000Z,,,,1
https://www.tiktok.com/@cctvnetizen1/video/7682642686754426120,7682671676039234324,Tiktok,tee_jsuuuuuuuu,"sebelum kritik pemerintah intropeksi diri dulu sebagai rakyat kita pro rakyat ga? astaghfirullah, ini salah satu hal kecil. gaada bedanya sama koruptor yg maling duit negara",2026-09-07T06:10:03.000Z,,,,0
https://www.tiktok.com/@cctvnetizen1/video/7682642686754426120,7682658644098564882,Tiktok,m.hafizhh3,ges BLH minta 15rbu gakk..aku SM adiku blum ada makan hari ini 🥺🙏,2026-09-07T05:19:33.000Z,,,,2
https://www.tiktok.com/@cctvnetizen1/video/7682642686754426120,7682684614724895506,Tiktok,byayu.skin,"Beli di warung ku guysss, yang tadinya 5.000 ku jual 2.000 an aja pas bencana ini🥰🥰",2026-09-07T07:00:19.000Z,,,,0
https://www.tiktok.com/@cctvnetizen1/video/7682642686754426120,7682859513330893588,Tiktok,synnsa05,"liat vt ini langsung cekk pesenan masker ku eh ko ga ada dipengiriman , dan yapss dibatalin sama seller nyaa😭 anjirr pengen berkata kasarr",2026-09-07T18:19:02.000Z,,,,0
https://www.tiktok.com/@cctvnetizen1/video/7682642686754426120,7682738339095298823,Tiktok,berkahabadi198,udh jg di beli biar tau rasa,2026-09-07T10:28:48.000Z,,,,0
https://www.tiktok.com/@cctvnetizen1/video/7682642686754426120,7682684332871484181,Tiktok,agustisari,masker mahal pakai pelastik putih asoy aja banyak juga kan yang pakai plastik itu,2026-09-07T06:59:12.000Z,,,,0
https://www.tiktok.com/@cctvnetizen1/video/7682642686754426120,7682684373086798612,Tiktok,shzvea,dijualnya satuan pula diatas 5k anjjjj😭😭😭,2026-09-07T06:59:20.000Z,,,,0
https://www.tiktok.com/@cctvnetizen1/video/7682642686754426120,7682684534588932872,Tiktok,jedaisy_,"Bowin indonesia juga biasanya gua beli 12 rb, ini 90 rb . Gila nya gila banget anjj",2026-09-07T06:59:58.000Z,,,,0
https://www.tiktok.com/@cctvnetizen1/video/7682642686754426120,7682686136900797205,Tiktok,yaumiarisandi,"sblm krakatau udh 3x beli masker d cancel trs, apa mgkin tukang masker udh tau bklan ada musibah ini...aneh 😏",2026-09-07T07:06:21.000Z,,,,0
https://www.tiktok.com/@cctvnetizen1/video/7682642686754426120,7682686461079110421,Tiktok,sundaze_112,jgn aji mumpung lah anj ekonomi lagi seret bgni kalian pda jahat” bgt jualan😭,2026-09-07T07:07:34.000Z,,,,0
https://www.tiktok.com/@cctvnetizen1/video/7682642686754426120,7682688966404129554,Tiktok,iniifitriia_,stresss anjir,2026-09-07T07:17:18.000Z,,,,0
https://www.tiktok.com/@cctvnetizen1/video/7682642686754426120,7682691692353585928,Tiktok,uswtun_sjruby,Saya jual 1000 di Jaksel,2026-09-07T07:27:50.000Z,,,,0
https://www.tiktok.com/@cctvnetizen1/video/7682642686754426120,7682692785456562965,Tiktok,_dianti05,"pantes pesen 2 hari lalu cuman di kemas doang, dari harga 15k sampe 50k bjir tailllah zolim lu semuaaa yang jual masker ga ngotak!!😭",2026-09-07T07:32:16.000Z,,,,0
https://www.tiktok.com/@cctvnetizen1/video/7682642686754426120,7682751405220725522,Tiktok,ggiaptr,"Iyaa anj, pdahal kmren co pake instan pagi nya di cancel",2026-09-07T11:19:28.000Z,,,,0
https://www.tiktok.com/@cctvnetizen1/video/7682642686754426120,7682692854548693768,Tiktok,p.sandikaput_,tanah nya nanti pada subur kena abu vulkanik,2026-09-07T07:32:16.000Z,,,,0
https://www.tiktok.com/@cctvnetizen1/video/7682642686754426120,7682695464688550677,Tiktok,tasyanofarasya,Emang ga ada akhlak orang2 ini,2026-09-07T07:42:24.000Z,,,,0
https://www.tiktok.com/@cctvnetizen1/video/7682642686754426120,7682758883173450513,Tiktok,ig.ayuavinap_,Semoga aja ujan yaa biar yg aji mumpung masker ga laku🥰🥰,2026-09-07T11:48:39.000Z,,,,0
https://www.tiktok.com/@cctvnetizen1/video/7682642686754426120,7682704783324857108,Tiktok,ndkmlyaa,tukang masker naik haji,2026-09-07T08:18:34.000Z,,,,0
https://www.tiktok.com/@cctvnetizen1/video/7682642686754426120,7682705644457968405,Tiktok,peoplecome41,"td gue pesen di oren eh dicancel sepihak, pas mau co ulang dia malah naik shibal",2026-09-07T08:21:59.000Z,,,,0
https://www.tiktok.com/@cctvnetizen1/video/7682642686754426120,7682708465576477447,Tiktok,seftyfw,"Hoax jangan termakan provokator ,",2026-09-07T08:32:56.000Z,,,,0
https://www.tiktok.com/@cctvnetizen1/video/7682642686754426120,7682769772334285586,Tiktok,sweetiepie_fei,@sweety:saya kn dari Tangerang ya ka terus niat hati mau jualan masker murah d Lampung borongan gitu saya aplod di grup fb Lampung ehh malah di katain nipu😭😭jauh banget nipu ampe ke Lampung ktanya 😭 akhirnya ku hapus postingan ku ga mau lagi lah jual se-jabodetabek aja 😭😭📍,2026-09-07T12:30:47.000Z,,,,0
https://www.tiktok.com/@cctvnetizen1/video/7682642686754426120,7682710068663534343,Tiktok,istrism,Biasanya yg suka aji mumpung gini yg suka teriak nyalahin pemerintah,2026-09-07T08:39:02.000Z,,,,0
https://www.tiktok.com/@cctvnetizen1/video/7682642686754426120,7682833440508642055,Tiktok,puputnvsh07,coba klik toko yg aku beli kak insyallah amanah tidak cancel,2026-09-07T16:37:43.000Z,,,,0
https://www.tiktok.com/@cctvnetizen1/video/7682642686754426120,7682681460029178644,Tiktok,viiiiiii.vi__,"gitu nyalahin pemerintah, orang rakyatnya aja se dzolim ini 😝",2026-09-07T06:48:04.000Z,,,,0
https://www.tiktok.com/@cctvnetizen1/video/7682642686754426120,7682682207215846151,Tiktok,lusinovpasaribu,"gimana mau maju, manusia nya aja kebanyakan sdm rendah apa² di manfaatin, jadi jgn salahkan pemerintah🤣, karna pemerintah juga dulu warga biasa wkwkwk",2026-09-07T06:50:57.000Z,,,,0
https://www.tiktok.com/@cctvnetizen1/video/7682642686754426120,7682682340577821460,Tiktok,suciwulndari,Di tempatku masih 10-15 guys yg mau jastip boleh🤣,2026-09-07T06:51:32.000Z,,,,0
https://www.tiktok.com/@cctvnetizen1/video/7682642686754426120,7682710472487043861,Tiktok,sissygerr,GUA BENCI BGT@ng aji mumpung anjirr ga ngerti situasi apa ya bencana kaya gini,2026-09-07T08:40:37.000Z,,,,1
https://www.tiktok.com/@cctvnetizen1/video/7682642686754426120,7682684133637702421,Tiktok,estehduaribu,@MAS HAR kirain sendirian,2026-09-07T06:58:26.000Z,,,,0
https://www.tiktok.com/@cctvnetizen1/video/7682642686754426120,7682685557235106581,Tiktok,hanae_asa,untung selalu nyetok🥰 @prill_,2026-09-07T07:04:00.000Z,,,,0
https://www.tiktok.com/@cctvnetizen1/video/7682642686754426120,7682742590479057682,Tiktok,usernem00_4,@celestauria_♉️,2026-09-07T10:45:11.000Z,,,,1
https://www.tiktok.com/@cctvnetizen1/video/7682642686754426120,7682680446806917895,Tiktok,ethereal_latte_,kayak covid kmren gue beli sedus itu 300 ribu woi. jman masker medis langka langkanya,2026-09-07T06:44:05.000Z,,,,0
https://www.tiktok.com/@cctvnetizen1/video/7682642686754426120,7682683916273271572,Tiktok,nonarara02,ada yg harga 17k guyss dari sby kalo mau aku ksh linknya,2026-09-07T06:57:41.000Z,,,,0
https://www.tiktok.com/@cctvnetizen1/video/7682642686754426120,7682763034108855061,Tiktok,avindanurulazizah,@d💫 stresss,2026-09-07T12:04:41.000Z,,,,0
https://www.tiktok.com/@cctvnetizen1/video/7682642686754426120,7682705541089231637,Tiktok,kaniaaonlyyyy,"@Raden kan naik semua, pasti nanti ada yg daur ulang💀",2026-09-07T08:21:40.000Z,,,,0
https://www.tiktok.com/@cctvnetizen1/video/7682642686754426120,7682681887340593940,Tiktok,mommy.gadiss,@Anyewww masker harga su naik,2026-09-07T06:49:44.000Z,,,,0
https://www.tiktok.com/@cctvnetizen1/video/7682642686754426120,7682942487527310100,Tiktok,l0ofyyc._,😁😁😁,2026-09-07T23:41:20.000Z,,,,0
https://www.tiktok.com/@cctvnetizen1/video/7682642686754426120,7682815869865296660,Tiktok,moonpiiesz,💔💔,2026-09-07T15:29:39.000Z,,,,0
https://www.tiktok.com/@cctvnetizen1/video/7682642686754426120,7682783551604425493,Tiktok,urgirlsvina,@tiaraalft,2026-09-07T13:24:15.000Z,,,,0
https://www.tiktok.com/@cctvnetizen1/video/7682642686754426120,7682778687746442005,Tiktok,ailhamx,@fatisah,2026-09-07T13:05:22.000Z,,,,2
https://www.tiktok.com/@cctvnetizen1/video/7682642686754426120,7682685780192314132,Tiktok,princessof_9,kenapa disaat butuh pada melonjak harganya,2026-09-07T07:04:51.000Z,,,,0
https://www.tiktok.com/@cctvnetizen1/video/7682642686754426120,7682685142306407189,Tiktok,bundarasen,dari sini kita tau sbrpa serakahnya manusia🥹dngn memanfaatkn situasi sprti ini,2026-09-07T07:02:28.000Z,,,,0
https://www.tiktok.com/@cctvnetizen1/video/7682642686754426120,7682681122570748690,Tiktok,ichaysuff,"teriak"" pemerintah zolim taunya rakyat biasa aja punya kesempatan dikit malah ikutan haha🤣",2026-09-07T06:51:19.000Z,,,,0
https://www.tiktok.com/@cctvnetizen1/video/7682642686754426120,7682679022519042836,Tiktok,kyungzeeeeee,serakah bgt nih rakyat😭,2026-09-07T06:38:45.000Z,,,,0
https://www.tiktok.com/@cctvnetizen1/video/7682642686754426120,7682685042288558855,Tiktok,vincenzooutfit_store,izin ss kak,2026-09-07T07:01:59.000Z,,,,0
https://www.tiktok.com/@cctvnetizen1/video/7682642686754426120,7682685455804187408,Tiktok,nopayyy.19,sama aku juga ini pesen masker diundur trs pengirimannya,2026-09-07T07:03:44.000Z,,,,0
https://www.tiktok.com/@cctvnetizen1/video/7682642686754426120,7682685114506265345,Tiktok,sfjri13,Tadi pagi co barusan dibatalin,2026-09-07T07:02:20.000Z,,,,0
https://www.tiktok.com/@cctvnetizen1/video/7682642686754426120,7682684983706632978,Tiktok,jerukmaniss,Jahat bgt yaallah,2026-09-07T07:01:43.000Z,,,,0
https://www.tiktok.com/@cctvnetizen1/video/7682642686754426120,7682684596965606151,Tiktok,sewabajusumpiuh_,Ya Allah 🥹,2026-09-07T07:00:12.000Z,,,,0
https://www.tiktok.com/@cctvnetizen1/video/7682642686754426120,7682684239481881365,Tiktok,w.yessa.simbolonn,jgn gtu woi😭 kasiani kami yg masih ada praktikum lab 😭😭😭,2026-09-07T06:58:56.000Z,,,,0
https://www.tiktok.com/@cctvnetizen1/video/7682642686754426120,7682684257010402056,Tiktok,machaaqueen,"ak mesen kmarin siang kak, sampe skrg blm mncul resi :)",2026-09-07T06:58:56.000Z,,,,0
https://www.tiktok.com/@cctvnetizen1/video/7682642686754426120,7682684083822789384,Tiktok,juanmalik03,"Kak jgn takut ini cuma 2 hr bentar lg juga baik2 aja, yg jahat biarin jahat",2026-09-07T06:58:12.000Z,,,,0
https://www.tiktok.com/@cctvnetizen1/video/7682642686754426120,7682683788838896391,Tiktok,reys_892,mouson dri dulu emg 21k an tpi pas cek 30k kek haji mumpung bngt:),2026-09-07T06:57:12.000Z,,,,0
https://www.tiktok.com/@ceritalfano/video/7685069190218255634,7685085733036032789,Tiktok,peach_gum3,"Setuju kak, yg hrusnya kita fokus nyalahin pemerintah, malah terbagi dengan sibuknya kita nyuruh orglain utk speak up. jdinya malah meluas pembahasannya, jdi kritik kita kepemerintah malah cenderung tenggelam.",2026-09-13T18:17:51.000Z,,,,0
https://www.tiktok.com/@ceritalfano/video/7685069190218255634,7685204675385361170,Tiktok,blicabliva,mindfulness itu mah akal2an orang kapitalis ✨,2026-09-14T01:59:26.000Z,,,,0
https://www.tiktok.com/@ceritalfano/video/7685069190218255634,7685083218006459156,Tiktok,betabetabeta19,"nah ini 😭 why are dehumanizing a HUMAN, aku pun jg pernah ngerasain fase stop liat berita2 sementara waktu karena sengaruh itu ama mental",2026-09-13T18:08:13.000Z,,,,0
https://www.tiktok.com/@ceritalfano/video/7685069190218255634,7685074842580452103,Tiktok,smiley.hanie,i get thissss,2026-09-13T17:35:34.000Z,,,,0
https://www.tiktok.com/@ceritalfano/video/7685069190218255634,7685168391262356242,Tiktok,magicblendermultifungsi,"setuju kakk, tapi kenapa yaa orang2 bilang bgitu.. padahal kak maudy juga memberikan saran untuk membuka berita dari sumber2 yang terpercaya biar terkurasi dan.. tidak overwhelmed?",2026-09-13T23:38:40.000Z,,,,0
https://www.tiktok.com/@ceritalfano/video/7685069190218255634,7685173050773488404,Tiktok,rize200,cair,2026-09-13T23:56:53.000Z,,,,0
https://www.tiktok.com/@ceritalfano/video/7685069190218255634,7685109507068576519,Tiktok,ashadiary__,Louderrr,2026-09-13T19:50:11.000Z,,,,0
https://www.tiktok.com/@ceritalfano/video/7685069190218255634,7685194706464654098,Tiktok,pendustakata,,2026-09-14T01:20:48.000Z,,,,0
https://www.tiktok.com/@ceritalfano/video/7685069190218255634,7685191792559604501,Tiktok,j769383,"klo bener, dibayar berapa?😭😭😭😅",2026-09-14T01:09:30.000Z,,,,0
https://www.tiktok.com/@ceritalfano/video/7685069190218255634,7685096586146530068,Tiktok,xaprilianix,Louder kakkkk 😭,2026-09-13T19:00:04.000Z,,,,0
https://www.tiktok.com/@ceritalfano/video/7685069190218255634,7685071918458766087,Tiktok,dimsumieee,tumben sepi😭😭😭,2026-09-13T17:24:11.000Z,,,,0
https://www.tiktok.com/@ceritalfano/video/7685069190218255634,7685222590952702721,Tiktok,aie.licious,"sepakat bang, tiap hari liat berita d indonesia bnr2 bkin stress. bknnya mw tone deaf, tp emg capek bgt kl tiap hri hrs ngikutin berita. kdg smpe ngang ngong krn beritanya tlat nyampe d ak, krn udh overstimulate bgt dan itu mengganggu krjaan 😭",2026-09-14T03:09:31.000Z,,,,0
https://www.tiktok.com/@ceritalfano/video/7685069190218255634,7685161800900133639,Tiktok,nikitalooppy,untung aku blm artis soalnya aku ga speak up ttg apapun yg terjadi di indo,2026-09-13T23:13:12.000Z,,,,0
https://www.tiktok.com/@ceritalfano/video/7685069190218255634,7685195479592633095,Tiktok,smileme768,👍🏻👍🏻,2026-09-14T01:23:56.000Z,,,,0
https://www.tiktok.com/@d1h20/video/7683044205299600660,7683066411070128917,Tiktok,cela_133,keren nich dokter muda 😁,2026-09-08T07:41:55.000Z,,,,1
https://www.tiktok.com/@d1h20/video/7683044205299600660,7683056499354682113,Tiktok,lawlaudy,baik tenan ra ki,2026-09-08T07:03:45.000Z,,,,1
https://www.tiktok.com/@d1h20/video/7683044205299600660,7683134903868932885,Tiktok,chisya.putri,bu dokter,2026-09-08T12:07:35.000Z,,,,0
https://www.tiktok.com/@d1h20/video/7683044205299600660,7683191088856843015,Tiktok,khaiyeo_o,loh bukan dari madura ta takyee?,2026-09-08T15:45:36.000Z,,,,0
https://www.tiktok.com/@d1h20/video/7683044205299600660,7683729206589440785,Tiktok,miasumiatun16,kerennnn mbk. universitas nana mbk?,2026-09-10T02:33:56.000Z,,,,1
https://www.tiktok.com/@d1h20/video/7683044205299600660,7683811323940258578,Tiktok,cicirawrrrr,BU DOK BAGIAN CANTIKK INII PLISS😍😍😍,2026-09-10T07:52:38.000Z,,,,0
https://www.tiktok.com/@dumpxco/video/7684918432491474184,7684955944351417108,Tiktok,mama6cat,kenapa ya dia jadi gitu😭,2026-09-13T09:54:23.000Z,,,,15
https://www.tiktok.com/@dumpxco/video/7684918432491474184,7684969589214380820,Tiktok,shafiramallia,setau ku dia nge branding skincarenya itu untuk nge viralin buah papua yang banyak khasiatnya tapi masih banyak orang yang gatau.,2026-09-13T10:47:09.000Z,,,,2
https://www.tiktok.com/@dumpxco/video/7684918432491474184,7684956036558439189,Tiktok,bellysblue,GAK GUNA TUH BEASISWA LPDP,2026-09-13T09:54:38.000Z,,,,1
https://www.tiktok.com/@dumpxco/video/7684918432491474184,7684983797088518928,Tiktok,pudjitia,cerdas belum tentu punya empati,2026-09-13T11:42:16.000Z,,,,3
https://www.tiktok.com/@dumpxco/video/7684918432491474184,7684953860705092359,Tiktok,ciciiie.cutee,tone deaf itu aoa,2026-09-13T09:49:18.000Z,,,,5
https://www.tiktok.com/@dumpxco/video/7684918432491474184,7685016336896557840,Tiktok,me..myself..and..you,"ngak kok, dia sering speak up kok tentang isu isu apapun di ig nya",2026-09-13T13:48:31.000Z,,,,2
https://www.tiktok.com/@dumpxco/video/7684918432491474184,7684957086006379265,Tiktok,hanya148cm,plis jelasin ini ada apa😭,2026-09-13T09:58:52.000Z,,,,3
https://www.tiktok.com/@dumpxco/video/7684918432491474184,7684956588869042964,Tiktok,cowboybara,"kok orang-orang baru ngeh[Menangis]. sejak dia jadi juru bicara G20 aja keliatan, kok",2026-09-13T09:56:47.000Z,,,,0
https://www.tiktok.com/@dumpxco/video/7684918432491474184,7684961100760236821,Tiktok,khasuya1,gw cocok bgt pake moisturizer red papua nya itu 😭,2026-09-13T10:14:11.000Z,,,,2
https://www.tiktok.com/@dumpxco/video/7684918432491474184,7684949285549359893,Tiktok,hihalle,lah iya baru ngeh 😭,2026-09-13T09:28:22.000Z,,,,0
https://www.tiktok.com/@dumpxco/video/7684918432491474184,7684955671507469076,Tiktok,lalalaa3271,akunnya bersih bgt,2026-09-13T09:53:11.000Z,,,,0
https://www.tiktok.com/@dumpxco/video/7684918432491474184,7684955163891892993,Tiktok,yellowbluegf,ada apaansii ??,2026-09-13T09:51:08.000Z,,,,3
https://www.tiktok.com/@dumpxco/video/7684918432491474184,7684955879767589640,Tiktok,abcdlove._.u,"lahhh iya ya, kok gak kepikiran sih, krna brand nya tenggelem😭",2026-09-13T09:53:58.000Z,,,,0
https://www.tiktok.com/@dumpxco/video/7684918432491474184,7684961082562331412,Tiktok,sanflawwerss,dari dulu anjir dia,2026-09-13T10:14:10.000Z,,,,0
https://www.tiktok.com/@dumpxco/video/7684918432491474184,7684972990292230928,Tiktok,miloookopii,jujur keselll bgt liatnya 😭,2026-09-13T11:00:22.000Z,,,,0
https://www.tiktok.com/@dumpxco/video/7684918432491474184,7684967222415131413,Tiktok,ellsya66.d,komenan di akunnya bersih sangat,2026-09-13T10:38:03.000Z,,,,0
https://www.tiktok.com/@dumpxco/video/7684918432491474184,7684957966168245013,Tiktok,dreamer101010101,Tone deaf itu buta nada ya?,2026-09-13T10:02:00.000Z,,,,2
https://www.tiktok.com/@dumpxco/video/7684918432491474184,7685004076082512657,Tiktok,tehgayem,yang bikin greget tuh di punya power buat speak up tapi dia selama ini tetep memilih buat diem bar,2026-09-13T13:00:57.000Z,,,,0
https://www.tiktok.com/@dumpxco/video/7684918432491474184,7684971020516311826,Tiktok,ureadynvm,eh gue baru tau dia punya brand skincare,2026-09-13T10:52:42.000Z,,,,0
https://www.tiktok.com/@dumpxco/video/7684918432491474184,7684957955578839825,Tiktok,yuni1ajah,perasaan scroll Mulu tapi ketinggalan berita trus,2026-09-13T10:01:59.000Z,,,,0
https://www.tiktok.com/@dumpxco/video/7684918432491474184,7684957246405313301,Tiktok,delightmxxn,Haha iya lagi,2026-09-13T09:59:20.000Z,,,,0
https://www.tiktok.com/@dumpxco/video/7684918432491474184,7685109298254856967,Tiktok,yuminmby,dari dulu padahal sudah bgtu,2026-09-13T19:49:16.000Z,,,,0
https://www.tiktok.com/@dumpxco/video/7684918432491474184,7685193160650998548,Tiktok,erik97_,di Konoha yang berprestasi selalu di hujat,2026-09-14T01:14:56.000Z,,,,0
https://www.tiktok.com/@dumpxco/video/7684918432491474184,7685154628166533905,Tiktok,lily0fvaly,@shafiramallia:setau ku dia nge branding skincarenya itu untuk nge viralin buah papua yang banyak khasiatnya tapi masih banyak orang yang gatau.,2026-09-13T22:45:49.000Z,,,,0
https://www.tiktok.com/@dumpxco/video/7684918432491474184,7685034698817323777,Tiktok,stefiicahya,@shafiramallia:setau ku dia nge branding skincarenya itu untuk nge viralin buah papua yang banyak khasiatnya tapi masih banyak orang yang gatau.,2026-09-13T14:59:51.000Z,,,,0
https://www.tiktok.com/@dumpxco/video/7684918432491474184,7684978768943072021,Tiktok,sherlypris,Drdlu sih,2026-09-13T11:22:46.000Z,,,,0
https://www.tiktok.com/@dumpxco/video/7684918432491474184,7685044272258073365,Tiktok,boopsky,kenapa dia..,2026-09-13T15:37:01.000Z,,,,0
https://www.tiktok.com/@dumpxco/video/7684918432491474184,7684976563850396436,Tiktok,urgrill111,plis padahal bgus banget skincare nya,2026-09-13T11:14:08.000Z,,,,0
https://www.tiktok.com/@dumpxco/video/7684918432491474184,7685135679718638356,Tiktok,_nviantimarwih,Mahal bnget produknya😭,2026-09-13T21:31:52.000Z,,,,0
https://www.tiktok.com/@dumpxco/video/7684918432491474184,7684971923089113876,Tiktok,cydytata,hahahaha,2026-09-13T10:56:21.000Z,,,,0
https://www.tiktok.com/@dumpxco/video/7684918432491474184,7684960911946154760,Tiktok,jejer0_,,2026-09-13T10:13:32.000Z,,,,0
https://www.tiktok.com/@dumpxco/video/7684918432491474184,7684956664675648263,Tiktok,teddybearatcaffe,byee deh from this island 😒😒😒,2026-09-13T09:56:56.000Z,,,,1
https://www.tiktok.com/@dumpxco/video/7684918432491474184,7685080613570249479,Tiktok,lala.pic,"btw soal papua baru ngobrol sm orang disana, please banyak kejadian disana yg gak masuk berita kita, soal opm dan lain""nya. dia ngejelasin gimana realita di papua sbrnya",2026-09-13T17:58:03.000Z,,,,0
https://www.tiktok.com/@dumpxco/video/7684918432491474184,7684948344480826128,Tiktok,kailafarkhan,yg lebih gong nya dia kuliah pake jalur beasiswa LPDB 🥺,2026-09-13T09:24:38.000Z,,,,2
https://www.tiktok.com/@dumpxco/video/7684918432491474184,7684946811609514772,Tiktok,defia_triadi,dia dari dulu itu tonedeaf,2026-09-13T09:18:42.000Z,,,,4
https://www.tiktok.com/@dumpxco/video/7684918432491474184,7684957072203039508,Tiktok,vasavana,"saran gua, jangan fomo ngehujat😬",2026-09-13T09:58:37.000Z,,,,0
https://www.tiktok.com/@dumpxco/video/7684918432491474184,7684950066651235093,Tiktok,strngr10_,Padahal pinter 😭,2026-09-13T09:31:26.000Z,,,,4
https://www.tiktok.com/@dumpxco/video/7684918432491474184,7684950767993029397,Tiktok,andiriza1995,"Hate comments semua, sedih bacanya",2026-09-13T09:34:18.000Z,,,,5
https://www.tiktok.com/@dumpxco/video/7684918432491474184,7684959199722472199,Tiktok,bubleblue1188,Lah biarin aja.. serba salah bgt si netizen yg kurang kerjaan,2026-09-13T10:06:50.000Z,,,,0
https://www.tiktok.com/@dumpxco/video/7684918432491474184,7684951162315653889,Tiktok,senjaaaa_ryn,Pantess,2026-09-13T09:35:47.000Z,,,,0
https://www.tiktok.com/@dumpxco/video/7684918432491474184,7685136040339817236,Tiktok,heyitsnandaaa,tone deaf mah dia,2026-09-13T21:33:10.000Z,,,,0
https://www.tiktok.com/@dumpxco/video/7684918432491474184,7684970654198891272,Tiktok,pupus_matcha21,wkwkwkwk sibuk bilang presiden ini ituh ternyata dia pelaku juga😌😌😌,2026-09-13T10:51:21.000Z,,,,0
https://www.tiktok.com/@dumpxco/video/7684918432491474184,7685213268101038868,Tiktok,mbaintang,boycott sih,2026-09-14T02:32:57.000Z,,,,0
https://www.tiktok.com/@dumpxco/video/7684918432491474184,7685168252100346644,Tiktok,lele.goreng58,ntar juga tiba² jadi komisaris,2026-09-13T23:38:18.000Z,,,,0
https://www.tiktok.com/@dumpxco/video/7684918432491474184,7685171984342893328,Tiktok,adigo_55,dia dapat beasiswa dri pemerintah gimana mau bebas bersuara,2026-09-13T23:52:49.000Z,,,,0
https://www.tiktok.com/@dumpxco/video/7684918432491474184,7685015294993318657,Tiktok,earthwoman3,Lu pada fomo amat dah asal ada yang hujat satu langsung ikut ngehujat,2026-09-13T13:44:35.000Z,,,,1
https://www.tiktok.com/@dumpxco/video/7684918432491474184,7684966358073328391,Tiktok,lov.u3000,Komen nya masih sepi ya di akun nya,2026-09-13T10:34:35.000Z,,,,0
https://www.tiktok.com/@dumpxco/video/7684918432491474184,7685049593260442388,Tiktok,userrrrr05418,@Maudy Ayunda stop tonedeaf,2026-09-13T15:57:36.000Z,,,,0
https://www.tiktok.com/@dumpxco/video/7684918432491474184,7684969951116329736,Tiktok,ln4angel,@orang scroll 24jam pun ttp ketinggalan berita [Menangis],2026-09-13T10:48:41.000Z,,,,0
https://www.tiktok.com/@dumpxco/video/7684918432491474184,7685043691350770452,Tiktok,mawarnyaasli,😁😁😁,2026-09-13T15:34:47.000Z,,,,0
https://www.tiktok.com/@dumpxco/video/7684918432491474184,7685227160936317717,Tiktok,floome.i,😂😂😂,2026-09-14T03:26:49.000Z,,,,0
https://www.tiktok.com/@dumpxco/video/7684918432491474184,7684954547220005633,Tiktok,cacaaja01010,😂😂😂,2026-09-13T09:48:51.000Z,,,,0
https://www.tiktok.com/@orange97_/video/7684896690360536340,7684897931456037653,Tiktok,cbitnoi16._,uho nghệ sĩ mới,2026-09-13T06:09:15.000Z,,,,0
https://www.tiktok.com/@orange97_/video/7684896690360536340,7684898976118375176,Tiktok,orange97271,Ủa s cj ít tim v ạ,2026-09-13T06:13:09.000Z,,,,1
https://www.tiktok.com/@orange97_/video/7684896690360536340,7684899556102013716,Tiktok,iam.ilhnn,Trộm vía toàn nhạc mình,2026-09-13T06:15:29.000Z,,,,0
https://www.tiktok.com/@orange97_/video/7684896690360536340,7684897398736503573,Tiktok,lyo6825,ít bị vậy Cam,2026-09-13T06:07:03.000Z,,,,1
https://www.tiktok.com/@orange97_/video/7684896690360536340,7684902932671742740,Tiktok,sgpnancy13,Ply chỉ chị hả:)),2026-09-13T06:28:28.000Z,,,,0
https://www.tiktok.com/@orange97_/video/7684896690360536340,7684900144093135637,Tiktok,_.hyuwn.mei._,vợ,2026-09-13T06:17:41.000Z,,,,4
https://www.tiktok.com/@orange97_/video/7684896690360536340,7684898904123523848,Tiktok,phuongthaocuti54,Sương sương tầm vài cái nhạc à 🥰🥰,2026-09-13T06:13:01.000Z,,,,0
https://www.tiktok.com/@orange97_/video/7684896690360536340,7684897096474133264,Tiktok,bonjourguysss,1,2026-09-13T06:05:48.000Z,,,,8
https://www.tiktok.com/@orange97_/video/7684896690360536340,7684905828437082887,Tiktok,meobeo.sayhi.official,I care deeply about Orange and will never leave her side for even a moment. I will always support her throughout her career.🫂,2026-09-13T06:39:43.000Z,,,,0
https://www.tiktok.com/@orange97_/video/7684896690360536340,7685026973760750337,Tiktok,tan21209,bát cơm mặn là bài gì,2026-09-13T14:29:47.000Z,,,,1
https://www.tiktok.com/@orange97_/video/7684896690360536340,7685010912764085013,Tiktok,chibay_ilove,mới đầu nhìn qua tưởng Uyển Ân ngoại ơi:>[Ngây thơ],2026-09-13T13:27:30.000Z,,,,0
https://www.tiktok.com/@orange97_/video/7684896690360536340,7684917367994647317,Tiktok,k14.pt,tim đến khi xh,2026-09-13T07:24:37.000Z,,,,0
https://www.tiktok.com/@orange97_/video/7684896690360536340,7685114065941119751,Tiktok,chube293518,ra bản mới hả chị,2026-09-13T20:07:50.000Z,,,,0
https://www.tiktok.com/@orange97_/video/7684896690360536340,7685168186698220296,Tiktok,_orange97_208,Bác sĩ chuyên khoa tâm lý đó mng -)),2026-09-13T23:37:56.000Z,,,,0
https://www.tiktok.com/@orange97_/video/7684896690360536340,7684910937350505236,Tiktok,stemdanghochat,bài nào cx hợp í🥰🥰,2026-09-13T06:59:39.000Z,,,,0
https://www.tiktok.com/@orange97_/video/7684896690360536340,7684908108645548816,Tiktok,vhamy_43,ply chỉ chị hả???,2026-09-13T06:49:03.000Z,,,,0
https://www.tiktok.com/@orange97_/video/7684896690360536340,7685181210750567176,Tiktok,letran_bohihihihihi___,Trộm vía toàn nhạc buồn,2026-09-14T00:28:32.000Z,,,,0
https://www.tiktok.com/@orange97_/video/7684896690360536340,7685026219927241479,Tiktok,ilovor0,Chụp đc tấm ảnh ưng ý là ngoại ghép đủ hết thể loại nhạc 🤡🤡,2026-09-13T14:26:53.000Z,,,,0
https://www.tiktok.com/@orange97_/video/7684896690360536340,7684977144946557712,Tiktok,th.tuyn857,Tận dụng tấm ảh ht năg suất:)))))),2026-09-13T11:16:47.000Z,,,,0
https://www.tiktok.com/@orange97_/video/7684896690360536340,7685022708518699794,Tiktok,tungdzi_,20k nhạc thập cẩm 🥰🥰,2026-09-13T14:13:13.000Z,,,,0
https://www.tiktok.com/@orange97_/video/7684896690360536340,7684900005660836616,Tiktok,heyzi_2,t ở đây trước khi xhh 🥰,2026-09-13T06:17:07.000Z,,,,0
https://www.tiktok.com/@orange97_/video/7684896690360536340,7684938495673090832,Tiktok,_chucan_,Trộm vía bài nào cx hay,2026-09-13T08:46:36.000Z,,,,0
https://www.tiktok.com/@orange97_/video/7684896690360536340,7684907648173785863,Tiktok,rachsj97,trộm vía toàn nhạc của nhà trồng được :>>,2026-09-13T06:46:44.000Z,,,,0
https://www.tiktok.com/@orange97_/video/7684896690360536340,7684990397144105748,Tiktok,f3ctedangiunhatthgioii,nhạc ngoại kh v ngoại oi,2026-09-13T12:07:57.000Z,,,,0
https://www.tiktok.com/@orange97_/video/7684896690360536340,7684897191022527250,Tiktok,bietphailamsaoday8,2,2026-09-13T06:06:16.000Z,,,,1
https://www.tiktok.com/@orange97_/video/7684896690360536340,7684908135023280916,Tiktok,kt_25_08,trộm vía chỉ toàn lấy nhạc của chỉ,2026-09-13T06:48:45.000Z,,,,4
https://www.tiktok.com/@orange97_/video/7684896690360536340,7684906226182914836,Tiktok,_mthcte_,s có 1 giọng v,2026-09-13T06:41:23.000Z,,,,4
https://www.tiktok.com/@orange97_/video/7684896690360536340,7684924384884998933,Tiktok,nqoc.trnaa_,T ngầu hơn,2026-09-13T07:51:55.000Z,,,,6
https://www.tiktok.com/@orange97_/video/7684896690360536340,7684897633542832917,Tiktok,tranngocyenvan,đẹp gái wá chị ơi,2026-09-13T06:08:02.000Z,,,,0
https://www.tiktok.com/@orange97_/video/7684896690360536340,7684902526726472468,Tiktok,minz.thuw1511,E cx ưng tấm nì chị ưiiii 🫶🏻,2026-09-13T06:26:56.000Z,,,,0
https://www.tiktok.com/@orange97_/video/7684896690360536340,7684897506116027156,Tiktok,phuwneyu_,Thì ra người nổi tiếng cũng giống mình cả 🥰🥲,2026-09-13T06:07:34.000Z,,,,0
https://www.tiktok.com/@orange97_/video/7684896690360536340,7684897828753900308,Tiktok,_hvy.lovely_,xinh gái thì nhạc nào cũng hợppp 🤩🤩,2026-09-13T06:08:44.000Z,,,,0
https://www.tiktok.com/@orange97_/video/7684896690360536340,7684897364347667208,Tiktok,nhienplay777,thôi cam oi e edit choo🥰,2026-09-13T06:06:55.000Z,,,,0
https://www.tiktok.com/@orange97_/video/7684896690360536340,7684897260325831442,Tiktok,rhozng.yeenlz,7749 cái capcut,2026-09-13T06:06:32.000Z,,,,0
https://www.tiktok.com/@orange97_/video/7684896690360536340,7684929668134978325,Tiktok,maitrang011012,ảnh đẹp❎️flex nhạc✅️🥰,2026-09-13T08:12:18.000Z,,,,0
https://www.tiktok.com/@orange97_/video/7684896690360536340,7684919082764649237,Tiktok,cjdien_,Cam ơi ra nhạc đi em nhớ nhạc của Cam 💔,2026-09-13T07:31:06.000Z,,,,0
https://www.tiktok.com/@orange97_/video/7684896690360536340,7684905263475835665,Tiktok,t.nhan161,chụp thêm tấm nữa hết dung lượngg,2026-09-13T06:37:43.000Z,,,,0
https://www.tiktok.com/@orange97_/video/7684896690360536340,7685077563927970581,Tiktok,conbaothickpha,trộm vía chỉ toàn lấy nhạc của chị 🥰,2026-09-13T17:46:05.000Z,,,,0
https://www.tiktok.com/@orange97_/video/7684896690360536340,7684902365610328846,Tiktok,anh.trai.say.hi784,Cai nào cũng hay,2026-09-13T06:27:06.000Z,,,,0
https://www.tiktok.com/@orange97_/video/7684896690360536340,7684897714752897799,Tiktok,itsxanna16,Sớmm,2026-09-13T06:08:15.000Z,,,,0
https://www.tiktok.com/@orange97_/video/7684896690360536340,7684955707121287957,Tiktok,bdt4_ctee,sớm v,2026-09-13T09:53:21.000Z,,,,0
https://www.tiktok.com/@orange97_/video/7684896690360536340,7684898142634672904,Tiktok,bamber_yeu_duonghung,"Mốt ngoại lấy ra làm bìa làm avt luôn ngoại, zalo, tiktok, facebook gì để luôn😭",2026-09-13T06:09:49.000Z,,,,0
https://www.tiktok.com/@orange97_/video/7684896690360536340,7684938330887734034,Tiktok,xaxaandmymuse,Bao nhiêu mẫu capcut nhỉ chị??,2026-09-13T08:45:57.000Z,,,,0
https://www.tiktok.com/@orange97_/video/7684896690360536340,7684910338655240977,Tiktok,pn.me0f_,1001 cái mẫu,2026-09-13T06:57:13.000Z,,,,0
https://www.tiktok.com/@orange97_/video/7684896690360536340,7684913540042736385,Tiktok,tocopmc2812012,kkkkk,2026-09-13T07:09:46.000Z,,,,0
https://www.tiktok.com/@orange97_/video/7684896690360536340,7685027426686042901,Tiktok,nguyen.minh.nam941,,2026-09-13T14:31:31.000Z,,,,0
https://www.tiktok.com/@orange97_/video/7684896690360536340,7685021436825895701,Tiktok,accphu12109,trộm vía bài nào em cx nghiện,2026-09-13T14:08:18.000Z,,,,0
https://www.tiktok.com/@orange97_/video/7684896690360536340,7685037744544629522,Tiktok,hoc_van_dii,biết là khoe ảnh đẹp r,2026-09-13T15:11:34.000Z,,,,0
https://www.tiktok.com/@orange97_/video/7684896690360536340,7684935009216086802,Tiktok,asora_fcthors,1 tấm ảnh + hơn 100 bài hát và ko mẫu nào trùng,2026-09-13T08:32:54.000Z,,,,0
https://www.tiktok.com/@orange97_/video/7684896690360536340,7684925475412542215,Tiktok,wsm_khm,cho e xin mẫu,2026-09-13T07:56:00.000Z,,,,0
https://www.tiktok.com/@orange97_/video/7684896690360536340,7685016535879975701,Tiktok,hthpsiucte_01.9,nhạc chính mình ko,2026-09-13T13:49:17.000Z,,,,0
https://www.tiktok.com/@orange97_/video/7684896690360536340,7685031063526441746,Tiktok,chovy_jihoonn,Ultr Cam ơi....,2026-09-13T14:45:43.000Z,,,,0
https://www.tiktok.com/@orange97_/video/7684896690360536340,7684910244829692692,Tiktok,hthanazumc3,là chụp 1 tấm mà up chụp cái story đó ha 😂,2026-09-13T06:57:04.000Z,,,,0
https://www.tiktok.com/@orange97_/video/7684896690360536340,7684907062337438482,Tiktok,tchaelovsk142._,toàn nhạc cổ=))))),2026-09-13T06:44:27.000Z,,,,0
https://www.tiktok.com/@orange97_/video/7684896690360536340,7685026190893957896,Tiktok,mymyandorange,trộm vía nhạc nào cũng hợp với bé Cam nhà mình,2026-09-13T14:26:43.000Z,,,,0
https://www.tiktok.com/@orange97_/video/7684896690360536340,7685060674981364488,Tiktok,socnhovakeo_021197,trộm vía 1 tấm 1 ng 1 giọng nhiều nhạc:))),2026-09-13T16:40:39.000Z,,,,0
https://www.tiktok.com/@orange97_/video/7684896690360536340,7684898926123057927,Tiktok,mia.mia111111,Sớm,2026-09-13T06:13:03.000Z,,,,0
https://www.tiktok.com/@orange97_/video/7684896690360536340,7684945948188148488,Tiktok,n.miyusan,Bác ơi bác,2026-09-13T09:15:30.000Z,,,,0
https://www.tiktok.com/@orange97_/video/7684896690360536340,7684904735350964999,Tiktok,euphoria14041,còn hơi ít chị ơi =)) thêm 3 bài nữa mới hơi đủ đủ á chị,2026-09-13T06:35:31.000Z,,,,0
https://www.tiktok.com/@orange97_/video/7684896690360536340,7684911386119455508,Tiktok,daylathaonhiii,Nay mộng cam hết outmeta ròi,2026-09-13T07:01:18.000Z,,,,0
https://www.tiktok.com/@orange97_/video/7684896690360536340,7684914879022859029,Tiktok,thuychi_xaisginh,người bình luận thứ 100,2026-09-13T07:14:49.000Z,,,,0
https://www.tiktok.com/@orange97_/video/7684896690360536340,7685006983049937671,Tiktok,thuy11620116,Rớt miếng vẫn xinh 🥰🥰🥰🥰,2026-09-13T13:12:15.000Z,,,,0
https://www.tiktok.com/@orange97_/video/7684896690360536340,7684935398309823252,Tiktok,my_uyen15,nhạc ngoại ko zậy ngoại,2026-09-13T08:34:36.000Z,,,,0
https://www.tiktok.com/@orange97_/video/7684896690360536340,7684968045986611989,Tiktok,pntt0509,Giống phương ly z tr🥰😂,2026-09-13T10:41:08.000Z,,,,0
https://www.tiktok.com/@orange97_/video/7684896690360536340,7684911408584950548,Tiktok,kem12777,cj 3 chỉ ngoại hỏ ngoại iu,2026-09-13T07:01:27.000Z,,,,0
https://www.tiktok.com/@orange97_/video/7684896690360536340,7684970551966663444,Tiktok,kimmimam0,Để e lấy vở ra ghi lại,2026-09-13T10:50:58.000Z,,,,0
https://www.tiktok.com/@orange97_/video/7684896690360536340,7684929801867002645,Tiktok,thsng2405,Rồi là khoe nhạc hay khoe ảnh 😢,2026-09-13T08:12:53.000Z,,,,0
https://www.tiktok.com/@orange97_/video/7684896690360536340,7684959787847582482,Tiktok,cmntp,Bả đang PR á,2026-09-13T10:09:11.000Z,,,,0
https://www.tiktok.com/@orange97_/video/7684896690360536340,7684924979054215957,Tiktok,user102273129152241,hát được bài nào cũng ưng ý ha chị iu=)),2026-09-13T07:54:04.000Z,,,,0
https://www.tiktok.com/@orange97_/video/7684896690360536340,7684928107661083399,Tiktok,yeume_bangoai_chigai3913,Điểm chung là toàn bài của chỉiiiiiii😭😭😭💗💗💗💗😅😅😅😅😂😂😂,2026-09-13T08:06:11.000Z,,,,0
https://www.tiktok.com/@orange97_/video/7684896690360536340,7684924570880901904,Tiktok,be.bu2k13,Trộm vía đa số là hit,2026-09-13T07:52:45.000Z,,,,0
https://www.tiktok.com/@orange97_/video/7684896690360536340,7684905254807487253,Tiktok,.hn7450,Sớm ạ mong đượcc,2026-09-13T06:37:37.000Z,,,,0
https://www.tiktok.com/@orange97_/video/7684896690360536340,7684994643898450704,Tiktok,seast4r2003,trộm vía rớt miếng mà xinh,2026-09-13T12:24:31.000Z,,,,0
https://www.tiktok.com/@orange97_/video/7684896690360536340,7684956792338973460,Tiktok,quynh.anh.597,trộm vía bài nào cũg hay đỉnh,2026-09-13T09:57:37.000Z,,,,0
https://www.tiktok.com/@orange97_/video/7684896690360536340,7684946581989425928,Tiktok,phamgiahan367,chị quýt xinh thé,2026-09-13T09:17:52.000Z,,,,0
https://www.tiktok.com/@orange97_/video/7684896690360536340,7684940584951382800,Tiktok,2012a__2,Tại nhạc chỉ hay á😳,2026-09-13T08:54:43.000Z,,,,0
https://www.tiktok.com/@orange97_/video/7684896690360536340,7684937432337793813,Tiktok,bekananime,,2026-09-13T08:42:35.000Z,,,,0
https://www.tiktok.com/@orange97_/video/7684896690360536340,7684897169540989704,Tiktok,tuonqvy.4,Sớm ạ Cam oi rep e,2026-09-13T06:06:14.000Z,,,,0
https://www.tiktok.com/@orange97_/video/7684896690360536340,7684909094298600200,Tiktok,huynhzloann11,chị này tương lai sẽ nổi tiếng,2026-09-13T06:52:26.000Z,,,,0
https://www.tiktok.com/@orange97_/video/7684896690360536340,7684913157362369298,Tiktok,kobtlaai884,bài 6 tên gì z,2026-09-13T07:08:13.000Z,,,,0
https://www.tiktok.com/@orange97_/video/7684896690360536340,7684912892651029255,Tiktok,pryling,Chụp cho đẹp cái toàn nhạc buồn quá đã 🥰,2026-09-13T07:07:09.000Z,,,,0
https://www.tiktok.com/@orange97_/video/7684896690360536340,7684911561891087125,Tiktok,ghokb8,"chụp dc ảnh ưng ý❌
nghe lại nhạc thấy ưng ý✅",2026-09-13T07:02:00.000Z,,,,0
https://www.tiktok.com/@orange97_/video/7684896690360536340,7684938864784605970,Tiktok,han_hannn.nee199937,z mà sương sương hả cam,2026-09-13T08:47:56.000Z,,,,0
https://www.tiktok.com/@orange97_/video/7684896690360536340,7684928151781229320,Tiktok,pethuyyyyy,mong chị mở concert cho riêng mình đi ạ,2026-09-13T08:06:25.000Z,,,,0
https://www.tiktok.com/@orange97_/video/7684896690360536340,7684907042793292552,Tiktok,nh.t.long.bin.cht,Tính ra toàn nhạc của ngoại á🥰,2026-09-13T06:44:32.000Z,,,,0
https://www.tiktok.com/@orange97_/video/7684896690360536340,7684899178377593618,Tiktok,thosannguumavuong,chắc chỉ còn chục mẫu mà chx đăng,2026-09-13T06:14:02.000Z,,,,0
https://www.tiktok.com/@orange97_/video/7684896690360536340,7684898252978209554,Tiktok,user_baskhis,thấy nó nhạt s s á ta😭,2026-09-13T06:10:18.000Z,,,,0
https://www.tiktok.com/@orange97_/video/7684896690360536340,7684898705917428488,Tiktok,thothe09,có thể là ghép hết những bài nhạc của chị vs một bức ảnh,2026-09-13T06:12:08.000Z,,,,0
https://www.tiktok.com/@orange97_/video/7684896690360536340,7684897669551063829,Tiktok,cortisyeudaucute,sớm cam ơi,2026-09-13T06:08:07.000Z,,,,0
https://www.tiktok.com/@orange97_/video/7684896690360536340,7684899526116967184,Tiktok,nhahem5,vậy mới hay,2026-09-13T06:15:13.000Z,,,,0
https://www.tiktok.com/@orange97_/video/7684896690360536340,7684904324485022472,Tiktok,le_tr_thnh_hoa,thế mà lại hay,2026-09-13T06:33:55.000Z,,,,0
https://www.tiktok.com/@orange97_/video/7684896690360536340,7684899262014898952,Tiktok,men.men_cute,vữ tr,2026-09-13T06:14:17.000Z,,,,0
https://www.tiktok.com/@orange97_/video/7684896690360536340,7684898662255166215,Tiktok,thanhhoa.7814,33,2026-09-13T06:11:59.000Z,,,,0
https://www.tiktok.com/@orange97_/video/7684896690360536340,7684897739192451848,Tiktok,taolaai2345,sớm cj oi,2026-09-13T06:08:17.000Z,,,,0
https://www.tiktok.com/@orange97_/video/7684896690360536340,7684898781653861141,Tiktok,._.hihi58,trễ òi,2026-09-13T06:12:26.000Z,,,,0
https://www.tiktok.com/@orange97_/video/7684896690360536340,7684898822638617352,Tiktok,nguyentrang11913,xinh,2026-09-13T06:12:35.000Z,,,,0
https://www.tiktok.com/@orange97_/video/7684896690360536340,7684898171106181906,Tiktok,nhuphucc_.15,sớm chị ơii,2026-09-13T06:10:03.000Z,,,,0
https://www.tiktok.com/@orange97_/video/7684896690360536340,7684897479075611400,Tiktok,t2n__06,Sớm,2026-09-13T06:07:23.000Z,,,,0
https://www.tiktok.com/@orange97_/video/7684896690360536340,7684897396161102609,Tiktok,loroivao28,rep em đi,2026-09-13T06:07:18.000Z,,,,0
https://www.tiktok.com/@orange97_/video/7684896690360536340,7684897400767169300,Tiktok,biyeu245,sớm,2026-09-13T06:07:09.000Z,,,,0
https://www.tiktok.com/@orange97_/video/7684896690360536340,7684902930172379912,Tiktok,huyentrannema_012,Ước đc chị Cam repp 🥰🥺,2026-09-13T06:28:30.000Z,,,,0
https://www.tiktok.com/@orange97_/video/7684896690360536340,7684900781426934545,Tiktok,truongduy_7,bảo sao mấy bữa nay mưa thì ra là mặt trời đang ở trong video này :),2026-09-13T06:20:07.000Z,,,,0
https://www.tiktok.com/@orange97_/video/7684896690360536340,7684900390433129237,Tiktok,hhy_ne,quá nhiều nhạc đi,2026-09-13T06:18:42.000Z,,,,0
https://www.tiktok.com/@orange97_/video/7684896690360536340,7684899689997239061,Tiktok,nhw_quynhz_3007,Cam ơi ghiền nhạc Cam rồii💗,2026-09-13T06:15:59.000Z,,,,0
https://www.tiktok.com/@orange97_/video/7684896690360536340,7684899577916687125,Tiktok,shoonlin12,vác bịch cá vàng đằng sau hả ngoại 🥰,2026-09-13T06:15:33.000Z,,,,0
https://www.tiktok.com/@orange97_/video/7684896690360536340,7684897990687146773,Tiktok,su_20153,sớm cam ui,2026-09-13T06:09:18.000Z,,,,0
https://www.tiktok.com/@orange97_/video/7684896690360536340,7684897327484617493,Tiktok,kwoaii,4,2026-09-13T06:06:49.000Z,,,,0
https://www.tiktok.com/@orange97_/video/7684896690360536340,7684896267462132488,Tiktok,cojjaumaxem,sớm chị yêu ơi,2026-09-13T06:06:41.000Z,,,,0
https://www.tiktok.com/@orange97_/video/7684896690360536340,7684897275923153672,Tiktok,traan_080912,sớm nèee,2026-09-13T06:06:28.000Z,,,,0
https://www.tiktok.com/@orange97_/video/7684896690360536340,7684908163389719317,Tiktok,sara_tothichcau,Chị ly chỉ chị hả,2026-09-13T06:48:58.000Z,,,,0
https://www.tiktok.com/@orange97_/video/7684896690360536340,7684907625058485009,Tiktok,minumedn,sao mik ít tim z cam,2026-09-13T06:47:09.000Z,,,,0
https://www.tiktok.com/@orange97_/video/7684896690360536340,7684903824779690760,Tiktok,ssphtv,1 hình nhiều nhạc,2026-09-13T06:32:04.000Z,,,,0
https://www.tiktok.com/@orange97_/video/7684896690360536340,7684996081331192593,Tiktok,embermemyllions__,trộm vía hay rớt mín đc cái đẹp gái à,2026-09-13T12:29:53.000Z,,,,0
https://www.tiktok.com/@orange97_/video/7684896690360536340,7685049566979588884,Tiktok,t6562770,lúc đầu tưởng uyển ân nhìn vào avatar mới nhìn ra cam,2026-09-13T15:57:33.000Z,,,,0
https://www.tiktok.com/@orange97_/video/7684896690360536340,7684899183166161671,Tiktok,huyn.trang88,y như phương ly,2026-09-13T06:14:00.000Z,,,,0
https://www.tiktok.com/@orange97_/video/7684896690360536340,7684946686209753874,Tiktok,ngc.ngc.l.mt.tri.n8,áo mưa hả chị,2026-09-13T09:18:16.000Z,,,,0
https://www.tiktok.com/@orange97_/video/7684896690360536340,7684897313231749895,Tiktok,hau.lekhac_developer,,2026-09-13T06:06:37.000Z,,,,0
https://www.tiktok.com/@orange97_/video/7684896690360536340,7684973297202135815,Tiktok,nhy.ii._070,Hết cj Phương ly r đến cj 😳,2026-09-13T11:01:36.000Z,,,,0
https://www.tiktok.com/@orange97_/video/7684896690360536340,7685041117372990229,Tiktok,_thw.huyeen,chưa đặt avatar là may,2026-09-13T15:24:41.000Z,,,,0
https://www.tiktok.com/@orange97_/video/7684896690360536340,7685016625665524501,Tiktok,hthpsiucte_01.9,may thế nay ko rớt miếng,2026-09-13T13:49:39.000Z,,,,0
https://www.tiktok.com/@orange97_/video/7684896690360536340,7685008366976664341,Tiktok,xun.hng9709,"tại sao c ấy phải lấy nhạc của ngkhac để đu, mà trog khi đấy c ấy có rất nhiều bài hit",2026-09-13T13:17:36.000Z,,,,0
https://www.tiktok.com/@orange97_/video/7684896690360536340,7685001924651451156,Tiktok,lon_long_la,"tới giờ thắc mắc là trong EX bả rớt miếng tht hay đó là miếng luôn v, tại mấy khúc rớt mắc cừi",2026-09-13T12:52:42.000Z,,,,0
https://www.tiktok.com/@orange97_/video/7684896690360536340,7684914588290892552,Tiktok,thuyquaihlness,NLQ1LMMHMMLĐĐLQ2,2026-09-13T07:13:41.000Z,,,,0
https://www.tiktok.com/@orange97_/video/7684896690360536340,7684908470735274772,Tiktok,.daothithuha21,bài nào cx giọng bat,2026-09-13T06:50:04.000Z,,,,0
https://www.tiktok.com/@orange97_/video/7684896690360536340,7684902199109174037,Tiktok,toyouex,"ít nhỉ, cỡ em chắc 200 mẫu",2026-09-13T06:25:38.000Z,,,,0
https://www.tiktok.com/@orange97_/video/7684896690360536340,7684900354038891284,Tiktok,nuyenn152,cái bịch đó bắt cóc ai hả-),2026-09-13T06:18:28.000Z,,,,0
https://www.tiktok.com/@orange97_/video/7684896690360536340,7684897824358335240,Tiktok,tinphan0180,"hành trình 50 ngày chờ cam rep
ngày thứ 2",2026-09-13T06:08:39.000Z,,,,0
https://www.tiktok.com/@orange97_/video/7684896690360536340,7684897794406974216,Tiktok,__phuongthuy_y,4ph ngoại ơi,2026-09-13T06:08:37.000Z,,,,0
https://www.tiktok.com/@orange97_/video/7684896690360536340,7685151897375949589,Tiktok,mv.ol_plzzz3,ê y chang v má@alo manh ơi? @mt @0xi @9a11 bá đạo trên từng hạt gạo @Ngọc Nhi @hong gam @minhthu @hl icu~icu @Nhu Quynh @𝓣𝓱𝓾𝔂𝓮𝓷 𝓚𝓲𝓶🐾 @mắt m có đờm à? @. @datnoobvn roblox @🎐🧸°𝒌𝒕𝒖𝒚𝒆𝒏𝒏°👾🪻,2026-09-13T22:34:41.000Z,,,,1
https://www.tiktok.com/@orange97_/video/7684896690360536340,7685224070708052743,Tiktok,mrgianhanpham79951,♥️,2026-09-14T03:14:49.000Z,,,,0
https://www.tiktok.com/@orange97_/video/7684896690360536340,7684933544280818440,Tiktok,zenrange,"@Phương Ly Trần chị , là chị chỉ ngoại em đúng không?",2026-09-13T08:27:18.000Z,,,,0
https://www.tiktok.com/@orange97_/video/7684896690360536340,7684908215616160530,Tiktok,_hgngcthdi_,@⋆. 𐙚˚  ThienAnh  ⚡︎ @Justin Nguyễn🏀⛹️‍♂️ m là fan hay anti?,2026-09-13T06:48:59.000Z,,,,0
https://www.tiktok.com/@orange97_/video/7684896690360536340,7684913018156925703,Tiktok,danh_648,😁😁,2026-09-13T07:07:40.000Z,,,,0
https://www.tiktok.com/@orange97_/video/7684896690360536340,7684898427704476437,Tiktok,tquyeen.13,😁😁😁,2026-09-13T06:11:01.000Z,,,,0
https://www.tiktok.com/@rumahmsglow_gayambjn/video/7682718034334715154,7685213637188059924,Tiktok,sorayahanifah,hebat [Suka],2026-09-14T02:34:26.000Z,,,,0
https://www.tiktok.com/@rumahmsglow_gayambjn/video/7682718034334715154,7682772519548814081,Tiktok,alimah12369,"jan ibu n bpak lurah e kereen.....ikut berperan, termasuk melestarikan budaya jawa juga.... kesenian e dapet bgt.",2026-09-07T12:41:25.000Z,,,,1
https://www.tiktok.com/@rumahmsglow_gayambjn/video/7682718034334715154,7683019117867238151,Tiktok,anis.purnawati0,Jos jis tenan 👍,2026-09-08T04:38:18.000Z,,,,1
https://www.tiktok.com/@rumahmsglow_gayambjn/video/7682718034334715154,7683215899012711188,Tiktok,evy.hariyanti,"kl boleh saran, harusnya buat ceritanya pelarian prajurit kerajaan Mataram di desa cengungklung, itu betul betul ada kisah cerita nyata didesa cengungklung",2026-09-08T17:21:54.000Z,,,,0
https://www.tiktok.com/@rumahmsglow_gayambjn/video/7682718034334715154,7682734208809403137,Tiktok,es.sedjati,"keren , semakin sukses untuk cenggungklung dan semakin maju👍.
desa kelahiran bapak",2026-09-07T10:12:51.000Z,,,,1
https://www.tiktok.com/@rumahmsglow_gayambjn/video/7682718034334715154,7682985970240783122,Tiktok,eni.hardiningsihp,kisah dua sejoli,2026-09-08T02:29:39.000Z,,,,1
https://www.tiktok.com/@rumahmsglow_gayambjn/video/7682718034334715154,7682756035115303700,Tiktok,diskha_shop,keren bunda,2026-09-07T11:37:29.000Z,,,,1
https://www.tiktok.com/@rumahmsglow_gayambjn/video/7682718034334715154,7683894010293125908,Tiktok,azizahjilbab04,"keren, sukses selalu bu lurah,
menyala pokoknya cengunklung",2026-09-10T13:13:19.000Z,,,,0
https://www.tiktok.com/@rumahmsglow_gayambjn/video/7682718034334715154,7683101933800866568,Tiktok,endang.retno85,mantap👍,2026-09-08T09:59:55.000Z,,,,1
https://www.tiktok.com/@rumahmsglow_gayambjn/video/7682718034334715154,7682722162352669448,Tiktok,galaxydekorasibojonegoro,Merinding jossjiss 🔥🔥🔥🔥,2026-09-07T09:26:03.000Z,,,,1
https://www.tiktok.com/@rumahmsglow_gayambjn/video/7682718034334715154,7683147268106879765,Tiktok,yah.kartiyah,[Stiker] joooos,2026-09-08T12:55:32.000Z,,,,0
https://www.tiktok.com/@rumahmsglow_gayambjn/video/7682718034334715154,7683547762764399381,Tiktok,maysharoh70,keren banget menyala banget,2026-09-09T14:49:53.000Z,,,,0
https://www.tiktok.com/@rumahmsglow_gayambjn/video/7682718034334715154,7683140625437491976,Tiktok,swetteaarif,wooow kereen desa cengungklung.. lanjutkan 🥰👍👍👍,2026-09-08T12:29:47.000Z,,,,0
https://www.tiktok.com/@rumahmsglow_gayambjn/video/7682718034334715154,7683170734684570386,Tiktok,xerania.88,kpn ini,2026-09-08T14:26:38.000Z,,,,0
https://www.tiktok.com/@rumahmsglow_gayambjn/video/7682718034334715154,7683525287711736594,Tiktok,maksitisundari,hora umum tenan pokok👍👍bu lurah pk lurah sangat idolaku.. andai lurahku ngono wowww🥰🥰🥰🥰,2026-09-09T13:24:53.000Z,,,,0
https://www.tiktok.com/@rumahmsglow_gayambjn/video/7682718034334715154,7683398581357069077,Tiktok,yayukyunadi,keren ibuuk latian berapaa bulan ini buuk,2026-09-09T05:10:55.000Z,,,,0
https://www.tiktok.com/@rumahmsglow_gayambjn/video/7682718034334715154,7683401475020161813,Tiktok,alyaroufii,keren banget ya desa cengungklung,2026-09-09T05:24:51.000Z,,,,0
https://www.tiktok.com/@rumahmsglow_gayambjn/video/7682718034334715154,7682985410435777288,Tiktok,eni.hardiningsihp,Cengungklung luar biasa pokoke merinding aku,2026-09-08T02:27:34.000Z,,,,1
https://www.tiktok.com/@rumahmsglow_gayambjn/video/7682718034334715154,7683027906637775624,Tiktok,tinaaverfai,Jan josjis cenguklung,2026-09-08T05:12:29.000Z,,,,1
https://www.tiktok.com/@rumahmsglow_gayambjn/video/7682718034334715154,7682771284899693328,Tiktok,sri75524,Shoswed pak lurah dan bu lurah cengungklung 👍🏻,2026-09-07T12:36:30.000Z,,,,1
https://www.tiktok.com/@rumahmsglow_gayambjn/video/7682718034334715154,7682968135222084372,Tiktok,edhychill,"top 10 kategori lurah romantis
1. cengungklung. gayam. bojonegoro
2.
3.
4.
5.
6.
7.
8.
9.
10.
😂😁😁",2026-09-08T01:20:46.000Z,,,,1
https://www.tiktok.com/@sagivibes09/video/7684970091972267271,7684986937849152276,Tiktok,rahma.adifta,alur cerita yg dicepetin itu gak enak banget 😔,2026-09-13T11:54:24.000Z,,,,2
https://www.tiktok.com/@sagivibes09/video/7684970091972267271,7684977862159647508,Tiktok,www.tiktok.comell07,bjirr masa udah seseruh ini mau tamat,2026-09-13T11:19:20.000Z,,,,0
https://www.tiktok.com/@sagivibes09/video/7684970091972267271,7685015755491312404,Tiktok,msholehudin_,"Harusnya satu episode satu kenyataan terbongkar, memperpanjang Episodee, haaa kenapa harus tamat secepat itu",2026-09-13T13:46:19.000Z,,,,0
https://www.tiktok.com/@sagivibes09/video/7684970091972267271,7684975291957134100,Tiktok,p.i.s.c.e.s._138,seriuss nih skrng tamat nya???,2026-09-13T11:09:15.000Z,,,,0
https://www.tiktok.com/@sagivibes09/video/7684970091972267271,7684990095673885447,Tiktok,memeyaaw,Philip tukang gosip trnyata😭,2026-09-13T12:06:39.000Z,,,,0
https://www.tiktok.com/@sagivibes09/video/7684970091972267271,7685023037863641872,Tiktok,lilaseptianiausa,jatuh cinta ma mamanya harry🔥,2026-09-13T14:14:37.000Z,,,,0
https://www.tiktok.com/@sagivibes09/video/7684970091972267271,7685004576840319752,Tiktok,gdismnissss,eh jd tu meninggal nya ortu hery bukan karna kecelakaan?,2026-09-13T13:02:51.000Z,,,,2
https://www.tiktok.com/@sagivibes09/video/7684970091972267271,7685036801865974546,Tiktok,yaiaiya,pintunya ketutup sendiri😭,2026-09-13T15:07:56.000Z,,,,0
https://www.tiktok.com/@sagivibes09/video/7684970091972267271,7685038289338008341,Tiktok,nsyanr_,sedihhhh liat keluarga vaughan,2026-09-13T15:13:40.000Z,,,,0
https://www.tiktok.com/@sagivibes09/video/7684970091972267271,7684985322392175381,Tiktok,diva.710,kayak rumah aqila,2026-09-13T11:48:17.000Z,,,,0
https://www.tiktok.com/@sagivibes09/video/7684970091972267271,7684991577860719380,Tiktok,tria.yani05,ngebut 😌,2026-09-13T12:12:25.000Z,,,,0
https://www.tiktok.com/@sagivibes09/video/7684970091972267271,7685016655420867349,Tiktok,_zoyyya,sakit banget,2026-09-13T13:49:51.000Z,,,,0
https://www.tiktok.com/@sagivibes09/video/7684970091972267271,7685145432451744533,Tiktok,kidut252,pas denger tapi gua urung ngakak banget[Tertawa sampai menangis][Tertawa sampai menangis][Tertawa sampai menangis][Tertawa sampai menangis],2026-09-13T22:09:33.000Z,,,,0
https://www.tiktok.com/@sagivibes09/video/7684970091972267271,7685015754525344530,Tiktok,dindamtrp,@m,2026-09-13T13:46:13.000Z,,,,0
https://www.tiktok.com/@sagivibes09/video/7684970091972267271,7685004007248544530,Tiktok,ikkeratna6,oh jadi itu ibunya herry,2026-09-13T13:00:35.000Z,,,,0
https://www.tiktok.com/@sagivibes09/video/7684970091972267271,7685008637005808405,Tiktok,kakaay_26,😁😁😁,2026-09-13T13:18:37.000Z,,,,0
https://www.tiktok.com/@sagivibes09/video/7684970091972267271,7684971757368115984,Tiktok,putrilstri11,Nih guys akun yang cepet upp @Agz terbaru 🥰🥰🥰,2026-09-13T10:55:35.000Z,,,,0
https://www.tiktok.com/@sagivibes09/video/7684970091972267271,7685009388087657236,Tiktok,mbak.jawapalembang,😁,2026-09-13T13:21:32.000Z,,,,0
https://www.tiktok.com/@sagivibes09/video/7684970091972267271,7685002887676805906,Tiktok,yolandaapriliyani1,😁,2026-09-13T12:56:20.000Z,,,,0
https://www.tiktok.com/@sagivibes09/video/7684970091972267271,7684993250931000082,Tiktok,nr_mala13,🤭,2026-09-13T12:18:57.000Z,,,,0
https://www.tiktok.com/@sagivibes09/video/7684970091972267271,7685016569840403220,Tiktok,gracelesu,🥰,2026-09-13T13:49:31.000Z,,,,0
https://www.tiktok.com/@sagivibes09/video/7684970091972267271,7685040429960594196,Tiktok,slstia.20,🥰🥰🥰,2026-09-13T15:22:06.000Z,,,,0
https://www.tiktok.com/@sagivibes09/video/7684970091972267271,7685008614025413397,Tiktok,kakaay_26,😭😭😭,2026-09-13T13:18:41.000Z,,,,0
https://www.tiktok.com/@sagivibes09/video/7684970091972267271,7685029034779280149,Tiktok,maryam_2286,😂😂😂,2026-09-13T14:37:50.000Z,,,,0
https://www.tiktok.com/@sagivibes09/video/7684970091972267271,7684995967998083861,Tiktok,jmanya17,🥰,2026-09-13T12:29:37.000Z,,,,0
https://www.tiktok.com/@sagivibes09/video/7684970091972267271,7684995790363919124,Tiktok,libluesss,🥰🥰🥰,2026-09-13T12:28:49.000Z,,,,0
https://www.tiktok.com/@sagivibes09/video/7684970091972267271,7685061315359425298,Tiktok,cen17050,😂,2026-09-13T16:43:07.000Z,,,,0
https://www.tiktok.com/@sagivibes09/video/7684970091972267271,7685084811492344584,Tiktok,mbkuliss__,😁😁😁,2026-09-13T18:14:12.000Z,,,,0
https://www.tiktok.com/@selvi_lovers_suramadu/video/7684062159793376533,7684407569305682710,Tiktok,zainanabil53,kluarin viti2 cepi yg lama say krn sebenarnya lagu2 cepi yg lama bagus2 lho🥰🥰🥰,2026-09-11T22:26:38.000Z,,,,1
https://www.tiktok.com/@selvi_lovers_suramadu/video/7684062159793376533,7684249227631215368,Tiktok,farid110524,"dia ini punya suara cirihas nya sendiri
jadi biarpun gak liat org yg nyanyi org sebagian bisa tau ini suara siapa🥰",2026-09-11T12:11:42.000Z,,,,3
https://www.tiktok.com/@selvi_lovers_suramadu/video/7684062159793376533,7684236935268107016,Tiktok,sripudjihastutik,KLO suaranya GK d tandingannya No 1 bgt enk dn menyala mntb sukses slalu y 👍👍👍❤️❤️❤️❤️,2026-09-11T11:24:07.000Z,,,,1
https://www.tiktok.com/@selvi_lovers_suramadu/video/7684062159793376533,7684147734270968594,Tiktok,mamaezahra95,duh aq kok ngg pernh tau lgu ini yaa 🤔🤔,2026-09-11T05:38:14.000Z,,,,3
https://www.tiktok.com/@selvi_lovers_suramadu/video/7684062159793376533,7684088748992348948,Tiktok,ulfawi2,ini kpn KK?,2026-09-11T01:49:13.000Z,,,,1
https://www.tiktok.com/@selvi_lovers_suramadu/video/7684062159793376533,7684083757431849749,Tiktok,misbahyasin42,Masyaallah suaramu itu loh kak bikin merinding🥰🥰🥰,2026-09-11T01:30:01.000Z,,,,0
https://www.tiktok.com/@selvi_lovers_suramadu/video/7684062159793376533,7684089592807686920,Tiktok,user671555994,lagunya ke arah kmn y,2026-09-11T01:52:28.000Z,,,,3
https://www.tiktok.com/@selvi_lovers_suramadu/video/7684062159793376533,7684084725815739154,Tiktok,sirin123456789,"wah kpan ini bebbb,, q ktinggalan",2026-09-11T01:36:23.000Z,,,,2
https://www.tiktok.com/@selvi_lovers_suramadu/video/7684062159793376533,7684164495979610901,Tiktok,ning.dias,lagu kesukaanku Krn q pny crita dgn lagu sajadah merah🥰🥰🥰🥰,2026-09-11T06:43:03.000Z,,,,1
https://www.tiktok.com/@selvi_lovers_suramadu/video/7684062159793376533,7684111182352958229,Tiktok,fatmayanti566,ijin kk,2026-09-11T03:16:06.000Z,,,,1
https://www.tiktok.com/@selvi_lovers_suramadu/video/7684062159793376533,7684090841552945940,Tiktok,zubaida_012,apah aja klau Cepi yang mantap🥰🥰🥰🥰🥰,2026-09-11T01:57:32.000Z,,,,0
https://www.tiktok.com/@selvi_lovers_suramadu/video/7684062159793376533,7684391313056629512,Tiktok,md.haleem519,suaranya kak cepi bgs bgt,2026-09-11T21:23:16.000Z,,,,0
https://www.tiktok.com/@selvi_lovers_suramadu/video/7684062159793376533,7684097054914282247,Tiktok,cinta.kasih1052,klau cepi keren suaranya juga mukanya imuttt bngtt...,2026-09-11T02:21:19.000Z,,,,0
https://www.tiktok.com/@selvi_lovers_suramadu/video/7684062159793376533,7684523244381078290,Tiktok,aliaaltezza,🥰🥰 bismillah idolaku semangat sehat sllu sukses sllu semakin lancar ridjekinya amin ya rabbal alamin,2026-09-12T05:55:07.000Z,,,,0
https://www.tiktok.com/@selvi_lovers_suramadu/video/7684062159793376533,7684136701937681159,Tiktok,dewi10142,dorooooo ayu,2026-09-11T04:55:10.000Z,,,,0
https://www.tiktok.com/@selvi_lovers_suramadu/video/7684062159793376533,7684143479634838273,Tiktok,nabila.galeri,Masya Allah tabarokallah sukses bahagia slalu cepi kesayangan 🥰🥰🥰,2026-09-11T05:21:23.000Z,,,,0
https://www.tiktok.com/@selvi_lovers_suramadu/video/7684062159793376533,7684089101045875476,Tiktok,ulfawi2,ijin post,2026-09-11T01:50:34.000Z,,,,1
https://www.tiktok.com/@selvi_lovers_suramadu/video/7684062159793376533,7684074616402707221,Tiktok,bunjohan0,doro ayu🥰🥰🥰,2026-09-11T00:54:22.000Z,,,,1
https://www.tiktok.com/@selvi_lovers_suramadu/video/7684062159793376533,7684090963140150024,Tiktok,permainan04,,2026-09-11T01:57:37.000Z,,,,0
https://www.tiktok.com/@selvi_lovers_suramadu/video/7684062159793376533,7684091027221644039,Tiktok,permainan04,,2026-09-11T01:57:59.000Z,,,,0
https://www.tiktok.com/@selvi_lovers_suramadu/video/7684062159793376533,7684139373189317394,Tiktok,rais.ahmad5693,duh suaranya tu loh candu polll,2026-09-11T05:05:34.000Z,,,,0
https://www.tiktok.com/@selvi_lovers_suramadu/video/7684062159793376533,7684090973315482386,Tiktok,permainan04,,2026-09-11T01:57:46.000Z,,,,0
https://www.tiktok.com/@selvi_lovers_suramadu/video/7684062159793376533,7684111992533418753,Tiktok,fathorrosi00,masyaallah cep🥹❤️❤️❤️,2026-09-11T03:19:39.000Z,,,,0
https://www.tiktok.com/@selvi_lovers_suramadu/video/7684062159793376533,7684171716570858260,Tiktok,mamarifqi073,@Zian Alfin Mubarak,2026-09-11T07:11:05.000Z,,,,0
https://www.tiktok.com/@selvi_lovers_suramadu/video/7684062159793376533,7684109386202055442,Tiktok,milarika0,🥰🥰🥰,2026-09-11T03:09:09.000Z,,,,1
https://www.tiktok.com/@selvi_lovers_suramadu/video/7684062159793376533,7684064412811084564,Tiktok,susilowati1512,🥰🥰🥰,2026-09-11T00:14:53.000Z,,,,1
https://www.tiktok.com/@selvi_lovers_suramadu/video/7684062159793376533,7684083772505522962,Tiktok,adit_abil1994,🥰🥰🥰,2026-09-11T01:29:56.000Z,,,,0
https://www.tiktok.com/@selvi_lovers_suramadu/video/7684062159793376533,7684084814577058568,Tiktok,nill.dya,🥰🥰🥰🥰,2026-09-11T01:33:57.000Z,,,,0
https://www.tiktok.com/@selvi_lovers_suramadu/video/7684062159793376533,7684071974317867796,Tiktok,anha.callista,🥰,2026-09-11T00:44:08.000Z,,,,0
https://www.tiktok.com/@selvi_lovers_suramadu/video/7684062159793376533,7684111685054268168,Tiktok,yuliatun972,🥰🥰🥰,2026-09-11T03:18:12.000Z,,,,0
https://www.tiktok.com/@selvi_lovers_suramadu/video/7684062159793376533,7684153812831175440,Tiktok,mmff4_,🥰🥰🥰,2026-09-11T06:01:27.000Z,,,,0
https://www.tiktok.com/@selvi_lovers_suramadu/video/7684062159793376533,7684244621157221137,Tiktok,rianvivi2,🥰🥰🥰😘,2026-09-11T11:54:01.000Z,,,,0
https://www.tiktok.com/@selvi_lovers_suramadu/video/7684062159793376533,7684109229246792456,Tiktok,username152655372525,🥰🥰🥰,2026-09-11T03:08:37.000Z,,,,0
https://www.tiktok.com/@selvi_lovers_suramadu/video/7684062159793376533,7684140317100098324,Tiktok,kepoin268,🥰,2026-09-11T05:09:13.000Z,,,,0
https://www.tiktok.com/@selvi_lovers_suramadu/video/7684062159793376533,7684222006644196116,Tiktok,surifah01,👍👍👍🥰🥰🥰🥰🥰,2026-09-11T10:26:07.000Z,,,,0
https://www.tiktok.com/@taman.bunga__/video/7684935932423916820,7685023740375384833,Tiktok,pudjitia,:justru karena dia pakai jalur LPDP seharusnya lebih lantang lagi karena yg dia pake itu duit dari Pajak rakyat yg sekarang banyak menderita karena sistetem yg dibuat pemerintah,2026-09-13T14:17:12.000Z,,,,33
https://www.tiktok.com/@taman.bunga__/video/7684935932423916820,7685063914531046165,Tiktok,ayna_f,suka banget sama gaya bicara cinta laura kaya lantang blak blakan tapi tetap tertata mudah dipahami,2026-09-13T16:53:12.000Z,,,,1
https://www.tiktok.com/@taman.bunga__/video/7684935932423916820,7685061894080578325,Tiktok,nunwau98,cinta Laura.. beliau jeli banget terkhusus pendidikan dan hak perempuan,2026-09-13T16:45:27.000Z,,,,5
https://www.tiktok.com/@taman.bunga__/video/7684935932423916820,7685053372823716626,Tiktok,_dinarrrrrr19,cinta laura,2026-09-13T16:14:55.000Z,,,,0
https://www.tiktok.com/@taman.bunga__/video/7684935932423916820,7685034208171574037,Tiktok,matchalatte13_01,Benerr dia tu lulusan luar negeri pake lpdp otomatis dari pajak rakyat dan itu ngg sedikit seharusnya dia juga dengan lantang membela orang2 yang membayar kuliahnya,2026-09-13T14:57:52.000Z,,,,19
https://www.tiktok.com/@taman.bunga__/video/7684935932423916820,7685010440376697621,Tiktok,redlilith_,"Di X, habis beliau dirujak.",2026-09-13T13:25:41.000Z,,,,23
https://www.tiktok.com/@taman.bunga__/video/7684935932423916820,7685027417309643541,Tiktok,lilysomilan256,Harusnya malah kalau dia pake uang LPDP di mana itu uang pajak rakyat harusnya dia bersuara lebih kencang,2026-09-13T14:31:38.000Z,,,,10
https://www.tiktok.com/@taman.bunga__/video/7684935932423916820,7685054819023242002,Tiktok,bbe_tanuki,"dari zaman cinta laura main pilem wktu gw SD juga ketebak koq dia centil yg baik hehehe
lop banget cinta laura ini
orngnya sederhana lagi",2026-09-13T16:17:49.000Z,,,,4
https://www.tiktok.com/@taman.bunga__/video/7684935932423916820,7685153480432698119,Tiktok,1.ltw,Cinta mah dr kecil aja dah bangun sekolah utk rakyat kecil...pake duit sendiri..bukan pemerintah.,2026-09-13T22:40:59.000Z,,,,0
https://www.tiktok.com/@taman.bunga__/video/7684935932423916820,7685056653980959508,Tiktok,monicacornelis30,MA tuh sagitarius males ribet dan terlibat drama yg ga perlu emang udah nature nya bgtu agak bodo amat memang beda klo cinta itu leo tabiatnya dia memimpin suka hal hal bgtu sama sama geng api tp tabiat berbeda ya hormati aja sih,2026-09-13T16:24:58.000Z,,,,91
https://www.tiktok.com/@taman.bunga__/video/7684935932423916820,7685185695934071559,Tiktok,mitaa21z,Dia salah satu artis yg ga flexing barang branded✨,2026-09-14T00:46:04.000Z,,,,1
https://www.tiktok.com/@taman.bunga__/video/7684935932423916820,7685085709599114001,Tiktok,ari.wasuri,Intinya klu org mampu sekolah pake duit sendiri dan kasih kesempatan bagi org yg tdk mampu,2026-09-13T18:17:47.000Z,,,,3
https://www.tiktok.com/@taman.bunga__/video/7684935932423916820,7685186601114239751,Tiktok,anjayani_taraa,Aku sih pilih cinta dia berani banget,2026-09-14T00:49:22.000Z,,,,0
https://www.tiktok.com/@taman.bunga__/video/7684935932423916820,7685035480786928404,Tiktok,sayangmarshandadarisd,MA mah tone deaf,2026-09-13T15:02:53.000Z,,,,0
https://www.tiktok.com/@taman.bunga__/video/7684935932423916820,7685054736018064148,Tiktok,moonova_8,Netizen nih suka bngt banding2in orang,2026-09-13T16:17:33.000Z,,,,0
https://www.tiktok.com/@taman.bunga__/video/7684935932423916820,7685032811246699282,Tiktok,star58883,jauhh..Cinta LBH apa adanya!,2026-09-13T14:52:26.000Z,,,,0
https://www.tiktok.com/@taman.bunga__/video/7684935932423916820,7685191063514268432,Tiktok,aquariusnov,"Cinta banget sama cintaa.. dia ga omong kosong doang, dia juga mendirikan sekolah di nusa tenggara dengan luna maya juga,, love",2026-09-14T01:07:02.000Z,,,,0
https://www.tiktok.com/@taman.bunga__/video/7684935932423916820,7685067726159889159,Tiktok,disaster.global3,knp ya cinta Laura kok berani kritik pemerintah sedangkan orang pasti mendukung pemerintah biar dapat jabatan,2026-09-13T17:07:58.000Z,,,,5
https://www.tiktok.com/@taman.bunga__/video/7684935932423916820,7685089215184536327,Tiktok,cappucinobutter,"yang pake LPDP siapa..
mereka uda kaya masak LPDP juga diambil... kek mana maksudnya
kan mereka mampu bayar sndiri",2026-09-13T18:31:19.000Z,,,,12
https://www.tiktok.com/@taman.bunga__/video/7684935932423916820,7685212794094699271,Tiktok,coklat_26.1,Cinta Laura the best,2026-09-14T02:31:06.000Z,,,,0
https://www.tiktok.com/@taman.bunga__/video/7684935932423916820,7685151948999508743,Tiktok,kopi_hitammm5,neti: harusnya.. harusnya.. harusnyaaa... muaaakkkk,2026-09-13T22:34:52.000Z,,,,0
https://www.tiktok.com/@taman.bunga__/video/7684935932423916820,7685150320481403669,Tiktok,aldavirkasyare,aku suak cinta Laura seh...dia apa adanya drri pertama muncul..ngikutin dia dri sinetron pertama nya dia .dan oiya background keluarga nya emang jiwa sosialnya tinggi ya..dan ga pernah pamer,2026-09-13T22:28:35.000Z,,,,0
https://www.tiktok.com/@taman.bunga__/video/7684935932423916820,7685059134400938760,Tiktok,tinasihaloho0,"Emang keren banget sih cinta, kagum bangetlah.udah cantik, pinter, kepeduliannya juga luar biasa banget.. 🥰😊",2026-09-13T16:34:36.000Z,,,,0
https://www.tiktok.com/@taman.bunga__/video/7684935932423916820,7684961682796118792,Tiktok,esa_693,cinta laura,2026-09-13T10:16:32.000Z,,,,0
https://www.tiktok.com/@taman.bunga__/video/7684935932423916820,7685170524801254165,Tiktok,cinderella_man2,Jujur aj cilau tuh kek dipandang sblah mata sama org pmrintahan,2026-09-13T23:47:20.000Z,,,,0
https://www.tiktok.com/@taman.bunga__/video/7684935932423916820,7685057892197794578,Tiktok,itsmeariinn,Gk salah dari kecil fans cinta🥰,2026-09-13T16:29:45.000Z,,,,0
https://www.tiktok.com/@taman.bunga__/video/7684935932423916820,7685004825636897543,Tiktok,preettygirl414,Lagu nya bagus uy,2026-09-13T13:03:45.000Z,,,,0
https://www.tiktok.com/@taman.bunga__/video/7684935932423916820,7685047703558783751,Tiktok,nona_echa139,Cinta Laura 🥰,2026-09-13T15:50:11.000Z,,,,0
https://www.tiktok.com/@taman.bunga__/video/7684935932423916820,7685216995138339592,Tiktok,karakiri05,pentingnya Mendidik anak bukan hanya pintar..tapi berempati,2026-09-14T02:47:12.000Z,,,,0
https://www.tiktok.com/@taman.bunga__/video/7684935932423916820,7685221955201106706,Tiktok,ndandah__,ga salah fans sama cinta dari tahun 2010,2026-09-14T03:06:30.000Z,,,,0
https://www.tiktok.com/@taman.bunga__/video/7684935932423916820,7685073016937693969,Tiktok,jasminetea_yas,alah sama aja,2026-09-13T17:28:23.000Z,,,,1
https://www.tiktok.com/@taman.bunga__/video/7684935932423916820,7685083915262264081,Tiktok,cyjil,orng” tiktok ini agak berbeda yaa dibanding x sama threads,2026-09-13T18:10:45.000Z,,,,1
https://www.tiktok.com/@taman.bunga__/video/7684935932423916820,7685065621277901575,Tiktok,qwerty291099,Tone deaf itu apaa yaa?🙌🙏,2026-09-13T16:59:48.000Z,,,,2
https://www.tiktok.com/@taman.bunga__/video/7684935932423916820,7685191956910129941,Tiktok,tasyarifii,Cinta lauraa my loveeee🥰,2026-09-14T01:10:16.000Z,,,,0
https://www.tiktok.com/@taman.bunga__/video/7684935932423916820,7685184043322901255,Tiktok,btnpuspagriya.imip,Cinta laura Best 🥰🥰🥰,2026-09-14T00:39:24.000Z,,,,0
https://www.tiktok.com/@taman.bunga__/video/7684935932423916820,7685193952236684052,Tiktok,phyangkotasan,Tim cinta sihh💐,2026-09-14T01:18:00.000Z,,,,0
https://www.tiktok.com/@taman.bunga__/video/7684935932423916820,7685194787054273298,Tiktok,candyshop837,dari dulu emang bias gw cinta laura,2026-09-14T01:21:10.000Z,,,,0
https://www.tiktok.com/@taman.bunga__/video/7684935932423916820,7685038337572848385,Tiktok,niyasalv,no komen wkwk,2026-09-13T15:13:53.000Z,,,,0
https://www.tiktok.com/@taman.bunga__/video/7684935932423916820,7685171017005679368,Tiktok,alfiana0241,aku pilih cinta laura,2026-09-13T23:48:49.000Z,,,,0
https://www.tiktok.com/@taman.bunga__/video/7684935932423916820,7685159569416454933,Tiktok,vanilla.blue204,iyaaa Maudy ayundaa yaa wkwkw,2026-09-13T23:04:28.000Z,,,,0
https://www.tiktok.com/@taman.bunga__/video/7684935932423916820,7685132166330237703,Tiktok,nurlaelaaaa.ela,walopun mukanya manly tp hatinya girly😂 klo denger lagu2 cinta laura inget zaman SD😂,2026-09-13T21:18:06.000Z,,,,0
https://www.tiktok.com/@taman.bunga__/video/7684935932423916820,7685197678787117832,Tiktok,nowanttotalk,"As someone yang S1 di UK, akupun memilih untuk tidak ambil beasiswa karena ortuku alhamdulillah mampu untuk membiaya secara mandiri. Mereka juga bilang, beasiswa buat yang lebih membutuhkan aja walaupun aku ketika SMA sangat berprestasi",2026-09-14T01:32:21.000Z,,,,0
https://www.tiktok.com/@taman.bunga__/video/7684935932423916820,7685201981132178183,Tiktok,andr0medaa,waktu SD fundamental moto hidup nya udh ngikutin cinta laura alhasil good believe aku ikutan bagus tp sejalan juga setiap langkah aku menuju perkembangan hidup aku ganti moto hidup tp dasarnya ngikutin cinta laura. (gk lg bandingin sama Maudy ya).,2026-09-14T01:48:55.000Z,,,,0
https://www.tiktok.com/@taman.bunga__/video/7684935932423916820,7685162978018345748,Tiktok,user1749032527166,makanya ga usah terlalu kagum sama oranng...,2026-09-13T23:17:58.000Z,,,,0
https://www.tiktok.com/@taman.bunga__/video/7684935932423916820,7685176586765828865,Tiktok,andi36610,Sama aja 22ny keren.,2026-09-14T00:10:49.000Z,,,,0
https://www.tiktok.com/@taman.bunga__/video/7684935932423916820,7685207744609846036,Tiktok,_dunia9,Cinta Laura,2026-09-14T02:11:23.000Z,,,,0
https://www.tiktok.com/@taman.bunga__/video/7684935932423916820,7685169409682129671,Tiktok,semestadansamudra,lucu komen2nya,2026-09-13T23:42:44.000Z,,,,0
https://www.tiktok.com/@taman.bunga__/video/7684935932423916820,7685170273155678997,Tiktok,dapidloveeat,"kalau ud punya bisnis bakal lbih hati2 sih. ingat pepatah
.pengusaha jangan lawan pejabat.",2026-09-13T23:46:15.000Z,,,,0
https://www.tiktok.com/@taman.bunga__/video/7684935932423916820,7685179638142321409,Tiktok,janganmininliterasi,Yaudah lah yang mau” ajh bersuara kita liat ajh mana yang bener” menjunjung keadilan nkri ini,2026-09-14T00:22:24.000Z,,,,0
https://www.tiktok.com/@taman.bunga__/video/7684935932423916820,7685028695018963719,Tiktok,mmmmia34,"pdahal sdh kaya raya ngapain pake daftar beasiswa, itulah namanya aji mumpung. org kaya pun butuh duit rakyat😭",2026-09-13T14:36:27.000Z,,,,3
https://www.tiktok.com/@taman.bunga__/video/7684935932423916820,7684957193245868818,Tiktok,hhaha10001,bukannya yg sdh pakai uang pajak wajib lebih vokal dan keras utk menyuarakan keaadaan indonesia! kan pakai uang rakyat majikannya yg bayar pajak!!,2026-09-13T09:58:58.000Z,,,,8
https://www.tiktok.com/@taman.bunga__/video/7684935932423916820,7685025234303451925,Tiktok,upiy2106,kenapa yah yg lpdp rata2 orng kaya,2026-09-13T14:23:04.000Z,,,,8
https://www.tiktok.com/@taman.bunga__/video/7684935932423916820,7685040643731833601,Tiktok,rumahpalembang345,"cinta Laura lebih memikirkan rakyat kecil , orang susah , walaupun dia ngk pernah susah tp rasa peduli dia membuat dia tergerak untuk bicara lantang beda dg Maudy yg lebih memilih hidup nyaman tanpa perlu memikirkan org lain",2026-09-13T15:22:48.000Z,,,,0
https://www.tiktok.com/@taman.bunga__/video/7684935932423916820,7685033688288215829,Tiktok,fuji.jifu,"iya yah.. jatah LPDP nya bisa dikasih ke yg jenius tapi kurang mampu. iya sih pinter, tp klo sudah kaya lebih baik pake uang sendiri",2026-09-13T14:55:54.000Z,,,,0
https://www.tiktok.com/@taman.bunga__/video/7684935932423916820,7685039329995309832,Tiktok,ziggy_hazel,"Tone Deaf ini lagi
entah kenapa aku gak pernah amaze sama dia krna ya itu, bener2 tone Deaf sama sekitar.",2026-09-13T15:17:41.000Z,,,,0
https://www.tiktok.com/@taman.bunga__/video/7684935932423916820,7685028223550538516,Tiktok,angri3219,"jelas kalah telak
cinta laura lebih napak bumi",2026-09-13T14:34:42.000Z,,,,0
https://www.tiktok.com/@taman.bunga__/video/7684935932423916820,7685038193821483784,Tiktok,ayuniverse.xo,"Dari dl ga begitu suka MA, lebih suka Cinta 🥰🥰",2026-09-13T15:13:20.000Z,,,,0
https://www.tiktok.com/@taman.bunga__/video/7684935932423916820,7685035472247636756,Tiktok,fitrihake,"setuju
cinta laura lebih realita",2026-09-13T15:05:45.000Z,,,,0
https://www.tiktok.com/@taman.bunga__/video/7684935932423916820,7685025497545376529,Tiktok,kabjssia,"ahh namanya jg netizen, diem salah berkoar lebih salah lagi",2026-09-13T14:24:00.000Z,,,,0
https://www.tiktok.com/@taman.bunga__/video/7684935932423916820,7685049539274867477,Tiktok,michelleeee_30,Ini ada apa sih? Baru buka tiktok fypnya ginian😁,2026-09-13T15:57:20.000Z,,,,1
https://www.tiktok.com/@taman.bunga__/video/7684935932423916820,7685218220283200263,Tiktok,bifukekihanta,ini konteksnya buat yg belum tau,2026-09-14T02:52:07.000Z,,,,1
https://www.tiktok.com/@taman.bunga__/video/7684935932423916820,7685055042949563137,Tiktok,sellonepython,"Dia punyak uang, klau saja slot LPDP dia kmaren ngak dia ambil, mungkin ada sarjana lain yang bisa dapat tempat untuk sekolah di LN.",2026-09-13T16:18:57.000Z,,,,0
https://www.tiktok.com/@taman.bunga__/video/7684935932423916820,7685061577838740245,Tiktok,koindinar,"Kan dia sdh bikin bisnis yg buka lapangan kerja, msih kurang kah????",2026-09-13T16:44:10.000Z,,,,0
https://www.tiktok.com/@taman.bunga__/video/7684935932423916820,7685082998753248008,Tiktok,yeobosss,kesalahan nya MA karena gak ngapa2 in,2026-09-13T18:07:15.000Z,,,,0
https://www.tiktok.com/@taman.bunga__/video/7684935932423916820,7685132003868001044,Tiktok,yudhirga,"keduanya sama sama orang baik, kalian para penghujat udah ngaca blm sblm hate",2026-09-13T21:17:37.000Z,,,,0
https://www.tiktok.com/@taman.bunga__/video/7684935932423916820,7685131624446935828,Tiktok,fitri_yani_28,"intinya tuh gini, Cinta gk mkan duit rakyat gk di ksh pmrintah indo uang rakyat sdangkan si MA bsa kuliah tinggi krn pmerintah ksh beasiswa lpdp yg dmn itu dr pjak kita smuanya... jd si MA mngkn tkut bcara krn di biayain pmerintah, pdhl mah dia kuliah tinggi2 jg dr pajak rakyat bkn dr pmrntah ☺️",2026-09-13T21:16:14.000Z,,,,0
https://www.tiktok.com/@taman.bunga__/video/7684935932423916820,7685051851544544008,Tiktok,manggo4002,"cinta Laura orangnya realistis dan netral ,suka bangat kalau dia sudah menyampaikan pendapat",2026-09-13T16:08:06.000Z,,,,0
https://www.tiktok.com/@taman.bunga__/video/7684935932423916820,7685225558913630997,Tiktok,zavierstoree1,"makanya aku liat sepintar apapun artus sehebat apapun dia kalau dia tidak bersuara untuk hajat hidup orang banyak, bhkan dekat dengan penguasa demi kepentingan diaa. taik taikk taikk",2026-09-14T03:20:37.000Z,,,,0
https://www.tiktok.com/@taman.bunga__/video/7684935932423916820,7685219967377408784,Tiktok,hiveretyz,@sal🧪🇵🇸𓂆:ini bad news buat dia tapi ini bad reality buat gw yg udah ngirup abu dan rumah gw yg ketutup abu. Mana ada peringatan gempa pula hadahhh,2026-09-14T02:58:41.000Z,,,,0
https://www.tiktok.com/@taman.bunga__/video/7684935932423916820,7685217173404631829,Tiktok,fun.biew,"Ga ada salahnya menggunakan LPDP karena itu bukan uang pribadi pejabat heiii itu uang oajak rakyat, harusnya malah lebih bisa empati dan simpati atas apa yg menimpa rakyat",2026-09-14T02:47:55.000Z,,,,0
https://www.tiktok.com/@taman.bunga__/video/7684935932423916820,7685208869441700615,Tiktok,gok.gok.gok444,compare someone isn't good tough,2026-09-14T02:15:40.000Z,,,,0
https://www.tiktok.com/@taman.bunga__/video/7684935932423916820,7685148313701024532,Tiktok,anne.cinnamonpoise,"kalian sadar ga yg jebolan LPDP ini pada g becussss ngemban amanat meski Telen duit pajak rakyat ,aplg yg dr kalangan artisnya ,Tasya Kamila ? jd apa dia ??? ini maudi Ayunda ? ngapain dia ?? blm yg lain lagi [Big LOL] semua pada cari aman sendiri tp ngepan duit rakyat ! ihhh dzolim nya pada ga kira2 !! jgn bilang kita iri knp ga ini knp ga itu ??!!! ehhh PRIVILEGE mrk LBH LBH dr kita ya ,mau kita jungkir balikkkk jg ga bakal kesentuh jg",2026-09-13T22:21:02.000Z,,,,2
https://www.tiktok.com/@taman.bunga__/video/7684935932423916820,7685153353260647185,Tiktok,om_isdeck21,"😁 Cinta Laura real, much better karena do the action to save humanity...Agree",2026-09-13T22:40:17.000Z,,,,1
https://www.tiktok.com/@taman.bunga__/video/7684935932423916820,7685041122079638290,Tiktok,mawarlhadi,maudy ayunda sbk jd artis guys. 😂😂😂,2026-09-13T15:24:41.000Z,,,,0
https://www.tiktok.com/@taman.bunga__/video/7684935932423916820,7685179679124685589,Tiktok,kiwiwy11,Dia takut biaya lpdpp disuruh kembalikan kalau kritik pemerintah. Simple 👍,2026-09-14T00:22:38.000Z,,,,0
https://www.tiktok.com/@taman.bunga__/video/7684935932423916820,7685181610677371669,Tiktok,oktavia.rj,bedalah kelasnya,2026-09-14T00:30:12.000Z,,,,0
https://www.tiktok.com/@taman.bunga__/video/7684935932423916820,7685200826181632788,Tiktok,cronoss.37,"Justru karna duit dari pajak rakyat harusnya bela rakyat bukan malah ga enak sma pemerintah, duit yg di pake dia buat kuliah itu dari pajak rakyat loh via pengelola yaitu pemerintah yg bobrok…😅",2026-09-14T01:44:47.000Z,,,,0
https://www.tiktok.com/@taman.bunga__/video/7684935932423916820,7685182739327124245,Tiktok,l_______sbr,"yg pasti cinta laura tidak hanya bersuara dia rela tidak memakai tas tas mahal untuk menyediakan sekolah gratis untuk org2 miskin,suka heran kalo ada yg memuja muja maudy padahal dia hanya hidup untuk dirinya sendiri",2026-09-14T00:34:28.000Z,,,,0
https://www.tiktok.com/@taman.bunga__/video/7684935932423916820,7685183179167220497,Tiktok,manusiabiasa1626277117,yailahh jdi artis2 ituu sekolah pd pake lpdp kaya2 masih pake lpdp,2026-09-14T00:36:40.000Z,,,,0
https://www.tiktok.com/@taman.bunga__/video/7684935932423916820,7685184596426572564,Tiktok,akuntiktokraisa,kok bisa sih sekolah LPDP tapi masih bisa kerja di indo pas itu??,2026-09-14T00:41:46.000Z,,,,0
https://www.tiktok.com/@taman.bunga__/video/7684935932423916820,7685185922590130965,Tiktok,gablouisse_,"hebat bgt mereka ngga pake uang pajak negara tpi prestasi mereka , mreka peruntukan untuk negara .. sementara yg pake uang negara dgn sombongnya menginjak nginjak harga diri negara dan dengan tidak tau dirinya merendahkan negara sendiri",2026-09-14T00:46:55.000Z,,,,0
https://www.tiktok.com/@taman.bunga__/video/7684935932423916820,7685187278160282388,Tiktok,sanflawwerss,benci sm dia,2026-09-14T00:52:23.000Z,,,,1
https://www.tiktok.com/@taman.bunga__/video/7684935932423916820,7685179840379814663,Tiktok,breezebluee_____,"cinta laura laaahh
empatinya juga lebih luar biasa
pintar dan tau keadaan",2026-09-14T00:23:19.000Z,,,,0
https://www.tiktok.com/@taman.bunga__/video/7684935932423916820,7685225253656888071,Tiktok,nanakiyanaa,Kirain dia kaya beneran ternyata pake beasiswa😭,2026-09-14T03:19:27.000Z,,,,1
https://www.tiktok.com/@taman.bunga__/video/7684935932423916820,7685207313825973012,Tiktok,aldy01.jry,"ubah pemikiran sekolah pakai beasiswa dr negara itu harus manut2 sama kebijakan negara, inget guys duit beasiswa negara itu duit rakyat jadi harus VOKAL klu misal kebijakannya gk sesuai itu bntuk pengabdian kita terhadap negara...",2026-09-14T02:09:50.000Z,,,,0
https://www.tiktok.com/@taman.bunga__/video/7684935932423916820,7685190344123777793,Tiktok,andi51427,cinta Laura lebih empati 🥰,2026-09-14T01:03:45.000Z,,,,0
https://www.tiktok.com/@taman.bunga__/video/7684935932423916820,7685190783369003794,Tiktok,lettucexdk,Kaya old money tp ambil lpdp,2026-09-14T01:05:36.000Z,,,,0
https://www.tiktok.com/@taman.bunga__/video/7684935932423916820,7685036162779644692,Tiktok,alyamirzani0,angelehh angeleh.....😂,2026-09-13T15:05:24.000Z,,,,0
https://www.tiktok.com/@taman.bunga__/video/7684935932423916820,7685217973192164104,Tiktok,ekpensive,mungkin Maudi lagi Ada tawaran jabatan😁😁😂,2026-09-14T02:51:12.000Z,,,,0
https://www.tiktok.com/@taman.bunga__/video/7684935932423916820,7685195469672350471,Tiktok,viefriyani,Sekelas Maudy ayunda kuliah pake dana LPDP kenapa gk orang2 yg susah dan pinter yg dapat ya ?,2026-09-14T01:23:42.000Z,,,,0
https://www.tiktok.com/@taman.bunga__/video/7684935932423916820,7685195387023901458,Tiktok,seillandra,Jadi produk dia bahan2nya ngambil darimana???,2026-09-14T01:23:27.000Z,,,,0
https://www.tiktok.com/@taman.bunga__/video/7684935932423916820,7685174242934522640,Tiktok,jennifer.clara98,"cinta laura kelihatannya tulus...dia kalau omong apa adanya
sedangkan maudy lebih ke image sih...",2026-09-14T00:01:40.000Z,,,,0
https://www.tiktok.com/@taman.bunga__/video/7684935932423916820,7685168728850105089,Tiktok,valevie.harze,"Lah justru krn dia pake LPDP -Uang Rakyat, harusnya di pihak Rakyat. Ingat ya LPDP itu jg dari Rakyat bkn bantuan Rezim.",2026-09-13T23:40:25.000Z,,,,0
https://www.tiktok.com/@taman.bunga__/video/7684935932423916820,7685166522658505493,Tiktok,qleffmyisw,"gada ah artis indo yang lagi populer gitu, masih kecil pula, malah ngebangun sekolahan di pelosok. bener bener mikirin pendidikan bersama keluarganya dan dia sendiri juga ke daerah itu engga kek jargon dia ujyan gada ojyek seolah olah orang nya jijikan. tapi nyatanya dia mau ke pelosok. cuman cinlau deh kayaknya yang mo beli tas branded aja kepikiran duitnya bisa buat hal manfaat lain. soalnya dia dah liat banyak anak anak butuh dia.",2026-09-13T23:36:04.000Z,,,,0
https://www.tiktok.com/@taman.bunga__/video/7684935932423916820,7685159235986014997,Tiktok,masterbigkuat,"Menurutku orang yang gk bersuara belum tentu tone deaf, kenapa hal hal begini harus diributkan melulu, dia buat sesuatu dengan komoditas tanaman papua juga udah keren banget kok,",2026-09-13T23:03:09.000Z,,,,0
https://www.tiktok.com/@taman.bunga__/video/7684935932423916820,7685156348594225937,Tiktok,sevtanala,"cinta Laura dr dlu emang suka donasi ke sekolah di pelosok2 desa, drpd pake tas ratusan juta dia lebih milih buat donasi ke sekolah rusak, ibunya cinta bener2 kasih contoh yg baik hingga cinta punya empati yg besar dr kecil.. salute bgt",2026-09-13T22:52:14.000Z,,,,0
https://www.tiktok.com/@taman.bunga__/video/7684935932423916820,7685154827509154568,Tiktok,riskanovita585,suka bgt wanita lantam dan berprestasi model cinta Laura,2026-09-13T22:46:13.000Z,,,,0
https://www.tiktok.com/@taman.bunga__/video/7684935932423916820,7685147586794193680,Tiktok,deyarach14,"dulu mantan aku ngefans banget sama dia ini sampe nyuruh2 buat jd kayak dia ini, wkwk endingnya mantanku selingkuh cuma grgr followers cewe itu bnyk. makin muak skrg kalo liat dia ini",2026-09-13T22:18:42.000Z,,,,0
https://www.tiktok.com/@taman.bunga__/video/7684935932423916820,7685134848570508050,Tiktok,pororo1111,tapi gw lebih suka cinta walau dia mix tapi jiwa sosial utk indonesia terutama anak2 pedalaman sangat2 luar biasa dan dia lebih simpati je org kecil,2026-09-13T21:28:26.000Z,,,,0
https://www.tiktok.com/@taman.bunga__/video/7684935932423916820,7685168986627244807,Tiktok,yourbatakbae,blm lg anak2 LPDP ini pada suka lama2 stay di LN begitu pendidikan nya selesai 🤭 ga pada lgsg balik indo 🤭,2026-09-13T23:41:00.000Z,,,,0
https://www.tiktok.com/@taman.bunga__/video/7684935932423916820,7685053099270832897,Tiktok,nuguoepsso__,@🍣 di x sudah habis dirujak😭,2026-09-13T16:11:12.000Z,,,,0
https://www.tiktok.com/@taman.bunga__/video/7684935932423916820,7685060167943455505,Tiktok,acilarap_7,@penyihir_kecil🧩,2026-09-13T16:38:34.000Z,,,,0
https://www.tiktok.com/@taman.bunga__/video/7684935932423916820,7685190941917725458,Tiktok,apriliyani006,[Terpesona][Terpesona][Terpesona],2026-09-14T01:06:08.000Z,,,,0
https://www.tiktok.com/@taman.bunga__/video/7684935932423916820,7685172729234522898,Tiktok,amelia_aranta1,😁😁😁,2026-09-13T23:55:34.000Z,,,,0
https://www.tiktok.com/@taman.bunga__/video/7684935932423916820,7685173990726550280,Tiktok,99sstardust,😁😁😁,2026-09-14T00:00:42.000Z,,,,0
https://www.tiktok.com/@taman.bunga__/video/7684935932423916820,7685005542922257160,Tiktok,chimonac.id2,cinta laura @gatau sy lupa,2026-09-13T13:08:35.000Z,,,,0
https://www.tiktok.com/@taman.bunga__/video/7684935932423916820,7685089257874014997,Tiktok,riremains,Bentar kalian siapa? Ngatur hidup orang?,2026-09-13T18:31:31.000Z,,,,0
https://www.tiktok.com/@tomek01737/video/7683892320009243936,7683917131059118870,Tiktok,wawrzyniecterecho1,a w Rzymie kiedyś wprowadzili konia a tu zwykłą sukę🤣😅😂,2026-09-10T14:43:29.000Z,,,,1
https://www.tiktok.com/@tomek01737/video/7683892320009243936,7683930400889176865,Tiktok,andybandy670,Chorosińska na spacerku,2026-09-10T15:34:54.000Z,,,,0
https://www.tiktok.com/@tomek01737/video/7683892320009243936,7683936899205333762,Tiktok,wodzimierzgrygier,😂😂😂😂😂😂😂,2026-09-10T16:00:09.000Z,,,,0
https://www.tiktok.com/@tomek01737/video/7683892320009243936,7683917214218535702,Tiktok,bozena.siudak,Wywalić ją z Sejmu👍,2026-09-10T14:43:34.000Z,,,,0
https://www.tiktok.com/@tomek01737/video/7683892320009243936,7684544869662622466,Tiktok,53danutek,to banda pisowska,2026-09-12T07:19:21.000Z,,,,0
https://www.tiktok.com/@tomek01737/video/7683892320009243936,7683929359254717216,Tiktok,robertpajak,sprawdzić czy nie przenosi pcheł,2026-09-10T15:30:47.000Z,,,,0
https://www.tiktok.com/@tomek01737/video/7683892320009243936,7684012473687048982,Tiktok,jureks04,"ale nie gryzła,a to też jest ważne 🤤🫢🤫🤣",2026-09-10T20:53:14.000Z,,,,0
https://www.tiktok.com/@tomek01737/video/7683892320009243936,7684333472954172182,Tiktok,zybycho60,może miała cieczkę😱😱😱,2026-09-11T17:38:57.000Z,,,,0
https://www.tiktok.com/@tomek01737/video/7683892320009243936,7684003122281267990,Tiktok,teresa.owerczuk,❤️❤️❤️,2026-09-10T20:16:52.000Z,,,,0
https://www.tiktok.com/@tomek01737/video/7683892320009243936,7683937065960817430,Tiktok,wodzimierzgrygier,😂😂,2026-09-10T16:00:41.000Z,,,,0
https://www.tiktok.com/@tomek01737/video/7683892320009243936,7683937081761202966,Tiktok,wodzimierzgrygier,😂😂😂😂😂😂😂😂😂😂😂😂,2026-09-10T16:00:53.000Z,,,,0
https://www.tiktok.com/@tomek01737/video/7683892320009243936,7683991051891114774,Tiktok,user750800121012,😂😂😂,2026-09-10T19:29:56.000Z,,,,0
https://www.tiktok.com/@tomek01737/video/7683892320009243936,7684544257743323926,Tiktok,53danutek,❤️❤️❤️,2026-09-12T07:17:18.000Z,,,,0
https://www.tiktok.com/@tomek01737/video/7683892320009243936,7684877603601138454,Tiktok,user795622584249,"Trzeba poinformować straż marszałkowską żeby sprawdzali chorosińskiej sprawdzali kartę szczepień .
Wścieklizna to poważna choroba . 😂😂😂",2026-09-13T04:51:09.000Z,,,,0
https://www.tiktok.com/@tomek01737/video/7683892320009243936,7683932188815819542,Tiktok,kazik9513,TUSK. OD. ZAKUTYH. ŁUBOW,2026-09-10T15:41:44.000Z,,,,0