post_url,comment_id,platform,author,comment_text,date,Views,sentiment,like,reply
https://www.youtube.com/watch?v=r1DSH9AQXLU,Ugyyqc2hXfJiLteW1IJ4AaABAg,Youtube,@artikaseptiani6238,"Kupikir bakal share empati terhadap bencana yang sedang terjadi di Indonesia, ternyata ga relate hehe",6 minutes ago,,,,0
https://www.youtube.com/watch?v=r1DSH9AQXLU,UgyYaVqDdrPBr0mHuRp4AaABAg,Youtube,@ozyahmadfauzy,"Konten ini memang untuk  yang mau mendengarkan dan memahami konteks aja. Padahal yg disampaikan, tidak menutup mata dengan apa yg terjadi tapi memfilter sumber informasi yg memberikan informasi yang akurat dan konteks yg lengkap",6 minutes ago,,,,0
https://www.youtube.com/watch?v=r1DSH9AQXLU,UgyQD0NjXmZnVAMdMrB4AaABAg,Youtube,@yaudah.sidddd,"Intinya ""jgn cancel aku please""",8 minutes ago,,,,0
https://www.youtube.com/watch?v=r1DSH9AQXLU,UgwwtcKiLCeR73nYOmJ4AaABAg,Youtube,@Faruq-1935,Cok gateli,9 minutes ago,,,,0
https://www.youtube.com/watch?v=r1DSH9AQXLU,UgzwuzhOhwsf58IqnPp4AaABAg,Youtube,@inanfatma7188,Ngomongnya nggak usah di mix mix in gtu makanya..,9 minutes ago,,,,0
https://www.youtube.com/watch?v=r1DSH9AQXLU,UgxDEArO_tnuUv6owPF4AaABAg,Youtube,@gwebbieh,TONE DEAF FINAL BOSS,11 minutes ago,,,,0
https://www.youtube.com/watch?v=r1DSH9AQXLU,UgwMVetJAYYEW9n1wsd4AaABAg,Youtube,@IanMatthew-i9h,"gw kira pinter anjir, taunya sama kaya influencer bobrok lainnya wkwk",11 minutes ago,,,,0
https://www.youtube.com/watch?v=r1DSH9AQXLU,UgzBnLGTN6fH3BO7RWd4AaABAg,Youtube,@buggyrockz2635,"GW BUKAN BUZZER CUMAN LELAH LIAT KELAKUAN RAKYAT INDONESIA!! LO PADA TAU GA SIH KALAU PEMIMPIN TUH CERMINAN RAKYATNYA!! LO SEMUA JUGA KELAKUANNYA BURUK SADAR GA??

LO PADA CUMAN CARI PELAMPIASAN DOANG BUAT NGEHATE KARENA GATAU NYALAHIN SIAPA LG ATAS HIDUP KALIAN YG SENGSARA?? AND SHE’S THE RIGHT TARGET KAN? PUBLIC FIGURE.

THE HATE IS SOOOO FORCED LO PADA MENDING ISTIGHFAR. JUJUR GW JG BUKAN FANS MAUDY. AND YES, WITH THAT PRIVILEGE AND LPDP STANFORD I THINK THERE’S MUCH MORE SHE CAN DO. BUT PLEASE? DONT BLAME YOUR MISERABLE LIFE ON HER? APA HUBUNGANNYA? GA NYAMBUNG?? 

SEJAK KAPAN ORG INDONESIA KYK KOREA HOBI NGECANCEL ARTIS? N4J1S",12 minutes ago,,,,1
https://www.youtube.com/watch?v=r1DSH9AQXLU,Ugxyi_jlhTOilKBcnLV4AaABAg,Youtube,@oz9591-d1o,"guys, enough. leave her alone.
like, really alone.
skip her content
click 'not interested', if necessary
go unsubscribe, click the unfollow button
choose another brand that has little to none of her affiliation
there are better movies to watch besides hers in it
keep up with something else, something worth the attention
our precious time and money, waste it on donations for our brothers and sisters in Kalimantan and Papua

and let this event be a memory to cherish, the moment Kalimantan is burning, she decided to be mindful",14 minutes ago,,,,0
https://www.youtube.com/watch?v=r1DSH9AQXLU,UgxOHbqxmTjD7fig-ZF4AaABAg,Youtube,@yulialia4569,"enak y maudy km ngomong gini sambil makan enak, aku yg korban banjir 1 tahun lalu aja masih ga punya tempat tinggal, nangis setiap hari dan hampir gila rasanya karena ga punya rumah
mau d suruh bangun dan berusaha tapi ga punya privilage dan ga punya uang
kerja cuma jadi pw paruh waktu yang di SK nya tertulis gaji 0 rupiah
buat bangkit aja berat mau, karna emg se gapunya apapun itu untuk bangkit
km mah badnew bisa skip, aku yg ngerasain yg jadi korban dari badnews itu klo bisa skip bagian part ini aku mau banget tau nge skip ini
minimal skip biar bisa tidur nyenyak yg punya kamar, bukan tidur d pondok hasil di bangun dari kayu dan seng sisa yg kalo hujan tetep bocor dan dindingnya d bangun pake kain
dan gubuk ini pun numpang sama orang sebenernya bukan gubuk sendiri
selamat ya mody km ga pernah se 0 aku.",15 minutes ago,,,,0
https://www.youtube.com/watch?v=r1DSH9AQXLU,Ugx9E8Xwzmb6PXmBXtZ4AaABAg,Youtube,@nosalin138,"Kita ga iklas ya modi, lu pake duit dari pajak kita buat kuliah lpdp lu. Mending lu balikin tu duit kalo lu gabisa berkontribusi sama negara. Empati aja lu kagak punya. Gak iklas bgt kita.",15 minutes ago,,,,0
https://www.youtube.com/watch?v=r1DSH9AQXLU,UgwhIdgmveTARxSyHGl4AaABAg,Youtube,@Bayu_coklatkeju,"im so sorry kak maudy keknya yang salah tuh target audience nya deh, orang kita kebanyakan bahkan mungkin gak nonton vidio fullnya paling cuman clip2 doang terus dateng kesini buat ngehujat doang padahal faktanya memang secara kapasitas otak kita ketika menerima banyak informasi yg buruk akan berdampak juga ke kehidupan kita, video ini mengajarkan kita untuk tetap waras aja. dengan cara mengkurasi/selektif menerima informasi dari sumber sumber yg kredibel/trusted, karena secara biologis brain capacity human itu ada batasnya. padahal jelas inti vidonya ""keep caring while also protecting ourself"" (BIAR PADA GA MATI DI SAAT KITA MAU MENOLONG) memang susah mengedukasi orang bodoh mereka cenderung mendahulukan asumsi dari pada fakta, sekedar hanya ingin menang belaka, mereka menghujat untuk kepuasan ego bukan untuk memahami logika.",17 minutes ago,,,,0
https://www.youtube.com/watch?v=r1DSH9AQXLU,Ugw2xS2_q5bBQ4tu4aZ4AaABAg,Youtube,@BOSANBACA,"Yaa nggk beda jauh sama ,kalo punya circle buruk yg lebih baik menjauh ,kalo ada berita buruk lebih baik tidak . . . . . . . 😂",18 minutes ago,,,,0
https://www.youtube.com/watch?v=r1DSH9AQXLU,Ugw5ZyChorklywVx78J4AaABAg,Youtube,@dewirahmawati4565,"LPDP luar negeri ke US itu besar sekali nominalnya.. apalagi PhD. Harapannya pulang dapat berkontribusi... 

Ketika mendengar begitu banyak bad news ttg negeri ini, alangkah baiknya bila yg dipikirkan dan dilakukan adalah kontribusi apa yg bisa dilakukan untuk bangsa ini...",19 minutes ago,,,,0
https://www.youtube.com/watch?v=r1DSH9AQXLU,UgwFuZxfr48KKVImPYR4AaABAg,Youtube,@hairulfazri9148,"Orang"" tidak akan pernah mengerti perasaan kita ,sampai mereka merasakannya sendiri",19 minutes ago,,,,0
https://www.youtube.com/watch?v=r1DSH9AQXLU,UgwYBfDjIVQ59unTcq14AaABAg,Youtube,@dewibulan625,"Kalau ngomong kek gitu di lingkungan orang yang setara sama sama kaya dg kamu ga masalah. Kalian bukan di tahap bertahan hidup, dan ga ngalamin sendiri. Tapi kalau buat masyarakat indonesia kebanyakan yg harus mikir bertahan hidup, menghadapi bencana, keracunan mbg dsb ya ga cocok. Kamu kan katanya pinter, harusnya bisa berkomunikasi dg lebih baik. Mungkin kalau suatu saat kamu ngalami sendiri musibah itu baru kamu bisa lebih berempati.",20 minutes ago (edited),,,,0
https://www.youtube.com/watch?v=r1DSH9AQXLU,UgyHQtkX1iti1d5P6bx4AaABAg,Youtube,@MMihing,"It’s easy for you to comment when all you’re doing is hearing about bad news. We, however, are the ones in Kalimantan actually living through it. We are experiencing forest fires, breathing in thick, toxic smoke, and struggling just to breathe. Before making careless comments, try putting yourself in our shoes. Show some empathy. These are real people’s lives, not just news for you to discuss",22 minutes ago,,,,0
https://www.youtube.com/watch?v=r1DSH9AQXLU,UgwqueUammpKXclfTMl4AaABAg,Youtube,@hafiz2078,Mindfulness atau tone deaf. Ingat ya rezim suka banget yang begini. Justru kita harus berisik kalo mau berubah,24 minutes ago,,,,0
https://www.youtube.com/watch?v=r1DSH9AQXLU,UgzGMQL8eaw7cXWDKNl4AaABAg,Youtube,@N4n1nu,Howalaaah doi tuh LPDP? Gw pikir selama ini bayar mandiri. Owkeey BHYE.,25 minutes ago,,,,0
https://www.youtube.com/watch?v=r1DSH9AQXLU,UgzBnLGTN6fH3BO7RWd4AaABAg.AanLcN672hhAanLhN0pd_u,Youtube,@buggyrockz2635,"ISTIGHFAR WOI NGELIATNYA KE ATAS TERUS. KALO PADA PAKE OTAK LAGI ORG2 YG PUNYA BISNIS JG PD PUSING MIKIRIN GAJIAN LO2 PADA, SEMUA SEMUA NAIK. 

MENTAL LO PADA SAMA AJA KYK DPR, MERASA PALING SUSAH PALING HRS DIPERHATIIN. KALO JADI PEJABAT GW SUMPAH MATI KELAKUAN LO BAKAL SAMA AJA KYK MEREKA, ORG DIRI SENDIRI DOANG YG DIPIKIRIN. DIRI SENDIRI DOANG YG SUSAH KAN?? 

GA USAH NGIBUL DEH PAKE MIKIRIN ORG LAIN YG KENA KAHUTLA DLL, KALO EMG LO PEDULI YA TARGET PIKIRAN LO KE SANA BUKAN KE MAUDY. “GW UDH NYUMBANG KOK TAU APA LO?!” BERANI TARUHAN GW KALO KALIAN TUH PEMBOHONG😂

MINIMAL TUH DOA BUKAN NGEHUJAT. GA SADAR SADAR KALO LO SAMA PEMIMPIN LO TUH SAMA AJA.. ALLAH MAHA ADIL KOK, DIKIRA KARNA MAUDY KAYA DIA GA BISA NUNTUT KALIAN APA UDH DIZHOLIMI PADAHAL BUKAN PRESIDEN BUKAN MENTERI BUKAN APA.",11 minutes ago (edited),,,,0
https://www.youtube.com/watch?v=r1DSH9AQXLU,UgzcyzWf5Mz5ZLMcsFV4AaABAg,Youtube,@sczullkjengker8380,Maudy Ayunda pemikiran kamu sudah mecapai tahap pemikiran negara yang lebih maju. Jadinya kamu tidak dihargai di dalam Indonesia dimana apa yang kamu kongsikan itu belum bisa diterima akal olah orang Indonesia.,26 minutes ago,,,,0
https://www.youtube.com/watch?v=r1DSH9AQXLU,Ugz9I3gVr3qvAoNBxGt4AaABAg,Youtube,@airamulyani3325,"berita yang sedang kita alami, menjadi perusak mood bagi dia",26 minutes ago,,,,0
https://www.youtube.com/watch?v=r1DSH9AQXLU,Ugxly7Ew5FUC1rEJREh4AaABAg,Youtube,@GhinaRifqia-n1c,Ada fitur kasih dislike 1 jt ga sih,27 minutes ago,,,,0
https://www.youtube.com/watch?v=r1DSH9AQXLU,Ugyhn77DMo2v1doUkWV4AaABAg,Youtube,@muhammadnaufal-j8c,"Tone deaf parah
Rip nirempati😢",28 minutes ago,,,,0
https://www.youtube.com/watch?v=r1DSH9AQXLU,UgxbUeiiWe-2sDpCHUl4AaABAg,Youtube,@muhammadryaas697,Disuruh Mindfulness sama orang yang laki nya investor berkebangsaan amrik loh ya. Bisa mikirin kabur ke AS atau Korsel kalo ada apa2 😹😹😹,29 minutes ago,,,,0
https://www.youtube.com/watch?v=r1DSH9AQXLU,UgzGTdSBG0Fk2-ggtAB4AaABAg,Youtube,@Aan_blackgaze,"seperti biasa, orang yang dari lahir udah penuh privilege memberi sebuah petuah yang dianggapnya bijak kepada orang yang underprivileged dan berpikir kalo dia bisa, maka orang lain juga bisa.

dia ga bakal ngerti strugglenya orang orang tidak berpunya ngejalanin hidup, bertahan ampe besok cuma buat jadi bahagia.",30 minutes ago,,,,0
https://www.youtube.com/watch?v=r1DSH9AQXLU,UgzURcqk40gPFiQycqx4AaABAg,Youtube,@lumayanlmaomenurutsaya5153,"Lu bilang gini karena kaya, coba miskin, pasti ngeluh mulu tuh mulut. Orang kaya kalian ini ga akan pernah paham yang namanya penderitaan jadi lebih baik diam.",31 minutes ago,,,,0
https://www.youtube.com/watch?v=r1DSH9AQXLU,Ugz4ncgwajchkvypwyN4AaABAg,Youtube,@soulofdai,The real antek2 asing gaes. Ini wujudnya,32 minutes ago,,,,0
https://www.youtube.com/watch?v=r1DSH9AQXLU,UgyAv2IiDuo_G7pw9UZ4AaABAg,Youtube,@nedelly,Semua yang dia omongin gue paham semua😂 cuma dia ngejelasinnya ala ala Oxford pake bahasa inggris ya biar kelihatan inteleknya😂 walau Epstein juga berbahasa Inggris 😂 tapi buat apa? Kalo gak peka sama sikon tentang ‘Bad News’ apa yang dimaksud? Buat Palestine aja dia kagak bersuara samsek😢 ini pas negara ancur pun dia tiba2 bikin konten seolah2 bijak taunya boom jadi samsak warga! Sekali tone deaf tetaplah tone deaf,33 minutes ago,,,,0
https://www.youtube.com/watch?v=r1DSH9AQXLU,UgywNwtw1TFVqZhyDPd4AaABAg,Youtube,@adityariat,"Karna video ini aku subscribe kamu kaaa❤ keep sharing mindfulness, slow living things ya 🎉",36 minutes ago,,,,0
https://www.youtube.com/watch?v=r1DSH9AQXLU,UgycjtpnnIAcc78Cvyx4AaABAg,Youtube,@aldiatarief,"saran saya namanya berita mau buruk atau bagus, entah duka atau bahagia sejatinya tetap dikabarkan… 

Kayaknya sampean perlu liat situasi lapangan mba ku biar paham aja",37 minutes ago,,,,0
https://www.youtube.com/watch?v=r1DSH9AQXLU,Ugz_k9sX5MnV-5Qkx7l4AaABAg,Youtube,@Noona_Imel,"Overwhelmed apaan lu? Hidup lu enak gak ngapa2in, gak banyak masalah, no taking action such as Sherina pas Karhutla, tp gk banyak omong kek lu, sama aja lu ama presiden banyak omong kosong",37 minutes ago,,,,0
https://www.youtube.com/watch?v=r1DSH9AQXLU,UgzqKCO_V3bw24T1xE54AaABAg,Youtube,@aripro8215,"Penjelasan dalam bentuk text nya pun ngambang, ... Ga menyentuh sama sekali, Krn emang hanya utk mengcounter...real perasaan nya ya yg terucap keluar di awal.. itulah gambarannya",38 minutes ago,,,,0
https://www.youtube.com/watch?v=r1DSH9AQXLU,UgxfcW8amRxDuTTYExl4AaABAg,Youtube,@fm1130khz,Adab lebih utama dari ilmu,38 minutes ago,,,,1
https://www.youtube.com/watch?v=r1DSH9AQXLU,UgxKqcP0X986l7N1woF4AaABAg,Youtube,@tirzayoha,"I’ve heard so much controversy around this, but to be honest, I took her message a little differently. To me, she was simply sharing her thoughts on how she survives in an era where we are constantly exposed to bad news.

I actually agree with a lot of what she said, especially about setting boundaries and being selective about what we allow into our minds. She didn’t even suggest that material things or spending money were the answer to protecting her mental health. Setting boundaries with what you consume is something you can practise even when you have very little.

And don’t get me wrong — having empathy doesn’t mean you have to lose yourself in everyone else’s struggles. Caring about what is happening around you and protecting your own mental wellbeing can exist at the same time. In fact, looking after yourself mentally can put you in a healthier position to keep going, support others, and be present for people who are struggling. You don’t have to carry every piece of bad news personally in order to care.

At the same time, I recognise that it’s easy for me to say this as an Indonesian who had the opportunity to graduate and now lives in Australia. My circumstances and experiences naturally shape how I interpret her message.

Perhaps for some Indonesians living in Indonesia, this way of thinking feels unfamiliar or even challenging, particularly when everyday realities can be very different. So I can understand why her words may have landed differently for different people.

But I think there is still something valuable in the idea that we can have empathy for what is happening around us without allowing ourselves to be consumed by it. We can’t control everything that happens in the world, but we can be intentional about what we continually expose ourselves to, protect our mental wellbeing, and still care deeply about other people.",40 minutes ago,,,,2
https://www.youtube.com/watch?v=r1DSH9AQXLU,UgzRx1vtlN9Df3yWvat4AaABAg,Youtube,@ayundaanf,Klarif Lo pun ngebela diri,44 minutes ago,,,,0
https://www.youtube.com/watch?v=r1DSH9AQXLU,UgxLFDF9KUqS-mIcluR4AaABAg,Youtube,@satriaanugrahramadhan7050,Pertama kamu itu cuma anak manja yang hidup di dunia atas banyak bacot seolah olah kamu paling mengerti dunia bawah padahal dunia bawah sendiri lebih keras dari apa yang kau kira seandainya mau di tempatkan di posisi kami kemungkinan kau hidup mungkin cuma seposisi penyanyi dangdut keliling saja,45 minutes ago,,,,0
https://www.youtube.com/watch?v=r1DSH9AQXLU,UgyqxBg7Y-yEzLoEGIV4AaABAg,Youtube,@HermanSuhar-v2p,Boikot aja lah model manusia egois nirempati macam gini yg dibungkus dengan kata-kata sopan tapi menyakitkan.,45 minutes ago,,,,0
https://www.youtube.com/watch?v=r1DSH9AQXLU,Ugw1KTHQ1oavEyYTy8h4AaABAg,Youtube,@ayundaanf,Asu Lo maudy,45 minutes ago,,,,0
https://www.youtube.com/watch?v=r1DSH9AQXLU,UgwvjxLQ15056OLptCl4AaABAg,Youtube,@endangnatalia5980,Paok paok,47 minutes ago,,,,0
https://www.youtube.com/watch?v=r1DSH9AQXLU,UgxfcW8amRxDuTTYExl4AaABAg.AanIdvYi_4OAanKTxFuJWs,Youtube,@hawxnxx,"apalah, ilmu ama adab hrs setara lol😹",22 minutes ago,,,,0
https://www.youtube.com/watch?v=r1DSH9AQXLU,UgxKqcP0X986l7N1woF4AaABAg.AanIPAr0SPWAanIz31BQa0,Youtube,@hahengggggggg,"“had the opportunity and live in Australia” okay got it mbak, that’s very kind of u to say that hahahahaha",35 minutes ago,,,,0
https://www.youtube.com/watch?v=r1DSH9AQXLU,UgxKqcP0X986l7N1woF4AaABAg.AanIPAr0SPWAanJb1WuyAd,Youtube,@Mingoo0406,"She shouldn't have shared it in the first place then, maybe she can share it with her family or friends, but not in the public space where so many people can't even relate to her. The point is all the bad things that happened recently in Indonesia is just a bad news for her, but actually it's a bad reality for some people. If she doesn't wanna care about them it's okay but just don't hurt the people with her words.",30 minutes ago,,,,0
https://www.youtube.com/watch?v=r1DSH9AQXLU,Ugz45thduABYfdYy5cx4AaABAg,Youtube,@paseo8787,"Benar benar situasi ""let them eat cake"" 

Kehidupan keras orang-orang cuman dianggap sebagai perusak moodnya doang sambil ngomong ""yaudah hindarin aja""",47 minutes ago,,,,0
https://www.youtube.com/watch?v=r1DSH9AQXLU,UgxxML_5QmNlZ5Y44rB4AaABAg,Youtube,@jaehahaheh123,Mbak-mbak LPDP yg dari uang Pajak lagi...,48 minutes ago,,,,0
https://www.youtube.com/watch?v=r1DSH9AQXLU,UgwWwD_GdstH2qYXt_54AaABAg,Youtube,@asaayuniaryo8544,nyocot,50 minutes ago,,,,0
https://www.youtube.com/watch?v=r1DSH9AQXLU,Ugx0nj-YwcH5-CXTMJF4AaABAg,Youtube,@Hana_Nabila,Marie Antoinette indonesia ini,51 minutes ago,,,,0
https://www.youtube.com/watch?v=r1DSH9AQXLU,UgzcISMAex1gSRHhX8h4AaABAg,Youtube,@GbayhakiHaki,"Kak saran  mungkin bahas nya jangan pakek bahasa inggris, sdm kita itu rendah jadi maksud dari pesannya gak nyampek ke mereka",51 minutes ago,,,,1
https://www.youtube.com/watch?v=r1DSH9AQXLU,UgzL_vHD9sQSHwyU8tl4AaABAg,Youtube,@ajengpratiwiw,"Maudy ini spesifik cuma lagi ""ngobrol"" sama circle dia aja, sesama orang-orang Kaya, berprivilege yg cantik, pinter, kaya, sekolah di tempat bagus dll. Salahnya dia sharing kayak gini di upload di YouTube yang manaaa video ini bisa diakses sama orang2 ber privilege dan TIDAK. banyaknya yg nonton adalah orang-orang seperti kita yg jadi bahan bad news belakangan ini. Buat maudy, better kirim video gini ke group WA keluarga/ teman2 kamu aja  😕",57 minutes ago,,,,0
https://www.youtube.com/watch?v=r1DSH9AQXLU,UgylTX0-95psSbH14c94AaABAg,Youtube,@abiyusuf48,pala bapak kau mindfullnes,1 hour ago,,,,0
https://www.youtube.com/watch?v=r1DSH9AQXLU,UgwRwZu0H3xdMktKaIF4AaABAg,Youtube,@gmofficial7530,"Anda terlalu banyak teori, please do action aja gitu loh. Banyak gaya.",1 hour ago,,,,0
https://www.youtube.com/watch?v=r1DSH9AQXLU,UgxTaWKLcan_MB2hffJ4AaABAg,Youtube,@amrinm-yw2gp,Ya elaaa.. Maudy taiiiiii 💩,1 hour ago,,,,0
https://www.youtube.com/watch?v=r1DSH9AQXLU,Ugz4KiDsSVlewi3HnwF4AaABAg,Youtube,@WiniaLestari-j3c,"Menurut maslow teori kebutuhan dasar manusia,aspek terbawah harus terpenuhi dahulu, fisiologis yaitu makan,minum tempat tinggal, rasa aman..lah boro boro mau mindfullnes2 rasa aman aja gaa bisa didapat sama sskalii..para terkena bencana makan pun tidak..tolonglah kak..empati dikit. Katanya influencer harusnya bisa bersuara! Better hapus akun aja kak..gausah bersosmed lagi…",1 hour ago,,,,0
https://www.youtube.com/watch?v=r1DSH9AQXLU,UgydztjUj8jGolyGihx4AaABAg,Youtube,@ridwansaepuloh6552,"Maudy, padahal kamu lulusan Harvard dengan predikat cumlaude loh, tapi kok bisa sih logika pola pikir kamu bisa semengecewakan seperti ini. 
Orang utan mindfullness banget loh di hutan Kalimantan, dia nggak pergi ke pemukiman warga buat nonton berita Indonesia, tapi dia mati loh karena asap hutan. 
Anak anak yang keracunan udah ribuan bahkan mungkin belasan atau puluhan ribu loh, padahal mereka mindfullness banget nggak baca berita, tapi justru karena itu mereka masuk jadi bad news karena keracunan makan. 
Coba deh bayangin, kalau keluarga kamu bangkrut terus ninggalin hutang, apakah kamu akan mindfullness dengan tidak mendengar berita mengenai kenapa orang tua kamu bangkrut sehingga tau tau kamu di kejar debt kolektor karena keluarga ternyata punya hutang beberapa triliun? Atau kamu bakal Nerima bad news itu, mencernanya, lalu mencari solusi agar hutang bisa di bayar dan kamu kembali kaya? 
Di pilihan pertama, kalau kamu tidak perduli dan tau tau di kejar debtcollector karena hutang orang tuamu pdhl kamu tidak punya hutang adalah gambaran ucapan edukasi yang sedang kamu sampaikan ke rakyat Indonesia. Bayangin, rakyat nggak ngapa-ngapain, malah di kejar hutang padahal rakyat diem loh ngak aneh aneh.",1 hour ago,,,,0
https://www.youtube.com/watch?v=r1DSH9AQXLU,Ugx1z19YoiAWgk0t6hB4AaABAg,Youtube,@hmm4042,"lah bad news bad news, yang bener bener bad apa kabar mbak",1 hour ago,,,,0
https://www.youtube.com/watch?v=r1DSH9AQXLU,UgwiGYlA6QuRvf57u4l4AaABAg,Youtube,@11_hanaalaitupa97,"Selama g ngerasain apa yg d rasakan org lain mending diam apalagi klo g pernah rasain kelaparan kekurangan duit susah cari kerja susah dlm segalanya , apalagi klo lg dlm musibah dan cuma bisa nunggu bantuan orang lain , buat km yg punya segalanya ga bakal rasain apa yg d rasakan org2 di sana yg banyak cobaan nya 😢",1 hour ago,,,,0
https://www.youtube.com/watch?v=r1DSH9AQXLU,UgylE0Re6f61THg6ZTF4AaABAg,Youtube,@wulan6502,"Gimana kaga mindful? Bad news-nya kan dia sendiri 😂 Penyakit NPD mah gini, orang lain yang jadi resah, merekanya mah mindful2 aja karena ga ada awareness-nya 😢 Her awareness is as lacking as an AI bot",1 hour ago,,,,2
https://www.youtube.com/watch?v=r1DSH9AQXLU,Ugy2Ymxex1c63ICNK_N4AaABAg,Youtube,@sain00778,"Ini cuman cerita gimana caranya menjaga pikiran tetap sehat dan selalu berpikir positif 
Dan bercerita pengalaman dan cara penyelesaiannya menurut Maudy dan kalo menurut lu ga realita ga ada masalah dan lakukanlah sesuai cara lu selama tetap bisa menjaga pikiran entah jalan jalan pas pagi, melihat pemandangan disekitar rumah lu tiap orang beda beda caranya cuman itu doang 
Kok kek iri dengki gitu kalian , emang orang orang sumbu pendek susah di kasih tau",1 hour ago,,,,1
https://www.youtube.com/watch?v=r1DSH9AQXLU,Ugz1px3npmayLoxq7-J4AaABAg,Youtube,@arsyajade895,"oke, content ini bukan untuk ku, dari segi bahasa aja aku dah gk paham 😂",1 hour ago,,,,0
https://www.youtube.com/watch?v=r1DSH9AQXLU,Ugze3JnT6LHRBiB3q0Z4AaABAg,Youtube,@miftahulihsan6051,"Itulah kenapa gwa gak following dia, lebih baik kau ngoten gitu sambil antri pertalite di ntt atau di Kalimantan",1 hour ago,,,,0
https://www.youtube.com/watch?v=r1DSH9AQXLU,Ugw4vcwLlFF8cyY51e14AaABAg,Youtube,@FahriYiii,Bad news yg kau bilang itu yg kami rasa kan kamu juga maunya nda mau ad kebarakan trs hari hari dan maunya enak ko tapi kan nyata nya asap dimna mna listrik mati pergilir kemarau panjang semoga aj doa ku nanti kau merasakan ap yg kami rasakan,1 hour ago,,,,0
https://www.youtube.com/watch?v=r1DSH9AQXLU,Ugwtfbdd746nIwKrkHZ4AaABAg,Youtube,@nabilatengkeran,"Dia mah orang kaya... trlalu pinter pun... liat bad news tnggal skip, dan bye ayo makan pizza 🤙🏻
Dgn dia tdk men take down ini aja, sdh menunjukkan nirempati",1 hour ago (edited),,,,0
https://www.youtube.com/watch?v=r1DSH9AQXLU,UgzfWZTOxl9amYnL09p4AaABAg,Youtube,@wilsadinaaulia5840,hapus kak.,1 hour ago,,,,0
https://www.youtube.com/watch?v=r1DSH9AQXLU,Ugy2Ymxex1c63ICNK_N4AaABAg.AanDyKB1uCHAanHBvTBO-v,Youtube,@kamaseanfanbaze,hanya org org dikit aj yg pintar ya gk kebawa emosi ya😅 dgn pikiran jernih mencerna ini smua,51 minutes ago,,,,0
https://www.youtube.com/watch?v=r1DSH9AQXLU,UgzcISMAex1gSRHhX8h4AaABAg.AanH6KuxcONAanHaoUVUAN,Youtube,@GbayhakiHaki,"Ya mungkin sama pengemasan video nya juga salah sih, jangan bahas isu kayak gini sambil masak gitu njir kesannya kayak jd gampangin",47 minutes ago,,,,0
https://www.youtube.com/watch?v=r1DSH9AQXLU,UgylE0Re6f61THg6ZTF4AaABAg.AanE0jR-VkhAanEVQkU-na,Youtube,@wulan6502,"Mending diganti AI hologram sekalian aja lu kayak Ma-karina di anime Psycho Pass. A cyberpunk anime about the AI governance. Lu performer kan, tinggal lip sync ngikutin AI-nya, karena kalau off-script opini lu juga minim bobot orisinal kayak bot",1 hour ago,,,,0
https://www.youtube.com/watch?v=r1DSH9AQXLU,UgylE0Re6f61THg6ZTF4AaABAg.AanE0jR-VkhAanEZ1jTb0F,Youtube,@wulan6502,Bot nirbobot,1 hour ago,,,,0
https://www.youtube.com/watch?v=r1DSH9AQXLU,Ugw5xsuqB227B1xnKAF4AaABAg,Youtube,@aprilianilia1721,"LPDP lu pake duit rakyat woi,ngga tau terimakasih bgt.",1 hour ago,,,,0
https://www.youtube.com/watch?v=r1DSH9AQXLU,UgxG4uzQW8kyXI-dGkx4AaABAg,Youtube,@aisyahfitriazalia6002,"Seharusnya memang berita musibah tidak membuat seseorang menjadi terlalu sedih, apalagi sampai menganggu mentalitas seperti yang mba rasakan. Kita cukup membaca berita tersebut dan melihat apa yang bisa kita lakukan. Misalnya kita bisa memberi sumbangan dan juga sharing berita tersebut teman teman kita.

Tapi perlu disadari juga mbak ini kan orang yang memiliki pengaruh sosial yang tinggi dan juga kemampuan ekonomi yang di atas rata-rata. Bantuan yang mbak berikan seharusnya lebih besar daripada masyarakat pada umumnya. 

Di video ini, kesannya setelah mbak membaca berita, mbak merasa sedih lalu ya sudah, lanjut saja dengan kehidupan dan malah menfilter berita tersebut. padahal masyarakat berekspektasi mbak akan menyuarakan pendapat yang pro-rakyat dan bisa menyadarkan pemerintah.",1 hour ago,,,,0
https://www.youtube.com/watch?v=r1DSH9AQXLU,Ugze-uzJZT9Fun_dc2d4AaABAg,Youtube,@wendysfrackles2773,"Intinya kak maudy, sangat g masuk akal untuk kami yg selalu diminta untuk ttp berpikir tenang dgn kondisi negara kita yg kayak gini.. Justru pihak"" bagian sana yg harusnya cepat tanggap menanggulangi hal yg terjadi skrg agar kami jg dpt kebagian untuk mindfullness seperti apa yg kk inginkan. Kalo untuk skrg kami diminta seperti itu disaat kami saja blm tentu besok bisa makan atau tidak, bisa tidur atau tidak rasanya seperti kemunafikan kak, memang diminta untuk ttp bersyukur kepada tuhan dan diri sendiri tapi ttp saja kak masih harus selalu kami yg menjadi imbasnya",1 hour ago,,,,1
https://www.youtube.com/watch?v=r1DSH9AQXLU,UgyRzijqRV95Je4u6fh4AaABAg,Youtube,@prenstillhere,Nih orang mati sih empati nya😢,1 hour ago,,,,0
https://www.youtube.com/watch?v=r1DSH9AQXLU,UgxQhjtGEVI2J6mRde14AaABAg,Youtube,@HafiHabiba-xu2ri,Wow kyk member rakyat Capitol di hunger games,1 hour ago,,,,0
https://www.youtube.com/watch?v=r1DSH9AQXLU,UgyNbkKrxvG8skchFYd4AaABAg,Youtube,@yudiman9385,Kuliah s2 pakai uang rakyat tapi minim empati,1 hour ago (edited),,,,0
https://www.youtube.com/watch?v=r1DSH9AQXLU,UgxyzTobic-XM-5abAB4AaABAg,Youtube,@HaydenLie-i1p2v,"11 12 sama Marie Antoinette
""let them eat cake"" ahh",1 hour ago,,,,0
https://www.youtube.com/watch?v=r1DSH9AQXLU,UgxLvRqrJJvUoSafaFp4AaABAg,Youtube,@penyukaroti,"Nothing's wrong with her, why everyone is mad???",1 hour ago,,,,0
https://www.youtube.com/watch?v=r1DSH9AQXLU,UgwG_IiuqXvNhQ3hvIF4AaABAg,Youtube,@isaaa0202,Kamu lulusan oxford jurusan ppe bisa bisanya bikin konten kayak gini😂,1 hour ago,,,,0
https://www.youtube.com/watch?v=r1DSH9AQXLU,UgzSc_oOJytnZPh6Nsl4AaABAg,Youtube,@lambertuszo4,KAU SEKOLAH KE LUAR NEGERI PAKAI BEASISWA LPDP. LPDP = BERASAL DARI PAJAK RAKYAT. SEHARUSNYA KAU TIDAK BOLEH BUDEK😢😢😢,2 hours ago,,,,0
https://www.youtube.com/watch?v=r1DSH9AQXLU,UgyMVriRkyEcd63XOcN4AaABAg,Youtube,@burjobruno,Shinra tensi☠️,2 hours ago,,,,0
https://www.youtube.com/watch?v=r1DSH9AQXLU,UgzDAYYioOPCnyLcORx4AaABAg,Youtube,@Desperation-c3k,Lets make her bad news her reality then 😊,2 hours ago,,,,0
https://www.youtube.com/watch?v=r1DSH9AQXLU,UgzRVxaBi75ihzqGN9d4AaABAg,Youtube,@RatuForex-z3h,"Mari kita bedah masalah ini pakai kepala dingin dan kacamata ilmiah (psikologi & sosiologi) biar kolom komentar ga malah jadi ruang hujatan personal yang tidak produktif.  Untuk temen-temen yang menyerang personal,  memang dapat dimengerti  kritik kalian terhadap realitas sosial itu valid, tapi menghujat personal itu salah alamat. Masalah di video Maudy Ayunda ini bukan karena dia jahat atau berniat buruk, melainkan karena fenomena Context Collapse (runtuhnya konteks komunikasi) dan benturan ekspektasi sosiologis. Secara sains psikologi, apa yang disampaikan Maudy soal news detox dan mindfulness itu  valid dan terbukti ilmiah secara klinis untuk mencegah headline stress disorder akibat paparan doomscrolling. Secara substansi ilmu, Maudy sama sekali tidak salah. Dia membagikan ilmu kesehatan mental yang sah. Namun secara sosiologis, letak titik lemah komunikasinya adalah terjadinya kaburnya batasan antara dua hal yaitu Bad News dan Bad Policy. Bad News yaitu Segala bentuk kebisingan informasi negatif dan komodifikasi emosi di media sosial dan berada diluar kontrol kita. Contoh spesifiknya adalah drama medsos, gosip selebritas, kontroversi buatan, hingga rumor yang digoreng secara berulang-ulang oleh berbagai akun demi engagement. Informasi jenis ini sifatnya toxic, tidak menambah kualitas hidup kita, dan berada di luar kendali kita. Pola konsumsi informasi berulang seperti inilah yang emang perlu di-detox demi menyelamatkan fungsi kognitif otak kita dari burnout. Lalu Bad Policy merupakan Kebijakan publik atau sistem makro dalam negeri yang pincang atau buruk. Ini bukan sekadar ""drama algoritma"" atau berita lewat yang bisa diabaikan dengan mematikan ponsel, melainkan realitas struktural yang berdampak nyata pada hajat hidup orang banyak dan secara etis tetap wajib dikawal serta dikritisi bersama agar ada perubahan nyata.
Nah , Sebagai alumni kampus top dunia dan macro-influencer, wajar jika publik secara logis punya ekspektasi agar Maudy ikut bersuara mengkritik kebijakan yang timpang (bad policy), bukan hanya mengedukasi publik melakukan mindfulness dan terkesan ""maklum"" atau pasrah dengan keadaan. Kritik publik muncul secara logis karena mereka tidak ingin narasi mindfulness ini disalahgunakan untuk membuat masyarakat menjadi apatis atau sengaja menjauh dari realitas kebijakan yang merugikan tersebut. Ditambah lagi, representasi visual kelas atas di video ini membuat pesan ilmiah ini jadi terasa berjarak (tone-deaf) bagi masyarakat yang tengah banyak menghadapi krisis saat ini.Tapi ingat, ini adalah masalah miskomunikasi struktural. Sebaiknya tidak sampai dijadikan alasan menyerang personal. 
Yasudah sebainya narasi mindfulness ini kita geser bersama: kita menjaga kesehatan mental hari ini  dari bad news bukan untuk menjadi apatis atau lari dari kenyataan, melainkan untuk nge-charge energi mental (mental battery) kita. Justru dengan mental yang sehat dan waras, kita punya energi yang cukup untuk bergerak dan ikut membenahi masalah sosial di sekitar kita dan mengawasi bad policy . Maudy benar secara sains psikologi individu, hanya saja luput membaca struktur sosiologis audiensnya. Yuk kita lebih bijak di kolom komentar. Hargai ilmu beramanfaat yang dibagikan Maudy,  kritiklah secara substansi sistemnya tanpa harus menyerang personal orangnya. Semoga Tetap Sehat  semuanya! Tetap mengawal perubahan yang lebih baik !",2 hours ago,,,,1
https://www.youtube.com/watch?v=r1DSH9AQXLU,Ugy3zcKM3IVnYP2HRvR4AaABAg,Youtube,@misterpaolo8142,cocote wong sogeh uwenak nek ngomong yaa.,2 hours ago,,,,0
https://www.youtube.com/watch?v=r1DSH9AQXLU,UgwnRvs4hioMIJ-at_d4AaABAg,Youtube,@shiningblue127,You're like Marie Antoinette.,2 hours ago,,,,0
https://www.youtube.com/watch?v=r1DSH9AQXLU,UgyHdBK-HU9mef2MqF14AaABAg,Youtube,@IrvanRamadhan-r9n,BHAPP,2 hours ago,,,,0
https://www.youtube.com/watch?v=r1DSH9AQXLU,UgzcyN-NATyJLGG21ul4AaABAg,Youtube,@rubipjane,"dia gabilang ""berhenti peduli"" malah dia bilang ""keep caring while also protecting ourselves"" ko komenan nya seolah olah dia bilang cuekin aja negara",2 hours ago,,,,0
https://www.youtube.com/watch?v=r1DSH9AQXLU,UgxUJP0V8wELD0st2Jh4AaABAg,Youtube,@shiningblue127,"LO KULIAH LPDP PAKAI PAJAK RAKYAT TAPI GA PUNYA EMPATI. MENTANG² HIDUP ENAK, HATINYA KOTOR. SEMOGA LO DIBERI COBAAN YG BERAT.",2 hours ago,,,,0
https://www.youtube.com/watch?v=r1DSH9AQXLU,UgxEHcoQ2FNACCNxlp94AaABAg,Youtube,@sohsou,"she's lowk cooking di 5 menit awal karena she really aware and understand of what human body and mind could comprehend tentang memproses informasi, merasakan sesuatu karena informasi itu, yadayada.
lalu tibalah dia bilang ""move on to the tips"", mashaAllah she's cooked well fuckjng done 💀

but in all seriousness.. girl i think u should keep this thought and mindset to urself atau orang2 terdekatmu saja. telling other people (as someone who didn't affected too much from all of this madness) untuk menerapkan mindfulness dengan apa yang terjadi skrg is not very... apa ya, human? 😐😬",2 hours ago,,,,0
https://www.youtube.com/watch?v=r1DSH9AQXLU,UgzD9vGB3c4MdBcJBhV4AaABAg,Youtube,@miftaj.k,Maudy kamu kenapa? Udah beberapa kali blunder. Postingan kamu ga tepat untuk situasi saat ini.,2 hours ago,,,,0
https://www.youtube.com/watch?v=r1DSH9AQXLU,UgySf2JZ5VAED1qQSvF4AaABAg,Youtube,@wanaeka,Let them eat cake maudy,2 hours ago,,,,0
https://www.youtube.com/watch?v=r1DSH9AQXLU,UgxaAhkCT7CdxWtKqt14AaABAg,Youtube,@ItsukaHimewakari,Tong kosong nyaring bunyinya,2 hours ago,,,,0
https://www.youtube.com/watch?v=r1DSH9AQXLU,UgxGDCOgOrLL3k5EUm94AaABAg,Youtube,@ahmadarista5887,"gua ngga kenal lu siapa, punya hak apa lu bisa ngomong soal capek sampai ganggu mental lu, gua dan keluarga dan ribuan bahkan sampai jutaan lainya bukan capek dengerin nya gua capek jalanin nya kasian ama orang",2 hours ago,,,,0
https://www.youtube.com/watch?v=r1DSH9AQXLU,Ugx2cSdfozXCjElTAsV4AaABAg,Youtube,@parsandihasnandi1281,"Pejabat yang buat rusak.
Kamu yang di rujak...

Itu tanda masyarakat mencari pelampiasan dari bad news yang kamu bicarakan.",2 hours ago,,,,1
https://www.youtube.com/watch?v=r1DSH9AQXLU,UgyrWJMo2VwjSPbX9yV4AaABAg,Youtube,@MuhamadAlfi-x7y,"sayang banget yaa banyak padahal dari vidio ini yang bisa ajaa kita ambil positifnya, vidio nya sebenernya memberikan insightfull secara ilmu pengetahuan dan cara kita bersikap atas apa yang terjadi dalam kehidupan kita sehari-hari. kalo kita tarik kesimpulan secara umum, dan memahami esensi serta substansi apa yang di maksudkan sama maudy ini. namun sangat di sayangkan malah terjadi polarisasi serta ecohamber dan dinarasikan yang sedikit keluar dari esensinya, entah karna mungkin emang situasinya gak pas ajaa buat dia sharing pengalaman atau gimana namunsangat sangat sekali di sayangkan",2 hours ago (edited),,,,0
https://www.youtube.com/watch?v=r1DSH9AQXLU,UgzFZo1SzWqvRYdfNF14AaABAg,Youtube,@irfanarian5065,"it is fact news bukan bad news
Mba Maudy",2 hours ago,,,,0
https://www.youtube.com/watch?v=r1DSH9AQXLU,UgxOwd4ayiosMCn_xvN4AaABAg,Youtube,@cdub8062,"your thoughts in light of NIH*'s Mindful Harmonious approach, which explains how to filter negative news. Too Bad, you neglected to include NIH, you just mentioned Epictetus's stoicism.  If you had included 'the nara sumber' (either Gebner or NIH), the result would likely have been different.
p.s: * National Institute of Health.
p.s.s: you should add shredded parmesan cheese on top of your scramble egg and avocado toast 😂",2 hours ago (edited),,,,0
https://www.youtube.com/watch?v=r1DSH9AQXLU,UgzdZvc1cgO_a3AczYp4AaABAg,Youtube,@KEIII-g4l,"Maksudnya menganggap semuanya negatif??? Orang skrng realita nya gitu. Maksud ku gini loh, harus ngerti sama situasinya menurut mu Situasi kayak gini bisa di kontrol? Atau di prediksi. Aku selalu admire kak maudy tapi sekarang menurut aku kak Maudy sangat tidak ada empati. Mana bilang ""Bad news"" padahal bad news itu REALITA KITA, dan dengan ekspresi kaka yang tidak sama sekali berempati 😂😂😂😂 bahas mindset dan dll malah hahaha hihihi juga, makan 2 telur ceplok, alpaka, roti. 😂😂 Menurut ku mindset pejabat kayak gini.",2 hours ago,,,,0
https://www.youtube.com/watch?v=r1DSH9AQXLU,Ugw8b_3N7twCFKMhSux4AaABAg,Youtube,@ordyofficial,"ini orng sama kayak pria npd itu udh tau salah malah bikin klarif yg membela dirinya sendiri dan gada kata maaf, ga heran sih",2 hours ago,,,,0
https://www.youtube.com/watch?v=r1DSH9AQXLU,UgzPW5jtJf5Ek0rJPjF4AaABAg,Youtube,@metiwkoma5089,"nyanyi aja, suara masih oke. Opinimu sampah",2 hours ago,,,,0
https://www.youtube.com/watch?v=r1DSH9AQXLU,Ugxy1akplEwZ3hGOJ894AaABAg,Youtube,@nardilaramadhani5248,"TONE DEAF NIREMPATI!, percuma lu pintar, cantik, all in privilage. tapi lo gapunya empati buat semua orang yang merasakan BAD NEWS yg lu bilang, lu hidup dan sekolah di atas uang2 rakyat lu kuliah S2 LPDP tapi lu gabisa setidaknya “berempati” atas semua yang dirasakan orang yang hidup didalam BAD NEWS itu wkwk. lu hidup enak dibawah ruangan ber ac dengan sarapan bergizi, sedangkan orang orang yang merasakan BAD NEWS itu udah hidup aja syukurr",2 hours ago,,,,0
https://www.youtube.com/watch?v=r1DSH9AQXLU,UgwsZpokhvPe3w0lDtV4AaABAg,Youtube,@masterbastian3149,"Honestly, I dont think most indonesians have the mental capacity yet to understand whats implied in this discussion. I personally agree with the approach, a good way to stay sane in this insane world I guess. kudoa girl 👍🏻",2 hours ago,,,,0
https://www.youtube.com/watch?v=r1DSH9AQXLU,UgxmH8-ksF-T36kH1uF4AaABAg,Youtube,@WinterStrnky,"i don't know if u mean this or not, but do u believe in karma?

just, good luck...:)",2 hours ago (edited),,,,0
https://www.youtube.com/watch?v=r1DSH9AQXLU,UgyfXjqcxOqNWTrYlQF4AaABAg,Youtube,@anfeir1,It’s like watching Marie Antoinette telling me to eat the brioche,2 hours ago,,,,0
https://www.youtube.com/watch?v=r1DSH9AQXLU,UgzVcp7TLr4sGZiK7T14AaABAg,Youtube,@MR.FUSERBLACKWITH,DI PIN KOMEN LO JUGA MINTA MAAF KARENA GAMAU KARIR DIDUNIA ENTERTAINMENTNYA HANCUR CIKK😹😹😹😹,3 hours ago,,,,0
https://www.youtube.com/watch?v=r1DSH9AQXLU,UgxROuMMTo3Ns3WdkGt4AaABAg,Youtube,@EnglishWithBeeYT,"PENTING TOLONG BACA: KONTENMU NGOMONGIN MINDFULLNESS BEDASARKAN BACKGROUND KEHIDUPAN KAMU YANG BERKECUKUPAN! COBA KALAU KAMU LAHIR DI KELUARGA YANG KESULITAN DAPAT KESEMPATAN UNTUK HIDUP BERKECUKUPAN , APA KAMU YAKIN MAU NGOMONG SEPERTI INI? TOLONG JADILAH ORANG YANG PUNYA EMPATI, BUKAN CARA KAMU MELIHAT DUNIA, TAPI BERUSAHA MENJADI ORANG LAIN KETIKA BERADA DALAM BAD NEWS ITU",3 hours ago,,,,0
https://www.youtube.com/watch?v=r1DSH9AQXLU,UgwK4wDEYNaWNajz4dR4AaABAg,Youtube,@diraffmdzikry5472,"Coba banyakin sedekah mpok.dari pada banyakkkk makan yang terlalu sehattt gituuu. Biar lo bisa kuat buka2 tuh. 

Kebanyakan kebarat-baratan kaga tau ama aslinya lo orang mana..",3 hours ago,,,,0
https://www.youtube.com/watch?v=r1DSH9AQXLU,UgxO-v_xbsoddB1nzU54AaABAg,Youtube,@molly3828,Ya muntaqim,3 hours ago,,,,0
https://www.youtube.com/watch?v=r1DSH9AQXLU,UgzbihPd5Zq5M7Hb_Tp4AaABAg,Youtube,@nanangsoloist6398,Indonesia urgent cancel culture,3 hours ago,,,,0
https://www.youtube.com/watch?v=r1DSH9AQXLU,Ugxu5kiO_uMf1IoWJfl4AaABAg,Youtube,@ydxnoturbae,yg punya mental dirimu kok smua orang yang repot mesti peduli kesehatan mental dirimu nirempati.,3 hours ago,,,,0
https://www.youtube.com/watch?v=r1DSH9AQXLU,Ugx2cSdfozXCjElTAsV4AaABAg.Aan3rBxS9-wAan5IFC6Zk2,Youtube,@teukusafi7626,Sesama tone deaf saling mendukung,2 hours ago,,,,0
https://www.youtube.com/watch?v=r1DSH9AQXLU,Ugzj9FYic-Gtyf4dNh54AaABAg,Youtube,@WinterStrnky,"dont just listening and learning, But seeing!!, see out there, those who fought heat and flame to saving a tree , those who waiting in long line for gas just so they can go to work, those who their life change by the flood, those who their house become a ruin because the earth, and those, a student who fought in the government place just so they can be heared, are u really wanted to close your eyes and your ears on that?...why? 

many of us doesn't have the life like what u live right now..., and believe us we want it...",3 hours ago (edited),,,,0
https://www.youtube.com/watch?v=r1DSH9AQXLU,UgyD5GR3RBGu51ZbvY14AaABAg,Youtube,@neoaitech,"Lu bisa BACOT begini karena lu org berada aja, makanan lu masih Enak,Mahal,Bergizi,rumah lu masih berAC,hidup lu masih nyaman, jadi lu TIDAK ngrasa LANGSUNG dampaknya, coba lu ngrasain makan Nasi Telor  sehari sekali,tinggal di rumah sering banjir,Bocor,kipas angin sudah bunyi tektektek,kerja dari subuh sampe malam bayaran 50rb,harus cukup beli makan,bayar air listrik bli bensin harian,bayar sekolah anak,Cari kerja lain yang penghasilannya lebih besar, butuh uang,atau Ordal,masih pula kena pajak.Hidup sekarang jaman si BIJI WOWO 1 ini tidak Segampang BACOT LU Maudy!!! protect our sanity TAI, lu bilang Bad News??? itu FACTUAL NEWS!!!",3 hours ago,,,,0
https://www.youtube.com/watch?v=r1DSH9AQXLU,Ugy-6WHX7AVH3b-4_Bl4AaABAg,Youtube,@ariysolo,Contoh tepat dari toxic positivity.,3 hours ago,,,,0
https://www.youtube.com/watch?v=r1DSH9AQXLU,Ugyi9vLeFTBGtxO2w3t4AaABAg,Youtube,@pakdedalbo,"Coba situ ama eug, pasti bakal dididik dengan baik dan gak sampe kaya gini 😌",3 hours ago,,,,0
https://www.youtube.com/watch?v=r1DSH9AQXLU,UgwwsOYHV1kHjKJh0CJ4AaABAg,Youtube,@hildananda,"You're pretty you're smart you're popular... tapi sayang nirempati banget dari dulu, tone deaf. Ga pernah sekalipun mengerti akan perosalan yang terjadi di negeri ini. Jangankan untuk speak up.. belajar peka saja dia sepertinya enggan. Malah tutup kuping? Iya kan? Kamu sebenarnya sangat mempunyai potensi lho kak untuk mewakili kita semua sbg rakyat.. but kamu memilih jalan tsb. 
Susah sih ngomong ke orang yang pro pemerintah.. wkwk percuma guys kita koar-koar.. tapi setidaknya kita semua tau dan bisa memilah influence mana aja yang patut dan layak untuk kita apresiasi.. 😌😌",3 hours ago,,,,0
https://www.youtube.com/watch?v=r1DSH9AQXLU,UgwDEx6UWB5gJemPMRp4AaABAg,Youtube,@yass_itsme,"Aku pikir dia nggak salah kok.. ini pandangan dia sebagai pendengar berita, dan posisinya nggak bisa ngapa2in. Aku rasa dia juga ngerasa empati buat keadaan2 BAD ini.. kalo nggak, nggak bakal ada video ini. 
Malahan menurutku saran dari maudy ini cukup membantu buat ngendaliin kabar2 buruk, dengan posisi kita sebagai pendengar.. mengonsumsi kabar buruk terus menerus (keadaan indo) juga nggak baik, secara nggak sadar itu bakal bikin kita jadi stres sendiri.. 
Menghindar sejenak dan fokus ke hal lain, bukan berarti nggak peduli.. itu cuma mekanisme bertahan supaya kita nggak bernout emosional. Gimana coba mau nolong sesama kalo pikiran sendiri cemas. 

Aku ngerti sih, video yg maudy buat.. waktu dan audiancenya kurang tepat, jadi kesannya kayak nyamaratain situasi semua orang.
Tapi guys harus pinter2 ngambil informasi.. bisa aja kalian bagian dari realita lain yang datang ke keadaan realita lainnya.. kayak divideo ini, ini untuk pendengar berita tapi beberapa dijawab sama caracter realita.. jadinya nggak cocok.",3 hours ago,,,,0
https://www.youtube.com/watch?v=r1DSH9AQXLU,Ugx8QToHXnm3qPFfY-x4AaABAg,Youtube,@mikasaesucasa1889,Target audiens: sesama orang kaya,3 hours ago,,,,0
https://www.youtube.com/watch?v=r1DSH9AQXLU,UgxpjoqfHOLmbIqAOlx4AaABAg,Youtube,@stanicaa,kamu kalo jadi pemimpin pasti bakal jadi diktaktor,3 hours ago,,,,0
https://www.youtube.com/watch?v=r1DSH9AQXLU,UgyOxiNdo9aMM9_Pst94AaABAg,Youtube,@nasipecelyummy,nulis klarif sepanjang lebar itu tapi ga ada satu pun kata yg jelas menyalahkan pemerintah wkwkwk i know what you are 😹,3 hours ago (edited),,,,0
https://www.youtube.com/watch?v=r1DSH9AQXLU,UgzcTxnJgX8IkNy-RKt4AaABAg,Youtube,@REHAN_RF_88,"Potret nyata "" buzzer elite class""",3 hours ago,,,,0
https://www.youtube.com/watch?v=r1DSH9AQXLU,UgwgLPS6RMqjO2MpTsV4AaABAg,Youtube,@lloyd7311,"LUCU BANGET BANYAK YG SALAH NANGKEP, U CAN HAVE A DEGREE BUT STILL FKING 1D10T, WKWK",3 hours ago,,,,0
https://www.youtube.com/watch?v=r1DSH9AQXLU,UgzwKveO4FTIiq6vrN14AaABAg,Youtube,@Dominox-f9e,maudy digoreng netizen,3 hours ago,,,,0
https://www.youtube.com/watch?v=r1DSH9AQXLU,Ugztvq1eqnAebzlwXJx4AaABAg,Youtube,@silwarde,"komen pada fomo ngehujat, ga ngerti isi konteksnya apa",3 hours ago,,,,0
https://www.youtube.com/watch?v=r1DSH9AQXLU,UgzkTVMdf_HOvcXQdVN4AaABAg,Youtube,@opamiwo,Baru ngeh ternyata termasuk artis2 58% juga,3 hours ago,,,,0
https://www.youtube.com/watch?v=r1DSH9AQXLU,UgxRJdF_jaPp0794kR14AaABAg,Youtube,@MuhammadRizky-fb9iu,Marie Antoinette 2026,3 hours ago,,,,0
https://www.youtube.com/watch?v=r1DSH9AQXLU,Ugx36-NMte-remQaD3l4AaABAg,Youtube,@RfC-n2q,Di coment vidio ini banyak banget yang memvalidasi penderitaan mereka habis habisan tanpa mau mencoba merenungkan sedikit isi vidio ini😂,3 hours ago,,,,2
https://www.youtube.com/watch?v=r1DSH9AQXLU,Ugz4nR7Zd64ioh3xuxd4AaABAg,Youtube,@niemm3138,Dari dulu saya kaga pernah ngefans ama ni org. Tapi baru sekarang kek jijik aja gitu ama jahatnya isi otaknya. Trnyata ilmu tanpa adab memang parah sih.,3 hours ago,,,,0
https://www.youtube.com/watch?v=r1DSH9AQXLU,Ugy9lqoFSBWOZqX7_IF4AaABAg,Youtube,@willieagahari5589,Report aja guys sampe kena take down 😂,3 hours ago,,,,0
https://www.youtube.com/watch?v=r1DSH9AQXLU,UgxicxKkatxS9gTHXKB4AaABAg,Youtube,@lukmanarrahim1678,gak mood w,3 hours ago,,,,0
https://www.youtube.com/watch?v=r1DSH9AQXLU,UgxYcU28x4aONWZVqpN4AaABAg,Youtube,@pinktahi,"Mewakili rakyat❌
Mewakili penjabat✔",3 hours ago,,,,0
https://www.youtube.com/watch?v=r1DSH9AQXLU,Ugx36-NMte-remQaD3l4AaABAg.Aamy3J7yvlyAamyLqH1QLw,Youtube,@farouqsyahrulhuda9191,Dari koramil mana ndan,3 hours ago,,,,0
https://www.youtube.com/watch?v=r1DSH9AQXLU,Ugx36-NMte-remQaD3l4AaABAg.Aamy3J7yvlyAamyhdgmzCV,Youtube,@erikardo8547,Tinggal dimana bre,3 hours ago,,,,0
https://www.youtube.com/watch?v=r1DSH9AQXLU,UgzzbImpOpM55nQ_7LF4AaABAg,Youtube,@sobatmakan6199,"susah banget buat minta maaf maudy.. kirain byk yg kritik.. bakalan ngerti, eh malah makin so paling paling.. percuma sekolah tinggi2 tp adab ga ada.. apa lg sekolah Tinggi dibiayai negara dr hasil pajak rakyat.. tp ga ada empaty sama sekali sama rakyat.. astagfirullah,  pantes dr awal kemunculan org ini.. ga pernah suka, mgkn ini jawabannya...",4 hours ago,,,,0
https://www.youtube.com/watch?v=r1DSH9AQXLU,UgzjjQsdhPQ_7ZC0tiZ4AaABAg,Youtube,@rmdhn167,"Pain said ""Rasakan rasa sakit, pikirkan rasa sakit, terimalah rasa sakit, ketahuilah rasa sakit"" kita tidak akan mengetahui itu jika kita tidak merasakan nya dan memahaminya . Mungkin bagi sebagian orang itu hanyalah berita namun bagi orang yang terdampak yang ada dalam berita itu mereka merasakan ya langsung :v",4 hours ago,,,,0
https://www.youtube.com/watch?v=r1DSH9AQXLU,UgzLiiP3BcWTDbKBFhh4AaABAg,Youtube,@aring4739,"Alright, Mrs. Mindfulness.",4 hours ago,,,,0
https://www.youtube.com/watch?v=r1DSH9AQXLU,Ugye6QXcR41Q_p8jIQB4AaABAg,Youtube,@rikicandraa4612,Aowkwowkwok mampus lu di goreng goreng,4 hours ago,,,,0
https://www.youtube.com/watch?v=r1DSH9AQXLU,UgxpoZ3qyp5kguvKr8R4AaABAg,Youtube,@Ruhadim,"Pantes disuruh diem sama bad news, lu aja pendukung wowok aowkwk",4 hours ago,,,,0
https://www.youtube.com/watch?v=r1DSH9AQXLU,UgyATGJaf3JMhngvkQd4AaABAg,Youtube,@lha_zao,"banyak2 bersyukur dan empati mba 🙏🏻
kita uda lulus sekolah mba, pada praktik nya di lapangan belum tentu semua sejalan dengan buku mba. be relevan",4 hours ago,,,,0
https://www.youtube.com/watch?v=r1DSH9AQXLU,UgwsB3c7MknCIMenpft4AaABAg,Youtube,@ranindyanesaa,apus maudy gue malu dengernya.,4 hours ago,,,,0
https://www.youtube.com/watch?v=r1DSH9AQXLU,Ugzl8jb-ZGLqRukxZFR4AaABAg,Youtube,@jengkolgoreng.gaming,"Akhirnya muncul sisi sebenarnya, seorang perempuan lulusan Oxford-Stanford yang menderita NPD tingkat kronis.",4 hours ago,,,,0
https://www.youtube.com/watch?v=r1DSH9AQXLU,Ugwza0bHz90gAdMvqVl4AaABAg,Youtube,@LagFather_LagSon,"When you think you smart
Tapi fakta nya anda adalah ""Katak di dalam tempurung""",4 hours ago,,,,0
https://www.youtube.com/watch?v=r1DSH9AQXLU,Ugw3JMvOulrPnLwXiEV4AaABAg,Youtube,@diksgusion4309,"Dia bener kalo soal harus memilih sumber informasi yang bener.
Tapi gua gak suka gaya legowo lu menanggapi semua yg terjadi sekarang. Tai",4 hours ago,,,,0
https://www.youtube.com/watch?v=r1DSH9AQXLU,UgyyyU7gD63aPEnj7MB4AaABAg,Youtube,@adis2804,"Hass avocado,cottage cheese,telur omega,multi grain bread… dia tuh ibarat makan enak depan org laper sambil bilang “sabar ya”😭🤏🏻🤏🏻🤏🏻",4 hours ago,,,,1
https://www.youtube.com/watch?v=r1DSH9AQXLU,UgyRPR7Rd489PTULqq54AaABAg,Youtube,@UunKurniasih-w7w,"Lu kalo budek jangan ngajak"" orang lain buat ikut budek kaya lo",4 hours ago,,,,0
https://www.youtube.com/watch?v=r1DSH9AQXLU,Ugw8drTkNcRU_o3cIBJ4AaABAg,Youtube,@dhnis,apa gw aja yg gapaham maksud videonya:face-pink-tears: karna bahsnya campur2 kurang konek,4 hours ago,,,,0
https://www.youtube.com/watch?v=r1DSH9AQXLU,UgyENrvoFbCsryFXztV4AaABAg,Youtube,@Elgato-u6p,Ibarat revolusi prancis  kakak adalah marrie Antonette yg bilang  makan kue aja sementara rakyat prancis  menderita ditindas kerajaan,4 hours ago,,,,0
https://www.youtube.com/watch?v=r1DSH9AQXLU,Ugxq0jv_B_IREpdrUB14AaABAg,Youtube,@braga3470,"Tuan putri coba 3-4 hari aja nginep di Kalimantan, di daerah mana aja, di kota mana aja. Rasain sendiri, lihat sendiri. Bad news itu memang membuat capek liatnya, tapi bad news sangat dibutuhkan bagi daerah yg jadi objeknya, karna memang membutuhkan bantuan dan meminta pemerintah anomali ini, mau daerah atau pusat bekerja dengan serius !!!  Mohon maaf bad news dari tempat kami membuat tuan putri menjadi bad mood atau capek liatnya. Semoga tuan putri gak mengalamin hal sama dengan yg kami alami.",4 hours ago (edited),,,,2
https://www.youtube.com/watch?v=r1DSH9AQXLU,Ugztz8-zcM2MACvv3994AaABAg,Youtube,@aseumodii,"""He does not listen to bad news 🥀""
- Who Killed Captain Alex (2010)",4 hours ago,,,,0
https://www.youtube.com/watch?v=r1DSH9AQXLU,Ugx5c58OllYCZ7Ws0lV4AaABAg,Youtube,@Elgato-u6p,Let them eat the cake Ahh moment 🥀,4 hours ago,,,,0
https://www.youtube.com/watch?v=r1DSH9AQXLU,UgzSK9vQCxATFToCx1J4AaABAg,Youtube,@InsapPutra,"terlalu mindfull dan stoic, sampe lupa tanggungjawab sebagai awardee LPDP, Public Figure dan Influencer. Seharusnya sosok seperti anda ga bisa cuma diam, bahkan menghindar. Ada tanggung jawab dari apa yang anda nikmati saat ini. Nirempati 😢",4 hours ago,,,,0
https://www.youtube.com/watch?v=r1DSH9AQXLU,UgwBe07vbttTwUu-JJ14AaABAg,Youtube,@alickaabysar4453,Simpelnya mbanya kurang peka,4 hours ago (edited),,,,0
https://www.youtube.com/watch?v=r1DSH9AQXLU,Ugwv5v1-uziLfyYmpxV4AaABAg,Youtube,@Atho251,Support for you maudy,4 hours ago,,,,0
https://www.youtube.com/watch?v=r1DSH9AQXLU,Ugwz93RjGuc4eCUwCz94AaABAg,Youtube,@zittoxr6340,iya iya 😅 we just poor people for you maudy.,4 hours ago,,,,0
https://www.youtube.com/watch?v=r1DSH9AQXLU,Ugwfp139cN0wF9FHWsV4AaABAg,Youtube,@zittoxr6340,iya iya 😅 we just poor people for you maudy.,4 hours ago,,,,0
https://www.youtube.com/watch?v=r1DSH9AQXLU,UgykkIU-5PerYZk9yQR4AaABAg,Youtube,@zittoxr6340,iya iya 😅 we just poor people for you maudy.,4 hours ago,,,,0
https://www.youtube.com/watch?v=r1DSH9AQXLU,UgwbR3cB2WqQ42LEgw94AaABAg,Youtube,@zittoxr6340,iya iya 😅 we just poor people for you maudy.,4 hours ago,,,,0
https://www.youtube.com/watch?v=r1DSH9AQXLU,UgxxbOVZb-GFX4B6lEd4AaABAg,Youtube,@abelamirano1708,"Apapun intinya inilah konsekuensi yg pantas kamu dapatkan soo dengarkan,hadapi dan rasakan😂",4 hours ago,,,,0
https://www.youtube.com/watch?v=r1DSH9AQXLU,Ugw2Mfny9wQ6rIrpZIp4AaABAg,Youtube,@andikasinatra6494,tololnyooo😂😂,4 hours ago,,,,0
https://www.youtube.com/watch?v=r1DSH9AQXLU,UgxG0WnecOn6rWuem6t4AaABAg,Youtube,@RizkaMaulida-e6i,"Aku baru Tiba disini, ga tau intinyaa, yg ku dgr dia lagi show se inggris apaa dia, intinyaa ga ngerti apaa",4 hours ago,,,,0
https://www.youtube.com/watch?v=r1DSH9AQXLU,Ugx4xXkcbJtU70_5kdx4AaABAg,Youtube,@bananamilk3334,"aku juga mau makan itu:( makan telur aja udah bersyukur tau kak. disini aku juga lagi menempuh pendidikan, berusaha buat dapet kehidupan yang lebih layak. tapi memang privilage tuh se ngaruh itu untuk memudahkan usaha. kok kamu ga buka mata sii, ngomong dari satu prespektif doang",4 hours ago,,,,0
https://www.youtube.com/watch?v=r1DSH9AQXLU,Ugy8h6F7wcv_b4PbQCB4AaABAg,Youtube,@muhammadiqbals6710,"Nonton sampai selesai tetap mines sih wkwkw kirain cuman bed news klw Mody blunder, mindfulness aku Ampe goyah nontonnya😂",4 hours ago,,,,0
https://www.youtube.com/watch?v=r1DSH9AQXLU,UgxsIryRW5vkCMmb4g94AaABAg,Youtube,@NIHILITY-13,"Enak banget ya punya banyak duit kaya lu, realitas kehidupan kita sehari-hari bisa dianggap berita buruk saja",4 hours ago,,,,0
https://www.youtube.com/watch?v=r1DSH9AQXLU,UgzVpsrs4SWz1ZZOAwB4AaABAg,Youtube,@gphradityo,Kok tambah cantik sih Maudy 😍,4 hours ago,,,,0
https://www.youtube.com/watch?v=r1DSH9AQXLU,Ugy2HPhLFZn5zI6frll4AaABAg,Youtube,@erfanialestari5533,Balikin gk pajakkk kuuuuuuuu mending buat bayar kuliah kuuu dehhh ini aku lagii kuliah + kerja loh yaaa 😭😭😭 gk minta sana sini malahhh kmu kenapaaa kyk giniii sedih banget deh akuuuu,4 hours ago (edited),,,,0
https://www.youtube.com/watch?v=r1DSH9AQXLU,UgyaBQmxtSBATVUidV54AaABAg,Youtube,@RosdiFaeliaa,Benerrr2 kentall TONEDEAF ny kmu inii smoga suatu hri nnti kmu bakaaln ngerasaaa the badnews ituu . aaminnn hidup itu seperti roda . gak selamanya kamu punya privillege gini . ga selamanya kmu kaya ! smoga TUHAN mngamnil segalaa nikmat yg kamu ada suatu hri nnti ! badnews huh heyy itu ada penderitaaan dan realita kehidupan some people here in Indonesia!!!!!,4 hours ago,,,,0
https://www.youtube.com/watch?v=r1DSH9AQXLU,Ugyfk20GkUeoOLYd33l4AaABAg,Youtube,@my_cutypie4,Please do something with your narcistic personality disorder maudy. Semua yang terjadi di dunia ini bukan tentang kamu aja. Learn to be a human by having emphaty. We all know your ambitious and ignorance,4 hours ago,,,,0
https://www.youtube.com/watch?v=r1DSH9AQXLU,Ugz3MwjrTPd88doIDyB4AaABAg,Youtube,@arianparwinpunez1774,"Minimal punya empati di, berak sekebon lo ngomong panjang lebar buat apatis ke berita buruk di tengah kondisi lo yg udah bergelimang harta, lo ga tau kita2 yg ngerasain langsung hal buruk itu susahnya kek gimana. Lo tu influencer di dan lo itu lulusan kampus ternama dunia, minimal pikiran dan hati lo dipake dulu kalo mau ngomong isu sensitif yg emang lg dirasakan semua warga",4 hours ago,,,,0
https://www.youtube.com/watch?v=r1DSH9AQXLU,Ugw47YgPGl40KuwFni54AaABAg,Youtube,@r.janisss,"Dear @maudyayunda, kalau kamu ""cuma artis biasa"" yang nggak pernah sekolah serius, saya bisa maklum dengan konten “Mindfulness in the Age of Bad News” mu yang dihujat netizen se-Konoha Raya itu. Tapi, kamu adalah alumni Philosophy, Politics and Economics (PPE) Oxford, jurusan yang paling banyak mencetak para Policy Makers di UK termasuk 5 orang PM. Kamu mereduksi persoalan BAD POLICY menjadi sekedar persoalan BAD NEWS, itu adalah kedunguan tingkat dewa untuk standar alumni PPE Oxford.￼ PPE Oxford mengajarkan kamu menjadi Active Citizens yang menjalankan tanggung jawab sipil untuk mengawasi kekuasaan, bersuara, dan mendesak perbaikan kebijakan. Konten unfaedahmu itu justru mengajak publik jadi konsumen pasif. Kamu mem-frame warga sebagai sekadar ""konsumen berita yang kelelahan"". Kamu melucuti peran krusial publik dlm demokrasi. Kesadaran politik warga (political consciousness) kamu reduksi, kamu ganti dengan apatisme yang dikemas secara estetis dengan istilah mindfulness. Instead of mengkritik sistem yang menciptakan stres sosial secara masif, solusi ala kamu, Maudy Ayunda, alumni PPE Oxford, justru membebankan persoalan kembali kepada individu: ""Anda-anda semua dong yang harus pintar-pintar meditasi, membatasi screen time, dan menjaga kesehatan mental."" Ketika seorang figur publik dengan total > 24 juta followers di berbagai platform malah melemparkan konten yang mendorong apatisme publik, maka cuma ada dua kemungkinan ekstrem yang tersisa. Kemungkinan pertama, kamu memang naturally stupid. Gelar mentereng dari institusi sekelas Oxford dan Stanford hanya kamu serap sebagai trophy kultural dan pemoles reputasi, tanpa diimbangi kemampuan bernalar kritis yang teruji saat dihadapkan pada realitas empiris warga Konoha Raya. Kemungkinan kedua, kamu memang naturally jahat. Kamu sengaja mengalihkan perhatian publik dari sumber penderitaan (kebijakan rezim korup) ke respons personal (detoks digital). Kamu sengaja melakukan pemandulan gerakan sipil. Dengan pengaruh besarmu, kamu sengaja menyuntikkan ""bius"" berupa istilah-istilah self-help modern agar warga Konoha Raya tetap tenang, tidak marah, dan tidak menuntut akuntabilitas di saat ruang-ruang publik sedang digerus. Credit:buitenzorgy❤",4 hours ago,,,,3
https://www.youtube.com/watch?v=r1DSH9AQXLU,Ugy31zhkbE7e5csvJg94AaABAg,Youtube,@RosdiFaeliaa,"semoga dkedepan nya kamu jadi org yg lebih berempati . g ada gunanya jdi cantik , skolah tinggi2 tpi empati towards sesama manusia aja kmu g ada . kamu label nya badnews but dont you know its Someones REALITY !!!",4 hours ago,,,,0
https://www.youtube.com/watch?v=r1DSH9AQXLU,UgzFOIlcZo3c4A7iZEd4AaABAg,Youtube,@chelseynathania1213,"Aku pernah blg ke anak gadisku...jgn cm pinter scr akademis doang,tp attitude jg penting...lbh baik bodo tp attitude bagus krn nilai bs didpt dgn belajar....dan sll bersyukur dgn apapun yg km dpt hr ini...belajar empati sm org2 yg ga bs kyk km skrg ini..",4 hours ago,,,,0
https://www.youtube.com/watch?v=r1DSH9AQXLU,UgxvyftMM8gOJgWc8Ml4AaABAg,Youtube,@RosdiFaeliaa,kamu emg Blunder dan sebodoh itu yaaah ???????,4 hours ago,,,,0
https://www.youtube.com/watch?v=r1DSH9AQXLU,UgxaFf5NYPoRvXlf0I94AaABAg,Youtube,@10.umarriza35,"“Orang yang belum pernah merasakan penderitaan yang sebenarnya, tidak akan pernah mengerti apa itu kedamaian yang sebenarnya.”
- Pain -",4 hours ago,,,,0
https://www.youtube.com/watch?v=r1DSH9AQXLU,Ugxq0jv_B_IREpdrUB14AaABAg.AamtxGmbXYVAamwVutUpwN,Youtube,@bananamilk3334,"ngapain dipanggil tuan putri ka.. aku tau ini cuma sarkas, tp aku ga ikhlas dia dipanggil putri😓",4 hours ago,,,,0
https://www.youtube.com/watch?v=r1DSH9AQXLU,Ugxq0jv_B_IREpdrUB14AaABAg.AamtxGmbXYVAamyWe-inPK,Youtube,@braga3470,"​ @bananamilk3334  haha gak apa, kita gak perlu marah"" mengkritiknya. hanya meminta dia merasakan sendiri gimana menjadi bagian dari bad news yg dia keluhkan.",3 hours ago,,,,0
https://www.youtube.com/watch?v=r1DSH9AQXLU,UgyyyU7gD63aPEnj7MB4AaABAg.AamuX2m6I2MAan2JsOMr8O,Youtube,@MR.FUSERBLACKWITH,BACOT LO BUZZER,3 hours ago,,,,0
https://www.youtube.com/watch?v=r1DSH9AQXLU,UgzRVxaBi75ihzqGN9d4AaABAg.Aan7l7f8baaAan9lfB3tHW,Youtube,@oistertain,Bahkan orang yg kena anxiety/kecemasan itu disarankan sama psikiater buat ngejauhin berita2 buruk,1 hour ago,,,,0
https://www.youtube.com/watch?v=r1DSH9AQXLU,UgyTJ7JEp2QA16JYg694AaABAg,Youtube,@aldimulyana9305,"Apa guna punya ilmu, kalau hanya untuk mengibuli. Apa guna banyak baca buku, kalau mulut kau bungkam melulu. Wiji Thukul",4 hours ago,,,,0
https://www.youtube.com/watch?v=r1DSH9AQXLU,UgwIoV4sHl1aOgW5gJR4AaABAg,Youtube,@aldimulyana9305,"Apa guna punya ilmu, kalau hanya untuk mengibuli. Apa guna banyak baca buku, kalau mulut kau bungkam melulu. Wiji Thukul",4 hours ago,,,,0
https://www.youtube.com/watch?v=r1DSH9AQXLU,UgxWXKYV7VPahEtHZZN4AaABAg,Youtube,@suprihatini-x9k,"Kau tidak akan pernah tahu arti rasa sakit jika kau tidak pernah merasakan penderitaan yang sama.""",5 hours ago,,,,0
https://www.youtube.com/watch?v=r1DSH9AQXLU,UgzEp9Xcyo-UzWtUAVN4AaABAg,Youtube,@iranormapertiwi767,Laporin aja teman2 Video dan YT nyaa,5 hours ago,,,,0
https://www.youtube.com/watch?v=r1DSH9AQXLU,UgybP38IAdNh3V8FGHd4AaABAg,Youtube,@ridocumentary,Mindfulness can help us survive bad news. But what happens when mindfulness becomes a way of making ourselves comfortable with things that should make us uncomfortable?,5 hours ago,,,,0
https://www.youtube.com/watch?v=r1DSH9AQXLU,Ugwib1eHBeFmM2zJU-54AaABAg,Youtube,@ohyyy-s7j,bukan hear bad news doang nyoya tapi kita yang ngerasain langsung yang kau sebut bad news itu hadehhh gini amat pemikiran dan omongan manusia berpendidikan tinggi,5 hours ago,,,,0
https://www.youtube.com/watch?v=r1DSH9AQXLU,UgxWihT_t-i2jiQnQxl4AaABAg,Youtube,@marligo15,"Background kitchen set mahal dan makan 3 telur omega utk diri sndiri loh yaaaa. Malah ngmongin tentang bad reality kita katanya cuman badnews. Model kek gini ada kecoa jg teriak"" malah kita disuruh melupakan bencana yg kita alami. Hasil 3 telur omega bikin tmbh goblok",5 hours ago,,,,0
https://www.youtube.com/watch?v=r1DSH9AQXLU,UgwR58B7I5_z8Z4wzWp4AaABAg,Youtube,@annepanggabean9747,"What we need in this age of bad news is encouragement. It is almost impossible to completely filter what we see and hear because we live in a world where information is always at our fingertips. And the truth is, this world does not seem to be getting any better.

So we have to train ourselves to be brave and learn how to protect our sanity. Sometimes that means doing what we know we are supposed to do, even when the outcome is not exactly what we expected. At least we can move forward knowing that we did not stay silent, ignore what was happening, or become tone-deaf to the needs around us.

We may not be able to control the world or the outcome, but we can control how we respond—with courage, wisdom, compassion, and faith.",5 hours ago,,,,0
https://www.youtube.com/watch?v=r1DSH9AQXLU,UgzW1rXj-w_bhQOsPY54AaABAg,Youtube,@rikyrafiansyah25,moment nya sangat tidak pas di saat bangsa sedang carut marut,5 hours ago,,,,0
https://www.youtube.com/watch?v=r1DSH9AQXLU,UgxqKDhfIbPkZOA-mZR4AaABAg,Youtube,@oliviajalanbebas,saya tinggal di kalbar. sesak,5 hours ago,,,,0
https://www.youtube.com/watch?v=r1DSH9AQXLU,UgxtNH0Ov22ztZYKavB4AaABAg,Youtube,@slimshady7019,Ah berisik lu,5 hours ago,,,,0
https://www.youtube.com/watch?v=r1DSH9AQXLU,Ugx3r1AAD980lBsfwt54AaABAg,Youtube,@NexusKing-m3h,"Gelar doang S2, empati gada🫢",5 hours ago,,,,0
https://www.youtube.com/watch?v=r1DSH9AQXLU,Ugy3zhMu9f5JnBkyK6p4AaABAg,Youtube,@ekokaton923,"""You never really understand a person until you consider things from his point of view... until you climb into his skin and walk around in it.""

from To Kill a Mockingbird - Harper Lee.",5 hours ago,,,,0
https://www.youtube.com/watch?v=r1DSH9AQXLU,UgyOOKZvKSpR4ICy4054AaABAg,Youtube,@Jaemt999,we cant relate on this shit gang...,5 hours ago,,,,0
https://www.youtube.com/watch?v=r1DSH9AQXLU,UgySd_IznBEVbrOlR_l4AaABAg,Youtube,@TheLittleGhani,sorry if our suffered being ur bad news,5 hours ago,,,,0
https://www.youtube.com/watch?v=r1DSH9AQXLU,UgzLe48rktLCsSOHt714AaABAg,Youtube,@RahmadIllahi-w2i,"Buat apa dipikirin mbak ,nggak ngaruh juga sama hidup lu",5 hours ago,,,,0
https://www.youtube.com/watch?v=r1DSH9AQXLU,Ugy1IHifSCzQtVm8R5V4AaABAg,Youtube,@subhangmply,Nyimak,5 hours ago,,,,0
https://www.youtube.com/watch?v=r1DSH9AQXLU,UgytwPji1k6LRTiVYpt4AaABAg,Youtube,@vinarahmanda2944,"Target lu siapa si maudy? Kalau buat sesama kaum lu si cocok , gk ada empati. Tp kalau buat rakyt indonesia dan korban yg merasakan, lu salah , jgn lg kasih nasehat kalau memng lu gk pernh ikut merasakan atau terjun ke lapangan, ini hal sensitif rakyt indonesia sudh cape dr para pejabt dn pemerinth yg bobrok, ditmbh nasehat ini😂 , stress lama2.
Penampilan postif, gk menjamin sisi yg lain",5 hours ago,,,,0
https://www.youtube.com/watch?v=r1DSH9AQXLU,UgxvajcVa8sNqRb7Bil4AaABAg,Youtube,@baron5546,Mba Maudy harus dikasi tau gimana rasanya kena musibah.,5 hours ago,,,,0
https://www.youtube.com/watch?v=r1DSH9AQXLU,UgzD37EJIlf3D6w7z9Z4AaABAg,Youtube,@mystorymakers1811,"Sungguh bulshit lah semua omong kosong on this video,u talk about this and that with nice theory and mindset 😜😜 hey girl I'm telling u, u will never know what kind of shit life this ppl had in all of your comment section comment karna ya,logika mu hanya sebatas BLA BLA BLA??? It's  so fucking ridiculous u memakai konsep pemikiran org have utk dipatenkan pada problem org Indonesia 😅😅😅😅😅Im so speechless even u are from Oxford but your mindset was so 💩💩💩💩",5 hours ago,,,,0
https://www.youtube.com/watch?v=r1DSH9AQXLU,Ugw47YgPGl40KuwFni54AaABAg.Aamqqo1uunBAamrXleuk89,Youtube,@r.janisss,"Sama seperti kamu Maudy, saya juga pernah menjadi penerima beasiswa Negara. Studi PhD saya di University of Sydney dibiayai dari APBN di zaman rezim SBY. Sebagai pembayar pajak yang duitnya sebagian dipakai LPDP untuk membiayai beasiswa kamu, maka warga Konoha Raya berhak marah atas konten Bad News kamu. Warga bukan sekadar ""penonton yang kecewa"" atas konten jahat kamu. Warga adalah pemilik saham sosial yang sah atas narasi dan kontribusi seorang awardee beasiswa seperti kita. Uang LPDP bukan uang “penguasa” Konoha Raya. Uang itu berasal dr Dana Abadi Pendidikan yg dihimpun dr pajak rakyat—mulai dr PPh pekerja, PPN belanjaan ibu rumah tangga di pasar, hingga pajak usaha kecil. Maka, wahai para penerima beasiswa publik: KITA tdk punya hutang budi pd penguasa. KITA justru berhutang budi pd rakyat. Sikap menghamba pd rezim korup atau membius daya kritis warga demi amannya posisi pribadi adalah pengkhianatan atas investasi rakyat pd studi mahal yg kita jalankan di LN.￼ Loyalitas tertinggi kita para awardee beasiswa publik adalah pada kebenaran dan rakyat, bukan pada pejabat atau rezim yang sedang memegang stempel kekuasaan. Maka, ketika kamu, artis sekaligus awardee LPDP, menggunakan platform masif kamu untuk membius masyarakat dengan narasi pasif ""kurangi baca berita, jaga ketenangan batin"", kamu tidak hanya gagal memberikan kemaslahatan, tetapi kamu malah memanfaatkan kapasitas intelektual hasil investasi publik untuk menidurkan kesadaran publik itu sendiri.￼ Credit : buitenzorgy🔥",4 hours ago (edited),,,,0
https://www.youtube.com/watch?v=r1DSH9AQXLU,Ugw47YgPGl40KuwFni54AaABAg.Aamqqo1uunBAamsSq5ijNW,Youtube,@bananamilk3334,bagus bgt ka komentarnya,4 hours ago,,,,0
https://www.youtube.com/watch?v=r1DSH9AQXLU,Ugw47YgPGl40KuwFni54AaABAg.Aamqqo1uunBAamso-t6vRn,Youtube,@r.janisss," @bananamilk3334 tulisan akun buitenzorgy di threads ka, MasyaAllah mewakili rakyat dengan ilmunya 🥹❤️",4 hours ago,,,,0
https://www.youtube.com/watch?v=r1DSH9AQXLU,Ugx7WUFt0wSuvSwDVtd4AaABAg,Youtube,@BeamssBoom,U really have a unique way of making all this things in this situation more more more worse 💩,5 hours ago,,,,0
https://www.youtube.com/watch?v=r1DSH9AQXLU,UgxXKzx4a3yf7bxFpYV4AaABAg,Youtube,@awaaa-awaaa,"coba kalo sudut pandangnya dilihat dr orang yg memang terdampak, boro2 mikirin ""mindfulness"" kak, yg ada mikirin how to survive untuk 1 hari kedepan... km jahat sih kak",5 hours ago,,,,0
https://www.youtube.com/watch?v=r1DSH9AQXLU,UgxXd9Agg-shjrZdgXd4AaABAg,Youtube,@cheesetoffu4186,"If our suffering is something negative to you, then don't blame us if we lose respect for you. The difference between humans and animals is empathy. If a human being has none of it... ah, never mind. May God bless you.",5 hours ago,,,,0
https://www.youtube.com/watch?v=r1DSH9AQXLU,UgwcXl_uktvw-UwY-RJ4AaABAg,Youtube,@sabinaghaliyad,tone deaf finalboss😂😂😂,5 hours ago,,,,0
https://www.youtube.com/watch?v=r1DSH9AQXLU,Ugxe5FmS9ZMvLu12MYB4AaABAg,Youtube,@jjkhhjiuy,Kmu juga ba produk2 pro israel kan?,5 hours ago,,,,0
https://www.youtube.com/watch?v=r1DSH9AQXLU,Ugw5Lc8VsiNTMkO7W7F4AaABAg,Youtube,@titimasyifa3266,"Hidupmu sempurna, tp hati mu CACAT maudy..",5 hours ago,,,,0
https://www.youtube.com/watch?v=r1DSH9AQXLU,UgxsGEJ0PL-17V0LAVx4AaABAg,Youtube,@farrelbena9998,SHAME ON YOU,5 hours ago,,,,0
https://www.youtube.com/watch?v=r1DSH9AQXLU,UgxJk7xzrFfJedtTk5R4AaABAg,Youtube,@nonifamily_2026,Oooo,5 hours ago,,,,0
https://www.youtube.com/watch?v=r1DSH9AQXLU,UgyDRSjHTrZ8fdXkGE54AaABAg,Youtube,@woifahmi,taking care of urself isn't selfish..it's the only way u can truly be strong enough to help the people around,5 hours ago,,,,0
https://www.youtube.com/watch?v=r1DSH9AQXLU,UgzpkcqCx2CCwFks4qp4AaABAg,Youtube,@yukceritaaaa,"intinya, kakak ini pasti berpendidikan dan tentunya kuliah jugak. nah manfaatkan ilmu dari sekolah tingginya. kesalahannya dimana? tidak ada batasan masalah. kalau sekedar bad news soal band yang viral, selingkuh seleb dll itu oke masuk akal. NAMUN, soal kemanusiaan, soal pemerintahan yang menyangkut BANYAK sekali masalah, itu gabisa dipukul rata, apalagi soal kemanusiaan, DAN juga kamu bisa dibilang BUKAN SALAH SATU KORBAN bencana dan lain lain. JADI TIDAK TEPAT BERBICARANYA SEPERTI INI.",5 hours ago,,,,0
https://www.youtube.com/watch?v=r1DSH9AQXLU,Ugzjs8d2oW05nV_f8yR4AaABAg,Youtube,@awaaa-awaaa,"situasi kita lg kaya gini loh? bad news yg dimaksud adalah our reality? itu ga respect bgt sih, dan siapa si yg mau ""bad news"" itu terjadi? yaampun kak",5 hours ago,,,,0
https://www.youtube.com/watch?v=r1DSH9AQXLU,UgyssLldugUv4n0C8Bp4AaABAg,Youtube,@defitharahmayuuw,Your bad news is someone reality btw. Semoga aja lu ngerasain apa yang banyak orang kesusahan rasain,5 hours ago,,,,0
https://www.youtube.com/watch?v=r1DSH9AQXLU,UgycPE1iKWl9aM6VwVt4AaABAg,Youtube,@mersyfitria3901,"Iya iyaa, kalian sipaling tau penderitaan orang-orang, paling peduli, sipaling menderita di dunia ini. I'M NOT HER FAN BUT I KNOW WHAT EXACTLY SHE WANTED TO SAY. Ga beruntung di nasib but at least jangan pelit sama pikiran positif. Jangan nethink mulu kata gue mah! Jadi maunya gimana? Mesti scroll semua berita bencana dicerna semua terus nyalahin pemerintah 24/7 atau mau nangis terus kasian inii kasian itu? Bersimpati boleh tapi utamain diri sendiri dulu. Kebanyakan konsumsi berita buruk bakal bikin kamu burnout lama-lama. Minimal aksi bukan cuma sekedar komen or scroll all the bad news!! Dia cuma mau nyampein itu loh kenapa bisa digiring ke hal-hal yg buruk. Apa kita sebodoh itu untuk bisa mencerna ucapan manusia?",5 hours ago,,,,0
https://www.youtube.com/watch?v=r1DSH9AQXLU,UgwBYbSQYvcnb3tLd3N4AaABAg,Youtube,@syibad8616,"Saat ini semua masyarakat hanya berduka, masukan masukan seperti yang anda jelaskan ga bisa relate sama orang yang terdampak langsung. Apakah bisa dibenarkan bagi anda seorang publik figur, bereaksi terhadap berita buruk yang menimpa saudara setanah air dengan cara makan, santai dan sambil mengunyah. Sedangkan mereka yang terdampak langsung ada yang kelaparan, sakit sakitan, jangankan bersantai istirahat pun mungkin kesulitan. Mending diam sekalian dibanding bereaksi seolah semua bad news itu hal biasa bagi anda dan bisa di skip.",5 hours ago,,,,0
https://www.youtube.com/watch?v=r1DSH9AQXLU,Ugx28HsBKrMSXI1qCDd4AaABAg,Youtube,@IrulGan-s5h,"udah kaya dari lahir, kuliah luar negri pake LPDP pajak rakyat . udh sarjana bukan berguna buat negara. tapi malah menyakiti hati org yg kena musibah.. kata2 balesan Lo cuma berati buat sesama orang kaya. bukan kami orang miskin..",5 hours ago,,,,0
https://www.youtube.com/watch?v=r1DSH9AQXLU,UgxbRKu0ySopiS7N8BZ4AaABAg,Youtube,@masihhsamaaa,ini bukti bahwasanya dia tinggi bngt dah,5 hours ago,,,,0
https://www.youtube.com/watch?v=r1DSH9AQXLU,UgzjiJEqr7yGILkNdJd4AaABAg,Youtube,@jjkhhjiuy,Kamu pikir bisa menganggap asap yg dihadapi ini sekedar bad news? This is bad reality,5 hours ago,,,,0
https://www.youtube.com/watch?v=r1DSH9AQXLU,Ugw1hL3mgHYbq91hBUF4AaABAg,Youtube,@ShanayaSilviaEleanor,"aku mau ngajarin anak aku, dapet beasiswa sekolah keluar negri dari pajak rakyat itu kita harus ""tau diri""  dan, jangan ngajarin ikan berenang.",5 hours ago,,,,0
https://www.youtube.com/watch?v=r1DSH9AQXLU,UgzAZ31FHQvRXheHjLN4AaABAg,Youtube,@jjkhhjiuy,"Ka maudy2, ngomongin mindfulness in the age of bad news di dapur ber AC, breakfast with avocado and 3 eggs. You think all people have that option you had?",5 hours ago,,,,0
https://www.youtube.com/watch?v=r1DSH9AQXLU,UgzhvR5OK0WbceOJ_xt4AaABAg,Youtube,@jajangatep6954,😂😂ngomong aja sudah Inggris gaya aja udah beda mana mungkin putri mengerti artinya susah....,5 hours ago,,,,0
https://www.youtube.com/watch?v=r1DSH9AQXLU,UgwMXSnRV0kSHbMfRQF4AaABAg,Youtube,@vincenzo2b109,orang yang ga pernah dibawah mana tau rasanya🗿🗿,5 hours ago,,,,0
https://www.youtube.com/watch?v=r1DSH9AQXLU,UgzJHDlh6yABlq0lZ894AaABAg,Youtube,@MUGHNI-y2t,Bersiaplah!,5 hours ago,,,,0
https://www.youtube.com/watch?v=r1DSH9AQXLU,Ugzk4atM6akNqM0K4ot4AaABAg,Youtube,@jetaalomani,"Main sini ke kalimantan tidurnya jangan di hotel tapi nyatu sama yg lain di camp biar empatinya ada, gw bisa paham dia nir empati ya krn sedari kecil dia udh ada privilage mana bisa dia ngerasain 100% gimana hidup susah, wajar orng gk paham struggle lu, lu aja gak bisa paham sama struggle mereka😂😂",5 hours ago (edited),,,,0
https://www.youtube.com/watch?v=r1DSH9AQXLU,UgydsZ1D9gug-t1HFl54AaABAg,Youtube,@widaddd_,no empati 💔 fak lu,5 hours ago,,,,0
https://www.youtube.com/watch?v=r1DSH9AQXLU,Ugw-l8malTCeEYzrLq14AaABAg,Youtube,@shenanigans-r8t,"lanjut aja kak, tolol emg org2",5 hours ago,,,,0
https://www.youtube.com/watch?v=r1DSH9AQXLU,UgzLO2ofWZarNog6BDh4AaABAg,Youtube,@alipp.8803,maudy tidur besok blunder lagi😹😂,5 hours ago,,,,0
https://www.youtube.com/watch?v=r1DSH9AQXLU,UgxpLPE636afyYuHmXV4AaABAg,Youtube,@gengbulu,"Dulu kalian bingung kan apa sih kekurangan dia, pinter, kaya, berbakat, nyanyi bisa, akting bisa, otak encer. Ternyata ada kekurangan dia, gak punya empati 😂",5 hours ago,,,,0
https://www.youtube.com/watch?v=r1DSH9AQXLU,Ugx7uvS3VNFQ2oFz8hd4AaABAg,Youtube,@theballjack1152,"Isi vidionya gak ada yg salah sihh buat dia Dan temen-temen sekelilingnya, tpi bukan buat halayak ramai Karna reaksi nya jelas kontras sekali..",5 hours ago,,,,0
https://www.youtube.com/watch?v=r1DSH9AQXLU,UgxyRdRSKixffQOeS-h4AaABAg,Youtube,@mariadian6830,"Mbok nganggo bahasa indonesia wae mbak,,mbangane aku salah paham!!! Sakjane omonganmu kie bener mung caramu menyampaikan kie koyo sok2 an",5 hours ago,,,,0
https://www.youtube.com/watch?v=r1DSH9AQXLU,UgyiIpkcs0STis-Q6SV4AaABAg,Youtube,@reverseworld13,Kak ini bukan living in the age of bad news tapi living in the age of bad reality sedihnya 😢,5 hours ago,,,,0
https://www.youtube.com/watch?v=r1DSH9AQXLU,UgwakA_YCSKKYW8yBGh4AaABAg,Youtube,@adryaniqbal,Kita lihat dan buktikan perkataan Maudy Ayunda ini di masa depan akan terjadi apa?,5 hours ago,,,,0
https://www.youtube.com/watch?v=r1DSH9AQXLU,Ugzs6YCjqk5MMwtqCyp4AaABAg,Youtube,@JehanIkhwan,halo bg windah,5 hours ago,,,,0
https://www.youtube.com/watch?v=r1DSH9AQXLU,Ugx_9IzjM85s4wmP-Md4AaABAg,Youtube,@radhhh,"good point but bad timing, sorry",5 hours ago,,,,0
https://www.youtube.com/watch?v=r1DSH9AQXLU,UgzXB-s-n_MhhjYQoqt4AaABAg,Youtube,@arthurmorgan9594,"Di ""goreng"" windah gorengan nya njir 😂",5 hours ago (edited),,,,0
https://www.youtube.com/watch?v=r1DSH9AQXLU,UgxY1kgrl38fNVzkpYF4AaABAg,Youtube,@AnonymSignal,"Bagaimana bisa kami mempraktikkan mindfulness untuk meredam stres, kalau yang kami hadapi setiap hari bukan sekadar 'bad news' di layar, melainkan bad reality berupa himpitan ekonomi yang hidup dan bernyawa? -_-",5 hours ago,,,,0
https://www.youtube.com/watch?v=r1DSH9AQXLU,UgwSftv3OHU0otd5KoV4AaABAg,Youtube,@TetukoAndre,Mengecewakan,5 hours ago,,,,0
https://www.youtube.com/watch?v=r1DSH9AQXLU,Ugzad60hj35HzZI6mSt4AaABAg,Youtube,@BOREASINTHISAREA,"Hidup nyaman nyaman aja yaa gini hasilnya , gaush yaa ngurusin hal hal kaya gini tau apa lo soal penderitaan orang orang mending diam aja !",5 hours ago,,,,0
https://www.youtube.com/watch?v=r1DSH9AQXLU,UgygAP7nK2A0K7_xuYl4AaABAg,Youtube,@hazzelg3382,"Sebenernya ada juga dari kita yang menerapkan ini namun tidak kita sampaikan secara terbuka ya, hanya ke sesama yang hidupnya setara.",5 hours ago,,,,0
https://www.youtube.com/watch?v=r1DSH9AQXLU,Ugz0b-1ghz0qJHosSX94AaABAg,Youtube,@sagigangs,"Ternyata benar kata2 artikel, buku-buku, dokter, psikolog, atau ahli lainnya. Jikalau kita punya anak yang jenius, cerdas, atau pintar, selain kita mengasah kemampuan otaknya dari kecil, kita juga tidak boleh melewatkan satu hal penting yang harus diajarkan, yaitu EMPATI.",5 hours ago,,,,0
https://www.youtube.com/watch?v=r1DSH9AQXLU,UgwoPCNcvoykBIB4GJZ4AaABAg,Youtube,@captainzeff,merinding co baca komen2nya 😨,5 hours ago,,,,0
https://www.youtube.com/watch?v=r1DSH9AQXLU,UgypjJokucZyK8r2kv14AaABAg,Youtube,@nvrfaizah,"Guys, she actually said di menit ke 7:35 kalo mindfulness yang dia bicarakan di sini bukan ajakan untuk menutup mata ""in this age of bad news"". Kalo pun she never mentioned it, kita bisa ambil kalo mindfulness ini artinya kesadaran. In my opinion ga bagus juga kalo yang diterima oleh pikiran kita hanya berita buruk. buat beasiswa LPDP yang disebut-sebut dari pajak rakyat, dia juga termasuk rakyat Indonesia kan? it's her own fucking right guys, ga logis kalo kalian menyalahkan sesuatu yang jelas-jelas emang hak dia. Maaf sebelumnya, correct me if im wrong ya. Interested to hear your thoughts, you can drop your opinion.",5 hours ago,,,,1
https://www.youtube.com/watch?v=r1DSH9AQXLU,UgyutmbHj1AUpVvsCW94AaABAg,Youtube,@Oslang,Tidak salah. Egois tapi tidak salah,5 hours ago,,,,0
https://www.youtube.com/watch?v=r1DSH9AQXLU,Ugx6Ot-kkH7Gcm7TtXV4AaABAg,Youtube,@anggunwulandari4362,"Sakit nih orang. Coba ke kalimantan barat rasakan apa yang sedang kami rasakan 
Setiap hari menghirup udara yang tidak sehat",5 hours ago,,,,0
https://www.youtube.com/watch?v=r1DSH9AQXLU,Ugza_qW75sgJ6o33yal4AaABAg,Youtube,@DAMACHIANIMATION,Main ke kalimantan kak kita mindfullness bareng2 disana,5 hours ago (edited),,,,0
https://www.youtube.com/watch?v=r1DSH9AQXLU,Ugy6YibAcNV7mMyKeaN4AaABAg,Youtube,@goddessofzoe3277,"11/12 sama bocah perintis kocak bet, ditengah kekacauan Indonesia malah bikin narasi kek gini, apa kagak dirujak seindonesia elu.",5 hours ago,,,,0
https://www.youtube.com/watch?v=r1DSH9AQXLU,UgzqtP2wCl8KbkSHGLV4AaABAg,Youtube,@kingdenoxyt4759,Gak Pernah ngerasain Bad Reality apa gimana?,5 hours ago,,,,0
https://www.youtube.com/watch?v=r1DSH9AQXLU,Ugyd-lrmN0S7DyDT47t4AaABAg,Youtube,@Yahhelulagi,She's not deserve that hate,5 hours ago,,,,0
https://www.youtube.com/watch?v=r1DSH9AQXLU,UgzKyKFY1pWND-t2h5t4AaABAg,Youtube,@GrimJoJagger,"Manusia tidak akan pernah bisa saling memahami jika tidak merasakan penderitaan yang sama

- Pain",5 hours ago,,,,0
https://www.youtube.com/watch?v=r1DSH9AQXLU,UgyIO3PnELHdMRUKCe54AaABAg,Youtube,@alinaofficial-do8tf,"Belum ditakedown. Artinya apa? Dia merasa omongan dia bener , mending dibuat meme biar kena mental 😂",5 hours ago,,,,2
https://www.youtube.com/watch?v=r1DSH9AQXLU,Ugy5_eUxQPxrkrUAzeJ4AaABAg,Youtube,@sekarhanda,kak mod……💔 why,5 hours ago,,,,0
https://www.youtube.com/watch?v=r1DSH9AQXLU,Ugw3qf4GzKVfUNHZFPN4AaABAg,Youtube,@teriyakichickenbro,tai,5 hours ago,,,,0
https://www.youtube.com/watch?v=r1DSH9AQXLU,UgwoaRqkfpwsK8BBAEd4AaABAg,Youtube,@agungyayak1077,🤮🤮🤮🤮🤮🤮🤮,5 hours ago,,,,0
https://www.youtube.com/watch?v=r1DSH9AQXLU,UgxQnKXhQq37fe-m9_F4AaABAg,Youtube,@SulistyoHandayani-t9c,Mimpi apa semalam mbak,5 hours ago,,,,0
https://www.youtube.com/watch?v=r1DSH9AQXLU,Ugy-C_Pp_49pROwCcLp4AaABAg,Youtube,@willyyeremi,"hasil LPDP nih cui, dari keringat orang2 yg bukan mendengar bad news tapi yang jadi korban terdampak bad news itu. orang mah motivasi lawan rezim, malah motivasi stoic ke orang terdampak. minimal klo tajir mah ga ambil lpdp, dah makan pajak bukannya ngebela rakyat dan lawan rezim.",5 hours ago (edited),,,,0
https://www.youtube.com/watch?v=r1DSH9AQXLU,UgykypkjtWkLLnSKo_V4AaABAg,Youtube,@MarioAgustian,BIAS 😂,5 hours ago,,,,0
https://www.youtube.com/watch?v=r1DSH9AQXLU,Ugxe5dK0kGQo9qrISiJ4AaABAg,Youtube,@thesweetesthotchocolate,ketika lu punya IQ tapi nggak punya EQ (jongkok) WAKAKAK,5 hours ago,,,,0
https://www.youtube.com/watch?v=r1DSH9AQXLU,UgyX4IeMve0yYZyvecV4AaABAg,Youtube,@sultancontong,"Jangan panggil gw teman ya, gw bayar pajak buat biayain lu kuliah lewat lpdp yang hasil nya mindfulness banget di tengah banyak bencana sana sini, lu gak tau kan rasanya antri pertalite panas-panasan. 
mulai dari diri gw sekarang, gak bakal gw beli produk apapun yang elo sebagai BA nya, film yang ada elo pemain nya, termasuk produk yg lu jual.",5 hours ago,,,,0
https://www.youtube.com/watch?v=r1DSH9AQXLU,Ugx4vL5ettSONXDICnl4AaABAg,Youtube,@TytydAyam12,"Public figure kasih opini sampah, gausah di indo mending minta negara biayain kamu sekolah lagi, diluar sana yg jauh",5 hours ago,,,,0
https://www.youtube.com/watch?v=r1DSH9AQXLU,UgwMHhn6s2tVgIiBfFd4AaABAg,Youtube,@piterdavinci.4211,"dan videonya gk dihapus sama sekali, definisi udh gk punya malu 😂",5 hours ago,,,,0
https://www.youtube.com/watch?v=r1DSH9AQXLU,UgxIAmjFS5KOniUVMnh4AaABAg,Youtube,@aboutdefaniwsyakira,"iya deh, kita minta maaf ya BAD REALITY kita jadi BAD NEWS buat kamu",5 hours ago,,,,0
https://www.youtube.com/watch?v=r1DSH9AQXLU,UgyIO3PnELHdMRUKCe54AaABAg.AamkxbZ7F11AamyouEda9V,Youtube,@silwarde,coba dong bagian mana yg salahnya sebutin menitnya dll,3 hours ago,,,,0
https://www.youtube.com/watch?v=r1DSH9AQXLU,UgyIO3PnELHdMRUKCe54AaABAg.AamkxbZ7F11Aamm_kIlbsp,Youtube,@Echliane,Boleh elaborasi salahnya dimana?,5 hours ago,,,,0
https://www.youtube.com/watch?v=r1DSH9AQXLU,UgypjJokucZyK8r2kv14AaABAg.AamlJOZ9vbIAamqF7D2bus,Youtube,@bilish01,"Kalau kondisi nya bukan karna karhutla, asap kalimantan, pemerintahan zolim, aku pribadi pasti bakal trima apa yang di omongin kak maudy, memang bener kok point utamanya adalah bagaimana caranya kita bisa membatasi berita buruk dalam kehidupan kita, tapi kita perlu tahu dulu, berita buruk yang terjadi di indonesia itu sudah sangat parah, dan mengambil sikap mindfullnes ditengah chaos nya Indonesia, itu langkah yang tidak tepat, apalagi untuk seukuran kak Maudy yang punya privilege dalam menginfluence seseorang. 

Lalu soal Hak, kenapa sih Kak Maudy dihujat tentang LPDP, ya simple aja, dia skolah tinggi based dari pajak masyarakat, which means masyarakat juga punya hak dong untuk sewaktu waktu berharap Kak Maudy bersuara mengkritisi kebijakan pemerintah saat ini?

Dengan Kak Maudy buat video ini, apalagi visual yang dibawakan ceria ala ala princes masak dengan avo with cheese & omega, secara ga langsung ngebuat presepsi masyarakat, kalo kak Maudy ini menganggap enteng kejadian nyata hanya di cap sebagai berita buruk, ya jelas lah masyarakat marah, ngehujat, dan kecewa ama kak Maudy. 

Inget, kak Maudy punya privilege dalam menginfluence orang, jadi setiap keputusan dia dalam menentukan visual video, pembawaan narasi, harus bener bener dipertanggungjawabkan oleh Kak Maudy sendiri, tapi sayang nya apa? Kak Maudy ga punya perspektif soal kondisi masyarakat, makanya dia merasa enjoy dan enteng ketika membuat konten ini",4 hours ago,,,,0
https://www.youtube.com/watch?v=r1DSH9AQXLU,UgyWJwpDnsyzJRcEOcl4AaABAg,Youtube,@jendrawr,founder gajelas bukan nya kerja malah ngereact gini kek bocah!!!!,5 hours ago,,,,0
https://www.youtube.com/watch?v=r1DSH9AQXLU,UgyYPT2Bi7e1d4LluAZ4AaABAg,Youtube,@Zee.T17,"Kak, keluarga aku kena ISPA karena kabut asap yang di Sumatera. 

So, aku ngga bisa mindfulness yg seperti kamu ceritakan.",5 hours ago,,,,0
https://www.youtube.com/watch?v=r1DSH9AQXLU,UgykmDYjw4f3o3eNxlZ4AaABAg,Youtube,@aManCalledM,"Ah, banyak komen2 bodoh disini.. Kalian kurang mendengarkan esensi apa yang sedang dia bicarakan. Dengar baik2 sejak awal narasinya dia, bulan hanya secuil2 atau sepotong2..

Intensinya dia gak bicara soal yang diperbincangkan oleh banyak orang tapi pada dasarnya netizen aja yang ingin menggiring opini seakan-akan dia nir empati. 

Kalian aja yg terlalu bodoh dan baperan trus mengaitkan apa yg dia bicarakan itu dengan sesuatu event tertentu! 

Dia cuman berkontemplasi aja dengan apa yang dia alami sendiri. Tapi kalau ternyata kalian yang baper, ya skip aja lah.. gak usah baper. Kalian2 aja yang terlalu suka cari2 kesalahan orang..

Dasar pada otak dangkal aja kalian2 aahh.. Dia bukan Superwoman kok!",5 hours ago,,,,1
https://www.youtube.com/watch?v=r1DSH9AQXLU,UgwWwdT7aSKvF7Hk9vd4AaABAg,Youtube,@itsbuher,Shame on you maudy,5 hours ago,,,,0
https://www.youtube.com/watch?v=r1DSH9AQXLU,UgzviGqe1LntMjLG89p4AaABAg,Youtube,@auliarahman6794,Ke kalimantan kaak biar bisa ngerasaiin ap yg kami rasakan jngn cmn bisa kasi edukasi saja... ingatlah asumsi akan kalah dngn tekanan fakta kenyataaann !!!,5 hours ago,,,,0
https://www.youtube.com/watch?v=r1DSH9AQXLU,UgyNKpo1vNikPkzgBIx4AaABAg,Youtube,@r.irenn_,"ngga ush di takedown kak, buat referensi mana orang yg bisa jaga perkataan dan mana yang sok speak up secara natural kebodohanmu sndiri dan termasuk yang sudah di contohkan. untuk klarifikasinya lngsung ke kalimantan aja kak, klo lewat sosmed ngga bakal dipercaya karna dianggap orang have sok iye 😹😹",5 hours ago,,,,2
https://www.youtube.com/watch?v=r1DSH9AQXLU,Ugx_659InPvQmJ6KHC54AaABAg,Youtube,@aboutdefaniwsyakira,sedih bgt our reality ternyata ganggu as a bad news ya buat orang orang ber privilege wkwk,5 hours ago,,,,1
https://www.youtube.com/watch?v=r1DSH9AQXLU,UgyH78W2MXoM3769GM54AaABAg,Youtube,@Ndarz_an,Bad news blablablabla🤪🤪🤪,5 hours ago (edited),,,,0
https://www.youtube.com/watch?v=r1DSH9AQXLU,Ugwk8OPWyTQW9plC1Wl4AaABAg,Youtube,@shiridara97,"kondisinya bukan lagi sekedar bad news, tapi bad reality.",5 hours ago,,,,0
https://www.youtube.com/watch?v=r1DSH9AQXLU,UgzK1Ck2bfM8tbhQmv94AaABAg,Youtube,@zizkaandri4265,"stress ngape dlu struggle apa dah? makan di tempat berac, rumah lu gak kenapa"" lu menghirup udara bersih. orang gak punya rasa syukur, hidup lu struggle apaan sih? pernah miskin gak kak? pernah jadi pengangguran di ekonomi yg negaranya ancur ini? even mau ikut demo pun kita gak bisa karna terlalu sibuk mencari recehan untuk makan dan menyambung hidup. lu struggle apa taik",5 hours ago,,,,0
https://www.youtube.com/watch?v=r1DSH9AQXLU,Ugx275PA8CYBiXS0El94AaABAg,Youtube,@graciasigani6154,"Main-mainlah ke Kalimantan, Kak. Bangun tidur hirup asap, mau tidur hirup asap lagi. Belum lagi ditambah bonus sering mati lampu padahal daerah pengekspor batu bara terbesar, mati air PDAM, gas LPG langka, antre BBM berjam-jam, sampai harga kebutuhan pokok yang serba naik. Kurang seru apa lagi coba?

Bagi kakak,itu mungkin hanya berita buruk. Tapi bagi kami, itu adalah kenyataan yang sedang terjadi sekarang...",6 hours ago,,,,0
https://www.youtube.com/watch?v=r1DSH9AQXLU,UgzaXBZK8sEKYX8oOWp4AaABAg,Youtube,@amaliaputri8603,"dia mikirin dirinya sendiri😢 bahkan ga ngelirik orang orang yang terkena musibah itu loh, karna bagi dia yaa mereka adalah bad news yang harus diskip😢 yang penting kesehatan mental & ketenagan hidupnya tetap terjaga.",6 hours ago (edited),,,,0
https://www.youtube.com/watch?v=r1DSH9AQXLU,Ugx-D8dR07HH07w7PTx4AaABAg,Youtube,@Nuca_zi04,OM DEDDY CORBUZIER BAWA MBAK INI KE PODCAST MU OM!!..,6 hours ago,,,,0
https://www.youtube.com/watch?v=r1DSH9AQXLU,UgwwRBT6ykAYvtJgoI94AaABAg,Youtube,@zalfasyahiraa,kebanyakan teori kak jujur,6 hours ago,,,,0
https://www.youtube.com/watch?v=r1DSH9AQXLU,UgzXLXC7TSmUsrIDZTp4AaABAg,Youtube,@NiaYıldız,HAHAHAHAHAHAHHAHAHAHAHAHHAHAHAHAHAHHAHAHAHAHAHAHHAHAHAHA,6 hours ago,,,,0
https://www.youtube.com/watch?v=r1DSH9AQXLU,Ugwz6nsIX09-RTDYlzF4AaABAg,Youtube,@RizalRizal-h4m3h,Nirempati bgt si,6 hours ago,,,,0
https://www.youtube.com/watch?v=r1DSH9AQXLU,Ugwui4ACfxBvG4WuA_x4AaABAg,Youtube,@thesweetesthotchocolate,"Aktivis pendidikan tapi tone deaf abis. Punya pengetahuan yang luas tapi pengalamannya 0 makanya isinya asal yapping, nggak pantes ngomong soal mindfulness di tengah banyaknya orang-orang yang kesusahan. Lu kuliah dari pajak masyarakat Indonesia, sadar diri.",6 hours ago,,,,0
https://www.youtube.com/watch?v=r1DSH9AQXLU,UgxVqlwueMT9MXzvq3F4AaABAg,Youtube,@DiraHellsing,Pakai beasiswa lpdp ni bosss🤓👆,6 hours ago,,,,0
https://www.youtube.com/watch?v=r1DSH9AQXLU,UgzBH5TNpZw68J4pScN4AaABAg,Youtube,@dindaayulintangpuspita7135,Suami mu ga ngajarin kamu adab kah mbak? Ngmg nya kok gtu,6 hours ago,,,,0
https://www.youtube.com/watch?v=r1DSH9AQXLU,UgwuuuGU9LxPJ0KsIc14AaABAg,Youtube,@blacksober3095,Mohon maaf kepada Maudy Ayunda kalau musibah ini sampai ke telinganya.,6 hours ago,,,,0
https://www.youtube.com/watch?v=r1DSH9AQXLU,UgykmDYjw4f3o3eNxlZ4AaABAg.AamjQApZe-dAammsFvyPCn,Youtube,@Echliane,God someone that has common sense finally,5 hours ago,,,,0
https://www.youtube.com/watch?v=r1DSH9AQXLU,UgyNKpo1vNikPkzgBIx4AaABAg.Aamj9xguOilAammvv01BR9,Youtube,@Echliane,Jelasin dong bodohnya dmn boleh?,5 hours ago,,,,0
https://www.youtube.com/watch?v=r1DSH9AQXLU,UgyNKpo1vNikPkzgBIx4AaABAg.Aamj9xguOilAamue3o7B5H,Youtube,@alessiatargaryen,"​ @Echliane  “Jelasin dong bodohnya di mana?”

Dari video, konteksnya, sampai sekian banyak komentar yang sudah menjelaskan kritiknya, lu masih nggak ngerti juga? Yang dikritik bukan sesederhana “mindfulness itu bodoh” atau “Maudy nggak boleh istirahat dari berita buruk.” Coba baca dan cerna argumennya dulu sebelum sibuk minta orang menjelaskan ulang.

Masalahnya ada pada konteks, privilege, dan bagaimana nasihat mental health itu disampaikan ketika yang disebut sebagai “bad news” bagi sebagian orang sebenarnya adalah realitas hidup mereka. Nggak semua orang punya privilege untuk sekadar log off dari sebuah krisis. Ada orang yang sedang kehilangan rumah, kesulitan mendapatkan makanan, akses kesehatan, atau bertahan hidup. Itu bukan “berita buruk” yang bisa mereka pause.

Dan kalau lu mau membela dengan “kan mindfulness artinya kesadaran”, justru kesadaran itu harus mencakup kesadaran sosial juga. Bukan cuma sadar sama kondisi mental diri sendiri.

Jadi sebelum bilang orang lain “edan”, coba pakai critical thinking lu sendiri dulu. Lucu aja ketika lu menuntut penjelasan sambil gagal memahami penjelasan yang sudah berulang kali diberikan di kolom komentar.

Jangan ngatain orang edan kalau membaca konteks aja masih tolol.",4 hours ago,,,,0
https://www.youtube.com/watch?v=r1DSH9AQXLU,Ugx_659InPvQmJ6KHC54AaABAg.Aamj9R_Gg-cAammzFuKHyk,Youtube,@Echliane,Edan gini komennya,5 hours ago,,,,0
https://www.youtube.com/watch?v=r1DSH9AQXLU,Ugy8TAkkdffvJtxNXFJ4AaABAg,Youtube,@amminalyenata3138,Mbak klo udah jelek tuh pikiran dan hati jgn jelek juga ya. Minimal pilih salah satu jgn semua2 diborong,6 hours ago,,,,0
https://www.youtube.com/watch?v=r1DSH9AQXLU,UgyY2V3YHboXJ3Ke0LN4AaABAg,Youtube,@mayatgendruwo6713,"saya merasa dia sudah minta maaf secara eksplisit di klarifikasi komen, dan dia menjelaskan dengan cerdas dan bijak.

Video nya bagus kok apalagi menit 7:30 (point soal ""mengkurasi sumber data"" lalu ""bukan menutup mata""), jadi edukasi bagus dan pinter sampeyan mbak 

Mbaknya cara komunikasinya cukup baik sih daripada yang ""ndasmu""/""nyenyenye""/""sontoloyo"" 😂😂😂",6 hours ago,,,,0
https://www.youtube.com/watch?v=r1DSH9AQXLU,UgwrR0CODyLSOmgoxtt4AaABAg,Youtube,@igas.69,"Intelligence Quotient ✅
Emotional Quotient ❌",6 hours ago,,,,0
https://www.youtube.com/watch?v=r1DSH9AQXLU,UgxA-GrRaxiNN6oYepl4AaABAg,Youtube,@hisM-c7w,mau di ayun da? mau? sini ku ayun sampe krakatau,6 hours ago,,,,0
https://www.youtube.com/watch?v=r1DSH9AQXLU,UgzFO9AqONxA01x9hIV4AaABAg,Youtube,@Dazai治,HAWK TUAHHH CUIH,6 hours ago,,,,0
https://www.youtube.com/watch?v=r1DSH9AQXLU,UgwGpCWe65jAsztKZ7Z4AaABAg,Youtube,@labibirfanudin3542,This kind of mindset that having no emphathy that making our country stuck,6 hours ago,,,,0
https://www.youtube.com/watch?v=r1DSH9AQXLU,UgzlZ9vIlM86c3JOwud4AaABAg,Youtube,@SenoEricKrueger,"It's NOT bad news, Maudy, it's REALITY.",6 hours ago,,,,0
https://www.youtube.com/watch?v=r1DSH9AQXLU,UgwYfgR31ySgXrLXTn14AaABAg,Youtube,@bryandaffesh3036,"pov saya sih dia hanya overthinker pada hal yang mungkin tidak akan terjadi dengannya, oleh karena itu dia kesampingkan, sedangkan orang lain overthinker karena memang merasakannya, dari situ sudah jelas perbedaannya",6 hours ago,,,,0
https://www.youtube.com/watch?v=r1DSH9AQXLU,Ugzkq55GcI6CnkLKgR14AaABAg,Youtube,@cukurukuk1727,Well well well,6 hours ago,,,,0
https://www.youtube.com/watch?v=r1DSH9AQXLU,UgzIW9QQ08Rr30BsUH14AaABAg,Youtube,@MaudyAgustine,"Kamu bilang ""Indonesia banyak bad news, jadi gak baik buat mental health."" Tapi kamu lupa, bad news itu bukan konten. Itu adalah hidup.

 Bagi orang Kalimantan, asap itu bukan bad news di timeline, itu udara yang mereka hirup setiap hari.
Bagi orang Makassar, antri BBM itu bukan headline yang bisa di-skip, itu cara mereka bisa pulang dan kerja.

Kamu bisa memilih untuk tidak membaca berita demi menjaga mentalmu. Mereka tidak bisa memilih untuk tidak mengalaminya.

> Kamu kuliah sampai Amerika dengan fasilitas dari negara ini. Negara ini membiayai mimpimu dari pajak orang-orang yang hari ini bahkan kesulitan bernafas.
 Seharusnya, semakin tinggi pendidikanmu, semakin luas empatimu. Bukan semakin pandai kamu mencari alasan untuk tidak peduli.

Berita itu ada bukan untuk merusak ketenanganmu. Berita itu ada supaya orang yang punya privilege seperti kamu, punya suara, punya pendidikan tinggi, bisa berempati dan membantu.

Kalau melihat penderitaan orang lain saja kamu anggap merusak mentalmu, mungkin yang perlu diperbaiki bukan beritanya. Tapi hatinya.",6 hours ago (edited),,,,1
https://www.youtube.com/watch?v=r1DSH9AQXLU,Ugyu3QSjhwWCj1jtWad4AaABAg,Youtube,@maharanimarifah,"i’m not 100% belain dia, but from what i see, dia overwhelmed bukan fully karena bad news yang terjadi like karhutla dsbg bukan penderitaan org lain yg bikin dia badmood she felt that way karena dia ngerasa gabisa apa2 i mean guys dia bukan menteri ato siapapun itu yang bs dg mudahnya solve our problem, dia ngerasa tertekan krn ya.. she thinks she can do nothing, trs dia coba hibur diri dia ya dg memahami perasaannya sendiri. Kenyataannya bbrp dr kita emang seoverthink itu buat tetep fokus sm masalah yang ada di sekelilingnya dan tertekan bgt krn ngerasa gbs apa apa, for maudy i know you love your country so much thats why you said you cried and sometimes mad when u hear whats happening with ur country, i’m sorry if we misunderstood you, i know you didnt mean to be a tone deaf, but i think these people they expect better action than this, bagi kita people like u shouldn’t run, instead, you should speak for us. I know how kind you are and it’s okay to be misunderstood sometimes, hope you read this 😢❤",6 hours ago,,,,3
https://www.youtube.com/watch?v=r1DSH9AQXLU,UgxRie23OO5kxKEslg54AaABAg,Youtube,@irpanmenet,Ngomong apa dia?,6 hours ago,,,,0
https://www.youtube.com/watch?v=r1DSH9AQXLU,Ugxogm3mzpUFuduumr14AaABAg,Youtube,@aayunaaboots,"NPD, TONE DEAF, 0 EMPATHY. ALL IN RED FLAG!!!!",6 hours ago,,,,0
https://www.youtube.com/watch?v=r1DSH9AQXLU,Ugw6eiWEZUhx1_KOGkd4AaABAg,Youtube,@suryadarmin4860,Bisa g sih tinggal di Indonesia ngomongnya pake BAHASA INDONESIA aja biar g tmbh salah persepsi. G semua warga itu pinter bhs inggris kayak kmu! Kowe wong jowo to?? Videomu ini terkesan ngece sgt nir empati  tau! Maudy kmu Jahaaat!!,6 hours ago (edited),,,,0
https://www.youtube.com/watch?v=r1DSH9AQXLU,UgwnV6Nefb_yyyry04N4AaABAg,Youtube,@vielreiya,"this is what stuck in a bubble looks like
like bro just stffu
you never tried to fit in our shoes, you had silver spoon since you still in your mom's womb",6 hours ago,,,,0
https://www.youtube.com/watch?v=r1DSH9AQXLU,Ugy4xVqq3WcjKSmLszN4AaABAg,Youtube,@Chyoo.08,jadi gorengan wak😹,6 hours ago,,,,0
https://www.youtube.com/watch?v=r1DSH9AQXLU,UgwSMtok_vt5QVU3pT14AaABAg,Youtube,@OlinOlin-z2x,Yun kyk nya mindset kamu harus di simpan sendiri deh kali ini,6 hours ago,,,,0
https://www.youtube.com/watch?v=r1DSH9AQXLU,UgzdE1eNC-iyLNmiYL14AaABAg,Youtube,@LawooRuruPadong,"Bacot lu Maudy !!! Lu cuman tinggal di menara gading lu aja, lu ga pernah mau tau dan care sama hidup sesama, lu kuliah dari duit rakyat, tapi lu nyuruh rakyat yg ngebiayain lu kuliah buat mindfullness, lu bangun Maudy!!! Jangan hidup di bubble lu aja!!! Stay on the grass!!! Look at another shoes!!! Shame on u Maudy!!! Lu ga berhak dpt duit dari rakyat",6 hours ago,,,,0
https://www.youtube.com/watch?v=r1DSH9AQXLU,Ugwvt5Jnz9tm4vGyE0t4AaABAg,Youtube,@lostlemons2865,"sebelum bikin video yapping kayak gini, lu kan pinter ya? udah pasti tau dong dampak dari lu ngomong kayak gini ke publik yang sedang tidak baik-baik saja, ini mah emang lu nya aja ga punya EMPATI. Ga perlu bacot dengan bilang lu belum cukup refleksikan bla bla bla, we all know that it's a bullshit",6 hours ago,,,,0
https://www.youtube.com/watch?v=r1DSH9AQXLU,UgwRJWE9l72gqJIi-1p4AaABAg,Youtube,@lintangdie,minimal berempati,6 hours ago,,,,0
https://www.youtube.com/watch?v=r1DSH9AQXLU,UgxR0cRB7eegnP3_CX14AaABAg,Youtube,@GsdutamiUtami,"yg kamu infokan itu bukan mindful ness Maudy tapi Ignorant, dan tolonglah  gunakan bahasa Indonesia yg baik jangan keminggris",6 hours ago (edited),,,,0
https://www.youtube.com/watch?v=r1DSH9AQXLU,UgxAiGJPuWfHT8-V5zh4AaABAg,Youtube,@ndaruanisa1856,"Audience mu ki sopo toh mbuakk, wong inggris ta ?",6 hours ago,,,,0
https://www.youtube.com/watch?v=r1DSH9AQXLU,UgykbVgdTcv_WLXqlf94AaABAg,Youtube,@MuhammadSholeh-d8q,Ni orang otaknya g pernah ngerasain tekanan dari yg namanya putus asa yak? 🗿,6 hours ago,,,,0
https://www.youtube.com/watch?v=r1DSH9AQXLU,UgxjmCbC50semN_7ztt4AaABAg,Youtube,@rpforrupiah1570,"Gk relate banget sama video ini
. Pindah ke Korea aja pls. Ke Kampung Halaman suami. Km jdi bad news buay Rakyat yg sdg mengalami bad reality.",6 hours ago,,,,0
https://www.youtube.com/watch?v=r1DSH9AQXLU,Ugyd31HkMGrY3WoUa-h4AaABAg,Youtube,@hannafauziyah3259,"Mindful mindful, asep kalimantan pindahin ke rumah lo semua juga lu ngamuk",6 hours ago,,,,0
https://www.youtube.com/watch?v=r1DSH9AQXLU,UgyB7lK2DOjxtH9Spwl4AaABAg,Youtube,@Guzzbara,Kadang emang nggak relate suara dari orang yang gak bener bener peduli...,6 hours ago,,,,0
https://www.youtube.com/watch?v=r1DSH9AQXLU,Ugy0ZRSxDEXX4CVGkBR4AaABAg,Youtube,@mamaklicha,Dak ada guna kuliah diluar negri pke uang negara dr pajak rakyat. Otak gak di pake,6 hours ago,,,,0
https://www.youtube.com/watch?v=r1DSH9AQXLU,UgwwakrKFZp0BkDVE1F4AaABAg,Youtube,@antcinta,mean girl,6 hours ago,,,,0
https://www.youtube.com/watch?v=r1DSH9AQXLU,UgxtqFt2vo1tQ_SypOp4AaABAg,Youtube,@samuelsimanjuntak5824,ketauan sifat aslinya,6 hours ago,,,,0
https://www.youtube.com/watch?v=r1DSH9AQXLU,Ugw55ItnJ7mM5DpnjNl4AaABAg,Youtube,@yORu-f2s,Jgn banyak gaya penikmat lpdp,6 hours ago,,,,0
https://www.youtube.com/watch?v=r1DSH9AQXLU,UgwrgKdMCv4lqirqPJd4AaABAg,Youtube,@lostlemons2865,"mindfulness? gausah kebanyakan yapping mba, nyari sensasi ga kayak gini lol",6 hours ago,,,,0
https://www.youtube.com/watch?v=r1DSH9AQXLU,UgxTRpiuQOa2cdyJ6W94AaABAg,Youtube,@bintangsentosa98,“pasti kita semua lagi merasakan ini” itu lu doang dan mungkin temen-temen lu doang yg hidupnya enak. Menyebut “berita bencana” sebagai “bad inputs” itu sangat iblis.,6 hours ago,,,,0
https://www.youtube.com/watch?v=r1DSH9AQXLU,UgzUeVbKXYyg_tHDGPt4AaABAg,Youtube,@jeeroylenkins6625,Enak ya klo stress lgsg bisa mattin hp n gk kerasa effect nya...,6 hours ago,,,,0
https://www.youtube.com/watch?v=r1DSH9AQXLU,UgxhD6kBqixrezyjK914AaABAg,Youtube,@jaiwan1212,kelebihan pinter,6 hours ago,,,,0
https://www.youtube.com/watch?v=r1DSH9AQXLU,UgylUQkLolmrQdJh7Q54AaABAg,Youtube,@AisyNajwaChannel,Sayang banget citranya hancur karena memilih jalan yang menyakiti rakyat yang dukung dia,6 hours ago (edited),,,,0
https://www.youtube.com/watch?v=r1DSH9AQXLU,Ugzt8cKv9QR1Ej0VB_94AaABAg,Youtube,@SEABADDIGITAL,"Gak di take down. Bener- bener manusia NIR EMPATI AKUT. Dia merasa gak bersalah omong gitu. 😂 Karena saking dia merasa paling pintar, dia tidak pernah salah. Ada gila-gilanya.",6 hours ago,,,,0
https://www.youtube.com/watch?v=r1DSH9AQXLU,Ugx4RogxZra_-mFXuLF4AaABAg,Youtube,@LeniSatu,Sakit hati w denger omongan lu,6 hours ago,,,,0
https://www.youtube.com/watch?v=r1DSH9AQXLU,UgzDsJ8qqRWrwmvCsph4AaABAg,Youtube,@thinkusually,"after watching all of the contents of this video, maudy ayunda was right, ga tau kenapa ini jadi masalah bagi orang lain, entah karena mayudi terlalu gamblang memperlihatkan kekurangannya karena dia juga nggk bisa terlalu up to date dengan bad news yg berkali-kali lipat sama entah netizen yang ikut-ikutan nyinyir tanpa paham semua konteksnya🤔",6 hours ago,,,,0
https://www.youtube.com/watch?v=r1DSH9AQXLU,UgwrqCu0RvQRwbEwHw14AaABAg,Youtube,@YayuRahayu-v9f,Tone deaf final boss,6 hours ago,,,,0
https://www.youtube.com/watch?v=r1DSH9AQXLU,Ugw7t-839QsZJhUBA9p4AaABAg,Youtube,@alicepriyadi8944,"Kak u itu salah loh kalau malah self deaf kayak gini, menurut saya itu ga etis di tengah bencana orang yg mengalami secara real time dan u yang menontonnya saja dan merasa terganggu dengan berita ini dan menyuarakan ""ges ayo sisihkan berita buruk demi kesehatan mental"" Itu sangat sangat tidak berempati, saya sedih dengan klarifikasi kaka padahal saya termasuk fans kaka, tapi melihat kaka yang cenderung tidak punya empati saya jadi takut dengan kaka, lebih baik hapus saja ka vidionya dan akuin saja kesalahan kaka dalam pernyataan, kalau dalam pikiran kaka merasa masih punya empati. Buat klarifikasi dan terima apa yang kaka tabur(i think kaka bisa menumbuhkan empati dengan menerima semua kritik dan saran dari teman²) walau saya mengerti kaka tidak membaca pesan saya, saya tetap doakan semoga kita dan seluruh masyarakat dalam perlindungan Allah",6 hours ago,,,,0
https://www.youtube.com/watch?v=r1DSH9AQXLU,UgzIW9QQ08Rr30BsUH14AaABAg.AamgfrKsaS2Aamhb6SZ19W,Youtube,@sofyanveerkhan,"Kakkk campur aduk aku baca statement mu, nonjok banget ke point point penting nya😢 Lihat maudy ini, ketika otak tidak sinkron dengan hati nurani, maka jelas apa pun yang keluar daripadanya semua tidak akan ada artinya, mencerminkan banget karakter asli seseorang.",6 hours ago,,,,0
https://www.youtube.com/watch?v=r1DSH9AQXLU,Ugyu3QSjhwWCj1jtWad4AaABAg.AamgX_Cay15AamhYGsUblc,Youtube,@mokuzai1342,ihhh dimenit berapaa kak? kelewat kali akuhh,6 hours ago,,,,0
https://www.youtube.com/watch?v=r1DSH9AQXLU,Ugyu3QSjhwWCj1jtWad4AaABAg.AamgX_Cay15AamiBB0S5yX,Youtube,@maharanimarifah,"menit 1:29 dia bilang dia hopeless mewek nangis marah krn apa yg tjd sama org2 diindonesia yang bs kt blg terdzalimi bgt, ayo guys usahain liat niat baik dibalik perkataan seseorang dulu sblm ngehujat, soalnya kuakuin emg buat kt yg ngerasa gbs apa apa we have to be mindful dan mindful itu bkn berarti nir empathy :) kt hrs tetep kuat supaya bs kuatin org lain di negara kt ya kan ❤",6 hours ago,,,,0
https://www.youtube.com/watch?v=r1DSH9AQXLU,Ugyu3QSjhwWCj1jtWad4AaABAg.AamgX_Cay15AamihEaRpLX,Youtube,@maharanimarifah,"i mean dia blg “keep caring while also protecting myself” it feels like org2 cuma fokus ke “protecting myself” and gtw gimana nyerang dia segitunya wkwkwk aku sih netral aja, i mean kt hrs cerna maksud org dulu bukan mentah2 ambil omongan netizen 🙏🏻",6 hours ago,,,,0
https://www.youtube.com/watch?v=r1DSH9AQXLU,Ugz96kANpS5xKkuyWFJ4AaABAg,Youtube,@komarudin101,"org² yg kontra dgn dia gak tepat kalo ngehujat dia, kalo mau hujat mestinya pemerintah yg bertanggung jawab penuh, maudi cuma warga negara yg boleh berpendapat, dia gak ada kewajiban, dan dia bicara seolah olah lebih membela org yg melihat berita buruk drpd org yg lagi ngalamin hal buruknya itu pun hak dia, selama dia gak ngetawain atau ngerendahin org yg lagi ngalamin hal buruk itu boleh, bahkan maudi gak ngetawain gak menghina gak merendahkan org yg lagi kena musibah, dia justru sedang bicara sisi lain nya, dan dalam sisi psikologi menurut gue, musibah itu ada dua yg kena,

1. Org yg kena musibah 
2. Org yg denger musibah.

Org yg kena musibah mereka terluka jiwa dan raga, org yg denger ada musibah mereka terluka jiwanya, psikologisnya.


Maudi memberikan ""bantuan"" pada org yg melihat adanya musibah, dan itu bukan berarti dia gak memberikan bantuan pada org yg kena musibah, bisa jdi dia juga udh bantu cuma dia gak publish.

Dan sekali lagi dia gak ada kewajiban utk menolong, membantu, mengabarkan, dia bicara kek gitu udh suatu kepedulian thd sesama manusia, drpd diem dgn hal apapun atau apatis .",6 hours ago,,,,1
https://www.youtube.com/watch?v=r1DSH9AQXLU,UgwDE0JkjDRzf0wgX9h4AaABAg,Youtube,@presentation994,"Tapi, menurut ku pribadi mungkin yang membuat ke trigger kak Maudy membuat konten adalah ketika beliau sedang overthink terhadap ""bad reality"" yg akhir-akhir ini selalu bermunculan. 

Tidak hanya seputar tentang bencana alam, tetapi kelakuan para PENJAMBRET konoha, sehingga kepikiran terus dan cara melampiaskannya adalah dengan ""berbicara dengan seseorang"" which is us or her community.

Dan basicnya ketika kita sedang mengalami stress, yaa tentunya kita harus berbicara dengan seseorang agar tidak terjadi ""komplikasi"" di pikiran kita supaya tetap waras.

Memang isi pembicaraannya terkesan egois, tetapi konteksnya adalah ""cara agar tidak gila"" dalam menghadapi situasi-situasi saat ini. 

Bukan berarti kak Maudy sepenuhnya nirempati, tetapi beliau hanya mengutarakan isi jenuhnya based on what her feelings. (Memang bagusnya sih jangan di jadikan konten lebih baik cukup dibawakan ke teman-teman pribadinya saja) 

Kecuali, kalau membahasnnya pure secara general tanpa mengambil contoh nyata yang sensitif seperti isu di konoha ini.",6 hours ago,,,,0
https://www.youtube.com/watch?v=r1DSH9AQXLU,Ugwz31_4RTKND4OclCR4AaABAg,Youtube,@callmecaaaa-n4f,"Kamu bicara mindfulness bla bla bla  dengan background dapur berAC, sarapan mewah di saat situasi banyak masyarakat di luar sana yg sedang mengalami kesusahan kelaparan kesakitan akibat dampak dr keracunan MBG, asap, gempa, bencana dll...fix siy kamu benar2 gila bodoh dan tidak peka Maudy!. Ternyata kamu hanya pintar berteori dan hny pintar secara akademik, tapi adabmu attitudemu kepekaanmu sangatlah idiot!",6 hours ago,,,,0
https://www.youtube.com/watch?v=r1DSH9AQXLU,Ugxg9tYtCFtAspfZIiB4AaABAg,Youtube,@adriannaburhan6165,Aku yakin yg Maudy Ayunda maksud bad news itu adalah berita2 atau kabar2 ttg musibah atau bencana atau apapun yang dikemas dgn narasi2 kebencian yg berlebihan dan dibumbui hoax. Dan aku rasa kita perlu kok menerapkan mindfulness saat medsos kita dibombardir bad news spt itu. Jd ga lgs ikut menghakimi ikut2an yang lain spy dibilang keren. She's smart mmg. Dan u yg lg emosian mmg ga akan bs nangkep dan lgs marah2 spt biasa.,6 hours ago,,,,0
https://www.youtube.com/watch?v=r1DSH9AQXLU,UgyvKd31Xyh2j_PiC954AaABAg,Youtube,@pratamaproduction8419,Ngabulatuk naon sih?,6 hours ago,,,,0
https://www.youtube.com/watch?v=r1DSH9AQXLU,UgylLDyFyiHzcGxbhLJ4AaABAg,Youtube,@makdarit,Dari video ini kita belajar bahwa yang katanya pintar dan cantik itu bukan jaminan punya otak dan vision yang clear selaras dengan simpati dan empati.,6 hours ago,,,,0
https://www.youtube.com/watch?v=r1DSH9AQXLU,UgwdoqFxZ460eAO2o3R4AaABAg,Youtube,@ARMS-ID,kok bisa engga dihapus ya video ini? apa beneran engga merasa salah ?,6 hours ago,,,,0
https://www.youtube.com/watch?v=r1DSH9AQXLU,UgxDKjsohh2iG45mgtV4AaABAg,Youtube,@ReyKlemens,Emang kenapa kalau dia cuek? Dia juga manusia kali wkwk,6 hours ago,,,,0
https://www.youtube.com/watch?v=r1DSH9AQXLU,UgyBJjlhoT_qakSWVAl4AaABAg,Youtube,@DTHERIO,"Sepertinya banyak yang salah paham tentang konten mu ini (awalnya aku juga begitu), mereka sepertinya memang sudah sangat depresi dan tertekan dengan kondisi buruk yang sering terjadi sekarang, saran mu mungkin berguna untuk orang yang memang mencoba memahami isi konten-nya.

Atau mungkin beberapa orang Indonesia memang masokis? mereka suka tekanan yang menyiksa jadi ketika kamu mencoba meringankan nya dengan solusi mu kamu tentu akan dimusuhi karna kamu berbeda dari mereka? kalau dilihat dari respon nya mungkin memang begitu.",6 hours ago (edited),,,,0
https://www.youtube.com/watch?v=r1DSH9AQXLU,UgzXxdm_vGB-yP-85F94AaABAg,Youtube,@dikdakdukdik,"Yah sayang sekali Maudy, kontenmu malah menjadi bad news baru bagi kami. Dengan status besarmu sebagai public figure yg cukup terkenal, alih2 menggunakan source yg kmu punya buat bantu kami bersuara agar ada perubahan, kmu malah memilih hidup mindful dalam bubble mu. Sayang banget kami ga punya previllege seperti mu karena bad news yg bs d skip oleh mu adalah realita bagi kami.",6 hours ago,,,,0
https://www.youtube.com/watch?v=r1DSH9AQXLU,UgwanEsa5tNKdEXY1Lt4AaABAg,Youtube,@adelinguist,"Maudy, terima kasih sudah berbagi pandangan tentang mindfulness dan stoicism. Mungkin ke depannya sebelum memposting konten serupa, kamu bisa coba diskusi dulu dengan tim atau teman dekat agar mendapatkan insight beragam.  Kamu figur publik, jadi ini bisa membantu meminimalkan salah paham. Semangat terus dan terima kasih sudah mau belajar bareng kami semua.",6 hours ago (edited),,,,0
https://www.youtube.com/watch?v=r1DSH9AQXLU,UgxiVBFsz0kfiIrHgSN4AaABAg,Youtube,@RachmaYuniAndari,cancel aja gak si,6 hours ago,,,,0
https://www.youtube.com/watch?v=r1DSH9AQXLU,UgwMXss5PQuByIuKnfF4AaABAg,Youtube,@komarudin101,"Kak Maudy, aku tim yang ngebela kakak. Menurutku kakak gak salah. Bad news itu emang ngerusak mental, dan gak semua orang sadar kalo ada dua korban: korban yang kena musibah, dan korban yang denger musibah tiap hari. Kakak lagi nolong korban yang kedua, dan itu valid. Semangat terus kak, jangan kapok bikin konten kesehatan mental",6 hours ago,,,,0
https://www.youtube.com/watch?v=r1DSH9AQXLU,UgzStdL_s0cCaTjZ9Np4AaABAg,Youtube,@anwarkh7372,Taun putri di cariin biksu tong mau di ajak ke timur nyari kitab terntentu,6 hours ago,,,,0
https://www.youtube.com/watch?v=r1DSH9AQXLU,UgzTtPflvEq10hFP9q94AaABAg,Youtube,@Muhammadjehan02,Bad news untuk mu tapi bad reality untuk orang orang Yang bayar pajak Dan sebagian pajak itu digunakan untuk membiayai kuliah mu Di luar Negeri,6 hours ago (edited),,,,0
https://www.youtube.com/watch?v=r1DSH9AQXLU,Ugxw3_laiWW9B_dqh_l4AaABAg,Youtube,@HinataChizue,baca berita sedih sambil duduk di sofa mahal 😂,6 hours ago,,,,0
https://www.youtube.com/watch?v=r1DSH9AQXLU,UgzSKzvaMtn-mP5kq814AaABAg,Youtube,@FisilaAfla,tone deaf final,6 hours ago,,,,0
https://www.youtube.com/watch?v=r1DSH9AQXLU,UgwfcjRmidve9VEyg_94AaABAg,Youtube,@panbasilikasagala2854,"Yg sedih adalah bahwa dia kurang empathy terhadap situasi yg ada. Yg di emphasize adalah ke bad News yg memang di akibatkan karena adanya kejadian buruk. Dan malah tidak membahas kejadian buruknya apa. Kalau tidak ada kejadian buruk, tidak akan ada bad News. And dia bikin vlog sambil makan and masak dimana banyak orang yg terkena bencana, masak dan makan pun susah. And nadanya kurang empathy. Ada yg sambil ketawa juga and senyum senyum. Kurang sensitive terhadap keadaan.",6 hours ago (edited),,,,0
https://www.youtube.com/watch?v=r1DSH9AQXLU,UgzRYiwkwusdyRqRfQZ4AaABAg,Youtube,@adefebyzain4879,"percuma lo well educated, empati 0 = sampah",6 hours ago,,,,0
https://www.youtube.com/watch?v=r1DSH9AQXLU,UgwzRYJqHHVsqxP13rt4AaABAg,Youtube,@deyanna_vlog,APALAH APALAH,6 hours ago,,,,0
https://www.youtube.com/watch?v=r1DSH9AQXLU,Ugz96kANpS5xKkuyWFJ4AaABAg.AameIa5Ky99AametuQmdcE,Youtube,@LeniSatu,"Kenapa orang2 kecewa ? Karna dia bisa menjadi sosok yang menyuarakan , bukan malah kaya gini",6 hours ago,,,,0
https://www.youtube.com/watch?v=r1DSH9AQXLU,Ugyhm9zJGudtJoRkztR4AaABAg,Youtube,@mariowschannel2728,"Mindfulness❌️
Mind-fool-ngenes✅️

Apa mbak gak tahu kalau dulu ada kasus viral penerima beasiswa LPDP yg bangga anaknya dapat kewarganegaraan Inggris bernama Dwi Sasetyaningtyas...persis sama kayak mbak sudah selesai proses belajarnya tapi bedanya si dia gak mau pulang ke Indonesia & setelah dicek oleh pihak LPDP ternyata dia belum mengembalikan uang beasiswa yg sebelumnya dia habiskan.Setelah videonya viral ramai2 netizen marah & meminta agar dia gak usah balik lagi ke Indonesia...Kira2 mbak sudah balikin semua uang beasiswa LPDP ke negara belum?",6 hours ago,,,,0
https://www.youtube.com/watch?v=r1DSH9AQXLU,Ugy6oE14ffkinPciHJt4AaABAg,Youtube,@Caviero,"calm down, Maudy. roda hidup berputar. ada saatnya kamu merasakan di posisi kami yg mengahadapi bad reality bukan lagi ""bad news"".",6 hours ago,,,,0
https://www.youtube.com/watch?v=r1DSH9AQXLU,Ugy7LoXPPQO3wJUW9cZ4AaABAg,Youtube,@mortalkombud,halah nyocot,6 hours ago,,,,0
https://www.youtube.com/watch?v=r1DSH9AQXLU,Ugxs6LJXcyZgA8FIY7J4AaABAg,Youtube,@spaghetti_man123,Apakah mungkin kakaknya dulu seorang mantan boti alias lelaki yang... Tukar gender lah 😂,6 hours ago,,,,0
https://www.youtube.com/watch?v=r1DSH9AQXLU,Ugzk6bWTzAck6rKCBnp4AaABAg,Youtube,@redrage4162,"Klo berita buruk keluarga kita bagaimana kids? Masa iya kita diem aja. Kecuali nih ya sodara yang judol , mabok , bandel. Yang susah karena kesalahan mereka sendiri bolehlah kita memilih membantu atau tidak. Klo karena bencana , kecelakaan , atau penyakit masa iya kita memilih dan split 😂 lucu sih. Rasa tenang itu hadir ketika kita juga membantu sodara kita. Even better, ada rasa bersyukur kita masih diberi kenyamanan oleh Tuhan. Mungkin maudy lupa, islam artinya berpasrah, tiada yang tau apa yang terjadi di hidup kita kedepannya dan kita tidak bisa mengkontrol apa yang terjadi di sekitar kita. Jalan terbaik jika kita tidak bisa membantu balik lagi ya ""berpasrah"". Bukan memilih apa yang penting atau lebih parah menghindari. Mungkin benar konten ini lebih cocok untuk pejabat daripada sosial atas dan bawah.",6 hours ago,,,,0
https://www.youtube.com/watch?v=r1DSH9AQXLU,Ugy7NDCLUUFYsYjFH0J4AaABAg,Youtube,@dennydenny8468,Memalukan,6 hours ago,,,,0
https://www.youtube.com/watch?v=r1DSH9AQXLU,UgwFE2zwgTqV0Mq-kdV4AaABAg,Youtube,@AhmadFauzi-b4b9n,"Gitu yaaa
I don't care!
Jadi lu banyak bacot doang kak,lu kaya dari lahir
Kaya kami apaan 😂
Kocak lu",6 hours ago,,,,0
https://www.youtube.com/watch?v=r1DSH9AQXLU,UgxJmva-RSJcLItZ7l54AaABAg,Youtube,@IqlimaAchzanyy,"INTINYA, KAK  IN THIS MOMENT KAMU ITU BUKAN ORANG YANG TEPAT UNTUK MENYUARAKAN HAL INI KARENA KAMU ITU TOKOH MASYARAKAT, atau calon mentri?... ups",6 hours ago,,,,0
https://www.youtube.com/watch?v=r1DSH9AQXLU,UgyhNPeFrin7dfrsxIl4AaABAg,Youtube,@pipiekatharina6350,kuk gt kok cakep biasa ajh lah,6 hours ago,,,,0
https://www.youtube.com/watch?v=r1DSH9AQXLU,UgyUXOsPgclj5wGO_Wt4AaABAg,Youtube,@ajengadelle7506,ck maudy maudy..,6 hours ago,,,,0
https://www.youtube.com/watch?v=r1DSH9AQXLU,UgwqT79l2ORzF9K4zhd4AaABAg,Youtube,@lenaulaa,"beasiswa LPDP memang sebuah previlage bagi orang apalagi bagi mahasiswa, tapi dengan cara berpikir kritis mu dengan hanya dari satu sudut pandang yaitu kamu...
kamu telah menyia nyiakan ilmu mu itu, agak sedih lihat Maudy bilang kayak gini😢
Tapi ya gimana lagi orang gak akan pernah tau apa yang di rasakan orang lain jika dia tidak pernah di posisi tersebut",7 hours ago,,,,0
https://www.youtube.com/watch?v=r1DSH9AQXLU,UgzoYJxgmK3Yfg_MICN4AaABAg,Youtube,@SiskaJulianti-q1b,miris,7 hours ago,,,,0
https://www.youtube.com/watch?v=r1DSH9AQXLU,UgxsD4KUdgQaOJEHorZ4AaABAg,Youtube,@Mr.Balooo,"Kak... speechless...

Berbicara mindfullness, dengan dia mengeluh nangis, mewek, ovt setiap ngeliat berita, meanwhile di sisi lain negara, orang-orang bukan cuma nangis dan mewek, tapi udah setengah mati cuma buat napas. 

Dan dia bisa nangis sambil bisa masak di dapur yang mewah yang bahkan tuh peralatan gak semua orang indonesia bisa punya ☺️🔥",7 hours ago,,,,0
https://www.youtube.com/watch?v=r1DSH9AQXLU,Ugwcr0HxGjKNW8y5W0d4AaABAg,Youtube,@devi8951,Balikin aja duit LPDPnya lumayan tuh buat bantu warga yg terdampak your BAD NEWS,7 hours ago (edited),,,,0
https://www.youtube.com/watch?v=r1DSH9AQXLU,UgxZq8PeI1FXqyjJPOR4AaABAg,Youtube,@rodiyayanti9296,"Selama main media sosial, baru kali ini berkomentar.
Plesssss bangat Kak Maudy, di kalimantan seengak enak itu suasananya. Asap ada di mana², setiap keluar rumah itu seperti bertaruh nyawa, mau di rumah aja kami harus bekerja keluar hanya untuk mencari sesuap nasi, kami bukan seorang yang dikenal di media sosial. Aku dan keluarga baru saja sembuh dari ISPA kak, dan anak ku yang paling kecil umurnya baru 1 tahun 2 bulan juga tidak lepas dari ISPA. Jangan kan mikirin makanan sehat Kak, bisa makan 3 kali sehari aja kami sudah bersyukur. Jujur video ini sangat² menyakiti perasaan ku😢😢😢😢. Plisss kalau bisa tukar, tukar yuk kak, pengen liat deh gimana respon kakak kalau ada di posisi kami. Bencana karthula ini bukan hanya viral²an doang kak. Ini bencana besar. disini darurat udara, air dan bahan makanan. Sayur yang kami konsumsi tumbuh ditengah kabut asap Kak. Tolong banget kalau tidak bisa membantu lebih, sanggat disarankan untuk tidak membuka mulut. 
Jujur sedih sekali hati ini ���😢😢😢😢",7 hours ago,,,,0
https://www.youtube.com/watch?v=r1DSH9AQXLU,UgwCvzbW4TMyxb-uNul4AaABAg,Youtube,@Ngeselinx,Are you kidding me?,7 hours ago,,,,0
https://www.youtube.com/watch?v=r1DSH9AQXLU,Ugw7QQGnCcmv2MS4TtR4AaABAg,Youtube,@vannypasaribu7588,"Dia kenapa jd ngomongin diri sendiri yak?
Yg overthinker bukan dia aja.",7 hours ago,,,,0
https://www.youtube.com/watch?v=r1DSH9AQXLU,UgyKUG2qCYkN9ZNd3DR4AaABAg,Youtube,@purba339,"Dia dengan happy buat sarapan sehat, dengan kotbah yg di luar bmkg. Sementara di kalimantan barat air asin, udara sesak, semuaa bahan makanan naik. Thanks maudy, sudah membuat kami di kalimantan makin sesak lihat video dengan sarapan sehat mu",7 hours ago,,,,0
https://www.youtube.com/watch?v=r1DSH9AQXLU,UgzYZTckqRLgbh91p-h4AaABAg,Youtube,@dwirahmawati7728,Baiklah orang kaya,7 hours ago,,,,0
https://www.youtube.com/watch?v=r1DSH9AQXLU,Ugz_CmX8zXXfZF6J4-N4AaABAg,Youtube,@alitaharahap5885,Maap ya kak maudy kalo penderitaan kami membuat mental healthmu terganggu..,7 hours ago,,,,0
https://www.youtube.com/watch?v=r1DSH9AQXLU,UgxHa7wFuy9ElFmIBOZ4AaABAg,Youtube,@HantuBanyu-j7j,DONGO,7 hours ago,,,,0
https://www.youtube.com/watch?v=r1DSH9AQXLU,UgxFQEHLcQwkVRgDn6p4AaABAg,Youtube,@narwastinangi-y3j,"Ngomongnya kayak paling pintar, tapi gk ada empatinya",7 hours ago,,,,0
https://www.youtube.com/watch?v=r1DSH9AQXLU,UgwPvmURxQJY8b0GazN4AaABAg,Youtube,@Rilll.buahahay,Tong kosong berbunyi nyaring,7 hours ago,,,,0
https://www.youtube.com/watch?v=r1DSH9AQXLU,UgzMrBphyJ224FX4i_h4AaABAg,Youtube,@EL-KHONTOLE,Cobain donk bantu bantu warga yang kena musibah jngan bacot doank di rumah yang nyaman,7 hours ago,,,,0
https://www.youtube.com/watch?v=r1DSH9AQXLU,UgxLeNiozDfEoQk9IoR4AaABAg,Youtube,@03.02azza,Kak Maudy coba mengasihi sesama ya,7 hours ago,,,,0
https://www.youtube.com/watch?v=r1DSH9AQXLU,UgyxPhQ1iywGrZ5a5Dd4AaABAg,Youtube,@pratamaf2331,"""aku tidak peduli dgn komentar klian karna itu termasuk bad energy buatku""
dlm hati dia jg bgitu😂",7 hours ago,,,,0
https://www.youtube.com/watch?v=r1DSH9AQXLU,UgwfppBX1gOmTukpQcF4AaABAg,Youtube,@Putraだな,"Aduh rek, seandainya jadi orkay, mending pindah WN dah rek, biar gak pusing mikirin negara ini rek 🗿",7 hours ago,,,,0
https://www.youtube.com/watch?v=r1DSH9AQXLU,UgyKNfRyXh9BfL85Olp4AaABAg,Youtube,@christyy16,OMG look at this DRAMA AHJUMMA,7 hours ago,,,,0
https://www.youtube.com/watch?v=r1DSH9AQXLU,UgwbIy5cvwCokSz-y3F4AaABAg,Youtube,@rafhanifah7311,"Sebenernya aku juga pusing mod, banyak kejadian buruk yang ga bisa aku kontrol karna ga ada power tapi aku YANG BUKAN SIAPA SIAPA ini tetep pengen tau, donasi semampuku, tetep update dan tetep share. jangan cuma miras miris trus budek apalagi kamu influencer dengan fans dan audiens yang buanyak gunain dong yang bener",7 hours ago,,,,0
https://www.youtube.com/watch?v=r1DSH9AQXLU,UgysjczuGUeeuZisTQh4AaABAg,Youtube,@rei2swag,girl dont make another video about your thoughts 🤣🤣🤣😂,7 hours ago,,,,0
https://www.youtube.com/watch?v=r1DSH9AQXLU,Ugz5XYSMVLBTPjBXkZx4AaABAg,Youtube,@arthemicya,"hella rich, talented, beauty with brain but no empathy at all?",7 hours ago,,,,0
https://www.youtube.com/watch?v=r1DSH9AQXLU,UgzMEv_p9qEpuUBEsAN4AaABAg,Youtube,@satriaa019,worst post ever? delete your account,7 hours ago,,,,0
https://www.youtube.com/watch?v=r1DSH9AQXLU,Ugx2fw5Ma8ge1MCEz7h4AaABAg,Youtube,@Bangke.,"KEBEBASAN HANYA DIMILIKI OLEH ORANG² YANG KEHILANGAN SEGALANYA, SAAT MASYARAKAT TIDAK LAGI PEDULI DENGAN NORMA DAN DORMA PERCAYALAH INDONESIA BISA JADI MEXICO ASIA",7 hours ago,,,,0
https://www.youtube.com/watch?v=r1DSH9AQXLU,UgxXgmJpOtFCnncxnEl4AaABAg,Youtube,@veronica.sidjabat,"Perasaan agnezmo kalo bicara buat lokal aj gak inggris2 mulu dah, napa si dia inggris2 mulu padahal target audiens nya jg lokal2 aja",7 hours ago,,,,0
https://www.youtube.com/watch?v=r1DSH9AQXLU,UgxbIlcPi2ygAlcVc854AaABAg,Youtube,@geospatialeverywhere,"dia butuh exposure makanya gak dihapus videonya, NORAX",7 hours ago,,,,0
https://www.youtube.com/watch?v=r1DSH9AQXLU,Ugx78zc_ZRUvk_WjV_F4AaABAg,Youtube,@Risman40-k2g,Setor pengalaman nich saya pernah makan nasi basi terus digoreng lagi baru kejadian 2 kali terus pernah mencari kerja 8kilometer lalu,7 hours ago,,,,0
https://www.youtube.com/watch?v=r1DSH9AQXLU,UgwGTy7pJFGytLzYUHZ4AaABAg,Youtube,@mozzarella18,"Udah pake uang rakyat utk LPDP bisa2nya ada rakyat yg kesusahan malah nyuruh mindfulness, coba sekali2 deh lu terjun langsung biar berguna dikit ilmu lu maudy!!!! jgn banyak bacot omon2 kek presiden kbnyakan omon2 no action!!!!!!! Pantes blm dikasih anak org lu aja nir empati sm berita anak2 sekolah yg keracunan mbg dan segala bencana alam di Indonesia kan menurut lu BAD NEWS!!! IYUH",7 hours ago (edited),,,,0
https://www.youtube.com/watch?v=r1DSH9AQXLU,UgzAxnabMe3ptuZBarZ4AaABAg,Youtube,@alsenangdar,"etika dan empati lebih atas dari segalanya, percuma pinter doang😂",7 hours ago,,,,0
https://www.youtube.com/watch?v=r1DSH9AQXLU,UgyUD72EJuZuL4suyEJ4AaABAg,Youtube,@SORA327,Ni oraag gapunya empati ya😢,7 hours ago,,,,0
https://www.youtube.com/watch?v=r1DSH9AQXLU,Ugz9PX1tG1ZtOCy57WJ4AaABAg,Youtube,@megasamarinda1982,Oiya di IG saat dia bangga pamer kuliah di Inggris. dia tidak ada bilang ke Publik dia pakai beasiswa LPDP. Aku fikir dia kuliah pakai uang sendiri karena percaya dia artis dan ortunya berduit. Aku baru tau pas ada kasus LPDP nama Maudy Ayunda masuk dilist LPDP hasil dari pajak Negara Indonesia. Lalu dia tbtb upload lagi publik speaking dipertemuan event. Kan aneh ya. Sedih sih. Lupa daratan,7 hours ago,,,,0
https://www.youtube.com/watch?v=r1DSH9AQXLU,UgyhwqozvkCmjEcFmWZ4AaABAg,Youtube,@gregoriusvpg8736,Kolom komen ceriminan indo bgt,7 hours ago,,,,0
https://www.youtube.com/watch?v=r1DSH9AQXLU,Ugzl9q4KHeHpML3-EpJ4AaABAg,Youtube,@YOU-xv1mv,"Kak, aku suka banget sama kamu dan kamu jadi motivasi aku untuk bisa S2 di luar negri. But since you ""tone deaf"" and this video, aku berhenti ngikutin kamu. Semoga kamu benar-benar paham dan peduli pada hal sekitar",7 hours ago,,,,0
https://www.youtube.com/watch?v=r1DSH9AQXLU,Ugy_2hfeOUU10MXW1xh4AaABAg,Youtube,@aishipup,iya iya yang si paling mindful,7 hours ago,,,,0
https://www.youtube.com/watch?v=r1DSH9AQXLU,UgxHJYcmGOgVCAF772R4AaABAg,Youtube,@GoldenLightTree,"""let them eat cake"" 
- you know who said that",7 hours ago,,,,0
https://www.youtube.com/watch?v=r1DSH9AQXLU,UgxqWf1K9h24quotNYV4AaABAg,Youtube,@rblueyxo,"Percuma lulusan universitas bergengsi, tapi pas ngomong otak gak dipake.",7 hours ago,,,,0
https://www.youtube.com/watch?v=r1DSH9AQXLU,Ugwa5276zu1pwB9B6E54AaABAg,Youtube,@dikiemustofadijaya4228,"Penting nya empati untuk orang lain yg terdampak musibah, dan yg buat andaa itu berita buruk tp buat mereka yg terdampak beda cerita maudi maudi pdhal anak cerdas cantik dan kaya sejak lahir",7 hours ago,,,,0
https://www.youtube.com/watch?v=r1DSH9AQXLU,Ugzalr9E973MDTw9g654AaABAg,Youtube,@muhammadryaas697,Fck mindfulness gw mah mau ngamuk,7 hours ago,,,,0
https://www.youtube.com/watch?v=r1DSH9AQXLU,UgwwqUNc0FwxN26WXS94AaABAg,Youtube,@rblueyxo,"Yaelah mbak, giliran konten nir empati di bikin video. Giliran minta maaf cuma modal ngetik terus ditaroh di Pin komen. Minimal bikin video mbak, biar berasa tulusnya. Jangan cuma bisa bikin konten blunder, bikin video permintaan maaf juga woi. Makanya pakai otak sebelum ngomong.",7 hours ago,,,,0
https://www.youtube.com/watch?v=r1DSH9AQXLU,UgxIeUDNMQxZJ6M5HP94AaABAg,Youtube,@DecresiaS,"Pinter,Cantik,tapi Egonya keliatan banget gw yakin sering brantem sama suaminya 😂",7 hours ago,,,,0
https://www.youtube.com/watch?v=r1DSH9AQXLU,Ugyh-oCtqWdvwUQDrPB4AaABAg,Youtube,@multifan658,"CANCEL CULTURE SIH BIAR NI ORNG SADAR, JUJUR ORNG BEGINI SUSAH SADAR KRNA GAPERNAH NGALAMIN",7 hours ago,,,,0
https://www.youtube.com/watch?v=r1DSH9AQXLU,UgxkJeUVXniyFboUuPZ4AaABAg,Youtube,@megasamarinda1982,"Mbak Maudy, kamu kuliah PPE (filosofi, politik, ekonomi) harusnya km yang paling berisik sekarang. Kamu yang harusnya mewakili rakyat Indonesia untuk speak up. Karena ilmu tersebut dia dapat pakai LPDP. Dia harusnya menggunakan ilmu tersebut yang kita biayai untuk kepentingan kita. Minimal mewakili, bukannya nyuruh kita hidup tenang dan mengolah emosi disaat keadaan bisa bikin kita mati kapan aja. Itu point nya. 
video nya di Youtub itu untuk obrolan orang selevel kayaberduit seperti dia. Cocok untuk obrolan nongkrong di ala Cafe or restaurant. Tidak perlu di publish begini. Jadi salah kan kamu. Tapi inti nya kurang empati. Semua channelnya IGnya kemewahan semua. Terlalu nyaman dari Balita hidupnya. Pintar tapi kurang peka dan empati.",7 hours ago,,,,0
https://www.youtube.com/watch?v=r1DSH9AQXLU,Ugz396H_veXDyH_0WFJ4AaABAg,Youtube,@dereizen1797,"Coba ngomong pakai bahasa Indonesia sepenuhnya, atau minimal 90%, bisa nggak sih?",7 hours ago,,,,0
https://www.youtube.com/watch?v=r1DSH9AQXLU,Ugy57K1Dr_Gl2rSBVNt4AaABAg,Youtube,@AndhikaWirabuana,Ngalih mun pian kada merasai,7 hours ago,,,,0
https://www.youtube.com/watch?v=r1DSH9AQXLU,Ugyjjcs-ZQZHU6W4g7N4AaABAg,Youtube,@ranggapermata7868,Ini orang sama memua-kan nya dengan kebijakan2 yang menyengsarakan rakyat,7 hours ago,,,,0
https://www.youtube.com/watch?v=r1DSH9AQXLU,UgzYylZIYBIAtVSNvUl4AaABAg,Youtube,@multifan658,Harusnya konten tonedeaf dan nirempati begini minimal apus sih,7 hours ago,,,,0
https://www.youtube.com/watch?v=r1DSH9AQXLU,UgzS2fHgF_4sUonxXRF4AaABAg,Youtube,@wotaretard4648,Ngomong taekk,7 hours ago,,,,0
https://www.youtube.com/watch?v=r1DSH9AQXLU,Ugy_PfcJeUqtzGasS2d4AaABAg,Youtube,@ririspasaribu8909,"Sebel bngt da sama konten yg ngomong nya di campur"" , bikin puyeng gua, kalau mau indo ya indo aja kalau mau Inggris ya Inggris aja gk ush di campur"" gtu, pabelit ah aing denge na 😌",7 hours ago,,,,0
https://www.youtube.com/watch?v=r1DSH9AQXLU,UgzTe3noptJ6RgmRI694AaABAg,Youtube,@cyilashopid,"Coba periksa ke psikiater/psikolog kak, kamu tidak ada gejala anxiety kah?",7 hours ago,,,,0
https://www.youtube.com/watch?v=r1DSH9AQXLU,UgxiKlseTbTLln9P5gZ4AaABAg,Youtube,@Lotggy0,"Masalah se serius ini dengan simpelnya dikatakan bad news terus menghindar gitu aja. Ga heran sih, kan dia bisa menghindar modal money",7 hours ago,,,,4
https://www.youtube.com/watch?v=r1DSH9AQXLU,Ugz5__XgIcTGnxA5CeB4AaABAg,Youtube,@nyaaw-z5s,Thanks for Sharing about Mindfulness but in this situation your Statement is not Helpfull for a lot of People 🙃,7 hours ago,,,,0
https://www.youtube.com/watch?v=r1DSH9AQXLU,UgxiKlseTbTLln9P5gZ4AaABAg.AamZN2nfZG0AamnUT_cCD0,Youtube,@undriftyme,"klo indonesia hancur dia tinggal keluar negeri, lah kita?",5 hours ago,,,,0
https://www.youtube.com/watch?v=r1DSH9AQXLU,UgxiKlseTbTLln9P5gZ4AaABAg.AamZN2nfZG0AanDSReE_l1,Youtube,@taopik77,"Menghindar darimana? Kan dia bilang keep caring while also protecting ouselves, tau ga itu artinya apa?",1 hour ago,,,,0
https://www.youtube.com/watch?v=r1DSH9AQXLU,UgxiKlseTbTLln9P5gZ4AaABAg.AamZN2nfZG0Aam_zbIgHFp,Youtube,@lolytatangkaa,WKWK,7 hours ago,,,,0
https://www.youtube.com/watch?v=r1DSH9AQXLU,UgxiKlseTbTLln9P5gZ4AaABAg.AamZN2nfZG0Aampvp2b6vP,Youtube,@jcakobdua282,"Dan money nya dari keringat kalian. Gak nyangka kan, pajak yang kalian bayarkan bisa sekolahin anak orang ke Oxford.😅",4 hours ago,,,,0
https://www.youtube.com/watch?v=r1DSH9AQXLU,Ugz_DhS99dpwctnuIfV4AaABAg,Youtube,@AniMuliani-x9v,Keinget omongan alm kasino orang kaya mah gitu kaya duit bapaknya halal aja,7 hours ago,,,,0
https://www.youtube.com/watch?v=r1DSH9AQXLU,Ugz7puBs03e2FkPHBvB4AaABAg,Youtube,@ogie.,DISLIKE TERUS GUYS🔥,7 hours ago,,,,0
https://www.youtube.com/watch?v=r1DSH9AQXLU,UgwiENzJnN8WgViQCmB4AaABAg,Youtube,@santoso-w5t,Kau sudah kaya sedari kecil kau tau apa tentang susah nyari mencari sesuap nasi,7 hours ago (edited),,,,0
https://www.youtube.com/watch?v=r1DSH9AQXLU,UgwHig2S_6dh0djtX994AaABAg,Youtube,@st.andrianti,bad news? are u sure? oh kamu mah aman ya hehehehe,7 hours ago (edited),,,,0
https://www.youtube.com/watch?v=r1DSH9AQXLU,Ugym1NZY2B558h177nt4AaABAg,Youtube,@insaankhairan,"we're not walking on the same shoes even same path. you walking on a red carpet, we're walking on dirty road. don't try understad us if you're not feel like us.",7 hours ago,,,,0
https://www.youtube.com/watch?v=r1DSH9AQXLU,Ugyu5fjmYBxSpi4Ow5Z4AaABAg,Youtube,@차무히,di situasi buruk gini lu malah mikirin diri sendiri peang,7 hours ago,,,,0
https://www.youtube.com/watch?v=r1DSH9AQXLU,UgwTeleA4pTOswL02CF4AaABAg,Youtube,@komarudin101,"Halo kak Maudy.. jujurly mungkin. Gua org yg paling ngebela lu, gua hanya sedikit banget dr sekian banyak org indo yg katanya cerdas pinter dll.. kak, satu kalimat aja buat kak Maudy,, ini indonesia kak, dan itukah kenapa negara ini susah maju.. jd bukan cuma karena masalah pejabatnya aja, tp karena isi negaranya juga (masyarakat nya) , gitu aja terus, pejabat pensiun diganti sama pejabat baru, yg isinya emang servernya Laen/blom sampe. Lu hebat kak, klo bs makin produktif dan peduli lewat hal hal yg memedulikan bangsa ini. Jika kakak menghindari bad news, ayo kak suarakan, kabarkan, beritakan hal hal positif yg ada disekitar kita, dibangsa Indonesia, karena satu hal kak, dalam Islam /sisi psikologi bahagia itu menular, kreatif itu menular, dan kakak bener, bad news itu juga menular, ya menular kan kecemasan, atau akan menjadi contoh perbuatan nya juga",7 hours ago,,,,2
https://www.youtube.com/watch?v=r1DSH9AQXLU,UgxqaH0E7SQ0D37yXrN4AaABAg,Youtube,@nazwajua-b2t,maudy ..... 🙁🙁🙁 why...,7 hours ago,,,,0
https://www.youtube.com/watch?v=r1DSH9AQXLU,UgyeC2FFG6Kold1NIkV4AaABAg,Youtube,@kharnoperi9241,"Tau Marie Antoinette? 
Statement yang anda buat hampir mirip dengan dia, jadi hati"" dalam berbicara",7 hours ago,,,,0
https://www.youtube.com/watch?v=r1DSH9AQXLU,Ugy4lv4hPpLYkTRR-Kh4AaABAg,Youtube,@featooz,"watching this video makes me hungry, i wanna eat the rich now",7 hours ago,,,,0
https://www.youtube.com/watch?v=r1DSH9AQXLU,UgwAAPlkddx1cMfAvCJ4AaABAg,Youtube,@ditaferianaputri1838,"Dari maudy kita belajar, pentingnya napak tanah 🙏",7 hours ago,,,,0
https://www.youtube.com/watch?v=r1DSH9AQXLU,Ugz9avruWYDQNYqqw5x4AaABAg,Youtube,@Cizuu0099,"dia begitu karena dari kecil hidupnya udah enak dan sukses, sakit bgt emg",7 hours ago,,,,0
https://www.youtube.com/watch?v=r1DSH9AQXLU,Ugx9wlo9cAYx_-bD-fB4AaABAg,Youtube,@avocadosberry,tipe orang yg kalo ada perang pasti langsung kabur ke negara lain... enak nyaa kalau kaya,7 hours ago,,,,0
https://www.youtube.com/watch?v=r1DSH9AQXLU,UgxisJFmUSxBSfWX_F54AaABAg,Youtube,@rekipramudya,"tone deaf bgt lu, gw yg tadinya ngefans sama lu jadi gk respect lgi anjir, coba lo ke kalimantan sana rasain yg dirasa sama warga kalimantan tiap hari hirup asap, org ber privilege yg gk prnah di bawah gausah sok tau deh",7 hours ago,,,,0
https://www.youtube.com/watch?v=r1DSH9AQXLU,UgwC-bh_EDGobGSP1E54AaABAg,Youtube,@nitawardani4952,Keep going beb ❤,7 hours ago,,,,0
https://www.youtube.com/watch?v=r1DSH9AQXLU,Ugx14WgO8LGxZxhSYIJ4AaABAg,Youtube,@hildayanti3754,Sekali2 beli empati kak. Maluuu kuliahnya pke uang rakyat yg katanya badnews,7 hours ago,,,,0
https://www.youtube.com/watch?v=r1DSH9AQXLU,UgwMjTWsSW-XvzXrgcZ4AaABAg,Youtube,@antiii0101,Kirain bakal di take down ini video,7 hours ago,,,,0
https://www.youtube.com/watch?v=r1DSH9AQXLU,UgwEyno8_X0HUAGAXxp4AaABAg,Youtube,@manfaatmanfaat-y9o,"“let them eat cake” hampir sama dengan si ratu prancis itu, untungnya kamu bukan pejabat jika iya maka siap siap rumah mu akan di……….",7 hours ago,,,,0
https://www.youtube.com/watch?v=r1DSH9AQXLU,Ugy0yaLqU_8gT_rzJ3N4AaABAg,Youtube,@ahmadmustofa5204,"Andai Kalo gua lahir dari ortu, keluarga, dan privilage kaya lu",7 hours ago,,,,0
https://www.youtube.com/watch?v=r1DSH9AQXLU,Ugx3p7Jkas_8MrR83wt4AaABAg,Youtube,@CILARACHEL,"ilmu seharusnya disandingkan dengan empati, maudy.

aku juga merasakan stress setiap liat berita, tapi hatiku gak sekeras itu untuk diem aja dan gak maki2 pemerintah atas tindakannya yg merugikan banyak manusia, cuz i'm human too.
kamu punya power untuk gak tone deaf tapi kamu memilih tone deaf dan menganggap kejadian buruk itu semua cuma sekedar ""bad news"" without u doing something to protest the goverment.
coba tanya dirimu sendiri, maudy. dari mana biaya LPDP mu sampe bisa S2 itu berasal. dari mana bahan pokok brand mu itu berasal.",7 hours ago,,,,0
https://www.youtube.com/watch?v=r1DSH9AQXLU,Ugze-uzJZT9Fun_dc2d4AaABAg.AanB05kZgq3AanBrYPPQqI,Youtube,@wendysfrackles2773,"Harusnya lo bisa lebih vocal bukan nyuruh kita nutup mata, mindfullness is a bullshit dont u think about that",1 hour ago,,,,0
https://www.youtube.com/watch?v=r1DSH9AQXLU,UgwTeleA4pTOswL02CF4AaABAg.AamYGH-MafVAam_kLE1MVS,Youtube,@ZaGaming044,"tapi bro gua mau nanya di video nya tetap memberi tahu  untuk peduli dan berempati kan bro?
jadi apa yang salah dengan video ny?",7 hours ago,,,,0
https://www.youtube.com/watch?v=r1DSH9AQXLU,UgwTeleA4pTOswL02CF4AaABAg.AamYGH-MafVAamdoOrhF26,Youtube,@komarudin101,​ @ZaGaming044 mksdnya gimana dah? Gue kan gak bilang videonya salah,6 hours ago,,,,0
https://www.youtube.com/watch?v=r1DSH9AQXLU,UgxZNXlY14bLfdXoBjl4AaABAg,Youtube,@mhdiqbal582,When bisa ngatain sambil breakfast sambil ngontennn,7 hours ago,,,,0
https://www.youtube.com/watch?v=r1DSH9AQXLU,UgzZGrDdh8QbMB7Qfjt4AaABAg,Youtube,@mohammadhaekal6757,"""Kids who never seen peace and kids who never seen war have different values!""
- Donquixote Doflamingo -",7 hours ago,,,,0
https://www.youtube.com/watch?v=r1DSH9AQXLU,UgyN21jjMYHIZMy4_IV4AaABAg,Youtube,@ro_ys,Nir empati...pengen aku ludahin dy,7 hours ago,,,,0
https://www.youtube.com/watch?v=r1DSH9AQXLU,UgxXtH8EpUoICW4MSxh4AaABAg,Youtube,@romycs5036,"KOMEN KALIAN TIDAK AKAN DIBACA GUYS DEMI MENJAGA ""MINDFULNESS"" DIA😂",7 hours ago,,,,0
https://www.youtube.com/watch?v=r1DSH9AQXLU,UgzydewNvBBqtIHhOQ54AaABAg,Youtube,@rizkykurniawan7636,Bodat bodat,7 hours ago,,,,0
https://www.youtube.com/watch?v=r1DSH9AQXLU,Ugwv_azUFv7OI7-zw9V4AaABAg,Youtube,@Onimoongame,Good,7 hours ago,,,,1
https://www.youtube.com/watch?v=r1DSH9AQXLU,UgwyFVTE2iH5PbezuXl4AaABAg,Youtube,@TeReRa-k4u,maudy tae,7 hours ago,,,,0
https://www.youtube.com/watch?v=r1DSH9AQXLU,UgzgzPAsTw8d1Ll3oDZ4AaABAg,Youtube,@tumbuhbersama-j6c,"Ini serius yang ngehujat beneran nonton ga sih?😂 Gile bener dah. Itu si Maudy ngajarin waras jiwa raga supaya bisa terus peduli dan membantu. Bahkan dia sampaikan cari sumber berita yang terpercaya. Karena dia pinter, dia sukanya sumber berita  yang panjang essaynya supaya dia ikut menganalisa. Jadi bisa memahami masalah lebih dalam pada akhirnya bisa membantu sesuai kapasitas dan kemampuan kita. Ini rasa rasanya kayak kasusnya ANGIN TAK PUNYA KTP 🤣🤣",7 hours ago,,,,2
https://www.youtube.com/watch?v=r1DSH9AQXLU,Ugw8kjhT81kWKJq2EAt4AaABAg,Youtube,@satupacul,"Iya kalau kata Teguh Pati, Mau korupsi Berapa Banyakpun kamu gak merasakan dampaknya, kamu tetap kaya, makanya kamu gak ngerasain susah seperti masyarakat kebanyakan yang dibawah UMKM omset 300 ribu aja dipajakin 😢😢😢",7 hours ago (edited),,,,0
https://www.youtube.com/watch?v=r1DSH9AQXLU,UgxhbluSFH9dRJVNdbh4AaABAg,Youtube,@adrianwardana-v9e,"i dont understand, apa aku yg kelewat bagian tone deafnya? apa aku yang idiot?",7 hours ago,,,,0
https://www.youtube.com/watch?v=r1DSH9AQXLU,UgzlAswbF7AYAhhUGvV4AaABAg,Youtube,@aisyahputri6203,Nggak relate mod 😀,7 hours ago,,,,0
https://www.youtube.com/watch?v=r1DSH9AQXLU,Ugzv0_pRb6F1AmUdPPl4AaABAg,Youtube,@diasad_.0,Bismilah komisaeis bumn,7 hours ago,,,,0
https://www.youtube.com/watch?v=r1DSH9AQXLU,UgzpkLSo2UCUHcbTkHh4AaABAg,Youtube,@tashamiel,"gue jadi gagal fokus dengan inti dari informasinya karena penggunaan bahasanya. ganggu banget. kalo mau bahasa Indonesia ya pake bahasa Indonesia aja. kalo mau pake bahasa Inggris, ya semuanya pake bahasa Inggris. menghancurkan tatanan dua bahasa sekaligus dah lu. katanya lulusan Stanford/Oxford/whatever tapi blo’on sok mindfulness. laughable, really.",7 hours ago,,,,1
https://www.youtube.com/watch?v=r1DSH9AQXLU,Ugz6niXpj5k9MOMjKZJ4AaABAg,Youtube,@Cupcakechocobar,"Netizen sumbu pendek bgt minim literasi hujat karna fomo doang,mikir kek klo ngetik,mikir objektif sedikit pun gabisa mo fomo.",7 hours ago,,,,3
https://www.youtube.com/watch?v=r1DSH9AQXLU,UgzufyenXyulRc3681t4AaABAg,Youtube,@RyuChristL,kecewa sama kak Maudy sih...,7 hours ago,,,,0
https://www.youtube.com/watch?v=r1DSH9AQXLU,Ugy8LvRTygj1WzDCjUN4AaABAg,Youtube,@NyankoGaming,"bro mengajarkan tutorial menolak REALITA . . . . dungu sih ini, lulusan Oxford pulak.",8 hours ago,,,,0
https://www.youtube.com/watch?v=r1DSH9AQXLU,Ugz-wgDgx6avEPMhks54AaABAg,Youtube,@panchaawrld8910,"selamat yaa, anda ke hujat🎉",8 hours ago,,,,0
https://www.youtube.com/watch?v=r1DSH9AQXLU,UgxgvVFxIGLZghrNkTh4AaABAg,Youtube,@mohamadsupriyatnarizki4198,"Mba, lebih baik turun langsung ke lapangan dan rasain berada diindonesia saat ini. Vidio mu gak ada manfaat sama sekali buat kami para rakyat, khususnya mereka yang memperjuangkan keadilan. Vidio gak guna dan gak layak ditonton karna hanya bisa berbicara tanpa ada pengalaman langsung dilapangan",8 hours ago,,,,0
https://www.youtube.com/watch?v=r1DSH9AQXLU,UgzRxDiBkR4bIhRPn2d4AaABAg,Youtube,@Hesviana-h7c,"NIR-EMPATI. KAMI YANG TINGGAL DI KALIMANTAN INI TIAP HARI HIRUP UDARA RACUN, KAMI DISINI RUMAH KAYU YANG BANYAK CELAH MASUK ASAP, HINGGA DI DALAM RUMAH PUN SAMA SESAKNYA KAYAK DI LUAR. RUMAH KAMI TIDAK PUNYA AC, TIDAK TERTUTUP SEPERTI RUMAH KALIAN DI JAKARTA YANG MEWAH.",8 hours ago,,,,0
https://www.youtube.com/watch?v=r1DSH9AQXLU,UgzoQqURjF4fXtsmrZp4AaABAg,Youtube,@VenueBoo,"Bayangin aja kalo viewnya bnr bnr terpengaruh sama tiap tips nya kakak ini, dmn ada masanya kita ga care, sm bad news, sekacau apa ni negara, masalahnya di tanggepi, di kritik aja kehidupan npc di indo, ga, kehidupan orang orang yg dizolimi disini masih sama aja kok, masih makan seadanya, masih susah buat dpt BBM, ga yg tbtb kita relax trs otak kita langsung fresh lagi dan kehidupan kita langsung berubah gt engga kan, tbtb krn otak gw fresh, bangun bangun gw lgsg main trade, jd milyarder, bro yg ada nih ya, bangun pagi pagi buat ngantri pertalite, that's a reality, bad news kamu tuh realita nya kita anjir?",8 hours ago,,,,0
https://www.youtube.com/watch?v=r1DSH9AQXLU,UgzpkLSo2UCUHcbTkHh4AaABAg.AamWCjWbQU6AamXkO-cw6E,Youtube,@Defindash,Iya jir ganggu bener bahasanya sok inggris banget,7 hours ago,,,,0
https://www.youtube.com/watch?v=r1DSH9AQXLU,Ugwv_azUFv7OI7-zw9V4AaABAg.AamWvyUZU61AamXZcjkjDe,Youtube,@Defindash,Jembut,7 hours ago,,,,0
https://www.youtube.com/watch?v=r1DSH9AQXLU,UgzgzPAsTw8d1Ll3oDZ4AaABAg.AamWsGKhDmcAamXdtidvPz,Youtube,@Defindash,Kebodohan dalam berpikir 🥀,7 hours ago,,,,0
https://www.youtube.com/watch?v=r1DSH9AQXLU,UgzgzPAsTw8d1Ll3oDZ4AaABAg.AamWsGKhDmcAamcA6X7O-M,Youtube,@rinaekach,"Lah iya aku juga heran orang2 ini aslinya nonton sampe habis gak sih, atau mungkin maksud orang2 itu lebih ke berharap Maudy ngeliat hal ini dari perspektif orang2 yg kena dampak.",6 hours ago (edited),,,,0
https://www.youtube.com/watch?v=r1DSH9AQXLU,Ugz6niXpj5k9MOMjKZJ4AaABAg.AamWCjDfKxLAamXqVNJHNV,Youtube,@Defindash,Dapat berapa kak?,7 hours ago,,,,0
https://www.youtube.com/watch?v=r1DSH9AQXLU,Ugz6niXpj5k9MOMjKZJ4AaABAg.AamWCjDfKxLAamY5ejNUoZ,Youtube,@Cupcakechocobar,​ @Defindash apasi fomo,7 hours ago,,,,0
https://www.youtube.com/watch?v=r1DSH9AQXLU,Ugy-IOf7sTdMuilK9lV4AaABAg,Youtube,@dinsa_0,kasus ini jadi refleksi besar tentang pentingnya memahami 'social awareness' sebelum membagikan tips 'self-awareness'.,8 hours ago,,,,0
https://www.youtube.com/watch?v=r1DSH9AQXLU,UgzPkpFOp5WhfhuB0tZ4AaABAg,Youtube,@azin422,EL TONE DEAF,8 hours ago,,,,0
https://www.youtube.com/watch?v=r1DSH9AQXLU,UgypaWLdfUhAI7Wk2rl4AaABAg,Youtube,@_Mohammadamirurrozaqi,Lu kira dengan mixing language lu langsung mutlak dominan gitu cuk?,8 hours ago,,,,0
https://www.youtube.com/watch?v=r1DSH9AQXLU,UgwD-Dkv5gWvkcKBDcp4AaABAg,Youtube,@fikriazis99,Keep caring while also protecting ourselves,8 hours ago,,,,0
https://www.youtube.com/watch?v=r1DSH9AQXLU,UgxQ1-nKmxfkbWHGObR4AaABAg,Youtube,@GitaPratiwi-d7h,"i didn't see any of ur ""struggle pribadi""🥴🥴",8 hours ago,,,,0
https://www.youtube.com/watch?v=r1DSH9AQXLU,UgxP7CIDhRCHdTsR6gR4AaABAg,Youtube,@TuangDalam,Bayang ngantri bensin 2 jam tiba di finish mati lampu bemm.truss anda disuruh tenang sma desil 100😂,8 hours ago (edited),,,,0
https://www.youtube.com/watch?v=r1DSH9AQXLU,UgwKv6-GPZgX5fsSN3Z4AaABAg,Youtube,@rigs3002,"Jujur aku lagi merasa kaya gini juga. Makasi, Kak udah jadi suara dari pemikiranku beberapa tahun ini. Poin pentingnya bukan menghiraukan, tapi bertahan agar tidak menjadi orang yang pesimis karena kalau udah pesimis, hanya hal buruk yang lahir dari kerja kita.

Moga aku bisa melakukan yang terbaik buat diriku karena dengan begitu aku bisa mengangkat dan mendukung orang"" di sekitarku.

You gained a new follower :)",8 hours ago,,,,1
https://www.youtube.com/watch?v=r1DSH9AQXLU,UgzqXKythnWERuMaMp14AaABAg,Youtube,@ZzeanaPR,jangan gitu ya. yaaa aku tau kok hidup mu serba enak dan semua cita2mu berhasil. tapi ini namanya bad reality yaaa. empatinya dong. dimana yaaa empati maudy ayunda. jangan gitu yaaaaa. aku unsubs youtube kamu loh cuma gara2 kamu nggak punya empati. ayolah negara kita emang lagi nggak baik2 aja. PLISS PAHAM KEADAAN🙏. KAMU EGOIS TAU NGGAK. maaf yah nggak usah di terusin lagi gimik mindful kamu ituh. kita nggak butuh orang kaya kamu🙏,8 hours ago,,,,0
https://www.youtube.com/watch?v=r1DSH9AQXLU,UgxbC7H9NqqfbOreT3x4AaABAg,Youtube,@grp1604,"ini target audience nya bukan yang terkena dampak nya secara langsung, ini target audience nya yang diluar wilayah yang ga terkena dampak dan yang overthinking dengan apa yang telah terjadi.

Soo i think thats why this is viral",8 hours ago,,,,0
https://www.youtube.com/watch?v=r1DSH9AQXLU,Ugx0vRumlFWbK6ga-eV4AaABAg,Youtube,@rasyidfaqih3438,Tuan putri gabisa pakai bahasa Indonesia yang baik dan benar ya?,8 hours ago,,,,0
https://www.youtube.com/watch?v=r1DSH9AQXLU,UgyDaSrFChu5kz4Sywh4AaABAg,Youtube,@HaloDunia-rb3ud,"Info: Dalam pandangan teologi dan narasi keagamaan (terutama Islam), Iblis digambarkan sebagai makhluk yang berilmu tinggi namun sama sekali tidak memiliki perasaan simpati atau empati terhadap manusia.",8 hours ago,,,,0
https://www.youtube.com/watch?v=r1DSH9AQXLU,UgzJVdmNclNDWcROxBB4AaABAg,Youtube,@EkaAditya-ic1zg,Taikkk,8 hours ago,,,,0
https://www.youtube.com/watch?v=r1DSH9AQXLU,Ugx-sENxNryruk1NPbt4AaABAg,Youtube,@Azzki141,Geli banget ajig nontonnya,8 hours ago,,,,0
https://www.youtube.com/watch?v=r1DSH9AQXLU,UgykOowaXY76B0370wJ4AaABAg,Youtube,@TataKarmita-r6m,"Di ajarin mindfullness sama seseorang yg ga pernah jajan gorengan di stasiun Tanah Abang,trus ga pernah ngerasain stres nya naik KRL di jam pulang kantor",8 hours ago,,,,2
https://www.youtube.com/watch?v=r1DSH9AQXLU,Ugwu07tPQ_d11ZVz3Ad4AaABAg,Youtube,@siti3588,Jahat bgt,8 hours ago,,,,0
https://www.youtube.com/watch?v=r1DSH9AQXLU,UgwCcWuPhzqviRrQMbJ4AaABAg,Youtube,@ファーミ,"Mindfullness in the edge from bad new 😌 singkat saja 
• NDASMU ! EMANG GW PIKIRIN •

beginikah kira²?",8 hours ago (edited),,,,0
https://www.youtube.com/watch?v=r1DSH9AQXLU,UgzfJZYpEoT-hWrUT8x4AaABAg,Youtube,@MrfinBibu,Sesekali nonton Naruto biar lu tau maudy arti dari rasa sakit. Lu gak akan tau kalau belum merasakan,8 hours ago,,,,0
https://www.youtube.com/watch?v=r1DSH9AQXLU,Ugw0pp7Z4QmKgMf8YJ14AaABAg,Youtube,@aristawidyaayus9427,"Kamu tidak tau bagaimana kondisi kami di kaltim skrng, makanya kamu cuma tau bnyk omong tanpa melihat secara nyata",8 hours ago,,,,0
https://www.youtube.com/watch?v=r1DSH9AQXLU,Ugy8-sIoWeVcWRerMAp4AaABAg,Youtube,@fernandozepanya9010,"Mindfulnes di tengah mata lu kelilipan abu erupsi, mindfulnes ketika asap karhutla nyampe ke rumah rumah di Kalimantan dan negara Asean lucu kurasa",8 hours ago,,,,0
https://www.youtube.com/watch?v=r1DSH9AQXLU,Ugzo3BVQhequZrPZ8wd4AaABAg,Youtube,@alexandergunawan8636,Silent Majority 😂,8 hours ago,,,,0
https://www.youtube.com/watch?v=r1DSH9AQXLU,UgwKv6-GPZgX5fsSN3Z4AaABAg.AamVLTJag4NAamW4iFFlC5,Youtube,@Defindash,Dapat berapa ribu bang ?,8 hours ago,,,,0
https://www.youtube.com/watch?v=r1DSH9AQXLU,Ugw1fUj575ASE6TC9tl4AaABAg,Youtube,@Faith_aja,Avocado sama cottage cheese... hmmm...,8 hours ago,,,,0
https://www.youtube.com/watch?v=r1DSH9AQXLU,Ugw85NsF4iRwtKjddDR4AaABAg,Youtube,@Dzulumat08,"LU EMANG PUNYA SEGALA NYA ,ORTU KAYA ,HIDUP ENAK ,UANG ADA , TAPI LU 1 YG GAK PUNYA ,YAITU PENGALAMAN HIDUP , BOCAH KEMAREN SORE CUIHHH",8 hours ago,,,,0
https://www.youtube.com/watch?v=r1DSH9AQXLU,UgxGhqPp8VpxTCCzlOJ4AaABAg,Youtube,@bela2246,"May i have some critics? Sebenernya poin setelah ak liat video ini memang ada benarnya, udh banyak yg kritik sistem yg ada di negara ini, tetapi sampe sekarang belum terlaksana, jadi ya mungkin cara lainnya emang kita harus berusaha untuk calm down... Gaada masalah selesai dgn amarah😅

Tapi mungkin hal ini yg jadi evaluasi, kalau emang ini menyangkut topik super duper serius, buat konten ini sambil a day in my life kyk sarapan gitu, itu lebih cocok kalau masalahnya mungkin aga santai, sedangkan ini tu masalahnya dibilang santai juga gabisa, jadi yaa, saran evaluasi, angkat topik yang memang membuat Indonesia tu overhelmed, terus berikan aksi dan reaksi yang dapat warga lakukan alih alih panik dan stres berlebihan... Walau memang itu jelas bukan perkara yang mudah

Itu aja si kritik dari aku, soalnya ak juga tau keresahan warga negeri ini tu udh di level dimana nyaris pasrah si :<... Jadi tolong di perbaiki atau di takedown dulu daripada menuai kontroversi yg mungkin bukan itu maksud videonya😅",8 hours ago,,,,0
https://www.youtube.com/watch?v=r1DSH9AQXLU,Ugy8ip5o515iIANyXtV4AaABAg,Youtube,@etik.ulfianita,"Itu pemikiran dia, gak salah² juga. Yang salah apa?  Dia share pemikiran yang tidak empati ini di akun publik. Palagi dia LPDP. Jadi ingat kasus alumni LPDP yg bilang ga pengen anaknya jadi WNI. Hmmm.. oversharing siih",8 hours ago,,,,1
https://www.youtube.com/watch?v=r1DSH9AQXLU,Ugx03YtdY1pJZg7dHdp4AaABAg,Youtube,@yboi2435,"No wonder kenapa banyak orang bisa marah sama konten yang dibuat orang ini. 

Seakan-akan berita negatif jangan terlalu dipikirin, JUSTRU HARUS BANGET DI PIKIRIN. Imagine you're on the ship and the ship is sinking, and you just say, ""Don't think about it; just relax..."" Dan saya dengar kamu itu penerima LPDP, kok bisa kamu berpikir seperti ini ya? Ohh... kamu gak tau ya? Kok gak riset dulu? Kok gak liat di yt orang yang kurang mampu kondisi tempat tinggalnya gimana? Kok gak mikir dulu kalau gaji di Indonesia itu underpaid banget (saya pernah ditawarkan kerja di hotel jadi HK digaji 100rb per hari dari jam 7 sampe jam 5, belum di potong bensin, makan, servis motor, pajak, dan kebutuhan rumah)",8 hours ago,,,,0
https://www.youtube.com/watch?v=r1DSH9AQXLU,Ugy1SCupMYozcIzOMl54AaABAg,Youtube,@nattalogan,"jujur, kombinasi topik, ekspresi, property, dan elemen pada konten ini terasa disturbing banget.

kok bisa sambil senyum2? Kok bisa flexing expensive meal dengan topik yg begini?


Are u naturally stupid?",8 hours ago,,,,0
https://www.youtube.com/watch?v=r1DSH9AQXLU,Ugz0BXjcLFh86NlG2RV4AaABAg,Youtube,@arsitex-889,"Halo kak Maudy maaf ya kalau penderitaan kami membuat kamu merasa terganggu,dan membuat kamu merasa bosan dgn Bad news nya, tapi yg perlu kamu ingat dan kamu literasikan kami di sini benar "" sedang memperjuangkan hidup kami di tengah bencana karhutla asapnya kami hirup dan setiap hari kami harus menghirup udara yg tidak lagi segar bahkan untuk mencari air minum pun sangat sulit jadi kalau kamu merasa terganggu dgn bad news ini kamu bisa skip berita nya dan cukup diam saja . Agar tidak terjadi seperti ini lagi setidaknya tunjukkanlah jika kamu benar"" punya empati kepada org lain khususnya bagi orang"" yg terkena dampak langsung dari bencana yg terjadi saat ini",8 hours ago,,,,0
https://www.youtube.com/watch?v=r1DSH9AQXLU,UgwfEXNG6h4XS_EN62p4AaABAg,Youtube,@nofaerischa7144,"Makasih mood tipsnya, kamu bener kok cuma salah negara aja",8 hours ago,,,,0
https://www.youtube.com/watch?v=r1DSH9AQXLU,UgxZl2Ym3U8qM1MrX9N4AaABAg,Youtube,@galsx453,"i mean, nothing offensive in this video, Maudy ga salah ngebawa pembahasan ini untuk ngebatasin konsumsi kita pada berita negatif, i know kalau berita itu adalah reality tapi what's u gonna do about it? nothing. makanya kita cukup tau informasi dan kebenarannya dan batasin apa aja yang masuk dan ngejaga kesehatan mental diri sendiri. wtf is wrong with u guys?",8 hours ago,,,,1
https://www.youtube.com/watch?v=r1DSH9AQXLU,UgxWu-cdnXuQ3e7Sbo94AaABAg,Youtube,@DeaSepfirstyanjariAlfurqanZabb,🤮,8 hours ago,,,,0
https://www.youtube.com/watch?v=r1DSH9AQXLU,Ugx9DjsA2M-qzr2nw8t4AaABAg,Youtube,@_Mohammadamirurrozaqi,SYBAU,8 hours ago,,,,0
https://www.youtube.com/watch?v=r1DSH9AQXLU,UgzC7z8HcxU2wBlmGu94AaABAg,Youtube,@NamaakuKarimah-z6g,"Kaget, ternyata dia gaada empatinya. 😅 jauh-jauh sekolah ke LN, cara berpikirnya ternyata cuma begini doang",8 hours ago,,,,0
https://www.youtube.com/watch?v=r1DSH9AQXLU,UgyXo1A9VYaYE09uESp4AaABAg,Youtube,@riorps9550,"Klarifikasi pun tetap pembelaan diri, memang lu pintar, tapi diam lebih baik kayaknya😂😂😂",8 hours ago,,,,0
https://www.youtube.com/watch?v=r1DSH9AQXLU,UgxKAS9FGGFbofjUYRR4AaABAg,Youtube,@micro8078,"agreed, nothing more than the word agreed. keep strong maudy, ignore all the hate comments, consider all the critics and think the way u think. nothing wrong with it, its js wrong u talk to indonesians cause they cant process this level of thinking. Gbu!",8 hours ago,,,,4
https://www.youtube.com/watch?v=r1DSH9AQXLU,UgxOUuwcRWTFQV3k5KV4AaABAg,Youtube,@Xiaomianjing-b6v,"Kami rakyat yg jadi tokoh utama di Bad news itu,malah lu suruh ngehindarin,, gimana logikanya,,

Satu lagu,lu makan mahal,dirumah mewah ber AC,bisa2nya ngasih nasehat begitu.",8 hours ago,,,,0
https://www.youtube.com/watch?v=r1DSH9AQXLU,Ugw2pRxcjLzZKWdWJ0R4AaABAg,Youtube,@hebatkamubud-d,"Langsung ke intinya saja, mau jabatan apa? 😂",8 hours ago,,,,1
https://www.youtube.com/watch?v=r1DSH9AQXLU,Ugxd57NVpC4mA4k0yIB4AaABAg,Youtube,@cerita49,"Maudy, M nya Mindfulness",8 hours ago,,,,0
https://www.youtube.com/watch?v=r1DSH9AQXLU,UgzjiE3ckKLTrD650jZ4AaABAg,Youtube,@alexoxide,"marie antoinette indo. yapping mulu, coba dia lahir dijaman prancis udah tinggal kepala nih orang",8 hours ago (edited),,,,0
https://www.youtube.com/watch?v=r1DSH9AQXLU,UgxTA6G2rqpjhH0wPvd4AaABAg,Youtube,@LutfiIAP2024,T A I,8 hours ago,,,,0
https://www.youtube.com/watch?v=r1DSH9AQXLU,UgzS30EA53aR4zQM-IV4AaABAg,Youtube,@Z-X.PROJECT,"if you have empathy, you have brain, if you din't have empathy you have no brain...karena rasa kasihan kita itu di otak...minimal...kalau mau sehatin mental...YAUDAH GAK USAH BACA BERITA~~~~...benar kata orang ""jangan merasa tinggi jika kamu manusia karena mereka juga manusia seperti mu"" kau mengajari kita sabar...tapi otak mu tidak sabaran memproses empati....yeah..itu aja dari aku...kau sibuk memasak?..mereka sibuk bekerja",8 hours ago (edited),,,,0
https://www.youtube.com/watch?v=r1DSH9AQXLU,UgykOowaXY76B0370wJ4AaABAg.AamV4J18bJrAamiI28OO25,Youtube,@aenzeet15,dan gapernah ngantri pertalite pake beat😢,6 hours ago,,,,0
https://www.youtube.com/watch?v=r1DSH9AQXLU,UgykOowaXY76B0370wJ4AaABAg.AamV4J18bJrAamiD9vfFMc,Youtube,@kyoubaoaxkaw,"Yakali mau di bandingin sama dia yg dri kecil udh di manjain ortu yg kaya raya, klo gagal sukses tinggal telepon ortu minta tolong dengan duit ortunya, emang orang begini emang harus di ledakan rumahnya cok biar miskin si audy audy ini 😂",6 hours ago,,,,0
https://www.youtube.com/watch?v=r1DSH9AQXLU,UgxZl2Ym3U8qM1MrX9N4AaABAg.AamU9s-tx9jAamdCFi3vB6,Youtube,@rinaekach,Mungkin netizen berharap isi pembahasannya juga diliat dari perspektif orang2 yg kena dampak.,6 hours ago,,,,0
https://www.youtube.com/watch?v=r1DSH9AQXLU,UgxKAS9FGGFbofjUYRR4AaABAg.AamTorkm6fWAamUKDCMVeI,Youtube,@noeraaaaaaa,"no dia gak spenuhnya benar,iam so sorry,sebagai fansnya aku juga cukup kecewa dgn apa yg kk maudy sampaikan,krna hal yg disampaikan kurang cocok di situasi negri yg sedang chaos.",8 hours ago,,,,0
https://www.youtube.com/watch?v=r1DSH9AQXLU,UgxKAS9FGGFbofjUYRR4AaABAg.AamTorkm6fWAamUTgthSvp,Youtube,@noeraaaaaaa,"sudah banyak kok org org yg mengkritik dia dgn sopan,influencer” senior yg memberi kritik dgn sopan bahwasanha si maudy ini emanh sedikit kurang tepat dlm menyampaikan hal ini,smoga kak maudy bisa lebih bijaksana ya",8 hours ago,,,,0
https://www.youtube.com/watch?v=r1DSH9AQXLU,UgxKAS9FGGFbofjUYRR4AaABAg.AamTorkm6fWAamWPmCnu2c,Youtube,@Defindash,Cair bang,7 hours ago,,,,0
https://www.youtube.com/watch?v=r1DSH9AQXLU,UgxKAS9FGGFbofjUYRR4AaABAg.AamTorkm6fWAamWljFjDg3,Youtube,@noeraaaaaaa," @Defindash wkwkwkw biasa buzzer,padahal maudy itu gak 100% heran aja yg bilang dia 100% benar",7 hours ago,,,,0
https://www.youtube.com/watch?v=r1DSH9AQXLU,UgxbAzQ5BJ1LseWks_h4AaABAg,Youtube,@yuhuy1010,take down aja kali video nya ka maudy,8 hours ago,,,,0
https://www.youtube.com/watch?v=r1DSH9AQXLU,Ugxa5IAOM-fSzdY_UW54AaABAg,Youtube,@rinierr8607,"Bayangin. 
Kita cuma denger kabar buruk, 
Tapi saudara kita di Kalimantan, bahkan untuk nafas aja udaranya BERBAHAYA. 
Bahkan ada orang yg secara ekonomi mampu, bisa mengatasi asap dengan purifier dan AC, tapi malah dihantam dengan MATI LISTRIK. 
GA BISA KEMANA2 KARNA BAYI BARU LAHIR GA BISA NAIK PESAWAT.
BAYANGKAAAANNNNN MAUDY CUKUP BAYANGKAAANNNNN",8 hours ago,,,,0
https://www.youtube.com/watch?v=r1DSH9AQXLU,UgxoOnWFYqnqQSvbuax4AaABAg,Youtube,@riestaniamahar2103,"kamu hanya terlalu sensitif dan lemah belajar menerima kenyataan, hidup itu pait Kak yang enak pikiran itu cuma di surga aja. Kalau emang kamu bilang its okay buat overwhelmed, ya udah inilah kenyataanya memang sedang sesulit ini keadaan hidup di dunia dan yang dibutuhkan orang2 saat ini tu apa Fight Kak org2 butuh Fight..Kamu sedang bicara dihadapan orang2 yang terdampak dan org2 yang menerima atau menyaksikan musibah, atau kedzaliman. Kamu  ada dibarisan yang mana? jika ada dibarisan yang menyaksikan dan menerima kabar maka baiknya berempati dengan tidak menyuarakan lelahnya pikiran yang menerima kabar2 tersebut karena suara kita sumbang dihadapan mereka2 yang terdampak langsung tidak sebanding emosi lelahnya kita dan mereka adanya ketimpangan emosi dan tidak mewakili.",8 hours ago (edited),,,,0
https://www.youtube.com/watch?v=r1DSH9AQXLU,UgzQw8M3fjklG74wuGR4AaABAg,Youtube,@dandi6779,"Tuan putri berfikir kita bisa keluar dari reality ini hanya dgn tidak memikirkannya, Ksabar😂",8 hours ago,,,,0
https://www.youtube.com/watch?v=r1DSH9AQXLU,UgyE1yhjcublKYQNDYd4AaABAg,Youtube,@h-h-d2m,"Tuh lihat, komennya maudi saja sudah jelasin kayak gitu, sama seperti aku yang jelaskan di komenku. Masak masih ada short short yang ngejelekin maudi si. Nggak ambil positif saja. Nggak lihat lagi update terbaru penjelasan maudi di komen vidionya.",8 hours ago,,,,0
https://www.youtube.com/watch?v=r1DSH9AQXLU,UgzwGGlWBGTMasZ2GQx4AaABAg,Youtube,@Rinabaler,Aduh Maudy dari kuliah lu ruh figure perempuan yg inspiratif bg gw tapi semenjak lu buat konten ini ngomong tentang harus menghindari bad News tau di Indo lagi duka sana sni dan lu mestinya yg jd figur dan berpengaruh tapi Endingnya mengecewakan gw uda anti namanya Maudy gak respect ama lu,8 hours ago,,,,0
https://www.youtube.com/watch?v=r1DSH9AQXLU,Ugy6ki4S23MaYnDSvet4AaABAg,Youtube,@bundawarda7197,"Seharusnya pemikiran ini di keep sendiri, apalgi momen nya gak pas",8 hours ago,,,,0
https://www.youtube.com/watch?v=r1DSH9AQXLU,Ugy3YGMZp0aanq5iIjZ4AaABAg,Youtube,@kizl2789,"Next time, be fair. You can make a whole video about mindfulness, but only a text comment for clarification?""",8 hours ago,,,,0
https://www.youtube.com/watch?v=r1DSH9AQXLU,UgwE7fO5ttWaVvifsUt4AaABAg,Youtube,@anisyahharti2790,"Such a cold heart, well miss education .. realita ga relate dengan mindfull cantikk.. coba deh, jangan konteks buku terus.. ke lapangan yuukk!! Apakah mindfull bisa di aplikasikaann??!!",8 hours ago,,,,0
https://www.youtube.com/watch?v=r1DSH9AQXLU,UgwJGFrMfn9Xr3HoCah4AaABAg,Youtube,@salescis-p1j,"kayaknya kita emang gak relate aja sih dengan kehidupan dirimu yang sudah mapan bahkan sebelum dirimu lahir, hidup di lingkungan keluarga mapan yang kayaknya sesusah-sesusahnya dirimu gak kan pernah ngalamin sesusah kebanyakan kita. definisi bad news menurutmu tentu beda dengan bad news yang kita alami. Dirimu pinter, sekolah di salahsatu institusi pendidikan terbaik di dunia, tapi itu semua gak membuatmu Empati.",8 hours ago,,,,0
https://www.youtube.com/watch?v=r1DSH9AQXLU,UgxDwSkmtZY8DvyE3_d4AaABAg,Youtube,@asscendio2025,"Sebenernya gini guys, i try to be objective about the things that has been circulated online spesifically about this maudy's post.

And here's the thing, kita bisa aja merasa sedih dan ikut sakit ketika melihat orang lain tersakiti, like when we were walking on the side road and all of sudden ada ibu2 bawa anak ketabrak mobil.

We feel empathy, like kinda felt hurt when we saw ibu dan anak itu kesakitan. But, even so, these are two different rasa sakit.

Maudy discussed about how we, as someone who are not trully the one that get hurt, manage this shared feeling called empathy, because empathy can sometimes act like boomerang to us that make us overwhelm. How we can still help others but also protecting ourself from being overwhelm that can ends up make us dysfunction.",8 hours ago (edited),,,,0
https://www.youtube.com/watch?v=r1DSH9AQXLU,UgydQSwdNT3Q8AtXGql4AaABAg,Youtube,@h-h-d2m,"Lah ambil positif saja ngapa si. Yang di sampaikan itu benar, bahkan kajian kajian yang isinya bahas solusi buat kesehatan mental juga 11 12 kayak yang di sampainya maudi. Jadi ambil positif saja. Tetap berjuang membantu yang membutuhkan dengan menyuarakan, dsb. Tapi jangan sampai berita buruk yang terus terpapar ke kita itu, ngerusak kita secara mental, sehingga buat lelah sendiri. Ada yang namanya batasan. Lebih bijak min dalam menyampaikan. Ambil positif nya saja yang di sampikan maudi ayunda. Dia nggak salah, jangan di hujat. Dia benar juga. Yang seharusnya salah itu pemerintah yang nggak ada tanggapan apa-apa untuk segera menuntaskan krisis yang ada di indonesia ini.

Aku lihat komen dan netizen Indonesia ini sangat buruk pemahaman dalam menilai apa yang di sampaikan orang lain. Ambil positif nya woi. Ini terbukti sekali, bahwa pola pikir dan pemahaman orang yang berilmu dan tidak. Yang berilmu dan pembelajar, pasti amb positif nya, dan orang yang tidak, pasti langsung menghujat.

Dan benar maudi. Aku pun capek melihat berita buruk yang terus menerus ada, dan pasti ada juga yang mengalami seperti ini. Itu sebabnya maudi ayunda ngasih tipsnya, jadi ambil positif nya. Tapi tetap menyuarakan dan membantu, cuman harus ada batasan untuk kesehatan. Gimana mau ngedukung dan bantu kalau kesehatan secara fisik dan mental saja lelah dan rusak sebab tidak adanya jeda dan batasan dalam menerima berita berita buruk di sosial media.",8 hours ago,,,,0
https://www.youtube.com/watch?v=r1DSH9AQXLU,Ugzj99D8wwr4WhzrF4Z4AaABAg,Youtube,@sarahzinta,Tone deaf brutal sih ini,8 hours ago,,,,0
https://www.youtube.com/watch?v=r1DSH9AQXLU,Ugx7Z7Hpqi7QW1WQuFd4AaABAg,Youtube,@qnyyyylq,ga punya empati,8 hours ago,,,,0
https://www.youtube.com/watch?v=r1DSH9AQXLU,UgyH1n1op9iAQcRQ8OJ4AaABAg,Youtube,@randyboz,tai,8 hours ago,,,,0
https://www.youtube.com/watch?v=r1DSH9AQXLU,UgwWF1cp58QKlSMa_7J4AaABAg,Youtube,@mariapasaribu3209,"Apaan sih sok asik, mending hapus aja videomu ini,,,,,",8 hours ago,,,,0
https://www.youtube.com/watch?v=r1DSH9AQXLU,UgyHGGE-54mfocAGb0Z4AaABAg,Youtube,@hafidhist,"Kak, kakak kan lulusan ivy league ya. Harusnya tau ada piramida kebutuhan Maslow.

Di paling dasar ada kebutuhan fisiologis (nafas, makan)

Trus di atasnya rasa aman, dan

Yang paling atas baru mindfulness.

Itu artinya mindfulness itu bisa dicapai ketika kebutuhan dasarnya tercukupi.

Masalahnya, sebagian besar org yg terdampak--yang kakak anggep bad news itu--kebutuhan dasarnya blm terpenuhi.

Gimana cara bisa mindfulness kalo kebutuhan dasar aja blm terpenuhi? Ini basic banget kak buat memahami ini",8 hours ago,,,,2
https://www.youtube.com/watch?v=r1DSH9AQXLU,Ugw2DD0CIZfqwLTzMF54AaABAg,Youtube,@rabka2364,"Bayarin listrik rumah aku dong, sering mati listrik bayar Nya kgk murah lg",8 hours ago,,,,0
https://www.youtube.com/watch?v=r1DSH9AQXLU,Ugy5BjoVIlI6NHLUDn94AaABAg,Youtube,@Serwyqueen,"I understand the point she was trying to make in the video, and I can relate to what she was feeling as well.

I believe everyone has the right to choose their own way of caring, regardless of their background or status, whether they’re an ordinary person, a public figure, an influencer, or anything else. You can’t force or demand that someone has to do A, B, or C simply because that’s what you consider the “right” way to care.

Everyone has their own way of showing that they care. Maybe what Maudy was discussing was a little too nuanced or deep, and not everyone was able to understand the point she was trying to make. That may be why some people misunderstood her and thought she was being tone-deaf.",8 hours ago,,,,0
https://www.youtube.com/watch?v=r1DSH9AQXLU,Ugw7pzS23D8fRXfhAYJ4AaABAg,Youtube,@frame-frenzyx,"Jahat sih ini 😢
Tapi dia akan tetep tone deaf sih kyknya

Jawabannya juga defensif 😂😂😂",8 hours ago,,,,0
https://www.youtube.com/watch?v=r1DSH9AQXLU,Ugy8ip5o515iIANyXtV4AaABAg.AamUeqAhSNzAanI_DK8IIf,Youtube,@Noona_Imel,Bner,39 minutes ago,,,,0
https://www.youtube.com/watch?v=r1DSH9AQXLU,UgyHGGE-54mfocAGb0Z4AaABAg.AamSZYSo92fAamTZea_11h,Youtube,@fransarts1314,"Well Said. Dulu tuh aku ngira kalau mindfulness bisa diterapkan ke semua org,  trnyta ada hal yg harus terpenuhi dulu. Jadi, kalau dipikir2 rasanya kurang bijak mengajak org lain untuk mindfulness tanpa mikir kondisi org bberbeda-beda",8 hours ago,,,,0
https://www.youtube.com/watch?v=r1DSH9AQXLU,UgyHGGE-54mfocAGb0Z4AaABAg.AamSZYSo92fAamScjEJl_h,Youtube,@qnyyyylq,😢😢😢😢😢,8 hours ago,,,,0
https://www.youtube.com/watch?v=r1DSH9AQXLU,UgyAwQ9k391QCL8KLDh4AaABAg,Youtube,@akhmadrafi2102,-1 EMPATI 👎🏿,8 hours ago,,,,1
https://www.youtube.com/watch?v=r1DSH9AQXLU,UgzOaIN-eGtsZSNM1Tt4AaABAg,Youtube,@narissaarviani,“How do we keep caring while also protecting ourselves”?? No. We must keep protecting each other as civilians.,8 hours ago,,,,0
https://www.youtube.com/watch?v=r1DSH9AQXLU,Ugz_GxUARkCRmhlRswZ4AaABAg,Youtube,@2ndCasablancas,"buat semua temen-temen aku di luar sana yang merasakan dampak karhutla, struggle BBM naik, kecemasan erupsi, dan peristiwa buruk lainnya, semoga diberikan kekuatan untuk tetap bisa menjalani aktivitas kalian setiap hari oleh yang maha esa.",8 hours ago,,,,0
https://www.youtube.com/watch?v=r1DSH9AQXLU,Ugwdwh7mniDQd-REkkh4AaABAg,Youtube,@Arjasari-m4w7b,"I get what you mean ka, semangatt ya don't let negative comments burden you, it's natural to share your opinion and nothing wrong in ur word for me",8 hours ago,,,,0
https://www.youtube.com/watch?v=r1DSH9AQXLU,Ugxdl9vTPBwxIdHZqfJ4AaABAg,Youtube,@elkanaabetosurbakti,"Dengan statement nya di komentar sebenarnya dia sedang membela diri juga secara gak langsung, kejam sih memang",8 hours ago,,,,0
https://www.youtube.com/watch?v=r1DSH9AQXLU,UgxOaBUxe-rc1J_88zN4AaABAg,Youtube,@fauzanakmal5793,"Saran aja ka, kalo emang peduli sama saudara kita sekalian buat aksi nyata kaya galang dana atau sekedar bantu sebar penggalangan dana yang lagi berjalan yang di iniasiasi sama temen temen. Kak maudy punya audience begitu besar bayangkan impact real yang bisa diterima saudara kita yang lagi membutuhkan dengan aksi se-simpel menautkan link donasi dan ngajak audiens ka maudy untuk bantu sesama warga.",8 hours ago,,,,0
https://www.youtube.com/watch?v=r1DSH9AQXLU,UgznjPKygEC6Bkb8G7d4AaABAg,Youtube,@FelixAltaf,"Mungkin yang kamu maksud baik ya....Tapi membahas  hal ini ditempat yang nyaman, dengan makanan terkontrol dan boleh dibilang sebagai makanan mahal seperti benar2 tidak memiliki simpati ditengah mereka mereka yang jangankan makanan sehat, bisa makan aja susah.
Kalau kamu pernah benar benar melihat dan mengetahui kondisi mereka, walaupun kamu menjaga mental diri sendiri pasti ga akan tega berkata dan memposting seperti ini",8 hours ago (edited),,,,0
https://www.youtube.com/watch?v=r1DSH9AQXLU,UgwxLflgqkNOtkfBeRF4AaABAg,Youtube,@RAIDENXs795,"Bikin konten dipikir mbak jangan mentang mentang ngerasa bijak tapi gak ngerasa poverty parah yah mending bantu 
Bukan nyuruh orang bodo amat jirs",8 hours ago,,,,0
https://www.youtube.com/watch?v=r1DSH9AQXLU,Ugyhumij3Lif1J6slYF4AaABAg,Youtube,@IceuFrozz,Just because you inhabit the same world doesn't mean you see the same things. One can never fully understand another person until they have experienced the same suffering. - Pain Akatsuki,8 hours ago,,,,0
https://www.youtube.com/watch?v=r1DSH9AQXLU,Ugwertmu0bS5pIzROLt4AaABAg,Youtube,@onnycyofficial2263,Wkwkkwkw keliatan gak pernah susah 🤣,8 hours ago,,,,0
https://www.youtube.com/watch?v=r1DSH9AQXLU,UgwzGmn99Z9KdlG3uAh4AaABAg,Youtube,@josefineginting8103,Sepetinya lebih mindful kalo videonya di take down agar tidak mengundang ujaran kebencian karna kurangnya empaty orang kelas menengah ke atas😅😅,8 hours ago,,,,0
https://www.youtube.com/watch?v=r1DSH9AQXLU,Ugz66RqfmR2M62ffA-N4AaABAg,Youtube,@indrams03,"Beruntung aja mbak jalan hidupmu. Kaya/Have dari lahir, jadi Penyanyi dan Artis/Aktris, mana studi lanjut dapat Beasiswa lagi dan dapat Suami Orang Korea.",8 hours ago (edited),,,,0
https://www.youtube.com/watch?v=r1DSH9AQXLU,UgxfNVBKLnkSlpdSdHx4AaABAg,Youtube,@notanalien9041,"I've been your ""silent hater"" ever since your statement about your ""goals"" on erasing multiple choices in test. I felt like you were just a know-it-all girl who failed to address one of the main problems of Indonesia's education. Needless to say, I'm wrong. You're not know-it-all. You're just problematic and tone deaf. You're an LPDP awardee and yet you don't contribute to the country at all while spewing some nonsense in this video. Babe, your education is from MY MONEY and taxpayers' money.",8 hours ago (edited),,,,0
https://www.youtube.com/watch?v=r1DSH9AQXLU,UgzYNmFKhQSDzFoNr514AaABAg,Youtube,@dbaichewycookie,"Kan kmu ga ngerasain kan di sana, psti kalau ngerasain kmu jga psti gamau, klau kmu bad news, kalau org² yg merasakan itu bad reality  y, berpikir dulu yuk 😂",8 hours ago,,,,0
https://www.youtube.com/watch?v=r1DSH9AQXLU,UgxEBZZdwJ9cWiUb_tN4AaABAg,Youtube,@Esther-iv5vx,Oh ini yang katanya The New Kartini,8 hours ago,,,,0
https://www.youtube.com/watch?v=r1DSH9AQXLU,UgxHYoRqaMvFEX3aTUp4AaABAg,Youtube,@SitiRahayu-r6x,Ternyata cantik dan pinteeeeerrrr aja gak cukup yes😢,8 hours ago,,,,0
https://www.youtube.com/watch?v=r1DSH9AQXLU,UgzIgAmfWIbiecgsuqZ4AaABAg,Youtube,@muhammadalamsyahputra-d5e,"kamu menyampaikan berita dengan bahasa yang mana kalau di Indonesia di sebut, ngober.",8 hours ago,,,,0
https://www.youtube.com/watch?v=r1DSH9AQXLU,Ugx1qXOmt0ZQrzd0CWJ4AaABAg,Youtube,@constanzealee,"So lucky of you, that you don't need to face the problems that happen here, the disaster, and the reality.. :) Really funny to sharing your own thoughts to so much people that have struggle and still living in Indonesia. It's pathetic to hear your reason that we must to ignore the news. Just remember, that the people, the animals that living on there also experiencing the effect of the disaster. I think you'd better to speak up loudly, especially you're having your rights to give the aspiration to other world, so that all of the problem that happen in this country get attention dan negara ini bisa balik jadi normal. Hope this helps, and next time be careful to what do you want to say on social media. :)",8 hours ago,,,,0
https://www.youtube.com/watch?v=r1DSH9AQXLU,UgzXRq05IvK2PS8TcQZ4AaABAg,Youtube,@SamNehas,"I truly understand the point you want to present, but your way of presenting this topic could not be worse than this.

this is just not what people need. this is just toxic positivity, and probably selfish. and the way you have the audacity to post this? unimaginable. you couldve say in the beginning or even the end like ""Yeah guys i know we're in a really bad place right now, and theres not much we can do, but we can sure donate and pray, and just by praying, we need to have faith, that there will be a way, for us to move, and break through this disasters. I'm always praying, I hope people affected by Karhutla will get better, I hope God pours rains all over our land to wash out all of the fires and smokes, Bless you guys. Keep fighting, keep praying, tetap waspada, and keep yourself sane and resourceful so you can help others too"" LIKE JUST LIKE THAT IS THAT HARD? you made this post all about yourself 🤦‍♂🤦‍♂not one time you mentioned anything apecific about the ""bad news"" you kept talking about, you just brushed it off as ""bad news"" as if it's not important to be ACKNOWLEDGED.",8 hours ago (edited),,,,0
https://www.youtube.com/watch?v=r1DSH9AQXLU,UgzK4Ci0O2RuahdvL6J4AaABAg,Youtube,@ekocahyo9244,"Kalo elo mau bodo amat cuek sama berita buruk di indonesia,mending keep buat elu sendiri sih.ga usah sok2an jadi motivator hidup yang ujungnya elu sendiri ga pernah ngerasain semua hal buruk itu.jadi pepatah diam itu emas ada benarnya.kalo tidak bisa menyuarakan hal yang sedang orang perjuangkan mending jangan bnyak omong kosong",8 hours ago,,,,1
https://www.youtube.com/watch?v=r1DSH9AQXLU,UgwX5MOjKUAdopchhW14AaABAg,Youtube,@freepals8533,mindfulness in the age of bad news vs perseverance in the face of grief,8 hours ago,,,,0
https://www.youtube.com/watch?v=r1DSH9AQXLU,Ugynp5Za3nUJ8N43zdx4AaABAg,Youtube,@ShortzClip01,Apa kabarnya mental orang² yg ada di bad news itu? You think they mental aman¿,8 hours ago,,,,0
https://www.youtube.com/watch?v=r1DSH9AQXLU,UgwOYsAU4PIdz9bZ-KR4AaABAg,Youtube,@arunatools,"Sebenarnya dia ngejelasin kenapa lu semua manusia modern gampang stress,,, 
Faktor evolusi, dulu kita hidup di kelompok kecil beritanya dikit, otak lu mencerna berita baik dan buruk itu perlahan,, sekarang kita hidup dengan sosmed, berita baik dan buruk datang dari seluruh dunia,, otak lu masih otak yg sama speknya seperti di jaman purba tersebut, itu kenapa otak lu kelelahan, jika beritanya negatif itu bikin lu stress!

Kedua, kita merasa stress gelo pusing, datang dari perasaan kita kehilangannya kontrol akan masalah yg kita hadapi, karena semua lu pada kronik online, no life, dan korban algoritma yg suka ngasih lu berita negatif,, maka berita negatif itu jadi masalah lu, tapi lu gak punya kontrol atau kemampuan apapun menyelesaikan masalah itu,, ya iyalah buruh pabrik mikirin perang Iran dan ijazah Jokowi,, apeee yg bisa lu perbuat,, tapi sekali lagi karena lu kecanduan sosmed dan hp,, seolah itu jadi masalah lu,, dan harus lu selesaikan tapi lu gak bisa apa apa,, atau lu gak punya kontrol dan itu bikin lu gelooo,, sesederhana itu bro,, 
Lu semua yg ngehujat ni teteh cakep salah nonton konten,, ni konten buka. Buat lu,, udah nonton dracin dan debat ijazah Jokowi aja,, lebih cocok",8 hours ago,,,,0
https://www.youtube.com/watch?v=r1DSH9AQXLU,Ugw8pnta7XjavwptW294AaABAg,Youtube,@ShortzClip01,"Rumah mu atapnya gk bocor laper tinggal makan ber ac lagi, gk bakal bisa ngerasain rasanya diposisi orang² yg ada di bad news, gk pernah ngerasa makan nasi sama garem, bahkan rela puasa buat nahan lapar karena gada uang, well but semoga anda ngerasain apa yg ada di bad news 👌 yg buat your mentality jadi tired😹",8 hours ago (edited),,,,0
https://www.youtube.com/watch?v=r1DSH9AQXLU,UgwkDwUMSMGO7Gn3W_B4AaABAg,Youtube,@DamiAntari-w3o,"Anda dapet bad news aja capek, aplagi org2 yg terdampak, ternyata kuliah di universitas terbaik jg tidak menjadikan orang memiliki empati yaa😅😅",8 hours ago,,,,0
https://www.youtube.com/watch?v=r1DSH9AQXLU,UgwSYm8gAM5IpDqfJ8B4AaABAg,Youtube,@beatlamenttheworld,"FYI  pandemic Covid is 5 years a go mista, its to late for share type this shi.",8 hours ago,,,,0
https://www.youtube.com/watch?v=r1DSH9AQXLU,UgxAhzpxkwRXLOIb3ZB4AaABAg,Youtube,@podsfilmid,"😊 ngunyah alpukat didalam ruangan ber ac, tapi dia nyuruh orang sabar pada saat kelaparan dan kepanasan....",8 hours ago (edited),,,,0
https://www.youtube.com/watch?v=r1DSH9AQXLU,UgzbtsSAZbUw_gcR_b94AaABAg,Youtube,@septiantonugroho9451,Adab lebih tinggi dari ilmu.. it's TRUE,8 hours ago,,,,0
https://www.youtube.com/watch?v=r1DSH9AQXLU,UgxN_7g4ivpmWV5qmuB4AaABAg,Youtube,@rositaalmarinta1325,coba rasain dlu jangan cuma omon” doang wkwk,8 hours ago (edited),,,,0
https://www.youtube.com/watch?v=r1DSH9AQXLU,UgyMKjvlPgdJXZVquqJ4AaABAg,Youtube,@DaffaArdhan,"Gua tanya chat gpt dan dia bilang gak ada sedikitpun unsur atau ajakan ""tone deaf"" di video ini. Tapi saya paham kenapa banyak orang marah. Ya karena penyampaian topik kesehatan mental di tengah krisis sosial emang bikin orang jadi lebih sensitif",8 hours ago,,,,0
https://www.youtube.com/watch?v=r1DSH9AQXLU,UgxgFhBOrvR9mbkHCH94AaABAg,Youtube,@themidnightcouple,"Gk heran sih nirempati, akting gk pake sendal aja hebohhh 😂😂,, balikin woy duit pajak rakyat WNI yg lu pake utk sekolah lu .",8 hours ago,,,,0
https://www.youtube.com/watch?v=r1DSH9AQXLU,UgyQVf0IqWRvwUi0yMN4AaABAg,Youtube,@salarymanhunter,Bacot bgt,8 hours ago,,,,0
https://www.youtube.com/watch?v=r1DSH9AQXLU,UgxNwfrTGXU0dsaS1Ml4AaABAg,Youtube,@bambangirawan6321,"You're tired of bad news
 We're tired of a bad reality, Princess.",8 hours ago,,,,0
https://www.youtube.com/watch?v=r1DSH9AQXLU,Ugxx9NwFdrbkzHHmoVN4AaABAg,Youtube,@fierrafie,"Maksud dia baik ga si, cuma pada salah nangkep ke sisi negatifnya aja",8 hours ago,,,,1
https://www.youtube.com/watch?v=r1DSH9AQXLU,UgyiNDXuyLQyJqLIUAZ4AaABAg,Youtube,@ShortzClip01,"Gw kalo jadi kaya mikirnya pengen bantu yg kesusahan eh ternyata ada orang kaya yg kuliah di LN capek mentalnya cuma gara² liat bad news😹, lucu sih selemah itukah mentalmu",8 hours ago,,,,0
https://www.youtube.com/watch?v=r1DSH9AQXLU,Ugw_vHHBaaV9Kjg3X2V4AaABAg,Youtube,@mugetsu219,Palingan beberapa tahun lagi jadi anggota DPR,8 hours ago,,,,0
https://www.youtube.com/watch?v=r1DSH9AQXLU,UgzU_01ALIDy-0FNx294AaABAg,Youtube,@rezamaulana8375,"Kau tidak akan pernah tahu arti rasa sakit jika kau tidak pernah merasakan penderitaan yang sama.
.
.
seseorang yang tumbuh di lingkungan 
Yang tidak pernah mengenal kedamaian dan seseorang yang tidak pernah mengenal peperangan memiliki nilai yang berbeda.",8 hours ago,,,,0
https://www.youtube.com/watch?v=r1DSH9AQXLU,Ugy9rvU-ZDKJtQpL_e94AaABAg,Youtube,@dimaselangperdana3991,"Have you ever said all those words to someone who was on the verge of death from starvation or struck by a calamity, and had them accept what you said? Kamu terlalu naif jika belum melihat realitanya",8 hours ago,,,,0
https://www.youtube.com/watch?v=r1DSH9AQXLU,UgxP3eLcHn7qgrSBgAp4AaABAg,Youtube,@marioadptr,orkay tidur besok tone deaf lagi,8 hours ago,,,,0
https://www.youtube.com/watch?v=r1DSH9AQXLU,Ugznt_dPjYn1fR_8HX14AaABAg,Youtube,@kucingmu_jaer,some thoughts really should be kept as thoughts lmao,8 hours ago,,,,0
https://www.youtube.com/watch?v=r1DSH9AQXLU,UgzK4Ci0O2RuahdvL6J4AaABAg.AamR80xDpuIAamRSeNle7H,Youtube,@indrams03,Benar malah disharing,8 hours ago,,,,0
https://www.youtube.com/watch?v=r1DSH9AQXLU,UgyAwQ9k391QCL8KLDh4AaABAg.AamSSWvd18zAamSkshXJ-C,Youtube,@taliaameliaa,"Jangankan empati, simpati juga enggak",8 hours ago,,,,0
https://www.youtube.com/watch?v=r1DSH9AQXLU,Ugxx9NwFdrbkzHHmoVN4AaABAg.AamQE7ZYzxFAamQh2eLVFT,Youtube,@vinanuraulia5588,"Aku pun nangkepnya dia cuman ngasih cara bagaimana kita ngadepin situasi yg bikin kita overwhelmed disituasi yg lagi porak panda begini. Sebenernya dia menyampaikannya pun baik aja diksinya. Karena dipikir2 pun ada benarnya juga, kalau kita terus bahas bad news, kaya energi kita keserap. Nah biar tetap peduli tanpa merasa ovt ini dia kasih cara2 nya gitu gasih ya kak😅",8 hours ago,,,,0
https://www.youtube.com/watch?v=r1DSH9AQXLU,UgyVGzihVzQtE6SOpmZ4AaABAg,Youtube,@EkaAnjani-k8e,Bukannya ikut bantu orang eh malah tutup mata definisi pendidikan nya cuma mentok otak gak di pakai,8 hours ago,,,,0
https://www.youtube.com/watch?v=r1DSH9AQXLU,UgxmMidV90GjcPbbDBh4AaABAg,Youtube,@hasamahikaru,"I'm gonna be honest, you DO have a point. I get it kok. But damn keep it to yourself. It's such an unwise time to post this thing, especially implying that people's ACTUAL struggles are your emotional noise that sobs you while you're in your fancy apartment eating your overly healthy rye bread and cottage cheese.
We didn't use our hard-earned tax money to school you to be this foolish, Maudy.",8 hours ago (edited),,,,0
https://www.youtube.com/watch?v=r1DSH9AQXLU,Ugy6hR24dUhuHUVSyH14AaABAg,Youtube,@ssaakkwjahf,jahat lo sumpah. jahat banget sial.,8 hours ago,,,,0
https://www.youtube.com/watch?v=r1DSH9AQXLU,UgzmT6y6IapOt3nvYPR4AaABAg,Youtube,@Rurukurumi-b4t,Uang saku LPDP mu itu ada duit dari suami saya yg kerjanya buruh pabrik yg potongan pajak gajinya gak ngotak. Jd plis agak tau diri dikit ya. Kamu minta orang lain mindfulness sedangkan saya adalah salah satu ibu rumahtangga yg mikir berkali2 buat beli ayam atau enggak karena saat ini harganya naik drastis 45 rb rupiah perkilo. Saya haramkan dan ga bakal saya ikhlasin duit pajak laki saya buat biayain beasiswa buat orang2 macam kamu ya.,8 hours ago (edited),,,,0
https://www.youtube.com/watch?v=r1DSH9AQXLU,UgzqniNEmNV6g97-wQV4AaABAg,Youtube,@tripleF-w9p,"😂 orang kaya, tapi biaya pendidikannya BEASISWA 😂😂😂  PAJAK RAKYAT YANG KAMU PAKAI. 

INGIN SEKALI MENGHUJATMU tapi ah sudahlah, 

Efek uang haram adaa saja penampakannya.",8 hours ago,,,,0
https://www.youtube.com/watch?v=r1DSH9AQXLU,UgyC_S10MDQmxUJMJUR4AaABAg,Youtube,@ManBaldr,Ini ngasih tutor pejabat mindfulness biar nggak perlu lihat berita buruk?,8 hours ago,,,,0
https://www.youtube.com/watch?v=r1DSH9AQXLU,UgzvsQKoVjVLRsiYrDN4AaABAg,Youtube,@HappyDay-ej8us,Saya juga ga suka kak nonton berita apalagi berita toxic tapi ini real life tidak mungkin hidup itu mulus spt jalan tol.coba lah kk ke kalimantan ketika api sedang berkobar nanti ngerasa bengek nya gi mn biar kk ngerasain stress nya mereka gi mn.,8 hours ago,,,,0
https://www.youtube.com/watch?v=r1DSH9AQXLU,UgwoGzG2QXdna5Jdsll4AaABAg,Youtube,@mardianiastuti317,Minimal punya empati ATW Lo keluar dari rumah mewah dan kemyamanmu ..keluar dari istanamu liat duni luas banyak musibah dimana2 yg bikin lonteeusik ga nyaman gitu..WTF,8 hours ago,,,,0
https://www.youtube.com/watch?v=r1DSH9AQXLU,UgxxcDdftWPDRlHlOhR4AaABAg,Youtube,@aeronrow,Literasi orang Indonesia emang beneran rendah banget ya? Jelas-jelas maudy ga tone deaf dia cuma ngasih tau buat menyaring berita dari sumber yg kredibel. Dia juga bilang sampe nangis dan marah dengan kondisi sekarang. Kok masih dibilang tone deaf? Aneh,8 hours ago,,,,1
https://www.youtube.com/watch?v=r1DSH9AQXLU,Ugzbo-dCDK-xksYT-cJ4AaABAg,Youtube,@OpikHidayat-y1c7n,MAUDY ANJING😂,8 hours ago,,,,0
https://www.youtube.com/watch?v=r1DSH9AQXLU,UgxgWXFa_W6tJFz6Q4N4AaABAg,Youtube,@debbyannella1685,"Yg aku baca dari video ini, dia pintar tapi self centered bgt. klopun dia berkontribusi bukan untuk org lain atau negara tpi benar2 untuk dia. Kaya tapi tetap pake LPDP",8 hours ago,,,,0
https://www.youtube.com/watch?v=r1DSH9AQXLU,UgyS-eK2m9QaKdTkwXR4AaABAg,Youtube,@gunawanzhy,cancel selamanya org ini,8 hours ago,,,,0
https://www.youtube.com/watch?v=r1DSH9AQXLU,UgxnJpaohMao0S8NHjt4AaABAg,Youtube,@hanya_WNI,"Gua tanya tuan putri mana lagi yg punya ac di rumah nya sambil makan enak ,lah malah bilang capek lihat Brita bginiiii. HYYYY BROOO LU DI SITU TINGGAL SANTAI AJA GAK NGERASAIN THE REALLY😂😹",8 hours ago,,,,0
https://www.youtube.com/watch?v=r1DSH9AQXLU,UgxcOM_AeO4LM2SPIFl4AaABAg,Youtube,@Ovi54321,Kayanya aku bukan target thought nya Mody.... makin overehelmed denger mbak e ngomong campur2 bahasane. Ndakik2. 😅,8 hours ago,,,,0
https://www.youtube.com/watch?v=r1DSH9AQXLU,Ugw1nCaIgynNHsZC-wJ4AaABAg,Youtube,@luvchellia,kebelet viral kah?,8 hours ago,,,,0
https://www.youtube.com/watch?v=r1DSH9AQXLU,UgwLKCDuS5qB7Zi5dKd4AaABAg,Youtube,@dollettess4,percuma lo klarifikasi juga😂,8 hours ago,,,,0
https://www.youtube.com/watch?v=r1DSH9AQXLU,UgxDfV4Y1MSaIKo39nB4AaABAg,Youtube,@fallin_def9030,"maudy pasti seneng deh videonya reach >500k viewers setelah sekian lama... congrats yaaa🎉🎉🎉
ini good news kan ya bukan bad news, so you will absolutely like this❤",8 hours ago,,,,0
https://www.youtube.com/watch?v=r1DSH9AQXLU,UgzjFZ_aFXkOykt4MR94AaABAg,Youtube,@N1ghty_N1ght,"Ketika seseorang sedang makan di rumah yang nyaman, orang lain harus bertahan hidup rumahnya terhanyutkan api",8 hours ago,,,,0
https://www.youtube.com/watch?v=r1DSH9AQXLU,Ugx7eROpTbSKA68fLYN4AaABAg,Youtube,@hadiarnis2953,"Gua rasa dia salah moment ajasih. Ngomongin Mindfulness of Badnews disaat keadaan di Indonesia chaos, dan dia lagi shoot moment dia lagi chill dengan privilege yang dia punya disaat kawan2 di indonesia lagi struggling. Dimana terasa Nirempati nya. Bagi dia BAD NEWS, dan bagi sebagian kawan kita, this is BAD REALITY!


Di video nya dia gak nyebutin KONTEKS BAD NEWS nya apa (Gua udah nonton full videonya)

But...c'mon this is BAD REALITY bukan lagi BAD NEWS Maudi.",8 hours ago (edited),,,,0
https://www.youtube.com/watch?v=r1DSH9AQXLU,UgxML2wX6H6MRXdUdxF4AaABAg,Youtube,@hii.dlwlrma,"wah rame nih..
gelar tiker ahh😂",8 hours ago,,,,0
https://www.youtube.com/watch?v=r1DSH9AQXLU,UgxKgNTKX_ZDCzGPBpV4AaABAg,Youtube,@nakanofernanda10,"mirip omongan Marie Antoinette
""Kalo gak ada roti ya tinggal makan kue""
Apakah endingnya sama??",8 hours ago,,,,0
https://www.youtube.com/watch?v=r1DSH9AQXLU,Ugxk92DmH3KLnb6xnzx4AaABAg,Youtube,@rogoitan,"Hey, oxford. Ni lulusanmu cuma segini?",8 hours ago,,,,0
https://www.youtube.com/watch?v=r1DSH9AQXLU,Ugx5n8CYOr-DS2qQ2vR4AaABAg,Youtube,@Barbaraccarla,Tolong jangan bersuara apapun kalau tidak pernah merasakan apa yang mereka rasakan  ( yang tidak merasakan tidak akan faham ) 1:35,8 hours ago (edited),,,,0
https://www.youtube.com/watch?v=r1DSH9AQXLU,Ugx0Q3u60GVJSUMHsml4AaABAg,Youtube,@septiantonugroho9451,inti nya KEPEKAAN itu penting,8 hours ago,,,,0
https://www.youtube.com/watch?v=r1DSH9AQXLU,UgxoX24089P2Xd2W9rh4AaABAg,Youtube,@hanggonowithdoggos,"It may be worth reflecting on how disconnected your perspective can sometimes appear from the realities faced by ordinary people, particularly when you have repeatedly benefited from opportunities that could arguably have made a more meaningful difference in someone else’s life.

For example, by 2005, your entertainment career was already well established, yet in 2009 you still chose to participate in Gadis Sampul, an opportunity that could have served as a significant stepping stone for another young woman who had not yet had comparable exposure or access.

A similar concern applies to LPDP. Given your financial circumstances and existing level of privilege, it is difficult to argue that you genuinely required public scholarship funding to pursue further education. That scholarship could potentially have enabled another qualified student, one without the financial means to continue their studies independently, to access an opportunity that might otherwise have been completely out of reach. Instead, once again, a limited opportunity was allocated to someone who was already in a highly advantageous position.

There is nothing inherently wrong with pursuing personal growth or achievement. However, when you already possess substantial financial, professional, and social privilege, there is value in considering whether every available opportunity needs to be personally maximized, or whether some of that privilege could instead be used to create space for others.

I would encourage you to engage more closely with the realities experienced by people who do not have the same resources, networks, or safety nets. Empathy is not simply about protecting one’s own peace of mind or labeling uncomfortable realities as “bad news” that interfere with mindfulness. Sometimes empathy requires being willing to acknowledge other people’s hardship, even when doing so is uncomfortable, and using one’s position to help rather than further concentrate opportunities among those who already have them.",8 hours ago,,,,0
https://www.youtube.com/watch?v=r1DSH9AQXLU,UgyO-kfRHs9iPY2LUhN4AaABAg,Youtube,@HELLBOY_FROMHELL,"Kena asep, kekeringan, air sungai asin, gak ada hujan sama sekali, bbm langka, mati lampu tiap hari

Mohon maaf 🙏🏼
Bad news yg anda liat tiap hari itu, itu kami rasakan langsung disini kak 😁🙏🏼",8 hours ago (edited),,,,0
https://www.youtube.com/watch?v=r1DSH9AQXLU,Ugywfu0QpQNZhdWMzDJ4AaABAg,Youtube,@dollettess4,"lo begitu karena dari kecil hidupnya udah enak dan sukses, sakit bgt emg",8 hours ago,,,,0
https://www.youtube.com/watch?v=r1DSH9AQXLU,UgxHRpzCQTpXT0x6c1Z4AaABAg,Youtube,@nadhiragadizha7470,"JUJUR GAK PERNAH SEMUAK INI SAMA ARTIS, MAKIN DILIAT VIDEONYA MAKIN MUAK, MOGA DI CANCEL SIH NI ORANG!",8 hours ago,,,,0
https://www.youtube.com/watch?v=r1DSH9AQXLU,UgzEdoVgGkOKhcooMmh4AaABAg,Youtube,@tyaskoesmarini,She's just showing us that she's too rich to mind others business and nd she called it mindfulness,8 hours ago,,,,0
https://www.youtube.com/watch?v=r1DSH9AQXLU,UgzwHGT3f84eiwXAUDx4AaABAg,Youtube,@UchihaObito-m2p,"Motivasi untuk rakyat ❌️
Motivasi untuk pejabat ✅️


Mampus di hujatkan lo, blunder, no empathy, tone deaf, gak napak. Wkwkwk

Ih malu ih produksi skincare dari tanaman khas kalimantan, warga kalimantan kena asap lu malah buat vid mindfulness sok gak napak tanah.",8 hours ago,,,,0
https://www.youtube.com/watch?v=r1DSH9AQXLU,UgyckNtP5hNrb5I_w4l4AaABAg,Youtube,@johankhan8469,The responsibility of the intellectual is to speak the truth and to expose lies. -Noam Chomsky,9 hours ago,,,,0
https://www.youtube.com/watch?v=r1DSH9AQXLU,UgxOmCC_HA8nGbQjnlh4AaABAg,Youtube,@Fajar-jj7we,"Video tentang gimana cara supaya tetap waras mendengar berita buruk, sangat cocok untuk orang kaya dan para pejabat yang mana tunjangan 1 pejabat minimal setara gaji 1000 guru honorer😅 kan gak enak kan lagi menikmati hidup malah dengerin berita orang-orang miskin berisik.",9 hours ago,,,,0
https://www.youtube.com/watch?v=r1DSH9AQXLU,UgyEEgNi_AnmNtCL3TZ4AaABAg,Youtube,@nityaenmil,"Tidak ada yang salah dengan idenya, mungkin dia buat video ini untuk sesama circlenya seperti putri tanjung. Saya pribadi mana bisa relate.😢",9 hours ago,,,,0
https://www.youtube.com/watch?v=r1DSH9AQXLU,UgxqLInyNUpctuSKxSp4AaABAg,Youtube,@nadhiragadizha7470,"Orang² bisa bereaksi sekeras ini artinya negara ini sedang tidak baik² saja, kalo dia ngomong di negara swiss atau Finlandia mungkin beda cerita. 

Dan note hal lain yg bikin gue ilfeel di video ini jujur gue benci banget ngeliat dia ngomong ke masyarakat Indonesia pake bahasa inggris yg notabene orang Indo gak bisa bahasa inggris,sok asik & sok cantik kyak bangsawan 😭 bener² gak relate dan banyak hal yg perlu di bahas di video ini.",9 hours ago (edited),,,,0
https://www.youtube.com/watch?v=r1DSH9AQXLU,Ugzuq2o9HY07NQHTuON4AaABAg,Youtube,@nandemonai8255,"Yes, yes. Sorry for the 'bad news' you ungrateful attention seeker. Well, how's it feel that you finally got the attention you want?",9 hours ago,,,,0
https://www.youtube.com/watch?v=r1DSH9AQXLU,Ugw-wvDfEI7Lt9F0POB4AaABAg,Youtube,@arina-m3y,"najis lu maudy sumpah, orang pinter tapi najis sampah banget. seumur idup gua ngga pernah minat ama lu cuman sekarang gua kesini buat bilang ini. mending lu hapus ini video, your apology is meaningless maudy we don’t need it you've hurt too many people. even gua yang bukan korban “bad news” itu yang tinggal di ibukota aja ngrasain sakit",9 hours ago (edited),,,,1
https://www.youtube.com/watch?v=r1DSH9AQXLU,UgwP5ShwqtaNaOLBsxZ4AaABAg,Youtube,@nyawxiao,Ingat Pain Nagato? Apakah lu harus merasakan rasa sakitnya juga agar tau bagaimana bersikap?,9 hours ago,,,,0
https://www.youtube.com/watch?v=r1DSH9AQXLU,UgwTRJMh2OskX9RJHch4AaABAg,Youtube,@andisibawayhi9567,"Dy Maudy,Elu Udah cocok masuk d pemerintahan.sefrequensi soalnya ,Nirempatinya",9 hours ago,,,,0
https://www.youtube.com/watch?v=r1DSH9AQXLU,Ugy43WReIDRq-DBcKUR4AaABAg,Youtube,@Noviardianto-w7r,Dia sedang tidak peduli apapun kecuali dirinya sendiri,9 hours ago,,,,0
https://www.youtube.com/watch?v=r1DSH9AQXLU,Ugx-GtVQSbvH3jE9u994AaABAg,Youtube,@MuhammadSolihin-s8i,"Ya udah mbak saya sebagai manusia yg gak setara sama mbak nya gak punya privilege apa apa cuma bisa mengatakan mohon maaf yg sebesar-besarnya kalau semua orang yg gak setara dengan mbak nya bikin mbak nya gak nyaman, saya katakan lagi sekali mohon maaf kak 🙏🙏

Jujur kak ya kita juga ingin di posisi mbak nya punya privilege punya segala terus bisa egois ngomong kalau diri gak nyaman lihat berita berita negatif di Indonesia 🙏",9 hours ago (edited),,,,0
https://www.youtube.com/watch?v=r1DSH9AQXLU,Ugw-wvDfEI7Lt9F0POB4AaABAg.AamP4u174P3AamPtngkYz0,Youtube,@arina-m3y,"gua ngga pernah ngehujat public vigure mad, sejelek apapun kelakuan mereka. tapi kali ini pengecualian deh",8 hours ago,,,,0
https://www.youtube.com/watch?v=r1DSH9AQXLU,UgzpCm1WjB1EVNU6KLJ4AaABAg,Youtube,@inicymamiaw,let them eat cake basically.,9 hours ago,,,,0
https://www.youtube.com/watch?v=r1DSH9AQXLU,UgwU2VTYhzIpWQNzKQh4AaABAg,Youtube,@QisyaNur-ut9ro,Halahhh nyocot lu g ngerasain yang rakyat rasakan,9 hours ago,,,,0
https://www.youtube.com/watch?v=r1DSH9AQXLU,UgxStKYf7oOWqcjOJgN4AaABAg,Youtube,@NurvitaWulanSartika,"Mungkin sebaiknya teorimu ini untuk bad news tentang politik atau kebijakan2 yg tdk tepat sasaran, dan news tentang koruptor2. Tapi tidak pantas dibahas untuk berita tentang bencana. Apalagi comfort ambience mu yang kamu perlihatkan saat berteori ini di tengah2 kondisi bencana alam yg sedang terjadi.",9 hours ago,,,,0
https://www.youtube.com/watch?v=r1DSH9AQXLU,UgwUtJL3_SU_boTA7h14AaABAg,Youtube,@AgusFaisal27,Dinasihati sama orang yang sudah kenyang njir,9 hours ago,,,,0
https://www.youtube.com/watch?v=r1DSH9AQXLU,Ugx0K-cZvIkAp_Qoqy94AaABAg,Youtube,@kristolkono2044,NPDih sekali isi videonya 🥀🥀🥀,9 hours ago,,,,0
https://www.youtube.com/watch?v=r1DSH9AQXLU,Ugy5MPqHexhVpsI9drR4AaABAg,Youtube,@dianamukarrama6849,"it’s not just a bad news, maudy.",9 hours ago,,,,0
https://www.youtube.com/watch?v=r1DSH9AQXLU,UgxEku4Rtw_pEntew6l4AaABAg,Youtube,@Suparman-y6z,i'm listening and learing tapi ga minta maaf maupun ngehapus 😅,9 hours ago,,,,0
https://www.youtube.com/watch?v=r1DSH9AQXLU,Ugz5wwM6UGG-ZcLkojh4AaABAg,Youtube,@StevenWatterson,"We're tired seeing bad news, but you DO NOT ignore them",9 hours ago,,,,0
https://www.youtube.com/watch?v=r1DSH9AQXLU,UgwU5ZWR1zIOiwhyix54AaABAg,Youtube,@estiyustin7106,"Eh Maudy, sarapan lu aja itu bisa jadi gaji sehari orang2 yg lg PD survive sama hidupnya tau ga!",9 hours ago,,,,0
https://www.youtube.com/watch?v=r1DSH9AQXLU,UgwVrUjeQLxVL1MgO_R4AaABAg,Youtube,@informasikeuanganmu01,"Lain kali jangan bicara seperti itu ya.
Kamu sudah kaya dari kecil,ngantri bensin gowo pedah beat awan"" jelas ra tau kwe,
Rowwrr....Dancook aku yo ngono 
(wito quotes)",9 hours ago,,,,0
https://www.youtube.com/watch?v=r1DSH9AQXLU,UgztIgUbx-KwnVf0KYJ4AaABAg,Youtube,@rifkytania4162,Ya seandainya gw punya previllege kaya anda yg hidup kaya raya 🤣sayang gw kaum mendang mending 🙏😂 udah related dengan kehidupan yg pahit 😢,9 hours ago,,,,0
https://www.youtube.com/watch?v=r1DSH9AQXLU,UgytmHB3f69Xqfe7p-d4AaABAg,Youtube,@aryramadhan7272,❤ tetap semangtt ka,9 hours ago,,,,0
https://www.youtube.com/watch?v=r1DSH9AQXLU,UgwUYwR6QHNSTD_XmXl4AaABAg,Youtube,@aryramadhan7272,❤,9 hours ago,,,,0
https://www.youtube.com/watch?v=r1DSH9AQXLU,UgzLxtmGKSLjuzfk_CN4AaABAg,Youtube,@MuhammadSolihin-s8i,"Kayaknya ni video untuk orang orang yg setara dengan mbak nya wkwkwk, kalau untuk yg gak setara bakalan beda persepsinya",9 hours ago,,,,0
https://www.youtube.com/watch?v=r1DSH9AQXLU,UgyEY5ZEZqH8Xjit7Vh4AaABAg,Youtube,@MAYADICHINA,"Mbak Maudy Ayunda ini berpikir begini dan memberi nasehat begini karena dia ga tahu kondisi kehidupan seluruh rakyat indonesia guys, dia pikir semua warga Indonesia hidupnya seperti dia senyaman dan seaman dia, jd dia bisa bicara begitu",9 hours ago,,,,0
https://www.youtube.com/watch?v=r1DSH9AQXLU,Ugw4gLyMx1ktziWm3Ft4AaABAg,Youtube,@shokoMEiko,Guys udah stop komennya capek nge like satu satu,9 hours ago,,,,0
https://www.youtube.com/watch?v=r1DSH9AQXLU,Ugza3zHjwNxRQ-QOJwZ4AaABAg,Youtube,@prsmonalisacantik,Lama lama hak yapping lu gw cabut ya🫸🫷,9 hours ago,,,,0
https://www.youtube.com/watch?v=r1DSH9AQXLU,UgxoIkrG4cdpuNNJ3Yx4AaABAg,Youtube,@varayaurae8919,bad reality😂,9 hours ago,,,,0
https://www.youtube.com/watch?v=r1DSH9AQXLU,UgxfJ9OYhKr3cx3LA6x4AaABAg,Youtube,@septacular7,"Damn... the video is still up. Holy hell, not a PR-approved video.",9 hours ago,,,,0
https://www.youtube.com/watch?v=r1DSH9AQXLU,UgwR5ih2AUh2oyLrWgF4AaABAg,Youtube,@mochiice-r3r,Plenger maudy anjirr,9 hours ago,,,,0
https://www.youtube.com/watch?v=r1DSH9AQXLU,UgxxcDdftWPDRlHlOhR4AaABAg.AamPoxhFMZOAamRCR_WsZA,Youtube,@vinanuraulia5588,"Aku pun nangkepnya dia cuman ngasih cara bagaimana kita ngadepin situasi yg bikin kita overwhelmed disituasi yg lagi porak panda begini. Sebenernya dia menyampaikannya pun baik aja diksinya. Karena dipikir2 pun ada benarnya juga, kalau kita terus bahas bad news, kaya energi kita keserap. Nah biar tetap peduli tanpa merasa ovt ini dia kasih cara2 nya gitu gasih ya kak😅",8 hours ago,,,,0
https://www.youtube.com/watch?v=r1DSH9AQXLU,Ugw2pRxcjLzZKWdWJ0R4AaABAg.AamTjEcX74GAamWTJpI2Hv,Youtube,@Defindash,Wkwkwkwk,7 hours ago,,,,0
https://www.youtube.com/watch?v=r1DSH9AQXLU,UgyLLh3L4pMKZJRKntl4AaABAg,Youtube,@febiyandaaris9126,salam dari sherina,9 hours ago,,,,0
https://www.youtube.com/watch?v=r1DSH9AQXLU,Ugz6JXdt5lB3l4iYT3d4AaABAg,Youtube,@ikanhidupdiair,wong sogeh,9 hours ago (edited),,,,0
https://www.youtube.com/watch?v=r1DSH9AQXLU,UgwMXaDTJHvxdzSicSV4AaABAg,Youtube,@ArpikaCu-o8z9i,konyol,9 hours ago,,,,0
https://www.youtube.com/watch?v=r1DSH9AQXLU,Ugy9cl_Sjva_8ujIfeB4AaABAg,Youtube,@Queen22393,"Apa yang dibilang maudy soal cari ""sumber yang benar"" dari sesuatu yang lagi viral itu tepat banget. Lebih baik kita baca info panjang dari pada video sepotong-sepotong. Kalian ingat bapak2 maling ayam yang dikeroyok warga sampai mokad? Awalnya banyak yang simpati sama bapaknya. Sampai akhirnya kebenaran muncul. Ternyata beliau emang sindikat pencurian ayam yang udh pernah masuk penjara tapi ga tobat-tobat. Dan video anaknya nangis-nangis itu bukan pas bapaknya lagi dikeroyok, tapi pas dimakamkan. Kenapa bisa banyak misinformasi?? Karena kita ga dapat sumber yang jelas, dan potongan video reels yang melebih-lebihkan dan sumbernya nggak jelas.",9 hours ago,,,,6
https://www.youtube.com/watch?v=r1DSH9AQXLU,UgyvuouLjSKDPwHgUR94AaABAg,Youtube,@Lumiere_mo,"Najis banget liat mukanya yang sok imut, dan kata katanya yang merasa bahwa dia itu benar
TONE DEAF",9 hours ago,,,,0
https://www.youtube.com/watch?v=r1DSH9AQXLU,UgwQ_kzVON7a-w4IDLh4AaABAg,Youtube,@Idk_what_to_name123,Self centered,9 hours ago,,,,1
https://www.youtube.com/watch?v=r1DSH9AQXLU,UgwuQjrwu5oQJODSzaJ4AaABAg,Youtube,@HeldaNianatasya-w5t,Bro ingin merasakan notif +62 💜,9 hours ago,,,,0
https://www.youtube.com/watch?v=r1DSH9AQXLU,UgzpuWZnqI4K-iPloE94AaABAg,Youtube,@justfun2230,Holy tone deaf 🥀💔,9 hours ago,,,,0
https://www.youtube.com/watch?v=r1DSH9AQXLU,UgwgrjCeZ5_ieNl5zHd4AaABAg,Youtube,@ricarosita6175,Dapurnya mewah ya Mod jd wajar aja ga tau rasanya SUSAH,9 hours ago,,,,0
https://www.youtube.com/watch?v=r1DSH9AQXLU,UgwIQ2WqOifnlY0gfWF4AaABAg,Youtube,@Sani2007-y5l,Mindfulness yang berlebihan tanpa kesadaran kelas akhirnya cuma melahirkan sikap apatis dan individualis.,9 hours ago,,,,0
https://www.youtube.com/watch?v=r1DSH9AQXLU,UgwC8ZK0-oIqRvpI5t94AaABAg,Youtube,@AgungNugra-ys4ql,Terlalu percaya diri malah jadi blunder,9 hours ago,,,,0
https://www.youtube.com/watch?v=r1DSH9AQXLU,UgzHZcf1kDmXgC2Xlo94AaABAg,Youtube,@ciciagussari7343,"Maaf ya mbak untuk bad news yg terjadi di kalimantan ini mengganggu mood kamu.
Tapi mbak coba deh kesini tinggal di kalimantan seminggu aja, ngerasain setiap hari harus menghirup asap, yg ISPU ny udh di level BERBAHAYA, air bersih susah, apa2 mahal.",9 hours ago,,,,0
https://www.youtube.com/watch?v=r1DSH9AQXLU,UgzAjzpPp1JNFygLicV4AaABAg,Youtube,@irsyadmaulanaw2578,"kak coba kamu rasain deh jadi orng miskin, nanti tau kok rasanya",9 hours ago,,,,0
https://www.youtube.com/watch?v=r1DSH9AQXLU,UgzDeHpSgYrYwxpsXVp4AaABAg,Youtube,@HaikalAzmi25,Budeg,9 hours ago,,,,0
https://www.youtube.com/watch?v=r1DSH9AQXLU,Ugx34WFG4yUWryC5oDd4AaABAg,Youtube,@ricarosita6175,"Ilmu yg lo dapet dari uang rakyat ga balik lg ke rakyat,  dihisab loh di akhirat nanti 😢",9 hours ago,,,,0
https://www.youtube.com/watch?v=r1DSH9AQXLU,UgzROHuvhmkXJ8_KvSB4AaABAg,Youtube,@MeldaSinagaa,Ga penting lu pinter bhs inggris cas cis cus tapi nirempati..,9 hours ago,,,,0
https://www.youtube.com/watch?v=r1DSH9AQXLU,UgwPed0rxhPcEUEqClV4AaABAg,Youtube,@erikagitasafitri5329,"jangan sok keras, anda kuliah pakai UANG RAKYAT",9 hours ago,,,,0
https://www.youtube.com/watch?v=r1DSH9AQXLU,Ugwn4xmBHy4_87V9-RV4AaABAg,Youtube,@AgusSuciptoAut,"Nonton kontennya karna banyak kritik terhadap kak Maudy atas konten ini, kiranya kak Maudy dan teman2 sehat selalu baik jasmani, mental dan rohani. Kontennya fokus ke filter information / bad news dalam video ini juga dia bilang curate your information bukan menutup mata bukan berarti dia tone deaf karna dia cerita overvhelmed/kebanjiran informasi serta mangajak audiensnya tetap bisa jaga mental ditengah banjirnya informasi yang buat stres/bad news. Cuma mungkin karna konten yang dishare tidak sesuai/kurang bisa diterima dalam kondisi saat ini dan mungkin banyak yg merasa kurangnya konten/terlihat/notice kak Maudy yang menyuarakan keluhan2 masyarakat dalam memperjuangkan aspirasi terhadap pemerintah dengan kondisi saat ini. Kiranya kedepannya kak Maudy sehat2 dan bisa membantu perjuangan teman2 yang terdampak melalui kontribusinya dengan hal2 yg positif & untuk teman2 yg terdampak langsung tetap sehat dan dilindungi dari segala bahaya dan musibah. Lekas pulih Indonesia ❤🙏✨🇮🇩",9 hours ago,,,,0
https://www.youtube.com/watch?v=r1DSH9AQXLU,UgyJM9bpwrUX7g2JViF4AaABAg,Youtube,@ratihandini9278,"sepanjang itu maudy ngetik buat klarifikasi, tulisan maafnya cm untuk bagian ""ada yg gak kebahas"". tp samsek gada tulisan minta maaf udh nyinggung hal yg sepatutnya dia bs elaborate sebagai lulusan Philosophy Politics and Economics🙃",9 hours ago,,,,0
https://www.youtube.com/watch?v=r1DSH9AQXLU,UgyliDscq3XS6pvtohB4AaABAg,Youtube,@sadamhusein9255,Begoooo,9 hours ago,,,,0
https://www.youtube.com/watch?v=r1DSH9AQXLU,Ugy9cl_Sjva_8ujIfeB4AaABAg.AamNR4VRuYMAamNp7DjOXv,Youtube,@Queen22393,Dia cuma ngajarin caranya biar ga overthinking. Bukan menutup mata atau hilang empati. Karena overthinking juga bikin kita gegabah dalam bertindak. Itu yang aku tangkap.,9 hours ago (edited),,,,0
https://www.youtube.com/watch?v=r1DSH9AQXLU,Ugy9cl_Sjva_8ujIfeB4AaABAg.AamNR4VRuYMAamusFhZVru,Youtube,@aanzaja10,​ @Queen22393 nah ini loh sebenernya yg disampein,4 hours ago,,,,0
https://www.youtube.com/watch?v=r1DSH9AQXLU,Ugy9cl_Sjva_8ujIfeB4AaABAg.AamNR4VRuYMAamQITKTfgW,Youtube,@nofaerischa7144,"Bener, tp kan rakyat indo MLS baca 🤣.. mls mikir lagi, pokonya ikutan aja dah yg lagi viral, bnyk yg hujat berarti salah. Bnyk yg puji berarti bener. Hr ini bisa maki maki ini, besok bisa puji2 ini.",8 hours ago,,,,0
https://www.youtube.com/watch?v=r1DSH9AQXLU,Ugy9cl_Sjva_8ujIfeB4AaABAg.AamNR4VRuYMAamjDIvd0jl,Youtube,@Queen22393,"​ @nofaerischa7144 karena rakyat indo itu fomo ngehujat, padahal nonton sampe akhir juga ngga. Dan sayangnya banyak influencer ikutan ngehujat dia.",5 hours ago,,,,0
https://www.youtube.com/watch?v=r1DSH9AQXLU,Ugy9cl_Sjva_8ujIfeB4AaABAg.AamNR4VRuYMAamokxgamR7,Youtube,@rull1677,salah satu faktornya ya dia ngomong campur bahasa inggris jadi ga semua orang ngerti dengan jelas apa yang sedang ia bicarakan. maklum lah dia kan lulusan universitas Oxford dan stanford jalur LPDP.,5 hours ago (edited),,,,0
https://www.youtube.com/watch?v=r1DSH9AQXLU,Ugy9cl_Sjva_8ujIfeB4AaABAg.AamNR4VRuYMAamupAaVXNA,Youtube,@dhnis," @rull1677  gw termasuk org yg ga konek itu wkwk, gw malah mikirny sama kyk komentar nofa",4 hours ago,,,,0
https://www.youtube.com/watch?v=r1DSH9AQXLU,UgwQ_kzVON7a-w4IDLh4AaABAg.AamN8BH-mn8AamNXsvNGNR,Youtube,@septacular7,"yea, it's me me me me me",9 hours ago,,,,0
https://www.youtube.com/watch?v=r1DSH9AQXLU,UgyllWAXC6mZd75JZld4AaABAg,Youtube,@Jujjusy,Mod telor mu tar gosong 😊,9 hours ago,,,,0
https://www.youtube.com/watch?v=r1DSH9AQXLU,UgwrIOTvkKBfuTPEW6h4AaABAg,Youtube,@ricarosita6175,LO Kuliah dibayarin pake uang RAKYAT SUSAH yg bikin LO SUSAH😢😢😢,9 hours ago,,,,0
https://www.youtube.com/watch?v=r1DSH9AQXLU,UgykP1t2rT85w6q6atN4AaABAg,Youtube,@hurrinmaryam8734,"Kamu tahu maudy, Dampak positif dari melihat berita buruk adalah untuk melahirkan empati seseorang. Bahkan untuk orang pintar sekalipun, berita buruk adalah cara mereka untuk berusaha menemukan solusi. Salam dari penduduk kalbar yg sedang berjuang tetap hidup dg kondisi kualitas udara terburuk sepanjang sejarah pulau kami🙏. Jangan buka berita ttg kami, supaya kewarasan mu tidak terganggu.",9 hours ago,,,,0
https://www.youtube.com/watch?v=r1DSH9AQXLU,UgxEhFMoQYvaKdeMV7Z4AaABAg,Youtube,@Akuwumbodiawumbo,"seriuss... jauh"" ke oxford, malah ngonten stresnya beralaskan motivasi..",9 hours ago (edited),,,,0
https://www.youtube.com/watch?v=r1DSH9AQXLU,UgxHvolMwJ7qHIDL7HB4AaABAg,Youtube,@dailyabdun,"Coba seminggu aja di kalimantan kaa, jangan cuma ngemeng doang wkwk itu bad news elu jadi bad reality",9 hours ago,,,,0
https://www.youtube.com/watch?v=r1DSH9AQXLU,UgyWQ9bZu8MCq8Wo_Ht4AaABAg,Youtube,@Ayam11-i6l,"let them eat cake cukup bilang kata-kata itu aja, ga usah yapping panjang lebar tapi isinya ga punya empati. intinya lo itu tone deaf",9 hours ago,,,,0
https://www.youtube.com/watch?v=r1DSH9AQXLU,Ugxz_aKIJLmWjz3j5BZ4AaABAg,Youtube,@fakihaw,VIRALKAN❤❤❤❤❤❤❤TREDING 1 MAUDY AYUNDAAAA,9 hours ago,,,,0
https://www.youtube.com/watch?v=r1DSH9AQXLU,UgzrmDvWXV1SMuOl5D54AaABAg,Youtube,@neiii.laper1,ingat pake lpdp lu,9 hours ago,,,,0
https://www.youtube.com/watch?v=r1DSH9AQXLU,UgwNP0bRefCwS7yLNN94AaABAg,Youtube,@SeoJun-v4g,Nyesel bgt anj sesuka itu sm film perahu kertas 1 & 2 sampe rewatch puluhan kali. Ternyata watak pemeran in real lifenya kek gini. Gua kira lu spesial.,9 hours ago,,,,0
https://www.youtube.com/watch?v=r1DSH9AQXLU,UgwjJNvwe8SBs4nzi_l4AaABAg,Youtube,@ndyahshs,can u stop saying “bad news” kek- 🥲🥲,9 hours ago,,,,0
https://www.youtube.com/watch?v=r1DSH9AQXLU,Ugxo_4k86-_dBMtR1P94AaABAg,Youtube,@the.middle.of.90s,"Sudah aku bantu dislike, artis yang dulu sangat masih muda seharusnya udah kena culture cancel sejak dini!!!",9 hours ago,,,,0
https://www.youtube.com/watch?v=r1DSH9AQXLU,UgwveMJjFM2IlsgJdw94AaABAg,Youtube,@ruhilamanda7346,"Pemilihan judul dirasa kurang tepat. Ini tu seperti mau kasih tau cara mengelola rasa kekhawatiran yg timbul lalu menjdi stress digempuran byknya berita yg tidak mengenakan dinegri kita akhir² ini tp memakai bahasa yg agak susah dicerna.
Yah bagusnya diawal maudy mengucapkan belasungkawa dulu kepada korban yg terkena dampak langsung maupun tidak langsung. 

Setelah kuselesaikan menonton videonya. Dia gk bilang ignore, dia bilang untuk kurasi & kontrol. Kurasi itu memilih sumber² terpercaya yg ga cuma judul atau tulisan pendek doang. Tapi tulisan yg panjang berisikan apa, dimana, knp, akibat, sebab, penyelsaiannya sampe ditahap apa itu lebih baik. Karna itu td adanya kabar² yg kurang mengenakan jadinya memunculkan namanya ""kekhawatiran"" dikepala kita yang kemudian bisa memicu stress. Efek dari kita melihat & mendengar kabar buruk itu membuat kita mnjd khawatir, sebagian org bisa mengimplementasikan rasa khawatirnya berupa tindakan seperti turun langsung demo, membantu ditempat kejadian dan sebagian org lagi cuma bisa bekerja dibalik layar sperti memberi like pada postingan yg berisi kekecewaan rakyat terhadap pemerintah. Karna aku yakin Jempol kita dalam alam bawah sadar kita nge like itu karna ada rasa peduli dari dlm kita, ada rasa khawatir dlm diri kita.
Terus kontrol disini adakalanya pikiran jenuh, memikirkan negri sdri & memikirkan pekerjaan atau yg lain. Jd kita butuh rehat sejenak misal dipagi hari saat bekerja no hp dulu baru malam sebelum tidur kita update lagi sudah sampai mana kabar ini? Tidak bisa menghindar karna inilah realitanya , kita harus menerima tealita yang terjadi dan kita sendirilah yg harus menemukan cara untuk rehat sejenak, cara di 1 org pasti tdk sama dg org lain, keadaan di 1 org paati tdk sama dg org lain. Si a rehat dg lari, sdgkan si b mau rehat lari tp jalan rusak nah kan beda si b mungkin menemukan caranya dg solat atau menulis diary itu contoh saja. Yang namanya balance itu penting. Jgn mau menjadi kalah atau stress karna negri ini, kita hrs tetap waras utk bisa memantau & mengambil tindakan yg perlu kita ambil. Memang menjadi publik figure itu tidak mudah sedikit berbicara bisa menyakiti atau bisa menyenangkan org lain.
2 kata itu si yg kuhighlight : kurasi & kontrol
Aku selalu update perkembangan, tapi tidak lupa rehat sejenak ku kujadikan untuk mengisi energiku lagi",9 hours ago (edited),,,,0
https://www.youtube.com/watch?v=r1DSH9AQXLU,UgzCxkA_m_MgiSuhM4t4AaABAg,Youtube,@margareth7599,"Maudy, I think you were trying to talk about something that a lot of people experience, but I feel like the perspective you shared was a little too narrow, especially coming from someone who grew up with a lot of comfort and privilege.

Your point about “Mendekatkan diri dengan alam” might genuinely work for you, and there’s nothing wrong with that. But for some people, stepping away from bad news isn’t really an option because they’re directly affected by what’s happening. Not everyone has the privilege to disconnect and simply find comfort in nature.

At first, I honestly thought what people were saying about you on social media was just empty criticism, and I still hoped there was more to your videos than that. But after watching this one, I can understand a little more where some of the criticism is coming from.",9 hours ago,,,,0
https://www.youtube.com/watch?v=r1DSH9AQXLU,UgxIRsXrZGcmi9-fiaJ4AaABAg,Youtube,@shelmachannel311,"sok kemenggres lahh, cinta laura noh yg blasteran aja kalo ngomong lebih sering pake bahasa indo",9 hours ago,,,,0
https://www.youtube.com/watch?v=r1DSH9AQXLU,UgyksUDKdfVHKmliqnt4AaABAg,Youtube,@shelmachannel311,"pinter bahasa inggris doang, empatinya 0",9 hours ago,,,,0
https://www.youtube.com/watch?v=r1DSH9AQXLU,Ugyf5q4uIMptVdSe3Mh4AaABAg,Youtube,@ELEXELEX-l1v,"Wahhh, parah....NIREMPATI

Emang gk salah anda menjadi orang baik, tp kebaikan yg kamu lakukan ini tidak sesuai pada tempatnya/realita🙃


You're good man, but you're kindness not relevant in this situation👎🏻👎🏻👎🏻👎🏻👎🏻👎🏻👎🏻💩",9 hours ago,,,,0
https://www.youtube.com/watch?v=r1DSH9AQXLU,Ugz16tswSAkWHq4B-e54AaABAg,Youtube,@eksperimensimpel3061,"Sebenarnya bisa dipahami,, tapi banyak orang disini menarik kesimpulan yng terlalu jauh ..",9 hours ago,,,,0
https://www.youtube.com/watch?v=r1DSH9AQXLU,Ugw7sNWx1uanK-bx6Fd4AaABAg,Youtube,@orbeshidupditaiwan,Aku gk terlalu paham soalnya bnyk bhs Inggris nya 😂,9 hours ago,,,,0
https://www.youtube.com/watch?v=r1DSH9AQXLU,UgygWR_bkZkxdaA3Bgh4AaABAg,Youtube,@cchewyzz,NAJIS ORKAY KAGA NAPAK TANAH,9 hours ago,,,,0
https://www.youtube.com/watch?v=r1DSH9AQXLU,UgwacAUTYo1GjN88pKR4AaABAg,Youtube,@aurelarza5996,"Aku ngerti kenapa banyak yang ke-triggered sama konten Maudy. Apalagi ketika banyak orang lagi struggling secara nyata, rasanya mungkin nggak enak mendengar tentang “controlling the overwhelm” dari seseorang yang punya privilege untuk step back dari masalah tersebut.

Tapi di sisi lain, setelah aku nonton kontennya, aku personally menangkap poinnya bukan sebagai “jangan peduli sama masalah yang terjadi”, melainkan lebih kepada bagaimana kita mengelola diri ketika terlalu overwhelmed dengan apa yang terjadi di sekitar kita.

Kita tetap boleh marah. Tetap boleh kecewa. Tetap boleh mempertanyakan kebijakan yang menurut kita nggak adil. Tapi kita juga manusia, dan kita nggak mungkin terus-terusan membawa seluruh masalah dunia di kepala kita setiap saat.

Menurutku yang perlu diingatkan ke Maudy adalah: kemampuan untuk disconnect dari bad news memang sebuah privilege. Nggak semua orang bisa melihat masalah sebagai “berita”, karena bagi sebagian orang itu adalah realita yang mereka alami setiap hari.

Tapi menurutku kita juga nggak harus menjadikan satu orang sebagai tempat untuk menumpahkan seluruh frustration kita terhadap keadaan negara.

Kita bisa mengkritik pesannya tanpa membenci orangnya kok guys

Dan kita bisa tetap peduli terhadap keadaan sekitar tanpa membiarkan keadaan itu menghabiskan diri kita sepenuhnya.

Maybe the middle ground is: stay aware, stay safe, stay critical, but also take care of yourself🤍",9 hours ago,,,,1
https://www.youtube.com/watch?v=r1DSH9AQXLU,UgwacAUTYo1GjN88pKR4AaABAg.AamLYEj7lkxAamM9CpmTrm,Youtube,@FeliShop-n8o,👍👍,9 hours ago,,,,0
https://www.youtube.com/watch?v=r1DSH9AQXLU,UgwVt933qZ2DqchJreR4AaABAg,Youtube,@alfialafgani7995,apalah👎,9 hours ago,,,,0
https://www.youtube.com/watch?v=r1DSH9AQXLU,UgzWTL-RwbLLWOHARoR4AaABAg,Youtube,@helmaema2109,Ga di hapus loh videonya. Najis banget,9 hours ago,,,,0
https://www.youtube.com/watch?v=r1DSH9AQXLU,Ugz18sxNT5WI2Q2SWul4AaABAg,Youtube,@capricola8682,"Sebagai orang yg katanya cinta indonesia, apalagi public figure, coba ngomong pakai bahasa indonesia yg baik dan benar, apalagi audiensnya org indonesia kan. Jangan dicampur2. Itu kan termasuk pelestarian bahasa kita sendiri. Anak2 muda skrg cara ngomongnya udah ketularan kyk gini. Tanpa disadari bahasa kita perlahan punah dan berevolusi jadi indlesh.",9 hours ago,,,,0
https://www.youtube.com/watch?v=r1DSH9AQXLU,UgzmMGZ0ggyZlrCmO4R4AaABAg,Youtube,@kaialovesdimsum,.,9 hours ago,,,,0
https://www.youtube.com/watch?v=r1DSH9AQXLU,UgxIDTIsVK7LILLnhER4AaABAg,Youtube,@mursidahariani6341,Org pinter yg b*doh,9 hours ago,,,,0
https://www.youtube.com/watch?v=r1DSH9AQXLU,UgxrXPPRU_BAj3MzHPV4AaABAg,Youtube,@Vetia79,Followernya modi berkurang ga si,9 hours ago,,,,0
https://www.youtube.com/watch?v=r1DSH9AQXLU,Ugz3LQUrLg8RZeS7hsZ4AaABAg,Youtube,@investmentsociety,"I even not following her instagram, Maudy Who..?",9 hours ago,,,,0
https://www.youtube.com/watch?v=r1DSH9AQXLU,Ugx9baa5R7LKo9jNATh4AaABAg,Youtube,@shannshan9780,"KAU BELUM RASAIN APA YG KITA RASAIN, BACA BAD NEWS AJA KAU UDAH STRESS APALAGI KAU YG NGERASAIN SENDIRI, MAKANYA SEBELUM NGOMONG TU PIKIR DULU LAH, KATANYA PINTAR TAPI KO NILAI SOSIAL LU KEK GTU SIH 😪",9 hours ago,,,,0
https://www.youtube.com/watch?v=r1DSH9AQXLU,UgzxLHU-KwOUfr5YhNN4AaABAg,Youtube,@nzahraaa0501,"you have opportunity for being educated, dan seharusnya kamu gak hanya ngembangin pola pikir kamu, tapi juga bagaimana mengerti soal keadaan sekitar. shame on you maudy",9 hours ago,,,,0
https://www.youtube.com/watch?v=r1DSH9AQXLU,UgzooeKX1DTaIt3-ZHB4AaABAg,Youtube,@txtdarimieinstan,Kayaknya mba Maudy belum selesai sama diri sendiri,9 hours ago,,,,0
https://www.youtube.com/watch?v=r1DSH9AQXLU,UgxH2INZHKSOBCmlhuF4AaABAg,Youtube,@4payaaa,Semua orang berhak ngomong apapun.,9 hours ago,,,,0
https://www.youtube.com/watch?v=r1DSH9AQXLU,UgzMkrLBlszhP8PXNTV4AaABAg,Youtube,@4payaaa,Semua orang berhak ngomong apapun.,9 hours ago,,,,1
https://www.youtube.com/watch?v=r1DSH9AQXLU,UgwIQFx_hYbQkUKEycB4AaABAg,Youtube,@RatotheissaRaissawlekd,While u crying we alr get cooked bruu 😂😂,9 hours ago,,,,0
https://www.youtube.com/watch?v=r1DSH9AQXLU,UgzBU6NbLKmqvYXULvJ4AaABAg,Youtube,@ramutiaraimanofficial,"Aku paham keresahan, kesedihan, kefrustasian terhadap isu-isu yang terjadi di negeri ini yang dikacaukan oleh pemeritahannya sendiri. Perasaan itu valid, bukan hanya Maudy yang merasakan, saya pun merasakan. Bahkan kalau mendengar lagu Ibu Pertiwi, Indonesia Raya langsung mewek sedih nangis kecewa atas situasi saat ini. Maudy tidak tepat dalam mengemas perasaannya, Maudy atay siapapun itu bisa memiliki rasa iba, namun perlu diingat pengemasannya itu harus sesuai audiencenya. Ya karena video ini diupload di Youtube jadi siapapun bisa mengakses. Siapapun kamu, kita, semua yuk terus semangat, terus mendoakan semoga Tuhan bisa cepat andil menghadapi pemerintahan yg skrg tuli, buta, bisu. Kita serahkan usaha, doa kita ke Tuhan agar Tuhan mempermudah jalan yang selama ini sempit kita rasakan 😢",9 hours ago,,,,0
https://www.youtube.com/watch?v=r1DSH9AQXLU,Ugy1wQtEZO_OsytUUbl4AaABAg,Youtube,@AdidasBola-h6v,Beasiswa kau duit dari pajak yg di kumpulin dari rakyat dasar kau buzzer !!!,9 hours ago,,,,0
https://www.youtube.com/watch?v=r1DSH9AQXLU,UgyF6G1xy4m2u7iESIx4AaABAg,Youtube,@Shiiyee,HALAH NYOCOT,9 hours ago,,,,0
https://www.youtube.com/watch?v=r1DSH9AQXLU,UgxFKSAIgMaV1Q_XpXp4AaABAg,Youtube,@rivaldyas_,Setelah nonton kok malah bingung knp org sampe marah segitunya ya?😂 poin apa yang buat kalian tersakiti tu guys? dia ga ngajak buat ga peduli semua berita buruk loh. Menurut gw poinnya biar bisa ngehindarin overwhelmed aja dan emang ada orang yg butuh itu ga sih? apa semua orang harus benci presiden dan jajarannya? kalo gitu yaa lain urusan😂,9 hours ago,,,,0
https://www.youtube.com/watch?v=r1DSH9AQXLU,Ugx5NozA5EPuiDJU8994AaABAg,Youtube,@txtdarimieinstan,"Aneh ni mba maudy, kuliah pake LPDP dari uang rakyat tapi kayak hidup di bubble sendiri. 

Kurang ngulik info kondisi negara dan pemerintah lu ya? Kebanyakan baca buku self improvement.",9 hours ago,,,,0
https://www.youtube.com/watch?v=r1DSH9AQXLU,UgzprfV5KFxnGLCNwBN4AaABAg,Youtube,@firanabila1049,Muak bgt dengernya,9 hours ago,,,,0
https://www.youtube.com/watch?v=r1DSH9AQXLU,Ugxh-MW7gCPG_GY7nwt4AaABAg,Youtube,@vlara26,Gw melupakan fakta bahwa memerankan Bu Ainun bukan berarti dia akan berjiwa seperti Bu Ainun & Pak Habibie yg cinta Indonesia. Sayang sekali untuk orang secerdas Maudy.. Ya mungkin IQ-nya aja kali ya yg tinggi tapi EQ-nya ngga.,9 hours ago,,,,0
https://www.youtube.com/watch?v=r1DSH9AQXLU,UgzMkrLBlszhP8PXNTV4AaABAg.AamL2yPukZoAan03vxbVBZ,Youtube,@AvivCihuy,berhak sih tapi harus liat kondisi ga si?,3 hours ago,,,,0
https://www.youtube.com/watch?v=r1DSH9AQXLU,UgxtIo1stzLMrinqDo94AaABAg,Youtube,@IvanMahyaDeva,"We are very sorry to see you overwhelm by so many bad news. We have tried our best to be quiet not to disturb you in your safe space. We don't have any intention to burst you from your happy bubble and exposing you to all the negativity and all the unfortunate thing that happens. Wish you a happy life Maudy. And remember whenever you  encounter bad news, close your eyes and move along.",9 hours ago (edited),,,,0
https://www.youtube.com/watch?v=r1DSH9AQXLU,UgwEEy10sruAOr5vkWN4AaABAg,Youtube,@monicafuzitha4916,"Kata gua mah mending take down video lu ka.,,",9 hours ago,,,,0
https://www.youtube.com/watch?v=r1DSH9AQXLU,Ugyy1OzH4F4fIG4L3n14AaABAg,Youtube,@naufalzaki1305,"ok thank you for your suggestion maudy, now tell me what have you done for all kalimantan people, aceh or maybe your little small circle who actually suffered from all these disasters, have you done something about it? instead of being just a consumer of the issues, why can’t you just help them already?

cause if maybe you haven’t done anything yet for them, you better keep your mouth shut and keep do your princess life and stop pretending that you actually care for indonesia",9 hours ago (edited),,,,0
https://www.youtube.com/watch?v=r1DSH9AQXLU,Ugy5IowuM7AvJmsvHMR4AaABAg,Youtube,@mikir_1d,Ini gua sesek napas di Kalimantan harus sabar nih?,9 hours ago,,,,0
https://www.youtube.com/watch?v=r1DSH9AQXLU,Ugx8sp_PEPWcawjOWnR4AaABAg,Youtube,@reverseworld13,Does she like the hate and the positivity that she gets from this video ?,9 hours ago,,,,0
https://www.youtube.com/watch?v=r1DSH9AQXLU,UgzOsc7K3KTJ3jxV4Wd4AaABAg,Youtube,@wawakhoror,"lu mending diem deh, dripd kek gini, lu tau apa dri dlu diluar negeri, hidup enak , butuh kursi kah gmn?",9 hours ago,,,,0
https://www.youtube.com/watch?v=r1DSH9AQXLU,Ugx-r1sq7P0gP5m4mwl4AaABAg,Youtube,@hbp5455,Si paling…,9 hours ago,,,,0
https://www.youtube.com/watch?v=r1DSH9AQXLU,UgyMxR8NJw5-NKbfs854AaABAg,Youtube,@armanmaulananasution4344,walk in nature kata nya 😮,9 hours ago,,,,0
https://www.youtube.com/watch?v=r1DSH9AQXLU,UgyDRJusOkS3Se-RZw54AaABAg,Youtube,@HenitaMaharani,"Dek maudy, pernah hidup susah gak dirimu?",9 hours ago,,,,0
https://www.youtube.com/watch?v=r1DSH9AQXLU,UgxsTEiRwwoFCG6P_hl4AaABAg,Youtube,@felleyfelley,Orang Indonesia yang susah ngomong bahasa Indonesia?,9 hours ago,,,,0
https://www.youtube.com/watch?v=r1DSH9AQXLU,Ugw_iGx2F0X8TMjet2J4AaABAg,Youtube,@zckk_17,"sini kak antre in motorku soalnya bensinnya habis dan cuaca lagi panas banget kondisinya juga berasap bikin sesak nafas, berapa lama ngantrinya gak tau sih kak tergantung stok bbmnya ada apa enggak kalo gak ada dorong aja ke rumah ku ya, oh iyak kalo kakak nya haus ditahan dlu yah soalnya disini lagi krisis air juga oh iya sama jangan lupa beliin lilin ya soalnya tar malem bakalan mati lampu itu aja sih.",9 hours ago,,,,0
https://www.youtube.com/watch?v=r1DSH9AQXLU,Ugz080-Q5INTB3iZxZd4AaABAg,Youtube,@n.rahmaa8606,Maaf kak... daripada mendapatkan sharing mindfulness yg kakak sampaikan. Sbg lulusan S1 PPE Oxford... Kak Maudy bisa bersuara dan bersikap lebih vokal dan sbg penerima beasiswa S2 LPDP. Setidaknya berkontribusi dgn penuh tanggung jawab atas pajak rakyat yg kakak gunakan buat sekolah itu... be  wise and better please,9 hours ago,,,,0
https://www.youtube.com/watch?v=r1DSH9AQXLU,UgwXcFQbn20KW0rf3C54AaABAg,Youtube,@ayufarrel3717,"Cuma kebanyakan omong tapi ga ada aksi, kyak ngejek sih berita2 buruk ahhh aku mah santai aj makan dlu. 😮 Mba Maudy ini hanya jadi penonton ga pernah merasakan susah nya untuk makan, udara segar, dan tidur pun ga tenang. Empaty nya mbaa.. kmu itu pintar tapi hati nya tlong di pake 😢 padahal kreator2 sekarang lagi menggalang dana patungan untuk hutan, kmu ngapain aja?? Bangun tidur makan enaakk diet lah segala macem di bahas, ga bnget mba 😑",9 hours ago,,,,0
https://www.youtube.com/watch?v=r1DSH9AQXLU,UgwHe7d-HYMhz1oJWSJ4AaABAg,Youtube,@FahrejaEja-s9o,"layaknya di hapus kali klo gabisa bantu,bacot doang",9 hours ago,,,,0
https://www.youtube.com/watch?v=r1DSH9AQXLU,UgxVkcjaW5Q8EnMOXV94AaABAg,Youtube,@salinaazkia2462,"Kak… please experience the ‘bad news’ yourself, so you know that those are more than some ‘bad news’. These are bad reality, bad situation. 
Please come by yourself to where the ‘bad news’ happening right now. So you might have broader, wiser perspective. Stop living in your bubble, kak. This content you are publishing in the internet is not worth went public. Keep this content to your family and inner circle, where the bad situation is only some bad news to you.",9 hours ago (edited),,,,0
https://www.youtube.com/watch?v=r1DSH9AQXLU,Ugzm9WN2-jwWy0wc-w94AaABAg,Youtube,@tyasolee,Muak gw ama lu,9 hours ago,,,,0
https://www.youtube.com/watch?v=r1DSH9AQXLU,UgzI1BOGxBr0R3nR4AF4AaABAg,Youtube,@HaffidzIrfansyah,"Jangan dihapus ya Maudy videonya . Mau jadi bukti ke anakku kelak, kalau pintar secara akademik dan cantik aja nggak cukup. Wanita yang baik juga harus punya hati dan perasaan.",9 hours ago,,,,19
https://www.youtube.com/watch?v=r1DSH9AQXLU,Ugy5VffZ2ovol8wuigp4AaABAg,Youtube,@Daycare9,"""Manusia hanya bisa saling memahami, ketika mereka merasakan penderitaan yang sama.""

Pain Tendo...",9 hours ago,,,,1
https://www.youtube.com/watch?v=r1DSH9AQXLU,UgxLimROiB6iZPFELTF4AaABAg,Youtube,@wullannatama6911,"Maudy lu mending diem dehh, aku sebagai orang Kalimantan tengah kesel bgt😭 jujurr",9 hours ago,,,,0
https://www.youtube.com/watch?v=r1DSH9AQXLU,UgxrGdOGBQJdPuASTM14AaABAg,Youtube,@SarahHouse-qj3hf,"Maudy, Indonesian people is very SICK.
Poor country 😢",9 hours ago,,,,0
https://www.youtube.com/watch?v=r1DSH9AQXLU,Ugy5VffZ2ovol8wuigp4AaABAg.AamJEP6LXKuAamnaLXzYiJ,Youtube,@RahmadIllahi-w2i,Ngena banget,5 hours ago,,,,0
https://www.youtube.com/watch?v=r1DSH9AQXLU,UgzI1BOGxBr0R3nR4AF4AaABAg.AamJHf1Uas7AamNv2Xf3V4,Youtube,@destafashrestha2097,"kaget videonya masih ada, kebanyakan pada cepet"" di takedown🫢🫢",9 hours ago,,,,0
https://www.youtube.com/watch?v=r1DSH9AQXLU,UgzI1BOGxBr0R3nR4AF4AaABAg.AamJHf1Uas7AamT66kMs2Q,Youtube,@jihanfakhira2883,Opsiiiee… ternyata cantik dan pinter itu ga menjamin ya punya rasa empati ke orang lain,8 hours ago,,,,0
https://www.youtube.com/watch?v=r1DSH9AQXLU,UgzI1BOGxBr0R3nR4AF4AaABAg.AamJHf1Uas7AamNZKi9ZHC,Youtube,@rahmanapriyanto4325,Download aja ka.,9 hours ago,,,,0
https://www.youtube.com/watch?v=r1DSH9AQXLU,UgzI1BOGxBr0R3nR4AF4AaABAg.AamJHf1Uas7AamaQG5HYp-,Youtube,@kaolrhes,in this economy mikir2 lagi bang buat punya anak,7 hours ago,,,,0
https://www.youtube.com/watch?v=r1DSH9AQXLU,UgzI1BOGxBr0R3nR4AF4AaABAg.AamJHf1Uas7AanHLw2tMz4,Youtube,@hardwaresolution2026,"Biar anak ku juga bisa lihat kalau Masih banyak orang"" plenger dikolom komentar ini
Yg GK ngerti isi dari video ini",50 minutes ago,,,,0
https://www.youtube.com/watch?v=r1DSH9AQXLU,UgzI1BOGxBr0R3nR4AF4AaABAg.AamJHf1Uas7AanI4V3gzZS,Youtube,@jaehahaheh123,Mbaknya kenal saya Ferry irwandi ngga ya?,44 minutes ago,,,,0
https://www.youtube.com/watch?v=r1DSH9AQXLU,UgzI1BOGxBr0R3nR4AF4AaABAg.AamJHf1Uas7AamUjrDNvfL,Youtube,@ファーミ,Sepaket sependeritaan😌,8 hours ago,,,,0
https://www.youtube.com/watch?v=r1DSH9AQXLU,UgzI1BOGxBr0R3nR4AF4AaABAg.AamJHf1Uas7AamZni6nSC-,Youtube,@multifan658,"Aman², jejak digital dia akan ada masanya muncul terus. Bahkan sampe ke keturunannya pun bakalan terlihat 😊",7 hours ago,,,,0
https://www.youtube.com/watch?v=r1DSH9AQXLU,UgzI1BOGxBr0R3nR4AF4AaABAg.AamJHf1Uas7AamhOs2h1d4,Youtube,@jean_y29,"Pdhl ini videonya udh lama ,hampir sebulan, tpi knp ramenya baru skrg ya. Emng ga bakal dihapus sih ini keknya",6 hours ago,,,,0
https://www.youtube.com/watch?v=r1DSH9AQXLU,UgzI1BOGxBr0R3nR4AF4AaABAg.AamJHf1Uas7AamsEXFuMY_,Youtube,@Ahmadfauzann76,Jujur dalem,4 hours ago,,,,0
https://www.youtube.com/watch?v=r1DSH9AQXLU,UgwuHsGLhfJjtyZvW954AaABAg,Youtube,@skripsisarjana410,"Jujur awalnya mau berusaha positive thinking atau minimal jd pihak neutral tapi setelah tau kl kaka seorang penerima beasiswa yg dari pajak rakyat. Mendengarkan pov yg kaka sampaikan jujur sangat mengecewakan.

Pov kaka cocok utk orang2 yg kalangan ekonomi nya sm dengan kaka.

Kaka kira, utk skip kenyataan pahit yg terjadi di Indonesia mudah. Kl mudah knp orang-orang luar negeri sampai bisa tau.",9 hours ago,,,,0
https://www.youtube.com/watch?v=r1DSH9AQXLU,Ugy_XgD5lypBd4vmn6l4AaABAg,Youtube,@AmeliaRosa-d1o8v,"Maudy, i have been inspired by your educational journey, but after seing this content my perspective change. 

I really understand the point of that video, bahwa kmu berpikir dari pada kita overwhelmed karena banyaknya berita berita buruk lebih baik untuk mengindar and stop to consumed the bad news. AND THAT POINT IS WRONG, especially kita lagi dihadapkan dengan banyak berita buruk seperti karhutla, gempa, ekonomi dll. So instead of influence orang buat milih mindfulness better to SPEAK UP AND DO SOME ACTION.

AND if the situation that you think its a BAD NEWS, how about the people affected by that situation? bcs for some people, BAD NEWS is their bad reality.
please show ur respect and empathy maudy, dengan mengupload konten kayak gini itu secara ga langsung terdengar nir empati and tone deaf.",9 hours ago,,,,0
https://www.youtube.com/watch?v=r1DSH9AQXLU,UgwGda9Ie3TcC88yXzZ4AaABAg,Youtube,@fahmiandaruss,hapus. malu,9 hours ago,,,,0
https://www.youtube.com/watch?v=r1DSH9AQXLU,Ugyr8IFZt-aI7HDO-Q94AaABAg,Youtube,@DirjoKusumo-k4m,Mbak besok-besok empatinya lebih dipake ya jangan mikirin diri sendiri,9 hours ago,,,,0
https://www.youtube.com/watch?v=r1DSH9AQXLU,UgyVmyxOK2jK_Ezh0mx4AaABAg,Youtube,@agimrobani,"Bagi kamu mungkin ini cuma bad news,dan kamu masih bisa mikirin mental kamu dan lanjut sarapan dengan alpukat, roti, telur omega di ruangan yang ber ac, tapi bagi kami ini realita nya sungguhan, bukan sekedar berita emang sedang di alami dan mungkin besok mikir mau makan apa,dan boro boro mikirin apa itu mindfulnees ,kamu hanya terpapar berita, tapi kami di sini terpapar realita",9 hours ago (edited),,,,0
https://www.youtube.com/watch?v=r1DSH9AQXLU,UgwIMJC8F3BmdOjSKWN4AaABAg,Youtube,@astrabintang,"disaat orang lain mati2 an buat cari solusi , galang donasi beli hutan ! hutan lo hutan yang seharusnya dijaga bersama2 tanpa hak milik ! harus dibeli harus diperjuangkan harus menglontorkan dana mandiri ! coba sesakit apa mereka mendengar dan menonton fidio ini 🥀",9 hours ago,,,,0
https://www.youtube.com/watch?v=r1DSH9AQXLU,UgxHeGSypIpj5CIokW54AaABAg,Youtube,@eilariastuff,Gimana ya ngomongnyaaa,9 hours ago,,,,0
https://www.youtube.com/watch?v=r1DSH9AQXLU,UgyAZNGlRkLUEIblTUJ4AaABAg,Youtube,@SriDarwanti-b8l3q,"Sekali2 ikut aksi kamisan mbak, sudah 24 tahun umurnya dan ibu2 yg anaknya diculik itu tetap rajin berdoa saat kamisan di depan istana...

Jika kamu lelah dgn bad news, rakyat sudah lama lelah dengan Bad reality..",10 hours ago,,,,0
https://www.youtube.com/watch?v=r1DSH9AQXLU,UgxXHg42OZf2MEL4hYF4AaABAg,Youtube,@sriwirdya520,Omong banyak  gak guna coba bertukar tempat dgn masyarakat gol bawah. Antri BBM antri gas dengan menghirup asap.,10 hours ago,,,,0
https://www.youtube.com/watch?v=r1DSH9AQXLU,Ugyq7O5G4hiBEWEuwJJ4AaABAg,Youtube,@YuliaResti-y8l,Hahaaa haaaaaa,10 hours ago,,,,0
https://www.youtube.com/watch?v=r1DSH9AQXLU,Ugz-Htgj9v-6Qeob8e14AaABAg,Youtube,@VellaSign,Halah bahasa aja campur2 biar apa?????? Biar tau kalo km pinter!!!,10 hours ago,,,,0
https://www.youtube.com/watch?v=r1DSH9AQXLU,UgwfZxVtueirLPqU5OV4AaABAg,Youtube,@gurlfriendexo,Dari kami masyarakat dipulau kalimantan memohon maaf atas kesulitan kami yang membuat mental dan kenyamanan hidup kak maudy ayunda terganggu.,10 hours ago,,,,0
https://www.youtube.com/watch?v=r1DSH9AQXLU,UgwokgSwyA1CrWFKi6N4AaABAg,Youtube,@gratisskinwoy,"BOYCOTTTT, duta MINDFULNESS",10 hours ago,,,,0
https://www.youtube.com/watch?v=r1DSH9AQXLU,Ugzbsq0Pu0oV8ddvku14AaABAg,Youtube,@MasNaseem,"Sebenarnya menurut aku pribadi nggak ada yang salah dengan perkataan kak Maudy dan aku setuju sama apa yg dia omongin, tapi yang jadi masalah adalah kategori bad news seperti apa yang seharusnya di filterisasi itu. Kalau kategori bad news seperti kasus kriminal pembunuhan, pencurian, bunuh diri atau perceraian dll itu memang sebaiknya dihindari karena berdasarkan yg pernah aku dengar juga malah bisa menginspirasi orang yang sering melihatnya. Masalahnya kak Maudy tidak menjelaskan secara lugas dan gamblang bad news seperti apa yg dimkasud sehingga wajar orang"" jadi menganggap dia tone deaf dsb. CMIIW",10 hours ago,,,,0
https://www.youtube.com/watch?v=r1DSH9AQXLU,UgxZnIZlASd1xx5eO4Z4AaABAg,Youtube,@ahmadsirojuddin2408,Sini mba hirup asap setiap hari,10 hours ago,,,,0
https://www.youtube.com/watch?v=r1DSH9AQXLU,UgzF1BMV5jclqxobWCZ4AaABAg,Youtube,@ikhsanganteng-j8c,aduh blunder WKWKWKW,10 hours ago,,,,0
https://www.youtube.com/watch?v=r1DSH9AQXLU,Ugxfc1zIOL_9t8y68pl4AaABAg,Youtube,@NeyvaRose,Udah yappingnya? Jadi kesimpulannya ya ga punya empati + tone deaf,10 hours ago,,,,0
https://www.youtube.com/watch?v=r1DSH9AQXLU,Ugw4rrb5sEc60lP1BXh4AaABAg,Youtube,@bangmaul96,Yaelah anak orkay yg ga pernah makan ikan asin/sayur asem tau apa??,10 hours ago,,,,0
https://www.youtube.com/watch?v=r1DSH9AQXLU,Ugy2AaD9ODlJgCWgp7V4AaABAg,Youtube,@KristinKusuma-u9t,Orang gilaaaa,10 hours ago,,,,0
https://www.youtube.com/watch?v=r1DSH9AQXLU,UgzYyRdo7NLlDJh0UjR4AaABAg,Youtube,@Real_British,"Sebagai sesama awardee LPDP, aku malu sama kamu. Kamu lulusan stanford lewat LPDP tapi malah Tone Deaf.

Aku lulusan S2 Oxford, tinggal di kalbar. Your bad news is bad reality for me.",10 hours ago,,,,0
https://www.youtube.com/watch?v=r1DSH9AQXLU,UgzI1BOGxBr0R3nR4AF4AaABAg.AamJHf1Uas7AanEgBvXPpa,Youtube,@wulan6502,Harus punya empati,1 hour ago,,,,0
https://www.youtube.com/watch?v=r1DSH9AQXLU,UgzI1BOGxBr0R3nR4AF4AaABAg.AamJHf1Uas7AanGCJUcx6j,Youtube,@GbayhakiHaki,Mending lu apus komen lu kak sebelum lu malu,1 hour ago,,,,0
https://www.youtube.com/watch?v=r1DSH9AQXLU,UgzI1BOGxBr0R3nR4AF4AaABAg.AamJHf1Uas7AanIdQ9dHc8,Youtube,@wulan6502,​ @GbayhakiHaki buzzer lu,39 minutes ago,,,,0
https://www.youtube.com/watch?v=r1DSH9AQXLU,UgzI1BOGxBr0R3nR4AF4AaABAg.AamJHf1Uas7Aam_6DCq1JZ,Youtube,@tumbuhbersama-j6c,Mba Serius udah nonton? Atau nanti anaknya malah ngetawain maknya karena gagal paham perspektif Mba Maudy yang mengajarkan untuk tetap waras diera gempuran berita + dan -. Menjaga jarak untuk bisa mengukur diri mampunya kita untuk berkontribusi itu sejauh apa karena ga semua hal bisa kita kontrol. Coba deh nonton ulang.,7 hours ago,,,,0
https://www.youtube.com/watch?v=r1DSH9AQXLU,UgzI1BOGxBr0R3nR4AF4AaABAg.AamJHf1Uas7Aambr1LkHjI,Youtube,@MrMarvo69," @tumbuhbersama-j6c  opini maudy ga salah kok. Salahnya dia bisa-bisanya share konten seperti ini ke publik saat keadaan seperti ini, padahal dia pemilik bisnis yg menggunakan kekayaan alam Kalimantan dan sebagai publik figur yg dianggap role model tapi malah jarang speak up tentang kondisi Indonesia

Video ini ditonton loh oleh korban-korban yg kena dampak, sesama rakyat Indonesia. Keputusan yg sangat ga bijak dan tone deaf dari Maudy",7 hours ago (edited),,,,0
https://www.youtube.com/watch?v=r1DSH9AQXLU,UgzI1BOGxBr0R3nR4AF4AaABAg.AamJHf1Uas7AamlFT2VQwL,Youtube,@dikdakdukdik," @tumbuhbersama-j6c justru point pelajaran buat anak ke depannya, bahwa pesan dr Maudy valid, tapi konteks, timing, dan framingnya kurang tepat untuk situasi saat ini. Jadi anak bisa belajar hidup mindful sembari meningkatkan EQ dan situational awareness. Jadi menunjukkan video ini langkah tepat sih.",5 hours ago,,,,0
https://www.youtube.com/watch?v=r1DSH9AQXLU,UgzI1BOGxBr0R3nR4AF4AaABAg.AamJHf1Uas7Aan-GcZRoCs,Youtube,@rubipjane,"@Sera: wkwkkwkw kalau dipikir² yang dia lakuin emang ada benarnya juga, buat apa peduli tapi gak melakukan sesuatu ? contohnya elu, lu berempati tapi ada kah yang lu lakuin yang bisa bikin sesuatu berdampak? do u really know the meaning of ""emphaty""? kalau buat influencer² diluar sana, jelas hal² spt ini adalah uang bagi mereka, gausa dijelasin kenapa lah ya, punya otak kan ?😹 jadi gausah sok² berempati jika hanya kata² doang yang terucap.",3 hours ago,,,,0
https://www.youtube.com/watch?v=r1DSH9AQXLU,UgzI1BOGxBr0R3nR4AF4AaABAg.AamJHf1Uas7AanF4_6H2vE,Youtube,@edwinw.n.5953,"​ @rubipjane  arti empati bukannya memahami dan memposisikan diri spt yg terkena musibah ya ?
Kalo ngelakuin hal yg berdampak itu namanya menolong/membantu",1 hour ago,,,,0
https://www.youtube.com/watch?v=r1DSH9AQXLU,UgzI1BOGxBr0R3nR4AF4AaABAg.AamJHf1Uas7AanD7Jt7XTp,Youtube,@taopik77,"​ @rubipjane ga kok disana kan dia bilang keep caring while also protecting ouselves, jadi sebenernya banyak orang salah paham katanya dia ga peduli padahal dia menyuruh peduli tapi kita juga harus menjaga mental kita supaya ga breakdown",1 hour ago,,,,0
https://www.youtube.com/watch?v=r1DSH9AQXLU,Ugzq00snwfoWe-x5O5V4AaABAg,Youtube,@UlfahSeprida,"semoga indonesia lekas pulih, jujur sedih dengan keadaan caruk maruk negeri ini, tp g bisa berbuat banyak😢😢, dan plis mending video ini dtake down, statement ini mending di keep utk diri km sendiri aja y maudy",10 hours ago (edited),,,,0
https://www.youtube.com/watch?v=r1DSH9AQXLU,Ugzx9lawdyK-PAqwgG94AaABAg,Youtube,@gulsyahniraz7918,"You re Just a PSEUDO-SCIENCE

Lu orang kaya, terlalu lama di ruangan nyaman ber AC. Sekolah dan kuliah di tempat mahal, pake mobil mewah. Jangan sok bijak, bahasa2 ilmiah dari department PPE Oxford atau Stanford, GA BISA MEMBAWA PERUBAHAN UNTUK MENGOMENTARI KONDISI RAKYAT MENENGAH BAWAH.

Lu belom pernah rasain tidur di rumah kontrakan reyot, pake kipas angin bulukan berdebu, Kebanjiran, antri di loket berjam-jam di loket RS bpjs. Gue yakin kulit mulus lu yg sering pake skincare jutaan pasti budukan kalo lu jadi masyarakat menengah bawah.

JADI JANGAN SOK BIJAK, MANA PAHAM LU SAMA KONDISI ORANG MENENGAH KE BAWAH?",10 hours ago,,,,0
https://www.youtube.com/watch?v=r1DSH9AQXLU,UgwdDlqS9-ihSdJx2cR4AaABAg,Youtube,@nadyarizkaputri1798,"Lo udh tau ada bad news, terus milih buat step away. Sedangkan di realitanya, kebanyakan rakyat lg gencar gencarnya speak up bahkan take action buat bad news yg sucks ini, rezim yg bobrok ini. Iya lu bikin ini positifnya buat org bisa mindfulness. Tp lu bayangin rakyat yg ga se-previlage ngelakuin cuma mindfulness kaya yg lu lakuin, apa makin ga keinjek? 

Dirujak karena lu terlalu tone deaf.",10 hours ago,,,,0
https://www.youtube.com/watch?v=r1DSH9AQXLU,UgxaiVW2OPx5A6p57Gt4AaABAg,Youtube,@HendriIrawan-h2s,Miris tone deaf,10 hours ago,,,,0
https://www.youtube.com/watch?v=r1DSH9AQXLU,Ugxpj2aiRadI92wpnOF4AaABAg,Youtube,@putrisetianingrum750,Ketawain ajalahhhh😂,10 hours ago,,,,0
https://www.youtube.com/watch?v=r1DSH9AQXLU,UgyBxMB5_auO_QH0qvJ4AaABAg,Youtube,@ghinajbe,terlalu sehat kita bisa makan aja alhamdulillahhh😊,10 hours ago,,,,0
https://www.youtube.com/watch?v=r1DSH9AQXLU,Ugy_GUdw3klw-NXNDdx4AaABAg,Youtube,@dindasyananta9750,"Yang komen dia ga punya empati, udah bantu apa untuk korban bencana hayo? Jangan suka fomo nebarin kebencian please",10 hours ago,,,,0
https://www.youtube.com/watch?v=r1DSH9AQXLU,UgwOJ19Lv4rwpiioHy14AaABAg,Youtube,@desidedi9916,Ibu2 yg anaknya daring krn asap aja stress dirumah apalagi bapak2 yg kerja dilapangan cari nafkah hirup asap gimana mau sehat dan chill?,10 hours ago,,,,0
https://www.youtube.com/watch?v=r1DSH9AQXLU,UgxHCDJoUvJeGUakyux4AaABAg,Youtube,@ghinajbe,"wkwkkww kira aku bakal dihapus,orng yg ga ngerasain posisi kita tuh emng susah ngertinya",10 hours ago,,,,0
https://www.youtube.com/watch?v=r1DSH9AQXLU,Ugw6ctR6K9RxzrOY_np4AaABAg,Youtube,@ekarachma2485,setujuuuuu,10 hours ago,,,,0
https://www.youtube.com/watch?v=r1DSH9AQXLU,UgwKx7ajiWI4l5LNbfZ4AaABAg,Youtube,@Bapengg,ucap seorang yg bapak nya koruptor,10 hours ago,,,,0
https://www.youtube.com/watch?v=r1DSH9AQXLU,UgyS5Yje9YyOhJ3u7UR4AaABAg,Youtube,@vivilovina9236,Cintai Bahasa Indonesia dgn berbahasa  indonesia yg bener aja mbaa jgn campur2 gitu daah 😢😢😢😢😢,10 hours ago,,,,0
https://www.youtube.com/watch?v=r1DSH9AQXLU,Ugy2KOl6IUA-UviOOaF4AaABAg,Youtube,@kimorahardiansyah,"Kamu minta aku kembali ke alam? Sumpah aku pun ingin kembali ke alam, tapi apa daya di pagi hari yang kuhirup itu asap bukan embun pagi yang segar … jadi mungkin saat dirimu merasa segar, saya akan merasa sesak napas dan berakhir ISPA 🙏🏻",10 hours ago (edited),,,,0
https://www.youtube.com/watch?v=r1DSH9AQXLU,UgyL9NTQ9VfnO2XFVUV4AaABAg,Youtube,@PocoCam-m9w,"satafakap lh, lu gtau aja yg ngalamin nya kya gmn",10 hours ago,,,,0
https://www.youtube.com/watch?v=r1DSH9AQXLU,UgwuPBbBGk6maRfTtWJ4AaABAg,Youtube,@SteveJobs40,tutorial untuk pejabat kan?,10 hours ago,,,,0
https://www.youtube.com/watch?v=r1DSH9AQXLU,UgwfWo79Ka9e7mW9n7J4AaABAg,Youtube,@pabloemiliaescobarg2627,Masih bocah gausah sok ngasih motivasi kocak😂,10 hours ago,,,,0
https://www.youtube.com/watch?v=r1DSH9AQXLU,UgyxFHF5wiyWrKHdEkZ4AaABAg,Youtube,@fioriangisty1920,Respectfully delete your video,10 hours ago,,,,0
https://www.youtube.com/watch?v=r1DSH9AQXLU,Ugwwme_-dgNFSvGC8Al4AaABAg,Youtube,@kangsatir.1,"Buat video gini niatnya mau terlihat bijak, eh malah ngelihatin betapa busuk nya ni orang 😅",10 hours ago,,,,0
https://www.youtube.com/watch?v=r1DSH9AQXLU,Ugza2dv6r7La_3a11F14AaABAg,Youtube,@yuyunkhumaidah2340,Kuliah pake uang rakyat tapi nirempati,10 hours ago,,,,0
https://www.youtube.com/watch?v=r1DSH9AQXLU,UgwKkBqea19BaXrpDAF4AaABAg,Youtube,@widaanissa9142,"@modmedia Maudy Ayunda you even don’t deserve the LPDP Scholarship, there are lot of smarter people and people who has more emphaty people than you!",10 hours ago,,,,0
https://www.youtube.com/watch?v=r1DSH9AQXLU,UgzSPw19J6jtLXhObnN4AaABAg,Youtube,@aandynnnn,"Girl. For you it's news, for hundreds of thousands out there it's a reality.. mereka mengalami apa yang hanya kamu baca.",10 hours ago (edited),,,,0
https://www.youtube.com/watch?v=r1DSH9AQXLU,Ugyd09N1RCyPHBL3QI94AaABAg,Youtube,@skngwrrdlwrl7208,kalau ga bisa bantu minimal diam aja,10 hours ago,,,,0
https://www.youtube.com/watch?v=r1DSH9AQXLU,UgwoR8C9RXve-c9px7x4AaABAg,Youtube,@putriadawiyah9676,Kalo ga bisa bantu mending diem aja,10 hours ago,,,,0
https://www.youtube.com/watch?v=r1DSH9AQXLU,Ugyoes-MLE65O0xI8ER4AaABAg,Youtube,@otiedamayanti,"""being able to step away from the news itself is a privilege"" 

Girl, you failed to identify the real problem in the first place.",10 hours ago,,,,0
https://www.youtube.com/watch?v=r1DSH9AQXLU,UgwYf37fcmbKCcvVOUl4AaABAg,Youtube,@stnapisah446,mod elo jg salah satu bad news sih ini 😬🙏🏻,10 hours ago,,,,0
https://www.youtube.com/watch?v=r1DSH9AQXLU,Ugw0rvQgxc9XWHhb5Ux4AaABAg,Youtube,@saitama6950,Video circle mending jangan di post publik 😂.,10 hours ago,,,,0
https://www.youtube.com/watch?v=r1DSH9AQXLU,Ugy2RsCzgmt2vsjA6Rx4AaABAg,Youtube,@Bcdp92,cuma applicable ke circle dia dan ibuk2 Pancatera,10 hours ago,,,,0
https://www.youtube.com/watch?v=r1DSH9AQXLU,UgyXlwZbBiQ9S2tMIEd4AaABAg,Youtube,@EmperorDisaster,"Makanya sebelum membuat video, pahami dulu pedalami lagi semua berita apapun itu yg ingin lu bahas di video lu cuma flexing doang , udah kuliah make dana rakyat, sibuk bener mikirin bad news tentang kesehatan mental luu? Harusnya wakilin semua masyarakat yg ingin bersuara, heran buat konten tentang cara ngedepin semua berita buruk di negara ini 😂, lh definisi konten yg lu buat cuman mau flexing, mental lu? buat apa mental lu kami urus  sekelas artis lohh udah menyandang gelar segitu banyaknya, kuliah di oxford balik ke negara cuman buat liat flexing pribadi lu doang , ini konten bagusnya buat pejabat aja 😂yg udah gk bergantung /mikirin lagi ekonomi dan lain lain, gimana masyarakat lain yg ngadepin fakta dari segala berita buruk diluar sana, ini mah konten flexing sekaligus mikirin atau ngadepin cara menghadapi berita buruk semua berita buruk di medsos indo gini bagi pejabat yg definisi kaya semua kayak luu, otak udah dididik buat mikir, ehh mikirin diri sendiri wokk, lu artis kalau mau buat konten flexing cukup sebar aja di kalangan orkaya , lu sebarin ke masyarakat mana terbuka lagi, yg ad habis lu digoreng 😂😂, sehat sehat dahh btw lu kan udah kaya gk usah lagi make fasilitas apdp buat ngidupin pendidikan lu",10 hours ago,,,,0
https://www.youtube.com/watch?v=r1DSH9AQXLU,UgzUIDsSW4VWrSy3HFJ4AaABAg,Youtube,@stnapisah446,elu mah enak owang kaya ngomong gini ga rasain rasanya berada di posisi kami org kalimantan.. baru bad news aj udh ad tips .. terus kami yg gini gmna? masa bodo kan?,10 hours ago,,,,0
https://www.youtube.com/watch?v=r1DSH9AQXLU,UgwFwzXf88YGxsIjaa54AaABAg,Youtube,@Llewellyn-h0w,"Mau dikemas seestetik apa pun pakai narasi filosofis Stoikisme, menyarankan ""mindfulness"" di tengah bobroknya sistem dan penderitaan nyata masyarakat awam bakal tetap terdengar tone-deaf dan minim empati",10 hours ago,,,,0
https://www.youtube.com/watch?v=r1DSH9AQXLU,UgyHlOwDqCbtBTY-BWR4AaABAg,Youtube,@syamsunih,"Ingat kak “Ga semua orang berilmu, BEREMPATI” (Windah Basudara)",10 hours ago,,,,0
https://www.youtube.com/watch?v=r1DSH9AQXLU,UgxaW_OgBXXQlKpHxDN4AaABAg,Youtube,@muthiyagabriela1303,"ngasih nasihat sambil makan yg orang pada umumnya gak makan itu.. keliatan sekali nganggep masalah orang lain itu sepele.. dulu gw kira ortunya hebat ngedidik elu Maudy, ternyata nggak..",10 hours ago,,,,0
https://www.youtube.com/watch?v=r1DSH9AQXLU,UgwaFlve2wOPpW033Et4AaABAg,Youtube,@RIOAPRILIANSYAHBEOREO,Andai gue punya sebuah kekuasaan dan kekayaan yang kek elu yang kuliah ke luar negeri dengan biaya negara seandainya waktu di putar balik dan posisi gue di elu yang saat ini dan lu di saat yang ini lu pasti gak bakalan bikin sebuah konten kek gini karna dari awal lu hidup udah punya semua nya kalau ga hidup dgn segala hal lu pasti ngerasain segala yang di rasakan saat ini,10 hours ago,,,,0
https://www.youtube.com/watch?v=r1DSH9AQXLU,Ugz4zKZkFZO14RnOyPd4AaABAg,Youtube,@Misbahulfajar-j1u,"Kepada Kak Maudy Ayunda,
 
Kami tidak bermaksud jahat atau tidak suka pada Kakak. Tapi sungguh, hati kami terasa perih melihat keadaan negeri ini saat ini. Di saat Kakak berada di ruangan yang sejuk, makan enak, dan hidup tenang, di tempat lain saudara-saudara kami sedang bertarung melawan banjir, longsor, panas yang menyengat, dan bencana yang datang bertubi-tubi.
 
Banyak rakyat kecil yang rumahnya hanyut, tanaman mati, tak punya tempat berteduh, bahkan air bersih pun susah didapat. Mereka bukan tidak mau berusaha — mereka sudah bekerja keras setiap hari, tapi keadaan tetap memaksa mereka menderita.
 
Kakak mungkin tidak menyebabkan bencana ini. Tapi dengan segala kemewahan dan pengaruh yang Kakak miliki, tolong jangan biarkan kesenjangan ini terasa semakin jauh. Kami berharap Kakak bisa lebih peka, menyuarakan keprihatinan, dan turut membantu meringankan beban mereka yang sedang tertindas keadaan.
 
Bukan berarti Kakak tak boleh hidup nyaman. Hanya saja, di saat banyak orang sedang menderita, mari kita turunkan ego, rasakan penderitaan mereka, dan jadilah suara untuk mereka yang suaranya tak didengar. Semoga Kakak tergerak hati untuk peduli lebih dalam lagi. 🙏
 
 
 
Catatan: Kata-kata ini ditulis dengan nada keprihatinan, bukan kebencian. Tujuannya untuk mengingatkan bahwa kemewahan seharusnya dibarengi dengan kepedulian terhadap sesama, apalagi di saat negeri sedang dilanda musibah.",10 hours ago,,,,0
https://www.youtube.com/watch?v=r1DSH9AQXLU,UgzuRvdsmttFisJ-u9d4AaABAg,Youtube,@ZONE-me,Sok iye,10 hours ago,,,,0
https://www.youtube.com/watch?v=r1DSH9AQXLU,UgxTLPHgPsMfSCrse494AaABAg,Youtube,@aishaish91,"Simple aja, bagimu itu smua hanya berita, tp bagi kami itu realita.",10 hours ago,,,,0
https://www.youtube.com/watch?v=r1DSH9AQXLU,UgxbwJmtBHKNNzz-CxR4AaABAg,Youtube,@ArthurFatur,"Maudy, masalahnya bukan kamu terlalu banyak membaca berita. Masalahnya, bagi sebagian orang Indonesia, berita buruk itu adalah kehidupan mereka....

Indonesia bukan cuma sedang mengalami “bad news”.

Indonesia sedang mengalami bad reality.

Bagi sebagian orang, karhutla bukan berita yang muncul di layar.

Itu asap yang mereka hirup.

Kelangkaan BBM bukan headline yang bisa di-scroll.

Itu antrean berjam-jam.

Kebijakan pemerintah bukan bahan diskusi podcast.

Dampaknya bisa masuk langsung ke dapur, pekerjaan, pendidikan, bahkan masa depan keluarga.

Jadi ketika orang yang terdampak langsung mendengar,

“Kalau berita buruk membuatmu stres, menjauhlah dari berita.”

Pertanyaannya:

Menjauh ke mana?

Orang yang rumahnya terdampak bencana tidak bisa mute bencananya.

Orang yang penghasilannya terganggu tidak bisa unfollow kebijakannya.

Orang yang menghirup asap tidak bisa menekan tombol skip ad.

Dan di sinilah kritik terhadap Maudy menjadi masuk akal.

Karena persoalannya bukan apakah mindfulness itu penting.

Tentu penting.

Burnout itu nyata.

Kelelahan informasi juga nyata.

Bahkan orang yang peduli terhadap masalah sosial pun bisa kelelahan.

Tapi ada perbedaan besar antara lelah melihat penderitaan dengan hidup di dalam penderitaan.

Dan kemampuan untuk mengambil jarak dari berita...

adalah privilege.

Ironisnya, Maudy sendiri akhirnya mengakui hal itu.

Dalam klarifikasinya, ia mengatakan bahwa kemampuan untuk menjauh dari berita merupakan sebuah privilege dan meminta maaf karena aspek tersebut belum cukup ia refleksikan dalam videonya.

Nah, di sinilah kritik berikutnya muncul.

Maudy bukan sembarang figur publik.

Ia dikenal sebagai lulusan Philosophy, Politics and Economics atau PPE Oxford.

Dan ini yang membuat sebagian orang bertanya:

Kalau seseorang memiliki latar belakang pendidikan yang sangat kuat dalam filsafat, politik, dan ekonomi...

kenapa persoalan yang bersifat struktural justru dibingkai terutama sebagai persoalan bagaimana individu mengelola emosinya terhadap berita?

Ini kritik yang keras.

Tapi ada logikanya.

Karena BAD NEWS tidak selalu sama dengan BAD REALITY.

Dan lebih jauh lagi:

BAD NEWS kadang hanyalah gejala.

Yang harus dibicarakan justru:

BAD POLICY.

Siapa yang membuat kebijakan?

Siapa yang diuntungkan?

Siapa yang menanggung akibatnya?

Mengapa masalah yang sama berulang?

Mengapa masyarakat terus diminta beradaptasi terhadap keadaan yang seharusnya diperbaiki?

Kalau semua persoalan akhirnya dikembalikan kepada kemampuan individu untuk mengelola emosinya...

kita berisiko mengubah persoalan politik menjadi persoalan psikologi.

Pemerintah membuat kebijakan.

Masyarakat terdampak.

Lalu masyarakat disuruh mindfulness.

Ini yang problematik.

Dan kritik semakin tajam karena Maudy juga merupakan penerima beasiswa LPDP.

Bukan berarti penerima beasiswa negara otomatis harus menjadi aktivis politik.

Tidak.

Orang punya hak menentukan isu yang ingin mereka bicarakan.

Figur publik juga tidak wajib menjadi juru bicara semua penderitaan rakyat.

Tapi ketika seseorang memiliki pendidikan, akses, privilege, dan platform yang sangat besar...

wajar kalau publik memasang ekspektasi lebih tinggi.

Bukan karena Maudy harus sempurna.

Tetapi karena privilege seharusnya bukan cuma digunakan untuk mendapatkan jarak dari masalah.

Privilege juga bisa digunakan untuk memahami masalah lebih dalam.

Jadi menurut saya...

kritik terhadap Maudy tidak otomatis berarti anti-mindfulness.

Dan orang yang mengkritik video itu juga tidak otomatis ingin semua orang hidup dalam kemarahan 24 jam.

Justru persoalannya adalah:

mindfulness jangan sampai berubah menjadi cara yang nyaman untuk berdamai dengan ketidakadilan.

Kita boleh menjaga kesehatan mental.

Boleh mengambil jeda.

Boleh tidak membaca berita setiap lima menit.

Tetapi jangan sampai...

yang diminta untuk “mengatur emosi” selalu rakyat yang terkena dampaknya, sementara sumber masalahnya tidak pernah diminta berubah.

Dan mungkin ada satu pertanyaan yang lebih penting daripada:

“Bagaimana saya tetap tenang menghadapi berita buruk?”

Yaitu:

“Kenapa berita buruk ini terus terjadi?”

Karena kalau jawabannya tidak pernah dicari...

kita bukan sedang menyelesaikan masalah.

Kita cuma sedang belajar merasa nyaman hidup di tengah masalah.

Dan itu dua hal yang sangat berbeda.",10 hours ago,,,,0
https://www.youtube.com/watch?v=r1DSH9AQXLU,Ugyw__iumnevkyFDPfB4AaABAg,Youtube,@AaAl-z1x,"Kalo kata Babang Glowing ""untung cerita lo, bukan cerita gw"" gitu kali ya... gw mah urusannya mental health gak boleh badmood",10 hours ago,,,,0
https://www.youtube.com/watch?v=r1DSH9AQXLU,UgwNmuC0GU0zJSMOBX14AaABAg,Youtube,@fidzalfalimbani,"klo mau minta maaf minimal bikin video nya juga, kunjungi ke tempat yang berdampak, klo ga bisa berkata baik mending diam",10 hours ago,,,,0
https://www.youtube.com/watch?v=r1DSH9AQXLU,UgwYSNie8OWsfYhqa2V4AaABAg,Youtube,@KauzenAndrewir,Manusia kek lu gak akan pernah ngerti sampai lu rasain sendiri,10 hours ago,,,,0
https://www.youtube.com/watch?v=r1DSH9AQXLU,UgzS1nR8JePDfQz3gn54AaABAg,Youtube,@winwinchaa,"wel wel wel, ntah kenapa yg diatas suka kaya ""yang paling tau segalanya yaa"" tuhan aja ga begitu😊",10 hours ago,,,,0
https://www.youtube.com/watch?v=r1DSH9AQXLU,UgzfY0_r9N_Hy3RKYcN4AaABAg,Youtube,@si_palingbasket,"Halo kak, salam dari Makassar yang baru bisa berangkat kerja setelah antri dari jam 11 sampai jam 4 subuh 😂",10 hours ago,,,,0
https://www.youtube.com/watch?v=r1DSH9AQXLU,UgyyaYlp9YxhEsQBdlN4AaABAg,Youtube,@creatorndesochannel,"gw cuma tamatan SMP, tp intinya maaf ya kak kalo kita orang susah bikin stres kamu🙏",10 hours ago,,,,0
https://www.youtube.com/watch?v=r1DSH9AQXLU,UgwBQs-TDnxgYjOYyUV4AaABAg,Youtube,@Sunraes28,"girl pls stop kesurupan mindfulness, have some EMPATHY.",10 hours ago,,,,0
https://www.youtube.com/watch?v=r1DSH9AQXLU,Ugx7XaD5CEVR62Ymsqd4AaABAg,Youtube,@sivananruang,"kamu udah kaya dari lahir,coba rasai gimana rasanya rakyat yg penuh derita ini 😂",10 hours ago,,,,0
https://www.youtube.com/watch?v=r1DSH9AQXLU,UgztpZLq30RMsh5RbtF4AaABAg,Youtube,@andisuhandi7913,"Tutorial ke sesama org kaya, org yg punya previllage😂😂😂",10 hours ago,,,,0
https://www.youtube.com/watch?v=r1DSH9AQXLU,UgzPZ0DnYtcUmii0S0l4AaABAg,Youtube,@cheesuz1021,"yang membuat orang"" pengguna akun palsu ini marah sebenarnya apa sih?😅",10 hours ago,,,,0
https://www.youtube.com/watch?v=r1DSH9AQXLU,UgxeDM6iRE8bzVQZ7zN4AaABAg,Youtube,@ClarysDews,your bad news is our reality that we met everyday,10 hours ago,,,,0
https://www.youtube.com/watch?v=r1DSH9AQXLU,Ugxb3XjsULZcNnx-eNp4AaABAg,Youtube,@XEBECDROCKS-er5iw,"Hanya karena “bad news” katanya dia cape dengar nya, disitu ironinya..
Dia sadar ada realita yang lagi buruk tapi coba menghindari hal tersebut and btw cuma karena “bad news” dia pusing lalu gimana jadinya kalau anda diposisi orang yang lagi mengalami kesusahan?",10 hours ago,,,,0
https://www.youtube.com/watch?v=r1DSH9AQXLU,Ugx8iwNuqxgRKX8ksdJ4AaABAg,Youtube,@opheliaa_3,di kasih motivasi sama orang yang gapernah makan indomie di bagi empat,10 hours ago,,,,0
https://www.youtube.com/watch?v=r1DSH9AQXLU,UgyVTiXmZNQV9u2HXBt4AaABAg,Youtube,@GowdPeople,😂😂😂😂😂😂 lol,10 hours ago,,,,0
https://www.youtube.com/watch?v=r1DSH9AQXLU,UgwJZHE_Hdsppjo0XTN4AaABAg,Youtube,@damelikeschocomint8674,"So to sum it up, you're a coward",10 hours ago,,,,0
https://www.youtube.com/watch?v=r1DSH9AQXLU,UgyTPtCaMlv7pvVYdbR4AaABAg,Youtube,@Rfiq_c,Manusia nirempati ini lagi,10 hours ago,,,,0
https://www.youtube.com/watch?v=r1DSH9AQXLU,Ugz7mKFoEuKvQLvxpht4AaABAg,Youtube,@crash2262,"I may never know what's it's like to be graduated, let alone overseas graduation.
But I can proudly claim, I'm at least fifteen times smarter than whoever thought out this glorified waste of time.

Also can you like stop code-switching? Use one language, the people you tried to ""comfort"" probably doesn't even know 75% of the things you're saying.",10 hours ago (edited),,,,0
https://www.youtube.com/watch?v=r1DSH9AQXLU,Ugx6nRh6ZMThXTV2Q8t4AaABAg,Youtube,@MonaspaPanggilan,"bentar lagi apa? yup, klarifikasi. wkwk",10 hours ago,,,,0
https://www.youtube.com/watch?v=r1DSH9AQXLU,UgxOlxEH3BLtiPp5kjp4AaABAg,Youtube,@harryfajoo2026,"Kalau ekonomi masyarakat Indonesia spt mbak ini ya mungkin bisa didengerin. Tapi mayoritas sekarang orang Indonesia lagi dilanda musibah. Bagi mbaknya mungkin ini hanya sekedar berita, tapi kami yang masyarakat biasa ini rasakan kehidupan nyata bukan berita.",10 hours ago,,,,0
https://www.youtube.com/watch?v=r1DSH9AQXLU,UgyHc9Mg3qLA6H-C18F4AaABAg,Youtube,@fariksparrow3472,bodoamat yg penting gw ga sesek napas pikirnya. mungkin.,10 hours ago,,,,0
https://www.youtube.com/watch?v=r1DSH9AQXLU,Ugw_FvY24LoT5NMRX1R4AaABAg,Youtube,@Ecchikakkoi,"keep your opinion okey, apa yang lu bilang itu cuma dari pemikiran pribadi yang jelas ga sesuai fakta, lu bisa ngomong gitu karena lu ada di atas, coba lu rasain jadi mereka. lu ngomong gitu kesannya kek Badut, tau Badut kan? iyaa itu lu di video ini, ga usah self defense dah lu",10 hours ago (edited),,,,0
https://www.youtube.com/watch?v=r1DSH9AQXLU,Ugx_9Pg2zxasGjlkfd54AaABAg,Youtube,@pq9240,"The poor are fighting desperately for the luxury of survival: three meals, a quiet evening, and a roof that doesn't leak. Meanwhile, the elite are agonizing over the spiritual burden of absolute freedom and whether their next billion will fit nicely in a tax haven. Truly, we are all weathering the exact same storm—just some of us are drowning while others adjust the sails on their mega-yachts.",10 hours ago,,,,0
https://www.youtube.com/watch?v=r1DSH9AQXLU,Ugw6tO1i3YrweyJQBXR4AaABAg,Youtube,@ItsMissSuntea,"Say sorry dg cara yg baik bukan nulis di kolom komentar, lulusan LPDP uang rakyat malah melukai rakyat,You only see, not experiencing it, so u dont get to say those things. Take down this video",10 hours ago,,,,0
https://www.youtube.com/watch?v=r1DSH9AQXLU,UgxZM2IijVV9TN_v_Rh4AaABAg,Youtube,@LifeVenus-m3g,Ngomong tanpa alkohol 😂,10 hours ago,,,,0
https://www.youtube.com/watch?v=r1DSH9AQXLU,UgwZyr5Dm162WV2qQuN4AaABAg,Youtube,@Bar__,"Enak kali ya Ngomong seperti itu, selamat menikmati Dark Era Momen dari para netizen Indonesia, because you reap what you sow.",10 hours ago,,,,0
https://www.youtube.com/watch?v=r1DSH9AQXLU,Ugzhm8LKX84JrLD1q2h4AaABAg,Youtube,@estiaaw,enak ya jadi orang have dari lahir:),10 hours ago,,,,3
https://www.youtube.com/watch?v=r1DSH9AQXLU,Ugxi4m6CbO5PI-LGi354AaABAg,Youtube,@yantipurnamasari838,"Dr pada cuap² berdasarkan teori pintar mu. Mending hadir langsung. Cek fakta lapangan,apa yanv harus kamu lakukan. Percuma lu cuap² seakan² kamu melihat fakta lapangan yang lu rangkum dengan otak pintar mu. Sorry to say tidak membandingan dirimu dengan lain. Contoh sherina munaf hadir tanpa cuap²",10 hours ago,,,,0
https://www.youtube.com/watch?v=r1DSH9AQXLU,UgyYsrSJuXrejIA4it54AaABAg,Youtube,@Dwisudjiran,Serius ni maudy gk take down video dan bkin video permintaan maaf gtu.... dg segala pengaruhnya harusnua dia bisa lebih membrikan dmpak positif... jadi penasaran apa yg dlu ditulis di essay lpdpnya yg akan diberikan ketika kembali ke indonesia 😮😮😮,10 hours ago,,,,0
https://www.youtube.com/watch?v=r1DSH9AQXLU,UgzYJt1y8BkvXMY3FUx4AaABAg,Youtube,@user-th5us1by6o,Kiraim ditake down,10 hours ago,,,,0
https://www.youtube.com/watch?v=r1DSH9AQXLU,UgxG_AivnI51Hu-6JLx4AaABAg,Youtube,@nadyavitri1309,"Lakum dinukum waliyadin

aku gamau membersamai orang2 ber mindset tutup mata tutup telinga dengan keadaan reality yg ancur parah


it hurts too much nntonin tips dari menit ke 7
dah ga kuat bangetttt

mengajak apatis di era dramatis inii 💔🥀

RIP EMPHATY Maudy Ayunda",10 hours ago,,,,0
https://www.youtube.com/watch?v=r1DSH9AQXLU,UgyD8Nrvef3rE2s8MVN4AaABAg,Youtube,@not_prof_usa9846,"I don't like you, I really don't, not even in the slightest, you've done  a lot of things that just didn't align with my beliefs, And I won't mention each of them.

I also don't get why a lot of people went out of their way, just to back you up.

But this time, I'm gonna admit that Indonesians are just so goddamn sensitive, y'all literally see only the negatives, and downsides from someone's statement. Y'all are taking it way too literally. Santai aja brooo, maksud dia bukan begitu anjirr 😂😂, kenapa siii sakit ati mulu netizennn.",10 hours ago (edited),,,,0
https://www.youtube.com/watch?v=r1DSH9AQXLU,Ugwf8Tph9f2PpR_mTRR4AaABAg,Youtube,@ffarhanian,dia ngajak mindfullness bukan ignorance,10 hours ago,,,,0
https://www.youtube.com/watch?v=r1DSH9AQXLU,UgzKpN6fZ_OohAF6InV4AaABAg,Youtube,@Aoki-s5n,Si tuan putri pick me ini kalau bersabda 11-12 kek wowo 😂,10 hours ago,,,,0
https://www.youtube.com/watch?v=r1DSH9AQXLU,Ugw9aYQ54OZ3OjhpZuB4AaABAg,Youtube,@fajaryudi4131,hallo aku dari Tel Aviv dan ini video favorit ku love from tel aviv Israel 🇮🇱🇮🇱🇮🇱🇮🇱🇮🇱🇮🇱🇮🇱🇮🇱🇮🇱🇮🇱🇮🇱🇮🇱🇮🇱🇮🇱🇮🇱🇮🇱,10 hours ago,,,,0
https://www.youtube.com/watch?v=r1DSH9AQXLU,Ugz2wLM65GGqKmfvwcl4AaABAg,Youtube,@nadyaaanad5757,"SEMUA ORANG TIDAK AKAN MENGERTI APA YG KAMU ALAMI SEBELUM ORANG ITUU NGERASAIN APA YG KMU ALAMI, DAN TOLONG KAMU COBA TINGGAL D KALIMANTAN SELAMA SETAHUN AGAR KAMU TAHU APA YG D RASAKAN DI SANA, KMU BANGN TIDUR LANGSNG MENGHIRUP UDARA SEGAR SEDANGKAN ORANG KALIMANTAN MENGHIRUP ASAP",10 hours ago,,,,0
https://www.youtube.com/watch?v=r1DSH9AQXLU,Ugyr7V4s7d-jkh8AQyx4AaABAg,Youtube,@Boooooo529,"I block u bye, mungkin kamu harus merasakan secara langsung apa realita orang-orang yang menjalani kehidupan ""bad news"" Itu, after that then talk about ur goddam philosopher and stoicism",10 hours ago,,,,0
https://www.youtube.com/watch?v=r1DSH9AQXLU,UgxneJZvMLD0nU3M4pB4AaABAg,Youtube,@RendiGanteng-n6u,anak mami gak bakal ngerasain ajg,10 hours ago,,,,0
https://www.youtube.com/watch?v=r1DSH9AQXLU,UgyXCSc9CA5EUHSDVlZ4AaABAg,Youtube,@adamasa5874,"Eek,tau eek? Yg keluar dari buritmu",10 hours ago,,,,0
https://www.youtube.com/watch?v=r1DSH9AQXLU,UgyiScnaOtsADQHSwh94AaABAg,Youtube,@NUSA-space,"3:37  telur mu aja omega, makan mu saja tak usah pikir ada beras ga yah? , sarapan mu aja mewah. 

Lalu berhak kah kau berpikir seakan akan korban paling besar dari pemerintah yang korup ini? Oiya lupa, kan dia pake uang kita untuk kuliah😂",10 hours ago,,,,0
https://www.youtube.com/watch?v=r1DSH9AQXLU,UgyKNDvtHOy3vnV5gMB4AaABAg,Youtube,@hakimchanel3934,Parah,10 hours ago,,,,0
https://www.youtube.com/watch?v=r1DSH9AQXLU,Ugx-yR6uvrB4zNSVCf14AaABAg,Youtube,@afareenmarzaqah303,lebih hebat sherina munaf dripada elu dekkkk,10 hours ago,,,,1
https://www.youtube.com/watch?v=r1DSH9AQXLU,UgwPjpqKXNh_07qBjop4AaABAg,Youtube,@ircherosita,"Sungguh sngat disayangkan dgn popularitas yg dia miliki dan otak yg katanya genius dan cerdas dipake utk membrain wash publik utk ttp tinggl di zona nyaman. Seandainya sj lwat platform yg dy pnya dipake utk mngumpulkan donasi buat sdra2 yg mnjadi korban, atau mengkritisi sistem pmerintahan mgkin akan jauh lebih berfaedah",10 hours ago,,,,0
https://www.youtube.com/watch?v=r1DSH9AQXLU,UgzKtR42fxb1jlHdsGd4AaABAg,Youtube,@eliolst,that's so marie antoinette of you.,10 hours ago,,,,0
https://www.youtube.com/watch?v=r1DSH9AQXLU,Ugx-yR6uvrB4zNSVCf14AaABAg.AamD2TWFE9EAamDk-GQoW7,Youtube,@Indra71187,Sherina kudu yg dpt beasiswa LPDP bukan Maudy.,10 hours ago,,,,0
https://www.youtube.com/watch?v=r1DSH9AQXLU,UgzZRwDOsvPivhqNv1R4AaABAg,Youtube,@zeinrose2963,"SAYA MAU INGETIN KAMU ITU PUBLIC FIGURE DIMANA KAMU PASTI PUNYA BANYAK FOLLOWERS INGAT APA YANG KAMU SAMPAIKAN ITU AKAN BERDAMPAK BESAR WALAUPUN MUNGKIN MENURUT KAMU ITU HAL YANG BIASA , MUNGKIN ANDA ORANG YANG PINTAR TAPI SAYANG ANDA TIDAK BIJAK.",10 hours ago,,,,0
https://www.youtube.com/watch?v=r1DSH9AQXLU,UgywLmU_i7S5codnD8l4AaABAg,Youtube,@ridharahmadana6488,Kau sekolah tinggi tinggi cuma buat nirempati kah?,10 hours ago,,,,0
https://www.youtube.com/watch?v=r1DSH9AQXLU,UgzlPNAsAJe-QDQ4eCZ4AaABAg,Youtube,@AkunGoogle-jm8ol,Bisa ga sih orang kaya berhenti menasehati orang miskin tentang gimana caranya hidup? Apa mau cari validasi ke orang yang susah beneran kalau hidup anda itu susah juga?,10 hours ago,,,,0
https://www.youtube.com/watch?v=r1DSH9AQXLU,UgzBM4c0IScQyZP9E0t4AaABAg,Youtube,@NKB_POE,wah gak napak tanah nih orang.,10 hours ago,,,,0
https://www.youtube.com/watch?v=r1DSH9AQXLU,UgzM910JazNhxR7kZAF4AaABAg,Youtube,@TengkuMuhammadMalikiSofy-iq8zm,Selamat sekarang kamu bad news nya,10 hours ago,,,,0
https://www.youtube.com/watch?v=r1DSH9AQXLU,Ugwj5CxzkT0uVzeOe2V4AaABAg,Youtube,@MasMadsunUan,Orang ini WNI atau warga asing ya? Soalnya ngomongnya campur Inggris bahkan lebih dari 50% yg diomongin. Mungkin dia stress dengan berita buruk karena presidennya Donald Trump? Terusir dari USA karena imigran bukan kulit putih? Terus terang saya komen karena video ini lewat di timeline saya. Tapi ga tau dia ini siapa😊,10 hours ago,,,,0
https://www.youtube.com/watch?v=r1DSH9AQXLU,UgzilwYA8qoOM4mLudB4AaABAg,Youtube,@Rykanabillatia,"produk kamu dari hasil alam kalimantan. jdi jgn bilang gitu. 
kuliah kamu juga dibayari sama negara jdi jgn bilang gitu. 
yg kamu setress in apa? cuma beritanya kan ga ada aksi juga?
jatuhnya kamu mengajak untuk semua org, untuk tidak perduli kepada masyarakat yg terdampak badnews yg kamu anggap itu.",10 hours ago,,,,0
https://www.youtube.com/watch?v=r1DSH9AQXLU,UgwysM8ZaLeflGmOz1N4AaABAg,Youtube,@NindiYulianingsih-o7u,SAATNYA CANCEL CULTURE GUYSSS,10 hours ago,,,,0
https://www.youtube.com/watch?v=r1DSH9AQXLU,Ugx5RjwWG4K2JjTIfot4AaABAg,Youtube,@ReziUciha-dc6rg,"Bener bgt kata mbk nya 😂intinya menyaring berita buruk dengan hal"" Positif seakan ngesugesti agar tidak berfikiran negatif mulu masalah nya asap di rumah ini udah masuk wok 😂",10 hours ago,,,,0
https://www.youtube.com/watch?v=r1DSH9AQXLU,Ugwnwe8Z9Olt5Q9QIAl4AaABAg,Youtube,@NURULROSITA-n3y,ka maudy ga minta maaf ka?,10 hours ago,,,,0
https://www.youtube.com/watch?v=r1DSH9AQXLU,Ugx2yjb7v9k_Mv7pBd14AaABAg,Youtube,@vickyraisiani5013,KAMI MASYARAKAT KALIMANTAN TIDAK INGIN MATI KARNA MENGHIRUP ASAP BERACUN,10 hours ago,,,,0
https://www.youtube.com/watch?v=r1DSH9AQXLU,UgwO2h34CHi3COzvYwN4AaABAg,Youtube,@Ijgufgg,"Percuma kak sekolah tinggi - tinggi tapi EQ nya 0 %.... 
Makanya jangan dekem bae didalem istana.... Keluar apa biar bisa merasa....",10 hours ago,,,,0
https://www.youtube.com/watch?v=r1DSH9AQXLU,UgyWkhKtW0L9UKs8M0F4AaABAg,Youtube,@NurJannah-e6b7v,Bacot aja lu neng...... 😂😂😂😂,10 hours ago,,,,0
https://www.youtube.com/watch?v=r1DSH9AQXLU,UgxfGxPkCKd5KpgPqit4AaABAg,Youtube,@amouuracha,Pikmi,10 hours ago,,,,0
https://www.youtube.com/watch?v=r1DSH9AQXLU,UgwBkmwMkxEEize16lN4AaABAg,Youtube,@WhiteGolden5627,"SETUJUU BANGETT KK, emang ANEHHH rasanya Karena seakan akan SRMUA BERITA SEAKAN ""MELEBIH LEBIHKAN keadaan, DAN bahkan ADA YG PERCAYA INDONESIA Hqncurr 😂 PIKIRAN APA ITU COBA??? minimal klo ORANG2 PQDA CAPE DLL pasti YG JADI KORBAN DAN SASARAN TUH PEMERINTAH LAGI, PRESIDEN LAGI CAPEK bukannya saling suport dan dukung yahhhh",10 hours ago,,,,3
https://www.youtube.com/watch?v=r1DSH9AQXLU,UgyjAolzPAsYusK8lXF4AaABAg,Youtube,@KitiHerliani,cancel culture,10 hours ago,,,,0
https://www.youtube.com/watch?v=r1DSH9AQXLU,UgytKuAtozryc4E-r894AaABAg,Youtube,@nickysartika3850,Hadeuhh maudy maudy udah paling bener diem aja,10 hours ago,,,,0
https://www.youtube.com/watch?v=r1DSH9AQXLU,Ugy8Xnxyq8QS2mzGJvx4AaABAg,Youtube,@chelseaibrahim06,setidaknya kalo emg blm pernah ngalamin jgn nganggep remeh!kepintaran lo justru gaada apa2nya sama rasa simpati!,10 hours ago,,,,0
https://www.youtube.com/watch?v=r1DSH9AQXLU,Ugy5_QgjZ90wKEvP4XR4AaABAg,Youtube,@adaqilah6409,Pembahasannya sangat jauh daripada realiti sekarang...and I don't think that mindfulness like what you talking here... that's just ignorance..seolah you suruh untuk orang lain sabar yah dalam menahan lapar sambil you sendiri sedang mengunyah. 😢,10 hours ago (edited),,,,0
https://www.youtube.com/watch?v=r1DSH9AQXLU,UgzIzBQXkavAEV3gKrZ4AaABAg,Youtube,@ressiyressiy6666,Dia bahkan ga bisa say sorry to rakyat indonesia yang udah dia sakitin perasaannya,10 hours ago,,,,0
https://www.youtube.com/watch?v=r1DSH9AQXLU,Ugzhm8LKX84JrLD1q2h4AaABAg.AamDwdkbG_DAamE2sxAupV,Youtube,@wonpi1pipi,"Wkwkwk iya kak, ga ngerasain sih. Makanya Gampang ngomong kyk gitu",10 hours ago,,,,0
https://www.youtube.com/watch?v=r1DSH9AQXLU,Ugzhm8LKX84JrLD1q2h4AaABAg.AamDwdkbG_DAamFcYD-OM-,Youtube,@estiaaw,​ @wonpi1pipi  sambil sarapan tinggi protein di tempat yg nyaman.. yapping kalau belio overwhelmed ttg bad news. padahal realita ya kak😢,10 hours ago,,,,0
https://www.youtube.com/watch?v=r1DSH9AQXLU,Ugx0i3Ra_yGKVZxKkJh4AaABAg,Youtube,@asmaraloka26,El klatif 😂 udah gitu diedit lagi pula 😂,10 hours ago,,,,0
https://www.youtube.com/watch?v=r1DSH9AQXLU,UgyVb6qdo7DsketQKYF4AaABAg,Youtube,@counterarrow761,mungkin pinter luu cuma di level buku,10 hours ago,,,,0
https://www.youtube.com/watch?v=r1DSH9AQXLU,Ugw7ASnr9HWZNUd4LAh4AaABAg,Youtube,@fiiexiaoxing12,"Still have the gut to still post it and give no remorse for the mistake to take it down, why? Still need the money from youtube? Or you just simply have no shame? Either way, GTH.",10 hours ago,,,,0
https://www.youtube.com/watch?v=r1DSH9AQXLU,Ugy94ANM4s5SlOilJJ94AaABAg,Youtube,@night97301,"Punya latar belakang bagus, pendidikan bagus, otak yg lumayan bagus tapi dak ada simpati , BG Ferry Irwandi dengan kepintaran nya dia membantu kami di Kalimantan dan wilayah lainnya yg sedang kesulitan dan Lo yg cuman dengar berita di Indonesia cuman ngeluh doang dak ada simpati nya astaga pendidikan doang tinggi pintar doang tapi simpati hari nurani dak ada. Mengajar kan seseorang yg sedang kelaparan sama aja menyuruh ikan memanjat pohon",10 hours ago,,,,0
https://www.youtube.com/watch?v=r1DSH9AQXLU,Ugx4ph4492EExPn_j2l4AaABAg,Youtube,@MutiaMutiia-n7h,"Dia bener, dia ngasi tau cara hidup tenang. Sesimple ""fikir kan aja yg masih mampu kita pikirkan, sesuai kapasitas kita"" kita dalam arti ""diri kita sendiri"". Tapi banyak orang yg mengartikan bahwa dia tidak menerima bad news ""tidak memikirkan situasi buruk orang lain. Kan jelas dia bilang ""sesuai kapasitas fikiran"". Ya kalau mampu melakukan lebih... Ya lakukan. Tapi kalau dirasa membuat diri menjadi ovt, ya lebih baik selamatkan kesehatan mental sendiri dulu 😂 dia kan ngebahas ""activitie"" diaaa

Tuh buktinya dia menjadi orang yg bijak, tenang, tidak sensasi terlepas dia punya privilege",11 hours ago (edited),,,,0
https://www.youtube.com/watch?v=r1DSH9AQXLU,UgwFrgl70XJNsVUp0Gp4AaABAg,Youtube,@jenired6929,???? Orang orang beneran nonton g sihhh??,11 hours ago,,,,0
https://www.youtube.com/watch?v=r1DSH9AQXLU,UgyojVkwU80Eff8if4F4AaABAg,Youtube,@DancingQueens82,Si paling bahasa inggris,11 hours ago,,,,0
https://www.youtube.com/watch?v=r1DSH9AQXLU,UgyMF-NrKtWl3WUh0LF4AaABAg,Youtube,@mestika8982,"Berita buruk ya. Dan kamu menjadi berita artis dengan otak yang... perasaan yang... ah sudahlah. Semoga nanti kamu merasakan segala yg kamu sebut bad news itu, biar kamu paham.",11 hours ago,,,,0
https://www.youtube.com/watch?v=r1DSH9AQXLU,UgzJiZRnxYF4hb06ADd4AaABAg,Youtube,@90minscr,"Kalau tidak bisa merasakan gimana capenya jadi masyarakat kecil. Lebih baik bikin lagu yg bagus itu aja, make a good song",11 hours ago,,,,0
https://www.youtube.com/watch?v=r1DSH9AQXLU,UgwTCuSQx79k4ndPcvd4AaABAg,Youtube,@sakaskie7,"yeahh, mindfulness emang penting kalo lu bahas masalah personal/something like that's. but, ini tentang nurani lu untuk peduli kepada sesama. emang enak jadi orang yang berkecukupan, terus bahas soal this sh*t. tone deaf stfu",11 hours ago,,,,0
https://www.youtube.com/watch?v=r1DSH9AQXLU,UgylXWUNRJYhsUlDsAR4AaABAg,Youtube,@evaniach,Kak kamu kelelahan kenapa?,11 hours ago,,,,0
https://www.youtube.com/watch?v=r1DSH9AQXLU,UgwXhiJnIF8iin1UVVd4AaABAg,Youtube,@ZAHRANSAPUTRA-n5t2h,wkw😂,11 hours ago,,,,0
https://www.youtube.com/watch?v=r1DSH9AQXLU,UgwU6hepeH6ibR7Q2HF4AaABAg,Youtube,@rodasatu23,PUNYA OTAK TAPI TAK PUNYA HATI.,11 hours ago,,,,0
https://www.youtube.com/watch?v=r1DSH9AQXLU,UgwFV1Ocm1Xgn-xaRRh4AaABAg,Youtube,@acturfaaa18,gwa kecewa nda,11 hours ago,,,,0
https://www.youtube.com/watch?v=r1DSH9AQXLU,UgxbVm4rQutHVvHDPu14AaABAg,Youtube,@lukasmannuel,"salah kamu prinses, saring tu berita politik aja kek pidato wowowo, rupiah melemah, skandal korupsi, biar rakyat ga negative terus insight nya. ngomong yg jelas lah
kalo keracunan mbg, bencana dimana"", la kamu/keluarga ga ngalamin, ga open/donasi mah omon"" taik doang😂",11 hours ago,,,,0
https://www.youtube.com/watch?v=r1DSH9AQXLU,UgykDNOCRzaVl_zkGTZ4AaABAg,Youtube,@hanifahnurfalihah5658,"Udah telat mba mau minta maaf, udah terlanjur melukai hati masyarakat yang membiayai kuliahmu ke luar negeri. Tuai saja apa yang telah Anda tanam.",11 hours ago,,,,0
https://www.youtube.com/watch?v=r1DSH9AQXLU,Ugy4VrCcLwZzbyoPiUN4AaABAg,Youtube,@srisuparni1060,"Sekelas Maudy ga bisa bedakan mana bad news mana reality. Memang sesusah itu sih paham realitas kalau tidak pernah jadi bagian dari realitas itu. Semoga suatu hari nanti Tuhan menaruhmu di tempat dan situasi dimana kamu terpaksa merasakan realitas itu, baru deh kamu akan mengerti kenapa pernyataanmu ini sungguh menyakitkan untuk kami",11 hours ago,,,,0
https://www.youtube.com/watch?v=r1DSH9AQXLU,UgwWRGjF582tJv-bAud4AaABAg,Youtube,@wkwk201,gokil 42k yg nge dislike,11 hours ago,,,,0
https://www.youtube.com/watch?v=r1DSH9AQXLU,UgzI89r1zy_IiRZMTzx4AaABAg,Youtube,@rpuldanrpal,"*[Lirik ""Tiba-Tiba Bad News Datang""]*

[Chorus]
Tiba-tiba bad news datang kepadaku
Saat 'ku mulai merasa tenang
Tiba-tiba bad news datang kepadaku
Kuharap semua segera menghilang

[Verse 1]
Ada sesuatu saat kudengar kabarnya
Ada getaran membuatku cemas
Gelisah hatiku saat kubaca pesannya
Ingin segera tahu apa yang terjadi

[Pre-Chorus]
Saat 'ku sendiri kubayangkan semua
Datang padaku dengan masalah
Di keramaian kumerasa sepi
Saat tak ada yang mengerti

[Chorus]
Tiba-tiba bad news datang kepadaku
Saat 'ku mulai merasa tenang
Tiba-tiba bad news datang kepadaku
Kuharap semua segera menghilang

[Verse 2]
Ada sesuatu saat kudengar kabarnya
Ada getaran membuatku cemas
Gelisah hatiku saat kubaca pesannya
Ingin segera tahu apa yang terjadi

[Pre-Chorus]
Saat 'ku sendiri kubayangkan semua
Datang padaku dengan masalah
Di keramaian kumerasa sepi
Saat tak ada yang mengerti

[Chorus]
Tiba-tiba bad news datang kepadaku
Saat 'ku mulai merasa tenang
Tiba-tiba bad news datang kepadaku
Kuharap semua segera menghilang

[Bridge]
Kuharap semua segera membaik
Kuharap kabar baik akan tiba

[Chorus]
Tiba-tiba bad news datang kepadaku
Saat 'ku mulai merasa tenang
Tiba-tiba bad news datang kepadaku
Kuharap semua segera menghilang

Tiba-tiba bad news datang kepadaku
Saat 'ku mulai merasa tenang
Tiba-tiba bad news datang kepadaku
Kuharap semua segera menghilang

[Outro]
Kuharap semua segera membaik (Kuharap semua)
Kuharap semua segera membaik
Kuharap semua membaik, membaik kembali",11 hours ago,,,,0
https://www.youtube.com/watch?v=r1DSH9AQXLU,UgwCOf30TRkLHnU-G9V4AaABAg,Youtube,@rin1910-bnay,"Lu orang dengan latar belakang yg paling rakyat Indonesia tunggu untuk bicara dan lu up konten tentang skip badnews? Saudara di Kalimantan hampir 3 bulan hirup udara gak sehat, udah kayak ngerasa hadapi genosida. So tanggapan lu gini? Ur devil",11 hours ago,,,,0
https://www.youtube.com/watch?v=r1DSH9AQXLU,UgwxVUjsokqrAoq0v5d4AaABAg,Youtube,@Linaria-bipartita-I,"Jangan minder ga bisa kuliah ke Oxford/Stanford, minderlah jika kamu kuliah di sana tapi punya pemikiran ""spesial"" kayak gini.",11 hours ago (edited),,,,0
https://www.youtube.com/watch?v=r1DSH9AQXLU,UgyWGDCt7Btx3cT3cax4AaABAg,Youtube,@cbeargyu,"Maudy, aku dulu kagum banget sama kamu karna selain jago akting kamu juga pandai, kamu lulusan Stanford. Aku kira dengan latar belakang pendidikan yang bagus, kamu akan bersuara ketika melihat negeri mu dalam keadaan gak baik-baik aja, tapi ternyata hanya karna kamarmu ber-AC, kamu gak sulit untuk dapat BBM, kamu mudah mendapatkan makanan itu membuat kamu tone deaf.",11 hours ago,,,,0
https://www.youtube.com/watch?v=r1DSH9AQXLU,Ugxagspap8yXJWnsBCd4AaABAg,Youtube,@endupdreaming,"ngomongin bad news, sambil idup in such a cozy house. makan telur 3 butir (dimana masih banyak orang yg makan 1 butir 1x makan aja dianggap berat). cottage cheese. gak perlu dijelasin lah ya. hearing a bad news ga akan setara sm yg ngalamin bad things itu sendiri",11 hours ago,,,,0
https://www.youtube.com/watch?v=r1DSH9AQXLU,UgwyjWyWi_6LDtnfIfp4AaABAg,Youtube,@greatkuja,"gahdemmm, “living in the age of bad news?” man, what you mean “bad news”? what the hell part of this is just “bad news”? this is reality. this is the hell folks like us gotta deal with.

kinda wild you sitting here tryna tell people like us, people who actually got their feet planted on the ground, how to deal with this hell, while you can kick back, smile through breakfast, eat pizza and cottage cheese toast in a room with the AC blasting.

at the very least, have some damn empathy. deadass, imagine looking at people’s suffering, OUR suffering, and boiling that shit down to “negative stuff” that just kills your mood and needs to be avoided. like bro, be serious.

you go to college off our money. we the ones funding you, we the ones paying for you. WE are your people. so if you cannot do shit to help, then at least do not make the situation any worse. simple as that.

you a public figure. you got influence, you got a platform, you got the reach to shift how people see shit just by the way you put your words together. you got that kinda power, and it is mad disappointing seeing you use it like this.

real talk, this shoulda stayed as content for the people around you, the same folks living in that bourgeois ass bubble. keep that shit in your own circle if that is how you see the world.

read the damn room fr.",11 hours ago,,,,1
https://www.youtube.com/watch?v=r1DSH9AQXLU,UgxBPItO532KP6yLPRd4AaABAg,Youtube,@rin1910-bnay,"Minta maaf ajaa engga wkwkw, maudy di internasional school gak di ajari basic manner?",11 hours ago,,,,0
https://www.youtube.com/watch?v=r1DSH9AQXLU,UgzZO3LuGMb-YkTl4Vp4AaABAg,Youtube,@sipalingtauk,masih ada njir konten nya. gak malu kah ?,11 hours ago,,,,0
https://www.youtube.com/watch?v=r1DSH9AQXLU,UgzzisCK1CurK4VorSF4AaABAg,Youtube,@rezaharahap7452,Sialan ucapan orang berpendidikan tinggi nol empati dikiranya semua orang hidup kayak kau kek gini kuliahnya sari LPDP sialan banget,11 hours ago,,,,0
https://www.youtube.com/watch?v=r1DSH9AQXLU,Ugzx4xFJUNiHLdbUEPN4AaABAg,Youtube,@kxmlyn3776,"“So that we can exaggerate” I am sooo sorry but HUUUUHHHHH??? Babe ❤ people are not exaggerating, this is their life probably and they’re suffering as I comment right now. But they’re scared because they are in a specific situation where it is a matter of life or death (well at least for them). Imagine if you live in Kalimantan or in area that are affected by natural disasters, you’d understand.",11 hours ago (edited),,,,0
https://www.youtube.com/watch?v=r1DSH9AQXLU,UgxnlGArRknfusks5gZ4AaABAg,Youtube,@prisvelle4u,She said : THE GOOD MINDSET 😅,11 hours ago (edited),,,,0
https://www.youtube.com/watch?v=r1DSH9AQXLU,Ugxm_KRe4_IuJmd2XrV4AaABAg,Youtube,@gyadnya3249,"Mau kelihatan pinter but you just shown to us that you're have no emphatic at all! At least, kalau gak bisa ngapa2in just shut up! Biar gak ngelukain perasaan orang lain.",11 hours ago,,,,0
https://www.youtube.com/watch?v=r1DSH9AQXLU,UgyJodDduLe6vlx18Ux4AaABAg,Youtube,@triemarry8044,Banyak bacott ah.  Empatii wouuy dsnii udh sebenderang bgtu ah elaah,11 hours ago,,,,0
https://www.youtube.com/watch?v=r1DSH9AQXLU,UgxVWj5xU8AxDdbjtXJ4AaABAg,Youtube,@odessanya,it’s better for you to delete the post ❤,11 hours ago,,,,0
https://www.youtube.com/watch?v=r1DSH9AQXLU,Ugxe9Ya9gvzKK76Fumh4AaABAg,Youtube,@muahpuji8426,Oh Tuhan.,11 hours ago,,,,0
https://www.youtube.com/watch?v=r1DSH9AQXLU,UgxZEto8ubtPc7LXR2J4AaABAg,Youtube,@Bermaingoo,A lot preofill the ijneri of dreiad one sefeen,11 hours ago,,,,0
https://www.youtube.com/watch?v=r1DSH9AQXLU,UgwzOwsC9l5vcktORzt4AaABAg,Youtube,@AbiyyuRizaka,Jijik bgt,11 hours ago,,,,0
https://www.youtube.com/watch?v=r1DSH9AQXLU,UgzfHyUoO6SnCZMEp014AaABAg,Youtube,@AlkalineUwU,"Oh, jadi kalau kuliah dibayarin uang rakyat alias negara, harus menyembunyikan kebusukan pemerintah yang gak becus ya?",11 hours ago,,,,0
https://www.youtube.com/watch?v=r1DSH9AQXLU,UgwDvSY53JsVGohQ4t94AaABAg,Youtube,@NOFALTV1,"Jangan sok ngajarin mindfullness kalo Lo aja ngomong itu sambil ngunyah makanan di tempat yg adem dan nyaman😂 Tone Deaf apa udah dari dulu. Belajar aja dulu apa itu EMPATI 😂
misal lu dapet kabar tetangga lu meninggal, terus reaksi lu kaya ""udah let them aja"" kaya wtf bro 😂",11 hours ago,,,,0
https://www.youtube.com/watch?v=r1DSH9AQXLU,UgzpqxMUOd-101myjZZ4AaABAg,Youtube,@cloudisred,"Mindfulness bisa dicapai kalau kita tak lagi harus memikirkan basic needs. Hadeuh, tokenku bunyi lagi 😂",11 hours ago,,,,0
https://www.youtube.com/watch?v=r1DSH9AQXLU,UgwX9ltKZMkpRr11sBZ4AaABAg,Youtube,@farhanselfatan,"MAUDY ""BAJINGAN"" AYUNDA",11 hours ago,,,,0
https://www.youtube.com/watch?v=r1DSH9AQXLU,Ugx6L2reiPjU7-dAdNR4AaABAg,Youtube,@schoolband6767,pembodohan,11 hours ago,,,,0
https://www.youtube.com/watch?v=r1DSH9AQXLU,UgwyjWyWi_6LDtnfIfp4AaABAg.Aam9xi1w9ObAamBynUIKin,Youtube,@greatkuja,"rene napak neng lemah langsung ben ngerasakne deritone wong wong, nek mung iso muni tok ngge background set kitchen larang karo sarapan 4 sehat 5 sempurna mending rasah mbak, meneng wae mendingan.",10 hours ago,,,,0
https://www.youtube.com/watch?v=r1DSH9AQXLU,UgwdQCYlEnD6tt9mo4N4AaABAg,Youtube,@feb4480,"Menurut aku, untuk menerapkan mainfulness di Indonesia masih belum bisa. karna kalo kita gak awere yang ada kita dibodohi sama pemerintahan atau orang lain, saat kita awere aja kita masih gak dianggap, apa lagi kita gak awere, klo mbak nya tinggal di negara dengan tingkat kecemasan yang rendah si its oke aja, tapi klo untuk Indo kayanya gak bisa karna klo bukan kita yg bersuara siapa lagi yg akan membela hak masyarakat.. you know lah goverment Indo kek mana.. sehat2 masyarakat Indo",11 hours ago,,,,0
https://www.youtube.com/watch?v=r1DSH9AQXLU,UgxeJJ5gsO39MyZGuYl4AaABAg,Youtube,@icadbrain4071,Maudi apa? Maudi cancel culture aja nih orang,11 hours ago,,,,0
https://www.youtube.com/watch?v=r1DSH9AQXLU,UgwfJlVlPczT_MafqWp4AaABAg,Youtube,@lengkongsausan6397,nirempati final boss. hapus postingan lu. jangan cari adsense dari sini.,11 hours ago,,,,0
https://www.youtube.com/watch?v=r1DSH9AQXLU,Ugz10sgKQ_X74RXR29h4AaABAg,Youtube,@selvia5612,girl,11 hours ago,,,,0
https://www.youtube.com/watch?v=r1DSH9AQXLU,Ugy-jtir663AsSUP2RR4AaABAg,Youtube,@cloudisred,Apakah dia membaca dan merenungkan komentar2 di video ini?,11 hours ago,,,,0
https://www.youtube.com/watch?v=r1DSH9AQXLU,UgxELuBZT-lxR9KJh814AaABAg,Youtube,@arthakaryapresisi,Harusnya lebih bijak lagi,11 hours ago,,,,0
https://www.youtube.com/watch?v=r1DSH9AQXLU,UgxJKjZiaZhCX8y8wk14AaABAg,Youtube,@bikisan-e3p,"Ok aja kok.. Ga Ada masalah.. Bisa ku terima apa yg dia sampaikan... 
Thanks Maudy for sharing",11 hours ago,,,,0
https://www.youtube.com/watch?v=r1DSH9AQXLU,Ugyn2zuc50EBBgAiwAV4AaABAg,Youtube,@lips3ra,"Aneh sih, orang berpendidikan tinggi ga menjamin dia ada empati. Bingung aja sama pola pikir orang kayak begini, menurut gue sia"" aja belajar tinggi tpi ga tau apa arti kemanusiaan. Apalagi kuliah pake lpdp malu sih, kamu bisa dibilang sebagai org yg punya privilage tpi malah pake duit rakyat, sama aja kayak memakai hak orang lain yg lebih membutuhkan. Egois.",11 hours ago,,,,0
https://www.youtube.com/watch?v=r1DSH9AQXLU,UgwUpzX7bRapLxOTkQl4AaABAg,Youtube,@MaulanaBarzaqi-if5lg,hidupnya g pernah susah jir,11 hours ago,,,,0
https://www.youtube.com/watch?v=r1DSH9AQXLU,UgyHylG-fExQoAejp_J4AaABAg,Youtube,@naufalafterlife,"Dia aja kuliah diluar negri pake duit LPDP alias hasil pajak dari kita tapi ngomong nya kek gitu 😂
Ibaratnya tai lupa sama wc nya ini mah wkwkw 😂",11 hours ago,,,,0
https://www.youtube.com/watch?v=r1DSH9AQXLU,Ugw5o_ohRDZp7wOqm_J4AaABAg,Youtube,@yukinoumaru9243,"rugi bgt sekolah tinggi² jadinya kaya maudy wkwkwkw, ga ikhlas gue uang negara beasiswa lpdp buat pendidikan dia yg trnyata cuma ngehasilin orang budek nirempati. hadeh, jadi gedeg liat mukanya😹",11 hours ago,,,,0
https://www.youtube.com/watch?v=r1DSH9AQXLU,Ugx6xu8fXGzPwSr1DUl4AaABAg,Youtube,@Me_Leaa4,"Musibah di indo hanya BAD NEWS BUAT MAUDY AYUNDA
Klo gak bisa bantu mending diem deh lagian udh enak juga hidupnya",11 hours ago (edited),,,,0
https://www.youtube.com/watch?v=r1DSH9AQXLU,UgwfChk4X49IG1wj1AR4AaABAg,Youtube,@SakinahNazirah,Maudy maudy 💆🏻‍♀️,11 hours ago,,,,0
https://www.youtube.com/watch?v=r1DSH9AQXLU,UgzNLswoqCzApGu6r494AaABAg,Youtube,@yesicamichellinamuliawan9992,No!,11 hours ago,,,,0
https://www.youtube.com/watch?v=r1DSH9AQXLU,UgxpOAg_pBf50U6x24B4AaABAg,Youtube,@melsire2089,oh girl are we deadass?????? 😭,11 hours ago,,,,1
https://www.youtube.com/watch?v=r1DSH9AQXLU,Ugw3ziiDWcKWvx9mPZx4AaABAg,Youtube,@naufalafterlife,wkwkwk penyepong biji satu 😂,11 hours ago,,,,0
https://www.youtube.com/watch?v=r1DSH9AQXLU,UgxWDM6jBsTd9ooftM54AaABAg,Youtube,@iNTERnazionaleNotizia589,Jerome 2.0...ga tau salah apa...tau tau kena sasaran aja random dari orang orang ... 😅😅😅,11 hours ago,,,,0
https://www.youtube.com/watch?v=r1DSH9AQXLU,UgzAH_97c77dDZZsr4J4AaABAg,Youtube,@nadiaelsa3850,"Gua ga pernah komen apa2 ya biasanya tapi ini nyebelin sih, lu bisa survive mentally kita empot2an, gak pernah ya naik motor tiap pagi kerja overwhelmed sama sesaknya dan sakitnya tuh abu vulkanik kena mata sama masuk pernapasan ya, susah orang cari kerja, disuruh nikmatin alam, baca buku relaxing, nyari kerja aja susah mending buka jobstreet wkwkwk, haduhhh mending di take down aja video nya",11 hours ago,,,,0
https://www.youtube.com/watch?v=r1DSH9AQXLU,Ugw3ZHXJD_HCvlc1UQF4AaABAg,Youtube,@adityawirawan3118,"Hari ini saya coba untuk praktik mindful ala-ala kakaknya, dimulai dengan pagi yang mesti antre BBM, siang harus menghirup udara penuh kabut asap karhutla, lalu malam gelap bersama pemadaman listrik. Semua bad reality itu anggap saja bad news lah ya walau tubuh dan raga ini yang dihantam realitas. Tapi mental saya tetap gusar, mungkin saya tak bisa mempraktikkan mindfulness ini secara lengkap karena saya lupa untuk ceplok telor, di dapur berkitchen set lengkap, dengan kitchen counter beralas marmer, yang ruangannya dingin dengan AC dan udara bersih difilter air purifier. Salam dari saya yg sedang berkeseharian di Kutai Barat, Kalimantan Timur.",11 hours ago,,,,0
https://www.youtube.com/watch?v=r1DSH9AQXLU,UgzcGHkg578AZtu5BJd4AaABAg,Youtube,@Wly416,apakah ini akan menjadikan pengalihan isu biasa mainkan peranmu ya nak,11 hours ago,,,,0
https://www.youtube.com/watch?v=r1DSH9AQXLU,UgxpOAg_pBf50U6x24B4AaABAg.Aam8QEFum5aAam9eUalf2k,Youtube,@melsire2089,napak tanah plis kak malu maluin,11 hours ago,,,,0
https://www.youtube.com/watch?v=r1DSH9AQXLU,Ugx8yWSG-YMndiajn154AaABAg,Youtube,@Redmi13-u6q,"Kita dibombardir? ""Kita""? 😂",11 hours ago,,,,0
https://www.youtube.com/watch?v=r1DSH9AQXLU,UgzkBEXRgyZu7Svxa3Z4AaABAg,Youtube,@ZahraKhairunNisa-e8e,you don't have empathy and manners,11 hours ago,,,,0
https://www.youtube.com/watch?v=r1DSH9AQXLU,Ugx_yvwa4IKEcY3s1iV4AaABAg,Youtube,@agusbinrubadi,Nirempati.,11 hours ago,,,,0
https://www.youtube.com/watch?v=r1DSH9AQXLU,UgyU5nJEZpiORsR4VHB4AaABAg,Youtube,@beebikegudangsparepartsepe3363,Ah omongannya sampah!!,11 hours ago,,,,0
https://www.youtube.com/watch?v=r1DSH9AQXLU,UgzK-_CB-0duTY3gmV14AaABAg,Youtube,@zidansakurauchi5471,"basically ""let them eat cake"" versi selebriti parasitnya",11 hours ago,,,,0
https://www.youtube.com/watch?v=r1DSH9AQXLU,UgwXOdLFB9bp9HqP4Hp4AaABAg,Youtube,@jerryprasetiana129,"Ini toh orangnya 😂
Pusing liat komen lo yg dipin
Take out video lu ini 
Dan jangan klarifikasi minta maaf 😂
Gw nonton video lu cuma 15 detik
Bye",11 hours ago,,,,0
https://www.youtube.com/watch?v=r1DSH9AQXLU,UgzVfv5mGgnnJFnZCOZ4AaABAg,Youtube,@penyelam.handal-yb,"""Seseorang yang tidak tahu apa itu rasa sakit, tidak akan tahu apa itu kedamaian sejati.""
-PAIN",11 hours ago,,,,0
https://www.youtube.com/watch?v=r1DSH9AQXLU,UgysizXw7CyyR-ynf3h4AaABAg,Youtube,@viviz09-v7u,"Dengan influence segede yang kamu punya ini, kamu milih buat bikin konten yang mendiskreditkan warga terdampak kak? For you it's just another bad news, what abt them?",11 hours ago,,,,0
https://www.youtube.com/watch?v=r1DSH9AQXLU,UgwQeOijnIGUUlrermF4AaABAg,Youtube,@ziconly2875,Tapi dia emang cantik sih😢,11 hours ago,,,,0
https://www.youtube.com/watch?v=r1DSH9AQXLU,UgyA0s-t5p_NMxPz6ix4AaABAg,Youtube,@Baragomon,"Ni video target audience nya buat orang² ATAS kan? Oke masih masuk kok, maudy👍",11 hours ago,,,,0
https://www.youtube.com/watch?v=r1DSH9AQXLU,UgyGWhmD6sgGcq9CFpp4AaABAg,Youtube,@FajriahNurrahma,"dia seolah olah memberikan tips untuk menangani masalah yang terjadi di negara ini dengan cara agar kita tetap tenang dengan berita yang terjadi saat ini mengenai berita yang dimana di dalam berita itu termasuk berita tentang bencana alam dan ekonomi, lalu dia menganggapinya seperti itu karena dia sendiri tidak merasakan hal itu, dia belum tau 3 buah telur yang dia makan itu bisa untuk 6 orang dalam satu keluarga. dia bisa merasakan enak masak pakai kompor listrik tanpa merasakan kenaikan harga gas, dan di video dia juga menggapinya seolah kita harus bersikap tak acuh, dia juga bilang berita saat ini membuat dia marah, sedih, dan itu membawa negatif buruk pada dirinya, tapi nyatanya dia sendiri aja tidak ada turun tangan, atau turun ke lapangan untuk hal ini, lalu dia bilang kalau kita harus menyikapi dengan membuang semua energi buruk itu. wth??",11 hours ago (edited),,,,0
https://www.youtube.com/watch?v=r1DSH9AQXLU,UgycobzhBrETN3WfMD14AaABAg,Youtube,@zidansakurauchi5471,"orang kaya tidur, besok ngasih ambativasi sambil makan avocado-avocadoan lagi",11 hours ago,,,,0
https://www.youtube.com/watch?v=r1DSH9AQXLU,UgyqoF46fbLSejyZkVt4AaABAg,Youtube,@Babyyyy93,"maudy ga paham kalo negara ini tuh ketimpangan sosialnya signifikan banget. better sih diam aj kalo mmg merasa gbsa ngelakuin hal positif/aksi yg berarti atau GAK BERANI lakuin hal berarti walau dikit. main aman terus huft. gausa bikin video gini2an kecuali penonton mu bsa km filter sendiri buat kalangan menengah ke atas. itupun bsa jd masih ada komen klo klangan menengah keatasnya peduli sosial bgt dan BERANI beraksi walau dampaknya dikit, hehe. sorry Maudy, km sekolah tinggi2 cmn hatimu ga ngena, kasian, ternyata km kalah kaya dariku, krn km miskin empati. better stay di Korea aja deh. ga pantes Maudy. sorry bye!",11 hours ago,,,,0
https://www.youtube.com/watch?v=r1DSH9AQXLU,UgxRUweYJ1h9RWFBS_d4AaABAg,Youtube,@indahumiyati8376,Mata dan hatimu buta yaa.,11 hours ago (edited),,,,0
https://www.youtube.com/watch?v=r1DSH9AQXLU,UgzFeFk-r5QF9ga-hyR4AaABAg,Youtube,@ekadharmawan3261,Manusia tidak akan pernah bisa saling memahami jika mereka tidak merasakan penderitaan yang sama🥀,11 hours ago,,,,0
https://www.youtube.com/watch?v=r1DSH9AQXLU,UgyNSTSbDctRxEBq0Wl4AaABAg,Youtube,@PandaPoii888,Lucu bet nih orang,11 hours ago,,,,0
https://www.youtube.com/watch?v=r1DSH9AQXLU,Ugzq4qwG6L2TLgeiblx4AaABAg,Youtube,@LuthfiraAlzahra,"dengerin ini sambil sesak nafas karena karhutla, berita buruk bagi mu adalah kenyataan bagi someone.. cobalah sedikit ber empati.",11 hours ago,,,,0
https://www.youtube.com/watch?v=r1DSH9AQXLU,UgyRsLIK0KIGufTbrGZ4AaABAg,Youtube,@marcodignitysianipar641,sebenarnya setuju sama statement mba ini. bad timing aja sih rilis videonya,11 hours ago,,,,0
https://www.youtube.com/watch?v=r1DSH9AQXLU,Ugw_AJzncOXKusBm3i14AaABAg,Youtube,@RabiatunAdawiah-s2q,Orang yang dibiayai sekolah pakai uang pajak,11 hours ago,,,,0
https://www.youtube.com/watch?v=r1DSH9AQXLU,Ugyfsjg-lyQvW14U6F54AaABAg,Youtube,@heiyozen,"kak pliss jangan jahat gitu dong:( so sad, kalau emang gada tindakan nyata dari kamu buat nyingkirin bad news dengan nolong sesama yaudah lah keep silent aja. jadi makin keliatan tone deafnya kalo beginii",11 hours ago,,,,0
https://www.youtube.com/watch?v=r1DSH9AQXLU,UgwsFyino_3czKTkTzN4AaABAg,Youtube,@gabriellawijaya1783,Lo enggak pinter titik!!!,11 hours ago,,,,0
https://www.youtube.com/watch?v=r1DSH9AQXLU,UgzlPELaDKGzfKfIrMd4AaABAg,Youtube,@kaniabenada1471,"Bagus kak kitchen set nya, enak ya sarapannya, makro nutrisinya sangat lengkap..  enak sekali hidupnya maudy ayunda ini 😂😂😂",11 hours ago,,,,0
https://www.youtube.com/watch?v=r1DSH9AQXLU,UgytoPnFncRNqEH1EXd4AaABAg,Youtube,@KarmintoKarminto-qj2dt,kelihatan aslinya,11 hours ago,,,,0
https://www.youtube.com/watch?v=r1DSH9AQXLU,UgycPri_nmh0cCD5x-x4AaABAg,Youtube,@alien432hz9,"Rehat sejenak dari baca berita buruk, bukan untuk mengabaikan, sekedar sejenak rehat, untuk menjaga kewarasan? Agar bisa melihat masalah sebenarnya dengan lebih dalam? 
Seberapa lama waktu rehat, agar tidak LUPA karena kelamaan rehat?",11 hours ago,,,,0
https://www.youtube.com/watch?v=r1DSH9AQXLU,Ugxe-WEXMmpnG8Ziq014AaABAg,Youtube,@pisang_goreng_tepung,"Kak, bikin konten buat anak koruptor sama buzzer pemerintah ya? Semangat ya....",11 hours ago,,,,0
https://www.youtube.com/watch?v=r1DSH9AQXLU,UgwcWcibiFMwm3KdNgd4AaABAg,Youtube,@willysyahputra3011,"Cewek tolol, tapi cantik. OMG perfeck",11 hours ago,,,,0
https://www.youtube.com/watch?v=r1DSH9AQXLU,UgzRT-s3E4UU-zhI2iB4AaABAg,Youtube,@Alefian-x5s,"kewalahan akan badnews itu tanda kita peduli. sama ibaratnya kaya di sekolah dulu begitu guru selesai ngejelasin, gurunya nanya ke muridnya “pusing ga? gapapa pusing artinya kamu belajar memahami” dan video mba ini mau ngasih pandangan ke kita bagaimana cara mengontrol “sistem belajar biar ga pusing”, dia ngasih insight cara kita mengontrol emosional dan pikiran ketika menerima badnews. masalahnya memang tidak tepat aja, org akan menafsirkan mba ini kesannya gapunya empati akan bad news. engga loh guys. org yg ga pusing ketika belajar dikelas, bisa jadi dia emang pinter atau mungkin punya sistem belajar yg lebih baik. bukan karena ga berusaha memahami/gapeduli sama pelajaran di kelas. menerima bad news itu secara psikologis juga bisa memengaruhi cara kita merespon ke hal hal lain. mba ini hanya mengajarkan kita untuk mengontrol itu.",11 hours ago (edited),,,,0
https://www.youtube.com/watch?v=r1DSH9AQXLU,UgzBc_ppnqLH855wJSR4AaABAg,Youtube,@mv_channel,"Ternyata ad rasa Empati , hati nurani dan memahami kondisi saat ini sungguh patut disyukuri utk saat ini. Sayang banget sekolah ud jauh” sampai ke LN but Nir Empaty.",11 hours ago,,,,0
https://www.youtube.com/watch?v=r1DSH9AQXLU,UgyRD-8-TYFXUewc2FB4AaABAg,Youtube,@diceritain2026,kenapa kita seneng banyak pakai English? jadi kayak bijak gitu kah?,11 hours ago,,,,0
https://www.youtube.com/watch?v=r1DSH9AQXLU,UgyaRhx_4DbSMDunqMV4AaABAg,Youtube,@krisan_s1,Tone deaf final boss,11 hours ago,,,,0
https://www.youtube.com/watch?v=r1DSH9AQXLU,Ugyn8IOoeK75H6znnF54AaABAg,Youtube,@zainallatada6187,sepertinya anda tidak pernah merasakan naik beat isi pertalite,11 hours ago,,,,0
https://www.youtube.com/watch?v=r1DSH9AQXLU,Ugxq_ghna9QhVoERW9R4AaABAg,Youtube,@elcrxases,Maudy... for someone like you loh..? it's a shame sih,11 hours ago,,,,0
https://www.youtube.com/watch?v=r1DSH9AQXLU,Ugw0eGiCJK9J4HMJg4t4AaABAg,Youtube,@ferina1903,Oh ini video yg nyuruh tenang2 gtu heh. Lu klo blm ngerasain psti enteng tuh mulut blg blablabla. sumpah si org kek lu jahat bgt ke rakyat yg bnr2 mengalami,11 hours ago,,,,0
https://www.youtube.com/watch?v=r1DSH9AQXLU,UgzjoXYTYQycsSG-hit4AaABAg,Youtube,@五Koharu,hapus aja video lu mbak,11 hours ago,,,,0
https://www.youtube.com/watch?v=r1DSH9AQXLU,Ugz6udJhZiqvl011_cp4AaABAg,Youtube,@nurhadiadnan4699,"Masa bodo boleh tapi lihat sikon. Kalau gk bisa bantu mending diam, daripada ngasih statement yg bikin masyarakat sakit hati.",11 hours ago,,,,0
https://www.youtube.com/watch?v=r1DSH9AQXLU,UgwKmFm7rMZ-ICoRLbt4AaABAg,Youtube,@aprilputri257,"how ironic.. , bisa bilang bad news, sementara ini adalah keadaan kami sehari-hari.. must be nice liat / baca berita lalu bilang ""duh bad news lagi nih"" dan langsung scroll lagi.. 😢😢",11 hours ago,,,,0
https://www.youtube.com/watch?v=r1DSH9AQXLU,Ugz0gd9E2-RL8Hg7gTt4AaABAg,Youtube,@7162-k6o,"Tuhan sedang memberi kamu kenikmatan kak, tapi bukan berarti kamu bisa gak peduli sama orang yg lagi di bawah. Sangat mudah sekali bagi Tuhan untuk membalikkan keadaan ciptaannya",11 hours ago,,,,0
https://www.youtube.com/watch?v=r1DSH9AQXLU,UgwvHw6ZczndZMhRgMZ4AaABAg,Youtube,@sandanidani1775,Jangan kayak ngak punya otak deh maudy,11 hours ago,,,,0
https://www.youtube.com/watch?v=r1DSH9AQXLU,UgxwXbF1Dwrk_ekaNR94AaABAg,Youtube,@domura.0,"tutorial untuk rakyat ❌
tutorial untuk pejabat ✔️",11 hours ago,,,,0
https://www.youtube.com/watch?v=r1DSH9AQXLU,Ugy4yCtfrvLaneImZv94AaABAg,Youtube,@syahra1587,idih bege jir,11 hours ago,,,,0
https://www.youtube.com/watch?v=r1DSH9AQXLU,Ugx6uVMhNfPNJUgib154AaABAg,Youtube,@astyutamy-j7i,"Dikk.. diluar sana tak seberuntung kamu, kamu pikir mrk mau mendptkan kehidupan dari bencana ..
Berita tersebut diberitakan utk saling tolong menolong .. dari situ kita bersyukur mendptkan berita2 itu utk mendptkan pahala utk tentu saja menolong mrk, banyak cara nya,  ada berita jg yg hrs dibuka utk protek diri jikalau terjadi bencana bisa mempersiapkan diri.. tolong jangan sama kan mrk .. punya empati sedikit.. jika kamu tidak punya empati tak apa jangan bikin ribet sendiri.. self healing aja tanpa hrs curcol gara2 bertiga buruk..",11 hours ago (edited),,,,4
https://www.youtube.com/watch?v=r1DSH9AQXLU,UgyDneB_pjvdnb024k54AaABAg,Youtube,@Cincindyylau,"Dear Maudy Ayunda, I understand what you mean. Karena pasti suka banget ngerasa overwhelmed karena banyak berita buruk. But what can we do? Itu sudah terjadi, dan tidak bisa di pause gitu aja. Hal yang kak maudy sampaikan itu sebenarnya baik, but the people who are going through it couldn't pause what they're going through. 

I don't hate anyone right now. Cause that's not the case. But I do feel overwhelmed right now because kesalah pahaman ini juga malah bikin kalian seenaknya maki2 orang. I don't care dia siapa, tapi dia juga manusia. Looking at the comments, sampai maki2 ka maudy yang bener2 OUT OF THIS TOPIC, sampai hal2 ga senonoh, it's sad. Kalau kak maudy memang salah bukan berarti kalian jadi orang jahat yang maki2 orang sampai ke personal lifenya.. That's just mean.",11 hours ago,,,,0
https://www.youtube.com/watch?v=r1DSH9AQXLU,UgwOD7VR2653FouevQ14AaABAg,Youtube,@almaratulafuwwah9484,kata gw hapus video ini jir modi,12 hours ago,,,,0
https://www.youtube.com/watch?v=r1DSH9AQXLU,UgyknyunV0EkZ4WGWXV4AaABAg,Youtube,@RitaWidyaPutri-x2v,"baru nonton ini, and trying soooo hard to understand what she said.. i mean, memahami dgn mencoba ttp positif thinking dgn apa yg dia omongin, trying to listen with many perspektif...

but, sorry maudy, its so sick.. aku mencoba nonton dgn fully calmmm, but allthingsg in your video is make me sick.. 
kamu warga indonesia, kamu punya sumber daya yg of course lebih banyak dari aku, dari kami, kamu punya suara yg di dengar, kamu punya uang yg banyak, instead of making this video, better kamu ngajak donasi kek, or something else.. 
hampir seluruh warga indonesia skrng tuh gapunya kesempatan buat nge sortir bad news yg mereka terima, semua org disini terdampak oleh something that u called that 'bad news', maybe scr ekonomi kami kerja keras, banting tulang, masih kena pajak juga cuma buat bisa makan nasi dan tempe, boro-boro avo, egg, and very healthy bread.. para korban bencana? jgn ditanya, bernapas pun mereka kesulitan.. 
dan kamu, seorang maudy ayunda masih sempat memvideokan dirimu yg ambil toast bread pake sumpit? 
please, where is your heart? 
jangan ajari tidur tenang, untuk kami yg ngga punya kasur dan tempat yg aman..",12 hours ago (edited),,,,0
https://www.youtube.com/watch?v=r1DSH9AQXLU,Ugxm-6Cg_hlcZikTVKR4AaABAg,Youtube,@urrthv123,udah yappingnya?,12 hours ago,,,,0
https://www.youtube.com/watch?v=r1DSH9AQXLU,UgzICy1jHpwCAUztLrZ4AaABAg,Youtube,@cahayahatifamily4010,"So disappointed of you. Ternyata segini doang ya. Di saat bayar UKT banyak yg gak mampu saking tingginya, lapangan pekerjaan nyaris tak tersedia dan banyak PHK, pejabat yg ngomong nya ngawur( kamu gak denger kali ya atau pura pura budek), ribuan murid keracunan MBG, dan banyak lagi fakta yang menyedihkan tentang negara ini bahkan dunia internasional saja aware, kok kamu bisa cuma anggep ini just a bad news???? Di mana hati nurani muuuu. Dan kamu ngomong ini dengan rasa bangga seolah-olah kamu sudah memberikan  solusi untuk kami sambil makan enak di rumahmu. Sementara kami mo makan aja masih mikir. Tolong ya, ilmu nya di pake untuk sesuatu yang bermanfaat untuk rakyat. Biar beasiswa nya gak sia sia. Karena itu dari pajak kami.",12 hours ago,,,,0
https://www.youtube.com/watch?v=r1DSH9AQXLU,UgxtSu0h4bOqa0mbPBt4AaABAg,Youtube,@Xūwúwuwa,"intinya gini, kalo mau berpendapat begini seharusnya agak hati hati karena si kreator harusnya diawal konfirmasi konteks nya ini bagi dua antara yang melihat berita buruk, beda lagi dengan yang mengalami nya. memang benar untuk bagi pelihat berita buruk jangan  begitu mendalami, kita masih ada hidup yang masih dijalani dan take care kepada diri sendiri, bersimpati bagus tapi simpanlah simpati untuk dirimu juga. sedangkan yang mengalami langsung berat memang, tapi sekali lagi ini untuk yang menonton berita bukan yang mengalami.. konteks nya.",12 hours ago,,,,0
https://www.youtube.com/watch?v=r1DSH9AQXLU,UgzRpC-bjvTjVkUt_Qh4AaABAg,Youtube,@saturnnsippa,don't say sorry if you're not sorry.,12 hours ago,,,,0
https://www.youtube.com/watch?v=r1DSH9AQXLU,Ugxki7eBR9YWtOs1WoF4AaABAg,Youtube,@DazeOnGame,goreng rujak goreng rujak😂,12 hours ago,,,,0
https://www.youtube.com/watch?v=r1DSH9AQXLU,UgxZS4ENGseyDMyIhKN4AaABAg,Youtube,@witamaschool4937,"Pendidikan yang diperoleh sebaiknya menjadikan siapapun itu menjadi perduli dan menghormati  penderitaan sesama, dan melakukan aksi menolong keadaan. Bukan sebaliknya membuat pernyataan yang menyakiti. Tolong belajar merasakan kesusahan orang dan berhenti komen asal bunyi",12 hours ago,,,,0
https://www.youtube.com/watch?v=r1DSH9AQXLU,UgyL7sBoVeUv5Si8r8Z4AaABAg,Youtube,@NirnaFitri,Sekolah boleh LN oxford tp hati nurani mu ky org gak sekolah miriss,12 hours ago,,,,0
https://www.youtube.com/watch?v=r1DSH9AQXLU,Ugw3JJgWi93GHgolNrZ4AaABAg,Youtube,@kdkbella9715,"I get why she’s saying these stuff but she should’ve said these to people she’s comfortable with, for example as she said those up to 200 people. Soo i guess she’s prepared to see the feedback the world would give her. Semangat yaa maudy and stay mindful in the midst of all this",12 hours ago,,,,0
https://www.youtube.com/watch?v=r1DSH9AQXLU,UgwSSvEVxD0_lyjNX1t4AaABAg,Youtube,@idul1703,"Sekolah di kampus bergensi, pakai duit rakyat yang lagi susah tapi mana aksi buat bela mereka, gamalu kamu ?",12 hours ago,,,,0
https://www.youtube.com/watch?v=r1DSH9AQXLU,Ugz2-K81G-WMQickClB4AaABAg,Youtube,@yustikaayu168,minta maaf gih!,12 hours ago,,,,0
https://www.youtube.com/watch?v=r1DSH9AQXLU,UgyVJAjuzKgh3ufQaKx4AaABAg,Youtube,@AudinaAurelya,Bacot maudy please lu pindaah aja k sini dah. Liat noh sherinaa kemarin madamin api dah kayak apa,12 hours ago,,,,0
https://www.youtube.com/watch?v=r1DSH9AQXLU,UgzuSUbrRFkPju4cWL94AaABAg,Youtube,@ar6440,Hdup di Indo tuh udh bad reality,12 hours ago,,,,0
https://www.youtube.com/watch?v=r1DSH9AQXLU,UgzJil96rNVFEb4OpAd4AaABAg,Youtube,@ar6440,Lu bad newsnya,12 hours ago,,,,0
https://www.youtube.com/watch?v=r1DSH9AQXLU,UgwoFLt1qFTUVg0mN3d4AaABAg,Youtube,@ar6440,Udh yappingnya??,12 hours ago,,,,0
https://www.youtube.com/watch?v=r1DSH9AQXLU,UgwI7pdHIgajVNiNFm14AaABAg,Youtube,@iveyshan,"Overthinking, being upset and overwhelmed emotionally, silent tears every night due to the negativity one is absorbing, thats a real thing. At several times this could lead to su*cidal thoughts. She is simply explaining how to protect yourself from experiencing the same hurtful episode every night. If you cant resonate, then the message is simply not for you, so be happy about it. Yes, be realistic, but also be realistic enough that we still got to go on with life, we got people in our house to feed, we got to continue work, we cant lose grip in this crucial time. if our mind and soul is ruined, motivation to live decreases, eventually ure losing the grip.

We can be sad about the bad things happened related to our income, our future, etc. But being down everyday to the point ure losing yourself, WILL NOT IMPROVE your income nor improve anything whatsoever. Being the healthiest version of you WILL DO. And in this economy, it is the most difficult thing to do, but as shes saying, ITS REALLY IMPORTANT TO DO SO. Control what we can control first - ourselves.",12 hours ago (edited),,,,0
https://www.youtube.com/watch?v=r1DSH9AQXLU,UgxrUlY5VZujhmLO1vx4AaABAg,Youtube,@ar6440,Think before you speak dude,12 hours ago,,,,0
https://www.youtube.com/watch?v=r1DSH9AQXLU,Ugy3slcFadLZpNbPeZd4AaABAg,Youtube,@ar6440,Lambemu,12 hours ago,,,,0
https://www.youtube.com/watch?v=r1DSH9AQXLU,UgzbpthBolx7xktk5U14AaABAg,Youtube,@ar6440,Cba lu diposisi gw,12 hours ago,,,,0
https://www.youtube.com/watch?v=r1DSH9AQXLU,Ugzx21Viy1E2SMynXC14AaABAg,Youtube,@ar6440,Lu msh mending,12 hours ago,,,,0
https://www.youtube.com/watch?v=r1DSH9AQXLU,UgxSFF9IJ47iPEDJyv94AaABAg,Youtube,@KacaMata-y6m,Sejauh ini ga ada yang salah. Dia lagi nyampein perspektifnya. Udah dijeda sama beberapa disclaimer juga. 😊,12 hours ago,,,,0
https://www.youtube.com/watch?v=r1DSH9AQXLU,Ugw9LQWZpnTqBf7xrsF4AaABAg,Youtube,@ar6440,Cantik tpi nirempati,12 hours ago,,,,0
https://www.youtube.com/watch?v=r1DSH9AQXLU,UgwGmsd_3p6cgiBnJeJ4AaABAg,Youtube,@ar6440,😂blog,12 hours ago,,,,0
https://www.youtube.com/watch?v=r1DSH9AQXLU,Ugy-aIFGAOigEkOjsKJ4AaABAg,Youtube,@mv_channel,"Umm? Baru menyadari skrg. Pantes dari dulu ada seseorg bilang kalo idolanya adalah Maudy Ayunda. Seketika dulu ak ga tau dan yah ak cari tau yg mana nih Maudy Ayunda. Dan sekali liat ooh dia toh. Tapi feel rasa ada yg ga enak tapi ga tau apa. Sedangkan yg di post ga ad kekurangan terutama pendidikan juga not bad lah, dan yg diposting juga bagus semua. Tapi mikir lagi ya sudahlah yaa ga terlalu gimana pikirkan. Eeh tau ya kemarin ad isu ini, dan flashback dan respon ke diri sendiri. Ooh ternyata ini yg kamu maksd waktu itu 🤭",12 hours ago,,,,0
https://www.youtube.com/watch?v=r1DSH9AQXLU,UgwBkmwMkxEEize16lN4AaABAg.AamC2JZiWv7AamFDcsFeQO,Youtube,@LifeVenus-m3g,"Alah lu protes berita buruk dan bobrok hapus media sosial lu,mikir diri sendiri,cari bahagia sendiri,cari aktivitas baru (ini untuk orang egois)",10 hours ago,,,,0
https://www.youtube.com/watch?v=r1DSH9AQXLU,UgwBkmwMkxEEize16lN4AaABAg.AamC2JZiWv7AamG4n-UmMk,Youtube,@WhiteGolden5627,"​ @LifeVenus-m3g Ya lu ngapain BALAS KOMEN GUA??? YG MERASA BURUK TERUSS AMPE PESIMISTIS TERUSS amit² negara ancur SIAPA BOSS??? PIKIRRR Gua juga orang susah TAPI MINIMAL OTAK JG JANGAN DIPAKE BUAT NYALAHIN ORANG LAIN DULU TERMASUK PRESIDEN LAHH, ngaca dulu KE DIRI SENDIRI sebagai rakyat udh bener apa blom",10 hours ago,,,,0
https://www.youtube.com/watch?v=r1DSH9AQXLU,Ugx6uVMhNfPNJUgib154AaABAg.Aam4zUJXLt4Aam5OmQZSjj,Youtube,@astyutamy-j7i,"Bad news nya kita Indonesia hidup di negara ring off fire , .. bad news bukan hanya bukan bencana saja , tapi dari sebuah proses bagaiman itu terjadi , kek pembabatan hutan jadi banjir, komplen dan bersuara utk hutan voogreen akan lebih baik dari pada kamu mengoceh sementara mulutmu lg makan,diluar sana byk yg ga layak dik",11 hours ago,,,,0
https://www.youtube.com/watch?v=r1DSH9AQXLU,Ugx6uVMhNfPNJUgib154AaABAg.Aam4zUJXLt4Aam6AmKwhrM,Youtube,@astyutamy-j7i,"Org bisa aja bilang org overthinking apakah itu salah mrk memberitakan  berita buruk? 
Apa yg salah itu sipenderita akibat bencana misalnya ? 
Bertiga buruk nya siap ga siap ini akhir zaman , do good think aja , kumpulin amal kebaikan",11 hours ago,,,,0
https://www.youtube.com/watch?v=r1DSH9AQXLU,Ugx6uVMhNfPNJUgib154AaABAg.Aam4zUJXLt4Aam6ataNFbG,Youtube,@astyutamy-j7i,"Jadikan kesempatan ladang amal aja ga siy.. buat diri sendiri.. yg dibawa mati itu amalmu dik.. bukan celotehan tanpa berbuat byk.. komplen ga guna .. ,
Gw jg pengen dpt hidup kek lu.. 
Bukan mrk yg mau dik.. 
Ini ada sebab akibat ..",11 hours ago,,,,0
https://www.youtube.com/watch?v=r1DSH9AQXLU,Ugx6uVMhNfPNJUgib154AaABAg.Aam4zUJXLt4Aam6owNIMNo,Youtube,@astyutamy-j7i,"Bagaimana jika kamu kena bencana , tapi ga tau info dari bad news nya dan yg menolong kamu adl apa yg kamu bicarakan mrk yg terkena musibah",11 hours ago,,,,0
https://www.youtube.com/watch?v=r1DSH9AQXLU,UgzBTweUpNAPjPHXItd4AaABAg.Aam2q4iD4hFAam3nVfGPkQ,Youtube,@mutiaanggraini5114,"Oh ya terimakasih atas inspirasinya. Habis nonton ini, aku sadar kalau ga menutup kemungkinan sekian persen murid2ku nanti akan menjadi tone deaf kayak kamu. Jadi aku memutuskan penilaian sumatif hari ini dengan menggunakan studi kasus berkelompok, mengenai peristiwa2 yg akhir2 ini menimpa negara kita. Supaya mereka belajar bahwa yang tinggal di indonesia itu ga cuma mereka yang mentang2 ga merasakan efek dari bencana alam tertentu, mereka anggap enteng bencana tsbt. Aku mau menumbuhkan rasa empati dari studi kasus tadi, bahwa meskipun mereka aman, ternyata bagi org2 yg terdampak bencananya, mereka menderita.
Aku berharap seengaknya ini langkah pertamaku untuk memupuk tunas bangsa untuk lbh peka dan peduli dengan sekitarnya dan berharap semoga kedepannya mereka bisa menjadi orang yg lbh vokal terhadap fenomena yg melanda negaranya maupun dunia",12 hours ago,,,,0
https://www.youtube.com/watch?v=r1DSH9AQXLU,UgwYR5yBetFMh7d7ZJt4AaABAg.AalybfcP-tGAamPLGO5XW4,Youtube,@hasamahikaru,"iya, kalau gw lihat secara objektif, dia engga salah kok. Cuma gatau tempat ama waktu aja",9 hours ago,,,,0
https://www.youtube.com/watch?v=r1DSH9AQXLU,UgyY5SX0lRiGNDWQIaR4AaABAg.AalzTGCSYhlAam68L9KXDl,Youtube,@Zebeats-x,Just bad timing? 🤣,11 hours ago,,,,0
https://www.youtube.com/watch?v=r1DSH9AQXLU,UgyY5SX0lRiGNDWQIaR4AaABAg.AalzTGCSYhlAamBFFoolIg,Youtube,@babamkristiano,"ada kata ""maybe"" ,itu gunanya membaca dan memaknai informasi secara waras ygy",11 hours ago,,,,0
https://www.youtube.com/watch?v=r1DSH9AQXLU,UgyY5SX0lRiGNDWQIaR4AaABAg.AalzTGCSYhlAam9K7eshWr,Youtube,@AlkalineUwU,Nulis lu jelek. Keypad auto kapital di huruf depan segala lu kecilin manual.,11 hours ago,,,,0
https://www.youtube.com/watch?v=r1DSH9AQXLU,UgyY5SX0lRiGNDWQIaR4AaABAg.AalzTGCSYhlAamB0kHdo1K,Youtube,@babamkristiano,"​​ @AlkalineUwU u proved my point, saking ga waras nya lu, buat diri lu jadi tone deaf sendiri.. lu malah salfok mencari kesalahan orang bukan mencari hal yang positif dari komentar gua. bikin lu terlihat bodoh sndiri there's no argument that u can bring and only say ""penulisan""😢😂",11 hours ago (edited),,,,0
https://www.youtube.com/watch?v=r1DSH9AQXLU,Ugz5OIh9fprzk2NTtod4AaABAg.AalzixL7zMvAamR_8d8eQC,Youtube,@nofaerischa7144,Bener,8 hours ago,,,,0
https://www.youtube.com/watch?v=r1DSH9AQXLU,Ugz5OIh9fprzk2NTtod4AaABAg.AalzixL7zMvAamRgw8asa0,Youtube,@nofaerischa7144,"​ @kharismatutorial5550 bener kak, netizen indo klu bersebrangan sama pendapat mereka langsung main hujat, kdg pembahasannya ntah sampe mana² jadinya.",8 hours ago,,,,0
https://www.youtube.com/watch?v=r1DSH9AQXLU,UgyJcZIz1rnbF4dgTDB4AaABAg.AaltDoFGQfNAamj7n1TBHW,Youtube,@zalfasyahiraa,"menolak realita banget ye gue liat2, padahal bad news nya dari negara dia sendiri, mana kesalahannya kebanyakan dari pemerintah.",5 hours ago,,,,0
https://www.youtube.com/watch?v=r1DSH9AQXLU,Ugym6d520XubVNGEsPx4AaABAg.Aalpzn3ZFfNAam9iMnM3IS,Youtube,@zidansakurauchi5471,"nih orang kesannya menjadikan ""bad news"" yg dia lihat semacam fiksi atau cuma perusak mood dia aja. Itu terkesan reduction banget jir. seolah olah hidup orang lain yg lebih susah cuma perusak pemandangan bagi dia dan dia ngajarin orang lain cara menghapus itu dari pemandangannya lewat video ini. Gak ada yg pengen juga dia bersuara. Lagian kaum borjuis apalagi kalangan selebriti yg macam ini gak bakalan berpihak ke masyarakat, tapi paling nggak, gak usah reduction pengalaman yg ada seolah olah itu cuma bad news fiksi, itu tuh personal babget macam marie antoinette dulu. Ya jatohnya tone deaf juga, masih aja denial lu 😹",11 hours ago (edited),,,,0
https://www.youtube.com/watch?v=r1DSH9AQXLU,Ugym6d520XubVNGEsPx4AaABAg.Aalpzn3ZFfNAam32jXraGZ,Youtube,@annisazikriatinnafilah7045,"@Yunitaratia Mungkin sudah tau kak 😁 Cuma bayangin, living in the life of Maudy Ayunda yg nyaman dan selalu ""positif"" sejak dulu, butuh keberanian lebih untuk take action yang mungkin mengguncang kenyamanannya. 

Dan bagiku, public figure itu manusia biasa juga. Mungkin punya self doubt, mungkin mau action tapi takut ini takut itu. So semoga momentum ini ngga mematahkan semangat Kak Maudy. Justru semoga dia sadar betapa banyak orang yg berharap dia do something bigger and more impactful, sehingga dia semakin tergerak untuk act more.",12 hours ago,,,,0
https://www.youtube.com/watch?v=r1DSH9AQXLU,Ugym6d520XubVNGEsPx4AaABAg.Aalpzn3ZFfNAam7QoCfLJ9,Youtube,@MuhammadGantira,"daamnnn finally ada komen yang lebih dewasa nangkep konteks videonya.

i totally agree with you on how maudy points out the thing about how to become literate in nowadays news.

sayangnya timing videonya aja terlalu cepet dan memang secara simbol simbol visualnya bikin irritating. sambil ngeluh karena banyak bencana, sembari makan.

jadi aku rasa permasalahannya lebih kepada gaya komunikasi nya aja yang terlalu kontras banget dengan apa yang dirasain sama kebanyakan masyarakat indonesia

dan yang perlu dipoint out juga sebetulnya memang beliau punya panggung untuk menyatukan suara masyarakat dengan previllage yang sama seperti maudy.

so i think its still a 50/50 situation.

dan lagi kalau mau ngejadiin kasus untuk video kayak gini. eno bening juga bikin video dengan tema yang mirip.",11 hours ago,,,,0
https://www.youtube.com/watch?v=r1DSH9AQXLU,Ugym6d520XubVNGEsPx4AaABAg.Aalpzn3ZFfNAam9LEZkYmZ,Youtube,@zidansakurauchi5471,halah nyocot,11 hours ago,,,,0
https://www.youtube.com/watch?v=r1DSH9AQXLU,UgzlTHvdFc6kJ_YZQPh4AaABAg.AalpOTvDXLAAamO_DbYj63,Youtube,@nofaerischa7144,Setuju kak,9 hours ago,,,,0
https://www.youtube.com/watch?v=r1DSH9AQXLU,Ugz05R_9wWMObgf0RcJ4AaABAg.AalpLImquteAamQhUGK4RC,Youtube,@hutamaadi6151,"Ya masalahnya dia publish ini ke publik. Jadi harus terima resikonya sih. Seandainya dia cuma bicara di circle nya dia, ga akan jadi seperti ini",8 hours ago,,,,0
https://www.youtube.com/watch?v=r1DSH9AQXLU,Ugz05R_9wWMObgf0RcJ4AaABAg.AalpLImquteAamN4A1gT6n,Youtube,@erzahermawan2178,"Komentar ini kaya Oase ditengah"" Gurun, setuju banget let them aja gak sih Dia begini 🙏🏻",9 hours ago,,,,0
https://www.youtube.com/watch?v=r1DSH9AQXLU,Ugz05R_9wWMObgf0RcJ4AaABAg.AalpLImquteAamOPZ585ly,Youtube,@nofaerischa7144,"Sepemikiran kak . Di indo gitu ya klu ga bersebrangan sama pendapat bnyk org langsung di hujat, sampe ntah kemana yg di bahas 😅.",9 hours ago,,,,0
https://www.youtube.com/watch?v=r1DSH9AQXLU,Ugz05R_9wWMObgf0RcJ4AaABAg.AalpLImquteAamL229BuP3,Youtube,@tedybahtiar6648,couldn't agree more,9 hours ago,,,,0
https://www.youtube.com/watch?v=r1DSH9AQXLU,Ugz05R_9wWMObgf0RcJ4AaABAg.AalpLImquteAamLGREr9Qy,Youtube,@fadilasofiana7984,sepemikiran,9 hours ago,,,,0
https://www.youtube.com/watch?v=r1DSH9AQXLU,Ugz05R_9wWMObgf0RcJ4AaABAg.AalpLImquteAamaUWUbbI5,Youtube,@geegeegee7,This comment👏👏,7 hours ago,,,,0
https://www.youtube.com/watch?v=r1DSH9AQXLU,Ugz05R_9wWMObgf0RcJ4AaABAg.AalpLImquteAamchiLYYF5,Youtube,@christycc9738,Yes i agree ❤,6 hours ago,,,,0
https://www.youtube.com/watch?v=r1DSH9AQXLU,UgwP24Icxlvpkpgwv_F4AaABAg.AaloH5ise5rAamBHl1mC0O,Youtube,@greatkuja,bro is doomed to lose 😂,11 hours ago,,,,0
https://www.youtube.com/watch?v=r1DSH9AQXLU,Ugxe7A0h3u8xkwC1fMh4AaABAg.Aallc-71V4EAamnxZtTSul,Youtube,@jjkhhjiuy,"Nah, people are mad because she chose silent then suddenly appear talking about being mindful in the age of bad news. Where has she been all this time? Bisa gk orang2 yang terdampak asap being mindful? Kalau aja ada opsi seperti hidup si maudy yg sarapan mewah di dapur mewah semua orang juga mau",5 hours ago,,,,0
https://www.youtube.com/watch?v=r1DSH9AQXLU,UgxugtlN2T2g-XicCtl4AaABAg.AalhLQju6unAamnN9AJ9Nk,Youtube,@annepanggabean9747,"I know, i don’t get anything from this video. She tried to sound smart but she was talking of nothing.😅",5 hours ago,,,,0
https://www.youtube.com/watch?v=r1DSH9AQXLU,UgxtdEx2XptPcGd8U5R4AaABAg.AalhFJzx9P1AamL-y0dWH5,Youtube,@ayudiasetiawan,yah dia mah tinggal cari alam di luar negeri... yah kita rekeningnya aja nggak cukup buat apply visa...,9 hours ago,,,,0
https://www.youtube.com/watch?v=r1DSH9AQXLU,UgxtdEx2XptPcGd8U5R4AaABAg.AalhFJzx9P1AamD6BdRswe,Youtube,@WhiteGolden5627,LAHH BUKANNYA YG RUSAK ALAM SENDIRI RAKYATNYA???,10 hours ago,,,,0
https://www.youtube.com/watch?v=r1DSH9AQXLU,Ugz_EKsljn_que39Yr94AaABAg.Aalhvt3M8VfAamGFIdmnCg,Youtube,@homerdawkins,"Jujur perlu di cancel ni cewek gua udh kesel pas die pickme pilih stanford apa harvard demi kyk ""owh gua terlalu cute bingung bgt nih"" ah bise aje lu princess konci, masalahnya pengikutnya makan mekdi aja dua kali sebulan doang",10 hours ago,,,,0
https://www.youtube.com/watch?v=r1DSH9AQXLU,Ugz_EKsljn_que39Yr94AaABAg.Aalhvt3M8VfAamHgxnYkhS,Youtube,@HendriIrawan-h2s,"Sama njir perlu di cancel culture nih cewek kyk gini even dia pinter cantik apalah itu kek ngapain njir mending diem aja kalo gk turun ke lapangan dan lu tuh pake beasiswa lpdp yg seharusnya lebih speak up njir bukan nya nyocot ala ala motivator lu kira kehidupan indah seperti cocot ny motivator miris udh mah tone deaf gk ngerti kondisi pula, mana kualitas nya noh liat cinta laura les lu sana gimana jadi influencer yg baik!.",10 hours ago,,,,0
https://www.youtube.com/watch?v=r1DSH9AQXLU,Ugz_EKsljn_que39Yr94AaABAg.Aalhvt3M8VfAamakWT8KkC,Youtube,@vaniaartha7045,"Bener kak, video ini ga pantes buat hal” yg di buat sama pemerintah",7 hours ago,,,,0
https://www.youtube.com/watch?v=r1DSH9AQXLU,Ugz_EKsljn_que39Yr94AaABAg.Aalhvt3M8VfAamkifr-17a,Youtube,@jetaalomani,Bner bet salah timing dia,5 hours ago,,,,0
https://www.youtube.com/watch?v=r1DSH9AQXLU,UgxYkSwIhD20D5Eiq854AaABAg.Aaler07rZxQAamL034oSAw,Youtube,@lara-d3n5u,"youtube konsumsi semua kalangan masyarakat, kalau emang mau kek gitu bikin aja grup orkay, gampang",9 hours ago,,,,0
https://www.youtube.com/watch?v=r1DSH9AQXLU,UgxYkSwIhD20D5Eiq854AaABAg.Aaler07rZxQAamMUO-8373,Youtube,@Me-bd7qt,Lu sama aja mendorong orang orang yg privilege kek dia tone deaf juga,9 hours ago,,,,0
https://www.youtube.com/watch?v=r1DSH9AQXLU,UgxYkSwIhD20D5Eiq854AaABAg.Aaler07rZxQAamNVU8ww4T,Youtube,@fala-iz9du,Ya sih kalau dia cuma ngobrol di tongkrongan dia dan nggak dia publish. Dia bakal aman😅😅😅,9 hours ago,,,,0
https://www.youtube.com/watch?v=r1DSH9AQXLU,UgytymCwf6z-FtD6kEJ4AaABAg.AalZM64OwUfAamHVJGU80r,Youtube,@pujaalmansur69,​ @HardiHotman the real mariaaa,10 hours ago,,,,0
https://www.youtube.com/watch?v=r1DSH9AQXLU,UgytymCwf6z-FtD6kEJ4AaABAg.AalZM64OwUfAamDRNelKY_,Youtube,@UlfahSeprida,"klu g mau denger berita ttg realita yg terjadi dinegeri ini minimal hapus akun2 medsos mu aja deh, sekalian g usah buka hp atau nonton tv, klu g mau denger berita2 g usah koar2,keep silent aja k dirimu dan komunitasmu, berita yg terjadi di indonesia ini jg dsajikan bukan utk mu, utk org2 yg masih peduli dg sesama",10 hours ago,,,,0
https://www.youtube.com/watch?v=r1DSH9AQXLU,UgytymCwf6z-FtD6kEJ4AaABAg.AalZM64OwUfAamGtSZ1qed,Youtube,@a_ry8852,​ @UlfahSeprida kok nunggu dihapus? Ya kita report rame2 lah...,10 hours ago,,,,0
https://www.youtube.com/watch?v=r1DSH9AQXLU,UgytymCwf6z-FtD6kEJ4AaABAg.AalZM64OwUfAamkcXLwy__,Youtube,@jetaalomani,​ @UlfahSeprida  iyah harusnya si maudy juga gitu lah ngapain harus koar koar juga? Keep in her self ajah😂😂,5 hours ago,,,,0
https://www.youtube.com/watch?v=r1DSH9AQXLU,UgytymCwf6z-FtD6kEJ4AaABAg.AalZM64OwUfAamCAaB2cRn,Youtube,@adibanawahdyt,Sakit hati banget sumpah,10 hours ago,,,,0
https://www.youtube.com/watch?v=r1DSH9AQXLU,UgytymCwf6z-FtD6kEJ4AaABAg.AalZM64OwUfAamOa3I5Z5W,Youtube,@NurvitaWulanSartika,Memang sangat tidak pantas. Dia berbicara kepada siapa sebenarnya.,9 hours ago,,,,0
https://www.youtube.com/watch?v=r1DSH9AQXLU,UgytymCwf6z-FtD6kEJ4AaABAg.AalZM64OwUfAamBcdUNNDP,Youtube,@justvid4878,Nejesss ya 😢,11 hours ago,,,,0
https://www.youtube.com/watch?v=r1DSH9AQXLU,UgytymCwf6z-FtD6kEJ4AaABAg.AalZM64OwUfAamjFWRZ3gN,Youtube,@erickwicky632,"Kamu cantik, kamu punya privilege, ilmu kamu tinggi, tapi hati kamu kurang terbuka, memang kasta kamu berbeda dengan mereka yang kebanyakan terdampak bencana ini, setidaknya coba untuk membuka hati tidak membantu tidak masalah tapi jangan sampai buta mata buta hati, pikirkan perasan mereka yang mendengarkan opini mu dengan privilege yang kamu punyai, walau niat kamu sebenarnya baik cuma lebih di fikirkan lagi jika opini mu itu menyakiti banyak hati manusia, terkesan kamu itu egois, pelajaran buat kamu, kamu slalu menatap ke depan slalu melihat ke atas, coba untuk keadaan yang sekarang sedang tidak baik² saja kamu perhatikan yang di berasa di bawah, hati mereka sedang terguncang, perasaan mereka sedang tersakiti, fikiran mereka sedang buruk, dan kamu muncul dengan memberikan tutorial yang secara tidak sadar telah menyakiti banyak orang, belajar lebih dewasa lagi, karna dewasa itu dari pola fikir bukan dari umur atau tubuh fisik",5 hours ago,,,,0
https://www.youtube.com/watch?v=r1DSH9AQXLU,UgytymCwf6z-FtD6kEJ4AaABAg.AalZM64OwUfAammGTfqv9f,Youtube,@kingdenoxyt4759,Dia blom ngerasain panik nya gas abis sama berisiknya token listrik saat sisa sedikit...😅,5 hours ago,,,,0
https://www.youtube.com/watch?v=r1DSH9AQXLU,UgytymCwf6z-FtD6kEJ4AaABAg.AalZM64OwUfAam5umpkkOD,Youtube,@KUCING-BAHLUL,setuju,11 hours ago,,,,0
https://www.youtube.com/watch?v=r1DSH9AQXLU,UgytymCwf6z-FtD6kEJ4AaABAg.AalZM64OwUfAamJP7XxJeW,Youtube,@davidariefrakhman5318,Yeah that's a reality 😢,9 hours ago,,,,0
https://www.youtube.com/watch?v=r1DSH9AQXLU,UgytymCwf6z-FtD6kEJ4AaABAg.AalZM64OwUfAamLUqDdgye,Youtube,@abrahammahesa7451,Pas😂,9 hours ago,,,,0
https://www.youtube.com/watch?v=r1DSH9AQXLU,UgytymCwf6z-FtD6kEJ4AaABAg.AalZM64OwUfAamOG9ev2jR,Youtube,@AZellLiaa-x5k,mahkaota mu sedang di lass king,9 hours ago,,,,0
https://www.youtube.com/watch?v=r1DSH9AQXLU,UgytymCwf6z-FtD6kEJ4AaABAg.AalZM64OwUfAamOTyHDs33,Youtube,@arinfarhana,Damnnn,9 hours ago,,,,0
https://www.youtube.com/watch?v=r1DSH9AQXLU,UgytymCwf6z-FtD6kEJ4AaABAg.AalZM64OwUfAamQV9YpMoz,Youtube,@orymeriyanti2548,Bro sedang memasak🗿,8 hours ago,,,,0
https://www.youtube.com/watch?v=r1DSH9AQXLU,UgytymCwf6z-FtD6kEJ4AaABAg.AalZM64OwUfAamTvK78vxs,Youtube,@riorps9550,Dan ngomong di dapur yg proper wkwkw,8 hours ago,,,,0
https://www.youtube.com/watch?v=r1DSH9AQXLU,UgytymCwf6z-FtD6kEJ4AaABAg.AalZM64OwUfAam_QtA_3eW,Youtube,@aishipup,yasssh thats the point.,7 hours ago,,,,0
https://www.youtube.com/watch?v=r1DSH9AQXLU,UgytymCwf6z-FtD6kEJ4AaABAg.AalZM64OwUfAamio57KKry,Youtube,@ArifArif-nk7ih,Sementara mulutmu sibuk mengunyah dan dompetmu penuh dgn rupiah.,6 hours ago,,,,0
https://www.youtube.com/watch?v=r1DSH9AQXLU,UgytymCwf6z-FtD6kEJ4AaABAg.AalZM64OwUfAamjbtInxkI,Youtube,@rimimachine,💯,5 hours ago,,,,0
https://www.youtube.com/watch?v=r1DSH9AQXLU,UgytymCwf6z-FtD6kEJ4AaABAg.AalZM64OwUfAanLfusia_B,Youtube,@dewibulan625,Yg dikunyah juga makanan mahal😂,13 minutes ago,,,,0
https://www.youtube.com/watch?v=r1DSH9AQXLU,UgytymCwf6z-FtD6kEJ4AaABAg.AalZM64OwUfAanMwtAAaHG,Youtube,@spesiesruwet2206,"Kalimatnya bagus... Sayang isinya ngarang.
Coba tunjukin di menit berapa dia nyuruh sabar.",2 minutes ago,,,,0
https://www.youtube.com/watch?v=r1DSH9AQXLU,UgytymCwf6z-FtD6kEJ4AaABAg.AalZM64OwUfAam3ovE4WsP,Youtube,@Saravanakumar.v-q9x,Who cares people die everyday I only care about me and my family 🥱losers,12 hours ago,,,,0
https://www.youtube.com/watch?v=r1DSH9AQXLU,Ugx56Aodi-GayAGlTgx4AaABAg.AalXNRX9JOcAamRJGvKt1t,Youtube,@septacular7,"Gk ada yng mempermasalahkan content bro. Itu innocent aja emang, nothing wrong technically. Lagian juga personal blog, bebas. Tpi context nya gk pas bgt di tengah realita kayak gini. Bencana dan kesusahan dimana2. It's not just news, it's reality to a lot of people. And we don't have the choice that she has to deal with it. Orang2 akhirnya bacanya ""oh, berarti suffering kita itu hanya jadi 'bad news' buat Anda? Maaf ya kak"". Posisi juga public figure, label ""smart"" lulusan ivy league tp msh bikin content personal tanpa kurasi gini yng jd masalah. Internet is a wild place, and context-based, heavily. Jd wajar orang2 pada kesel. It's just human. Personally, I see nothing wrong with the content, tpi konteksnya sangat tidak pas dan tidak pantas. I hope you just ragebaiting tbh. I am laughing the whole video seeing the privileged class is ""suffering"" from the ""bad news"" that is our reality. Peace.",8 hours ago,,,,0
https://www.youtube.com/watch?v=r1DSH9AQXLU,Ugx56Aodi-GayAGlTgx4AaABAg.AalXNRX9JOcAamSHZrGe61,Youtube,@geknadhiaaryasa4652, @septacular7 totally agree,8 hours ago,,,,0
https://www.youtube.com/watch?v=r1DSH9AQXLU,Ugx56Aodi-GayAGlTgx4AaABAg.AalXNRX9JOcAamcBiz4e9s,Youtube,@mochamadsyahrizal,"​ @septacular7  i know bro, tapi dia gak bilang people suffer itu dianggap sepele, its about all bad news, narasi yang bikin gitu. Dia sendiri struggle dalam kondisinya. Dan kalau masih ngomongin soal privileged2an kita berarti emang venting. Kesenjangan bukan berita kemarin sore, gak ada juga yang milih dimana dan kondisi apa kita lahir, dengan nyinggung itu pun gak bikin kondisi finansial kita berbalik. Dia bukan yang bikin kebijakan pula. Dan btw udah banyak komentar yang gak objektif, im just afraid kita sibuk ngejustifikasi diri ngehardik orang, mewajarkan perilaku yang salah hanya karena merasa kita korban, over reactting ke sebenarnya hal sepele, dan malah nutupin masalah dan pihak yang sebenarnya berkorelasi.",7 hours ago,,,,0
https://www.youtube.com/watch?v=r1DSH9AQXLU,Ugx56Aodi-GayAGlTgx4AaABAg.AalXNRX9JOcAamLZ1Z8KNj,Youtube,@rivaldyas_,Nah poinnya se simple ini tapi malah ke trigger tu aneh bgt😂 mungkin sebenci dan udah se negatif itu ya pikiran kita jadi gabisa cerna isi video ini lebih baik,9 hours ago,,,,0
https://www.youtube.com/watch?v=r1DSH9AQXLU,Ugx56Aodi-GayAGlTgx4AaABAg.AalXNRX9JOcAamIVJrpCmo,Youtube,@hdiervy,setujuu.,10 hours ago,,,,0
https://www.youtube.com/watch?v=r1DSH9AQXLU,Ugx56Aodi-GayAGlTgx4AaABAg.AalXNRX9JOcAamL4hc8TPx,Youtube,@talulahgoth,I'm not privileged but I have to agree with you.,9 hours ago,,,,0
https://www.youtube.com/watch?v=r1DSH9AQXLU,Ugx56Aodi-GayAGlTgx4AaABAg.AalXNRX9JOcAamNz-e_vBc,Youtube,@nofaerischa7144,"Alhamdulillah masih ada orang yg mikir seperti ini. Sampe pendidikan, ijazah, bahkan beasiswa juga di bahas. Padahal dia juga bantu rakyat Aceh yg kena musibah.",9 hours ago,,,,0
https://www.youtube.com/watch?v=r1DSH9AQXLU,Ugx56Aodi-GayAGlTgx4AaABAg.AalXNRX9JOcAamR7mjBpbG,Youtube,@raissalarasati408,"Bnerr ak g ngrti knp opini ini jd bkin bnyk masyarakat ketrigger bgt smpe blg dia tone deaf
Padahal kt jg g tau jg mgn dia udh berkontribusi buat mslh2 negara ini",8 hours ago,,,,0
https://www.youtube.com/watch?v=r1DSH9AQXLU,Ugx56Aodi-GayAGlTgx4AaABAg.AalXNRX9JOcAamPSeDOvB4,Youtube,@aeronrow,maklum literasi orang Indonesia emang rendah banget 😂,9 hours ago,,,,0
https://www.youtube.com/watch?v=r1DSH9AQXLU,UgwxVvDLm8L-_YGfu_B4AaABAg.AalW_hzkGdaAamYI-kApDK,Youtube,@achaa_san,Setuju,7 hours ago,,,,0
https://www.youtube.com/watch?v=r1DSH9AQXLU,Ugx56Aodi-GayAGlTgx4AaABAg.AalXNRX9JOcAamTszux-P3,Youtube,@agathadeliasritanditasik7335,"betull banget kak, sependapat. org kok bisa pemikirannya jauh bgtu ya sampai tiba2 jadi hakim yg udah merasa pintar banget. yg diomongin maudy ga salah loh klo videonya dicerna baik2. please
 think positively",8 hours ago,,,,0
https://www.youtube.com/watch?v=r1DSH9AQXLU,Ugwjajv8RVAQwcg1giB4AaABAg.Aal9D-X0gPDAam4qT6CMDf,Youtube,@luifnd,"trus dia harus gimana? pura"" masak telor pake tepung biar relate sama kamu? sama kita? i don't think so honey. she's being genuine and honest in this video, and if you hate that, the problem is on you",12 hours ago,,,,0
https://www.youtube.com/watch?v=r1DSH9AQXLU,Ugwjajv8RVAQwcg1giB4AaABAg.Aal9D-X0gPDAam4-kiWa_k,Youtube,@Saravanakumar.v-q9x,Empathy is trash I only care about me and my family don't care about losers they contribute to over population,12 hours ago,,,,0
https://www.youtube.com/watch?v=r1DSH9AQXLU,Ugwjajv8RVAQwcg1giB4AaABAg.Aal9D-X0gPDAam7eUCst7x,Youtube,@zidansakurauchi5471,"​ @Saravanakumar.v-q9x you're the trash of society. Masyarakat dibangun di atas umat manusia, dan lu begitu? really? makanan yg lu makan emang lu semua yg nanam dan panen? baju lu yg jahit lu sendiri? lu tetap butuh orang lain walau lu kira lu si paling independen",11 hours ago,,,,0
https://www.youtube.com/watch?v=r1DSH9AQXLU,Ugwjajv8RVAQwcg1giB4AaABAg.Aal9D-X0gPDAam7jpfThtJ,Youtube,@wyyyyyyyyyiiii,letak nirempati nya di mana?,11 hours ago,,,,0
https://www.youtube.com/watch?v=r1DSH9AQXLU,Ugwjajv8RVAQwcg1giB4AaABAg.Aal9D-X0gPDAalpL4-eSxB,Youtube,@Riyansyah303,​ @HeavenKnows-j4n kata kata sederhana aja ga bisa di cerna. Malah di cerna secara harfiah. Blok,14 hours ago,,,,0
https://www.youtube.com/watch?v=r1DSH9AQXLU,Ugy9loij9OMV7-hC7pd4AaABAg.AalHNlbhtc3AamC_conUqd,Youtube,@WhiteGolden5627,LAWAKKKK kan narasinya HANCUR LAH INILAH  minimal klo BERDOA DAN NIAT YG BAIK TUH SALING SUPORT BOSS BUKANNYA kebencian bahkan sifat PESIMIS ??,10 hours ago,,,,0
https://www.youtube.com/watch?v=r1DSH9AQXLU,Ugy9loij9OMV7-hC7pd4AaABAg.AalHNlbhtc3Aam5wbiBCCO,Youtube,@d.elizabethsitinjak7112,Up,11 hours ago,,,,0
https://www.youtube.com/watch?v=r1DSH9AQXLU,Ugy9loij9OMV7-hC7pd4AaABAg.AalHNlbhtc3AamAALRLtak,Youtube,@lukasmannuel,memang 'pengalaman' itu best 'experience' artinya gimana kak😂,11 hours ago,,,,0
https://www.youtube.com/watch?v=r1DSH9AQXLU,Ugy9loij9OMV7-hC7pd4AaABAg.AalHNlbhtc3AamALsl7pXR,Youtube,@jingyuanification," @lukasmannuel Aduh, typo kak. Maksudnya kalo mau paham, lewat pengalaman. 😭🙏 Terima kasih sudah mengkoreksi Kak",11 hours ago,,,,0
https://www.youtube.com/watch?v=r1DSH9AQXLU,Ugx67z_p3w084v5RF9F4AaABAg.Aal2k41GEBmAamYTvmyyah,Youtube,@joyjuandre3110,"​ @runthejambret kerennya dia artis dan terkenal, dia bisa aja kek mayudi modal ngebacot mental health diruangan ber AC sambil makan enak. Paling engga yg sherina lakukan pasti di notice dan buat orang2 lainnya ikut tergerak. Bukan masalah kerennya tapi efeknya yg jdi concern.",7 hours ago,,,,0
https://www.youtube.com/watch?v=r1DSH9AQXLU,Ugy9loij9OMV7-hC7pd4AaABAg.AalHNlbhtc3AamHTDiIxKE,Youtube,@desidedi9916,Gunanya pendidikan tinggi itu utk membantu menyelesaikan masalah org banyak atau minimal berempati. Apalagi dia dibiayain negara kuliahnya🤦‍♀️,10 hours ago,,,,0
https://www.youtube.com/watch?v=r1DSH9AQXLU,UgwcIKuLkMOEh1aUX9J4AaABAg.AalGxdM1lLZAam485tCN-0,Youtube,@Saravanakumar.v-q9x,Poor people too busy typing and crying get a job maybe😂,12 hours ago,,,,0
https://www.youtube.com/watch?v=r1DSH9AQXLU,UgwcIKuLkMOEh1aUX9J4AaABAg.AalGxdM1lLZAamChckYDTZ,Youtube,@WhiteGolden5627,"LAHH???? SUSAH APA??? makanya USAHA SEBAIK MUNGKIN DAN NGACA PADA DIRI SEBELUM MENYALAHKAN ORANG LAIN ,apalagi presiden boss",10 hours ago,,,,0
https://www.youtube.com/watch?v=r1DSH9AQXLU,UgxOk_Z96dSaHnE6-ZJ4AaABAg.AalE-rEhEAfAam8z08VBoS,Youtube,@zidansakurauchi5471,"halah kelas terpelajar katanya. Ini mah emang pure karena privilidge aja. Coba si maudy ini gak punya privilidge semacam itu, bisa gak dia kuliah tinggi-tinggi? kemampuan abstraknya aja amburadul, egois. Mana katanya lulusan filosofi? harusnya ngerti dong cara retorik dan penyusunan kata yg benar sesuai targetnya.",11 hours ago,,,,0
https://www.youtube.com/watch?v=r1DSH9AQXLU,Ugx-CSiIvEnUlM-8KBp4AaABAg.AakxkqIJCMuAamSbmlHsiM,Youtube,@noeraaaaaaa," @chizuu60  stetment kk maudy kurang tepat di smpaikan di tgh tgh ngara yg lagi chaos:),aku sbagai salah satu fansnya agak kecewa :)",8 hours ago,,,,0
https://www.youtube.com/watch?v=r1DSH9AQXLU,UgzUTyAogD8juGW70kV4AaABAg.AakwTJ6nrFMAamEKfqJ__N,Youtube,@rekahaikal6547,"Membaca buku, dikala buku dipajakin juga dan bikin harga buku makin mahal",10 hours ago,,,,0
https://www.youtube.com/watch?v=r1DSH9AQXLU,UgzUTyAogD8juGW70kV4AaABAg.AakwTJ6nrFMAamcqo5-NaE,Youtube,@Aikuro57,"Membatasi konsumsi informasi dan berjalan"" ke alam tu bukan hal yg bisa di lakuin oleh orang kaya doang bre, banyak kok tempat bagus dan itu free yg bisa lu kunjungi buat rehat dari capeknya otak yg menerima bad news terus menerus. Untuk point membaca buku, sekarang tu dengan lu ke tempat warkop atau lu nongkrong keren di kafe dengan temen"" lu itu mreka nyedian buku yg bisa lu baca kok. Banyak hal positif yg bisa lu dapetin tanpa menjadi orang kaya, tergantung masing"" mencari caranya gimana",6 hours ago (edited),,,,0
https://www.youtube.com/watch?v=r1DSH9AQXLU,UgzUTyAogD8juGW70kV4AaABAg.AakwTJ6nrFMAanKpny2Zvk,Youtube,@Tuit890,"Kebanyakan alasan, pada menit yang di bilang maudy itu hal yang bisa dilakuin tanpa privilege, kadang orang aja ga sadar dan males menyadari itu.",21 minutes ago,,,,0
https://www.youtube.com/watch?v=r1DSH9AQXLU,UgzSojkzyZVpfINh9tJ4AaABAg.AajvLHdthevAamTwY0h713,Youtube,@noeraaaaaaa," @Kayraudrya benar,tpi statement dri maudy ini kurang cocok dikluarkam untuk public,krna yah gini jdinya",8 hours ago,,,,0
https://www.youtube.com/watch?v=r1DSH9AQXLU,UgzxjTZ892BGNpPtSgN4AaABAg.Aajo2M_W9pdAamM_LZzQ-u,Youtube,@MrStupidarmy,Udah yappingnya?,9 hours ago,,,,0
https://www.youtube.com/watch?v=r1DSH9AQXLU,Ugxu9kPh_kE_bdZofRJ4AaABAg.AajbMnTMsNQAam41lOMiWZ,Youtube,@luifnd,"​gw team maudy, karna dia kena hate comments for speaking her positive thougts. pemikiran positif yang lu lg butuh juga sekarang",12 hours ago,,,,0
https://www.youtube.com/watch?v=r1DSH9AQXLU,UgwgjougaWk1k0Bm4Px4AaABAg.Aaj_3LfYf5EAamS40qg6yn,Youtube,@velinovelia," @seabluecore  baru beda pendapat dikit, langsung tone deaf. Dikit dikit, tone deaf. Argu donk argu",8 hours ago,,,,0
https://www.youtube.com/watch?v=r1DSH9AQXLU,UgxnW95kK_6hv3sgZT14AaABAg.AajQtoSZGSRAamfjJyw2ov,Youtube,@pearlysjpg,omg true,6 hours ago,,,,0
https://www.youtube.com/watch?v=r1DSH9AQXLU,UgyAK7Msa7eY2y_QtI54AaABAg.AajJ_N_5PG9AambXlUF4XZ,Youtube,@dianapuspitahati1675,​ @FahmiN123  Gapapa kak. Semua orang lebih setuju kamu kok kalo si MA ini salah. Even msh ada fandom nya yang berusaha denial,7 hours ago,,,,0
https://www.youtube.com/watch?v=r1DSH9AQXLU,UgxKr0pZNc98NhU5yjp4AaABAg.Aaj3S9dMu33AamFVPfpYuB,Youtube,@meyalnorasijabat, @Berkelasedukator  mungkin di sekolahnya dulu ga belajar character building,10 hours ago,,,,0
https://www.youtube.com/watch?v=r1DSH9AQXLU,UgxKr0pZNc98NhU5yjp4AaABAg.Aaj3S9dMu33AamKs6hfI3p,Youtube,@ayudiasetiawan,"lah, anaknya disuruh ngapalin kecamatan langsung dipindahin sekolahnya....",9 hours ago,,,,0
https://www.youtube.com/watch?v=r1DSH9AQXLU,UgxKr0pZNc98NhU5yjp4AaABAg.Aaj3S9dMu33AamLivxBQfa,Youtube,@meyalnorasijabat,​ @ayudiasetiawan ini benerkah? perkara ngapalin kecamatan?,9 hours ago,,,,0
https://www.youtube.com/watch?v=r1DSH9AQXLU,UgxKr0pZNc98NhU5yjp4AaABAg.Aaj3S9dMu33AamTZNYD3bq,Youtube,@muhammadsatriaherman5504,"Selain kasih sayang, anak juga perlu kasih paham. Keknya si Maudy ini perlu dikasih paham",8 hours ago,,,,0
https://www.youtube.com/watch?v=r1DSH9AQXLU,UgxKr0pZNc98NhU5yjp4AaABAg.Aaj3S9dMu33Aamm1SJTosO,Youtube,@DesainCustomBjb,"😂 percuma pintar di akademik, empati nya cuma ke kalangan Sultan doang",5 hours ago,,,,0
https://www.youtube.com/watch?v=r1DSH9AQXLU,UgzZL-j6HdIpA84uw7B4AaABAg.Aaiz7aQHk-GAamExI-_N6D,Youtube,@TheOrisya,avo,10 hours ago,,,,0
https://www.youtube.com/watch?v=r1DSH9AQXLU,UgyZkPewZ2uyIvWzjF94AaABAg.AaigduCDQHMAam5uEH8HpY,Youtube,@luifnd,​ @friskaenjelinas1207 justru ini waktu yg tepat buat ngingetin orang buat menyaring informasi. bro? isn't that what she said in the video?,11 hours ago,,,,0
https://www.youtube.com/watch?v=r1DSH9AQXLU,UgyZkPewZ2uyIvWzjF94AaABAg.AaigduCDQHMAam5_WCoLDj,Youtube,@luifnd,"no thats not true. first, dia bilang untuk mengkurasi your sources of information. not the bad news itself. secondly : its not a privilege, its a CHOICE weather of your condition, you can choose to be mindful.  protect yourself from negativity",11 hours ago,,,,0
https://www.youtube.com/watch?v=r1DSH9AQXLU,UgxfVYo0rJesjE7i8dJ4AaABAg.AaiON8xOacdAam6hJnKaDP,Youtube,@astyutamy-j7i,Yup dia kurang empati,11 hours ago,,,,0
https://www.youtube.com/watch?v=r1DSH9AQXLU,UgxfVYo0rJesjE7i8dJ4AaABAg.AaiON8xOacdAamQTbwkVbf,Youtube,@nofaerischa7144,​ @HeavenKnows-j4n bener 🤣,8 hours ago,,,,0
https://www.youtube.com/watch?v=r1DSH9AQXLU,UgxfVYo0rJesjE7i8dJ4AaABAg.AaiON8xOacdAammDSsf_yo,Youtube,@jetaalomani,"​ @HeavenKnows-j4n  ya kan gk semua kaya, purpose dia gk akan masuk buat kalangan seperti itu, kan cuman orng orng yg punya privilage yg relate apalagi yg lagi cape capenya sama bad news",5 hours ago,,,,0
https://www.youtube.com/watch?v=r1DSH9AQXLU,UgwqJdlXXUa2NlQNMPN4AaABAg.AaiMY2ck_TiAambp395fzC,Youtube,@presentation994,And the world shall know pain.. MALUBULUL,7 hours ago,,,,0
https://www.youtube.com/watch?v=r1DSH9AQXLU,UgwqJdlXXUa2NlQNMPN4AaABAg.AaiMY2ck_TiAanHrdJk94-,Youtube,@jaehahaheh123,Bung PAIN juga bilang gitu,50 minutes ago,,,,0
https://www.youtube.com/watch?v=r1DSH9AQXLU,UgwUWtIE9ndr3N_Q1AZ4AaABAg.AaiIKORPdGKAamMmoHlIXY,Youtube,@ellaesthtxx28,aku sampe batuk pilek ngirup asap ini,9 hours ago,,,,0
https://www.youtube.com/watch?v=r1DSH9AQXLU,Ugw0C3sJEkZSWOeopVd4AaABAg.Aai6lE2KrmrAamXX1Nt571,Youtube,@nirvanaannisaf,"saya sangat setuju dengan pesan akhir dari kakaknya ""jika kita terlalu sibuk menjaga mental dan menjaga jarak dengan realitas yang terjadi, bagaimana kita bisa membantu dan mendoakan mereka""
inilah kenapa empati begitu penting, karena kita ga hanya hidup didalam bubble kita sendiri, belajar untuk memahami keadaan orang lain. Rasanya sangat egois untuk tetap memikirkan kenyamanan diri sendiri disaat orang lain sedang tercekat asap karhutla, kelaparan karena bencana, sedangkan kita masih bisa bernafas dengan lega, makan dengan enak itu saja sebenarnya sudah sebuah kenyamanan dan ketenangan. Semoga kita semua bisa belajar dari kejadian ini.",7 hours ago,,,,0
https://www.youtube.com/watch?v=r1DSH9AQXLU,UgwqJdlXXUa2NlQNMPN4AaABAg.AaiMY2ck_TiAamlFgZKjbS,Youtube,@jetaalomani,Klo gk bisa bantu banyak ya udah gk ush up vid tentang mindfullness krn gk semua orng lagi butuh itu buat sekarang timingnya gk cocok​ @jadoreparis6028 ,5 hours ago,,,,0
https://www.youtube.com/watch?v=r1DSH9AQXLU,UgxHwRQ5N-lPxyYDSAx4AaABAg.AahbP7yoZy3AamIDojvj9b,Youtube,@rosilestari1446,"Sepemikiran, ini bukan buat gw saat ini kek nya. 
Dan yang ngena banget ke hati dan pikiran gw adalah, ko bisa dia ngomongin topik ini sambil melakukan aktivitas, dan yang dipilih sambil makan, DENGAN KONDISI KITA SAAT INI.",10 hours ago,,,,0
https://www.youtube.com/watch?v=r1DSH9AQXLU,UgxHwRQ5N-lPxyYDSAx4AaABAg.AahbP7yoZy3AanH_KH1yr6,Youtube,@jaehahaheh123,Mbak-mbak LPDP yg dari uang Pajak lagi...,54 minutes ago,,,,0
https://www.youtube.com/watch?v=r1DSH9AQXLU,UgxHwRQ5N-lPxyYDSAx4AaABAg.AahbP7yoZy3AamEL_B7Vwk,Youtube,@reynalnabila,"​ @luifnd gabutuh nasehat kak, butuh aksi nyata minimal peduli gdhn kirim doa dn bantuan sosial ke warga yang terdampak bencana",10 hours ago,,,,0
https://www.youtube.com/watch?v=r1DSH9AQXLU,UgxHwRQ5N-lPxyYDSAx4AaABAg.AahbP7yoZy3Aam3U63zW3q,Youtube,@spritualmagical,terlalu jujur mas,12 hours ago,,,,0
https://www.youtube.com/watch?v=r1DSH9AQXLU,UgxHwRQ5N-lPxyYDSAx4AaABAg.AahbP7yoZy3Aam3uv96ffn,Youtube,@Saravanakumar.v-q9x,Poor losers keep crying instead of improving themselves beggars😂,12 hours ago,,,,0
https://www.youtube.com/watch?v=r1DSH9AQXLU,UgxHwRQ5N-lPxyYDSAx4AaABAg.AahbP7yoZy3Aam5a9xAIri,Youtube,@nofiayu5973,"Ya kan,, dia kaya tapi S2 pake Lpdp, kalau kaya mah harusnya pake duit sendiri.. definisi punya IQ tapi EQ nya gk ada sama sekali",11 hours ago,,,,0
https://www.youtube.com/watch?v=r1DSH9AQXLU,UgxHwRQ5N-lPxyYDSAx4AaABAg.AahbP7yoZy3Aam5y3EHfUi,Youtube,@Youtuberritama,Exactly..emang market dia orang yang wealthy lol,11 hours ago,,,,0
https://www.youtube.com/watch?v=r1DSH9AQXLU,UgxHwRQ5N-lPxyYDSAx4AaABAg.AahbP7yoZy3AamEsV2ZSXp,Youtube,@TheOrisya,sesama pemakan avo dan cottage cheese,10 hours ago,,,,0
https://www.youtube.com/watch?v=r1DSH9AQXLU,UgxHwRQ5N-lPxyYDSAx4AaABAg.AahbP7yoZy3AamF5XD3ecB,Youtube,@AaAl-z1x,"Emang tujuannya buat yg ""setara"" ma dia, kita yg terdampak musibah ga diajak",10 hours ago,,,,0
https://www.youtube.com/watch?v=r1DSH9AQXLU,UgxHwRQ5N-lPxyYDSAx4AaABAg.AahbP7yoZy3AamGSw8BpUY,Youtube,@shookyscreams4347,Dan orang2 yang sejalan pikirannya dgn ini konten ataupun yg ngebelain pasti sama berprivilegenya dengan dia 😂,10 hours ago,,,,0
https://www.youtube.com/watch?v=r1DSH9AQXLU,UgxHwRQ5N-lPxyYDSAx4AaABAg.AahbP7yoZy3AamI2Omdx2T,Youtube,@fithriyahberbagi7386,nah ini betul,10 hours ago,,,,0
https://www.youtube.com/watch?v=r1DSH9AQXLU,UgxHwRQ5N-lPxyYDSAx4AaABAg.AahbP7yoZy3AamKi_WQ-BW,Youtube,@ayudiasetiawan,nasihat yang hanya cocok untuk orang2 financial freedom seperti raditya dika....,9 hours ago,,,,0
https://www.youtube.com/watch?v=r1DSH9AQXLU,UgxHwRQ5N-lPxyYDSAx4AaABAg.AahbP7yoZy3AamQ5XHQWE3,Youtube,@themidnightcouple,"Gak heran sih, nirempati akting gak pake sendal aja HEBOH wkwokwowko",8 hours ago,,,,0
https://www.youtube.com/watch?v=r1DSH9AQXLU,UgxHwRQ5N-lPxyYDSAx4AaABAg.AahbP7yoZy3AamS_mXQZRJ,Youtube,@edygbuz2010,"Makanya perlunya kesetaraan, jenjang sosial jgn terlalu jauh",8 hours ago,,,,0
https://www.youtube.com/watch?v=r1DSH9AQXLU,UgxHwRQ5N-lPxyYDSAx4AaABAg.AahbP7yoZy3AamgdBulMn-,Youtube,@SenoEricKrueger,Anjir iya lagi,6 hours ago,,,,0
https://www.youtube.com/watch?v=r1DSH9AQXLU,UgxHwRQ5N-lPxyYDSAx4AaABAg.AahbP7yoZy3AamqjyugZ1H,Youtube,@chelseynathania1213,Ya krn circlenya dia ga da yg susah 😅,4 hours ago,,,,0
https://www.youtube.com/watch?v=r1DSH9AQXLU,UgxbOF6f5I8osB5O--d4AaABAg.AahDnZWuyT-AanI8nkeiRw,Youtube,@jaehahaheh123,Mbak ini kenal sama Ferry irwandi ngga ya?,49 minutes ago,,,,0
https://www.youtube.com/watch?v=r1DSH9AQXLU,UgxbOF6f5I8osB5O--d4AaABAg.AahDnZWuyT-AamCacBG0bh,Youtube,@adibanawahdyt,Bangeeett padahal dia ga ngerasain cuma dengar kabar doang!!!! tp Allah SWT adil ko ka skrang dia di hujat se Indonesia,10 hours ago,,,,0
https://www.youtube.com/watch?v=r1DSH9AQXLU,UgxbOF6f5I8osB5O--d4AaABAg.AahDnZWuyT-AamcP4s1vL7,Youtube,@hisM-c7w,wah gua udah bingung sih sama video ini untungnya semuanya sudah di utarakan di komen2 di atas meski kebagi2 beberapa paet.. harusnya dia bisa merangkum sih bahwa sanya dari detik pertama sama detik terakhir dia fullness of kesalahan😅.. cara dia menyampaikan sesuatu aja salah cara dia beraktivitas dsambil bahas ini di vide aja salah apalagi pembahasannya.. kirain cuma org2  awam yg gak paham sama konteks gaya komunikasi dia hingga jadi masalah besar trnyta.. ya emng masalah full keseliruhan video😢.. mengenaskan sih.,7 hours ago,,,,0
https://www.youtube.com/watch?v=r1DSH9AQXLU,Ugw8u_56hPmdMCcRTvp4AaABAg.Aah7IAGV-_9AanIE86DIhW,Youtube,@jaehahaheh123,Mbak-mbak LPDP yg dari uang Pajak lagi...,48 minutes ago,,,,0
https://www.youtube.com/watch?v=r1DSH9AQXLU,UgyPAvqquToxwZZoDPx4AaABAg.AagLToyblNIAanHvBQZcDS,Youtube,@jaehahaheh123,​ @LeedaOfficial  Mbak-mbak LPDP yg dari uang Pajak lagi...,51 minutes ago,,,,0
https://www.youtube.com/watch?v=r1DSH9AQXLU,UgyPAvqquToxwZZoDPx4AaABAg.AagLToyblNIAamU6uvy4Dt,Youtube,@Xiaomianjing-b6v,"Agak nyesek baca komenmu bro, ngebayangin org2 yg kurang beruntung yg makan aja gak bisa,malah bagi dia itu cuma penganggu mental dia.",8 hours ago,,,,0
https://www.youtube.com/watch?v=r1DSH9AQXLU,UgyPAvqquToxwZZoDPx4AaABAg.AagLToyblNIAamThuG-hIj,Youtube,@fourthjiroo,:(((,8 hours ago,,,,0
https://www.youtube.com/watch?v=r1DSH9AQXLU,UgyPAvqquToxwZZoDPx4AaABAg.AagLToyblNIAamc1tMwSlf,Youtube,@AnnisaErniyanti,Sarkasnya mantep banget kak,7 hours ago,,,,0
https://www.youtube.com/watch?v=r1DSH9AQXLU,UgyPAvqquToxwZZoDPx4AaABAg.AagLToyblNIAamifcG4Ihv,Youtube,@zalfasyahiraa,WKWKWK KAK,6 hours ago,,,,0
https://www.youtube.com/watch?v=r1DSH9AQXLU,UgyPAvqquToxwZZoDPx4AaABAg.AagLToyblNIAanIWaprvk5,Youtube,@Noona_Imel,"Lebay bgt sih dia, Sherina aja gak ngeluh",46 minutes ago (edited),,,,0
https://www.youtube.com/watch?v=r1DSH9AQXLU,UgyJ6apq8Ostpgh1njt4AaABAg.AagG0AWvT-0AamneDW7sJs,Youtube,@DesainCustomBjb,"Kek bang ferry irwandi udah ke pulau Kalimantan loh ya, bantuin mademin api karhutla

Kami warga Kalimantan udah 1 bulan tiap pagi berangkat kerja ngirup asep 😂
Hari ini aja ngetik komen tengah malem udah ada kabut 😅",5 hours ago,,,,0
https://www.youtube.com/watch?v=r1DSH9AQXLU,UgxmpW73gB36WbZQNFB4AaABAg.Aag9NjfPFzNAamleQsDxNg,Youtube,@jetaalomani,"Nahh inih dia ngeluh capek tpi habis itu masih bisa makan dan tidur nyaman, urgensi dia gak cocok banget buat kondisi indo sekarang 😢😢",5 hours ago (edited),,,,0
https://www.youtube.com/watch?v=r1DSH9AQXLU,UgxN2vFXr5hcFjq6OcV4AaABAg.Aag70D1GOsMAamAbyYbmHa,Youtube,@rin1910-bnay,"Kayak pemerintah yg ngeruk SDA KALIMANTAN DAN PAPUA, tapi pas ada bencana gerak lamban. Kayak si maudy ini cuma mau duit doang. Kapitalis.",11 hours ago,,,,0
https://www.youtube.com/watch?v=r1DSH9AQXLU,Ugz1Yt4eirA2SNx_ez94AaABAg.Aag4aebLfEiAanHZtHKbNf,Youtube,@edwinw.n.5953,"Kalo udah jadi bubur, pastikan dibikin jadi bubur yg enak",54 minutes ago,,,,0
https://www.youtube.com/watch?v=r1DSH9AQXLU,Ugz1Yt4eirA2SNx_ez94AaABAg.Aag4aebLfEiAamF5tBKDtx,Youtube,@TheOrisya,tapi alpokat sudah jadi avo,10 hours ago,,,,0
https://www.youtube.com/watch?v=r1DSH9AQXLU,UgzAQIeKpJpBIQ0_agN4AaABAg.AafsR-fuD68AamFYpZ5O03,Youtube,@belaelewotobi9708,Bahkan pecandu narkoba pun masih lebih punya empati dengan orang susah,10 hours ago,,,,0
https://www.youtube.com/watch?v=r1DSH9AQXLU,UgxqlCQXR__NB0sZtpt4AaABAg.AafoFEbPAObAam6Hf7fAYc,Youtube,@konyonmerdeka,"Iyakan wkwkk, dari dulu udah sadar kok dia ini ga pernah bersuara? Lahh wkwkwk 😭✌🏻",11 hours ago,,,,0
https://www.youtube.com/watch?v=r1DSH9AQXLU,UgxqlCQXR__NB0sZtpt4AaABAg.AafoFEbPAObAamlcColVNP,Youtube,@thesweetesthotchocolate,"iya bener, kalian yang pada melek pasti udah tau dari dulu dia emang tone deaf",5 hours ago,,,,0
https://www.youtube.com/watch?v=r1DSH9AQXLU,UgxqlCQXR__NB0sZtpt4AaABAg.AafoFEbPAObAanNWjXe_Rz,Youtube,@ZabranZSA,​ @thesweetesthotchocolate  ada buktinya?,2 minutes ago,,,,0
https://www.youtube.com/watch?v=r1DSH9AQXLU,UgxqlCQXR__NB0sZtpt4AaABAg.AafoFEbPAObAamnMb20vU0,Youtube,@DesainCustomBjb,Udah NPD kek wowo 😂,5 hours ago,,,,0
https://www.youtube.com/watch?v=r1DSH9AQXLU,UgyYbEY-fYlJHcJDKVt4AaABAg.AafpsO_wfEwAamPMxcIJQf,Youtube,@tmyshgnhz,For reall,9 hours ago,,,,0
https://www.youtube.com/watch?v=r1DSH9AQXLU,UgwFL0XC4Gos7IhkeC94AaABAg.AafkhomrJrJAamFdidTd9Z,Youtube,@Dimar-q9i,​ @nadhiragadizha7470 emang dia cantik ya?,10 hours ago,,,,0
https://www.youtube.com/watch?v=r1DSH9AQXLU,UgwKl_JD3Di_yANAaEJ4AaABAg.AaflZ2mz1zDAamPPy0hry3,Youtube,@rogoitan,​ @birubluebiru6861 orang kalimantan mayoritas hidup menderita demi org bs belanja2 n tinggal di jakarta/ singapura.,9 hours ago,,,,0
https://www.youtube.com/watch?v=r1DSH9AQXLU,UgwFL0XC4Gos7IhkeC94AaABAg.AafkhomrJrJAamnUyY5XL0,Youtube,@DesainCustomBjb,Udah sakit NPD tuh orang 😂 kek wowo juga,5 hours ago,,,,0
https://www.youtube.com/watch?v=r1DSH9AQXLU,UgyP2t4ULWPwKrLssdJ4AaABAg.AafirnS7PIAAanHkac3ctM,Youtube,@jaehahaheh123,​ @KoeSeer  kok gitu? Kuliahnya bukan LPDP dari uang Pajak kita?,53 minutes ago,,,,0
https://www.youtube.com/watch?v=r1DSH9AQXLU,UgyP2t4ULWPwKrLssdJ4AaABAg.AafirnS7PIAAamaI9QfKwT,Youtube,@valenaudrn,"kak, dia gak bilang apalagi ngajak buat ignore loh... 🤦‍♀️ serius deh orang2 pada nonton sampe selesai gak sih 😭 dan paham enggak sih sama substansi video dia 😞",7 hours ago (edited),,,,0
https://www.youtube.com/watch?v=r1DSH9AQXLU,UgyP2t4ULWPwKrLssdJ4AaABAg.AafirnS7PIAAamc7QJQnFa,Youtube,@zidansakurauchi5471,"​​ @valenaudrn itu kesan yg dia berikan kocak. Lu ngerti gak atau lu gak ngerti karena masih polos anak esempeh? Lu gak perlu secara eksplisit bilang A. Lu bisa bilang A orang bakal baca subtext kesan lu dalam menyampaikan suatu hal itu muncul arti B. Ya itu kesannya. Kesannya nih orang mengajak seperti itu seolah olah bad news yg dia lihat di media itu cuma fiksi. Ya untuk dia mungkin seperti itu, tapi untuk orang lain itu kehidupan",7 hours ago (edited),,,,0
https://www.youtube.com/watch?v=r1DSH9AQXLU,UgwKl_JD3Di_yANAaEJ4AaABAg.AaflZ2mz1zDAanHcHfoVss,Youtube,@jaehahaheh123,Mbak-mbak LPDP yg dari uang Pajak lagi...,54 minutes ago,,,,0
https://www.youtube.com/watch?v=r1DSH9AQXLU,UgwKl_JD3Di_yANAaEJ4AaABAg.AaflZ2mz1zDAam3w1aeq_4,Youtube,@Saravanakumar.v-q9x,Who cares people die everyday I only care about me and my family 🥱,12 hours ago,,,,0
https://www.youtube.com/watch?v=r1DSH9AQXLU,UgxBYVqpFWZDi1artx54AaABAg.Aaff-0lA0ZuAamltpZKn21,Youtube,@jetaalomani,​ @nissrhm28  lpdp krn emng berprestasi cumn sayang nya dia dilingkungan kek gitu😂,5 hours ago,,,,0
https://www.youtube.com/watch?v=r1DSH9AQXLU,UgxBYVqpFWZDi1artx54AaABAg.Aaff-0lA0ZuAamQwmLWDql,Youtube,@nofaerischa7144,Dia ada kok bantu Aceh langsung ke lokasi,8 hours ago,,,,0
https://www.youtube.com/watch?v=r1DSH9AQXLU,UgzRJhp2Q1pJDALFnt14AaABAg.AafaKGTtU2LAamNK3c-vld,Youtube,@fala-iz9du,Sebenernya nggak usah jauh2 di kota saya di bandung saya sering liat pengemis yg bawa anak2nya sementara ada org yg bsa menghabiskan untuk jajan 1 juta sehari. Apalagi kalau pakai uang rakyat yg di korup😢😢,9 hours ago,,,,0
https://www.youtube.com/watch?v=r1DSH9AQXLU,UgxZWC0MmfsK_tYUrUt4AaABAg.AafZvlZps62AanI0MUPpdJ,Youtube,@jaehahaheh123,Mbaknya kenal sama Fery irwandi ga ya?,50 minutes ago,,,,0
https://www.youtube.com/watch?v=r1DSH9AQXLU,UgzJLMahRqmBxKtit_B4AaABAg.AafguBOqVtUAaml5KlN23P,Youtube,@hany544,"Yup, it is",5 hours ago (edited),,,,0
https://www.youtube.com/watch?v=r1DSH9AQXLU,UgyP2t4ULWPwKrLssdJ4AaABAg.AafirnS7PIAAamB3QSpaLH,Youtube,@zidansakurauchi5471,bayar pajak dan gak yapping nirempati yg mereduksi kesengsaraan orang lain macam nih orang aja udah kontribusi tol,11 hours ago,,,,0
https://www.youtube.com/watch?v=r1DSH9AQXLU,UgyP2t4ULWPwKrLssdJ4AaABAg.AafirnS7PIAAam8HshyS7W,Youtube,@AlkalineUwU,Jilat terus kang,11 hours ago,,,,0
https://www.youtube.com/watch?v=r1DSH9AQXLU,UgyP2t4ULWPwKrLssdJ4AaABAg.AafirnS7PIAAam3rG8Ed-Q,Youtube,@Saravanakumar.v-q9x,Who cares people die everyday I only care about me and my family 🥱🥱losers it's your problem,12 hours ago,,,,0
https://www.youtube.com/watch?v=r1DSH9AQXLU,UgyP2t4ULWPwKrLssdJ4AaABAg.AafirnS7PIAAam8RwIqQ6B,Youtube,@AlkalineUwU,​ @Saravanakumar.v-q9x  I'm literally a victim here because my lil family are affected by you guys' bad vibe. Please spare your sympathy for the rich and stop complaining~,11 hours ago,,,,0
https://www.youtube.com/watch?v=r1DSH9AQXLU,UgyP2t4ULWPwKrLssdJ4AaABAg.AafirnS7PIAAamlhlDcFu1,Youtube,@nvrfaizah,"Kak, how do you know and take it as reality?",5 hours ago,,,,0
https://www.youtube.com/watch?v=r1DSH9AQXLU,UgwIDehWjR7J6hcEScF4AaABAg.AafXiGMOqHkAanHwxY6v8_,Youtube,@jaehahaheh123,Mbak-mbak LPDP yg dari uang Pajak lagi...,51 minutes ago,,,,0
https://www.youtube.com/watch?v=r1DSH9AQXLU,UgyTDvFiAemDumx_Xb14AaABAg.AafYM0vjd0cAamOB8l_dvb,Youtube,@arina-m3y, @dinirahmawati3931 eh mati wkwk,9 hours ago,,,,0
https://www.youtube.com/watch?v=r1DSH9AQXLU,UgyTDvFiAemDumx_Xb14AaABAg.AafYM0vjd0cAanErZnCVpI,Youtube,@wulan6502,"​ @ditaliu9715 kaga bakal nyesel, kaga punya awareness soalnya, nir empati",1 hour ago,,,,0
https://www.youtube.com/watch?v=r1DSH9AQXLU,UgyTDvFiAemDumx_Xb14AaABAg.AafYM0vjd0cAam58C2-uhk,Youtube,@luifnd,that's a fcked up way of thinking bro. jelas bgt km ga nangkep konten yang dia omongin,12 hours ago,,,,0
https://www.youtube.com/watch?v=r1DSH9AQXLU,UgyTDvFiAemDumx_Xb14AaABAg.AafYM0vjd0cAanEnXPZLEP,Youtube,@wulan6502,Dan ga bantu nyari bantuan,1 hour ago,,,,0
https://www.youtube.com/watch?v=r1DSH9AQXLU,Ugx95gDi4CRiJ1EcB6t4AaABAg.Aafbr-muGNXAam4CE8H3bK,Youtube,@Saravanakumar.v-q9x,It's all part of ending over population only superior genes pass,12 hours ago,,,,0
https://www.youtube.com/watch?v=r1DSH9AQXLU,Ugx95gDi4CRiJ1EcB6t4AaABAg.Aafbr-muGNXAamFFoUF8lR,Youtube,@meyalnorasijabat,"squid game as well, maudy ibaratnya salah satu VIP, yang melihat player dan guard dengan strugglenya dan alasan masing-masing kenapa ikut game itu ya demi uang untuk menyelsaikan hidup, the player risked their lives yet the VIPS saw it an entertainment.",10 hours ago (edited),,,,0
https://www.youtube.com/watch?v=r1DSH9AQXLU,Ugys8TrFUDfBckREATN4AaABAg.Aaf7U21VLmcAamEl8u2ywZ,Youtube,@TheOrisya,mid boss lah.. first form,10 hours ago,,,,0
https://www.youtube.com/watch?v=r1DSH9AQXLU,UgyS0Px_KM49-NJmGP14AaABAg.Aaf-aX8Qn3wAan-_TNZle-,Youtube,@rubipjane," @d_winchester-p1r padahal dia bilang ""KEEP CARING while also protecting ourselves"" gada tuh bilang jangan peduli",3 hours ago,,,,0
https://www.youtube.com/watch?v=r1DSH9AQXLU,UgyS0Px_KM49-NJmGP14AaABAg.Aaf-aX8Qn3wAam_u7d-HR3,Youtube,@valenaudrn,"bro dia gak bilang avoid deh... dia bilang ""curate"" dan itu beda sama avoid ya. oh dan setauku dia juga peduli weh sama isu2 yang terjadi di indo jadi kalau ada yang bilang dia tone deaf tuh kesannya kek dari mana woi dapat kesimpulan kek gitu 🥲",7 hours ago,,,,0
https://www.youtube.com/watch?v=r1DSH9AQXLU,UgyS0Px_KM49-NJmGP14AaABAg.Aaf-aX8Qn3wAambdeMcL6G,Youtube,@presentation994,"​ @valenaudrn maklum kak, biasanya ada kata ""asing"" yang baru mereka dengar dan viral biasanya mereka gk pernah ulik lebih lanjut dan memahami artinya. Jadi, asal dipake aja apabila mereka menemukan situasi yang ""mirip""",7 hours ago,,,,0
https://www.youtube.com/watch?v=r1DSH9AQXLU,UgxgSSZqpnLDSPGEGOF4AaABAg.Aaf6XhbQZbCAamOuz8tK9u,Youtube,@nofaerischa7144,"​ @eloksafitri3834 dia bantu korban Aceh pas bencana kemarin, dgr kabar juga dia buat sekolah di Aceh. Klu kamu?",9 hours ago,,,,0
https://www.youtube.com/watch?v=r1DSH9AQXLU,UgzRKlZ3FFrFMho0AQ94AaABAg.AaezVxHVZmkAamAi86N5wA,Youtube,@ZakiahNirmala,"Gak hanya influencer aja tapi terkenal Karena lulusan standford Dan Oxford 
Seharusnya apa Yang terjadi Di indonesia jadi titik fokus dia seharusnya 
Tapi apa ? dia gak peduli Sama apa Yang terjadi Dan Yang diliat sebagai ""bad news "" 
Bener bener empati nol level mentok dan juga Maudy sombong mentang mentang dampaknya gak kena dia",11 hours ago,,,,0
https://www.youtube.com/watch?v=r1DSH9AQXLU,Ugx2_YGQMXjW8dXB6Mx4AaABAg.AaezbgADJiyAamUYrqjHDX,Youtube,@noeraaaaaaa,"Di satu sisi, saya paham maksud Maudy mungkin baik. Terus-menerus melihat berita tentang bencana, ketidakadilan, dan kondisi pemerintah Indonesia yang akhir-akhir ini terasa semakin kacau memang bisa sangat overwhelming. Mindfulness mungkin bisa membantu seseorang menjaga kesehatan mentalnya.

Tapi sadar tidak, selama durasi video ini hampir sama sekali tidak ada pembahasan tentang pemerintah yang justru punya tanggung jawab besar terhadap banyak persoalan yang sedang terjadi? Kenapa pada akhirnya masyarakat lagi yang diminta untuk lebih mindful?

Like, dude… are you being serious right now? 😢

Masyarakat sudah capek, sudah terdampak, sudah harus beradaptasi dengan berbagai keadaan, lalu sekarang masyarakat juga yang diminta belajar mengelola respons emosionalnya terhadap semua itu? Menurut saya, akan jauh lebih bermakna kalau energi sebesar ini juga dipakai untuk mengkritisi pemerintah, kebijakan, dan sistem yang ikut menciptakan atau memperparah masalah-masalah tersebut.

Yang membuat saya agak terganggu, sepanjang video rasanya lebih banyak membahas tentang bagaimana kamu memproses berita, bagaimana kamu merasa overwhelmed, bagaimana kamu mencoba berempati, rather than actually questioning why people have to suffer in the first place.

So yeah, mindfulness is fine. Tapi jangan sampai masalah struktural berubah menjadi sekadar masalah bagaimana rakyat harus lebih tenang menghadapi keadaan.

Rakyat harus mindful, rakyat harus regulate their emotions, rakyat harus belajar menerima realita…",8 hours ago,,,,0
https://www.youtube.com/watch?v=r1DSH9AQXLU,Ugx2_YGQMXjW8dXB6Mx4AaABAg.AaezbgADJiyAamV1vi-5gF,Youtube,@noeraaaaaaa,"aku paham kok maksud kamu, dan aku juga nggak bilang being mindful = nggak peduli atau nggak boleh bersuara. Justru kalau memang Maudy selama ini aktif bersuara, bantu bencana, mentoring, dan berdonasi, itu hal yang baik dan menurutku patut diapresiasi.
dan juga  menurutku itu nggak otomatis membuat isi videonya jadi nggak bisa dikritisi. Yang dipermasalahkan bukan “Maudy nggak melakukan apa-apa” but lebih ke cara pesan videonya dibingkai. Karena ketika kondisi yang dibahas adalah bencana, ketidakadilan, dan persoalan yang memang punya faktor struktural, menurutku kurang tepat kalau fokusnya lebih banyak diarahkan ke bagaimana masyarakat mengatur emosi dan menghadapi berita tersebut, tanpa membahas kenapa persoalan itu bisa terjadi atau siapa yang punya tanggung jawab,Jdi menurutku dua hal ini bisa benar bersamaan kta emang perlu menjaga kesehatan mental dan belajar mindful, tapi kita juga tetap perlu kritis terhadap keadaan dan nggak menjadikan “mindfulness” sebagai alasan untuk menerima realita begitu aja.
dan justru karena Maudy punya platform yang besar dan sudah banyak melakukan hal baik, menurutku akan lebih kuat kalau pesan tentang menjaga diri itu juga dibarengi dengan dorongan untuk tetap bersuara dan mempertanyakan masalah yang ada,jdi bukan menyalahkan maudi sepenuhnya, tapi mengkritisi bagian dari pesannya yang menurutku masih kurang lengkap.",8 hours ago,,,,0
https://www.youtube.com/watch?v=r1DSH9AQXLU,UgzRKlZ3FFrFMho0AQ94AaABAg.AaezVxHVZmkAamjPHfvuje,Youtube,@rrlynda03,​ @yunnimaulina1941 YaAllah ka😢😢😢,6 hours ago,,,,0
https://www.youtube.com/watch?v=r1DSH9AQXLU,UgyS0Px_KM49-NJmGP14AaABAg.Aaf-aX8Qn3wAam3huH7OqM,Youtube,@Saravanakumar.v-q9x,Who cares people die everyday I only care about me and my family 🥱,12 hours ago,,,,0
https://www.youtube.com/watch?v=r1DSH9AQXLU,UgyS0Px_KM49-NJmGP14AaABAg.Aaf-aX8Qn3wAamCqoQpBJd,Youtube,@MasMadsunUan,Nyuruh orang kebelet sabar gimana sih? Sementara dia lagi kondisi tenang. Ga waras cewek ini😝,10 hours ago,,,,0
https://www.youtube.com/watch?v=r1DSH9AQXLU,UgyS0Px_KM49-NJmGP14AaABAg.Aaf-aX8Qn3wAammd9OO1tS,Youtube,@DesainCustomBjb,Pin reply komentar nya aja ditutup 😂,5 hours ago,,,,0
https://www.youtube.com/watch?v=r1DSH9AQXLU,UgyS0Px_KM49-NJmGP14AaABAg.Aaf-aX8Qn3wAan-PA3m9r3,Youtube,@rubipjane,"@Sera: wkwkkwkw kalau dipikir² yang dia lakuin emang ada benarnya juga, buat apa peduli tapi gak melakukan sesuatu ? contohnya elu, lu berempati tapi ada kah yang lu lakuin yang bisa bikin sesuatu berdampak? do u really know the meaning of ""emphaty""? kalau buat influencer² diluar sana, jelas hal² spt ini adalah uang bagi mereka, gausa dijelasin kenapa lah ya, punya otak kan ?😹 jadi gausah sok² berempati jika hanya kata² doang yang terucap.",3 hours ago,,,,0
https://www.youtube.com/watch?v=r1DSH9AQXLU,UgyS0Px_KM49-NJmGP14AaABAg.Aaf-aX8Qn3wAan2bwHPVh7,Youtube,@EnglishWithBeeYT,"Dia influencer loh, kalau ga bisa berbuat aksi kayak fery irwandi, cinta laura, dll mending diam. Kalau orang biasa yang gak berdampak sih enteng bilang gini. Apalagi dia kan orang kaya. Kalau misalnya diposisikan orang yang kena musibah, terus lo ngomong gitu, apa ga kelewatan? Cuek bebek nunggu bantuan entah kapan datang, apa mau, serius? Kalau gue jujur bakalan komplen akan situasi yg terjadi",3 hours ago,,,,0
https://www.youtube.com/watch?v=r1DSH9AQXLU,UgyS0Px_KM49-NJmGP14AaABAg.Aaf-aX8Qn3wAan2SIbTc6W,Youtube,@rubipjane,"kak kamu nonton dan nyimak vidio nya kan? ga fomo asal komen ""keep caring while also protecting ourselves"" ""kita pengen terus concern dan tahu apa yg terjadi dan pengen terus peduli tapi di sisi lain kita mungkin juga, ada elemen how do we protect our sanity""",3 hours ago,,,,0
https://www.youtube.com/watch?v=r1DSH9AQXLU,UgyS0Px_KM49-NJmGP14AaABAg.Aaf-aX8Qn3wAalO1tiEV2J,Youtube,@tasyakim6790,"​ @fransiscusian  berita yg tersebar di Indonesia itu udah tervalidasi kebenarannya kk, Orang² juga gak memaki dia kalau dia gak tone deaf kayak gitu. Justru org yg nirempati kayak andalah yg berbahaya, karena selama hidup anda baik² aja, anda gak akan peduli sama apa yg terjadi di sekitar anda",18 hours ago,,,,0
https://www.youtube.com/watch?v=r1DSH9AQXLU,UgyS0Px_KM49-NJmGP14AaABAg.Aaf-aX8Qn3wAam0n9Xoc89,Youtube,@curryayam29,"​ @fransiscusian yang NPD justru idola lo, gamau dengar apa yang orang laen omongin cuman mau dengar apa yang mau dia dengar apakah itu tidak terlihat sangat NPD di mata anda? Atau pura pura tidak lihat dan hanya menjilat idola anda? Setara Tuhan berarti maudy ini tidak pernah salah?",12 hours ago,,,,0
https://www.youtube.com/watch?v=r1DSH9AQXLU,UgyS0Px_KM49-NJmGP14AaABAg.Aaf-aX8Qn3wAam0ufYTptF,Youtube,@curryayam29,"Bahkan anda tidak tahu definisi dari sebuah toksik ini, anda yang menbela maudy layaknya Tuhan ini yang jatuhnya toksik.",12 hours ago (edited),,,,0
https://www.youtube.com/watch?v=r1DSH9AQXLU,UgzGA-x70XFFTHEe5Jp4AaABAg.A_omt0g8gSPAamUVnq6wSc,Youtube,@noeraaaaaaa,bruh,8 hours ago,,,,0
https://www.youtube.com/watch?v=r1DSH9AQXLU,UgzRKlZ3FFrFMho0AQ94AaABAg.AaezVxHVZmkAamloG4bgYP,Youtube,@DesainCustomBjb,"Gw warga Kalimantan puyeng juga euy, 1 bulan ini tiap pagi ngirup asep mulu 😂 ga kena ispa udah bersyukur

Ini gw ngetik tengah malem udah mulai ada asep cik 😅",5 hours ago,,,,0
https://www.youtube.com/watch?v=r1DSH9AQXLU,UgzRKlZ3FFrFMho0AQ94AaABAg.AaezVxHVZmkAam3ndBGZlP,Youtube,@Saravanakumar.v-q9x,Who cares people die everyday I only care about me and my family 🥱losers,12 hours ago,,,,0
https://www.youtube.com/watch?v=r1DSH9AQXLU,UgzRKlZ3FFrFMho0AQ94AaABAg.AaezVxHVZmkAam4778hxOZ,Youtube,@ryyyy0202,😢,12 hours ago,,,,0
https://www.youtube.com/watch?v=r1DSH9AQXLU,UgzRKlZ3FFrFMho0AQ94AaABAg.AaezVxHVZmkAamL3dbCvY_,Youtube,@muhammadcid8225,"Enak ya kalau bad news bisa di-skip kayak iklan YouTube. Buat sebagian orang itu bukan ‘berita buruk’, tapi realita yang mereka bangun, kerja, dan hidup di dalamnya.",9 hours ago,,,,0
https://www.youtube.com/watch?v=r1DSH9AQXLU,UgzRKlZ3FFrFMho0AQ94AaABAg.AaezVxHVZmkAamVtHrOlZ8,Youtube,@miftahalrasyid5327,Kamu punya privilege juga untuk ngga ngerasain apa yang dirasain warga gaza kan? Tapi tetep sedih kan melihat saudara kita kena bom? Sama sih yah kasusnya. Mungkin yang dipermasalahin karena dia artis terkenal. Kalo orang ga jelas bikin konten yang sama pu. Gaakan se blow up ini,8 hours ago,,,,0
https://www.youtube.com/watch?v=r1DSH9AQXLU,UgzRKlZ3FFrFMho0AQ94AaABAg.AaezVxHVZmkAamaXpB8jjD,Youtube,@vannypasaribu7588,Aku orang yg berisik ketika orang lain mengalami kesusahan yg bukan dibuat sendiri. Semoga segera dapat menghirup udara yg sehat ya kak,7 hours ago,,,,0
https://www.youtube.com/watch?v=r1DSH9AQXLU,UgzRKlZ3FFrFMho0AQ94AaABAg.AaezVxHVZmkAammwVJtjrs,Youtube,@praditadevi,Kak semoga Allah lindungi terus yaa😭,5 hours ago,,,,0
https://www.youtube.com/watch?v=r1DSH9AQXLU,UgzRKlZ3FFrFMho0AQ94AaABAg.AaezVxHVZmkAamxMgF1GAn,Youtube,@rizkahami,"Kak, aku berikan pelukan hangat via online, semoga semua permasalahan di Kalimantan dan di Indonesia segera teratasi, Aamiin",4 hours ago,,,,0
https://www.youtube.com/watch?v=r1DSH9AQXLU,UgzRKlZ3FFrFMho0AQ94AaABAg.AaezVxHVZmkAanKi7re5FI,Youtube,@buggyrockz2635,"GW BUKAN BUZZER CUMAN LELAH LIAT KELAKUAN RAKYAT INDONESIA!! LO PADA TAU GA SIH KALAU PEMIMPIN TUH CERMINAN RAKYATNYA!! LO SEMUA JUGA KELAKUANNYA BURUK SADAR GA??

LO PADA CUMAN CARI PELAMPIASAN DOANG BUAT NGEHATE KARENA GATAU NYALAHIN SIAPA LG ATAS HIDUP KALIAN YG SENGSARA?? AND SHE’S THE RIGHT TARGET KAN? PUBLIC FIGURE.

THE HATE IS SOOOO FORCED LO PADA MENDING ISTIGHFAR. JUJUR GW JG BUKAN FANS MAUDY. AND YES, WITH THAT PRIVILEGE AND LPDP STANFORD I THINK THERE’S MUCH MORE SHE CAN DO. BUT PLEASE? DONT BLAME YOUR MISERABLE LIFE ON HER? APA HUBUNGANNYA? GA NYAMBUNG?? 

SEJAK KAPAN ORG INDONESIA KYK KOREA HOBI NGECANCEL ARTIS? N4J1S",27 minutes ago,,,,0
https://www.youtube.com/watch?v=r1DSH9AQXLU,UgzRKlZ3FFrFMho0AQ94AaABAg.AaezVxHVZmkAanLWinLBP4,Youtube,@buggyrockz2635,"ISTIGHFAR WOI NGELIATNYA KE ATAS TERUS. KALO PADA PAKE OTAK LAGI ORG2 YG PUNYA BISNIS JG PD PUSING MIKIRIN GAJIAN LO2 PADA, SEMUA SEMUA NAIK. 

MENTAL LO PADA SAMA AJA KYK DPR, MERASA PALING SUSAH PALING HRS DIPERHATIIN. KALO JADI PEJABAT GW SUMPAH MATI KELAKUAN LO BAKAL SAMA AJA KYK MEREKA, ORG DIRI SENDIRI DOANG YG DIPIKIRIN. DIRI SENDIRI DOANG YG SUSAH KAN?? 

GA USAH NGIBUL DEH PAKE MIKIRIN ORG LAIN YG KENA GEMPA DLL, KALO EMG LO PEDULI YA TARGET PIKIRAN LO KE SANA BUKAN KE MAUDY. “GW UDH NYUMBANG KOK TAU APA LO?!” BERANI TARUHAN GW KALO KALIAN PEMBOHONG😂",20 minutes ago,,,,0