post_url,comment_id,platform,author,comment_text,date,views,sentiment
https://x.com/whiterosestea/status/2100221646766539095,,Twitter/X,strobali,@whiterosestea Terlalu sehat itu maksudnya apa sih? Terlalu mahal dan ga enak rasanya??,1789605198000,23188,
https://x.com/whiterosestea/status/2100221646766539095,,Twitter/X,lullabyme99,"@whiterosestea Bahkan ada yg gabisa nabung, maudy. Krn uang yg dia dapet hanya bisa utk makan, bukan utk bermimpi :”",1789580011000,20146,
https://x.com/whiterosestea/status/2100221646766539095,,Twitter/X,0KTAV1ANUSK0K0H,"Videonya anak-anak itu yang bikin nyesek, bukan semata Maudynya.

Ada yang nabung buat susu. Ada yang nabung buat bakso. Ada yang nabung buat sepatu, bola, bahkan sarung tangan. Sementara di sisi lain, ada orang yang roti sehatnya masih dikeluhkan “terlalu sehat rasanya”. Itu kontras kelas yang telanjang. Nggak perlu dibungkus teori.

Tapi menurutku inti masalahnya bukan “Maudy nggak boleh ngomong mindfulness” atau “orang kaya nggak boleh ngeluh soal rasa roti”. Semua orang boleh punya preferensi. Yang jadi masalah adalah jarak realitanya: waktu kamu ngomong soal ketenangan batin, diet informasi, dan rasa makanan yang terlalu sehat, banyak orang di negeri yang sama masih mikirin makan hari ini.

Mindfulness itu bukan konsep salah. Yang sering salah adalah cara orang privileged nge-frame-nya, seolah solusinya cukup “sadar napas” sementara ketimpangannya struktural. Maudy sendiri sudah minta maaf soal video mindfulness-nya, dan itu perlu dicatat. Tapi klip roti ini tetap nunjukin satu hal: kadang yang kurang bukan niat baik, tapi rasa proporsi.

Jadi yang perlu dibawa dari unggahan ini bukan dendam ke satu artis. Tapi pertanyaan yang lebih susah: kenapa di satu negara, anak SD masih harus nabung buat susu, sementara yang lain bisa pilih-pilih roti karena rasanya kurang “fun”? Itu yang harusnya bikin kita gerah, bukan cuma orangnya.",1789582337000,14453,
https://x.com/whiterosestea/status/2100221646766539095,,Twitter/X,txtdrimedia,"@whiterosestea sedih bgt ada yg nabung buat beli bakso, buah, jepitan 🥲",1789610285000,4591,
https://x.com/whiterosestea/status/2100221646766539095,,Twitter/X,pangsitbahng,"@whiterosestea Please capek banget,, tolong cancel orang pinter tapi gapunya hati dan empati ini,, gaada gunanya yang katanya pinter itu",1789584705000,7536,
https://x.com/whiterosestea/status/2100221646766539095,,Twitter/X,urbaesaa,@whiterosestea @claidellune semoga kmu bisa lepasin title wni mu itu dan hidup bahagia di negara lain ya dek😌 https://t.co/q83nU8dkPz,1789633424000,3702,
https://x.com/whiterosestea/status/2100221646766539095,,Twitter/X,nur244087,"@whiterosestea dia terlahir dari keluarga have, punya segalanya dari kecil, berpendidikan.. itu background yg bagus
Tapi sayang blum belajar rasa syukur",1789612762000,3675,
https://x.com/whiterosestea/status/2100221646766539095,,Twitter/X,Gambit_XX__280,"@whiterosestea Gw udah ngga suka sama dia dari dulu sih, sok intelek, tapi ngga melek sama kondisi di tanah air dia sendiri, pakai banding2in pendidikan di UK sama di sini, ya jelas jauh lah. 

Dia cocok jadi orang luar, tapi ngga cocok jadi orang Indo, terlalu tone deaf.",1789599856000,4476,
https://x.com/whiterosestea/status/2100221646766539095,,Twitter/X,mondpro_ponpon,@whiterosestea Yang nabung beli buah sama susu 😭✋ga bisa gue hal yang remeh buat kita ternyata bisa se special itu buat orang lain,1789635964000,1156,
https://x.com/whiterosestea/status/2100221646766539095,,Twitter/X,hpyinnes,"@whiterosestea Gw langsung nangis liat dedeknya kepengen indomie, bakso, buah sama susu juga harus nabung😭😭. Ini makanan loh, harusnya bisa dijangkau semua kalangan😭😭",1789653584000,746,
https://x.com/whiterosestea/status/2100221646766539095,,Twitter/X,okii68538735,@whiterosestea Semua permasalahan di indo ini jdi salahnya maudy ya kak,1789612628000,5534,
https://x.com/whiterosestea/status/2100221646766539095,,Twitter/X,ejaaipongg,"@whiterosestea Maudy maudyy, hrusnya yg lu kritik itu pemerintah. Gmn sih lu",1789614103000,1587,
https://x.com/whiterosestea/status/2100221646766539095,,Twitter/X,Vikry72350632,"@whiterosestea Orang kaya sejak lahir gak pernah merasakan betapa susahnya untuk beli barang, kadang butuh waktu lama untuk di beli waktu sekolah baju bekas dari saudara yang kaya buku pelajaran pinjam sama kaka kelas yang kaya buku lengkap SD tahun 95 buku masih pinjam",1789638930000,1454,
https://x.com/whiterosestea/status/2100221646766539095,,Twitter/X,m_fat4h_mlna,@whiterosestea Melihat yg kyk gini adil bngt ya tuhan... Nanti di akhirat pasti di balas... 😹😹,1789605096000,2378,
https://x.com/whiterosestea/status/2100221646766539095,,Twitter/X,AuDeMarsPiAGet,"@whiterosestea Cancel dia ga sih include brands yg jadiin di BA. Oatside, le minerale.",1789631941000,696,
https://x.com/whiterosestea/status/2100221646766539095,,Twitter/X,1_akun68138,"@whiterosestea Anjer, nabung buat beli indomie. Beli makanan yg ga sehat aja harus nabung lo. Udah rusak pemerintah ini",1789646694000,634,
https://x.com/whiterosestea/status/2100221646766539095,,Twitter/X,kangkerung,"@whiterosestea kelakuan buzzernya. ga habis pikir
https://t.co/uuzwyOMrUt",1789654823000,1038,
https://x.com/whiterosestea/status/2100221646766539095,,Twitter/X,kitsuideesuu,@whiterosestea Indomie😭😭😭😭😭,1789617353000,1399,
https://x.com/whiterosestea/status/2100221646766539095,,Twitter/X,anarmfor,@whiterosestea Anak2 itu mau makan aja masih harus nabung 💔💔💔 ya Allaah ya Allaah,1789617976000,844,
https://x.com/whiterosestea/status/2100221646766539095,,Twitter/X,wufyuk,@whiterosestea Bersyukur beli indomie tinggal beli 😭 ada yany harus nabung dulu...di ingetin ini jd semakin bersyukur &amp; rajin menabung,1789644480000,575,
https://x.com/whiterosestea/status/2100221646766539095,,Twitter/X,pikakinochu,"@whiterosestea beli bakso sama indomie harus nabung dulu 😭😭😭
semoga adik adik lucu itu bisa menggapai semua harapan2nya",1789644028000,687,
https://x.com/whiterosestea/status/2100221646766539095,,Twitter/X,oisaka,@whiterosestea Nggak tega liatnya.,1789626472000,1093,
https://x.com/whiterosestea/status/2100221646766539095,,Twitter/X,bbvtterfliebee,@whiterosestea seharusnya dia ngomong gini sambil diem aja latar tembok kosong,1789604067000,1679,
https://x.com/whiterosestea/status/2100221646766539095,,Twitter/X,johnje70,"@whiterosestea Tuhan,,,tolong berikan cobaan hidup yang susah untuk Maudy, harusnya dia bersyukur bisa beli dan makan roti mahallll,,,",1789695675000,671,
https://x.com/whiterosestea/status/2100221646766539095,,Twitter/X,AiNuraenij0,@whiterosestea Terlalu sehat tuh begimana sih ..rasanya penasaran sumpah,1789619600000,3070,
https://x.com/whiterosestea/status/2100221646766539095,,Twitter/X,meidyanay,"@whiterosestea ""terlalu sehat"" tuh gimana sih rasanya mbak? Saya taunya roti aoka yang ada dijual di warung depan doang, can't relate 😅",1789638500000,1843,
https://x.com/whiterosestea/status/2100221646766539095,,Twitter/X,jaimehugou9,"@whiterosestea Bro, if saving for Indomie beats bread, priorities are on another level.",1789629571000,2057,
https://x.com/whiterosestea/status/2100221646766539095,,Twitter/X,starbill_,@whiterosestea kayanya tau beritanya aja engga deh.,1789713817000,56,
https://x.com/whiterosestea/status/2100221646766539095,,Twitter/X,arangelhood,"@whiterosestea Kalau gua ikutan, kayaknya gua nulis nabung buat beli tisu yg harga 5k itu buat stok di tas.... dulu itu berasa mahal buat gua (since uang jajan gua 1 hari itu seribu)",1789660286000,758,
https://x.com/whiterosestea/status/2100221646766539095,,Twitter/X,guetamii,@whiterosestea Bayangin mau beli buah aja musti nabung dulu maudyy yaAllah,1789619280000,1099,
https://x.com/whiterosestea/status/2100221646766539095,,Twitter/X,ranggarizki25,@whiterosestea ketimpangan sosial yg sangatt luar biasa,1789713737000,22,
https://x.com/whiterosestea/status/2100221646766539095,,Twitter/X,esiuoqrut,@whiterosestea Susu buah bakso sepatu tas sepeda indomie cuyy absen ade2 sd beli ginian,1789695013000,153,
https://x.com/whiterosestea/status/2100221646766539095,,Twitter/X,F_Al_Haris_,"@whiterosestea How ungratefull can you be
""Roti sehat yang terlalu sehat""?

Fuckin throw that shit in the trash then eat it then",1789660339000,400,
https://x.com/whiterosestea/status/2100221646766539095,,Twitter/X,muptianggoro,"@whiterosestea konten anak begini sedihnya ga nanggung2, semoga selalu diberikan kesehatan dan rejeki yg berlimpah buat mereka",1789633905000,911,
https://x.com/whiterosestea/status/2100221646766539095,,Twitter/X,dioz19,@whiterosestea Waktu sd gw nabung ke abang2 jual mainan buat beli tamiya.,1789620078000,799,
https://x.com/redbananaaaaa/status/2100412617550659806,,Twitter/X,redbananaaaaa,"Actually it makes total sense sih, that book list is basically required reading for the MBA students/alum💁🏻‍♀️",1789612862000,20773,
https://x.com/redbananaaaaa/status/2100412617550659806,,Twitter/X,dhiyaherself,@redbananaaaaa my recs for this year  instead of this 🙂‍↕️ https://t.co/7xhTvWtrgy,1789619199000,12909,
https://x.com/redbananaaaaa/status/2100412617550659806,,Twitter/X,111bling,"@redbananaaaaa Hah? Very distubed by your headline tbh? Don’t you forget we are lived in Indonesia where reading comprehension is literally far behind from other SEA and even world. Don’t make it hard for people to read at their terms, getting smarter should makes you more curious not superior",1789624143000,9063,
https://x.com/redbananaaaaa/status/2100412617550659806,,Twitter/X,ChoKyuPumpkin,@redbananaaaaa These books are usually a redflag in subreddit bookshelvesdetective 😂,1789619937000,6508,
https://x.com/redbananaaaaa/status/2100412617550659806,,Twitter/X,gbpishere,"@redbananaaaaa menurut gue sebaiknya sih ga asal judge, takutnya orang yg baca buku-buku ini ga mau disamain sama maudy. bukunya sih ga salah, cuman maudy aja mungkin beda cara pandangnya dan ditambah dia apatis dengan kehidupan di indonesia sekarang ini",1789631748000,6637,
https://x.com/redbananaaaaa/status/2100412617550659806,,Twitter/X,unknownn_nl,@redbananaaaaa Soal preferensi aja lu permasalahkan nyett hadehhh. opini lu kaya waktu gua masih bocil smp. Gua juga waktu itu menilai orang² yang baca fiksi cuma  ngabisin waktu doank,1789630744000,2482,
https://x.com/redbananaaaaa/status/2100412617550659806,,Twitter/X,jalurgaza_,@redbananaaaaa Kurang satu judul ini: seporsi mie ayam 🙏,1789613843000,7969,
https://x.com/redbananaaaaa/status/2100412617550659806,,Twitter/X,moodpusyang,"@redbananaaaaa Baca buku gini sebenernya ga salah sih, tapi jangan mayoritas juga wkwkwk cari variasi genre biar ga kacamata kuda",1789620702000,7076,
https://x.com/redbananaaaaa/status/2100412617550659806,,Twitter/X,jandamaksimop,@redbananaaaaa Busett elitis buku 🗿,1789623453000,1920,
https://x.com/redbananaaaaa/status/2100412617550659806,,Twitter/X,riezarieza,@redbananaaaaa Kalau org yg ga baca buku gimana ngejudge-nya?,1789624792000,2675,
https://x.com/redbananaaaaa/status/2100412617550659806,,Twitter/X,tomidispenser,@redbananaaaaa Lmao,1789613231000,6626,
https://x.com/redbananaaaaa/status/2100412617550659806,,Twitter/X,auflan383505,"@redbananaaaaa Gak ada buku yang sampah. Buku jelek itu kalo buku non fiksi yang kontenya kebanyakan fiksi. Selagi bukunya berisi fakta, oke aja. Yang masalah itu otak pembacanya yang membaca buku tanpa memiliki pemikiran kritis dalam membaca bukunya",1789682116000,146,
https://x.com/redbananaaaaa/status/2100412617550659806,,Twitter/X,sawaaaaa5,@redbananaaaaa Out of maudy gasreg sm tipikal reader ky  yg suka polarisasi..dan mengelompokan..always judge this kind of people also krn yg bnran demen sesuatu buat diri sendiri ga akan repot ngomen gini..you do you. yg penting ttp baca buku jgn takut dianggap gmn” selama itu berguna utk lu!,1789653985000,370,
https://x.com/redbananaaaaa/status/2100412617550659806,,Twitter/X,mosmoselle,@redbananaaaaa I don’t trust anyone who recommends milk and honey,1789630918000,941,
https://x.com/redbananaaaaa/status/2100412617550659806,,Twitter/X,nightshaderrr,@redbananaaaaa ini sih langganan best seller. gamau rude tapi utk seorang yg sekolahnya TINGGI bgt gue agak kurang puas sih klo dia ngerekomen buku2 yg tanpa dia rekomen pun org udah tau,1789668929000,137,
https://x.com/redbananaaaaa/status/2100412617550659806,,Twitter/X,atashita,"@redbananaaaaa ini sudah kejauhan sih kak, menilai kecerdasan dan intelektualitas seseorang dari beberapa bacaannya sepertinya juga kurang tepat.. kita ga tahu buku apa yang dia baca selain yang dia rekomendasikan di youtube nya.. dan lagi org msg2 punya alasan membaca buku..",1789635225000,684,
https://x.com/redbananaaaaa/status/2100412617550659806,,Twitter/X,grswth,"@redbananaaaaa sebuah seni bersikap bodo amat, jangan sampe ke negara juga lu bodo amat",1789623373000,1729,
https://x.com/redbananaaaaa/status/2100412617550659806,,Twitter/X,cisnanumbitchi,@redbananaaaaa ☝🏻🥲 https://t.co/GHsxK4cWRi,1789622132000,1325,
https://x.com/LambeSahamjja/status/2100012363605020861,,Twitter/X,yoghurtstrawbi1,"@LambeSahamjja “salah TIMING” ??? coba dipikir lagi dan di dengerin lagi tuh whole video dia, jelas” dia MENTION kalo dia liat badnews terjadi dimana mana ga cuman di entire world tapi di “NEGARA DIA SENDIRI” juga banyak yg happening, itu mah emg MAU IGNORANCe",1789606463000,3503,
https://x.com/LambeSahamjja/status/2100012363605020861,,Twitter/X,NasgorBas1,"@LambeSahamjja pointnya gini: ""gw orang kaya dan hidup enak, kalian orang miskin dan susah, isinya berita tentang kesusahan kalian semua, saya muak""

jadi musibah yang menimpa kita semua itu cuma untuk ngerusak mood dia doang.
orang kek gini emang bang**t sih karna gak napak tanah",1789529166000,91350,
https://x.com/LambeSahamjja/status/2100012363605020861,,Twitter/X,NetzBiasa,"@LambeSahamjja kebanyakan netizen yg kritik maudy itu karna ikut²an yg lain, padahan ada dia antara merka yg nga tahu isi permasalahan nya itu apa. 

bisa dilihat dari kualitas kritik nya yg kebanyakan hujatan dan ngata²in aja",1789528756000,6965,
https://x.com/LambeSahamjja/status/2100012363605020861,,Twitter/X,Ses_tudio,"@LambeSahamjja Justru krn timingnya salah lah itu nandain si maudy ini emang ga peka dan minim empati, seorang maudy gamungkin gapaham soal timing. Tapi minim empati yg dia punya itu emang bkn niat yg disengaja, itu kebentuk dari circlenya hidupnya. Inilah yg dimaksud ""produk kapitalisme""",1789526079000,111176,
https://x.com/LambeSahamjja/status/2100012363605020861,,Twitter/X,Natha66962444,"@LambeSahamjja windah punya poin yg bagus di sini, tapi satu hal sbnernya ini ke ranah preferensi sih karena gw nntn vidnya maudy justru jd reminder bgt buat tarik napas abis emosi sma pemerintah. buat gw evaluasi dan milah lgi mana berita yg bener ya. karena disitu kita kritis berpikir.",1789539361000,2834,
https://x.com/LambeSahamjja/status/2100012363605020861,,Twitter/X,pencilcasestar,@LambeSahamjja Dia tuh padahal setiap ada kejadian2 di indo tuh always no response. Makanya banyak di call-out knp ga ngomongin hal2 itu. Sering dibilang tone deaf. Tapi sekalinya upload konten malah isinya blunder. Jadi org2 semakin tervalidasi klo emg dia tone deaf,1789557350000,4198,
https://x.com/LambeSahamjja/status/2100012363605020861,,Twitter/X,MuhamadRizyy21,@LambeSahamjja Ini pas bang windah main game apa bang?,1789575202000,1420,
https://x.com/LambeSahamjja/status/2100012363605020861,,Twitter/X,ayam_sementara,"@LambeSahamjja Gw sependapat sama windah, mungkin dia punya niat baik cuman gak tepat aja di waktu sekarang dan kondisi sekarang.",1789526109000,8537,
https://x.com/LambeSahamjja/status/2100012363605020861,,Twitter/X,waris_persen,@LambeSahamjja https://t.co/O04KhMyjVK,1789637718000,646,
https://x.com/LambeSahamjja/status/2100012363605020861,,Twitter/X,ichigolegend20,"@LambeSahamjja Tone deaf, simple as that. Ga nyambung sama realita. Her problem is not a problem, she's not a victim. She lives in a wealthy environment with a luxury of being able to worry about her mindfulness, while the victim out there suffered from a real threat that could cost their live",1789552459000,2723,
https://x.com/LambeSahamjja/status/2100012363605020861,,Twitter/X,KaitoTrivunk,"@LambeSahamjja salah orang terkenal, kalo aku yg bikin videonya ga ada yg peduli juga",1789534267000,10288,
https://x.com/LambeSahamjja/status/2100012363605020861,,Twitter/X,Neroooooo_,@LambeSahamjja bad timing katanya? Padahal itu udah jelas2 bukan bad timing kalo orang mau nganalisa perilaku orang lebih jauh lagi,1789529685000,19136,
https://x.com/LambeSahamjja/status/2100012363605020861,,Twitter/X,NAAna1975256,"@LambeSahamjja WKWWKK NGREGET BANGETT SUMPAHH, coba sini tinggal dikalimantan biar tau rasanya asap berkabut, air masin, susah minum karna air bnyk yg masin, mati lampu bergilir, panas, kebakaran hutan dimana-mana, setiap hari ada aja pemadam lewat ( kebakaran). jgn asal ngomong deh",1789608105000,2176,
https://x.com/LambeSahamjja/status/2100012363605020861,,Twitter/X,princeswenian,"@LambeSahamjja Lebih bagus dia diam dulu atau menyuarakan berita Indonesia sekarang dari pada nyuruh orang untuk mindfulnes aku juga belajar stoic tapi tetap bersuara, tapi kalo gini maudy jatuhnya apatis dan ga ngeharagi berita Indonesia yg dari Sumatera sampe papua lagi krisis dan kesusahan",1789534083000,9656,
https://x.com/LambeSahamjja/status/2100012363605020861,,Twitter/X,txtdrsigabut,"@LambeSahamjja Buat si Maudy Ayunda semua ke chaosan yang lewat beranda nya itu cuma sekedar berita. Tapi buat warga Kalimatan, Sumatera, NTT dan wilayah lain yang kena bencana itu ya memang kenyataan yang harus mereka hadapi. Gabisa mereka pura-pura gak jadi korban di sana 🥀🥀",1789535481000,2852,
https://x.com/LambeSahamjja/status/2100012363605020861,,Twitter/X,M4s_B4y,@LambeSahamjja Kalau upload di timing yg salah itu namanya salah dan gak di benarkan walaupun isinya ada manfaatnya.,1789528153000,6506,
https://x.com/LambeSahamjja/status/2100012363605020861,,Twitter/X,abcdefghijsv12,"@LambeSahamjja kalo masalah timing, kapan timing yg tepat? setiap saat gw merasa indo ada aja masalahnya
dia jg sharing gaada mute bad news emang ini digiring ae sama media media harus tenar sama org fomo yg yaaaa….begitulah wkwkwkw",1789593512000,3002,
https://x.com/LambeSahamjja/status/2100012363605020861,,Twitter/X,rayaberfikir,"@LambeSahamjja halah, si windah juga sama aja. orang dia ngomong ""tindakan rakyat tidak akan merubah apa-apa, mau bersatu kaya gimana juga ga ngaruh. selamatin diri lo masing-masing"". sama-sama kesukaan rezim, influencer jutaan followers yg ngaburin masalah sistemik jadi individulistik",1789548653000,2716,
https://x.com/LambeSahamjja/status/2100012363605020861,,Twitter/X,mileycitrusmith,@LambeSahamjja saking seringnya ga napak tanah sampe” gatau ni negara isinya chaos warga sipil vs pemerintah sama bencana alam,1789535714000,2641,
https://x.com/LambeSahamjja/status/2100012363605020861,,Twitter/X,GomujiR,"@LambeSahamjja panjang amat, disingkat aja jadi tone deaf. dah kelar",1789544434000,2260,
https://x.com/LambeSahamjja/status/2100012363605020861,,Twitter/X,RPurnama37947,"@LambeSahamjja Secara umum anak2 orang kaya di Indonesia memang seperti Maudy. Nirempati, sombong, arogant, ga perduli sama kesusahan orang miskin. Coba saja lihat keluarga sendiri kalau kaya, pasti ga napak tanah. Mereka merasa ga level berteman sama orang susah.",1789531555000,44069,
https://x.com/LambeSahamjja/status/2100012363605020861,,Twitter/X,Cokicii00,"@LambeSahamjja Kalo patokannya iq, iya, yg dia sampein masuk akal. Gada yg salah. Secara eq? Minus. Ibarat nyuruh diet dihadapan warga afrika yg kelaparan.
Dia kuliah pake uang rakyat, ada beban moral yg seharusnya dia tanggung. 
Salah timing? Ngga. Emang dia menolak mengerti aja",1789606885000,466,
https://x.com/LambeSahamjja/status/2100012363605020861,,Twitter/X,semanggee,"@LambeSahamjja Salah timing itu ga cuma 1 kesalahan. Tp merembet jadi bbrp kesalahan yg gak dia sadari sebagai orang yg gak terlibat dalam ""bad news"" yg dia maksud.",1789530288000,5479,
https://x.com/LambeSahamjja/status/2100012363605020861,,Twitter/X,blackhairdemon,"@LambeSahamjja bener kok. omongan dia gaada yg salah ""kalo"" hanya dibahas dgn kaum borjuis yg sama sekali ga terdampak masalah apapun di Indo. karna bagi kaum mereka, ini semua emg cuma ""bad news"" ☺️",1789628691000,197,
https://x.com/LambeSahamjja/status/2100012363605020861,,Twitter/X,ismemeet,"@LambeSahamjja Intinya banyak warga kita ini bukan market audiens dari video tsb. Hampir enggak relate kali ya? Yang warga kita butuhkan saat ini adalah kepedulian, kerjasama, kesatuan, sampai butuh pertolongan. Mungkin next topiknya ke arah situ mbak soal yg bisa kita lakuin untuk bantu sesama",1789577269000,1686,
https://x.com/LambeSahamjja/status/2100012363605020861,,Twitter/X,shld3dlife,"@LambeSahamjja Menurut gw bkn berarti krn org kaya raya maka gak ada empati inimah lebih tepatnya tolol, klu orang2 banyak menderita ya hrsnya empati dan nolongin bkn malah mikirin diri sendiri, apalagi dia publik figur hrsnya lebih aware, gak tau deh ini dianya udah jd antek2 pemerintah kali",1789531178000,1670,
https://x.com/LambeSahamjja/status/2100012363605020861,,Twitter/X,zcjr2206,"@LambeSahamjja i mean, gimana publik ngga marah? maudy ini bukan sekedar artis aja, lulusan PPE oxford loh. ini bukan blunder, ini nirempati. gimana enggak? what happens now is someone's reality. even if to you this is just a ""bad news."" masa kuliah pakai uang rakyat tapi ga perpihak ke rakyat",1789543354000,3771,
https://x.com/LambeSahamjja/status/2100012363605020861,,Twitter/X,iamnur411,"@LambeSahamjja Ngga niat nyinggung siapapun, orang yang Sangat Berpendidikan, ditengah situasi ini, dan Sober.",1789563191000,294,
https://x.com/LambeSahamjja/status/2100012363605020861,,Twitter/X,leejakkanim_,"@LambeSahamjja Lah justru karna timing makanya tone deaf, kalau dia considerate sama apa yang terjadi dibsekitar dia gak dibilang tone deaf",1789534018000,1555,
https://x.com/LambeSahamjja/status/2100012363605020861,,Twitter/X,minyakKerok,"@LambeSahamjja lu hidup di indo, jgn salahin timing, rmang ga akan ada timing yg pas di negara kacau, emang dia ga hidup di indonesia yg sama, ky beda kasta",1789596101000,2067,
https://x.com/LambeSahamjja/status/2100012363605020861,,Twitter/X,ifiamtrulyme,@LambeSahamjja Beda lagi kalau yang ngomong bukan Maudy tapi Mio'ok,1789581790000,2023,
https://x.com/LambeSahamjja/status/2100012363605020861,,Twitter/X,asdxz1993,"@LambeSahamjja Tidak usah diperhalus...
Memang brengsek aja,
Apa yg kalian harapkan pada org yg dari lahir sudah disuapin pake sendok emas.?",1789589913000,1619,
https://x.com/LambeSahamjja/status/2100012363605020861,,Twitter/X,SMe2021,"@LambeSahamjja Kadang yeee ada hal2 yg gaperlu lo omongin ke publik. Apalagi kl lo public figure. Hal2 yg diomongin maudy tu ga salah. Gue jg jujur suka ngerasa kyk dia. Tp kan gausah diumbar ke publik, itu namanya ga peka. Cukup elo dan sirkel lo aja yg tau",1789560699000,1745,
https://x.com/LambeSahamjja/status/2100012363605020861,,Twitter/X,skalianisipulsa,"@LambeSahamjja Duh bisa ga si orang2 berhenti bahas maudy, bosen dah buka sosmed dimana2 isinya maudy mulu. Mending up bencana nya beneran aja, jangan kasus ini mulu yg dibahas. Netijen ni hobi bgt ngurusin hal yang kek gini secara berlebihan",1789530485000,12555,
https://x.com/LambeSahamjja/status/2100012363605020861,,Twitter/X,reizaldy_,"@LambeSahamjja Ya intinya dia ngapain dan buat apa? Mau ngedukasi warganet? Topik sensitif begitu, di tengah-tengah INA lagi kacau begini. Ngajak waras dan mawas malah dia sendiri yang Blunder. Orang mah pikirin dulu matang-matang efek setelahnya sama jangka panjangnya. 😂 Dia itu publik figur",1789612171000,727,
https://x.com/LambeSahamjja/status/2100012363605020861,,Twitter/X,Gambit_XX__280,"Dia adalah definisi, pintar Otak tidak sama dengan pintar Hati. 

dan IQ tinggi ngga berbanding lurus dengan EQ nya juga. 

Jadi watak itu engga tergantung pendidikan, tapi di tempa dari pengalaman hidup seseorang. 

Orang2 kek dia mah minim empati, ngelihat dunia dari circlenya dia doang, tuli empati.",1789600050000,480,
https://x.com/whiterosestea/status/2100221646766539095,,Twitter/X,kiw_kiwia,"@whiterosestea trus lu kan udaa tau nii anak2 itu nabung buat beli buah, trus apa yg lu lu lakuin selain nulis ini?",1789622484000,695,
https://x.com/whiterosestea/status/2100221646766539095,,Twitter/X,Ditta1989,@whiterosestea Wkwkwkkk digoreng terus Maudy Ayunda sama netizen.. 🤣🤣,1789630778000,474,
https://x.com/whiterosestea/status/2100221646766539095,,Twitter/X,leeunnn,"@whiterosestea Kalian harus nntn film Don’t Look Up, ada scene wkt hostnya bilang “We just keep the bad news light” “It helps the medicine go down” Lalu Kate bilang “Maybe the destructions of the entire planet isn’t supposed to be fun, maybe it’s supposed to be terrifying” sangat relate 😭",1789628205000,203,
https://x.com/whiterosestea/status/2100221646766539095,,Twitter/X,BellaMilky1,@whiterosestea Ayo semuanya ga usah beli produk skincare nya dia biar ga belagu👍🏼,1789608794000,625,
https://x.com/whiterosestea/status/2100221646766539095,,Twitter/X,challamilly,@whiterosestea maksud nya apaan anjing terlalu sehat? makan makanan basi aja sno sklian kntol biar lu ngerasain makanan yg ga sehat tlol,1789674316000,26,
https://x.com/whiterosestea/status/2100221646766539095,,Twitter/X,bloomsflowery,@whiterosestea Selama ini dia makan makanan rasa penyakit maybe,1789633337000,121,
https://x.com/whiterosestea/status/2100221646766539095,,Twitter/X,butterflilyz,@whiterosestea @maudyayunda baca plis,1789647508000,57,
https://x.com/whiterosestea/status/2100221646766539095,,Twitter/X,Lowerlovehype,@whiterosestea Maudyyy anjing,1789648393000,63,
https://x.com/whiterosestea/status/2100221646766539095,,Twitter/X,diraaalma_,@whiterosestea niat pamer berkedok ...,1789630352000,143,
https://x.com/whiterosestea/status/2100221646766539095,,Twitter/X,Rantoprstyo,@whiterosestea dia mikir ga siiii????,1789623192000,214,
https://x.com/whiterosestea/status/2100221646766539095,,Twitter/X,prayiluneh,@whiterosestea Bkp lokall viral ada nih,1789632031000,168,
https://x.com/whiterosestea/status/2100221646766539095,,Twitter/X,junmisugi777,@whiterosestea Konyol @maudyayunda,1789685796000,19,
https://x.com/whiterosestea/status/2100221646766539095,,Twitter/X,in_mydream19,"@whiterosestea Aku suka sama Maudy waktu dia peranin Bu Ainun aja di film Ainun dan Habibie 3, karena kisah Bu Ainun &amp; Pak Habibie favorit aku.",1789608870000,545,
https://x.com/whiterosestea/status/2100221646766539095,,Twitter/X,Agungk_LFC,@whiterosestea Dari Maudy aku jd tau makna mindfulness,1789620711000,235,
https://x.com/whiterosestea/status/2100221646766539095,,Twitter/X,happielsma,@whiterosestea sedih bggttt😔,1789614537000,291,
https://x.com/whiterosestea/status/2100221646766539095,,Twitter/X,user46640,@whiterosestea Maudy musti nyobain mbg,1789599790000,873,
https://x.com/whiterosestea/status/2100221646766539095,,Twitter/X,feedos,"@whiterosestea Padahal skin care nya cocok, terpaksa cari merk lain lg dah.",1789606670000,584,
https://x.com/redbananaaaaa/status/2100412617550659806,,Twitter/X,byunloveyounim,@redbananaaaaa Inimah kalian jatuhnya elitis buku. Ngejudge bacaan orang. Aq juga kontra sama maudy kemarin. Tapi gg ada yang salah sama bacaannya. Tinggal persepsi pembaca masing2 aja. Dasar. Kayak gini kan lu seakan2 ngejek orang2 yang suka baca buku self development.,1789623116000,2279,
https://x.com/redbananaaaaa/status/2100412617550659806,,Twitter/X,Afzon_Dakka,"Sebenarnya, buku apapun yang @maudyayunda baca, yang ia rekomendasikan, belum tentu akan mempengaruhi cara ia berfikir, menelaah masalah, hingga berempati. 

Jangan lupa, Presiden kita @prabowo ada yang menyebut membaca 50 buku perhari, nyatanya, jangankan berempati, menghitung hasil penjumlahan 10 + 6 saja ia masih salah kan!? CMIIW. Thank you",1789635535000,805,
https://x.com/redbananaaaaa/status/2100412617550659806,,Twitter/X,PurnamaH89,@redbananaaaaa Asupan lokal nih,1789631205000,361,
https://x.com/redbananaaaaa/status/2100412617550659806,,Twitter/X,BaruBubar,@redbananaaaaa jujur agak kecewa sih dia ga baca the secretnya rhonda bryne. huft 😔😔😔,1789624499000,1094,
https://x.com/redbananaaaaa/status/2100412617550659806,,Twitter/X,whimsymar_,@redbananaaaaa this is like when someone claims their music taste is niche and turns out it's STEVIE WONDER.,1789646348000,241,
https://x.com/redbananaaaaa/status/2100412617550659806,,Twitter/X,bananx_s,"@redbananaaaaa Baca buku itu gak pernah salah, yg salah itu cuma gimana seseorang memahami, mengambil kesimpulan, dan menerapkan bacaan itu. Apakah manfaatnya bagus untuknya sendiri dan orang lain, atau justru merusak diri sendiri dan mengganggu orang lain 🥲",1789626257000,1332,
https://x.com/redbananaaaaa/status/2100412617550659806,,Twitter/X,nitadiswanda,"@redbananaaaaa Dari semua genre buku yg aku baca, I'm tot obsessed with genre membuka sejarah negara Indonesia dan pemerintahnya. Ada banyak hidden secret dan unpredictable plot twist. Tidak ada yg lebih seru dari genre ini 🤣🤣🤣",1789652126000,347,
https://x.com/redbananaaaaa/status/2100412617550659806,,Twitter/X,byunloveyounim,"@redbananaaaaa And honestly, judging someone’s character based on their bookshelf is just another form of judging people by appearances—only with books instead of clothes.",1789623885000,1590,
https://x.com/redbananaaaaa/status/2100412617550659806,,Twitter/X,redchewyy,"@redbananaaaaa malah jadi nyalahin buku yg dia baca? pdhl banyak faktor lain yg bikin dia jd tone deaf, ga serta merta krn dia baca buku abcd.",1789638078000,309,
https://x.com/redbananaaaaa/status/2100412617550659806,,Twitter/X,asrthns,@redbananaaaaa YaAllah dari sekian buku ini yang relate cuma adam grants doang sih. Lainnya gak relate bjir mostly ditulis ceo laki2 di mana mereka emg punya privilej tersendiri. Let them pun ditulis perempuan juga gak relate krn mereka hidup di negara maju (US) yg gak ada kemiskinan struktural,1789622146000,1647,
https://x.com/redbananaaaaa/status/2100412617550659806,,Twitter/X,existforluff,"@redbananaaaaa Bacalah Das Kapital, guys wkwkwk... Jangan cuma buku self-improvement self-development doang... Ayo landasan berpikirnya dibangun jugaa",1789683566000,48,
https://x.com/redbananaaaaa/status/2100412617550659806,,Twitter/X,elleindrym,"@redbananaaaaa aku baca filosofi teras sama atomic habits, memang pembahasannya self centered dan yg atomic habits bagus bgt buatku, mnrtku klo baca buku begini harus barengin buku lain deh, soalnya pas baca buku-buku ini aku sering ngebatin gimana mindset kita ke orang lain yg ga tau-",1789661801000,122,
https://x.com/redbananaaaaa/status/2100412617550659806,,Twitter/X,fajaranz,@redbananaaaaa the 5 am club. the lion doesn't concern himself to wake up early. beliau tidur setengah hari dan tetep alpha,1789635583000,174,
https://x.com/redbananaaaaa/status/2100412617550659806,,Twitter/X,3usri,@redbananaaaaa buku oxford versi gw https://t.co/kUHkEgCq9A,1789713212000,20,
https://x.com/redbananaaaaa/status/2100412617550659806,,Twitter/X,duadefri,"@redbananaaaaa Book shaming gak sih ini, gak membenarkan orang2 yg ngejek bacaan orang lain. Apapun genrenya selama dia baca lebih banyak buku its good for her.",1789633461000,433,
https://x.com/redbananaaaaa/status/2100412617550659806,,Twitter/X,ingatmat1,@redbananaaaaa ugh self help slop disgusting https://t.co/Hb7uOl2Tii,1789662840000,44,
https://x.com/redbananaaaaa/status/2100412617550659806,,Twitter/X,undertheregime,@redbananaaaaa Wkwkwk jujur ini buku2 yg gw baca jaman masih kuliah dan berasa pengen jd orang 😂 sekarang mah mendingan baca fiksi,1789620084000,2816,
https://x.com/redbananaaaaa/status/2100412617550659806,,Twitter/X,fadliadam,@redbananaaaaa Kalo bacaannya ini apakah bole bahas mindfulness? Izin 🙏 https://t.co/n7t68Rd7RT,1789650274000,253,
https://x.com/redbananaaaaa/status/2100412617550659806,,Twitter/X,strikeapoise,@redbananaaaaa she's a whole different kugy :(,1789628315000,527,
https://x.com/redbananaaaaa/status/2100412617550659806,,Twitter/X,9Hadinw,"@redbananaaaaa Menyalahkan buku self improvement, ibarat seorang tukang bodoh yg menyalahkan 1 set hand tool karena tidak tau harus mukul paku pake apa. Gw saranin pake imajinasi aja kak.",1789699870000,47,
https://x.com/redbananaaaaa/status/2100412617550659806,,Twitter/X,triplechocobar,"@redbananaaaaa aneh bgt sumpah orang ky dia yg S1nya PPE Oxford tapi mindset dan pemikiran masih stuck di individu/seputar dirinya sendiri aja. padahal katanya S1 itu pondasi pemikiran kita ketika dewasa, tapi ini ga ada mau bahas kebijakan/policy making yang lebih tinggi",1789643988000,344,
https://x.com/redbananaaaaa/status/2100412617550659806,,Twitter/X,aerxis,@redbananaaaaa Dan aku coba baca Let Them Theory gara-gara beliau tapi ujungnya ... Meh.,1789618977000,1128,
https://x.com/redbananaaaaa/status/2100412617550659806,,Twitter/X,vania___,"@redbananaaaaa kalo aku isinya fiksi semua soalnya dah stres sama urusan dunia, jadi nyari yang happy aja 😂",1789651677000,109,
https://x.com/redbananaaaaa/status/2100412617550659806,,Twitter/X,BachtiarWidji,"@redbananaaaaa ""Rich dad poor dad""

😊",1789632326000,259,
https://x.com/redbananaaaaa/status/2100412617550659806,,Twitter/X,leeseranophille,@redbananaaaaa damn. akan ku hapus e-book wishlistnya.,1789623938000,864,
https://x.com/redbananaaaaa/status/2100412617550659806,,Twitter/X,hiliricaci,"@redbananaaaaa hate maudy all you want (i hate her too) tapi apa hubungannya dah buku dia, mindfulness sama keluhan dia ttng makanan. terlebih karena dia uploadnya di platform dia sendiri

ya gimana numbuhin minat baca dah, orang sesuatu yg harmless aja masih bisa disinisin",1789642680000,372,
https://x.com/redbananaaaaa/status/2100412617550659806,,Twitter/X,skenermacet,@redbananaaaaa Pernah coba baca rich dad poor dad tapi kaga nyantel. Mungkin uang gw dikit kali ya,1789630307000,358,
https://x.com/redbananaaaaa/status/2100412617550659806,,Twitter/X,14trigger,@redbananaaaaa gw lebih seneng book recommendations nya gitasav,1789669262000,53,
https://x.com/redbananaaaaa/status/2100412617550659806,,Twitter/X,biley_,"@redbananaaaaa ya gini nih jenis org yg bikin males baca buku, takut dijudge aaaa lariiiiii elitis buku",1789655864000,93,
https://x.com/redbananaaaaa/status/2100412617550659806,,Twitter/X,aliceveryday,"@redbananaaaaa Aku baca hampir semua buku ini tapi aku belum kaya, gak tone deaf dan bukan 02 voter 😭 baca juga bukan karena MA.",1789625190000,569,
https://x.com/redbananaaaaa/status/2100412617550659806,,Twitter/X,rainhadejapara,"@redbananaaaaa Jika ada orang yang lebih sukses darimu, let them~
Wkwkwkwkwk",1789622554000,763,
https://x.com/redbananaaaaa/status/2100412617550659806,,Twitter/X,ChewbaccaSmom,@redbananaaaaa Anjr self help garbage semua wkwkw,1789690334000,47,
https://x.com/redbananaaaaa/status/2100412617550659806,,Twitter/X,arappu7,@redbananaaaaa Robert t kiyosaki yg terjebak utang wkwkwkkwk,1789623432000,758,
https://x.com/redbananaaaaa/status/2100412617550659806,,Twitter/X,josefkisalive25,"@redbananaaaaa Jesus, just one look and i feel depressed already",1789625951000,552,
https://x.com/redbananaaaaa/status/2100412617550659806,,Twitter/X,dicampurkan,"@redbananaaaaa (((HOW TO WIN FRIENDS AND INFLUENCE PEOPLE)))
Buku lejen bgt.
Sayangnya gagal dipraktekin sama beliaouuu..",1789620106000,1730,
https://x.com/redbananaaaaa/status/2100412617550659806,,Twitter/X,nadsipadang,"@redbananaaaaa Oalah moment, tp blio ga 02 voter kan? *gen ask* kalo iya bakal lebih plot twist lagi",1789620473000,1685,
https://x.com/LambeSahamjja/status/2100012363605020861,,Twitter/X,cantfly_40,"@LambeSahamjja ngerti ga si kl kita ini kejepit dri segala arah? bencana, ekonomi, konflik rakyat, kebijakan ngawur, blm masalah pribadi, kita jg maunya kek yg dia blg, bisa sedetik aja terhindar dr smua ini, tp nyatanya ga bisa toh? kita gd privilege like she has, especially financial",1789534369000,18889,
https://x.com/LambeSahamjja/status/2100012363605020861,,Twitter/X,naoy____,"@LambeSahamjja SALAH TIMING itu berarti mengkonfirmasi bahwa dia emang tone deaf, kalau dia gk tone deaf dia pasti ngerti upload video ginian disaat begini gk tepat. 
padalah dia pinter kan? kok bisa gitu?. gk tepat kalau gw bilang dia bego, karena gw rasa gw lbh bego",1789547818000,10806,
https://x.com/LambeSahamjja/status/2100012363605020861,,Twitter/X,koshka10451,"@LambeSahamjja Windah aja paham jgn apa2 diupload di sosmed, gk semua kritik itu harus lu taro di sosmed. Simpen aja buat diri lu sendiri sama kalangan lu",1789539591000,7387,
https://x.com/LambeSahamjja/status/2100012363605020861,,Twitter/X,Aisa_733,"@LambeSahamjja Banyak poin yang disampein windah bener, tapi ini bukan blunder yang gak bisa diprediksi. Kalo coba lebih mikirin kondisi orang yang terdampak dan berjuang buat membantu langsung si harusnya dia tau gak seharusnya ngomong kaya gitu sekarang.",1789531181000,18896,
https://x.com/LambeSahamjja/status/2100012363605020861,,Twitter/X,aryangoodluck,"@LambeSahamjja Sorry to say,for whatever reason, sikap dia menunjukkan kpd warga konoha yg masih waras kalo dia itu ga ada empati ,mau apapun pembelaan kalian,either she is naturally stupid or naturally evil living in her own bubble.https://t.co/9TMzL18KKb",1789529519000,21651,
https://x.com/LambeSahamjja/status/2100012363605020861,,Twitter/X,star_lumos,"@LambeSahamjja emg bener inimah cocoknya buat pembahasan circle, Maudy harusnya gosipin ginian bareng sama temen² dia yg pada setara, jadi gak bakalan ada tuh drama² kayak skrg. Ngapain pulak sampe harus up ke yt,,,",1789528561000,12509,
https://x.com/LambeSahamjja/status/2100012363605020861,,Twitter/X,maiajustmaia,@LambeSahamjja salah title juga ga sih?,1789576304000,1414,
https://x.com/LambeSahamjja/status/2100012363605020861,,Twitter/X,elno_id,"@LambeSahamjja Setuju soal timing, tapi isu utamanya bukan cuma itu. Konsep ""protect sanity"" dengan jarakin diri dari isu sosial itu emang problematik dari awal, mau diomongin di circle manapun.",1789526716000,8047,
https://x.com/LambeSahamjja/status/2100012363605020861,,Twitter/X,drakordose,@LambeSahamjja Beberapa orang yg gw liat untuk trying so hard objektif ke Maudy lupa kalo komunikasi itu bukan cuma soal apa yg disampaikan tapi kapan dan bagaimana itu dilakukan juga gk kalah penting. Lu gk bisa ignore dia memilih syuting di kitchen set puluhan juta sambil makan sarapan mewah.,1789529271000,4012,
https://x.com/LambeSahamjja/status/2100012363605020861,,Twitter/X,silfesterMttna,"@LambeSahamjja harusnya maudy jangan bicara menjaga kewarasan selama semua2nya tersedia, harusnya dia bicara pendidikan aja",1789624921000,403,
https://x.com/LambeSahamjja/status/2100012363605020861,,Twitter/X,ttetatime,"@LambeSahamjja cuman balik lagi gegara dia upload kita jd tau kan, tentang pandangannya dia akan masalah yg ada di indonesia saat ini",1789608622000,448,
https://x.com/LambeSahamjja/status/2100012363605020861,,Twitter/X,Target48kg,"@LambeSahamjja Percayalah percakapan dirumah orang kaya itu ""ehh emas ternyata sekarang lagi turun, tau gitu kemarin gak beli"" respon anggota keluarga ""kan dah dibilang jangan buru buru beli emas, rugi kan beberapa ratus ribu"" 

Ngomelnya bukan masalah siapa yg gantian bersihin kamar mandi guys",1789633537000,457,
https://x.com/LambeSahamjja/status/2100012363605020861,,Twitter/X,tantan857971,"@LambeSahamjja Kalo menurutku Maudy ini pinternya nanggung, dia pinter secara akademik tapi ga bisa baca situasi. Semua sudut di Indonesia ini lagi mati²an berjuang untuk hidup kalo empatimu ga tersentuh minimal jangan sentuh ranah sensitif orang lain",1789570892000,637,
https://x.com/LambeSahamjja/status/2100012363605020861,,Twitter/X,Squallisde68454,"@LambeSahamjja Setelah nntn videonya, emg gk ada yg salah sma isinya (cmn judulnya bikin ragebait). Cmn ya perspektif maudy itu sbg yg gk kena dampak scr lgsg. Sementara yg kena? Ya gk bisa sesimpel itu

Gw kira awalnya dia nyuruh kita utk nutup telinga, tpi ternyata nyaranin hrs ttp update jga",1789572846000,774,
https://x.com/LambeSahamjja/status/2100012363605020861,,Twitter/X,PropolisQ,"@LambeSahamjja fair enough.

tapi karena kondisi lagi super sensi, jadilah rujak cingur pedees 😊",1789534899000,3224,
https://x.com/LambeSahamjja/status/2100012363605020861,,Twitter/X,ZetaArganirum,"@LambeSahamjja Padahal dia masih ada kesadaran buat gk up ini vid tapi tetep dia up gw gak bisa bedain mana goblok sama jahat sih, dengan salah timing aja itu menunjukkan dia gak paham situasi",1789539587000,2438,
https://x.com/LambeSahamjja/status/2100012363605020861,,Twitter/X,lail_23,"@LambeSahamjja Artis&amp;influencer lain ada yg terjun langsung ikut madamin api di kalimantan, ada yg sibuk ngumpulin donasi/nyebar awareness, eh dia ujug2 muncul ngajak bwt skip/filter bad news?? Klo gak bisa bantu apapun tu ya mending diemm dehh, kuliah pake pajak rakyat tp gak ada gunanya",1789569686000,1358,
https://x.com/LambeSahamjja/status/2100012363605020861,,Twitter/X,antnpd,"@LambeSahamjja Tanggapan windah yang ini ya
https://t.co/0NKyiP4K7V",1789528371000,9769,
https://x.com/LambeSahamjja/status/2100012363605020861,,Twitter/X,innew_shahab,"@LambeSahamjja dia lahir dan tumbuh dari keluarga yg mapan dan terpandang, sangat tidak relevan dengan kondisi masyarakat Indonesia sekarang yg kebanyakan menengah kebawah, gak tau realita yg sesungguhnya, jelas banyak yg tersinggung, apalagi bahas mindfullness. halah halah",1789530866000,2296,
https://x.com/LambeSahamjja/status/2100012363605020861,,Twitter/X,ferguso_cat,"@LambeSahamjja Justru makin nunjukin kalau org2 mampu itu ga peduli semua, kan?

Misal cuman dishare ke kalangan mereka2 aja dan fine2 aja, ya berarti mereka2 ini udh ga sepeduli itu sama kondisi negara tempat tinggalnya sendiri 😂

Mau diputer2 kayak gimana, sama aja endingnya",1789538229000,1176,
https://x.com/LambeSahamjja/status/2100012363605020861,,Twitter/X,gaming_mirzan,@LambeSahamjja Ayunda harus belajar art of bodoamat😂,1789533134000,2486,
https://x.com/LambeSahamjja/status/2100012363605020861,,Twitter/X,shivvines__,"@LambeSahamjja bener sih itu pointnya, timingnya seolah olah jdi dia kaya ga berempati sama keadaan negaranya sendiri",1789525604000,4009,
https://x.com/LambeSahamjja/status/2100012363605020861,,Twitter/X,Djiamput1,"@LambeSahamjja Menurut gw dia salah ngasi solusi oversimplified dengan ""mindfullness"" bullshit. Karena bagaimanapun sebagai lpdp awardee dia berhutang sama rakyat Indonesia. Minimal bersuara ngentot",1789536768000,730,
https://x.com/LambeSahamjja/status/2100012363605020861,,Twitter/X,DaudCool,@LambeSahamjja Setuju sama bang windah..ini masalah timing upload video kaye gini ke publik..harusnya cukup di share di komunitas si figur publik..karena isi videonya sensitif di tengah situasi dan kondisi indonesia saat ini..krn uda dishare ke publik..ya wajar klo ada yg bilang tone deaf,1789536221000,2155,
https://x.com/LambeSahamjja/status/2100012363605020861,,Twitter/X,Utha_san,"@LambeSahamjja Mengingat dia:1) katanya berpendidikan dan terplajar apalagi have degree di politics and economy(2)kuliah pke uang rakyat(3)public figure yg dia claim sendiri peduli dengan pendidikan(4)bikin video dengan latar dan nyarap yg ""fancy"". GK ADA ALASAN BAD TIMING. YG ADA NIREMPATI",1789594687000,1026,
https://x.com/LambeSahamjja/status/2100012363605020861,,Twitter/X,adogerro,@LambeSahamjja Ini sebenarnya sama kaya bocah motivator yang di rujak netizen,1789546840000,4717,
https://x.com/LambeSahamjja/status/2100012363605020861,,Twitter/X,dailyrestyyy,"@LambeSahamjja Intinya kl idup lo enak, diem. Gak perlu validasi, karna gak semua org idupnya enak. Jadinya nanti blunder, krn dari awal emg udah ga setara alias gak ngerasain",1789634641000,259,
https://x.com/LambeSahamjja/status/2100012363605020861,,Twitter/X,ajung_hwan,@LambeSahamjja Enak bgt timingnya salah... KIRA2 KAPAN TIMINGNYA BENAR??? Pas Indonesia udah makmur dan maju?? Xixixixixixi,1789581798000,66,
https://x.com/LambeSahamjja/status/2100012363605020861,,Twitter/X,BukanTelorRebus,"@LambeSahamjja Agar mentalnya terjaga, sebaiknya uneg2nya itu disampaikan ke psikolognya. Bukan ke publik.",1789539508000,2186,
https://x.com/LambeSahamjja/status/2100012363605020861,,Twitter/X,95zddaegu,@LambeSahamjja pas bgt lg nonton wkwkwk https://t.co/wsXOKOe3aV,1789548909000,1305,
https://x.com/LambeSahamjja/status/2100012363605020861,,Twitter/X,erwinrinaldi11,"@LambeSahamjja Bro gak ada yang namanya salah timming 
Ini udah jadi kejadian yang buat dia harus muhasabah diri 
Ini pure organik dia nir empati 
Makanya dia keceletot bikin video pada saat sekarang karena dia tidak peka keadaan bawaan diri dia makanya jadi blunder",1789537100000,1020,
https://x.com/LambeSahamjja/status/2100012363605020861,,Twitter/X,GNCW06,@LambeSahamjja Justru isunya karena salah timing,1789529084000,2686,
https://x.com/LambeSahamjja/status/2100012363605020861,,Twitter/X,syaif38,"@LambeSahamjja Bahkan orang kaya aja ngeluh lhoh, dan petinggi perusahaan ada yg bahas dia berarti emang Indonesia nggak baik",1789645215000,12,
https://x.com/LambeSahamjja/status/2100012363605020861,,Twitter/X,masi_gui,@LambeSahamjja Baru kesenggol timeline dia banyak berita gaenak udah begini. Gimana kalo yang kesenggol sumber duit dan rumahnya kena asep dan abu vulkanik?! Duhhh!,1789557842000,536,
https://x.com/LambeSahamjja/status/2100012363605020861,,Twitter/X,retrotikaa,"@LambeSahamjja Yes blunder sih, keliatan ignorance. She better keep it for herself. Judul dan isi video pun gak relate. Bukan ttg mindful, tp gak tepat juga sikon skrg ngomongin “how to ignore bad news” 

Overall, Gak edukatif dan ga ada manfaatnya.",1789579339000,227,
https://x.com/LambeSahamjja/status/2100012363605020861,,Twitter/X,Dante_Parker_,@LambeSahamjja SETUJU sama Windah. That's what I'm thinking actually..,1789598524000,84,
https://x.com/redbananaaaaa/status/2100412617550659806,,Twitter/X,fossiltenggelam,"@redbananaaaaa Lah buku henim sunim masuk? Duhduh padahal isinya positive bgt dan ngebantu personally. 
But yea whatever 🙃",1789642388000,135,
https://x.com/redbananaaaaa/status/2100412617550659806,,Twitter/X,Djiamput1,@redbananaaaaa Kalo suka baca Dan Brown yang political thriller gimana bang? Apakah berarti penggemar teori konspirasi 😹😹😹,1789623922000,565,
https://x.com/redbananaaaaa/status/2100412617550659806,,Twitter/X,ornagbingung,@redbananaaaaa Kata gua lebih tepat kalo judge apa yg mereka tangkep dari buku yg mereka baca.,1789671930000,41,
https://x.com/redbananaaaaa/status/2100412617550659806,,Twitter/X,cloudyduh,"@redbananaaaaa Bngsat gw umur 15 tahun disodorin buku pertama sama bapak gw: How to Win Friends &amp; Influence People dgn cover ijo nya itu lagi 😭😭😭
Buku yg gw ga baca di foto itu cuma Filosofi Teras sama The Subtle Art of Not Giving Fck",1789660142000,138,
https://x.com/redbananaaaaa/status/2100412617550659806,,Twitter/X,esypzy,@redbananaaaaa Buku self development semua jirr wkwkwk,1789628597000,363,
https://x.com/redbananaaaaa/status/2100412617550659806,,Twitter/X,sheknowshoney,@redbananaaaaa Filosofi Teras 😭😭🤣🤣,1789694774000,54,
https://x.com/redbananaaaaa/status/2100412617550659806,,Twitter/X,mamangsomaiy,"@redbananaaaaa Pantesan, coba kalau ada ""The Stranger"" oleh Camus; now we're talking. Even better, ""The Plague"" sekalian",1789626241000,413,
https://x.com/redbananaaaaa/status/2100412617550659806,,Twitter/X,naafifh,"@redbananaaaaa I've started more than half of those books, but I can't finish some of them... there's just too much to critique 😭✌️",1789638785000,125,
https://x.com/redbananaaaaa/status/2100412617550659806,,Twitter/X,bluebellhare,@redbananaaaaa Milk and honey omfg girl pack it uppppp 😭💀,1789654009000,85,
https://x.com/redbananaaaaa/status/2100412617550659806,,Twitter/X,failurewriter,"@redbananaaaaa literal 18 years old ""literary references"" im dead",1789642045000,93,
https://x.com/redbananaaaaa/status/2100412617550659806,,Twitter/X,antagoneed,@redbananaaaaa heavy on no fiction!!!,1789624709000,358,
https://x.com/redbananaaaaa/status/2100412617550659806,,Twitter/X,reynzald,@redbananaaaaa https://t.co/vBwcQgCb2p,1789627521000,204,
https://x.com/redbananaaaaa/status/2100412617550659806,,Twitter/X,NOCLIPISM,@redbananaaaaa ...,1789619568000,89,
https://x.com/redbananaaaaa/status/2100412617550659806,,Twitter/X,faizhadiyanx,@redbananaaaaa @grok di list itu buku mana yg beneran berguna selain deep work? lol,1789623858000,366,
https://x.com/redbananaaaaa/status/2100412617550659806,,Twitter/X,BaruBubar,"@redbananaaaaa niw litmus tes anloq 

✨apa rekomendasi bukunya✨",1789624416000,330,
https://x.com/redbananaaaaa/status/2100412617550659806,,Twitter/X,bloominspring_,@redbananaaaaa e ak perna baca rich dad poor dad lg,1789634838000,110,
https://x.com/redbananaaaaa/status/2100412617550659806,,Twitter/X,TORIMODOZU,@redbananaaaaa @moriartysastra,1789633624000,16,
https://x.com/redbananaaaaa/status/2100412617550659806,,Twitter/X,purify999,@redbananaaaaa rich dad poor dad 🥀💔,1789717717000,6,
https://x.com/redbananaaaaa/status/2100412617550659806,,Twitter/X,surrealiss,"@redbananaaaaa rame bgt oomf, are u okay? wkwk",1789714932000,1,
https://x.com/redbananaaaaa/status/2100412617550659806,,Twitter/X,rebahannojutsu,@redbananaaaaa P.. adu https://t.co/RlcX0O4llf,1789647200000,59,
https://x.com/redbananaaaaa/status/2100412617550659806,,Twitter/X,cobraschiffer,@redbananaaaaa https://t.co/PYwxIwdRRj,1789654272000,43,
https://x.com/redbananaaaaa/status/2100412617550659806,,Twitter/X,ZIICZACC,@redbananaaaaa bland af 😭,1789644764000,52,
https://x.com/redbananaaaaa/status/2100412617550659806,,Twitter/X,ultrafirasad,@redbananaaaaa komen @cibaduyouth,1789626085000,207,
https://x.com/redbananaaaaa/status/2100412617550659806,,Twitter/X,yonduhehe,@redbananaaaaa buku buku tiktok,1789620173000,609,
https://x.com/redbananaaaaa/status/2100412617550659806,,Twitter/X,andjolie,@redbananaaaaa Gw punya 3 tu buku,1789646266000,55,
https://x.com/redbananaaaaa/status/2100412617550659806,,Twitter/X,NcisLuscious,@redbananaaaaa Owalah moment😌,1789617638000,877,
https://x.com/redbananaaaaa/status/2100412617550659806,,Twitter/X,dataanow,@redbananaaaaa No fiction? Tidak ada Fredy s?,1789641468000,50,
https://x.com/redbananaaaaa/status/2100412617550659806,,Twitter/X,motorrbat,@redbananaaaaa judge my recs https://t.co/YRTcTUsTyQ,1789624259000,199,
https://x.com/redbananaaaaa/status/2100412617550659806,,Twitter/X,lonewhisperss,@redbananaaaaa 😭😭😭,1789625034000,168,
https://x.com/redbananaaaaa/status/2100412617550659806,,Twitter/X,k4ng_batagor,@redbananaaaaa RUPI CAUR,1789695782000,10,
https://x.com/redbananaaaaa/status/2100412617550659806,,Twitter/X,dealee_,@redbananaaaaa Gweh baca 2 doang,1789620807000,505,
https://x.com/redbananaaaaa/status/2100412617550659806,,Twitter/X,nihilistmeow,@redbananaaaaa Eww..,1789624510000,165,
https://x.com/redbananaaaaa/status/2100412617550659806,,Twitter/X,lazeneno,@redbananaaaaa not the @IfBooksPod Could Kill hall of fame,1789625705000,173,
https://x.com/redbananaaaaa/status/2100412617550659806,,Twitter/X,losingdog__,@redbananaaaaa is this real?,1789651322000,34,
https://x.com/redbananaaaaa/status/2100412617550659806,,Twitter/X,penggemartidur1,"@redbananaaaaa yes, and?",1789650152000,38,
https://x.com/redbananaaaaa/status/2100412617550659806,,Twitter/X,DMZZH,@redbananaaaaa Let them let them kntol,1789664466000,24,
https://x.com/LambeSahamjja/status/2100012363605020861,,Twitter/X,Djoe_Lid,"@LambeSahamjja Dia punya hal2 yg bisa bikin org lain sirik, hrsnya down to earth, ga usah banyak omong n posting2",1789529668000,1383,
https://x.com/LambeSahamjja/status/2100012363605020861,,Twitter/X,Egicumi,"@LambeSahamjja Gw abis deeptalk ama windut soal ini, dan seperti itu pandangan dia",1789528340000,1106,
https://x.com/LambeSahamjja/status/2100012363605020861,,Twitter/X,callimara,@LambeSahamjja Consider that any timing would have been wrong for this video. Posting this when everything is fine wouldn’t hit bc it’s irrelevant. A video like this could ONLY be relevant when bad things are happening. The timing is right to speak up. What’s wrong is what she chose to say.,1789534882000,1781,
https://x.com/LambeSahamjja/status/2100012363605020861,,Twitter/X,wobowobow,"@LambeSahamjja Ga dg sengaja pengen nyinggung, tp emang ga pernah napak tanah aja dia",1789530224000,483,
https://x.com/LambeSahamjja/status/2100012363605020861,,Twitter/X,hobegituya,"@LambeSahamjja Buat dia bad news, tapi bad reality buat yang lain.

Bukan blunder, emang tolol aja kelamaan hidup di menara gading",1789529225000,1393,
https://x.com/LambeSahamjja/status/2100012363605020861,,Twitter/X,tutoriiyal,"@LambeSahamjja justru dengan ""salah timing"" ini malah nunjukin dia emang gak napak tanah sih wkwk",1789537548000,594,
https://x.com/LambeSahamjja/status/2100012363605020861,,Twitter/X,shigeotatsuya12,@LambeSahamjja Ini nunjukkin sisi lain maudy sebenernya. Gak yang good girl banget,1789540483000,1237,
https://x.com/LambeSahamjja/status/2100012363605020861,,Twitter/X,ardhieAR13,"@LambeSahamjja Kenapa ga kaya kiki aja sii,, ""SAYA BANTU DARI DALAM""..  Ehk malah bantuin mertua nyeee. Kwkwkwkw",1789567362000,652,
https://x.com/LambeSahamjja/status/2100012363605020861,,Twitter/X,LukmanSula85451,"@LambeSahamjja mbaknya gk kepikiran kah klo negara nya carut marut, bisa menimbulkan banyaknya kriminalitas. dan bisa2 mbaknya yg jd korban.",1789537505000,554,
https://x.com/LambeSahamjja/status/2100012363605020861,,Twitter/X,derllanda,"@LambeSahamjja Ga nyinggung siapapun? Wkwkwkw lucunya

Kalo gaada yg tersinggung gamungkin videonya viral dan banyak orang ngamuk"" karena tone deafnya",1789529487000,853,
https://x.com/LambeSahamjja/status/2100012363605020861,,Twitter/X,New_Termul,"@LambeSahamjja Salah cuma satu apanya, banyak itu",1789532260000,397,
https://x.com/LambeSahamjja/status/2100012363605020861,,Twitter/X,herinadwi,"@LambeSahamjja yang emang harusnya tu media ngliput dia aja, jadi isinya dunia ini cuma ttg dia. happy deh tu",1789573113000,120,
https://x.com/LambeSahamjja/status/2100012363605020861,,Twitter/X,HafidFatur,@LambeSahamjja dia pinter kan? harusnya tau lah timingnya ga tepat.,1789551227000,605,
https://x.com/LambeSahamjja/status/2100012363605020861,,Twitter/X,wiicean,@LambeSahamjja ini di video windut yg mana ya? mau nonton,1789538233000,139,
https://x.com/LambeSahamjja/status/2100012363605020861,,Twitter/X,alisyaifudin18,"@LambeSahamjja Salahnya emang satu, tapi akar masalahnya yg tebal. Fakta dia gk napak tanah aja itu berarti banyak sekali yg perlu diperbaiki 🙏",1789529922000,1343,
https://x.com/LambeSahamjja/status/2100012363605020861,,Twitter/X,alfiarnimakhtaf,"@LambeSahamjja Ga ada yang salah dari ocehan dia.  Yang bikin berita apapun yanh silahkan,  tapi di sini dia cuma bicara ke konsumen berita supaya bijak memilah berita mana yang bisa mereka cerna,  apalagi yang punya trauma.  Sesimpel itu napa dibikin ribut?  Kalian bodoh atau sentimen? 😅",1789623610000,145,
https://x.com/LambeSahamjja/status/2100012363605020861,,Twitter/X,ilusletter,@LambeSahamjja Point nya dia keluarin statement disaat dia juga tetep silent dan ga bersuara apa2. Coba dia bersuara dg tegas dari dulu dia ga bakal di rujak sih,1789532177000,1635,
https://x.com/LambeSahamjja/status/2100012363605020861,,Twitter/X,nameless_str4y,"@LambeSahamjja ""timingnya salah"" lah justru dia upload ini karna menurut dia timingnya pas. 
Seorang maudy gapaham timing, emang tone deaf dia mah.",1789531096000,854,
https://x.com/LambeSahamjja/status/2100012363605020861,,Twitter/X,xx_cecillia,"@LambeSahamjja Gak respect lagi dah ama dia
Dari ucapan dia, aku mikir kalo pejabat"" kita kayak gitu juga :(
Gak punya empati",1789529815000,1709,
https://x.com/LambeSahamjja/status/2100012363605020861,,Twitter/X,unpoeticplum,"@LambeSahamjja ginilah nyebelinnya, yg rame malah maudynya, udh cancel aja, upload dan update soal perkara masalah aja, jdnya salah sasaran ramenya 😔",1789562205000,877,
https://x.com/LambeSahamjja/status/2100012363605020861,,Twitter/X,lechinotrechi,@LambeSahamjja Kalo dia ngerasa bad news nguras energi mendingan keep sendiri aja. Isinya pun gak relate sama kondisi sekarang:),1789530085000,1654,
https://x.com/LambeSahamjja/status/2100012363605020861,,Twitter/X,aetherchannel_,@LambeSahamjja Sad reality. Orang kaya GA AKAN PERNAH memahami POVmu.,1789553353000,75,
https://x.com/LambeSahamjja/status/2100012363605020861,,Twitter/X,pedasmaniess,"@LambeSahamjja Maudy Ayunda pas bikin dan post video nya,  kurang dipikir matang-matang 
Cuma melihat 1 sudut pandang keknya, jadinya yaa bgini",1789531451000,2313,
https://x.com/LambeSahamjja/status/2100012363605020861,,Twitter/X,wiwinnf,@LambeSahamjja yes salah timing dan jangan ke rakyat indo apalagi sekarang ini,1789535549000,1133,
https://x.com/LambeSahamjja/status/2100012363605020861,,Twitter/X,abcdffuk,@LambeSahamjja W windah lagi,1789617050000,26,
https://x.com/LambeSahamjja/status/2100012363605020861,,Twitter/X,midnightmoondo9,"@LambeSahamjja oiya bang, gaada empati itu bukan masalah timing.",1789534569000,1628,
https://x.com/LambeSahamjja/status/2100012363605020861,,Twitter/X,M4s_B4y,"@LambeSahamjja Mungkin lebih ke salah upload, yg harusnya di upload di sirkelnya yg tajir, eh ini di medsos yg notabene semua punya kondisi yg berbeda²",1789528618000,3292,
https://x.com/LambeSahamjja/status/2100012363605020861,,Twitter/X,banghaaan,@LambeSahamjja Eat the rich,1789538872000,602,
https://x.com/LambeSahamjja/status/2100012363605020861,,Twitter/X,blahaj111,@LambeSahamjja Marrie Antoinette meninggal gara gara ga peka,1789562499000,18,
https://x.com/LambeSahamjja/status/2100012363605020861,,Twitter/X,ARIB174,"@LambeSahamjja sambil makan roti bakar, telor dan avocado trus di mengutarakan apa itu mindfullness its just epic bro so shame",1789534534000,97,
https://x.com/LambeSahamjja/status/2100012363605020861,,Twitter/X,jjwo0Oo,@LambeSahamjja Bener sih kata bg windah gwe se7 banget,1789541328000,66,
https://x.com/LambeSahamjja/status/2100012363605020861,,Twitter/X,25_yearsold_,@LambeSahamjja Memanggggg salah timinggggggg,1789549062000,31,
https://x.com/LambeSahamjja/status/2100012363605020861,,Twitter/X,rrreveriee21__,"@LambeSahamjja Kalo kata pak surya mah:
""Makanya miskin!""",1789593032000,7,
https://x.com/LambeSahamjja/status/2100012363605020861,,Twitter/X,kazuka_kunz,@LambeSahamjja Yapping,1789623754000,8,
https://x.com/LambeSahamjja/status/2100012363605020861,,Twitter/X,25_yearsold_,"@LambeSahamjja Udahlah salah timing, kasih liat makan pokat dan 3 butir telur lagi",1789549107000,33,
https://x.com/LambeSahamjja/status/2100012363605020861,,Twitter/X,KarBen64748882,@LambeSahamjja Well thats is woman 🤣,1789648171000,3,
https://x.com/redbananaaaaa/status/2100412617550659806,,Twitter/X,asarauhl,@redbananaaaaa eh enggak ah😭,1789630366000,117,
https://x.com/redbananaaaaa/status/2100412617550659806,,Twitter/X,hicmiaw,@redbananaaaaa sheesh what a boring person,1789623641000,259,
https://x.com/redbananaaaaa/status/2100412617550659806,,Twitter/X,zsarathustr,@redbananaaaaa filosofi teras :v,1789625844000,260,
https://x.com/LambeSahamjja/status/2100012363605020861,,Twitter/X,markiksa,@LambeSahamjja Parah bgt sih,1789576604000,18,
https://x.com/LambeSahamjja/status/2100012363605020861,,Twitter/X,halfgoodhalf,@LambeSahamjja Setuju bangeett,1789538905000,46,
https://x.com/LambeSahamjja/status/2100012363605020861,,Twitter/X,user46640,"@LambeSahamjja Out of topic, gw pengen liat foto maudy jadi  kyk sydney sweeney di new york city",1789607181000,13,
https://x.com/LambeSahamjja/status/2100012363605020861,,Twitter/X,_naupaw,@LambeSahamjja W for Windah @NSaysInX,1789532046000,176,
https://x.com/LambeSahamjja/status/2100012363605020861,,Twitter/X,habe39,"@LambeSahamjja Dapur set kek gitu..berapaan gaes..
Cukup ceban ga?",1789600299000,9,
https://x.com/LambeSahamjja/status/2100012363605020861,,Twitter/X,jaka_bara1618,@LambeSahamjja paling setuju sama statement windah sih,1789520006000,2392,
https://x.com/LambeSahamjja/status/2100012363605020861,,Twitter/X,BacotanPribumi,@LambeSahamjja Streamer kang gosip,1789546542000,33,
https://x.com/LambeSahamjja/status/2100012363605020861,,Twitter/X,charlesdekntl,@LambeSahamjja si lonet,1789559950000,19,
https://x.com/LambeSahamjja/status/2100012363605020861,,Twitter/X,Asakura_Kana87,@LambeSahamjja WNI lg setres akut,1789536466000,64,
https://x.com/LambeSahamjja/status/2100012363605020861,,Twitter/X,Tes100000,@LambeSahamjja Cebokin win...,1789517852000,2391,
https://x.com/LambeSahamjja/status/2100012363605020861,,Twitter/X,stalicasein,@LambeSahamjja W Windah L Maudy,1789531953000,167,
https://x.com/LambeSahamjja/status/2100012363605020861,,Twitter/X,ICockroach8,@LambeSahamjja W windah,1789526815000,831,
https://x.com/LambeSahamjja/status/2100012363605020861,,Twitter/X,otraiduy,@LambeSahamjja Panutan emang bang Windah,1789534429000,96,
https://x.com/LambeSahamjja/status/2100012363605020861,,Twitter/X,tresnamoney86,@LambeSahamjja Intinya goblok dia nir empati,1789610025000,18,
https://x.com/LambeSahamjja/status/2100012363605020861,,Twitter/X,sumoyed,@LambeSahamjja CETAASSSSSS,1789560298000,18,
https://x.com/LambeSahamjja/status/2100012363605020861,,Twitter/X,uservalir,@LambeSahamjja Ultron was right..,1789572102000,15,
https://x.com/LambeSahamjja/status/2100012363605020861,,Twitter/X,cheezzeeburrger,@LambeSahamjja w windah,1789533161000,117,
https://x.com/LambeSahamjja/status/2100012363605020861,,Twitter/X,ekstrakismoyo,@LambeSahamjja Boikot Pantene,1789523765000,1610,
https://x.com/bardanslm/status/2100175949203738849,,Twitter/X,geshuleen,@bardanslm Noticing yang ngejilat maudi ayunda itu silent majority semua. Di tiktok gw nemu banyak banget,1789562403000,18356,
https://x.com/bardanslm/status/2100175949203738849,,Twitter/X,mutyyyyyyyyy,"@bardanslm Maudy Ayunda lagi jadi samsak kemarahan people karena kontennya yang dinilai tone deaf. Bukan Maudy Ayunda aja, contoh nyata di kehidupan sehari2 juga ada.. 02 voters punya bisnis ini itu dan yaaaa memang tone deaf, bedanya gak bikin konten aja. Asli emang ngeselin.",1789568234000,7759,
https://x.com/bardanslm/status/2100175949203738849,,Twitter/X,deffyudha,@bardanslm dikira netizen tuh semuanya modal bacot aja? nggak bro.banyak kok yg udah berkontribusi buat negeri ini. cuma nggak keliatan aja. soalnya kita bukan influencer/artis.,1789601250000,1581,
https://x.com/bardanslm/status/2100175949203738849,,Twitter/X,VKeriting75148,"@bardanslm Kacau bgt si maudy handle isu ini, buzzer mah ngga memlerbaikin keadaan, malah bikin image makin buruk, berarti isu tentang tone deaf bener dong.",1789562964000,7290,
https://x.com/bardanslm/status/2100175949203738849,,Twitter/X,arimbiamiiy,@bardanslm Mana jawabnya AI banget lagi.. hadeuh 🤧,1789563940000,7464,
https://x.com/bardanslm/status/2100175949203738849,,Twitter/X,handarugemes,"@bardanslm Aku ngefans bgt sama maudy, tapi di konteks ini aku debatin kan. Aku state kalo positioning videonya itu bermasalah karena videonya di upload di waktu yang kurang tepat, kurang liat situasi.

Endingnya cuma di like wkwk 🤣🤣 aneh emang",1789561272000,14225,
https://x.com/bardanslm/status/2100175949203738849,,Twitter/X,allandbagus,"@bardanslm Iya, Ferry dikeramasin sama Zen Rs pas ngomongin Tan Malaka, topik yang selama ini dia anggap dikuasainya.",1789560268000,23162,
https://x.com/bardanslm/status/2100175949203738849,,Twitter/X,0KTAV1ANUSK0K0H,"Ini pelajaran termurah di internet: jangan nantang orang dengan kalimat “kontribusimu pasti kalah dari idolaku.”

Akun pembela Maudy buka dengan soal ujian palsu. Seolah kritik video *mindfulness* hanya sah jika CV lawan lebih mewah. Datang dokter di Kalimantan Barat: beasiswa SMA sampai S3, PTT di pelosok, 20 tahun menetap, inisiator lab PCR rujukan, PIC sekuensing SARS-CoV-2 ke GISAID, bawa rombongan bakso kesehatan ke perbatasan, sekarang batuk karena AQI di atas 1.000. Si penantang langsung mode sopan. Wajar. Soal “pastinya tidak” baru saja meledak di tangan sendiri.

Itu bukan bukti Maudy tidak berkontribusi. Itu bukti taktiknya jelek. Kontribusi tidak diadu seperti kelas berat. Orang boleh kecewa pada nada video tanpa harus jadi profesor atau relawan perbatasan. Sama seperti dokter itu tidak otomatis menang debat kebijakan hanya karena CV-nya berat. Yang kalah di sini cuma kebiasaan fans: menutup kritik dengan pangkat.

Soal Ferry Irwandi: polanya mirip. Ada yang merasa cukup modal nama besar, lalu ketemu orang yang kerjanya tidak di FYP. Internet memang tidak aman untuk sok jago. Yang muncul bisa Gibran, bisa profesor, bisa dokter yang AQI-nya empat digit. Kalau mau bela seseorang, bela isi argumennya. Jangan pakai “kamu siapa?” Sebagai perisai, kalimat itu sering balik menembak pemiliknya.",1789557083000,18658,
https://x.com/bardanslm/status/2100175949203738849,,Twitter/X,Blessfullady,@bardanslm Emang gitu template fans fanatiknya. Berasa idolanya yg paling kontribusi buat indonesia ini🙄,1789594662000,2676,
https://x.com/bardanslm/status/2100175949203738849,,Twitter/X,splittheatoom,"@bardanslm Langsung terima kasih, gak ada minta maaf. Malu harusnya",1789559334000,10139,
https://x.com/bardanslm/status/2100175949203738849,,Twitter/X,totokf,"@bardanslm Salut juga..gak denial,tapi langsung hormat..",1789604224000,576,
https://x.com/bardanslm/status/2100175949203738849,,Twitter/X,Kychrone,"@bardanslm kalo kata gue sih mending tutup deh itu akunnya, malu²in njir

sok keras belain tp dia ga tau dunia luar itu kaya apa",1789599919000,2840,
https://x.com/bardanslm/status/2100175949203738849,,Twitter/X,Unpopularmind22,"@bardanslm Serius nanya, kalo maudy kontribusinya apa? Sampe seolah ga ada yg lebih berkontribusi",1789605315000,830,
https://x.com/bardanslm/status/2100175949203738849,,Twitter/X,Dasheean21,"@bardanslm bukan buzzer kliatanya,, kemungkinan emang fansnya dia aja,,, kalau buzzer mah balesannya bakal lebih galak",1789643261000,134,
https://x.com/bardanslm/status/2100175949203738849,,Twitter/X,fadhlillah70847,@bardanslm Latecapt kalau kamu kontribusi apa..,1789564492000,3156,
https://x.com/bardanslm/status/2100175949203738849,,Twitter/X,diahish,"@bardanslm Lah kocak, yg di ketik sama dokternya kan diktean aksi nyata dia yg udah terlaksana bahkan, duh guys sumpah ni konoha real neraka dunia si. Bener2 susah nyari duit sampai harus jadi buzzer gitu 😭😭😭",1789584418000,2793,
https://x.com/bardanslm/status/2100175949203738849,,Twitter/X,NtupNdase,"@bardanslm Gibran jadi bare minimum?!
Mati anak ayam.!!

Malu lah kelen, wahai Netijen..
😭😭😭😭😭😭",1789633961000,90,
https://x.com/bardanslm/status/2100175949203738849,,Twitter/X,brightthit,"@bardanslm Ya emangnya harus berkontribusi sebesar apa sampe boleh nyinyirin maudy?
Daerah kalimantan aja masih ada yg terpencil, nafas aja sulit disuruh kontribusi
Kocak kocak

Have enough privileges but choosing to be tone deaf instead",1789603617000,874,
https://x.com/bardanslm/status/2100175949203738849,,Twitter/X,AloKodok,"@bardanslm “Indonesia tidak kekurangan orang pintar.”

Kalimat ini benar adanya.",1789562027000,5551,
https://x.com/bardanslm/status/2100175949203738849,,Twitter/X,BobFoster_,@bardanslm Di atas langit ada langit pagi wkwkwk.. makanya di twitter juga diharapkan asbunnya direm..beberapa VP perusahaan gede bahkan pake akun anonim 😂😂😂😂,1789563770000,4844,
https://x.com/bardanslm/status/2100175949203738849,,Twitter/X,coffebit,@bardanslm Mah jadi singa malah jadi kucing,1789611210000,590,
https://x.com/bardanslm/status/2100175949203738849,,Twitter/X,ursunnymorn,"@bardanslm Kelasss dok, heran udah mulai banyak buzzer",1789596441000,383,
https://x.com/bardanslm/status/2100175949203738849,,Twitter/X,NChoira,"@bardanslm https://t.co/8VaYhgHrky

Coba mampir sini kak ini pun sdg mempertanyakan maudy a salahnya dmn",1789559320000,14201,
https://x.com/bardanslm/status/2100175949203738849,,Twitter/X,a_01pr,"@bardanslm Jawaban template chatgpt, kelihatan kena mental dia😂",1789572210000,2158,
https://x.com/bardanslm/status/2100175949203738849,,Twitter/X,icukprayogi,"@bardanslm njih, siap salah, Om Bardan. Terima kasih atas nasehat baiknya 🙏",1789566283000,1994,
https://x.com/bardanslm/status/2100175949203738849,,Twitter/X,hagiaaaaa,@bardanslm Bener. Kalo di sosmed jangan sok. Kita gak siapa dibalik akun” tsb.,1789562636000,3788,
https://x.com/bardanslm/status/2100175949203738849,,Twitter/X,solidmorning,@bardanslm Orang Threads built different. Akun asli cok.,1789563354000,2334,
https://x.com/bardanslm/status/2100175949203738849,,Twitter/X,rrreveriee21__,@bardanslm Idihh najiss lo maudy bisa²nya pake buzzer buat ngedefend lo sendiri😂malu gua jir sama lo dy lulusan stanford sm oxford begini jiahhkakaka😂selama kuliah berarti kosongan smua anjengg mana sarjana PPEnya maudyyyy??? Mau-dy bawa kemana tuhh toga sm slempangan wisudanya🤣🤣,1789594438000,203,
https://x.com/bardanslm/status/2100175949203738849,,Twitter/X,Rantoprstyo,@bardanslm liat ini maudyy oy,1789623169000,28,
https://x.com/bardanslm/status/2100175949203738849,,Twitter/X,1_akun68138,"@bardanslm Warga 58 tidur, besok ngebuzzer lagi",1789646973000,7,
https://x.com/bardanslm/status/2100175949203738849,,Twitter/X,fardivvip,@bardanslm bacot kau latecapt,1789564161000,1035,
https://x.com/bardanslm/status/2100175949203738849,,Twitter/X,lawanbicarax,"@bardanslm Kaget pasti doi
 
https://t.co/G3YMbIruPf",1789630688000,30,
https://x.com/bardanslm/status/2100175949203738849,,Twitter/X,AerondTargaryen,@bardanslm Latecapt mending delete akun.,1789566167000,675,
https://x.com/bardanslm/status/2100175949203738849,,Twitter/X,heuhbingungih,@bardanslm malu banget wkwk,1789622654000,25,
https://x.com/bardanslm/status/2100175949203738849,,Twitter/X,ariefeb59473491,@bardanslm orang yang sama ternyata wkwkwkwk https://t.co/3RKwrYHOxs,1789569069000,613,
https://x.com/bardanslm/status/2100175949203738849,,Twitter/X,aurelia_KPop,@bardanslm duhh makin larut nih maudy,1789578624000,297,
https://x.com/bardanslm/status/2100175949203738849,,Twitter/X,ApollyonAstra,@bardanslm latecapt pantek,1789565480000,734,
https://x.com/bardanslm/status/2100175949203738849,,Twitter/X,omongkosongaku,@bardanslm Emang kamu lg di mana mana ya ga @latescap wkwkwk,1789568210000,543,
https://x.com/bardanslm/status/2100175949203738849,,Twitter/X,ShineCr,@bardanslm Gakada kata maap.,1789574490000,341,
https://x.com/bardanslm/status/2100175949203738849,,Twitter/X,ylmaz_gizem,@bardanslm Bkp full lokal kk,1789564327000,808,
https://x.com/bardanslm/status/2100175949203738849,,Twitter/X,Agustinganii,@bardanslm ad nih lokalan viral,1789563046000,1047,
https://x.com/supelpowel/status/2100367920065118417,,Twitter/X,ayanamanya_,"@supelpowel kegagalan masyarakat Indonesia tuh ya gk pernah belajar dari pengalaman. udh sering dikecewain sm influencer, politis jg masihhh aja sibuk memuja.",1789615399000,18244,
https://x.com/supelpowel/status/2100367920065118417,,Twitter/X,agensoros,"@supelpowel Dia tweet demo bikin macet hampir 2 dekade lalu, sama lo tanggalnya dicrop.",1789615140000,21193,
https://x.com/supelpowel/status/2100367920065118417,,Twitter/X,chloenasi,"@supelpowel True, kenapa sih harus bgt punya panutan seorang artis/influencer/apalah? Harus bgt punya seseorang yg dipuja gitu di hidup kalian? STOP, mereka gatau kita hidup",1789658166000,2375,
https://x.com/supelpowel/status/2100367920065118417,,Twitter/X,umfrnd,"@supelpowel Penyakit orang indon kak, lupaan.",1789623171000,5455,
https://x.com/supelpowel/status/2100367920065118417,,Twitter/X,AHerma17,"@supelpowel Gila ya org indo, 1 artis salah, semua kena, kek bener2 suka perang warganya anjir.... udah banyak bencana, ditambah sumbu2 cenblue pengalihan isu yg nyari insight buat penggiringan... gilak sih indo ini...",1789619479000,3498,
https://x.com/supelpowel/status/2100367920065118417,,Twitter/X,ugethug,"@supelpowel Ya bisa dibilang track record cinlau juga gak bagus bagus amat, dia waktu itu masih open buat support politisi (baca: jokowi) 😅 tapi aku bisa paham soalnya di tahun segitu aku ngelihat jokowi juga kek sosok yg oke aja apalagi ditunjang menteri"" yg lumayan oke kyk bu susi, retno.",1789650317000,4741,
https://x.com/supelpowel/status/2100367920065118417,,Twitter/X,kekasihnamjoon,"@supelpowel Orang gaboleh berubah jadi lebih baik kah ? Dia post itu udah lama bgt siapa sangka sekarang dia malah mikir sebaliknya kan kita mah gatau, bagus-bagus dia sadar  jadi sering speak up",1789618716000,7593,
https://x.com/supelpowel/status/2100367920065118417,,Twitter/X,The_Forgers_,"@supelpowel Zzz Dia udah klarifikasi... Itu bukan dia, adminnya udah diomelin sama dia.

Ketikan+pemilihan fotonya bukan style dia banget lagian keliatan",1789609427000,8437,
https://x.com/supelpowel/status/2100367920065118417,,Twitter/X,Dimasditya1220,@supelpowel crab mentality sekali wkwk sampai cari masalah artis lainnnya 🙏,1789674576000,772,
https://x.com/supelpowel/status/2100367920065118417,,Twitter/X,flat_bubble,"@supelpowel Tadi lihat ada konten bahas soal ini, kurleb salah satunya tentang ajakan untuk menghilangkan budaya selalu cari teladan atau cari figur untuk diikutin dari orang² kayak influencer, artis, public figure, dsb. Kayak knp pas 1 pub figure kecancel trus hrs lgsng nyari penggantinya",1789642226000,2044,
https://x.com/supelpowel/status/2100367920065118417,,Twitter/X,SSoemare,"@supelpowel Bedanya klo ini lebih performative, memang punya tujuan untuk dilihat sebagai sosok yg aware",1789618298000,3459,
https://x.com/supelpowel/status/2100367920065118417,,Twitter/X,vinachio_o,@supelpowel Centang biru ni cuma bisa ss terus up. Itu twit lama bgt dan yg ngetwit bkn cl juga. Kalo ikutin cl pasti tau lah gaya ketikkn dia kek mana. Lu kalo mau up ya harusnya tuh tgl jgn di crop,1789621858000,1545,
https://x.com/supelpowel/status/2100367920065118417,,Twitter/X,haven_everly,"bknnya gak setuju tpi kalo demo please pada tempatnya jgn dijalan umum atau fasum. bbrpa minggu lalu kejadian demo di fasum pas jam anak sekolahan pulang, alhasil siswa"" (terutama TK dan SD) ketahan disekolah sampai sore, kelaperan, capek, blm lagi ketakutan orang tuanya gak bsa jemput krna jalanan pada dipalang semua.",1789620294000,2414,
https://x.com/supelpowel/status/2100367920065118417,,Twitter/X,fukirigenkidesu,"@supelpowel Not to mention a very proud selective girlboss feminist.

Im afraid she thinks as shallow as other people who cant see beyond individualism",1789666464000,775,
https://x.com/supelpowel/status/2100367920065118417,,Twitter/X,jakfest1,"@supelpowel Time change, people change. Jangan terpatok sama masa lalu. Yang penting itu sekarang dan masa mendatang. Tinggal pilih: mantan ustadz jadi penjahat apa mantan penjahat jadi ustadz? Mikir kids!",1789624091000,1344,
https://x.com/supelpowel/status/2100367920065118417,,Twitter/X,teuku_dey,"@supelpowel salah 1 bentuk coping mechanism dr jengah nya rakyat ke pemerintah. krn udh distrust parah, rakyat cari figur ""hero"".
percaya bulat2 ama sosok pahlawan baru jauh lebih nyaman scara emosional",1789617348000,4382,
https://x.com/supelpowel/status/2100367920065118417,,Twitter/X,cho0ttalgi,@supelpowel Ganti rakyat🤣,1789615272000,2208,
https://x.com/supelpowel/status/2100367920065118417,,Twitter/X,anginmusimsemi,"@supelpowel Tp emang bener kan demo bikin ganggu yg lain, harusnya kita di ajarin jgn ganggu hak publik, publik jg berhak atas fasilitas umum jalan dan lain2, klo mo maju masyarakat nya bener dulu dah, klo masyarakat bener, milih pemimpin pasti bener, klo dah semua bener, maju pasti",1789690839000,79,
https://x.com/supelpowel/status/2100367920065118417,,Twitter/X,gengsidonk,"@supelpowel Indonesia itu bangsa yg percaya “satria piningit”, ga yg kolot, ga yg modern, ga yg kaya, ga yg miskin. SEMUA. Makanya utk yg anak2 kota muja2 celeb, influencer, dsb. Yg dikampung2 ada yg kiyai, ada yg mbah kuncen, ada yg “org pinter”. Bukan. Bukan “respect”. Tapi MEMUJA.",1789654421000,2156,
https://x.com/supelpowel/status/2100367920065118417,,Twitter/X,AAdif70676,"@supelpowel Lagian netijen Indonesia itu aneh. Beda pendapat sedikit, langsung judge langsung nyerang. Harusnya kalau mau nyalahin juga, liat artis2 yg terjun politik, apalagi artis yg circel sama presiden tapi pada diam gak ada inisiatif.  ada artis tidak masuk circle politik kalian serang",1789674096000,581,
https://x.com/supelpowel/status/2100367920065118417,,Twitter/X,coklatkejuu22,@supelpowel Bukan cm bikin macet to merusak ekonomi skitarnya.ampaz,1789674380000,563,
https://x.com/supelpowel/status/2100367920065118417,,Twitter/X,anovaway,"@supelpowel Waktu Cinta tweet gitu, pendukung Prabowo lagi demo Bawaslu bukan?",1789657759000,81,
https://x.com/supelpowel/status/2100367920065118417,,Twitter/X,summer0dds,@supelpowel peby gini bgt nyari duit peby,1789638247000,1158,
https://x.com/supelpowel/status/2100367920065118417,,Twitter/X,kuloatmo,@supelpowel pada lupa kalo mereka beda kelas sosial. mau dibranding pinter kayak gimana juga cara pandangnya tetep dari privilege,1789628032000,2032,
https://x.com/supelpowel/status/2100367920065118417,,Twitter/X,Marlina67731938,"@supelpowel Ya kan emng indonesia bagian sono hobinya demo, mending fokus kerja cari uang, kalau udh macet smua jdi serba rugi,",1789611681000,1521,
https://x.com/supelpowel/status/2100367920065118417,,Twitter/X,dikuahin,@supelpowel manusia perlu berhala kak,1789632681000,665,
https://x.com/supelpowel/status/2100367920065118417,,Twitter/X,thewithme1,@supelpowel Peby goblok nyari duit kok nyari duit haram di bayar ya? Buat hujat cinta yang lantang angkat issu negara?,1789624400000,1943,
https://x.com/supelpowel/status/2100367920065118417,,Twitter/X,matchacih_,"@supelpowel Kenapa tanggalnya dicrop? Itukan udah berapa tahun lalu, wajarlah kalo skrg berubah. Kenapa sih cenblue kek gini suka caper 🥴",1789626526000,846,
https://x.com/supelpowel/status/2100367920065118417,,Twitter/X,thekayalix,"@supelpowel Netijen kebanyakan fomo marah2 doang. Ad yg rame ikut nimbrung atau ikut arus aja. Benci mah engga, cm seneng ngehujat aja",1789629957000,690,
https://x.com/supelpowel/status/2100367920065118417,,Twitter/X,ttetatime,@supelpowel aku tim ga memuja muja siapa siapa semua sesuai porsinya aja,1789635113000,186,
https://x.com/supelpowel/status/2100367920065118417,,Twitter/X,Verology_exe,"@supelpowel Tp klo mslh beginian, itu yg pas pejabat/presiden lewat kmrn2 jg pada ga peduli, pada takutnya telat kerja. Ya emg in this economy mending mentingin kerja ga sih 😭.",1789614222000,1580,
https://x.com/supelpowel/status/2100367920065118417,,Twitter/X,othersideofjul,"@supelpowel gw emang ga suka sama obsesi orang indo mencari nabi baru tapi plislah ga perlu goreng cinta laura, she has done a lot of positive things since that tweet",1789663543000,175,
https://x.com/supelpowel/status/2100367920065118417,,Twitter/X,kapevti,@supelpowel Tweetnya cinta nih sudah dihapus ya?,1789625509000,644,
https://x.com/supelpowel/status/2100367920065118417,,Twitter/X,jinheework,"@supelpowel Kak ini mah tweet tahun 2019 udh 7 tahunan. Orang bisa berubah, semoga dengan adanya kritik ke Maudy, Maudy bisa berubah.",1789628900000,1555,
https://x.com/supelpowel/status/2100367920065118417,,Twitter/X,Ikigiorestu,@supelpowel Ngefans sama maudy sampe segitunya loh nyari tumbal baru biar engga pada ngomongin maudy lagi,1789626283000,692,
https://x.com/supelpowel/status/2100367920065118417,,Twitter/X,kiw_kiwia,@supelpowel laaa? fakta itu yang di omongin,1789621816000,579,
https://x.com/supelpowel/status/2100367920065118417,,Twitter/X,Pisanggoreng513,@supelpowel Namanya manusia ya berkembang.. wajar,1789618170000,739,
https://x.com/supelpowel/status/2100367920065118417,,Twitter/X,itsevenyx,@supelpowel ada yg evil editing post mu kak @xcintakiehlx,1789620655000,349,
https://x.com/supelpowel/status/2100367920065118417,,Twitter/X,milkman9th,@supelpowel Ya karena utk membencinseseorang di internet kudu bayar BUZZER,1789608112000,1442,
https://x.com/supelpowel/status/2100367920065118417,,Twitter/X,containsclouds,"@supelpowel Eh tapi demonya beda konteks, demo para penggawa klub Pascabowo 😹",1789634969000,62,
https://x.com/supelpowel/status/2100367920065118417,,Twitter/X,BnsrTuyul,@supelpowel emang knp sih gaboleh ?,1789625977000,184,
https://x.com/supelpowel/status/2100367920065118417,,Twitter/X,rifgasm,@supelpowel jadi inget parodinya 😭 https://t.co/QS1lQgdNre,1789626330000,766,
https://x.com/supelpowel/status/2100367920065118417,,Twitter/X,Boo_Bear4Ezy,@supelpowel Ad asupan lokal nih,1789631255000,94,
https://x.com/supelpowel/status/2100367920065118417,,Twitter/X,prayiluneh,@supelpowel Bkp lokall viral ada nih,1789672157000,43,
https://x.com/supelpowel/status/2100367920065118417,,Twitter/X,PurnamaH89,@supelpowel Asupan lokal nih,1789671572000,11,
https://x.com/supelpowel/status/2100367920065118417,,Twitter/X,bojonejaki,@supelpowel ada bkp lokal sini,1789647821000,23,
https://x.com/supelpowel/status/2100367920065118417,,Twitter/X,rainbuttery,@supelpowel Cenblu dongo,1789661819000,8,
https://x.com/supelpowel/status/2100367920065118417,,Twitter/X,allegrisaurus,"@supelpowel Emg sama kelakuannya
Gw aja heran sama pemujanya https://t.co/Z2Nad0uQnO",1789645645000,27,
https://x.com/supelpowel/status/2100367920065118417,,Twitter/X,TanyaKhaChi,@supelpowel 💯,1789638299000,27,
https://x.com/supelpowel/status/2100367920065118417,,Twitter/X,4d_h1m,@supelpowel Wkwkwkwk....  pilih-pilih ya,1789638316000,33,
https://x.com/strawmanwots/status/2100013250918396146,,Twitter/X,strawmanwots,🚨 UPDATE! Abdurrahman Zahier (@abdurrahmanzhr) a Indonesian salafist preacher confirmed as enabler regime after his statement slandering the Indonesian people and grassroots because their government is carrying out deforestation under the guise of 'Leaders reflecting the people' https://t.co/J5FOa1ATL4,1789518922000,15940,
https://x.com/strawmanwots/status/2100013250918396146,,Twitter/X,buahnyanaga,@strawmanwots @maudyayunda @grok apakah benar maudy ayunda pendukung prabowo?,1789639014000,90,
https://x.com/strawmanwots/status/2100013250918396146,,Twitter/X,H_mints,@strawmanwots @maudyayunda tone deaf di-autotranslate jadi penyanyi fals wkwk 😅,1789623357000,99,
https://x.com/strawmanwots/status/2100013250918396146,,Twitter/X,k4ng_batagor,@strawmanwots @maudyayunda FUCK MINDFULNESS @maudyayunda,1789524878000,4617,
https://x.com/strawmanwots/status/2100013250918396146,,Twitter/X,AulFidz,@strawmanwots @maudyayunda *an Indonesian,1789542849000,3497,
https://x.com/strawmanwots/status/2100013250918396146,,Twitter/X,jungintans,@strawmanwots @maudyayunda oke otw unfoll,1789567959000,1843,
https://x.com/LexMarteg/status/2100134637196677555,,Twitter/X,Ochi_Queen09_1,@LexMarteg Noted! Yg ga sejalan ditendang 😎,1789555550000,7043,
https://x.com/LexMarteg/status/2100134637196677555,,Twitter/X,Urrangawak,@LexMarteg Kayak nya gimmick mas 😀,1789554160000,5946,
https://x.com/LexMarteg/status/2100134637196677555,,Twitter/X,Destiny_Kurn,@LexMarteg Pantes aja auto dicopot lewat telp,1789549942000,6939,
https://x.com/LexMarteg/status/2100134637196677555,,Twitter/X,L1L178,@LexMarteg Mbok yao kesamber petir ya si awok2,1789553124000,6581,
https://x.com/LexMarteg/status/2100134637196677555,,Twitter/X,Shiroga15601190,@LexMarteg Jadi itu dosa apa pahala maaaassss😭😭,1789617966000,956,
https://x.com/LexMarteg/status/2100134637196677555,,Twitter/X,rendsoo,@LexMarteg Sampe bingung buzzer mau nyerang pak pur mau di-anies-kan dianggap gak becus kerjanya makanya dipecat tapi kok bertolak belakang sama kenyataannya 😹😹😹 makanya sepi buzzer pada bungkam... Aduh tertampar pakta,1789604140000,750,
https://x.com/LexMarteg/status/2100134637196677555,,Twitter/X,BejoPutra11,"@LexMarteg Suruh JKW BAYAR WOOSH,MASAK KITA NGGA NAIK WOSS IKUT BAYAR.",1789567619000,948,
https://x.com/LexMarteg/status/2100134637196677555,,Twitter/X,Kyph3rX,"@LexMarteg Harusnya kan emang transparan, biar rakyat juga tau, negara kocak",1789580638000,932,
https://x.com/LexMarteg/status/2100134637196677555,,Twitter/X,TuanKura_Kura,"@LexMarteg Para pasukan dajjal, melihat kejujuran dan kebenaran adalah dosa yang harus dibersihkan...Alhamdulillah jika manusia jujur dan terbuka disingkirkan...pingin lihat adzab apa yg sebentar lagi diturunkan kepada para pasukan dajjal",1789590489000,468,
https://x.com/LexMarteg/status/2100134637196677555,,Twitter/X,PkoPikako,"@LexMarteg yg gak sejalan di tendang, gak bakal prabowo anjing kepilih lagi buat berikutnya",1789614642000,367,
https://x.com/LexMarteg/status/2100134637196677555,,Twitter/X,Tsabit_Q,@LexMarteg Satu lagi tolak pinjaman IMF yang berujung tekanan ke presiden buat ganti menkeu,1789563936000,1034,
https://x.com/LexMarteg/status/2100134637196677555,,Twitter/X,lvckyrvses,@LexMarteg Iyaa makanya diganti krn ga nurut hehe,1789601801000,197,
https://x.com/LexMarteg/status/2100134637196677555,,Twitter/X,FikranSyawal,"@LexMarteg Kalau ini gak viral, dunia ini gak adil",1789627214000,247,
https://x.com/LexMarteg/status/2100134637196677555,,Twitter/X,kusumayadi,@LexMarteg Hidup koruptor........ Merdeka para koruptorrrrrrr,1789559644000,1749,
https://x.com/LexMarteg/status/2100134637196677555,,Twitter/X,CCardasa,"@LexMarteg Yang jelas pemerintah Indonesia selama ini banyak membohongi rakyatnya termasuk Prabowo inginnya berbuat semaunya dewek, melindungi koleganya walau merusak negara.",1789559890000,1496,
https://x.com/LexMarteg/status/2100134637196677555,,Twitter/X,HNightmv,@LexMarteg https://t.co/YdrJzbR3Pt,1789561082000,1827,
https://x.com/LexMarteg/status/2100134637196677555,,Twitter/X,irwanto57685,@LexMarteg Bukan dosa dosa nya itu nama nya...amal nya pada rakyat..Karna terlalu jujur pak purbaya nya dan pro banget SMA rakyat salut pak purbaya👍,1789557124000,1684,
https://x.com/LexMarteg/status/2100134637196677555,,Twitter/X,Anto1690853761,@LexMarteg Pinter si abang nyindirnya 🤣,1789577154000,470,
https://x.com/LexMarteg/status/2100134637196677555,,Twitter/X,Pieteru,@LexMarteg Kabarnya sih dia juga mau perkarain pengemplang pajak.....,1789650077000,24,
https://x.com/LexMarteg/status/2100134637196677555,,Twitter/X,ruly_iman42276,"@LexMarteg kadang sarkas gini itu juga aneh, bisa jadi emang sarkas, bisa jadi buzzer

beda tipis",1789585578000,493,
https://x.com/LexMarteg/status/2100134637196677555,,Twitter/X,Sadar_waras,@LexMarteg Yang hebat teks pidato nya sudah di siap kan walaupun tidak di baca sampai habis karena sudah seperti baca koran saking panjang nya pidato tapi memberhentikan cukup dengan telepon yang sangat-sangat tidak beretika.,1789695948000,23,
https://x.com/LexMarteg/status/2100134637196677555,,Twitter/X,Malaysia18217,"@LexMarteg Hadehh bro lu belum jauh mainnya. 
Itu semua permainan mafia semata sehingga pak Purbaya di singkirkan kek gak pernah lihat Israel mau berkuasa",1789573740000,1413,
https://x.com/LexMarteg/status/2100134637196677555,,Twitter/X,UdinSiregar11,"@LexMarteg gak takut diculik lu bang? kek nusron wahid tiba"" ngilang! hati-hati mereka sudah mulai ber-gerak. camkan ituh",1789683720000,68,
https://x.com/LexMarteg/status/2100134637196677555,,Twitter/X,wiwinnghofur,@LexMarteg Mmg sinting maling semua laknatullah buat hantu hantu yg ketakutan dgn pak purbaya,1789601407000,180,
https://x.com/LexMarteg/status/2100134637196677555,,Twitter/X,4nnesB,@LexMarteg Rakyat jelata harus pasang sabuk pengaman ya,1789623332000,51,
https://x.com/LexMarteg/status/2100134637196677555,,Twitter/X,Bugie_Aryatmo,@LexMarteg Ini yang ngoceh juga akan ditendang nantinya,1789599978000,87,
https://x.com/LexMarteg/status/2100134637196677555,,Twitter/X,kel4n4senj4,@LexMarteg ini semua dah pada tau thong. Kirain kasih info yang lebih serem..,1789569375000,528,
https://x.com/LexMarteg/status/2100134637196677555,,Twitter/X,MyYunieyusuf519,@LexMarteg ORA jelas sing ngomong ..hidup Purbaya..,1789601660000,74,
https://x.com/LexMarteg/status/2100134637196677555,,Twitter/X,sukabbanjar,@LexMarteg para alumni STAN ya yang melawan kebijakan purbaya?,1789565746000,512,
https://x.com/LexMarteg/status/2100134637196677555,,Twitter/X,ZwOViCULOzir6ro,@LexMarteg Ini terjadi karena pemimpin kebanggaan kalian. Ada yg bilang pengetahuannya 11 Dari 100 malah diketawain. Sekarang terbukti to,1789690486000,6,
https://x.com/LexMarteg/status/2100134637196677555,,Twitter/X,gongfreecss38,@LexMarteg Yg mecat lebih banyak salahnya prasaan,1789657667000,24,
https://x.com/LexMarteg/status/2100134637196677555,,Twitter/X,EdukasiTauhid,"@LexMarteg kenapa pula hutang 80 tahun, harus diam2 di saat pajaknya diminta terang2an?
kalian sadar khan kebijakan kalian bikin gaduh?",1789613664000,397,
https://x.com/LexMarteg/status/2100134637196677555,,Twitter/X,nordianiz,"@LexMarteg Purbaya itu memang sudah kelar tugas nya dari prabowo ya udah selesai,",1789557444000,736,
https://x.com/LexMarteg/status/2100134637196677555,,Twitter/X,musobandi,"@LexMarteg terlalu berani dia, makanya dipecat pake cara bar-bar",1789546468000,2010,
https://x.com/LexMarteg/status/2100134637196677555,,Twitter/X,by_uAsmaradhana,@LexMarteg Maling semua termyata,1789607154000,59,
https://x.com/LexMarteg/status/2100134637196677555,,Twitter/X,Barbaro96694818,"@LexMarteg Apa yg dilakukan Purbaya sudah benar, menteri seperti inilah yg sangat disukai oleh rakyat dan penguasa yg di jalan Allah utk membuka kedok para bawahannya yg gak benar, tapi sygnya negeri ini dipimpin oleh penguasa yg di jalan iblis jadi segala hal yg baik akan dianggap buruk",1789614682000,96,
https://x.com/LexMarteg/status/2100134637196677555,,Twitter/X,Abie81040403,@LexMarteg Ahhhhhhh... Bohong lu ahhhh..... Pembohongan publik ini orang PURBAYA YANG TERBAIKKK,1789560605000,954,
https://x.com/LexMarteg/status/2100134637196677555,,Twitter/X,RstmBcl,"@LexMarteg Gak mau di atur di tentang, penjilat pasti selamat",1789605384000,104,
https://x.com/LexMarteg/status/2100134637196677555,,Twitter/X,maffuika,@LexMarteg keliatan baca teks ga sih itu ? wkwkw,1789563830000,373,
https://x.com/LexMarteg/status/2100134637196677555,,Twitter/X,TopanOrdo,"@LexMarteg Dulu,wktu msih gawe sbgai pnulis profil,bnyak yg brpndapat bhwa Indonesia hrus brani POTONG 1 GENERASI (gnti pmimpin/pjabat tua dgn yg muda,pecat smua yg ga bnar,smpe ktemu yg jujur),klo mau bner lgi (baca: membaik).

Hrusnya Pak Pur bisa mnjadi PIONIR,tapi...,ah,sdahlah...🤔🤔🤔",1789659586000,170,
https://x.com/LexMarteg/status/2100134637196677555,,Twitter/X,HanxionC,@LexMarteg Itu Mentri yang sya suka ceplos demi kebenaran.,1789557293000,636,
https://x.com/LexMarteg/status/2100134637196677555,,Twitter/X,MKoharCA,@LexMarteg Semoga yang tidak Pro Rakyat di adzab Tuhan Yang Maha Kuasa.,1789557694000,692,
https://x.com/LexMarteg/status/2100134637196677555,,Twitter/X,Annas_Cim,"@LexMarteg @CelineAR24 Ya wis lah,,ngerti saiki",1789549160000,1459,
https://x.com/LexMarteg/status/2100134637196677555,,Twitter/X,hedyviar,"@LexMarteg Kalo saya rakyat jelata ditanya, ini salah, i..i..ini terbalik ini, yg harus diganti tuh ya presidentevil nya diganti dengan Purbaya 🫠setuju gak?",1789639012000,17,
https://x.com/LexMarteg/status/2100134637196677555,,Twitter/X,TArsanom,@LexMarteg Malah yang terbaik buat pak Purbaya. Emang salah dan dosa orang yang jujur itu.,1789563794000,2026,
https://x.com/LexMarteg/status/2100134637196677555,,Twitter/X,bangbos_tb,"@LexMarteg Dewan Danantara isinya ada Wowo, Mulyono, srimul. Kereta cepat mau naik bayar. Tidak semua rakyat yang menggunakan nya. Bayar dari APBN.yg menikmati cuannya para elit, APBN hasil dari pajak rakyat. SDA Konoha kaya. Kemana. Pajak rakyat yg di andalkan. Sistem menjijikan asuuu.",1789699980000,56,
https://x.com/LexMarteg/status/2100134637196677555,,Twitter/X,Syarifuddin7777,"@LexMarteg inimah sarkas guys, jgn ditanggap serius",1789616166000,54,
https://x.com/LexMarteg/status/2100134637196677555,,Twitter/X,fantasiunix,@LexMarteg Pahala buat p purbaya.dianggap dosa oleh penjahat2,1789601402000,65,
https://x.com/LexMarteg/status/2100134637196677555,,Twitter/X,donii_mu,"@LexMarteg Negara konoha kan emang terkenal ""Terbalik""",1789591658000,781,
https://x.com/LexMarteg/status/2100134637196677555,,Twitter/X,sniperruben45,"@LexMarteg Mengarang bebas truss, memang Klo ekonomi terpuruk gub BI dan menkeu seharusnya mundur utk mengembalikan kepercayaan, langkah pak Perry gub BI sdh tepat mundur duluan, purbaya gak merasa bersalah tetap bertahan hingga akhirnya dipecat, itu saja gak lebih",1789561413000,587,
https://x.com/LexMarteg/status/2100134637196677555,,Twitter/X,Bangnafapay,@LexMarteg Orang benar di buang di konoha,1789594555000,414,
https://x.com/LexMarteg/status/2100134637196677555,,Twitter/X,JeeJoo84683890,@LexMarteg Ah sok tau aja lo prokator,1789623961000,186,
https://x.com/LexMarteg/status/2100134637196677555,,Twitter/X,MaxYaku453720,@LexMarteg Yg gomong ini siapa ya...ada yg kenal atau orangnya.,1789600218000,447,
https://x.com/LexMarteg/status/2100134637196677555,,Twitter/X,junjunselalu,@LexMarteg Hrs diaudit tuh kereta wosh duitnya dikemain aja kok Ampe segitu banyak,1789712583000,11,
https://x.com/LexMarteg/status/2100134637196677555,,Twitter/X,AdithiyaPratam7,@LexMarteg Pahala memang pasti dibenci,1789636942000,133,
https://x.com/LexMarteg/status/2100134637196677555,,Twitter/X,Bolangmaju,"@LexMarteg mau gimik tapi sotoy,,, Pa Purbaya Pro Rakyat... di jalan yg jujur..",1789557462000,624,
https://x.com/LexMarteg/status/2100134637196677555,,Twitter/X,Arrioinlx,"@LexMarteg Loh aja ngarang. Loh, penjilat pantat penguasa juga yah...",1789700380000,23,
https://x.com/LexMarteg/status/2100134637196677555,,Twitter/X,jagatdjua,@LexMarteg Tar d usut mewek lu,1789607512000,209,
https://x.com/LexMarteg/status/2100134637196677555,,Twitter/X,Kuwek12345,"@LexMarteg Sipaling bersih, ngomongin dosa-dosa orang braser2",1789596180000,431,
https://x.com/LexMarteg/status/2100134637196677555,,Twitter/X,SimplyHon3st,@LexMarteg Yang bener yang digunakan cuthik,1789563002000,641,
https://x.com/LexMarteg/status/2100134637196677555,,Twitter/X,KiJagaNegara99,"@LexMarteg Pasar modal merespons positif dgn berbalik menguat (rebound) sesaat stlh Purbaya Yudhi Sadewa dicopot &amp; digantikan oleh Suahasil Nazara sebagai Menkeu pd 14 Sep 2026.

Gaya kepemimpinan Purbaya dinilai cukup agresif &amp; membuat pasar agak khawatir akan volatilitas kebijakan fiskal.",1789615874000,89,
https://x.com/LexMarteg/status/2100134637196677555,,Twitter/X,Kkmpeyy09,@LexMarteg Lo yang ngawur,1789555462000,872,
https://x.com/LexMarteg/status/2100134637196677555,,Twitter/X,gemin1s3x1,@LexMarteg Udah ayo buruan usung pak Purbaya jd Presiden jalur independent non partai yg langsung di usung oleh Rakyat 💪🏻💪🏻,1789619642000,33,
https://x.com/LexMarteg/status/2100134637196677555,,Twitter/X,ekyprabowo,@LexMarteg Tar juga ketemu di ujung,1789565375000,91,
https://x.com/LexMarteg/status/2100134637196677555,,Twitter/X,DBioaktif92720,@LexMarteg Bicara apa Bro ... Sok Jd pengamat,1789642118000,5,
https://x.com/LexMarteg/status/2100134637196677555,,Twitter/X,ekyprabowo,@LexMarteg Malu ama jidat,1789565418000,87,
https://x.com/LexMarteg/status/2100134637196677555,,Twitter/X,SalmanAlfa94698,@LexMarteg Di bayar berapa.bang,1789602502000,12,
https://x.com/LexMarteg/status/2100134637196677555,,Twitter/X,titus_ednan,@LexMarteg Ah...kau penjilat Prabowo rupanya...,1789563625000,104,
https://x.com/LexMarteg/status/2100134637196677555,,Twitter/X,kallzold,@LexMarteg Dosa besarrrr,1789571670000,62,
https://x.com/LexMarteg/status/2100134637196677555,,Twitter/X,maridog323566,@LexMarteg Termul,1789709571000,4,
https://x.com/LexMarteg/status/2100134637196677555,,Twitter/X,Septian_Dputra,@LexMarteg Rusak,1789565538000,62,
https://x.com/LexMarteg/status/2100134637196677555,,Twitter/X,afif_sanja5092,@LexMarteg New orba Anjing,1789572495000,43,
https://x.com/LexMarteg/status/2100134637196677555,,Twitter/X,DaudYusuf783553,@LexMarteg stuju Purbaya diganti,1789629390000,4,
https://x.com/LexMarteg/status/2100134637196677555,,Twitter/X,yousee170687,@LexMarteg ni yg ngomong ketauan bgt ...... ?,1789563119000,63,
https://x.com/LexMarteg/status/2100134637196677555,,Twitter/X,aamandaricci,@LexMarteg Asupan lokal nih,1789574037000,72,
https://x.com/LexMarteg/status/2100134637196677555,,Twitter/X,ffaisalumar,@LexMarteg E eh lu siape mbacot..,1789635994000,4,
https://x.com/LexMarteg/status/2100134637196677555,,Twitter/X,Bromo9999,@LexMarteg Ngomong apa orang ini,1789605966000,6,
https://x.com/LexMarteg/status/2100134637196677555,,Twitter/X,siruuuuuuun,@LexMarteg Namanya juga PKWT 🤣🤣🤣,1789557913000,123,
https://x.com/LexMarteg/status/2100134637196677555,,Twitter/X,Irfansyahirawan,@LexMarteg Wowo kapan di ganti?,1789622918000,3,
https://x.com/LexMarteg/status/2100134637196677555,,Twitter/X,bondi147133,@LexMarteg Nahhh kan,1789556139000,139,
https://x.com/LexMarteg/status/2100134637196677555,,Twitter/X,akungue46826770,@LexMarteg Oalah,1789548498000,220,
https://x.com/LexMarteg/status/2100134637196677555,,Twitter/X,phelet,@LexMarteg Hehehehe Mak jleb,1789569750000,41,
https://x.com/LexMarteg/status/2100134637196677555,,Twitter/X,cuanjmbel87164,"@LexMarteg benerrrr josss👍, pak Pur👍👍👍",1789551958000,418,
https://x.com/LexMarteg/status/2100134637196677555,,Twitter/X,herin99eg,@LexMarteg 🖕🖕🖕,1789574402000,39,
https://x.com/LexMarteg/status/2100134637196677555,,Twitter/X,FuShiro1054329,@LexMarteg Naaah,1789696081000,,
https://x.com/LexMarteg/status/2100134637196677555,,Twitter/X,adi_musli80521,@LexMarteg Sok tau anda,1789553586000,,
https://x.com/LexMarteg/status/2100134637196677555,,Twitter/X,KUsis2749,@LexMarteg Tong klo gak tahu jgn komen,1789587214000,,
https://x.com/LexMarteg/status/2100134637196677555,,Twitter/X,sandisan157651,"@LexMarteg emang ada yg percaya sama loe,emang lu siapa",1789575260000,,
https://x.com/LexMarteg/status/2100134637196677555,,Twitter/X,syffuu,@LexMarteg bacot loo,1789565514000,,
https://x.com/LexMarteg/status/2100134637196677555,,Twitter/X,10969sxun_,"@LexMarteg Mas emg bea cukai gk becus kocak, barang gw bekas pakai aja gk di keluarin anj udh setahun kerja nya ngapain coba bea cukai kagak becus sarang maling",1789580033000,,
https://x.com/LexMarteg/status/2100134637196677555,,Twitter/X,Herisus78936852,@LexMarteg Yang bener eh malah dipecat dasar bajitol,1789554130000,,
https://x.com/LexMarteg/status/2100134637196677555,,Twitter/X,INRI2025,@LexMarteg NGACO,1789562669000,,
https://x.com/LexMarteg/status/2100134637196677555,,Twitter/X,JacobBreemer3,@LexMarteg atur saja,1789681604000,,
https://x.com/LexMarteg/status/2100134637196677555,,Twitter/X,CelineAR24,@LexMarteg 🔥🔥,1789547078000,,
https://x.com/LexMarteg/status/2100134637196677555,,Twitter/X,AlexXan50419962,@LexMarteg Mata loe yg gblck babi,1789557063000,,
https://x.com/LexMarteg/status/2100134637196677555,,Twitter/X,ekob9914,@LexMarteg Kebenaran kejujuran di negeri ini sudah mati,1789564446000,,
https://x.com/LexMarteg/status/2100134637196677555,,Twitter/X,Antonio372486,"@LexMarteg ngarang lu,,.",1789562036000,,
https://x.com/LexMarteg/status/2100134637196677555,,Twitter/X,MaxYaku453720,@LexMarteg Goblok tolol anda di bayar berapa?,1789556975000,,
https://x.com/LexMarteg/status/2100134637196677555,,Twitter/X,kitapantau_,@LexMarteg Hidup Purbaya,1789624982000,,
https://x.com/LexMarteg/status/2100134637196677555,,Twitter/X,Abie81040403,@LexMarteg KAU YG SALAH GOBLOK JUGA LU AHH.. BACOOTTT PURBAYA EMANG JUJUR KOK SARANG MAFIA  BEACUKAI BRENGSEKK EMANG,1789560672000,,
https://x.com/LexMarteg/status/2100134637196677555,,Twitter/X,danarto_m,"@LexMarteg Cecunguk,,koruptor",1789565486000,,
https://x.com/LexMarteg/status/2100134637196677555,,Twitter/X,jmelive,"@LexMarteg Yg dosa bukan hanya dia🤔 semua nya juga berdosa , termasuk pemimpin nya, di dunia ini negara yg paling banyak setan nya😟 https://t.co/RrdPAsgs4N",1789560547000,,
https://x.com/qrivasiii/status/2100601538473550075,,Twitter/X,qrivasiii,Mukanya ga asing😭,1789663483000,,
https://x.com/qrivasiii/status/2100601538473550075,,Twitter/X,hidanieldisini,@qrivasiii Bjir gua diunfollow beyonce jg lagi,1789664835000,,
https://x.com/qrivasiii/status/2100601538473550075,,Twitter/X,csmicc21,"@qrivasiii fyi ya, biar gak salah paham aja yg unfriend si maudy ayunda duluan",1789662395000,,
https://x.com/qrivasiii/status/2100601538473550075,,Twitter/X,pistaciyou,@qrivasiii jir gegara itu kah,1789658004000,,
https://x.com/qrivasiii/status/2100601538473550075,,Twitter/X,Yunusibnuabbas,@qrivasiii Salah kak. Maudy yg ngeblock Beyonce duluan karena Beyonce antek antek Illuminati,1789690803000,,
https://x.com/qrivasiii/status/2100601538473550075,,Twitter/X,mortaliel,@qrivasiii beyonce oke juga ya,1789717833000,,
https://x.com/qrivasiii/status/2100601538473550075,,Twitter/X,ugethug,@qrivasiii Wah siap siap karir maudy dibikin redup sama beyonce.,1789685681000,,
https://x.com/qrivasiii/status/2100601538473550075,,Twitter/X,bongsuganda,@qrivasiii ada2 aja kelakuan netizen konoha wkwkwkwk,1789716453000,,
https://x.com/qrivasiii/status/2100601538473550075,,Twitter/X,OtskieLabs,"@qrivasiii Jadi Beyonce boring juga ya,",1789706104000,,
https://x.com/qrivasiii/status/2100601538473550075,,Twitter/X,IkaaPark,"@qrivasiii Hahahah kak, lucu amat deh😭😭😭",1789658006000,,
https://x.com/qrivasiii/status/2100601538473550075,,Twitter/X,foolinsights,"@qrivasiii ternyata beyonce lebih bersuara dari maudy, rimspek👊",1789667781000,,
https://x.com/qrivasiii/status/2100601538473550075,,Twitter/X,Rimakim1203,@qrivasiii Sejak kapan emang pernah di follow ?,1789665758000,,
https://x.com/qrivasiii/status/2100601538473550075,,Twitter/X,andyBK7,@qrivasiii Berani beraninya Beyonce meng unfollow seorang queen of mindfullness!!,1789710730000,,
https://x.com/qrivasiii/status/2100601538473550075,,Twitter/X,_xtanjung,@qrivasiii waduh ketinggalan berita nih,1789658499000,,
https://x.com/qrivasiii/status/2100601538473550075,,Twitter/X,_pesansuara_,@qrivasiii beyonce kan part of devil,1789699140000,,
https://x.com/qrivasiii/status/2100601538473550075,,Twitter/X,dhistiramind,"@qrivasiii Lah.. Bukannya emang gak follow maudy ya, kak min?",1789661281000,,
https://x.com/qrivasiii/status/2100601538473550075,,Twitter/X,sferisetia0,@qrivasiii kedua artis itu ngak ngurusin politik. Mereka bisanya diam aja,1789661730000,,
https://x.com/qrivasiii/status/2100601538473550075,,Twitter/X,biduanssa,@qrivasiii emang iya jir?,1789696233000,,
https://x.com/qrivasiii/status/2100601538473550075,,Twitter/X,tertamvan_,@qrivasiii Ngapain juga anjink,1789702114000,,
https://x.com/qrivasiii/status/2100601538473550075,,Twitter/X,xdaillenx,@qrivasiii Beyonce orang sunda manado yak?,1789667590000,,
https://x.com/qrivasiii/status/2100601538473550075,,Twitter/X,Opstuupidly,"@qrivasiii beyonce 

B nya apa 

BODO AMAT",1789664939000,,
https://x.com/qrivasiii/status/2100601538473550075,,Twitter/X,notguiltybro_,@qrivasiii wkwkw biadab,1789659203000,,
https://x.com/qrivasiii/status/2100601538473550075,,Twitter/X,Qhusnull1,@qrivasiii ok nice ingfo? 😭,1789707307000,,
https://x.com/qrivasiii/status/2100601538473550075,,Twitter/X,cell0raaw,@qrivasiii Yaallah😭😭😭😭,1789694318000,,
https://x.com/qrivasiii/status/2100601538473550075,,Twitter/X,Enapieyo,@qrivasiii Aku juga di unfoll Beyonce 😔,1789695100000,,
https://x.com/qrivasiii/status/2100601538473550075,,Twitter/X,ucaspero,@qrivasiii wkwkwk,1789661749000,,
https://x.com/qrivasiii/status/2100601538473550075,,Twitter/X,BobFoster_,@qrivasiii Komennya lucu banyak org2 polos 😂,1789674717000,,
https://x.com/qrivasiii/status/2100601538473550075,,Twitter/X,Marqueesalenta,@qrivasiii 😭😭😭,1789697413000,,
https://x.com/qrivasiii/status/2100601538473550075,,Twitter/X,rrxmim,@qrivasiii wkwkkw ngakak,1789711108000,,
https://x.com/qrivasiii/status/2100601538473550075,,Twitter/X,JohnPham020492,@qrivasiii Chất lượng cuộc trò chuyện mới là điều quan trọng nhất.,1789658670000,,
https://x.com/qrivasiii/status/2100601538473550075,,Twitter/X,Leonaderune,@qrivasiii jgn di spasi cb,1789707467000,,
https://x.com/qrivasiii/status/2100601538473550075,,Twitter/X,apoptosis_18,@qrivasiii rispek,1789664350000,,
https://x.com/LexMarteg/status/2100134637196677555,,Twitter/X,Swe149541,@LexMarteg Bacooottt,1789558180000,,
https://x.com/LexMarteg/status/2100134637196677555,,Twitter/X,RBinadi71945,@LexMarteg Cocot mu dobol ahhh,1789557378000,,
https://x.com/LexMarteg/status/2100134637196677555,,Twitter/X,danarto_m,"@LexMarteg Orang tolol,,Luh,,di bayar berapa,,,,jelekin bapak purbaya",1789565450000,,
https://x.com/LexMarteg/status/2100134637196677555,,Twitter/X,NhaDedopali,@LexMarteg Wow ternyata oh ternyata,1789554905000,,
https://x.com/LexMarteg/status/2100134637196677555,,Twitter/X,Roby2386819647,@LexMarteg Akun Buzzer pemerintah 🐶🐶🐶,1789636004000,,
https://x.com/LexMarteg/status/2100134637196677555,,Twitter/X,MaulanaHas62488,@LexMarteg Pak Nitixen Ingin kenal dengan Bapak mau tanya apa benar yang di bicarakan ini betul,1789609956000,,
https://x.com/LexMarteg/status/2100134637196677555,,Twitter/X,UcihaU7704,@LexMarteg awas bang nanti di jemput jam 3 pagi,1789560932000,,
https://x.com/LexMarteg/status/2100134637196677555,,Twitter/X,mayoga_dan69344,"@LexMarteg Ingatt wowo suatu saat kau bakalan matii,gak selamanya hidup jadi tobat wo tobatt",1789709642000,,
https://x.com/LexMarteg/status/2100134637196677555,,Twitter/X,JenniferHotte,@LexMarteg gua banyak lokal semua,1789580197000,,
https://x.com/LexMarteg/status/2100134637196677555,,Twitter/X,ardjasa_solo,"@LexMarteg Tolong grok
Kesalahan pak purbaya versi mas ini diwujudkan bentuk tulisan. Maaf pingin ngerti kemampuan nulismu",1789616986000,,
https://x.com/LexMarteg/status/2100134637196677555,,Twitter/X,gimbot75,@LexMarteg Cukup tau aja,1789548827000,,
https://x.com/LexMarteg/status/2100134637196677555,,Twitter/X,wardoyovj4a,@LexMarteg Bravo pak purbaya,1789561049000,,
https://x.com/LexMarteg/status/2100134637196677555,,Twitter/X,Kuwek12345,"@LexMarteg Ngomongin dosa-dosa orang segala, Dosa-dosa lu mau di omongin brader ?",1789596129000,,
https://x.com/LexMarteg/status/2100134637196677555,,Twitter/X,Muhamma26037492,@LexMarteg Sok tahu sok pinter kenapa loe nga jadi menteri....? Tolol dipelihara,1789588386000,,
https://x.com/qrivasiii/status/2100601538473550075,,Twitter/X,BarcaArchive,@qrivasiii kok KENAL,1789660235000,,
https://x.com/qrivasiii/status/2100601538473550075,,Twitter/X,raisarrah,@qrivasiii Wkwkwkwk ini lucubgt pls,1789659609000,,
https://x.com/qrivasiii/status/2100601538473550075,,Twitter/X,trunkszoldyck,@qrivasiii Akwoakwowk,1789667850000,,
https://x.com/qrivasiii/status/2100601538473550075,,Twitter/X,admprnma_,@qrivasiii PENTING tuh,1789667593000,,
https://x.com/muflihfaqih/status/2100478509600899138,,Twitter/X,plisitin,@muflihfaqih cacing besar ala ska,1789641919000,,
https://x.com/muflihfaqih/status/2100478509600899138,,Twitter/X,curiocherie,@muflihfaqih negara butuh energi terbarukan seperti ini,1789628636000,,
https://x.com/muflihfaqih/status/2100478509600899138,,Twitter/X,cursedkidd,@muflihfaqih bagus kih,1789669566000,,
https://x.com/muflihfaqih/status/2100478509600899138,,Twitter/X,idlasupaldi,@muflihfaqih Udah ga cenblu baru ht tweet. 😭,1789663444000,,
https://x.com/muflihfaqih/status/2100478509600899138,,Twitter/X,Sriouslypam,@muflihfaqih Pak rakyatmu juga lucu 🤣😂,1789697497000,,
https://x.com/muflihfaqih/status/2100478509600899138,,Twitter/X,trex925800,@muflihfaqih makasih udh asbun😭💔jujur butuh bgt hiburan di tengah kekacauan ini,1789661010000,,
https://x.com/muflihfaqih/status/2100478509600899138,,Twitter/X,Wakil_gubernur,@muflihfaqih Merubah dari dalam ala kiki saputri,1789653192000,,
https://x.com/muflihfaqih/status/2100478509600899138,,Twitter/X,Anntrenesence,@muflihfaqih ayu tingting ala mat palsu,1789675739000,,
https://x.com/muflihfaqih/status/2100478509600899138,,Twitter/X,tkbratcoded,@muflihfaqih FAQIH PULANG AYO KITA HOMPIMPA,1789714014000,,
https://x.com/muflihfaqih/status/2100478509600899138,,Twitter/X,goesdut,@muflihfaqih Mirip threadnya @aldapstsr https://t.co/45NkwXicVm,1789699950000,,
https://x.com/muflihfaqih/status/2100478509600899138,,Twitter/X,my88828,@muflihfaqih Hompimpanya Nabila taqiyyah,1789711822000,,
https://x.com/muflihfaqih/status/2100478509600899138,,Twitter/X,ohlalababy0606,@muflihfaqih yg bagus marxisme ala neneng rosdiyana,1789705435000,,
https://x.com/muflihfaqih/status/2100478509600899138,,Twitter/X,dikimpulin,@muflihfaqih beci ketitik ala karepmu,1789661258000,,
https://x.com/muflihfaqih/status/2100478509600899138,,Twitter/X,yixingmia1007,@muflihfaqih Asbun banget gk suka 😭,1789685903000,,
https://x.com/muflihfaqih/status/2100478509600899138,,Twitter/X,LutfiDhaffa,@muflihfaqih @_haye_ paket lengkap Banh... Ormasnya bagian Cuan Al Cuan Tel Aviv...,1789677677000,,
https://x.com/muflihfaqih/status/2100478509600899138,,Twitter/X,rudolfgst,@muflihfaqih pempek ala chef farah quinn,1789703387000,,
https://x.com/muflihfaqih/status/2100478509600899138,,Twitter/X,driedddaisy,@muflihfaqih @nonasaffa Ahaha lucuu 😭😭,1789693134000,,
https://x.com/muflihfaqih/status/2100478509600899138,,Twitter/X,dypo90,@muflihfaqih Meme ala mak nya mana?,1789696166000,,
https://x.com/muflihfaqih/status/2100478509600899138,,Twitter/X,virgo21__,@muflihfaqih bangsatttttt awokwkwkwk,1789710548000,,
https://x.com/muflihfaqih/status/2100478509600899138,,Twitter/X,umbiumb1an,@muflihfaqih stopp😭😭,1789668288000,,
https://x.com/muflihfaqih/status/2100478509600899138,,Twitter/X,whyuode,@muflihfaqih kosong ala g,1789706358000,,
https://x.com/muflihfaqih/status/2100478509600899138,,Twitter/X,saturn_numb,@muflihfaqih Straight ala TIW,1789705047000,,
https://x.com/muflihfaqih/status/2100478509600899138,,Twitter/X,LEALONA__,@muflihfaqih biyung ala biyung,1789714322000,,
https://x.com/muflihfaqih/status/2100478509600899138,,Twitter/X,dantelavor,@muflihfaqih L Ala widy,1789705308000,,
https://x.com/muflihfaqih/status/2100478509600899138,,Twitter/X,hiyahahayukkk,@muflihfaqih nah saya rindu tweet asbun seperti ini,1789707558000,,
https://x.com/muflihfaqih/status/2100478509600899138,,Twitter/X,raflibrary,@muflihfaqih feminist ala pancatera,1789707933000,,
https://x.com/muflihfaqih/status/2100478509600899138,,Twitter/X,MaknaTelaga,@muflihfaqih Becik ketitik ala ketara,1789710830000,,
https://x.com/muflihfaqih/status/2100478509600899138,,Twitter/X,utamihand,@muflihfaqih Hidup ala apa? Alaiyum gambreng,1789689455000,,
https://x.com/muflihfaqih/status/2100478509600899138,,Twitter/X,lizasiman,@muflihfaqih Pdhl dl paling sering denger stoik dr Raditya Dika,1789703355000,,
https://x.com/muflihfaqih/status/2100478509600899138,,Twitter/X,rmhsb31,@muflihfaqih Malah ajak main hide n seek,1789696914000,,
https://x.com/muflihfaqih/status/2100478509600899138,,Twitter/X,soberswordsman,@muflihfaqih ayu ting ting ala mat palsu,1789662786000,,
https://x.com/muflihfaqih/status/2100478509600899138,,Twitter/X,karipiw,@muflihfaqih ma ijah pake baju rombeng,1789657096000,,
https://x.com/GusDikaOfficial/status/2100252980083937687,,Twitter/X,arndycntq,@GusDikaOfficial https://t.co/uIYcmPxaid,1789574716000,,
https://x.com/GusDikaOfficial/status/2100252980083937687,,Twitter/X,KenapeAje,@GusDikaOfficial https://t.co/njzd6cQM8g,1789574588000,,
https://x.com/GusDikaOfficial/status/2100252980083937687,,Twitter/X,Antelovsky,"@GusDikaOfficial Bagi yang lagi Anies (nganggur), cobain aktivitas Ganjar (lari) dan Purbaya (mancing). Mudah-mudahan bisa bikin jadi Maudy Ayunda (mindfulness).",1789623742000,,
https://x.com/GusDikaOfficial/status/2100252980083937687,,Twitter/X,RichoShen,@GusDikaOfficial Tiga anak bangsa yg berprestasi minimal mereka diatas level dri kita,1789607478000,,
https://x.com/GusDikaOfficial/status/2100252980083937687,,Twitter/X,Ricky_s96,"@GusDikaOfficial Susi selamatkan lobster, dipecat.
Jonan selamatkan APBN dr kereta cepat, dipecat.
Anies bongkar korupsi tunjangan, dipecat.
Purbaya beresin bea cukai, dipecat.
Paham kan sekarang siapa yang dilindungi?
https://t.co/tr74NfDh5V",1789609448000,,
https://x.com/GusDikaOfficial/status/2100252980083937687,,Twitter/X,buburrayam12,@GusDikaOfficial udh jarang ganjar pagi grgr polusi jkt sangat BAIK,1789620403000,,
https://x.com/GusDikaOfficial/status/2100252980083937687,,Twitter/X,nyet_nyetz,@GusDikaOfficial hah??? maudy ayunda apaan? jadi bloon? jadi jahat?,1789626963000,,
https://x.com/GusDikaOfficial/status/2100252980083937687,,Twitter/X,madameshue,@GusDikaOfficial Pa jonan ganti posisi pa ganjar cocok deh trio menteri yg kena reshuffle,1789649192000,,
https://x.com/GusDikaOfficial/status/2100252980083937687,,Twitter/X,lilia_archive,@GusDikaOfficial kamus yg mudah dipahami😭,1789609829000,,
https://x.com/GusDikaOfficial/status/2100252980083937687,,Twitter/X,BaruBubar,"@GusDikaOfficial njir, kok bisa langsung konek. 
apakah ini ilmu telepatil",1789627363000,,
https://x.com/GusDikaOfficial/status/2100252980083937687,,Twitter/X,iqfd16,"@GusDikaOfficial Bagi yang lagi Anies(kalah), cobain aktivitas Ganjar(bokep) dan Purbaya(dipecat). Mudah-mudahan bisa bikin jadi Maudy Ayunda(tonedeaf)",1789633436000,,
https://x.com/GusDikaOfficial/status/2100252980083937687,,Twitter/X,NoegReborn,@GusDikaOfficial Siapa tau jadi gibran,1789623120000,,
https://x.com/GusDikaOfficial/status/2100252980083937687,,Twitter/X,estellaoseano,@GusDikaOfficial SIALAAANNN😭😭😭😭😭,1789651223000,,
https://x.com/GusDikaOfficial/status/2100252980083937687,,Twitter/X,dudukoey,"@GusDikaOfficial anies = nganggur
ganjar = lari
purbaya = mancing

maudy ayunda = mindfull??",1789635224000,,
https://x.com/GusDikaOfficial/status/2100252980083937687,,Twitter/X,micinsedapgurih,"@GusDikaOfficial Andai mereka mau membuka lapangan kerja, mereka kan pasti punya modal",1789646536000,,
https://x.com/GusDikaOfficial/status/2100252980083937687,,Twitter/X,ley50652,"@GusDikaOfficial Bentar…bentar…artinya gini kan ya… : Bagi yang lagi nganggur, cobalah aktivitas olahraga dan memancing. Mudah-mudahan bisa bikin jadi Mindfulness 🧘😪",1789706661000,,
https://x.com/GusDikaOfficial/status/2100252980083937687,,Twitter/X,rhinosjunior,@GusDikaOfficial Pas banget sabtu mau purbaya mania mantap,1789651678000,,
https://x.com/GusDikaOfficial/status/2100252980083937687,,Twitter/X,themoonisshiny,@GusDikaOfficial Maudy ayunda apaan?,1789609443000,,
https://x.com/GusDikaOfficial/status/2100252980083937687,,Twitter/X,dlsxkstw,@GusDikaOfficial Ga rela bgt pak Purbaya dijejerin open to work sm anis 🙏🙏😭😭😭,1789619883000,,
https://x.com/GusDikaOfficial/status/2100252980083937687,,Twitter/X,oceanon12,@GusDikaOfficial Wkwkwk,1789629878000,,
https://x.com/GusDikaOfficial/status/2100252980083937687,,Twitter/X,jadisepertiini,@GusDikaOfficial Maudy apaan artinya? Baru tau kosa kata baru lagi,1789603710000,,
https://x.com/GusDikaOfficial/status/2100252980083937687,,Twitter/X,kikusatoru_,@GusDikaOfficial (ironic) tp kukira pak purbaya = dipecat 😭,1789629996000,,
https://x.com/GusDikaOfficial/status/2100252980083937687,,Twitter/X,toomuchpaiiinnn,@GusDikaOfficial Tengs atas pencerahannya,1789649634000,,
https://x.com/GusDikaOfficial/status/2100252980083937687,,Twitter/X,h4ppy_m0m,"@GusDikaOfficial Makna Anies kekinian bukannya ""baca"" ya?
Coz pak @aniesbaswedan juga memahami kiasan Anies sebagai ""baca"", bukan ""nganggur"".
🙃",1789606150000,,
https://x.com/GusDikaOfficial/status/2100252980083937687,,Twitter/X,al_erm99,"@GusDikaOfficial ah, bahasa baru lagi",1789585387000,,
https://x.com/GusDikaOfficial/status/2100252980083937687,,Twitter/X,inmy22_7nion,@GusDikaOfficial Jadi apa kak? Tone deaf? 😭,1789658806000,,
https://x.com/GusDikaOfficial/status/2100252980083937687,,Twitter/X,b_budiman1956,"@GusDikaOfficial INI BUKAN RASIS !! tak rela negeri ini jatuh pada Pemimpin Keturunan Asing (al YAMANE) sekali pun sudah WNI ! 
Masih banyak lah orang WNI asli Nusantara yang mumpuni mengolah Negeri dengan baik !!",1789625539000,,
https://x.com/GusDikaOfficial/status/2100252980083937687,,Twitter/X,OmDjadoelcd,@GusDikaOfficial https://t.co/We4Lt0YTVW,1789653516000,,
https://x.com/GusDikaOfficial/status/2100252980083937687,,Twitter/X,sunnsshhinne,@GusDikaOfficial AHAHAHAHAHA,1789622706000,,
https://x.com/GusDikaOfficial/status/2100252980083937687,,Twitter/X,FatimahIfaat,@GusDikaOfficial Bayangin linkedin lu yang ga seberapa itu saingan sama mereka 🥲,1789632696000,,
https://x.com/GusDikaOfficial/status/2100252980083937687,,Twitter/X,komisarisnetzen,@GusDikaOfficial plis terjemahin,1789621638000,,
https://x.com/GusDikaOfficial/status/2100252980083937687,,Twitter/X,patriotkampung4,@GusDikaOfficial https://t.co/bCDHWq8FbY,1789629911000,,
https://x.com/GusDikaOfficial/status/2100252980083937687,,Twitter/X,lumischiant,"@GusDikaOfficial 1 tokoh viral, 1 kosakata baru",1789626566000,,
https://x.com/muflihfaqih/status/2100478509600899138,,Twitter/X,notyourbaehehe,@muflihfaqih colak colek sambalado ala maoy,1789709237000,,
https://x.com/muflihfaqih/status/2100478509600899138,,Twitter/X,liffitri898,@muflihfaqih revolusi mental ala jokowi dulu deh kek nya,1789687838000,,
https://x.com/muflihfaqih/status/2100478509600899138,,Twitter/X,ridwandermawan,@muflihfaqih makan ala kadarnya,1789668330000,,
https://x.com/muflihfaqih/status/2100478509600899138,,Twitter/X,julianrdk,@muflihfaqih @adellalhawa mcspicy ala carte,1789710166000,,
https://x.com/muflihfaqih/status/2100478509600899138,,Twitter/X,WutupssG,@muflihfaqih Stoic ala Aldi Taher,1789707397000,,
https://x.com/muflihfaqih/status/2100478509600899138,,Twitter/X,ame_liaeight,@muflihfaqih Muflih km lucu banget 🫶🏻 sehat2 selalu muflihhhhhh,1789716732000,,
https://x.com/muflihfaqih/status/2100478509600899138,,Twitter/X,MujirinT,"@muflihfaqih Hi, saya membuat https://t.co/7bS5eRQGhR untuk beneren ngebantuin pelajar Indonesia belajar hard science, ada kritik ga?",1789684470000,,
https://x.com/muflihfaqih/status/2100478509600899138,,Twitter/X,qistoia,@muflihfaqih @prideologyz,1789659239000,,
https://x.com/muflihfaqih/status/2100478509600899138,,Twitter/X,klv_bii,@muflihfaqih WKAKAK LUCU BGT DH,1789664892000,,
https://x.com/muflihfaqih/status/2100478509600899138,,Twitter/X,xgumzy26,@muflihfaqih jadi apa prok prok prok,1789674843000,,
https://x.com/muflihfaqih/status/2100478509600899138,,Twitter/X,kwetiwauu,@muflihfaqih @popcrome,1789718187000,,
https://x.com/muflihfaqih/status/2100478509600899138,,Twitter/X,soangpacy,@muflihfaqih helikopter turun ke padang,1789668712000,,
https://x.com/muflihfaqih/status/2100478509600899138,,Twitter/X,B_TheExplosion,@muflihfaqih keberagaman rasa somay by bang gondrong,1789696244000,,
https://x.com/muflihfaqih/status/2100478509600899138,,Twitter/X,Hesafajar,@muflihfaqih bubar bubar🤣,1789667899000,,
https://x.com/muflihfaqih/status/2100478509600899138,,Twitter/X,Superunknownnnn,@muflihfaqih Qontol suruh sparing aja sini,1789683999000,,
https://x.com/muflihfaqih/status/2100478509600899138,,Twitter/X,alamandachatart,@muflihfaqih 😭🤣🤣,1789690682000,,
https://x.com/muflihfaqih/status/2100478509600899138,,Twitter/X,sorrelmeadow,@muflihfaqih @nemoikanmas,1789662242000,,
https://x.com/muflihfaqih/status/2100478509600899138,,Twitter/X,faadihilh,@muflihfaqih Kesana kemari membawa ala mat,1789705209000,,
https://x.com/muflihfaqih/status/2100478509600899138,,Twitter/X,rebel1096,@muflihfaqih ala mak,1789717604000,,
https://x.com/muflihfaqih/status/2100478509600899138,,Twitter/X,cappibraa,"@muflihfaqih Tral ala lelo
Tral ala",1789701419000,,
https://x.com/muflihfaqih/status/2100478509600899138,,Twitter/X,Hayu_kamu,@muflihfaqih Susu murni nasional,1789695318000,,
https://x.com/muflihfaqih/status/2100478509600899138,,Twitter/X,Basotahugore,@muflihfaqih yg terakir puncak pilsapat,1789646083000,,
https://x.com/muflihfaqih/status/2100478509600899138,,Twitter/X,feitriii,@muflihfaqih 😭😭,1789692003000,,
https://x.com/muflihfaqih/status/2100478509600899138,,Twitter/X,diandragl,@muflihfaqih 🤣😭,1789691220000,,
https://x.com/muflihfaqih/status/2100478509600899138,,Twitter/X,ryleexfrinzx,@muflihfaqih mak ijah pke bju rombeng,1789670484000,,
https://x.com/muflihfaqih/status/2100478509600899138,,Twitter/X,ku_rakura_,@muflihfaqih Diem 😭,1789695677000,,
https://x.com/muflihfaqih/status/2100478509600899138,,Twitter/X,DitzxOnee,@muflihfaqih Ayam goreng ala chef devina,1789693889000,,
https://x.com/starfess/status/2100023132597768639,,Twitter/X,moccsss,"@starfess Nicsap, dian sastro, raffi gigi tolong dibuat semassive ini juga ya cancel culturenya",1789572904000,,
https://x.com/starfess/status/2100023132597768639,,Twitter/X,Ceritaicip2,@starfess Duhh jadi inget dia jadi bahan ketawaan media international pas KTT G20 di Bali.,1789534093000,,
https://x.com/starfess/status/2100023132597768639,,Twitter/X,reizaldy_,@starfess 😹 Gelar Oxford-Standford kayak nggak ada artinya lagi. Sangat disayangkan.,1789534621000,,
https://x.com/starfess/status/2100023132597768639,,Twitter/X,kuloatmo,@starfess list ginian paling cuma rame di x doang besoknya pada lupa,1789560513000,,
https://x.com/starfess/status/2100023132597768639,,Twitter/X,rajinmengaum,@starfess Trans7 https://t.co/VUptDnTuBX,1789574702000,,
https://x.com/starfess/status/2100023132597768639,,Twitter/X,Ravvcode,"@starfess Dian Sastro, nicsap, rans family, bnyaklah",1789526289000,,
https://x.com/starfess/status/2100023132597768639,,Twitter/X,Jenniefj0,@starfess Kane navatod lagi😋🫪,1789528926000,,
https://x.com/GusDikaOfficial/status/2100252980083937687,,Twitter/X,MohAlfiHusni,"@GusDikaOfficial Bagi yang lagi nganggur, cobain aktivitas lari dan mancing, Mudah mudahan bisa bikin jadi dapat beasiswa LDP",1789616483000,,
https://x.com/GusDikaOfficial/status/2100252980083937687,,Twitter/X,jun_psy,@GusDikaOfficial siapakah yang layak menggantikan carrick?,1789602734000,,
https://x.com/GusDikaOfficial/status/2100252980083937687,,Twitter/X,ohyiyoung123,@GusDikaOfficial aktivitas ganjar? bokep maksudnya?,1789592107000,,
https://x.com/GusDikaOfficial/status/2100252980083937687,,Twitter/X,gabrielevodius,@GusDikaOfficial Gw dah gitu darilama wkwk open to work gaada yang mau. Udah apply belum dapat,1789637768000,,
https://x.com/GusDikaOfficial/status/2100252980083937687,,Twitter/X,timdreee,@GusDikaOfficial @anangramaaa nambah kamus ajee nih,1789630388000,,
https://x.com/rezzm_/status/2100183137720713692,,Twitter/X,bubblygrizzly,@rezzm_ IT IS hard kak. Kalo dididik dari kecil di filter yang bagus2 aja ya ga bakalan woke. emang bakal nyaman sama 'bubble' kehidupan mereka yg itu terus sampe gatau hal yang keliatan 'sepele' tuh punya impcat gede ke org 'dibawah' mereka.,1789698051000,,
https://x.com/rezzm_/status/2100183137720713692,,Twitter/X,RotiMocha,"@rezzm_ Hampir pasti gabisa kakk, karena 'dunia' nya udah beda. Kita bisa bilang not that hard buat empati, tapi buat sebagian orang yang lain, susahhh bangettt buat mendadak empati sama hal yang orang tersebut ga tau kenapa harus empati sama begituan, toh ga salah, menurut mereka",1789619510000,,
https://x.com/rezzm_/status/2100183137720713692,,Twitter/X,audiraafian,"@rezzm_ Kayaknya ada yang bilang emang sebenernya apa yang Maudy bilang di yutub itu lebi cocok ditunjukkan ke circlenya.. bukan ke khayalak ramai.

Dan momen uploadnya aja juga salah besar disaat Indonesia lagi dihantam berturut tutrut bencana",1789621838000,,
https://x.com/rezzm_/status/2100183137720713692,,Twitter/X,wtanabc,@rezzm_ klw ga ngerasain langsung dan ga kena dampaknya nggak bisa tuh empati,1789691381000,,
https://x.com/rezzm_/status/2100183137720713692,,Twitter/X,NCLYS,@rezzm_ No. It's hard. Trust me.,1789636086000,,
https://x.com/rezzm_/status/2100183137720713692,,Twitter/X,ersicoada,"@rezzm_ Kalau disuruh empati ke semua orang, lelah mental juga",1789618872000,,
https://x.com/rezzm_/status/2100183137720713692,,Twitter/X,aantiher,"@rezzm_ Yaudah sih gausah ribet, kalo lu gak merasa relate sama videonya yaudah move on weh 🤣 gini aja lu ribetin heran. Gue muak banget liat kalian ngebahas video dia berkali2, yaudah jing kalo menurut lu dia tone deaf yaudah skip. Apa apa diributin heran,",1789615528000,,
https://x.com/aimr0d/status/2100436418615242806,,Twitter/X,aimr0d,"Dulu pernah rada niat bikin ginian, dokslinya keselip entah kemana tapi untung ada media yang mengarsipkan https://t.co/z9KK8oVcMp",1789618341000,,
https://x.com/aimr0d/status/2100436418615242806,,Twitter/X,HILARlO,@aimr0d https://t.co/JmPdPT9BFu,1789651454000,,
https://x.com/aimr0d/status/2100436418615242806,,Twitter/X,pem3rintah,@aimr0d @LxveArcade https://t.co/MLY7fpdtJn,1789637386000,,
https://x.com/aimr0d/status/2100436418615242806,,Twitter/X,mryudhan,@aimr0d yg zebra espass ada ga kak?,1789657224000,,
https://x.com/aimr0d/status/2100436418615242806,,Twitter/X,3usri,@aimr0d @rezasnegara https://t.co/mS0bZSMyvJ,1789707048000,,
https://x.com/aimr0d/status/2100436418615242806,,Twitter/X,Khairzzen,@aimr0d https://t.co/01JDMyULcm,1789692144000,,
https://x.com/aimr0d/status/2100436418615242806,,Twitter/X,dynmcprogishard,@aimr0d rawan timpa,1789638153000,,
https://x.com/aimr0d/status/2100436418615242806,,Twitter/X,thehornietzsche,@aimr0d terpantau blom ada yg ngedit pk buku tips2 cpns,1789643159000,,
https://x.com/aimr0d/status/2100436418615242806,,Twitter/X,vediverome,@aimr0d ngakakkk🤣🤣🤣,1789643796000,,
https://x.com/aimr0d/status/2100436418615242806,,Twitter/X,febyandrian_,@aimr0d Gaaaaaa,1789631176000,,
https://x.com/aimr0d/status/2100436418615242806,,Twitter/X,ChewbaccaSmom,@aimr0d Sumpah mending buku ini sih ngl serius inimah 😀,1789690375000,,
https://x.com/aimr0d/status/2100436418615242806,,Twitter/X,rayhanf_nmagna,@aimr0d panther my beloved,1789690837000,,
https://x.com/aimr0d/status/2100436418615242806,,Twitter/X,toemang,@aimr0d 🤣🤣🤣,1789634406000,,
https://x.com/zeavibe/status/2100243711074664705,,Twitter/X,intanriia,@zeavibe @Uniliswara0 Cuma angka kak kita itu 😭,1789572504000,,
https://x.com/zeavibe/status/2100243711074664705,,Twitter/X,NakManank,"@zeavibe @Uniliswara0 Bukan sadarkan, baiknya malah musnahkan aja ga si",1789609985000,,
https://x.com/zeavibe/status/2100243711074664705,,Twitter/X,Aofeiizaphires,@zeavibe @Uniliswara0 Sama-sama lahir dari sendok emas makanya gk pernah rasain rakyat miskin gimana,1789625815000,,
https://x.com/zeavibe/status/2100243711074664705,,Twitter/X,Windrri,"@zeavibe @Uniliswara0 Ya sama aja, kan si mod dukung wowo",1789609454000,,
https://x.com/zeavibe/status/2100243711074664705,,Twitter/X,AnandaAdim,@zeavibe @Uniliswara0 Jgn ngarep sadar SDH watak nya Prabowo keras ngeyel GK pernah BS sadar dia..sadar2 kl udh lengser br sadarr diaa..kl rakyat melengserkan..MK nya THN DPN kita wajib segera kita paksa lengser kan..,1789630736000,,
https://x.com/zeavibe/status/2100243711074664705,,Twitter/X,AzureLancemo6k,@zeavibe @Uniliswara0 Bagi pemerintah kita bukan manusia melainkan angka statistik dan penghasil pajak,1789626409000,,
https://x.com/zeavibe/status/2100243711074664705,,Twitter/X,spicykaredok,@zeavibe @Uniliswara0 Nooooo..  Jangan disadarkan Ya Allah.. diangkut aja secepatnya sebelum dia sadar. Enak aja udah bikin sengsara jutaan manusia tapi masih dikasi taubat 😤,1789623520000,,
https://x.com/zeavibe/status/2100243711074664705,,Twitter/X,iniii_yaaa_,@zeavibe @Uniliswara0 tone deaf final bos Prabowo ni,1789620187000,,
https://x.com/zeavibe/status/2100243711074664705,,Twitter/X,preciousmoon101,"@zeavibe @Uniliswara0 ngapain sadarin, ambil aja ya Allah ambil, itu bibirnya udah struk setengah, yuk bisa separuh lagi yuk",1789595720000,,
https://x.com/zeavibe/status/2100243711074664705,,Twitter/X,johnveyron_jr,@zeavibe @Uniliswara0 Str0ke tinggal menunggu waktunya...,1789608041000,,
https://x.com/GusDikaOfficial/status/2100107947670151584,,Twitter/X,arndycntq,@GusDikaOfficial Ak ga pernah ngikutin artis2 jd gataw:(,1789539772000,,
https://x.com/GusDikaOfficial/status/2100107947670151584,,Twitter/X,keylamand4,"@GusDikaOfficial ak baru tau ini, soalnya gk ngikutin kehidupan artis2",1789540000000,,
https://x.com/GusDikaOfficial/status/2100107947670151584,,Twitter/X,ninauoc,"@GusDikaOfficial Akuu ga terlalu ngikutin jugaa, pikmi kah",1789540328000,,
https://x.com/GusDikaOfficial/status/2100107947670151584,,Twitter/X,pebblues,"@GusDikaOfficial Ga pernah ngikutin dia, tapi di sirkel temanku pada suka diaa.. Jdi cuma tau dikit tapi yaa ga masuk di aku. Yaa ga benci atau suka. Yg ku inget perkara taun kemaren dia kurang speak up mengenai issue Palestine.. Terus udah pada banyak notice hal ini kalau dia tuh tone deaf.",1789549270000,,
https://x.com/GusDikaOfficial/status/2100107947670151584,,Twitter/X,tanpanamaaaaaa_,"@GusDikaOfficial Inget dulu ada yang spil kelakuan emaknya pas di KL pas antri atau apa gitu, emaknya bilang “kamu gak tau anak saya artis terkenal” sampe di buatin thread dulu dan sempat viral juga.",1789575001000,,
https://x.com/GusDikaOfficial/status/2100107947670151584,,Twitter/X,luckterus,"@GusDikaOfficial sebar terus kebencianya bang, biar bisa makan enak dari elon",1789607384000,,
https://x.com/GusDikaOfficial/status/2100107947670151584,,Twitter/X,linda145672,"@GusDikaOfficial Ga tertarik ngikutin kehidupan artis, kecuali idola sendiri dan itupun bukan artis indonesia.",1789633796000,,
https://x.com/GusDikaOfficial/status/2100107947670151584,,Twitter/X,0KTAV1ANUSK0K0H,"Sombong, tone deaf, fake dari dulu. Itu vonis fans yang capek, bukan biografi.

Maudy memang terkesan kaku di banyak cuplikan: senyum tertata, jawaban rapi, jarang “turun” ke guyonan sembarangan. Itu bisa dibaca sombong. Bisa juga dibaca orang yang hidup di jalur prestasi dan dijaga ketat sejak remaja. Dua bacaan itu sah. Yang tidak sah: menyamakan jarak sosial dengan kejahatan karakter, lalu mengajak kerumunan “baru tahu”.

Kelakuan ibu di antrean—kalau thread lama itu akurat—adalah flex orang tua. Menyebalkan. Bukan bukti anaknya palsu. Kontribusi beasiswa, buku, dan kerja publik juga bukan surat suci yang menutup telinga. Boleh tidak suka gayanya. Boleh tidak menonton. Jangan jadikan antipati pribadi sebagai fakta kolektif.

Kalau ada momen spesifik yang benar-benar tone deaf, tempel klipnya. Kalau yang ada hanya rasa “dia tidak selevel ngobrol sama kita”, itu selera, bukan dakwaan.",1789616861000,,
https://x.com/GusDikaOfficial/status/2100107947670151584,,Twitter/X,al_erm99,"@GusDikaOfficial dulu udah ada yang tau bang, sekarang makin banyak yang tau",1789585507000,,
https://x.com/GusDikaOfficial/status/2100107947670151584,,Twitter/X,seekracle,@GusDikaOfficial Banyak yang ketipu dengan gelar intelektualnya. 🤣,1789579874000,,
https://x.com/GusDikaOfficial/status/2100107947670151584,,Twitter/X,boyTanWijaya,"@GusDikaOfficial dari Maudy kita belajar untuk lebih perduli sama sekitar dalam agama aja d kasih Tau rezeki yg loe punya 2,5% nya hak orang lain",1789598117000,,
https://x.com/GusDikaOfficial/status/2100107947670151584,,Twitter/X,dcsjung,@GusDikaOfficial iyakan ditambah mamaknya yg doyan pamer anaknya,1789552513000,,
https://x.com/GusDikaOfficial/status/2100107947670151584,,Twitter/X,intan_jeanie,@GusDikaOfficial Dari dulu udah ga suka si 😄,1789618784000,,
https://x.com/GusDikaOfficial/status/2100107947670151584,,Twitter/X,wkzloll,"@GusDikaOfficial opini temenku, wdyt? https://t.co/HszXfHHdxn",1789575611000,,
https://x.com/GusDikaOfficial/status/2100107947670151584,,Twitter/X,wtshwanv,@GusDikaOfficial masa di tiktok kita semua yg kritik maudy dibilang crab mentality😭 katanya kita ga nangkep omongan dia pada salah paham😭😭 tauk deh ah pusing,1789566088000,,
https://x.com/GusDikaOfficial/status/2100107947670151584,,Twitter/X,GloryDa31521898,"@GusDikaOfficial Ga ngikutin maudy. Tp pernah ga sengaja nonton short vid atau apa gitu.. maudy lg diajak ngobrol dan bercanda tp dia acuh aja. Kayaknya emang tipikal orangnya begitu, kalo mau ngobrol dsb  sama dia juga harus pada level yg sama. Kalo gak selevel dia ga mau nanggepin. 😂",1789544561000,,
https://x.com/GusDikaOfficial/status/2100107947670151584,,Twitter/X,Mar1970203,"@GusDikaOfficial ""Keliatannya"". Oo kirain faktanya",1789558144000,,
https://x.com/GusDikaOfficial/status/2100107947670151584,,Twitter/X,fckoffbitj,"@GusDikaOfficial jir aku baru liat beritanya, baru keluar goa",1789587411000,,
https://x.com/GusDikaOfficial/status/2100107947670151584,,Twitter/X,diahish,@GusDikaOfficial Udah keliatan dari dulu si kakk,1789584304000,,
https://x.com/GusDikaOfficial/status/2100107947670151584,,Twitter/X,klee_unyah,"@GusDikaOfficial aku gangitungin sih kak, baru tau aja ternyata selantam itu",1789572651000,,
https://x.com/GusDikaOfficial/status/2100107947670151584,,Twitter/X,cho0ttalgi,@GusDikaOfficial X adalah sebenar benarnya kandang simpanse🤣 no debat ya🤣,1789609677000,,
https://x.com/szuvdai/status/2100152605104292084,,Twitter/X,PurnamaH89,@szuvdai Asupan lokal nih,1789579943000,,
https://x.com/SiPalingSPd/status/2100043376548773976,,Twitter/X,HNGKY_ARY,"@SiPalingSPd @dosenkesmas main film, rilis album musik, bintang iklan 😅",1789524557000,,
https://x.com/SiPalingSPd/status/2100043376548773976,,Twitter/X,land_yok,@SiPalingSPd @dosenkesmas bintang iklan produk pendukung izrahell. 😁,1789525135000,,
https://x.com/SiPalingSPd/status/2100043376548773976,,Twitter/X,inneosoul,@SiPalingSPd @dosenkesmas nah ini dia pertanyaan gw,1789524812000,,
https://x.com/SiPalingSPd/status/2100043376548773976,,Twitter/X,H3ll_boy99,@SiPalingSPd @dosenkesmas Bayar pajak,1789527937000,,
https://x.com/SiPalingSPd/status/2100043376548773976,,Twitter/X,amanadette,@SiPalingSPd @dosenkesmas Dia bangun yayasan maudy ayunda foundation coba aja liat sndiri dan scrol ig nya jga udh bnyak dan ig bisnisnya,1789533270000,,
https://x.com/jorgianaaa/status/2100360619031773515,,Twitter/X,whimssically,@jorgianaaa terlalu terpaku buat liat artis/influencer yang melek sama isu negara sampe lupa buat diri sendiri melek kalau yang diurusin tuh artis🤤,1789679729000,,
https://x.com/jorgianaaa/status/2100360619031773515,,Twitter/X,violetarebIue,"@jorgianaaa intinya stop menabikan influencer, ntar kecewa sendiri kalian",1789604985000,,
https://x.com/jorgianaaa/status/2100360619031773515,,Twitter/X,doubleFnyadua,"@jorgianaaa Dari jaman sekolah, pengkultusan ke influencer kagak berubah” 
Dulu hero, sekarang villain vice versa

Gitu aja terus",1789603466000,,
https://x.com/jorgianaaa/status/2100360619031773515,,Twitter/X,AprilAlina112,"@jorgianaaa Org kita latah. Suka mendewakan suatu tokoh. Ini sebabnya presiden skrng wowo krn emg org pada latah, pas mayoritas suka ikut""an suka. Cih. Skrng baru nyesel.",1789652147000,,
https://x.com/jorgianaaa/status/2100360619031773515,,Twitter/X,cupang_fish,"@jorgianaaa Orang kita mah gausah influencer/artis, tokoh agama atau tokoh politik aja di sembah segitunya wkwkwkwk.",1789654453000,,
https://x.com/jorgianaaa/status/2100360619031773515,,Twitter/X,great_fleet,@jorgianaaa Marissa Anita?,1789612891000,,
https://x.com/jorgianaaa/status/2100360619031773515,,Twitter/X,allegrisaurus,@jorgianaaa Marissa Anita namanya,1789647054000,,
https://x.com/jorgianaaa/status/2100360619031773515,,Twitter/X,TejaAru05798875,@jorgianaaa Aku udah lama ninggalin kalcer ini Jor. Sayang banget sosmed buat hiburan diisi manusia-manusia berasa dewa Yunani kek mereka,1789617050000,,
https://x.com/jorgianaaa/status/2100360619031773515,,Twitter/X,gahana5150,"@jorgianaaa Gue ga habis pikir kenapa mereka follow artis2 dan influencer  hanya krn mereka TERKENAL, terkenal krn kecantikan/ kegantengan nya, terkenal krn tajir nya dan semacamnya, sampai2 jadi topik bahasan sehari-hari. Wkwkwkwk hal paling sampah menurut gue. Pantes Indon blangsak 😅",1789609321000,,
https://x.com/jorgianaaa/status/2100360619031773515,,Twitter/X,anchlobri,@jorgianaaa sekiranya masih main kultus2an ya gitu lah stuck,1789602484000,,
https://x.com/jorgianaaa/status/2100360619031773515,,Twitter/X,cho2MLHC,@jorgianaaa Dari awal ada influencer medsos udah merasa aneh,1789618213000,,
https://x.com/jorgianaaa/status/2100360619031773515,,Twitter/X,fauvineyard,@jorgianaaa Semua kecuali Shahnaz Soehartono yang udah cabut duluan (jadi caturtera). @S_Mariela_S,1789633272000,,
https://x.com/jorgianaaa/status/2100360619031773515,,Twitter/X,rahadianarief,"@jorgianaaa Orang sini kebanyakan jadiin influencer sebagai berhala mereka, jadi hal gini bakal keulang lagi dikemudian hari 😌",1789603146000,,
https://x.com/jorgianaaa/status/2100360619031773515,,Twitter/X,duc_of_nowhere,"@jorgianaaa Oh, Marissa Anita.",1789619336000,,
https://x.com/jorgianaaa/status/2100360619031773515,,Twitter/X,Shinjiikarirm,@jorgianaaa Berharap ke manusia ya pasti kecewa,1789655248000,,
https://x.com/jorgianaaa/status/2100360619031773515,,Twitter/X,catatanikanasin,"@jorgianaaa Hear, Hear",1789632294000,,
https://x.com/jorgianaaa/status/2100360619031773515,,Twitter/X,tidakaruan,@jorgianaaa Yas! Start reading shits and become your own influencer. Stop idolising people,1789638307000,,
https://x.com/jorgianaaa/status/2100360619031773515,,Twitter/X,odyyodisini,"@jorgianaaa Karena pada males gerak bareng maka larinya dengan nitip nasib, nitip nasib sering kali berujung penokohan.",1789607628000,,
https://x.com/jorgianaaa/status/2100360619031773515,,Twitter/X,winaldaism,@jorgianaaa Sudah sering gw bilang. i'll die on this hill,1789633517000,,
https://x.com/jorgianaaa/status/2100360619031773515,,Twitter/X,BaruBubar,"@jorgianaaa kalo mengecewakan, unfollow
kalo membanggakan, follow

sama liat konsistensinya

sesederhana itu aja ngga sih ._.",1789630493000,,
https://x.com/jorgianaaa/status/2100360619031773515,,Twitter/X,iiosomnia,@jorgianaaa mitos satria piningit,1789608698000,,
https://x.com/jorgianaaa/status/2100360619031773515,,Twitter/X,semubelaka_,@jorgianaaa Ferry Irwandi when :(,1789632180000,,
https://x.com/plisitin/status/2100217381293633882,,Twitter/X,TenpolesDaily,@plisitin Kok kayak tau ya,1789568361000,,
https://x.com/plisitin/status/2100217381293633882,,Twitter/X,hehendasmu,@plisitin The true mindfulness https://t.co/dJSEaSLkWD,1789566420000,,
https://x.com/plisitin/status/2100217381293633882,,Twitter/X,thisizneverthat,@plisitin Maudy apa in aja boleh,1789565880000,,
https://x.com/plisitin/status/2100217381293633882,,Twitter/X,Rienoir,@plisitin Eits nga kena,1789567254000,,
https://x.com/plisitin/status/2100217381293633882,,Twitter/X,whitesneaker,@plisitin Maudy kembang tengah malam,1789566845000,,
https://x.com/plisitin/status/2100217381293633882,,Twitter/X,abbyyysm,"@plisitin Sempet bingung itu mirip jkw atau gbrn, karena mirip dua duanya
Baru kepikiran klo mereka emang related jadi ya wajar mirip🙂‍↕️",1789568314000,,
https://x.com/plisitin/status/2100217381293633882,,Twitter/X,HILARlO,@plisitin Maudy katakan apa lagi kita tak akan berak kangkung https://t.co/5OUKaM9tD3,1789570370000,,
https://x.com/plisitin/status/2100217381293633882,,Twitter/X,ribkaaacs,@plisitin Damnnnn https://t.co/kGGlaB6ZyK,1789568918000,,
https://x.com/plisitin/status/2100217381293633882,,Twitter/X,Elllyourbae,@plisitin Mau di ayunan nda?,1789566443000,,
https://x.com/plisitin/status/2100217381293633882,,Twitter/X,karipiw,@plisitin SUMPAH LU DIEM😭,1789571220000,,
https://x.com/plisitin/status/2100217381293633882,,Twitter/X,lahmiacx,"@plisitin maudy ayu—ndak tau, kok tanya saya",1789569834000,,
https://x.com/plisitin/status/2100217381293633882,,Twitter/X,wildorbite,@plisitin WKWKWKW anjg,1789567299000,,
https://x.com/plisitin/status/2100217381293633882,,Twitter/X,thinkerbellf,@plisitin WKWKKWWKWKWKKWKWKWKWKWKWK,1789579608000,,
https://x.com/plisitin/status/2100217381293633882,,Twitter/X,Baqithadwi_,@plisitin WKWKWKWKKW,1789571941000,,
https://x.com/plisitin/status/2100217381293633882,,Twitter/X,ciwighibli,@plisitin BANGKEE😭😭,1789567083000,,
https://x.com/plisitin/status/2100217381293633882,,Twitter/X,soleilmistea,@plisitin BABIII,1789649591000,,
https://x.com/plisitin/status/2100217381293633882,,Twitter/X,lafmsla,@plisitin Anj yg ngedit😭🤣,1789651692000,,
https://x.com/plisitin/status/2100217381293633882,,Twitter/X,djembadje,@plisitin https://t.co/H69YX1xwAL,1789642064000,,
https://x.com/plisitin/status/2100217381293633882,,Twitter/X,mickeymoze,@plisitin lucu bgt lagi,1789636351000,,
https://x.com/plisitin/status/2100217381293633882,,Twitter/X,naebibibi,@plisitin Maudyngdingpakdingding oy dingdingpakdingding,1789568284000,,
https://x.com/plisitin/status/2100217381293633882,,Twitter/X,frogman047,@plisitin YNTKTS,1789617057000,,
https://x.com/plisitin/status/2100217381293633882,,Twitter/X,velvetxsummer,@plisitin 😱😭,1789587562000,,
https://x.com/plisitin/status/2100217381293633882,,Twitter/X,muflihfaqih,"stoik ala ferry irwandi
mindful ala maudy ayunda
islam ala prabowo
hompimpah ala yum gambreng",1789628076000,,
https://x.com/kaniawiza/status/2100156195151696301,,Twitter/X,catdrivingAlgo,@kaniawiza Ada nih full lokalan,1789563895000,,
https://x.com/kaniawiza/status/2100156195151696301,,Twitter/X,vvipxviralll,@kaniawiza aku punya asupan lokal terbaru nih,1789561242000,,
https://x.com/kaniawiza/status/2100156195151696301,,Twitter/X,0gtk5j321,@kaniawiza Asupan full percakapan nihh beb,1789554263000,,
https://x.com/kaniawiza/status/2100156195151696301,,Twitter/X,ConstableM97493,@kaniawiza Bkp full lokal kk,1789554259000,,
https://x.com/kaniawiza/status/2100156195151696301,,Twitter/X,Jonathan_lpn13,@kaniawiza ad nih lokalan viral,1789577555000,,
https://x.com/kaniawiza/status/2100156195151696301,,Twitter/X,PurnamaH89,@kaniawiza Asupan lokal nih,1789579871000,,
https://x.com/kaniawiza/status/2100156195151696301,,Twitter/X,nayadiyan,@kaniawiza Sini banyak lokal,1789576759000,,
https://x.com/kaniawiza/status/2100156195151696301,,Twitter/X,Boo_Bear4Ezy,@kaniawiza Ad asupan lokal nih,1789576508000,,
https://x.com/kaniawiza/status/2100156195151696301,,Twitter/X,prayiluneh,@kaniawiza Banyak asupan nih,1789579031000,,
https://x.com/kaniawiza/status/2100156195151696301,,Twitter/X,ylmaz_gizem,@kaniawiza Bkp full lokal kk,1789581336000,,
https://x.com/kaniawiza/status/2100156195151696301,,Twitter/X,gof4rr,@kaniawiza Namanya siapa?,1789586365000,,
https://x.com/kaniawiza/status/2100156195151696301,,Twitter/X,HopeGreenGGS28T,@kaniawiza cek sini lokal viral,1789576756000,,
https://x.com/pedrireun/status/2100717130903945572,,Twitter/X,pedrireun,@kozirama alias yg ga napak tanah 😌,1789693651000,,
https://x.com/coffebit/status/2100596920083464314,,Twitter/X,jawafess,@coffebit Maudy Ayunda kiro2 tau ngrasakke madang nang wajan ra yo? Lawuh jangan koret2an,1789656673000,,
https://x.com/coffebit/status/2100596920083464314,,Twitter/X,PorosHalangID,@coffebit Bayangke Maudy dadi fans MU.,1789664093000,,
https://x.com/coffebit/status/2100596920083464314,,Twitter/X,shitnvrhappened,@coffebit opo meneh fans emyu,1789656375000,,
https://x.com/coffebit/status/2100596920083464314,,Twitter/X,OmWika,"@coffebit Nadin bilang ""jadilah kaya agar lebih mudah berbuat baik""

Maudy Ayunda kaya, tapi dengan MINDFULLNESSnya malah terkesan tuli dan buta terhadap org sekitar dan akar rumput. Jahat",1789703231000,,
https://x.com/coffebit/status/2100596920083464314,,Twitter/X,gumirlangg,"@coffebit duit e ngepres tapi sawah e jembar, mulo adem ayem saben dino ngopi ndan sampean @morinagan0tchil",1789663627000,,
https://x.com/coffebit/status/2100596920083464314,,Twitter/X,Prasoyte_,"@coffebit wong wis dikandani, meh kepie o nek duite turah"" ki tetep penak. meh MU kalah ping swidakrolas wae nek duitmu akeh yo tetep teteg.",1789661950000,,
https://x.com/coffebit/status/2100596920083464314,,Twitter/X,zaaenaall,@coffebit piye carane mindfullness nek 2jt dinggo sak ulan hu?,1789699996000,,
https://x.com/coffebit/status/2100596920083464314,,Twitter/X,louderthanbomz,@coffebit Masio ngombe kopi sa teko tetepan panggah mumet,1789710183000,,
https://x.com/coffebit/status/2100596920083464314,,Twitter/X,cbangun15,@coffebit laptop mu karo nggone Maudy apik endi bit?,1789696658000,,
https://x.com/coffebit/status/2100596920083464314,,Twitter/X,goesdut,@coffebit Awak dewe asline yo iso mindfull. Soale pikirane full masalah terus.,1789708935000,,
https://x.com/coffebit/status/2100596920083464314,,Twitter/X,akunbermanfaat,@coffebit percuma mindfullness tapi gatau mangan mi ayam 10rb,1789662763000,,
https://x.com/coffebit/status/2100596920083464314,,Twitter/X,Sisoneto_,"@coffebit Lha iyo to, dee paling yo urung ngrasakne jangan nget ngetan",1789692463000,,
https://x.com/coffebit/status/2100596920083464314,,Twitter/X,peacefreedom__,"@coffebit @KreakSemarang leres cak
wayahe turu ate kerjo meneh cak",1789659250000,,
https://x.com/coffebit/status/2100596920083464314,,Twitter/X,atmaeeee,"@coffebit Jal kon mikir gaji umr jawa tengah, seh kon bayari utang wong tuone.",1789660486000,,
https://x.com/coffebit/status/2100596920083464314,,Twitter/X,trunkszoldyck,@coffebit 😭😭,1789666172000,,
https://x.com/coffebit/status/2100596920083464314,,Twitter/X,lonthongijo,"@coffebit Tapi bojone wong korea, rodok mesakke sih malahan 😅😅🙏",1789693265000,,
https://x.com/coffebit/status/2100596920083464314,,Twitter/X,mishimakazuyaaa,@coffebit Mlayune yo neng mie ayam sampek blokeken,1789658008000,,
https://x.com/coffebit/status/2100596920083464314,,Twitter/X,iki_pedia,@coffebit katak dalam tempurung,1789698317000,,
https://x.com/coffebit/status/2100596920083464314,,Twitter/X,TenpolesDaily,@coffebit NK duite ngepres pie2 panggah mumet mas bit,1789657982000,,
https://x.com/coffebit/status/2100596920083464314,,Twitter/X,pem3rintah,@coffebit https://t.co/DZYpi9iqwx,1789658024000,,
https://x.com/coffebit/status/2100596920083464314,,Twitter/X,_brucesil,@coffebit leres om,1789662891000,,
https://x.com/coffebit/status/2100596920083464314,,Twitter/X,underraded,@coffebit lhayoo kon njajal bos,1789693585000,,
https://x.com/coffebit/status/2100596920083464314,,Twitter/X,DMZZH,"@coffebit Belum lagi mikir duet RB LB 
cristiano dalot - lionel dorgu",1789664545000,,
https://x.com/coffebit/status/2100596920083464314,,Twitter/X,puttyourdream,@coffebit lek aku panggah tak setel los krn onok Allah,1789663172000,,
https://x.com/kyunata_/status/2100072925076267084,,Twitter/X,taniest,"@kyunata_ @Saint_Inang @dosenkesmas asli, she just simply being capitalist nan exploitative, i mean gaada tuh yang dia bener2 mengabdi buat indonesia as an lpdp awardee, tanpa take any of those “keuntungan”",1789576221000,,
https://x.com/kyunata_/status/2100072925076267084,,Twitter/X,pengenliatbayi,@kyunata_ @Saint_Inang @dosenkesmas Itu mah bukan kontribusi heeh 💀,1789543569000,,
https://x.com/kyunata_/status/2100072925076267084,,Twitter/X,mzmzmzmfk,@kyunata_ @Saint_Inang @dosenkesmas Aww let's give a room for the rich's mental health and spare a good vibe their lil family 🥹,1789553774000,,
https://x.com/coffebit/status/2100596920083464314,,Twitter/X,jawafess,🙏🏻🙏🏻 https://t.co/pPb5gTQkW4,1789660140000,,
https://x.com/Schiaparely/status/2100035139820826777,,Twitter/X,mrskoch23,@Schiaparely @WOLF_of_IHSG Maklum fansnya si mod garis keras,1789539358000,,
https://x.com/Schiaparely/status/2100035139820826777,,Twitter/X,mamakamusukaaku,@Schiaparely @WOLF_of_IHSG https://t.co/GRwxzNnOad,1789551822000,,
https://x.com/zalkad/status/2100086210295447667,,Twitter/X,sejak2006,@zalkad para penakut penakut berpendidikan,1789556229000,,
https://x.com/zalkad/status/2100086210295447667,,Twitter/X,sipalinglogstic,"@zalkad Memang sebaiknya ga usah meng-ini2kan influenser/ artis ya, pak.",1789541583000,,
https://x.com/zalkad/status/2100086210295447667,,Twitter/X,0KTAV1ANUSK0K0H,"“Milyaran sudah kamu habiskan untuk sekolah, ujung-ujungnya medioker.” Kalimat ini terdengar seperti audit. Isinya penilaian selera.

PPE Oxford bukan LPDP. Yang sering disebut pakai dana LPDP justru S2 Stanford. Mencampur keduanya biar tagihannya kelihatan lebih besar. LPDP juga bukan kontrak menjadi komentator politik. Kewajibannya: selesai studi, kembali, bakti 2n+1. Bukan wajib thread tiap kali negara bergejolak.

Medioker menurut siapa? Orang yang lulus PPE + MBA + MA Education, punya yayasan, bisnis, dan platform, lalu dibilang gagal karena tidak berteriak sesuai mood timeline. Itu bukan ukuran prestasi. Itu ukuran kepatuhan opini. Kalau standarnya “alumni Oxford harus jadi oposisi,” hampir semua lulusan luar negeri Indonesia akan divonis medioker.

Yang sah dari kritik awal: video *mindfulness* terdengar seperti hak istimewa. Menutup jendela dari kabar buruk itu mudah kalau dapur tidak bergantung pada berita itu. Banyak penontonnya tidak punya pilihan yang sama. Di situ Maudy bisa dibilang tone-deaf. Tidak otomatis bodoh, tidak otomatis pemboros pajak.

Ekspektasi berlebihan memang ada. Publik menaruh gelar Ivy League seolah ijazah aktivisme. Padahal gelar hanya alat. Alat itu bisa dipakai bikin kebijakan, bikin sekolah, atau bikin konten merawat diri. Kecewa boleh. Jangan lalu menyamakan diam dengan pengkhianatan beasiswa. Yang perlu ditagih ke awardee LPDP adalah laporan bakti, bukan volume teriakan.",1789552383000,,
https://x.com/zalkad/status/2100086210295447667,,Twitter/X,feedos,@zalkad Apakah ngga ada yg kepikiran ybs diduga dibayar sbg propaganda media dr konoha ?,1789614231000,,
https://x.com/zalkad/status/2100086210295447667,,Twitter/X,natsenatt,@zalkad kamu terheran-heran kan bang? apalagi aku😭,1789608465000,,
https://x.com/zalkad/status/2100086210295447667,,Twitter/X,menggrutu,@zalkad Dibayarin LPDP stanford performa BSI,1789612195000,,
https://x.com/Strategi_Bisnis/status/2100523962212225334,,Twitter/X,kaca_soca,@Strategi_Bisnis Tapi... Yg dulu awal diakusisi djarum malah tutup... Masih ingat kisah  kaskus?,1789652695000,,
https://x.com/Strategi_Bisnis/status/2100523962212225334,,Twitter/X,darkmatterz,"@Strategi_Bisnis Om serius? Itu cuman diangka 15-20? Koq (maaf) murah banget. Bukannya mereka media terkemuka ya?
Mksdnya impact intangible mereka gde bgt, itu berdasarkan valuasi nilai aset kah?
Jual 1 RR Phantom bisa kebeli media sekelas itu? Tdnya kirain udh 200-300 ke atas lho",1789691067000,,
https://x.com/Strategi_Bisnis/status/2100523962212225334,,Twitter/X,tyo_djo,"@Strategi_Bisnis najwa ga senyaring kemarin2 mgk krn dia paham lawannya kali ini ga se""gemoy"" dan se""lucu"" itu untuk di kritik. bisa jadi byk intimidasi dan tekanan yg datang. ya realistis aja lah, mendingan cari aman..😅",1789696177000,,
https://x.com/Strategi_Bisnis/status/2100523962212225334,,Twitter/X,omsenank1,"@Strategi_Bisnis Ooo makanya gak vokal lagi, melempen cari aman
Tante @NajwaShihab @NarasiNewsroom",1789657512000,,
https://x.com/Strategi_Bisnis/status/2100523962212225334,,Twitter/X,TongTji789,"@Strategi_Bisnis Penguatan Ekosistem dan Integrasi Digital Grup Djarum: Kumparan, IDN Times, Kaskus, Blibli, Tiket dot-com, &amp; Mola (yg lagi drop). Jadi strategic digital backup ke bisnis utama: rokok &amp; bank.

So far, tahun ini masih pasar Eropa yang digarap. Who knows next year...",1789643162000,,
https://x.com/Strategi_Bisnis/status/2100523962212225334,,Twitter/X,nanabinhariyati,"@Strategi_Bisnis Mba najwa udah bertahan hidup aja udah alhamdulillah, ga kebayang rasanya ditinggal suami, dia dah pnh kehilangan anak, skrg pun belahan jiwanya pulang dluan.",1789685256000,,
https://x.com/Strategi_Bisnis/status/2100523962212225334,,Twitter/X,dnnda25,"@Strategi_Bisnis Di awal nyudutin mba najwa, di akhir cantumin link affiliate dari bukunya. Wow 🙂",1789687179000,,
https://x.com/Strategi_Bisnis/status/2100523962212225334,,Twitter/X,darylopx,@Strategi_Bisnis Orang tuh lupa.... Najwa dah gak punya suami.,1789645968000,,
https://x.com/Strategi_Bisnis/status/2100523962212225334,,Twitter/X,dwioktanugroho,@Strategi_Bisnis Narasi yang asyik klo ngulik kasus kasus ngeri yg lagi hot...,1789657554000,,
https://x.com/Strategi_Bisnis/status/2100523962212225334,,Twitter/X,TonnyKusuma3,@Strategi_Bisnis Zen RS tetep ngikut Narasi apa ngikut Najwa?,1789713687000,,
https://x.com/Strategi_Bisnis/status/2100523962212225334,,Twitter/X,oggix,@Strategi_Bisnis Estimasi based on apa itu?,1789650016000,,
https://x.com/Strategi_Bisnis/status/2100523962212225334,,Twitter/X,Dandhy_Laksono,"Rezim Soeharto jatuh karena satu keluarga sudah terdampak:

Bapaknya nganggur, ibunya gak bisa beli sembako, anak-anaknya digebukin tentara atau diculik. https://t.co/CE2ecF24xP",1789691921000,,
https://x.com/SBKCF/status/2100462454736126186,,Twitter/X,MusicianCavalry,@SBKCF ojok parkir kono mas,1789702789000,,
https://x.com/SBKCF/status/2100462454736126186,,Twitter/X,nyambatlifeuu,"@SBKCF maudy ayunda? nda
maudy ceburinda? mau",1789652900000,,
https://x.com/SBKCF/status/2100462454736126186,,Twitter/X,ghisslan,@SBKCF Tempat parkir bukan disitu mas,1789651333000,,
https://x.com/SBKCF/status/2100462454736126186,,Twitter/X,cairismorven,@SBKCF Mangkane mancing kuwi ojok sambil nyender motor lek,1789655845000,,
https://x.com/SBKCF/status/2100462454736126186,,Twitter/X,akudinos,@SBKCF koo bisaaa nyelupp itu lo,1789657175000,,
https://x.com/SBKCF/status/2100462454736126186,,Twitter/X,oceanschime,@SBKCF umpan mancing ta,1789700682000,,
https://x.com/SBKCF/status/2100462454736126186,,Twitter/X,djembadje,"@SBKCF Motor nyemplung minta tolong ❌
Motor nyemplung bikin video ✅",1789705662000,,
https://x.com/SBKCF/status/2100462454736126186,,Twitter/X,perhapsyourss,@SBKCF @menuembegejelek Koiso nyemplung kronologine piye lek? 😭,1789707341000,,
https://x.com/SBKCF/status/2100462454736126186,,Twitter/X,AdmiralGonn,@SBKCF Luweh romantis seko scene titanic masse,1789656311000,,
https://x.com/SBKCF/status/2100462454736126186,,Twitter/X,noone5758,@SBKCF @filgewd Adegan jake and rose Titanic 2,1789659565000,,
https://x.com/SBKCF/status/2100462454736126186,,Twitter/X,raffly_88,@SBKCF Dipakani opo mas iku kok iso guede iwake?,1789649974000,,
https://x.com/SBKCF/status/2100462454736126186,,Twitter/X,hirokatwa,@SBKCF joh malah ciblon,1789657649000,,
https://x.com/SBKCF/status/2100462454736126186,,Twitter/X,xzyland_4fy,"@SBKCF tumben sampe mati, biasa tetep gacor dia itu si supra x 😭🤣",1789639277000,,
https://x.com/SBKCF/status/2100462454736126186,,Twitter/X,ayangnyaliam,@SBKCF malah kungkum motor e,1789708012000,,
https://x.com/SBKCF/status/2100462454736126186,,Twitter/X,2004wildfire,@SBKCF @binuuy,1789692000000,,
https://x.com/SBKCF/status/2100462454736126186,,Twitter/X,mongsjun,@SBKCF 😭😂,1789703615000,,
https://x.com/SBKCF/status/2100462454736126186,,Twitter/X,wildanja0L,@SBKCF slulup sek batok e,1789690639000,,
https://x.com/SBKCF/status/2100462454736126186,,Twitter/X,Calciverr,@SBKCF aduh,1789645022000,,
https://x.com/SBKCF/status/2100462454736126186,,Twitter/X,fantasiunix,@SBKCF Karismatik,1789690549000,,
https://x.com/SBKCF/status/2100462454736126186,,Twitter/X,3usri,@SBKCF motor bebek,1789632914000,,
https://x.com/SBKCF/status/2100462454736126186,,Twitter/X,deannial_,@SBKCF Let dem,1789660961000,,
https://x.com/nghnapaydn/status/2100451243261104390,,Twitter/X,snarssa,@nghnapaydn Cek profil bolo,1789700923000,,
https://x.com/nghnapaydn/status/2100451243261104390,,Twitter/X,FrankBakerrlxi,@nghnapaydn Hdhd,1789621606000,,
https://x.com/nghnapaydn/status/2100451243261104390,,Twitter/X,RAMALANFILM,@nghnapaydn mampir king,1789630498000,,
https://x.com/nghnapaydn/status/2100451243261104390,,Twitter/X,catdrivingAlgo,@nghnapaydn Ada nih full lokalan,1789629849000,,
https://x.com/nghnapaydn/status/2100451243261104390,,Twitter/X,FrankBakerrlxi,@nghnapaydn Hehhe,1789621608000,,
https://x.com/nghnapaydn/status/2100451243261104390,,Twitter/X,0gtk5j321,@nghnapaydn Asupan full percakapan nihh beb,1789639502000,,
https://x.com/nghnapaydn/status/2100451243261104390,,Twitter/X,vvipxviralll,@nghnapaydn aku punya asupan lokal terbaru nih,1789632939000,,
https://x.com/nghnapaydn/status/2100451243261104390,,Twitter/X,gsp201052,@nghnapaydn Asupan full lokal kk,1789639507000,,
https://x.com/nghnapaydn/status/2100451243261104390,,Twitter/X,ConstableM97493,@nghnapaydn Bkp full lokal kk,1789639497000,,
https://x.com/nghnapaydn/status/2100451243261104390,,Twitter/X,KENIKMATAN77,@nghnapaydn mampir kk,1789630228000,,
https://x.com/nghnapaydn/status/2100451243261104390,,Twitter/X,LARISMAN1S,@nghnapaydn mampir kk,1789630408000,,