post_url,comment_id,platform,author,comment_text,date,Views,sentiment,like,reply
https://www.youtube.com/watch?v=r1DSH9AQXLU,UgwqjFGqZoEtd9QCKUV4AaABAg,Youtube,@modmedia,"Hai teman-teman, 

Terima kasih untuk semua komentar dan perspektif yang disampaikan di sini. Aku sudah membaca banyak di antaranya, dan ada satu hal penting yang aku sadari belum cukup aku sampaikan di video ini.

Being able to step away from the news is itself a privilege. Tidak semua orang punya pilihan itu, terutama ketika apa yang terjadi berdampak langsung pada kehidupan, keluarga, pekerjaan, atau komunitasnya. Aku minta maaf karena bagian ini belum cukup aku refleksikan di videonya. 

Waktu membuat video ini, aku sebenarnya sedang berbagi refleksi tentang suatu struggle pribadi: bagaimana tetap peduli dan mengikuti apa yang terjadi, sambil menjaga diri supaya kita tetap bisa hadir dan engage dengan lebih berarti.

The situations we are dealing now are so frustrating and heartbreaking… adanya Karhutla, bencana gempa, berbagai kebijakan dan program yg ngga tepat sasaran dan berdampak langsung pada masyarakat, maupun berbagai isu-isu lain yg jg sama pentingnya. This is such an exceptionally hard time, for those impacted communities especially, and they need all support and visibility they can get.

Aku sama sekali tidak ingin mindfulness menjadi alasan untuk tidak peduli atau menjauh dari realita yang ada. Apalagi ajakan untuk berdiam diri, ataupun melihat seolah keadaan baik-baik saja. Malah, mindfulness ini membuat aku bisa melihat sebab akibat secara jelas, membantu kita tetap peduli dan hadir, dan tetap peka terhadap terhadap apa yang dirasakan mereka yang terdampak.

Terima kasih untuk teman-teman yang sudah meluangkan waktunya untuk mengingatkanku dan menambahkan perspektif menjadi lebih luas dan lebih dalam. Aku dengar dan aku hargai feedbacknya. I’m listening and learning. 🙏",21 hours ago (edited),,,,429
https://www.youtube.com/watch?v=r1DSH9AQXLU,Ugytkm5Mm0fg863IVsh4AaABAg,Youtube,@ms.4976,"Nirempati.
Kalau tidak ada keinginan membantu, lebih baik diam daripada mengajak orang lain untuk ikut-ikutan tone deaf.
Berita bencana disamakan dengan berita buruk yang mempengaruhi kedamaian pikiran. 
Berita bencana itu bukan sekedar berita kosong tapi kenyataan buruk bagi mereka yang terkena musibah.
Kalau kamu mau tenang, cukup menjadi ""tuli"" sendiri, bukan malah mengajak khalayak umum dan dengan bangganya di-upload.",20 seconds ago,,,,0
https://www.youtube.com/watch?v=r1DSH9AQXLU,Ugw8JBTk1cwr3WLlzvl4AaABAg,Youtube,@doddydarmawan3720,"Jadi dia bilang ""your problem is not my problem, so i want stress about it""",1 minute ago,,,,0
https://www.youtube.com/watch?v=r1DSH9AQXLU,Ugwew7_KjV9ikXgxuyR4AaABAg,Youtube,@RisnaAgustian00,"Gausah kaget lah dia tuh emang nirempati aja dan ganapak tanah.
Tipical pejabat indon kan begini.",1 minute ago,,,,0
https://www.youtube.com/watch?v=r1DSH9AQXLU,UgwKIiNeHHlMNsJiX-B4AaABAg,Youtube,@fa.8441,"Tidaak bermaksud untuk membela, tapi aku ingin memberikan pendapat pribadi (sekali lagi, pribadi) dari pengalamanku.

Aku sudah akrab dengan konsep Mindfullness, Stoic, Negativity Bias, Self-awareness, dan Overwhelme jauh sebelum kondisi atau berita buruk Indonesia saat ini. Dan aku merasa video ini sepertinya bukan untuk para korban yang berdampak langsung.

Aku pernah mengalami overwhelming terhadap berita World War 3 kala itu. Aku tetap ingin tau perkembangan terbaru beritanya, tapi kapasitas mentalku tidak cukup. Akhirnya aku anxious. Di titik itu lah aku belajar tentang Mindfulness terhadap berita buruk: untuk sadar dengan kondisiku pada detik itu, bukan pada kekhawatiranku di masa mendatang. Belajar Stoic: untuk fokus pada apa yang bisa aku kontrol. Dan itu membantuku keluar dari rasa anxious, aku bisa kembali beraktifitas normal dengan sesekali mengikuti perkembangan di media sosial. Karena yang dimaksud dalam video pun bukan mengartikan bahwa kita harus 'tidak peduli' pada apa yang terjadi, tapi ambil sejenak jeda untuk 'peduli' pada kesehatan mental diri sendiri.

Jadi buat aku yang bukan korban berdampak langsung tetapi masih ingin mengetahui perkembangan beritanya, rasanya video ini tidak menjadi sebuah masalah. Aku masih bisa tetap berempati dari jauh dengan para korban, tapi juga sadar dengan kapasitas mental diri sendiri.

Terima kasih",1 minute ago,,,,0
https://www.youtube.com/watch?v=r1DSH9AQXLU,Ugwi9rsQwqb25RaZU-x4AaABAg,Youtube,@pipitmukriawhulandary3907,"Aku pikir video masih baru,, ternyata udah 3 Mingguan dan baru jadi trending baru-baru ini..",1 minute ago,,,,0
https://www.youtube.com/watch?v=r1DSH9AQXLU,UgxNuGUAtbWk4ogH21t4AaABAg,Youtube,@anisamursalina6494,"I liked you, what a shame :(",2 minutes ago,,,,0
https://www.youtube.com/watch?v=r1DSH9AQXLU,Ugzh3l7U05uUkEc-VYJ4AaABAg,Youtube,@rillianaaisyah1822,tone deaf,3 minutes ago,,,,0
https://www.youtube.com/watch?v=r1DSH9AQXLU,Ugw5A-4J2e5mP_SEvX94AaABAg,Youtube,@rillianaaisyah1822,boycott,3 minutes ago,,,,0
https://www.youtube.com/watch?v=r1DSH9AQXLU,UgyxcQrl5YqgRg3j8C14AaABAg,Youtube,@bluemond4y,I thought you are smart,3 minutes ago,,,,0
https://www.youtube.com/watch?v=r1DSH9AQXLU,UgyCLlzHJGvgkXoOO_B4AaABAg,Youtube,@cutecat4757,Why its giving me capitol district😢,4 minutes ago,,,,0
https://www.youtube.com/watch?v=r1DSH9AQXLU,Ugxd1YOZFmCwp_epD3Z4AaABAg,Youtube,@ronaastaman2857,"Sejauh itu kau sekolah, di Universitas Terbaik di dunia, masak untuk berpikir kalau bikin konten kayak gini bijak gak ya? Dirimu capek ma Indonesia bisa pergi kapan saja, ikut suami ke korsel sana. Kalimantan kayak mana mau mengabaikan berita buruk dengan mindfullness? orang paru2 mereka gak bisa berhenti nyari oksigen. Berpikirlah...",6 minutes ago,,,,0
https://www.youtube.com/watch?v=r1DSH9AQXLU,UgyQUgBdaLZdj02_WU54AaABAg,Youtube,@windaginia5314,❤❤❤,6 minutes ago,,,,0
https://www.youtube.com/watch?v=r1DSH9AQXLU,Ugz46px3Lky-Gzd0Tzh4AaABAg,Youtube,@initami2290,Tetap lah menjadi maudi dengan segala kelebihan yg km punya... Jgn   ikutan ikutan tau soal kami yg serba kekurangan kalo km memang tidak punya kapasitas untuk ber empati.. tidurlah yg nyenyak banyak banyak baca buku motivator.. sementara kami sedang hidup dalam keruwetan yg nyata,6 minutes ago,,,,0
https://www.youtube.com/watch?v=r1DSH9AQXLU,UgzzkrOknV0a1HEh-aN4AaABAg,Youtube,@AhmadZainulMuttaqien,"Nasehat bagi kaum makmur yg ga terdampak itu enak ya😂 kita2 yg ngerasain langsung ekonomi hancur, kekeringan, asap dimana2, sakit2an ya skip aja video ini. Ini POV penonton makmur di negeri sebrang😂",9 minutes ago (edited),,,,0
https://www.youtube.com/watch?v=r1DSH9AQXLU,UgwqFZMqoyCV9yU4faR4AaABAg,Youtube,@galihrdp,"ga paham kenapa dia dibilang tone deaf. padahal cuman mau ngajakin kalau udah kebanyakan dengan bad news, yg mana bikin kita overhelm, ya istirahat dulu dari hal tersebut dengan cara mengalihkan ke hal yang bisa kita lakukan. kita peduli sama situasi sekarang, tapi kita juga punya kewajiban pada hidup kita sendiri.",10 minutes ago,,,,0
https://www.youtube.com/watch?v=r1DSH9AQXLU,UgzfVUVO9ItTNhoLk1N4AaABAg,Youtube,@islngg,nirempati,10 minutes ago,,,,0
https://www.youtube.com/watch?v=r1DSH9AQXLU,UgxeOmf8p29UvJ9VTjh4AaABAg,Youtube,@AliHerbalP12,Jadi lu harusnya ga usah pake medsos atau nonton berita nyet,10 minutes ago,,,,0
https://www.youtube.com/watch?v=r1DSH9AQXLU,UgwughkD17ZXEvVQ4xt4AaABAg,Youtube,@khalidrahman9887,knapa bnyk buzzer,10 minutes ago,,,,0
https://www.youtube.com/watch?v=r1DSH9AQXLU,Ugxu6rNah8tLcjwT38x4AaABAg,Youtube,@egaakurnia1759,cuih.,11 minutes ago,,,,0
https://www.youtube.com/watch?v=r1DSH9AQXLU,UgwV4-CtZk4__kwQ7rh4AaABAg,Youtube,@safaci,"girl idk… but seriously, what in the actual heck were u thinking?",11 minutes ago,,,,0
https://www.youtube.com/watch?v=r1DSH9AQXLU,Ugw9eneRP4U3J5HRlCp4AaABAg,Youtube,@devashyabessie6417,"hey princess step down out of your castle, the thing you call negativity and countering it with mindfulness is a reality for some people. you may say its ""oh it's just a reflection on my point of view and an invitation to practice mindfulness"" we get it, but you sure ur the right person to be saying this kind of things? yes there is mindfulness but there's also something called consideration, be mindful all you want till you loose your own mind, but some people have to face this reality and the only thing u can do is be considerate. that how u use ur priviledge.",12 minutes ago,,,,0
https://www.youtube.com/watch?v=r1DSH9AQXLU,UgwYbFBIOPrswqZMtBB4AaABAg,Youtube,@en4k.banget,Abis kerasukan apa lu? Bulus apa semut rangrang?,14 minutes ago,,,,0
https://www.youtube.com/watch?v=r1DSH9AQXLU,Ugzd7RlLW9zqAvm6_y14AaABAg,Youtube,@mazigames,dah gasuka cara berpikirnya dari dulu 🙏,15 minutes ago,,,,0
https://www.youtube.com/watch?v=r1DSH9AQXLU,Ugx8JbSafL1oipWMYKB4AaABAg,Youtube,@nataliayo727,COBA KAU TINGGAL SEMINGGU DULU DI KALIMANTAN. LIAT KAU BS BUAT VLOG KYK GINI GAK.,16 minutes ago,,,,0
https://www.youtube.com/watch?v=r1DSH9AQXLU,UgxrfO92wR2qgs2hmpd4AaABAg,Youtube,@banyuwangikita,"Kok bisa kepikiran bikin video gini sih mbak Maudy. Mbak enak bisa makan enak, masak di tempat yang nyaman, gak kepikiran mereka yang nafas aja susah karena karhutla, gak bisa makan karena rumahnya hancur kena gempa, orang-orang yang rapuh emosinya karena keluarganya hilang? Astaga.",16 minutes ago,,,,0
https://www.youtube.com/watch?v=r1DSH9AQXLU,Ugw2OirSywoxojSuBj54AaABAg,Youtube,@AndiSetiawan-h4j,Take down aja kata gue mah ni video neng...,16 minutes ago,,,,0
https://www.youtube.com/watch?v=r1DSH9AQXLU,UgwELJJWZuP9GW0ixDB4AaABAg,Youtube,@alhafizmukhtar538,"Keren, apa yang di sampaikan semuanya benar, sayangi diri sendiri dengan mengurangi berita buruk🎉",17 minutes ago (edited),,,,0
https://www.youtube.com/watch?v=r1DSH9AQXLU,UgyNeX8PXD8TpL5UCD14AaABAg,Youtube,@masajiar,Lu enak kaya dy lah gua ganteng doang,17 minutes ago,,,,0
https://www.youtube.com/watch?v=r1DSH9AQXLU,Ugzzj7COkx0Ly0Ux5MZ4AaABAg,Youtube,@averagememeenjoyers2652,"Akhirnya aku menemukan moment yang benar benar tepat untuk mengetik ""sini main ke Kalimantan"" 😹😹😹😹",18 minutes ago,,,,0
https://www.youtube.com/watch?v=r1DSH9AQXLU,UgzalRp0A7IdNeThZb94AaABAg,Youtube,@masajiar,Maaf yaa kak . Kita ganggu kaka Bgt nih,18 minutes ago,,,,0
https://www.youtube.com/watch?v=r1DSH9AQXLU,UgwoyVNEc3IF1SvCoIx4AaABAg,Youtube,@putridewanti7848,Mau mindfulness? Jalani hari gk sambil teriak aja udah bagus,21 minutes ago,,,,0
https://www.youtube.com/watch?v=r1DSH9AQXLU,UgxESnPkLDC-BOVv6I94AaABAg,Youtube,@sopiarahmawati9184,Maudi lu belajar dr Andry Hakim deh. Dia S2 Amerika tp ga kayak elu ngomongnya yg ketinggian dan kebanyakan englishnya ngomongnya. Pke Bahasa Indonesia yg mudah dipahanin orang Indonesia aja sih,21 minutes ago,,,,0
https://www.youtube.com/watch?v=r1DSH9AQXLU,UgyAw-ln1CH_5Ty97yR4AaABAg,Youtube,@freakinguy4588,Tone deaf competition winner,21 minutes ago,,,,0
https://www.youtube.com/watch?v=r1DSH9AQXLU,UgzxiTCUCCgRUak_-6R4AaABAg,Youtube,@istawafaqihat-thoriq660,Tutorual masak endog,21 minutes ago,,,,0
https://www.youtube.com/watch?v=r1DSH9AQXLU,UgwfmgUqQk5ol4PQ6jB4AaABAg,Youtube,@SOME_DL,for her it’s bad news but for some people it’s bad reality,22 minutes ago,,,,0
https://www.youtube.com/watch?v=r1DSH9AQXLU,Ugym4meVOL_XD-8YrSJ4AaABAg,Youtube,@violinflorency4793,GAUSAH SOK CANTIK DEH LO DEG BUDEGG,23 minutes ago,,,,0
https://www.youtube.com/watch?v=r1DSH9AQXLU,UgxJZuBFJVm5fEdYTih4AaABAg,Youtube,@grapes-w8e,Tone deaf bgt lu maudy. Mentang2 orang kaya jd lack of emphaty,23 minutes ago,,,,0
https://www.youtube.com/watch?v=r1DSH9AQXLU,UgxTE6iGZMJ4_RpQlzp4AaABAg,Youtube,@yysii6xx,coba berinteraksi sama alam yang lagi mau dihancurkan. jangan ke tempat tempat yang emang buat wisata,24 minutes ago,,,,0
https://www.youtube.com/watch?v=r1DSH9AQXLU,UgyMKcFAm547DHxNHsR4AaABAg,Youtube,@lussyangelia8283,"Kamu sangat beruntung karena hidup dengan kemewahan mbak. Kamu tidak merasakan kelaparan karena tekanan ekonomi saat ini bahkan mbak masih bisa makan makanan yang ""terlalu sehat"", mbak tidak merasakan tidur sambil sesak nafas dan menahan gerah panas karena kamarmu dibuat sangat nyaman, mbak masih bisa ""menyatu dengan alam"" karena kamu punya uang yang cukup untuk jalan-jalan ke tempat yang bebas dari polusi udara.

Saya secara pribadi ngefans banget dengan mbak karena mbak pinter, tapi kali ini saya merasa mbak Maudy blunder banget dalam memberikan motivasi. 

Saya harap apa yang disampaikan netizen saat ini bisa jadi pelajaran buat mbak. Saya juga berharap mbak bisa mengasah ""empati"" karena empati tidak bisa diasah hanya lewat pendidikan akademis. Mbak harus mengerti, memahami dan kalau bisa mencoba sepatu orang lain agar bisa menjadi pribadi yang lebih berwelas asih.
Saya juga berharap mbak Maudy bisa belajar lagi mana konten yang benar benar bisa memotivasi publik dan mana konten yang ""toxic positivity"".

Terima kasih 🙏",25 minutes ago,,,,0
https://www.youtube.com/watch?v=r1DSH9AQXLU,UgwqjFGqZoEtd9QCKUV4AaABAg.AagOPL4Xf5qAagRdEV8b0b,Youtube,@paltio,"The thing is, you share your so-called “struggle pribadi”, in your air-conditioned kitchen, while preparing fancy bread with cottage cheese and omega 3 eggs that probably costs Rp50k+ for one serving, saying that you’d limit the “bad news” for the sake of your well-being. 

See how it definitely came out as extremely tone deaf? You graduated from Stanford (do remember that we all paid for it) it shouldn’t be that hard for you to comprehend.",20 hours ago (edited),,,,0
https://www.youtube.com/watch?v=r1DSH9AQXLU,UgwqjFGqZoEtd9QCKUV4AaABAg.AagOPL4Xf5qAagT0ctLt8t,Youtube,@paltio,"Also dont call me teman, gw bukan teman lo, instead gw yg bayar biaya kuliah lo, call me tuan😂",20 hours ago,,,,0
https://www.youtube.com/watch?v=r1DSH9AQXLU,UgwqjFGqZoEtd9QCKUV4AaABAg.AagOPL4Xf5qAahAYcCRf8t,Youtube,@AndriSutomo-ft3bn,"True. Ironic, kak. She never been in the same shoes.",13 hours ago,,,,0
https://www.youtube.com/watch?v=r1DSH9AQXLU,UgwqjFGqZoEtd9QCKUV4AaABAg.AagOPL4Xf5qAahKxFjhwM4,Youtube,@budiasoy11,"​​ @paltio  Bagus deh cara balesnya kak, aku suka. Makin keliatan pinter karena balesnya bahasa inggris wkwk. Akupun pengen bales pake bahasa inggris sayangnya aku ga jago, tapi aku ngerti kok cuma gabisa balesnya aja 😂",12 hours ago (edited),,,,0
https://www.youtube.com/watch?v=r1DSH9AQXLU,UgwqjFGqZoEtd9QCKUV4AaABAg.AagOPL4Xf5qAagRbuFb2b0,Youtube,@taniawijayanti4353,"You say that because you’ve never been in their shoes, Maudy. Coba klo ini juga terjadi di kamu, pasti km ngerasain apa yang mereka rasain, pasti km juga akan bersuara dan gak buat video ""mindfulness"" gini. This isn’t bad news, it’s reality. That’s why, instead of just being mindful, we should speak up and do something to change it. Tone deaf abis.",20 hours ago (edited),,,,0
https://www.youtube.com/watch?v=r1DSH9AQXLU,UgwqjFGqZoEtd9QCKUV4AaABAg.AagOPL4Xf5qAag_6cauSZi,Youtube,@CastielllZero," @taniawijayanti4353  sayang nya dia ga akan bisa ngerasain, wong dari lahir dah kaya raya..",19 hours ago,,,,0
https://www.youtube.com/watch?v=r1DSH9AQXLU,UgwqjFGqZoEtd9QCKUV4AaABAg.AagOPL4Xf5qAagU70B7v8b,Youtube,@oktaviamantau6366,aduh bikin klarifikasi pun tetep self defense 😂,20 hours ago,,,,0
https://www.youtube.com/watch?v=r1DSH9AQXLU,UgwqjFGqZoEtd9QCKUV4AaABAg.AagOPL4Xf5qAaiXtFwWxEt,Youtube,@ikaaa-0208,​ @oktaviamantau6366 karna dia tone deaf & gak punya empati kak,1 hour ago,,,,0
https://www.youtube.com/watch?v=r1DSH9AQXLU,UgwqjFGqZoEtd9QCKUV4AaABAg.AagOPL4Xf5qAagSsy7CGI6,Youtube,@iniwooa,"It's giving ""I feel bad for you guys, but I also feel bad for myself for not being able to enjoy my comfortable life.""",20 hours ago,,,,0
https://www.youtube.com/watch?v=r1DSH9AQXLU,UgwqjFGqZoEtd9QCKUV4AaABAg.AagOPL4Xf5qAagT3VJu2qP,Youtube,@iniwooa,and I'm not sorry energy,20 hours ago,,,,0
https://www.youtube.com/watch?v=r1DSH9AQXLU,UgyWnuNfuPs26dHa3op4AaABAg,Youtube,@Shod12,"Ngerasain matlis 6 jam di rumah yg ga ada genset di jam 12 siang sampe 6 sore, tengah malem sampe pagi hirup asap karhutla, terus antri bensin subsidi dari jam 8 pagi sampe jam 10 pagi. Gimana ngambil sisi positifnya? 😂",25 minutes ago,,,,0
https://www.youtube.com/watch?v=r1DSH9AQXLU,UgxGgIAadP-AvjZJOp54AaABAg,Youtube,@gugunbeke,Elu cakep bener maudy.. tapi..,26 minutes ago,,,,0
https://www.youtube.com/watch?v=r1DSH9AQXLU,Ugxcq2FhDgLqboTB2J14AaABAg,Youtube,@stefanieho7796,"Keep ur self grounded Maudy. Gak smua aspek dalam hidup kamu harus ngomong secara klise dan harus  keliatan pinter. Hidup itu gak hitam dan putih saja. Good for you kalau emang privilege dari lahir. So better diem aja, and set aside diri aja.",26 minutes ago,,,,0
https://www.youtube.com/watch?v=r1DSH9AQXLU,UgxcmEh_yfLg_kQj8RV4AaABAg,Youtube,@AgathaCalista57,Minim empati sangat minim coba lo tinggal di Kalimantan 1 seminggu aja ga deh 3 hari aja udah sesek lu,26 minutes ago,,,,0
https://www.youtube.com/watch?v=r1DSH9AQXLU,UgwvU8_gFQFTqQFpYY14AaABAg,Youtube,@jaytan7666,"a whole massive island is being burned, it's not just a news, it's a reality and a life death situation for many of us.

kalo gk napak tanah minimal jgn tuman.",26 minutes ago,,,,0
https://www.youtube.com/watch?v=r1DSH9AQXLU,Ugy5XEM0zSoUCPu_9Dl4AaABAg,Youtube,@Putri-n5u6j,Iyaa iya deh iyaa iyaa deh🤙,27 minutes ago,,,,0
https://www.youtube.com/watch?v=r1DSH9AQXLU,Ugwt9ky87l0fzpjRe8d4AaABAg,Youtube,@sopiarahmawati9184,Maudi lu ngomong Indonesia aja. Jgn English. Kyk berasa pinter aja se Indonesia,27 minutes ago,,,,0
https://www.youtube.com/watch?v=r1DSH9AQXLU,UgxHIrKP2VbeFmAQMcR4AaABAg,Youtube,@Velvezz,Privileged final boss,27 minutes ago,,,,0
https://www.youtube.com/watch?v=r1DSH9AQXLU,Ugx6vWI-0SbX2ZhQSP14AaABAg,Youtube,@SoapGhost-t9d,"yaaaa intinya kalo ada kabar buruk mah kabur aja yakk, pake duit mah EZ mba, mbok kalo buat video itu mikir dulu, bantuin mah 0 malah nasehatin kwkwkwk",28 minutes ago,,,,0
https://www.youtube.com/watch?v=r1DSH9AQXLU,Ugw7KLAKy7JkprQO-lN4AaABAg,Youtube,@coldy_00,cangkeman,29 minutes ago,,,,0
https://www.youtube.com/watch?v=r1DSH9AQXLU,UgxD-fEDUkABZ6Gr-KR4AaABAg,Youtube,@konzzzz14,kata gw lu hapus aja dah video ini. malu sekolah jauh2 keluar negri dibayarin negara pulang2 cuma bawa ilmu yg kyk gini,30 minutes ago,,,,0
https://www.youtube.com/watch?v=r1DSH9AQXLU,UgyxfMjmTpdoFK5pNW54AaABAg,Youtube,@adheliamuvien9797,Toxic positivity a live,30 minutes ago,,,,0
https://www.youtube.com/watch?v=r1DSH9AQXLU,Ugz7whgvwCsUIKgEfQ54AaABAg,Youtube,@bakamitai3064,"Gw inspired melihat lu kak, sekarang gw paham pentingnya mindfulness, eh maksudnya menjadi orang kaya

Enak ya bisa tone deaf kayak gitu, gua juga pengen ngerasain kak 😂",30 minutes ago,,,,0
https://www.youtube.com/watch?v=r1DSH9AQXLU,UgxIvVS6F8wxeFi-1XR4AaABAg,Youtube,@ajuyjigjug,"tone deaf, tone deaf",31 minutes ago,,,,0
https://www.youtube.com/watch?v=r1DSH9AQXLU,UgwixAUgSXveNDH7lch4AaABAg,Youtube,@yingblossom,this is giving gal gadot and other celebrities singing imagine all the people while everyone was struggling with covid,32 minutes ago,,,,0
https://www.youtube.com/watch?v=r1DSH9AQXLU,UgzXJ03CSQo2GEx-jXV4AaABAg,Youtube,@SaskiaafifaRahmania,"Maudy ,saya doakan Rumah tangga kamu Dan suamimu Di tahun keempat ini hidup makmur terus 
Kalo diberi keturunan Sama Tuhan nanti anak anakmu kelak  tumbuh jadi anak Yang pintar Dan juga empati dengan sesama manusia Dan juga gak mengalami fase kritis Di masa depan Dan financial Rumah tangga kamu Dan suami kamu juga tidak mengalami penurunan nanti 
Please be wise , takedown video ini mod 
Takut berdampak untuk anak anakmu nanti Dan video ini jadi jejak digital untuk putra putrimu nanti dimasa depan. ❣️💞✨",32 minutes ago,,,,0
https://www.youtube.com/watch?v=r1DSH9AQXLU,UgyNoIlsgPsU4qjqIcF4AaABAg,Youtube,@yruatnec,"makanmu aja jadi sebuah kemewahan untuk banyak orang, maudy",33 minutes ago,,,,0
https://www.youtube.com/watch?v=r1DSH9AQXLU,UgwLwykgBjbEIQtidFJ4AaABAg,Youtube,@07_idewaayuputuhepiyani17,"Apa yang Sebaiknya Maudy Lakukan?
 1. Pahami situasi penonton: Sebelum memberi saran untuk rehat dari berita buruk, akui dulu bahwa tidak semua orang bisa semudah itu ""mematikan HP"" saat hidup mereka terdampak langsung oleh krisis tersebut.
2. Beri penjelasan yang utuh: Tegaskan bahwa rehat sejenak itu tujuannya untuk mengisi energi, bukan untuk tidak peduli pada masalah sekitar.
Apa yang Sebaiknya Kita Lakukan?
1. Ambil yang bermanfaat: Kalau merasa kelelahan membaca berita buruk, ambil saran rehatnya untuk kesehatan mental kita.
2. Sadari beda situasi: Pahami bahwa kondisi hidup tiap orang berbeda. Saran dari tokoh publik tidak harus ditelan mentah-mentah atau diterapkan 100%.
3. Kritik dengan bijak: Boleh tidak setuju atau memberi kritik, tapi fokuslah pada isi pesannya, bukan menyerang personalnya.",33 minutes ago,,,,0
https://www.youtube.com/watch?v=r1DSH9AQXLU,UgxGpIGp2LJRwBBFlqN4AaABAg,Youtube,@wulliewuy,"Mooood, sekolah lagi yuk. Kali ini sekolahnya gak usah jauh jauh, sekolah dr kehidupan orang aja gimana? Just my two cents 💰",33 minutes ago,,,,0
https://www.youtube.com/watch?v=r1DSH9AQXLU,UgxmmzyeJDqEC5a2UvB4AaABAg,Youtube,@roolee2k,"Miss Ayunda,

For you it's just a bad news that you can turn it off on your screen. But for many of us, it's reality that we have to face daily.",33 minutes ago,,,,0
https://www.youtube.com/watch?v=r1DSH9AQXLU,UgwqjFGqZoEtd9QCKUV4AaABAg.AagOPL4Xf5qAagPZXh0jaC,Youtube,@ErikaNurainiDewiAnanta,Tone deaf,21 hours ago,,,,0
https://www.youtube.com/watch?v=r1DSH9AQXLU,UgwqjFGqZoEtd9QCKUV4AaABAg.AagOPL4Xf5qAaiA7lDmAFw,Youtube,@hannanabila3437,​ @ErikaNurainiDewiAnanta baru mau komen 😂👋,4 hours ago,,,,0
https://www.youtube.com/watch?v=r1DSH9AQXLU,UgwqjFGqZoEtd9QCKUV4AaABAg.AagOPL4Xf5qAagTL2rY0s4,Youtube,@ianjudono1127,"Kak? Orang juga gak mau menghirup kabut asap, kamu kira orang kalimantan gak berusaha padamin? Produkmu from this island seakan-akan menunjukkan km peduli sama indonesia tapi di era ""bad news"" yg mana isinya alam indonesia dirusak kamu malah ""menjaga diri"" dari berita-berita itu? Aneh sih",20 hours ago,,,,0
https://www.youtube.com/watch?v=r1DSH9AQXLU,UgwqjFGqZoEtd9QCKUV4AaABAg.AagOPL4Xf5qAagjlx21CAN,Youtube,@HunterNomadenZ,"Peduli apa gw mbg, kdmp, wowo asbun. Gak ngaruh nih boss, gw mindfulness 😜
gw orang kaya 🤪",17 hours ago (edited),,,,0
https://www.youtube.com/watch?v=r1DSH9AQXLU,UgwqjFGqZoEtd9QCKUV4AaABAg.AagOPL4Xf5qAai0Q9iyWBB,Youtube,@rakaipranatyastama8910,​ @HunterNomadenZ wkwkwk mirip ama yang di video bang😂,6 hours ago,,,,0
https://www.youtube.com/watch?v=r1DSH9AQXLU,UgwqjFGqZoEtd9QCKUV4AaABAg.AagOPL4Xf5qAai_m_ne7HC,Youtube,@zahraummuabdullah471,​ @HunterNomadenZ nah ini bahasa simpelnya dari video,46 minutes ago,,,,0
https://www.youtube.com/watch?v=r1DSH9AQXLU,UgwqjFGqZoEtd9QCKUV4AaABAg.AagOPL4Xf5qAagcNFl1eQV,Youtube,@hannyyyhazel,"dari panjangnya klarifikasi gini gaada satupun tulisan yang menunjukkan dia minta maaf 😂 sombong banget lu jadi orang PANTES ga napak tanah. enak ya jadi artis yang kuliah nya aja dibiayain rakyat, tapi peduli ama rakyat juga kagak 🤭",19 hours ago,,,,0
https://www.youtube.com/watch?v=r1DSH9AQXLU,UgwqjFGqZoEtd9QCKUV4AaABAg.AagOPL4Xf5qAahExlU5W5J,Youtube,@Expe_riencE,prabowo sih yang harusnya minta maaf,13 hours ago,,,,0
https://www.youtube.com/watch?v=r1DSH9AQXLU,UgwqjFGqZoEtd9QCKUV4AaABAg.AagOPL4Xf5qAah0gncGwpk,Youtube,@WafiqFauziah07,"​​Maudy bilang kata ""maaf"" di paragraf kedua.",15 hours ago (edited),,,,0
https://www.youtube.com/watch?v=r1DSH9AQXLU,UgwqjFGqZoEtd9QCKUV4AaABAg.AagOPL4Xf5qAagQvBuyedG,Youtube,@Erik-xe6oz,"Menurutku, the way you think and express your thoughts in this comment is already good, if only you could speak the same way as you stated in this comment. Cara berpikirmu di komentar ini jauh lebih baik, ketimbang yang di video. Tapi ada baiknya kalau di komentarnya juga disertakan ucapan maaf, itu bakal jadi lebih lengkap kak. As fellow Indonesians, we should have more empathy for one another. Mereka yang menderita itu saudara kita juga, kak. 

Aku juga kadang bisa khilaf. Sebenarnya bukan maksud kita untuk bersikap seperti itu, tapi apa yang keluar kadang malah terdengar seperti acuh.

Kamu public figure kak, jadi kalau mau membuat statement, memang sebaiknya do your research first and look at the issue from different perspectives, baru kemudian dituangkan ke dalam kata-kata.

I hope you're not a tone-deaf person ya kak. Kalaupun memang benar ternyata tone-deaf, semoga bisa memperbaiki diri jadi lebih baik. Hope you can take this as constructive criticism and continue to learn and grow",20 hours ago (edited),,,,0
https://www.youtube.com/watch?v=r1DSH9AQXLU,UgwqjFGqZoEtd9QCKUV4AaABAg.AagOPL4Xf5qAaghy7-4REM,Youtube,@pppppprofill,"kak maudy, my sister is a fan of you. Because of her, i know a lot about you. you are a public figure kak. when you promote your skincare, my sister bought it and so many people do so. and you know what i mean? you have an impact. impact kakak itu massive. thats your privilege. use it untuk kami rakyat yang gak punya hak itu kak. bad news bagi kakak, tapi itu realita bagi kami. lihat yg di sumatra dan di aceh, kami sampai sekarang gak ada bantuan yg betul² berdampak. di aceh sana, kopdes dluan dibangun daripada rumah untuk rakyat sana. so kak, open your eyes, napak ke ntt sana, napak ke kalimantan, napak ke papua, cause your skincare ingredient dari sana. you have voice and money. suarakan suara kami, donasi dan bantu mereka yang membutuhkan. may you read this comment kak, cause every second, every minute, every hour you take to read this, ada yg mati keracunan mbg, ada yg sesak napas, ada yg menangis karna rumahnya hancur untuk selama²nya. god bless you kak, may your ears and eyes hear and see everything.",18 hours ago,,,,0
https://www.youtube.com/watch?v=r1DSH9AQXLU,UgwqjFGqZoEtd9QCKUV4AaABAg.AagOPL4Xf5qAaiDXg_4Y8v,Youtube,@Evelyn_com,​@pppppprofillkl kayak gini kan lbh enak ngasih masukannya. Respect untuk kakak ini,4 hours ago,,,,0
https://www.youtube.com/watch?v=r1DSH9AQXLU,UgwqjFGqZoEtd9QCKUV4AaABAg.AagOPL4Xf5qAaiVOVB4U9x,Youtube,@athiyyahrahmah8575,gue sedih bgt baca komenan ini😭💔,1 hour ago,,,,0
https://www.youtube.com/watch?v=r1DSH9AQXLU,UgwqjFGqZoEtd9QCKUV4AaABAg.AagOPL4Xf5qAagpiJSGEXY,Youtube,@GelungArpahul,​@pppppprofillitu artinya aoa yh? 😏 Tulung penjelasane,17 hours ago,,,,0
https://www.youtube.com/watch?v=r1DSH9AQXLU,UgwqjFGqZoEtd9QCKUV4AaABAg.AagOPL4Xf5qAagV-vm5DI_,Youtube,@khasllana,minta maaf karena di-call out yak? nye nye nye,20 hours ago,,,,0
https://www.youtube.com/watch?v=r1DSH9AQXLU,UgwqjFGqZoEtd9QCKUV4AaABAg.AagOPL4Xf5qAagdspmB348,Youtube,@hannyyyhazel,"​ @khasllana letak minta maafnya dimana kak? dia cuma klarifikasi biar ga kehilangan fansnya itu, say sorry aja kagak 😂",18 hours ago,,,,0
https://www.youtube.com/watch?v=r1DSH9AQXLU,UgwqjFGqZoEtd9QCKUV4AaABAg.AagOPL4Xf5qAagdLJyPyWi,Youtube,@zulfialya6642, @khasllana kak she’s not even apologize loh 😂,18 hours ago,,,,0
https://www.youtube.com/watch?v=r1DSH9AQXLU,UgwqjFGqZoEtd9QCKUV4AaABAg.AagOPL4Xf5qAagQ8soylcI,Youtube,@tommyhartomo6178,"Coba lu kasi clear state of mind dari skrg: ""fuck mbg & free Palestine""",20 hours ago,,,,0
https://www.youtube.com/watch?v=r1DSH9AQXLU,UgwqjFGqZoEtd9QCKUV4AaABAg.AagOPL4Xf5qAagcvW-goYD,Youtube,@1234kkk5,​ @tommyhartomo6178 Halah kak bahkan dia yang jelas kuliahnya dari LPDP aja enggan ikut campur urusan gini. Miris banget.,18 hours ago,,,,0
https://www.youtube.com/watch?v=r1DSH9AQXLU,UgwqjFGqZoEtd9QCKUV4AaABAg.AagOPL4Xf5qAagQuZliMrG,Youtube,@donaddonad6373,​ @tommyhartomo6178 😂,20 hours ago,,,,0
https://www.youtube.com/watch?v=r1DSH9AQXLU,UgwqjFGqZoEtd9QCKUV4AaABAg.AagOPL4Xf5qAahFKUpewKU,Youtube,@Expe_riencE," @tommyhartomo6178 kelamaan pak, mending lu langsung donasi 😂",13 hours ago,,,,0
https://www.youtube.com/watch?v=r1DSH9AQXLU,UgwqjFGqZoEtd9QCKUV4AaABAg.AagOPL4Xf5qAagWit3UdAw,Youtube,@diannasrun7363,"Maaf, ya. People bad news in reality makes your life uncomfortable. Sayangnya, belum pernah denger you speak up as an influencer to criticize the root of bad news in Indonesia.",20 hours ago,,,,0
https://www.youtube.com/watch?v=r1DSH9AQXLU,UgwqjFGqZoEtd9QCKUV4AaABAg.AagOPL4Xf5qAagPGEeaZ9o,Youtube,@guppy1619,Final boss level of tone deafness,21 hours ago,,,,0
https://www.youtube.com/watch?v=r1DSH9AQXLU,Ugz93mjchjB582znIvt4AaABAg,Youtube,@ayulestaripuspitadewi2775,"So, peoples reality is bad news for you? Dan lihat reality ini kami sampe harus practicing mindfulness di air conditioned kitchen with the ga napak tanah set of breakfast?",34 minutes ago,,,,0
https://www.youtube.com/watch?v=r1DSH9AQXLU,Ugywd6zV-Kyd5cXdp454AaABAg,Youtube,@FrederickNull,"You go girl, give us NOTHING.",34 minutes ago,,,,0
https://www.youtube.com/watch?v=r1DSH9AQXLU,UgzXbQzCqzTFx-z5hBB4AaABAg,Youtube,@FrederickNull,"You go girl, give us NOTHING.",34 minutes ago,,,,0
https://www.youtube.com/watch?v=r1DSH9AQXLU,UgwqovYItilMwaF0RnR4AaABAg,Youtube,@Angga-Hsb,"Yang Maudy bicarakam itu tentang cognitive overload akibat paparan dampak algorithma. 

Kalau belum paham, bertanyalah, bukan menghakimi.
.",34 minutes ago (edited),,,,0
https://www.youtube.com/watch?v=r1DSH9AQXLU,Ugz9YuG7ryQYuINFhVF4AaABAg,Youtube,@anaprozen-e4s,ilpil,35 minutes ago,,,,0
https://www.youtube.com/watch?v=r1DSH9AQXLU,UgyLNlpY590cr6ev9Ux4AaABAg,Youtube,@channellahinsomnia4739,now we have person who look a like our goverment.,35 minutes ago,,,,0
https://www.youtube.com/watch?v=r1DSH9AQXLU,UgzybXAsIiEqikowq3N4AaABAg,Youtube,@michellehadipranoto8124,"Buat banyak orang, kondisi politik, ekonomi, dan bencana di Indonesia sekarang itu udah unbearable dan benar-benar berdampak ke kehidupan mereka. Ada orang yang literally lagi susah dan struggling buat hidup, bukan sekadar topik buat bahan obrolan.
Jadi kalau ngomongin hal kayak gini, please jangan sambil ketawa-ketawa, Ci. Kesannya jadi nggak punya empati sama sekali terhadap orang-orang yang beneran terdampak.",35 minutes ago,,,,0
https://www.youtube.com/watch?v=r1DSH9AQXLU,UgyndyzsjrEXDp3h0o14AaABAg,Youtube,@anaprozen-e4s,"kocak. lu cuma denger bad news, lah di sini udah mah tiap hari denger bad news + ngalamin juga dampaknya. lu kagak tau rasanya nahan lapar karena gaada duit buat beli lauk. tuh menu lu itu harganya setara skincare gua yang harus gua awet awet.",36 minutes ago,,,,0
https://www.youtube.com/watch?v=r1DSH9AQXLU,UgyAChOguAuDwyXQWw94AaABAg,Youtube,@RumaishaRumi36,gatau lah ak yg ga paham apa yg km bicarakan hahaa krn ga tau artinya😁😁,38 minutes ago,,,,0
https://www.youtube.com/watch?v=r1DSH9AQXLU,Ugw1g5TGkSgshTTOKfJ4AaABAg,Youtube,@nurulhikmah1211,"@maudyayunda  cobain seminggu aja deh tinggal di Kalimantan, biar tau rasa nya gimana hidup dengan asap, BBM harus antri, listrik yang padam tiap hari berjam jam dan juga krisis air di beberapa titik..
Yuk bisa yuk sini, kalau udah coba tinggal di sini baru nanti komen lagi ya cantik @maudyayunda 😘",39 minutes ago,,,,0
https://www.youtube.com/watch?v=r1DSH9AQXLU,UgzL_nJQ08WuxIjfv9R4AaABAg,Youtube,@hhhjhooo,"oohhh that does sound familiar ngl except its some stan account and selena gomez talking about getting out of socials when gaza being deliberately genocided back on 2023 lol, ""its not good to be around bad news all the time, it wont be your fault to turn off the phone away from the news for your mental 🥺"" yeaa say that to hind rajab, girls on darfur sudan getting chased by rsf, children mining cobalt for your newest ver of iphone, to the people on makassar lining up for hours just to buy some gasoline, people on kalimantan woken up mid sleep because the smoke got inside their house , indigenous forest cats getting fried to ashes within their own home not knowing tf is happening, thousands of children that got poisoned, people who got swept up alive by the glacier floods on nepal etc. 

world isnt doing fine, climate change is currently fucking us up and itll get hotter in the future. face it and do what you, we all can. and listening to their rant and whine, and remembering their stories is THE LEAST one can do aside boycotting and donating. 

read omar el akkad's one day everyone will have always been against this kata gua mah, thatll help u giving perspective. perhaps",39 minutes ago,,,,0
https://www.youtube.com/watch?v=r1DSH9AQXLU,UgytXM-s5G_hF9lubE14AaABAg,Youtube,@AndreAnndF,"MAUDY EMPATI MAUDY, JGN JADI TONE DEAF, masa udah capek2 kuliah di LN, malah jadi tone deaf",39 minutes ago,,,,0
https://www.youtube.com/watch?v=r1DSH9AQXLU,Ugw9WfjOIfxOhhqPQA54AaABAg,Youtube,@erckfrd8462,Sok cantik bgt lu najiz! Cuh! Selamat di cancel culture ye mod. Netizen luar biasa loh,40 minutes ago,,,,0
https://www.youtube.com/watch?v=r1DSH9AQXLU,UgzZRaWqV_pDlHApTuB4AaABAg,Youtube,@phsphns,Keep calm and eat that shit vibe.,41 minutes ago,,,,0
https://www.youtube.com/watch?v=r1DSH9AQXLU,UgwzGVbM4nCYuU4SdTF4AaABAg,Youtube,@MilandraLumbansiantar,napak tanah mbak jangan dikamar terus,41 minutes ago,,,,0
https://www.youtube.com/watch?v=r1DSH9AQXLU,UgxQGuDEcGHK3JMa9DR4AaABAg,Youtube,@Mike-j3y7t,"kak, jadi korban MBG dulu deh baru kasih tau cara bisa hidup mindfulness..",42 minutes ago,,,,0
https://www.youtube.com/watch?v=r1DSH9AQXLU,Ugwm0Ms5U5QNjSoSg-14AaABAg,Youtube,@dreamcatcherlala,Better keep your opinion in your mind maudy.,42 minutes ago,,,,0
https://www.youtube.com/watch?v=r1DSH9AQXLU,Ugyg7oaEuX8bzmXg3MF4AaABAg,Youtube,@diahr9523,"Turns out, privilege and a degree from a top university don’t automatically make someone empathetic. If you’re tone deaf, you’re still tone deaf. You can be incredibly articulate, know exactly what to say, and still have absolutely no idea how to read the room, understand other people’s struggles, or simply know when to shut up. Intelligence without empathy is just polished ignorance.",42 minutes ago,,,,0
https://www.youtube.com/watch?v=r1DSH9AQXLU,UgzLJgSeT8Bsagy4mXt4AaABAg,Youtube,@thianatan,Beasiswa LPDP dananya dari rakyat,42 minutes ago,,,,0
https://www.youtube.com/watch?v=r1DSH9AQXLU,Ugw6AWT-vj8Z4v0rtut4AaABAg,Youtube,@theibun7352,"Please keep this discussion within your own circle, because the way you’re discussing and presenting this, as well as the place you’re in, is completely inappropriate to share with the wider public—especially in Indonesia, where people are currently facing one hardship after another.
Right now, you are showing just how incredibly tone-deaf you are.",43 minutes ago,,,,0
https://www.youtube.com/watch?v=r1DSH9AQXLU,UgyeMl3K-jAd4iH4YoZ4AaABAg,Youtube,@sassygemini.772,"kak udah kak, malu. ketara bgt kamu gapunya empati. mending diem aja tutup mulutmu",43 minutes ago,,,,0
https://www.youtube.com/watch?v=r1DSH9AQXLU,Ugy0Cyp6yl1k7Dlc-XJ4AaABAg,Youtube,@francies6286,Mending take down aja dek. Next time keep this mindfulness bullshit to your privileged self,44 minutes ago,,,,0
https://www.youtube.com/watch?v=r1DSH9AQXLU,UgzFw75pwl6gUWILvrR4AaABAg,Youtube,@naufalhaidar475,"Baru denger aja udh gakuat kan, apalpagi lu yg ngalamin langsung",45 minutes ago,,,,0
https://www.youtube.com/watch?v=r1DSH9AQXLU,UgwIkYIXFGwl9TlHVDd4AaABAg,Youtube,@chachaannyza4203,"Yang lo resahin , yang bikin lo overwhelmed itu yang lagi dialamin orang! Gausa sok positif! lo sendiri merespon kenegatif an aja ga bagus!",45 minutes ago,,,,0
https://www.youtube.com/watch?v=r1DSH9AQXLU,UgyZTXRXSTQji2FCSu14AaABAg,Youtube,@tutilestari4323,"Aku yg ga ngalamin karhutla, bbm susah, belum lagi kekeringan, debu asap campur aduk ditambah berita gempa, gunung meletus. aduh denger macem² berita buruk aja pusing stress sampe sakit kepala haid ga lancar. Apalagi yg ngalamin setiap hari.. kalo ga bisa bantu mending diem dah orang² sehari² udah panas sama cuaca asep debu, mana pusing liat tingkah pemerintah ditambah nasehat dr orang yg apa² udah tersedia dirumah makan tinggal makan, mandi airnya ada, bbm lancar, rumahnya dingin udaranya bersih.",45 minutes ago,,,,0
https://www.youtube.com/watch?v=r1DSH9AQXLU,UgzwD0JnaMeqZBklJrl4AaABAg,Youtube,@MasithohLiy,"Pantesan sih para petingginya buka2an semena2 kerakyatnya, oran publik figur yang punya nama aja nyuruh pengikutnya untuk stoik aja atas kejadaian yang ada. Miris.",46 minutes ago,,,,0
https://www.youtube.com/watch?v=r1DSH9AQXLU,UgwtFr-XhhIUeNYF7l94AaABAg,Youtube,@culinaryArtbyBaiq,Kenapa bahasanya di campur campur sih aku pusing😵‍💫,47 minutes ago,,,,0
https://www.youtube.com/watch?v=r1DSH9AQXLU,Ugz1eKb0xlREU6luQxB4AaABAg,Youtube,@yohimbe2673,Mindfullness over bad news is so easy girl. Klo lu yg di posisi mereka coba bikin konten mindfullness wkwkwkw,47 minutes ago,,,,0
https://www.youtube.com/watch?v=r1DSH9AQXLU,UgwQ9ksgqmsp2iYflYx4AaABAg,Youtube,@peacechan4500,"Sekedar mengingatkan. Penguasa bisa ganti"". Rakyat selalu ada.",47 minutes ago,,,,0
https://www.youtube.com/watch?v=r1DSH9AQXLU,UgzySeVin1exmheOvyt4AaABAg,Youtube,@MineMind000,Aowkwowkwowkwwkwk pura-pura gak lihat kenyataan,47 minutes ago,,,,0
https://www.youtube.com/watch?v=r1DSH9AQXLU,Ugy2VduffN3HSzNbWnR4AaABAg,Youtube,@SusilawatiSPutri,"Serius ini Kak Maudy?? Ga nyangka aja sih mindset nya se ""CETEK"" ini
Sepanjang apapun kk KLARIFIKASI, adakah satupun kata ""SORRY"" didalamnya? I think you don't it. Maaf aku kali ini gasuka😌",48 minutes ago (edited),,,,1
https://www.youtube.com/watch?v=r1DSH9AQXLU,UgzyQmBuHqP8nSVTcxN4AaABAg,Youtube,@LORTH-rp7vx,udah keliatan dari jaman kuliah dulu sih orgnya living in the bubble bgt,49 minutes ago,,,,0
https://www.youtube.com/watch?v=r1DSH9AQXLU,UgwNLDleMyn-Tv-xP3h4AaABAg,Youtube,@LukmanDuma-l5f,"Bayangin disarankan Mindfulness ditengah kepungan asap, air jadi asin, mbg beracun, banjir dan gempa belum teratasi, dll 😢",49 minutes ago,,,,0
https://www.youtube.com/watch?v=r1DSH9AQXLU,Ugx781bczbYAe7oLk394AaABAg,Youtube,@Ruma_Rummi,"Aduh, aku mau banget jg mindfullness sambil makan alpukat dan 3 telur omega kayak kak Maudy di tengah bencana negara plus dapur yg bagus",51 minutes ago,,,,0
https://www.youtube.com/watch?v=r1DSH9AQXLU,Ugy3WzKnNg-THH6X3fl4AaABAg,Youtube,@KeistarrAnimation,"Honey, maudy sweety.. for u bad news is on the news, for me bad news is having no money left in my bank account while trying to hold down a dead end job while also having no options to save my self if theres a natural disaster bcos i have no money to go anywhere",51 minutes ago,,,,0
https://www.youtube.com/watch?v=r1DSH9AQXLU,Ugwg2JBUd_FovY1vucJ4AaABAg,Youtube,@aose9512,tone deaf kali 🥀,51 minutes ago,,,,0
https://www.youtube.com/watch?v=r1DSH9AQXLU,Ugx-c7FfbcuwspGh9yp4AaABAg,Youtube,@sdskimi5542,"Sebenernya ngga asa yang salah sama content ini, salah nya maudy disini dia ngga ngeh kalo informasi ini tidak untuk semua orang apalagi dalam situasi seperti sekarang, dan salahnya netizen adalah berekspektasi terlalu tinggi terhadap maudy dengan segala popularitas, privelege dan SDM yang dia punya, maudy is maudy guys, kalo dia ngga mau berjuang bersama kalian ya udah, fight for yourself, jgn bergantung atau berharap sama orang lain, kalau kalian d posisi dia ngga ada yang jamin kalian ngga akan berpikir sama kayak maudy selagi kondisi yang terjadi tidak menganggu kehidupan kalian. Mari tinggalkan maudy ini, fokus kepada apa yang kita perjuangkan!!!",52 minutes ago (edited),,,,0
https://www.youtube.com/watch?v=r1DSH9AQXLU,UgxIFaQ1P8oSV-ZgdYV4AaABAg,Youtube,@wahyuajji,"Tone deaf, bad influencer",52 minutes ago,,,,0
https://www.youtube.com/watch?v=r1DSH9AQXLU,UgwRy0nuYGV4YnDNvI14AaABAg,Youtube,@fauzanmauludi2990,"0:51 padahal udah jelas maksud dan tujuan konten ini kaya gimana.
Kenapa netizen nangkepnya beda ya? Pada realitanya emang banyak sekali bad news dan gak semua bad news nya juga se bad news itu. Dia berpendapat bahwa alangkah lebih baiknya kita mengkurasi berita2 yg berseliweran. Bukan berati tone deaf. Heran bgt kenapa tiba2 seakan2 maudy gak peduli ya? Padahal narasinya gak ada ke arah situ loh. Konten sebagus ini bisa bgt dibelokin sama netizen2 yg salah tangkep. Terus muncul netizen yg nonton setengah2 dan gak paham tapi ikut2an pendapat netizen yg kontra 🤦. Inikah cerminan orang indonesia dalam mencerna informasi??",53 minutes ago,,,,0
https://www.youtube.com/watch?v=r1DSH9AQXLU,UgwG2JRKJT_g7xBR81x4AaABAg,Youtube,@jdhsjsnsoskkkmmk,"sebenernya videonya bagus2 aja, cocok untuk di up lain waktu, bukan di up sekarang sih. apalagi dibilang bencana yg jelas2 nyata ini dikerdilkan menjadi ""bad news"" aja, ya org marahlah. tambah dongkol lagi kalo u punya privilege untuk memilih kapan mau mengakses ""bad news"", nirempatinya minus sih kak. kamu dibayar pake urunan rakyat, malah speak up tp gak berpihak. auto tergoreng kak. minta maaf gih.",53 minutes ago,,,,0
https://www.youtube.com/watch?v=r1DSH9AQXLU,UgwqjFGqZoEtd9QCKUV4AaABAg.AagOPL4Xf5qAagR8C20uH8,Youtube,@donaddonad6373,Bilang MAAF gk lu MAUDY,20 hours ago,,,,0
https://www.youtube.com/watch?v=r1DSH9AQXLU,UgwqjFGqZoEtd9QCKUV4AaABAg.AagOPL4Xf5qAagggWhHzBZ,Youtube,@MeowTubxy,I’m listening. I’m learning. And I’m not apologizing.,18 hours ago,,,,0
https://www.youtube.com/watch?v=r1DSH9AQXLU,UgwqjFGqZoEtd9QCKUV4AaABAg.AagOPL4Xf5qAagSlcx22xK,Youtube,@arunika1449,"TAKE DOWN GA VIDEO LU 
Mindfal mindful coba lu ngrasain nafas asap, antri bbm, pemadaman listrik bergilir, di luar jawa. 
Bagi lu cuma badnews, tp bagi yang merasakan itu reality yang harus dihadapi tiap hari.
Takedown jelek, kl gabisa bantu bersuara, diem aja. Gaperlu influence orang lain.",20 hours ago,,,,0
https://www.youtube.com/watch?v=r1DSH9AQXLU,UgwqjFGqZoEtd9QCKUV4AaABAg.AagOPL4Xf5qAahF1ACaEhD,Youtube,@Expe_riencE, @arunika1449 Maudy tetep cantik menurutku,13 hours ago,,,,0
https://www.youtube.com/watch?v=r1DSH9AQXLU,UgwqjFGqZoEtd9QCKUV4AaABAg.AagOPL4Xf5qAagTzNn3gm8,Youtube,@searchengine3632,"Kak, mungkin kedepannya kamu harus lebih bijak lagi dalam berbicara disaat keadaan negara ini tidak baik-baik saja, tolong lebih sadar bahwa orang yg sulit itu banyak banget dan lebih butuh dukungan nyata bukan cuma sekedar omong kosong belaka. Dan tolong minta maaf karena kamu gak napak tanah kalo ngomong",20 hours ago,,,,0
https://www.youtube.com/watch?v=r1DSH9AQXLU,UgwqjFGqZoEtd9QCKUV4AaABAg.AagOPL4Xf5qAagR4RBuD_M,Youtube,@donaddonad6373,"Bilang MAAF gk km MAUDY

ih gemes",20 hours ago,,,,0
https://www.youtube.com/watch?v=r1DSH9AQXLU,UgwqjFGqZoEtd9QCKUV4AaABAg.AagOPL4Xf5qAagii_dkpBV,Youtube,@carpediem24h, @donaddonad6373 dia udah bilang maaf tuh “maaf belum bisa aku refleksikan ke video-nya”,18 hours ago,,,,0
https://www.youtube.com/watch?v=r1DSH9AQXLU,UgwqjFGqZoEtd9QCKUV4AaABAg.AagOPL4Xf5qAagW88Yt5t_,Youtube,@yello00-0,"ya maudy, kita semua bosan kita semua capek kita semua sedih
kita boleh beraktivitas normal tapi gak boleh sekalipun kita berhenti menyuarakan
and you're not sorry~",20 hours ago,,,,0
https://www.youtube.com/watch?v=r1DSH9AQXLU,UgwqjFGqZoEtd9QCKUV4AaABAg.AagOPL4Xf5qAagbLhsbl_o,Youtube,@GwenStacy-r5t,"Bilang maaf aja engga lu maudy.
Gw mulai sekarang ogah banget beli produk dia lagi dan ga akan pernah lagi. Bye gk bgt",19 hours ago (edited),,,,0
https://www.youtube.com/watch?v=r1DSH9AQXLU,UgwqjFGqZoEtd9QCKUV4AaABAg.AagOPL4Xf5qAahFq-bVCo8,Youtube,@Expe_riencE, @GwenStacy-r5t bye bye,13 hours ago,,,,0
https://www.youtube.com/watch?v=r1DSH9AQXLU,UgwqjFGqZoEtd9QCKUV4AaABAg.AagOPL4Xf5qAagntR4LjRG,Youtube,@durrotulmasudah9955,Lulusan PEE Oxford cuma bisa yapping begini doang in response to the bad news? How poor...,17 hours ago,,,,0
https://www.youtube.com/watch?v=r1DSH9AQXLU,UgwqjFGqZoEtd9QCKUV4AaABAg.AagOPL4Xf5qAagq1bDFl0O,Youtube,@GelungArpahul,"​ @durrotulmasudah9955  sungguh sangat membagongkan emg, mending diem dah fokus sama karir tuh",17 hours ago,,,,0
https://www.youtube.com/watch?v=r1DSH9AQXLU,UgwqjFGqZoEtd9QCKUV4AaABAg.AagOPL4Xf5qAagR-N5G6PD,Youtube,@wasuptya1997,being fomo is easy isn’t right,20 hours ago,,,,0
https://www.youtube.com/watch?v=r1DSH9AQXLU,UgwqjFGqZoEtd9QCKUV4AaABAg.AagOPL4Xf5qAagkHldrRgC,Youtube,@janit2624,"Talk more do none. 
Gue awalnya jadi salah satu orang yg berpikir kok lo gak pernah ya bicara soal isu2 sosial yg ada kayak Cinta Laura atau Sherina? Tapi pas liat video lo ini kayaknya mending emang lo diem aja sih, soalnya makin keliatan tone deaf-nya.",17 hours ago,,,,0
https://www.youtube.com/watch?v=r1DSH9AQXLU,Ugy2VduffN3HSzNbWnR4AaABAg.Aai_akte4BjAai_uRyFHO9,Youtube,@SusilawatiSPutri,"Ya kakak keganggu dengar berita² bencana alam negara kita, tapi apakah kakak pernah ngerasain kek mereka di daerah KALIMANTAN, SUMATERA, NTT, LAMPUNG atau daerah lain yg terdampak bencana??? NGGAK KAN!!!

Please empati dikit lah kak, jujur masih ga nyangka kakak mindsetnya gini😭😭😭",45 minutes ago (edited),,,,0
https://www.youtube.com/watch?v=r1DSH9AQXLU,UgwqjFGqZoEtd9QCKUV4AaABAg.AagOPL4Xf5qAagsqccUAhE,Youtube,@Hectorbiu18,kak ga ada kata maaf????? i mean kamu kenapa defensive ya Is bad new for u but bad reality for people,16 hours ago,,,,0
https://www.youtube.com/watch?v=r1DSH9AQXLU,UgwqjFGqZoEtd9QCKUV4AaABAg.AagOPL4Xf5qAagUZeZXmtd,Youtube,@willbeAlr1ght,kalo perduli speak up dong malah bikin video si paling mindfulness,20 hours ago,,,,0
https://www.youtube.com/watch?v=r1DSH9AQXLU,UgwqjFGqZoEtd9QCKUV4AaABAg.AagOPL4Xf5qAagWdHW3Yo3,Youtube,@bltub6l,Ternyata masuk universitas bagus itu belum termasuk mata kuliah “peka terhadap situasi” ya💆🏻‍♀️🤝,20 hours ago,,,,0
https://www.youtube.com/watch?v=r1DSH9AQXLU,UgwqjFGqZoEtd9QCKUV4AaABAg.AagOPL4Xf5qAagiuibxVJh,Youtube,@shinywol7287,"“News” for u but a “reality” for them. Sbg manusia yg juga stress sama news setiap hari and Alhamdulillah-nya tidak ter-impact parah dgn kahutla, mbg, dll, gue tetep ngerasa video ini SANGAT tone deaf and nirempati. Why? Krn lu publik figure dan lebih spesifiknya lagi penerima LDPD. Harusnya sadar omongan lu carry weight yg lebih, dan if u cant be contribute secara REAL (donasi, or spread awareness,etc), the least u can do adalah stay silent. 

So im sorry, its hard to accept this statement as an apology, even more taking this vid as positive video. 

Kata gue sih, buka mata, buka HATI liat diluar sana BAGAIMANA REALITA ORANG. Thank u.",18 hours ago,,,,0
https://www.youtube.com/watch?v=r1DSH9AQXLU,UgwqjFGqZoEtd9QCKUV4AaABAg.AagOPL4Xf5qAagk4KY-Pf3,Youtube,@TheDreamtrue,"Sumpah jijik bgt sama Maudy Ayunda. Gak sekalipun sundal ini kritik terbuka pemerintah tentang isu-isu yg terjadi sekarang tapi sekalinya muncul ujug2 merasa jadi si paling cape, paling terdampak, dan butuh ketenangan. Modol.",17 hours ago,,,,0
https://www.youtube.com/watch?v=r1DSH9AQXLU,UgwqjFGqZoEtd9QCKUV4AaABAg.AagOPL4Xf5qAahGSrdOUUJ,Youtube,@Expe_riencE, @TheDreamtrue tema konten dia emang sering bahas managemen psikologis. jadi nggak ujug ujug hehe,13 hours ago,,,,0
https://www.youtube.com/watch?v=r1DSH9AQXLU,UgwqjFGqZoEtd9QCKUV4AaABAg.AagOPL4Xf5qAagSlHK7yp1,Youtube,@hayybubble,"Ga pernah kritik kebijakan pemerintah, ga pernah bahas keracunan MBG, masalah yg ada di Papua, situasi politik. You're totally done deaf",20 hours ago,,,,0
https://www.youtube.com/watch?v=r1DSH9AQXLU,UgwqjFGqZoEtd9QCKUV4AaABAg.AagOPL4Xf5qAahFeFUO-Q2,Youtube,@Expe_riencE,@h @hayybubble  logika lu terlalu simpel. nggak pernah bahas = nggak peduli 😂😂😂😂😂😂😂😂😂,13 hours ago (edited),,,,0
https://www.youtube.com/watch?v=r1DSH9AQXLU,UgwqjFGqZoEtd9QCKUV4AaABAg.AagOPL4Xf5qAaghIrFlxzX,Youtube,@kireidatte-t7e,"produk lu tu ngambil bahan dari kalimantan woy nir empati bgt anjir, masi aja bela diri tinggal take down video dan bilang maaf apa susahnya",18 hours ago,,,,0
https://www.youtube.com/watch?v=r1DSH9AQXLU,UgwqjFGqZoEtd9QCKUV4AaABAg.AagOPL4Xf5qAagtDkIvqD2,Youtube,@tineziaauliafazasumodisast8681,"sepanjang itu dan tetap gaada kata maaf ataupun kritik buat rezim hhhhh guess our country CURRENT situation doesnt affect u that bad huh. good luck deh kak dgn mindfulness dan keNETRALan lu itu, tp yaa kita jg bisa dong ya secara mindful memilih untuk ga respect ke kamu dan konten2mu lg👎",16 hours ago,,,,0
https://www.youtube.com/watch?v=r1DSH9AQXLU,UgwqjFGqZoEtd9QCKUV4AaABAg.AagOPL4Xf5qAagw9e4VjRS,Youtube,@agitpoyo,"So i decided to watch the full vers after saw the content from twitter. Hmmm enak ya mod punya privilege untuk memfilter 'bad news' for your sanity while for lots of ppl it is a NIGHTMARE and bad reality they couldnt escape. I agree to some of your tips, i get overwhelmed and stressed abt the situation too, but ur tips on your vids just scream how tone deaf you are, apalagi dipost di saat that bad news ga kian membaik. You have a power to speak up to be heard, but i guess you choose to filter it for the sake of your sanity.

Mungkin karena kamu ga kena impact lgsg dan ga mengalaminya langsung ya jadi bisa komen seperti ini.

Wish you be more wise deh mod. Dan i think orang yg tetep waras being WNI dan tinggal di Indo tuh ya orang2 setipe kamu yg ga napak tanah dan ga kena impact apapun",16 hours ago,,,,0
https://www.youtube.com/watch?v=r1DSH9AQXLU,UgwqjFGqZoEtd9QCKUV4AaABAg.AagOPL4Xf5qAah11mrJJ-T,Youtube,@magdalenamaristia4116,"Maudy maudy, sini mari ke NTT, gw ajarin lu mindfulness sambil nemenin korban gempa, sekalian nemenin orang2 utk bisa minimal gak lari gempa susulan terjadi, bagian dari mindfulness itu, Mau.",15 hours ago,,,,0
https://www.youtube.com/watch?v=r1DSH9AQXLU,UgwqjFGqZoEtd9QCKUV4AaABAg.AagOPL4Xf5qAahI3akOjUZ,Youtube,@Expe_riencE,mindfulness internal dan external itu beda,12 hours ago,,,,0
https://www.youtube.com/watch?v=r1DSH9AQXLU,UgzhPpzi8gqiprZ3sYJ4AaABAg,Youtube,@FajAra_01,Oke queen of tone deaf tahun 2026,54 minutes ago,,,,0
https://www.youtube.com/watch?v=r1DSH9AQXLU,Ugz9q6v3xVSemuPZp_V4AaABAg,Youtube,@kezia4267,Empati minus.,54 minutes ago,,,,0
https://www.youtube.com/watch?v=r1DSH9AQXLU,UgwwRn_k-F8Qgl4ZpiZ4AaABAg,Youtube,@pikoel789,"Kamu cantik, pinter sayangnya memilih budeg cuma untuk menyelamatkan hati kecilmu yang rapuh dan nangisan. Kalo kamu memiih jalan begitu silakan, tapi jangan suarakan. Banyak orang mengambil keputusan yang berdaya buat kehidupan dengan jalan mengorbankan hati kecil mereka yang juga rapuh. Kamu cantik, pinter tapi memilih budeg. Shame on you, Maudy!",55 minutes ago,,,,0
https://www.youtube.com/watch?v=r1DSH9AQXLU,UgzXubA7tA8YcTuyU7B4AaABAg,Youtube,@yohimbe2673,"I think you know the word “empathy” , dont you?",55 minutes ago,,,,0
https://www.youtube.com/watch?v=r1DSH9AQXLU,UgzUakkKFNhB-t4mD6R4AaABAg,Youtube,@Ownerakapro,"Intinya gini, dari banyaknya issue yg ada lu sering bungkam. Bentuk bakti lu sbg pengguna LPDP (inget guys ini dari keringet kita juga) ga ada tuh bakti""nya. Selama ilmu lu melekat, seumur hidup tanggung jawab lu sama kita"" yang bayarin lu LPDP. Kelakuan lu begini? See u soon di akhirat gw sebut nama lu",55 minutes ago,,,,0
https://www.youtube.com/watch?v=r1DSH9AQXLU,Ugwd2EaeLCAxwgvKJc94AaABAg,Youtube,@Badraamerta,Kasur lu terlalu nyaman maudi,56 minutes ago,,,,0
https://www.youtube.com/watch?v=r1DSH9AQXLU,Ugz3HnVfTwhfVpQV01Z4AaABAg,Youtube,@nurazizamubarak4656,"Mendekatkan diri dengan alam cenah. Punten kaka, the alam is burning right now. The air is penuh jerebu.",57 minutes ago,,,,0
https://www.youtube.com/watch?v=r1DSH9AQXLU,UgyKzj6hZx4mwBRIDr94AaABAg,Youtube,@5WenWen,"Aku ga terlalu ngikutin maudy krn aku ga follow dia di medsos atau yt. Soalnya ak ga relate ama kehidupan dia wkwkw but i don't hate her. Tp hr ini tiba-tiba banyak berita ttg dia. Sebelum nonton sebenarnya aku banyak likes komen2 org yg menurutku cukup masuk akal. Tapi aku hrs coba adil sejak dalam pikiran, jd aku coba tonton video ytnya. Dan menurutku apa yg dia sampaikan ternyata ga sejelek itu kok. I mean, dia kan bilang bahwa kita tetap bs peduli, tanpa mengabaikan kondisi mental kita. Dia juga merasa sedih dan marah dgn kondisi saat ini, tapi  jangan sampai kita memenuhi pikiran dg emosi negatif. Kita jg hrs tetap kritis dg informasi yg ada dan menurutku itu pesan yg bagus kok. Tapi seperti yg ak bilang, ak bukan followers dia.  Jd aku ga tahu apakah selama ini dia pernah bersuara di medsosnya tentang apa yg terjadi di negara ini? Or just keep silent? Kalau mpe silent sih menurutku emg rada disayangkan ya krn dia punya platform gede utk menunjukkan kemana dia hrsnya berpihak. Maudy, krn peran kamu sbg publik figur, kdg sekedar tahu ttg apa yg terjadi juga ga cukup. U should speak up akan keburukan yg terjadi di negara ini di platform km. Jgn cuma main aman. Itu aja sih.",58 minutes ago,,,,0
https://www.youtube.com/watch?v=r1DSH9AQXLU,Ugzbtwa-k_uzS6XDiz54AaABAg,Youtube,@Serbatahuaja,"Wajar sih Maudy tone deaf & seolah tutup mata dg kezoliman pemerintah, coba aja cari tahu latar belakang suaminya, pasti nanti tahu wkwkk 😂",58 minutes ago,,,,0
https://www.youtube.com/watch?v=r1DSH9AQXLU,UgzKt82yUzB6GYnYkZx4AaABAg,Youtube,@Putriyani-i8b,Kebanyakan yapping kamu,58 minutes ago,,,,0
https://www.youtube.com/watch?v=r1DSH9AQXLU,UgxwghPlhXxEkWR13pF4AaABAg,Youtube,@ibuibukudet,Mbak Ferry Irwandi lagi sibuk lho ..gak pengen bantuin?,59 minutes ago,,,,0
https://www.youtube.com/watch?v=r1DSH9AQXLU,UgxwmO62hviJbwVQg6d4AaABAg,Youtube,@Ownerakapro,"Intinya gini, dari banyaknya issue yg ada lu sering bungkam. Bentuk bakti lu sbg pengguna LPDP (inget guys ini dari keringet kita juga) ga ada tuh bakti""nya. Selama ilmu lu melekat, seumur hidup tanggung jawab lu sama kita"" yang bayarin lu LPDP. Kelakuan lu begini? See u soon di akhirat gw sebut nama lu",59 minutes ago,,,,0
https://www.youtube.com/watch?v=r1DSH9AQXLU,UgykMkeOmDKMChzGBBx4AaABAg,Youtube,@listinafujiati1769,Video ter tolol dari orang yg katanya cerdas,1 hour ago,,,,0
https://www.youtube.com/watch?v=r1DSH9AQXLU,UgzL5_VuByAt_mJHRa54AaABAg,Youtube,@DangerChemistry,"Rakyat kecil yang banting tulang demi hidup sejahtera, sandang pangan papan bisa baik buat diri sendiri dan keluarga, g lupa bayar pajak karena disini gerak dikit pajak.
Bayar pajak tepat waktu tapi nyata orang yang dapat ""bantuan"" dari pajak itu sendiri g bisa menghargai jerih payah orang kecil malah enggak napak tanah negara nya sendiri.
Penderitaan rakyat di katain bad news yang bikin ovt and mindfulness. Masyarakat Indonesia yang terkena bencana cuma bisa makan mie instan, beras terbatas, baju compang-camping, tinggal di tenda, semua serba kekurangan bertolak belakang sama video dia, senyam senyum sambil masak enak buat sarapan",1 hour ago,,,,0
https://www.youtube.com/watch?v=r1DSH9AQXLU,UgwnhumTf6-GHAvyjKV4AaABAg,Youtube,@izzu-u9b,"MIndfull itu apa sebenarnya?. Aku yang nggak kuliah di stanford aja, bisa bedain mindfull sama yang dibicarain.Ini mah ngomongin struggle diri sendiri. Toxic Positivity ini namanya.",1 hour ago,,,,0
https://www.youtube.com/watch?v=r1DSH9AQXLU,Ugww2i8XKtopqfNsT0x4AaABAg,Youtube,@yippieyeay56,"Cobain hidup dikalimantan deh mba, kira2 kamu msh bisa ngomong mindfulness gak",1 hour ago,,,,0
https://www.youtube.com/watch?v=r1DSH9AQXLU,UgwgmNeM2AX-IZsIozV4AaABAg,Youtube,@Sar.ahSafc,Kak peka dikit kak disini bnyk yg terdampak lho ..😢,1 hour ago,,,,0
https://www.youtube.com/watch?v=r1DSH9AQXLU,UgzymyxKuJzIYQpegK14AaABAg,Youtube,@citradragunova450,ini makek nih,1 hour ago,,,,0
https://www.youtube.com/watch?v=r1DSH9AQXLU,Ugzj2C57owQXSdkYV7x4AaABAg,Youtube,@lillight2900,Ka mana bisa mindfullness kalau pas buka medsos langsung muncul Teddy mutar pulpen sama anak-anak penerus bangsa keracunan mbg.,1 hour ago,,,,1
https://www.youtube.com/watch?v=r1DSH9AQXLU,Ugwb9CJPjeERHF_ownJ4AaABAg,Youtube,@audioheart1081,"Melipir karna dia rame di x, anjir pinter tapi empati nol banget, kaget ternyata ada bentukan org yg begini otaknya cuma dipake buat mikir diri sendiri",1 hour ago,,,,0
https://www.youtube.com/watch?v=r1DSH9AQXLU,Ugzj2C57owQXSdkYV7x4AaABAg.AaiY_Tgci0YAaicGKAJK4F,Youtube,@konzzzz14,wkwk iya lagi😭😭 geram bgt liat nya,24 minutes ago,,,,0
https://www.youtube.com/watch?v=r1DSH9AQXLU,UgxDE1_aCji1wKA-yvZ4AaABAg,Youtube,@sastroamidjoyo,what have you done maudy ?,1 hour ago,,,,0
https://www.youtube.com/watch?v=r1DSH9AQXLU,UgzgAJ-D03S3DPHeYtt4AaABAg,Youtube,@alishalishaaa,"educated but ga napak tanah, its only bad news for you but for some people its a bad reality. shame on you",1 hour ago,,,,0
https://www.youtube.com/watch?v=r1DSH9AQXLU,Ugw05Ikn2SeZqaS24md4AaABAg,Youtube,@sunshineinyoureyes9814,BOIKOT FROM THIS ISLAND,1 hour ago,,,,0
https://www.youtube.com/watch?v=r1DSH9AQXLU,UgxMXGo81fXYE2fpqWZ4AaABAg,Youtube,@hln5937,Toxic positivity! Empatinya dikemanain. U should say sorry.,1 hour ago (edited),,,,0
https://www.youtube.com/watch?v=r1DSH9AQXLU,UgylpSHMDIxIzDxJxe14AaABAg,Youtube,@BrushBash,berbanggalah berbahasa Indonesia selama kamu di indonesia,1 hour ago,,,,0
https://www.youtube.com/watch?v=r1DSH9AQXLU,UgwUsi3uv-PxrB_B_2V4AaABAg,Youtube,@sunshineinyoureyes9814,"She is so Marie Antoinette-code deserve to be punished by public law
Total death of common sense and full of tone deaf",1 hour ago,,,,0
https://www.youtube.com/watch?v=r1DSH9AQXLU,Ugwwxde04LubZhTSiMF4AaABAg,Youtube,@Dajoka26,"Hidup kamu itu enak kak, ngga pernah merasakan susah itu seperti apa",1 hour ago,,,,0
https://www.youtube.com/watch?v=r1DSH9AQXLU,UgxjPz4BjYg8lAtkUfB4AaABAg,Youtube,@SherllyShynthia,"kurang bijaksana dan tidak membantu, maudy. ngomongin mindfulness disaat warga kalimantan aja kesusahan buat bernafas lega.",1 hour ago,,,,0
https://www.youtube.com/watch?v=r1DSH9AQXLU,Ugw9vk_h3yMPEoXC1Up4AaABAg,Youtube,@sunshineinyoureyes9814,"This disgusting privilege girl talking about mindfulness I mean you are rich so what to expect man
Eating bread peacefully while you actually know what bad news going on

Instead using ur voice ur resources to encourage bravery to change people life, here you are...
Go out eat the grass bruuuh",1 hour ago,,,,0
https://www.youtube.com/watch?v=r1DSH9AQXLU,UgwqsdJWSHO3Xq27bvN4AaABAg,Youtube,@Alfarisy-g5m,Jijik gue liatnya,1 hour ago,,,,0
https://www.youtube.com/watch?v=r1DSH9AQXLU,Ugw-X3njLbo9pAFFC9t4AaABAg,Youtube,@Ayasikaz,"Kalau ditanya kita juga capek tiap hari disuguhi berita jelek, bedanya kita ga punya pilihan selain ikut bersuara karna hidup kita sangat terdampak kebijakan2 ini. Ka Maudy hidupnya nyaman, mau dimasukin desil 100, BBM subsidi dicabutpun santuy.

Ka maudy kayanya akan  bersuara kalo kebijakannya berpengaruh sama bisnis kaka sendiri. Kalo enggak, ya... ☺️

INTINYA rasa empati cuma bisa ditunjukin sama orang yang punya rasa empati",1 hour ago,,,,0
https://www.youtube.com/watch?v=r1DSH9AQXLU,Ugyz3Pe4Rp_WvYAujM14AaABAg,Youtube,@dewityasari9858,Kesel banget liat orang yg bahasanya campur kayak gado2 gini wkwk. Mau berkelas tapi nanggung,1 hour ago,,,,0
https://www.youtube.com/watch?v=r1DSH9AQXLU,Ugw0_Mbfe0mEC9EnfB54AaABAg,Youtube,@shaorz,Delusion. Convince yourself. Muach.,1 hour ago,,,,0
https://www.youtube.com/watch?v=r1DSH9AQXLU,Ugzmh2leHDVDwSvt1n94AaABAg,Youtube,@Bunga_maya,"Kak nyangka nggak, sekarang kamu jadi bagian dari bad news itu sendiri. Orang yg seharusnya bersuara tapi tone deaf.",1 hour ago,,,,0
https://www.youtube.com/watch?v=r1DSH9AQXLU,Ugx02KaFy1iJwV_eCZp4AaABAg,Youtube,@gilangprakasa6193,Dia kuliah di kampus bagus jauh2 tp pola pikirnya bobrok bgt wkwkwkwk,1 hour ago,,,,0
https://www.youtube.com/watch?v=r1DSH9AQXLU,Ugwh8I0GP3zveSrBw-l4AaABAg,Youtube,@sekalabintang636,"maudy, 3 telur yg buat kamu sekali makan aja banyak dari kami yg gabisa mencapai itu lho. ada yg 1 telur dibagi 6 orang, ada yg gabisa makan sama sekali. leave alone the omega title. terus menurutmu kami bisa mindfull gak? gausa ngajarin mindfull, kami ga borjuis kayak kamu yg bisa milih dengerin atau ngga, karna kami mengalami langsung. gaada pilihan.",1 hour ago,,,,0
https://www.youtube.com/watch?v=r1DSH9AQXLU,UgwTyf5xK7XAZrUSJzB4AaABAg,Youtube,@NitaSariPratiwi,"Di saat yg lain lagi kebingungan gimana cara bisa makan besok tanpa peduli kandungan gizi yg ada di dalamnya karena kekurangan dan keterbatasan yg ada, yg ini nunjukkin sarapan yg dibuatnya terlalu sehat. 
Ironis sekali.",1 hour ago,,,,0
https://www.youtube.com/watch?v=r1DSH9AQXLU,UgxiPMrye8SNylVvq5d4AaABAg,Youtube,@RendangCroissant,Lmaooo. Mod. Stop.,1 hour ago,,,,0
https://www.youtube.com/watch?v=r1DSH9AQXLU,Ugw7DGwtf9Di1PJKWGh4AaABAg,Youtube,@Kekalfamily,"As long as you’re still living comfortably, eating good food and sleeping peacefully in a soft bed, maybe don’t be so quick to lecture people who are directly affected.

Some people are suffering because of circumstances they never chose.

Well, you may be smart in theory, but sorry you’re lacking empathy. sombong nya hehe",1 hour ago,,,,0
https://www.youtube.com/watch?v=r1DSH9AQXLU,UgzK_TEgQVHn-wpLyzF4AaABAg,Youtube,@informationary,"Honestly, netizen perlu belajar membedakan antara 'cognitive information filtering' dengan 'deliberate ignorance'. Di video ini, Maudy clearly gak pernah sekalipun bilang untuk jadi apatis atau 'bodo amat' terhadap isu sosial. Dia juga sama sekali gak ada intensi untuk belittle atau mengecilkan realitas struktural yang dihadapi masyarakat bawah. Esensi dari mindfulness yang dia bahas justru mengarah pada concept of 'Circle of Control' dalam psikologi. Ketika external stressors (seperti gejolak politik atau krisis sistemik) sudah di luar kendali instan kita, menjaga internal well-being itu krusial supaya gak terjadi double burden atau beban mental ganda. Taking a temporary break to process information and protect your sanity is a psychological survival mechanism, not an act of social apathy.

Kritik tone deaf yang dialamatkan ke Maudy ini sebenarnya mengalami misconception dan bias momentum. Secara empiris, Maudy has a proven track record of being socially conscious—kita bisa lihat gimana dia speak up pas momen Peringatan Darurat Garuda kemarin, atau perspektif kritisnya terhadap kebijakan makro di sektor pendidikan. She is definitely not living in a privileged bubble that blinds her from reality.

Fenomena hujatan ini murni karena bad timing dan adanya collective psychological need dari netizen yang sedang berada di fase krisis. Saat masyarakat mengalami collective anxiety, publik secara tidak sadar menuntut social validation dan shared anger dari para mega-influencers. Konten mindfulness yang menawarkan ketenangan emosional akhirnya dirasa dissonant (kontras) dengan tensi linimasa yang lagi membara. Sadly, banyak yang melakukan selective hearing, terpicu bias emosi, dan langsung nge-hakimi tanpa mencerna the whole conceptual framework dari video ini secara objektif. This content is psychologically valid and harmless, people just projected their socio-political frustration onto the wrong target.",1 hour ago,,,,1
https://www.youtube.com/watch?v=r1DSH9AQXLU,UgzK_TEgQVHn-wpLyzF4AaABAg.AaiXMIteF5gAaiXmF8q6tj,Youtube,@NitaSariPratiwi,"Sama aja, bro. Mending diem lebih baik.",1 hour ago,,,,0
https://www.youtube.com/watch?v=r1DSH9AQXLU,Ugy_BsgaMJWEnGCQCLt4AaABAg,Youtube,@DetiaAnastasia,"Datang ke Kalimantan ke daerah karhutla nya yg paling parah liat kk nya masih bisa gk ngomong gini,coba seminggu lah biar ngerasa langsung betapa buruknya udara disini. Org gk bakal mengerti kalo dia gk mengalami itu langsung.",1 hour ago (edited),,,,0
https://www.youtube.com/watch?v=r1DSH9AQXLU,Ugw46SeJaGvED_nyy2x4AaABAg,Youtube,@Cenjak25,"Ketinggian bahasa lu, sini idup langsung di sumatra ama kalimantan!",1 hour ago,,,,0
https://www.youtube.com/watch?v=r1DSH9AQXLU,UgzoMeyoDpzmTVKycBJ4AaABAg,Youtube,@Rosdin_Sasusaku,Shame On You,1 hour ago,,,,0
https://www.youtube.com/watch?v=r1DSH9AQXLU,UgwZgFA__IYEWFw2XD94AaABAg,Youtube,@Yzzchannelofficial,"orang giIa, kalo emang tone deaf mah gausah so so an bikin motivasi ini itu, seharusnya dengan lo udah sekolah tinggi di negara luar lo juga bisa membangun rasa EMPATI lo!!!",1 hour ago,,,,0
https://www.youtube.com/watch?v=r1DSH9AQXLU,Ugz7fdZNJkK_rTW55qJ4AaABAg,Youtube,@fussilat-9675,"Kak, tips ini tolong kamu simpan utk dirimu saja ya. Kalau kamu share gini malah menyakiti banyak hati 💔.",1 hour ago,,,,0
https://www.youtube.com/watch?v=r1DSH9AQXLU,UgzVNbEghAtQ6Mh7HR94AaABAg,Youtube,@4ia06_cleosareynard9,Manusia LPDP lagi wkwkwk😂,1 hour ago,,,,0
https://www.youtube.com/watch?v=r1DSH9AQXLU,UgwE29JBQ6ELWMRFkOF4AaABAg,Youtube,@audreyyanti8069,"maaf ya bikin telinga + mata kamu sakit karna berita berita ini, nanti kita mati nya bakal keadaan mindfullness karna kakak 🫰🫰🫰",1 hour ago,,,,0
https://www.youtube.com/watch?v=r1DSH9AQXLU,Ugylj5d_bd8MR0BmBsh4AaABAg,Youtube,@rendyhendrawan6933,Dia kayak Marie Antoinette yang bilang 'let them eat brioche',1 hour ago,,,,0
https://www.youtube.com/watch?v=r1DSH9AQXLU,UgzUbXMQLP3OUxYChKZ4AaABAg,Youtube,@mamimumemo123-j1g,"Halo kak maudy , aku ngerasa kakak bikin video ini karena mikirnya kita stress gara2 banyak konsumsi berita negative, no its not kak,bahkan aku yang kelas menengah pun kena dampak pada pekerjaanku😢 which is sad, orang yg kukenal ada yang kena dampak juga. So we cant really escape this situation🙏
So here is our pov.

Dan kita bersuara itu karena kita sama2 korban, walaupun kerugiannya berbeda tapi sama2 kena rugi. So thats why kita bersuara.",1 hour ago,,,,0
https://www.youtube.com/watch?v=r1DSH9AQXLU,UgxZvtyDt4sQfKsbHjF4AaABAg,Youtube,@dhanisaadun815,"Jadi cuma ""How do protect our sanity"" tuh output dari hasil baca berita2 saat ini? Sakit!",1 hour ago,,,,0
https://www.youtube.com/watch?v=r1DSH9AQXLU,UgwccJdAvK-dBEyf8w54AaABAg,Youtube,@aisyahadibah4358,"Bagi kamu mungkin itu hanya sekedar ""bad news"" tapi bagi kami  yang di Kalimantan itu ""REALITY""",1 hour ago,,,,0
https://www.youtube.com/watch?v=r1DSH9AQXLU,UgzcA5BRdY33d5JmT194AaABAg,Youtube,@Bunga_maya,"Pantesan cantik, glowing karena selalu mindfullnessss🤭",1 hour ago,,,,0
https://www.youtube.com/watch?v=r1DSH9AQXLU,UgymSiLM5mraIe_Wz-t4AaABAg,Youtube,@pritaaliyah2064,She talks non sense,1 hour ago,,,,0
https://www.youtube.com/watch?v=r1DSH9AQXLU,Ugy4RX_7GbvzflCqjt94AaABAg,Youtube,@siwihastami3154,"you better share your maudythoughts to your circle only, yang relate-relate aja sama omongan dan akal-akalan kapitalis.",1 hour ago,,,,0
https://www.youtube.com/watch?v=r1DSH9AQXLU,UgzKoSaM1Q8pSw7IZ2Z4AaABAg,Youtube,@dorkyraj,orang kaya kalau ga bisa empati mending diem ga sih. jangan merasa tersakiti. lu ga tau perjuangan orang2 yang berada jauh di bawah lu!,1 hour ago,,,,0
https://www.youtube.com/watch?v=r1DSH9AQXLU,Ugw9j1FaZoOCYceKC194AaABAg,Youtube,@lejinji,yaelah sekolah jauh jauh gini doanh,1 hour ago,,,,0
https://www.youtube.com/watch?v=r1DSH9AQXLU,UgxGfvKfj8IMoMMLPpx4AaABAg,Youtube,@rendyhendrawan6933,Ini dapat beasiswa yang bayar rakyat lewat Pajak?,1 hour ago,,,,0
https://www.youtube.com/watch?v=r1DSH9AQXLU,Ugwh2pJh7eD_nM6iSHV4AaABAg,Youtube,@ahmadalghiffari2653,Maudy tidur besok bahas Mindfulness lgi😹😹😹,1 hour ago (edited),,,,0
https://www.youtube.com/watch?v=r1DSH9AQXLU,Ugw9vz6_0LNX9hGAsn94AaABAg,Youtube,@suryauntungbali,Really enjoy the explanation. Thanks for sharing.,1 hour ago,,,,0
https://www.youtube.com/watch?v=r1DSH9AQXLU,UgwMVW7tfo8Me3-7snh4AaABAg,Youtube,@KHILDAMUFLIHAH,"dari maudy gue belajar. gaperlu lah punya pendidikan setinggi mungkin kalo dia nirempati. apapun pendidikanmu empati itu nomor 1. maudy lu tuh kaya dari lahir, ga ngerasain gimana rasanya susah njir. negara kayak gini udah bukan bad news lagi tapi dirty woiiiiiiiii. yuk cancel culture orang kek gini. percuma pinter berpendidikan kalo dia gak pro rakyat. gua doain ya lu dan keturunan lu bisa ngerasain apa yg rakyat rasain",1 hour ago,,,,0
https://www.youtube.com/watch?v=r1DSH9AQXLU,UgyD2ddrDKvpA19hecp4AaABAg,Youtube,@ruriinayah,"Semoga berita2 buruk itu akan berbalik padamu, dan kamu mengalaminya. Lalu kami akan berkata, ""kita harus memilih2 berita for the sake of our sanity, karena kalo gak akan mengganggu kesehatan mental kita.""",1 hour ago,,,,0
https://www.youtube.com/watch?v=r1DSH9AQXLU,UgzmowKeFNTyi6kuH4h4AaABAg,Youtube,@intankhairotunnisa6899,"Padahal gue setia nonton channel Maudy, insightful, tapi kali ini baru keliatan tone deafnya, so sorry harus unsubscribe",1 hour ago,,,,0
https://www.youtube.com/watch?v=r1DSH9AQXLU,UgzbmNqzFktM9mPYCAt4AaABAg,Youtube,@sudiro-y8f,Kok bisa anda duduk disini. Dia ini ARTIS TAU 🤪,1 hour ago,,,,0
https://www.youtube.com/watch?v=r1DSH9AQXLU,UgyRnl-0ejuTAHpzBD14AaABAg,Youtube,@ArtPainting97,Maudy ayunda Islam kan. Tp kayaknya gk terlalu agamis ya. Jarang nyebut Allah juga.,1 hour ago,,,,0
https://www.youtube.com/watch?v=r1DSH9AQXLU,UgztUdeV-W1qs2kT1q94AaABAg,Youtube,@Yayangoke18,"Mending nasehatinnya temen sesama orkay lu

Oiya inget lu LPDP pake duit rakyat. Bencana dll itu bukan bad news.. tapi hal yg harusnya lu pikirin dan lu bantu cari solusi

Tone deaf + pick me",1 hour ago (edited),,,,0
https://www.youtube.com/watch?v=r1DSH9AQXLU,Ugw2S7DOA9_hNDliZM14AaABAg,Youtube,@-OscarOktorianAlmando,Penghuni aseli Kalimantan : halah nyocot 😹,1 hour ago,,,,0
https://www.youtube.com/watch?v=r1DSH9AQXLU,UgwtfvT0FEOVjjgYx2t4AaABAg,Youtube,@WulansariTriutami,Sayang bgd ibunya berhasil ngedidik secara akademis tp lupa  tidak dengan jiwa sosial dan empatinya 😢😢,1 hour ago,,,,0
https://www.youtube.com/watch?v=r1DSH9AQXLU,UgxMaayKCD6NH40MQmF4AaABAg,Youtube,@sharanurrahma7826,gal gadot indonesian ver,1 hour ago,,,,0
https://www.youtube.com/watch?v=r1DSH9AQXLU,Ugxr9CzgI1ZxYsq8fJl4AaABAg,Youtube,@sintiaec9661,"Bisa diterapkan kalau kamu tidak mengalami kejadian tersebut secara langsung. Masalahnya kejadian di Indonesia akhir-akhir ini beneran dialami secara langsung sama sebagian besar rakyat Indonesia. Jadi gimana caranya bisa mindful kalau emang kita beneran terdampak? Ini bukan bad news buat most of us sayangku, ini realita buat kami 😢",1 hour ago (edited),,,,0
https://www.youtube.com/watch?v=r1DSH9AQXLU,Ugyfg8-z1nWJJTkHUsN4AaABAg,Youtube,@satyaknalpot,mendingan dengerin omongan mody juragan kos sih ini,1 hour ago,,,,0
https://www.youtube.com/watch?v=r1DSH9AQXLU,Ugw3r-wIw2ET-G0EAyN4AaABAg,Youtube,@leoerik9351,"entah knp gak pernah suka sama ini mbak-mbak, gak bisa relate sama apa yang dia omong, dan gak pernah liat konstribusi dia untuk negara terutama di situasi & kondisi negara yg seperti ini. Apalagi dia LPDP",1 hour ago,,,,0
https://www.youtube.com/watch?v=r1DSH9AQXLU,UgyaWw0z8BKCz0dOqF14AaABAg,Youtube,@ミラレア9,"Maudy, dengan kamu acknowledge bahwa banyak ""berita buruk dengan skala besar"" aja, nunjukin bahwa kamu sebenarnya TAU but you choose not care dan menutup telinga instead of using your platform to spread awareness.

It's extremely tone deaf and rude, soalnya bagi kamu ini cuma berita buruk that you can walk away with tapi bagi sebagian orang ini realita yang ga terhindar Maudy. 

Makanan yang kamu makan untuk sarapan aja bagi sebagian orang itu bisa jadi treat ""makanan mewah"" bagi mereka dan gak bisa dimakan setiap hari, dan kamu dengan lancang dan terang benderang closing your ears to all the news about people suffering because it was inconvenient for you. Inget Maudy, kamu kuliah pake duit pajak rakyat.",1 hour ago,,,,0
https://www.youtube.com/watch?v=r1DSH9AQXLU,UgyHtYjid1mvGWKRv4F4AaABAg,Youtube,@AltalunaStory,"Tone deaf banget 😢
You are just being Unsympathetic",1 hour ago,,,,0
https://www.youtube.com/watch?v=r1DSH9AQXLU,UgzvsgbwYa4JMbwdZC54AaABAg,Youtube,@IbudiDapur,"Ini lebih cocok didenger oleh org2 super kaya yg ketakutan dijarah. Ga usah sok kecakepan ya mba, gw liat2 bibir lu filler jg kayanya mba 😅",1 hour ago,,,,0
https://www.youtube.com/watch?v=r1DSH9AQXLU,UgyBTe5HugKgzHOsU1h4AaABAg,Youtube,@PahlawanMerdeka,"Kalau ada kerusuhan lagi, kamu target pertama yang aku kunjungi!",1 hour ago,,,,0
https://www.youtube.com/watch?v=r1DSH9AQXLU,UgzC5eEmxqpQVHJA7xp4AaABAg,Youtube,@4lfnn,"sebenernya gua ga ngefans dan ga benci sm lu, dr sudut pandang gua apa yg lu sampaikan ada positifnya mengenai betapa pentingnya memanage informasi buruk agar diri kita ga ""sakit"", cma contoh yang lu pakai yaitu informasi buruk yang terjadi diindonesia sih itu anjing banget.",1 hour ago (edited),,,,0
https://www.youtube.com/watch?v=r1DSH9AQXLU,UgxFcGOHCcHnDAUXnMx4AaABAg,Youtube,@claraabigail9675,"Bad news? People are dying, Maudy. People in Gaza are dying, people in Indonesia are trying hard to breath; middle class cant afford good life cause only survive",1 hour ago,,,,0
https://www.youtube.com/watch?v=r1DSH9AQXLU,UgwrtEhU9mAJiegnpf94AaABAg,Youtube,@ClaraNareswari,Your bad news is bad reality for others. Konsep ini nggak bisa diterapin di indo. Can you please napak tanah??,1 hour ago,,,,0
https://www.youtube.com/watch?v=r1DSH9AQXLU,Ugx-QveWrF8xcrRmvEp4AaABAg,Youtube,@fathikahelend2222,"kecewa sih asli, apa emang ini dirimu yg asli ya? sayang bgt sudah dikelilingi privilege sejak kecil sampe sekarang. buku-buku, lecturer, semua pencapaian, means nothing klo untuk respect and empathy aja blm bisa. please be wise!",1 hour ago (edited),,,,0
https://www.youtube.com/watch?v=r1DSH9AQXLU,UgzAiP_NcQ1-4N7ApGN4AaABAg,Youtube,@farizmuhammad50,Ini adalah contoh kakak2 yg ga napak tanah ya adik2,1 hour ago,,,,0
https://www.youtube.com/watch?v=r1DSH9AQXLU,UgzrkcDRkqS15Vx54Ft4AaABAg,Youtube,@nadhiragadizha7470,"Muak banget, liat video awalnya aja udah sok cantik, negara ini gak butuh gaya imut, negara ini butuh orang² yg vocal dan berani mengkritik kecacatan pemerintah....just speak in english and make fancy gesture,next what????gak ada untungnya buat kami masyarakat 😭",1 hour ago,,,,0
https://www.youtube.com/watch?v=r1DSH9AQXLU,Ugwa-CarIixFkgUTbr94AaABAg,Youtube,@dailylife5547,"Kritik pemerintah dulu, baru bicara mindfullness. Kalau gak berani, mending anda diam. Tone deafnya kebangetan mbak",1 hour ago,,,,0
https://www.youtube.com/watch?v=r1DSH9AQXLU,Ugwq-BFgSJvC8rXbJLp4AaABAg,Youtube,@2meism,MAUDY'S TOLOL THOUGHT,1 hour ago,,,,0
https://www.youtube.com/watch?v=r1DSH9AQXLU,UgzP9AkTvz-vzUZh51x4AaABAg,Youtube,@mina8577,"Mending take down gak sih videonya, isinya bener-bener nirempati terhadap rakyat indonesia yg udah biayain kuliah kamu!",1 hour ago,,,,0
https://www.youtube.com/watch?v=r1DSH9AQXLU,Ugx1cEwPruJVCsdk9pd4AaABAg,Youtube,@sartika_gp,"Hai, Maudy, i am your fan. Aku ke sini karena baru liat ada keramean ini di sosmed. Aku sudah nonton sampai habis videonya dan aku paham apa yang kamu ingin sampaikan, tapi aku juga bisa mengerti kenapa banyak yang merasa ini sebagai bentuk nirempati/tone deaf. Dan ini pendapatku. Menurutku, judul video dan di awal video kamu angkat tentang ""bad news"", tapi kamu tidak mention satupun apa contoh bad news yang kamu maksud itu. Kedua, menurutku ini adalah saran untuk teman2 yang ""tidak terdampak"" atau ya benar yang kamu bilang, sebagai pendengar ""bad news"", bukan sebagai bagian dari itu. Makanya aku bilang, kamu tidak mention even 1 saja contoh bad news yang kamu maksud. Jadi, teman2 yang misalnya keluarganya ada yang menjadi korban keracunan MBG, terdampak karhutla, and so on, merasa bahwa yang kamu lakukan ini adalah bentuk nirempati terhadap mereka dan sama sekali ngga menolong. Padahal mereka berharap lebih ke kamu sebagai orang yang punya privilege atau kesempatan untuk reach out dampak lebih besar yang bisa membantu teman2 di luar sana. Hope you read my comment. Dan semoga teman2 semua sekarang dalam keadaan yang lebih baik.",1 hour ago,,,,0
https://www.youtube.com/watch?v=r1DSH9AQXLU,Ugyy2lljrkq0KXsDajN4AaABAg,Youtube,@MutiaraTia-d1g,"Kamu bikin video ini target marketnya siapa kak? Kl in general jelas ga relate. Ga semua orang punya waktu buat memfilter ala2 mindfulness di dapur cantik & rumah nyaman. Ditinggal mindfulness dikit ada keluarga yg bisa dipastikan kelaparan. Anak, istri, ortu, kakak, adik dan keluarga lain yg bergantung dgn mereka. Mending di video nya dikasih tag hanya cocok untuk kamu & circle kamu atau orang2 yg segolongan sama kamu. Kl in general gini, malah jadi keliatan cengeng kamunya kak. Mending kamu bikin video yg relate2 aja kl memang diperuntukkan buat orang banyak😂😂😂",1 hour ago,,,,0
https://www.youtube.com/watch?v=r1DSH9AQXLU,UgwOartIlrAZ8gRK_n54AaABAg,Youtube,@jillianvonhellen,"Ini gimana sih kok bisa ngomongin bad news sambil makan enak? 
Bencana aceh sumatra, karhutla kalimantan papua, gempa NTT, banyak siswa sekolah keracunan MBG, dan bisa-bisanya makan toast super healthy pake telor dan cottage cheese? Istighfar, maudy.. Ya Tuhan...",1 hour ago (edited),,,,0
https://www.youtube.com/watch?v=r1DSH9AQXLU,UgwHYsRgNbfDktuOFyV4AaABAg,Youtube,@user-hq6st5dd4d,"Kaget aja gak ada angin g ada hujan tiba2 speak up isue kayak gini padahal tau sendiri WNI sedang berjibaku dengan kehidupan yang tidak mudah dinegara ini,mbak coba lebih empati,gak semua ada di lingkungan anda dengan segala previlage nya,,ada yang bilang mgkin anda begini karena ""gak pernah miskin,gak pernah susah dan gak pernah gagal""",1 hour ago,,,,0
https://www.youtube.com/watch?v=r1DSH9AQXLU,UgyArus6LXGmVzwRWDJ4AaABAg,Youtube,@glccmycecil,typical privileged kid that thinks she knows the best,1 hour ago,,,,0
https://www.youtube.com/watch?v=r1DSH9AQXLU,UgyT8vZN4IWw-IL5weV4AaABAg,Youtube,@kakakuwarx7779,"Enak sih. Jadi kamu. hahaha 😂
Aku jadi stoic banget lihat kamu.

Memang luar biasa Kualitas LPDP Awardee, dan ini bentuk pengabdian nyata untuk Indonesia.
Angkat topi dan angkat tangan sekaligus! 
Lanjutkan, lanjutkan!!

Dari Tuanmu - Rakyat Indonesia",1 hour ago,,,,0
https://www.youtube.com/watch?v=r1DSH9AQXLU,UgwOf1W5Qj9jngCgSnl4AaABAg,Youtube,@niwanda,hahahahaha dasar capitol,1 hour ago,,,,0
https://www.youtube.com/watch?v=r1DSH9AQXLU,UgxkmfqM428sDW7itrZ4AaABAg,Youtube,@nadhiragadizha7470,"cuma Sherina artis yg langsung take action, apapun yang dia bisa lakukan,dia lakukan..dia memanfaatkan platformnya dengan sangat baik sebagai public figur, negara ini sedang tidak baik baik saja,  anda sebagai lulusan LPDP sekaligus public figur harusnya lebih vocal karena sekolah anda dibiayai oleh negara, minimal ikut BERSUARA atas ketidak adilan di negara ini!!",1 hour ago (edited),,,,0
https://www.youtube.com/watch?v=r1DSH9AQXLU,Ugwfduni23mpxaqc7R94AaABAg,Youtube,@yogipratama359,The queen of performative activism! 🎉,1 hour ago,,,,0
https://www.youtube.com/watch?v=r1DSH9AQXLU,Ugyg9KKI1bUlgYHZBG54AaABAg,Youtube,@jagoanliterasi,"Serius susah makan? Overwhelmed? Gimana para siswa yang keracunan MBG? Gimana warga Kalimantan yang harus hirup asap karena karhutla? Gimana jurnalis yang hilang saat meliput Krakatau?. Ibu bilangnya di video susah makan , overwhelmed, tapi ibu kelihatan enjoy menikmati makanan enak. Kasihani anak anak sekolah yang keracunan MBG, kasihani warga Kalimantan yang harus hirup asap. Setidaknya, ibu tidak mengatakan sesuatu yang tidak mengenakkan mereka.",1 hour ago,,,,0
https://www.youtube.com/watch?v=r1DSH9AQXLU,UgyQbOMZi7-ZJgOm8kd4AaABAg,Youtube,@maeradwiputri2440,“But you'll never know unless you walk in my shoes”,1 hour ago,,,,0
https://www.youtube.com/watch?v=r1DSH9AQXLU,Ugxi0q7d80NCgw3FLQp4AaABAg,Youtube,@nyalasenjakala,"Ketika mata air keramat di desa Latas terancam digusur, Laksmi tidak peduli dengan bad news itu. Dia hanya ingin kerasukan dan menjauh sejauh-jauhnya dari  duka dan realitas di sekitarnya.",1 hour ago,,,,0
https://www.youtube.com/watch?v=r1DSH9AQXLU,UgyOtaXRWLO32aNr5H94AaABAg,Youtube,@adrianpamungkas1249,you could have just shut up instead of this. enjoy the clout you wanted 🤪,1 hour ago,,,,0
https://www.youtube.com/watch?v=r1DSH9AQXLU,Ugxkmj8Y8BZbQxPBy5B4AaABAg,Youtube,@luluova6148,Bahkan di awal vidio aja ga ngomong dulu turut sedih atas bencana di indo dsb. Yaampun kamu tone deaf bgt :) not respect. Pinter tapi ga ber adab,1 hour ago,,,,0
https://www.youtube.com/watch?v=r1DSH9AQXLU,Ugwfe8OmR82KBq8Or5F4AaABAg,Youtube,@static4104,Lu mah enak orang kaya,1 hour ago,,,,0
https://www.youtube.com/watch?v=r1DSH9AQXLU,UgzXYut_aVTuXw5uNiJ4AaABAg,Youtube,@aalizzwell873,"Enak bgt klo jdi org kaya ya, ga kena dampak apa2 jdi enak tinggal bilang bad news 😂",1 hour ago,,,,0
https://www.youtube.com/watch?v=r1DSH9AQXLU,UgzXSNAcfABedMFxZfF4AaABAg,Youtube,@delisawulandari993,"Survive mentally and emotionally katanya... 
mati air 7 hari ndd yang ngalir samasekali , nafas rasanya pendek , duit ndd harga dirinya .  survive fisik aja syukur wkwkkw",1 hour ago,,,,0
https://www.youtube.com/watch?v=r1DSH9AQXLU,Ugxiybf7nmo-FRlr2XN4AaABAg,Youtube,@nysmn5268,"The audacity to wear that so-called Stanford jacket while lecturing those of us who have actually suffered to “be mindful.”
Girl, you got to Stanford on a scholarship funded by us. By taxpayers. The very people you’re now telling to be mindful.",1 hour ago,,,,0
https://www.youtube.com/watch?v=r1DSH9AQXLU,UgzabD_vmXYAp9iUAUR4AaABAg,Youtube,@Chrysanthemomm,"eh penerima LPDP, lu sekolah aja tu masih pake duit rakyat, plis lah napak tanah sedikit",1 hour ago,,,,0
https://www.youtube.com/watch?v=r1DSH9AQXLU,UgzOm7oHemnL8yP4YGJ4AaABAg,Youtube,@keenansartplay2368,"Bad news yang km bilang itu bad reality utk sebagian masyarakat indonesia. 

Km punya privilage jd seorang public figure, seharusnya km punya rasa tanggung jawab utk ikut bersuara, take side dmn km harus berdiri, bukan diam dan ignore…

Bagimu itu mungkin self improvement tp tanpa kamu sadari kamu sudah menyebar luaskan ke acuhan dan nir empati mu ke masyarakat luas…

Be wise, dan jadilah lebih dewasa maudy…",1 hour ago,,,,0
https://www.youtube.com/watch?v=r1DSH9AQXLU,Ugxzf5wtHwYS9TT2iSF4AaABAg,Youtube,@keenansartplay2368,"You have the power to raise awareness, but instead you teach antipathy.",1 hour ago,,,,0
https://www.youtube.com/watch?v=r1DSH9AQXLU,UgzwPR-MalJ3R4_-U1l4AaABAg,Youtube,@sarachaisha6107,Dislike sih,1 hour ago,,,,0
https://www.youtube.com/watch?v=r1DSH9AQXLU,UgwIPen2whHET72ZBYd4AaABAg,Youtube,@reska6721,Iya lu bisa ngomong nyenyenye begini lah lu makan sehat hidup enak maudy lu ga pernah ngerasain kehidupan mereka yg lgi tertimpa bad news itu,1 hour ago,,,,0
https://www.youtube.com/watch?v=r1DSH9AQXLU,UgzmLeZOvw3eMdZJVpJ4AaABAg,Youtube,@maylanira496,"lu tone deaf, lu ga empati, lu ngerasa kita ngerusak mindfullness lu dan background video, liat semua buka mataaa dia ngomong gini di dalam rumah yg nyaman dan perabotan yg mahal. 
boycott lu dan brand lu, jangan keruk sda kita demi keuntungan pribadi lu.",1 hour ago,,,,0
https://www.youtube.com/watch?v=r1DSH9AQXLU,UgygJgxbE5mWS-l0qPR4AaABAg,Youtube,@superfall8038,Ngomong nya berasa anak jaksel😂,1 hour ago,,,,0
https://www.youtube.com/watch?v=r1DSH9AQXLU,UgzhQ7BqtD_YW_tB7-t4AaABAg,Youtube,@asumshits,Lu mah enak orkay dari orok bray,1 hour ago,,,,0
https://www.youtube.com/watch?v=r1DSH9AQXLU,Ugx09MwqcSSEoBmqext4AaABAg,Youtube,@mkhlsdrf,"After almost everyone got triggered about your statement, apakah sekarang kamu masih MINDFUL, Maudy? Apakah respon orang yang tidak setuju dengan pernyataanmu ini termasuk bad news? I might be one of the bad news you talked about, Maudy.",1 hour ago (edited),,,,0
https://www.youtube.com/watch?v=r1DSH9AQXLU,Ugxw5WDfhm5DE1tLgfd4AaABAg,Youtube,@nasrulmujib5122,Oh ini sekolah dari pajak RAKYAT,1 hour ago,,,,0
https://www.youtube.com/watch?v=r1DSH9AQXLU,UgzBBVnAPS8STTV3b1d4AaABAg,Youtube,@faishalamin6689,Org 0 empati kek bgni bentuknya yak,1 hour ago,,,,0
https://www.youtube.com/watch?v=r1DSH9AQXLU,Ugy_udiLSQSnIGscb5R4AaABAg,Youtube,@muhammadfadhillah542,zero empathy,2 hours ago,,,,0
https://www.youtube.com/watch?v=r1DSH9AQXLU,UgwGa_CJGTj1xWjgZ9t4AaABAg,Youtube,@winindaapriyanti,"Mba Mod, kata Mba Zahratuljannah, Caring means letting its pain disturb your peace ❤ dan aku 100% setuju sih.",2 hours ago,,,,0
https://www.youtube.com/watch?v=r1DSH9AQXLU,UgzU1E_NpNrewEd1VPN4AaABAg,Youtube,@maximillianjames7799,😂😂 The comments section mirrors that one island😂😂,2 hours ago,,,,0
https://www.youtube.com/watch?v=r1DSH9AQXLU,UgxHuP-5K-HoYb1HfWB4AaABAg,Youtube,@ZakiahNirmala,"dari kecil hidup berkecukupan 
Liat Di Instagram nyokapnya Yang dimana ke Disneyland bisa berkali Kali 
Maudy ,bisakah Adanya privilege Yang kamu punya itu bisa membantu saudara saudari Kita Yang terdampak ? Donasi pendidikan untuk Sekolah Dan kasih beasiswa untuk siswa siswi berprestasi Yang tidak mampu disana? Anda ini founder Maudy Ayunda foundation harusnya Semua Yang terjadi kepada saudara saudari Kita Yang terdampak disana perhatian anda juga 
Dan juga anda juga LPDP juga 
Apa Yang anda kontribusikan Di negara ini ? Apa tujuan from this island dibentuk ?kenapa anda gak ikut blusukan bersama rekan Artis Dan para influencer Di Daerah terdampak ?",2 hours ago,,,,0
https://www.youtube.com/watch?v=r1DSH9AQXLU,Ugzhe3lAhsBkkzNt_RV4AaABAg,Youtube,@nesyavianthi7772,"Mod,biasanya aku like videomu yg memotivasi,tp kali ini aku like komentar2nya..like...ah,kamu sering blunder di tengah keadaan negara n masyarakat yg lagi ga baik2 aja",2 hours ago,,,,0
https://www.youtube.com/watch?v=r1DSH9AQXLU,Ugzf_Kd8K2DupNo0uvh4AaABAg,Youtube,@vikaoktika8260,Lu mending diem aja deh mody,2 hours ago,,,,0
https://www.youtube.com/watch?v=r1DSH9AQXLU,UgxsnifBMq93y3XBiUN4AaABAg,Youtube,@farisferdian6848,"di situasi sekarang untuk jadi mindfullnes sangat dianjurkan namun harus dibarengi dengan Arete (kebajikan dan selaras dengan alam). disaat kita masyarakat diterpa dengan segala hal buruk, dan kita mengetahui akar masalahnya, kita diwajibkan untuk memiliki sifat berani, rasa keadilan, dan kebijaksanaan, karena stoik bukan apatis, tapi berani menentang apa yang tidak selaras. maka, tiap dari kita mau itu public figure atau bukan, harus menyelaraskan hal yang tidak selaras, seperti contoh kebijakan yang ttll, pejabat doengoe, pemimpin dzolim, itu semua akar permasalahan, jadi tau kan harus ngapain?",2 hours ago,,,,0
https://www.youtube.com/watch?v=r1DSH9AQXLU,UgwqjFGqZoEtd9QCKUV4AaABAg.AagOPL4Xf5qAagxNaABIHP,Youtube,@itsaeon6288,"I’m listening and learning' itu kalimat aman biar lu ga keliatan salah. Lu ga bener-bener ngerasa salah, lu cuma kaget aja ternyata privilese lu kali ini keliatan terlalu menjijikkan di mata orang banyak",15 hours ago,,,,0
https://www.youtube.com/watch?v=r1DSH9AQXLU,UgwqjFGqZoEtd9QCKUV4AaABAg.AagOPL4Xf5qAahbDlv2XwW,Youtube,@aokainider,"@Expe_riencE semua komentarmu isinya ngedefend maudy mulu, di bayar berapa??",9 hours ago,,,,0
https://www.youtube.com/watch?v=r1DSH9AQXLU,UgwqjFGqZoEtd9QCKUV4AaABAg.AagOPL4Xf5qAahbkUXaBBc,Youtube,@Expe_riencE,"​ @aokainider gratis, sukarela",9 hours ago,,,,0
https://www.youtube.com/watch?v=r1DSH9AQXLU,UgwqjFGqZoEtd9QCKUV4AaABAg.AagOPL4Xf5qAagaUT40a7b,Youtube,@jeniferfabiola9452,"Paragraf banyak tapi gaada satupun permintaan maafnya, kak.",19 hours ago,,,,0
https://www.youtube.com/watch?v=r1DSH9AQXLU,UgwqjFGqZoEtd9QCKUV4AaABAg.AagOPL4Xf5qAah0c5EBC7G,Youtube,@catty1839,kayak gini ya temen2 hasilny  public figure kalo kuliah pake pajak kita😂 shame on u,15 hours ago (edited),,,,0
https://www.youtube.com/watch?v=r1DSH9AQXLU,UgwqjFGqZoEtd9QCKUV4AaABAg.AagOPL4Xf5qAah349KN1fc,Youtube,@rmdhnft5357,"Get in touch with reality. Oh damn, nggak bisa dong yah? Ketinggian mau napak ke tanah struggling class.",15 hours ago,,,,0
https://www.youtube.com/watch?v=r1DSH9AQXLU,UgwqjFGqZoEtd9QCKUV4AaABAg.AagOPL4Xf5qAah51OyAA0m,Youtube,@baebyleaf,"✨""living in the age of bad news"" ✨

MOST OF US ARE LIVING IN LITERAL HELL NOW! MAUDY AYUNDA",14 hours ago,,,,0
https://www.youtube.com/watch?v=r1DSH9AQXLU,UgwqjFGqZoEtd9QCKUV4AaABAg.AagOPL4Xf5qAagS7xmPCl_,Youtube,@jimsonweedss,"blunder blunder wkwkwkwk orang kaya mah bebas, klo pengen tambah kaya tinggal jilat rezim 😹😹😹😹😹😹",20 hours ago,,,,0
https://www.youtube.com/watch?v=r1DSH9AQXLU,UgwqjFGqZoEtd9QCKUV4AaABAg.AagOPL4Xf5qAaglOA9IGRd,Youtube,@GelungArpahul,"​ @jimsonweedss wah situ kalo ngomong suka bener, walah 😹😹😹",17 hours ago,,,,0
https://www.youtube.com/watch?v=r1DSH9AQXLU,UgwqjFGqZoEtd9QCKUV4AaABAg.AagOPL4Xf5qAagYL_2AAJZ,Youtube,@kanmakan6353,Itu sama kyk mengetahui genosida berkedok makan bergizi hingga puluhan ribu korban tapi I don't give a fck,19 hours ago,,,,0
https://www.youtube.com/watch?v=r1DSH9AQXLU,UgwqjFGqZoEtd9QCKUV4AaABAg.AagOPL4Xf5qAag_RMI-B8a,Youtube,@debbyprelesiawahyudi7718,"Setelah viral dan kamu tetep gak sadar... yaallah maudy, sing eling",19 hours ago,,,,0
https://www.youtube.com/watch?v=r1DSH9AQXLU,UgwqjFGqZoEtd9QCKUV4AaABAg.AagOPL4Xf5qAagjGYgDQtm,Youtube,@heaviestrainfall8963,"Buat sekedar minta maaf pun kamu gak mau.
Kebayang segede apa egonya.
Gak heran tone deaf abis.

Kejadian karhutla, keracunan MBG, PHK dll, di sekitar kamu itu beneran musibah dan banyak korbannya, bukan sekedar bad news.",18 hours ago,,,,0
https://www.youtube.com/watch?v=r1DSH9AQXLU,UgzL_vDpEVu1SmvMedp4AaABAg,Youtube,@nurulizmimarasabessy6981,"Bisa ngomong gini karna LO GA HIDUP DALAM BAD NEWS ITU, bayangin emak lu tinggal di Kalimantan yg tiap hari hirup asep, adek sepupu lo keracunan di Karo",2 hours ago,,,,0
https://www.youtube.com/watch?v=r1DSH9AQXLU,UgxocdFMjweKYtQXAWN4AaABAg,Youtube,@Rigel088,Ternyata empati itu tak sebanding dengan pendidikan seseorang ya..ga jamin sekolah tinggi2 punya empati,2 hours ago,,,,0
https://www.youtube.com/watch?v=r1DSH9AQXLU,UgyuMHc3mpu1b_egkah4AaABAg,Youtube,@sukastrawberry,"gasuka bgt gw jadinya sama si maudy ini, dih",2 hours ago,,,,0
https://www.youtube.com/watch?v=r1DSH9AQXLU,UgxiV19SFfaOJA8apYp4AaABAg,Youtube,@IM-nm9uw,Gini ya mindset pejabat,2 hours ago,,,,1
https://www.youtube.com/watch?v=r1DSH9AQXLU,UgzvnvAEBNqkrOafmG54AaABAg,Youtube,@theinspiredofchange,Maudy your should be about condition there and please you're appreciate their not everybody but likes having your lifestyle inside financial with the same,2 hours ago,,,,0
https://www.youtube.com/watch?v=r1DSH9AQXLU,UgxbcbLJdfy2zGfVax94AaABAg,Youtube,@skuttmutt-jz6su,"imo from your perspective boleh juga sih kak, tapi dont forget to be empathic to whom who got the impact of those ""bad news"", and thats whats you not include from the video u made... be more sympathetic and respect please... you have such a big power yet you use it unwisely",2 hours ago,,,,0
https://www.youtube.com/watch?v=r1DSH9AQXLU,UgzIX3PbB2E0kqivKSJ4AaABAg,Youtube,@gemarelung,anjir gak relate di gw. dia mah buat ini untuk yang relate relate aja,2 hours ago,,,,0
https://www.youtube.com/watch?v=r1DSH9AQXLU,UgxlynYM8_h27pamdeF4AaABAg,Youtube,@Detektifswasta007,"Mbak-mbak tone deaf , penuh dengan kepalsuan.",2 hours ago,,,,0
https://www.youtube.com/watch?v=r1DSH9AQXLU,UgzvoqJWM97-nZKV7ol4AaABAg,Youtube,@wahyuikhsan3677,"orang Kalimantan yang lagi nonton ini sambil antri bbm + pakai masker + mata perih kena asap + listrik rumahnya mati utk yg kesekian kalinya 


Mindfullnes dalam keadaan terluka 😹",2 hours ago,,,,0
https://www.youtube.com/watch?v=r1DSH9AQXLU,Ugw9Gl0Men5u5Miqflx4AaABAg,Youtube,@vikaoktika8260,Empatinya mana modyyyy lo udah dapet beasiswa dari pajak rakyat woyyy,2 hours ago,,,,0
https://www.youtube.com/watch?v=r1DSH9AQXLU,UgwJFyX5NnVm0pFQb2d4AaABAg,Youtube,@titiknol6794,BACOT LU KULIAH PAKE PAJAK RAKYAT.!! Gausah bahas bahas mindfulness!,2 hours ago,,,,0
https://www.youtube.com/watch?v=r1DSH9AQXLU,Ugx4nxLeB-YM-2Boda94AaABAg,Youtube,@supermoney3896,"Habis baca komentar yang disematkan , hmm kayak ga asing. ""Maaf"" atau ""turut prihatin"" ga kelihatan di sana. Fix cancel ni orang, tanda-tanda nyawit",2 hours ago,,,,0
https://www.youtube.com/watch?v=r1DSH9AQXLU,UgzI2Hi98mBN9xNGHap4AaABAg,Youtube,@daranimator9665,Boikot maudy,2 hours ago,,,,0
https://www.youtube.com/watch?v=r1DSH9AQXLU,UgzUBts_OQSanqFOMxh4AaABAg,Youtube,@SNSS09,Living in the bubble,2 hours ago,,,,0
https://www.youtube.com/watch?v=r1DSH9AQXLU,UgxKOrp43pMjVNUwyIZ4AaABAg,Youtube,@anissafitri9677,"Aku juga mau step away maudy, tp aku di kaltim dan parahnya lagi di RS ku saat ini TPP tidak dibayar sejak bulan juni, otw 4 bln TPP nakes tidak dibayar. Aku bisa aja step away, masih punya suami yg nafkahin, masih punya aset pribadi dan aset kos-kosan. Tp aku milih maju terus biarpun mentalku dan otakku udah porak poranda. Aku stand buat temen2ku sesama nakes, aku turun buat TTD dan dokumentasi supaya hasil dokumentasiku bisa dipakai untuk media dan menyuarakan hak nakes. Dan hasilnya kami ditanggapi, kami dapat atensi dan power tambahan. Menurut kamu apa yg terjadi kalau aku kemaren2 milih step away dan rest dulu?",2 hours ago,,,,0
https://www.youtube.com/watch?v=r1DSH9AQXLU,Ugzu9QzzU2_PPjqyAN14AaABAg,Youtube,@mutiaraprmswr41,"apus kak, malu",2 hours ago,,,,0
https://www.youtube.com/watch?v=r1DSH9AQXLU,UgzRBFbL0lD6G2-HdI94AaABAg,Youtube,@annisafarahdiba9219,"Ketika kamu lahir dari keluarga kaya, ga pernah hidup susah, punya banyak privilege, karir bagus, finansial stabil. You could never understand what other people are going through
Napak tanah sekali2, bad news lu itu realita yg harus dijalani sehari2 orang Indonesia sekarang, so tone deaf",2 hours ago,,,,1
https://www.youtube.com/watch?v=r1DSH9AQXLU,Ugz5rfVQsgumJRukslp4AaABAg,Youtube,@syauqimaulidzar,"Millions of people affected by wildfire smoke, limited fuel access, hard-to-get water and electricity. The question is, were you being mindful of these millions of people before choosing your words? Before making a vlog? Talk is definitely much easier than experiencing it firsthand",2 hours ago,,,,0
https://www.youtube.com/watch?v=r1DSH9AQXLU,UgzCIzNWb6Ma0DN2gsh4AaABAg,Youtube,@elenazeevanya,aku lagi berusaha untuk mencapai protein goal aku some people barely eat anything at all on a daily basis??????,2 hours ago,,,,0
https://www.youtube.com/watch?v=r1DSH9AQXLU,Ugz7Bg_3uYvIL0vpFfV4AaABAg,Youtube,@hendrairawan9507,Cancel culture aj dia sbgai seleb biar dia tau rasanya bad new dkarirnya,2 hours ago,,,,0
https://www.youtube.com/watch?v=r1DSH9AQXLU,UgwqjFGqZoEtd9QCKUV4AaABAg.AagOPL4Xf5qAagpK7Ds158,Youtube,@Sireinamu,Udah lah mending lu diem. Dari : yang hirup asap tiap hari tapi gak sedrama elu.,17 hours ago,,,,0
https://www.youtube.com/watch?v=r1DSH9AQXLU,UgwqjFGqZoEtd9QCKUV4AaABAg.AagOPL4Xf5qAagwrhtBUhd,Youtube,@sapphiresapphire8319,"Bocil SD yg abis dimarahin emaknya karena main sampe maghrib aja masih bisa minta maaf, masa situ orang dewasa gak bisa minta maaf, Neng? All those word vomits yet 0 sorry. I don't think those nutritious meals n snacks nourish your brain properly enough, just saying",16 hours ago,,,,0
https://www.youtube.com/watch?v=r1DSH9AQXLU,UgwqjFGqZoEtd9QCKUV4AaABAg.AagOPL4Xf5qAahHAjbWTLj,Youtube,@Expe_riencE, @sapphiresapphire8319 salah sendiri main sampai mahgrib,12 hours ago,,,,0
https://www.youtube.com/watch?v=r1DSH9AQXLU,UgwqjFGqZoEtd9QCKUV4AaABAg.AagOPL4Xf5qAah1id8TP14,Youtube,@dinatania3369,Gak jelas. Are u trying to gaslight the viewers?,15 hours ago (edited),,,,0
https://www.youtube.com/watch?v=r1DSH9AQXLU,UgwqjFGqZoEtd9QCKUV4AaABAg.AagOPL4Xf5qAah7AUwsT3V,Youtube,@widyapratiwi7931,GA BISA TANGANLU NGETIK MAAF?,14 hours ago,,,,0
https://www.youtube.com/watch?v=r1DSH9AQXLU,UgwqjFGqZoEtd9QCKUV4AaABAg.AagOPL4Xf5qAahImaO0Br2,Youtube,@zaryuniiagustina8389,"Omygttt mbaa maudyyy, kecewaa bangett, dan kecewanya kami mungkin gak penting dan gak ngaruhh dengan kehidupan mba maudy, but... my hope setidaknyaa dengan segala privillage yang mba punya, BERSUARAALAH! 

Sejujurnya postingan ini hanya pemantik atas kekecewaan kami selama ini",12 hours ago,,,,0
https://www.youtube.com/watch?v=r1DSH9AQXLU,UgwqjFGqZoEtd9QCKUV4AaABAg.AagOPL4Xf5qAahKI7ubmU7,Youtube,@Expe_riencE, @zaryuniiagustina8389 sudah ada ferry irwandi dan masih buanyak lagi,12 hours ago,,,,0
https://www.youtube.com/watch?v=r1DSH9AQXLU,UgwqjFGqZoEtd9QCKUV4AaABAg.AagOPL4Xf5qAahQ1_XZMG-,Youtube,@outdoorgears_id2687,Mindfulness berak sekebon. mending diam saja. nikmati hidupmu yg sudah nyaman,11 hours ago,,,,0
https://www.youtube.com/watch?v=r1DSH9AQXLU,UgwqjFGqZoEtd9QCKUV4AaABAg.AagOPL4Xf5qAahQ9hUQb1c,Youtube,@artastudio7589,"Play outside your own bubble, it seems like that would relate to your 'Mindfulness' term,...",11 hours ago,,,,0
https://www.youtube.com/watch?v=r1DSH9AQXLU,UgwqjFGqZoEtd9QCKUV4AaABAg.AagOPL4Xf5qAahXbxptAeS,Youtube,@gianarfansyah7627,"So, actionnya apa nih kak after realization. I believe silent and not saying anything is ignorance, understanding the power, privileges and influences you have.",10 hours ago,,,,0
https://www.youtube.com/watch?v=r1DSH9AQXLU,UgwqjFGqZoEtd9QCKUV4AaABAg.AagOPL4Xf5qAahXw_b5OP7,Youtube,@Expe_riencE,​ @gianarfansyah7627 action apa?,10 hours ago,,,,0
https://www.youtube.com/watch?v=r1DSH9AQXLU,UgwqjFGqZoEtd9QCKUV4AaABAg.AagOPL4Xf5qAai0g-aenhQ,Youtube,@rakaipranatyastama8910,"Gak ada say sorry ya😂, kalo lu jadi artis di korsel, lu pasti udah digoreng abis²an banget, banyak sasaeng, disuruh 'serahin harta', minta maaf sampe tunduk ama netizen😂",6 hours ago,,,,0
https://www.youtube.com/watch?v=r1DSH9AQXLU,UgwqjFGqZoEtd9QCKUV4AaABAg.AagOPL4Xf5qAaiZ4bXKV9c,Youtube,@alishalishaaa,bisa ga sih use your platform for awareness? you WERE everyones role model,1 hour ago,,,,0
https://www.youtube.com/watch?v=r1DSH9AQXLU,UgxiV19SFfaOJA8apYp4AaABAg.AaiS0b-fFK_AaiUeHoi1zN,Youtube,@sekar7100,well.. yes,1 hour ago,,,,0
https://www.youtube.com/watch?v=r1DSH9AQXLU,UgzRBFbL0lD6G2-HdI94AaABAg.AaiRMcTrdCnAaiRVOfMyUA,Youtube,@onuachugaming,Kuliah pake lpdp,2 hours ago,,,,0
https://www.youtube.com/watch?v=r1DSH9AQXLU,Ugzdr6AWH6uJOqf1bfx4AaABAg,Youtube,@ffa22222,"Mohon maaf kalau berita dari kami yg di kalimantan masuk dalam list bad news kamu ya, kami pun disini berjuang dgn asap karhutla, kriris air, krisis bbm, dan mati listrik bergilir sampai skrg, maaf bgt kalau jd beban",2 hours ago,,,,0
https://www.youtube.com/watch?v=r1DSH9AQXLU,Ugwt7zwjGx1fWvvicch4AaABAg,Youtube,@TatianaBerlianchannel,Kak aku masih bisa produktif  berfungsi dengan baik sambil peduli sama semua bad News dan bad things yg terjadi 😂,2 hours ago (edited),,,,0
https://www.youtube.com/watch?v=r1DSH9AQXLU,UgyRcyVyIa22uyrmoch4AaABAg,Youtube,@anitalestari11,just stop it😮,2 hours ago,,,,0
https://www.youtube.com/watch?v=r1DSH9AQXLU,UgxBsS4lpZxYXPql1Qx4AaABAg,Youtube,@dhitatristi,"Jika tidak bisa berkata baik, lebih baik diam. Jika tidak bisa menjadi baik, jangan menyakiti orang lain.",2 hours ago,,,,0
https://www.youtube.com/watch?v=r1DSH9AQXLU,UgwUOjWpd4K8w3r7Qyl4AaABAg,Youtube,@ichinichi3252,Artis2 gini banyak ga ya yg terjun langsung ke daerah2 krisis atau kena bencana? Atau ngegalang dana gitu. Yang bukan cuma jadi motivator,2 hours ago,,,,0
https://www.youtube.com/watch?v=r1DSH9AQXLU,UgxKRWTIHtfZhnDDJGN4AaABAg,Youtube,@HildagardisAnanta,"Kak Maudy, terimakasih ya udah share ini. Aku salah satu orang yg percaya kalau kamu bukan orang yg tone deaf. Klo kmu tone deaf, menurutku ga mungkin kmu sejujur ini bikin konten, ga sedih denger kabar. Tapi memang perlu diakui, memang kmu adalah orang yg beruntung krn hidup di Jawa dan kaya, punya uang yang cukup.

Aku selalu ngikutin kamu dan somehow memang kita butuh tenang di diri sendiri supaya bisa tetep kerja dan menjalani tuntutan dunia yang memang kapitalis ini. Semoga dengan kekayaan dan keuntungan ini. Semoga orang2 kaya di dunia bisa dengan rela membagi hartanya buat orang2 yang membutuhkan, krn ya negara ini ga sepeduli itu ga sih.

Kak Maudy jg punya Maudy Ayunda Foundation, semoga bisa disalurkan lewat situ, untuk membantu masyarakat yang membutuhkan. Semangat kak Maudyyyyyy🫶🫶🫶",2 hours ago,,,,0
https://www.youtube.com/watch?v=r1DSH9AQXLU,UgzJDlwZyAjcRsJEGXh4AaABAg,Youtube,@luzhay8058,"Saya tidak mengkontrol jemariku untuk meresponmu, kak. Kau perlu menggunakan daya pikirmu, tindakanmu, sebagai orang yang pernah memakai dana negara untuk kuliah dengan memprotes dan menyuarakan kondisi rakyat yang tidak baik-baik saja dengan banyak kebijakan di negara ini. Ayolah, kak. Bersuara. Jangan berlagak.",2 hours ago,,,,0
https://www.youtube.com/watch?v=r1DSH9AQXLU,Ugw7YQJ8uDXwfQPSOK94AaABAg,Youtube,@wesabhadrasana4189,memang living is easy with eyes closed ya maudy,2 hours ago,,,,0
https://www.youtube.com/watch?v=r1DSH9AQXLU,UgynlaEIzRcb6Z6W1oV4AaABAg,Youtube,@lisnachundhory4622,"Di maudy, akutu gak pernah koment di youtube , sekalinya koment nih ya cuma mau bilang ""Kuping sama Mata kamu aman ya? Pernapasan jg aman ?"" 
Di Kalimantan di , anak² ga isa nafas di, udara uda ga layak dihirup disana !!! Dibeberapa daerah , tiap hari anak² keracunan MBG di, sampe ada yg hilang ingatan, sampe ada yg meninggal. Kamu dg jumlah followers segambreng , dg bahasa inggris yg fasih, BISAAA BGT BERSUARA MEWAKILI KITA² NIH YG REMEHTEMEH UTK MEMPROTES KEBIJAKAN PEMERINTAH YG ONCOMBOROK! KENAPA KAMU? kamu sekolah dibiayai oleh Negara which is dr uang pajak MAUDY !!! ah elah , Gak ilang Cantikmu kalo kamu protes mah! Tau Najwa shihab ? Nah , potensi kamu sama kaya beliau kalo kamu mau pakek!",2 hours ago,,,,0
https://www.youtube.com/watch?v=r1DSH9AQXLU,UgzwMW_0tfHhPsCpD7R4AaABAg,Youtube,@rajut_lensa,"Udahan mbak larping nya, negara tetangga aja udah pada emosi kena dampaknya, lu malah nyuruh mindful mindful",2 hours ago,,,,0
https://www.youtube.com/watch?v=r1DSH9AQXLU,UgzAb8IHxs0hc7GfJ3J4AaABAg,Youtube,@PAWPAWMEOWWW,"Ceritanya mau nasehatin orang, tapi kayanya dia yang perlu di nasehatin😂",2 hours ago,,,,0
https://www.youtube.com/watch?v=r1DSH9AQXLU,UgwjcaIb_aPzRB3OjGh4AaABAg,Youtube,@nanagajajah,tone deaf and sok imut 🙏🏼,2 hours ago,,,,0
https://www.youtube.com/watch?v=r1DSH9AQXLU,Ugy7RX6OSUQb1b-xA8R4AaABAg,Youtube,@gemarelung,ini mah insight untuk sesama orang kaya guys. yang kayak kita2 mah mending skip aja dari pada bikin sakit hati,2 hours ago,,,,0
https://www.youtube.com/watch?v=r1DSH9AQXLU,UgyQ5PWdH19lRUTAaA54AaABAg,Youtube,@mamabear1075,ngomong begini dengan semua kenyamanan disitu..and oh the thermomix as a background by the way,2 hours ago,,,,0
https://www.youtube.com/watch?v=r1DSH9AQXLU,Ugy56RYY5QHUC-xs86V4AaABAg,Youtube,@blazingcontinue4693,"Maudy, making a statement that low tempered and short minded ppl can consume is one of mental draining attempt. Well maybe its seems wrong how u deliver it while showing ur comfortable morning. But i personally think what u saying is right, there are a lot of ppl who feel mentally drained by the news + they cant do anything and so it affect much of their productivity, so then this video such a help to tell us keep updating but with the right portion(besides we cant do anything about it). But some ppl are too jobless that they dont hv real problem to solve, so they tend to get themselves problem to carry (even if they know themselves they cant do anything, but talk), the bonus is they feel being part of the community by doing so..",2 hours ago,,,,0
https://www.youtube.com/watch?v=r1DSH9AQXLU,UgyhBit0odv2Tzj39JF4AaABAg,Youtube,@091faturrahmanhasyimi3,"you almost do nothing as a big influencer, but you still think overwhelmed?",2 hours ago,,,,0
https://www.youtube.com/watch?v=r1DSH9AQXLU,UgxieYvuiqHPQdsFtWd4AaABAg,Youtube,@Rririri36488,10:58 hilang respect gw,2 hours ago,,,,0
https://www.youtube.com/watch?v=r1DSH9AQXLU,UgxUwJhhgxLoNDiXETZ4AaABAg,Youtube,@youngentrepreneur523,Ohhh.....,2 hours ago,,,,0
https://www.youtube.com/watch?v=r1DSH9AQXLU,UgzrbkR6Zg_V9pgRdi54AaABAg,Youtube,@puypuy13,"Mindfullnes ceunahhhh..
Ahaaayyyy..


Ure living in ure own bubble. Buat dia cmn berita....buat kita realita duka...",2 hours ago,,,,0
https://www.youtube.com/watch?v=r1DSH9AQXLU,Ugx6DsLcLuvfiHQZeDN4AaABAg,Youtube,@RioAyisWibowo,"Kesini buat baca komen aja, skip isi video",2 hours ago,,,,0
https://www.youtube.com/watch?v=r1DSH9AQXLU,UgwZcYs8Vj6ycrAyOrR4AaABAg,Youtube,@shastf,g pernah mlarat dia ma,2 hours ago,,,,0
https://www.youtube.com/watch?v=r1DSH9AQXLU,UgwGYArNB3dfI1TeYXh4AaABAg,Youtube,@youngentrepreneur523,TONE DEAF PARAH.....,2 hours ago,,,,0
https://www.youtube.com/watch?v=r1DSH9AQXLU,UgzNtfYij2MHOCHZ3Dd4AaABAg,Youtube,@rahmanapriyanto4325,"Kak Maudy, judulnya lebih cocok : ""Tone Deaf Dengan Elegan"", bukan mindfullnes",2 hours ago,,,,0
https://www.youtube.com/watch?v=r1DSH9AQXLU,Ugyhijk9BDLCuxMYWU14AaABAg,Youtube,@nizarmiftah__,Mampos cancel culture,2 hours ago,,,,0
https://www.youtube.com/watch?v=r1DSH9AQXLU,Ugys5iEhnzqflJ3mpSd4AaABAg,Youtube,@zeaAshalina-g8z,Bisa ya ngomongin kesusahan orang lain sambil senyum ini. Intinya apa ??,2 hours ago,,,,0
https://www.youtube.com/watch?v=r1DSH9AQXLU,UgzPMliX4xRV8uvbbDJ4AaABAg,Youtube,@thecasualpeople8981,Setuju banget kak maudyyyy  #stayprabowo ya dan tetap #staymindfulness kak🥰,2 hours ago,,,,0
https://www.youtube.com/watch?v=r1DSH9AQXLU,Ugyy04jzoI4cRzvbv9R4AaABAg,Youtube,@indahswt9557,DIH,2 hours ago,,,,0
https://www.youtube.com/watch?v=r1DSH9AQXLU,UgwlunrOhJTHXelGLnN4AaABAg,Youtube,@tetapsemangat6344,"IMHO sebenarnya isi (context) video nya gak terlalu gimana, karena memang ada some certain of people yang membutuhkan itu, dan dia juga udah underline bahwa dia orang yg overthinker, orang ovt udah pasti gampang overwhelmed. Tapi the way dia bikin video sambil masak2 cantik, sarapan manja, dan ekspresi sok cute kayak cengengesan gitu, is that your very real emphathy you wanna show off to us?? Mau sampe kapan kamu begitu, maudy?? Turun dong ke jalan ke Kalimantan, Sumatera liat realita kayak apa, jadi even kamu overwhelmed you know udah liat langsung realitanya bukan overwhelmed karena baca berita. Biar gak sia2 kita bayarin kuliah loe sampe ke Stanford sana",2 hours ago,,,,0
https://www.youtube.com/watch?v=r1DSH9AQXLU,Ugw9UbuukHojycdP-AB4AaABAg,Youtube,@febriyantiarni695,"The real nonton drakor, The Real Evil Princessnya keluar. Dia keruk sesuatu dari tempat untuk kelancaran bisnisnya, tapi ketika tempat itu kena musibah watak aslinya keluar. Adek sayang, mau nginep di Kalimantan ga sebulan ?",2 hours ago,,,,0
https://www.youtube.com/watch?v=r1DSH9AQXLU,Ugw7RowptjIC7HZOOtJ4AaABAg,Youtube,@Zephyr2799,"Education can give you the vocabulary to talk about suffering without giving you the positionality to understand it. You can be intellectually sophisticated and articulate, yet still socially tone deaf because of privilege blindness, epistemic insulation, and an empathy gap. Mindfulness should help us face reality, and Stoicism should help us act rightly within it, not make us comfortable while others bear the consequences. Tell someone in Kalimantan dealing with smoke, disrupted livelihoods, or basic necessities to simply “protect their peace,” and you begin to understand the limits of advice given from a distance. You can log off from the news. They cannot log off from its consequences.",2 hours ago (edited),,,,0
https://www.youtube.com/watch?v=r1DSH9AQXLU,UgxsHg-OQoKgsj0BSK14AaABAg,Youtube,@annisafarahdiba9219,"‪Cuih LPDP yg ga ada ngasih kontribusi apa2 ke Indonesia, kuliah lu noh Maudy dibayarin pake uang rakyat Indonesia, Tone Deaf Final Boss!!!!",2 hours ago,,,,0
https://www.youtube.com/watch?v=r1DSH9AQXLU,UgyZy3vUr2D8b0q87bh4AaABAg,Youtube,@dontknowyou1880,Ngabisin duit negara aja lulusan lpdp-lpdp ini,2 hours ago,,,,0
https://www.youtube.com/watch?v=r1DSH9AQXLU,UgzP-ElLrGpV-kQjxJV4AaABAg,Youtube,@cacachuu,"kak kalo kakak ni tinggal di pontianak dari awal tahun ini aja lah, ngerasain bbm langka, mati listrik berjam-jam, kabut asap udah mau 2 bulan, krisis air bersih. kayaknya narasi kamu ga bakal kaya gini deh",2 hours ago,,,,0
https://www.youtube.com/watch?v=r1DSH9AQXLU,Ugxrdmu6VINaHguIe2d4AaABAg,Youtube,@PUCHISAGITA,"Marah?? Lo marah ke siapa? Show your anger dong. Address it and show us where you actually stand! Because if you’re standing comfortably in your super-rich life while calling someone else’s “suffering” negativity, then that is SOOO you throughout all these days. So don’t fake the situation with your fake sadness and fake tears in front of us. Show some action. Speak up and actually do something about what’s happening in this country!",2 hours ago,,,,0
https://www.youtube.com/watch?v=r1DSH9AQXLU,UgzcJteYWjqrS3E9IBd4AaABAg,Youtube,@Mieumueu,Tone deaf. Nirempati,2 hours ago,,,,0
https://www.youtube.com/watch?v=r1DSH9AQXLU,Ugz84CPc_apX1X69J8R4AaABAg,Youtube,@andinobita,ignorance is bliss,2 hours ago,,,,0
https://www.youtube.com/watch?v=r1DSH9AQXLU,UgxZl4t-mYAtVKLaxiB4AaABAg,Youtube,@fitriamalia6344,Dia lagi berusaha memenuhi protein goal dia sambil ngomongin kalo orang2 yang lagi berusaha memenuhi kebutuhan oksigennya itu bikin dia sakit mental,2 hours ago,,,,0
https://www.youtube.com/watch?v=r1DSH9AQXLU,UgzsJl1Of3AsBDScEAR4AaABAg,Youtube,@Mieumueu,Tone deaf. Nirempati,2 hours ago,,,,0
https://www.youtube.com/watch?v=r1DSH9AQXLU,UgwE3fi691MpdzLFWeV4AaABAg,Youtube,@suryanapratiwi,Dia awardee??? Kyk gini?? Serius NANYA,2 hours ago,,,,0
https://www.youtube.com/watch?v=r1DSH9AQXLU,UgxgK3M3AVnnDdbjRUF4AaABAg,Youtube,@Mieumueu,Tone deaf. Nirempati,2 hours ago,,,,0
https://www.youtube.com/watch?v=r1DSH9AQXLU,UgwqjFGqZoEtd9QCKUV4AaABAg.AagOPL4Xf5qAaglG2Kqkdy,Youtube,@GelungArpahul,Intinya ngeduabrusss 🤣🤣,17 hours ago,,,,0
https://www.youtube.com/watch?v=r1DSH9AQXLU,UgwqjFGqZoEtd9QCKUV4AaABAg.AagOPL4Xf5qAagsf3oXsjb,Youtube,@KhususJulid,"Trying to be mindful isinya kitchen set mahal, makanan penuh gizi grade A++, rumah penuh safety plus bisa liburan ke LN kpn aja. Sama sekali gak iri sama kehidupannya. Tapi kasihan yg nonton. Khawatirnya, viewers menelan mentah2 'penjelasannya' tanpa melihat konteks yang berbeda. Agak muak sih, sementara yg di Kalimantan menghirup udara beracun sampe sekarang. Resilience gak bisa dibangun di lingkungan yang TOXIC. So pls stopp everyone menelan info life/ psychology hack yg simplistic bgini.

Copas @reikaazil",16 hours ago,,,,0
https://www.youtube.com/watch?v=r1DSH9AQXLU,UgwqjFGqZoEtd9QCKUV4AaABAg.AagOPL4Xf5qAagw7aMwAcH,Youtube,@cikucikucing,bullshit pretttt,16 hours ago,,,,0
https://www.youtube.com/watch?v=r1DSH9AQXLU,UgwqjFGqZoEtd9QCKUV4AaABAg.AagOPL4Xf5qAagwT9CHCcO,Youtube,@rohikunokami,Bet you voted for prabowo,16 hours ago,,,,0
https://www.youtube.com/watch?v=r1DSH9AQXLU,UgwqjFGqZoEtd9QCKUV4AaABAg.AagOPL4Xf5qAagzVWves46,Youtube,@danz2205,Gak napak tanahnya selevel Prabowo ini mah. Lu pada ngomong apa juga gak bakalan dia paham 😂 there would be more excuses for her luxurious privileges to be continued,15 hours ago,,,,0
https://www.youtube.com/watch?v=r1DSH9AQXLU,UgwqjFGqZoEtd9QCKUV4AaABAg.AagOPL4Xf5qAah1HLJWvWz,Youtube,@txtdrkayla,"Say lots of things, mengingat kamu lulusan luar with a bunch of privileges tapi gak bahas pemerintah says a lot about you Maudy.",15 hours ago,,,,0
https://www.youtube.com/watch?v=r1DSH9AQXLU,UgwqjFGqZoEtd9QCKUV4AaABAg.AagOPL4Xf5qAah4tW9ppkK,Youtube,@oz9591-d1o,"is it only me or why does this feel as if: you're not getting what i said, so i'm gonna make this clear once more 🥱 she really does think we're stupid 🥴 or do we? we don't get the chance to study in stanford with people's tax money anyway ... (instead, we paid the tax)",14 hours ago,,,,0
https://www.youtube.com/watch?v=r1DSH9AQXLU,UgwqjFGqZoEtd9QCKUV4AaABAg.AagOPL4Xf5qAahGV8qxryH,Youtube,@derappena,"Instead of bikin video yang bikin orang makin mikir tentang apa yang sebenernya terjadi di Indonesia lu malah milih dengan sadar buat bikin ni video, badutnya badut banget",13 hours ago,,,,0
https://www.youtube.com/watch?v=r1DSH9AQXLU,UgwqjFGqZoEtd9QCKUV4AaABAg.AagOPL4Xf5qAahHbL23vIF,Youtube,@tyasajengnastiti855,"Same thoughts then. Opini kamu tetep jelek, Maudy.",12 hours ago,,,,0
https://www.youtube.com/watch?v=r1DSH9AQXLU,UgwqjFGqZoEtd9QCKUV4AaABAg.AagOPL4Xf5qAahKnUYprNk,Youtube,@KeyRckt,"this girl has the audacity to said ""bagaimana tetap peduli dan mengikuti apa yang terjadi, sambil menjaga diri supaya kita tetap bisa hadir dan engage dengan lebih berarti"" and say "" struggle pribadi""

funny girl juga lu gw liat liat",12 hours ago,,,,0
https://www.youtube.com/watch?v=r1DSH9AQXLU,UgwqjFGqZoEtd9QCKUV4AaABAg.AagOPL4Xf5qAahMC-0yNA9,Youtube,@mayoskrrr,"“Berbagai program dan kebijakan yg tidak tepat sasaran”…said someone lulusan stanford jalur lpdp…bahh, hipokrit",12 hours ago,,,,0
https://www.youtube.com/watch?v=r1DSH9AQXLU,UgwqjFGqZoEtd9QCKUV4AaABAg.AagOPL4Xf5qAahNO_9GBTv,Youtube,@Expe_riencE, @mayoskrrr jangan kebanyakan nonton drama cina,12 hours ago,,,,0
https://www.youtube.com/watch?v=r1DSH9AQXLU,UgwqjFGqZoEtd9QCKUV4AaABAg.AagOPL4Xf5qAahORiv3Lz_,Youtube,@RayaAndika-vl9km,"Jawabannya normatif sih mod, sorry. Coba aksi nyata, gak cuman retorika!",11 hours ago,,,,0
https://www.youtube.com/watch?v=r1DSH9AQXLU,UgwqjFGqZoEtd9QCKUV4AaABAg.AagOPL4Xf5qAahP0WU9G8e,Youtube,@fairysobs,"yaelah kalo ga di called out jg ga bakal keluar ni statement yang ga ada merasa bersalahnya tuh gue liat-liat... tp emang ga merasa salah kali ya, lanjutin aja deh tuh mindful mindful bullshit",11 hours ago,,,,0
https://www.youtube.com/watch?v=r1DSH9AQXLU,UgwqjFGqZoEtd9QCKUV4AaABAg.AagOPL4Xf5qAai-HhSVAJf,Youtube,@MrKimiloh,"Impacted communities??? Are we on the same page, dude??? We're living in the hell same country, breathe in the same polluted air...how could you differentiate us as a whole that living in the same damn land with you for not being a part as the communities of this country??? Oh My God. Enough, just enough deh Mba Momod. Angkat tangan diriku sama pemikiran dirimu.",6 hours ago (edited),,,,0
https://www.youtube.com/watch?v=r1DSH9AQXLU,UgwqjFGqZoEtd9QCKUV4AaABAg.AagOPL4Xf5qAai4rq7oZHK,Youtube,@venusgvrl,Shame on you fella 😝🖕🏻 besok2 kalo ada berita buruk lagi lu masih mindfulness ga? mentang2 hidup enak tapi ga peka sama kita2 yang menderita ini?,5 hours ago,,,,0
https://www.youtube.com/watch?v=r1DSH9AQXLU,UgwqjFGqZoEtd9QCKUV4AaABAg.AagOPL4Xf5qAai6har2KtH,Youtube,@umpanjihanbogor,​ @venusgvrl tutup mata. Tutup telinga. Tapi dia lupa tutup mulut hahahahah,5 hours ago,,,,0
https://www.youtube.com/watch?v=r1DSH9AQXLU,UgwqjFGqZoEtd9QCKUV4AaABAg.AagOPL4Xf5qAaiC4ri0rkp,Youtube,@amaliahusna5615,"Maudy Maudy, baru kepapar beritanya aja udah anxious, apalagi beneran ngalamin... Ga usah sok ngajarin mindfulness klo ga ngalamin sendiri. Pikiran2 begini mah ga perlu dikontenin kali, cukup bahas sama suami dan keluarga aja, atau temen kalo punya. Atau gabung sama bude2 pancatera mod, sealiran tuh kalian",4 hours ago,,,,0
https://www.youtube.com/watch?v=r1DSH9AQXLU,UgwqjFGqZoEtd9QCKUV4AaABAg.AagOPL4Xf5qAaiEgHyuXwf,Youtube,@홍사나-n4o,Lo cuma duduk dirumah atau apartemen mewahlo itu dengan ac yang nyala dan lagi bikin sarapan ngmng ttng mindfulness disaat semua orang kena asap mati listrik keracunan 😂😂,3 hours ago,,,,0
https://www.youtube.com/watch?v=r1DSH9AQXLU,UgwqjFGqZoEtd9QCKUV4AaABAg.AagOPL4Xf5qAaiX5nJrfX-,Youtube,@alyafdw,"Kamu ngga berjalan di sepatu yang sama maudy, kamu bisa sarapan sambil senyum sementara banyak yang kesusahan sarapan disini karena banyak bencana. Bahkan kamu ngga ada minta maafnya dan ingat kamu kuliah dibayarin sama yang kena asap disini.",1 hour ago,,,,0
https://www.youtube.com/watch?v=r1DSH9AQXLU,UgwqjFGqZoEtd9QCKUV4AaABAg.AagOPL4Xf5qAaiXlz60zJn,Youtube,@hamidahnurohman5831,Sekolah di salah satu universitas terbaik di dunia tidak menjamin cara berpikirnya terbaik juga,1 hour ago,,,,0
https://www.youtube.com/watch?v=r1DSH9AQXLU,UgwqjFGqZoEtd9QCKUV4AaABAg.AagOPL4Xf5qAaiYw4g9EDk,Youtube,@nafisyaraa,"elu tone-deaf, dari mulai kasus nadiem sampe skrg karhutla",1 hour ago,,,,0
https://www.youtube.com/watch?v=r1DSH9AQXLU,UgyleNc8b-ceWSvkAHx4AaABAg,Youtube,@thecasualpeople8981,"setuju kak maudy☺️ di era sekarang media suka mengadu domba rakyat dan pemerintah, padahal pemerintah bekerja keras untuk rakyat. #staymindfulness #stillprabowo",2 hours ago (edited),,,,0
https://www.youtube.com/watch?v=r1DSH9AQXLU,UgzrJCWGe2Q311AIM4F4AaABAg,Youtube,@Rririri36488,2:49 😅 gapunya empatiiii,2 hours ago,,,,0
https://www.youtube.com/watch?v=r1DSH9AQXLU,Ugw75QmahgjsZouCDed4AaABAg,Youtube,@nitakrist6789,"Etdahh Duta Shampo lain Enak banget si paling privilege dengan latar background dapur rapi dan makanan tersedia.
Daripada ngebacot mending turun langsung. Kalau gak mau turun langsung minimal Berdoalah daripada bikin huru hara mindfullness.",2 hours ago (edited),,,,0
https://www.youtube.com/watch?v=r1DSH9AQXLU,Ugxo8icIIXwMCVWM8MJ4AaABAg,Youtube,@suryanapratiwi,BYE SI PALING STOIK CAPER,2 hours ago,,,,0
https://www.youtube.com/watch?v=r1DSH9AQXLU,Ugzg29--gn0S2DSIqG14AaABAg,Youtube,@Rririri36488,"LISTRIK BISA NYALA DI JAKARTA JUGA BERKAT KALIMANTAN, kalo kalimantan mati, warga jakarta emang bisa jalanin hari dengan listrik mati ????? Stop Berpura pura budek , sementara manusia berjasa di pelosok sana listrik susah, BBM susah, mereka kena asap. TEGA!!!! Gapunya empati",2 hours ago,,,,0
https://www.youtube.com/watch?v=r1DSH9AQXLU,UgwNm1VVnna3DFHm1DZ4AaABAg,Youtube,@ardwizahamdanaputra29,Hahaha mindfulness??? Wkwkw,2 hours ago,,,,0
https://www.youtube.com/watch?v=r1DSH9AQXLU,UgyOVtOBjdK1721jlDN4AaABAg,Youtube,@suciamaliarendreana3103,Jauh2 ke sini buat baca komen netijen wkwkw,2 hours ago,,,,0
https://www.youtube.com/watch?v=r1DSH9AQXLU,UgxyBTtBhEut2rPParh4AaABAg,Youtube,@NurAini-d2v,Tone dofe lo sih dr duluu.  Lo mh udh kaya dr kecil...,2 hours ago,,,,0
https://www.youtube.com/watch?v=r1DSH9AQXLU,UgyM-M8bXclAQTi46h54AaABAg,Youtube,@febeyesica9889,"stop living only in your bubble maudy. people in your country now living in a ""bad news"" you talked about. no warm bed to sleep, no too healthy food to eat, no good or fresh air to breath. how about you step out of ur comfy zone and just simply feel people?? imagine living in their shoes and have empathy.
you will understand, how life treat them badly and how sucks it can be cause they cant do like you say, they cant be mindful in the age of bad news, they cant set boundaries since its the life they live in.",2 hours ago (edited),,,,0
https://www.youtube.com/watch?v=r1DSH9AQXLU,UgxFnx640Kpg_zGtKh54AaABAg,Youtube,@Erikadwira,"Filmnya, lagunya udah haram buat gue denger dan tonton. Najis dan muak sama manusia2 tone deaf nirempati.anj lu Maudy",2 hours ago,,,,0
https://www.youtube.com/watch?v=r1DSH9AQXLU,Ugy3AaZcckanpkh3thd4AaABAg,Youtube,@mrderm1702,kejadian pengrusakan dan penjarahan pas chaos apa kurang jadi pelajaran ya buat orang2 yg tone deaf..,2 hours ago,,,,0
https://www.youtube.com/watch?v=r1DSH9AQXLU,UgwovCczKFu0gIEfWwB4AaABAg,Youtube,@rizkytiar8058,"Hanya ada dua jenis manusia yang berbaik sangka pada penguasa: 
1. Orang bodoh
2. Orang yang menikmati kekuasaan.

Mungkin Maudy mau mengabdi dengan cara yang tone deaf ini, kawan-kawan. Tapi dia lupa bahwa LPDP dari uang rakyat. Instead of belain 62%  rakyat miskin di negeri ini, dia malah nyebokin pemerintah. Nirempati. Lu tuh harusnya ikut marah, org² yg biayain lu waktu LPDP masih pada melarat hidupnya.",2 hours ago,,,,0
https://www.youtube.com/watch?v=r1DSH9AQXLU,Ugz7ch7ULQVJZ82s4It4AaABAg,Youtube,@kutakmenyerah21,"My professor from my university said that Prabowo doesn't know a thing about being a president. He got a doctorate in foreign country. I mean, please be logical. If there is a lot of bad news, is it logical that all of that news to be fake?",2 hours ago,,,,0
https://www.youtube.com/watch?v=r1DSH9AQXLU,UgwGFKV2fo9VEmTZye14AaABAg,Youtube,@nailafauzia8252,Try protecting your mindfulness while breathing fume from the forest fire or in your damaged house due to the disaster. We PAID for your school. Have some shame at least.,2 hours ago,,,,0
https://www.youtube.com/watch?v=r1DSH9AQXLU,UgxeLf7cHAT3cbVyLid4AaABAg,Youtube,@annisawafdan3729,Better diem aja,2 hours ago,,,,0
https://www.youtube.com/watch?v=r1DSH9AQXLU,Ugx3PCB3mXgGOJYVPrN4AaABAg,Youtube,@EvelinaYuditiya,"FOR YOU THIS IS BAD NEWS, FOR US THIS IS REALITY, HELL, TORTURE CHAMBER. SINI LU KE KALIMANTAN JANGAN CUMAN BERLINDUNG DI BALIK KAMAR AC LU DENGAN PURIFIER ITU. SINI SEMINGGU AJA BIAR NGERASAIN ASAP, BBM LANGKA DAN DUIT CUMAN 20 K BUAT ISI BENSIN. YA ALLAH",2 hours ago,,,,0
https://www.youtube.com/watch?v=r1DSH9AQXLU,UgxmdPHe1Ydbd4DlkZh4AaABAg,Youtube,@woorangzi,sometimes it's better to stay silent insted of putting out words that will instead hurt the people:// maybe come back when you're the one experiencing this bad news you spoke of and tell us to be mindful after you do that. can you?,2 hours ago,,,,0
https://www.youtube.com/watch?v=r1DSH9AQXLU,Ugyb0MIJM5TPaR9MHQx4AaABAg,Youtube,@anisakurniawati6162,Kaya kita berekspektasi terlalu tinggi aja gasi sama ini orang,2 hours ago,,,,0
https://www.youtube.com/watch?v=r1DSH9AQXLU,UgypIuab3sFzLbtE0vp4AaABAg,Youtube,@amalia0062,"Alhamdulillah, ga pernah meng agung agungkan dan meng influence nih orang even dari dulu pada bilang dia “sempurna”. Not at all. Ternyata sesempurnanha manusia pasti ada kekurangannya juga. Apa? Yappp. Dia non empati ke masyarakat Indonesia. Anyway, semoga hidupmu mulus aja yaa Maudy -Doa dari orang terdzalimi oleh pemerintah.",2 hours ago,,,,0
https://www.youtube.com/watch?v=r1DSH9AQXLU,UgzWqspe4-wA-vhtES94AaABAg,Youtube,@phonemophobia5027,"Maudy, mindfulness is great, but pls don’t make it the answer to everything 😭

Deep thinking isn’t just talking about inner peace, emotional regulation, or mindfulness in a sophisticated way. It’s also about questioning your own mindset, reading the room, understanding context, and thinking about the impact of what you’re saying.

Telling people to “be more mindful” in Indonesia at THAT moment was honestly pretty tone-deaf. Not everything needs a “regulate your emotions + practice acceptance” response. Sometimes people aren’t “too emotional”sometimes the situation itself is actually messed up.

And yes, plenty of urban, educated people think deeply too. So why weren’t they pushing the mindfulness narrative that hard? Because they could read the room.They understood that personal self-regulation doesn’t magically erase collective reality.

Shoutout to the netizens who kept questioning, digging deeper, and looking beyond the surface until you finally spoke up 😭 We weren’t just being negative. We were questioning the mindset behind the message, the timing, and the context.

At this point, we’re just tired of tone-deaf takes being dressed up as wisdom.

Maybe the most mindful thing to do is also to consider that the people questioning you might not be “less aware” they might simply be seeing a bigger picture.",2 hours ago,,,,0
https://www.youtube.com/watch?v=r1DSH9AQXLU,UgwqjFGqZoEtd9QCKUV4AaABAg.AagOPL4Xf5qAaibj8-R7No,Youtube,@jonathansitohang6005,"Hi Mod

​It is really brave of you to share how tiring it feels to hear bad news all the time. BTW, they are not ""bad news"", they are our brothers and sisters reaching out for help, these are front and backyard burning.

Taking a step back to protect our mental health is a very real need, and your video definitely helped a lot of people who feel overwhelmed right now.

​But taking care of our minds should also give us the energy to help others. Because so many people look up to you, you are in a great position to do more than just talk about dealing with the news.

​The people facing hard times, like those dealing with the forest fires, earthquakes, and other tough situations you mentioned, need people with a big voice to stand up for them.

We hope you can use your channel not just to talk about finding peace, but to actively support those who are struggling.

​If you start a fundraiser, speak out for victims, or join charity work on the ground, you can turn that feeling of helplessness into real hope for everyone. 

We would love to see you take that next step and do hands-on work to help people in need.",29 minutes ago,,,,0
https://www.youtube.com/watch?v=r1DSH9AQXLU,UgwqjFGqZoEtd9QCKUV4AaABAg.AagOPL4Xf5qAaiblnvFzHi,Youtube,@NurAini-d2v,Mindfull endasmu mod...miss tone deaf,29 minutes ago,,,,0
https://www.youtube.com/watch?v=r1DSH9AQXLU,UgwqjFGqZoEtd9QCKUV4AaABAg.AagOPL4Xf5qAaieBOY9qW6,Youtube,@WinnerRapsa,"Mungkin kk bs ikut langsng ke lapangan dlu utk melihat secara real drpd hnya dengar bad news.
Aku apresiasi refleksi yg kk smpaikan, but in this situation is not exactly what we need kak to be honest!
Mindfull juga utk konten2 yg mau kk up entah dri refleksi/pengalaman kk dlm situasi bgni ya krna bs jd boomerang buat kk. Thanks for reading & listening my opinion.",8 minutes ago,,,,0
https://www.youtube.com/watch?v=r1DSH9AQXLU,UgwqjFGqZoEtd9QCKUV4AaABAg.AagOPL4Xf5qAah1GACclZ7,Youtube,@wdyos,"Akhirnya Maudy Ayunda… terbukti kalau kamu beneran tone deaf ya sis…

Ngomongin Bad News, tapi yg terjadi adalah reality, and with that big voice, YOU DID NOTHING!￼",15 hours ago,,,,0
https://www.youtube.com/watch?v=r1DSH9AQXLU,UgwqjFGqZoEtd9QCKUV4AaABAg.AagOPL4Xf5qAahG2NQJfTb,Youtube,@Expe_riencE,@w @wdyos coba belajar yang namanya bukti kausalitas,13 hours ago,,,,0
https://www.youtube.com/watch?v=r1DSH9AQXLU,UgwqjFGqZoEtd9QCKUV4AaABAg.AagOPL4Xf5qAagRdfoBk6N,Youtube,@wibujajan,"Gamau tau, udah kzl",20 hours ago,,,,0
https://www.youtube.com/watch?v=r1DSH9AQXLU,UgwqjFGqZoEtd9QCKUV4AaABAg.AagOPL4Xf5qAagZTKTxRUx,Youtube,@Jihanf292,Delete,19 hours ago,,,,0
https://www.youtube.com/watch?v=r1DSH9AQXLU,UgwqjFGqZoEtd9QCKUV4AaABAg.AagOPL4Xf5qAagZu7yzzwe,Youtube,@CastielllZero,definisi tone DEAF,19 hours ago,,,,0
https://www.youtube.com/watch?v=r1DSH9AQXLU,UgwqjFGqZoEtd9QCKUV4AaABAg.AagOPL4Xf5qAaga-IgUf78,Youtube,@f.880,tone deaf final bos. klarifikasi tp masi self defense tu gmn konsepnya 🤣,19 hours ago,,,,0
https://www.youtube.com/watch?v=r1DSH9AQXLU,UgwqjFGqZoEtd9QCKUV4AaABAg.AagOPL4Xf5qAaga-Y1DkrL,Youtube,@macetparah,"takedown aja videonya, apa masih perlu engagement?",19 hours ago,,,,0
https://www.youtube.com/watch?v=r1DSH9AQXLU,UgwqjFGqZoEtd9QCKUV4AaABAg.AagOPL4Xf5qAagcqOC4FhT,Youtube,@rizalhadizan3245,"Mending diem 
Diem lebih baik",18 hours ago,,,,0
https://www.youtube.com/watch?v=r1DSH9AQXLU,UgwENXx-bqlJ52YfC6t4AaABAg,Youtube,@ngajakbocil,"Kuliahin netizen sambil Masak di dapur kering, yang mungkin apartementnya di Langham, makan avo, cotta cheese dan 3 telor? 

Pake jelasin stoic theory segala…

SUMPAH
Kita kagak diajak bjirrrrr",2 hours ago (edited),,,,0
https://www.youtube.com/watch?v=r1DSH9AQXLU,UgzJL0jYpe8x9T4lbAd4AaABAg,Youtube,@chueivicky,"Wow tone deaf banget ya kak🎉 KECEWA banget WKWKWKWK. Doain aja kak maudy supaya indonesia cepet-cepet bubar, biar kamu bisa hidup enak pindah ke luar negeri dengan mudah tanpa berita-berita yang buruk itu. Ya kannn.",2 hours ago,,,,0
https://www.youtube.com/watch?v=r1DSH9AQXLU,Ugy6HbMUQMRRiXxFdmN4AaABAg,Youtube,@userqwerty89,"Talking about being overwhelmed and overload of bad news in a room with a luxury kitchen set, air conditioner and healthy food. No smoke because of karhutla. No poisoning food of MBG. No lacking of clean water, never experience an LPG shortage, never experience a power outage for days. What a place to live in. Bad news for you, but it's bad reality for us to endure. Not your responsibility but you have the privilege to speak up for them using your big platforms, to care and help them because it's your people who help you study aboard.",2 hours ago,,,,0
https://www.youtube.com/watch?v=r1DSH9AQXLU,Ugw7frpiiZAYPAs1Hr14AaABAg,Youtube,@ApotekArshaka,"maaf ya kak maudy kalau berita kami di kalimantan bikin kk terganggu, org2 di kalimantan udah pada jatuh sakit. Penyakit ISPA meningkat pesat di kalimantan. Sebenernya kmi jg gk mau ribut, tapi kalau kami gk ribut krna karhutla mungkin perlahan2 kami akan punah juga😭 ini aja aku & anakku lagi batuk2 gk sembuh2 kak karena asap",2 hours ago,,,,0
https://www.youtube.com/watch?v=r1DSH9AQXLU,UgxyHE2juM9LDkmaPUV4AaABAg,Youtube,@SyarahArdhaFauzia,"keknya target video ini bukan buat korban bencana, tapi buat non korban yg aware dan ikutan overwhelmed sama keadaan. maudy jg sbrnnya up to date sama ""bad news"" di indonesia dan stress juga dengernya. Tapi yaa, mungkin maudy hidupnya enak karena dia ga mindfull ke ""bad news"", apalagi ditambah uang banyak, keluarga cemara, pendidikan bagus, tempat tinggalnya ga kena bencana, karirnya bagus. tp ya maudy kan artist yaa, harusnya dia sadar kalau orang orang pada bersatu, impactnya besar, buktinya lagu dia bisa viral karena di denger banyak orang kan? nge influence orang untuk tone deaf cuman karena rakyat ga bisa ubah peraturan pemerintah, atau rakyat ga bisa kontrol bencana, miris 😢",2 hours ago,,,,0
https://www.youtube.com/watch?v=r1DSH9AQXLU,UgxfVYo0rJesjE7i8dJ4AaABAg,Youtube,@riforidillah192,"Intinya apa guys?? Intinya dia ga pernah hidup susah, hidup nya penuh dg previlege, so ga heran kalo dia kurang empati",2 hours ago,,,,0
https://www.youtube.com/watch?v=r1DSH9AQXLU,UgxQOmx_TlxX4TiSkfV4AaABAg,Youtube,@arhamislami1910,"Berita bencana, pemerintah gagal, anak-anak kercunan, dll bukan bad news for you to be tone deaf and ignoring all of that. 

Harusnya orang seperti anda yang kuliah sampe ke amerika dan memiliki panggung sosial media bisa sedikit berempati dan menyuarakan hal tersebut kepada orang-orang lainnya dengan lebih bijak.",2 hours ago,,,,0
https://www.youtube.com/watch?v=r1DSH9AQXLU,UgwXyl5U_C2-2CTP4ox4AaABAg,Youtube,@nadsaf29,"Maudy ayunda, marissa anita semua same energy. Tolong lah udah eneg banget dengan ala ala ke edgy an mindfullness kalian ini. Ada lagi ga yang seperti ini? Tinggal nunggu waktu aja. akhir nya persona yang selama ini kalian bangun runtuh dengan ulah kalian sendiri. Jadi orang itu yang real real aja lah terlalu banyak ala ala emang bakalan kebuka dengan sendiri-nya.",2 hours ago (edited),,,,0
https://www.youtube.com/watch?v=r1DSH9AQXLU,UgxxMwnpXLzr9rGsvWl4AaABAg,Youtube,@gededana453,"Ya ga smua berada di pihak yg merasakan langsung, banyak dari kita dan saya sendiri mendengar nya dari berita.",2 hours ago,,,,0
https://www.youtube.com/watch?v=r1DSH9AQXLU,UgywjJeMygjzCoMDNEF4AaABAg,Youtube,@kokolakpisang,Si paling mindfullness dah elu,2 hours ago,,,,0
https://www.youtube.com/watch?v=r1DSH9AQXLU,UgzJDseTwb7mja9NDi14AaABAg,Youtube,@ekasikumbang9298,"Maudy you r smart but your opinion doesn’t reflect the most reality in this country. You get privilege to say all of it, but our society hard to avoid all the bad news",2 hours ago,,,,0
https://www.youtube.com/watch?v=r1DSH9AQXLU,UgwbPaLULRCh8eIq3x94AaABAg,Youtube,@riezalauliahakim,Tone deaf sekali yaa ka 🙏,2 hours ago,,,,0
https://www.youtube.com/watch?v=r1DSH9AQXLU,UgywBBtnsZcj5ZiVECB4AaABAg,Youtube,@ainiatusnurvita7122,Bagi lu cuma badnews tapi bagi kami yang dibawah ini bad realita. Udah kuliah pakai duit rakyat tapi masih aja gak bisa speak up belain rakyat 🤬🤬🤬🤬,2 hours ago,,,,0
https://www.youtube.com/watch?v=r1DSH9AQXLU,Ugx1GxHNGTpThFABKf14AaABAg,Youtube,@moozeevation,"she sounds like my ex ceo who used to say ""we are family""",2 hours ago,,,,0
https://www.youtube.com/watch?v=r1DSH9AQXLU,UgyOyE2qTlgDnEvvLbd4AaABAg,Youtube,@annsac.s5309,"keep it 4 ur self...menghindari bad news bukannya gak boleh, tp rasanya kurang pas utk kamu mengajari rakyat Indonesia, krn sekarang ini kebanyakan rakyat Indonesia sedang  dalam masa sulit, nggak bs tenang hidup di rumah yg adem kaya'
 kamu.....lagian apa sih...ngajarin orang tp dgn background cozy life, hidup nyaman aman...gak sesuai krn hidupmu enak...msh bs cerita soal makanan, atur protein...c'mon...boro boro mikirin itu, sekarang rakyat Indonesia lg berjuang di luar sana cuma utk hidupnya.....maafkan rakyat Indonesia ya yg sedang kesusahan sekarang ini yg membuat kamu jadi resah gelisah gak bisa tidur sampe akhirnya ngebuat video ini",2 hours ago (edited),,,,0
https://www.youtube.com/watch?v=r1DSH9AQXLU,UgyceDABdY7tF8trgsV4AaABAg,Youtube,@indahayu6594,"Yuk mulai skg berhenti pakai produk this is island, berhenti mengagumi dia, unfollow. Kita sudah ditunjukkan bahwa dirinya yg sebenarnya bahwa maudy bukan org yg baik, nirempati, tidak peduli, egois",2 hours ago,,,,0
https://www.youtube.com/watch?v=r1DSH9AQXLU,UgyS0sxMwY2OOXn_jBp4AaABAg,Youtube,@ahmadsetiawan540,"Buzzer pemerintah, karena merasa lpdp nya di biayai pemerintah, jadi wajib nyebokin pemerintah..",2 hours ago,,,,0
https://www.youtube.com/watch?v=r1DSH9AQXLU,UgwGmpjxnVmiOQ6GCXV4AaABAg,Youtube,@rawonisme,Eat the rich when,2 hours ago,,,,0
https://www.youtube.com/watch?v=r1DSH9AQXLU,Ugw3eOhlMfgKwkKCNG54AaABAg,Youtube,@Sayrha,have some empathy Maudy. kamu jahat banget,2 hours ago,,,,0
https://www.youtube.com/watch?v=r1DSH9AQXLU,UgwtH23-W8yhYbiqzQ54AaABAg,Youtube,@kindnessssrr,our reality is bad news for them,2 hours ago,,,,0
https://www.youtube.com/watch?v=r1DSH9AQXLU,UgwqjFGqZoEtd9QCKUV4AaABAg.AagOPL4Xf5qAagdqxYkFgb,Youtube,@IvyySen,"Oh God just shut up 😂 you said you already read and your words already shows such contradictory. Idk why you act like this is just a social media gimmick as influencer with tons of money, but please

If you don't want people to be mad at you, don't say anything that might ignite the fire once again! 

You have high educational levels but when it comes to this, your brain simply not working. It's really good for you huh? To be this tone deaf?",18 hours ago,,,,0
https://www.youtube.com/watch?v=r1DSH9AQXLU,UgwqjFGqZoEtd9QCKUV4AaABAg.AagOPL4Xf5qAage_rPoUF1,Youtube,@Dee-ur3ed,LU MAH ENAK PEK,18 hours ago,,,,0
https://www.youtube.com/watch?v=r1DSH9AQXLU,UgwqjFGqZoEtd9QCKUV4AaABAg.AagOPL4Xf5qAagea-RbC4W,Youtube,@caliloove,blablabla,18 hours ago,,,,0
https://www.youtube.com/watch?v=r1DSH9AQXLU,UgwqjFGqZoEtd9QCKUV4AaABAg.AagOPL4Xf5qAagf8F-RAIk,Youtube,@ANDRYAN182,"touch some grass, get out from 🫧",18 hours ago,,,,0
https://www.youtube.com/watch?v=r1DSH9AQXLU,UgwqjFGqZoEtd9QCKUV4AaABAg.AagOPL4Xf5qAagfO_i4wTe,Youtube,@dannw1418,untuk bilang maaf aja ga ada?,18 hours ago,,,,0
https://www.youtube.com/watch?v=r1DSH9AQXLU,UgwqjFGqZoEtd9QCKUV4AaABAg.AagOPL4Xf5qAagllCuBB83,Youtube,@sajidahumaira8846,Fokus akting dan usaha mu aja deh. Ga usah bikin konten gini2. Blunder mulu kerjanya,17 hours ago,,,,0
https://www.youtube.com/watch?v=r1DSH9AQXLU,UgwqjFGqZoEtd9QCKUV4AaABAg.AagOPL4Xf5qAagmfC9viXr,Youtube,@enadamayantiabdullah7975,"I don't hear or read a single ""I'm sorry""",17 hours ago,,,,0
https://www.youtube.com/watch?v=r1DSH9AQXLU,UgwqjFGqZoEtd9QCKUV4AaABAg.AagOPL4Xf5qAagpHEqXq12,Youtube,@GelungArpahul,"​​ @enadamayantiabdullah7975  makanya gausah didengerin mbak, daripada lu repot sendiri ya kan 😂

Sungguh sangat membagongkan emg 😂",17 hours ago (edited),,,,0
https://www.youtube.com/watch?v=r1DSH9AQXLU,UgwqjFGqZoEtd9QCKUV4AaABAg.AagOPL4Xf5qAagnGSnU2Bz,Youtube,@himechama,Halahhhh gal gadotnya indonesia bisa aja,17 hours ago,,,,0
https://www.youtube.com/watch?v=r1DSH9AQXLU,UgwqjFGqZoEtd9QCKUV4AaABAg.AagOPL4Xf5qAagnh_l-NNF,Youtube,@annisailmi6117,"Mending hapus aja kak video ini, malu",17 hours ago,,,,0
https://www.youtube.com/watch?v=r1DSH9AQXLU,UgwqjFGqZoEtd9QCKUV4AaABAg.AagOPL4Xf5qAagniceqVws,Youtube,@kujikzikri,❤❤❤❤,17 hours ago,,,,0
https://www.youtube.com/watch?v=r1DSH9AQXLU,UgyUWBl2jkX1lpGscGl4AaABAg,Youtube,@ellysandora8228,Intinya kamu nol empati.. bisa tidur habis baca berita buruk yang menurut nya g ada hubungannya sama kamu? Wowww. And you proud about this? Woww,2 hours ago (edited),,,,0
https://www.youtube.com/watch?v=r1DSH9AQXLU,UgzvUfA2xcPK7hiXOzh4AaABAg,Youtube,@nurlaila-of2lt,"How tf i ignore it, ketika gw ngejalanin berita2 buruk itu? You tell me maudy",2 hours ago,,,,0
https://www.youtube.com/watch?v=r1DSH9AQXLU,UgyLAuy7xCFDJB9iLR14AaABAg,Youtube,@Zeft-e8f,Stop berpura2 baik2 saja..apabila km coba hidup dg asap d kalimantan everyday..coba keracunan MBG dulu..atau ngantri bensin berjam2..sementara melihat para pejabat yg gk berhenti melakukan perayaan utk hal2 yg tdk urgent..aku pikir km akan membuat konten yg berbeda.,2 hours ago (edited),,,,0
https://www.youtube.com/watch?v=r1DSH9AQXLU,Ugw6cLAPgkkDXzlWfEV4AaABAg,Youtube,@fanyayuningtyas6816,"Apakah orang boleh overwhelmed dengan kondisi di sekitarnya? Boleh, kita manusia dan wajar merasa begitu. Tapi apakah perlu dipublikasikan sambil comfortably preparing your breakfast bagaimana cara kamu menghadapinya di saat banyak orang yang mungkin lebih direct menghadapi yang kamu anggap sebagai ‘bad news’ itu? Gak perlu. Read the room. Kalo kita mau berhenti bentar dan melakukan refleksi, ketidaknyamanan kita itu mungkin cuma 1/1000000000000 dari yang dirasakan oleh mereka-mereka yang terdampak langsung. Kamu ga perlu pura-pura tau rasanya jadi mereka, justru di situ letak humility nya, acknowledging that we don’t know how it feels to be them and refrain yourself from showcasing how it actually impacts you. Kamu punya banyak opsi untuk bisa meredakan rasa overwhelmed itu tapi mungkin mereka? opsi aja ga punya.",2 hours ago,,,,1
https://www.youtube.com/watch?v=r1DSH9AQXLU,Ugx_uyre1t4C1t43yEF4AaABAg,Youtube,@nurkhalisakarima,"Wkwkwk lucu kk maudy nih, kaya nyindir tp dia bener gak sadar samsek, hmm at least ada sedikit tundukkan hati dan pandangan kk ya sama wni yang di daerah timur2",2 hours ago,,,,0
https://www.youtube.com/watch?v=r1DSH9AQXLU,UgwMRMPthMDGZTA_tKl4AaABAg,Youtube,@sunsetpuffs14,"Udah, hapus aja...",2 hours ago,,,,0
https://www.youtube.com/watch?v=r1DSH9AQXLU,UgwvOQf7Cl0cDN_7Nzp4AaABAg,Youtube,@beatrixhamarandji2187,"Window of time, window of time. Kamu kira orang yang terdampak gempa dan Karhutla punya itu? bahkan tidur pun mereka tidak tenang. 
Seharusnya Video ini tidak di up saat kondisi seperti ini. Be wise lah, take down videonya.",2 hours ago,,,,0
https://www.youtube.com/watch?v=r1DSH9AQXLU,UgwAlD6OWcgAnizoDDl4AaABAg,Youtube,@temanbaikku1532,"Sejak tahun lalu, netizen nungguin org ini bersuara tentang kondisi indonesia, baru 3 minggu yg lalu akhirnya doi bersuara, tapi sekalinya bersuara malah makin memperkuat kalo doi tone deaf😂 
Ayu ayu kok budeg mbak mbak",2 hours ago,,,,0
https://www.youtube.com/watch?v=r1DSH9AQXLU,UgyrxTQUccf96o9U_Kl4AaABAg,Youtube,@Ratna-de,"Sedari kecil, hidup dengan sendok emas, dia gak akan nyambung kalau bahas kesusahan. Udah gitu aja. Dan sampai kapanpun dia gak akan pernah paham!",2 hours ago,,,,0
https://www.youtube.com/watch?v=r1DSH9AQXLU,UgwmjzajJ7T-QvE2WDV4AaABAg,Youtube,@akusayangtsukishima,kok DOWN TO EARTH banget😂,2 hours ago,,,,0
https://www.youtube.com/watch?v=r1DSH9AQXLU,Ugx9pWOSkiiXb_XCWJB4AaABAg,Youtube,@ttaeyonglee,8:24 IYA KONTEN LU JUGA GA TEPAT TIMING NYA PEPEKKKKKK,2 hours ago,,,,0
https://www.youtube.com/watch?v=r1DSH9AQXLU,Ugz9jpH6_pvfStf_NO94AaABAg,Youtube,@tainakaチだ履,"tone deaf, please do cancel culture for this human",2 hours ago,,,,0
https://www.youtube.com/watch?v=r1DSH9AQXLU,Ugw_4LXeZWbYl8RkvSp4AaABAg,Youtube,@afrizalarif9589,"Satu kalimat: ""ocehan mbak sungguh pret besar""",2 hours ago,,,,0
https://www.youtube.com/watch?v=r1DSH9AQXLU,UgxD0DfmGXH4MBXvh894AaABAg,Youtube,@myCisan,"Bad news gaes kalimantan, asap, antri peertalite, air mati, listrik mati ohh my god it's not my dream 😢😢",2 hours ago,,,,0
https://www.youtube.com/watch?v=r1DSH9AQXLU,Ugyqi3pMf147Hkf0qNh4AaABAg,Youtube,@ttaeyonglee,"lu tuli budek akan smua realita yang ada, yaudah gue doain lu tuli beneran smpe ga bisa denger apa2 sekalian biar lu ga ✨resah✨",2 hours ago,,,,0
https://www.youtube.com/watch?v=r1DSH9AQXLU,UgxEpDHq6MHM_BKKgLB4AaABAg,Youtube,@titaaulia4806,"of course our reality is bad news for you :) shame on you, maudy",2 hours ago,,,,0
https://www.youtube.com/watch?v=r1DSH9AQXLU,UgzL4RsfAhoxzUUxlf14AaABAg,Youtube,@acalalala,"Hapus aja konten norak lo ini, ga guna",2 hours ago,,,,0
https://www.youtube.com/watch?v=r1DSH9AQXLU,Ugzq-xnfdZrA9UyXkE54AaABAg,Youtube,@doodjustvibing,"For someone with a whole lot of nothing to say, you sure are loud about it",2 hours ago,,,,0
https://www.youtube.com/watch?v=r1DSH9AQXLU,Ugylm2djYCsH75lagHt4AaABAg,Youtube,@ikindawantsushi,mending elu diem aja deh,2 hours ago,,,,0
https://www.youtube.com/watch?v=r1DSH9AQXLU,UgyZZk34YS8wgx_uE7J4AaABAg,Youtube,@iimhalimatussadiah4447,"Yok adil yok, kalo kemaren kita cancel mba Tyas yg bangga anaknya bukan WNI. Yang ini bisa laah kita cancel juga 🙌",2 hours ago,,,,0
https://www.youtube.com/watch?v=r1DSH9AQXLU,Ugw6cLAPgkkDXzlWfEV4AaABAg.AaiNXV--XEnAaiP4JOZJ61,Youtube,@fanyayuningtyas6816,"Hidup itu ga selalu all about you, sometimes it is all about them.",2 hours ago,,,,0
https://www.youtube.com/watch?v=r1DSH9AQXLU,Ugz24ebmQhKCXB_QWcR4AaABAg,Youtube,@enisfitrianiharyono,"Gila, semenyebalkan itu orang yang pernah nerima LPDP, reality yang dihadapi masyarakat Indonesia cuma dia anggap bad news dan bisa di skip aja, ga usah dibaca lagi, dan ignore aja. FINAL TONE DEAF",2 hours ago,,,,0
https://www.youtube.com/watch?v=r1DSH9AQXLU,Ugx8lm77pOG7GK-9xO54AaABAg,Youtube,@LieutenantG19,"Since you want to talk in english, let me respond to you in the same way then.

Just like how i was able to respond to you in english, it's a privilege some of us have, and some of us don't. For you being able to call it as ""bad news"" have you ever thought to sit down and think that it's a real thing that is happening in real time for the others pary involved? The fact that you are able to ""give advice"" to take a walk in nature.... So the so called news is what? You said it, it's bad news but your advice is? The nature we have right now has nearly impacted the whole country so my questions are, did you really seen the news. Or did you only try to repress the bad news and minimalize the impact it has?


Look at the video, and see the big difference it has with reality the majority of our brothers and sisters has in Borneo/Kalimantan. You had air, you can breathe, and you devolve the whole situation as just news for you. Don't normalize and make everything the same, each person and individuals are unique, what they experienced can't be said as ""dealing with bad news"" when it's ""dealing with reality"".",2 hours ago,,,,1
https://www.youtube.com/watch?v=r1DSH9AQXLU,UgyaLMBXzD4qtmEs0Yd4AaABAg,Youtube,@FaridYani-i2i,Dia bikin konten kyk gini biar apa sih? Biar kita ikutan ga peduli sama situasi yg badnews atau apa sih? Bagaimana kalau fans dia atau masy ngikutin tips dia,2 hours ago,,,,0
https://www.youtube.com/watch?v=r1DSH9AQXLU,Ugy6QU7VT1k9Hv8I11p4AaABAg,Youtube,@Libr4_1st,"Princess of tone deaf & nirempati 👎 Lu kalo punya 2 sifat toxic itu, nikmatin aja sendiri jgn ngajak2 org & dgn entengnya mengeluarkan kata2 yg menyakiti hati org2 yg sedang jd korban bencana & korban kelakuan rezim ini sambil pamer kenyamanan hdp. Pdhal lu kuliah dgn LPDP & punya bisnis dr produk alam, tp ga ada rasa pedulinya pd alam yg sedang sekarat & pd org2 yg membiayai kuliahmu yg jg sedang sekarat hari ini. Kalo ga bisa berucap yg baik lebih baik diam tuan putri.",2 hours ago (edited),,,,0
https://www.youtube.com/watch?v=r1DSH9AQXLU,Ugw8EagaaBVpLO2PPjR4AaABAg,Youtube,@zahra52268,lu mah enak lah ghuwe,2 hours ago,,,,0
https://www.youtube.com/watch?v=r1DSH9AQXLU,UgwkGl6oMpn6UFqPNKF4AaABAg,Youtube,@aichho,ternyata S2 ga menjamin ya,2 hours ago,,,,0
https://www.youtube.com/watch?v=r1DSH9AQXLU,UgwqJdlXXUa2NlQNMPN4AaABAg,Youtube,@asrafisalman6972,"Yg tidak merasakan tidak akan paham, Yg tidak mengalami tidak akan mengerti bung hatta🥀🥀",2 hours ago,,,,1
https://www.youtube.com/watch?v=r1DSH9AQXLU,Ugz6rhxUNVhpayesXRl4AaABAg,Youtube,@temanbaikku1532,"Hey sist, “bad news” yang kamu bilang itu fakta🗿 itu aja sih

Ayu ayu budek",2 hours ago (edited),,,,0
https://www.youtube.com/watch?v=r1DSH9AQXLU,UgwTZIGrHMYeEtbaMIt4AaABAg,Youtube,@srilestari4880,Ga usah sok sok kasih motivasi kalo lu g ngerasain sendiri penderitaan rakyat,2 hours ago,,,,0
https://www.youtube.com/watch?v=r1DSH9AQXLU,Ugw4kjKPO9Fa2H8ffGl4AaABAg,Youtube,@sasijuni-l1u,"Like 3,6 k
Dislike 12,5 k

Eat shyyt",2 hours ago,,,,0
https://www.youtube.com/watch?v=r1DSH9AQXLU,Ugy8YSDIsoy3HNXCLy94AaABAg,Youtube,@sikosasih7678,GAK TAU DIRI,2 hours ago,,,,0
https://www.youtube.com/watch?v=r1DSH9AQXLU,UgxIgWmNt43MXVgsewJ4AaABAg,Youtube,@kiokio15,"Keju org kaya, roti orang kaya, dll materi2 orang kaya terpampang nyata di dapur itu... Pikirin tidur nyenyak dll, mindfulness, heiii... bangunn kak bangunn. Banyak org susah, anak2 keracunan mbg, tolong minimal ga usah dishare sudut pandang kayak gini",2 hours ago,,,,0
https://www.youtube.com/watch?v=r1DSH9AQXLU,Ugx2WR9512jPz2KvTop4AaABAg,Youtube,@1996sidik,🗿🗿🗿🗿,2 hours ago,,,,0
https://www.youtube.com/watch?v=r1DSH9AQXLU,Ugw-0UxbVgM7pAYYwWR4AaABAg,Youtube,@TeddyBearyay92,"haha
saksikanlah yg isi komentarnya julid di kolom komen
udh pasti 
miskin
ga sukses
ga ada prestasi 
ga ada privilege
dan yg julid, yakin deh, ga ada subtitlenya pun, org julid ga akan paham bahasa inggris 
karena org julid udh pasti stupid😂
kasian ya hidup org julid, kalian banyak masalah hidup, makanya kalian julid terhadap org yg lebih sukses dari kalian, yaitu Maudy 😂
aku udh tau strategi org julid dari dulu, dan kalian suka keributan, makanya kalian bikin gaduh di sini, dgn sengaja nyari2 celah kesalahan org lain
manusia2 belum bebas finansial pastinya kerjanya julid, nyari kesalahan org lain, menghujat. Ga jauh2 dari perbuatan negatif😂
fakta tapi org julid gengsi mengakui 
karena ngerasa aman di sosmed, ga ada yg saling kenal",2 hours ago (edited),,,,0
https://www.youtube.com/watch?v=r1DSH9AQXLU,UgxfOiBLEPy0v4G_Bk94AaABAg,Youtube,@DestyRiaTiffani,bismillah komisaris,2 hours ago,,,,0
https://www.youtube.com/watch?v=r1DSH9AQXLU,Ugzby_wPLiUaAYc_GVx4AaABAg,Youtube,@bernadetasonia6649,"Encouragement bagi sesama orang kaya yg punya privilege 😊, but so sorry, not relate bagi 99% rakyat Indonesia saat ini 😢",2 hours ago,,,,0
https://www.youtube.com/watch?v=r1DSH9AQXLU,UgyhJi4iXxfmjVc8Six4AaABAg,Youtube,@pakhar5113,"lagi2 duid pajak gue buat bayarin anak orang kaya yg budeg, alias tone deaf.",2 hours ago,,,,0
https://www.youtube.com/watch?v=r1DSH9AQXLU,UgwKMyJ4FbmqmJNuS514AaABAg,Youtube,@KoeSeer,"woman, please touch some grass",2 hours ago,,,,0
https://www.youtube.com/watch?v=r1DSH9AQXLU,UgyQXE2YD1s5RBLQhbd4AaABAg,Youtube,@fajournie,"The downfall of Maudy Ayunda, let's cancel culture guys",2 hours ago,,,,0
https://www.youtube.com/watch?v=r1DSH9AQXLU,UgxIM5lI911poKoEihB4AaABAg,Youtube,@NoviaMaharani_va,"Pintar ngomong tanpa bisa memahami perasaan orang lain itu bukan sesuatu yang patut dibanggakan kakak Maudy. Kamu kan katanya mindfulness, tapi kok yang kelihatan cuma mindful sama sudut pandang sendiri? Pintar berargumen keren sih, tapi kalau argumenmu menyakiti perasaan manusia lain sebenarnya apa yang mau kamu tunjukin?",2 hours ago,,,,0
https://www.youtube.com/watch?v=r1DSH9AQXLU,UgwqjFGqZoEtd9QCKUV4AaABAg.AagOPL4Xf5qAagnoWefZyI,Youtube,@haobeans,hoam 🥱,17 hours ago,,,,0
https://www.youtube.com/watch?v=r1DSH9AQXLU,UgwqjFGqZoEtd9QCKUV4AaABAg.AagOPL4Xf5qAagpvjtADaf,Youtube,@drinkwaterstayhealthy-w5z,Dari paragraf sepanjang itu tidak ada sepatah katapun kata 'maaf'. Emang dasarnya sifat aslinya sombong khas orang kaya yg gak napak tanah.,17 hours ago,,,,0
https://www.youtube.com/watch?v=r1DSH9AQXLU,UgwqjFGqZoEtd9QCKUV4AaABAg.AagOPL4Xf5qAagqSLb56xN,Youtube,@Noname-je2iv,all that long ass pharagraph and not a single 'sorry' in it,16 hours ago,,,,0
https://www.youtube.com/watch?v=r1DSH9AQXLU,UgwqjFGqZoEtd9QCKUV4AaABAg.AagOPL4Xf5qAagqcjIT4J7,Youtube,@thisisod29,Minta maaf pun ngga ada,16 hours ago,,,,0
https://www.youtube.com/watch?v=r1DSH9AQXLU,UgwqjFGqZoEtd9QCKUV4AaABAg.AagOPL4Xf5qAagrrJN973K,Youtube,@Betty-c4f9t,"its giving ""ya gimana yaa soalnya gue gak rasain apa yg lo rasa""",16 hours ago,,,,0
https://www.youtube.com/watch?v=r1DSH9AQXLU,UgwqjFGqZoEtd9QCKUV4AaABAg.AagOPL4Xf5qAagrv8089x3,Youtube,@Nev2601,"No sorry
No apology 🥺

Gw bayar pajak buat orang ginian ternyata",16 hours ago,,,,0
https://www.youtube.com/watch?v=r1DSH9AQXLU,UgwqjFGqZoEtd9QCKUV4AaABAg.AagOPL4Xf5qAagtJo-_7BZ,Youtube,@serenadeen,ngetik muter-muter tapi poin pentingnya nggak dimasukin wkwk tone deaf mampus lo Maudy jangan ngerasa hidup lo udah paling oke dah injek rumput inget tanah.,16 hours ago,,,,0
https://www.youtube.com/watch?v=r1DSH9AQXLU,UgwqjFGqZoEtd9QCKUV4AaABAg.AagOPL4Xf5qAagtiVR9wQ6,Youtube,@nandakdr1941,"NGOMONG ENGLISH FASIH..NARASI TERTATA DG BAIK..KOMUNIKASI OKE BANGET !!! KONON LULUSAN LUAR NEGERI S2..BEASISWA LPDP... TPI SORRY BERAT.. BAD NEWS FROM BAD FACT.. KRNA KETOLOLAN KEBANGSATAN PEMERINTAH KHUSUSNYA BBRP PEJABATNYA ( ADA YG KERJA ATTITUDE BAIK..BANYAK LAGI YG BANGSAT )... SORRY AGAIN...KRN HIDUP ANDA DI AWANG2..MAKANYA ""TONE DEAF"".. NO EMPATHY.. FREEZE HEART & MIND... DO YOU UNDERSTAND !!!",16 hours ago,,,,0
https://www.youtube.com/watch?v=r1DSH9AQXLU,UgwqjFGqZoEtd9QCKUV4AaABAg.AagOPL4Xf5qAagu26GvjIp,Youtube,@albafun,T.O.N.E. D.E.A.F.,16 hours ago,,,,0
https://www.youtube.com/watch?v=r1DSH9AQXLU,UgwqjFGqZoEtd9QCKUV4AaABAg.AagOPL4Xf5qAaguifwaqAv,Youtube,@rohikunokami,"Too long, didn't read: Fuck prabowo",16 hours ago,,,,0
https://www.youtube.com/watch?v=r1DSH9AQXLU,UgwqJdlXXUa2NlQNMPN4AaABAg.AaiMY2ck_TiAaiexQX_rJj,Youtube,@izanagi-l3b,Aku setuju ini...tp sbnrnya ini juga ada salahnya. Ambil contoh dr spesialis jantung. Apakah dia harus sakkt jantung dulu dan merasakan dulu baru dia boleh jadi dokter dan ngomong ke pasien ini itu(?) Apakah psikiater harus gila dulu baru boleh ngomong dan nasehati pasien(?) Kan ga juga kan...,1 minute ago,,,,0
https://www.youtube.com/watch?v=r1DSH9AQXLU,Ugx8lm77pOG7GK-9xO54AaABAg.AaiMk-nBTwwAaiRLDt7EbR,Youtube,@FadliKhair,ini kalo bisa direpost saya repost,2 hours ago,,,,0
https://www.youtube.com/watch?v=r1DSH9AQXLU,UgynSS0TzZYQtJzicHl4AaABAg,Youtube,@mahayuwestri2377,"Saya malah merasakan hal yg sama dgn Maudy. Overwhelm dgn bad news. Saya sepakat bahwa masih ada banyak PR di negara qt. Tp klo boleh objektif negara jg melakukan effort to overcome. Ada yg on the track programnya, ada yg perlu dievaluasi, ada jg yg masyarakat jg perlu evaluasi supaya elevate civic sensenya. It takes two to tango. Negara tu ga cuma pemerintah tapi jg masyarakat. Dan cobalah untuk suffle konsumsi media/konten qt, supaya ga terperangkap di filter bubble platform. Shingga bisa balance informasi yg masuk ke qt ga melulu dr kanan trus/kiri trus/atas terus/bawah trus.. berupaya melihat berita/fakta dari perspektif 360°. Kadang coba tanya ke AI, minta datanya dan source datanya dr mana untuk tau akar masalahnya dr mana. Jd ketika baca bad news dgn segala komennya, qt lebih mindfull, paham rootsnya, jadi ga mudah judgemental, emosional liat situasinya dan case by case. Alih² slalu menyalahkan pemerintah, justru terkadang fakta dan data di lapangan lebih komplex dari sekedar rage bait di media.",2 hours ago (edited),,,,0
https://www.youtube.com/watch?v=r1DSH9AQXLU,UgwDTVxoIDFNE5qbIdd4AaABAg,Youtube,@AlisyaZahraIslami,QUEEN of tone deaf lagi kasih tips gimana kalian bisa jadi tone deaf seperti dia 💃💃💃,2 hours ago,,,,0
https://www.youtube.com/watch?v=r1DSH9AQXLU,UgzWT9k8ZU1LM00R12J4AaABAg,Youtube,@hasiliadwitasari1848,"buku bacaanmu ternyata kurang luas ya mba, coba baca buku2 tentang kerusakan alam, penderitaan manusia akibat keserakahan penguasa, penderitaan rakyat rakyat miskin, manusia yang terlahir miskin dan tidak punya banyak opsi untuk melanjutkan hidup yang layak. Pengetahuan dan pengalamanmu masih sempit untuk melek akan keadaan Indonesia ini, coba banyak belajar lg terutama belajar ber empati. Gila ya bisa brani ngebahas ngedenger bad news itu berdampak buruk buat psikologi individu. HELOOOO, itu hanya sebatas mendengar. Coba bayangkan yang merasakan bad news itu, yg menjadi korban dari bad news itu. trus kita jgn mikirin itu? maksudnya suruh bodo amat tutup kuping sama mata daripada kita jd stres? wah wah wah pemikiran macem apa ini? pemikiran BODO AMAT EMANG GUE PIKIRIN?? sad sad sad, farming lo sebagai sosok artis cerdas udah salah kaprah. Ilmu lo ngga bermanfaat 👎🏻",3 hours ago,,,,0
https://www.youtube.com/watch?v=r1DSH9AQXLU,UgwYuOsmJF6c5XjuEfF4AaABAg,Youtube,@helloratih9036,"Sakit banget, disaat orang2 pada kesusahan.. dia menunjukan privilege nya, ngomongin bad news dengan santai nya. Lagian klw ada duit banyak mah kuliah pake uang pribadi aja ga sih, jgn pake LPDP yg hasil pajak rakyat. Jdi dirimu mau diem aja ga bakalan dirujak gini.",3 hours ago (edited),,,,0
https://www.youtube.com/watch?v=r1DSH9AQXLU,UgwsJgzLY7N7qSLCjq14AaABAg,Youtube,@syedrahim6889,NO EMPATHY AT ALL.,3 hours ago,,,,0
https://www.youtube.com/watch?v=r1DSH9AQXLU,UgyHplUbR1Xjlo6CMYx4AaABAg,Youtube,@mamarumii,Yaampun,3 hours ago,,,,0
https://www.youtube.com/watch?v=r1DSH9AQXLU,UgxirUsZgHgpfq6MGeZ4AaABAg,Youtube,@iin_beverly,"Mgkn krn dia terlalu percaya diri, jd dia pikir ketika dia bicara apapun akan selalu diterima semua org 🫣",3 hours ago,,,,0
https://www.youtube.com/watch?v=r1DSH9AQXLU,UgzpbpGugqIQcrhfFA54AaABAg,Youtube,@rendijaya4564,Masih nyari duit di indo?,3 hours ago,,,,0
https://www.youtube.com/watch?v=r1DSH9AQXLU,UgzRVVRn9c8R85bnGrR4AaABAg,Youtube,@Renabeticccsss,"You should be hutang Budi ke rakyat sih yg ngebiayain kuliah lu itu duit pajak kami, bukannya hutang Budi ke pemerintah and being tone deaf kocakkk",3 hours ago,,,,0
https://www.youtube.com/watch?v=r1DSH9AQXLU,UgxdMw-08_RdWpAUczF4AaABAg,Youtube,@TheBimaR,"Udh saatnya kita cancel ni org, tone deaf level maximum",3 hours ago,,,,0
https://www.youtube.com/watch?v=r1DSH9AQXLU,UgwbT3ppvlbPKg-Op5p4AaABAg,Youtube,@WindaHanda,"tempat tidurmu terlalu nyaman, maudy",3 hours ago,,,,0
https://www.youtube.com/watch?v=r1DSH9AQXLU,Ugxf6SqGn_OrBas5-914AaABAg,Youtube,@rimaauliaabarang9928,"wkwkw kalo lo korban dari bad news itu gak mungkin bakal bikin konten gini. Kalo gabisa berempati, mending diem.",3 hours ago,,,,0
https://www.youtube.com/watch?v=r1DSH9AQXLU,UgzawzPomKepWK9LQ7Z4AaABAg,Youtube,@sasijuni-l1u,"Ini opininya setara sama cinta laura ""jangan demo please, nanti orang2 jadi susah kerja 💅"" 

TONE DEAF FINAL BOSS",3 hours ago,,,,1
https://www.youtube.com/watch?v=r1DSH9AQXLU,Ugz0SyY3xbjMd-2ZW694AaABAg,Youtube,@levi_art7072,Jgn di hate ya gaes . Videonya emang buat yg have have aja.. 😅,3 hours ago,,,,0
https://www.youtube.com/watch?v=r1DSH9AQXLU,Ugz09o4GfhpGL6x1_JR4AaABAg,Youtube,@tikalupit,"Oof three weeks ago, huh? Just saw this blow up and I really don't want to dogpile. Other commenters have made excellent points to help with your quest of self-actualization. This is genuinely an accountability check.

With all due respect, ""concern"" and ""awareness"" mean zilch. Please, please stop saying frustrating and heartbreaking, it's so patronizing coming from someone materially unaffected. This is not the time to say you feel bad. This is the time to decenter. You talk about curating your input, then a part of your output is complaining about a toast because it tastes too healthy—so you might need to direct your self-curation another way.

You mentioned that ""Whenever we see something, it becomes a question of responsibility also, to what extent can I influence this?"" You type about ""engage dengan lebih berarti"". Girl, what engagement? Where's the action? In good faith, I checked your social media platforms and the closest thing about ""engagement"" is about Sumatra's ecodisaster 34 weeks ago. How do YOU give support? How do YOU boost visibility? That's a huge part of mindfulness—directing your energy towards measurable individual actions.

You have a beauty brand whose marketing relies on Indonesia's biodiversity. Illipe is basically endemic to the region that's being destroyed by massive deforestation right now. You have means to donate your proceeds, which I am sure will shadow a lot of smaller creators' efforts. You have a credible enough platform built on your academic creds to create a fundraiser. There are so many ways to weave in intersectionality and class consciousness to your brand. However, from our observing eyes, it's simply not there until it's profitable to you. You're more than happy to claim the good parts, but check out when things got ugly. When I scroll and see only ""sending my prayers"", I am simply... floored.

Hope we can see something out of this beyond a clarification cuz girl, oof.",3 hours ago,,,,0
https://www.youtube.com/watch?v=r1DSH9AQXLU,Ugxy6vy_vArgpRiab2R4AaABAg,Youtube,@n.nurlaella6515,Mba maudy tukeran nasib yuk 😁,3 hours ago,,,,0
https://www.youtube.com/watch?v=r1DSH9AQXLU,Ugw5wtOrld1W9QgCRLR4AaABAg,Youtube,@AiDaulay,"Simpel. Kalo ga terpapar dari berita, ga akan ngerti dan ga akan bisa bersuara untuk ngubah hal salah yg sedang berjalan di negeri ini.",3 hours ago,,,,0
https://www.youtube.com/watch?v=r1DSH9AQXLU,Ugy-ES4KxUyOkyhFJQZ4AaABAg,Youtube,@syyl-a,"OPINI SAMPAH!!! SIMPEN AJA SENDIRI GAUSAH DI SHARE, ITU HANYA BERLAKU KE KAUM² BORJUIS LU. TIDAK PANTAS BERKATA SEPERTI ITU DITENGAH KONDISI INDONESIA YANG SEPERTI INI",3 hours ago,,,,0
https://www.youtube.com/watch?v=r1DSH9AQXLU,UgwnSc1qX_cqtCm7UD94AaABAg,Youtube,@bobaboba5239,Minimal napak tanah dulu. Nyeker nyeker klo ga paham juga. Yapping aja lo!,3 hours ago,,,,0
https://www.youtube.com/watch?v=r1DSH9AQXLU,UgwTL3YvBs-uaJvvdSR4AaABAg,Youtube,@GwenShar,"Sori tp kecewanya kecewa bgt. Kamu kuliah ke luar negri pake pajak rakyat indo yg ga semua sekaya kamu. Pajak kita yg gajinya udh pas2an tp masih harus dipotong pajak dan salah satunya buat kuliahin kamu mahal2 tp hasilnya? Kamu malah tone deaf kyk gini. Ngomongin mind-fullness di rumah yg bagus, kehidupan layak, oksigen ga kecampur asap, makanan bergizi yg ga beracun. Kamu tuh pinter bgt dan punya platform mending bantu rakyat menyuarakan keresahan kita. Klpun gabisa, seriously mending km diem aja. Bagi kamu ini cmn bad news yg bsa km abaikan sambil santai2 dgn hidup km yg super privilege  tp utk most of us, itu bad reality yg hrs kita hadapi everyday.",3 hours ago,,,,0
https://www.youtube.com/watch?v=r1DSH9AQXLU,UgzawzPomKepWK9LQ7Z4AaABAg.AaiKrLBX_J9AaiP7iTL9rs,Youtube,@bevvrlyhill,but cinta laura changed and take her lesson brooo,2 hours ago,,,,0
https://www.youtube.com/watch?v=r1DSH9AQXLU,UgwqjFGqZoEtd9QCKUV4AaABAg.AagOPL4Xf5qAagvkVXRK6s,Youtube,@sulthonsauqiofficial8854,YAUDAH KALO GITU TAKEDOWN LAH. TONE DEAF.,16 hours ago,,,,0
https://www.youtube.com/watch?v=r1DSH9AQXLU,UgwqjFGqZoEtd9QCKUV4AaABAg.AagOPL4Xf5qAagwW7q9EWx,Youtube,@mfm4974,Just take down this vt. Tone deaf kau. Nambah2 kemarahan org2 yg lg kesusahan.,16 hours ago,,,,0
https://www.youtube.com/watch?v=r1DSH9AQXLU,UgwqjFGqZoEtd9QCKUV4AaABAg.AagOPL4Xf5qAagwbWvYVvr,Youtube,@kefaal,"girll, u just tone deaf as hell, sorry.",16 hours ago,,,,0
https://www.youtube.com/watch?v=r1DSH9AQXLU,UgwqjFGqZoEtd9QCKUV4AaABAg.AagOPL4Xf5qAagwbsB1Uyt,Youtube,@goysebumm,"Teman bgt nih? ogah gue punya temen macam lu, udh deh gausa jadi manusia sok bijak lagi buat apaan. Kata ""maaf"" aja sama sekali ga terlintas di benak lu? sadar deh lu kuliah pake duit kita, duit orang yang sekarang pada sekarat, lu kuliah juga ketemu sama suami lu itu, kalau lu ga dapet beasiswa belum tentu lu ketemu suami lu, benci bgt gue sama lu sekarang dasar perempuan tone deaf, ga napak tanah, ga ada permintaan maaf dan ga akan gue maafin",16 hours ago,,,,0
https://www.youtube.com/watch?v=r1DSH9AQXLU,UgwqjFGqZoEtd9QCKUV4AaABAg.AagOPL4Xf5qAagx2tk2Fms,Youtube,@missgermoney,Bibit pancatera,16 hours ago,,,,0
https://www.youtube.com/watch?v=r1DSH9AQXLU,UgwqjFGqZoEtd9QCKUV4AaABAg.AagOPL4Xf5qAagxNYxtr00,Youtube,@hallowiin2045,Kata maafnya mana audi???,15 hours ago,,,,0
https://www.youtube.com/watch?v=r1DSH9AQXLU,UgwqjFGqZoEtd9QCKUV4AaABAg.AagOPL4Xf5qAagxSU9rl1C,Youtube,@Kinotaroni,ah bacot tone deaf mah tone deaf aja lu 😂,15 hours ago,,,,0
https://www.youtube.com/watch?v=r1DSH9AQXLU,UgwqjFGqZoEtd9QCKUV4AaABAg.AagOPL4Xf5qAagxpAqC-mw,Youtube,@atikayasmin1116,Still tone deaf,15 hours ago,,,,0
https://www.youtube.com/watch?v=r1DSH9AQXLU,UgwqjFGqZoEtd9QCKUV4AaABAg.AagOPL4Xf5qAagzh-ShXge,Youtube,@rotipanggang23,"ngetik sebanyak itu gada ucapan minta maaf yang terselip. just tell me, dari banyak orang pintar dan punya privilege tapi memilih buta dan ignorant, lo termasuk salah satu dari orang2 itu kan?",15 hours ago,,,,0
https://www.youtube.com/watch?v=r1DSH9AQXLU,UgwqjFGqZoEtd9QCKUV4AaABAg.AagOPL4Xf5qAagzo3Q5k8r,Youtube,@bearrr12,the way this apology is just a bunch of garbage at least delete the video,15 hours ago,,,,0
https://www.youtube.com/watch?v=r1DSH9AQXLU,UgxUN2IfPj0QvrtMrbh4AaABAg,Youtube,@galpakervgo3701,"Nasihat untuk menjaga kesehatan mental memang valid, tetapi jangan sampai pengalaman orang yang mampu mengambil jarak dari krisis dianggap sebagai resep universal bagi orang yang justru hidup di dalam krisis tersebut.”",3 hours ago,,,,0
https://www.youtube.com/watch?v=r1DSH9AQXLU,UgyqS3CmpB1nCVL34xB4AaABAg,Youtube,@CintacinH,"Bahasan dia ini salah sasaran deh. emang khusus buat diri dia aja, orang2 yg ngerasa stress, orang2 yang ngerasa overwhelminh, pikirannya terganggu dengan ""bad news"".

dia mau nunjukin apa sih di video ini???",3 hours ago,,,,0
https://www.youtube.com/watch?v=r1DSH9AQXLU,Ugz24qCyVQWf-w4OeOJ4AaABAg,Youtube,@KanayaAzizah-s3d,"tone deaf bgt gila, lu sarapan enak, masih senyam senyum ngajak orang buat tutup mata soal musibah2 di indo aja udah gila",3 hours ago,,,,0
https://www.youtube.com/watch?v=r1DSH9AQXLU,UgwOQDZmku2LqtszDSl4AaABAg,Youtube,@itssweetclown,"Kak, saran aku coba berusaha buat tingkatin EQ, bukan cuma IQ aja. Ngikutin kamu dari jaman dulu, tapi plissss, tau kalau kamu pintar tapi menempatkan diri itu juga sebuah kepandaian dan penting.",3 hours ago (edited),,,,0
https://www.youtube.com/watch?v=r1DSH9AQXLU,UgyeH0-5kZ_1eCZyqtB4AaABAg,Youtube,@fcputri19,"cannot watch till the end, bahkan sebagian orang mungkin susah buat sekedar bikin telor dadar, sebagian orang susah juga buat nafas dengan tenang, sebagian orang mungkin udah kehilangan tempat tinggalnya. mungkin vlog ini oke diupload ketika semua masalah udah beres, tapi kalau sekarang kayanya ga dulu deh. semua orang ga baik2 aja. bahkan ini saya tinggal di jabodetabek pun kena dampak polusi yang parah, sekeluarga batuk2.",3 hours ago,,,,0
https://www.youtube.com/watch?v=r1DSH9AQXLU,UgzXmgcYP1gjCvS54y94AaABAg,Youtube,@opianggoro7529,"It’s a privilege to still call it 'bad news' instead of 'bad reality'. Maudy, touch some grass...",3 hours ago,,,,0
https://www.youtube.com/watch?v=r1DSH9AQXLU,UgztjoJcPKg_KJuXbhR4AaABAg,Youtube,@LisannyaGaib,GO TOUCH GRASS,3 hours ago,,,,0
https://www.youtube.com/watch?v=r1DSH9AQXLU,Ugy9OqEyEEmjRFtUgQp4AaABAg,Youtube,@cottongrizzly2749,"km menamai produk sendiri ""from this island"" tp km jg yg ngga aware apa yg sedang terjadi in this island:)",3 hours ago,,,,0
https://www.youtube.com/watch?v=r1DSH9AQXLU,Ugxgi531ZVhKFgvL0Mh4AaABAg,Youtube,@crayer0000,Tips nya buat yang financial freedom 🙈,3 hours ago,,,,0
https://www.youtube.com/watch?v=r1DSH9AQXLU,UgyhkY9MKVGi0teNwtd4AaABAg,Youtube,@telur_ramen,tone deaf 😢,3 hours ago,,,,0
https://www.youtube.com/watch?v=r1DSH9AQXLU,UgwCTfeGlk3FtdF2mEB4AaABAg,Youtube,@deviareskinovitasari1676,terkadang klw orng sudah merasa dirinya pinter...minuesnya adalah nirempati...krn yapp..mereka ngk pernah ngerasain hidup susah dan ngk pernah ngerasain emosi diposisi yg sama alhasil mereka akhirnya tone-deaf krn terbiasa dimanjakan dengan fasilitas yg ada.....minimal klw qm ngk bisa bantu....pov lah dengan sudut pandang orng yg merasakan....,3 hours ago,,,,0
https://www.youtube.com/watch?v=r1DSH9AQXLU,Ugy4nltBq8sR7mk43GN4AaABAg,Youtube,@catgirl3242,"Use ur brain Maudyyy, show some emphaty!!!",3 hours ago,,,,0
https://www.youtube.com/watch?v=r1DSH9AQXLU,UgymAkZQ6WI6mAEWjQZ4AaABAg,Youtube,@insigniaxhonkai,For someone who is well-known educated both on academics and music.. you are truly the embodiment of tone-deaf! Oh what an irony....,3 hours ago,,,,0
https://www.youtube.com/watch?v=r1DSH9AQXLU,UgypG1xn2l2OUvTFp094AaABAg,Youtube,@zachfiana2886,"buat kamu ini cuman berita ya Maudy, wah tempat tidurmu terlalu nyaman ya 😊😊😊😊",3 hours ago,,,,0
https://www.youtube.com/watch?v=r1DSH9AQXLU,Ugym2zEubpedInMmoId4AaABAg,Youtube,@baktiabdillah1216,"Mba, ngomongin soal struggling ga elok kl sambil makan 'toast' di mana orang-orang even belum tentu bisa makan hari itu. Banyak kebijakan politik yang akhirnya berdampak ke masyarakat menengah bawah dan bahkan pagi buta sebelum lo bangun mereka udah kerja duluan untuk matok rejeki. Moreover, this podcast isn't supposed to be about YOU. Kalo emg tadinya mau share, napak sedikit! Paham ga situasi masyarakat yang dikorbankan dari kebijakan politik dan bencana alam. Lo public figure, punya suara, punya platform, ya masyarakat ngarepnya lo pake untuk mewakili mereka! Berbuat sesuatu kek, bantu salurkan bantuan/aspirasi ke mana kek. Ini mah nggak, denger podcast kek dengerin princess sedang a day in my life inside the palace dan menyapa rakyat biasa yang bahkan GA TAU toast itu apaan! Tone deaf!",3 hours ago,,,,0
https://www.youtube.com/watch?v=r1DSH9AQXLU,UgwqyT7cL55aYsB2UV14AaABAg,Youtube,@sgsggsgsshshs8900,"Eaa si tone deaf ini satu, seponk pemerintah teross mau jdi ape? Komisaris?",3 hours ago,,,,0
https://www.youtube.com/watch?v=r1DSH9AQXLU,Ugz4w2TYnGZBFx3hZsp4AaABAg,Youtube,@Abi-d6e5w,NATO (No Action Talk Only),3 hours ago,,,,0
https://www.youtube.com/watch?v=r1DSH9AQXLU,UgznRgCQ1NDL1E91Gm14AaABAg,Youtube,@food_addict-r3s,TONE DEAF HAHAHAHAHAH BACOTTTT KLO MMNG PEDULI LIAT NOHHH SHERINA TURUN LANGSUNG,3 hours ago,,,,0
https://www.youtube.com/watch?v=r1DSH9AQXLU,Ugz7PKMpu_GyAjRa9O14AaABAg,Youtube,@Abi-d6e5w,NATO (No Action Talk Only),3 hours ago,,,,0
https://www.youtube.com/watch?v=r1DSH9AQXLU,UgxB2S4upHfUv6sPkVt4AaABAg,Youtube,@rhodetorare,i hope karma eats you anytime soon❤️,3 hours ago,,,,0
https://www.youtube.com/watch?v=r1DSH9AQXLU,UgwqjFGqZoEtd9QCKUV4AaABAg.AagOPL4Xf5qAagzto7mNHp,Youtube,@marjan_yopi,X users brings me here. She's so tone deaf,15 hours ago,,,,0
https://www.youtube.com/watch?v=r1DSH9AQXLU,UgwqjFGqZoEtd9QCKUV4AaABAg.AagOPL4Xf5qAagzv-1ZEci,Youtube,@marjan_yopi,X users brings me here. She's so tone deaf,15 hours ago,,,,0
https://www.youtube.com/watch?v=r1DSH9AQXLU,UgwqjFGqZoEtd9QCKUV4AaABAg.AagOPL4Xf5qAagzvtwak-y,Youtube,@Julius9101,"Dari sekian panjang tulisan ini, nggak ada mention kegagalan pemerintah yang sekarang ini sedikit pun. 😢",15 hours ago,,,,0
https://www.youtube.com/watch?v=r1DSH9AQXLU,UgwqjFGqZoEtd9QCKUV4AaABAg.AagOPL4Xf5qAah-0S_RCUr,Youtube,@DinaNurulHafizhah,"Takut kena cancel culture ya, Mba?",15 hours ago,,,,0
https://www.youtube.com/watch?v=r1DSH9AQXLU,UgwqjFGqZoEtd9QCKUV4AaABAg.AagOPL4Xf5qAah1PaPBuCU,Youtube,@Macbeth110,"You're not entirely wrong maudy. Mungkin the way you set this content yg mentrigger banyak orang especially at this time. Ruang di rumah yg kita tinggali saat ini, makanan yg kita makan detik ini, rutinitas 'biasa' yg kita jalani hari ini mungkin terasa 'sederhana' bagi kita, jeda waktu mindfulness yg kita rasakan saat ini yg mungkin terasa sederhana dan biasa bagi kita krn sudah biasa. Tapi, bagi mayoritas masyarakat indonesia (terutama masyarakat yg 'dibungkam' dari media sehingga mereka harus bekerja keras untuk menyuarakan keadaan mereka sebenarnya di lokasi) keadaan yg kita miliki skrg adalah sebuah privilege yg sangat diidamkan detik ini. Kalo kita melihat ke diri sendiri and where we start right now, iya benar it could be overwhelmed for us tapi sbg masyarakat di wilayah yg masih berpotensi terdampak kita masi punya opsi untuk ber 'mindfulness' itu tadi yg mana bagi masyarakat indonesia yg terdampak, mereka benar2 ga punya opsi itu sama sekali dan pemerintah juga tidak melakukan penanganan bencana alam yg seharusnya.

So, people out there trust people like you as celebs and influencers who have influence power to be on people's side. They trust you based on your personal branding. Ketika maudy buat konten ini out of no where dan di timing yg skrg ini, kinda off timing aja. Aku paham dan aku setuju dengan maksud kamu, tapi mmg dengan setting konten ini yg menampilkan 'keseharian yg sederhana' memang agak nirempati jatuhnya. Walaupun, aku juga paham people are different mungkin ada influencers diluar sana yg gercep ke lokasi terdampak dgn berbagai macam morif. Ada org2 seperti maudy, yg aku merasa relate yaitu juga butuh processing things lebih lama, namun.. orang diluar bubble jkt run out of time bahkan untuk survival.

Sesimple itu bisa langsung berdampak ya 🥲 semangat maudy yg namanya manusia bisa kepleset sesekali yuk kita menambah empati diri, semoga situasi di indonesia segera membaik 🤲",15 hours ago,,,,0
https://www.youtube.com/watch?v=r1DSH9AQXLU,UgwqjFGqZoEtd9QCKUV4AaABAg.AagOPL4Xf5qAah21xlRFeg,Youtube,@dreathfull5066,sedang mengetik di udara yang segar dan punya tabungan dollar.,15 hours ago,,,,0
https://www.youtube.com/watch?v=r1DSH9AQXLU,UgwqjFGqZoEtd9QCKUV4AaABAg.AagOPL4Xf5qAah28PBSBRh,Youtube,@heresheigoes,yet there's not a single SORRY. what is wrong with u girl?,15 hours ago,,,,0
https://www.youtube.com/watch?v=r1DSH9AQXLU,UgwqjFGqZoEtd9QCKUV4AaABAg.AagOPL4Xf5qAah2Hx6Fg_i,Youtube,@resurgingflame,"Nulis panjang² tpi ngga ada satupun prmintaan maaf & usaha untuk betul² koreksi diri sndiri. Sbrapa susah ny sih untuk berempati?? Pling ngga DIEM. Bukan ny bkin konten & komen insensitif. Gimna sih, lulusan kuliah bgus kok kyak gini?",15 hours ago,,,,0
https://www.youtube.com/watch?v=r1DSH9AQXLU,UgwqjFGqZoEtd9QCKUV4AaABAg.AagOPL4Xf5qAah2un7p2M7,Youtube,@halo7738,Halah jembot,15 hours ago,,,,0
https://www.youtube.com/watch?v=r1DSH9AQXLU,UgwqjFGqZoEtd9QCKUV4AaABAg.AagOPL4Xf5qAah394AB5Uj,Youtube,@aldonputraa,Kok sangat mencerminkan TOKOH INSPIRATIF,14 hours ago,,,,0
https://www.youtube.com/watch?v=r1DSH9AQXLU,Ugz3t95GGNuzE2YBlfp4AaABAg,Youtube,@Ichabelen07,"As public figure yg menggaungkan kepintaran dan exlusive vibes karena berhasil kuliah di dua tempat ternama diluar negri ternyata ga lgsg menumbuhkan jiwa empati kamu ,statement kamu malah seolah mencoba menyelamatkan diri dari mendengar semua bad news dan stay at ur bubble, jujur kecewa sama kamu mody . We dont neeed ur scramblegg egg that u cooked at beautiful and clean kitchen ,real tone deaf dan ga pernah serata sama rakyat ,kamu ga benar benar ikut menyuarakan keresahan untuk negeri ini dalam aksi nyata cuma omongan yg semua org bisa tulis even chatgpt buat di moment urgent untuk saving kamu dari cancel culture netizen. Sehat sehat yaa ternyata kamu pengguna lpdp yg zolim jugaa",3 hours ago,,,,0
https://www.youtube.com/watch?v=r1DSH9AQXLU,Ugwe1wyz5qEsZd3iv1F4AaABAg,Youtube,@tiranioktaviani3220,"Aku paham banget apa yg dirasakan Maudy sama seperti yg aku rasakan & juga kebanyakan orang. Kalo aku liat video ini dari sudut pandang lain, memang Maudy ini  bermaksud utk bagaimana mengelola pikiran kita dari segala hal yg terjadi tapi bukan berarti kita tidak peduli justru karna saking kepikirannya sampe membuat frustrasi makanya hal ini terkadang perlu kita lakukan. Karna manusia gimanapun memang ga bisa utk terus menerus memikirkan hal di luar kendali. Tapi cukup kita tau & memproses berita itu tanpa terus2an kita konsumsi sampe pikiran kelelahan sendiri. Cuma mungkin bagi banyak orang ini seperti tone deaf. Padahal dia cuma berbagi utk mengelola pikiran kita aja si. Karna diapun melihat berita2 sekarang ini sampe overthinking & nangis. Tapi ya begitulah yg terjadi sekarang ini. Semua orang jadi lebih sensitif & itu ga salah juga krn memang terlalu banyak hal yg tidak menyenangkan yg terjadi saat ini. Dan saat ini semua orang sedang merasakan hal yg sama.",3 hours ago (edited),,,,0
https://www.youtube.com/watch?v=r1DSH9AQXLU,UgxKmikCQpOLe0LNyNB4AaABAg,Youtube,@matchanahhh,Maudy kok kamu jadi tone deaf si?,3 hours ago,,,,1
https://www.youtube.com/watch?v=r1DSH9AQXLU,UgzO8bYMGk65q6m4Q1Z4AaABAg,Youtube,@athenadiaayu,let them eat cake,3 hours ago,,,,0
https://www.youtube.com/watch?v=r1DSH9AQXLU,Ugy9TK67QFgjoYnYTyB4AaABAg,Youtube,@75hafiza,"Neng maudy, mending hapus videomu ini. trs jgn bikin video yg serupa yak.. Malu tau😢ketauan bgt tone deaf nya.. kamu anggap ini bad news? eh neng, yg terjadi di negara ini adalah REALITAA!!!",3 hours ago,,,,0
https://www.youtube.com/watch?v=r1DSH9AQXLU,Ugzj9PfVD7aIWhQtcWB4AaABAg,Youtube,@DarkMatter-vh5rd,"Yang kau sebut dengan ""BAD NEWS"" adalah ""REALITA MAYORITAS"".",3 hours ago,,,,0
https://www.youtube.com/watch?v=r1DSH9AQXLU,UgySfUaRDwvXFQXbsMN4AaABAg,Youtube,@HaniAstuti-n5p,lol mbak,3 hours ago,,,,0
https://www.youtube.com/watch?v=r1DSH9AQXLU,UgyWyj-tpEbeQuiB7KF4AaABAg,Youtube,@rhodetorare,WHO ARE YOU KALAU NGGA ADA BANTUAN DR PAJAK RAKYAT?,3 hours ago,,,,0
https://www.youtube.com/watch?v=r1DSH9AQXLU,Ugw3ZzZTKCdzM1_X7iN4AaABAg,Youtube,@crayer0000,8:18 she talk about her content right? 😅,3 hours ago,,,,0
https://www.youtube.com/watch?v=r1DSH9AQXLU,Ugxmf8knnWE46FFlhpF4AaABAg,Youtube,@rhodetorare,KAMU KULIAH DI LUAR NEGERI PAKAII UANG RAKYAT KAK,3 hours ago,,,,0
https://www.youtube.com/watch?v=r1DSH9AQXLU,Ugxgoh420wMDUy57T_J4AaABAg,Youtube,@RuangDzikir2026,"Npd final,,😅 sok pinter sok kecakepan..sakit jiwa plus npd",3 hours ago,,,,0
https://www.youtube.com/watch?v=r1DSH9AQXLU,Ugw4thVRqji4_P3MHEB4AaABAg,Youtube,@sarahzelia1864,You have no business talking about bad news here while enjoying your expensive breakfast. Kamu lulusan luar negri kan? Masa kalah sama aku yg kuliah disini ama kamu yg diluar negeri masalah pola pikir? Use ur brain pls,3 hours ago,,,,0
https://www.youtube.com/watch?v=r1DSH9AQXLU,UgyKF1YztBuYbqYz_Gl4AaABAg,Youtube,@cosmicysf8088,"Kak ini bukan sekedar ""ngerasa overwhelmed karena mendengar bad news selama setahun"", mereka bukan sekedar mendengar badnews, tapi merasakan bad life. 

Cukup ironis ngeliat kak Modi ngerasa overwhelmed karena mendengar ""bad news"" sambil sarapan fancy, di saat bad news yang anda sebutkan itu merupakan bad life bagi orang orang lain. 

Mereka ngerasain asap, gempa, banjir, dll itu bukan bad news lagi kak.",3 hours ago,,,,0
https://www.youtube.com/watch?v=r1DSH9AQXLU,UgzAQ78xia-LzntftXZ4AaABAg,Youtube,@misbahull_huda,"Coba lu jadi orang susah dlu deh, baru bikin konten begini",3 hours ago,,,,0
https://www.youtube.com/watch?v=r1DSH9AQXLU,UgwUWtIE9ndr3N_Q1AZ4AaABAg,Youtube,@rahmahsafa1624,"ayo belajar mindfulness ala Maudy, tarik napas dalam-dalam rasakan udara segar- oh iya berasap. I FORGOT THAT WE LIVE IN THE BAD NEWS",3 hours ago,,,,0
https://www.youtube.com/watch?v=r1DSH9AQXLU,Ugy6UftyIgEqQ6dRh9V4AaABAg,Youtube,@hanifakhrialatas5769,"Kira kira dia pas baca semua komenan neti di upload an video dia ini, malu gak ya kira kira ?",3 hours ago,,,,0
https://www.youtube.com/watch?v=r1DSH9AQXLU,Ugy_zFeNMLEWhL-t4SN4AaABAg,Youtube,@misbahull_huda,"Coba lu ke kalteng, coba lu cicip MBG, coba lu kere dan kudu beli pertamax disaat pertalite udh jarang², masih punya niat kaga bikin ini konten",3 hours ago,,,,0
https://www.youtube.com/watch?v=r1DSH9AQXLU,UgwXItNX2xbTHeE2Hop4AaABAg,Youtube,@chocobrownies-o6k,"Hidup lu ga pernah susah si mbak ya, mknya sulit utntuk ngerti..keadaan orang lain lu kata bad news, elahhh buka mata dikit napaa..

Trnyata org klo ketinggian tuh hati nya juga ikut tinggi yaaa..empatinya ga ada samsek..
Kasihan sih..",3 hours ago,,,,0
https://www.youtube.com/watch?v=r1DSH9AQXLU,UgyKqdq-jWkXS1KSXBt4AaABAg,Youtube,@diniszahrotululum1267,mati dalam keadaan mindfulness,3 hours ago,,,,0
https://www.youtube.com/watch?v=r1DSH9AQXLU,UgzOvE3e0Lbzrb3_SYV4AaABAg,Youtube,@gunawanridwan5175,Tai,3 hours ago,,,,0
https://www.youtube.com/watch?v=r1DSH9AQXLU,UgwqjFGqZoEtd9QCKUV4AaABAg.AagOPL4Xf5qAah3W5PlfWs,Youtube,@merfans,"People are friggin dying, Maudy. All this long clarification and no apology/sorry?

Just say you're tone deaf and spread your toxic positivity somewhere else",14 hours ago,,,,0
https://www.youtube.com/watch?v=r1DSH9AQXLU,UgwqjFGqZoEtd9QCKUV4AaABAg.AagOPL4Xf5qAah4jgA3907,Youtube,@zeeleanor,What is your struggle princess?🤣 oh i know. Being tone deaf🤣🤣🤣🤣,14 hours ago,,,,0
https://www.youtube.com/watch?v=r1DSH9AQXLU,UgwqjFGqZoEtd9QCKUV4AaABAg.AagOPL4Xf5qAah4qlFQ9Ls,Youtube,@myaaauuUU,SAY SORRY OR take down the video,14 hours ago,,,,0
https://www.youtube.com/watch?v=r1DSH9AQXLU,UgwqjFGqZoEtd9QCKUV4AaABAg.AagOPL4Xf5qAah4xmH-UHB,Youtube,@ROUVZKKELE,AND YOU DONT EVEN SAY SORRY LOL 😂,14 hours ago,,,,0
https://www.youtube.com/watch?v=r1DSH9AQXLU,UgwqjFGqZoEtd9QCKUV4AaABAg.AagOPL4Xf5qAah6Eg1pGLI,Youtube,@dianaaralc7468,"Bacot, daripada lu klarifikasi buat “membenarkan” pendapat lo mending lo take down video lo!",14 hours ago,,,,0
https://www.youtube.com/watch?v=r1DSH9AQXLU,UgwqjFGqZoEtd9QCKUV4AaABAg.AagOPL4Xf5qAah6sPJHuhc,Youtube,@Kuriest,Stfu maudy just enjoy your whole grain sourdough,14 hours ago,,,,0
https://www.youtube.com/watch?v=r1DSH9AQXLU,UgwqjFGqZoEtd9QCKUV4AaABAg.AagOPL4Xf5qAah7CDoV1ui,Youtube,@widyapratiwi7931,GAUSAH SOK TEMENAN DEH,14 hours ago,,,,0
https://www.youtube.com/watch?v=r1DSH9AQXLU,UgwqjFGqZoEtd9QCKUV4AaABAg.AagOPL4Xf5qAah7sv6_ayM,Youtube,@noerhalizah3042,"Halah nyocot, im not reading allat, buat apa klarifikasi panjang² tapi gak ada kata maaf",14 hours ago (edited),,,,0
https://www.youtube.com/watch?v=r1DSH9AQXLU,UgwqjFGqZoEtd9QCKUV4AaABAg.AagOPL4Xf5qAah7zs-Nw4_,Youtube,@dolpheen23,"Aku, berhenti jd tone deaf? Cuma kalo ada miracle~ wkwk ytta",14 hours ago,,,,0
https://www.youtube.com/watch?v=r1DSH9AQXLU,UgwqjFGqZoEtd9QCKUV4AaABAg.AagOPL4Xf5qAah8GjSrP4s,Youtube,@heize2197,"all this words and nothing about blaming the government DUH, apaan lagi struggle pribadi dishare ke kita DIH",14 hours ago,,,,0
https://www.youtube.com/watch?v=r1DSH9AQXLU,UgxKmikCQpOLe0LNyNB4AaABAg.AaiIm5O-JNAAaiJYXGwcOE,Youtube,@opianggoro7529,dari dulu gak sih... akhirnya kena aja ini orang2 pada melek.,3 hours ago,,,,0
https://www.youtube.com/watch?v=r1DSH9AQXLU,UgzDL7SDGY46A5tipJx4AaABAg,Youtube,@misbahull_huda,"Coba lu dikasih posisi susah dari lahir, berani nggak bikin ini konten",3 hours ago,,,,0
https://www.youtube.com/watch?v=r1DSH9AQXLU,UgwGuUduHl3ZI8fnXWZ4AaABAg,Youtube,@rusdiyantikhoeriyah6854,"Kak, setidak nya kalau kamu belum ngerasain sulitnya minimal empatinya aja. Ngomong sambil senyum sambil makan enak dll. Dengan pembahasan sensitif tapi yang kamu bahas nggak banget ..",3 hours ago,,,,0
https://www.youtube.com/watch?v=r1DSH9AQXLU,Ugww-cJ6b8IwOO-Zg_p4AaABAg,Youtube,@misbahull_huda,Lu mah enak cok kaya dari lahir,3 hours ago,,,,0
https://www.youtube.com/watch?v=r1DSH9AQXLU,UgxWmzyx8fGP5GNw-dJ4AaABAg,Youtube,@VinoAsSpeech,Seru banget satu per-satu liat publik figur abis abis an dicancel.,3 hours ago,,,,0
https://www.youtube.com/watch?v=r1DSH9AQXLU,Ugz9XSMvGBnUGf7XNn14AaABAg,Youtube,@fikriarief3304,Balikin uang pajak rakyat 🤣,3 hours ago,,,,0
https://www.youtube.com/watch?v=r1DSH9AQXLU,Ugyq_aLvnBEfkQtfBWp4AaABAg,Youtube,@rebeccaramelan01,"Kemarin Marissa Anita, sekarang Maudy Ayunda.",3 hours ago,,,,0
https://www.youtube.com/watch?v=r1DSH9AQXLU,UgwcLbyzct45eaSeYFl4AaABAg,Youtube,@Imah-nn3tw,Blunder 👏,3 hours ago,,,,0
https://www.youtube.com/watch?v=r1DSH9AQXLU,UgwWty6_YTd_px1gRp94AaABAg,Youtube,@fazanurululya4930,Nir empati setan. Pendidikan tinggi gak melahirkan empati apa gunanya. Sama aja SDM rendah.,3 hours ago,,,,0
https://www.youtube.com/watch?v=r1DSH9AQXLU,UgxLfUL8SH8qLt61O2V4AaABAg,Youtube,@Maesarah-sk4ti,"Orang lagi getar-getir.. sesek napas.. di kalimantan sana. 

 masyarakat desek pemerintah to do something. Eh dia bilang gmn cara ngatasin overwhelming sm berita buruk. WHAT A JOKE ..  GAK PUNYA EMPATI LU MAUDY.. MENDING DIEM AJA LU.",3 hours ago,,,,0
https://www.youtube.com/watch?v=r1DSH9AQXLU,UgwTBR2TpApIQyP_QwF4AaABAg,Youtube,@cupid-z1p,Gimana mau cuek sih.. sebagian yg terdampak juga orang terdekat bahkan diri sendiri.,3 hours ago,,,,0
https://www.youtube.com/watch?v=r1DSH9AQXLU,UgxFic8Gdtt07qBg-Vp4AaABAg,Youtube,@Ratnasari_29,Ledig,3 hours ago,,,,0
https://www.youtube.com/watch?v=r1DSH9AQXLU,Ugykm79Oo7mTRYri2yh4AaABAg,Youtube,@gitaagustria8574,Kuliah minta uang ke rakyat buat biaya setelah lulus kuliah g ad manfaat nya untuk rakyat. Jauh bgt bedanya sm Cinta Laura yg senua ny d biayain sendri g minta” ke rakyat dan setelah lulus kuliah pun cinta bermanfaat untuk rakyt. Bner” maudy ini orbg yg g punya malu pntesan g d kasih ank sm Tuhan,3 hours ago,,,,0
https://www.youtube.com/watch?v=r1DSH9AQXLU,UgzWwcLu1y-Dda-_BEB4AaABAg,Youtube,@2pa24_andisitinuraisyah6,pentingnya kesadaran kelas,3 hours ago,,,,0
https://www.youtube.com/watch?v=r1DSH9AQXLU,UgzWoOoEnKBUxtl0fHF4AaABAg,Youtube,@tayothebus8945,"Lo ngomong bad news karena lo cuma nonton, GA MERASAKAN!!!!!!!",3 hours ago,,,,0
https://www.youtube.com/watch?v=r1DSH9AQXLU,UgzhDjH1wwcJH4P93354AaABAg,Youtube,@haska9394,"padahal S2 pake duit rakyat tapi speak up buat rakyat gamau, pret bangett",3 hours ago,,,,0
https://www.youtube.com/watch?v=r1DSH9AQXLU,UgxvsdicDP7K4Wu3Bqp4AaABAg,Youtube,@qithfirulaziz9631,Susah kalo udah tone deaf kayak gini,3 hours ago,,,,0
https://www.youtube.com/watch?v=r1DSH9AQXLU,UgxkjaWTUoyglUYvYIZ4AaABAg,Youtube,@vinharlie961,Gimana rasanya dihujat se Konoha?,3 hours ago,,,,0
https://www.youtube.com/watch?v=r1DSH9AQXLU,UgyMUvzoivJFSQumo4V4AaABAg,Youtube,@chstridho,Mending take down gasi? Blunder dul,3 hours ago,,,,0
https://www.youtube.com/watch?v=r1DSH9AQXLU,UgyNUjKK0Vg63glsaht4AaABAg,Youtube,@sereagatha5569,"sthu u have nice job because people who dont have privillage watch ur movie and listen to ur boring ahh song, and got study abroad by some of the tax. so sthu man",3 hours ago,,,,0
https://www.youtube.com/watch?v=r1DSH9AQXLU,UgxwjCerTE6-YzaLh314AaABAg,Youtube,@viesome,"Maaf ya maudy, untuk kali ini aku gak sependapat banget sama kamu. You can say anything positive like this bcs you don't experience it by yourself. Try live in kalimantan now for 2 weeks. Girl, try it yourself! You are smart right? Then see with your own eyes. That's the reality. You have everything but some people can't even breath properly. That's the reality.",3 hours ago,,,,0
https://www.youtube.com/watch?v=r1DSH9AQXLU,UgwqjFGqZoEtd9QCKUV4AaABAg.AagOPL4Xf5qAah9YWdAQ5A,Youtube,@Sayrha,ngapain refleksi struggle pribadi lu like everyone should care about what u think at the moment? gtfo gausah jadi tone deaf. well educated ternyata ga menjamin punya empati dan simpati even klarifikasi kamu ini kayak ga ada penyesalannya samsek,14 hours ago,,,,0
https://www.youtube.com/watch?v=r1DSH9AQXLU,UgwqjFGqZoEtd9QCKUV4AaABAg.AagOPL4Xf5qAah9tgZtudC,Youtube,@nurulyuniarsih2849,Istighfar neng..... Kamu terlalu langit buat kami warga negara Indonesia,14 hours ago,,,,0
https://www.youtube.com/watch?v=r1DSH9AQXLU,UgwqjFGqZoEtd9QCKUV4AaABAg.AagOPL4Xf5qAahAiS49eEl,Youtube,@shyvasilverlake6023,pakai AI ya kak?,13 hours ago,,,,0
https://www.youtube.com/watch?v=r1DSH9AQXLU,UgwqjFGqZoEtd9QCKUV4AaABAg.AagOPL4Xf5qAahAlxbWO1G,Youtube,@maspinagain1,Lo tone deaf.,13 hours ago,,,,0
https://www.youtube.com/watch?v=r1DSH9AQXLU,UgwqjFGqZoEtd9QCKUV4AaABAg.AagOPL4Xf5qAahByKs1V6F,Youtube,@zealandiasarah951,"I ain't read all that, free Palestine",13 hours ago,,,,0
https://www.youtube.com/watch?v=r1DSH9AQXLU,UgwqjFGqZoEtd9QCKUV4AaABAg.AagOPL4Xf5qAahC9OL_4Vd,Youtube,@natureinyourpockets,"mengajak utk peduli? jelas2 isi video kmu ga peduli. udah BANYAK yg meninggal, Maudy. ga butuh LPDP utk bisa liat itu harusnya.",13 hours ago,,,,0
https://www.youtube.com/watch?v=r1DSH9AQXLU,UgwqjFGqZoEtd9QCKUV4AaABAg.AagOPL4Xf5qAahCGtNxCLZ,Youtube,@febriancp.1202,"tidak ada satupun kata ""maaf"", woww 👏 absolutely tone deaf 👍",13 hours ago,,,,0
https://www.youtube.com/watch?v=r1DSH9AQXLU,UgwqjFGqZoEtd9QCKUV4AaABAg.AagOPL4Xf5qAahCm8LCGbp,Youtube,@zoupidwiraka3254,"ok Maudy, now speak about palestine and our goverment, please ✨",13 hours ago,,,,0
https://www.youtube.com/watch?v=r1DSH9AQXLU,UgwqjFGqZoEtd9QCKUV4AaABAg.AagOPL4Xf5qAahCwvNdUh4,Youtube,@shopeeholic3264,Kak mod semangat yaa kak,13 hours ago,,,,0
https://www.youtube.com/watch?v=r1DSH9AQXLU,UgwqjFGqZoEtd9QCKUV4AaABAg.AagOPL4Xf5qAahDdY7urPl,Youtube,@Siyanido021,guys jgn maafin ke orang klarif tp gada evaluasi buat bantu bencana yg terjadi sekarang. She's still tone deaf,13 hours ago,,,,0
https://www.youtube.com/watch?v=r1DSH9AQXLU,Ugzq91s42tYxYvt61W94AaABAg,Youtube,@VanyNovalia-n7i,"Smart girls tapi minim empati, mungkin dari brojol kamu ga pernah hidup susah, beruntung dapet privilege from your parents, kalo ga bisa menolong seengga nya lu diem Maudy.",3 hours ago,,,,0
https://www.youtube.com/watch?v=r1DSH9AQXLU,Ugx3dYMbw2uVHCGGB5p4AaABAg,Youtube,@maubinbin5028,"Girl shut up, lo rasain deh tinggal nih di Kalimantan baru ngomong mindfulness, mindfulness, yg ada mindfuck njirr. Orang pada hidup setengah mati disini",3 hours ago,,,,0
https://www.youtube.com/watch?v=r1DSH9AQXLU,UgxBTt-G_eT7JH8KVUB4AaABAg,Youtube,@just_code,tone deaf final boss,3 hours ago,,,,0
https://www.youtube.com/watch?v=r1DSH9AQXLU,UgxB8ei5x8XrV-Ic6l14AaABAg,Youtube,@rruinae,i wish i was this privileged 😂,3 hours ago,,,,0
https://www.youtube.com/watch?v=r1DSH9AQXLU,Ugzh_xuUO0jCtGo5Agp4AaABAg,Youtube,@Kentutbalado1333,👎👎👎🥱🥱🥱,3 hours ago,,,,0
https://www.youtube.com/watch?v=r1DSH9AQXLU,UgzEd6ElSywP7LQyeQd4AaABAg,Youtube,@Rrrrf8u,"Orang-orang kaya emang beda, mereka yang jauh dari giliran bad reality yang berentetan memakan korban para jelata...setelah banjir bandang Aceh Sumatera, Gempa NTT, Karhutla Kalimantan, Gunung meletus, Mega korupsi, keracunan massal MBG, beberapa bad news juga terjadi tapi tak banyak tersorot, tenggelamnya kapal penumpang di perairan selayar, penembakan warga sipil di Papua... yang terjadi lagi minggu ini, so... itulah menu di piring kita, itulah...",3 hours ago (edited),,,,0
https://www.youtube.com/watch?v=r1DSH9AQXLU,UgzcJJG3z7dv1lZTSoF4AaABAg,Youtube,@risnaanggaresa6598,Mindfulness tai ledig,3 hours ago,,,,0
https://www.youtube.com/watch?v=r1DSH9AQXLU,UgxwvE5dpfhXfTi2ZK54AaABAg,Youtube,@resmeycantik8451,"Gpp kan klo aku bandingin kamu sm Aurelli....!? 
Aurellie 100 kamu Maudi 11 ... 
 Sorry to say 
Aurelie upgrade Maudi downgrade...",3 hours ago,,,,0
https://www.youtube.com/watch?v=r1DSH9AQXLU,UgwTpuFURx9xdoJsK2h4AaABAg,Youtube,@Lemmingnathan,"Dia ngomong sambil senyum2.. bener2 ga ada empati dengan situasi saat ini. Melebih2kan 10% keadaan buruk, seakan-akan udah 90%???? Hei kamu, ini udah 90% buruk yaaa...",3 hours ago,,,,0
https://www.youtube.com/watch?v=r1DSH9AQXLU,Ugwf3ZLbAoJIYomQXhl4AaABAg,Youtube,@Imnamecha,"bad news for you, reality for the rest of us",3 hours ago,,,,0
https://www.youtube.com/watch?v=r1DSH9AQXLU,Ugx8YGW-6nOD4KhOlCp4AaABAg,Youtube,@sssssss6449,"Ah gila geram banget gua liat dan dengerin dia ngomong. Imagine someone talking about some mindfulness, membatasi diri dari berita-berita buruk Indonesia karena tidak nyaman, padahal dia adalah seseorang yang sangat mampu untuk menyuarakan aspirasi-aspirasi rakyat Indonesia. I’m pretty sure you have the privilege to go to psychologists if Indonesia’s conditions are really ‘membuat tidur, makan, dan mental mu tidak nyaman’. 

Ingat lu kuliah dulu dibiayai pakai uang rakyat. Hebat juga lu sekarang suruh rakyat yang tempat tinggalnya berasap sampai sesak untuk mindfulness. Padahal lu bikin video ini dengan nyamannya di ruangan ber AC, membuat roti yang mewah, sambil senyum-senyum.

Kalau lu tone deaf, gausah nyuruh orang ikutan, Maudy.",3 hours ago,,,,0
https://www.youtube.com/watch?v=r1DSH9AQXLU,UgzoRSb29k9-eWKvnUx4AaABAg,Youtube,@donnyfn,"Aduh mbak, mending diem.. lu tinggal di kalimantan pasti konten vlog pake masker. bukan sarapan estetik gini",3 hours ago,,,,0
https://www.youtube.com/watch?v=r1DSH9AQXLU,Ugz1SlawubgRGjzhpWF4AaABAg,Youtube,@salsabilarahma2645,inilah one of BAD NEWS for my struggle,3 hours ago,,,,0
https://www.youtube.com/watch?v=r1DSH9AQXLU,Ugz3GqszXVgMLHkg7KR4AaABAg,Youtube,@willyraitei,Pendidikan tinggi tidak menjamin Tinggi Empati,3 hours ago,,,,0
https://www.youtube.com/watch?v=r1DSH9AQXLU,UgypZqRwrRBYpRi2P7t4AaABAg,Youtube,@daraaprianipradila4258,orang pintar dan punya ruang yg luas untuk membantu & menyampaikan pendapat sayangnya nirempati itu lebih jahat.,3 hours ago,,,,1
https://www.youtube.com/watch?v=r1DSH9AQXLU,Ugz7jwjTq0DZKbaIAn94AaABAg,Youtube,@billypamungkas74,Kecewa,3 hours ago,,,,0
https://www.youtube.com/watch?v=r1DSH9AQXLU,UgyXAuL5jRzY_fFhz8p4AaABAg,Youtube,@yumisaku6790,"People seems to not understand the point of this video. And it actually egoistic to ALWAYS expect someone to feel the way the majority does yk, because not everyone sekuat itu untuk membaca berita2 buruk yang bisa aja bikin orang jadi trauma (its called vicarious trauma btw and its exist.) menyebabkan fatigue (or compassion fatigue). Mod this time just talking about HOW to keep our SANITY And its not good for us too untuk terus terpapar berita buruk you know. Dan she doesnt mean it to be tone deaf. Im not a fan of anyone or mod but this video js makes sense to me. Because i have to go to a therapist for stress berlebih yg di akibatkan oleh paparan berita buruk dan babyaknya emosi marah dsb yg campur aduk. Dan aku juga stress gara2 ya itu, karena merasa tidak berdaya because im lacking in money and access to anything too, im not privileged to do all of the things yg bisa menyelamatkan orang and it upsets me too. So its true that its fine buat berhenti sejenak bagi kita agar kitanya ga stop functioning gitu karena ya realitanya manusia itu punya hidup masing2 dan harus bertahan hidup juga walau mrk ga kena bencana itu. 

Intinya, kamu boleh peduli tanpa menghancurkan dirimu sendiri.",3 hours ago,,,,19
https://www.youtube.com/watch?v=r1DSH9AQXLU,UgzhgSNSPbjyFjVWnT14AaABAg,Youtube,@1512areus,4:19 what can you do? Bukankah kamu punya power to contribute?,3 hours ago,,,,0
https://www.youtube.com/watch?v=r1DSH9AQXLU,UgxNJm-RysDS8dum_Gp4AaABAg,Youtube,@cresensialaura,sherina keselek liat video ini 😮‍💨,3 hours ago,,,,0
https://www.youtube.com/watch?v=r1DSH9AQXLU,UgyfMiCJcdlIZ9COrlJ4AaABAg,Youtube,@shiffaAprillia,Kuliah di luar negeri bahkan universitas ternama di dunia pun nggak menjamin seseorang itu pintar dalam berempati ya. Semoga kakak merasakan deh apa yang di rasakan saudara saudari kita yang terkena bencana 😊 dan orang orang di sekitar kakak bakalan menerapkan mindset yang kakak bilang ini saat kakak dalam keterpurukan. Aamin yaa Allah 🙏🏻,3 hours ago,,,,0
https://www.youtube.com/watch?v=r1DSH9AQXLU,UgwqjFGqZoEtd9QCKUV4AaABAg.AagOPL4Xf5qAahDyENNmOh,Youtube,@wiboonacci,"TONE DEAF, EGOISS, SHAME ON UU MAUDY",13 hours ago,,,,0
https://www.youtube.com/watch?v=r1DSH9AQXLU,UgwqjFGqZoEtd9QCKUV4AaABAg.AagOPL4Xf5qAahHOx4r4hV,Youtube,@devanondroid11,"Orang kaya tidur, besok jadi motivator lagi😘",12 hours ago,,,,0
https://www.youtube.com/watch?v=r1DSH9AQXLU,UgwqjFGqZoEtd9QCKUV4AaABAg.AagOPL4Xf5qAahV24Wc-9W,Youtube,@lilyeths, @devanondroid11 🤣🤣🤣🤣🤣 wkwkwk,10 hours ago,,,,0
https://www.youtube.com/watch?v=r1DSH9AQXLU,UgwqjFGqZoEtd9QCKUV4AaABAg.AagOPL4Xf5qAahHkCHwjAg,Youtube,@Maspocongg,Pick me bet bjirr😂,12 hours ago,,,,0
https://www.youtube.com/watch?v=r1DSH9AQXLU,UgwqjFGqZoEtd9QCKUV4AaABAg.AagOPL4Xf5qAahI5e_brGK,Youtube,@egayunitahadi2892,"Lo ga asik, udah bye",12 hours ago,,,,0
https://www.youtube.com/watch?v=r1DSH9AQXLU,UgwqjFGqZoEtd9QCKUV4AaABAg.AagOPL4Xf5qAahIFMcNtIf,Youtube,@bruh-vu2pd,"Performative Performative Performative
Tone deaf mah tone deaf aja hahaha, malu2 amat awokaoakk",12 hours ago,,,,0
https://www.youtube.com/watch?v=r1DSH9AQXLU,UgwqjFGqZoEtd9QCKUV4AaABAg.AagOPL4Xf5qAahIGG7mWhE,Youtube,@rindaoktora591,6 paragraf isinya yapping kosong doang buat apa coba maudy,12 hours ago,,,,0
https://www.youtube.com/watch?v=r1DSH9AQXLU,UgwqjFGqZoEtd9QCKUV4AaABAg.AagOPL4Xf5qAahId64Mub2,Youtube,@RivalryBDG,Enough yapping please,12 hours ago,,,,0
https://www.youtube.com/watch?v=r1DSH9AQXLU,UgwqjFGqZoEtd9QCKUV4AaABAg.AagOPL4Xf5qAahJFq8a-YT,Youtube,@Cassettetape90,Tonedeaf cok,12 hours ago,,,,0
https://www.youtube.com/watch?v=r1DSH9AQXLU,UgwqjFGqZoEtd9QCKUV4AaABAg.AagOPL4Xf5qAahJea2rzfe,Youtube,@irestuff,"tone deaf sekali kamu maudy. selagi kamu punya privilege untuk menghindar dari bad news, kami orang kalimantan sedang kesusahan bernafas. lanjutkan kesombongan kamu ya ❤",12 hours ago,,,,0
https://www.youtube.com/watch?v=r1DSH9AQXLU,UgwqjFGqZoEtd9QCKUV4AaABAg.AagOPL4Xf5qAahK7jya7iZ,Youtube,@wijtom,"Mau tau pendapat soal cerita reddit gmn haha, Such a disgusting behavior. And btw all this hatred and cursing, its all totally normal and expected right?",12 hours ago (edited),,,,0
https://www.youtube.com/watch?v=r1DSH9AQXLU,UgyXAuL5jRzY_fFhz8p4AaABAg.AaiFwgt9aSPAaiG8Ylzrj8,Youtube,@yumisaku6790,Caring isnt a competition of who can suffer the longest…,3 hours ago,,,,0
https://www.youtube.com/watch?v=r1DSH9AQXLU,UgyXAuL5jRzY_fFhz8p4AaABAg.AaiFwgt9aSPAaiGeI_mfPS,Youtube,@yumisaku6790,And i feel like ini video itu lebih ke membahas orang2 yg cuma terpapar berita bukan untuk yg bener2 terdampak bencana…,3 hours ago,,,,0
https://www.youtube.com/watch?v=r1DSH9AQXLU,UgyXAuL5jRzY_fFhz8p4AaABAg.AaiFwgt9aSPAaiHBhnwgAN,Youtube,@ShofiatulHasanah-z3e,"We are is already unfunctioning! In Kalimantan to even BERNAPAS aja sulit kak! And if this makes you overwhelmed, we should say sorry?",3 hours ago,,,,0
https://www.youtube.com/watch?v=r1DSH9AQXLU,UgyXAuL5jRzY_fFhz8p4AaABAg.AaiFwgt9aSPAaiHouUiIrn,Youtube,@ShofiatulHasanah-z3e,"Si Maudy Maudy iniii, ternyata punya kapasitas buat at least speak up, at least bergerak, at least ngomong tentang pemerintahh. KARENAAA, sekolah dia dibiayain negaraa, dan duitnya dari patungan pajak",3 hours ago,,,,0
https://www.youtube.com/watch?v=r1DSH9AQXLU,UgyXAuL5jRzY_fFhz8p4AaABAg.AaiFwgt9aSPAaiIK7Vuu_b,Youtube,@yumisaku6790," @ShofiatulHasanah-z3e  Two things can be true at the same time. People who are directly affected by the disaster may not have the privilege to step away from the news and IM SORRY FOR ALL OF YOU like genuinely, and people who arent directly affected can still become overwhelmed by constant exposure and need to step back in order to keep functioning. Nobody is saying the victims should “say sorry” for being affected. Ure arguing against a point i didnt make. Taking a break from consuming bad news ≠ not caring about the people experiencing it… why is it so hard for people to understand that even a so called privileged people can be mentally sick too.",3 hours ago,,,,0
https://www.youtube.com/watch?v=r1DSH9AQXLU,UgyXAuL5jRzY_fFhz8p4AaABAg.AaiFwgt9aSPAaiIluxHM5R,Youtube,@yumisaku6790,"If ure going to argue against me, at least address what i actually said in its entirety instead of cherry-picking one part and pretending uve disproved the whole argument.",3 hours ago (edited),,,,0
https://www.youtube.com/watch?v=r1DSH9AQXLU,UgyXAuL5jRzY_fFhz8p4AaABAg.AaiFwgt9aSPAaiHHBDVij_,Youtube,@Surdilb26,girl you still dont understand 😂,3 hours ago,,,,0
https://www.youtube.com/watch?v=r1DSH9AQXLU,UgyXAuL5jRzY_fFhz8p4AaABAg.AaiFwgt9aSPAaiH_faleYU,Youtube,@yumisaku6790, @Surdilb26  To be able to read bad news EVERYDAY without getting exhausted is a privilege too for mentally sick people. I hate double standart.,3 hours ago,,,,0
https://www.youtube.com/watch?v=r1DSH9AQXLU,UgyXAuL5jRzY_fFhz8p4AaABAg.AaiFwgt9aSPAaiHhV9IUHb,Youtube,@yumisaku6790,"I have BPD and it sickens me to death when i keep getting exposure of bad news everyday thats why i understand this video. Let alone i dont care about the ones who talk about this if theyre wealthy or not. Aku akuin kalo pointnya masuk akal ya masuk akal. People with no mental disorder or punya mental yg kuat will never understand people like us yg harus step back agar bisa functioning. Aku bisa ngebalikin keadaan kaya gitu, but i understand people have their own struggle even if theyre not struggling mentally like we do.",3 hours ago (edited),,,,0
https://www.youtube.com/watch?v=r1DSH9AQXLU,UgyXAuL5jRzY_fFhz8p4AaABAg.AaiFwgt9aSPAaiNFBVCCo3,Youtube,@yumisaku6790,AND ALSO calling bad news “negativity” doesnt mean ure calling the victims themselves negativity. Bad news is objectively distressing by nature. Theres a difference between removing people’s suffering from your life and limiting your exposure to distressing news because its affecting your mental health.,2 hours ago,,,,0
https://www.youtube.com/watch?v=r1DSH9AQXLU,UgypZqRwrRBYpRi2P7t4AaABAg.AaiFyXrENUcAaiGGtAYpe2,Youtube,@sssssss6449,"Padahal dia sangat mampu untuk menyuarakan suara rakyat, malah disuruh mindfulness rakyatnya 🤣. Coba dah si Maudy terapin mindfulness di lingkungan yang mau bernafas saja sulit.",3 hours ago,,,,0
https://www.youtube.com/watch?v=r1DSH9AQXLU,UgwyXiJGeESRzDS9_8p4AaABAg,Youtube,@Carameluv,berpendidikan tapi mulutnya kek ga berpendidikan.. cuma dicover lulusan Stanford doang😊,3 hours ago,,,,0
https://www.youtube.com/watch?v=r1DSH9AQXLU,UgyKFBN6MSq8txQWFKB4AaABAg,Youtube,@bayuputra4939,"""If you live with apes, man, it's hard to be clean.""


-Marilyn Manson",3 hours ago (edited),,,,0
https://www.youtube.com/watch?v=r1DSH9AQXLU,UgygCQVTdO6d4bDHdup4AaABAg,Youtube,@anp5505,"Dengan bahasa campur einggreis, jelas ini target marketnya bukan orang indo apalagi akar rumput yang boro2 ngerti arti mindfullness. so, you are not really care sih",3 hours ago,,,,0
https://www.youtube.com/watch?v=r1DSH9AQXLU,UgwlMiIM69imBpkQd3R4AaABAg,Youtube,@DavidGnl,Gampang buat mindfulness & stoic klo lu bangun tidur di ruangan ac & sarapan enak. Mantep juga cara runtutan berpikir org yg kuliahnya dibiayai negara ini. Touch some grass please,3 hours ago,,,,0
https://www.youtube.com/watch?v=r1DSH9AQXLU,Ugz0hHC2KkKCyraIpzl4AaABAg,Youtube,@Carameluv,merasa terganggu dgn berita kesulitan warga indonesia sambil menyiapkan sarapan mewah di rumah mewah😅😅,3 hours ago,,,,0
https://www.youtube.com/watch?v=r1DSH9AQXLU,UgyxDU9fUxDT3RpVpjx4AaABAg,Youtube,@hifromamsterdam1266,duit sekolah s2 lu noh dari uang rakyat yang living in the age of bad REALITY. heran jadi orang kaya dan punya influence ko ga berani speak up buruknya pemerintah memperlakukan orang yg sumbangan duit buat lu sekolah miliaran rupiah ga ada hasil. klarifikasi panjang lebar juga intinya tetap sama aja lu tone deaf,3 hours ago,,,,0
https://www.youtube.com/watch?v=r1DSH9AQXLU,UgzBZbbpe8SVrOhYIld4AaABAg,Youtube,@unreal0310,❤,3 hours ago,,,,0
https://www.youtube.com/watch?v=r1DSH9AQXLU,UgzVtCupw9HDGyZUKfV4AaABAg,Youtube,@Kudaterbang0111,"Mindset kaya lu begini nih yg perlu dihindarin. Saran gw mah minimal napak tanah, coba dateng ngerasain rasanya penderitaan mereka. Gw yakin pas lu udh ngerasain, lu akan merasa pemikiran lu sekarang yg di vidio ini adalah bodoh bgt😂",3 hours ago,,,,0
https://www.youtube.com/watch?v=r1DSH9AQXLU,Ugypjsq7PqSyt-bFLbZ4AaABAg,Youtube,@TahfidzPuteri,"Kak, kapan2 bahas buku tentang empati ya",3 hours ago,,,,0
https://www.youtube.com/watch?v=r1DSH9AQXLU,UgwwokC76Jb3NyEIg5R4AaABAg,Youtube,@mutiarabactiar6060,katanya pinter ya tp blunder,3 hours ago,,,,0
https://www.youtube.com/watch?v=r1DSH9AQXLU,UgyISVLvjgEDcQHiJ_x4AaABAg,Youtube,@yayayagogo,"Padahal produk skincare mu ngambil dari 1 satu kekayaan alam papua yaitu buah merah. 
Tpi tetap tone deaf ya",3 hours ago,,,,0
https://www.youtube.com/watch?v=r1DSH9AQXLU,Ugz771vFjGHcWCQocZl4AaABAg,Youtube,@josepmelki3975,"Brother & sisters 

Mr. Jackson said “ THEY DONT REALLY CARE ABOUT US “",3 hours ago (edited),,,,0
https://www.youtube.com/watch?v=r1DSH9AQXLU,UgwlqYclpIrI2Rije7h4AaABAg,Youtube,@thyranosaurusss,"People are dying, and you can say it a ""bad news""?. Ternyata cobaan wni ga cuma dipemerintahnya aja, influencernya juga heartless",3 hours ago,,,,0
https://www.youtube.com/watch?v=r1DSH9AQXLU,UgyTRTVYEZvpWkz0Dvp4AaABAg,Youtube,@winterputri81,kocak ya... bagi dia bad news.. sayang sekali bagi kami itu realita 😂miris banget... let's cancel culture ☺️,3 hours ago,,,,0
https://www.youtube.com/watch?v=r1DSH9AQXLU,Ugxr148sb_x2t_RSnVp4AaABAg,Youtube,@ekowardhani9671,"girl??? touch some grass duuh. how can we IGNORE those your so called 'bad news' when that's exactly our (not including you, ofc) reality. and it's not only limited to natural disaster, but our economic problems, etc. that most likely burning our (once again, not you) skin. we already live in a hell. and when that's happening to us, how can we filtered those news??? ewwwww. what a toxic positivity.",3 hours ago,,,,0
https://www.youtube.com/watch?v=r1DSH9AQXLU,UgzJ_26l4QS2WSL7Nj94AaABAg,Youtube,@asepencang1040,yaaa,3 hours ago,,,,0
https://www.youtube.com/watch?v=r1DSH9AQXLU,Ugz1kaLF-qoHMzpAwy14AaABAg,Youtube,@asepencang1040,"Orang tidak akan pernah mengerti sebelum merasakan penderitaan yg sama...

-Akatsuki pain",3 hours ago,,,,0
https://www.youtube.com/watch?v=r1DSH9AQXLU,Ugw01aXPyMrOtX0LD7N4AaABAg,Youtube,@thyranosaurusss,"Sekolah setinggi mungkin, dan hasilnya cuma bisa memberikan pernyataan nirempati. Mending gausa sekolah dari awal, mba. Heran gue, mana jiwa kemanusiaanlu?",3 hours ago,,,,0
https://www.youtube.com/watch?v=r1DSH9AQXLU,Ugy2fHr6jfzOPSJULsd4AaABAg,Youtube,@cottagesim,"Ew, I knew not to like this person since a very long time ago. Entitlement up through the roof.",3 hours ago,,,,0
https://www.youtube.com/watch?v=r1DSH9AQXLU,Ugy-pzjZJH2sq5lmTVd4AaABAg,Youtube,@Yozaruuu,tone deaf final boss🎉,4 hours ago,,,,0
https://www.youtube.com/watch?v=r1DSH9AQXLU,UgwqjFGqZoEtd9QCKUV4AaABAg.AagOPL4Xf5qAahK9LWjL5Z,Youtube,@Xdsunx13,"Aint reading all that shitt
Free Palestine.",12 hours ago,,,,0
https://www.youtube.com/watch?v=r1DSH9AQXLU,UgwqjFGqZoEtd9QCKUV4AaABAg.AagOPL4Xf5qAahKj_hfb3F,Youtube,@muranaamalia,"aneh kamu ini maudy, apakah kamu hidup dan besar di Kalimantan? kamu tidak merasakan kesengsaraan mereka dan kmu bilang seperti itu? sangat amat nir empati, tidak seperti orang yang berpendidikan, kamu egois dan hanya memikirkan dirimu sendiri, seharusnya kamu bikin content yang isinya kepedulian kmu kepada masyarakat yang terdampak. 

report akun ini guys.",12 hours ago,,,,0
https://www.youtube.com/watch?v=r1DSH9AQXLU,UgwqjFGqZoEtd9QCKUV4AaABAg.AagOPL4Xf5qAahLaBQH4aI,Youtube,@rimiciouioui,of course it's about YOU... suddenly everything is about YOUR struggle again 🤣,12 hours ago,,,,0
https://www.youtube.com/watch?v=r1DSH9AQXLU,UgwqjFGqZoEtd9QCKUV4AaABAg.AagOPL4Xf5qAahMP_nxr-U,Youtube,@NavryRohman,Cacat logika.,12 hours ago,,,,0
https://www.youtube.com/watch?v=r1DSH9AQXLU,UgwqjFGqZoEtd9QCKUV4AaABAg.AagOPL4Xf5qAahNIgtDybr,Youtube,@OmSooGeng420,"banyak bacot, take down aja videonya",12 hours ago,,,,0
https://www.youtube.com/watch?v=r1DSH9AQXLU,UgwqjFGqZoEtd9QCKUV4AaABAg.AagOPL4Xf5qAahOA02A48Z,Youtube,@trimurtini38,kaku banget tangan Lo ya ngetik kata maaf ....gue kasih tau ya kondisi oksigen di Kalimantan udah masuk kategori beracun dan elo masih tone dead final,11 hours ago,,,,0
https://www.youtube.com/watch?v=r1DSH9AQXLU,UgwqjFGqZoEtd9QCKUV4AaABAg.AagOPL4Xf5qAahOAQ494u6,Youtube,@agnigiani4025,kepanjangan Mod... intinya dipikir dulu lah...,11 hours ago,,,,0
https://www.youtube.com/watch?v=r1DSH9AQXLU,UgwqjFGqZoEtd9QCKUV4AaABAg.AagOPL4Xf5qAahOXg2SEu-,Youtube,@JT-xi9wg,Dia ini dari dulu memang sudah tone deaf dan pick me. Thanks for showing your fans who you really are. Kita yg bukan fans lo ma udah liat dari dulu. Mampuslah welcome to your downfall era,11 hours ago,,,,0
https://www.youtube.com/watch?v=r1DSH9AQXLU,UgwqjFGqZoEtd9QCKUV4AaABAg.AagOPL4Xf5qAahOv6vsQwJ,Youtube,@nevaehrinjani2599,"Akhirnya setelah pencitraan dia selama ini, aslinya ternyata bangsat juga ni orang, dia bodo amat dimana negara dia cari makan dan berak, dia cuma mau uang kalian untuk kepentingan dirinya, ngomong bahasa Inggris biar keliatan keren! 😂",11 hours ago,,,,0
https://www.youtube.com/watch?v=r1DSH9AQXLU,UgwqjFGqZoEtd9QCKUV4AaABAg.AagOPL4Xf5qAahPEaf9PBn,Youtube,@fitrianuraeni5678,Hadir??  dimana kalo boleh tau?,11 hours ago,,,,0
https://www.youtube.com/watch?v=r1DSH9AQXLU,UgxQzsSnyLCPH1EqlKN4AaABAg,Youtube,@MrEdisipremium,"sebenernya konsep mindfulness nya bagus...tp karena ada konteks ""in the age of bad news"".....jadinya ya makin liar pikiran orang...kurang bijak sih......",4 hours ago,,,,0
https://www.youtube.com/watch?v=r1DSH9AQXLU,Ugw5CYbZbNUL8V0ERs94AaABAg,Youtube,@GaluhTikaPratiwi,TONE DEAF BGT,4 hours ago,,,,0
https://www.youtube.com/watch?v=r1DSH9AQXLU,UgweOf-Dw_UH1Lu6UIJ4AaABAg,Youtube,@ferdikurniawan9873,"(Pain) :"" manusia tidak akan pernah bisa saling memahami jika mereka tidak merasakan penderitaan yang sama""",4 hours ago,,,,0
https://www.youtube.com/watch?v=r1DSH9AQXLU,UgzZu00ZBrTg6IVClSd4AaABAg,Youtube,@rolandnug1074,sinilah tinggal di ponti 1 bulan aja 😅,4 hours ago,,,,0
https://www.youtube.com/watch?v=r1DSH9AQXLU,Ugx6e8zUFNlIZbDiLcp4AaABAg,Youtube,@bloopers13,What's the point of the video? Yeahh comedy😂😂😂 and the comments section it's truly reality😢. But Maudy blunder and get Punishment😂😂😂,4 hours ago,,,,0
https://www.youtube.com/watch?v=r1DSH9AQXLU,UgyNbY1kerWBhfkBksV4AaABAg,Youtube,@vzeros97-j6y,"kak penah mikir gak, kamu yang denger bad news aja stres apalagi yang ngalamin langsung",4 hours ago,,,,0
https://www.youtube.com/watch?v=r1DSH9AQXLU,Ugxoi-52EOG0aT6iQrZ4AaABAg,Youtube,@zhongchnelechnele,empati lu kemane di modi wkwkwkwkw,4 hours ago,,,,0
https://www.youtube.com/watch?v=r1DSH9AQXLU,UgwWhOuf87bjZOcgzaN4AaABAg,Youtube,@kyririi,"org kaya tp terima lpdp terus skrg ngmg gini? nirempati jir, my respect towards you went straight to 0.

hope you’ll be in our position to understand what r u saying is bull in this situation",4 hours ago,,,,0
https://www.youtube.com/watch?v=r1DSH9AQXLU,UgydKCCoVDn5Mzmwym94AaABAg,Youtube,@w_n_rulandari,Yeu kocak.,4 hours ago,,,,0
https://www.youtube.com/watch?v=r1DSH9AQXLU,UgwNoGmvsVifaSWEFpF4AaABAg,Youtube,@nurulizza7283,"Bagi orang have, cuma 'news', lah buat orang have not, ini semua kenyataan😂",4 hours ago,,,,0
https://www.youtube.com/watch?v=r1DSH9AQXLU,UgxdN0NoDfx9zJsRpyl4AaABAg,Youtube,@nadalusiana,with great power comes great responsibility,4 hours ago,,,,0
https://www.youtube.com/watch?v=r1DSH9AQXLU,UgzI-B6qSXnT2dsCBWt4AaABAg,Youtube,@AtwalYanuar,"Iyaa iyaa, kamu emg pinter, kamu emg punya privilege yang orang lain ga punya, jangan kayak presiden yang ga punya empati",4 hours ago,,,,0
https://www.youtube.com/watch?v=r1DSH9AQXLU,UgxyroxkLr3-0pMWufp4AaABAg,Youtube,@hellosyifsss,"kuliah make duit pajak rakyat, bikin brand skincare bahannya ngambil dari alam indonesia tapi kelakuan ga napak tanah. duh maudy well educated tapi gapunya emphaty ya percuma",4 hours ago,,,,0
https://www.youtube.com/watch?v=r1DSH9AQXLU,Ugyv4nHOMsad-WmwCBp4AaABAg,Youtube,@yellowpinky,Well educated tapi nol empati. Astaghfirullah😊,4 hours ago,,,,0
https://www.youtube.com/watch?v=r1DSH9AQXLU,UgyEGClLM1D2fPy2Q6B4AaABAg,Youtube,@viraavi,"Aku gk mau komen yg gmn2 maudy, tp drpd nyuruh2 orang mindfull lewat ytub gini kurang berasa deh kykny. coba kamu ngobrol langsung aja bgini didepan ortu anak2 yg kracunan MBG .atau sama org2 kalimantan yg asapnya tebel itu. Atau langsung ke hutannya ngobrol2 gtu nasehatin relawan tim manggala agni nya supaya ttp mindfull walau resiko kematian didepan mata. Atau di pom bensin deh sm org2 yang di bagian antrian pertalite itu. Oiya , makasih jg macam2 donasi yg km bagikan slama ini jg pasti bermanfaat bgt bagi penerima. Sama coba ssekali ke aceh nginep di camp pengungsian yg smp skrg msih byk trisolir spy bisa mindfullnes bareng2 sm warga .😊",4 hours ago,,,,0
https://www.youtube.com/watch?v=r1DSH9AQXLU,UgwiTXqjjJi7UYa9n2B4AaABAg,Youtube,@mutiarasibarani4340,Cacat berpikir juga ya. Harusnya yg dia kritisi akar penyebab smua kabar buruk ini. Kosong.,4 hours ago,,,,0
https://www.youtube.com/watch?v=r1DSH9AQXLU,Ugw_IBcrs4XwaoM-wPN4AaABAg,Youtube,@AnnaLuciana-n9v,Banyak bacot Lo kaya Prabowo.,4 hours ago,,,,0
https://www.youtube.com/watch?v=r1DSH9AQXLU,UgzaVh5xqB9nGi9GrDl4AaABAg,Youtube,@umik_safa,"Intinya kamu gak mau merusak mentalmu dengan berita buruk yang beredar, kamu mau cari pembenaran dengan berbagai prespektif juga tetep aja nir empati, karena hal buruk itu gak terjadi di diri kamu.. Dan banyak2 bersyukur lah.... Karena banyak bgt yg gak punya pilihan untuk menerima atau menolak keadaan karena sedang berjuang untuk bertahan hidup di bencana yang sedang terjadi, salam dari survival kalimantan Barat.. Yang berusaha hidup waras dengan keadaan yang sulit seperti ini..",4 hours ago,,,,0
https://www.youtube.com/watch?v=r1DSH9AQXLU,Ugwj14HDb-b6qYfAD3N4AaABAg,Youtube,@dinnymukti2389,Kok semakin lama makin nyebelin ya,4 hours ago,,,,0
https://www.youtube.com/watch?v=r1DSH9AQXLU,Ugx5z37uhWMEnfZFHrB4AaABAg,Youtube,@handarugemes,"""Aku yang cuma baca beritanya aja lama-lama overwhelmed ya, apalagi teman-teman yang living with it.""

That would be better to be honest.",4 hours ago,,,,0
https://www.youtube.com/watch?v=r1DSH9AQXLU,UgwqjFGqZoEtd9QCKUV4AaABAg.AagOPL4Xf5qAahQGCvoG0n,Youtube,@Moemsycreative-t4v,Hmmm... That is a sappy half arsed apology at best isn't love?,11 hours ago,,,,0
https://www.youtube.com/watch?v=r1DSH9AQXLU,UgwqjFGqZoEtd9QCKUV4AaABAg.AagOPL4Xf5qAahQcep1vP3,Youtube,@ekasunn7504,"Susah banget ya ketik kata ""MAAF"". 
Ternyata memang sipaling gak mau salah
Bye FTI. Gua blacklist produk lu",11 hours ago,,,,0
https://www.youtube.com/watch?v=r1DSH9AQXLU,UgwqjFGqZoEtd9QCKUV4AaABAg.AagOPL4Xf5qAahQuYxfqEO,Youtube,@mimoyo1234,Di keknya kebelet ngonten jadi adsen 🎉 jadi terlihat ter struktur sekali pemikiran kapitalisme ya 😂,11 hours ago,,,,0
https://www.youtube.com/watch?v=r1DSH9AQXLU,UgwqjFGqZoEtd9QCKUV4AaABAg.AagOPL4Xf5qAahR4suWb2D,Youtube,@reliiiven,Lulusan Stanford dan Oxford btw 😢,11 hours ago,,,,0
https://www.youtube.com/watch?v=r1DSH9AQXLU,UgwqjFGqZoEtd9QCKUV4AaABAg.AagOPL4Xf5qAahRb3gJBLg,Youtube,@ArzetaJaniZahira,halah nyocot,11 hours ago,,,,0
https://www.youtube.com/watch?v=r1DSH9AQXLU,UgwqjFGqZoEtd9QCKUV4AaABAg.AagOPL4Xf5qAahSWlVcLTg,Youtube,@NoelaGabriella,"Tidur aja tidur, besok kasih kata-kata lagi😂",11 hours ago,,,,0
https://www.youtube.com/watch?v=r1DSH9AQXLU,UgwqjFGqZoEtd9QCKUV4AaABAg.AagOPL4Xf5qAahSe9Diuwe,Youtube,@NoelaGabriella,"Banyak alesan mod, kamu emang tone deaf aja😂dibanding sama temen-temen mu yang lain seperti enzy, reza, ferdi, kamu ini tone deaf wkwk",11 hours ago,,,,0
https://www.youtube.com/watch?v=r1DSH9AQXLU,UgwqjFGqZoEtd9QCKUV4AaABAg.AagOPL4Xf5qAahT5w-3Frs,Youtube,@andigamingchannel-j2l,"bener kta orang ,org pinter keblenger 🤣 makin pinter malah makin stress ditambah lebih parah ga punya empati",11 hours ago,,,,0
https://www.youtube.com/watch?v=r1DSH9AQXLU,UgwqjFGqZoEtd9QCKUV4AaABAg.AagOPL4Xf5qAahTeWgA8vp,Youtube,@nicholastambunan,"Padahal S2 pake duit rakyat tapi speak up buat rakyat ga mau. Oh iya ga mau, wong lakinya butuh pemerintah buat mulusin urusan bisnis lakinya.",11 hours ago,,,,0
https://www.youtube.com/watch?v=r1DSH9AQXLU,UgwqjFGqZoEtd9QCKUV4AaABAg.AagOPL4Xf5qAahTjy2luBN,Youtube,@fafafafear1177,produk u gua gbakal beli. gua jg bakal kasi tau org2 sekitar gua g bakal beli produk u. makany ya gua g pernah suka sm influencer ya krn kea gini. tengil u tau g.,11 hours ago,,,,0
https://www.youtube.com/watch?v=r1DSH9AQXLU,UgxMZnwZwvcjH6rrLfR4AaABAg,Youtube,@chrisnandapramudita2407,"Kalo ditanya kita juga capek tiap hari disuguhi berita jelek, bedanya kita ga punya pilihan selain ikut bersuara krn hidup kita sgt terdampak kebijakan2. Maudy hidupnya nyaman, mau dimasukin desil 100, BBM subsidi dicabut pun santuy. 
Oiya jangan lupa orang HAVE ini kuliah di luar negerinya pernah pake duit kita 😅",4 hours ago,,,,0
https://www.youtube.com/watch?v=r1DSH9AQXLU,Ugwhez4qE_zHqBSdUr94AaABAg,Youtube,@imamfaizal6199,vibenya let them eat cake banget,4 hours ago,,,,0
https://www.youtube.com/watch?v=r1DSH9AQXLU,Ugy6xw0q5dZ4cxfMtc14AaABAg,Youtube,@maharanimurni5146,Take down mauuu 😭,4 hours ago,,,,0
https://www.youtube.com/watch?v=r1DSH9AQXLU,UgxFLoUuk8NbJ4xOyvd4AaABAg,Youtube,@jojos6603,"Satu hal yang tidak atau kurang kamu pelajari dari histori sekolah tinggi dan ""berkelas"" mu adalah empati kak, and i feel sorry for you",4 hours ago (edited),,,,0
https://www.youtube.com/watch?v=r1DSH9AQXLU,Ugxr_-UT_T9yzRxXv2h4AaABAg,Youtube,@terrygermanotta,TONE DEAF FINAL BOSS 😂😂🎉🎉🎉🎉,4 hours ago,,,,0
https://www.youtube.com/watch?v=r1DSH9AQXLU,Ugyy_idsVK3N3yCuYJR4AaABAg,Youtube,@Cherrypink-y3t,"Knp aku sebel bgt liat ekspresinya 😢, kita ga cuma ngeliat bad news ka maudy, kita betul merasakan bad news itu. Salam dari pengantri BBM yg antriannya bisa berjam-jam, btw ka maudy blm pernah ngantri BBM sepanjang itu kan?",4 hours ago,,,,0
https://www.youtube.com/watch?v=r1DSH9AQXLU,UgxoKugNy0ii03oF0iF4AaABAg,Youtube,@siskawidianingrum7093,Ga ngerti basa enggreesss 🙃,4 hours ago,,,,0
https://www.youtube.com/watch?v=r1DSH9AQXLU,UgwJniu7ZM6_Zuq8sgR4AaABAg,Youtube,@machfudalfiansyah8841,"Takedownlah videonya
Lu harusnya bisa lebih baik sebagai publik figur",4 hours ago,,,,0
https://www.youtube.com/watch?v=r1DSH9AQXLU,UgzLjaY-2NuxN2QRDbp4AaABAg,Youtube,@alfa9492,Mending lu diem,4 hours ago,,,,0
https://www.youtube.com/watch?v=r1DSH9AQXLU,Ugy2-soXYFhw0xFYMp14AaABAg,Youtube,@vzeros97-j6y,lulusan luar negri tapi gak punya empati. hahahaha,4 hours ago,,,,0
https://www.youtube.com/watch?v=r1DSH9AQXLU,UgwZeuayb-3HGIrMLud4AaABAg,Youtube,@WhimsyMarble,🤮🤮🤮🤮🤮,4 hours ago,,,,0
https://www.youtube.com/watch?v=r1DSH9AQXLU,UgyAJIz8f4XFaXXGtUx4AaABAg,Youtube,@henryschannel12,Do somethin dude!!!!!,4 hours ago,,,,0
https://www.youtube.com/watch?v=r1DSH9AQXLU,Ugxe69JFlg3Iu6yFl6R4AaABAg,Youtube,@dedew3730,tone deaf bullshit,4 hours ago,,,,0
https://www.youtube.com/watch?v=r1DSH9AQXLU,UgyyoL0VB8n3NaHHMv54AaABAg,Youtube,@amaliahusna5615,udah sama kayak prabowo ubah 700 perak per kg jadi 700rb per kg,4 hours ago,,,,0
https://www.youtube.com/watch?v=r1DSH9AQXLU,UgwWSt5LFzbX9qPNJuF4AaABAg,Youtube,@GenZdiTitikNol,The reallll QUEN OF TONE DEAF,4 hours ago,,,,0
https://www.youtube.com/watch?v=r1DSH9AQXLU,Ugy8hM4RZQkrANZLd4B4AaABAg,Youtube,@hannanabila3437,Aduh Maudy. Aduh 🥲 wtf did you do to yourself.,4 hours ago,,,,0
https://www.youtube.com/watch?v=r1DSH9AQXLU,UgwtCkw8-8H7boo-UCR4AaABAg,Youtube,@rabbitfive9975,Orkay tidur besok kasih motivasi lagi,4 hours ago,,,,0
https://www.youtube.com/watch?v=r1DSH9AQXLU,UgwZA-60SlMk4ZpiLAR4AaABAg,Youtube,@MissC2327,Cancel Culture itu bahasa lain dari IRI DENGKI,4 hours ago,,,,0
https://www.youtube.com/watch?v=r1DSH9AQXLU,UgxAULxYK21AC9t1qp54AaABAg,Youtube,@vzeros97-j6y,"hapus kak, malu lulusan luar negri bukannya bantu speak up malah nyuruh tutup mata",4 hours ago,,,,0
https://www.youtube.com/watch?v=r1DSH9AQXLU,UgzSMGbAyHRJKnf_ZoV4AaABAg,Youtube,@ivan22fauzii14,Wah bener ini gendeng sii,4 hours ago,,,,0
https://www.youtube.com/watch?v=r1DSH9AQXLU,UgwqjFGqZoEtd9QCKUV4AaABAg.AagOPL4Xf5qAahUl3vrP2-,Youtube,@lilyeths,aw klarifikasi karena km takut di cancel yah kk,10 hours ago,,,,0
https://www.youtube.com/watch?v=r1DSH9AQXLU,UgwqjFGqZoEtd9QCKUV4AaABAg.AagOPL4Xf5qAahUlNO6wGp,Youtube,@user-zg9cb4eb8s,"Sudahlah maudy, hidup saja di dalam bubblemu yg nyaman itu. Kamu klarifikasi karna takut di cancel, bukan peduli dengan keadaan kita. Ga perlu kamu ajarkan perkara mindfullness untuk orang yg sehari hari harus survive apalagi di era sekarang.

Makan saja makananmu yg enak itu, hirup udaramu yg segar tanpa asap itu, berbelanjalah tanpa khawatir soal uang untuk hari esok. So called bad news for you is living hell for us.

Fokus jadi penyanyi aja gih.",10 hours ago,,,,0
https://www.youtube.com/watch?v=r1DSH9AQXLU,UgwqjFGqZoEtd9QCKUV4AaABAg.AagOPL4Xf5qAahVWRudl4J,Youtube,@nufailnufail9869,translatenya : jangan cancel aku plis,10 hours ago,,,,0
https://www.youtube.com/watch?v=r1DSH9AQXLU,UgwqjFGqZoEtd9QCKUV4AaABAg.AagOPL4Xf5qAahWsvUPFmp,Youtube,@vefatimah9702,NIREMPATI,10 hours ago,,,,0
https://www.youtube.com/watch?v=r1DSH9AQXLU,UgwqjFGqZoEtd9QCKUV4AaABAg.AagOPL4Xf5qAahY13cw4-t,Youtube,@andiriswanmohamad17,i ain't reading all that,10 hours ago,,,,0
https://www.youtube.com/watch?v=r1DSH9AQXLU,UgwqjFGqZoEtd9QCKUV4AaABAg.AagOPL4Xf5qAahYUDdZm0L,Youtube,@fadeelmailbox9135,"TONE DEAF final boss. Orang kaya lpdp 2 kali, WOW",10 hours ago,,,,0
https://www.youtube.com/watch?v=r1DSH9AQXLU,UgwqjFGqZoEtd9QCKUV4AaABAg.AagOPL4Xf5qAahYydXOHVM,Youtube,@afzondakka2162,"Terima kasih atas, maaf ini sebutannya apa ya?

klarifikasi atau apapun entahlah...

idenya, tetaplah mengizinkan banyak orang untuk kecewa kepada Anda 
@maudyayunda , bahkan tidak mempercayai Anda...

Secara pribadi yang saya sedih, adalah, Anda @maudyayunda
 belajar pedagogik, tapi mungkin akan menerapkannya bukan untuk ""kebaikan semesta seperti yang banyak masyarakat kita harapkan""

Tentu, ini adalah pilihan...karena ada pengorbanan biaya, waktu bahkan juga perasaan yang dirasakan 
seorang @maudyayunda  pada saat mengejar mimpinya, karena itu, pada saat ia sudah mencapai mimpinya, boleh dan ia berhak menggunakannya untuk kepentingan dirinya, apapun itu, benar atau salah. 

Pada akhirnya, mari jadikan ini sebagai pembelajaran bagi kita semua.

Privileged lahir, besar dari keluarga yang mapan, berpendidikan tinggi, layak untuk disyukuri bersama semesta, tapi jika ingin menikmatinya secara private, maka, please, janganlah mengupayakan diri Anda menjadi seorang publik figur.

Wallahu A'lam Bish Showwab

Innaa liLLAHI wa innaa ilaiHI rooji'uun

(tulisan ini juga saya tuliskan di akun twitter saya, karena saya lihat @maudyayunda tidak aktif di Twitter, saya coba share kegalauan saya di YT ini, AlhamduLILLAH sudah menonton maudysthought nya, terima kasih)",10 hours ago,,,,0
https://www.youtube.com/watch?v=r1DSH9AQXLU,UgwqjFGqZoEtd9QCKUV4AaABAg.AagOPL4Xf5qAahZipZ14Ms,Youtube,@mastermmiind,"for u, emg cuma bad news ya mod semua ini? pdhl buat kami aja udah kiamat sugra :)",10 hours ago,,,,0
https://www.youtube.com/watch?v=r1DSH9AQXLU,UgwqjFGqZoEtd9QCKUV4AaABAg.AagOPL4Xf5qAah_d_XGZHU,Youtube,@MHusin-yv9kp,"Harusnya setelah kakak mindfulness sebelum upload video itu dipikirkan matang2 lagi, karena menyakiti hati masyarakat Indonesia yang merasakan secara nyata bagaimana bad news yang kakak bilang tadi",10 hours ago,,,,0
https://www.youtube.com/watch?v=r1DSH9AQXLU,UgwqjFGqZoEtd9QCKUV4AaABAg.AagOPL4Xf5qAahbWma24OA,Youtube,@SekarlangitUmastuti,RUBBISH 😂 YOU ONLY ADMIT IT YOU GOT CAUGHT 😂,9 hours ago,,,,0
https://www.youtube.com/watch?v=r1DSH9AQXLU,UgylX0br_PwO4rHyxEZ4AaABAg,Youtube,@evilusiany56,"Coba donk Maudy bikin kritik kepada pemerintah yg dzalim itu! Nggak usah ngajarin orang yg lagi struggle sama hidupnya mindfullness deh, orang kamu ga ngerasain hidup mereka. Nggak berani kah bikin kritik ke pemerintah?",4 hours ago,,,,0
https://www.youtube.com/watch?v=r1DSH9AQXLU,UgzFqY3t6Zp2qLbvwxh4AaABAg,Youtube,@tiaracantik859,inimah stress namanya,4 hours ago,,,,0
https://www.youtube.com/watch?v=r1DSH9AQXLU,UgwY9pmAzmsKeKXReYd4AaABAg,Youtube,@ZTR117,Stupidity has no limit.,4 hours ago,,,,0
https://www.youtube.com/watch?v=r1DSH9AQXLU,Ugxy64T-dHLn6OZ4hnN4AaABAg,Youtube,@aprilrani3026,HALAH BACOTTTT,4 hours ago,,,,0
https://www.youtube.com/watch?v=r1DSH9AQXLU,UgxPTFFVtYb-TEdvLSV4AaABAg,Youtube,@imjustkiddingyoucalmdown1063,1 juta sub.. Siapa yg sub dia ? Kalau isinya begini?,4 hours ago,,,,0
https://www.youtube.com/watch?v=r1DSH9AQXLU,UgyDlWRwut3uaZ2R--p4AaABAg,Youtube,@ASIYAMUMTAZ-r1o,"Kelihatan banget ni org gatau apa-apa, ngomong teori aja panjang kali lebar, main sini ke kalteng kemaren kita tidur ampe kesedak lo, asap bukan lg masuk rumah tp masuk kelambu",4 hours ago (edited),,,,0
https://www.youtube.com/watch?v=r1DSH9AQXLU,UgzuttK6EDWyegf-ztt4AaABAg,Youtube,@kyugyu3281,"kamu LPDP….dan itu uang rakyat,jadi berEMPATI untuk rakyat WAJIB",4 hours ago,,,,0
https://www.youtube.com/watch?v=r1DSH9AQXLU,UgxOMrBks7Mw4Uy90ZJ4AaABAg,Youtube,@jajikibo6969,"Orang terlahir kaya, dan gak napak tanah...",4 hours ago,,,,0
https://www.youtube.com/watch?v=r1DSH9AQXLU,UgwpMblbSaGKskHfti14AaABAg,Youtube,@angelachristina5436,"I see why you made this vlog. Karna hidup kamu enak, nyaman, berkecukupan, makanya kamu bisa memotivasi orang2 yang juga terdampak karhutla, keracunan MBG, BBM mahal, and bahan pokok naik. Saya rasa daripada memotivasi kaya gini mending diem aja karna kayanya kamu ga peduli sama apa yang kami rasakan sekarang 😢",4 hours ago,,,,0
https://www.youtube.com/watch?v=r1DSH9AQXLU,UgyevRhBs9EgBSz1dEN4AaABAg,Youtube,@decembershanuma7789,Bantu lah jangan cuma di liat dan di denger sampe owwhhverwhellmmnntt,4 hours ago,,,,0
https://www.youtube.com/watch?v=r1DSH9AQXLU,Ugz2njNoPW0XbH0NOWV4AaABAg,Youtube,@FriaAnugerah,are u fucking kidding me right now? smh,4 hours ago,,,,0
https://www.youtube.com/watch?v=r1DSH9AQXLU,UgyyGtHH7kgF75ng9QZ4AaABAg,Youtube,@kylieranz2426,Pentingnya membesarkan anak biar ga cuma pinter tapi juga punya EMPATI,4 hours ago,,,,0
https://www.youtube.com/watch?v=r1DSH9AQXLU,Ugww-tQp5dJiuBKHj0p4AaABAg,Youtube,@mailsuiwai9374,"Kalau mau tone deaf, lo aja sendiri, kagak usah ngajak yang lain “mindfulness” eek. Yang ada “denial to the fullest”: sarapan enak, minum/mandi airnya bersih, gak pusing ngantri BBM, enak congor ngomong klo gak terdampak mah.",4 hours ago,,,,0
https://www.youtube.com/watch?v=r1DSH9AQXLU,UgxJGA5GDjP1HmKDfnJ4AaABAg,Youtube,@NabillaEkaFebrianti,Udah kak hapus aja videomu yang ini. Membuat huru hara saja.,4 hours ago,,,,0
https://www.youtube.com/watch?v=r1DSH9AQXLU,Ugy_URpNEZdG9WINS9J4AaABAg,Youtube,@nuriiqr,"oke gw tonton dulu videonya tanpa baca komen, biar bener bener bisa liat seisi videonya dg objektif.",4 hours ago,,,,0
https://www.youtube.com/watch?v=r1DSH9AQXLU,UgwUc5yTKXFAJ-cmxM14AaABAg,Youtube,@revanggimarendra,Tone deaf,4 hours ago,,,,0
https://www.youtube.com/watch?v=r1DSH9AQXLU,UgyfrY7_r8Siex6QWw94AaABAg,Youtube,@deedee-h5t,"Wdym 10 persen bad news kyk bikin 90 persen good news ketutup ? Kebalik mod .. 90 persen itu justru yg buruk. Dan harapan nya ya org2 yg dibayarin sekolahnya sama negara BUKAN jadi bisa hidup lebih baik, apalagi naikin kelas kamu sbgai artis krn berpendidikan tinggi. NO NO .. ya !!  Uang2 rakyat yg kamu pake harus nya berbalaa budi baik ke masyarakat.  Kamu harus marah bisa gak  gunakan channel dan pendidikan tinggi kamu yg dibayarin itu buat maju ke istana marah2in itu presiden ! Uang yg kamu gunakan itu tujuan nya bukan biar bikin hidupmu makin sejahtera ! Tapi bikin kamu berguna buat masyarakat luas. Btw bukannya brand mu itu pake bahan dr papua ? Kok bisa cm 10% aja kabar buruk yg nyampe ke kamu ?",4 hours ago (edited),,,,0
https://www.youtube.com/watch?v=r1DSH9AQXLU,UgyyFDU6R8kL4lMHbqh4AaABAg,Youtube,@hasnanursalsabila4593,Nyadar ga sih bisnis kamu dari kekayaan alam di Indonesia dan kamu bisa belajar di kampus LN juga berkat PAJAK RAKYAT. So.. JANGAN TONE DEAF MAUDY…☺️ mending kamu ke Kahutla liat noh seberapa parah situasinya. Biar kamu ga bikin vidio kayak gini lagi :)),4 hours ago,,,,0
https://www.youtube.com/watch?v=r1DSH9AQXLU,UgzJpp8nIuz4T3O-npx4AaABAg,Youtube,@gfmkgfjifgfgfg-lm7cw,Bad news itu bencana nasional 😂,4 hours ago,,,,0
https://www.youtube.com/watch?v=r1DSH9AQXLU,UgxqLNz3flvcBbj-3XN4AaABAg,Youtube,@hwyharumi7570,shame on you..,4 hours ago,,,,0
https://www.youtube.com/watch?v=r1DSH9AQXLU,UgwqjFGqZoEtd9QCKUV4AaABAg.AagOPL4Xf5qAahbj_t2jMO,Youtube,@ChunkBear-k3h,Nirempatik final boss,9 hours ago,,,,0
https://www.youtube.com/watch?v=r1DSH9AQXLU,UgwqjFGqZoEtd9QCKUV4AaABAg.AagOPL4Xf5qAahbkfERjvr,Youtube,@Noiprocgohs,Bilang aja gamau di cancel wkwk,9 hours ago,,,,0
https://www.youtube.com/watch?v=r1DSH9AQXLU,UgwqjFGqZoEtd9QCKUV4AaABAg.AagOPL4Xf5qAahc6Lhaupx,Youtube,@rup0tato,"singkatnya ""jangan cancel aku pls""",9 hours ago,,,,0
https://www.youtube.com/watch?v=r1DSH9AQXLU,UgwqjFGqZoEtd9QCKUV4AaABAg.AagOPL4Xf5qAahcaRppBs7,Youtube,@mevsnetanyahu,Orang kaya tidur besok jadi motivator lagi.,9 hours ago,,,,0
https://www.youtube.com/watch?v=r1DSH9AQXLU,UgwqjFGqZoEtd9QCKUV4AaABAg.AagOPL4Xf5qAahd5nMCnzi,Youtube,@titaerwin7845,Tolong dong tambahin statement mu kata MAAF ATAU SORRY!! You're not even saying sorry. LOST RESPECT GW MAH SAMA ELU,9 hours ago (edited),,,,0
https://www.youtube.com/watch?v=r1DSH9AQXLU,UgwqjFGqZoEtd9QCKUV4AaABAg.AagOPL4Xf5qAahduLzUNoZ,Youtube,@indrinovi1286,INTINYA LU TONE DEAF FINAL BOSS,9 hours ago,,,,0
https://www.youtube.com/watch?v=r1DSH9AQXLU,UgwqjFGqZoEtd9QCKUV4AaABAg.AagOPL4Xf5qAahi1yHgFAL,Youtube,@hajeriilhami8784,T A I,8 hours ago,,,,0
https://www.youtube.com/watch?v=r1DSH9AQXLU,UgwqjFGqZoEtd9QCKUV4AaABAg.AagOPL4Xf5qAahipko3UVq,Youtube,@AkusayangIbu-o3m,"Panjang lebar ngetiknya, intinya apa?",8 hours ago,,,,0
https://www.youtube.com/watch?v=r1DSH9AQXLU,UgwqjFGqZoEtd9QCKUV4AaABAg.AagOPL4Xf5qAahmwcLL530,Youtube,@reckyrinaldi11,"Bomat, jdi terkesan Abu2 klise",8 hours ago,,,,0
https://www.youtube.com/watch?v=r1DSH9AQXLU,UgwqjFGqZoEtd9QCKUV4AaABAg.AagOPL4Xf5qAahnlLp6OIr,Youtube,@Anne-eq2td,performative ahh pos,8 hours ago,,,,0
https://www.youtube.com/watch?v=r1DSH9AQXLU,UgwqjFGqZoEtd9QCKUV4AaABAg.AagOPL4Xf5qAahqvnmvEA9,Youtube,@puspasari1439,"i think tempatnya dan kacamatanya aja ka yg salah, apalagi soal indonesia belakangan yang harusnya kita menempatkan diri sebagai satu rakyat indonesia yang merasakan hal yang sama, bukan dilihat dari kacamata orang luar yang melihat ini sebagai badnews. 

jadi yang orang suarakan adalah : ka maudy, ini bukan tentang badnews, ini bukan tentang set boundaries atas informasi. ini tentang kita sebagai rakyat indonesia yang menghadapi rintangan yang sama. 

kacamata orang2 yang menghadapi langsung bukan lagi tentang bagaimana cara mindful atau memilah apa yang kita pikirkan dan terima,
tapi bagaimana keluar dri situasi yang sedang dihadapi ka, 
situasi dimana gaada tombol pause, gaada kesempatan untuk set boundaries karna itu smua masuk kedalam hidup mereka jadi bagian dari hidup tanpa mereka bisa mencegah. well sebenernya harusnya ini bukan hanya tentang mereka. tapi tentang kita sebagai rakyat indonesia. 

mungkin yg mereka tuntut dri kaka adalah empati kaka untuk mereka bukan dilihat dri badnews, tp juga mereka wondering adakah kontribusi kaka meskipun sedikit tentang hal-hal yang terjadi, dan bukan cuma sekedar tau sebagai badnews. 

semoga membantu ka.",7 hours ago,,,,0
https://www.youtube.com/watch?v=r1DSH9AQXLU,UgwqjFGqZoEtd9QCKUV4AaABAg.AagOPL4Xf5qAahs9TG2I3E,Youtube,@choco-t6n,Asyu owg. Balikin duit beasiswa yg lu pake.,7 hours ago,,,,0
https://www.youtube.com/watch?v=r1DSH9AQXLU,UgwqjFGqZoEtd9QCKUV4AaABAg.AagOPL4Xf5qAahv7ODH0Df,Youtube,@zirinnori6597,"Aku nggak mau judge hanya dari apa yang aku baca di X dan lain-lain. So I watched the video in full, from beginning to end.

Menurutku, tips yang disampaikan Maudy itu sebenarnya valid, tapi mungkin memang lebih applicable untuk kalangan tertentu.

Idk bad news apa yang dimaksud secara spesifik, tapi kalau kita recap sedikit apa yang terjadi di negara ini dan yang kurang lebih kita semua alami: rupiah melemah, harga kebutuhan naik, belum lagi bencana alam maupun bencana yang disengaja yang sampai sekarang belum teratasi dengan baik.

Kenapa aku bilang tips Maudy mungkin lebih cocok untuk kalangan tertentu? Karena di sisi lain, ada orang-orang yang literally are struggling to survive. Mereka berusaha memenuhi kebutuhan keluarganya di tengah rupiah yang melemah dan harga barang yang terus naik.

Demi apa, harga naik Rp2.000–Rp5.000 aja buat sebagian orang tuh ngaruh banget. Belum lagi mereka yang hidup dengan ketakutan kena layoff, kehilangan pemasukan, atau nggak tahu apakah bulan depan masih bisa memenuhi kebutuhan sehari-hari.

Dan belum lagi orang-orang yang tinggal di wilayah yang terdampak bencana alam. They literally cannot close their eyes and ears from the bad news, because they are the ones experiencing it firsthand.

Jadi menurutku bukan soal tipsnya salah atau benar. I think the context matters. Privilege and circumstances juga menentukan apakah seseorang punya ruang untuk “disconnect” dari bad news atau nggak.",6 hours ago,,,,0
https://www.youtube.com/watch?v=r1DSH9AQXLU,UgwqjFGqZoEtd9QCKUV4AaABAg.AagOPL4Xf5qAahvA5JqaXc,Youtube,@faizalnurizal8304,"And what kind of support and visibility you said in this video exactly? Nothing right. You said that once you’re being called upon. Pathetic 

This more like sorry i’m not sorry.",6 hours ago,,,,0
https://www.youtube.com/watch?v=r1DSH9AQXLU,UgwqjFGqZoEtd9QCKUV4AaABAg.AagOPL4Xf5qAahwObpG6Q2,Youtube,@haleyamethyst,TAPIR CAPER,6 hours ago,,,,0
https://www.youtube.com/watch?v=r1DSH9AQXLU,UgwqjFGqZoEtd9QCKUV4AaABAg.AagOPL4Xf5qAahwqzEJH29,Youtube,@BangkitBogaWiwaha,"Meh, what a waste of brain and heart.",6 hours ago,,,,0
https://www.youtube.com/watch?v=r1DSH9AQXLU,UgwqjFGqZoEtd9QCKUV4AaABAg.AagOPL4Xf5qAahxFcKPsP0,Youtube,@AjiPalembang-v7q3k,ORANG KAYA MAH BEBAS MAU NGMG APA AJA ...KALO GUA JADI MAUDY MINTA MAAF DAN TAKE DOWN VIDEONYA 😊,6 hours ago,,,,0
https://www.youtube.com/watch?v=r1DSH9AQXLU,UgwqjFGqZoEtd9QCKUV4AaABAg.AagOPL4Xf5qAahxrwjlrRk,Youtube,@petiteartiste03,"Produk kaka ada yg ingredient nya di-harvest di borneo tp ngomongin mindfulness, keep it to yourself ka, lbh baik lg ni video di takedown trs bikin yg emg sharing awareness biar tanamannya produk kk ga punah atau dieksploitasi. Kaka beasiswa LPDP pake pajak rakyat tp malah bahasnya mindfulness di kamar AC yg bersih dan perut yang kenyang. DONT RAGEBAIT US BRUUH. ""Educate yourself"" udh ga mempan lg di kaka, ADAB>ILMU, EMPATI>ILMU. Clarify through video atau apa lah ka daripada komen, gasopan, gatau diri, & ga beradab yaa!!!! ""I'm listening & learning🙏""  tp gak remorseful or sorry kayaknya yaa🥰🥰",6 hours ago (edited),,,,0
https://www.youtube.com/watch?v=r1DSH9AQXLU,UgwqjFGqZoEtd9QCKUV4AaABAg.AagOPL4Xf5qAahyiFxVAL8,Youtube,@Yoritanjung,Trus kemaren main film perasuk itu ga diresapi kah kak? Ga usah ambil job film yang dekat ama mayarakat bawah lah kalo masih tone deaf🙏,6 hours ago,,,,0
https://www.youtube.com/watch?v=r1DSH9AQXLU,UgwqjFGqZoEtd9QCKUV4AaABAg.AagOPL4Xf5qAahz_lhdlir,Youtube,@ferdifauzan,"Keep levitating, Maudy. Bye bye you get cancelled by so many people now.",6 hours ago,,,,0
https://www.youtube.com/watch?v=r1DSH9AQXLU,Ugx_ox5G_M6lKJvs8YF4AaABAg,Youtube,@holmessapprentice,idih,4 hours ago,,,,0
https://www.youtube.com/watch?v=r1DSH9AQXLU,UgzAp-QSJclRLhV5Lkx4AaABAg,Youtube,@vantamaure,"how tone deaf you are, sorry ya kalo berita rakyat yang keracunan, kemiskinan, kena penyakit, dll mengganggu mental health mu",4 hours ago,,,,0
https://www.youtube.com/watch?v=r1DSH9AQXLU,UgzHN41AduC8v4vWwFF4AaABAg,Youtube,@boredfarmboys16,"Same energy with “if you’re homeless, buy a house”. 
What a waste of our tax money sending you to Standford.",4 hours ago,,,,0
https://www.youtube.com/watch?v=r1DSH9AQXLU,UgxFyn8v_b_PiqQi_vJ4AaABAg,Youtube,@buatkerja3815,Nyimak dulu sebelum di take down. Karena sekelas maudy ini sangat menyedihkan.. gak ekspek padahal berpendidikan,4 hours ago,,,,0
https://www.youtube.com/watch?v=r1DSH9AQXLU,UgxjepO8g_Bx4LN_Dat4AaABAg,Youtube,@keanuokok,takedown gilak 😂😂😂,4 hours ago,,,,0
https://www.youtube.com/watch?v=r1DSH9AQXLU,Ugzfn2piLfEkE7_vX6N4AaABAg,Youtube,@lalitahanief5834,"Kak Maudy coba berkunjung ke Kalimantan, rasakan secara nyata kondisi kabut asap yang bikin sesek nafas, mata pedih. Belum lagi pemadaman listrik bergilir yang sudah berlangsung 3 bulan lebih. Ditambah sulitnya mendapatkan BBM. Itu baru sebagian ya, belum lagi kalau banjir di awal tahun. Padahal anda diberi keberkahan hidup penuh gelimang harta dan kenyamanan, tapi masih merasa terganggu dengan bad news yg terjadi saat ini. Jadi masih mau mengeluh??? Hati-hati kufur nikmat😢",4 hours ago,,,,0
https://www.youtube.com/watch?v=r1DSH9AQXLU,UgweJ0UMpz5q5s3aLnl4AaABAg,Youtube,@ginanadifah2950,"Maudy itu contoh individu yang sangat privilege.. dia ga kepikiran bahwa angel dia di dapur mewah, makan fancynya, keheningan disekelilingnya, bahkan udara segar yang di hirup setiap hari di rumahnya, ditambah gesture sambil senyum without saying bela sungkawa for those people, living things and communities in Indonesia specifically yang udah terdampak serius. Kamu bener2 nirempati mau 😢😢😢 tapi ya balik lagi itu karena kamu privilege. Distopia di dunia skrg semakin ketaran bangetttt.... its not a bad news, its unfair in the first place.",4 hours ago,,,,0
https://www.youtube.com/watch?v=r1DSH9AQXLU,UgwOi4Kiw_GnyIb45UZ4AaABAg,Youtube,@asrolaila7696,"Emang orang2 disini di kasih tahu tapi sukanya dikasih paham, cape emang ngebilangin orang yang less education kaya disini.. menunjukkan seberapa tinggi IQ nya.. wajar aja ya, please maafin mereka.. Eh Maudy kalo beneran kaya, ada 100 jt?",4 hours ago (edited),,,,0
https://www.youtube.com/watch?v=r1DSH9AQXLU,UgzoPiYR67Df9xoYfgN4AaABAg,Youtube,@michaeldimas9805,mau tanya kak dulu sd dimana dan berapa harga tuition fee nya,4 hours ago,,,,0
https://www.youtube.com/watch?v=r1DSH9AQXLU,Ugxs3BjGa_W9oE4ES7h4AaABAg,Youtube,@DianRestyPratiwi,"At least, coba ke tempat lokasi bencana kejadian atau tempat yang ada bad news lainnya, kayak Sherina yang ke kalimantan, baru berkomentar. You comment dari apart mu yang mewah, jelaslah easy to talk. Hopeless yang kamu maksud jg belum tentu sama dengan orang diluar sana, it is more than what you imagine.",4 hours ago (edited),,,,0
https://www.youtube.com/watch?v=r1DSH9AQXLU,UgzOZ5lw_pPp76kqg1l4AaABAg,Youtube,@buatkerja3815,Orang gak ngerasain gimana mau empati…. Enak terus idupnya sih yeeeee,4 hours ago,,,,0
https://www.youtube.com/watch?v=r1DSH9AQXLU,UgzaAPEXNCxJKZrAFkd4AaABAg,Youtube,@crimelogue,"Udah mod, lu gak pernah Napak tanah, Lo gak pernah kelaperan Krn gak bisa beli beras, Lo gak pernah kepanasan antri BBM, Lo gak pernah batuk2 kena Asep karhutla. Mending diem, inget ya LPDP you itu dibayar pake keringet rakyat miskin Indonesia. Jangan plenger nyuruh org mindfull padahal perutnya sedang kelaparan.",4 hours ago,,,,0
https://www.youtube.com/watch?v=r1DSH9AQXLU,UgwsPdVL0b9NvKA5GL94AaABAg,Youtube,@atikahkhairunnisatampilang7875,HIDUP LU ENAK AMAN SEJAHTERA MAH GITU YAAH 🙂,4 hours ago,,,,0
https://www.youtube.com/watch?v=r1DSH9AQXLU,UgynCanhShmub0bSASJ4AaABAg,Youtube,@ruriinayah,Lo baru baca bad news aja udah feeling overwhelmed. Apa kabar kami orang2 yg berada dalam bad news itu? Wkwkkw...,4 hours ago (edited),,,,0
https://www.youtube.com/watch?v=r1DSH9AQXLU,UgzFSoWCqM9OsL_axkd4AaABAg,Youtube,@lanangdd,toxic positivity final boss,4 hours ago,,,,0
https://www.youtube.com/watch?v=r1DSH9AQXLU,UgzyV6ICxyTuSvyLY0p4AaABAg,Youtube,@sukaturing,mending take down. sebuah pernyataan yang tidak seharusnya disampaikan ke publik. apa juga alasan video ini masih dipertahankan???,4 hours ago,,,,0
https://www.youtube.com/watch?v=r1DSH9AQXLU,Ugz7A8cNK9IPBAQMQMZ4AaABAg,Youtube,@Wahhbagusnih,Mindfulness mata mu napas aja susah ini di kalimantan..,4 hours ago (edited),,,,0
https://www.youtube.com/watch?v=r1DSH9AQXLU,UgyU_7vfXdSut6ZGAlN4AaABAg,Youtube,@MutiyaCut,"Mbak, saranku take down saja video ini. Kamu tuh kalau mau hidup untuk cari aman sendiri gak usah ajak orang lain untuk mengikuti caramu yang nirempati. Udah paling bener mending diam aja kalau gak mau speak up dengan semua masalah yang terjadi belakangan ini di Indonesia. Tolong empatinya please.",4 hours ago,,,,0
https://www.youtube.com/watch?v=r1DSH9AQXLU,Ugx5K8s1OaKsygbvmC14AaABAg,Youtube,@nurkarimahalmazidah4022,"Dari pd banyak cuap-cuap jadi dibilang tone deaf, mending mbaknya turun terlibat tu kayak sherina...atau apakek dr pd cuma cuap-cuap memperlihatkan mbaknya itu kek org yg 'khawatiran' pdhl those are our reality now! Harusnya bukan malah hopeless, malah empatinya naik senaik2nya.",4 hours ago,,,,0
https://www.youtube.com/watch?v=r1DSH9AQXLU,UgwybfrrwfmkbtF0hB94AaABAg,Youtube,@bungalist,Gak usah kasih panggung c paling tone deaf...nir empath. Kesulitan2 orang lain dianggap berita negatif... pdhal itu sinyal tanda dari Tuhan u/membantu sesama... dia malah merasa trganggu... kynya mba perlu bnatuan profesional masalah  kejiwaan...,4 hours ago (edited),,,,0
https://www.youtube.com/watch?v=r1DSH9AQXLU,UgwqjFGqZoEtd9QCKUV4AaABAg.AagOPL4Xf5qAai17ngEveU,Youtube,@initials_is,"Lu jg punya pilihan buat gak ambil beasiswa itu dulu karena lu udah kaya. Contoh CINTA LAURA. hebat dia meski pintar ga ambil beasiswa, karena dia pikir yg lain lebih membutuhkan.",5 hours ago (edited),,,,0
https://www.youtube.com/watch?v=r1DSH9AQXLU,UgwqjFGqZoEtd9QCKUV4AaABAg.AagOPL4Xf5qAai2Pm6NErE,Youtube,@peanutbutterlast307,"Hapus aja videonya, kalo nyakitin.",5 hours ago,,,,0
https://www.youtube.com/watch?v=r1DSH9AQXLU,UgwqjFGqZoEtd9QCKUV4AaABAg.AagOPL4Xf5qAai3oXQCusW,Youtube,@PenikmatNasi,Alah prek su dobol tok ancuk,5 hours ago,,,,0
https://www.youtube.com/watch?v=r1DSH9AQXLU,UgwqjFGqZoEtd9QCKUV4AaABAg.AagOPL4Xf5qAai3z7nlQQI,Youtube,@lolaloli4519,"Tuhan memberiku wajah cantik , rejeki berlimpah tapi tidak dengan empati",5 hours ago,,,,0
https://www.youtube.com/watch?v=r1DSH9AQXLU,UgwqjFGqZoEtd9QCKUV4AaABAg.AagOPL4Xf5qAai4ediaQVs,Youtube,@umpanjihanbogor,Ignorance is bliss,5 hours ago,,,,0
https://www.youtube.com/watch?v=r1DSH9AQXLU,UgwqjFGqZoEtd9QCKUV4AaABAg.AagOPL4Xf5qAai4jnPN0aF,Youtube,@umpanjihanbogor,Ga peka kamu,5 hours ago,,,,0
https://www.youtube.com/watch?v=r1DSH9AQXLU,UgwqjFGqZoEtd9QCKUV4AaABAg.AagOPL4Xf5qAai56e1gI0o,Youtube,@user-fr3od2mb8t,Nggak Maudyyy kita butuh lu beneran introspeksi dan minta maaf wkwk,5 hours ago,,,,0
https://www.youtube.com/watch?v=r1DSH9AQXLU,UgwqjFGqZoEtd9QCKUV4AaABAg.AagOPL4Xf5qAai5TPqHVh8,Youtube,@ZintilZirin-u3m,"Lanjutkan saja hidupmu yang nyaman Mod. Tutup mata, tutup telinga, dan pura-pura semuanya baik-baik aja. No disaster, no suffering, no bad news. Toh, kalau kamu nggak melihat dan mendengarnya, berarti masalahnya memang nggak ada kan? Sesederhana itu",5 hours ago,,,,0
https://www.youtube.com/watch?v=r1DSH9AQXLU,UgwqjFGqZoEtd9QCKUV4AaABAg.AagOPL4Xf5qAai5ZncpUnn,Youtube,@ethihikmatun4385,Unless you're in our shoes then you'll know exactly what we feel..,5 hours ago,,,,0
https://www.youtube.com/watch?v=r1DSH9AQXLU,UgwqjFGqZoEtd9QCKUV4AaABAg.AagOPL4Xf5qAai5mtlYPFp,Youtube,@MuhammadThoriqAbrar,"the bad news is, statement ini ga keluar dari orang-orang biasa yang punya struggle akan mental healthnya, tapi statement ini keluar dari influencer yang pada akhirnya ""belum mengerti bahwa apapun yang ia ucapkan bisa menjadi sorotan khalayak ramai"", penting sekali untuk kembali mengevaluasi tentang apa saja yang keluar dari ""lisan"" ini sembari meminta maaf kepada pihak-pihak yang mungkin tersinggung dengan sikap dan sifat yang kita ucapkan.",5 hours ago,,,,0
https://www.youtube.com/watch?v=r1DSH9AQXLU,UgygvEDLCoLJ8FBIiGl4AaABAg,Youtube,@nekofreaks,"Makan LPDP dari pajak rakyat, tapi tone deaf terhadap penderitaan rakyat. Manusia yg makan pake sendok emas sejak lahir mana bisa diharap memiliki kepedulian pada penderitaan hidup orang lain. Jeritan orang yg kesusahan akibat harga melambung tinggi, kelaparan, penderitaan akibat menghirup asap toxic ataupun masih hidup di penampungan semua dianggap noise. Gk papa, rakyat Indonesia ini kuat, tabah, gak butuh manusia tone deaf kayak lu. Tetaplah makan dengan sendok emasmu, di dapur estetikmu dan bikin konten hidupmu di dalam bubbles milikmu sendiri. Suatu hari nanti roda akan berputar, mungkin hasil dari doa2 manusia yg terdzolimi dan kelak gak ada yg tau, kau akan merasakan hal yg sama lewat teguran dari langit.",4 hours ago,,,,0
https://www.youtube.com/watch?v=r1DSH9AQXLU,Ugz1QL9zRAolMYDV52h4AaABAg,Youtube,@indahpurnamasari2790,Nirempati udah itu aja singkat padat jelas,4 hours ago,,,,0
https://www.youtube.com/watch?v=r1DSH9AQXLU,Ugyvca1eO5LuWXevMUV4AaABAg,Youtube,@pirdhameidiana4903,"Mindfullness apa ini, lo tu mati empati dan nurani!",5 hours ago,,,,0
https://www.youtube.com/watch?v=r1DSH9AQXLU,UgzCoCDj6TurI7TOPSt4AaABAg,Youtube,@indahpurnamasari2790,"Budek ya budek aja, gua bkn temen lo ya. Lu termasuk satu dr byk yg pake uang pajak ya demi pendidikan lo. Mindfulness bullshit! Pake duit pajak pun",5 hours ago (edited),,,,0
https://www.youtube.com/watch?v=r1DSH9AQXLU,Ugwdonw5Azcg1Zigz7R4AaABAg,Youtube,@GabriellaGabriella-o7p,TONE DEAF FINAL BOSS,5 hours ago,,,,0
https://www.youtube.com/watch?v=r1DSH9AQXLU,UgyaQ8KUS_ZT4N4Qkr14AaABAg,Youtube,@InonDei,"Someone said in the comment you went to stanford through LPDP, REALLY, LPDP??? Imagine using OUR tax money for your lavish lifestyle when people are barely eating fresh food or even DIED FROM FOOD POISONING. I'm so fr we need to eat the rich and you're one of them maudy

and i bet you don't even see the comment after uploading that pathetic ass 'statement' (yes, statement since i saw none of the word """"Sorry""""), in the name of keeping your peace 😂",5 hours ago (edited),,,,0
https://www.youtube.com/watch?v=r1DSH9AQXLU,UgyD3aogN9B5whVgtrp4AaABAg,Youtube,@escupih,"it's not just some ""bad news"", ms. maudy, many people have to endure it everyday. it is as real as your fucking cozy kitchen with ac in it, it's the reality, don't you dare reduce it as ""bad news"".",5 hours ago,,,,0
https://www.youtube.com/watch?v=r1DSH9AQXLU,UgxUaaBdjTCNX5i4yep4AaABAg,Youtube,@gregorynewes6106,"PLEASE TAKE DOWN AJA INI VIDEO MINDFULNES, GA TAU APA YG KAMI RASAKAN 👎",5 hours ago,,,,0
https://www.youtube.com/watch?v=r1DSH9AQXLU,UgyZZa1mRJejnNCdyJl4AaABAg,Youtube,@rizqiahlina8974,"Oooh ini ya videonya 😂
Emang TONE DEAF dari awal ni orang
Gak pernah tuh speak up tentang musibah yang terjadi di Indonesia karna ya emang orangnya TONE DEAF katanya demi menjaga kewarasannya haha",5 hours ago,,,,0
https://www.youtube.com/watch?v=r1DSH9AQXLU,UgwEe1wUbWILwxu74f14AaABAg,Youtube,@Somebody12somebody,"Selalu bertanya tanya kenapa Maudy ini di agungkan sampe kek ""gw setara Maudy Ayunda coy"" why? banyak bgt orang indo yg kek gini tapi bedanya dia bukan artis aja, dari dulu sibuk bangun privilage, image, value sendiri, sampe di titik keliatan bodoh bgt sia sia bgt duit pajak ke lu buat kuliah gada empati, tiap konten lu lewat selalu gw skip karena lu cuma ngang ngeng ngong doang padahal itu kehidupan basic doang sih yg lu bahas dengan bahasa inggris lu itu (mungkin pake inggris lu merasa valuenya lebih tinggi), orang kek gini kok di puja puja ngga worth it sama sekali untuk kita bahkan dia ngga bersuara",5 hours ago,,,,0
https://www.youtube.com/watch?v=r1DSH9AQXLU,UgzYLH13za6pO3INNAV4AaABAg,Youtube,@Rizki-j8m3e,Preeet,5 hours ago,,,,0
https://www.youtube.com/watch?v=r1DSH9AQXLU,UgyZcqs9qQ-v4hKs9Nd4AaABAg,Youtube,@nonaannisa7569,"sorry mba, kemiskinan rakyat jadi lo suah makan dll, oh iya kuliah lo juga dari uang pajak kita",5 hours ago (edited),,,,0
https://www.youtube.com/watch?v=r1DSH9AQXLU,Ugw0C3sJEkZSWOeopVd4AaABAg,Youtube,@埼玉OPMバルドケープ,"aku sedang membayangkan ketika mayoritas kaum terpelajar di Indonesia menerapkan pola ini, maka mereka akan sibuk menjaga mentalnya dibandingkan memberikan upaya solutif bagi saudara2nya yang terdampak bad reality. Bapak Dino Pati Djalal salah satu orang yg jg punya banyak privilege, dan beliau tak meninggalkan empati bagi masyarakat dg membagikan konten2 kritis dan saran2 korektif terhadap pemerintah, bahkan mengajak masyarakat melakukan 1 kebaikan setiap hari secara random. Saya jg alumni LPDP kak, dan to be honest saya tidak bisa menutup mata dg apa yg terjadi di sebagian besar wilayah indonesia, kenapa kita disajikan badnews setiap hari, pasti ada pesan dibalik itu semua, agar kita sadar kita harus bergerak melakukan sesuatu sesuai yg kita mampu, paling minimum doa utk saudara2 kita. jika kita terlalu sibuk dengan menjaga mental dan menjaga jarak dg realitas yg terjadi bagaimana kita bisa membantu dan mendoakan mereka?",5 hours ago (edited),,,,0
https://www.youtube.com/watch?v=r1DSH9AQXLU,Ugzkqdpfd0QjeNDyisF4AaABAg,Youtube,@Ksatria173-c5h,"Ini lah pentingnya kita agar mendidik anak untuk tidak cukup hanya menjadi pintar, tapi harus punya empati. Kami di Kalimantan udah bengek, disuruh mindfulness. Mod.. Mod.. 😂 pfft!!",5 hours ago,,,,0
https://www.youtube.com/watch?v=r1DSH9AQXLU,UgyJYlPrVOx4A6a4pqh4AaABAg,Youtube,@mommyafzal1604,Sok iye sok mindfull sok enggres tapi kosong . Their struggle is a bad news for you modyy? Shame on you,5 hours ago,,,,0
https://www.youtube.com/watch?v=r1DSH9AQXLU,UgysyAdW3w1meBTVKch4AaABAg,Youtube,@ilhamnurali1739,Secret member pancetra 😂,5 hours ago,,,,0
https://www.youtube.com/watch?v=r1DSH9AQXLU,Ugx6O5mKy4_Ow5ObTut4AaABAg,Youtube,@laylasaragih6635,Tone deaf final boss..,5 hours ago (edited),,,,0
https://www.youtube.com/watch?v=r1DSH9AQXLU,Ugzm0HA8g-FtqI9dQQx4AaABAg,Youtube,@randomize646,Cuma monyet yg diam dengar masalah,5 hours ago,,,,0
https://www.youtube.com/watch?v=r1DSH9AQXLU,Ugwp3LYmbbrUVIXRRct4AaABAg,Youtube,@shabrinafarah6927,"gue kecewa sama lo maudy maudy. lo mah dari kecil udah hidup enak, jadi ga merasakan betapa susahnya menjadi wni di kalangan middle class ke bawah. if it’s bad news, emang lo sendiri udah punya kontribusi apa? toh pada faktanya indonesia emang sedang ga baik-baik aja. minimal speak up. percuma kl pinter tapi ga punya sedikit empati dan hati nurani. intinya lo tone deaf maudy",5 hours ago,,,,0
https://www.youtube.com/watch?v=r1DSH9AQXLU,Ugyt7kHiPXjEaqGdJhJ4AaABAg,Youtube,@qyrerian26,"MENDING LO TAKE DOWN DEH VIDEO INI MBA PREVILLAGE,BOOMERANG BANGET SOALNYA",5 hours ago,,,,0
https://www.youtube.com/watch?v=r1DSH9AQXLU,UgwqjFGqZoEtd9QCKUV4AaABAg.AagOPL4Xf5qAai6PfWCoaB,Youtube,@ketjoa,chatgpt,5 hours ago,,,,0
https://www.youtube.com/watch?v=r1DSH9AQXLU,UgwqjFGqZoEtd9QCKUV4AaABAg.AagOPL4Xf5qAai6bfPKidm,Youtube,@mnfa8562,"Nah, stfu",5 hours ago,,,,0
https://www.youtube.com/watch?v=r1DSH9AQXLU,UgwqjFGqZoEtd9QCKUV4AaABAg.AagOPL4Xf5qAai7jyd1Iif,Youtube,@gregorynewes6106,Take down lah videomu,5 hours ago,,,,0
https://www.youtube.com/watch?v=r1DSH9AQXLU,UgwqjFGqZoEtd9QCKUV4AaABAg.AagOPL4Xf5qAai7l35qzGu,Youtube,@KhusnulKhotimah-g3t,kok bisa sepede itu sih post konten ini at the first place? wkwkwkkw,5 hours ago,,,,0
https://www.youtube.com/watch?v=r1DSH9AQXLU,UgwqjFGqZoEtd9QCKUV4AaABAg.AagOPL4Xf5qAai7vkAKurF,Youtube,@gregorynewes6106,"Segera take down video ini, nir empathy",4 hours ago,,,,0
https://www.youtube.com/watch?v=r1DSH9AQXLU,UgwqjFGqZoEtd9QCKUV4AaABAg.AagOPL4Xf5qAai88iUHr9_,Youtube,@mommyafzal1604,"Minta maafnya aja harus edited dulu nunggu banyak yg komen, Sad!.",4 hours ago,,,,0
https://www.youtube.com/watch?v=r1DSH9AQXLU,UgwqjFGqZoEtd9QCKUV4AaABAg.AagOPL4Xf5qAai8M7RsgAK,Youtube,@dhiaulfikri1241,💩💩💩💩💩💩💩,4 hours ago,,,,0
https://www.youtube.com/watch?v=r1DSH9AQXLU,UgwqjFGqZoEtd9QCKUV4AaABAg.AagOPL4Xf5qAai8ewKrR4j,Youtube,@gisnamaulida8007,Mindfull lah dengan semua kritik-kritik ini Maudy,4 hours ago,,,,0
https://www.youtube.com/watch?v=r1DSH9AQXLU,UgwqjFGqZoEtd9QCKUV4AaABAg.AagOPL4Xf5qAai9-y580Fp,Youtube,@Callmetanpanama,"Pantas dia gak pernah terlihat dan bersuara kepedulian bahkan ketika banyak bencana di Indonesia yang berseliwerang di fyp gw malah Sherina dan cinta. Dia hidup nyaman di rumah mewahnya dengan dapur yang super mahal. Dia ini kayak teman aku waktu sekolah,terlahir dari keluarga kaya raya penuh privillege beasiswa pun didapat dengan mudah karna guru2 menyukainya karna dia cantik dan kaya sementara ada banyak siswa miskin yang pantas mendapatkan itu. Miskin berprestasi tentunya. Tp dia yang sudah kaya ini gak mau ngalah. Kalau temenku terlahir di ibu kota pasti udh kayak dia. Kerjaannya di social media juga kalau gak selfie, ya pamer self reward makan2 di resto mahal. Outfit selalu on point, tanpa pernah peduli sekitarnya lagi kelaparan atau gak.",4 hours ago,,,,0
https://www.youtube.com/watch?v=r1DSH9AQXLU,UgwqjFGqZoEtd9QCKUV4AaABAg.AagOPL4Xf5qAaiA5Zocq6M,Youtube,@PrinzieR,Blah. Just apologize and take down this stupid video.,4 hours ago,,,,0
https://www.youtube.com/watch?v=r1DSH9AQXLU,UgwTR5bSu28a5PKtbE54AaABAg,Youtube,@Reinhard_Family,Woy take down dah video ini. Gak guna. Banyak banget gak suka,5 hours ago,,,,0
https://www.youtube.com/watch?v=r1DSH9AQXLU,Ugw2Q4Nf5lMbhDTnYbd4AaABAg,Youtube,@alfianaditya4756,segosong ini kagak lu takedown yee,5 hours ago,,,,0
https://www.youtube.com/watch?v=r1DSH9AQXLU,UgxJ1Ah4b_BDXLQCHeJ4AaABAg,Youtube,@karenzZzz-x3l,keep it to yourself😂,5 hours ago,,,,0
https://www.youtube.com/watch?v=r1DSH9AQXLU,Ugxu6exKudssaa4COcB4AaABAg,Youtube,@rfy.z,"lu mah cuma dengerin doang udah nangis dah stress kak, kami di sini yg ngalamin 😂 sebetulnya yg lu bahas ini cukuplu bahas di circle terdekatlu aja kak, karena bad news yg lu rasain dan bikin stress itu adalah apa yg viewerslu sebagian besar ngalamin sehari-hari",5 hours ago,,,,0
https://www.youtube.com/watch?v=r1DSH9AQXLU,UgwUxZxWdeT0cY2CTA14AaABAg,Youtube,@triangleaseal,this video screams privilege,5 hours ago,,,,0
https://www.youtube.com/watch?v=r1DSH9AQXLU,Ugzp_w_S2aOm0vebAL14AaABAg,Youtube,@ZintilZirin-u3m,"Lanjutkan saja hidupmu yang nyaman Mod. Tutup mata, tutup telinga, dan pura-pura semuanya baik-baik aja. No disaster, no suffering, no bad news. Toh, kalau kamu nggak melihat dan mendengarnya, berarti masalahnya memang nggak ada kan? Sesederhana itu",5 hours ago,,,,1
https://www.youtube.com/watch?v=r1DSH9AQXLU,UgywiGUPrrHi11o9H614AaABAg,Youtube,@milanoviana5285,"You heard them, you listened to us, so time to speak up more",5 hours ago,,,,0
https://www.youtube.com/watch?v=r1DSH9AQXLU,UgzZ2XUL0nSOxVQArnN4AaABAg,Youtube,@immanueltobing-c8u,"kalau dilihat dari timing dan konteksnya, menurutku Maudy memang bisa dibilang melakukan blunder komunikasi. Tapi aku akan membedakan antara isi videonya dan timing-nya.

Aku menemukan bahwa memang ada kritik publik yang menyebut video “mindfulness in the age of bad news” sebagai tone-deaf, terutama karena video itu muncul ketika isu/bencana dan kabar buruk sedang sangat ramai. 

Kenapa bisa dianggap blunder?

1. Pesannya sendiri sebenarnya tidak salah.

Gagasan bahwa kita perlu menjaga kesehatan mental ketika terus-menerus melihat berita buruk itu valid. Bahkan secara psikologis, doomscrolling memang bisa membuat seseorang overwhelmed.

Masalahnya adalah konteks sosialnya.

Kalau masyarakat sedang melihat:

“Orang kehilangan rumah, lingkungan rusak, korban bencana membutuhkan bantuan.”

lalu seorang public figure membuat konten yang intinya:

“Kita perlu belajar tidak terlalu terbebani oleh bad news.”

sebagian orang bisa menangkapnya sebagai:

“Daripada memikirkan masalah ini, lebih baik jaga ketenangan diri sendiri.”

Walaupun itu mungkin bukan maksud Maudy sama sekali.

2. Public figure punya masalah timing

Ini menurutku bagian yang paling penting.

Kalau video yang sama dibuat dua atau tiga bulan sebelum krisis, kemungkinan besar orang melihatnya sebagai konten self-development biasa.

Tetapi ketika bad news yang dimaksud bukan sekadar berita internasional abstrak, melainkan masalah yang sedang dirasakan masyarakat Indonesia secara langsung, sensitivitasnya berubah.

Jadi masalahnya bukan:

“Maudy salah karena bicara tentang mindfulness.”

Lebih kepada:

“Apakah ini waktu dan framing yang tepat untuk membicarakan mindfulness?”

Dan menurutku jawabannya: kurang tepat.

3. Tapi aku tidak akan menyebutnya sebagai blunder besar

Aku lebih menyebutnya tone-deaf / poor timing, bukan skandal atau kesalahan moral besar.

Ada perbedaan antara:

❌ “Maudy tidak peduli terhadap korban.”

dengan

⚠️ “Maudy gagal membaca bagaimana kontennya akan diterima dalam konteks saat itu.”

Yang kedua jauh lebih fair.

Dan ini sebenarnya problem klasik public figure: pesan yang secara individual masuk akal bisa menjadi insensitive ketika ditempatkan pada konteks tertentu.

Bahkan menurutku ada versi yang jauh lebih aman

Kalau Maudy ingin menyampaikan pesan yang sama, dia bisa menghubungkannya dengan aksi nyata:

“Kita memang perlu menjaga kesehatan mental supaya tidak overwhelmed oleh berita buruk. Tapi mindfulness bukan berarti kita menjadi apatis. Setelah memahami apa yang terjadi, mari lihat apa yang bisa kita lakukan—donasi, membantu, menyebarkan informasi yang benar, atau mendukung orang yang terdampak.”

Dengan satu framing seperti itu, persepsi videonya bisa berubah drastis.

Jadi verdict-ku: sekitar 6/10 sebagai blunder komunikasi.
Isi gagasannya: masuk akal.
Timing/framing: kurang sensitif.
Apakah itu membuktikan Maudy tidak peduli terhadap masalah sosial? Tidak.",5 hours ago,,,,1
https://www.youtube.com/watch?v=r1DSH9AQXLU,Ugw6T5w70hD8nJ1qpvx4AaABAg,Youtube,@anitaaara,kok gtu sih mba 😢,5 hours ago,,,,0
https://www.youtube.com/watch?v=r1DSH9AQXLU,UgzgiVW8VLUc_8-uAQ94AaABAg,Youtube,@up1r0,bruhhhh,5 hours ago,,,,0
https://www.youtube.com/watch?v=r1DSH9AQXLU,UgzdNMl7W4F2rtxk4XJ4AaABAg,Youtube,@ky.et.al.13,"setelah aku nonton video nya, aku setuju sih dengan maudy, esensi yang ingin dia sampaikan konteksnya tentang menjaga mental health. dan konteksi dia tuh kita gak mengalami compassion fatigue, dia gak pernah bilang untuk menutup mata dan telinga tentang apa yg terjadi, bahkan dia bilang kalo kita perlu tau apa yang terjadi dengan baca article secara keseluruhan bukan cuma dengar dari berita selintas dan short video (nuggets). kesimpulan yang langsung dibuat orang2 agak mismatch dan diluar konteks rasanya..",5 hours ago,,,,1
https://www.youtube.com/watch?v=r1DSH9AQXLU,UgwXE2HeemFznyj-Cvd4AaABAg,Youtube,@I_mmx,OHH BUZZER PRABOWOW NYAWIT😂😂,5 hours ago,,,,0
https://www.youtube.com/watch?v=r1DSH9AQXLU,UgxACuZz57t5Mmbg7uR4AaABAg,Youtube,@venusgvrl,Kak Maudy sebelum bikin konten ini mikir ga sih?,5 hours ago,,,,0
https://www.youtube.com/watch?v=r1DSH9AQXLU,Ugy4dUgJ2gLWdOsi2jp4AaABAg,Youtube,@andalingtanjung8835,"mending lu diem deh klo ga bisa gerak bantu. iya iya lu boleh mikir gitu, tp keep di elu aja ga usah posting2 egeee",5 hours ago,,,,0
https://www.youtube.com/watch?v=r1DSH9AQXLU,Ugw03oimb_MTaovYNrl4AaABAg,Youtube,@lolaloli4519,"Kamu sadar gak kuliah dr uang rakyat ? 
Dan sekarang kamu bilang keadaan saat ini itu bad news ??? 
Kata gua mending balikin tu semua biaya kuliah lu yg dr pajak rakyat",5 hours ago,,,,0
https://www.youtube.com/watch?v=r1DSH9AQXLU,UgxFF3XhFmAjOYnFR7R4AaABAg,Youtube,@bayurocky1326,"gak pernah mandi pake gayung, gak pernah token listrik kelap kelip, air bersih selalu ada lalu bicara ""mindfullness"" 😁",5 hours ago,,,,0
https://www.youtube.com/watch?v=r1DSH9AQXLU,UgxL3dufWBVc0_IK1mt4AaABAg,Youtube,@galvanized564,this is kind of meta-trap posting 🤘🏻,5 hours ago,,,,0
https://www.youtube.com/watch?v=r1DSH9AQXLU,UgxmfexSFruDgwWvZxN4AaABAg,Youtube,@lianlia4677,"dia mau edukasi kita yg nafas aja bau asap, pdam mati seminggu mesti nahan berak, pln mati berjam² ditengah kemarau panas, bbm antri berjam², kalo hujan banjir dengan ngomong english 'bad news' sambil masak fancy 🤭 sok iye",5 hours ago,,,,0
https://www.youtube.com/watch?v=r1DSH9AQXLU,UgyCY7HWB1K363yN_6N4AaABAg,Youtube,@ransyananai,"Ga semua orang beruntung ka. Kalau kamu merasa beruntung, bersyukurlah dengan rasa empati kepada sesama.. Kamu ga tahu struggle orang gimana, jangan nambah2in beban psikologis ke orang yang ga seberuntung kamuuu..",5 hours ago,,,,0
https://www.youtube.com/watch?v=r1DSH9AQXLU,UgwPNUmivS8RB1X98U94AaABAg,Youtube,@nerd_in_the_woods,"Kaga usah sok cantik lu, sono ke Kalimantan atau Sulawesi masi bisa lu nyengir-nyengir mindfulness? Mindblowing lu",5 hours ago,,,,0
https://www.youtube.com/watch?v=r1DSH9AQXLU,UgwqjFGqZoEtd9QCKUV4AaABAg.AagOPL4Xf5qAaiAbZ813HC,Youtube,@Aloloevera,"Bersyukurlah km di callout, artinya km ada kesempatan untuk refleksi diri dan memperbaiki diri. Also mindfulness is not about mind your own business maudy. mindfulness conceptually has a roots in sanskrit. smaraṇa (स्मरण) and smṛti (स्मृति) meaning constantly remembering God / keeping God in your awareness.

Secara konsep juga udah salah.",4 hours ago (edited),,,,0
https://www.youtube.com/watch?v=r1DSH9AQXLU,UgwqjFGqZoEtd9QCKUV4AaABAg.AagOPL4Xf5qAaiAxU3clmB,Youtube,@hasnanursalsabila4593,Nyadar ga sih bisnis kamu dari kekayaan alam di Indonesia dan kamu bisa belajar di kampus LN juga berkat PAJAK RAKYAT. So.. JANGAN TONE DEAF MAUDY…☺️ mending kamu ke Kahutla liat noh seberapa parah situasinya. Biar kamu ga bikin vidio kayak gini lagi :)),4 hours ago,,,,0
https://www.youtube.com/watch?v=r1DSH9AQXLU,UgwqjFGqZoEtd9QCKUV4AaABAg.AagOPL4Xf5qAaiB30jYm0k,Youtube,@anggidewi734,Just take down your video and appologize..that's it...sesusah itu ya minta maaf😢,4 hours ago (edited),,,,0
https://www.youtube.com/watch?v=r1DSH9AQXLU,UgwqjFGqZoEtd9QCKUV4AaABAg.AagOPL4Xf5qAaiBTYeJQjw,Youtube,@tiaracantik859,bacot wkwk,4 hours ago,,,,0
https://www.youtube.com/watch?v=r1DSH9AQXLU,UgwqjFGqZoEtd9QCKUV4AaABAg.AagOPL4Xf5qAaiBZKk6iS8,Youtube,@kylieranz2426,pentingnya membesarkan anak biar ga cuma pinter tapi punya EMPATI,4 hours ago,,,,0
https://www.youtube.com/watch?v=r1DSH9AQXLU,UgwqjFGqZoEtd9QCKUV4AaABAg.AagOPL4Xf5qAaiBuAwrE3G,Youtube,@hirevvv,"kak coba ngomong ditengah hutan yg kebarakan, atau ditengah ortu yg anaknya keracunan makan begizi. masih bisa mindfulness kah??",4 hours ago,,,,0
https://www.youtube.com/watch?v=r1DSH9AQXLU,UgwqjFGqZoEtd9QCKUV4AaABAg.AagOPL4Xf5qAaiCKSlBnWO,Youtube,@syarezaputra5283,Berisik lo..sok inggris,4 hours ago,,,,0
https://www.youtube.com/watch?v=r1DSH9AQXLU,UgwqjFGqZoEtd9QCKUV4AaABAg.AagOPL4Xf5qAaiCUgbXNuZ,Youtube,@rosegoldmeteor19,"Artis ga punya empati, jilat terus noh rezim sampe dapet jabatan stafsus apalah",4 hours ago,,,,0
https://www.youtube.com/watch?v=r1DSH9AQXLU,UgwqjFGqZoEtd9QCKUV4AaABAg.AagOPL4Xf5qAaiC_RbHuMR,Youtube,@ambunae5282,"Sudahlah maudi elo bicaranya nya gampang gw pikir elo sekolah tinggi menggunakan pajak yang aku bayar membuat elo semakin pintar tapi hasilnya sangat mengecewakan, elo kebanyakan teori tanpa merasakan apa artinya susah yang sebenarnya, elo mau makan tinggal makan elo mau minum tinggal minum elo mau jajan tinggal jajan, tanpa harus berpikir di rekening saldonya ada berapa, bahkan elo mau baca buku saja ayah elo rela terbang ke luar negri untuk beli buat elo buku, tapi lucunya elo kuliah masih pake jalur beasiswa, elo mau bilang beasiswa jalur prestasi tanpa sadar ketika elo ambil itu ada jatah yang harusnya anak yang kurang mampu secara ekonomi bisa isi di situ tapi karena elo sudah ngambil tapi anak anak yang kurang mampu secara ekonomi nga punya kesempatan, dari situ saja gw liat elo sudah sangat egois maudi kenapa elo nga kasih kesempatan anak anak yang berprestasi namun kurang mampu secara ekonomi ambil kesempatan itu, terus setelah elo sudah menikmati fasilitas semua itu elo malah salahin orang yang membiayai fasilitas elo, kalau kata orang di kampung ku jangan berak di piring tempat kita makan, jadi tolong jangan sok sok kasih motivasi sementara elo nga tau apa yang sedang terjadi, elo pasti tau teori orang mudah memberikan suport kepada orang yang sedang terkenal musibah agar dia tetap kuat tapi ketika dia mengalami sendiri musibah itu apa dia bisa kuat contoh kesedihan akibat kehilangan sesuatu yang sangat berarti bagi dia dalam hidupnya orang akan dengan mudah mengatakan yang sabar yaa karean mungkin dia belum coba kalau dia sendiri yang mengalami itu apa dia akan kuat menerima takdir itu, begitu juga dengan elo maudi mungkin dalam hidup elo bisa di hitung dengan jari elo mengalami guncangan dalam hidup beda dengan kami yang rakyat kecil yang hampir setiap saat mengalami guncangan dalam hidup tapi elo dengan mudahnya mengatakan itu bikin menyakiti hati orang saja, sebenarnya ngapain elo kaya gini supaya kelihatan pintar gitu, elo kaya gini nyakitin hati orang yang sudah membiayai pendidikan elo tau nga elo",4 hours ago,,,,0
https://www.youtube.com/watch?v=r1DSH9AQXLU,UgwqjFGqZoEtd9QCKUV4AaABAg.AagOPL4Xf5qAaiCdJRSFES,Youtube,@lamhotmanalu8551,Tololl,4 hours ago,,,,0
https://www.youtube.com/watch?v=r1DSH9AQXLU,UgzdNMl7W4F2rtxk4XJ4AaABAg.Aai4edd9nxlAaiWC5D1N-z,Youtube,@srihanifah7245,setuju ka..,1 hour ago,,,,0
https://www.youtube.com/watch?v=r1DSH9AQXLU,Ugzp_w_S2aOm0vebAL14AaABAg.Aai5PvRTCAUAaiR8zTNVtU,Youtube,@ranasyafitri3982,"When she gives very long speech to the people on survival mode, thats exactly why she said ITS JUST ONLY BAD NEWS, how sad.",2 hours ago,,,,0
https://www.youtube.com/watch?v=r1DSH9AQXLU,UgwqjFGqZoEtd9QCKUV4AaABAg.AagOPL4Xf5qAaiDMvOahfz,Youtube,@chrisnandapramudita2407,"Intinya ""jangan cancel aku guys"" 😂",4 hours ago,,,,0
https://www.youtube.com/watch?v=r1DSH9AQXLU,UgwqjFGqZoEtd9QCKUV4AaABAg.AagOPL4Xf5qAaiEEjaHSmn,Youtube,@zhongchnelechnele,HALAH😂,4 hours ago,,,,0
https://www.youtube.com/watch?v=r1DSH9AQXLU,UgwqjFGqZoEtd9QCKUV4AaABAg.AagOPL4Xf5qAaiEbeJie10,Youtube,@endgamefond,Sok cute.,4 hours ago (edited),,,,0
https://www.youtube.com/watch?v=r1DSH9AQXLU,UgwqjFGqZoEtd9QCKUV4AaABAg.AagOPL4Xf5qAaiEu1pYzJh,Youtube,@AnnaLuciana-n9v,You're just saving your career not empathizing for what is happening in your own country and what u wrote is nothing but tone deaf,3 hours ago,,,,0
https://www.youtube.com/watch?v=r1DSH9AQXLU,UgwqjFGqZoEtd9QCKUV4AaABAg.AagOPL4Xf5qAaiFSPJoqLJ,Youtube,@anindyaapa,Blah blah blah,3 hours ago,,,,0
https://www.youtube.com/watch?v=r1DSH9AQXLU,UgwqjFGqZoEtd9QCKUV4AaABAg.AagOPL4Xf5qAaiFTOfTN_w,Youtube,@sophiaulia7608,"1 hal simpel, Lo bukan orang susah Maudy, gak ngerti dan gak mau mengerti struggle nya orang orang di luar sana",3 hours ago,,,,0
https://www.youtube.com/watch?v=r1DSH9AQXLU,UgwqjFGqZoEtd9QCKUV4AaABAg.AagOPL4Xf5qAaiFhNVAs9F,Youtube,@radealdi01,"Penjelasannya secara garis besar adalah ""Intinya yaa ini perspektifku dan idealisku pasti benar""",3 hours ago,,,,0
https://www.youtube.com/watch?v=r1DSH9AQXLU,UgwqjFGqZoEtd9QCKUV4AaABAg.AagOPL4Xf5qAaiGNOw_XMN,Youtube,@Bebekpanggang-q1p,"ayo sini kak maudy, tinggal di kalimantan. paling tidak satu bulan. kita hirup udara berbahaya ini sama-sama. atau bersama-sama relawan ikut memadamkan api😊",3 hours ago,,,,0
https://www.youtube.com/watch?v=r1DSH9AQXLU,UgwqjFGqZoEtd9QCKUV4AaABAg.AagOPL4Xf5qAaiH6CNiIMH,Youtube,@syll3945,"Bersuara aja gak pernah, ujug ujug nitah mindfulness. Kumaha konsepna juragan??!!",3 hours ago,,,,0
https://www.youtube.com/watch?v=r1DSH9AQXLU,UgwqjFGqZoEtd9QCKUV4AaABAg.AagOPL4Xf5qAaiHGtyII9m,Youtube,@NabilaRais0,"Bahkan lu gak minta maaf, Maudy. Tone deaf luar biasa, pdhl lu sekolah jauh jauh pakai duit rakyat.",3 hours ago,,,,0
https://www.youtube.com/watch?v=r1DSH9AQXLU,UgwkV-v7x4kw6Cn5DoF4AaABAg,Youtube,@mutiasalman866,Saat penghuni surga menonton siksaan penghuni neraka dan merasa mereka memang layak masuk neraka karna hisabnya sudah jelas.. Tapi ini bukan akhirat.. Dan semoga korban real dlm badnews mendapat kebaikan berlipat ganda kmd menjadi penghuni surga..,5 hours ago (edited),,,,0
https://www.youtube.com/watch?v=r1DSH9AQXLU,UgzK5VXrnM4Awcu58bF4AaABAg,Youtube,@artdigital-z6x,gimana kalau ngobrolnya sambil masak di dapur orang2 pontianak sini. yukssss. biar vibes nya berasa sambil batuk2 gitu,5 hours ago,,,,0
https://www.youtube.com/watch?v=r1DSH9AQXLU,UgwFav2iS0W5HZxmrmp4AaABAg,Youtube,@fitranur5423,Pinter tapi gak dipakai kepintarannya. Kasian sekali,5 hours ago,,,,0
https://www.youtube.com/watch?v=r1DSH9AQXLU,UgyFgf0mb8bN_UbvElJ4AaABAg,Youtube,@silvafauziah5665,Mindfulness? Nirempati dan tone deaf itu boss namanya,5 hours ago,,,,0
https://www.youtube.com/watch?v=r1DSH9AQXLU,UgyNPmH9kkOV-OG3aQd4AaABAg,Youtube,@s.haqnur,"Take down aja, hapus, minta maaf.",5 hours ago,,,,0
https://www.youtube.com/watch?v=r1DSH9AQXLU,UgwR1SZ9hOGJpI7rqtZ4AaABAg,Youtube,@peanutbutterlast307,Nirempaaaati.,5 hours ago,,,,0
https://www.youtube.com/watch?v=r1DSH9AQXLU,UgwMTtQGZYLuqIBXYEp4AaABAg,Youtube,@peanutbutterlast307,"Lu ngomong ditanah aceh sana, lu ke kalimantan, lu nyebur ke lapangan biar lu tau presiden lu ga geraaak",5 hours ago,,,,0
https://www.youtube.com/watch?v=r1DSH9AQXLU,Ugxg30lDYzq2IxBuwjh4AaABAg,Youtube,@peanutbutterlast307,"Gue ganemu jawaban dari video ini, marah rasanya, lu gapunya hati si kak aduh, my bad suka elu.",5 hours ago,,,,0
https://www.youtube.com/watch?v=r1DSH9AQXLU,UgzsDk-xG7bK5scTxE54AaABAg,Youtube,@peanutbutterlast307,"KAK KITA GA ANXIOUS YA AGAINN, PRESIDEN NYA SAKIT",5 hours ago,,,,0
https://www.youtube.com/watch?v=r1DSH9AQXLU,UgxD_S7GKNNbXAx8SVt4AaABAg,Youtube,@peanutbutterlast307,Gimana ya masak makanan dari pajak dengan jahat berkata demikian,5 hours ago,,,,0
https://www.youtube.com/watch?v=r1DSH9AQXLU,UgzxEQ4P6JP8Ykwxp294AaABAg,Youtube,@inyourads1193,"So u're just telling us to being mindfulness without any action with tremendous people that can u influence with? Thank you, it helps a lot.",5 hours ago,,,,0
https://www.youtube.com/watch?v=r1DSH9AQXLU,UgyllZFyhTGo-KflC714AaABAg,Youtube,@elissaandriyani8207,"She literally said, lets avoid bad news cause its a bad vibe for mee

Huhuww.. instead of doing something with it, she teach us while preparing breakfast in her good kitchen, good house and smoke free. If her house have no electricity for at least 24 hour everyday i wanna see what her video about?

""Preparing generator for my humble home to evict dark thought?"" Girl, just get out from here. 😂😂😂",5 hours ago,,,,0
https://www.youtube.com/watch?v=r1DSH9AQXLU,UgzlGW5yaT59Mh38UWd4AaABAg,Youtube,@siskaelvianita9697,"Inget bgt dlu nnton titanic, si kapten yg tau  lbih dlu kpalnya nubruk es,tp si pekerja bwah yg ga tau apa yg trjdi,tp yg lbih dlu tnggelam, smentra kaum borjuis asik berpesta,smpe akhirnya air smpe ke kaum borjuis, sktika mreka panik cari akses gmna cranya dpt skoci,tnggalah budak2 kaum jelata tnggelam brsma kenangganya d kapal itu,sedih ya...",5 hours ago,,,,0
https://www.youtube.com/watch?v=r1DSH9AQXLU,UgywjpzuluU1oLzj4nx4AaABAg,Youtube,@laroybasn294,"Menurut gw Maudy ga salah, setiap orang berhak buat narik diri dari suatu kondisi apalagi influence bernuansa buruk ke diri sendiri. Like Lao Tzu said “ga semua masalah harus kita urus, karena ga semua masalah bisa (mampu) kita urus”, take ur time Kak, mereka cuma pengen kakak ga damai dengan hidupnya dan pengen ikutan chaos dgn yg mereka lakuin, padahal mereka juga bisa tetep damai di hidupnya tapi mereka memilih keos sendiri instead of mengontrol apa yg bisa dikontrol dari emosi dan sebagainya",5 hours ago,,,,0
https://www.youtube.com/watch?v=r1DSH9AQXLU,UgwVf3tQ3t_VmP5WZ-J4AaABAg,Youtube,@sicals1720,Lah ni video 3 minggu baru keup ny 1-2 hari yg lalu ya,5 hours ago,,,,0
https://www.youtube.com/watch?v=r1DSH9AQXLU,UgxvLLEURwA9DFtslH94AaABAg,Youtube,@BadOi-q4i,Bayangin vlog sama makanan layak dengan cengengesan centil bilang kewalahan dengan cuma denger bad news 😂 empati harus nomor satu,5 hours ago,,,,0
https://www.youtube.com/watch?v=r1DSH9AQXLU,Ugw1upRxbqwyZf-l_o94AaABAg,Youtube,@ZianPutriDahliani,"Untuk sebagian orang cuma sekedar bad news ya ☹️ apa kabar yang terdampak langsung dan suaranya tidak pernah didengar bahkan bantuan pun tidak mereka dapatkan.   Boro-boro mau mindfulness, kebutuhan dasar aja tidak terpenuhi😢😢😢😢",5 hours ago,,,,0
https://www.youtube.com/watch?v=r1DSH9AQXLU,UgxZ3obXCuOYWR11esZ4AaABAg,Youtube,@shesheshe27,"mainfulnas mainfulnes
Gimana mau mindulnes kalo bernafas aja susah! Mikir dong tuan putri yang pintar🙏🏻",5 hours ago,,,,0
https://www.youtube.com/watch?v=r1DSH9AQXLU,UgzzL01Z-T_D8tZifAt4AaABAg,Youtube,@peanutbutterlast307,"Kak kamu kaum oke gas oke gas indonesia mati ya? Good for you ya ka maudy, hopes karma pay the bills, rip ur empathy at all. Minta maaf kak. Semoga tuhan membalas video yang kamu bagikan dengan keadaan yang berbalik, jahat kamu ka. Kamu harus tau kamu jahat. Kamu, ego mu, pikiranmu, banyak banyak muhasabah.",5 hours ago (edited),,,,0
https://www.youtube.com/watch?v=r1DSH9AQXLU,UgzjwFKUt_EuiFgJUUt4AaABAg,Youtube,@Aiihapsari,Hate comment dan dislike aja guys drpd ga di gubris nanti juga di take down saking malunya pola pikir doi,5 hours ago (edited),,,,0
https://www.youtube.com/watch?v=r1DSH9AQXLU,UgzZ2XUL0nSOxVQArnN4AaABAg.Aai595JP03BAai6SUwcHCa,Youtube,@electra.author,"Bener. Timingnya salah. Q Sampek ngecek berkali kali kapan doi upload ini. Masih 21 Agustus di mana masalah yg dia bilang 'bad news' itu kan berarti karhutla, gempa dll. Bahkan caption video itu juga merujuk ke karhutla, gempa dll. Yg mana itu artinya ya dia blunder... Kami di Kalimantan lagi kena asap, dia malah ngasi tips ngatasin berita buruk",5 hours ago,,,,0
https://www.youtube.com/watch?v=r1DSH9AQXLU,UgwqjFGqZoEtd9QCKUV4AaABAg.AagOPL4Xf5qAaiHNOn_uP6,Youtube,@haska9394,"poin dari klasifikasi ini ""aduh gais pokoknya jangan cancel aku yah""",3 hours ago,,,,0
https://www.youtube.com/watch?v=r1DSH9AQXLU,UgwqjFGqZoEtd9QCKUV4AaABAg.AagOPL4Xf5qAaiH_c9T2od,Youtube,@dezrhania,"Gak semua orang hidupnya seberuntung km ka.. Aku yg tdk tinggal di Kalimantan saja bisa merasakan bagaimana sesaknya nafas bila menghirup asap btw aku ada asma yg sekarang makin berat ga bisa nyium bau asap sedikitpun aku ga bisa bayangin semisal dulu aku jd pindah ke kalimantan pas kecil ada wacana ortu mau pindah kesana tp untungnya gak jd mungkin kalo dulu jd aku ga akan bisa komen gini ka ngebayangin hidup mereka di sana dikepung asap, penglihatan sulit, air bersih susah listrik tdk ada dsb",3 hours ago,,,,0
https://www.youtube.com/watch?v=r1DSH9AQXLU,UgwqjFGqZoEtd9QCKUV4AaABAg.AagOPL4Xf5qAaiHfAcZJxi,Youtube,@VinoAsSpeech,Kesimpulannya: Jangan cancel aku please!,3 hours ago,,,,0
https://www.youtube.com/watch?v=r1DSH9AQXLU,UgwqjFGqZoEtd9QCKUV4AaABAg.AagOPL4Xf5qAaiIzrkYF05,Youtube,@sgsggsgsshshs8900,Bacotttt,3 hours ago,,,,0
https://www.youtube.com/watch?v=r1DSH9AQXLU,UgwqjFGqZoEtd9QCKUV4AaABAg.AagOPL4Xf5qAaiJaBh4cCO,Youtube,@domezerojapan,Dasar tonedeaf nepobaby,3 hours ago,,,,0
https://www.youtube.com/watch?v=r1DSH9AQXLU,UgwqjFGqZoEtd9QCKUV4AaABAg.AagOPL4Xf5qAaiJcpWjCh-,Youtube,@Lamusir394,Mending sekarang lu turun dari istana lu di langit dan sentuh rumput,3 hours ago,,,,0
https://www.youtube.com/watch?v=r1DSH9AQXLU,UgwqjFGqZoEtd9QCKUV4AaABAg.AagOPL4Xf5qAaiJuvfFgxj,Youtube,@Reinhard_Family,Bahasanya terlalu diperhalus udah kaya pemerintah aja 😂,3 hours ago,,,,0
https://www.youtube.com/watch?v=r1DSH9AQXLU,UgwqjFGqZoEtd9QCKUV4AaABAg.AagOPL4Xf5qAaiKF9Lh55z,Youtube,@cicipratiwi1616,"Halah karena kamu gak napak tanah, maudy 😊 Mungkin karena kamu dan keluargamu belum merasakan hal-hal buruk terjadi sama kalian jadi kamu merasa terganggu sama berita buruk itu. Maudy wake up now",3 hours ago (edited),,,,0
https://www.youtube.com/watch?v=r1DSH9AQXLU,UgwqjFGqZoEtd9QCKUV4AaABAg.AagOPL4Xf5qAaiL-L5Cnwy,Youtube,@Asnelaa,"Maudy dulu orang"" kagum sama kamu, tapi aku dari dulu udah punya feeling gaenak soal kamu. nah kan terbukti sekarang 😊
I hope you have a nice day amd night.
Justice for you",3 hours ago,,,,0
https://www.youtube.com/watch?v=r1DSH9AQXLU,UgwqjFGqZoEtd9QCKUV4AaABAg.AagOPL4Xf5qAaiLJIEhtYi,Youtube,@gitameirillia1589,Mindful mindful telek ayam,3 hours ago,,,,0
https://www.youtube.com/watch?v=r1DSH9AQXLU,UgxuCUqK9neiI36OqJd4AaABAg,Youtube,@jordyhotty5807,"You can wake up still have a good job, good salary, good money. We wake up with bad business, problem, and inflation",5 hours ago,,,,0
https://www.youtube.com/watch?v=r1DSH9AQXLU,UgznYaA5kjDBPJwTi-R4AaABAg,Youtube,@kifyyy22,"Nir empati artinya ketidakmampuan atau kebiasaan seseorang untuk memahami, merasakan, serta merespons perasaan dan sudut pandang orang lain",5 hours ago,,,,0
https://www.youtube.com/watch?v=r1DSH9AQXLU,Ugw3zeYjzPCMnHg1QRZ4AaABAg,Youtube,@aa-rx1xn,"Masalahnya, untuk mayoritas masyarakat Indonesia, ‘bad news’ itu bukan cuma ‘berita’, tapi realita. Yang di dalam berita itu adalah diri mereka sendiri, terdampak secara langsung dan ga tau gimana caranya biar masih menyambung hidup besok hari. It shows that for her it was just something she heard happening outside of her menara gading.",6 hours ago,,,,0
https://www.youtube.com/watch?v=r1DSH9AQXLU,Ugxz2utmDrn9uAxQt_R4AaABAg,Youtube,@melatimargaretha7314,"instead of ikut marah dan ga terima sama keadaan indonesia sekarang, beliau ini memilih memberikan tips and trick yang secara ga langsung menyarankan untuk just ACCEPT all the bad things that happen, waw sekali👍🏻",6 hours ago,,,,0
https://www.youtube.com/watch?v=r1DSH9AQXLU,UgyeHe_MtEXy4DB8zQJ4AaABAg,Youtube,@BadOi-q4i,"Remember, you're not someone directly affected by bad news like volcanic eruptions, forest fires, flash floods, food poisoning from government meal programs, etc. If you keep complaining about that stuff, it can come off like some elite person shoving their complaints down poor people's throats.
You know the situation right now: society's dealing with a lot of social envy issues because of deep disappointment with the government and elites. Okay, I get it, you can get mentally messed up just from hearing bad news, but think about it too, in the middle of this kind of social envy, your personal complaints that you think are totally normal could turn into fuel for even bigger social envy. And what you're talking about right now can come off as overdramatic to people who are actually going through real disasters, a wrecked economy, rising cost of living, stuff you'll never fully get, even 0.1%. Even your vlogs are all giggly, so it's honestly fitting, so cute and sassy lol, you can be smart but you gotta have some empathy too 😂
So sometimes you really gotta read the room first. I'm not saying you're being dramatic, maybe you're genuinely overwhelmed, but that needs to be kept in check. People right now are not okay, there's a lot of sensitive social issues going on.",6 hours ago,,,,0
https://www.youtube.com/watch?v=r1DSH9AQXLU,Ugxrb5AReexXtGstUYB4AaABAg,Youtube,@tawangkanthiutami2573,"kata ku, belajar dari Sherina deh. dia gunain privilege sebagai artis dan source nya untuk bantu di lapangan.",6 hours ago,,,,0
https://www.youtube.com/watch?v=r1DSH9AQXLU,Ugz2dnu5svXz3h17FDx4AaABAg,Youtube,@pinkkk-u5f5v,"Tone Deaf, ignoring & Tidak Punya Tenggang Rasa terhadap sesama warga negara Indonesia. PATHETIC !!!!",6 hours ago,,,,0
https://www.youtube.com/watch?v=r1DSH9AQXLU,UgwcRbly9tMLRNIOVZt4AaABAg,Youtube,@MonsterMentality8,"Hidup di ibukota dengan kekayaan harta terus ngomong omong kosong kaya gini, najis sok elite, coba  rumah lu kena gampa kuat, sampe roboh, masih kah kau ngomong gini wahai orang munafik",6 hours ago,,,,0
https://www.youtube.com/watch?v=r1DSH9AQXLU,Ugx3CI5DAl_LvsXVJtJ4AaABAg,Youtube,@negeriatasangin756,"Kalau mau bahasa indonesia ya bahasa indonesia aja. Kalai mau bahasa inggris bahasa inggris aja, ngak usah setengah setengah....",6 hours ago,,,,0
https://www.youtube.com/watch?v=r1DSH9AQXLU,Ugx8cs9rjgCKq8XtNPp4AaABAg,Youtube,@anastasiasilaa,"Mbaa km ga pernah hidup susah jadi kamu bisa bilang gitu, km hidup di bublemu sendiri dan yang kebetulan bisa memanfaatkan previllagemu dengn baik",6 hours ago,,,,0
https://www.youtube.com/watch?v=r1DSH9AQXLU,UgyhhhZVtzz1k2BSQh94AaABAg,Youtube,@Sweetbitess,"Bagi dia, ya cukup tau aja bad news, tp ga ada usaha utk speak up, utk bantu korban, yg ptg dia makan enak, tidur tenang dan sehat selalu.. tidak mau pusing

mikir diri sendiri aja ya maudy..",6 hours ago,,,,0
https://www.youtube.com/watch?v=r1DSH9AQXLU,UgzqeHR5v6m-cdFVicd4AaABAg,Youtube,@Vania-z8k,Ngomongnya bahasa Inggris tapi pasarnya indo biar apa guys😂,6 hours ago (edited),,,,0
https://www.youtube.com/watch?v=r1DSH9AQXLU,UgzoBXioUxrKVYhfdPF4AaABAg,Youtube,@Vania-z8k,"Dia mah mau masyarakat indo begimana kebijakan begimana ga ngerasa ke dampak , enak bgt",6 hours ago,,,,0
https://www.youtube.com/watch?v=r1DSH9AQXLU,UgwCPIh4u2rd5Y9U5KJ4AaABAg,Youtube,@mms_fyp,Fix cancel culture sama nih embak.. nirempati banget.,6 hours ago,,,,0
https://www.youtube.com/watch?v=r1DSH9AQXLU,Ugy7YzgcnVPF6_3dj7l4AaABAg,Youtube,@lilihmuthmainnah1645,"Intinya, kamu ga punya empati neeengg. Enak bener ngomong kayak gini sambil cengengesan dengn sarapan sehatnya berikut dengn kicenset nya yg muahaalll. Jahat kamu",6 hours ago,,,,0
https://www.youtube.com/watch?v=r1DSH9AQXLU,UgzRs9njA-0tbiLCN1d4AaABAg,Youtube,@meirinasholic8783,"Coba sarapan dan ngontennya di pinggir jalan liat macet2an, kena asap smbil lari larian ngejar waktu. Banyak orng dihadapkan tdk bsa memilih situasinya dan ga bisa pakai stoik ketika sudah dlm sistem rusak.",6 hours ago,,,,0
https://www.youtube.com/watch?v=r1DSH9AQXLU,UgwNMk93dDVAF2QueHp4AaABAg,Youtube,@shesheshe27,"Just a bad news for you, huh? 
This is a bad reality for us sebagai warga Kalimantan yang tiap pagi berangkat kerja harus berjuang ngelewatin asap karhutla yang ttp masuk ke paru2 walau udh pake masker saking tebalnya. krisis air bersih, mandi pake air asin. Gimana gak overwhelmed kalo hal seperti ini terus yg harus kita alami tiap hari selama hampir 2 bulan ini?",6 hours ago,,,,0
https://www.youtube.com/watch?v=r1DSH9AQXLU,UgykrJd74V9XsXgfvCZ4AaABAg,Youtube,@ALD-000,"Ngga ada yang salah dengan mindfulness, hanya karena seorang psikolog ngga mengalami semua hal yang dialami pasiennya, bukan berarti usahanya dalam membantu pasien pasien nya tidak dapat diterima. Tolong perbaiki lagi cara berfikir nya ya kebanyakan masih logical fallacy.",6 hours ago,,,,0
https://www.youtube.com/watch?v=r1DSH9AQXLU,UgzfVy3Px2W6dy68Yg54AaABAg,Youtube,@alexiskirchoff3940,"bad news for you reality for them, such a big bubble you live in huh",6 hours ago,,,,0
https://www.youtube.com/watch?v=r1DSH9AQXLU,UgyAxvLZDtFisCU5OzV4AaABAg,Youtube,@choigunungatothez353,"ITU KAN BUKAN SEKEDAR BERITA KAK, TAPI KEJADIAN YANG DIALAMI BANYAK ORANG",6 hours ago,,,,0
https://www.youtube.com/watch?v=r1DSH9AQXLU,UgwqjFGqZoEtd9QCKUV4AaABAg.AagOPL4Xf5qAaiLOOOyynJ,Youtube,@rosegoldmeteor19,nulis ini sambil berbaring di kasur empuk disiapin sarapan sama mbak dan siap2 nge padel haha hihi,3 hours ago,,,,0
https://www.youtube.com/watch?v=r1DSH9AQXLU,UgwqjFGqZoEtd9QCKUV4AaABAg.AagOPL4Xf5qAaiLO_kl82w,Youtube,@ajrinamizanaamalia9745,just shut up,3 hours ago,,,,0
https://www.youtube.com/watch?v=r1DSH9AQXLU,UgwqjFGqZoEtd9QCKUV4AaABAg.AagOPL4Xf5qAaiLc85lgHd,Youtube,@milkss_67,"pret lah lu dapet lpdp padahal gak pantes,,,makan tuh privillage",2 hours ago,,,,0
https://www.youtube.com/watch?v=r1DSH9AQXLU,UgwqjFGqZoEtd9QCKUV4AaABAg.AagOPL4Xf5qAaiN0dBK_V0,Youtube,@ferryfebrian5451,"Must be nice to be so ""mindful"" when your privilege shields you from real life and keeps you from developing actual empathy.
I knew you only from perahu kertas and your- standford- things, tapi sekarang aku juga tau kalau kamu tone deaf.
Kecewa👎🏻",2 hours ago,,,,0
https://www.youtube.com/watch?v=r1DSH9AQXLU,UgwqjFGqZoEtd9QCKUV4AaABAg.AagOPL4Xf5qAaiO6UtGjnD,Youtube,@pikipika_1,"even if you apologize, it doesn't mean you can call others as your friends to be able to calm them down after you hurt their feelings with your words. You have lived comfortably so that you don't feel the suffering of other people, just reading without going down to the real world field completely",2 hours ago,,,,0
https://www.youtube.com/watch?v=r1DSH9AQXLU,UgwqjFGqZoEtd9QCKUV4AaABAg.AagOPL4Xf5qAaiOipHb0Eo,Youtube,@dimasalviano8231,MINTA MAAF AJA GAUSA FAFIFU PADAHAL DARI DULU BANYAK YANG RESPECT APALAGI DENGAN DUTA DUTAAN LU ITU,2 hours ago,,,,0
https://www.youtube.com/watch?v=r1DSH9AQXLU,UgwqjFGqZoEtd9QCKUV4AaABAg.AagOPL4Xf5qAaiOzT52dKY,Youtube,@herdalizaagra6557,"Aku juga dulu gini mba mod. Tapi ketika aku ngerasain aku jleb. Mau ga mau aku jalanin. Lapisan masyarakat mulai dr bawah sdh terkikis mba. Aku middle dan juga sudah terkikis. Tinggal nunggu nih yg atas. Tp semoga kamu dijauhkan dari apa yg kami rasakan ya. Halo dari Makassar yg back to 2020. We stay at home, bukan krn virus. Krn SDA kami dibatasi sebagai anak tiri ibu pertiwi.",2 hours ago,,,,0
https://www.youtube.com/watch?v=r1DSH9AQXLU,UgwqjFGqZoEtd9QCKUV4AaABAg.AagOPL4Xf5qAaiPJOPDf1n,Youtube,@puypuy13,"Setelah panjang lebar kata2 dan klarifikasinya....buat aku kesimpulannya dia cmn, KASUR KAMU TERLALU NYAMAAAAAN..sekian..

Disappointed😢",2 hours ago,,,,0
https://www.youtube.com/watch?v=r1DSH9AQXLU,UgwqjFGqZoEtd9QCKUV4AaABAg.AagOPL4Xf5qAaiQ4yojFtB,Youtube,@cihuycui5367,Jaka sembung bawa golok,2 hours ago,,,,0
https://www.youtube.com/watch?v=r1DSH9AQXLU,UgwqjFGqZoEtd9QCKUV4AaABAg.AagOPL4Xf5qAaiQax3X2Mi,Youtube,@volaroid,"Sok centil bacot lagi, standford nih bos",2 hours ago,,,,0
https://www.youtube.com/watch?v=r1DSH9AQXLU,UgwqjFGqZoEtd9QCKUV4AaABAg.AagOPL4Xf5qAaiR2t07INi,Youtube,@HardiyatDzakiNazarullah-gs3dj,Mana kata maaf haduhhh 😂. Apakah niremoati kategori bertambah untuk perempuan sekolah luar negeri plus s2,2 hours ago,,,,0
https://www.youtube.com/watch?v=r1DSH9AQXLU,UgwqjFGqZoEtd9QCKUV4AaABAg.AagOPL4Xf5qAaiRLfIEeeO,Youtube,@Volcano89,"intinya gk relate lah ya yg dia share d yt ini, punya rek 10 M ke atas, sebulan bisa dpt 1 M an, bener2 gk relate, ada baiknya diam itu emas",2 hours ago,,,,0
https://www.youtube.com/watch?v=r1DSH9AQXLU,UgwqjFGqZoEtd9QCKUV4AaABAg.AagOPL4Xf5qAaiRVqY2GR7,Youtube,@yunita9795,BACOTT,2 hours ago,,,,0
https://www.youtube.com/watch?v=r1DSH9AQXLU,UgwqjFGqZoEtd9QCKUV4AaABAg.AagOPL4Xf5qAaiSAmQ8KkR,Youtube,@mashendraramadhani521,"Kak... Ketinggalan say Sorry, gak sih?",2 hours ago,,,,0
https://www.youtube.com/watch?v=r1DSH9AQXLU,UgwqjFGqZoEtd9QCKUV4AaABAg.AagOPL4Xf5qAaiTTa-dewS,Youtube,@kakakuwarx7779,"Enak sih. Jadi kamu. hahaha 😂
Aku jadi stoic banget lihat kamu.

Memang luar biasa Kualitas LPDP Awardee, dan ini bentuk pengabdian nyata untuk Indonesia.
Angkat topi dan angkat tangan sekaligus! 
Lanjutkan, lanjutkan!!

Dari Tuanmu - Rakyat Indonesia",1 hour ago (edited),,,,0
https://www.youtube.com/watch?v=r1DSH9AQXLU,UgwqjFGqZoEtd9QCKUV4AaABAg.AagOPL4Xf5qAaiTUFWVRZ2,Youtube,@oktaprastoworaharjo5908,wong sugih mblegedhu ora mangan sego,1 hour ago,,,,0
https://www.youtube.com/watch?v=r1DSH9AQXLU,UgwqjFGqZoEtd9QCKUV4AaABAg.AagOPL4Xf5qAaiTbnYayyf,Youtube,@dewdew2841,"We’re not your friend, sorry.",1 hour ago,,,,0
https://www.youtube.com/watch?v=r1DSH9AQXLU,UgwqjFGqZoEtd9QCKUV4AaABAg.AagOPL4Xf5qAaiTzkKfOLZ,Youtube,@luluova6148,Toxic positif. Minimal respect / ucapin turut sedih atas kejadian bencana di Indonesia. Beda bgt kamu sm Cinta Laura yang bener2 berpendidikan. Ga ber adab,1 hour ago,,,,0
https://www.youtube.com/watch?v=r1DSH9AQXLU,UgwqjFGqZoEtd9QCKUV4AaABAg.AagOPL4Xf5qAaiUGEaPRwh,Youtube,@clarissaasiang3790,"How exactly are we supposed to “balance the bad news” when the so-called bad news is simply the reality people are living through? Should people pretend everything is fine just to create a more comfortable narrative?

Instead of asking people to limit the “bad news,” address the problems creating it. You can’t ask the public to control the negative input while expecting them to ignore the reality right in front of them.

And if taxpayers’ money funded your school, then you have an even greater responsibility to give back through meaningful public service especially by becoming more involved in disaster response, relief efforts, and the problems ordinary people are actually facing.

Being wealthy or privileged doesn’t make uncomfortable realities disappear. If anything, having a bigger platform gives you more responsibility to listen to those realities instead of suggesting that people should balance them with more positive news.

Don’t ask the public to manage the narrative. Address what created the bad news in the first place. That would be a much better return on taxpayers’ investment.",1 hour ago,,,,0
https://www.youtube.com/watch?v=r1DSH9AQXLU,UgwqjFGqZoEtd9QCKUV4AaABAg.AagOPL4Xf5qAaiUSJsOqOt,Youtube,@daniellaknz,tone deaf berkedok mindfulness,1 hour ago,,,,0
https://www.youtube.com/watch?v=r1DSH9AQXLU,Ugx_xZJLjeYZ5NZ73LZ4AaABAg,Youtube,@GameLoops81,Ternyata gak gua doang 😁😁,6 hours ago,,,,0
https://www.youtube.com/watch?v=r1DSH9AQXLU,Ugx7mf6Vy-DkX0eMFQl4AaABAg,Youtube,@awelawelyuhu7969,"jadi penasaran, maudy waktu pilpres pilih siapa ya?",6 hours ago,,,,0
https://www.youtube.com/watch?v=r1DSH9AQXLU,Ugw6qN2duDJ-_t3TAml4AaABAg,Youtube,@ginaaa24,ternyata pinter doang ga cukup ya,6 hours ago,,,,0
https://www.youtube.com/watch?v=r1DSH9AQXLU,UgxK6Bvdfijt2U28XXx4AaABAg,Youtube,@bluewater6674,"It’s not time for mindfulness. You can’t regard what happened in indonesia as merely bad news that will pass with some positive manifesting or meditation. It’s time to speak up when the political elites made bad policy. It’s about people’s life, children safety, animals’ life, our forest. How can you be such ignorant, teaching people mindfulness, flaunting your privilage, when out there, there are million pf people affected. it’s dead or alive situation for them and look at you dodging it with some mindfulness bs",6 hours ago (edited),,,,0
https://www.youtube.com/watch?v=r1DSH9AQXLU,UgzK0e__uI5dw7WTeBJ4AaABAg,Youtube,@zikrihidayatullah773,buzzer elit pemerintahan🤡🤡🤡,6 hours ago,,,,0
https://www.youtube.com/watch?v=r1DSH9AQXLU,Ugys2yfD5gctODAGozh4AaABAg,Youtube,@glavelysunberd14,Paling kalau ada genocida masal terus keracunan disekitar rumahnya. Selama dia dan anakny gak kena. Dia mah bodo amat,6 hours ago,,,,0
https://www.youtube.com/watch?v=r1DSH9AQXLU,UgxRJu5LVJpTzbJhvmp4AaABAg,Youtube,@berthalaurent8415,"Permisi..menurutku Maudy  gak salah sih mengekspresikan perasaannya... di video ini dia menjabarkan secara teknis  bagaimana dan kenapa dia bisa overwhelmed..dia menjelaskan bagaimana berusaha menetapkan batas dirinya dari badnews... hanya saja video dia ini jadi gak pas buat siapa aja yg lihat kalau orang² ini ada di situasi bad news yg dia omongin.. baiknya sih hal seperti ini  Maudy keep sendiri.. perasaan terhadap penderitaan orang lain dan akhirnya overwhelmed sendiri gak perlu dijelaskan..kalaupun butuh sharing.. cukup ke orang² terdekat gak usah ke publik.. walaupun niatnya sharing.. perasaan yg benar² Maudy alami karena ""membaca banyak badnews"" itu bagi orang² yg mengalami langsung aslinya pasti jauh lebih kesulitan, lebih menyakitkan dari yg Maudy pikir..",6 hours ago (edited),,,,0
https://www.youtube.com/watch?v=r1DSH9AQXLU,Ugxbby97JzjOjOOw6Z14AaABAg,Youtube,@akshalmaulana6078,Hapus aja lah tone deaf!! Sini turun terjun langsung rasain,6 hours ago,,,,0
https://www.youtube.com/watch?v=r1DSH9AQXLU,Ugz7tW96-nRlVASYoPl4AaABAg,Youtube,@mysticalynn9817,"Kenapa korban karhutla, keracunan dsb walau sdh berteriak tapi suara mereka tenggelam? Ya krn org2 macam si Maudy ini. Memilih utk ""mindful"" tdk mendengar, shut the noise hanya utk kenyamanan diri sendiri. Shame, for a person like you with such a big platform and high education. Shame.",6 hours ago,,,,0
https://www.youtube.com/watch?v=r1DSH9AQXLU,UgxlSfMAFpjahZUBzGd4AaABAg,Youtube,@24cky,"You’re not one of them, you’ll never understand what they’ve been through. This is mad tone-deaf🤮",7 hours ago,,,,0
https://www.youtube.com/watch?v=r1DSH9AQXLU,UgyzzO4Fi-jO_NdRPah4AaABAg,Youtube,@Riorio-d9s,Malu maluin. Terlalu pintar dan banyak di puji jadi lupa apa yang namanya empati! 💩,7 hours ago,,,,0
https://www.youtube.com/watch?v=r1DSH9AQXLU,UgxCe19xFJI23nQneCl4AaABAg,Youtube,@piscerenity,"hi kak maudy, aku udah nonton video ini sampai akhir, aku juga udah baca klarifikasi  (?) di komen. jujur, sebagai salah satu orang yg kena dampak dari jeleknya pemerintah, nonton ini bikin sakit hati, sambil liat masak breakfast yg 'too healthy' sementara ada di sisi dunia lain mau makan aja mikirin cukup atau ngga buat sebulan ke depan, yg penting makan boro2 mikir ini terlalu sehat apa ngga, bahkan ada yang untuk sebatas tidur nyenyak pun ga bisa, menghirup udara bersih pun sulit. 

sakit hatinya bukan karna ga seneng liat orang bisa lebih berkecukupan, tapi disini sambil bahas mindfullness terhadap bad news, kalau hidupnya nyaman, pasti bisa dimanage biar ga overwhelmed, kesannya kaya gampang banget, tinggal diimbangin aja liat sesuatu yg lain biar ga stres. tapi kalau bad news nya adalah realita hidup sehari hari bukan sekedar berita yg didenger? tenaganya abis di kerja dan mikir gimana caranya bisa survive sama hidup. 

tau ini tentang supaya bisa memilah berita dan jadi lebih aware, tapi rasanya sekarang dengan keadaan yg seperti ini sangat2 sensitif. melihat masalah dan keadaan yg benar2 terjadi hanya disebut sebagai bad news dan negativity. lebih baik fokus sama masalahnya dan kasih empati terhadap apa yg sedang terjadi dengan platform yg besar ini, biar bisa ngasih pandangan ke orang2 yg tone deaf biar lebih aware dan tau apa yg lagi genting. cukup peduli dan kasih empati aja. 

sebenernya aku juga ngerti maksud dari video ini gimana tapi ga pas aja timingnya. semoga bisa dimengerti dan maaf kalau ada salah2 kata, maaf kalau terlalu sensitif.",7 hours ago,,,,0
https://www.youtube.com/watch?v=r1DSH9AQXLU,Ugyx9N76kFI0CHmCKm14AaABAg,Youtube,@crimsonvvitch,We love our tone-deaf qween🌹,7 hours ago,,,,0
https://www.youtube.com/watch?v=r1DSH9AQXLU,UgwYUQ2ziAti9l6lJXN4AaABAg,Youtube,@rizkyamran931,Disuguhin tentang mindfullnes disituasi rakyat yang makin hari makin ngenes karena bencana dan kebijakan pemerintah sama orang yg nyiapin sarapan lucu2 an di dapur yang sangat comfy is the biggest bullshit that i ever watch. Miris bgt yang katanya berpendidikan tinggi di luar ternyata g punya empati sama sekali. 😂,7 hours ago,,,,0
https://www.youtube.com/watch?v=r1DSH9AQXLU,Ugxy_43xSXY6hDNoW1t4AaABAg,Youtube,@audinarezki1256,Video nirempati. Masih bisa cengar cengir  pula,7 hours ago,,,,0
https://www.youtube.com/watch?v=r1DSH9AQXLU,UgzI-YAUs7x4ceeHdcV4AaABAg,Youtube,@arifpamungkas2712,Your'e so annoying. Cut this bullshit.,7 hours ago,,,,0
https://www.youtube.com/watch?v=r1DSH9AQXLU,UgwEf6D7hkhc6MnJ2jp4AaABAg,Youtube,@makankelilingdunia2766,Enteng emang kl dari lahir crot udh idup enak. Jadi ga relate sm susahnya rakyat jelata,7 hours ago,,,,0
https://www.youtube.com/watch?v=r1DSH9AQXLU,Ugx0H9ajZXWuRtTphe54AaABAg,Youtube,@dwikykurniawan9815,Budek!,7 hours ago,,,,0
https://www.youtube.com/watch?v=r1DSH9AQXLU,UgyswZRFK_4Z8m-TsDZ4AaABAg,Youtube,@ARW1507,"Gokil, KONSISTEN BANGET TONE DEAFNYA 👍",7 hours ago,,,,0
https://www.youtube.com/watch?v=r1DSH9AQXLU,UgytomczUByYQ6KAypB4AaABAg,Youtube,@suriislamiati4945,kak i know what u mean.. ❤,7 hours ago,,,,0
https://www.youtube.com/watch?v=r1DSH9AQXLU,UgwqjFGqZoEtd9QCKUV4AaABAg.AagOPL4Xf5qAaiUU4mhQDJ,Youtube,@ikhwanilham5398,Mana kata maafnya kaka penerima beasiswa?,1 hour ago,,,,0
https://www.youtube.com/watch?v=r1DSH9AQXLU,UgwqjFGqZoEtd9QCKUV4AaABAg.AagOPL4Xf5qAaiUtngGcqr,Youtube,@mutiarasakinah5679,"harusnya km masak aja gk usah banyak ngomong,aduh jd blunder lg deh😢",1 hour ago,,,,0
https://www.youtube.com/watch?v=r1DSH9AQXLU,UgwqjFGqZoEtd9QCKUV4AaABAg.AagOPL4Xf5qAaiUvnw3gII,Youtube,@sekar7100,"denger bad news aja lu overwhelmed, lebih baik gak usah komen, ini bukan only bad news ini bad reality yg berdampak negatif ke semua orang. lo malah bilang ini seakan bad news yg baiknya gak kita hirauin ada pdhal influence lu segede itu. kata gue sih halah, berharap apa sm orang yg jawabannya ngerubah pilahan ganda jadi essay tiap ada yg nanya ttg kualitas pendidikan di indo. girl.. kamu travel keliling dunia tp jujur pikiran lu seputar international school jaksel",1 hour ago,,,,0
https://www.youtube.com/watch?v=r1DSH9AQXLU,UgwqjFGqZoEtd9QCKUV4AaABAg.AagOPL4Xf5qAaiV7Cbs8UB,Youtube,@AriAyi-g4c,MIRISSSS😤,1 hour ago,,,,0
https://www.youtube.com/watch?v=r1DSH9AQXLU,UgwqjFGqZoEtd9QCKUV4AaABAg.AagOPL4Xf5qAaiVN-3t3Dq,Youtube,@abdillahsanad,"Mungkin yg perlu ditanyakan; Bagaimana cara menyampaikan 'cukup' informasi dalam durasi yg sama?
Alih-alih makin banyak... bukankah lebih baik kalau lebih sedikit?",1 hour ago,,,,0
https://www.youtube.com/watch?v=r1DSH9AQXLU,UgwqjFGqZoEtd9QCKUV4AaABAg.AagOPL4Xf5qAaiWHBc3fQB,Youtube,@destrianaputrir.9816,"Aku ngerti sih, mungkin karena kamu tidak berada di situasi mereka “sang penerima kabar buruk” ini dan tidak tinggal dan menetap di kota yang isinya asap dengan kualitas udara yang sangat “Hazardous”. Sedangkan mereka, yang tidak terima tentang “mindfulness” ini adalah mereka yang bekerja keras di dalam kota itu, hari hari berjuang dengan krisis air, krisis bensin, air PDAM full asin, btw kak konteks yang aku kasi ini berita tentang karhutla di Kalimantan Barat. The bad news just keeps piling up. 
Cause were NOT OKAY. NOT NORMAL.",1 hour ago,,,,0
https://www.youtube.com/watch?v=r1DSH9AQXLU,UgwqjFGqZoEtd9QCKUV4AaABAg.AagOPL4Xf5qAaiWff1Cxkh,Youtube,@ahmadalghiffari2653,Mindfulness my a$$😂,1 hour ago,,,,0
https://www.youtube.com/watch?v=r1DSH9AQXLU,UgwqjFGqZoEtd9QCKUV4AaABAg.AagOPL4Xf5qAaiWiThZ60x,Youtube,@rendyhendrawan6933,Selfish Tone deaf,1 hour ago,,,,0
https://www.youtube.com/watch?v=r1DSH9AQXLU,UgwqjFGqZoEtd9QCKUV4AaABAg.AagOPL4Xf5qAaiX-98Cp99,Youtube,@lilafathirotus,"Orang kaya tidur, besok kasih motivasi lagi😹",1 hour ago,,,,0
https://www.youtube.com/watch?v=r1DSH9AQXLU,UgwqjFGqZoEtd9QCKUV4AaABAg.AagOPL4Xf5qAaiX4Va4xft,Youtube,@norindahaulia,"Hahaha ""berdasarkan struggle pribadi""😂 dari kalimat ini aja kamu tuh sombong dan egois kayaknya. Ini kah hasil LPDP? Mending refund aja duit rakyat yg pernah km pake, result yg km buat juga gak guna ke kami. Dunia gak berputar di sekitar kamu aja kak Maudy.",1 hour ago,,,,0
https://www.youtube.com/watch?v=r1DSH9AQXLU,Ugzg_R1WcrzOKXZQKLl4AaABAg,Youtube,@windahut2207,"Take this down, im begging you.",7 hours ago,,,,0
https://www.youtube.com/watch?v=r1DSH9AQXLU,UgwcH_Hi6SbQzX_LP5J4AaABAg,Youtube,@valizanurfahiera8748,"The definition of ""semakin klarifikasi semakin verifikasi"" wkwkwk gws deh kakk",7 hours ago,,,,0
https://www.youtube.com/watch?v=r1DSH9AQXLU,UgxfqjsZIGoGCGxbLCR4AaABAg,Youtube,@ratihcondroretno8524,"Sebagai LPDP Awardee seharusnya bisa speak up lebih kritis,biaya kuliah anda dibayarin rakyat se-indonesia Iho.Terbukti nyata kuliah tinggi tidak menjamin EMPATI.",7 hours ago (edited),,,,0
https://www.youtube.com/watch?v=r1DSH9AQXLU,UgyhEHcaN2SvI_cq9lR4AaABAg,Youtube,@whimsypoet,oh my god are u hearing urself right now,7 hours ago,,,,0
https://www.youtube.com/watch?v=r1DSH9AQXLU,Ugy_VI3CzaVYucKqwFt4AaABAg,Youtube,@ogheeprastiyo7220,"ITS JUST A BAD NEWS BUAT DIA TAPI REALITY BUAT KITA YANG BERDAMPAK 
SALAM DARI RAKYAT YANG IKUTAN PATUNGAN BIAYA PENDIDIKAN LOE",7 hours ago,,,,0
https://www.youtube.com/watch?v=r1DSH9AQXLU,Ugzy5ubhi7r35_F3NlJ4AaABAg,Youtube,@choco-t6n,"That is why there is ""eat the rich!"" Rich people like you. Sekolah pake duit rakyat, tp menganggap penderitaan rakyat sebagai negativity. Let's make her statement as our moment to eat the rich.",7 hours ago,,,,0
https://www.youtube.com/watch?v=r1DSH9AQXLU,UgzftfU0GGuec_wBTyp4AaABAg,Youtube,@anselmustungga1717,Ngaca dan mikir pakai otak dulu Maudy Ayunda biar empati kepakai,7 hours ago,,,,0
https://www.youtube.com/watch?v=r1DSH9AQXLU,UgzI3m-IRkOTV-rt3Jx4AaABAg,Youtube,@Chintia99,tone deaf finallll ni bocah wkwk,7 hours ago,,,,0
https://www.youtube.com/watch?v=r1DSH9AQXLU,UgzhyzUh5wtNUwjLiW54AaABAg,Youtube,@leaantsya15_,"TONE DEAF FINALL BOSS, MINIM EMPATHY!!!",7 hours ago,,,,0
https://www.youtube.com/watch?v=r1DSH9AQXLU,Ugyb9Xogf4Jh04M4CbF4AaABAg,Youtube,@deapii,"YOU DID NOTHING, PRINCESSSSSSS. Drop your oxford & standford degrees for absolutely NOTHING",7 hours ago (edited),,,,0
https://www.youtube.com/watch?v=r1DSH9AQXLU,UgyGdG4U_9IoGS8KIZV4AaABAg,Youtube,@NdoloeDinda-qc6bl,salah satu produkmu lllipe plumping lip butter diambil dari pohon tengkawang dari hutan Kalimantan. Coba cek masi ada gak tu pohon? Apa udah keganti jadi sawit? Are u sure u're from this island? Produkmu mengusunf from this island...but you're not even care what happend on the island where you make your money. Munafik....,7 hours ago,,,,0
https://www.youtube.com/watch?v=r1DSH9AQXLU,UgxlSmNTfOGJoqWmexx4AaABAg,Youtube,@fangirl_std,"The fact that you turning on an electric stove alone already pisses me off. People out there are literally fighting over those 3-kg LPG cylinders, while you’ve got electricity running 24/7. Where I’m from in Kalimantan, back when I was still a kid in the early 2000s, we still had rolling blackouts. Out of seven days, there’d usually be three days without electricity. You know what? More than 20 fucking years later, and some places are STILL dealing with the same shit. That’s more than two decades with barely any change. And the fucking irony? There’s literally coal underneath the ground there. So how the hell is electricity still not evenly accessible?!",7 hours ago,,,,0
https://www.youtube.com/watch?v=r1DSH9AQXLU,UgzmZ2zgROUXqWWGLZ54AaABAg,Youtube,@adeliaberliana3876,Then maybe don’t use ‘From This Island’ and build your whole brand around Indonesia if you couldn’t care less about what’s actually happening in Indonesia. Calling uncomfortable news ‘negative energy’ when you have the platform to speak up is… ironic af.”,7 hours ago,,,,0
https://www.youtube.com/watch?v=r1DSH9AQXLU,Ugyf3GPBw0tbcFxM7xx4AaABAg,Youtube,@oursceans,"jgn ajak-ajak gua dy, lu bukan temen gua",7 hours ago,,,,0
https://www.youtube.com/watch?v=r1DSH9AQXLU,UgwkQRcfZHc2v5SRleR4AaABAg,Youtube,@Luvotomy24,kwkwk bacot bet,7 hours ago,,,,0
https://www.youtube.com/watch?v=r1DSH9AQXLU,Ugz6TV28DRJW59GHHeF4AaABAg,Youtube,@wafabuwafa,Coba stay satu bulan di daerah gang sepeda nuntun mbak.,7 hours ago,,,,0
https://www.youtube.com/watch?v=r1DSH9AQXLU,UgxncYiQ1dPB5xRzA3t4AaABAg,Youtube,@NdoloeDinda-qc6bl,Looks like you're the one of the bad news 🫠,7 hours ago,,,,0
https://www.youtube.com/watch?v=r1DSH9AQXLU,UgzZu7XCZuFHGUbhcpp4AaABAg,Youtube,@dwipayaniaulia7746,"mindfulness my ass. LPDP awardee & all you do is making fancy breakfast while talking about limit  screen time for the sake of ur ""mindful life""???",7 hours ago,,,,0
https://www.youtube.com/watch?v=r1DSH9AQXLU,Ugz8N-tjBQ5sg0y1FPp4AaABAg,Youtube,@kuntinurulumamy1647,"Cantik pinter tapi gak guna, shame on you",7 hours ago,,,,0
https://www.youtube.com/watch?v=r1DSH9AQXLU,UgyhRecM-DpHJxof-cZ4AaABAg,Youtube,@br0ski683,Manusia yg dari awal pura-pura woke ketauan jg xixixi,7 hours ago,,,,0
https://www.youtube.com/watch?v=r1DSH9AQXLU,UgwqjFGqZoEtd9QCKUV4AaABAg.AagOPL4Xf5qAaiXA9h05hm,Youtube,@sekalabintang636,impacted communities? woy ini mayoritas masyarakat yg ngalamin. MAYORITAS. literally dri ujung sampe ujung ada semua masalahnya. yg community itu kalian para borjuis yg sok overwhelmed dengan berita yg ada. MAYORITAS dari kita mah terdampak langsung kali. mana bisa mindfull sih,1 hour ago,,,,0
https://www.youtube.com/watch?v=r1DSH9AQXLU,UgwqjFGqZoEtd9QCKUV4AaABAg.AagOPL4Xf5qAaiXb9_ti8-,Youtube,@norindahaulia,"Halahhh😂😂😂 dari kalimat kamu aja kamu tone deaf, EGOIS. Dahlah, LPDP gak berguna di kamu. Sis, dunia gak cuma berputar di kamu aja ya, coba mikir lagi deh dan napak tanah.",1 hour ago,,,,0
https://www.youtube.com/watch?v=r1DSH9AQXLU,UgwqjFGqZoEtd9QCKUV4AaABAg.AagOPL4Xf5qAaiXmV-qaPY,Youtube,@TL-we9uh,Lah makin bikin tambah parah respon nya😂😂😂,1 hour ago,,,,0
https://www.youtube.com/watch?v=r1DSH9AQXLU,UgwqjFGqZoEtd9QCKUV4AaABAg.AagOPL4Xf5qAaiYyP09naE,Youtube,@NurAini-d2v,Hidup lo terlalu enak maudy...jngn ngajarin orng lsin tone deaf,1 hour ago,,,,0
https://www.youtube.com/watch?v=r1DSH9AQXLU,UgwqjFGqZoEtd9QCKUV4AaABAg.AagOPL4Xf5qAaiZ0T6szXk,Youtube,@aldyssa,"born and living in a silver spoon talking about 'struggle' and being mindfull wow 👏 kak kamu enak struggle yang kamu hadapi pun masih bisa merasakan dinginnya AC rumah, dapur ngebul, ada yang urusin urusan rumah, why after being called out km malah klarifikasi bgini? malah isi klarifikasinya kosong lagi wkwkwk",1 hour ago,,,,0
https://www.youtube.com/watch?v=r1DSH9AQXLU,UgwqjFGqZoEtd9QCKUV4AaABAg.AagOPL4Xf5qAaiZFdR2pDB,Youtube,@ajisitimilachodijah4399,taikkk,1 hour ago,,,,0
https://www.youtube.com/watch?v=r1DSH9AQXLU,UgwqjFGqZoEtd9QCKUV4AaABAg.AagOPL4Xf5qAaiZRmuIrg_,Youtube,@Reimdekun,"Bagi yg males baca tulisan diatas sini gua artiin.
Jadi gini kurang lebih maksutnya 
""Waduh responnya negatif nih, jangan sampe guwe kena kensel kalo kena kensel usaha fromdisaylen gue sama usaha suami korea gue ntar terdampak""",58 minutes ago,,,,0
https://www.youtube.com/watch?v=r1DSH9AQXLU,UgwqjFGqZoEtd9QCKUV4AaABAg.AagOPL4Xf5qAaiZRxRogq2,Youtube,@AyeshaTaqiyya-y7t,"Sebenarnya dia pingin sharing hal positif, cuma cara pembawaannya yg nyinggung. Karena isu sensitif, gimana kalau ngga sambil bikin sarapan. Tapi dengan setting duduk aja, ga banyak sambilan kegiatan. Karena topiknya bener2 serius dan sensitif. 

Sebagai bagian dari influencer yg punya banyak privilege, aku tahu dia ga diam aja. Mungkin dia bisa share aksi kepedulian nyata yg uda dia lakukan. Ini bisa jadi bentuk empati bagi mereka yg terdampak. Oh dia ga NATO, itu penting sih. Apalagi share aksi kepedulian itu bisa menginspirasi fans juga untuk ikut aksi kepedulian.",58 minutes ago,,,,0
https://www.youtube.com/watch?v=r1DSH9AQXLU,UgwqjFGqZoEtd9QCKUV4AaABAg.AagOPL4Xf5qAaiZVc_iiVD,Youtube,@gamersantuy9237,"mb maudy terkasih, mending mb bikin kontennya di outdor aja, atau pergi ke pasar jl kaki, mindfull walking jd ga kelihatan privilege bgt, hehe",58 minutes ago,,,,0
https://www.youtube.com/watch?v=r1DSH9AQXLU,UgwqjFGqZoEtd9QCKUV4AaABAg.AagOPL4Xf5qAaiZfZIbA4_,Youtube,@Ownerakapro,"Intinya gini, dari banyaknya issue yg ada lu sering bungkam. Bentuk bakti lu sbg pengguna LPDP (inget guys ini dari keringet kita juga) ga ada tuh bakti""nya. Selama ilmu lu melekat, seumur hidup tanggung jawab lu sama kita"" yang bayarin lu LPDP. Kelakuan lu begini? See u soon di akhirat gw sebut nama lu",56 minutes ago,,,,0
https://www.youtube.com/watch?v=r1DSH9AQXLU,UgwqjFGqZoEtd9QCKUV4AaABAg.AagOPL4Xf5qAai_D6zsM8T,Youtube,@GinanjarApriandi-g5o,"Kamu ini bisa ngeliat realita gk sih kak maudy? apa kamu sebenarnya hidup dalam bubble mu sendiri? melabeli seluruh rakyat Indonesia dengan kata: ""for those impacted communities"" udah cukup menjelaskan sih tanpa kamu klarifikasi. Mending kamu turun langsung ke lapangan utk ngeliat realita, bkn nyuruh orang selalu berpikir positif di kondisi yg carut marut kyk skrg. Sebagian besar yang komen disini menurut saya pasti nyesel udah bayarin kamu kuliah LPDP.",51 minutes ago (edited),,,,0
https://www.youtube.com/watch?v=r1DSH9AQXLU,UgwqjFGqZoEtd9QCKUV4AaABAg.AagOPL4Xf5qAai__6N879c,Youtube,@Phyyco,"Bedain antara mindfulness sebagai praktik personal dan mindfulness sebagai alasan untuk tidak merespons penderitaan sosial. Lo berhak menjaga mental space lo. Yang problematik adalah ketika penderitaan orang lain (bad news) direduksi menjadi sekadar “berita yang mengganggu ketenangan” lo
Lo itu contoh nyata seberapa jauh privilege memungkinkan seseorang melihat tragedi orang lain sebagai noise alias bad news yg harus disikapi dg “mindful” ala lo ini agar well being lo tetap terjaga. Cih 🗿",48 minutes ago,,,,0
https://www.youtube.com/watch?v=r1DSH9AQXLU,UgwqjFGqZoEtd9QCKUV4AaABAg.AagOPL4Xf5qAai_w2pE4r5,Youtube,@karappononoraneko0o,"Bro enak bgt yh, org have dari lahir, tinggal di indo lagi (org2nya pemaaf dan pelupa) jd susah buat cancel culturenya. 
Kata gw mah lu masuk jd salah satu golong orang2 yg dirindukan guillotine🙏🏻
Maap kalo ketikan gw jahat, tp lo kelompok borju lebih jahat👎 dr awal denger from this island udh kesel jir, org seapatis ini sok bawa2 biodiversity lokal dan cmn ambil keuntungannya aja (capitalism typical).
Lagian apa yg diharapin si dr dia yg emg udh terkenal apatis sejak taun2 lalu, postingan di ig pun hm.. gk ada lah kritik kebijakan bodoh rejim. Main aman trs. Jelek pola pikirlu mod, zero empathy.
Biarin aja dirujak abis2an di sosmed gausah kasihan sm org yg bahkan gk peduli lu pada idup apa enggak🙏🏻
At very least dia dpt komen ky gini krn polahnya dia sndiri, dan dia msh bisa menikmati hidupnya yg penuh dg priviles itu. 
Mending save energi dan empati kita buat masyarakat yg msh hidup susah + flora fauna yg gk bersalah tp ikut trdampak🙏🏻",45 minutes ago,,,,0
https://www.youtube.com/watch?v=r1DSH9AQXLU,UgwqjFGqZoEtd9QCKUV4AaABAg.AagOPL4Xf5qAaibMGkf28_,Youtube,@rahmatfajrin4631,rumah nya ada asap ya yun,33 minutes ago,,,,0
https://www.youtube.com/watch?v=r1DSH9AQXLU,UgwqjFGqZoEtd9QCKUV4AaABAg.AagOPL4Xf5qAaib_5vWBOh,Youtube,@rahmatfajrin4631,sarapan MBG coba yun biar terasa mindfulness nyaaa,31 minutes ago,,,,0
https://www.youtube.com/watch?v=r1DSH9AQXLU,UgwqjFGqZoEtd9QCKUV4AaABAg.AagOPL4Xf5qAaicFabRrTc,Youtube,@zahrinazatadini5297,"Maudy, I hope you read this comment: Mungkin dirimu mau mengkoreksi sedikit di bagian 'bad news'. mungkin maksudmu adalah 'terlalu terpapar dengan banjir informasi di sosial media'. karena aku tau yg kamu maksud adalah itu. karena bad news itu sebetulnya indikator, kalo ada sesuatu yg harus dibereskan, aku tau kamu pasti paham ini. tapi memang ada hal yg tidak bisa kamu bereskan sendiri, bukan komepetensi mu bukan ranahmu, bukan ranah kita. banyak hal yg itu seharusnya menjadi tanggung jawab orang lain, tidak tertangani dengan tepat, dan kita terkena dampaknya. aku tau kamu pasti peduli tapi pilihan kalimat itu sangat berarti sekali. bad news untuk sebagian orang adalah indikator, mereka 'butuh' bad news. darimana pun kita bisa dapat bad news. tanpa bad news kita ngga akan tau apa yg terjadi di sekeliling kita. dari koran, sosial media, dari lingkungan kerja, dari mulut teman. tapi memang yg sangat membajiri isi pikiran kita, dari sosial media. yang esensi nya adalah mindfull dalam bersosial media dan mendengarkan opini dari mana pun itu, bagaimana regulasinya, preventif dan penanganannya. I hope this helps...",25 minutes ago,,,,0
https://www.youtube.com/watch?v=r1DSH9AQXLU,UgwqjFGqZoEtd9QCKUV4AaABAg.AagOPL4Xf5qAaicl46WfSa,Youtube,@SOME_DL,Minus empati,20 minutes ago,,,,0
https://www.youtube.com/watch?v=r1DSH9AQXLU,UgwqjFGqZoEtd9QCKUV4AaABAg.AagOPL4Xf5qAaicnsGJvyC,Youtube,@KlandestinK,who tf do you think you are?,20 minutes ago,,,,0
https://www.youtube.com/watch?v=r1DSH9AQXLU,UgwqjFGqZoEtd9QCKUV4AaABAg.AagOPL4Xf5qAaidJKn48l-,Youtube,@yiekalani6692,Maudyyy...woyy prnh ngerasin makan cma pke gren doank gk...liat plis sono ke pdalaman2 ktmu nasi hri ini aja udh alhamdulillah bgt. Jgn mengajari rakyat tenang klo prut kluarga lapar. NIREMPATI BGT,16 minutes ago,,,,0
https://www.youtube.com/watch?v=r1DSH9AQXLU,UgwqjFGqZoEtd9QCKUV4AaABAg.AagOPL4Xf5qAaidT2C-bpz,Youtube,@trisnadharmayanti,"Oh theres no 'sorry' in your own dictionary y ka, ok then🙏",14 minutes ago,,,,0
https://www.youtube.com/watch?v=r1DSH9AQXLU,UgwDim2MgQyRCuJOo494AaABAg,Youtube,@NONAME-7374,"Isi kulkas lu masih penuh, rekening lu masih gendut, perut lu masih kenyang mkny lu bisa cuek !!!",7 hours ago,,,,0
https://www.youtube.com/watch?v=r1DSH9AQXLU,Ugx3CoNBOXmO4pp9XyV4AaABAg,Youtube,@nhanaardianna6426,"Ohh.. maksudnya dia ngomong gini tuu audience nya buat orang2 have ajah.. org2 yg gak berdampak langsung dan yg gak punya empati.. gt kan..

Wow",7 hours ago,,,,0
https://www.youtube.com/watch?v=r1DSH9AQXLU,Ugzk1hYq3w38kmXk51B4AaABAg,Youtube,@almasrdfan8630,"Lu nyuruh org lain buat mindfullness, tapi konten di video ini aja cara makan lu ga mindful. Omdo atau gmn ini wkwk. Padahal mindful eating salah satu yg paling basic dari mindfulness itu sendiri",7 hours ago,,,,0
https://www.youtube.com/watch?v=r1DSH9AQXLU,Ugyq8H9lZe4fzvYhiN54AaABAg,Youtube,@fourthnattawat-w1e,"lu cape denger berita ini? gimana yang ngejalaninnya... lu baca berita ini di ruangan ber AC, masih bisa hidup enak, saldo puluhan juta Maudy. lu bisa sekolah tinggi karena ortu lu mampu, jangan lupa lu dapet beasiswa PAKE UANG RAKYAT. jangan dihapus vidionya, lu pertanggung jawabkan semua ucapan lu di Akhirat. lu punya banyak pengikut di IG, relasi harusnya bantu ini malah budeg.",8 hours ago,,,,0
https://www.youtube.com/watch?v=r1DSH9AQXLU,UgzkpEWwmrLz9dKW1UB4AaABAg,Youtube,@nyxen_1,Please be mindful of local laws and regulations,8 hours ago,,,,0
https://www.youtube.com/watch?v=r1DSH9AQXLU,UgwSTdlysLN8RJj_wbd4AaABAg,Youtube,@billilyonare,"you have the power and source to help those people on the 'bad news' who need it. so help them to make yourself feel better. you can't be so dense for whining on the internet about the news when it is the reality for most of us. you're smart, do better.",8 hours ago,,,,0
https://www.youtube.com/watch?v=r1DSH9AQXLU,UgzKT2VsbS5E9MEZJkV4AaABAg,Youtube,@nysssaa,"gokil tone deaf final, orang lagi berjuang untuk hidup malah dibilang bikin bad news😂😂😂😂",8 hours ago,,,,0
https://www.youtube.com/watch?v=r1DSH9AQXLU,Ugwbgarf1BtPi98AMHd4AaABAg,Youtube,@jamesdean6747,"Sherina wasn't funded by LPDP yet she has conscience to SPEAK UP and ACT! INSTEAD of superficially feeling ""sad & angry"" and tried to filtered everything through the drain.
Indonesian reality is merely a ""bad news"" for highly achieving Maudy & alike 😢 #sad #tonedeaf",8 hours ago,,,,0
https://www.youtube.com/watch?v=r1DSH9AQXLU,Ugy4rDXcZfSv-c452n94AaABAg,Youtube,@aenielriss,"long ahh vid self explaining ngomong mindful lah, careful lah, ya intinya aja ""overwhelmed deh denger berita buruk pdhl aku ga terdampak huftt ganggu my beauty breakfast aja, let's cover my ears and eyes then! oh it is being mindful just because i can"" 
as far as i know, the bad news that have been circulating around? wildfire, corruption, earthquakes survivors that didn't get the right support from the govs that eventually make us ""hey we are suffering! help us! we are mad towards the govs let's do the demo"" 

penasaran juga deh media seperti apa yang kamu pilih untuk melihat kondisi sekarang? it is not just as simple as a bad news it is someone's tragedy.",8 hours ago,,,,0
https://www.youtube.com/watch?v=r1DSH9AQXLU,Ugyfbp-5-o8JRq8bmtZ4AaABAg,Youtube,@MochaMochi123,"Gimana kalo balikin aja semua biaya pendidikan LPDP, mayan lah ngurang2in kekesalan kami sbg tuan yg biayai pendidikanmu",8 hours ago (edited),,,,0
https://www.youtube.com/watch?v=r1DSH9AQXLU,UgzZN1Me0aG1eEFr2MR4AaABAg,Youtube,@reckyrinaldi11,"O gtu, SELFISH ya!!",8 hours ago,,,,0
https://www.youtube.com/watch?v=r1DSH9AQXLU,UgzGm4zFcO9Xdfu4GdV4AaABAg,Youtube,@yustindessy6849,"Kakk please take down, please.",8 hours ago,,,,0
https://www.youtube.com/watch?v=r1DSH9AQXLU,UgxODfx6bEdZSlda7pZ4AaABAg,Youtube,@billyerickson353,"Cup cup cup my princess keganggu ya sama bad news yaa.. kaciannn, maafin kami yg kena bencana dan dzalim pemerintah ini ya, jdnya mental kamu kegangguu.. cup cup cup rapunzelku",8 hours ago,,,,0
https://www.youtube.com/watch?v=r1DSH9AQXLU,UgwERWlFTLw_xh-sahR4AaABAg,Youtube,@batasnalarr,Kesini gara² threads,8 hours ago,,,,0
https://www.youtube.com/watch?v=r1DSH9AQXLU,UgyFbsbFpDe4MAd6rH54AaABAg,Youtube,@righthere45,Bad news katanyaa sambil ngomong di rumah yg nyaman dengan makanan yang proper,8 hours ago,,,,0
https://www.youtube.com/watch?v=r1DSH9AQXLU,UgxGn5fZ6xPABgZluMV4AaABAg,Youtube,@fermana4141,Saya sangat menyarankan buat konten memasak seperti ini di tengah asap kalimantan .. alih mindfullnes berubah jadi empathynesss,8 hours ago (edited),,,,0
https://www.youtube.com/watch?v=r1DSH9AQXLU,UgwqY_iZD2X-0UXLS994AaABAg,Youtube,@inititsimple,"bad news, sounds like you're hearing from another universe",8 hours ago (edited),,,,0
https://www.youtube.com/watch?v=r1DSH9AQXLU,Ugx8DJ8JVHOv56CC1_54AaABAg,Youtube,@blueflowers2166,"Hi Maudy!

Daripada kamu pake youtube kamu buat posting video tentang mindfullness di tengah banyaknya bad news or whatsoever mendingan kamu pake buat ngomongin soal reality of that bad news as a public figure. 

Kamu bisa banget loh kasih pendapat kamu yang menunjukan empati kamu buat korban yang terdampak langsung. Kenapa sesusah itu sih? Kamu 02 voter kah?

Jujur aku ga bisa selesaiin nonton video ini karena apa yang kamu share mengganggu mindfullness aku as viewer. Sorry for giving you this bad news😊",8 hours ago,,,,0
https://www.youtube.com/watch?v=r1DSH9AQXLU,UgwZt51ERbM48RZick54AaABAg,Youtube,@bro_1745-n4j,Maudy maudy maudy… apart lu sebulan setara 2 bulan gaji gw sebagai drg puskesmas yg dipandang sebelah mata oleh pemerintah.. bffr!,8 hours ago,,,,0
https://www.youtube.com/watch?v=r1DSH9AQXLU,Ugxt6ZfOrmXUMeyGoRl4AaABAg,Youtube,@RizkykaNurAzizah,"Kk kecewa bgt sm kk, setonedeaf it kk",8 hours ago,,,,0
https://www.youtube.com/watch?v=r1DSH9AQXLU,UgwqjFGqZoEtd9QCKUV4AaABAg.AagOPL4Xf5qAaidbEDCaB3,Youtube,@syahriramadhan4612,"enak ya jadi orang kaya, bisa kuliah di luar negri, bisa sekolah di sekolah internasional, gaperlu repot mikir nanti bisa makan atau engga, sampe di titik harus nutup telinga biar tetep mindfull di negara bangsat ini",13 minutes ago,,,,0
https://www.youtube.com/watch?v=r1DSH9AQXLU,UgwqjFGqZoEtd9QCKUV4AaABAg.AagOPL4Xf5qAaieCYHRzza,Youtube,@draveeen2718,"ngga ada ""maaf""-nya? emang ppek",8 minutes ago,,,,0
https://www.youtube.com/watch?v=r1DSH9AQXLU,UgwqjFGqZoEtd9QCKUV4AaABAg.AagOPL4Xf5qAaieZK1dKdy,Youtube,@rizqiputriwinanti8931,Km buzzer yg di english2kan kak?,5 minutes ago,,,,0
https://www.youtube.com/watch?v=r1DSH9AQXLU,UgwqjFGqZoEtd9QCKUV4AaABAg.AagOPL4Xf5qAaghEHz-ti-,Youtube,@anilutfiyatuss,"Just listening and learning and still do nothing? You have power and voice kak

Bener kata mamaku, kamu org yg gak terlalu pantes buat diidolain, sorry.",18 hours ago,,,,0
https://www.youtube.com/watch?v=r1DSH9AQXLU,UgwqjFGqZoEtd9QCKUV4AaABAg.AagOPL4Xf5qAagqJZ3r1Ma,Youtube,@JDtrain1,"Bener kak, aku dulu stres lihat berita timur tengah. 
24/7 berita perang terus dan berbagai propaganda dan komentar informasi palsu.
Akhirnya aku blokir semua dan lebih baca berita investigasi mendalam.",17 hours ago (edited),,,,0
https://www.youtube.com/watch?v=r1DSH9AQXLU,UgwqjFGqZoEtd9QCKUV4AaABAg.AagOPL4Xf5qAah8Amy3x_9,Youtube,@Deariantiumar,"​ @JDtrain1 seharusnya di kondisi ini, kamu cari solusinya. Bukan malah lari dari kenyataan. Pengecut",14 hours ago,,,,0
https://www.youtube.com/watch?v=r1DSH9AQXLU,UgwqjFGqZoEtd9QCKUV4AaABAg.AagOPL4Xf5qAagOrjn6Hqn,Youtube,@Erik-xe6oz,Halo kak,21 hours ago,,,,0
https://www.youtube.com/watch?v=r1DSH9AQXLU,UgwqjFGqZoEtd9QCKUV4AaABAg.AagOPL4Xf5qAagqLwDAMIV,Youtube,@yudhaprawira8890,"step away from the news bukan privileged ya kak, itu artinya tone deaf / ignorance dan membiarkan causes dari bad mews itu circulating in the status quo. Sorry banget sebagai face of wanita berpendidikan ur statement sangat irritating",17 hours ago,,,,0
https://www.youtube.com/watch?v=r1DSH9AQXLU,UgwqjFGqZoEtd9QCKUV4AaABAg.AagOPL4Xf5qAah9wZ8JM55,Youtube,@lida1874,"Udah kebanyakan omong elu, pakai bahasa yg aneh2. Kayak anies aja, seneng berkata2 Manis. Pakai LPDP buat biayain kulian double degree, udah keliatan mental tone deaf & ignorance. Gila selama ini fans nya dimanfaatin aja. Perusahaan kosmetik nya juga explosive sumber alam di papua.",14 hours ago,,,,0
https://www.youtube.com/watch?v=r1DSH9AQXLU,UgwqjFGqZoEtd9QCKUV4AaABAg.AagOPL4Xf5qAah8LH7_lzH,Youtube,@kawamatsu33,semangat maudy. i know you’re not meant to cause any harm.. ❤,14 hours ago,,,,0
https://www.youtube.com/watch?v=r1DSH9AQXLU,UgwqjFGqZoEtd9QCKUV4AaABAg.AagOPL4Xf5qAah8jON8q4b,Youtube,@paricmando1226,the audacity 😂,14 hours ago,,,,0
https://www.youtube.com/watch?v=r1DSH9AQXLU,UgxWOW0rZty84ldKm094AaABAg,Youtube,@mareshawidyamuliadiasti7870,"sini mbak modi, main ke pontianak. mindfulness in hazardous AQI😊",8 hours ago,,,,0
https://www.youtube.com/watch?v=r1DSH9AQXLU,UgwnkCuQHUI1QZElPEl4AaABAg,Youtube,@dontdisturbme12,"Bergerak dan bertindak mba pilihannya bukan avoidant dari krisis rakyat. Lalu dibalut dengan kata-kata dan ilmu tinggi mu itu. Itu juga kalau masih ingat ya pendidikanmu ditunjang pajak rakyat sih. 

Enjoy your nice breakfast with your execelant mindset.",8 hours ago,,,,0
https://www.youtube.com/watch?v=r1DSH9AQXLU,UgwR5VZO2j-JWF4dJ5h4AaABAg,Youtube,@Sally-g4n6u,Lu ga paham rasanya disini banyak yang meregang nyawa mod..,8 hours ago,,,,0
https://www.youtube.com/watch?v=r1DSH9AQXLU,UgxVprTixBW2k2Brg3h4AaABAg,Youtube,@renantoadi,hapus aja mod videonya,8 hours ago,,,,0
https://www.youtube.com/watch?v=r1DSH9AQXLU,UgyPzvR-KCaGrGuWtJd4AaABAg,Youtube,@uzwarv1751,Apatis Final Bos. Shame on you!!!!!!!!!!,8 hours ago,,,,0
https://www.youtube.com/watch?v=r1DSH9AQXLU,UgyZt8iqXRiOBCtRTyZ4AaABAg,Youtube,@nasyw44,well educated tidak semerta merta membuat org punya empati wkwkw,8 hours ago,,,,0
https://www.youtube.com/watch?v=r1DSH9AQXLU,UgxWIHZnQIkhu-7I3cl4AaABAg,Youtube,@oxanafajrinmaharani6117,pinter tapi minim empati👎,8 hours ago,,,,0
https://www.youtube.com/watch?v=r1DSH9AQXLU,UgzwBmn_uHsiDlF83v94AaABAg,Youtube,@egaisdarini7311,"Saat ini bukan nasihat atau apalah itu yg dibutuhin, but solusi action...

Seakan2 menyudutkan yg nyata2 masyarakat jadi korbannya.",8 hours ago,,,,0
https://www.youtube.com/watch?v=r1DSH9AQXLU,UgxeFCb2rg9x5eUoj8t4AaABAg,Youtube,@sidegigs-98,"the fact that this is coming from a privileged person makes u look really unempathetic. pls remind urself that while u’re only stressed about these “bad news” situations and worried that they might affect ur career, there are tons of people out there going days without food, having no roof over their heads, losing their jobs, surviving disasters, and even losing their lives.

mindfulness means being aware of what’s happening around u and thinking about what u can do to make the situation better. this video just makes u look unempathetic because u will only use ur voice and platform when it actually affects u one day.",8 hours ago,,,,0
https://www.youtube.com/watch?v=r1DSH9AQXLU,Ugwex8r6kq9y9Vei2Vh4AaABAg,Youtube,@raddie1799,Gal Gadot & friends singing Imagine in the midst of pandemic ahh moment,8 hours ago,,,,0
https://www.youtube.com/watch?v=r1DSH9AQXLU,Ugzx3_kt8778bW8JLxB4AaABAg,Youtube,@nunu6571,pakai inglish biar keliatan pintar ya?,8 hours ago,,,,0
https://www.youtube.com/watch?v=r1DSH9AQXLU,Ugw8zAi3-Sn2WI09oph4AaABAg,Youtube,@ArinRza,"sekolah doang yg tinggi, pola pikir kayak orgil",8 hours ago,,,,0
https://www.youtube.com/watch?v=r1DSH9AQXLU,UgyB3FQL-qE-FpOgdYt4AaABAg,Youtube,@cherrypopfunk,"I've also watched Maudy talk about her desire to return to Indonesia and help change the education system.
And perhaps that is why this particular conversation about mindfulness makes me question something deeper.
Because if you genuinely want to change society, especially something as complex as education, you first have to be willing to truly see society. Not just analyse it from a distance. But actually see the people living inside its problems. When you say you want to change Indonesia, which Indonesia are you actually trying to understand?",8 hours ago (edited),,,,0
https://www.youtube.com/watch?v=r1DSH9AQXLU,UgzuVZSe7NaCN3pqBQV4AaABAg,Youtube,@ArinRza,hadeeehhhhhhhhhhh,8 hours ago,,,,0
https://www.youtube.com/watch?v=r1DSH9AQXLU,Ugy8dVBfvEj3u6I9KyB4AaABAg,Youtube,@aryanggraini9751,"Vibe nya ""let them eat cake"" banget, gilaaaa",8 hours ago,,,,0
https://www.youtube.com/watch?v=r1DSH9AQXLU,UgxxxX3rLGUUy38DNat4AaABAg,Youtube,@microclipperz,"People are dying, and you talk about mindfulness, mba, you only need an empathy, and use your platform to raise the voice over this madness. Not, embracing this kind of nonsense mindfulness.",8 hours ago,,,,0
https://www.youtube.com/watch?v=r1DSH9AQXLU,UgzdwbfPhEt39qLDI1t4AaABAg,Youtube,@pujifsusanti452,"Ketimbang “nyelamatin mental”, untuk Anda yang punya previlasi dan public figur, ambilah peran untuk bersuara dan membuat perubahan. Anak gadis saya penggemar anda, tapi saya kira dia akan broken heart kalau berpikir dalam tentang konten ini.",8 hours ago,,,,0
https://www.youtube.com/watch?v=r1DSH9AQXLU,Ugxc08yygsqqp-VzY9t4AaABAg,Youtube,@AyuningtyasEkayanti,"Neng, klarifikasinya blunder. 
As if you are not indonesian citizen. ""For those who impacted communities""
Are you immune to the policy in here ? 
Or are you living in your bubble so thats why you think all these bad news in indonesia is out of your control and none of your business ? As if you are not an indonesian influencer which basically at least have a control with your content (like this video).

Overwhelmed ini beda krn mmg negara butuh diselamatkan. Beda konteks.
Klo konteksnya overwhelmed masalah pribadi ya monggo, isinya bagus sih. 

Get your empathy sis. 
Choose your words wisely
You shouldve known better and smarter enough to choose your content, which one to share and which one to keep alone (as an influencer, or as a wni or as yourself alone).
Ini mah namanya klarifikasi yg butuh klarifikasi lagi",8 hours ago,,,,0
https://www.youtube.com/watch?v=r1DSH9AQXLU,UgzzOlaZgAWdjdjnyGF4AaABAg,Youtube,@cherrypopfunk,"Mbak Maudy, when things are happening to society, are you positioning yourself as someone affected by the collective reality, or primarily as an observer trying to manage your personal emotional response to it?
Because before we move too quickly into advice about protecting our peace, managing our emotions, and staying mindful, perhaps we need to first PAUSE and acknowledge the people who no longer have the privilege of doing the same.

Because before protecting our peace, perhaps we need to first recognise who has already lost theirs.",8 hours ago (edited),,,,0
https://www.youtube.com/watch?v=r1DSH9AQXLU,Ugwi2m9vrjxASQdQajB4AaABAg,Youtube,@rizkyandikadarmawan4889,"Kagak usah ngajarin orang buat mindfulness. Ngomong begitu mah gampang karena lu bukan bagian dari mereka yang setiap harinya struggling dengan kerasnya kehidupan mereka. Lu bangun tidur di kamar ber AC, keluarga yang berada, hidup serba kecukupan, terus lu sok ngajarin orang lain yang hidupnya gak seenak hidup lu buat mindfulness? Wkwkwk kocak.

Lagipula ya Mba, lu itu alumni beasiswa yang sumber dananya dari APBN yang dibayar oleh pajak orang-orang di negara ini. Ya minimal lu sebagai influencer itu speak up program pemerintah yang nyeleneh dari prespektif lu sebagai alumni LPDP, bahas lah dari sisi akademik kek apa kek, itu lebih bermanfaat ketimbang sok ngajarin orang buat mindfulness.

Kalau gak bisa kritis dan bersuara, mending gak usah nambah-nambah beban pikiran mereka yang hidupnya lagi bener-bener diuji sama pemerintah.",8 hours ago,,,,0
https://www.youtube.com/watch?v=r1DSH9AQXLU,UgwqjFGqZoEtd9QCKUV4AaABAg.AagOPL4Xf5qAah8pczZ9hL,Youtube,@1789_nb,perspektif lain 😹😹😹 lu pikir prespektif lu layak disandingkan dengan kebenaran objektif yang dirasakan orang lain disini???? kok bisa pola pikir gini lulus ujian disertasi???? Apakah Oxford telah kehilangan kualitasnya? Atau jurusan kamu yg jelek?,14 hours ago,,,,0
https://www.youtube.com/watch?v=r1DSH9AQXLU,UgwqjFGqZoEtd9QCKUV4AaABAg.AagOPL4Xf5qAah9FfBBq-V,Youtube,@muhammadfairuz201,"How can you said you “were talking about your own problem” when in fact you literally just said everything that is going on currently, does that make any sense?",14 hours ago,,,,0
https://www.youtube.com/watch?v=r1DSH9AQXLU,UgwqjFGqZoEtd9QCKUV4AaABAg.AagOPL4Xf5qAag_Ynknjd9,Youtube,@e-one8925,Sehat dan cantik selalu kak ayu,19 hours ago (edited),,,,0
https://www.youtube.com/watch?v=r1DSH9AQXLU,UgwqjFGqZoEtd9QCKUV4AaABAg.AagOPL4Xf5qAah9kqGi-Y6,Youtube,@GelungArpahul,​ @e-one8925  aja sendiri,14 hours ago,,,,0
https://www.youtube.com/watch?v=r1DSH9AQXLU,UgwqjFGqZoEtd9QCKUV4AaABAg.AagOPL4Xf5qAagQGbaHQkO,Youtube,@florencianyta1601,"Haii Kak Maudy, I feel sorry for you.. aku agak ga paham sih kenapa dihujat, pdhl kalo nonton full pasti ngerti kok kalo mindfulness yg dmaksud ini bkn yg jd apatis..  justru I find this very helpful juga, tp ga tau deh ya org mgkn bs nangkepnya beda2.. Jgn patah semangat yaa, pls ttp bikin video and being you krn ad org2 lain jg yg butuh obrolan inii ❤",20 hours ago,,,,0
https://www.youtube.com/watch?v=r1DSH9AQXLU,UgwqjFGqZoEtd9QCKUV4AaABAg.AagOPL4Xf5qAagQsDkdtCc,Youtube,@wasuptya1997," @florencianyta1601 itu tone deaf namanya. kalo gabisa jd speaker as public figure, ya mending diem aja. gausah bawa2 bad news blablabla gajelas jir kalo mau share mindfullness atau apapun itu, yaudah fokus kesana aja. gausa fomo ikut2an tapi gak nyambung",20 hours ago,,,,0
https://www.youtube.com/watch?v=r1DSH9AQXLU,UgwqjFGqZoEtd9QCKUV4AaABAg.AagOPL4Xf5qAagapGDdzte,Youtube,@macetparah,"​ @florencianyta1601 dia sbg influencer yang punya banyak followers/subscribers juga harusnya NAPAK TANAH dan ngeh apa yang lagi jadi issue gede di Indonesia, emang gaada rasa empatinya aja makanya tetep dipost di tengah kesulitan yang dialami orang-orang di luar sana. mana masih denial sama klarifikasinya lagi 😂😂😂😂😂",19 hours ago,,,,0
https://www.youtube.com/watch?v=r1DSH9AQXLU,UgwqjFGqZoEtd9QCKUV4AaABAg.AagOPL4Xf5qAagVxVjkqJ9,Youtube,@Mirandaalda,"​​ @florencianyta1601  suasananya gak pas sih buat upload video soal mindfulness from bad news dimana banyak orang yg struggle dgn kondisi di negara ini. Kesannya terlalu ignorant apalagi statement ini datang dari orang yg privileged kek maudy.

Kalo mau mindful emang lebih baik dikeep sendiri aja, apalagi dia publik figur.",20 hours ago (edited),,,,0
https://www.youtube.com/watch?v=r1DSH9AQXLU,UgzKigoE82d3VHlsAVF4AaABAg,Youtube,@dianaharumpratiwi9794,"Gausah sok imut gitu deh, geli lihat videonya dan pola pikirnya yg ga punya hati",8 hours ago,,,,0
https://www.youtube.com/watch?v=r1DSH9AQXLU,UgzoLsFZ7fOJfm1Pyi94AaABAg,Youtube,@dunia.kuliner,Sama kayak lu ngeluh makanan lu gak enak didepan orang yg gak makan berhari2..,8 hours ago,,,,0
https://www.youtube.com/watch?v=r1DSH9AQXLU,UgwxQPm_0Xmr98-zpT54AaABAg,Youtube,@BaimBaim-d9c,"Bacot anda!!coba sini tinggal di kota Palembang,biar tau rasanya berhari hari menghirup asap,anak2mu mengalami ISPA.Ini bukan cuma ""BAD NEWS"" ini realita yg ada dihampir seluruh Indonesia!! Nirempati ternyata!! Ga liat Sherina Munaf ya,yg turun langsung membantu memadamkan api di Kalimantan?? Itu baru KEREN 👍👍👍🔥🔥🔥",9 hours ago,,,,0
https://www.youtube.com/watch?v=r1DSH9AQXLU,UgzUw8THHO35B20OIFp4AaABAg,Youtube,@MawarBiru-g8i,"kalo beneran ngikutin berita dan REALITA, bukan cuma setahun ini kita dibombardir berta buruk. udah jauhhh lebih dari itu",9 hours ago,,,,0
https://www.youtube.com/watch?v=r1DSH9AQXLU,Ugzbyxmd5aqxAPExjzx4AaABAg,Youtube,@DuniaTipu-d9t,tone deaf,9 hours ago,,,,0
https://www.youtube.com/watch?v=r1DSH9AQXLU,UgwS79q8MJ2S_q9Y0v54AaABAg,Youtube,@dunia.kuliner,"Sambil pamer dapur estetik .. dan cas cis cus dengan bahasa inggrisnya.. curhat dia pusing dengan berita akhir2 ini,, tp sambil ketawa2 😢😢 mending gunain kepinteran mu untuk lgsun turun jd lebih berguna",9 hours ago,,,,0
https://www.youtube.com/watch?v=r1DSH9AQXLU,Ugwx37u8GtNJxKmy3Th4AaABAg,Youtube,@andigamingchannel-j2l,"kenapa tuhan kasih kepintaran dengan segala macam privilage nya itu sama ini orang ya ,sia sia bgt",9 hours ago,,,,0
https://www.youtube.com/watch?v=r1DSH9AQXLU,Ugwp71WxZFk9gVUIKDJ4AaABAg,Youtube,@burgundy_anaconda,"ya ampun kak, bagi kamu itu cuma sekedar bad news tapi bagi kami itu bad reality 💔💔💔",9 hours ago,,,,0
https://www.youtube.com/watch?v=r1DSH9AQXLU,UgzV3mv3R8wn2-vRUTR4AaABAg,Youtube,@maurizkachairunnissa7214,"Ka, bagi banyak orang... Ini bukan hanya bad news loh. Inj reality. Kaget sih dengan statment nya. Apa maksud kaka ""let them eat cake?"" If u know, u know.",9 hours ago,,,,0
https://www.youtube.com/watch?v=r1DSH9AQXLU,Ugwh8mDaCvsZ8CuDBr94AaABAg,Youtube,@MysamPad,"dari awal video pernyataannya udah paham kita semua ini lagi dibombardir bad news berarti selama ini news nya tuh nyampe kan ya, dy?

bukannya ikut speak up karena sudah terlalu banyak kejanggalan di negara ini & juga diluar negeri.

kamu malah milih buat ikutin toxic positifity kamu, oke kamu ga sadar tapi setelah banyak orang coba jelasin kekamu, kamu malah blunder lagi dengan kasih statement defensif.

padahal kamu bisa loh dengan mindfulness-mu itu deep talk dengan diri kamu sendiri kalau emg sekarang dimana-mana lagi ga baik-baik aja, dan jangan DENIAL!

kalau udah mentok dijelasin banyak pihak dan kamu masih mau denial ga usah bikin video kaya gini, kamu ga tau apa-apa soal perasaan para korban.

kamu masih bisa makan telur, sementara banyak pihaj korban bencana diluar belum tentu. cukup bersyukur aja bukannya nyuruh korban yang ga bisa makan telur untuk mengerahkan sisa tenaganya untuk MENGERTI PERASAANMU.",9 hours ago (edited),,,,0
https://www.youtube.com/watch?v=r1DSH9AQXLU,UgyKI4XV_1mMGiPGQN14AaABAg,Youtube,@DuniaAndri,"Satu kata buat kamu: abai. Hal ini terasa bertolak belakang dengan apa yang kamu gaungkan melalui: From This Island. Yang mengedepankan ""Dampak berkelanjutan"". Ketika hero Ingredients produk kalian menggunakan hasil bumi daerah yang menjadi your bad news. 
Mau lihat dong pendapat kamu untuk segelintir Bad News yang terjadi di negeri ini. Apalagi dengan pemikiran kritis kamu, harusnya bisa kasih perspektif lain ya. 
Satu lagi ya Maudy. Jangan hidup di gelembung sendiri. Jadi realita di luar gelembung kamu menjadi tidak penting. Ketika gelembung kamu pecah, your bad news jadi hal yang harus diabaikan, karena bisa mengganggu mental health kami.",9 hours ago (edited),,,,0
https://www.youtube.com/watch?v=r1DSH9AQXLU,Ugx29HFs7yMnfp9sD_l4AaABAg,Youtube,@nailasessylk,girlll i thought you were better than this 😅,9 hours ago,,,,0
https://www.youtube.com/watch?v=r1DSH9AQXLU,UgxCnUOy1xtYeXa88Xx4AaABAg,Youtube,@jiyongmyungsoo,intinya apa bang messi,9 hours ago,,,,0
https://www.youtube.com/watch?v=r1DSH9AQXLU,UgxpEmIBuoMur8KoV-R4AaABAg,Youtube,@tinkkis_m,NIR EMPATI!,9 hours ago (edited),,,,0
https://www.youtube.com/watch?v=r1DSH9AQXLU,Ugy7o_4nJy8bge7gY2x4AaABAg,Youtube,@Meilisaragih,Takedown aja videonya,9 hours ago,,,,0
https://www.youtube.com/watch?v=r1DSH9AQXLU,UgxNJZVsDqpDK0mkiBR4AaABAg,Youtube,@tinkkis_m,kaya pola pikir orang gila,9 hours ago,,,,0
https://www.youtube.com/watch?v=r1DSH9AQXLU,UgzuBYgDPHRK7_iczTh4AaABAg,Youtube,@Blu_Dispatcher,Bicara bahasa indonesia aja bisa kali ya kalo ngomongin gini😅,9 hours ago,,,,0
https://www.youtube.com/watch?v=r1DSH9AQXLU,UgyeFb0E9psOzyhbc0t4AaABAg,Youtube,@denyariefendi,tone deaf final boss ☺️,9 hours ago,,,,0
https://www.youtube.com/watch?v=r1DSH9AQXLU,UgzYgtWaljl52tShieJ4AaABAg,Youtube,@tamagooraw,"kon iku ngomong opo? kon ket cilik ws ongkang ongkang, ngajak mindfullness tapi gak berempati blasss. sadar o awmu iku dodolan produk skincare sg bahan e teko wilayah sg mbok wara lg ""bad news"" iku, gak napak tanah blas gak entos",9 hours ago (edited),,,,0
https://www.youtube.com/watch?v=r1DSH9AQXLU,UgzKDl1SZiQyUCWMNd94AaABAg,Youtube,@sriwijayantoek,"If you're not going to be empathetic and realize that the ""bad news"" you called was actually people living in hell, gtfo of social media.",9 hours ago,,,,0
https://www.youtube.com/watch?v=r1DSH9AQXLU,UgxIV6hGkjy4bkdwAMB4AaABAg,Youtube,@belajarceria4833,Pernah kepikir ga sih..Klo lu yg denger beritanya aja terganggu apalagi yang ngalamin langsung? 😢,9 hours ago,,,,0
https://www.youtube.com/watch?v=r1DSH9AQXLU,UgxP5Tt1xN8MZxSkcnh4AaABAg,Youtube,@chimapapeto4854,"kok tega ya ngomong gt, klo pun berita bencana didaerah kami ni bad news buat mu, napa ga ngbrol sih sm suami mu? harus bgt dishare gini? 😭 tau ga, PLN kalselteng masih padam bergilir sampai saat ini, kabut asap makin pekat, kesulitan air bersih karena kemarau panjang, spbu masih antri panjang, kami wilayah terdampak ni pun gamau kena bencana ini, mungkin buat mu berita pulau kami ni ga penting dan hnya ganggu hidup tenang mu, tp buat kami ini realita yg kami alami, shame on you.",9 hours ago,,,,0
https://www.youtube.com/watch?v=r1DSH9AQXLU,UgziPxlLQcAQK8Ebf6B4AaABAg,Youtube,@BeeAdabX,"Ni org kbnykn bacot bgt, Apasi kontribusi ni org di Indonesia selaina rtis dn penerima beasiswa? Coba sini lu tinggal di Kalimantan sebulan, Biar kerjaan lu gaa cm bacoot aja Maudy, Apa lu lagi Ngejilat Pemerintah buat dpt Jabatan? Dh ngntoot aj sm Oppa Korea luu dn diem",9 hours ago,,,,0
https://www.youtube.com/watch?v=r1DSH9AQXLU,UgzTKch5h0K3s8q4idB4AaABAg,Youtube,@warnawirrqq54,We don’t need to be mindful in the age of bad news. We need to be ANGRY.,9 hours ago,,,,0
https://www.youtube.com/watch?v=r1DSH9AQXLU,Ugz43_zVpWO2fjJcdUp4AaABAg,Youtube,@gokukurama9550,You should read about toxic positivity,9 hours ago,,,,0
https://www.youtube.com/watch?v=r1DSH9AQXLU,UgzcbW5-ss4OtNUIIEV4AaABAg,Youtube,@guruvokal7155,Makin percaya kalo Mindfulness adalah akal2an kapitalisme. Real contohnya. Wkwk,9 hours ago,,,,0
https://www.youtube.com/watch?v=r1DSH9AQXLU,UgxD_mrYPl8oIZ953e54AaABAg,Youtube,@khairunnisajourney6031,"Make an inspiration while talking about bad news and show her life and like said enjoy the moment 😖
Mariii masak di dapur ku yg bagus dan comfy abaikan berita diluaran sana yaa teman2 , begituu kah??padahal sedikit empati aja cukup",9 hours ago (edited),,,,0
https://www.youtube.com/watch?v=r1DSH9AQXLU,Ugx2974F712GOq0Iutp4AaABAg,Youtube,@yudamegan7797,It's not just bad news. It's our reality of life!,9 hours ago,,,,0
https://www.youtube.com/watch?v=r1DSH9AQXLU,Ugyr18-Te1Hg7-8Ik-F4AaABAg,Youtube,@apiidaa,"woah, are you for sure as a public figure saying this bllshyt? 😕",9 hours ago,,,,0
https://www.youtube.com/watch?v=r1DSH9AQXLU,Ugwwm4TEl6Ojl7aR7KJ4AaABAg,Youtube,@iqbalmagaliq,Stoik eek kucing,9 hours ago,,,,0
https://www.youtube.com/watch?v=r1DSH9AQXLU,Ugy07PE-XrarT0yhT_V4AaABAg,Youtube,@arin6380,"ak kaya paham mksd kak maudy tntang mncoba positif di antara banyaknya hal2 yang negatif... 

tapi masalahnya kak, hal itu gabis diaplikasikan di kondisi sekarang krn hal2 ""negatif"" trsebut adalah realita dari banyak orang.... we're not talking about ""aku bakal lakuin apapun untuk meraih impianku"" dan ngesampingin hal2 eksternal yg bikin self-doubt atau membandingkan diri dgn org lain.

mungkin kalo konteksnya kaya gitu, baru makesense.... karena negativity nya sumbernya dari pemikiran kita sendiri... 

maslaahnya ini realita org banyak kak... kalau kakak melabeli kabar berita tentang kehuru-haraan yang ada di indonesia skrng ini dengan ""negativity"", rasanya ga etis karena apa yg org2 alami sekarang di mata kakak terkesan hanya menjadi sebuah konsep dan tidak nyata. 

sehat selalu kak, suarakanlah hak2 mereka yang diambil oleh penguasa dengan platform mu yang besar",9 hours ago,,,,1
https://www.youtube.com/watch?v=r1DSH9AQXLU,UgzBLxXMTPpQg6pcw4d4AaABAg,Youtube,@jooyeeee,"at this point, you might as well change your name to MAUDY TONE DEAF AYUNDA lmao. anw, from this island is officially on my boycott list",9 hours ago,,,,0
https://www.youtube.com/watch?v=r1DSH9AQXLU,Ugwc0tBop4GJSWTjI0t4AaABAg,Youtube,@angga8774,"Sebagai orang yang terdampak langsung ane cuma mau bilang: Semoga perjalananmu terganggu karena harus ngantri bbm, nafasmu gak enak karena asap, mandimu susah karena kemarau, masak nasimu gak mateng karena mati lampu dah itu aja 🙏🗿",9 hours ago (edited),,,,0
https://www.youtube.com/watch?v=r1DSH9AQXLU,UgzUQ95HSTo76d7uK9p4AaABAg,Youtube,@paulinainggitaprabawati1855,"Her: mindfulness 💅 
Rest of us: survival mode 🔥

privilege is invisible to those who have it - Michael Kimmel",9 hours ago,,,,0
https://www.youtube.com/watch?v=r1DSH9AQXLU,UgxwaIfeEwmocqkEIsN4AaABAg,Youtube,@carnianpluvial7126,Somebody take her to Kalimantan please dan let her stay there with what most people have. Mental inflation mental inflation de tuh. Paru2 ga kuat mau mikirin mental inflation.,9 hours ago,,,,0
https://www.youtube.com/watch?v=r1DSH9AQXLU,UgxaPYi56H3G6QMotG14AaABAg,Youtube,@marlenirahayu1373,Oon,9 hours ago,,,,0
https://www.youtube.com/watch?v=r1DSH9AQXLU,UgzjGegoNDGMhexiIYB4AaABAg,Youtube,@semubelaka,"Hhe, pantesan iso mindfulness dengan kitchen set puluhan juta :)",9 hours ago,,,,0
https://www.youtube.com/watch?v=r1DSH9AQXLU,UgxPMWIUExdFNh_wosR4AaABAg,Youtube,@KharismaRaniTimur-n7o,"Wow.. sorry but they are facts not only just ""bad news"".",9 hours ago,,,,0
https://www.youtube.com/watch?v=r1DSH9AQXLU,Ugxd2ORHtWjhm3yUpRN4AaABAg,Youtube,@marlenirahayu1373,Sekolah dimana kau maudy,9 hours ago,,,,0
https://www.youtube.com/watch?v=r1DSH9AQXLU,Ugz5xEfmSNGal_U3bwN4AaABAg,Youtube,@kim6739,"bad news for you, bad reality for us",9 hours ago,,,,0
https://www.youtube.com/watch?v=r1DSH9AQXLU,Ugy07PE-XrarT0yhT_V4AaABAg.Aahdyy0QhKoAaiXpoCGF23,Youtube,@302_UfiUlfadhilanisa,up,1 hour ago,,,,0
https://www.youtube.com/watch?v=r1DSH9AQXLU,Ugwl4lbn4sX3aAUnyLd4AaABAg,Youtube,@irenejessica4413,"Constructive criticism: 
With all of the resources and reach you have as one of the biggest artists in Indonesia, you decide to use it to dismiss the current and very real suffering of the majority as just plain ""negativity"" to shake off from your life as if all the calamities our people have to actively live in are only mere bad vibes to you?

You have lived a life with access to the finest education and built a life and platform on how wise and smart you are based on all your academic achievements (that you as a millionaire used the citizen's taxpayer's money to get) yet somehow you still can't see how dire the situation is and preach about choosing to be tone deaf ignore bad news during hard times, for what? For a more peaceful state of mind? If someone that genuinely don't have the means to help anyone in these hard times said the same things, it only makes sense. 

But for someone like you, from what we see from this video with you showing off your expensive kitchen, healthy whole foods, you are someone who has access to millions, who's very educated, who has the funds and resources to help out, it's a matter of ""if you wanted to, you would"" but at the end of the day, you think making 1 instagram story about ""praying for these people in these hard times"" is enough, without any real effort to help these people. Please use your platform to advocate for these people in need, getting their voices out to the world instead of using it to quiet them down.

Now, moving on to my own personal icks with how you acted in the video. Take this with a grain of salt because it's personal lol. 

The video was giving ""Let me show off my too healthy to eat bread and look at all of these big English words I know and all of this philosophy I know on how you can curate what bad news to keep in our brain and which to put aside 😋"" like girl... are we being serious right now...

Stop being performative and start making real impact, it's better to just zip it instead of yapping and preaching about nonsense you don't understand.",9 hours ago (edited),,,,0
https://www.youtube.com/watch?v=r1DSH9AQXLU,Ugywq9IsYalIRAdtp7Z4AaABAg,Youtube,@basislongcat,Report aja bisa gasih 😂😂😂😂😂😂😂,9 hours ago,,,,0
https://www.youtube.com/watch?v=r1DSH9AQXLU,UgyF8Xu6L1vKuBWWjKV4AaABAg,Youtube,@hawabian8654,"gapantes mod lu ngomong begini, lu ga akan pernah “napak tanah”, sebagai orang yang kuliah di luar negeri menggunakan LPDP which is duit pajak kita semua, yg lu bilang “bad news” itu adalah realita buruk orang2 yang gak pernah bisa sampai di privilege lu.",9 hours ago,,,,0
https://www.youtube.com/watch?v=r1DSH9AQXLU,UgyiEqLrpXrUOrkMR-J4AaABAg,Youtube,@sumpah-serapah754,"Tapi serius fren, aku pengen tanya, emangnya influencer/ artis/ org² terkenal kayak maudy punya tanggung jawab utk berbicara tentang apa yang dirasakan masyarakat secara luas?, bertanya dengan nada lembut",9 hours ago,,,,1
https://www.youtube.com/watch?v=r1DSH9AQXLU,UgwYRsetsOXmqjrQgF14AaABAg,Youtube,@delapanenam3695,"Menurut gw,Sebagai figur publik dengan follower di medsos yg jumlahnya jutaan + punya yayasan sendiri.daripada yapping tentang mindfulness yg nga jelas dan dishare ke youtube 

mendingan mbak maudy kasih support ( bisa turun ke lapangan/kasih dana bantuan )  utk bantu para masyarakat yg terkena dampak karhutla di kalimantan/ korban gempa flores di NTT.dan info ini dishare ke seluruh medsos mbak maudy supaya masyarakat tahu,mbak peduli dengan keadaan indonesia yg sedang tidak baik-baik saja.

Itu jauh lebih baik peran mbak sebagai figur publik.daripada yapping nga jelas dan dishare ke youtube",9 hours ago (edited),,,,0
https://www.youtube.com/watch?v=r1DSH9AQXLU,UgyeUvhO0NVpVggCX1h4AaABAg,Youtube,@TauhidKedeketan,"maudy tidur, besok lagi nyebokin rezim nya",9 hours ago,,,,0
https://www.youtube.com/watch?v=r1DSH9AQXLU,Ugx3Xby0L3NuV3aRBo94AaABAg,Youtube,@Ginamauw,"Mba.. aku paham perasaanmu yang overwhelmed banget di kondidi chaos. Cuma kamu harus sadar bahwa banyak masyarakat menaruh harapan besar padamu. Perasaanmu valid, aku pun kaum middle aja pun overwhelmed dengan kondisi ini. Aku berusaha sebaik mungkin u/ tetap menjadi jangkar di lingkunganku, menjaga diri u/ tidak reaktif. Aku paham justru kamu menyerap energi kolektif. Cuma… hati2 mengungkapkan perasaan di kondisi dimana masyarakat sedang dalam survival mode + menaruh harapan besar kepada pemerintah + public fitgure, hati2 berbicara soal apa yang dirasakan. Alias jangan biarkan energimu bocor. Kamu bisa bahas perasaanmu kepada org yg tepat. Mungkin inner circle mu. Dan aku paham kamu org yg growth mindset, jadi fokus saja berkarya. Jangan biarkan energimu bocor dan membuka celah org lain u/ menyalahpahamimu. Fokus berkarya dan tetaplah menyebarkan rasa cinta & welas asih. Ga semua org harus tau rasa terdalam/mu",9 hours ago,,,,0
https://www.youtube.com/watch?v=r1DSH9AQXLU,Ugy9oxxJ95moYIByMDN4AaABAg,Youtube,@pretzelpuffs,"I feel like this isn't the right moment to talk about mindfulness from this perspective in this situation, ya, Kak Maudy. I hope you understand why people are calling you out left and right because of this.",9 hours ago,,,,0
https://www.youtube.com/watch?v=r1DSH9AQXLU,Ugy0k1t259LQykpG50l4AaABAg,Youtube,@fajriatyjamil1689,Makanlah bad news yg mu buat sendiri!,9 hours ago,,,,0
https://www.youtube.com/watch?v=r1DSH9AQXLU,UgwvbKKzUnbpm3QqJZx4AaABAg,Youtube,@gustiarirang4901,coba lah diganti jadi toughtful in the age of bad news,9 hours ago,,,,0
https://www.youtube.com/watch?v=r1DSH9AQXLU,UgyUE-ZcwgAem6qUUe94AaABAg,Youtube,@yuliapramesti7939,"Km mewakilkan siapa sih kak? Km punya privilege yg bagus, km memang ga harus jadi orang2 tsb untuk merasakan kesulitan mereka tapi apa yg terjadi sekarang itu sudah sangat meresahkan. 
Jgn orang udah tercekik tp dikasih saran untuk mindfulness",9 hours ago,,,,0
https://www.youtube.com/watch?v=r1DSH9AQXLU,Ugzd97DllIBDZHR3MHl4AaABAg,Youtube,@theskyblueeeeee,"Kak, kamu gak ngerasain bukan berarti orang lain juga sama. Stop ngerecokin orang yang memperjuangkan hak mereka, mereka berhak menghirup udara yang segar, air bersih, tempat tinggal yang aman. Aku juga gak ngerasain, tapi sedih tau baca berita di sosmed, mereka itu bagian dari indonesia, saudara kita juga. Kalo kamu punya power mending pakai buat hal positif. Jadi keinget, salah satu alasanku jarang ngidolain artis/influencer indo itu karena mereka gampang blunder:)",9 hours ago,,,,0
https://www.youtube.com/watch?v=r1DSH9AQXLU,Ugw8iY1hXA81LY5_Twp4AaABAg,Youtube,@elsamhariyanto1972,what is bad news by your definition then?,9 hours ago,,,,0
https://www.youtube.com/watch?v=r1DSH9AQXLU,UgwZ044jK-PuLnOcOuZ4AaABAg,Youtube,@arfianbachtiar1788,Sok iye lo,9 hours ago,,,,0
https://www.youtube.com/watch?v=r1DSH9AQXLU,UgypXDYdfJUxZEDovt14AaABAg,Youtube,@MHusin-yv9kp,"Its our reality kak its not just some news on the corner of the street, ini kenyataan yang harus menjadi bagian di kehidupan kami sehari2, Karhutla, Asap dan kabut tebal, ISPA, listrik mati bergilir, serta bencana dan kakak menganjurkan untuk filter bad news tadi, terus siapa yang bisa membantu kami, kalau bad news tadi tidak ada orang yang mendengar atau difilter sesuai anjuran kakak di video, kami menunggu sampai kapan untuk dibantu, itu aja si, klo gak bisa membantu lebih baik diam, jangan memperkeruh keadaan",9 hours ago,,,,0
https://www.youtube.com/watch?v=r1DSH9AQXLU,UgyLpNiCuZHFWOA2F7t4AaABAg,Youtube,@CAA-88,"""Bad news this, bad news that.."" I understand that you're trying to point out how drowned you are with the current situation of our country. IT IS OKAY if you want to stop reading those news for a moment to keep your sanity.
Tapi sepanjang 13 menit video ini, tidak ada satu pun kalimat belasungkawa ataupun doa darimu untuk para korban ataupun alam yang bukan hanya sekedar bad news, tapi real life situation yang tidak bisa di-cheat dengan pizza seperti analogi dietmu. They don't do diet by choice, they are FORCED to do 24/7 diet without any chance of cheat day. Those nuggets of information you're trying to avoid, are not just a bunch of 15 seconds videos of FOMO people doing viral thing, it's more important than your ""trusted source"" of summarized, well-written news, which has passed through 10x approvals from their bosses, because it shows REALTIME situation that have been silenced too many times.",9 hours ago,,,,0
https://www.youtube.com/watch?v=r1DSH9AQXLU,Ugx-xZUjKn3YNxtBNRZ4AaABAg,Youtube,@cikkochang,"Cieee penerima LPDP, yang dari uang rakyat ya??",9 hours ago,,,,0
https://www.youtube.com/watch?v=r1DSH9AQXLU,UgxMov1g61D0iWiKx0V4AaABAg,Youtube,@shalahuddinumar3386,"Hmmmhh I swear I heard the same thing from Israelis to forget what they did to Gaza. Forgot you dont even care about that too. Theres jewish American Celebrities who use their platform against israelis and their own government actions, yet here we are. Where most of our celebs use their platform to silence people voices and even use it against them",9 hours ago (edited),,,,0
https://www.youtube.com/watch?v=r1DSH9AQXLU,UgzrPqi6ibeBcm6ZhX94AaABAg,Youtube,@zukhrufilghosyiyah,"elah lu dpt news yg bad aja berasa se-overwhelmed itu ya ampun, tempe mentality amat~ 
yg lagi berjuang noh udh mati2an bgt bertahan dengan seadanya~ 
mindfullness karna bad news, ngaitin ke filsuf segala~ apaansi ga relevan 😭",9 hours ago,,,,0
https://www.youtube.com/watch?v=r1DSH9AQXLU,Ugy4ZA_HoA2EhcFuIsd4AaABAg,Youtube,@Kelana_Adi,Wew seorang dia? Udah gak aneh seBUDEK itu wkwk,9 hours ago,,,,0
https://www.youtube.com/watch?v=r1DSH9AQXLU,UgyiEqLrpXrUOrkMR-J4AaABAg.AahcxtmrGVJAahfU4I7cVt,Youtube,@matimoksa,"Dah kejawab tu, influencer......",9 hours ago,,,,0
https://www.youtube.com/watch?v=r1DSH9AQXLU,UgxHwRQ5N-lPxyYDSAx4AaABAg,Youtube,@FaustoYet,Ini kayak nasehat untuk sesama orang kaya 😂,9 hours ago,,,,10
https://www.youtube.com/watch?v=r1DSH9AQXLU,UgyYX67ecmv84HkNr6R4AaABAg,Youtube,@haikalmalik-f8j,"aku & mamaku kaget saat orang selevel kamu bisa mikir gini, gws.",9 hours ago,,,,0
https://www.youtube.com/watch?v=r1DSH9AQXLU,UgzV4dDqgjM6VhaGsFB4AaABAg,Youtube,@pxone373,maudy ayunda? no thanks ! i don't like a shit and don't give me shit !,9 hours ago,,,,0
https://www.youtube.com/watch?v=r1DSH9AQXLU,UgxBF82kH8qLEYjljHZ4AaABAg,Youtube,@Oooyuu26,"Aku coba mencerna video kamu Maudy. Sebenarnya omongan dia itu gak salah TAPI untuk situasi Indonesia saat ini, sangat tidak cocok, jadi terlihat minim empati dan egois. Apalagi video dia tuh menunjukkan tempat tinggal dia yg nyaman. Indonesia sekarang tuh punya banyak kejadian yg menyangkut nyawa, dari Karhutla kalimantan-Sumatera, gempa, keracunan mbg, dll. 
Kalau kamu gk ngalamin langsung, pasti bisa berpikir positif. Tapi klo kamu ngalamin napas aja susah, blm lagi keluarga tumbang, gk punya uang untuk pindah, pasti akan sulit atau tidak bisa berpikir positif kayak gitu",9 hours ago (edited),,,,0
https://www.youtube.com/watch?v=r1DSH9AQXLU,Ugz3R1LwYtH69_rCFdV4AaABAg,Youtube,@ghazalbadhiba92,"Ngerti bahasa Inggris. Tapi ga nyaman denger dia ngomong bahasa Inggris wkwkwkwk
Mending gabung Pancatera aja, Dy. Udeh cocok banget.",9 hours ago,,,,0
https://www.youtube.com/watch?v=r1DSH9AQXLU,UgzT0Sfoirw1UTaNJa54AaABAg,Youtube,@alkadriansyahdarmawan4174,"Bedain bad 'news' dengan bad 'reality' ya neng. Lu sarapan alpukat sambil nyuruh orang kelaparan buat mindfulness aja tuh udah ga masuk.
Semoga cepet kesandung biar cepet sadar. Entah mukanya yg jadi rusak, atau ekonominya yg kena jarah sama rakyat. Atau mungkin keduanya. Saat itu pengen liat gue mindfulness nya dia kayak gimana.",9 hours ago,,,,0
https://www.youtube.com/watch?v=r1DSH9AQXLU,Ugy5SJ_dD0oZn-Mi5R54AaABAg,Youtube,@rickyplay105,Capitol aristocracy 🤔,9 hours ago,,,,0
https://www.youtube.com/watch?v=r1DSH9AQXLU,UgwWrqveAMPLsort-TN4AaABAg,Youtube,@bbckkyoo4714,berakkkk.,10 hours ago,,,,0
https://www.youtube.com/watch?v=r1DSH9AQXLU,UgzixX-HGDykbbs_Oj14AaABAg,Youtube,@pasarbarutimur,"TOTALLY TOWN DEAFF ALIAS BUDEGGG ANJIR, MOGA SAMPEK PULAU SEBELAH JUGA INI APA YANG KITA RASAIN DI KALIMANTAN SO YOU GUYS CAN GET THE TASTE WHAT IT'S LIKE! SHAME!",10 hours ago,,,,0
https://www.youtube.com/watch?v=r1DSH9AQXLU,UgzrtAQsZGJigEBtbj54AaABAg,Youtube,@karinaginka1294,Please just delete this.,10 hours ago,,,,0
https://www.youtube.com/watch?v=r1DSH9AQXLU,Ugxu1v-RH_MOdjoWO7t4AaABAg,Youtube,@albertobebe8143,"Wait let us add some kabar buruk to your life, i hope your brain can adapt",10 hours ago,,,,0
https://www.youtube.com/watch?v=r1DSH9AQXLU,Ugy_9YqszTYgZ2Ko6mt4AaABAg,Youtube,@claireirene324,"Gurl just keep this video for your self instead of teach us how to be mindful. Which bad news that affected you? You still got cottage cheese for your breakfast, while some of our brothers and sisters  can’t have a good life bcs they have to face the reality from the situations happening right now! The thing is that’s all the fact that you have to faced! The cruelty of our gov that gives an impact to our mother earth!",10 hours ago (edited),,,,0
https://www.youtube.com/watch?v=r1DSH9AQXLU,UgycY9kYH2LWlhf_pmp4AaABAg,Youtube,@hudaputra,"Maudy, ak di phk april 2026 dan sampai skrng aku belum bekerja, aku sudah berusaha semaksimal mungkin dan sampai sekarang ak belum bekerja, gimana rasanya ga punya pendapatan sama sekali dan  skrng mode bertahan hidup dengan banyak kabar buruk di Indonesia? Kamu ga ngerasain ini kan :)",10 hours ago,,,,0
https://www.youtube.com/watch?v=r1DSH9AQXLU,Ugw-VgC56T1pwDqwiLB4AaABAg,Youtube,@alyssaaaaar,"coba deh maudy lu put yourself in their shoes, gabakal lu tau rasanya jd mereka sampe lu beneran ada diposisi mereka.",10 hours ago,,,,1
https://www.youtube.com/watch?v=r1DSH9AQXLU,Ugw7Uo0ZXhb34wUAUwx4AaABAg,Youtube,@andreafatimah,anjir take a walk in the nature. ngomong gitu coba sama kakak gw di kalimantan.,10 hours ago,,,,0
https://www.youtube.com/watch?v=r1DSH9AQXLU,Ugw3-lOvDXA7lKlFZS54AaABAg,Youtube,@ukauka963,"Itu bukan Bad News itu realitas kita hidup di pemerintah yang bobrok. Main-main keluar mod, cobain jalan darat dari Lampung sampai Aceh, berapa banyak kebun sawit yang dilewati. Coba pergi ke Kalimantan berapa parah asap di sana, coba ke Sulawesi liat tambang nikel di sana yang limbahnya dibuang ke sungai, ke Papua liat bagaimana hutan adat diubah jadi sawit dan tambang. Liat juga berapa banyak anak-anak yang keracunan MBG. Lau bisa tidur ya gara-gara lu kaya ga terdampak apapun.",10 hours ago,,,,0
https://www.youtube.com/watch?v=r1DSH9AQXLU,UgxSdL8h1Y8PKeIl-0h4AaABAg,Youtube,@aomine-w8o,"bad news, bro that literally someone life😮‍💨",10 hours ago,,,,0
https://www.youtube.com/watch?v=r1DSH9AQXLU,Ugz4xe-VxZeZU6qQyOF4AaABAg,Youtube,@user-kl4nt6wc4i,"emang enteng banget ngomong begini kalo anda punya privilege, uang, dan gak merasakan yang mereka rasakan.",10 hours ago,,,,0
https://www.youtube.com/watch?v=r1DSH9AQXLU,Ugze7N54dhLItIu5LVl4AaABAg,Youtube,@cheawy3624,Must remove some of your music from my playlist I guess,10 hours ago,,,,0
https://www.youtube.com/watch?v=r1DSH9AQXLU,Ugw-fahORF3yJ1Ysix54AaABAg,Youtube,@permatasariest,"yeah, ‘mindfulness’, you say 😂 when you don’t even live in daerah yg terdampak 😂 worrying about what you’re going to eat tomorrow when harga bahan baku selalu naik 😂 I’m really disappointed with your video. now is not the right time to be thinking about nonsense like mindfulness. YOU aren’t living in their situation, Maudy. so, you’ll never understand what they’re going through.",10 hours ago,,,,0
https://www.youtube.com/watch?v=r1DSH9AQXLU,Ugw-VgC56T1pwDqwiLB4AaABAg.Aaha7PA-nQXAahaBetjZ3P,Youtube,@alyssaaaaar,minimal jgn nirempati deh,10 hours ago,,,,0
https://www.youtube.com/watch?v=r1DSH9AQXLU,UgxHwRQ5N-lPxyYDSAx4AaABAg.AahbP7yoZy3AaiQyFd_n8S,Youtube,@TatianaBerlianchannel,Setuju kak,2 hours ago,,,,0
https://www.youtube.com/watch?v=r1DSH9AQXLU,UgxHwRQ5N-lPxyYDSAx4AaABAg.AahbP7yoZy3AaiSxUO14H2,Youtube,@keenansartplay2368,lucu banget 😂😂,1 hour ago,,,,0
https://www.youtube.com/watch?v=r1DSH9AQXLU,UgxHwRQ5N-lPxyYDSAx4AaABAg.AahbP7yoZy3AaidjGRSPW8,Youtube,@Cloversabsn,setuju wkwkw,12 minutes ago,,,,0
https://www.youtube.com/watch?v=r1DSH9AQXLU,UgxHwRQ5N-lPxyYDSAx4AaABAg.AahbP7yoZy3AaiZW8zui9M,Youtube,@fauziahsaleh7490,😂😂😂,58 minutes ago,,,,0
https://www.youtube.com/watch?v=r1DSH9AQXLU,UgxHwRQ5N-lPxyYDSAx4AaABAg.AahbP7yoZy3AaieIU8uYMz,Youtube,@dilaclipperamatir,"Iya lagi kak😂 kerasa buat sesama yg punya hidup nyaman aja, tidak untuk masyarakat terutama yg merasakan langsung dampaknya😢",7 minutes ago,,,,0
https://www.youtube.com/watch?v=r1DSH9AQXLU,UgxHwRQ5N-lPxyYDSAx4AaABAg.AahbP7yoZy3AaiNXUFfPvf,Youtube,@unggulg5017,"Ga juga, saya usaha umkm, tiap buka berita isinya keracunan mbg, pidato asbun pk wowo, rupiah anjlok, sekalinya ada telpon masuk tawaran pinjol rupiah cepat 😂, kalo terlalu dengerin berita berita negatif lama lama bawaannya marah marah aja emang di sosmed, daripada berlarut larut ikutan marah sama pemerintah pikiran malah jadi stuck, mending fokus apa yang kita bisa lakuin buat diri sendiri dan orang sekitar hari ini dan untuk kedepan . Semangat mas",2 hours ago (edited),,,,0
https://www.youtube.com/watch?v=r1DSH9AQXLU,UgxHwRQ5N-lPxyYDSAx4AaABAg.AahbP7yoZy3AaiS1vYDNt2,Youtube,@aoicells2257,"​ @unggulg5017 lahhh, loo punya usaha umkm aja jatohnya udah menengah atas kocakkkkk😂 Beda ama kita2 kelas pekerja yang gada modal gada waktu dan space buat break free atau bahkan sekedar mindful, lol",2 hours ago,,,,0
https://www.youtube.com/watch?v=r1DSH9AQXLU,UgxHwRQ5N-lPxyYDSAx4AaABAg.AahbP7yoZy3AaiXn1CB2hl,Youtube,@-OscarOktorianAlmando,"​ @unggulg5017  karhutla, gunung meletus juga berita negatif, tapi kabut asap, debunya memang nyata berasa jirrrr mau apa anda ngehindarin iniii",1 hour ago,,,,0
https://www.youtube.com/watch?v=r1DSH9AQXLU,UgyQUi9BLV1PlnTjE754AaABAg,Youtube,@hereisweii,Sekolah tinggi-tinggi tone deaf😂,10 hours ago,,,,0
https://www.youtube.com/watch?v=r1DSH9AQXLU,UgzPVmxNvURZNniSbiF4AaABAg,Youtube,@justtoknow3562,Orkay tpi pake duit LPDP 😅,10 hours ago,,,,0
https://www.youtube.com/watch?v=r1DSH9AQXLU,Ugzr3HQ35RKTV1DH1GV4AaABAg,Youtube,@deedee-h5t,"Beruntung kamu hanya dapet berita nya .. bukan musibahnya. 😢 yg sampe ke kamu hanya pikiran nya ovethinking nya .. bukan kelaparan nya bukan asep nya/paru2 rusaknya bukan jg kesedihan atas meninggalnya your loved one. Kamu org kaya mod, kok masih aja dulu minta duit negara bayarin sekolah kamu ? Itu termasuk uang jerih payah dari org2 lg menderita skrng loh .. berharap kamu bisa berguna .. bukan malah gegayaan naikin tarif kamu dan tone deaf kayaak gini. Sungguh tidak mindful.",10 hours ago,,,,0
https://www.youtube.com/watch?v=r1DSH9AQXLU,Ugxsrwbn08cSZxyMFdV4AaABAg,Youtube,@WijaYou-b2q,"Tone deaf final boss. Coba lu pindah ke Kalimantan atau Sumatera sambil hirup asap karhutla, kena dampak pemadaman listrik dan langkanya bbm, ke aceh yang kena dampak banjir, NTT yang kena gempa kira kira masih bisa mindful ga. Buka mata lu mod",10 hours ago,,,,0
https://www.youtube.com/watch?v=r1DSH9AQXLU,Ugx6sEh-agRkUauQyU94AaABAg,Youtube,@alyabookproject,"Stoik aja sebenernya mengajarkan nerima penderitaan, apalagi mindfulness biar kita bisa menyadari tantangan hidup tuh banyak banget dan menerimanya sebagai kenyataan. Ngga nyaman kan hidup dengan guncangan, abu, dan ketidakpastian bisa sehat atau ngga. Dibilangnya itu bad news, ya tapi kalau memang bisa stoik dan mindful, ngga akan diem doang dan makan dengan tenang kalau kondisi buminya lagi ngamuk begini. Evaluasi diri tindakan kita bisa jadi berlebihan, terlalu nyaman, dan sayang banget pemahaman stoiknya cuman sampe ga bisa kendaliin dan jauhin berita buruknya. Apa ga kurang debu vulkanik itu sampe ke depan rumah padahal lokasinya jauh banget? Alam ngga seimbang karena manusia juga menjauhi keselarasannya. Tolong welas asihlah kalau masih bisa hidup nyaman, masih banyak orang yang perlu disemangatin untuk hidup di bumi ini 😔🙏",10 hours ago,,,,0
https://www.youtube.com/watch?v=r1DSH9AQXLU,UgxvTJG2pIh0rZEGxzR4AaABAg,Youtube,@Oooyuu26,"Kalau kamu gak ngerasain, kamu bakal slalu mikir positif begini.. Coba kamu ke kalimantan dan tinggal di sana selama karhutla, mungkin kamu gk sanggup",10 hours ago,,,,0
https://www.youtube.com/watch?v=r1DSH9AQXLU,UgxI2SZvNSPxWul8tmR4AaABAg,Youtube,@khikidutami1513,kayaknya video curhatan ini cukup lo omongin as a pillow talk ke laki lo aja deh. sungguh ga pantas saudara setanah air kesusahan dan lo cuma bilang bad news,10 hours ago,,,,0
https://www.youtube.com/watch?v=r1DSH9AQXLU,UgwKXxjiGtpo406O8Ed4AaABAg,Youtube,@bikhairaw,"C’mon Maudy.. you just too long living in your own bubble, with all those privilege. You have a big platform, please do something. I believe you have the audacity even to speak to the government. But after all of these reality, you came to public with this video?😭 

Really sad hearing you said many times about the bad news and just thinking about your own sanity.. while many peple out there still suffering even for a living.. 

Please touch some grass. at least.. give some empathy for those who impacted.",10 hours ago,,,,0
https://www.youtube.com/watch?v=r1DSH9AQXLU,Ugzy21pRuu5ILTAglmN4AaABAg,Youtube,@nirmalasari4157,"dia harusnya detailin bad news dari sisi mana sebenarnyaa, kalo bad newsnya dari respon pemerintah dan arek-areknya yang gila itu, emang butuh kita filter. butttt, doesn’t mean you have to tone deaf especially you’re a public figure here.",10 hours ago (edited),,,,0
https://www.youtube.com/watch?v=r1DSH9AQXLU,UgyaCj7Lf3JxUkqOYjp4AaABAg,Youtube,@MHusin-yv9kp,Damn Tone deaf is real chat,10 hours ago,,,,0
https://www.youtube.com/watch?v=r1DSH9AQXLU,UgzW_LZpBYM8ceP9Kjh4AaABAg,Youtube,@monicamarianes7183,"Dude, there are stuff you can share in public and there are definitely stuff you should keep to yourself. If you started this podcast with, “for me personally,” that’s a good damn indicator that you should probably keep this train of thoughts to yourself. Mastering mindfulness and stoicism also means consciously choosing what you care about, the purpose and meaning that’s meaningful to you. For a lot of people, that purpose is to create a nation that’s habitable and plain better than it is today. Please differentiate mindfulness/stoicism and ACCEPTANCE. What Indonesia is facing is NOT gravity problems. The problems can be fixed. Sharing this narrative of “we can’t control what we can’t control” is basically like you telling the Indonesian population to just suck it up. If your goal is to let people know how to not be frustrated with all the bad news, maybe try living in a house without an HVAC system. Touch some grass.",10 hours ago (edited),,,,0
https://www.youtube.com/watch?v=r1DSH9AQXLU,Ugw_xm1Y72fcIbtTm9h4AaABAg,Youtube,@rahayusantoso5927,"Jangan nanggung mba maudy. Kalau mau nyemplung, nyemplung sekalian sebadan badan, jgn cuma kaki doang. Kl ngomong gt, ibarat pengen tetep peduli dg kondisi rakyat saat ini tp dg gaya ""mewah"" mu. Wajar org org nyangkanya km tone deaf 🧏
Kl mau peduli, peduli sekalian. Kl ga mau tau, ya diem sekalian.",10 hours ago,,,,0
https://www.youtube.com/watch?v=r1DSH9AQXLU,Ugzp-zhub3iovdQ_GDN4AaABAg,Youtube,@ayukhairunnisa2597,"Mbak, kita tau lu lulusan oxford dah jamin english lo mantep. Tapi kalo mau bikin video klarifikasi ke warga, bahasa indo aja biar seluruh warga indo makin paham kalo lo itu tone deaf final boss, anyway lu stay di indo plis bahasa indo lebih terdengar humble. Trus lo sengaja mixing bahasa biar lu keliatan pinter (baca: bener).
Asli muntah",10 hours ago (edited),,,,0
https://www.youtube.com/watch?v=r1DSH9AQXLU,UgzS8K-Azn24va_1aJt4AaABAg,Youtube,@Troyalds,PINTER TAPI GA PUNYA EMPATI MBAK?,10 hours ago,,,,0
https://www.youtube.com/watch?v=r1DSH9AQXLU,UgzO5LsaxnpRs51U6gh4AaABAg,Youtube,@4rjoen4,Rakyat indo gabutuh mindfullness mbak,10 hours ago,,,,0
https://www.youtube.com/watch?v=r1DSH9AQXLU,UgzsL1yoiohVuDzyL0J4AaABAg,Youtube,@Jipaay,bikin skincare from this island tapi mengesampingkan yang terjadi di “island” tersebut 😅🙄,10 hours ago,,,,0
https://www.youtube.com/watch?v=r1DSH9AQXLU,UgwN8vg0xY5F3Rb1W-t4AaABAg,Youtube,@Raaaaaaaa16,Dan sekrang aku nnton bad news it d malam hari,10 hours ago,,,,0
https://www.youtube.com/watch?v=r1DSH9AQXLU,Ugxnfp5thimxWmPzFYN4AaABAg,Youtube,@ditaunique,Final boss tone deaf 😢💔💔💔💔💔💔💔,10 hours ago,,,,0
https://www.youtube.com/watch?v=r1DSH9AQXLU,UgydK23124cPnTmUIgp4AaABAg,Youtube,@nadiatamara192,"One thing that you should keep in mind, everything that doesn’t feel right are supposed to make you feel uncomfortable where you can’t just tone it down by being ‘mindful’ esp when you’re living those lavish lifestyle 😂 you are an LPDP awardee where all the funds you’ve received during your study were coming from our taxes, so be better on being vocal about your so-called “bad news” i think? 😅",10 hours ago,,,,0
https://www.youtube.com/watch?v=r1DSH9AQXLU,UgwLIi_RcAuEQIfYTod4AaABAg,Youtube,@ilma_fa,Kukira selama ini kamu cuman congek aja taunya ketambahan nir empati. Sedih sih pdhl privilege kmu mungkin bisa bantu org byk. Eh malah gini,10 hours ago,,,,0
https://www.youtube.com/watch?v=r1DSH9AQXLU,UgzykUBGazdNRViMgqB4AaABAg,Youtube,@decoy7482,Indonesian version of Gal Gadot,10 hours ago,,,,0
https://www.youtube.com/watch?v=r1DSH9AQXLU,Ugyxi5MuPWCIsfTXt-l4AaABAg,Youtube,@rottengumm,gurl it's not late to delete this n give the clarification 🤷🏻‍♀️,10 hours ago,,,,0
https://www.youtube.com/watch?v=r1DSH9AQXLU,UgwxBO6_seqcfyv7Dod4AaABAg,Youtube,@Goodyelling,Tone deaf final boss 👏🏻,10 hours ago,,,,0
https://www.youtube.com/watch?v=r1DSH9AQXLU,UgxDVKwWeAlA_LCESNN4AaABAg,Youtube,@nataliazhengg,"Cobain dlu hidup d daerah yg berasap hampir 3 bulan, mau kabur gabisa, sesak tiap hari. Kuliah tinggi2 ga pake otak",10 hours ago,,,,0
https://www.youtube.com/watch?v=r1DSH9AQXLU,UgxfofN9wSn1-N5w9jB4AaABAg,Youtube,@andrianamanullang6189,"Menurut saya, anda jahat. Terimakasih sudah memberitahukan warna sesungguhnya pada dirimu. Kelak ku harap kau bisa merasakan seterpuruk ""bad news"" yg kau sebut2 itu ❤",10 hours ago,,,,0
https://www.youtube.com/watch?v=r1DSH9AQXLU,Ugz6maFunNq5fgD1ZLF4AaABAg,Youtube,@Nizamcicam10,"Baik untuk MU , bukan berarti baik untuk KAMI 
So respect each other",10 hours ago (edited),,,,0
https://www.youtube.com/watch?v=r1DSH9AQXLU,UgzWBz9AK-FsmrX1ay54AaABAg,Youtube,@kunstoff,"Gue suka lagu perahu kertas lo tapi video ini bikin gue sebel banget sih. Salahnya lo, kalo udah tau banyak sekali ketimpangan keadilan (yg sebenernya dari dulu si bukan sekarang aja), lebih bijak lagi buat konten deh. Channel lo suka2 lo, tapi lo influencer maudy, dipikir orang2 yg nonton bakal ngikutin cara lo berpikir apalagi kondisi kek skrg? Org (viewer) yg struggling buat bertahan hidup bisa loh ga sengaja nonton video lo dan mereka bakal ngerasa tersakiti betapa butanya elo terhadap fakta yg mereka alami skrg. Dengan lo ""sharing"", means ur personal preference handling ur own distress is not even a content for them anymore. For me too actually. Coba deh kali2 keluar dari zona nyamanmu itu. Distress lo itu ga seberapa. Ur coping jg ga seberapa. Bad news is always there maudy. U just need to step out from that comfort zone. -99 respect to u.",10 hours ago,,,,0
https://www.youtube.com/watch?v=r1DSH9AQXLU,Ugz05RfKOGAM6L5-9914AaABAg,Youtube,@dinanmutamaddin400,Menara gading,10 hours ago,,,,0
https://www.youtube.com/watch?v=r1DSH9AQXLU,Ugw7QHhJZP3uD9fTQNt4AaABAg,Youtube,@mrbluskai,Maudy ayunda kalo 10 tahun lebih tua -> Pancatera,10 hours ago,,,,0
https://www.youtube.com/watch?v=r1DSH9AQXLU,UgyJLxc__DtqwFxt6DF4AaABAg,Youtube,@aisyah-eo2lo,Cih,10 hours ago,,,,0
https://www.youtube.com/watch?v=r1DSH9AQXLU,Ugx7TIW5-34iPqHFOah4AaABAg,Youtube,@putrosyaindra,"aku memang gak sepinter mbak, but somehow aku masih punya empati dan gak pernah menganggap ""bad news just only 50, or 100 or maybe 200 people"" dan kita perlu bodo amat karena that's you, not me. 😢😢",10 hours ago,,,,1
https://www.youtube.com/watch?v=r1DSH9AQXLU,UgzKOAg6mM7BMvm5F7h4AaABAg,Youtube,@Unspl4sh,How dare you,10 hours ago,,,,0
https://www.youtube.com/watch?v=r1DSH9AQXLU,Ugyog-t9lCbqyEIZr4t4AaABAg,Youtube,@vefatimah9702,NIREMPATIII,10 hours ago,,,,0
https://www.youtube.com/watch?v=r1DSH9AQXLU,UgzoR5X4LXeygE8EfIN4AaABAg,Youtube,@ferinaekawati7631,Lu mending diem aja deh mod! Nirempati bgt jadi orang! Kuliah juga dibiayain ama kita2 yg lu bilang bad news. Dih kaga malu apa lu?,10 hours ago,,,,0
https://www.youtube.com/watch?v=r1DSH9AQXLU,UgwvcRi7dFMX5FgOTtV4AaABAg,Youtube,@eatnsleep_,Toxic positivity,10 hours ago,,,,0
https://www.youtube.com/watch?v=r1DSH9AQXLU,UgzjKoqrcCAV8WHBi_l4AaABAg,Youtube,@biblebibleb,gw baca ulang klarifikasinya 3 kali tidak menemukan penyesalan dan maaf yang genuine sama sekali,10 hours ago,,,,0
https://www.youtube.com/watch?v=r1DSH9AQXLU,UgzDUquoFMs2FFSmFmB4AaABAg,Youtube,@REY-MYSTERIO-d9c,Imagine buying a loaf of bread or fill your tanks with mindfulness.,10 hours ago,,,,0
https://www.youtube.com/watch?v=r1DSH9AQXLU,UgwTcNa4qozbvD_7weZ4AaABAg,Youtube,@starlightt12,"Ngarepin apa dari orang yg dari lahir hidup di menara, mana bisa dia liat dan paham orang2 yg hidup di bawah. But its iconic that, dia kuliah dibiayain duit rakyat, tapi bener2 gak peduli sm rakyat yg lagi kesusahan, what an ungrateful human lol",10 hours ago (edited),,,,0
https://www.youtube.com/watch?v=r1DSH9AQXLU,UgwNUqoe__7hIpJTexp4AaABAg,Youtube,@hgh1727,So does this video is being paid by Bakom 103 billion rupiah budget? Please answer this!!!. I comment in english since it seems u dont like to talk indo.,10 hours ago,,,,0
https://www.youtube.com/watch?v=r1DSH9AQXLU,Ugxvy1U1zxFeAm4tq7t4AaABAg,Youtube,@xaxxersxis8,"aku mengambil sisi yang bisa aku ambil dari vlog ini,menurut ku ada benar nya juga sih,entah aku ataupun dari kalian ada yang kaya udah overwhelmed bnget dg berita yang hampir dari semua platform sosmed berita yang sama, karna saking sering terpapar jd susah bedain mn berita trusted mna berita yang digiring buzzer, berita hoaks, bahkan sampe hari ini pun aku pribadi udah jarang bahkan kuat gk buka sosmed karna saking pusing nya liat keadaan hari demi hari, paling sesekali setelah beberapa hari cek berita up to date sekira ada berita yang penting bnget tinggal lihat dan menyelam berita bbrpa hari yg terlewat.. karena aku sendiri tinggal di Kalimantan merasakan karhutla, pemadaman bergilir 6jam setiap hari yang terjadi sebulan lebih memang sememuakan itu lihat sosmed dg segala isinya,cmiiw",10 hours ago (edited),,,,0
https://www.youtube.com/watch?v=r1DSH9AQXLU,Ugx7TIW5-34iPqHFOah4AaABAg.AahXBTO01_0AahXWgcNh-Y,Youtube,@lancer119gaming,G gitu cara pikirnya.coba pikir apa yang bisa dilakukan supaya bisa survive+mempertahankan mental dan pikiran yang sehat.dan memang topik gini ga ada artinya bagi banyak masyarakat kita yang ga aware.,10 hours ago,,,,0
https://www.youtube.com/watch?v=r1DSH9AQXLU,UgyNhrm8NrJ5lvsix8F4AaABAg,Youtube,@AliefAwfa,Tone deaf,10 hours ago,,,,0
https://www.youtube.com/watch?v=r1DSH9AQXLU,UgyFEmg0WxRtuk0XgVZ4AaABAg,Youtube,@adlinaisl558,"Yok kak lebih napak tanah lagi, bisa yok...",10 hours ago,,,,0
https://www.youtube.com/watch?v=r1DSH9AQXLU,UgxU4cHtR4aDoM6flJt4AaABAg,Youtube,@andreesuryapratama,Gilak !!! Komentarnya kritis parah !!! Ya Allah ini komentar ngga ada yg abal abal. Lanjutkan komentar yg objektifnya,10 hours ago,,,,6
https://www.youtube.com/watch?v=r1DSH9AQXLU,UgzDVgbKgcOPaR6AjZV4AaABAg,Youtube,@kyrieali15,Pengen berkata kasar SE kasar kasar nya😊,10 hours ago,,,,0
https://www.youtube.com/watch?v=r1DSH9AQXLU,UgzQFYMSXmR73p8pp-l4AaABAg,Youtube,@hammyshelby,"oh gitu, okesip.",10 hours ago,,,,0
https://www.youtube.com/watch?v=r1DSH9AQXLU,UgzOmLdBNOzQBC8b39x4AaABAg,Youtube,@May-ms5qw,"Sakit hati bgt sama maudy , nangis guaaaa",10 hours ago,,,,0
https://www.youtube.com/watch?v=r1DSH9AQXLU,UgxRiHl504HNBf9-xax4AaABAg,Youtube,@Carpediem_004,"Sedih banget aku ka, kamu kok bisa kepikiran kaya gitu:) apa karena hidup mu udah enak?",10 hours ago,,,,0
https://www.youtube.com/watch?v=r1DSH9AQXLU,Ugz-1KJ__mvZdBJCgZp4AaABAg,Youtube,@iqbalreds4878,"Bukan cuma bad news its bad experience, contohnya sini antri bbm sampai 2 jam di makassar 😂, lihat harga beras sdh 100 rb /kg dll, see the real life sis",10 hours ago,,,,0
https://www.youtube.com/watch?v=r1DSH9AQXLU,Ugzn9vv3y5ZqzdVnNyZ4AaABAg,Youtube,@kyrieali15,"Nir empati, tonedeaf final boss wkwk",10 hours ago,,,,0
https://www.youtube.com/watch?v=r1DSH9AQXLU,UgxcCBom2Uu45MqURqt4AaABAg,Youtube,@areswilliamm,put me in the screenshot,10 hours ago,,,,0
https://www.youtube.com/watch?v=r1DSH9AQXLU,UgyQzyFY5cuo83hQ9Gp4AaABAg,Youtube,@Popcornbioskop13,Mayoritas yang pake lpdp itu orang have dan koneksi sm pemerintahan,10 hours ago,,,,0
https://www.youtube.com/watch?v=r1DSH9AQXLU,UgyHZRRA976W-X85Z_p4AaABAg,Youtube,@RandomUse-o1n,Ini hasil lulusan luar negri yg pake uang rakyat btw wkwkw,10 hours ago,,,,0
https://www.youtube.com/watch?v=r1DSH9AQXLU,UgzMgYtTZ7UmC3YFpo54AaABAg,Youtube,@tribagussoleman,Apaansih? Gaje maudi...,10 hours ago,,,,0
https://www.youtube.com/watch?v=r1DSH9AQXLU,UgzTviYxXPUs56jnXMd4AaABAg,Youtube,@lilyeths,"tone deaf, shame on you kak",10 hours ago,,,,0
https://www.youtube.com/watch?v=r1DSH9AQXLU,UgxMp7LsrZaDGC27boJ4AaABAg,Youtube,@theyoungconservation,udah capek bolak balik nyari beasiswa sambil struggle di kehidupan gini eh yang DAPAT BEASISWA TERNYATA ORANG PRIVILEDTE TONE DEAF GINI ANJEEEEENT,10 hours ago,,,,0
https://www.youtube.com/watch?v=r1DSH9AQXLU,UgwHQYO1_ApJhIo9OgN4AaABAg,Youtube,@Gitxgit,"Di rumah dapat pemadaman listrik, keluar rumah asap pekat, mau jalan keliling keliling BBM gaib, jadi gimana gimana, emang bener kata, emang bener Seseorang tidak akan benar-benar memahami atau mengerti situasi, rasa sakit, atau perjuangan orang lain sa",10 hours ago,,,,1
https://www.youtube.com/watch?v=r1DSH9AQXLU,UgztCEMA3z7u90ijv4V4AaABAg,Youtube,@raditbayua5015,P assalamu'alaikum numpang silahturahmi siapa tahu rame😂,10 hours ago (edited),,,,0
https://www.youtube.com/watch?v=r1DSH9AQXLU,UgzldHcxt97wgW6K0Vx4AaABAg,Youtube,@kkumdall,Ko bisa si pake beasiswa emg gapunya duit?,10 hours ago,,,,0
https://www.youtube.com/watch?v=r1DSH9AQXLU,UgwSWYSk1WOMukBR98t4AaABAg,Youtube,@farasayu-f9n,"Kak, aku dulu bener2 followers km tp km tone deaf, ternyata pinter aja ga cukup yaa 🥲",10 hours ago,,,,0
https://www.youtube.com/watch?v=r1DSH9AQXLU,Ugxs882uRitq2EHNV6l4AaABAg,Youtube,@urmom-vu7su,Uhm ok,10 hours ago,,,,0
https://www.youtube.com/watch?v=r1DSH9AQXLU,UgwHQYO1_ApJhIo9OgN4AaABAg.AahVJYdRGH8AahVuQLxNvA,Youtube,@yahya.4706,Kayak kata katanya Madara ya bg wkwkww,10 hours ago,,,,0
https://www.youtube.com/watch?v=r1DSH9AQXLU,UgxU4cHtR4aDoM6flJt4AaABAg.AahW-vvyrCjAahXcnmmn9W,Youtube,@lancer119gaming,Objektif?yang ada hujatan kosong yang tak sesuai pembahasan ny,10 hours ago,,,,0
https://www.youtube.com/watch?v=r1DSH9AQXLU,UgxU4cHtR4aDoM6flJt4AaABAg.AahW-vvyrCjAahY-oHXG8S,Youtube,@andreesuryapratama," @lancer119gaming sudah baca berapa komen ? Yg aku liat banyak yg objektif, no offense ya. Kecuali klo kamu emg aliran maudy ayunda",10 hours ago,,,,0
https://www.youtube.com/watch?v=r1DSH9AQXLU,Ugzoji_yaLT91A4IwlB4AaABAg,Youtube,@gabrielabatti,"Reading your explanation, it is not mindfulness. It is sophisticated excuse for avoidance. It is avoidance wearing meditation clothes. We understand that you just don't want to offend your friends who are involved in, or are even the cause of, this bad news. But, there is no need to lecture others about mindfulness when what you are really doing is dodging an uncomfortable reality. You can always just ignore or simply walk away.. you know... like any other public figures. Walking away is not automatically cowardice, of course. We understand that you are, after all, “protecting yourself.”",10 hours ago,,,,0
https://www.youtube.com/watch?v=r1DSH9AQXLU,UgxWxa5p9sgtUW_FY_V4AaABAg,Youtube,@Reno-nj7yj,"Sepertinya mudah untuk berbicara seperti ini ketika anda tidak sedang berdiri di pihak yang merasakan dampaknya. Coba sesekali anda dengarkan dari sisi orang yang benar-benar terdampak, bukan hanya dari tempat yang nyaman. Semoga suatu hari empati terasa lebih penting daripada memberi nasihat. Semoga anda merasakan apa yang mereka rasakan.",10 hours ago,,,,0
https://www.youtube.com/watch?v=r1DSH9AQXLU,UgxKUYOZOkVkqOPv9O54AaABAg,Youtube,@sunkistjeruk,"Video ini ditujukan untuk teman-teman yang hidupnya sudah sejahtera, kaya, bisa healing ke luar negeri.",10 hours ago,,,,0
https://www.youtube.com/watch?v=r1DSH9AQXLU,Ugxx21Anrvuu5zbQidB4AaABAg,Youtube,@ArahSuaraPodcast,beliau adalah contoh output dari kegagalan sistem pendidikan ala kapitalisme yg hanya digunakan sebagai jenjang karir dan kapital semata,11 hours ago,,,,0
https://www.youtube.com/watch?v=r1DSH9AQXLU,UgyUf3i1tmfjDbIDR-p4AaABAg,Youtube,@delysaaass,"Menurut saya berita buruk di negeri ini sudah terjadi lama sekali...bahkan sebelum akhir akhir ini. bagaimana cara memfilter berita buruk ditengah situasi saat ini ? Sebenarnya ada hal yang lebih penting bagaimana cara kita lebih banyak berempati terhadap sesama makhluk hidup ? Bagaimana cara kita belajar memanusiakan manusia ? Misalnya berita akhir akhir tentang hewan banyak banget kan yang terdampak bukan hanya manusia saja tapi juga hewan. ada yang mengatakan penyebabnya takdir tapi yang sebenarnya adalah perbuatan manusia sendiri yang menjadi penyebabnya. tenang ? Bagaimana bisa tenang kak Maudy ? gaji, harga beras,minyak, buah, sayur, susu,air, belum lagi kebutuhan lainnya ditengah situasi saat ini seorang dengan gaji yang dibawah dari harga baju yang mungkin kalian bisa beli 1 juta. Tapi ada banyak orang yang mengharap gaji tersebut dari bulan ke bulan buat menuhi satu bulan. Menjadi tulang punggung ditambah lagi menghadapi politik saat ini yang terjadi. Pemimpin yang zalim, bencana, ketidakadilan keracunan, penindasan, pemerkosaan, kesehatan tubuh dan jiwa. Saya harap semuanya menjadi lebih peka dan berempati dengan apa yang terjadi saat ini.",11 hours ago,,,,0
https://www.youtube.com/watch?v=r1DSH9AQXLU,UgzbhmkSHjAUovZrDGx4AaABAg,Youtube,@oktachandikasalsabila2225,jangan pinter doang tapi ga punya empati.,11 hours ago,,,,0
https://www.youtube.com/watch?v=r1DSH9AQXLU,UgwgWYO09nI7nSkMr-V4AaABAg,Youtube,@davidwahidani,maudy tidur besok ngajak orang mindfulness lagi,11 hours ago,,,,0
https://www.youtube.com/watch?v=r1DSH9AQXLU,UgwroGsv8sUFTHcy5N94AaABAg,Youtube,@inds9335,Your bad news adalah realita hidup yang di jalani manusia lain.,11 hours ago,,,,0
https://www.youtube.com/watch?v=r1DSH9AQXLU,Ugx5PvMivNoSIdHG_wF4AaABAg,Youtube,@1_bbreeanaanargya197,"Awardee means dari Pajak orang orang yg terdampak n ngalamin ""bad news "" itu  Kan yaa? Please enlighten me",11 hours ago,,,,0
https://www.youtube.com/watch?v=r1DSH9AQXLU,UgzFkYcwyaetKmiCGcB4AaABAg,Youtube,@nuns4385,"Rasain duku Maudy, talk is cheap",11 hours ago,,,,0
https://www.youtube.com/watch?v=r1DSH9AQXLU,Ugw1cfKRt2WEGd2awOJ4AaABAg,Youtube,@revaniaamelia5806,"someone on twitter said ""padahal S2 pake duit rakyat tapi speak up buat rakyat gamau"" whooppp",11 hours ago,,,,0
https://www.youtube.com/watch?v=r1DSH9AQXLU,UgxEJhAeFlKkbIe1kXR4AaABAg,Youtube,@minimowu,Tolong bersihin telinganya dan MELEK ya.,11 hours ago,,,,0
https://www.youtube.com/watch?v=r1DSH9AQXLU,UgywpcSCVs6TP1x0ZVd4AaABAg,Youtube,@Red_Rabbit203,"Jangan nanti kita di bilang. Masyarakat Indo emang IQ Rendah. Karena Mengkritik hal yang anda sampaikan salah. 🙏🙏 
Memang kita harus memilah apa yang berhubungan dengan hidup kita. 😂😂 
Tapi kalau berita Nasional yang memang harus ""VIRAL"" Karena tidak ada keadilan bila tidak ""VIRAL"" 

Kalau Anda Punya Source yang terpecaya dan memang menampilkan Fakta. ""TOLONG SHARE DENGAN KITA MASYARAKAT "" AGAR TIDAK TERLIHAT BODOH DI MATA ANDA 🙏🙏. MAKASIH",11 hours ago,,,,0
https://www.youtube.com/watch?v=r1DSH9AQXLU,Ugw3LLWZCnTYPLBY67l4AaABAg,Youtube,@yunikartikasari7352,"You sorry because you get caught? 
Auwwwwww nggak ada kata Sorry at all...
Well have bless lyfe kakak Mod in your own Bubble!",11 hours ago,,,,0
https://www.youtube.com/watch?v=r1DSH9AQXLU,UgxHJ2OIc9LabQYMhSB4AaABAg,Youtube,@fikaayularasati6896,Makin kesal saat tau dia penikmat lpdp,11 hours ago,,,,0
https://www.youtube.com/watch?v=r1DSH9AQXLU,Ugxrre8xjoBBP95VAYt4AaABAg,Youtube,@cakredi4132,"It's hard to be stoic
when you don't know whether your family will be eating or not the next day.",11 hours ago,,,,0
https://www.youtube.com/watch?v=r1DSH9AQXLU,UgylMQ8b0eQ-aRSrsaV4AaABAg,Youtube,@Claraandclaire,Doain orang bubblenya pecah dosa ga ya 🙄,11 hours ago,,,,0
https://www.youtube.com/watch?v=r1DSH9AQXLU,UgwNzVUaNClx_Le95YN4AaABAg,Youtube,@anaisduh,"Oke ya. Ini salah lu semua yg udh ngepush ni org buat speak up. Nih dia speak up.

Rasain 🫩",11 hours ago,,,,0
https://www.youtube.com/watch?v=r1DSH9AQXLU,UgxxBn1MxsFIFn1gTWB4AaABAg,Youtube,@TOKICHI.MIKUNI,Dislike aja,11 hours ago,,,,0
https://www.youtube.com/watch?v=r1DSH9AQXLU,UgwACxm5yT1W8mVR6tZ4AaABAg,Youtube,@nanika5935,"gimana lo ga mindfulness mody,kalo negara ini makin kacau, Lo tinggal pindah ke Korea atau ke Amerika dgn sangat mudah ,ikutin laki Lo, sedangkan mayoritas kita ga punya pilihan,, dihh",11 hours ago (edited),,,,0
https://www.youtube.com/watch?v=r1DSH9AQXLU,UgwuWCItcVXds4NG0-x4AaABAg,Youtube,@ysblodeuwood1812,"Rekam video sebelum trip bali, upload video selagi liburan bali MENYENANGKAN SEKALI YAA👏",11 hours ago,,,,0
https://www.youtube.com/watch?v=r1DSH9AQXLU,Ugzrt_R61SrjENt7knN4AaABAg,Youtube,@leeji252,"bodoh banget aku ternyata pernah kagum sama manusia ini, terimakasih sudah menyandarkan saya. unfollow you and throw away all your brands that I have ever bought 🙏🏻",11 hours ago,,,,0
https://www.youtube.com/watch?v=r1DSH9AQXLU,Ugyk71czEf2D-kJNEjJ4AaABAg,Youtube,@catzmadd,"kamu itu beasiswa pake lpdp loh maudy, brandingan kamu brand make up kamu semuanya bawa-bawa nama Indonesia, giliran lagi banyak bencana gini malah bisa2nya tonedeaf dan menganggap angin lalu apalagi dibungkus dengan it's just a bad news. Anjir speechless bgt gw, lo sekolah tinggi2 sampe S2 di Harvard tp lobus frontalis lo gabisa mikir smpe sini",11 hours ago,,,,0
https://www.youtube.com/watch?v=r1DSH9AQXLU,Ugzlabap8ar1COXlCkJ4AaABAg,Youtube,@RestnRelaxOfficial,I know her true colors since she kept silent over Palestinian issue. You guys just noticed recently? Enjoy your menara gading mod 🎉,11 hours ago,,,,0
https://www.youtube.com/watch?v=r1DSH9AQXLU,UgzFOKMFNFh52gYbxoF4AaABAg,Youtube,@twerkingseagull,Telinga segede kancut badak kaga dipake,11 hours ago,,,,0
https://www.youtube.com/watch?v=r1DSH9AQXLU,UgwPI8nPRInzhKPQJ_x4AaABAg,Youtube,@Mrs.Simatupang,"Dulu bingung, kok saya bisa tidak suka anda. Ya ini ternyata jawabannya.",11 hours ago,,,,1
https://www.youtube.com/watch?v=r1DSH9AQXLU,Ugz5ISyt88X0Y3QHXb14AaABAg,Youtube,@FianiRodek,"Contohin Sherina dan Cinta Laura Mod. Maksudnya sering2 lah Napak tanah dan posisikan diri jadi orang2 Kalimantan. I mean you have those privilege, dan kamu bahas begini. Sayang banget. Lebih ke sombong sih. Bad news bukan sekedar kabar media. Itu adalah penderitaan real masyarakat lain di luar sana. Orangnya real. Harusnya kamu jg jangan kayak pemerintah, cuma tau ambil bahan2 kosmetik untuk brand kamu, tapi kamu abai dengan orang2 di sana. I thought you could do more than this yapping.",11 hours ago,,,,0
https://www.youtube.com/watch?v=r1DSH9AQXLU,UgynOsCykjxnICaFo6t4AaABAg,Youtube,@veralie1985,"Ketika org kaya menasehati org miskin 🥰🥰
Tone deaf akut!",11 hours ago,,,,0
https://www.youtube.com/watch?v=r1DSH9AQXLU,UgyqfZmkxHg5KjyJR6J4AaABAg,Youtube,@ysblodeuwood1812,"Bedakan MINDFULNESS dan OBLIVIOUSNESS ya Maudy sekolah tinggi tinggi tapi gak bisa bedain, makanya jangan sok iye deh kalo gua mah malu yee😂",11 hours ago,,,,0
https://www.youtube.com/watch?v=r1DSH9AQXLU,UgyPKikxtAFmtmaY7X54AaABAg,Youtube,@TaufikMadya,"Coba yang daritadi lo sebut kabar buruk yang sampai bikin lo nangis, dikupas satu satu",11 hours ago,,,,0
https://www.youtube.com/watch?v=r1DSH9AQXLU,Ugxs8nBjG9x_KuTnJHt4AaABAg,Youtube,@skzcats25_15,"Masalahnya Maudy, kamu org yang punya power dan followermu banyak. Harusnya platformmu bisa mengajak orang lebih peduli dengan karhutla, mitigasi bencana atau keracunan makanan.",11 hours ago,,,,2
https://www.youtube.com/watch?v=r1DSH9AQXLU,UgyNC4C5ZVAXAyvWaFV4AaABAg,Youtube,@aulisaniexaga2249,"I can’t find any mistake in the statements that she made…dia tuh ga nyuruh kita tutup mata, krn mindfulness itu bukan berarti harus tutup mata dari bad news…tapi bisa understand what we’re capable of, mengkurasi akun yg reliable, aware terhadap waktu yg cocok utk masing” kita keeping up with the news, dan balancing bad news dgn hal” positif biar kita tidak emotionally drained apalagi buat tipe org yg emotional dan gampang overwhelmed",11 hours ago (edited),,,,3
https://www.youtube.com/watch?v=r1DSH9AQXLU,Ugzqd3WFpgzeKdjTVyJ4AaABAg,Youtube,@diahlestari6602,"Ka, tolong empati nya sedikit aja. Jangan sia2kan ilmu tinggi tapi nol empati. Lebih membumi.",11 hours ago,,,,1
https://www.youtube.com/watch?v=r1DSH9AQXLU,UgxSXiEjNZsQNijFnT54AaABAg,Youtube,@radenbayuherlambang3898,Aaah mau komen. Besok pagi gue harus bawa motor ke kantor dengan kondisi jalan bekasi yg jelek,11 hours ago,,,,0
https://www.youtube.com/watch?v=r1DSH9AQXLU,UgyjzisJR9m5DlbrFLd4AaABAg,Youtube,@fajarmustofa5810,Orang-orang yang tidak pernah bingung besok makan apa lantas berbicara soal mindfulness adalah lelucon,11 hours ago,,,,0
https://www.youtube.com/watch?v=r1DSH9AQXLU,UgwoddracBai_J-2Qet4AaABAg,Youtube,@Rosequartzcloud,"Ga pernah sekolah di negeri, kuliah di negeri atau swasta indo, keknya jarang ngobrol juga, ga pernah turun ke lapangan, tapi ngomong ini itu. Bebas sih. Tapi bijaklah dikit wkwk. Mau cerita keadaan lo doang ge mikir aturan! Banyak yg lebih parah dr itu. Yg mindful"" doang mah belom jadi issue prioritas. Tau prioritas ga sist kalau ga tay empati mah?",11 hours ago,,,,0
https://www.youtube.com/watch?v=r1DSH9AQXLU,Ugzw3fBeVULlmnmtT-B4AaABAg,Youtube,@Kukuroio,"Maudy I met you on the 23rd of august, we share the same hotel in bali. I was assuming you were there for vacation because your husband was present. So I’m also assuming this video posted before or during your trip to bali. Well you also could argue this video was scheduled but for you to enjoy bali while also posting this is tone deaf, but i mean you do a lot of tone deaf thing tho. 

for me and you to step back and laid back to forget about everything going on in our country and the whole world is a huge ass privilege🤍 

Instead of posting tone deaf video like this literally you could use your platform and audience for better cause. Lots of things going on, kalo emang mau avoid politics juga bisa sebenernya masih menggunakan platform kamu dan audience kamu untuk yg lebih baik😊",11 hours ago,,,,0
https://www.youtube.com/watch?v=r1DSH9AQXLU,UgzUF96jJnWCp3xDARd4AaABAg,Youtube,@tyoistyo,Saya kesini gara-gara Threads. Narasinya jahat banget disana. Malah bawa-bawa tone deaf. Padahal saya lihatnya biasa aja. Justru saya ngerasa ini cocok buat mereka. Apa mereka merasa tersindir? Secara orang-orang jaman sekarang ngebuat narasi dan ngeup sesuatu kadang bukan cuma nyebar informasi tapi untuk bisnis juga. Tiba-tiba ada aja link di bawahnya.,11 hours ago,,,,0
https://www.youtube.com/watch?v=r1DSH9AQXLU,UgyVnGCvRa4_fFaOZlJ4AaABAg,Youtube,@dwiayutyas,"Dari panjangnya narasi di Video ini , singkat aja kak, klo ada berita buruk bilangnya "" Emang Gue Pikiriin ??"" Dah itu aja😂 

 hidup akan tenang, damaii, sambil makan telur ceplok tanpa mikirin harganya terus melambung gara2 berita buruk di luar sana haha",11 hours ago,,,,0
https://www.youtube.com/watch?v=r1DSH9AQXLU,UgzvPcFv1Zgz9FWE_vd4AaABAg,Youtube,@sweetpotato1632,"I'm sorry, did i hear this right? Because to me, you just describe a LOT of people SUFFERING, REAL PEOPLE SUFFERING, as nothing but a ""bad news"" that disrupting your ""mInDfULnEsS?"" This is embarrassing, and just confirmed that you're nothing but a TONE DEAF AS FUCK influencers",11 hours ago,,,,0
https://www.youtube.com/watch?v=r1DSH9AQXLU,Ugxs8nBjG9x_KuTnJHt4AaABAg.AahRbYxHHUiAahSj8XXXnt,Youtube,@lancer119gaming,"Sebenarnya apa yang dia jelaskan itu cuma teori dan semua keputusan nyata dilapangan balik lagi ke diri mu sendiri, meskipun di situasi terburuk",11 hours ago,,,,0
https://www.youtube.com/watch?v=r1DSH9AQXLU,Ugxs8nBjG9x_KuTnJHt4AaABAg.AahRbYxHHUiAahUHi9Zk6f,Youtube,@ThAP223,"Cuma teori, tapi video ini ditujukan ke siapa? SELURUH masyarakat Indonesia kan? Dan sebagai advice untuk menghadapi Bad News yang terjadi di negara kita, lagian ngapain sih lu repot"" jadi unpaid Public Relations dia 😂",11 hours ago,,,,0
https://www.youtube.com/watch?v=r1DSH9AQXLU,UgyNC4C5ZVAXAyvWaFV4AaABAg.AahRRh7R-7FAahRvC8OMEV,Youtube,@aulisaniexaga2249,ITU DIJELASKAN DENGAN SANGAT JELAS LOH DI VIDEO INI,11 hours ago,,,,0
https://www.youtube.com/watch?v=r1DSH9AQXLU,UgyNC4C5ZVAXAyvWaFV4AaABAg.AahRRh7R-7FAahS4JGzZkJ,Youtube,@aulisaniexaga2249,"Tolong yg kritik statements nya, coba kasi saya penjelasan statement apa saja itu yg salah dan tidak pantas utk disampaikan di publik?",11 hours ago (edited),,,,0
https://www.youtube.com/watch?v=r1DSH9AQXLU,UgyNC4C5ZVAXAyvWaFV4AaABAg.AahRRh7R-7FAahZro7Ocld,Youtube,@afzondakka2162," @aulisaniexaga2249  tidak ada yang salah dari statements nya Kak, kebetulan timingnya tidak tepat, dan di awal kurang memberikan penjabaran bahwa dirinya juga mengerti kesulitan yang dirasakan masyarakat Indonesia kebanyakan secara lebih detail lagi.

di titik ini memang, tidak ada salah benar, hanya yang diperlukan adalah lebih belajar lagi untuk masing-masing kita. kebetulan saya pun melihat full video ini setelah viral di twitter. terima kasih banyak Kak.",10 hours ago,,,,0
https://www.youtube.com/watch?v=r1DSH9AQXLU,Ugzqd3WFpgzeKdjTVyJ4AaABAg.AahRNscVz8mAahT-bp2n7w,Youtube,@lancer119gaming,Justru netizen yang harusnya paham ini channel bahasannya kesehatan mental dan pemikiran.soal keputusan lapangan balik lagi ke diri sendiri.lagian kok bisa video ny viral sementara masyarakat Indonesia g terlalu aware sama topik kyk gini?,11 hours ago,,,,0
https://www.youtube.com/watch?v=r1DSH9AQXLU,UgwPI8nPRInzhKPQJ_x4AaABAg.AahRwaqn7hRAahSI6VSk4I,Youtube,@lancer119gaming,Yang g suka haters buta.padahal apa yang dibilang cukup benar kok.dia melihat dalam kacamata mental health dan pikiran.yanh salah mungkin topik ini tidak cocok bagi banyak masyarakat,11 hours ago,,,,0
https://www.youtube.com/watch?v=r1DSH9AQXLU,UgwM5XpQ4uMJYwGs3514AaABAg,Youtube,@naninuneno0o0o0o0,😅,11 hours ago,,,,0
https://www.youtube.com/watch?v=r1DSH9AQXLU,Ugyhg6U7ElzcncvizBN4AaABAg,Youtube,@novandalupi1430,Obrolan yg kayak gini lu angkat ke publik? Ngeledek lu? harusnya lu tau tempat,11 hours ago,,,,1
https://www.youtube.com/watch?v=r1DSH9AQXLU,UgwmrZMUZNddcLU3uPx4AaABAg,Youtube,@ardhi738,People are dying MAUDY!!,11 hours ago,,,,0
https://www.youtube.com/watch?v=r1DSH9AQXLU,UgwkN14hNFcSEKJHHNF4AaABAg,Youtube,@peminumyakult,pengen mindful mah mending membership gjls,11 hours ago,,,,0
https://www.youtube.com/watch?v=r1DSH9AQXLU,UgzcAfgZ76HXUW4CMF54AaABAg,Youtube,@sab8089,Kata gw mending lu gabung pancatera deh,11 hours ago,,,,0
https://www.youtube.com/watch?v=r1DSH9AQXLU,UgzU5zukrWXwSoeuCn54AaABAg,Youtube,@Rosequartzcloud,Sherina loh modddd mademin api diaa di hutaaann,11 hours ago,,,,0
https://www.youtube.com/watch?v=r1DSH9AQXLU,UgyLnNRJINDtk8ziynB4AaABAg,Youtube,@hollybb93,TONE DEAF FINAL BOSS,11 hours ago,,,,0
https://www.youtube.com/watch?v=r1DSH9AQXLU,UgzZMUyNqKqCCrsuL354AaABAg,Youtube,@MetaOctavia-x2g8t,Percuma pinter kalo nirempati gini 😢,11 hours ago,,,,1
https://www.youtube.com/watch?v=r1DSH9AQXLU,UgzFc8eA1SdL-2uFpjp4AaABAg,Youtube,@WiniFitriana-s1h,Budeeeeeekkkk loe,11 hours ago,,,,0
https://www.youtube.com/watch?v=r1DSH9AQXLU,Ugy978AfTikjRTsLI2h4AaABAg,Youtube,@gerryharianja1132,Dr dl ga pernah suka sm dia,11 hours ago,,,,0
https://www.youtube.com/watch?v=r1DSH9AQXLU,Ugz4qh2TYERAbCPdHXV4AaABAg,Youtube,@agrahilmanfardhan7396,Ngefans sama maudy ayunda aja uda aneh.,11 hours ago,,,,0
https://www.youtube.com/watch?v=r1DSH9AQXLU,UgzoM2WS8NAfRjvhPnl4AaABAg,Youtube,@amaliahusna5615,mod mending gabung sama bude2 pancatera,11 hours ago,,,,0
https://www.youtube.com/watch?v=r1DSH9AQXLU,UgxCQkpIiI2y8XLPDAt4AaABAg,Youtube,@trisnainsani8679,"lo tuh emg ga peduli apa gmna sih maudy? bener2 ga ada sense of human beingnya dr smua yg udh terjadi, susah sih yg emg udh kaya dr lahir ga pernah hidup susah, mindfulness jd segampang itu buat dibahas bahkan jadi “motivator” lewat video youtube ini 🥲🥲",11 hours ago,,,,0
https://www.youtube.com/watch?v=r1DSH9AQXLU,UgxzXXu8520XKhobyNl4AaABAg,Youtube,@Moemsycreative-t4v,"Oh well my dear regardless of what you said on your ""apology"" comment/post....

I genuinely wish that you be mindful of all the backlash sipping my tea  do what you preach. Later, love.",11 hours ago,,,,0
https://www.youtube.com/watch?v=r1DSH9AQXLU,Ugxb2gE4s-rUMuE56CB4AaABAg,Youtube,@waskitowisnu9076,Wah kena goreng kak,11 hours ago,,,,0
https://www.youtube.com/watch?v=r1DSH9AQXLU,UgzRB5E0V6OvJrmj9nB4AaABAg,Youtube,@nadyawulan-e3j,anak tone deaf tidur besok be mindful lagi,11 hours ago,,,,0
https://www.youtube.com/watch?v=r1DSH9AQXLU,UgxPgklEfKFY6vabR994AaABAg,Youtube,@yazidahziya,"Tbh, konten kamu bener kok Maudy. Hal-hal yang kamu sampaikan itu benar dan aku setuju bgt bahwa as a person itu kita masih punya hope di tengah situasi berita buruk yg tidak berdampak langsung ke diri kita. 
Tapi,  timingnya kurang tepat dan sangat tidak relate definisi “bad news” itu untuk mereka yang menjadi bagian dari bad news itu alias si subjek. 

You saw the bad news as an object, but for some people out there, they are the SUBJECT in bad news. So sorry, it will be good if you put some information of HOW WE CAN HELP THEM FROM FAR. 
Thanks",11 hours ago,,,,1
https://www.youtube.com/watch?v=r1DSH9AQXLU,UgwDi60mE8Bm-zQyfJF4AaABAg,Youtube,@yolandaputrii6461,"Kamu menyarankan orang untuk menjaga kesehatan mental dan menaruh posisinya berada tepat diatas kami yang mengalami penderitaan dan krisis jujur sangat tidak berempati mana sambil makan avocado lgi anjirrrr lah.. Mending Turun langsung kelapangan meninjau lebih jelas biar bisa memposisikan dimana letak yg tepat untuk MindFullNess di antara Empati, sekalian sambil uji coba SunScreen FromThisIsland Buatanmu di udara kalimantan yg sedang fana fananya ini",11 hours ago (edited),,,,1
https://www.youtube.com/watch?v=r1DSH9AQXLU,UgzAzSZb50D26NyS3uB4AaABAg,Youtube,@dianpermatasari879,"Kalo mau bahasa indo, bahasa indo saja. Mau English, English aja.. nggak usah dicampur aduk.. 
Gimana ya, target audience kamu sebenernya siapa?",11 hours ago,,,,0
https://www.youtube.com/watch?v=r1DSH9AQXLU,Ugwp-ycimtd8MP3M38J4AaABAg,Youtube,@luthfih3713,dia bilang kaya gtu sambil ngoles rotinya pke alpukat sementara masyarakat untuk bernafas saja kesulitan karena asap kebakaran yang menjadi,11 hours ago,,,,0
https://www.youtube.com/watch?v=r1DSH9AQXLU,UgwDi60mE8Bm-zQyfJF4AaABAg.AahPLnBz5PcAahTiEn8DUT,Youtube,@lancer119gaming,Justru kalian yang hujat yang harusnya dipertanyakan.konten bagus kalau bukan sesuai topik kalian y harusnya abaikan aja,11 hours ago,,,,0
https://www.youtube.com/watch?v=r1DSH9AQXLU,Ugyhg6U7ElzcncvizBN4AaABAg.AahQqeNNdHbAahTQcBJyYA,Youtube,@lancer119gaming,Loh justru netizen netizen awam justru yang harusnya ditanyakan kenapa malah nyasar ke konten ini? padahal pembahasan nya soal mental health dan pemikiran yang mana ini bukan topik yang banyak dibahas orang.hanya orang orang yang paham aja justru yang harusnya nonton,11 hours ago,,,,0
https://www.youtube.com/watch?v=r1DSH9AQXLU,UgzGsVj1MILKbz1Qgjt4AaABAg,Youtube,@babangfariska2486,"Oh, so you've attained the status of a Celestial Dragon now? 
Good for you, Maudy Ayunda... Stay rich—don't ever become poor. You will not survive.",11 hours ago,,,,0
https://www.youtube.com/watch?v=r1DSH9AQXLU,Ugx6aXUohEyDJIvdSL54AaABAg,Youtube,@porfeyah,Tetap semangat ka❤😢,11 hours ago,,,,0
https://www.youtube.com/watch?v=r1DSH9AQXLU,UgyznFBZSCw9acczAn94AaABAg,Youtube,@frostaurora6271,"bad news huh, for some of us it's not just a news BTW.
burung aja yang punya sayap sesekali napak tanah",11 hours ago,,,,0
https://www.youtube.com/watch?v=r1DSH9AQXLU,Ugw1Rw-qnahGrhkSEI94AaABAg,Youtube,@sunflowerjojo66,protect what? 😅 protect yourself from what maudy?! bad news? BAD NEWS? cih,11 hours ago,,,,0
https://www.youtube.com/watch?v=r1DSH9AQXLU,Ugy6MoNVXTFiPeyb2vV4AaABAg,Youtube,@michaelsipahelut6175,Talk is cheap when you're not  walking on the same shoes😏,11 hours ago,,,,0
https://www.youtube.com/watch?v=r1DSH9AQXLU,Ugyjr8ZI-4W3YUnaAEx4AaABAg,Youtube,@ekasunn7504,"Kalo gak bisa bantu apa² mending diem deh mbak.
Duduk aja di singgahsanamu yang nyaman itu. Takutnya kalo terlalu banyak mikirin hal² buru kesehatan mental lu terganggu.
Kami yang ngerasain gimana susahnya perekonomian saat ini , udah kena ujian mental yang begitu banyak",11 hours ago,,,,0
https://www.youtube.com/watch?v=r1DSH9AQXLU,UgxkfPJqcyYKN0pdFbl4AaABAg,Youtube,@heyhikun,"Kak Maudy, titik paling rendah dari hidup adalah dido'akan hal-hal baik dari orang yang sakit hati terhadap perbuatan maupun perkataanmu. Selamat ya. 😁",11 hours ago,,,,0
https://www.youtube.com/watch?v=r1DSH9AQXLU,UgwZ3-uadkMraG5WieJ4AaABAg,Youtube,@strawlimes,bad news? this is bad reality for me wkwkw,11 hours ago,,,,0
https://www.youtube.com/watch?v=r1DSH9AQXLU,Ugy0qk0yZLBpMLT8q8l4AaABAg,Youtube,@dinirahmawati3931,"Bisa bisanya lu bilang buat mindful, take it easy, it's not as bad as you think, etc etc bla bla when you literally use LPDP for your study in Stanford. FOR FREAKING EDUCATION! Tau ga sih Mod lo tu harusnya yang teriak paling kenceng, waktu anggaran pendidikan dipotong banyak buat MBG. Waktu ratusan ribu siswa, guru, keracunan MBG. Waktu banyak siswa gabisa aktifitas sekolah dengan baik krn asap karhutla. KATANYA dulu waktu kuliah di Stanford cita-citamu memperbaiki pendidikan kan? And now suddenly it's ""out of your control"" and ""exaggerated bad news"" for you. Wow. Talk about hypocrites. I think you won that game.
How's the cottage cheese, the too healthy bread, the 3 eggs, and the avocado btw? Hope you never got food poisoning from that. Must be nice!",11 hours ago,,,,0
https://www.youtube.com/watch?v=r1DSH9AQXLU,UgzwTLVmhbX4dfilZVV4AaABAg,Youtube,@lasulikhlas2382,"Pake bahasa Indonesia yang baik dan benar aja, maudy. Biar pesanmu tersampaikan dengan jelas. Ya walaupun jelek juga sih. Terimakasih telah menambah ""bad news"" Untuk hari ini. Rakyat tak boleh hanya di kasih pengharapan semu, rakyat tak boleh hanya diam saat bad news datang bertubi-tubi. Kenyamanan hidup adalah milih semua orang, jangan padamkan api perlawanan!",11 hours ago,,,,1
https://www.youtube.com/watch?v=r1DSH9AQXLU,UgwQJfDFHCn8uhJ6ysl4AaABAg,Youtube,@HanaIsabella-x2d,"Padahal ""bad news"" itu sendiri adalah fakta kalo negara ini lagi ga baik baik aja. Semoga hidup kamu gapernah merasakan berada diposisi yang kamu anggap ""bad news"" itu. Salam dari yang udah 2 bulan ini menghirup asap karhutla :)",11 hours ago,,,,0
https://www.youtube.com/watch?v=r1DSH9AQXLU,UgwvFfIawLoiwxNc72J4AaABAg,Youtube,@vierlyjd8636,"Lu ga pernah susah mbak. Udh gitu aja, empatinya dipake",11 hours ago,,,,0
https://www.youtube.com/watch?v=r1DSH9AQXLU,Ugwxsc4kdaHaHNmZse54AaABAg,Youtube,@megalestari2514,Better gitasav beropini dr pd ini,11 hours ago,,,,0
https://www.youtube.com/watch?v=r1DSH9AQXLU,UgzNRXgDRIWrUzUDNsd4AaABAg,Youtube,@anastasiawijaya6516,"Gak maudyyyyy. Gue gak pernah suka elo dari awal kemunculan menjadi aktris, yg akting lo B aja flat. Lo tuh kayak palsu, maunya cantik di semua hal terbungkus sempurna. Gak usah banyak narasi sempurna ini itu dech.",11 hours ago,,,,0
https://www.youtube.com/watch?v=r1DSH9AQXLU,Ugx4l7DoD9XznMRMoIt4AaABAg,Youtube,@Alafolie-ug7es,Ga ada isinya😂,11 hours ago,,,,0
https://www.youtube.com/watch?v=r1DSH9AQXLU,Ugxyo-opktITNCPqCzl4AaABAg,Youtube,@RayaAndika-vl9km,"""mindfulness in the age of bad news"" is just her refusing to speak  the truth, the reality, the facts, and act accordingly. that's it. the only reason she made that video is to pretend she cares, while she actually could not care less. 
Dua kali lulusan luar negeri dengan satu kali LPDP ga bikin orang makin pinter. DISAPPOINTED",11 hours ago,,,,0
https://www.youtube.com/watch?v=r1DSH9AQXLU,Ugz9q_oWczboP6JdToN4AaABAg,Youtube,@Sp4rr0w31,"Cuma mau bilang, ada tempat khusus di neraka, untuk manusia yang :

- BUTA namun bisa melihat
- BISU namun bisa berbicara
- TULI namun bisa mendengar

Aceh belum pulih, NTT belum sembuh, Kalimantan belum membaik, Papua belum terbebas, dan terakhir Indonesia masih belum Merdeka..

Disaat kebijakan, keadilan, kesehatan dan kesenjangan hidup di indonesia makin hari memburuk..

Masih tetap tidak ingin melihat?
Masih tetap tidak ingin berbicara?
Masih tetap tidak ingin mendengar?

Selamat, kamu adalah orang yg merugi di akhirat nanti.",11 hours ago,,,,1
https://www.youtube.com/watch?v=r1DSH9AQXLU,UgxoPa929AqeXuF-I-N4AaABAg,Youtube,@walderfreyy,Dengan kata lain “GUE MAU TUTUP MATA TUTUP TELINGA KARENA GUE MAU HIDUP DAMAI”,11 hours ago,,,,0
https://www.youtube.com/watch?v=r1DSH9AQXLU,UgzJF36QVfVuFFzFWsV4AaABAg,Youtube,@fujiwaraasuka7477,Bayangin S2 and didnt use anything of that. Oh my how wonderfull. Rakyat kecil disuruhb bayarin dia kuliah ampe S2 dan dia habis itu langsung nikah tanpa menghasilkan apa-apa buat negara dan rakyat yang bantu dia. Instead dia ngelakuin hal sampah ini? I hope your pillow is warm tonight. No! I hope one day you got get struggle and you will realize,11 hours ago (edited),,,,0
https://www.youtube.com/watch?v=r1DSH9AQXLU,UgwzRbislx_cuKwNnPF4AaABAg,Youtube,@AldiPratama1995,ternyata KITA hanyalah BAD NEW buat dia,12 hours ago,,,,0
https://www.youtube.com/watch?v=r1DSH9AQXLU,Ugz9q_oWczboP6JdToN4AaABAg.AahO76h26QfAahUEyb7sOH,Youtube,@lancer119gaming,Apalah.justru dia memberikan dampak positif lewat pembahasan nya mengenai mental dan pemikiran yang sehat.mungkin memang g cocok bagi banyak masyarakat y krn mereka g aware,11 hours ago,,,,0
https://www.youtube.com/watch?v=r1DSH9AQXLU,UgzwTLVmhbX4dfilZVV4AaABAg.AahObHGJBb9AahTzhkW_0y,Youtube,@lancer119gaming,Justru pembahasan nya bagus bagi yang memahami konten topik beginian soal mental health dan pikiran sehat,11 hours ago,,,,0
https://www.youtube.com/watch?v=r1DSH9AQXLU,UgzZMUyNqKqCCrsuL354AaABAg.AahQavCy17pAahT_g6VDqR,Youtube,@lancer119gaming,G ada dia nirempati.memang pembahasan kyk gini g bisa dipahami banyak orang.hanya orang orang tertentu aja.gw pun jarang liat konten ini pas waktu liat threads bahas ini malah dihujat.padahal gw cek hanya pembahasan mental health,11 hours ago,,,,0
https://www.youtube.com/watch?v=r1DSH9AQXLU,UgxPgklEfKFY6vabR994AaABAg.AahPSjfC3TOAaiW5M0MOi8,Youtube,@AuroraDandelion,Kak terima kasih sudah mewakilkan.,1 hour ago,,,,0
https://www.youtube.com/watch?v=r1DSH9AQXLU,UgzhprvYUCFy29v8EId4AaABAg,Youtube,@luthfih3713,Menasihati orang yg kelaparan itu adalah kebodohan,12 hours ago,,,,0
https://www.youtube.com/watch?v=r1DSH9AQXLU,UgxA6sXN_Gmciteqj1h4AaABAg,Youtube,@dinirahmawati3931,Okay I'm just gonna roll my eyes here. Easy to be mindful when you have all the safety net that you need. 🙄,12 hours ago,,,,0
https://www.youtube.com/watch?v=r1DSH9AQXLU,UgxRXPJ16xoJuI5Kcah4AaABAg,Youtube,@heyhikun,"Tukeran yuk kak, kamu & suamimu menjadi seperti kami yg menghirup kabut asap kahurtla setiap hari demi mencari nafkah 😊👊",12 hours ago,,,,0
https://www.youtube.com/watch?v=r1DSH9AQXLU,UgybCTzyOftTMBaDFsl4AaABAg,Youtube,@suciarmand939,"Hallo Maudy Ayunda, konten kamu ini tidak cocok untuk kamu share di kondisi Indonesia saat ini. Kamu tidak sedang ada di stage Oxford atau Stanford, instead kamu membagikan perspektif kamu untuk viewers kamu yang mostly adalah orang Indonesia yang sedang struggle dengan bad news yang kamu sebutkan tadi. Bagi kamu mungkin itu hanya Bad News, tapi bagi kami yang merasakan, ini bukan sekedar bad news. Lain kali gak usah share2 apa yang ada di pikiranmu, belajar untuk bisa lebih menempatkan diri ya, termasuk share konten di saat situasi sedang chaos2nya. I never expect you as a celebrity who has power to share your thoughts and speak up about government and their policy, but please yok belajar lebih napak tanah 😊",12 hours ago,,,,0
https://www.youtube.com/watch?v=r1DSH9AQXLU,UgzPSORH9kiWJkfhkzh4AaABAg,Youtube,@rosianarisqi6080,"Udah lahhh dislike aja....sama gak usah pake produknya...herannnn bisa2nya bikin konten begini dan gak di take down jg

Lu bolehlah mindfullness tapi gak perlu nyakitin perasaan orang lain...empatilah...cukup jadi konsumsi pribadi lu aja atau circle2 yg setipe kayak lu...",12 hours ago (edited),,,,0
https://www.youtube.com/watch?v=r1DSH9AQXLU,UgzdzoPP-0EWLT6jeid4AaABAg,Youtube,@fujiwaraasuka7477,Lu punya otak sampe bisa sarjana S2 tapi punya rasa empati aja ga ada? Damn maudy. I thought you learn something in there.,12 hours ago,,,,0
https://www.youtube.com/watch?v=r1DSH9AQXLU,UgyQPAzBq5k19lSFW8F4AaABAg,Youtube,@Jon-hw2lt,Ini yg ngamuk2 ditonton ga sih isi videonya,12 hours ago,,,,0
https://www.youtube.com/watch?v=r1DSH9AQXLU,UgwCgS2tbrcain6FuaJ4AaABAg,Youtube,@windadly,"Gue baru tau dia kuliah pake lpdp... :(
Knp ya ornh2 yg dpat lpdp itu rata2 orng have :( bahkan semuanya  :(",12 hours ago,,,,0
https://www.youtube.com/watch?v=r1DSH9AQXLU,Ugz68MqNFmFsw1wbpgR4AaABAg,Youtube,@scaralumip,"Kak, i hope in the future you feel what we feel right now",12 hours ago,,,,0
https://www.youtube.com/watch?v=r1DSH9AQXLU,Ugy84MCAp-G4A5f0s2R4AaABAg,Youtube,@windadly,"wkwkwk hmm niatnya baik tp buat orng kaya dia yg punya lumayan pengaruh yak (menurut gue) kaya kurang aja ngomong gitu wkwkwk, lu buat vidio gini (TERLALU SEHAT)  hadeh mngkin gue aja yg lebay dah terlalu mikirin orng2 diluar sana udh lah anjimmm kesel gue lama lama",12 hours ago,,,,1
https://www.youtube.com/watch?v=r1DSH9AQXLU,Ugy-gWCqWYDx8xWjHc14AaABAg,Youtube,@Cinduru,"Maudy ngerti banget stress karena denger berita musibah yg banyak banget belakangan ini. kalau gak mampu melakukan apa2 buat bantuin, gak punya kapasitas mental, silahkan healing sendiri dulu tapiii gausa ajak2 orang lain buat adopsi cara lu. Kata2 lu disini bisa menjerumuskan orang lain ke ketidakacuhan. It’s very unwise of you as a public figure.",12 hours ago,,,,0
https://www.youtube.com/watch?v=r1DSH9AQXLU,Ugx5i6ynDuAzjoWStjl4AaABAg,Youtube,@kucingku70,"Orang yg sejak orok gak pernah susah ya gini, gak nampak tanah! Brandingannya pinter ternyata kosong! Lu kalau mau tutup mata dn telinga gak usah ngajak ngajak orang deh!",12 hours ago,,,,0
https://www.youtube.com/watch?v=r1DSH9AQXLU,UgwFbDx4yZ6wGYxnyrJ4AaABAg,Youtube,@Rapscallioness,At this point it's not an exaggeration to say this is some Zone of Interest type of nonchalance,12 hours ago,,,,0
https://www.youtube.com/watch?v=r1DSH9AQXLU,Ugw3440C9m0yb7sA7mN4AaABAg,Youtube,@arkhamtodd,tone deaf af,12 hours ago,,,,0
https://www.youtube.com/watch?v=r1DSH9AQXLU,Ugxr_UCtzY5r60FKIrN4AaABAg,Youtube,@KantyaL.Yuniar-q5e,"Ka, buat kamu mungkin 'bad news' ini hanya soal swipe atau distraksi yg mungkin juga nyentuh empatimu, tapi buat kami ini bad reality yang harus kami jalani setiap saat. Stoic dan mindfulness memang dibutuhkan untuk personal self-care, tapi untuk hal-hal unjustice you have to speak, make a voice, make a little help or an impact based on your ability apalagi dengan platform kamu yang besar.",12 hours ago,,,,0
https://www.youtube.com/watch?v=r1DSH9AQXLU,UgyngG0vMYQp_Ww5NMR4AaABAg,Youtube,@onilestari3961,Orang berempati jika memakai sepatu yg sama 🙂,12 hours ago,,,,0
https://www.youtube.com/watch?v=r1DSH9AQXLU,Ugz5fXzDZqST7xQhWSV4AaABAg,Youtube,@khaniaamrullah,"Seringnya ya, orang kalo udah nyaman hidupnya. Ada masalah sedikit yg dia dengar. Bakal stres dan risih. Inilah dia salah satunya.",12 hours ago,,,,0
https://www.youtube.com/watch?v=r1DSH9AQXLU,UgzRGNK9nGSdngksT2x4AaABAg,Youtube,@Nuzula27,wah first time seorang yg dikenal dgn cara penyampaiannya yg bagus dan bersih dr isu2 malah blunder gini😅,12 hours ago,,,,0
https://www.youtube.com/watch?v=r1DSH9AQXLU,UgxvegKyxwauqRQ7_kJ4AaABAg,Youtube,@queeneenaa,"Skolah dibayarin LPDP, hasilnya cuma gini mba?
Bisa lo kursus yoga 200jam aja di bali 1200USD",12 hours ago,,,,0
https://www.youtube.com/watch?v=r1DSH9AQXLU,Ugyjp4rwzOFAZTlRu0V4AaABAg,Youtube,@dwlkr7069,😂,12 hours ago,,,,0
https://www.youtube.com/watch?v=r1DSH9AQXLU,UgxperpK0sy3o83lCiR4AaABAg,Youtube,@pikachuimz,"Tone deaf, wajib hukumnya dikentod!!!",12 hours ago,,,,0
https://www.youtube.com/watch?v=r1DSH9AQXLU,UgwVaid7XVTJpGzBB9R4AaABAg,Youtube,@audirifyalakbar,yaelah,12 hours ago,,,,0
https://www.youtube.com/watch?v=r1DSH9AQXLU,UgyMSiEEG1D_g_nzCTJ4AaABAg,Youtube,@NavryRohman,Cacat logika. Penalaran subjekif. Intinya anda tidak merasakan apa yang mereka rasakan.,12 hours ago,,,,0
https://www.youtube.com/watch?v=r1DSH9AQXLU,Ugx7CRAp4AsAVk2sq5J4AaABAg,Youtube,@medinashafira8800,"Napak maudy, napak",12 hours ago,,,,1
https://www.youtube.com/watch?v=r1DSH9AQXLU,UgyLniUjUkbKWSRiuhl4AaABAg,Youtube,@gi.delight,"Maaf kak, kabar buruk yang kakak bilang adalah hal yang sudah bertahun tahun kami rasakan 🤗
Kami udh paham bgt rasanya memahami situasi yang ngga bisa kami kendalikan. Sedih rasanya Kaka baru denger hal hal yang udh lama kami rasain",12 hours ago,,,,0
https://www.youtube.com/watch?v=r1DSH9AQXLU,UgzctRXPKkqQsqRHmB54AaABAg,Youtube,@dapudmuraik,"kalian orang miskin kerjanya ngeluh doang, krisis bbm antrean berjam2, sesak napas gegara asap, keracunan massal, nihil lapangan kerja layak itu bukan apa2 selama otak kita positif, contoh gw yg lahir dengan priviledge penuh, sekolah taraf inter, kuliah di univ gede ln pake duit pajak bisa, tinggal di ln, tetep bisa positif kok❤",12 hours ago,,,,0
https://www.youtube.com/watch?v=r1DSH9AQXLU,UgyOXN70NXicCLHqJs94AaABAg,Youtube,@pikalinz,"orkay tidur, besok kasih motivasi lagi",12 hours ago,,,,0
https://www.youtube.com/watch?v=r1DSH9AQXLU,Ugw-pw1guBmRqTjkmhR4AaABAg,Youtube,@Strumtruppen7391,So is it my fault ? Oh I'm so sorry 🙏🙏🙏,12 hours ago,,,,0
https://www.youtube.com/watch?v=r1DSH9AQXLU,UgzT3I_zYKLsfgXWCAV4AaABAg,Youtube,@novitawed,"Tone deaf ‼️ Lo gatau gimana rasanya Maudy, cuma nonton di sosmed aja kan sambil sarapan fancyyy. Shame on you.",12 hours ago,,,,0
https://www.youtube.com/watch?v=r1DSH9AQXLU,Ugx0FZHAIBz15h99Xg94AaABAg,Youtube,@ahmadsaifulmandaladi1033,"wow she really did that, and she doesn't even have any ideas about what's happening in this country and even try to keep the ""bad news"" away which is reality for most people in this country, hope she knew what it feels to be living under this regime, what a bless to live as a privileged then spoke about this mindfullness thing which don't really help anything at all to those who get impacted to everything that's happening",12 hours ago,,,,0
https://www.youtube.com/watch?v=r1DSH9AQXLU,UgyT-BH1tPl2jcLOnqB4AaABAg,Youtube,@ayugeministar,Bukankah seharusnya dia memposisikan diri sbg apa ya? Selama ini kita tahu nya artis kenamaan/terkenal. Bad news yg real diluar sana seharusnya dijadikan kampanye utk menegur/mengingatkan pihak lalu bersimpati dgn korban2. Bukan jadinya menepis berita2 tsb. Bad news ini kan bukan hoax?? Lain cerita klo itu hoax yah,12 hours ago,,,,1
https://www.youtube.com/watch?v=r1DSH9AQXLU,UgzabHjsyUteaDnTmWB4AaABAg,Youtube,@lautbiru8034,wow you're so cruel,12 hours ago,,,,0
https://www.youtube.com/watch?v=r1DSH9AQXLU,UgzmwV9eAP4GdKBz33h4AaABAg,Youtube,@dfritzy22,Nir empati. Smoga karma yg lu tabur akan segera lu tuai.,12 hours ago,,,,0
https://www.youtube.com/watch?v=r1DSH9AQXLU,Ugwnyi3Xb7qrsNrT6e94AaABAg,Youtube,@catcat6746,Bacot la maudy,12 hours ago,,,,0
https://www.youtube.com/watch?v=r1DSH9AQXLU,UgwYJc6-nPCHZnXxyAl4AaABAg,Youtube,@ariefasarib8684,average orang yang ga napak tanah. dapat beasiswa LPDP tapi ngga ada guna buat rakyat dan negara. yaudah mendng ngurusin hidup maudy sendiri aja. negara ini udah hancur gara2 prabowo,12 hours ago,,,,0
https://www.youtube.com/watch?v=r1DSH9AQXLU,UgyCgFZXDx9H4MYUPuN4AaABAg,Youtube,@bintangsaputraaa975,"Dia makan banyak proteinya ketimbang karbonya. 
Dari situ aja keliatan gaes, kita makan karbohidrat banyak buat ngisi energi untuk bekerja dengan gaji imut kita yang kita pake untuk survive.",12 hours ago,,,,0
https://www.youtube.com/watch?v=r1DSH9AQXLU,UgxIYcXQE2bZhtFTnMt4AaABAg,Youtube,@ermawanbanyubiru1924,"lu ngomong gini karena lu ga ngerasain apa yang orang lain rasakan, buat lu news, buat sebagian orang yang terdampak itu REALITY!",12 hours ago,,,,0
https://www.youtube.com/watch?v=r1DSH9AQXLU,UgyG5C4tpEZHpHD401t4AaABAg,Youtube,@muranaamalia,"aduh mbak mbak, kita mengkritik pemerintah aja mereka gaada perubahannya apalagi kita diem aja, aneh sangat amat aneh, aku harap di report deh akun ini biar hilang, emang orang kayak gini harus dihujat dulu biar sadar",12 hours ago,,,,0
https://www.youtube.com/watch?v=r1DSH9AQXLU,UgwXr7WjwJVMm8_7y9l4AaABAg,Youtube,@salmaaawibowo9435,We should've been boikot maudy long time ago,12 hours ago,,,,1
https://www.youtube.com/watch?v=r1DSH9AQXLU,Ugyp-uzeE8LIBC69vR14AaABAg,Youtube,@ErryPuu,"My steak is too juicy, my lobster is too buttery aah video, huh?",12 hours ago,,,,0
https://www.youtube.com/watch?v=r1DSH9AQXLU,UgyT-BH1tPl2jcLOnqB4AaABAg.AahLPvZO95dAahYDSoeTV3,Youtube,@lancer119gaming,"Dia g ada bilang hoax dan menepis.lebih memiliki pembahasan yang benar benar,bukan kabar belum jelas",10 hours ago,,,,0
https://www.youtube.com/watch?v=r1DSH9AQXLU,Ugx7CRAp4AsAVk2sq5J4AaABAg.AahLrJLu5DoAahM8WdR49G,Youtube,@pikachuimz,Minta digangbang karena udah gak waras,12 hours ago,,,,0
https://www.youtube.com/watch?v=r1DSH9AQXLU,Ugy84MCAp-G4A5f0s2R4AaABAg.AahN0oE07PyAahUNI0yyN3,Youtube,@lancer119gaming,Lu aja yang udah sakit pikiran kli.terlalu banyak makan konten negatif mulu,11 hours ago,,,,0
https://www.youtube.com/watch?v=r1DSH9AQXLU,UgwjkTm22fRiB74Dmb54AaABAg,Youtube,@vaniaalfathunnisa8309,Jd berubah liatnya,12 hours ago,,,,0
https://www.youtube.com/watch?v=r1DSH9AQXLU,UgyTw3c912FoyiXqsI94AaABAg,Youtube,@maspaijo48_paijo75,PAGI.  ASAP KEBARAKAN,12 hours ago,,,,0
https://www.youtube.com/watch?v=r1DSH9AQXLU,Ugz575o7c2Rmx3G_8P14AaABAg,Youtube,@aryapradana16,"Being smart, pretty, high educated and famous doesn't make someone having sense of empathy. Shame on you",12 hours ago,,,,1
https://www.youtube.com/watch?v=r1DSH9AQXLU,UgyAeUwrDYDBXupMaVR4AaABAg,Youtube,@mamaci92,3 bulan lho rakyat kalimantan merasakan dampak karhutla 😢 minimal ada kek sedikit empati buat kami rakyat kecil..,12 hours ago,,,,1
https://www.youtube.com/watch?v=r1DSH9AQXLU,Ugy8O6ktuQ1EqLOrRRd4AaABAg,Youtube,@medine.dw24,"buat korban, ga ada mereka bisa step away Maudy! mereka living in the bad news. buat orang yang yang cuma HEARING BAD NEWS aja udah capek, apalagi orang yang LIVING IN THE BAD NEWS. the least you can do is supporting the victim living in the bad news, but i don't see you doing that anywhere. you are so ignorant for living in a bubble with so much privilege.",12 hours ago,,,,0
https://www.youtube.com/watch?v=r1DSH9AQXLU,UgwFboIBmCxqwaL9nbB4AaABAg,Youtube,@mooontheto,Wow unfollow deh gw maudy Ayunda,12 hours ago,,,,0
https://www.youtube.com/watch?v=r1DSH9AQXLU,UgwjYup9WJ0t1BEjLgp4AaABAg,Youtube,@EgyptLofi,"Kamu memilih stoik krn tidak punya power untuk mengontrol apa yang terjadi, tapi tidak melihat bahwa kamu punya power untuk “spread the awareness”. Apa itu pemikiran yang mindful?",12 hours ago,,,,2
https://www.youtube.com/watch?v=r1DSH9AQXLU,Ugz7B2YcwPDYsZLCnxl4AaABAg,Youtube,@KeyRckt,"God damn that Privilege Pillow is just to soft. she can sleep well while other people are nearly die with smoke also with other structural issue that this country has.

Fck I just wanna puke. this kind of video make me frustrations and overwhelming.",12 hours ago (edited),,,,0
https://www.youtube.com/watch?v=r1DSH9AQXLU,UgzMmffKM0FkMas27ld4AaABAg,Youtube,@FistaDewanti,Kataku hapus aja maudy. Sambil makan enak di dapur bagus. Ngomongin penderitaan orang lain buat untuk gak dirasain biar gak overwhelm. Duhhhh,12 hours ago,,,,0
https://www.youtube.com/watch?v=r1DSH9AQXLU,UgwM8Cu9YzcBJ7GJrnp4AaABAg,Youtube,@NadisyaRuci,"just so you know ya mod, rena kalo hidup di jaman sekarang bisa jadi lagi keracunan MBG",12 hours ago,,,,0
https://www.youtube.com/watch?v=r1DSH9AQXLU,UgwmpjNJiyEkDE2hE2J4AaABAg,Youtube,@AdnanAzis-i6c,Nir. Empati,12 hours ago,,,,0
https://www.youtube.com/watch?v=r1DSH9AQXLU,Ugx_yg5inmEYmHZff7x4AaABAg,Youtube,@ririnfebrianti3548,Berasa nnt Marie Antoinette dgn kata2 viralnya let them eat cake🙄🙄🙄,12 hours ago,,,,1
https://www.youtube.com/watch?v=r1DSH9AQXLU,UgxAH-WtrA9efOBR_gd4AaABAg,Youtube,@labibatulmufidah7049,"Kak lu kuliah di ln dibayarin ama rakyat, bisa bisanya km kaya gituuu
Km punya power kudunya bisa lebih bijak dan bela rakyat ditengah situasi negara kek gini",12 hours ago,,,,0
https://www.youtube.com/watch?v=r1DSH9AQXLU,UgylcDmK_vh6T7dfzhJ4AaABAg,Youtube,@irestuff,"tone deaf sekali kamu kak maudy. selagi kamu punya privilege untuk menghindar, kami para pelaku ""bad news"" lagi kesusahan; bernafas, makan, minum, langkanya bbm, diambilnya tanah kami dan masih banyak lagi

enak ya, bisa duduk manis di rumah mewah kamu itu. salam dari kalimantan timur 🖕❤",12 hours ago (edited),,,,0
https://www.youtube.com/watch?v=r1DSH9AQXLU,UgxnTnx3PJbQBBZ8gvx4AaABAg,Youtube,@rachminurhidayanti7562,"baru komen minta maaf karena kepepet udah banyak hate comment? duhhh kayak gini ternyata lulusan PPE, sukses deh tone deaf final boss. pake lpdp aja masih banyak gaya. minimal jangan jadi orang jahat kalo gak bisa jadi orang baik",12 hours ago,,,,0
https://www.youtube.com/watch?v=r1DSH9AQXLU,UgzPyP7O6fVWdmAKW314AaABAg,Youtube,@aisyahuswatun101,Bad news kmu itu seperti apa sih??? Lagi bencana disuruh mindfullness? Omgggg wake upppppp,12 hours ago,,,,0
https://www.youtube.com/watch?v=r1DSH9AQXLU,UgyNcS9goRIPRViQ0vB4AaABAg,Youtube,@orange_chocolate-jz5ng,"Enjoy your avo and cottage cheese in your safe apartement, girl",12 hours ago,,,,0
https://www.youtube.com/watch?v=r1DSH9AQXLU,UgyvUlTla9GFk4y03WZ4AaABAg,Youtube,@sleeplesshead602,Bunch of bullocks 🤦‍♀️,12 hours ago,,,,0
https://www.youtube.com/watch?v=r1DSH9AQXLU,UgwHSdH92K3R4lwCzh54AaABAg,Youtube,@Cassettetape90,"Fafifu wasweswos mah gampang, lu tau gak dibawah kayak gimana? Brutal cok",12 hours ago,,,,0
https://www.youtube.com/watch?v=r1DSH9AQXLU,UgxutMopEYunnmO2HfR4AaABAg,Youtube,@dananggg.g,ojo ngono ud,12 hours ago,,,,0
https://www.youtube.com/watch?v=r1DSH9AQXLU,UgyAeUwrDYDBXupMaVR4AaABAg.AahKeNFfiriAahKpoW0Tch,Youtube,@mamaci92,Dan aku yakin rata2 yg komen disini bukan buzzer rezim tp pure keresahan rakyat.. yg cuma bisa ngoceh lewat media sosial.. krna demo jg ngga berpengaruh,12 hours ago,,,,0
https://www.youtube.com/watch?v=r1DSH9AQXLU,Ugz575o7c2Rmx3G_8P14AaABAg.AahKpC625CcAahYO41HxCO,Youtube,@lancer119gaming,Justru anda yang tak bisa melihat dari banyak kemungkinan hanya ada 2 titik doang.maksud gw apa yang dia bahas mungkin bisa jadi solusi supaya g stress kali dan putus asa,10 hours ago,,,,0
https://www.youtube.com/watch?v=r1DSH9AQXLU,UgyK8Sonb_abrFHG2x94AaABAg,Youtube,@fadillasyaffitriyani5881,Nirempati 👎🏻,12 hours ago,,,,1
https://www.youtube.com/watch?v=r1DSH9AQXLU,Ugx2MwN0a7Lb_H0BCC14AaABAg,Youtube,@ninaeka1940,Ingat .. Kamu public figure + LPDP (Uang Rakyat),12 hours ago,,,,0
https://www.youtube.com/watch?v=r1DSH9AQXLU,Ugw9iJ-1NFTUVl07Z6h4AaABAg,Youtube,@rifqyjauhar4281,Ternyata pendidikan tinggi tidak menjamin orang berempati,12 hours ago,,,,0
https://www.youtube.com/watch?v=r1DSH9AQXLU,UgwPYgOfU0Z6zuwlg8p4AaABAg,Youtube,@naasika1457,"Apakah kamu ngerasa keren habis upload ini, Maudy?",12 hours ago,,,,0
https://www.youtube.com/watch?v=r1DSH9AQXLU,UgwXxDwr2yuNCW2fbfR4AaABAg,Youtube,@nantikembalilagi,Humble bragging,12 hours ago,,,,0
https://www.youtube.com/watch?v=r1DSH9AQXLU,Ugw9eY-GjweYplqPgEt4AaABAg,Youtube,@nadyawinata,"Setelah ribuan komentar rakyat Indonesia yg nge-cap kamu Ratu Tone Deaf, gimana Maudy, masih tetap bisa mindfulnes kah?",12 hours ago,,,,0
https://www.youtube.com/watch?v=r1DSH9AQXLU,UgwmKmA18rwkRmCgEd54AaABAg,Youtube,@novieka2933,"Di di, lu S2 pakai lpdp minimal speak up buat rakyat bukannya malah tone deaf",12 hours ago,,,,0
https://www.youtube.com/watch?v=r1DSH9AQXLU,UgwOAqrUR01oFyK-ssR4AaABAg,Youtube,@Bajer-n3t,"Ga kaget sih, orang kaya indo kan ya begini bentuknya, pragmatis , bodo amat sama kebengisan pemerintah selama mereka aman tenteram, makan enak ,jalan2 ke luar negri kapan aja, sambil kampanye stoicism,  mindfulness dan segala bentuk ""ketenangan"" versi mereka.",12 hours ago,,,,0
https://www.youtube.com/watch?v=r1DSH9AQXLU,UgygJ8bvVLXZagJ5NTV4AaABAg,Youtube,@Dc-bx5fv,"Saya baru tonton selama 6.20 menit and I'm not going sorry to say this to you, Ayunda.
You are unsympathetic and not in the bad situation that can totally understand the people who suffer.

Anda persis dengan orang yang pernah saya kenal. Mindfulness anda itu hanya berada pada kotak dimana anda menjadi enggan bertindak dan lebih memilih main ""aman"".",12 hours ago (edited),,,,0
https://www.youtube.com/watch?v=r1DSH9AQXLU,Ugx_3qfwT6BN08v40YB4AaABAg,Youtube,@keenan-n5b6l,"eneg bgt, berak sekebon mod",12 hours ago,,,,0
https://www.youtube.com/watch?v=r1DSH9AQXLU,UgyqelTa9dbjxeertxp4AaABAg,Youtube,@RethaEnggar-ye3jc,"kuliah jauh2 pakai duit pajak dr gw, output nya cuma seorang perempuan yg tonedeaf begini ?? malu dong maluuu bad news itu adalah realitas gw sekarang yg tiap hari PP kerja menghirup nafas, dan lu masih bs sarapan pakai 3 telor, cxkkckcx sia2 udh pajak gw biayain lu",12 hours ago,,,,0
https://www.youtube.com/watch?v=r1DSH9AQXLU,UgynNyGLj4515JUu7Yt4AaABAg,Youtube,@bonyyosadi5101,kalo dibilang pintar ya pintar tapi attitude sma empati nya minus Hahahahh kalo nyalon ni nye nye juga paling,12 hours ago,,,,0
https://www.youtube.com/watch?v=r1DSH9AQXLU,Ugx8b_cDA78MCHBUZq54AaABAg,Youtube,@HaryaniDewiKunang,Deaf to the bone,12 hours ago,,,,0
https://www.youtube.com/watch?v=r1DSH9AQXLU,Ugxn-3cAcCuCuNYA3Xl4AaABAg,Youtube,@Chunkiyoi,"Contoh pendidikan ga berkah, nirempati berkedok meinpulness, semoga suatu hari you, your kid and your family ngerasain ya jadi korban, then a random btch said, its just a bad news and how to ignore it",12 hours ago,,,,1
https://www.youtube.com/watch?v=r1DSH9AQXLU,UgyjVNCTUAWHWoyIuYx4AaABAg,Youtube,@oh_amel-01,"just take down the video it's very sickening, this is so bad for the people right now and you make it even worst 💔",12 hours ago,,,,0
https://www.youtube.com/watch?v=r1DSH9AQXLU,UgzzQeA_3fIrc1KvqTR4AaABAg,Youtube,@rickylee5015,"You will never learn anything trust me it show how disgusting u are.
Mind you kamu dpt LPDP kamu itu harusnya berterima kasih gk ada pajak itu kau gk bisa dpt LPDP itu. Napak tanah sekali sekali. Yikes.",12 hours ago,,,,0
https://www.youtube.com/watch?v=r1DSH9AQXLU,Ugx7hYiYuogTDeik1sN4AaABAg,Youtube,@dwiki1493,Nonton ini setelah bayar subscription Claude gue yang kena VAT 12% itu,12 hours ago,,,,0
https://www.youtube.com/watch?v=r1DSH9AQXLU,UgzUG1GuIzQNGSXq4lt4AaABAg,Youtube,@Singingrainfrog,"Aku bisa paham isi kontennya. Aku bisa mengerti konteksnya. Dia bicara tentang orang-orang yang tidak (secara langsung) terdampak semua “kabar buruk” yang sedang terjadi.

Sebenarnya menurutku, penggunaan istilah “terpapar”berita buruk saja sudah sedikit banyak menjelaskan bagaimana cara dia melihat dan memosisikan diri di dunia yang sedang dia bicarakan. 

Tapi, yang paling bikin aku bergidik adalah kenyataan bahwa dia memilih untuk membicarakan topik yang begitu “berat” hingga membuatnya “overwhelmed” ini dengan suasana santai ala “be garteful y’all get to see how I make my effortlessly aesthetic, simple, healthy breakfast”.

Wow!

I am, truly, grateful.

Because somehow, in trying to explain how overwhelming it is to witness suffering from a distance, you have made the distance itself even more visible.

And, ironically, made class consciousness among us grow even stronger.",12 hours ago,,,,2
https://www.youtube.com/watch?v=r1DSH9AQXLU,UgxnIiEgTXzxo8m-1mB4AaABAg,Youtube,@nnacgvmyg5009,mindfulness tetap gak bisa bikin saudara² di Kalimantan bernafas bebas kak :'),12 hours ago (edited),,,,0
https://www.youtube.com/watch?v=r1DSH9AQXLU,UgwiRXJwFYpPPRG1Bsl4AaABAg,Youtube,@kalimantantourguide,"Kamu nggak ngalamin yah??? ada banyak bayi yg masih merah begitu menapak hidup di bumi langsung kena asap... Kamu bisa bantu suarakan, tapi enak ya berlindung di balik gedung mewah dan ber AC. At least bantu suarakan woyyyy...",12 hours ago,,,,0
https://www.youtube.com/watch?v=r1DSH9AQXLU,UgzUG1GuIzQNGSXq4lt4AaABAg.AahH_vZUEAHAahZnGXCbaE,Youtube,@lancer119gaming,"Gw ga melihat konten konten dan Chanel pembahasan kesehatan mental,pikiran dan psikologi,jadi gw merasa apa yang dia bilang pas.liat dari apa yang dia bahas",10 hours ago,,,,0
https://www.youtube.com/watch?v=r1DSH9AQXLU,UgzUG1GuIzQNGSXq4lt4AaABAg.AahH_vZUEAHAaiXIugmGZW,Youtube,@Singingrainfrog," @lancer119gaming kak itu kan poin komentar ku di atas? Aku bisa memahami ‘apa’ yang dia bahas, tapi mengkritik ‘bagaimana’ cara dia membahasnya.",1 hour ago,,,,0
https://www.youtube.com/watch?v=r1DSH9AQXLU,Ugxn-3cAcCuCuNYA3Xl4AaABAg.AahI1aS_tcLAahZbYWn36w,Youtube,@lancer119gaming,Memang bagi orang yang g paham topik apa yang dia bahas orang orang cenderung hujat.masih banyak orang bahas ginian dalam konotasi buruk,10 hours ago,,,,0
https://www.youtube.com/watch?v=r1DSH9AQXLU,UgyK8Sonb_abrFHG2x94AaABAg.AahJGeFckH5AahZPNDO6FD,Youtube,@lancer119gaming,Justru lu yang g paham apa pembahasan nya makanya asal hujat,10 hours ago,,,,0
https://www.youtube.com/watch?v=r1DSH9AQXLU,Ugzb2jCALbPzn0J9bNJ4AaABAg,Youtube,@4dhima,"Kak Maudy, kamu punya INFLUENCE yg besar ke org2 sekitar. Apakah TONE DEAF dengan berita sekitar adalah hal yang kamu pilih?",12 hours ago,,,,0
https://www.youtube.com/watch?v=r1DSH9AQXLU,Ugxl0cXOuLwlC83IVdt4AaABAg,Youtube,@gangpintu9609,"Apasih yg diharepin dari orang yang gak pernah susah?😂😂😂 bensin gak ngantri, gak ngirup asep, gak kekeringan, gak kebanjiran... wkwkkwkw nirempati..... susah berempati dengan masyarakat......nda ada gunanya sekolah tinggi2 klo nirempati.... 😂 orang2 di luar sana juga udh berusaha bersyukur dgn keadaannya yg terbatas...  gak usahlah banyak bacot mindfulnes2....",12 hours ago (edited),,,,0
https://www.youtube.com/watch?v=r1DSH9AQXLU,Ugz6Ah6VAKbytr2_o1d4AaABAg,Youtube,@tribintangpamungkas6015,Wkwkq,12 hours ago,,,,0
https://www.youtube.com/watch?v=r1DSH9AQXLU,UgxvJFKPXnNCoFLED8d4AaABAg,Youtube,@사랑하는마멜,"Damn Maudy, never in my thoughts that you'd be this shameless😂",12 hours ago,,,,0
https://www.youtube.com/watch?v=r1DSH9AQXLU,UgzW-1Km7afzUBHy1hJ4AaABAg,Youtube,@runisichi,tone deaf? I guess she should go to therapy. 🙄 ke psikolog deh mendingan biar diajarin berempati ke orang lain.,12 hours ago,,,,0
https://www.youtube.com/watch?v=r1DSH9AQXLU,UgzcldSM_-85myeqGut4AaABAg,Youtube,@ayonyanyi-g7s,Tone deaf,12 hours ago,,,,0
https://www.youtube.com/watch?v=r1DSH9AQXLU,Ugz3fj4O906lMbkjmHd4AaABAg,Youtube,@starcitysch,"Sebenernya gak salah untuk tetap jaga kewarasan di tengah2 huru hara yang terjadi. Tapi kak, sekarang kondisinya lagi bener2 darurat. Mending yang menjaga kewarasan diri sendiri gak usah dijadiin konten di saat seperti ini deh. Urusan jaga kewarasan ya udah menjadi urusan individu. Yang lebih penting adalah menyuarakan apa yang sedang terjadi di Indonesia dan bagaimana menyebarkan info seluas luasnya agar karhutla dan bencana lain lebih cepat teratasi. Bukan malah mementingkan konten mindfulness :)
Kesannya malah jadi cuma peduliin diri sendiri.
Apalagi Kak Maudy ambil jurusan Philosophy, Politics, and Economics yang mana bukan suatu hal yang awam bagi kakak untuk ngomongin isu2 yang sedang terjadi di negara kita.

Kak Maudy punya kapasitas untuk ngomongin apa yang sedang terjadi dan bagaimana solusinya.

Para influencer yang bukan ranahnya ngomongin politik, karhutla, dll aja tetep bersuara kok Kak tentunya tetap sesuai dengan porsinya.

Iya kita semua overwhelmed dan frustasi, tapi yang lebih frustasi adalah masyarakat Kalimantan yang terdampak langsung dan juga masyarakat daerah2 lain yang kondisinya juga ga baik2 aja. Tugas kita tinggal bantu doa, bantu menyuarakan, bantu dana kalau bisa, bantu aksi lebih baik. Minimal ya berempati.

Yah semoga Kak Maudy bisa merenungi hal ini.",12 hours ago (edited),,,,0
https://www.youtube.com/watch?v=r1DSH9AQXLU,UgwXCdUNrIlaLoUJZ9p4AaABAg,Youtube,@Maspocongg,"Andai aja bad news itu kaga gue rasain sendiri😏 ponaan. Sepupu pada being poisoned by mbg, gue kena lay off. Mau mindfullness gimana ketika every godamnn single day all i think about is how to survive in this shitty country.",13 hours ago,,,,0
https://www.youtube.com/watch?v=r1DSH9AQXLU,Ugwt0vt2xIe_pKk765R4AaABAg,Youtube,@t2day1005,"Ka Maudy, saranku di take down aja video ini, kamu bilang sendiri kan banyak yang salah paham atau kamu merasa kurang merefleksikan something divideo itu? Ngapain dipertahankan videonya kaaa, mending dihapus aja karena toh kamu sudah merasa missed dan orang juga dah salah paham",13 hours ago,,,,0
https://www.youtube.com/watch?v=r1DSH9AQXLU,UgzIhWnnCCfQFfgtYaZ4AaABAg,Youtube,@18k___ryu,when ya life se-legowo mbaknya,13 hours ago,,,,0
https://www.youtube.com/watch?v=r1DSH9AQXLU,UgxnMG1NIJDqYLRZ2q54AaABAg,Youtube,@violetnr,Keliatan blunder sifat aslinya gini ternyata 😂,13 hours ago,,,,0
https://www.youtube.com/watch?v=r1DSH9AQXLU,UgxkvqIbb0d0vYZCy5J4AaABAg,Youtube,@SamsulOde-j5h,"Terima kasih sudah berbagi tips menjaga kesehatan mental, Maudy. Namun, sebagai sosok dengan pengaruh sebesar Anda, jujur saja konten seperti ini terasa agak 'melangit' dan kurang membumi.

Di tengah situasi sosial yang mendesak, fokus pada self-care atau membatasi konsumsi berita sering kali menjadi hak istimewa (privilege) yang tidak semua orang bisa nikmati. Banyak orang di luar sana sedang berjuang menghadapi dampak langsung dari isu-isu sosial tersebut dan tidak punya kemewahan untuk 'memilih' waktu demi menjaga ketenangan pikiran.

Alih-alih hanya mengajarkan cara untuk 'menutup mata' atau mengatur input informasi, akan sangat berharga jika figur publik dengan jangkauan luas seperti Anda juga berani bersuara secara kritis terhadap akar permasalahan dari berita-berita buruk tersebut. Kesehatan mental memang penting, tapi mengabaikan urgensi aksi nyata dan keberpihakan pada isu sosial hanya akan membuat nasihat ini terasa sangat idealis dan berjarak dari realitas masyarakat yang sedang kesulitan",13 hours ago,,,,1
https://www.youtube.com/watch?v=r1DSH9AQXLU,Ugx-5hhlaxnmhxQT7GZ4AaABAg,Youtube,@risyadabdulwahid7673,"Ga pedulimah ga peduli aja, ga usah narasi²an",13 hours ago,,,,0
https://www.youtube.com/watch?v=r1DSH9AQXLU,UgxRt6rTGsu624RzSMF4AaABAg,Youtube,@DZKDLYNT,You filthy rich just wont understand,13 hours ago,,,,0
https://www.youtube.com/watch?v=r1DSH9AQXLU,UgyO9pMNmiDS93vnlb14AaABAg,Youtube,@MasterAgungHendy,Baiknya di takedown deh. Motivasi yg salah sasarannya KETERLALUAN.,13 hours ago,,,,0
https://www.youtube.com/watch?v=r1DSH9AQXLU,Ugy80jrhouiPVnSmxvp4AaABAg,Youtube,@rhinasafitri4590,Uggghhhhhhhh,13 hours ago,,,,0
https://www.youtube.com/watch?v=r1DSH9AQXLU,Ugy1ryFfkP_59NGCa0F4AaABAg,Youtube,@AgnesMei-sl6zc,"Ini yang komen-komen pada nonton full video gak? Atau komen karena fomo karena dapet narasi dari orang jadi langsung menyimpulkan. Perasaan apa yang dia omongin bener deh, bad news terlalu banyak kita konsumsi bikin kita kena mental sendiri tapi bukan berarti kita nirempati, justru orang yg liat kejadian buruk di negara kita ini, dan dia stress ampe kena mental, adalah justru tanda kepedulian sama negara. Dia cuma ngasih tips gmn cara kita untuk tetap waras dengan kelakuan pemerintah kek sekarang. Tapi ya kita gak bisa atur sesuatu diluar kendali kita. Kalian nyerang maudy salah sih, coba berkaca sama diri, pemerintah sekarang presiden sekarang ini jangan-jangan pilihan kalian dulu",13 hours ago,,,,2
https://www.youtube.com/watch?v=r1DSH9AQXLU,Ugzgjvx4mZLZkGffgwZ4AaABAg,Youtube,@lak1796,Yeee ajg. Kalo mau ga dengerin yaudah step away aja dan kl mau ngasih saran ya step away aja. Gausah banyak omong. Tone deaf.,13 hours ago,,,,0
https://www.youtube.com/watch?v=r1DSH9AQXLU,UgyGpbg7VUk3OWo6voV4AaABAg,Youtube,@fleur2233,"Iya deh mba, tp menurut saya ya, ini kurang bijak untuk di share sih harusnya keep aja sendiri. Mending kalo mau tone deaf, ya udah diem aja sekalian, apa karena dia merasa superior ya? Lulusan ivy league banyak di ""elu2kan"" org jd ngerasa akan fine2 aja bikin video begini",13 hours ago,,,,0
https://www.youtube.com/watch?v=r1DSH9AQXLU,Ugx4_aAk0SDu55I_Hf54AaABAg,Youtube,@RiniMarwantimanurung,Bad news yg mana nih?? Kalo bisa memilih semua orang maunya juga hidup kayak kamu maudy.. gk usah gitulah,13 hours ago,,,,0
https://www.youtube.com/watch?v=r1DSH9AQXLU,UgxkvqIbb0d0vYZCy5J4AaABAg.AahGR6t_grmAah_x1S-NDW,Youtube,@lancer119gaming,"Tapi efek buruk psikologis dan pikiran pasti ada.kecewa, frustasi bahkan merasa rendah",10 hours ago,,,,0
https://www.youtube.com/watch?v=r1DSH9AQXLU,Ugy1ryFfkP_59NGCa0F4AaABAg.AahG9jqMWwQAah_IfmWsUL,Youtube,@afzondakka2162,"memang literasi adalah PR buat kita semua Kak. saya juga melihat dari awal hingga akhir, momentumnya yang mungkin tidak tepat, lalu kurangnya penjabaran, bahwa ia mengerti situasi yang kita hadapi bersama, sebagai masyarakat Indonesia, in details. 
Memang akan jadi ""boomerang"" sekalipun ia berasal dari keluarga mampu, ada LPDP yang sempat ia rasakan. tentu ia pun telah berkontribusi untuk negara ini ( in return)
Pada akhirnya, saya melihat ini tugas kita bersama, memelihara kewarasan termasuk di dalamnya mengerti momentum atau apapun itu istilahnya,
Terkait Presiden, AlhamduLILLAH, dari dulu saya tidak pernah memilih @prabowo ya  Kak. Terima kasih",10 hours ago,,,,0
https://www.youtube.com/watch?v=r1DSH9AQXLU,Ugy1ryFfkP_59NGCa0F4AaABAg.AahG9jqMWwQAaiXucX7kjC,Youtube,@srihanifah7245,"saya sudah lumrah dengan lihat komenanya sangat-sangat miris, literasi di negara kita sangat rendah, padahal di video ini betul apa yang kakak sampaikan kata maudy terlalu banyak konsumsi bad news justru berpengaruh ke mental health kit, kenapa orang-orang jadi kesasar sih?",1 hour ago,,,,0
https://www.youtube.com/watch?v=r1DSH9AQXLU,UgzzqUNdRpwPWUSp05N4AaABAg,Youtube,@LilGarden11,Rubbish,13 hours ago,,,,0
https://www.youtube.com/watch?v=r1DSH9AQXLU,UgxXcNOPWXI0nQ3p-3Z4AaABAg,Youtube,@Digkaaa,Pasarnya siapa sih? Bule2 ya 🥱,13 hours ago,,,,0
https://www.youtube.com/watch?v=r1DSH9AQXLU,UgxmWVZbyaJ2UOlYV7d4AaABAg,Youtube,@ravnui04,"Gaes, apakah kalian tahu salah satu contoh public figure yang tone deaf? Yup, beliau ini jawabannya!",13 hours ago,,,,0
https://www.youtube.com/watch?v=r1DSH9AQXLU,UgzxIYFrIz7jqwrOHl94AaABAg,Youtube,@nizqiii6024,"Ya ka mungkin next di video nya tambahin pesan simpati yang banyak2 dulu untuk yang terdampak bencana walaupun mungkin udah di sampaikan di story u, soalnya di situasi kek gini tau sendiri lah",13 hours ago,,,,0
https://www.youtube.com/watch?v=r1DSH9AQXLU,UgwK55iCLqEjQft2IKp4AaABAg,Youtube,@wellplannedbyvii,"as public figure, sepertinya obrolan ini adalah tipe yang cukup kamu bicarakan dengan temanmu tapi gak dengan masyarakat luas. bukan tema yang bisa dibicarakan sambil makan santai yang “cukup mewah” untuk seorang influencer. i don’t know why you spoke about self-awareness while you literally gak awareness dengan sikap di video ini.",13 hours ago,,,,1
https://www.youtube.com/watch?v=r1DSH9AQXLU,UgyfqHUt-PBc9PptBzN4AaABAg,Youtube,@ayi1034,"Kak as you know, beberapa wilayah di pulau kalimantan itu penyumbang pajak gde untuk Indonesia, dan pajak mareka juga mengalir untuk membiayai kuliahmu yang sampai s2 itu, apakah pantas mengangkat topic ini, di saat seperti ini ?",13 hours ago,,,,0
https://www.youtube.com/watch?v=r1DSH9AQXLU,UgwOMq1_TzaKR9uWJEV4AaABAg,Youtube,@dhilaea,"Minimal speak up, bukan ceramah mulu bilang org harus ini itu, if you’re the one yang kena dampaknya, masih bisa tuh so called m1nDfuLl? Tone deaf.",13 hours ago,,,,0
https://www.youtube.com/watch?v=r1DSH9AQXLU,UgzANmKbq3Mxeg1vU2t4AaABAg,Youtube,@sapphicyearner,"hi. i’ve never truly followed you and your journey but i’ve heard about it. the reason why i went and watched this video in the first place was because of all the criticism in every big platform. usually, i’d remain critical and actually do my research, but watching this whole “babbling” session until the end alone, i could immediately tell that you’re not actually aware of the reality of the “bad news” you referred to. everyone can be overwhelmed at some point in their life, sure, and you actually did give good points of how to manage it. but the thing is, the ongoing issues here aren’t just BAD NEWS, or something that can be brushed off easily, move on with your day. let me tell you this, people are genuinely SUFFERING to just survive another day - let’s be real how this country is so fucked up that the people can’t help but use their voice to speak up, find their rights, while you’re sitting here in your cute little kitchen and comfortably cooking healthy foods talking about how basically “detaching” yourself from this so-called “bad news” is important to your so privileged-self mental heath. let’s be real here. you don’t see the real issues here. you may seem like you understand and all, but you don’t. NEVER treat people’s suffering as “bad news”, you may have the privilege to put them aside and continue with your life while others are in near of death to just be alive. don’t throw the word “mindfulness” if you’re not even aware with what you’re preaching about. i hope you learn after this. not just because you’re being called out, but to acknowledge that not everyone can have the time to self-reflect and choose not to engage in such deranged reality.",13 hours ago,,,,0
https://www.youtube.com/watch?v=r1DSH9AQXLU,UgwM1UhYW3QM4lx145F4AaABAg,Youtube,@Diazguard744,"Ke kalbar dan kalteng yuk kak, rasakan mindfullness di lokasi berasap",13 hours ago,,,,0
https://www.youtube.com/watch?v=r1DSH9AQXLU,Ugz4aow4BxA24uhxIr54AaABAg,Youtube,@oxtierna1185,Kok kk sekolah jauh jauh bisa se tone deaf gini ya,13 hours ago,,,,0
https://www.youtube.com/watch?v=r1DSH9AQXLU,Ugz9e-WgrGTalZNpDkV4AaABAg,Youtube,@danielyanuarius2347,"Penjilat rezim, maudi ayunda sialan",13 hours ago,,,,0
https://www.youtube.com/watch?v=r1DSH9AQXLU,Ugwr98-2R51jE78QRgR4AaABAg,Youtube,@RadenMuhamadAdrian,Ya kalau lu maunya terus denger kabar baik aja mending gausah hidup di dunia🙂 I mean you thoughts does not relate to the other when the peoples have struggling with their life! You made this video so disrespectful. Come on Maudy you’re  so tone deaf.,13 hours ago,,,,0
https://www.youtube.com/watch?v=r1DSH9AQXLU,UgxrqTFaGGa17OUP76x4AaABAg,Youtube,@Pickyblinders000,Lu ngomong atau kentut sih? Isinya bullshit semua,13 hours ago,,,,0
https://www.youtube.com/watch?v=r1DSH9AQXLU,UgxOx-_EJyTP-BLtfwx4AaABAg,Youtube,@HarlemShakeTheKids,Sebuah konten tone deaf dari seorang silver spoon yang menerima beasiswa LPDP yang dibiayai pajak rakyat,13 hours ago,,,,0
https://www.youtube.com/watch?v=r1DSH9AQXLU,UgzYW5bkAfuhOmZLA4h4AaABAg,Youtube,@dhilaea,"Tone deaf at its best🙏🏻 Happy cooking deh sama thermomix dan telur omega kamu itu, have a great day:)",13 hours ago,,,,0
https://www.youtube.com/watch?v=r1DSH9AQXLU,UgyjqrL0q_XwCO4P1zp4AaABAg,Youtube,@dendydwirizki,"Kalau kata orang Medan, bengak!",13 hours ago (edited),,,,0
https://www.youtube.com/watch?v=r1DSH9AQXLU,UgxbOF6f5I8osB5O--d4AaABAg,Youtube,@nadinenamaratasya,Sakit hati bgt ngeliat dia sarapan sehat enak senyum2 sementara org lain banyak kesusahan dan dia “ga nyaman” dengan berita org lain kesusahan. Gila lu modi,13 hours ago,,,,4
https://www.youtube.com/watch?v=r1DSH9AQXLU,UgwuWyRv5-xK8whs1Ql4AaABAg,Youtube,@permatasalsabila2210,"Mam, maam. Respectfully, shut up",13 hours ago,,,,0
https://www.youtube.com/watch?v=r1DSH9AQXLU,Ugzerk34ggHHQzsCYGR4AaABAg,Youtube,@anissaandini2607,Sesekali mba turun ke Kalimantan ikut madamin api,13 hours ago,,,,0
https://www.youtube.com/watch?v=r1DSH9AQXLU,UgxmJoOb-JgidC4Sap14AaABAg,Youtube,@laurensiavonyxaviera5720,"kak maudy bikin video 90% bhs inggris yg keminggris banget, ya karena target audience ya bukan kita para plebian ges, tp temen2 sesama warga capitol yg khawatir rumahnya dijarah para rebel dari districts ❤ cheers",13 hours ago,,,,3
https://www.youtube.com/watch?v=r1DSH9AQXLU,Ugx_yg5inmEYmHZff7x4AaABAg.AahK2fE1hvKAahZBC17pg-,Youtube,@lancer119gaming,Beda.dia bukan pemimpin.diq tak memiliki kekuasaan.makanya dia sempat mengatakan berpikir stoik.lakukan apa yang bisa anda kontrol dalam dirimu,10 hours ago,,,,0
https://www.youtube.com/watch?v=r1DSH9AQXLU,UgwK55iCLqEjQft2IKp4AaABAg.AahEel3PP3WAahaDh2ShTs,Youtube,@lancer119gaming,Gw liat dari intinya yaitu banyak membaca hal buruk dan mengkonsumsi berita buruk akan membuat dampak buruk.saran gw kalau mau melihat berita yang terjadi mending cari yang disajikan dengan meme tapi tetap membahas isi berita.itu setidaknya bukan pemikiran waras,10 hours ago,,,,0
https://www.youtube.com/watch?v=r1DSH9AQXLU,UgxmIufGAQgFaU0wIFt4AaABAg,Youtube,@intanhairunnisa566,Afaiaaa sekali2 napak tanah yuk kak,13 hours ago,,,,0
https://www.youtube.com/watch?v=r1DSH9AQXLU,UgzhHnG1WccfGLLjPYt4AaABAg,Youtube,@ryza6763,"Tombol ""upload"" itu pilihan anda sendiri, apapun konteks video anda.. Anda dengan sadar memilih untuk upload di saat seperti ini mba

Dampak bencana ini terjadi karena selama ini kita berusaha mindfull di setiap kondisi

And turns out goverment like when we always ""mindfull"", there's no urgency for them to fix all of this quickly

Because we always make it MINDFULL",13 hours ago,,,,0
https://www.youtube.com/watch?v=r1DSH9AQXLU,UgzVY6rRN3LZhHSvOk54AaABAg,Youtube,@joyharuna8690,"Kok bisa sih kmu buat konten begini d saat beberapa pulau ada kejadian? Bagi kamu ""bad news"" bagi penontonmu itu ada yang ""REALITY"" loh.",13 hours ago,,,,0
https://www.youtube.com/watch?v=r1DSH9AQXLU,UgxpRu7vbOyn_q-bMTh4AaABAg,Youtube,@trimukti22,Hilih,13 hours ago,,,,0
https://www.youtube.com/watch?v=r1DSH9AQXLU,UgySPpKsfPjtNwmekaN4AaABAg,Youtube,@mshae279,"Lu nasehatin sesama rakyat Indonesia tapi bahasa lu campur aduk gitu mod...?? 🙄 biar apasiih... Sok asik banget asli dahh 🥱 biar dikata pinter/berwawasan? nyatanya kosong.. 😩 omongan ngalor ngidul yg intinya lu tuh gak peka sama keadaan rakyat ini. Bad news..? Wkwkwk 😂😂 Ini tuh kondisi real di negara ini. Kalo gak bisa bantu, mending diem dehh... Daripada kata² lu nyakitin rakyat kecil yg benar² terkena dampak kondisi ini 😢",13 hours ago,,,,0
https://www.youtube.com/watch?v=r1DSH9AQXLU,UgxZFZKhNjhiMLknEt54AaABAg,Youtube,@kenapakenapa6330,Dia tinggal dimana sih? Ga napak tanah.,13 hours ago,,,,0
https://www.youtube.com/watch?v=r1DSH9AQXLU,UgzIENT_9ylTaNdDkwp4AaABAg,Youtube,@pritytari,"so is this your true colour, no?",13 hours ago,,,,0
https://www.youtube.com/watch?v=r1DSH9AQXLU,UgxQVh55AHG2BCJDFDF4AaABAg,Youtube,@nevelonaparastika9303,KATANYA PINTER TAPI GAK PUNYA HATI GAK PUNYA EMPATI. BOCAH GEBLEK!! 😂,13 hours ago,,,,0
https://www.youtube.com/watch?v=r1DSH9AQXLU,UgxxJ4xLExGVqsPLakF4AaABAg,Youtube,@ghilmanazka5501,PERCUMA SEKOLAH KE LUAR NEGRI,13 hours ago,,,,0
https://www.youtube.com/watch?v=r1DSH9AQXLU,UgxflWar6lHn2BXRO2F4AaABAg,Youtube,@pritytari,"tone deaf banget wkwkwk, ya apa yang mau diharapin sih dari orkay yang ga pernah ngerasaian duitnya hari itu tergantung cuaca.... tone deaf final boss",13 hours ago,,,,0
https://www.youtube.com/watch?v=r1DSH9AQXLU,UgxLAbjFV95DYLn-Pkl4AaABAg,Youtube,@022_najwaaltarika8,Manusia tone deaf,13 hours ago,,,,0
https://www.youtube.com/watch?v=r1DSH9AQXLU,Ugz78mpYmNciMiZJZ9d4AaABAg,Youtube,@nomnomoi,Anda kuliah pake duit pajak RAKYAT INDONESIA tapi bahkan ga peduli sama sekali sama orang yang bayarin lu kuliah. Parah sih,13 hours ago,,,,0
https://www.youtube.com/watch?v=r1DSH9AQXLU,UgyCnzxzQLVtdIcPJLh4AaABAg,Youtube,@zamincagar,Ignorant,13 hours ago,,,,0
https://www.youtube.com/watch?v=r1DSH9AQXLU,UgzZTJa2RR4zzLDqP-R4AaABAg,Youtube,@rainovermyhead18,"Kamu cuma lihat bad newsnya, kami sedang menjalani bad newsnya. BBM naik kamu masih bisa beli untuk besok, minggu depan dan seterusnya. Tapi kami bisa beli hari ini, besok mungkin masih bisa, minggu depan sudah kesulitan. Kenapa? Karna kita ngga bergelimang privilege kayak kamu.",13 hours ago (edited),,,,0
https://www.youtube.com/watch?v=r1DSH9AQXLU,Ugy37i0wVT6YssU3ZiF4AaABAg,Youtube,@aditiyasusanto2300,Jauh jauhkesini cuma lagi penasaran liat kamu di hujat.,13 hours ago,,,,0
https://www.youtube.com/watch?v=r1DSH9AQXLU,Ugz14QYyfM3ULJnOa6x4AaABAg,Youtube,@Sayrha,"yeah whatever eat your 3 omega eggs, fancy bread and cottage cheese while talking about 'bad news' and the bad news is the reality that people are living in right now, mindfulness my ass Maudy you're just tone deaf",13 hours ago,,,,0
https://www.youtube.com/watch?v=r1DSH9AQXLU,Ugz5Erfa3ePllgX-fgh4AaABAg,Youtube,@nomnomoi,Reaaalllyy tone dead 👏👏👏👏👏,13 hours ago,,,,0
https://www.youtube.com/watch?v=r1DSH9AQXLU,UgzPcxx_wXFnP16Q1xl4AaABAg,Youtube,@vikim8066,"dy, kau sekarang kenapa gini?",13 hours ago,,,,0
https://www.youtube.com/watch?v=r1DSH9AQXLU,Ugy9A-XjafIARHhNQCN4AaABAg,Youtube,@puspitasaridwi1364,"Belajar dr Sherina kak ,",13 hours ago,,,,0
https://www.youtube.com/watch?v=r1DSH9AQXLU,UgzLbiWBeh7NeHUvc3Z4AaABAg,Youtube,@puspitasaridwi1364,"Ga ada hubungannya ya mindfullnes sama bencana , bagaimana bisa org yg ga kena bencana menyuruh yg kena bencana untuk mindfull kondisinya aja beda",13 hours ago,,,,0
https://www.youtube.com/watch?v=r1DSH9AQXLU,UgxmJoOb-JgidC4Sap14AaABAg.AahDW1mF9caAaiUJErBU8t,Youtube,@dittodong,Kita butuh katniss everdeen,1 hour ago,,,,0
https://www.youtube.com/watch?v=r1DSH9AQXLU,UgxmJoOb-JgidC4Sap14AaABAg.AahDW1mF9caAaiWur4aNha,Youtube,@NitaSariPratiwi,​@dittodongfor real lol,1 hour ago,,,,0
https://www.youtube.com/watch?v=r1DSH9AQXLU,UgxmJoOb-JgidC4Sap14AaABAg.AahDW1mF9caAaiO0MGO8CD,Youtube,@Algan_aja-coyy,"Kak, aku dapat kosakata baru dr kakak.
1. Keminggris = orang yg sok berbahasa Inggris, pamer kemampuan bahasa Ingris, mencampuradukan bhs Inggris (code switching Indolish)
2. Plebeian = kampungan, dr golongan rakyat jelata
3. Capitol = gedung pusat pemerintahan --> mgkn maksudnya berlokasi di kawasan pusat strategis (elit) 
Terima kasih ya 😊",2 hours ago (edited),,,,0
https://www.youtube.com/watch?v=r1DSH9AQXLU,UgxbOF6f5I8osB5O--d4AaABAg.AahDnZWuyT-AaiJqlK_Hix,Youtube,@intangayatri6922,"Si paling mindfulness. Kalo ade lo keracunan MBG apa bisa masih bisa mindfulness 😂😂😂. Sebagian besar WNI tidak seberuntung dia, dan bahkan banyak diantaranya yg tdk punya pilihan. Sebagai publik figure, seharusnya jika dia tidak bs memberi solusi, setidaknya bisa berempati.",3 hours ago (edited),,,,0
https://www.youtube.com/watch?v=r1DSH9AQXLU,UgxbOF6f5I8osB5O--d4AaABAg.AahDnZWuyT-AaiVQwR6xJ-,Youtube,@martinummu,Kesel yaa sist.. akupun liatnya iuuuuh... Selesain dulu sih ngunyahnya baru ngomong.. kecuali dia tuh food vloger lg review makanan..,1 hour ago,,,,0
https://www.youtube.com/watch?v=r1DSH9AQXLU,UgxbOF6f5I8osB5O--d4AaABAg.AahDnZWuyT-AaiZbwy9-yI,Youtube,@needsandmood,Dia enak makan alpukat sm apa itu cottage cheese 😂 alpukat mahal disini,57 minutes ago,,,,0
https://www.youtube.com/watch?v=r1DSH9AQXLU,UgxbOF6f5I8osB5O--d4AaABAg.AahDnZWuyT-AaieWE4kJMy,Youtube,@Kayla-Malik,Dia orang kaya males mikirin orang HIDUPNYA susah 😅😅😅,5 minutes ago,,,,0
https://www.youtube.com/watch?v=r1DSH9AQXLU,UgwyOdETzbbfiJvmEV94AaABAg,Youtube,@GameForKiddo,kelamaan hidup di menara gading,13 hours ago,,,,0
https://www.youtube.com/watch?v=r1DSH9AQXLU,UgziO56ugR_tUs-XnzB4AaABAg,Youtube,@AVAngirling,Netizen pada sensi kenapa?ku melihat video ini biasa aja perasaan… gatau berita,13 hours ago,,,,1
https://www.youtube.com/watch?v=r1DSH9AQXLU,UgxXEzU7QsCggjs6tDF4AaABAg,Youtube,@vrgyxck,"Isi narasinya kek vanila ajasih sebenernya, b aja apa yg dia omongin. Not very informative jg. Beda sama kalo udah denger CL ngomong, isinya emang beneran ada dan yg diomongin daging semua. Ini mah kayak dengerin bincang2 morning show doang😅",13 hours ago,,,,0
https://www.youtube.com/watch?v=r1DSH9AQXLU,UgzmvgexRof9mq-RXlV4AaABAg,Youtube,@febriancp.1202,absolutely tone deaf 👍👏,13 hours ago,,,,0
https://www.youtube.com/watch?v=r1DSH9AQXLU,Ugw0oBomXbSwfdZT-Vl4AaABAg,Youtube,@kangwindo,Kenal Surya Saputra? Jawab: di rumah aku gak pasang tv nasional. Wkwkwk,13 hours ago,,,,0
https://www.youtube.com/watch?v=r1DSH9AQXLU,UgxD-pKk1eVwWEGKnW94AaABAg,Youtube,@yuanitatahya8030,PLEASE TAKE DOWN YOUR VIDEO,13 hours ago,,,,0
https://www.youtube.com/watch?v=r1DSH9AQXLU,Ugw464UYlZFMt_h82O94AaABAg,Youtube,@ginastacy1999,the country is dying sis its not just some “bad news”,13 hours ago,,,,0
https://www.youtube.com/watch?v=r1DSH9AQXLU,UgyiM2BCK_0Tw4DlEOF4AaABAg,Youtube,@KoriAgustinaWulandari,"Maudy lo bikin video kyk gini pun di dalam kondisi ekonomi yang masih baik, di ruangan yg ber ac, bicara masih ada cengengesan nya ga keliatan lebih menderita/sengsara daripada orang2 yang terdampak dari bencana yg sedang terjadi di Indonesia. Lo mungkin ga pernah ngerasain di posisi orang2 yang berdampak “bencana” ekonomi/musibah alam dan berbagai hal lainnya, jd lo gausah nge sok si paling mindfulness soal yg bencana deh. Lo aja gapernah speak up dan budeg di sosmed lo maunya bersih keliatan cantik terus. Gausah ya perkara ngomongin mindfulness terhadap bencana biar usaha skincare lo tetep laku dan cari empati.👎🏻",13 hours ago,,,,0
https://www.youtube.com/watch?v=r1DSH9AQXLU,UgwH6r3P6JUQted5x914AaABAg,Youtube,@syafakamila-q4t,"info g penting,,,",13 hours ago,,,,1
https://www.youtube.com/watch?v=r1DSH9AQXLU,UgygIju6pDg9I9YjGL94AaABAg,Youtube,@Nada-fb9fr,"It must be nice being rich, yuhuuuu.

It’s not about “bad news,” Maudy. It’s reality. You can’t ignore it. You can’t fucking preach mindfulness while we’re struggling to breathe, to get clean water, to get better air. :)

You’re fucking hilarious, rich women.",13 hours ago,,,,0
https://www.youtube.com/watch?v=r1DSH9AQXLU,UgyzT_xp6QolTPsZsc54AaABAg,Youtube,@natsumiduri7990,"I do not think what Maudy said about mindfulness is wrong though in a lot of part… 😭

Ok, aku bicara ini dari sisi orang yg punya privilese. Yknow sebagai WNI aku merasa sangat khawatir dan cape sama kondisi Indonesia sekarang. I do what I absolutely can. Selalu menyuarakan, share berita, donasi, belajar, mengedukasi dll dll. Hal2 kecil kayak “oh hari ini aku mau beli dari tukang bunga keliling yang sepi itu karena I want to help the economy, even on the atomic fraction level.” Sampe yang cukup besar (buat kami) kayak memberdayakan masyarakat sekitar. I do that, tapi skalanya sangat amat kecil buat keseluruhan Indonesia dan kadang aku ngerasa ga guna juga no matter what i do.

Mindfulness berguna supaya aku gak pesimis, negatif dan mencampur antara apa yang bisa aku lakukan dan apa yang aku harap bisa aku “benerin”. Aku gabisa tiba2 benerin Indonesia, dan aku gatau bisa memastikan aku bisa melindungi semua orang, heck, aku gatau apakah aku bisa melindungi timku sendiri. Aku cuma satu manusia, dan gak peduli seberapa aku paham bagaimana perkembangan negara dan ekonomi yang makin buruk, aku harus tetap tenang supaya aku bisa berfungsi dengan baik dan tetap melindungi orang2 sekitarku. 

Yes, aku mengurangi banyak sekali exposure sosial media. Yes, aku mengurangi narasi2 yang bagiku kurang baik meskipun aku setuju sama poinnya. Apakah berita2 dan hal2 itu gak sampe ke aku? Sampe kok, hal itu mempengaruhi seluruh aspek di usaha keluargaku. Jadi aku tau. Dan narasi2 dan berita yang memang perlu disebarkan? Aku akan suarakan.

Kalau hal2 ini bikin aku anxious, bikin aku panik, dan bikin aku gabisa mengemban tanggung jawab dengan baik, aku ga akan bisa bekerja dengan baik untuk at least mempertahankan apa yg bisa aku lindungi sekarang, timku, orang2 yg selama ini aku support, dll. In a way, kadang aku merasa gapunya privilese untuk merasa panik atas keadaan ini. What I can do is: how bad? What can I do to help this? What can I do to maintain myself to keep helping?

Dan mindfulness, frankly, adalah jawaban atas pertanyaan terakhir.",13 hours ago,,,,0
https://www.youtube.com/watch?v=r1DSH9AQXLU,UgyVLojrcttDsJ19CZl4AaABAg,Youtube,@anzentertainment-f9y,sungguh kecewa seperti tdk tau keadaan negaranya sendiri,13 hours ago,,,,0
https://www.youtube.com/watch?v=r1DSH9AQXLU,UgwcAijqOzr4YN2574t4AaABAg,Youtube,@indiyahbudi9818,Ngomong apasi luuuu.. mendinh diem deh kata gw mah,13 hours ago,,,,0
https://www.youtube.com/watch?v=r1DSH9AQXLU,UgwbGt93lLSW2oTzL4J4AaABAg,Youtube,@evyjuniastina697,Dari video ini yg kudapat kamu cuma peduli dgn mental dan perasaan mu aja ketika menanggapi sebuah /beberapa 'kabar buruk'. Dan dalam langkah2 utk menanggapi kabar buruk itu tidak ada keinginan utk mencari tahu lebih jauh knp hal itu terjadi dan bagaimana cara membantu mereka yg terdampak kabar buruk. It just show how selfish and big the privileges you have to just swipe away that bad news. Setelah nonton video ini sampai habis gk heran kenapa bnyak org di thread gk suka sama kamu.,13 hours ago,,,,0
https://www.youtube.com/watch?v=r1DSH9AQXLU,Ugzs0wjTeNnrYXTODSp4AaABAg,Youtube,@luatnainggolan9099,💩💩💩💩💩💩💩💩💩💩💩💩💩💩💩💩💩💩💩💩💩💩💩💩💩💩💩💩💩💩,13 hours ago,,,,0
https://www.youtube.com/watch?v=r1DSH9AQXLU,UgzPVB7_EYPKf3llWtd4AaABAg,Youtube,@Paranoia54839,"Orang Kalimantan dan Riau yang kesulitan bernafas tidak mikir itu cuma 5% hal yang buruk Maudy. Namanya juga kami tidak bernafas dengan insang. Kalau kamu menyuruh orang lain mikir ""itu hanya 10%"", kamu mengajarkan orang lain untuk menyepelekan kesulitan orang lain untuk bertahan hidup.

Orang tua yang kehilangan anaknya karena keracunan MBG tidak mikir itu hanya 5% hal yang buruk, Maudy. Anak itu seluruh dunia orang tua. Kalau kamu menyuruh orang lain mikir itu hanya ""10%"", kamu menyuruh orang lain untuk menyepelekan kesedihan hati orang tua.

Hewan yang kehilangan habitatnya tidak mikir itu 5% hal buruk, Maudy. Kalau kamu menyuruh orang berpikir itu hanya 10% dari segala hal buruk yang terjadi, kamu mengajarkan orang lain untuk menyepelekan keberlanjutan lingkungan. 

Kamu meminta orang untuk tenang dari terjangan tsunami, sementara kamu sudah disediakan tempat tinggi karena kamu punya uang lebih banyak. Ya intinya, kamu punya previlege, dan kamu masih belum sadar. Ketika orang sedang kesusahan, kamu menyuruh untuk tenang sambil scrambling your egg. Kegiatan relawan selama ini tidak mengasah self-reflection skill?",13 hours ago,,,,0
https://www.youtube.com/watch?v=r1DSH9AQXLU,Ugw7ylY5-r43zHLdN5R4AaABAg,Youtube,@nungecha2484,"Lagi banyak yg sensitif ini rakyat, klo kata aku Mod, tiap action sosial yg kamu lakuin itu pamerin aja, biar orang2 tau bahwa public figur kita peduli apalagi termasuk role model remaja dan anak2 bangsa lainnya, jadi sekecil apapun itu pamerin di sosmed Mod, biar mereka mengerti, karena yg kaya tambah kaya yg miskin tambah miskin gitu katanya. Kalau ga ada action di sosmed, kita ga tau, dan bahkan ternyata banyak yg jadi judging sad but its true. Jujur aku malah berisik ttg keadaan bad news sekarang, supaya apa, supaya banyak yg tau bahwa negara kita lagi ga baik2 aja dan supaya empati kepada korban.",14 hours ago (edited),,,,0
https://www.youtube.com/watch?v=r1DSH9AQXLU,UgwBXEACUExHSzW_2yx4AaABAg,Youtube,@zaraasfr,"Nonton ini dalam keadaan hampir kena ISPA di Kalimantan Tengah😂

Kamu tau nggak, damkar itu tiap hari lewat di jalan raya, Maudy? Lewat kantor, rumah, sekolah kami? Tiap hari, Maudy. For almost two months, they haven’t had a single break. Some of them have died, and many are overwhelmed. You wouldn’t understand, this is just some bad news to you, right?",14 hours ago,,,,0
https://www.youtube.com/watch?v=r1DSH9AQXLU,UgyKhj2TvgKyKmteD8l4AaABAg,Youtube,@selinregina1630,ew what an odd video,14 hours ago,,,,0
https://www.youtube.com/watch?v=r1DSH9AQXLU,UgxSJSXaZzuCGGzja1x4AaABAg,Youtube,@zahratulkamila9181,Ur products literally using a plant tht originally from Kalimantan and Papua. And yet u never speak abt them... how could u be so tone deaff?,14 hours ago,,,,0
https://www.youtube.com/watch?v=r1DSH9AQXLU,UgwH6r3P6JUQted5x914AaABAg.AahBTb7MRHjAahCJVyQ5VS,Youtube,@vrgyxck,Betuuuuul sumpah gapenting bgt,13 hours ago,,,,0
https://www.youtube.com/watch?v=r1DSH9AQXLU,UgziO56ugR_tUs-XnzB4AaABAg.AahC8kw_tuIAahDUc1vzGl,Youtube,@Siyanido021,"yah dia public figure cuy, kan dia ini share tentang pribadi ny sbg ""bad news"" sedangkan ada beberapa realita yg lebih ""pengalaman ny"" spt bencana NTT, sumatra dan kalimantan tp gaada di share sama sekali sama dia di video itu seakan dia ini budeg ato tone-deaf ngabaikan yg terjadi di indo. Lu kan gtw berita nih mungkin google aj bencana indonesia sekarang langsung terjawab yg lu blm ketahui",13 hours ago,,,,0
https://www.youtube.com/watch?v=r1DSH9AQXLU,UgxZVeVzEbkP7-vM2CV4AaABAg,Youtube,@Lefinnf,Cancel her.,14 hours ago,,,,0
https://www.youtube.com/watch?v=r1DSH9AQXLU,UgzLlqWLfAlm6VtKBgl4AaABAg,Youtube,@afidahusniya2455,Parah banget tone deaf nya. Itu ilmu kuliah pada dikemanakann 😀,14 hours ago,,,,0
https://www.youtube.com/watch?v=r1DSH9AQXLU,UgyzAZLgvoxgKn2dv-d4AaABAg,Youtube,@carnianpluvial7126,Same vibe kayak pas celebs nyanyiin imagine waktu lagi lock down covid njir wkwkwkwk,14 hours ago,,,,0
https://www.youtube.com/watch?v=r1DSH9AQXLU,UgwXJZvv3sfgSFRfd794AaABAg,Youtube,@carnianpluvial7126,James Charles lokal,14 hours ago,,,,0
https://www.youtube.com/watch?v=r1DSH9AQXLU,UgycrHlu5YnxOHaQkSR4AaABAg,Youtube,@rhisaaisha6362,Ndak pernah mandi air asin selama 3bulan dan menghirup asap Karhutla adalah kabar baik ya Maudy,14 hours ago,,,,0
https://www.youtube.com/watch?v=r1DSH9AQXLU,UgyeXkNQ-Plsq8oZRTp4AaABAg,Youtube,@sofhamaliani397,jangan di take down yh videonya biar kedepannya budaya cancel culture bisa tepat sasaran 🙂,14 hours ago,,,,0
https://www.youtube.com/watch?v=r1DSH9AQXLU,UgyXXKetkZj8h4DSY594AaABAg,Youtube,@dewirahmawati1954,Kuliah lu dari iuran warga ya perempuan tone deaf.,14 hours ago,,,,0
https://www.youtube.com/watch?v=r1DSH9AQXLU,UgwF22umOyTEMeCLKyt4AaABAg,Youtube,@carnianpluvial7126,"Oh nooo, things are wayyy too expensive now I cannot provide my family to eattttt... what negativity!!!",14 hours ago,,,,0
https://www.youtube.com/watch?v=r1DSH9AQXLU,UgzodvnA-hM1mjxjn9R4AaABAg,Youtube,@purilestina,😂😂 ya 😅😅,14 hours ago,,,,0
https://www.youtube.com/watch?v=r1DSH9AQXLU,UgxNbKsEkPg1xqJPC7t4AaABAg,Youtube,@whitetea2824,"iya deeeh si paling mindful mentang2 ga kena asep ga kena api ga perlu mikirin BBM abis dan ga perlu keluar 300 ribu buat air bersih doang.
mindful banget yah sampe2 ilang empatinya.
kukira kalo org pinter tuh makin punya empati, ternyata empatinya ketinggalan di universitas.
kecewa aku denganmu mbak.
minimal kalo mau MINDFUL, coba turun dulu ke lapangan baru ngomongin mindfulness mu itu mbak. kau stop liatin berita negatif juga ga berarti org2 yg kena bencana tiba2 ilang bencananya",14 hours ago,,,,0
https://www.youtube.com/watch?v=r1DSH9AQXLU,UgyCpQbzDcKJlkI2YFx4AaABAg,Youtube,@uutiee,"7:00 aku berhenti dengering yapping dia. Ini beneran lulusan Stanford kah? Ini beneran pajak gw dipake buat orang yang nggak perduli sama indonesia tapi dia cuman mau kuliah di luar aja & dapet degree keren gitu? Kata saya mahh mba, tobattttt

Hey LPDP, kalian gimana sihhh seleksi nya? Kenapa malahan kasih beasiswa ke orang TONE DEAF DAN KAYA macem maudy? NAUZUBILLAH YA ALLAH. MENDING DIEM MBA KAMU",14 hours ago,,,,0
https://www.youtube.com/watch?v=r1DSH9AQXLU,Ugypd4Ek13rmlbR5UGx4AaABAg,Youtube,@morethan564,Nyap nyap orang dengan segudang privilege,14 hours ago,,,,0
https://www.youtube.com/watch?v=r1DSH9AQXLU,UgxzIIxRBjiHquulzrt4AaABAg,Youtube,@muhammadarifbillah984,"Bad news? It's not just ""news"", it's knocking on our door relentlessly.",14 hours ago,,,,0
https://www.youtube.com/watch?v=r1DSH9AQXLU,UgxpHoLVpZsM7sjFbIZ4AaABAg,Youtube,@gorbysantosa1950,Gaes she is a human too…,14 hours ago,,,,0
https://www.youtube.com/watch?v=r1DSH9AQXLU,UgyYUyQn4ljRETMcL5N4AaABAg,Youtube,@heize2197,BOOOOOOO!,14 hours ago,,,,0
https://www.youtube.com/watch?v=r1DSH9AQXLU,UgwLZA-RfvcbCcfsP014AaABAg,Youtube,@yorgwogrinw3467,mending hapus aja kak videonya,14 hours ago,,,,0
https://www.youtube.com/watch?v=r1DSH9AQXLU,UgwxgAa5VcKj-rlZ1hR4AaABAg,Youtube,@26ily,Eh jangan nambah nambah suasana memanas deh dunia ini udh panas bgt simpen omongan omongan tinggi lu itu buat diri lu sendiri maudy such a tone deaf,14 hours ago,,,,0
https://www.youtube.com/watch?v=r1DSH9AQXLU,UgwG1MtYDtvbV6fbITR4AaABAg,Youtube,@SafrinaSaputri,"si manusia oxprot ini loh ya, tone deaf final boss",14 hours ago,,,,0
https://www.youtube.com/watch?v=r1DSH9AQXLU,Ugw8u_56hPmdMCcRTvp4AaABAg,Youtube,@maulanasabrangamirullah7813,"dikuliahin jauh2 ampe negara orang masi begini ternyata pola pikirnya duh gws, inget mba di duit lpdp yg kamu terima tiap bulannya kmrn itu ada duit pajak masyarakat indonesia, yang sekarang gatau gimana nasibnya di tengah kondisi chaotic negara ini, kalo kata org mah ""touch some grass"" lolz",14 hours ago,,,,0
https://www.youtube.com/watch?v=r1DSH9AQXLU,UgyOkSnIl3duzz1a2kR4AaABAg,Youtube,@aylwinid,Gimana mau mindfulness kalo nafas aja susah. Mindlessness lebih cocok,14 hours ago,,,,0
https://www.youtube.com/watch?v=r1DSH9AQXLU,UgwjYup9WJ0t1BEjLgp4AaABAg.AahKaTr-kWTAahZ0QzeYdI,Youtube,@lancer119gaming,Memang dia pemimpin? memang dia bagian dari pemerintahan?kalau g apa yang bisa dia lakukan?bahkan stoik pun pertama kali dilakukan oleh seorang raja atau pemimpin,10 hours ago,,,,0
https://www.youtube.com/watch?v=r1DSH9AQXLU,UgwjYup9WJ0t1BEjLgp4AaABAg.AahKaTr-kWTAahjXB8Or3Y,Youtube,@EgyptLofi," @lancer119gaming  dia memang bukan pemimpin yang punya kekuasaan, namun dia juga memiliki power dalam memberi pengaruh atau kesadaran bagi orang lain. Dengan hal itu bisa memitigasi kejadian yang sudah terjadi untuk tidak terulang, minimal berkurang.",8 hours ago,,,,0
https://www.youtube.com/watch?v=r1DSH9AQXLU,Ugx6s3IGvfq6Shx3Wlh4AaABAg,Youtube,@jayjolupoi88891,"Tone deaf tingkat akhir, obatnya cuma disumpalin pidato wowo
""Ajng""",14 hours ago,,,,0
https://www.youtube.com/watch?v=r1DSH9AQXLU,UgyawHJNcou26XL-D4l4AaABAg,Youtube,@hadipermana8118,"Menurutku ga ada yang salah sama apa yang dibicarakan maudy. Dia pun tidak mengajak untuk tidak peduli. Dia cuman share gimana caranya ditengah banyaknya bad news and bad reality, kita bisa tetap waras dan melakukan apapun yang kita mampu lakukan dan kontrol.

Cuman salahnya sebelum dia mengungkapkan pemikirannya tentang hal ini. Ga ada pemikiran secara langsung yang dia share tentang kondisi negara saat ini. Apa pendapat dia, apa yang bisa dia lakukan, apa yang dia suggest untuk kita lakukan. Apa yang secara nyata bisa kita kontrol dari banyaknya kejadian ini.",14 hours ago,,,,0
https://www.youtube.com/watch?v=r1DSH9AQXLU,Ugx5bSWTs3hROIUTTuZ4AaABAg,Youtube,@eza1775,"you're giving marie antoinette, let her eat cake vibe girl. yappin nothingness and not in touch with what's happening around you. mindfulness? try widening your social circle",14 hours ago,,,,0
https://www.youtube.com/watch?v=r1DSH9AQXLU,UgyLTWs4mWyGXfaIsJ94AaABAg,Youtube,@BedusPisan,Coba kamu terjun langsung ke Kalimantan kyk Sherina tuh...coba mademin api..wah pasti kerasssaa deh...,14 hours ago,,,,0
https://www.youtube.com/watch?v=r1DSH9AQXLU,Ugw_2pkZw3DKiszY__Z4AaABAg,Youtube,@holyfattyacid,wow what a groundbreaking statement 🤡,14 hours ago,,,,0
https://www.youtube.com/watch?v=r1DSH9AQXLU,Ugz49LtMfhbc5rxGobJ4AaABAg,Youtube,@seirihann,"Maudy, kurang-kurangin deh humble flexing dan kata-kata bijak dan pintar kamu yg pada dasarnya tidak pernah menjawab akar masalah itu, video ini full isinya super tone deaf! Benar-benar rich privilege yang tidak pernah relate dan tidak akan bisa diharapkan",14 hours ago,,,,0
https://www.youtube.com/watch?v=r1DSH9AQXLU,UgzIVMHo91ahKGukD1B4AaABAg,Youtube,@dianaaralc7468,"ternyata IQ ≠ EQ yaa 
zero sympathy, zero emotional intelligence. I genuinely can’t respect you after this video

If you’re that tone deaf. don’t give a shit on us! 

TAKE DOWN VIDEO INI!",14 hours ago,,,,0
https://www.youtube.com/watch?v=r1DSH9AQXLU,Ugx6dGd7rP-25mYXAl54AaABAg,Youtube,@Fxnux,"Your problem is our dream, pusing mu di rumah mewah, overthinking mu di kasur indah adalah mimpi kami rakyat jelata yang ditindas",14 hours ago,,,,0
https://www.youtube.com/watch?v=r1DSH9AQXLU,UgxdzLXhLJDaVs992WV4AaABAg,Youtube,@moistbelle,"Point bkin video ini tuh apasih? Setelah semua kejadian yg terjadi di negri kita, you chose to make an aesthetic rich-person-style breakfast video telling us to practice mindfulness in the middle of all this chaos even though you’re not even affected by it. Wow.",14 hours ago,,,,0
https://www.youtube.com/watch?v=r1DSH9AQXLU,Ugx5ukRFjkMU3BndMCV4AaABAg,Youtube,@elsafitriyani8,"Dia kalo emg punya pikiran kayak gitu, knp nggak dikeep buat diri sendiri aja sih, malah dishare, jadi blunder kan",14 hours ago,,,,0
https://www.youtube.com/watch?v=r1DSH9AQXLU,UgzYgAo2qgwDTMJvAct4AaABAg,Youtube,@ShantyPatty,When reality become bad news for you. Sorry but you are just being tone deaf!!!,14 hours ago,,,,0
https://www.youtube.com/watch?v=r1DSH9AQXLU,UgxzfKE1MesbPGWTa5V4AaABAg,Youtube,@Fxnux,"Sepertinya saya tidak perlu berkomentar, sudah terwakilkan",14 hours ago,,,,0
https://www.youtube.com/watch?v=r1DSH9AQXLU,Ugwo-miybXXWdesXTs94AaABAg,Youtube,@agungprasetyo369,Menyesal nonton video ini 😂,14 hours ago,,,,0
https://www.youtube.com/watch?v=r1DSH9AQXLU,UgyejH3dt5qZf77aLgp4AaABAg,Youtube,@ROUVZKKELE,"ibarat orang pada porak poranda dia di apartemen tinggi nunggu makanan mateng dari air fryer, terus ngedumel ngeliat rekomendasi berita, seakan berita jelek cuman ""mengganggu"" estetika timeline seorang maudy ayunda 😂",14 hours ago,,,,0
https://www.youtube.com/watch?v=r1DSH9AQXLU,UgxZerxO6lKYNJVpKhZ4AaABAg,Youtube,@anonim9589,not just bad news but it's bad reality for some people,14 hours ago,,,,0
https://www.youtube.com/watch?v=r1DSH9AQXLU,UgzVQ6m3cZDz8mJ7NZV4AaABAg,Youtube,@aradechu,"Kalau ngga bisa empati, mending diam aja sih gausah berpendapat 🙏 jangan lupa minta maafnya ditunggu",14 hours ago,,,,0
https://www.youtube.com/watch?v=r1DSH9AQXLU,UgwOlzmGVYpJ9tdFMHh4AaABAg,Youtube,@er-jm2fy,"pendidikan tinggi tidak menjamin seseorang untuk tidak tone deaf ya, shame on you, maudy",14 hours ago,,,,0
https://www.youtube.com/watch?v=r1DSH9AQXLU,Ugwds_fHPOiJroYfJVd4AaABAg,Youtube,@monagaol,"bahas mindfulness menganggap harus jaga input pikiran kamu dari bad news... oalah itu artinya apatis alias tone deaf maudy. kamu hanya membaca memilah informasi sebenarnya diluar rumah kamu ada rakyat Indonesia lg berjuang dr bencana gempa NTT, Karhutla Sumatra Kalimantan, Eeupsi Krakatau, Keracunan MBG. Harusnya Maudy mikir dan bisa action lebih krn kamu public figure. coba keluar dari dapur mewahmu dan apartemen mahalmu.. coba turun ke lokasi bencana terdampak terjun langsung bantu mereka daripada hanya sekedar MINDFULNESS terkesan egois tanpa aksi nyata. maaf Maudy dari setiap kejadian kejadian kamu selalu terkesan Apatis emang tdk peduli..",14 hours ago,,,,0
https://www.youtube.com/watch?v=r1DSH9AQXLU,UgxglYstzoPAze92us94AaABAg,Youtube,@user-fr3od2mb8t,Girl... I'm glad that I stopped stanning you long while ago :),14 hours ago,,,,0
https://www.youtube.com/watch?v=r1DSH9AQXLU,Ugz3b271f50yher8c-B4AaABAg,Youtube,@oz9591-d1o,"you know what makes this performative? your own brand.

afaik you have your own skincare brand that extracts natural resources from Sintang, West Kalimantan, oooh and also Papua. those areas are now heavily affected by current conditions: the forest burning in Kalimantan, those people in Papua living in question for years, and yet.... this is what comes from you 🫢",14 hours ago,,,,0
https://www.youtube.com/watch?v=r1DSH9AQXLU,UgzLgwRet7_fQ7YUFOx4AaABAg,Youtube,@rap6451,"baru aja baca buku yang ngebahas kalau orang berpendidikan itu ga semua punya empati, langsung dikasih contohnya lewat beranda.. 

sedih ya, padahal at the end semua orang bakal kena dampaknya. ko bisa banget se tone deaf ini.",14 hours ago,,,,6
https://www.youtube.com/watch?v=r1DSH9AQXLU,UgwLJsBa040_P6951Ll4AaABAg,Youtube,@abiramaw2137,"Aneh ni orang, sekolah tinggi² tapi gabisa baca situasi wkwk",14 hours ago,,,,0
https://www.youtube.com/watch?v=r1DSH9AQXLU,UgwQAnIrBUhMGyyp7254AaABAg,Youtube,@______1111,Mang boleh se tone deaf ini,14 hours ago,,,,0
https://www.youtube.com/watch?v=r1DSH9AQXLU,UgwnN2VDp6DYimxMKNV4AaABAg,Youtube,@rahmasetiawan5219,"ka mungkin lain kali kaka bisa bikin video mindfull sambil bantu madamin api di kalimantan. kalo kyak gini jatohnya kyak marie antoinette ngomong Qu'ils mangent de la brioche, terkesan tidak berempati.",15 hours ago,,,,0
https://www.youtube.com/watch?v=r1DSH9AQXLU,Ugz221Gn5PRZMo9QRI94AaABAg,Youtube,@halo7738,Woi mindfulness tidur besok tone deaf lagi,15 hours ago,,,,0
https://www.youtube.com/watch?v=r1DSH9AQXLU,Ugw2gbgA-HlctmQzeJF4AaABAg,Youtube,@ghinahfh,ngomong apesi modi modi,15 hours ago,,,,0
https://www.youtube.com/watch?v=r1DSH9AQXLU,Ugw0LMYGmYnsqmmtteF4AaABAg,Youtube,@dika7569,"she : bad news
me : bad reality",15 hours ago,,,,0
https://www.youtube.com/watch?v=r1DSH9AQXLU,Ugzma0GvLqHKeFx_5O54AaABAg,Youtube,@sunnysideyuh,Why does it so difficult for people like you to grasp the concept of empathy?,15 hours ago,,,,0
https://www.youtube.com/watch?v=r1DSH9AQXLU,UgysD7ClmNHhghcM-YF4AaABAg,Youtube,@alyaregitapramesti3856,"Lu mah enak, kaya dari lahir. Ga perlu mikir cara bertahan hidup buat besok gimana awokwok",15 hours ago,,,,0
https://www.youtube.com/watch?v=r1DSH9AQXLU,Ugx-5VlLJTJ6H_x2Bnl4AaABAg,Youtube,@anggi2933,"dude, seriously? oh, we cant breath, the smoke is killing us, well. be mindful then. it is only 10% of negative thing. apparently, high and expensive education doesnt really make you intelligent. especially if youre living in a bubble. ok next time just shut up maudy. it was a lot of nothing, this video. shame! shame on you!",15 hours ago (edited),,,,0
https://www.youtube.com/watch?v=r1DSH9AQXLU,Ugzh_TQh6qISjUhlelt4AaABAg,Youtube,@siapa767,"Shame on you Maudy, you have a big power to Influence other but you do it this way.",15 hours ago,,,,0
https://www.youtube.com/watch?v=r1DSH9AQXLU,Ugw95nHe4pvPEE5d3sd4AaABAg,Youtube,@rainmarzs,TONE DEAFFFFFF,15 hours ago,,,,0
https://www.youtube.com/watch?v=r1DSH9AQXLU,UgwAwDj34WcRKtazaMd4AaABAg,Youtube,@rakyuugaki,Mindless yapping with no class consciousness,15 hours ago,,,,0
https://www.youtube.com/watch?v=r1DSH9AQXLU,UgzdSy_9lzXA4GbjrgJ4AaABAg,Youtube,@Juicylemonice,you better spreading awareness about what happened to our country instead of making this video. im pretty sure you're much capable to process and deliver those issues. go touch some grass. people are barely living and you trynna to close your eyes,15 hours ago (edited),,,,0
https://www.youtube.com/watch?v=r1DSH9AQXLU,UgyHFZiL_q1Qrar1C4h4AaABAg,Youtube,@ryosap6397,"Take down aja sis, lo sebagai lulusan Stanford memalukan bisa2nya reducing berbagai bencana yg bikin rakyat menderita malah ngajak be mindful. You grew up with privilege, stop this fuckin nonsense.",15 hours ago,,,,0
https://www.youtube.com/watch?v=r1DSH9AQXLU,UgxB063ucGdzrkhqyAh4AaABAg,Youtube,@txtdrkayla,tone deaf maxxing,15 hours ago,,,,0
https://www.youtube.com/watch?v=r1DSH9AQXLU,UgxxTnWKzlw3FYd8kzR4AaABAg,Youtube,@VitoRifki-i4e,Sini aja kak lu ke Kalimantan hidup sbgai warga biasa disini mmpu gak lu? Pling mntok 3 hari udh nngis darah lu,15 hours ago,,,,0
https://www.youtube.com/watch?v=r1DSH9AQXLU,Ugwm43FBRdvzoMGahad4AaABAg,Youtube,@dreathfull5066,"uuuhh dapur bagus makan makanan enak ngomong mindfullness my ass. who tf are you ???? 

bukannya madamin malah nyiram bensin. 😂",15 hours ago,,,,0
https://www.youtube.com/watch?v=r1DSH9AQXLU,UgwMsfaKNINId6pWXPx4AaABAg,Youtube,@alisya6730,orang kaya kalo ngomong emg berasa dunia lg dipegang ya enteng bgt mulutnya ca ci cu dengan background mewah,15 hours ago,,,,0
https://www.youtube.com/watch?v=r1DSH9AQXLU,Ugyu_vBUApXrJ0C4C7d4AaABAg,Youtube,@aillieelee,Maudy semoga kamu bisa pertanggung jawab kan semua omongan kamu nanti di akhirat ya karena ada banyak orang yang saat ini bener bener sakit hati banget liat video kamu ini.,15 hours ago,,,,0
https://www.youtube.com/watch?v=r1DSH9AQXLU,UgzLgwRet7_fQ7YUFOx4AaABAg.Aah4O7HhtkzAahO-v4dI0U,Youtube,@syafarhanas,Buku apa ka mau coba baca,11 hours ago,,,,0
https://www.youtube.com/watch?v=r1DSH9AQXLU,UgzLgwRet7_fQ7YUFOx4AaABAg.Aah4O7HhtkzAahPZ7f_w__,Youtube,@rap6451,​ @syafarhanas pedagogy of the oppressed,11 hours ago,,,,0
https://www.youtube.com/watch?v=r1DSH9AQXLU,UgzLgwRet7_fQ7YUFOx4AaABAg.Aah4O7HhtkzAahVc7FVMCb,Youtube,@TRIMEGAASRI,Aku mau baca juga bukunya...,10 hours ago,,,,0
https://www.youtube.com/watch?v=r1DSH9AQXLU,UgzLgwRet7_fQ7YUFOx4AaABAg.Aah4O7HhtkzAahfThInUpm,Youtube,@rap6451,pedagogy of the oppressed​,9 hours ago,,,,0
https://www.youtube.com/watch?v=r1DSH9AQXLU,UgzLgwRet7_fQ7YUFOx4AaABAg.Aah4O7HhtkzAai2vfqah9l,Youtube,@fitranur5423,Pinter tapi gak dipake...,5 hours ago,,,,0
https://www.youtube.com/watch?v=r1DSH9AQXLU,UgzLgwRet7_fQ7YUFOx4AaABAg.Aah4O7HhtkzAai4gcDl8V9,Youtube,@ahmedtika703,bukunya apa,5 hours ago,,,,0
https://www.youtube.com/watch?v=r1DSH9AQXLU,UgwxNyXjZVpVIs-bgcZ4AaABAg,Youtube,@HanRico-by6hg,"“Life has two sides, just like a coin. Before you speak your mind on any platform, pause and consider the perspectives of those around you. Being free to express yourself doesn’t mean you should ignore how your words may affect others.”",15 hours ago,,,,0
https://www.youtube.com/watch?v=r1DSH9AQXLU,UgySYecE48vcE-VBorF4AaABAg,Youtube,@lithanurlaelita4308,"kita semua juga gak mau denger bad news itu kok, cuma kita mah gak tone deaf, kamu well education dan berprivillage kak harusnya kamu lebih aware sama isu yg di negara kita, jangan kayak kuntilanak alias gak napak tanah",15 hours ago,,,,0
https://www.youtube.com/watch?v=r1DSH9AQXLU,Ugyh_3Lg0q5bjssWp5t4AaABAg,Youtube,@itoyokocho.mp4,"translate : i am rich and privileged enough to be ignorant about every bad news happening to my country's situation, also prabowo 2 periode",15 hours ago,,,,0
https://www.youtube.com/watch?v=r1DSH9AQXLU,UgwlKP73HhfIM3UP2v94AaABAg,Youtube,@lavienbluem,"Being able to step away from the news is itself a privilege honey, that means you choose to be ignorance and that's way that leads you to be a tone deaf. udah keadaan kayak gini gaperlu mindful tralala trililili sih, rakyat udah sengsara dan tercekik, ini tuh saatnya kita BERISIK. kita ngeluh2 di sosmed pun rezim sekarang masih suka seenaknya kok, apalagi didiemin pake ala ala mindfulness, walaaahh makin menjadi jadi mereka",15 hours ago,,,,0
https://www.youtube.com/watch?v=r1DSH9AQXLU,UgzZKZ6vcIf6erS5WtN4AaABAg,Youtube,@firnandas.n2841,"Kamu tuh sadar ga sih kamu jauh2 kuliah di jurusan filosofi, politik dan ekonomi sampai ke Oxford tapi hell yah ga ada sedikitpun kamu berbicara apalagi mengimplementasikan ilmu kamu ke orang2. Lalu kamu lanjut sekolah pascasarjana dibiayai negara dan apa kontribusimu? Kamu sibuk syuting film yg memperkaya dirimu sendiri. Bikin brand skincare dgn bahan2 asli indonesia? Tapi samasekali ga ada bicara ttg carut marut negri ini yg ada malah ""mempengaruhi"" orang2 utk menghalau kepusingan yg terjadi di negara kita? Heloooo kamu dari lahir hidup nyaman di bubblemu. Kamu samasekali ga pantas bicara omongkosong soal mindfullness disaat buanyak bgt org diluar sana hidupnya pontang panting karna pemimpin di negara kita pada ga becus!",15 hours ago,,,,0
https://www.youtube.com/watch?v=r1DSH9AQXLU,Ugzr2MKoQ-Lw_ypto7p4AaABAg,Youtube,@notyourangel411,Ew classicist,15 hours ago,,,,0
https://www.youtube.com/watch?v=r1DSH9AQXLU,Ugwt4KcwMjZCEqZksB94AaABAg,Youtube,@rotipanggang23,"EVEN THOUGH gue punya privilege itu, gue bakal tetap memilih menghujat pemerintah and SPEAK FOR THE FUCKING GOVERNMENT. but, sadly, you are not. lo org yg terkenal pintar, apalah kepintaran itu tpi gk berguna buat org lain? berdiri bersama rakyat aja gk lo lakuin sama sekali, padahal lo kuliah TINGGI kmren pake duit rakyat. mana kontribusi lo? S1, Philosophy, Politics, and Economics. tapi ngomongin sistem politik Indonesia aja gak ada. S2, Bisnis dan Pendidikan (pake LPDP), tpi ada gak lo angkat suara tentang suatu sekolah yg dirobohkan cm buat bangun kopdes? ada gk lo mengangkat isu soal sekolah2 pedalaman yang gk prnh menjadi prioritas pemerintah? engga, krna lo memilih menjadi ignorant, menjadi org yg buta krna merasa trlalu nyaman dengan hidup yg lo punya.",15 hours ago,,,,0
https://www.youtube.com/watch?v=r1DSH9AQXLU,UgzmEPfjtNeBQi4j4zV4AaABAg,Youtube,@okty_r_wells,"Do you realise, so many people aren’t lucky enough to eat breakfast and what cottage cheese taste like?, and you lecture them about mindful?, I think you should know, you have privilege that no everyone has it. So stop lecture them about mindful when they are struggling to eat daily. For you, it’s bad news but for others, it’s their reality to faced daily",15 hours ago (edited),,,,0
https://www.youtube.com/watch?v=r1DSH9AQXLU,UgxJC4TBsARu1QVTRTh4AaABAg,Youtube,@carnationscent,"kakak sorry sbg salah satu fansmu, vidio ini bener2 buat aku nggak nyaman, walaupun alhamdulillahnya aku tidak terlibat lgsg pd hal yg dialami tmn2 yg lain, tp aku tdk perna sekalipun ingin melarikan diri dan meninggalkan tmn2 yg lain, sekecil kita bantu support retweet, donasi, up story udh lebih dr cukup dripda bikin vidio yg mentrigger org2 pdhl keadaan lg sesentive ini, ckup kecewa tp semoga stlh liat komem tmn2 yg lain kaka tercerahkan ya 🙏",15 hours ago (edited),,,,0
https://www.youtube.com/watch?v=r1DSH9AQXLU,UgzERjFAzGrydvioJZl4AaABAg,Youtube,@DinaNurulHafizhah,tone deaf berkedok mindfulness☺️,15 hours ago,,,,0
https://www.youtube.com/watch?v=r1DSH9AQXLU,UgyUow-AERflKtCWTcZ4AaABAg,Youtube,@nandaanak01,"Mending Lo diem deh Maudy dripda lo ngomong ga jelas yg mna malah nyakitin para korban yg terdampak, empati lo nol bnget njir.",15 hours ago (edited),,,,0
https://www.youtube.com/watch?v=r1DSH9AQXLU,UgwOWwdNbDLjYIN0FmJ4AaABAg,Youtube,@realllminxo4748,"harusnya video kayak gini gausah dishare karena buat sebagian orang what you see as bad news itu adalah realitas buat mereka and by making this video ya wajar aja lu dikatain tone deaf emang begitu nyatanya. org2 lagi pada kesusahan lu bisa2nya ngeluh makanan too healthy. tobat maudy, lu punya privilege buat bersuara malah bersuara yg gaada emphatynya sama sekali. stoicism dan mindfulness lu itu cuma fatamorgana yg bikin susah orang lain sementara lu msh idup nyaman sambil nyemil roti sourdough lu itu.",15 hours ago,,,,0
https://www.youtube.com/watch?v=r1DSH9AQXLU,Ugz1gbVOec2VGQKsogN4AaABAg,Youtube,@ZahwaAzzahraaaa,akal akalan kapitalisme,15 hours ago,,,,0
https://www.youtube.com/watch?v=r1DSH9AQXLU,UgwRx8ZQ389jEoTx-6R4AaABAg,Youtube,@alvinnet1330,"Gpp di dunia pada kaya, ada akhirat, gitu aja cukup. Allah itu ga tidur loh",15 hours ago,,,,0
https://www.youtube.com/watch?v=r1DSH9AQXLU,UgzhCBLbCz9PCS5aKjB4AaABAg,Youtube,@ahmadbemby451,Tone deaf dengan gaya🙄🤚,15 hours ago,,,,0
https://www.youtube.com/watch?v=r1DSH9AQXLU,UgzBFFf8gfGW2k4Gc9N4AaABAg,Youtube,@waterdippers,"Oh, jadi begini solusi dari orang pinter yang suka belajar👍🏻",15 hours ago,,,,0
https://www.youtube.com/watch?v=r1DSH9AQXLU,UgzV2WyfEUMKdre12KJ4AaABAg,Youtube,@lavenaladuri2099,"Imagine asking people to ""block bad news"" disaat ada orang-orang yang terbantu dengan adanya ""news"" ini, many people is not have privilege just like you",15 hours ago,,,,0
https://www.youtube.com/watch?v=r1DSH9AQXLU,Ugzwwryep-YwwfeKGi94AaABAg,Youtube,@diahayus757,"You're simply tone deaf. Kuliah pake LPDP yg jelas² duitnya rakyat, giliran rakyat kesusahan malah begini. What a shame!",15 hours ago,,,,0
https://www.youtube.com/watch?v=r1DSH9AQXLU,Ugyl_Y-_cyD_vlRu-ot4AaABAg,Youtube,@meythriacnissa,Ya maaf deh kalo kita bad news yang menganggu mindfulness kamu 🙏😔,15 hours ago,,,,0
https://www.youtube.com/watch?v=r1DSH9AQXLU,UgyvnXPcXpC47jez3tV4AaABAg,Youtube,@KolMLBB99,"isn't ur first time, isn't it?",15 hours ago,,,,0
https://www.youtube.com/watch?v=r1DSH9AQXLU,UgzWfkbJQZyc1yaobQt4AaABAg,Youtube,@ddabelyu9967,"Oh rich girl yapping, what did I even expect smh 😮‍💨",15 hours ago,,,,0
https://www.youtube.com/watch?v=r1DSH9AQXLU,Ugze-u87KjzWqPBYvO54AaABAg,Youtube,@rizkibagas8042,Tone deaf level max,15 hours ago,,,,0
https://www.youtube.com/watch?v=r1DSH9AQXLU,UgxIYEB9C9qWcR--eNt4AaABAg,Youtube,@keyzrara,gausa tone deaf lo anjir. negara carut marut begini siapa jg yang mau? gak ada. kita semua jg pengen hidup enak tanpa bad news tapi bukan berarti harus jadi BUTA DAN TULI,15 hours ago,,,,0
https://www.youtube.com/watch?v=r1DSH9AQXLU,UgzN6zCJL9Mr5DnP1ox4AaABAg,Youtube,@hallowiin2045,Punya akal tapi ga punya hati ni makhluk,15 hours ago,,,,0
https://www.youtube.com/watch?v=r1DSH9AQXLU,UgwOa1lIIYLrzvGjojB4AaABAg,Youtube,@annabella527,Literally 'let them eat cake' vibes sih. Kamu gak tertarik bantu kak Cinta Laura atau kak Sherina utk ke Kalimantan utk kirim bantuan kah?,15 hours ago,,,,0
https://www.youtube.com/watch?v=r1DSH9AQXLU,UgwaektGaBrSe_cWcbN4AaABAg,Youtube,@everything-bween,"Tips biar ga overwhelmed: manfaatkan privilege yang kamu punya untuk mengatasi ""bad news"" yang mengganggu hidupmu yang nyaman",15 hours ago,,,,0
https://www.youtube.com/watch?v=r1DSH9AQXLU,Ugye674EN8g0-hZqmV14AaABAg,Youtube,@BelindaFurati,seriously?,16 hours ago,,,,0
https://www.youtube.com/watch?v=r1DSH9AQXLU,UgwGyeRYcdnouYItQQ94AaABAg,Youtube,@Wkk934,Pler,16 hours ago,,,,0
https://www.youtube.com/watch?v=r1DSH9AQXLU,UgxtPE5vl3PSXcJxDGh4AaABAg,Youtube,@muffinman7770,"Guys, this is what happens when you're uneducated. Stay in school kids",16 hours ago,,,,0
https://www.youtube.com/watch?v=r1DSH9AQXLU,UgzrRqV_7LNp0M0R_zN4AaABAg,Youtube,@indiecompany4842,such a tone deaf take damn,16 hours ago,,,,0
https://www.youtube.com/watch?v=r1DSH9AQXLU,Ugw_HBYVrspZK2_VOu94AaABAg,Youtube,@kefaal,"ka mod kamu tuh gatau rasanya susah dibawahhhh soalnya gapernah rassin kan, apa yang km pikir bad news itu adalah bad reality bagi orang2 lain yang tertimpa",16 hours ago,,,,0
https://www.youtube.com/watch?v=r1DSH9AQXLU,UgysJ8UNgHrgoS_JxSJ4AaABAg,Youtube,@dzaki8331,"Andai saja saya adalah seorang publik figur yang kuliah di Stanford dibiayai negara,Hidup diruangan ber AC tiap hari, makanan catering instead of MBG dan tinggal di negara yang Air Quality Index nya bagus, hidup saya pasti penuh dengan Mindfulness",16 hours ago,,,,0
https://www.youtube.com/watch?v=r1DSH9AQXLU,UgzWL6i3uoJ555cgb394AaABAg,Youtube,@rihlatululfa327,"Kalo emang mau ga napak tanah, monimal lu kuliah pake uang dr ortu lu sendiri! Jangan dr lpdp, kontribusi nyata juga aga ada, ada apa2 di negeri ini juga ga bersuara. Busettt selama ini hidup lu enak bgt ya!",16 hours ago,,,,0
https://www.youtube.com/watch?v=r1DSH9AQXLU,UgxH_FlVAzEKG4HvRQx4AaABAg,Youtube,@menabungilmu,"maaf kak, nyawa melayang dianggap bukan apa-apa di rejim ini, kira2 menurut kakak gimana? mulai dari bajir Aceh, Ojek dilindes, kereta ketabrak kereta, manajer kopdes 5 orang meninggal saat training, gempa NTT, bakul cermin dikeroyok sampai meninggal. Jangan2 kakak ga denger beritanya. Ini aku kasih tahu.",16 hours ago,,,,0
https://www.youtube.com/watch?v=r1DSH9AQXLU,UgyElqgLGdN9MZPkM2l4AaABAg,Youtube,@rihlatululfa327,Liat aja dia dikit lg bakal klarif di densu 😂😂😂,16 hours ago,,,,0
https://www.youtube.com/watch?v=r1DSH9AQXLU,Ugy-zVIT6dqGaRUS3mt4AaABAg,Youtube,@BetaVulgaris-l5n,"ada pepatah yang bilang, kalau nggak bisa berkata baik, lebih baik diam.

aku tahu kamu sangat percaya pada Let Them Theory, dan mungkin semua komentar di sini akan kamu biarkan berlalu begitu saja. after all, let them, right?

tapi ironisnya, kamu pernah begitu diagung-agungkan banyak orang karena kepintaranmu. sayangnya, semakin tinggi pendidikan seseorang, ternyata nggak selalu sejalan dengan tingginya moral yang mereka punya. 

it’s honestly sad, Maud😢

ternyata memang benar, menjadikan seseorang sebagai idola itu bisa jadi kesalahan besar. karena pada akhirnya, kita cuma mengenal versi mereka yang mereka pilih untuk tunjukkan.

just like a chameleon, you eventually show your true colors😊",16 hours ago,,,,0
https://www.youtube.com/watch?v=r1DSH9AQXLU,UgwKTfpIPmBHczE96ax4AaABAg,Youtube,@UlfiyahUmami,"Rugi bener duit pajak gua buat bayar LO sekolah distanford pakai BEASISWA LPDP, hasilnya cuma Gini aja....🤮🤮🤮🤮",16 hours ago (edited),,,,0
https://www.youtube.com/watch?v=r1DSH9AQXLU,UgzRK0FQoTskHCQhcdh4AaABAg,Youtube,@its.deandra,Jujur ga kaget mod tapi pls ga sekarang dulu!!!!,16 hours ago,,,,0
https://www.youtube.com/watch?v=r1DSH9AQXLU,UgxZB8xiBvUASJidhd14AaABAg,Youtube,@tiaralq,Sekolah tinggi2 gak bikin lo jd MANUSIA ya mod 👎👎👎👎👎👎👎,16 hours ago,,,,0
https://www.youtube.com/watch?v=r1DSH9AQXLU,UgxoGQhYMbRSSU0CR3V4AaABAg,Youtube,@its.deandra,GUYS LETS MOVE TO FTI COMMENT SECTION ppl like her wont be bugged if their business/reputation got threatened ‼️,16 hours ago (edited),,,,0
https://www.youtube.com/watch?v=r1DSH9AQXLU,Ugzg8O61ujly4aDjbHN4AaABAg,Youtube,@akbarnanda4874,maudy tidur besok ambil lpdp lgi,16 hours ago,,,,0
https://www.youtube.com/watch?v=r1DSH9AQXLU,Ugz45hHzSrVjhN_JCtZ4AaABAg,Youtube,@JAJANMYEOW,"DI SAAT ORANG LAIN SUSAH CARI UANG, CARI MAKAN, CARI AIR, SUSAH NAPAS, SUSAH LISTRIK, KERACUNAN. THIS QUEEN BERUSAHA MENJAGA MENTAL HEALTH NYA DARI BAD NEWS SAMBIL SARAPAN CANTIK. 😭😭😭😭",16 hours ago,,,,0
https://www.youtube.com/watch?v=r1DSH9AQXLU,Ugxy6yLRU6yiFpNz3tF4AaABAg,Youtube,@achmadrasyid-u1f,udah boleh nyapres mba sama sama tone deaf macem prabowo,16 hours ago,,,,0
https://www.youtube.com/watch?v=r1DSH9AQXLU,UgyTBc9Ot9wMGkxZIet4AaABAg,Youtube,@daiiailyas3027,"what a shame Maudy!
kuliah dibayarin pake duit rakyat, punya brand ambil bahan dari tanah Papua, giliran ""bad reality"" lu malah seolah ngajarin buat being tone deaf, lu itu punya previledge buat speak up what happend rn, but u milih buat being tone deaf menikmati kemewahan lu.",16 hours ago,,,,0
https://www.youtube.com/watch?v=r1DSH9AQXLU,Ugw0sOkI58_TIaohz5J4AaABAg,Youtube,@KhususJulid,"Trying to be mindful isinya kitchen set mahal, makanan penuh gizi grade A++, rumah penuh safety plus bisa liburan ke LN kpn aja. Sama sekali gak iri sama kehidupannya. Tapi kasihan yg nonton. Khawatirnya, viewers menelan mentah2 'penjelasannya' tanpa melihat konteks yang berbeda. Agak muak sih, sementara yg di Kalimantan menghirup udara beracun sampe sekarang. Resilience gak bisa dibangun di lingkungan yang TOXIC. So pls stopp everyone menelan info life/ psychology hack yg simplistic bgini.

Copas @reikaazil",16 hours ago,,,,0
https://www.youtube.com/watch?v=r1DSH9AQXLU,UgwdL6iDwWJgMoGPii14AaABAg,Youtube,@dhimasaryadi2167,Tutorial to be tone deaf to the max by the queen  🥰,16 hours ago,,,,0
https://www.youtube.com/watch?v=r1DSH9AQXLU,UgwvXvRRmVzCTCn18gJ4AaABAg,Youtube,@rizkaavivah,"sorry ya Mbak Maudy, aku berhenti nyimak sejak kalimat, ""beberapa bulan ini. setahun terakhir ini.""

padahal semua kezaliman ini dari 2024, bahkan 2019, bahkan 2014.

where are you living, Mbak? nyaman sekali ya sepertinya. gak berdampak sama sekali? good for you, but not for us. and don't tell us how to stay sane while you've never been there, in such an insane place.",16 hours ago,,,,0
https://www.youtube.com/watch?v=r1DSH9AQXLU,Ugzx1Qrv2fOnjjnSuRB4AaABAg,Youtube,@tyarap2793,"I don't know if we can still applying mindfullness atp... moreover tryna balancing our news consumption the same way as ""dieting"" are you being fr?. I'm sorry but those ""unhealthy news"" is our horrendous reality. Yes us, the people that you said are impacted with all of this. Must be lucky for you to have a comfortable life 😊",16 hours ago (edited),,,,0
https://www.youtube.com/watch?v=r1DSH9AQXLU,UgzVg0OJXjfbVcM1KgV4AaABAg,Youtube,@ISeeDeadPeopl,borjuis tone deaf,16 hours ago,,,,0
https://www.youtube.com/watch?v=r1DSH9AQXLU,UgykKx8tB2R3OTXPcSl4AaABAg,Youtube,@nonickname2436,"Maudy Ayunda, darling, “be more mindful of the news” is great advice when u’re privileged enough to simply look away.

but for the people who struggling to survive, this isn’t just “bad news”. it’s their reality. being mindful won’t fix the economy or put food on their table.

if u have the privilege to look away, maybe use that privilege to speak up instead of telling everyone else to cope better. otherwise, just keep ur mouth shut.",16 hours ago,,,,0
https://www.youtube.com/watch?v=r1DSH9AQXLU,UgyU_uQv8-TKa1BcS3t4AaABAg,Youtube,@dirgaadilfauzan2243,Cancelllll cancel cancel,16 hours ago,,,,0
https://www.youtube.com/watch?v=r1DSH9AQXLU,Ugz4uFe_UPYUvm7tBs54AaABAg,Youtube,@apollopeps,"To say “mindfulness” in these age of bad news itself is very, VERY offensive to a lot of people that are suffering.",16 hours ago,,,,0
https://www.youtube.com/watch?v=r1DSH9AQXLU,UgwMzHLzMPwdSAyf3Bh4AaABAg,Youtube,@Pupuh,"Selamat kak, kamu adalah THE QUEEN of TONE DEAF! 🔥 🎊",16 hours ago,,,,0
https://www.youtube.com/watch?v=r1DSH9AQXLU,Ugy0mAeGNOFllVPHzqN4AaABAg,Youtube,@mayangwahyu8922,Minimal sadar diri itu lu S-2 pakai duit rakyat,16 hours ago,,,,0
https://www.youtube.com/watch?v=r1DSH9AQXLU,Ugwmh2CPmT4dkbyp__h4AaABAg,Youtube,@Sayrha,ignorance is a luxury only the privileged can afford,16 hours ago,,,,0
https://www.youtube.com/watch?v=r1DSH9AQXLU,Ugx2PFWXWlouQ6R98Kl4AaABAg,Youtube,@Sayrha,must be nice for you ya bisa milih to take this as only 'bad news' dan 'tutup jendela' dari bad news tsb.,16 hours ago,,,,0
https://www.youtube.com/watch?v=r1DSH9AQXLU,UgxsuqPiqzwGif_-c8h4AaABAg,Youtube,@GelungArpahul,"Ngomong aoa sih? 😂😂
Daripada nonton mbak ngomong mending lanjut ngeburu akun pak Cikini dah 😂😂",17 hours ago,,,,0
https://www.youtube.com/watch?v=r1DSH9AQXLU,UgyOzCKs7MMshbm1GwB4AaABAg,Youtube,@Sayrha,"At this point you're just becoming tone deaf, napak tanah Maudy. You can take this as only 'bad news' but while in most people this is 'bad reality' and we live and we already suffer.

Kalau punya pilihan juga bakalan mau menjauh dari bad news but we never can because it's HAPPENING and that's reality.",17 hours ago,,,,0
https://www.youtube.com/watch?v=r1DSH9AQXLU,UgxBZ3zUC0a7vFriZNx4AaABAg,Youtube,@yandipranayudha1749,"Selama priuk nasi kalian gak terganggu, kalian akan tetap egois dan cari aman. F.O.",17 hours ago,,,,0
https://www.youtube.com/watch?v=r1DSH9AQXLU,Ugxy_HwfwgcHflR_nIp4AaABAg,Youtube,@JDtrain1,"Bener kak, aku dulu stres lihat berita timur tengah. 
24/7 berita petang terus dulu. 
Akhirnya aku blokir semua dan lebih baca berita investigasi mendalam.",17 hours ago,,,,0
https://www.youtube.com/watch?v=r1DSH9AQXLU,UgxdDbnAAjG0BBlUPsp4AaABAg,Youtube,@yuliaarjibah,"i think mindfulness is about being aware of what’s happening and actually caring. but when you were talking abt stoic and smth that ""you can’t control it anyway"" i think it can make us careless and eventually stay silent and being tone deaf, especially in the name of protecting our mental health. bcs if we keep thinking that nothing we do will make a difference, then what’s the point of being aware? yes we can’t control everything, but we can still speak up and do what we can. and if you’re truly mindful, then even when something is supposedly “out of your control,” use whatever privilege you have to do something about it. at least that’s how WE see it",17 hours ago (edited),,,,0
https://www.youtube.com/watch?v=r1DSH9AQXLU,Ugx2yZe-KBnshm3QIm94AaABAg,Youtube,@MB-tz7by,Biggg yappeer this one,17 hours ago,,,,0
https://www.youtube.com/watch?v=r1DSH9AQXLU,UgyDvL1U9K6orLthABh4AaABAg,Youtube,@gyoumin03,"your bad news is our living hell, maudy.",17 hours ago,,,,0
https://www.youtube.com/watch?v=r1DSH9AQXLU,UgwYQnhwcIQoY9tDplJ4AaABAg,Youtube,@MuhammadIkhsan-k1n,Konten2 orang kaya gini semua ya memandang realitas?,17 hours ago,,,,0
https://www.youtube.com/watch?v=r1DSH9AQXLU,Ugyox_GWiDD0JeT5EdZ4AaABAg,Youtube,@berryhey2436,"is it your true colors, Maudy?",17 hours ago,,,,0
https://www.youtube.com/watch?v=r1DSH9AQXLU,UgxccDyL7gqE5C4eJqt4AaABAg,Youtube,@cicioxixio,"Untuk kamu ini bad news, tapi untuk kami karhutla ini adalah berita yang harus terus disuarakan agar kita bisa menghirup udara yang sama bersihnya.",17 hours ago,,,,0
https://www.youtube.com/watch?v=r1DSH9AQXLU,UgznFWJ2IYOaYDmgj5R4AaABAg,Youtube,@Nanamikento-m5g,"kwowkwowk mending energi lu untuk mengajak org2 untuk mindfull arahin ke rezim yang kayak abu jahal ini kwkwkwk, kan kebetulan lu punya paltform gede bisa lah bantu2 menyuarakan aspirasi kita ke org pemerintahan. apalagi bahan baku brand lu beberapa ada yg ngambil di kalimantan ama papua kan?? eh atau nggak berani nyenggol rezim karena masih butuh akses mereka jdi takut dipersulit kalo ketahuan kwkwkwkwkwk. seharusnya lu lebih pro sipil sih mengingat kemarin lu kuliah make lpdp duit dri sumber pajak masyarakat. nyocot panjang lebar minta maaf all i know you're such a loser kwkwkwkw",17 hours ago,,,,0
https://www.youtube.com/watch?v=r1DSH9AQXLU,Ugwjno5EjewTh1_3Z0x4AaABAg,Youtube,@choco-t6n,Orang kaya brengsek. Ngomongin soal kesusahan negara sendiri sambil sarapan yg sebagian besar masyarakat Indonesia could not effort.,17 hours ago,,,,0
https://www.youtube.com/watch?v=r1DSH9AQXLU,UgwB57KYgIwDp7T0ya54AaABAg,Youtube,@AnnisaAsrul-oc6yp,"We already suffer with this current condition, Maudy. Harga bahan pokok yg kian mahal, asap karhutla yg perlahan-lahan membuat kami mati, ribuan anak Indonesia yg keracunan akibat mbg, and u choose to talk ""mindfullness"", are you talking sh*t with us?.",17 hours ago,,,,0
https://www.youtube.com/watch?v=r1DSH9AQXLU,UgxNI6_R7L4M0tFTRep4AaABAg,Youtube,@berryhey2436,"fyi maudy, bad news yg km maksud itu adalah reality pahit dari kehidupan rakyat yg bayarin seseorang kuliah di ivy league hehe. must be nice yaa to have a choice to ignore the bad news, maudy?",17 hours ago,,,,0
https://www.youtube.com/watch?v=r1DSH9AQXLU,Ugyq3r9dY_gPi94bTM14AaABAg,Youtube,@sir_cokodile,kentut,17 hours ago,,,,0
https://www.youtube.com/watch?v=r1DSH9AQXLU,Ugzz2_vPsRiC5uFemSF4AaABAg,Youtube,@myugah26,Makj0dnya g0mana?,17 hours ago,,,,0
https://www.youtube.com/watch?v=r1DSH9AQXLU,Ugwx0zHCVbizplVFdH14AaABAg,Youtube,@zhenglishiu,Shame on you for being such a tone deaf,17 hours ago,,,,0
https://www.youtube.com/watch?v=r1DSH9AQXLU,UgwhgMuoMvRoZAD7N9R4AaABAg,Youtube,@berryhey2436,"tetap mindful smbl menghirup asap karhutla dan gada kipas krn matlis di tengah"" ngerjain skripshit smbl wondering dpt beasiswa di ivy league pake pajak rakyat, oh how.. 😍",17 hours ago,,,,0
https://www.youtube.com/watch?v=r1DSH9AQXLU,UgzlIMlNR1rLzNn5Aa94AaABAg,Youtube,@gogadantes8699,"Singing ""Imagine"" from the Beatles on social media while people are dying - versi kw lokal. 🤦🏻‍♂️",17 hours ago,,,,0
https://www.youtube.com/watch?v=r1DSH9AQXLU,UgxyvMg_4sM6VQIOdPB4AaABAg,Youtube,@ratnawidyaningrum8034,"Kuliah di LN pake LPDP yang berasal dari uang rakyat, eh rakyat susah malah begini responnya. 🤮",17 hours ago,,,,0
https://www.youtube.com/watch?v=r1DSH9AQXLU,UgzW2T0Nxc5Z8HqQLqR4AaABAg,Youtube,@theagenda1136,Gua bs ambil kesimpulan dia ini maunya apa... Tipikal org gk mau pusing... Ya udah,17 hours ago,,,,0
https://www.youtube.com/watch?v=r1DSH9AQXLU,UgyovEA-fr-pmqUdelh4AaABAg,Youtube,@matanai8883,"Banyak yg bilang ""Ah kamu jg akan sama kalau jadi dia""
ENGGA CUY. KALAU GUE BISA DI POSISI DIA GUE MAU SEPERTI MONKEY D. DRAGON.
Followers 1juta
Punya duit
GUE BAKAL BIKIN PASUKAN REVOLUSIONER 
AYO COME ON MY 1 MILLION FOLLOWERS",17 hours ago,,,,0
https://www.youtube.com/watch?v=r1DSH9AQXLU,Ugz1r3bhi8VOG8AwbYd4AaABAg,Youtube,@enadamayantiabdullah7975,"Jadi kita ini cuma sekedar ""bad news"" buat dia guys...",17 hours ago,,,,0
https://www.youtube.com/watch?v=r1DSH9AQXLU,Ugxb4Oqv7EnGcexOes54AaABAg,Youtube,@angerypers0n893,THERES NO LIMIT TO THE COPE🔥🔥🔥🔥🔥🔥🔥🔥🔥🔥,17 hours ago,,,,0
https://www.youtube.com/watch?v=r1DSH9AQXLU,UgzoPOh8JKLdrYzoVWx4AaABAg,Youtube,@Wintheen,Mengajarkan untuk tidak berempati. Kalau lagi tinggal di Kalimantan ga mungkin bisa hidup nyaman. Bad news kalau diabaikan dan lari dari permasalahan ga akan jadi good news. Shame on you,17 hours ago,,,,0
https://www.youtube.com/watch?v=r1DSH9AQXLU,UgzT3-j79eIJl31KKP54AaABAg,Youtube,@syariffrahmann,mindfulness? people are living in survival mode. this tone deaf content is like rubbing salt on people's wounds.,17 hours ago,,,,0
https://www.youtube.com/watch?v=r1DSH9AQXLU,UgwE8wn7TFwClZ78e_l4AaABAg,Youtube,@septianianandaputri5570,"The real title of this vid is ""How to be a Tone Deaf person""",17 hours ago,,,,0
https://www.youtube.com/watch?v=r1DSH9AQXLU,UgwRMa7DlIKh_awFBxd4AaABAg,Youtube,@beecepticon,"ngomongin mindfulness in the age of bad news, yang sarat dengan ekonomi sulit; semua harga naik, dan jumlah pekerjaan makin sedikit.
tapi dengan sarapan yang estimasi harganya 50 rb ke atas, dengan background kitchen set diatas 60 juta, yet some people called this girl smart ?",17 hours ago,,,,0
https://www.youtube.com/watch?v=r1DSH9AQXLU,Ugz0HugwKTHs9jfV3b54AaABAg,Youtube,@ogayours,"We dont manage the bad news, we’re in the bad news kak maudy. How could you do stoic while you are in the bad news it self. Your bad news are ours reality. Aku dari kalteng. Perhari ini 13 sep, asap sangat tebal dan sesak",17 hours ago,,,,0
https://www.youtube.com/watch?v=r1DSH9AQXLU,Ugz8Wbu3jkYRSs828CJ4AaABAg,Youtube,@Its_Elin11,"Di satu sisi, saya paham maksud Maudy mungkin baik. Terus-menerus melihat berita tentang bencana, ketidakadilan, dan kondisi pemerintah Indonesia yang akhir-akhir ini terasa semakin kacau memang bisa sangat overwhelming. Mindfulness mungkin bisa membantu seseorang menjaga kesehatan mentalnya.

Tapi sadar tidak, selama durasi video ini hampir sama sekali tidak ada pembahasan tentang pemerintah yang justru punya tanggung jawab besar terhadap banyak persoalan yang sedang terjadi? Kenapa pada akhirnya masyarakat lagi yang diminta untuk lebih mindful?

Like, dude… are you being serious right now? 🥲

Masyarakat sudah capek, sudah terdampak, sudah harus beradaptasi dengan berbagai keadaan, lalu sekarang masyarakat juga yang diminta belajar mengelola respons emosionalnya terhadap semua itu? Menurut saya, akan jauh lebih bermakna kalau energi sebesar ini juga dipakai untuk mengkritisi pemerintah, kebijakan, dan sistem yang ikut menciptakan atau memperparah masalah-masalah tersebut.

Yang membuat saya agak terganggu, sepanjang video rasanya lebih banyak membahas tentang bagaimana kamu memproses berita, bagaimana kamu merasa overwhelmed, bagaimana kamu mencoba berempati, rather than actually questioning why people have to suffer in the first place.

So yeah, mindfulness is fine. Tapi jangan sampai masalah struktural berubah menjadi sekadar masalah bagaimana rakyat harus lebih tenang menghadapi keadaan.

Rakyat harus mindful, rakyat harus regulate their emotions, rakyat harus belajar menerima realita…

Lalu pemerintah buat apa?",17 hours ago,,,,1
https://www.youtube.com/watch?v=r1DSH9AQXLU,UgzmuP1z8oWs5ZhDHKx4AaABAg,Youtube,@hida94-k4z,Mampir kesini karena ada yg up di threads wkwkwk... Kata gw mah komen2 ini akan menjadi horror life buat lu maudy bahkan hidupmu akan benar2 negatif karena komen2 nitijen disini 😂 sorry to say yahhh... Kalau lu baca komen disini bakalan mancing overthinking lu dan ga dibaca pun akan ada bad feeling buat lu. Ga mendoakan tp udh nirempati parah sih lu😢,17 hours ago,,,,0
https://www.youtube.com/watch?v=r1DSH9AQXLU,Ugwsn7hdg5yOuBVtOKB4AaABAg,Youtube,@haleblues,Tone deaf final boss. Shame on you.,17 hours ago,,,,0
https://www.youtube.com/watch?v=r1DSH9AQXLU,UgzvhVsk2DAHEmZ_awt4AaABAg,Youtube,@feelhanmove,"Bukan cuma BAD NEWS tapi ini BAD REALITY yang dihadapi sehari hari, gimana cara kurasi nya kalau ada di tiap lini hidup😭🥲",17 hours ago,,,,0
https://www.youtube.com/watch?v=r1DSH9AQXLU,Ugwun00qt5r-HwpZQQx4AaABAg,Youtube,@Aurora_pool,you are tone deaf,17 hours ago,,,,0
https://www.youtube.com/watch?v=r1DSH9AQXLU,UgzOJn6R_tPlX8LmDgd4AaABAg,Youtube,@MaharaniPV,you're just an opportunist who's trying to make us somehow see tone deaf as mindfulness. well educated didn't make you have the empathy.,17 hours ago,,,,0
https://www.youtube.com/watch?v=r1DSH9AQXLU,UgyOHBgCiHhSfHLdoOt4AaABAg,Youtube,@endangsumyati897,Apa yg di harapkan dari orang yg dari kecil nya hidup nya enak semua jalan di mudahkan seolah dunia berputar di dia aja.,17 hours ago,,,,0
https://www.youtube.com/watch?v=r1DSH9AQXLU,UgxMUheAxh6InrJGn5Z4AaABAg,Youtube,@lovelya7594,Tone deaf,17 hours ago,,,,0
https://www.youtube.com/watch?v=r1DSH9AQXLU,UgyigMvZtMkPKElgcfl4AaABAg,Youtube,@whitecutekitten,"Salah satu tips dari mba Maudy buat ngebalance input dari baca bad news adalah ""walk in nature"". Pernah mikir ga ya waktu ngetik kaya gitu, gimana orang-orang yg tinggal di area yg kena dampak karhutla, boro-boro bisa calm walk in nature. Yang ada malah sesek. Memang tipsnya khusus buat orang-orang yg hidupnya enak aja ga kena dampak apa-apa.",17 hours ago (edited),,,,2
https://www.youtube.com/watch?v=r1DSH9AQXLU,Ugz-IxILlolJbjP45ap4AaABAg,Youtube,@TheDreamtrue,"Sumpah jijik bgt sama Maudy Ayunda. Gak sekalipun sundal ini kritik terbuka pemerintah tentang isu-isu yg terjadi sekarang tapi sekalinya muncul ujug2 merasa jadi si paling cape, paling terdampak, dan butuh ketenangan. Modol.",17 hours ago,,,,0
https://www.youtube.com/watch?v=r1DSH9AQXLU,UgwgBr18ajXcJuVTLid4AaABAg,Youtube,@rizkifajar646,Bro really,17 hours ago,,,,0
https://www.youtube.com/watch?v=r1DSH9AQXLU,Ugw3TTLwg8_VQ8yk2Hl4AaABAg,Youtube,@KikiSeptyawati,TONE DEAF FINAL BOSS,17 hours ago,,,,0
https://www.youtube.com/watch?v=r1DSH9AQXLU,UgxHWYdskiI-WeaLDFd4AaABAg,Youtube,@agrabuana6206,touch some grass,17 hours ago,,,,0
https://www.youtube.com/watch?v=r1DSH9AQXLU,UgyYhde_1kMZw6HWwTB4AaABAg,Youtube,@stephaniesiahaan982,Let them eat cake 🍰,17 hours ago,,,,0
https://www.youtube.com/watch?v=r1DSH9AQXLU,Ugzb_0X9H_YD0XE1sZ54AaABAg,Youtube,@chel_sea29i,"Yee luh mah enak kaya raya, nggak mikir pusing buat makan besok gimana. Tone deaf final boss!",17 hours ago,,,,0
https://www.youtube.com/watch?v=r1DSH9AQXLU,Ugz8Wbu3jkYRSs828CJ4AaABAg.Aagl_pmAGJSAaiLnwr0PAW,Youtube,@NurunIrsandi,💯💯💯💯💯,2 hours ago,,,,0
https://www.youtube.com/watch?v=r1DSH9AQXLU,UgyigMvZtMkPKElgcfl4AaABAg.AagkGNjjcckAai-9f5BSwv,Youtube,@cherrytomato2505,Kocak emang. Gw ntn ini ngerasa maudy lagi ngomong ama circlenya dia sendiri. Ckckckckckck..,6 hours ago (edited),,,,0
https://www.youtube.com/watch?v=r1DSH9AQXLU,UgyigMvZtMkPKElgcfl4AaABAg.AagkGNjjcckAaiI4x-HdvI,Youtube,@rusdiyantikhoeriyah6854,"Pantes ga pernah bersuara. Dia cuma mikirin hidupnya aja mungkin yaa 
 Gimana cara hidup tenang",3 hours ago,,,,0
https://www.youtube.com/watch?v=r1DSH9AQXLU,Ugwu3Me7w55Yj0w6Gkl4AaABAg,Youtube,@honeyunho,"you, out of people, making stuff like this? having business dari bahan yang tanahnya sedang dibakar? you, the lpdp awardee, the one from negara aka pajak warganya? got the guts to say this? while keeping completely silent on everything that has been going on this country??",18 hours ago,,,,0
https://www.youtube.com/watch?v=r1DSH9AQXLU,UgwFVeCLJ17eFZZLnIl4AaABAg,Youtube,@heaviestrainfall8963,"Nerusin pendidikan pakai beasiswa LPDP dari duit pajak kita, balik ke Indo jadi Queen of tone deaf begini.
Seriously?
Touch some grass kak.

Flexing kamu soal mindfulness gak di tempatnya and in a very bad timing.",18 hours ago,,,,0
https://www.youtube.com/watch?v=r1DSH9AQXLU,Ugwid2swGRZqwRg3SI14AaABAg,Youtube,@mhmmdrifqii9610,"Waaa waa liat liat gua orang kaya, gua orang berprivilege, gua tone deaf, derita lu pada hanya sekedar bad news buat gua, waaa waaaa",18 hours ago,,,,0
https://www.youtube.com/watch?v=r1DSH9AQXLU,UgycZGxzwgeZ6bynKFp4AaABAg,Youtube,@hklrzki4618,this ain't the flex you think it is chief,18 hours ago,,,,0
https://www.youtube.com/watch?v=r1DSH9AQXLU,UgwoQCbgMURZgV4gvg14AaABAg,Youtube,@FachryHadiid,"don’t even know how to react this, but are you being serious right now?

we’re not even in the same boat, how come you said mindfulness in this terrible situation?

are we touching the same grass? absolutely not.",18 hours ago,,,,0
https://www.youtube.com/watch?v=r1DSH9AQXLU,UgzweSWATyNKpLyPz2N4AaABAg,Youtube,@arifuretasekai19,"Honestly speaking ya, kamu blunder kak, it's reallay a bad timing, and you are not the right person  to talk about this.",18 hours ago,,,,0
https://www.youtube.com/watch?v=r1DSH9AQXLU,UgzqODPRA9qRWTkoS0d4AaABAg,Youtube,@minarnidewi133,Orang se ber-privilege gini ngajarin mindfulness soal bad news aja udah gak masuk akalll banget. Gunain dong mod kepintaranmu dan influencing orang2 buat berempati sama keadaan nyata masyarakat Indonesia saat ini.,18 hours ago,,,,0
https://www.youtube.com/watch?v=r1DSH9AQXLU,UgxYSiaEYIxei4N-m1p4AaABAg,Youtube,@candraferdi447,"Modal ngomong doang (bacot), kehidupan ini sangat kompleks dari omongan mu terlihat hidup selalu egois",18 hours ago,,,,0
https://www.youtube.com/watch?v=r1DSH9AQXLU,UgwxJYQEPs1NZKQSPAt4AaABAg,Youtube,@butter-h1z,"Di situasi yang seperti ini, emang udah harusnya ga bisa mikirin diri sendiri lagi. Rasa overwhelmed itu valid, tapi di situasi spt ini ya sudah harusnya kt kesampingkan dan mikirin apa nih yang bisa saya lakukan utk meringankan beban mereka yg terdampak, sumbangsih apa nih. Se simpel ikut speak up kebobrokan pemerintah, share terkait apapun soal bencana, dll. Iya kita semua harus sama2 merasakan sedihnya, sakitnya, susahnya, sesaknya, karena hal2 ini literally bisa terjadi ke kita kapan aja. Kecuali kita golongan2 super kaya berprivilege untouchable, ya mungkin masih bisa mikirin diri sendiri dan ya udahlah kita skip berita2 sedih ini. Dan dari video ini, itu yg saya simpulkan atas dirimu Maudy Ayunda. Ga saya ga empati atas komen terkini mu yg kamu pin itu, langkah terbaik harusnya hapus video ini dan tunjukkan level pendidikan mu yg sebenarnya dengan berada di pihak rakyat. Apa juga yg mau dilindungi? Reza Rahadian aktor se kaliber itu aja berani kritik pemerintah dan turun ke jalan. Kamu?",18 hours ago,,,,0
https://www.youtube.com/watch?v=r1DSH9AQXLU,UgzX9vq6bIejwEHin3N4AaABAg,Youtube,@annisa.mutiani,auto unsubs ah,18 hours ago,,,,0
https://www.youtube.com/watch?v=r1DSH9AQXLU,Ugx7RB09u9eWzYgYTmh4AaABAg,Youtube,@yamona4465,The definition of Privileged and ignorant 🗿,18 hours ago,,,,0
https://www.youtube.com/watch?v=r1DSH9AQXLU,UgyDTKQMY_mvwMYxXVt4AaABAg,Youtube,@milddeok,"I might agree with some of her views at certain level but at this point, nyelekit rasanya to see she has the privilege to choose what she wants to see while us all forced to deal with it. semua org yang terdampak from these bad news itu butuh suara dari belio yg punya influence cukup besar seperti ini😢",18 hours ago,,,,0
https://www.youtube.com/watch?v=r1DSH9AQXLU,UgzAdB5zvDdnUxU4NfJ4AaABAg,Youtube,@rimasundusita4122,Bad news? It’s their reality,18 hours ago,,,,0
https://www.youtube.com/watch?v=r1DSH9AQXLU,UgzmMly5tmrbZW4TVFV4AaABAg,Youtube,@Dee-ur3ed,Uang pajak yang lu pakek kagak berkah ya kimak,18 hours ago,,,,0
https://www.youtube.com/watch?v=r1DSH9AQXLU,UgzpKFrP5pF9gryniH54AaABAg,Youtube,@bluesun5836,coba mbak napak rumput dulu.,18 hours ago,,,,0
https://www.youtube.com/watch?v=r1DSH9AQXLU,UgwE-RZ7hlKqHDHD1l94AaABAg,Youtube,@zankamiil,"Isinya kosong. Simpel lu tuh pinter oke point plus, but your LOGIC gak sampe. Kuliah aja pake uang rakyat. Gausah banyak tingkah deh. Kalo emg lu pinter ya pke dong ilmu lo yang lo pelajarin INTO action yang meaningful. Bukan nge rage baiting masyarakat indo kek gini dengan PREACH lo yang kosong.",18 hours ago,,,,0
https://www.youtube.com/watch?v=r1DSH9AQXLU,Ugyly-V65hiaCKT-eT54AaABAg,Youtube,@amadeaedama,mindfulness... is the mind in the room with us?,18 hours ago,,,,0
https://www.youtube.com/watch?v=r1DSH9AQXLU,UgzbtHHrQmP0T6mFB_F4AaABAg,Youtube,@twentygadget,akwowkkw,18 hours ago,,,,0
https://www.youtube.com/watch?v=r1DSH9AQXLU,UgxRbwQ7-4lCwTW992Z4AaABAg,Youtube,@halosains6219,Ga nyangka se-tone deaf ini. Bye from this island!,18 hours ago,,,,0
https://www.youtube.com/watch?v=r1DSH9AQXLU,Ugxy6oq0wCJgc983h1x4AaABAg,Youtube,@SatujuanStudio,Plenger final boss,18 hours ago,,,,0
https://www.youtube.com/watch?v=r1DSH9AQXLU,UgzCSKH_IYA5MJauyI94AaABAg,Youtube,@jasonrandy9519,Kalau dah kaya y pasti mindfulness lah ga bakal stress,18 hours ago,,,,0
https://www.youtube.com/watch?v=r1DSH9AQXLU,UgwphikXHPze2HhdyrN4AaABAg,Youtube,@ReeVerT94,"Went to the Farm, graduated as a manure",18 hours ago,,,,0
https://www.youtube.com/watch?v=r1DSH9AQXLU,UgzR9cl-3TWuJF_sPwh4AaABAg,Youtube,@shelviamisiu1478,"Bad news for you, but its bad reality for the other😅",18 hours ago,,,,0
https://www.youtube.com/watch?v=r1DSH9AQXLU,Ugyn_W8VRjwkQF74eEp4AaABAg,Youtube,@bageaegab,Let them eat cake: Indonesia Version.,18 hours ago,,,,0
https://www.youtube.com/watch?v=r1DSH9AQXLU,UgxSWPCshxXieHhV-bx4AaABAg,Youtube,@nisitahafia9267,"jujur parah sih. even this is what you think dan you are allowed to think, tp yaudah keep it in your mind or your circle aja lah. filter more on what you want to share to the world. kabar buruk is an understatement, its underestimating these people's struggle. sambil at the same time talking your protein goal, mending you share this only to those rich people aja lah. pointnya ttp ada yg bener, tp the way that you frame it lo tuh harus hati2 banget. dan i really hate watching this video sih sekalipun poin2nya ada yg benar.",18 hours ago,,,,0
https://www.youtube.com/watch?v=r1DSH9AQXLU,UgzywUkLhgM199gFGah4AaABAg,Youtube,@IvyySen,"Honestly I've never been care about any of Indonesian figures/artist along with their lifestyle

But you, as a public figure which people often look at, admire or simply idolize because they might waiting for you to open your eyes just a little to see what's happening with your own country where you born... I don't feel surprised when you said everything that's happened lately as ""bad news"". I already know a privileged people like you will shut your mouth and turn to be such a tone deaf lady just because you think this country's mess as A BAD MORNING NEWS TO YOU. With your high educational levels, you shouldn't say that while you still hoping someone to idolize you. 

Genuinely, you just piss me off, along with many people that find out this video here. 

Also, please, if you say we exaggerating the bad things such as karhutla in Kalimantan, earthquake, etc--- idk what's up with your emphaty. You might not getting affected by this, but please SPEAK WISELY if you think your so called privileged ""protect"" you from that things.

(Sorry for the grammar, I just typing out with broken English, thanks).",18 hours ago,,,,0
https://www.youtube.com/watch?v=r1DSH9AQXLU,Ugxk3F6DUxqu_M3vMQB4AaABAg,Youtube,@tommyvercetti1897,"PRAB0W0 BAJlNGANN, PRESIDEN TERBURUK SEPANJANG MASA",18 hours ago,,,,0
https://www.youtube.com/watch?v=r1DSH9AQXLU,UgySiOZj242vYhs6P454AaABAg,Youtube,@SemangathappyNotula,Tone deaf ternyataaa…,18 hours ago,,,,0
https://www.youtube.com/watch?v=r1DSH9AQXLU,UgzupQfA2BNLGTqWggp4AaABAg,Youtube,@diantipetra6648,"Hasil belajar pake pajak rakyat dan dibalikkin dengan sharing to keep the healthy mind while being away from bad news which are karhutla, gempa, MBG, bad regime. Well hope you and family have an opportunity to taste the bad news ya Maudy 😊",18 hours ago,,,,0
https://www.youtube.com/watch?v=r1DSH9AQXLU,Ugwykux6KG5uU3sPfEJ4AaABAg,Youtube,@zulfialya6642,there’s no sorry at all 😂 bravooooooo maudy ayunda bravooo,18 hours ago,,,,0
https://www.youtube.com/watch?v=r1DSH9AQXLU,Ugw0IcJT-v5bMPVGj654AaABAg,Youtube,@1234kkk5,Aneh. Omongan kayak gini keluar dari orang yang dulunya awardee LPDP. Gila tone deaf parah,18 hours ago,,,,0
https://www.youtube.com/watch?v=r1DSH9AQXLU,UgzoEuQ0lCzShc7nhS94AaABAg,Youtube,@yasayasa97,"Balikin hey uang LPDPnya, gak guna",18 hours ago,,,,0
https://www.youtube.com/watch?v=r1DSH9AQXLU,UgwVOyqImFo6Qsn0_2t4AaABAg,Youtube,@Password9141,"Kita harus galak dan melek sama yg tone deaf guys, Maudy ini kuliah S2 dari duit pajak kita. Kita-kita yang sehari-hari commute kerja himpit""an naik MRT, TJ, KRL even angkot Jaklingko, dan seringnya gak punya privilige opsi untuk tidak terpapar bad news in this bad goverment era.",18 hours ago,,,,0
https://www.youtube.com/watch?v=r1DSH9AQXLU,UgwLx2xNmaweqC1IbUJ4AaABAg,Youtube,@RizkyaHalimatussyadiah,Are you serious?,19 hours ago,,,,0
https://www.youtube.com/watch?v=r1DSH9AQXLU,Ugw3RUV-RpP0tqDs7hF4AaABAg,Youtube,@RionaBellandi,"GA WARAS. NYAWIT Y LU? 😂
yg jd korban jelas ga bisa pake mindfulness mu itu. orang mau napas ama makan aja susah, dengan banggany lu flexing. 
RILLLL BUDEK MBA BUDEKKKK",19 hours ago,,,,0
https://www.youtube.com/watch?v=r1DSH9AQXLU,UgyyQjyD_POqO2BduU14AaABAg,Youtube,@emiliadwi3523,"You live at the comfort zone, but pls show your empathy a bit maudy. Jangan tone deaf bgt:))",19 hours ago,,,,0
https://www.youtube.com/watch?v=r1DSH9AQXLU,UgxJSsk6wHRVtXYR9414AaABAg,Youtube,@alenamansika3902,Semoga hidupmu mengalami hal yang berkali-kali lipat dirasakan sama orang-orang yang realita hidupnya tidak seenak kamu sekarang. Supaya kamu bisa merasakan juga yang kebanyakan kita rasakan sehingga kita ga bisa dimindfullnes mu karena realita kita beda.,19 hours ago,,,,0
https://www.youtube.com/watch?v=r1DSH9AQXLU,UgxWA-pcqX1mF98wjop4AaABAg,Youtube,@RionaBellandi,WOW WHAT A TONE DEAF 😂,19 hours ago,,,,0
https://www.youtube.com/watch?v=r1DSH9AQXLU,UgzOMKg8P9EQCkQSlyN4AaABAg,Youtube,@theamranboeing737,Concernnya kamu harus peka dengan realitas yg terjadi...@maudy ayunda,19 hours ago,,,,0
https://www.youtube.com/watch?v=r1DSH9AQXLU,UgyN46QGY13lmML7zvx4AaABAg,Youtube,@arssvvh,kok bisa lo ngomong begini????,19 hours ago,,,,0
https://www.youtube.com/watch?v=r1DSH9AQXLU,Ugxjv3tikkjCTEK_ueJ4AaABAg,Youtube,@Chelsebluu,Tone deaf tetaplah tone deaf,19 hours ago,,,,0
https://www.youtube.com/watch?v=r1DSH9AQXLU,UgyVfBjXhWMUP8BLEBF4AaABAg,Youtube,@hetian8923,Tone deaf final boss,19 hours ago,,,,0
https://www.youtube.com/watch?v=r1DSH9AQXLU,Ugzt-3U8ei4QQ-s6Rh14AaABAg,Youtube,@f.880,"minimal mikir mba, lo kuliah kmrn di biayainnya dari duit rakyat loh. kok bisa lo upload video kaya gini when some people are out there fighting for their lives? also bad news buat lo tuh bad reality buat orang lain di luar sana jadi pls stop being tone deaf and insensitive",19 hours ago,,,,0
https://www.youtube.com/watch?v=r1DSH9AQXLU,UgxQpbrX7xt4VY31sAt4AaABAg,Youtube,@gitawuland234,Nir empati🤔,19 hours ago,,,,0
https://www.youtube.com/watch?v=r1DSH9AQXLU,Ugw_1Q8RTBt3ZLDABBJ4AaABAg,Youtube,@gluesongmh,"memang enak ya jadi orang kaya, punya privilege sehingga tidak perlu merasakan kesusahan seperti rakyat kecil.",19 hours ago,,,,0
https://www.youtube.com/watch?v=r1DSH9AQXLU,UgyjJ_SqvnyDGdTyNUN4AaABAg,Youtube,@TyasLaninaa,"oh my… kecewa deh km berfikir gini :( kamu kan kuliah pake beasiswa dari uang rakyat, tapi rakyat lagi kesusahan kamu malah mikir gini 😢",19 hours ago,,,,0
https://www.youtube.com/watch?v=r1DSH9AQXLU,UgxLxzwqeK8PQfVQU1p4AaABAg,Youtube,@gluesongmh,"coba kak maudy napak tanah, bisa enggak kak nyobain hidup sehari sebagai warga biasa yang memang terdampak?",19 hours ago,,,,0
https://www.youtube.com/watch?v=r1DSH9AQXLU,UgxBC4Z5LAVuoSeIfPp4AaABAg,Youtube,@septian5848,napak tanah dulu coba mbak,19 hours ago,,,,0
https://www.youtube.com/watch?v=r1DSH9AQXLU,Ugx0f3Lo2I65XvQ15jx4AaABAg,Youtube,@naynz1111,"Mindfulness mindfulness, u aja masih jd BA pantene yg mana masih di boikot!

Gimana mindfulness jd rakyat gaza yg masih di teror? Mindfulness jd rakyat Kalimantan Sumatra yg masih bertarung dengan asap? Mindfulness rakyat aceh yg masih blm pulih? Mindfulness rakyat NTT yg terkena Gempa?

You're just tone-deaf and ignorant, since you don't know what it feels like!",19 hours ago,,,,0
https://www.youtube.com/watch?v=r1DSH9AQXLU,Ugy8FJeqSFranotsK4N4AaABAg,Youtube,@ranaagni8983,Too bad Maudy. I wish I  have so much privilege like you then speak up out loud about inequality in this country 😢,19 hours ago,,,,0
https://www.youtube.com/watch?v=r1DSH9AQXLU,UgyCyZpXXQlPId03xT94AaABAg,Youtube,@sabilahnisrina6853,Kak? You're a scholarship awardee yang duitnya itu dari pajak kita? Jadi ga salah dong kalau kita minta kamu juga speak up masalah negara? Literally tone deaf final boss,19 hours ago,,,,0
https://www.youtube.com/watch?v=r1DSH9AQXLU,UgzQ0g1lCbQkQKUN3AJ4AaABAg,Youtube,@atikayasmin1116,You're ass are getting cooked on twt lol. Gal Gadot ver 2,19 hours ago,,,,0
https://www.youtube.com/watch?v=r1DSH9AQXLU,UgxA6eo2fctnCb59VqF4AaABAg,Youtube,@annisahardhiyanti3694,"Orang lagi susah malah disuruh mindfulness, piye sih???? Mana kepedulian terhadap sesamanya, lulusan lpdp tone deaf final bos. Hadeuhhhhh",19 hours ago,,,,0
https://www.youtube.com/watch?v=r1DSH9AQXLU,Ugy9yy2e4TZG6txpY054AaABAg,Youtube,@WonsooLee,"Lebih baik ikut Sherina munaf deh, kak.  Turun langsung ke lapangan. Begitu sesaknya untuk mendapatkan udara segar. Kami tidak se privilage kakak. 


Seorang influencer seharusnya bisa bersuara paling keras tentang kedzoliman pemerintah. Tapi anehnya, para artis keep silent.
Miris!",19 hours ago,,,,0
https://www.youtube.com/watch?v=r1DSH9AQXLU,Ugx9N8dknPC6AKCLLMZ4AaABAg,Youtube,@Beethoven-oi,Tone deaf final boss,19 hours ago,,,,0
https://www.youtube.com/watch?v=r1DSH9AQXLU,Ugwe6fYQhqbnxpxa7pd4AaABAg,Youtube,@nuruliftikhan6511,What is this nonsense? A tutorial for tone-deaf people? Kalau tone-deaf nggak usah ngajak2 orang Mba. Just keep your mouth shut !,19 hours ago,,,,0
https://www.youtube.com/watch?v=r1DSH9AQXLU,UgxzWGtJLGHpaDzx_oR4AaABAg,Youtube,@taufiqalghifari4439,Percuma mba Maudy kamu kuliah jauh-jauh ke Stanford tapi lulus dari sana ga bisa bersikap dengan situasi politik di Indonesia alias netral aja. Jadi sebenernya pendidikan kamu buat apa? Terlebih itu pake uang pajak kita loh :),19 hours ago,,,,1
https://www.youtube.com/watch?v=r1DSH9AQXLU,UgwiVmZKIsc_PKRaJMZ4AaABAg,Youtube,@maudyamalia2124,Wah ka Maudy mirip bgt sama artis luar siapa itu nama nya oh iya Gal Gadot,19 hours ago,,,,0
https://www.youtube.com/watch?v=r1DSH9AQXLU,UgyC-BQxo_uEGC0dbvZ4AaABAg,Youtube,@laudiinary,can’t relate😂 buat dptin udara dan air bersih gratis aja di negara ini susah! sekali lagi SUSAH!,19 hours ago,,,,1
https://www.youtube.com/watch?v=r1DSH9AQXLU,UgwkPqP32h_Lw6cNnIR4AaABAg,Youtube,@dianpratiwi6309,"enak banget emang kalau “cuma” jadi bad news, sementara di kebanyakan orang, semua yg terjadi di Indonesia sekarang adalah bad reality yg mereka harus telen sehari-hari.",19 hours ago,,,,0
https://www.youtube.com/watch?v=r1DSH9AQXLU,UgxzWGtJLGHpaDzx_oR4AaABAg.AagYyQ7ki9VAaiLWQ_glgW,Youtube,@galpakervgo3701,"Orang kaya tetap bisa menyampaikan argumen yang benar.
Dan orang miskin tetap bisa menyampaikan argumen yang keliru.
Jadi yang harus diuji adalah argumennya bukan orang nya ya kak",3 hours ago,,,,0
https://www.youtube.com/watch?v=r1DSH9AQXLU,UgyC-BQxo_uEGC0dbvZ4AaABAg.AagYXL3uSM1AagYfT2HHgj,Youtube,@laudiinary,maudy sama raditya tone deaf nya bener2 another level😅,19 hours ago,,,,0
https://www.youtube.com/watch?v=r1DSH9AQXLU,UgwyzbDZAxCOkKOeSYJ4AaABAg,Youtube,@slippydoor,tone deaf final boss,19 hours ago,,,,0
https://www.youtube.com/watch?v=r1DSH9AQXLU,UgyuKpmvwa0H-7S_2kZ4AaABAg,Youtube,@dianpratiwi6309,"kita emang punya pilihan untuk ignore bad news di Indonesia. tapi kita ngga bisa ignore penderitaan sesama mahluk Tuhan di negara yg kita tinggali. Kalau kita ngga bantu bersuara, lebih baik diem, ngga usah influence orang lain sok mindfullness apalah.",19 hours ago,,,,0
https://www.youtube.com/watch?v=r1DSH9AQXLU,UgwZgRLfcMnj7NOpD694AaABAg,Youtube,@keyhere11,"girl… mindfulness is not the same as being disconnected from reality, i get that everyone needs peace sometimes, but like… look around? things are literally not okay rn. you have such a huge platform, so i just wish you’d be a little more aware of what’s happening too. especially after the backlash you’ve gotten before for staying silent on serious issues. just feels a bit tone deaf tbh",19 hours ago (edited),,,,0
https://www.youtube.com/watch?v=r1DSH9AQXLU,UgzdN8R5c9ApuIICKKd4AaABAg,Youtube,@LiaLioish,"You’re allowed to protect your peace, to log off, to stop consuming things that overwhelm you. But please don’t confuse that with invalidating what other people are going through. For some people, these aren’t just “bad news” filling their timeline. This is their actual life. You don’t have to fix it, you don’t even have to know what to say. Just don’t make their suffering smaller so that your world feels lighter.",19 hours ago,,,,0
https://www.youtube.com/watch?v=r1DSH9AQXLU,UgytyiKQ8Q6J16HwV8Z4AaABAg,Youtube,@nanahaylor676,"Ini orang privilege, platform sama ilmunya bener² gak bermanfaat😂",19 hours ago,,,,0
https://www.youtube.com/watch?v=r1DSH9AQXLU,Ugyw9QLbnc31zQM8APB4AaABAg,Youtube,@helena2513,tone deaf😏,20 hours ago,,,,0
https://www.youtube.com/watch?v=r1DSH9AQXLU,UgyMCKu3xZlqixwZkSt4AaABAg,Youtube,@HaechanHoloSoon,Duta tone deaf Indonesia lagi bikin video di rumah mewahnya guys dengerinnnn,20 hours ago,,,,0
https://www.youtube.com/watch?v=r1DSH9AQXLU,Ugy-y5HTyjqAECcB36Z4AaABAg,Youtube,@syifaisnaini3074,"The audacity to talk about mindfulness, bcs the tragedy is merely just news to ya, while majority of ppl are actually living that ""bad news"".

Diabolical, especially after getting that fancy degree by sucking on people's blood and tears.

I used to praise you, tbh.
But showing off a lavish lifestyle, being proud of your ignorance while people who fund your degree can't breathe?
That's where I draw the line. 

I suppose you learned about Paulo Freire and bell hooks during your study, are those knowledge also merely some scratches on paper to you?",20 hours ago (edited),,,,0
https://www.youtube.com/watch?v=r1DSH9AQXLU,UgxGzCDxnuGrKa1l0Qh4AaABAg,Youtube,@MrKimiloh,"Hidup di menara gading dari kecil, gak akan pernah relate dia mah.",20 hours ago,,,,0
https://www.youtube.com/watch?v=r1DSH9AQXLU,UgyINJxoLhVWfamZy0d4AaABAg,Youtube,@rmdni6686,"Wkwkw privilege dari orok ngomongin mindfulness, lawak awowkwkwk🤣🤣",20 hours ago,,,,0
https://www.youtube.com/watch?v=r1DSH9AQXLU,UgzHADYjBT9ebLzIGn94AaABAg,Youtube,@zufee90,"Itulah kenapa language is powerful, Maudy. Dan kenapa dalam gerakan second-wave feminism ada kalimat terkenal, ""The personal is political"". Dalam pemilihan diksi, kita semestinya paham ada dimensi-dimensi di luar dari diri kita yang mengiringinya. Diksi²mu sepertinya lupa bahwa apa yang membuat kita kewalahan, merasa tidak berdaya, tidak terlepas dari semua hal² politis, kebijakan yang belum mampu membuat kita merasa tenang di ruang² pribadi kita. Itu, Maudy. Bagi saya, itu missing point-nya. Mengembalikan semuanya ke individu rasanya akan terpental ketika sistem di sekeliling kita carut marut. Bagi saya, sadari dan akui saja bahwa sistemnya yang salah. Sistemnya yang salah. Sadar posisi, sadar bahwa ada yang bahkan  belum bisa memenuhi kebutuhan dasar. I have always believed and will always believe that the personal is political. Bisa bergerak bebas atau terkungkung adalah hasil dari politis di luar kita. Thank you and have a good day, Maudy",20 hours ago (edited),,,,1
https://www.youtube.com/watch?v=r1DSH9AQXLU,UgzfsAI_9YSz0fU4stB4AaABAg,Youtube,@ErikaFebriAstuti,"Guys, have you watched the full video yet?

She’s not saying that we should ignore or avoid bad news. She suggests being selective about the sources we get our news from, coba tonton menit 7:30 ke belakang deh, Maudy mention “curate your information sources…” dan dia juga bilang yang dimaksud di sini bukan berarti menutup mata dari apa yang terjadi, tapi lebih memilih “particular sources” yang trusted. In the era of information overload in digital media, I think that’s relevant.￼

Instead of overreacting, coba luangkan waktu sejenak tonton menit 7:30 ke belakang. That’s actually good advice.￼",20 hours ago,,,,1
https://www.youtube.com/watch?v=r1DSH9AQXLU,UgxO5WY1scn9HM4EQ_F4AaABAg,Youtube,@florenceaaa,Banyak omon omon mbak. Kmu juga ga ada sikap speak up apapun.,20 hours ago,,,,0
https://www.youtube.com/watch?v=r1DSH9AQXLU,UgzYspZFl9uvfdSzMcx4AaABAg,Youtube,@laraskurnia1280,"Tone deaf ngajak-ngajak, memang silver spoon gak paham penderitaan wni. Kuliah pakai pajak rakyat Infonesia eh udah lulus ngajak tone deaf",20 hours ago,,,,0
https://www.youtube.com/watch?v=r1DSH9AQXLU,Ugwy7oKpwELhv3unmsd4AaABAg,Youtube,@riririsarianti4515,udh ilang respect sih dari dulu,20 hours ago,,,,0
https://www.youtube.com/watch?v=r1DSH9AQXLU,Ugx_1wPSZbYXkjZJyPd4AaABAg,Youtube,@zaynathaya6356,Oh ini yg rame tone deaf,20 hours ago,,,,0
https://www.youtube.com/watch?v=r1DSH9AQXLU,UgwDSX5tzB5Wf9OtU6h4AaABAg,Youtube,@willbeAlr1ght,punya privilege sih jadi tone deaf😂padahal apa salahnya sih bersuara speak up ttg semua kekacauan yg terjadi di Indonesia?? sesulit itu kah? atau emang mau main aman😂,20 hours ago,,,,0
https://www.youtube.com/watch?v=r1DSH9AQXLU,Ugy_nl7jCyKhO5U_6EZ4AaABAg,Youtube,@aurevenara,"lu cape liat bad news, tapi ini REALITY bagi rakyat. iya sih lu orang KAYA yang ga ngerasain apa yang kita rasakan. mereka yang di kalimantan itu untuk NAFAS aja susah. dan lagi ya gw ingetin lu itu LPDP pake uang RAKYAT. bisa lebih mindful lagi ga kedepannya. lu itu punya bisnis skincare yang positioning nya itu pake resource alami dari indonesia, bahkan ada salah ingredients nya itu dari kalimantan, setidaknya lu peduli kek atau at least pura pura peduli sama rakyat yang udah biayain kuliah lu itu. gue harap lu sadar akan PRIVELEGE yang lu punya dan stop jadi orang yang TONE DEAF",20 hours ago (edited),,,,3
https://www.youtube.com/watch?v=r1DSH9AQXLU,Ugx5YbPmSjyemz1fwA54AaABAg,Youtube,@jimsonweedss,"9:17 ""catching up with everything that's happening in the world"" tp gk pernah gw liat lu PRO palestina. gw gk oot ya, dia bilang world (dunia), tp dia abu-abu bngt soal palestina. oh silent reader pdhl impact gede. budeg",20 hours ago,,,,0
https://www.youtube.com/watch?v=r1DSH9AQXLU,UgzS7pUaAZ53JUfnuux4AaABAg,Youtube,@prabowoprabowo3415,Bilangin ke presiden lu dong,20 hours ago,,,,0
https://www.youtube.com/watch?v=r1DSH9AQXLU,UgzHADYjBT9ebLzIGn94AaABAg.AagVTI-8rMmAagW2XyuprO,Youtube,@zufee90,"Mungkin memang sudah saatnya untuk marah, untuk berontak, dan menuntut apa yang sudah menjadi hak dasar. Jika satu orang yang melawan hari ini menyerah dan berhenti, entah berapa banyak kesempatan hidup layak yang lenyap, dan bahkan berapa orang lagi yang harus bersusah payah hanya untuk memenuhi kebutuhan dasarnya. Boro² berpikir untuk liburan, menuhi makan sehari saja sudah membuat pusing. Tidak akan ada kesetaraan, sampai semua orang akhirnya bebas. 😊",20 hours ago,,,,0
https://www.youtube.com/watch?v=r1DSH9AQXLU,Ugy_nl7jCyKhO5U_6EZ4AaABAg.AagUBWRZR7nAagUNr3yDrE,Youtube,@willbeAlr1ght,kita rakyat juga maunya TIAP HARI DAPET GOOD NEWS. TP SIAPEEE YG BIKIN KITAA MAKAN BAD NEWS TIAP HARI? YA PEMERINTAH. si Maudy ini kalo gamau denger bad news salahin pemerintah. klo rakyat diem keenakan pemerintah dzalim. bgke bener pemikirannta,20 hours ago,,,,0
https://www.youtube.com/watch?v=r1DSH9AQXLU,Ugy_nl7jCyKhO5U_6EZ4AaABAg.AagUBWRZR7nAagVw1du19a,Youtube,@extinctbaryonyx," @willbeAlr1ght  "" TP SIAPEEE YG BIKIN KITAA MAKAN BAD NEWS TIAP HARI? YA PEMERINTAH"" 

Real. Literally Keracunan Makan karena pemerintah. #nomombg",20 hours ago (edited),,,,0
https://www.youtube.com/watch?v=r1DSH9AQXLU,Ugy_nl7jCyKhO5U_6EZ4AaABAg.AagUBWRZR7nAagUh1j6DbR,Youtube,@aurevenara,"dan ga ada kata MAAF sama sekali di klarifikasi itu maudy. gw sakit hati bgt liat orang yang tone deaf begini. jarang jarang komen di youtube sampe sepanjang ini, tapi sorry gue kesel bgt. maudy, lu bikin video begini in your nice house, fancy kitchen, making a breakfast with ingredients that some of us can not even afford. pas bikin video ini sadar ga sih kalau yang lu lakuin itu tone deaf, maudy?",20 hours ago (edited),,,,0
https://www.youtube.com/watch?v=r1DSH9AQXLU,UgwiHCRdVB3AIBhmxpR4AaABAg,Youtube,@kanyaanindita4461,"Hi, Gal Gadot ^_^ Ngomong gih ke para korban Karhutla yg kena ISPA, ke masyarakat Papua yang alamnya dihabiskan dan manusianya dibunuh aparat, ke para orang tua yg anak2nya kena racun MBG sampe sakit ginjal.",20 hours ago,,,,1
https://www.youtube.com/watch?v=r1DSH9AQXLU,Ugz6PjoMWPn4lPvS26V4AaABAg,Youtube,@riskybisky1127,"Kak saya tinggal di kalimantan, asap karhutla bukan lagi sekedar bad news tapi realita yang harus dihadapi tiap hari 😢.",20 hours ago,,,,0
https://www.youtube.com/watch?v=r1DSH9AQXLU,Ugw-Ku0M1oSYBtgHJWZ4AaABAg,Youtube,@frida8568,Sekarang aku mengerti POV individu yg tone deaf 😀,20 hours ago,,,,0
https://www.youtube.com/watch?v=r1DSH9AQXLU,UgxQkhmR_aFnyIetNup4AaABAg,Youtube,@jimsonweedss,"enak bngt ngomong ceplas ceplos sambil masak di kitchen set mewah dan duit tetap ngalir, set up konten lu udh salah duluan buat ngomongin kegagalan pemerintahan ke rakyat",20 hours ago,,,,0
https://www.youtube.com/watch?v=r1DSH9AQXLU,Ugx7b5KwZ9Vcrlb9bo14AaABAg,Youtube,@Stegoborawr,"Someone is right when they said not all Ivy League students are smart. Some of them just lucky whether they’re someone’s child, famous or wealthy 😅 here is the best epitome",20 hours ago,,,,0
https://www.youtube.com/watch?v=r1DSH9AQXLU,Ugytn9jBOI6HWE0Kijt4AaABAg,Youtube,@rief.2777,Kentut,20 hours ago,,,,0
https://www.youtube.com/watch?v=r1DSH9AQXLU,Ugx5M8SEAx33INgP3_94AaABAg,Youtube,@steffaniaad,7:33,20 hours ago,,,,0
https://www.youtube.com/watch?v=r1DSH9AQXLU,Ugy2nIFSaCazN62jVwt4AaABAg,Youtube,@geniusdork1476,"Maudy, you're an educated person. You have to realize that what you call ""negativity"" is really other people's reality. A lot of people can't choose to turn a blind eye on what's going on because it is happening to us. If Indonesia crashes and burns, you still have the privilege to turn away and live your peaceful life somewhere else. Millions can't do the same. We're stuck here. If it crashes and burns, so will we. Not everyone has the resources to start new. That's why we're always angry when the government messes up. This sh*t is tiring as hell, Maudy. Cussing the government for hurting our land and children is not something we do for fun. What you consider ""negativity on the internet"" are people's lives. You're smart. It takes no effort for you to be educated and use your platform and privileges for the greater good.",20 hours ago,,,,0
https://www.youtube.com/watch?v=r1DSH9AQXLU,Ugy8X3EbQzVPkXj5AVd4AaABAg,Youtube,@rifkass10,yah tone deaf,20 hours ago,,,,0
https://www.youtube.com/watch?v=r1DSH9AQXLU,UgyjSoJr6UH8faMALuN4AaABAg,Youtube,@FlaviaFlorentine,"Maudy knp dari dulu lebih suka main aman? Kalo ditanya kita juga capek tiap hari disuguhi berita jelek, bedanya kita ga punya pilihan selain ikut bersuara krn hidup kita sgt terdampak kebijakan2 ini. Maudy hidupnya nyaman, mau dimasukin desil 100, BBM subsidi dicabut pun santuy :(",20 hours ago,,,,0
https://www.youtube.com/watch?v=r1DSH9AQXLU,UgzfeB9GN_kL2SH96Rp4AaABAg,Youtube,@gummay_daily91,Budek,20 hours ago,,,,0
https://www.youtube.com/watch?v=r1DSH9AQXLU,Ugwno0xOxyjTaRcC_Kl4AaABAg,Youtube,@sarahzulaika6795,"For many of us this is not just news. How privilege of you who can ""step aside"" from that.",20 hours ago,,,,0
https://www.youtube.com/watch?v=r1DSH9AQXLU,UgxA41q3Hokec0gp00d4AaABAg,Youtube,@mokachinomohee,what a shame,20 hours ago,,,,0
https://www.youtube.com/watch?v=r1DSH9AQXLU,UgzwtI0H_gMaDFWy9VN4AaABAg,Youtube,@toppermana,"Menurut gua kembali ke Maslow hierarchy need


Tips Maudi ini bagus . Tapi untuk menegah ke atas

Tapi tips ini ga kena / ga relate sama teman2 kita yg terkenal dampak langsung , ekonomi Masih kurang , pangan sandan papan belum aman... 


Mindfullnes Dan stoicism gak akan jalan kalau besok mau makan apa aja susah atau bernafas aja susah karena asap",20 hours ago,,,,0
https://www.youtube.com/watch?v=r1DSH9AQXLU,Ugyz-HiYVDGNoS2R0294AaABAg,Youtube,@shifakhairina174,"udalah, sarapan aja lah kau maudy, just eat your rest breakfast!!! no more ""maudy thought"" pleaseeee... mintak tolong kali aku sekampung",20 hours ago (edited),,,,0
https://www.youtube.com/watch?v=r1DSH9AQXLU,Ugxi7UWeqJZTyBC3xOF4AaABAg,Youtube,@khairunnisafitri138,"Nir empati banget. Punya platform gede, tapi ga pernah dipake sedikitpun buat nyuarain suara rakyat yang tertindas. Padahal dulu kakak juga dapat beasiswa dati pajak rakyat indo. Malu dong kak harusnya",20 hours ago,,,,0
https://www.youtube.com/watch?v=r1DSH9AQXLU,Ugy1FBlx6N5RyBxJ7j94AaABAg,Youtube,@galserenade,gimane ye mod kan bad news juga orang orang borju kaya lu yang ngebikin coba lu lebih fokusin kasi tau sobat sobat borju lu supaya ga terus terusan bikin ketimpangan sosial biar kami orang orang menengah bisa nerapin mindfulness yang lu ajarin karena selama ini kami selalu ditindih atas bawah,20 hours ago,,,,0
https://www.youtube.com/watch?v=r1DSH9AQXLU,UgwspTXA3oox-MiHRpZ4AaABAg,Youtube,@alifiaputriyudanti9003,"kak, harusnya kamu malu sama titelmu yg didapatkan dr pajak2 kami. harusnya km gak mereduksi bad news itu sbg sesuatu yg mengganggu kehidupan shg perlu difilter dgn “mindfulness”. bad news itu sejatinya permasalahan struktural yg harus terus kita suarakan. kamu, dgn privilege yg kamu punya, platform besar juga dpt pendidikan tinggi yang menjulang, seharusnya membuat kamu bs lebih vokal utk amplify keadaan saudara2 kita yg jadi korban kekejaman rezim. bukan malah ngajak mindful dgn dalih otak manusia didesain utk mendengar bad news 😂. kamu enak kak, kl terdampak pun bs pergi ke luar negeri, smntr korban2 kekerasan struktural ini gak bs ke mana2. coba kl sblm bikin konten liat dr sisi temen2 yg terdampak gitu kak, jgn apa2 lihatnya dr pov menara gading terus. meringis bgt liatnya kl lulusan hasil dr pajak malah mereplikasi pola komunikasi rezim kyk gini",20 hours ago,,,,0
https://www.youtube.com/watch?v=r1DSH9AQXLU,UgxVSVyyEhfha9v2KFJ4AaABAg,Youtube,@NoName-lt3wf,LU CUMA NGANGGEP INI SEBAGAI BAD NEWS?,20 hours ago,,,,0
https://www.youtube.com/watch?v=r1DSH9AQXLU,UgxlH3eAHctfPrmhZ014AaABAg,Youtube,@NoName-lt3wf,DASAR BUDEK,20 hours ago,,,,0
https://www.youtube.com/watch?v=r1DSH9AQXLU,UgzfsAI_9YSz0fU4stB4AaABAg.AagVQ5rOsPPAagXe5Y6XAT,Youtube,@liasmic,tp speak up ga dia soal isu” akhir2 ini? tidak.,19 hours ago,,,,0
https://www.youtube.com/watch?v=r1DSH9AQXLU,UgwiHCRdVB3AIBhmxpR4AaABAg.AagT1jTNflnAah8H_HnJrV,Youtube,@maulanasabrangamirullah7813,that gal gadot JAILLLLLLLLLL 🤣,14 hours ago,,,,0
https://www.youtube.com/watch?v=r1DSH9AQXLU,Ugwc7qQI7azFNNTAYv94AaABAg,Youtube,@NoName-lt3wf,"Kamu itu sama aja lagi ngajak org2 untuk nutup berita2 buruk supaya org2 ga denger.
Apus aja deh video lu yg ini
Diem aja deh",20 hours ago,,,,0
https://www.youtube.com/watch?v=r1DSH9AQXLU,UgywQIU1WVzHx79Rogd4AaABAg,Youtube,@yoghyputra5699,"Tone deaf gak habis2, lau mah enak tidur kerja di ruangan ac central, shooting iklan bentar langsung dapat milyaran, makan tinggal makan, pergi ke mana aja tinggal pake supir mobil mevvah, ya jelas gak bakal terdampak sm bad news lah 😅",20 hours ago,,,,0
https://www.youtube.com/watch?v=r1DSH9AQXLU,Ugy8DoRDWLcb98n0EEV4AaABAg,Youtube,@no0tif__off00,Yha begitulah kawan2. Faktanya emg kemampuan finansial seseorang itu ngaruh ke gimana nanggepin bad or good news.,20 hours ago,,,,1
https://www.youtube.com/watch?v=r1DSH9AQXLU,UgzsSZ9YTqow7NFFtxx4AaABAg,Youtube,@NurmaDela,"Emang paling benar itu, harus merasakan kondisi orang dulu baru bisa empati ya, dsri kecil privilagenya ngak main main, tapi tone deaf banget jadi orang",21 hours ago,,,,0
https://www.youtube.com/watch?v=r1DSH9AQXLU,UgxX8t-0c3nMpgKv4sp4AaABAg,Youtube,@pineapple4570,kalo punya duit mah bisa ya dy,21 hours ago,,,,0
https://www.youtube.com/watch?v=r1DSH9AQXLU,UgzR8YXI00hxIUXdfDh4AaABAg,Youtube,@NurmaDela,"Kak kamu pake lpdp aja aku kecewa banget, emang lpdp itu untuk orang pintar, tapi setau aku banyak tesnya dan tes perlu duit, makanya kebanyakan anak yang lulus lpdp selain pintar ya berduit wkwkwk, padahal kamu banyak duit dan kamu juga kerja, bisa kali kamu kuliah pake uang kamu dan keluargamu sendiri bukan uang pajak. Nah ini makin ngak respek dengan konten tone deaf kamu. Kalau kamu baca, semoga kamu lebih empati aja lagi.",21 hours ago,,,,0
https://www.youtube.com/watch?v=r1DSH9AQXLU,UgwIIoyKN1221-ADaud4AaABAg,Youtube,@NurmaDela,"Jujur kecewa, realita kamu beda sama yang di rasakan banyak orang",21 hours ago,,,,0
https://www.youtube.com/watch?v=r1DSH9AQXLU,UgxhyMLeQicFkAvhr_B4AaABAg,Youtube,@Xdsunx13,mindfulness di tengah-tengah kondisi negara yang kacau balau itu namanya bukan mindfulness ya kawan-kawan. itu namanya self exploitation dan depolitisasi. rezim pasti suka nih kalau masyarakatnya hobi mereduksi persoalan struktural menjadi persoalan individual.,21 hours ago,,,,0
https://www.youtube.com/watch?v=r1DSH9AQXLU,UgyXwiG2jOG1_qR_ZON4AaABAg,Youtube,@gadlidzaa,"for you its bad news, but for some people its a bad REALITY, aku, kami semua juga merasa overwhelmed, tapi kami bisa apa selain tetap bersuara? km bukan yang merasakan reality itu, maudy, that is why you can think like this, and jgn lupa kalo nama product km from THIS island 😂",21 hours ago,,,,0
https://www.youtube.com/watch?v=r1DSH9AQXLU,UgwruddYzVP6endrB8J4AaABAg,Youtube,@endgamefond,Girl you're rich and were asking for a scholarship and getting it. Good for you!,21 hours ago,,,,0
https://www.youtube.com/watch?v=r1DSH9AQXLU,UgzOiFo1ov0CoBlSoa14AaABAg,Youtube,@dearbliss9890,Dian Sastro lil sistur,21 hours ago,,,,0
https://www.youtube.com/watch?v=r1DSH9AQXLU,Ugy45WgSVoxzV41OUot4AaABAg,Youtube,@winteukimm432,"Bayangin orang diluar sana struggle besok harus makan apa, eh ni orang bingung sama “mindfulness” dia. Kalo ngerasa prioritasmu gak sama sama mereka mending diem",21 hours ago,,,,0
https://www.youtube.com/watch?v=r1DSH9AQXLU,Ugx4MGe60zmffgY4Cjx4AaABAg,Youtube,@rayisincrisis,Imagine being so detached from the people who pay for your ivy league education,21 hours ago,,,,0
https://www.youtube.com/watch?v=r1DSH9AQXLU,UgyL1zDL-c-uWk1D1aF4AaABAg,Youtube,@Tyramishu,"TONE DEAF FINAL. PERCUMA PINTER, EMPATI GA JALAN.",21 hours ago,,,,0
https://www.youtube.com/watch?v=r1DSH9AQXLU,UgyLUQ8lak8dlgzec314AaABAg,Youtube,@ddalgi115,"nanya dong, kalo misalkan semua hal yang kamu kategorikan sebagai ✨BAD NEWS✨ disini menimpa kamu dan keluargamu secara langsung, apa kamu masih bisa bikin video so called mindfulness macem ini?",21 hours ago,,,,1
https://www.youtube.com/watch?v=r1DSH9AQXLU,UgydtnwwPP58hvOF-ZB4AaABAg,Youtube,@EvanKristanto,Parah kamu maudy,21 hours ago,,,,0
https://www.youtube.com/watch?v=r1DSH9AQXLU,Ugy2duKkr4GEN0j8n294AaABAg,Youtube,@bellaangel9898,TONE DEAF FINAL BOSSS GIRLLLLLL🫶🫶🫶🤍🤍,21 hours ago,,,,0
https://www.youtube.com/watch?v=r1DSH9AQXLU,UgyTCgCeNTVfHpDy-fh4AaABAg,Youtube,@taemoritaem,"oh wow, you really have such a fun life. Apakah dia antek antek",21 hours ago (edited),,,,0
https://www.youtube.com/watch?v=r1DSH9AQXLU,UgwzYsUWFrKOzv4bvdp4AaABAg,Youtube,@gingerkim9231,"It’s completely valid to feel overwhelmed by everything happening, but we can't just ignore reality. With a reach as big as yours, being this out of touch is disappointing. You could be using your power to bring attention to an actual crisis where people are literally suffering every day, so tone deaf it’s actually painful to watch.",21 hours ago (edited),,,,0
https://www.youtube.com/watch?v=r1DSH9AQXLU,UgyLUQ8lak8dlgzec314AaABAg.AagNjJioVtOAagOQLJWHs7,Youtube,@ddalgi115,"karena menurut kamu mungkin itu cuma NEWS, tapi bagi orang lain diluar sana itu REALITY. capek itu wajar, gw juga kalo udah overwhelmed ya memilih menepi sebentar, tapi menurut gw gaperlu lah upload video macem ini saat situasinya semua orang lagi teriak minta tolong, maksud gw kok bisa sampe hati gituloh 😢",21 hours ago,,,,0
https://www.youtube.com/watch?v=r1DSH9AQXLU,Ugy7iCGjc2JYBMmXaYN4AaABAg,Youtube,@estitikaika2315,"saking enaknya hidup sampe bisa milih buat ga nontonin berita2, oh wow",21 hours ago,,,,0
https://www.youtube.com/watch?v=r1DSH9AQXLU,UgykGT2rNEfPc7aHsAp4AaABAg,Youtube,@bruh-vu2pd,apa yang di harapkan sama orang yang dari sd nya aja di sekolah inter lol,21 hours ago,,,,0
https://www.youtube.com/watch?v=r1DSH9AQXLU,UgywivyuVQLSLxJRrlh4AaABAg,Youtube,@imeldapramita,"We’re really sorry that our harsh reality has become your bad news, making you anxious while we’re the ones struggling to survive it. 🙏",21 hours ago,,,,0
https://www.youtube.com/watch?v=r1DSH9AQXLU,UgyPAvqquToxwZZoDPx4AaABAg,Youtube,@MrHidrogen01,"Oh iya mohon maaf sekali kak maudy kalo kesulitan masyarakat indonesia membuat makan, tidur, dan mentalmu terganggu",21 hours ago,,,,5
https://www.youtube.com/watch?v=r1DSH9AQXLU,UgxhPzXc3vr16ZBrdHR4AaABAg,Youtube,@RizkiIrawan1303,Indonesian gal gadot……,21 hours ago,,,,0
https://www.youtube.com/watch?v=r1DSH9AQXLU,Ugwxt5zPwqk3yULarY54AaABAg,Youtube,@dimmerlights,tonedeaf ya anjir maudy:),21 hours ago,,,,0
https://www.youtube.com/watch?v=r1DSH9AQXLU,UgxKMIl-rFZF-4iNaFh4AaABAg,Youtube,@winterwish-i6f,i'am sorry that our bad reality is a bad news for you ya kak. hoping you figure that out well while we will do anything to keep surviving under the regime's era ya,21 hours ago,,,,0
https://www.youtube.com/watch?v=r1DSH9AQXLU,UgzP5FcrlHvhq33_U7Z4AaABAg,Youtube,@chalidazia8416,Wow. Tone deaf queen👏🏻,21 hours ago,,,,0
https://www.youtube.com/watch?v=r1DSH9AQXLU,Ugyop9_6Q4PkF8sH8Bp4AaABAg,Youtube,@IstiAfifah,"Hahaaaa...this tone deaf woman. Sayangnya yang jadi bad news buat kamu itu realita bagi sebagian besar orang kak. Gak bisa kita filter atau skip kalau gak mau baca atau dengar. Coba rasain gimana yg sesak napas karena karhutla, antri bbm berjam2, kena pemadaman listrik bergilir, susah air bersih, yang kemarin habis kena gempa juga. Sekali2 empatinya di pake dong",21 hours ago,,,,0
https://www.youtube.com/watch?v=r1DSH9AQXLU,UgwAVpNZM_7iorb16Fx4AaABAg,Youtube,@BukuMenulis,pengin deh hidupnya kayak kamu yang ga perlu mikirin dan merasakan bad news 😞,21 hours ago (edited),,,,0
https://www.youtube.com/watch?v=r1DSH9AQXLU,Ugy_Bc_vEzcv20tYArF4AaABAg,Youtube,@Chilsols21,"I understand that you meant well with this video, and honestly, mentally speaking, you gave some really good tips with regard to curating the information you receive to not get thrown off by inaccurate sources. However, I can’t help but feel like this video is out of place in Indonesia’s current state. While it might not have been your intention, this video is essentially treating the suffering of others  as a psychological distress that needs to be compartmentalised. The “bad news” you speak of is the day-to-day reality for millions of people. Yes, negative information can be all consuming and it’s okay to not let yourself get carried away as long as you’re staying educated, but this really isn’t advice relevant for the majority of the public. As a Stanford graduate funded by a government body, you have a responsibility to do good for the people and use your platform being mindful of those who look up to you and your content.",21 hours ago,,,,0
https://www.youtube.com/watch?v=r1DSH9AQXLU,Ugyp68uKAqHvy3CUMqJ4AaABAg,Youtube,@suciputik5522,"Karena kamu hidup gapernah rasain susah, mungkin kamu pelihara hewan, hewan-hewan kamu gak pernah ngerasain ketakutan. Jadi kamu bertindak seperti ini. Honestly, aku dulu iri dengan kamu, I wanted to be like you so badly, got a pretty face, high education, handsome husband, wealthy family but now no! Untuk apa itu semua? Kalau masalah seperti ini aja kamu jadi an ignorant people :)",21 hours ago (edited),,,,0
https://www.youtube.com/watch?v=r1DSH9AQXLU,UgxNfWp6RXPQqzXhmt94AaABAg,Youtube,@romancesdawn,"yeah it SURELY would be nice to be able to just scroll away things that stress you out and disturb your mindful living practice. we, other people out here, are living that exact disturbance btw.",21 hours ago,,,,0
https://www.youtube.com/watch?v=r1DSH9AQXLU,UgwO8iyiL2slVdYiTyZ4AaABAg,Youtube,@anyanyos6296,"Saya personal nonton tentang penjelasan Maudy di sini ga ada yg salah. maksudnya bad news akhir-akhir ini jujur menguras hati dan emosi dan marah juga. Dia ngejelasin kalau otak kita ga setiap hari mewajibkan kalau menerima informasi datang dari banyak arah itu. Semakin banyak kita ini mendapat informasi yg sebenarnya bisa kita kendalikan, semakin banyak informasi itu mengontrol pola pikir kita. Mungkin yg dimaksud Maudy adalah kita kasih batasan untuk informasi yg kita baca setiap hari, mungkin dengan langkah Maudy sendiri mencari informasi dari sumber yg terpercaya, yg narasinya ga dilebih-lebihkan, kasih jeda kapan nih kita baca artikel ini kapan enggak. Karena jujur apa yg kita baca itu, mempengaruhi pola pikir. Mau itu bacaan semacam novel, cerita pendek, berita itu benar-benar berpengaruh ke pola pikir kita. Pesan yg Maudy sampaikan hanya ngasih batasan guys, bukan tone deaf yg benar-benar ga peduli. buat kesehatan diri sendiri juga, jadi ya disortir nih wah case yg ini perlu kita baca apa ni (dilihat sumbernya), sebabnya kenapa, kok bisa terjadi, terus berpikir akan solusinya gimana yg seharusnya baik ya? Itu aja..",21 hours ago,,,,0
https://www.youtube.com/watch?v=r1DSH9AQXLU,UgyhULUh955Q2t6BNIR4AaABAg,Youtube,@honeyntea139,"Mindful mindful, ngomong sih enak kalau lu memang dari orok kaga pernah susah dan penuh privilege",21 hours ago,,,,0
https://www.youtube.com/watch?v=r1DSH9AQXLU,UgxC91OBspLWo7NzRqJ4AaABAg,Youtube,@almiraamrin,"Hai Maudy, kan kamu suka baca, semoga semua komentar orang-orang di sini yang sudah sangat kamu kecewakan dan sakiti—benar benar kamu baca dengan baik ya. Please have some empathy. Good luck on your mindfulness!🙂👍",21 hours ago,,,,0
https://www.youtube.com/watch?v=r1DSH9AQXLU,Ugy3PHqANHBNBxDZIh54AaABAg,Youtube,@immortanjoe124,"BERUNTUNGLAH ELO CUMA DAPET BAD NEWS NYA DOANGG, BUKAN BAD EXPERIENCE NYA JUGAAA. 😁🙏",21 hours ago,,,,0
https://www.youtube.com/watch?v=r1DSH9AQXLU,UgzQEFyFxQxUPLgUTJx4AaABAg,Youtube,@Ikfirsiwidi,"Ah elah luuuu. Overwhelmed karena bad news back to back tapi ngomong di rumah enak nyaman mewah.
Noh pada ngirup asep tiap hari dari bocil sampe lansia noh suruh mindfull pada mau kagak.
.
Tanah mana sing yang u tapak, heran deh 😂",21 hours ago,,,,0
https://www.youtube.com/watch?v=r1DSH9AQXLU,Ugz77JM09ApFyxLbLRR4AaABAg,Youtube,@widyasl,"Masih untung itu cuma bad news buat kamu, bagi banyak orang itu adalah realitas hidup mereka sehari-hari, mereka gak punya opsi mindfulness itu",21 hours ago,,,,0
https://www.youtube.com/watch?v=r1DSH9AQXLU,Ugy6tboCfIsAy5UwrnB4AaABAg,Youtube,@kiki-h9i8k,kuliah pake uang rakyat aja gini lu,21 hours ago,,,,0
https://www.youtube.com/watch?v=r1DSH9AQXLU,Ugy8DoRDWLcb98n0EEV4AaABAg.AagQawb2OGvAaiCzmzqk-k,Youtube,@Tsp615,"Mungkin ngaruh, tp ga semua, contohnya cinta laura",4 hours ago,,,,0
https://www.youtube.com/watch?v=r1DSH9AQXLU,UgyPAvqquToxwZZoDPx4AaABAg.AagLToyblNIAai8UHg8VIS,Youtube,@LeedaOfficial,Enak ya kalo jadi orkay bisa menciptakan bubble sendiri yang penting cukup duitnya,4 hours ago,,,,0
https://www.youtube.com/watch?v=r1DSH9AQXLU,UgyPAvqquToxwZZoDPx4AaABAg.AagLToyblNIAai1llKi8R1,Youtube,@elissaandriyani8207,"Awkkwkw literally, what privilege kid right",5 hours ago,,,,0
https://www.youtube.com/watch?v=r1DSH9AQXLU,UgyPAvqquToxwZZoDPx4AaABAg.AagLToyblNIAai5fU50MMX,Youtube,@dapurbapak91,"Duh padhal aku ngefans dia, skrg kok ilfil ya.",5 hours ago,,,,0
https://www.youtube.com/watch?v=r1DSH9AQXLU,UgyPAvqquToxwZZoDPx4AaABAg.AagLToyblNIAaiVpkes_oW,Youtube,@kakakuwarx7779,Ogah minta maaf. Minta balikin duit LPDP nya.,1 hour ago,,,,0
https://www.youtube.com/watch?v=r1DSH9AQXLU,UgyPAvqquToxwZZoDPx4AaABAg.AagLToyblNIAahteg4AlwF,Youtube,@dontsaypoop,":"""""""""""")",7 hours ago,,,,0
https://www.youtube.com/watch?v=r1DSH9AQXLU,UgyWaw6oglaeBKK0MKB4AaABAg,Youtube,@nanadyapp,"Bagi kamu itu hanya sekedar ""Bad News"" ngerasa ""Mewek Nangis Marah"". Tapi dibalik itu ada Manusia yg sedang memperjuangkan hidupnya, dan mereka butuh KITA untuk bersuara, bukan TONE DEAF.",21 hours ago,,,,0
https://www.youtube.com/watch?v=r1DSH9AQXLU,UgwAm_r03EfsiUl_1I94AaABAg,Youtube,@kiki-h9i8k,yhaa maaf deh kak kalo kehidupan kami cumq jadi bad news yang mengganggu mindfulness kamu🥹🥹🥹,21 hours ago,,,,0
https://www.youtube.com/watch?v=r1DSH9AQXLU,UgwYWeNs1_irQDcg6LR4AaABAg,Youtube,@naoto.tatsumi,dia mah enak cuma denger sama liat bad news while lot of them are the bad news themselves.,21 hours ago,,,,0
https://www.youtube.com/watch?v=r1DSH9AQXLU,UgzBZcTztK_T-c45TFB4AaABAg,Youtube,@hanahakuna8887,"I live and growing up in States almost my whole life, but i chose to be aware, loud and whatever i could do. I feel like sh!t sometimes ga bisa ngapa2in buat keluarga dan teman2 di Indonesia, i feel like sh!t many times if i could breath in fresh air and have clean environment, i feel like sh!t… meanwhile, you, with the privilege as a public figure, education and surrounded by great networkings, choose to be a ‘tone deaf’ af person, mind your own mindfulness. 

It’s a bad news for you, but it’s BAD REALITY FOR THEM.",21 hours ago,,,,0
https://www.youtube.com/watch?v=r1DSH9AQXLU,Ugz1Zz5pB5lMevkGvnl4AaABAg,Youtube,@moillyhulluqy1386,TONE DEAF,21 hours ago,,,,0
https://www.youtube.com/watch?v=r1DSH9AQXLU,UgwR86vJknWrgiv9cAR4AaABAg,Youtube,@padmaldr71,Aku unsubs dia. Syg sekali idola yg mengecewakan,21 hours ago,,,,0
https://www.youtube.com/watch?v=r1DSH9AQXLU,UgxK58ne3EPjxSeBJPd4AaABAg,Youtube,@earlyva,you’re business line is literally depending on something that requires you to be vocal loh kak? omg coba napak tanah kak,21 hours ago,,,,0
https://www.youtube.com/watch?v=r1DSH9AQXLU,Ugw0WHD7tn_US7YraOB4AaABAg,Youtube,@Noname-je2iv,"kak, padahal kamu sampe dapat beasiswa di luar negeri yg dananya diambil dari pajak loh kok bisa ya keluar video se tone deaf ini?",21 hours ago,,,,0
https://www.youtube.com/watch?v=r1DSH9AQXLU,UgxpZBaqNDgpjN8olpx4AaABAg,Youtube,@nauranazifah213,"Teman-teman kita yang terdampak dan jadi korbam karhutla di Kalimantan, gempa NTT, dan lain-lain juga kalau PUNYA PILIHAN untuk TIDAK MEMIKIRKAN itu semua juga pasti MAU. Tapi mereka gak punya pilihan selain merasakan dan mengalami itu. Such a shame, Maudy.",21 hours ago,,,,0
https://www.youtube.com/watch?v=r1DSH9AQXLU,UgywGhetLxw_FvmHPNF4AaABAg,Youtube,@Hadibowono,"Tone deaf gak napak tanah, semoga di akhirat Allah alihkan semua dosa keluarga mereka yang lo anggep ""bad news"" ke lo dan keluarga lo & seluruh keturunan lo",21 hours ago,,,,0
https://www.youtube.com/watch?v=r1DSH9AQXLU,UgzlNXhj6wYw_HLKLFR4AaABAg,Youtube,@natahirae,"iya maudy, kamu mah enak cuma anggap “bad news” tapi diluar sana ada yg beneran ngerasain hal itu, bad experience nya yang kamu denger sebagai bad news itu… kalo kamu gabisa napak tanah mendingan jangan ajak orang lain untuk ikutan tone deaf.. cukup diem aja wkwkwk",22 hours ago,,,,0
https://www.youtube.com/watch?v=r1DSH9AQXLU,UgzqCpAj7q5m_cvg5Np4AaABAg,Youtube,@khairiu28,"You should've change the title to ""neverMINDFULNESS"" instead🫤.

Napak tanah neng wkwk😅",22 hours ago,,,,0
https://www.youtube.com/watch?v=r1DSH9AQXLU,UgwCuKwQO2v1TKlyyRp4AaABAg,Youtube,@Anndddraa,Kecewa sih harus nya dengan kapasitas dan platform besarmu bisa dipakai buat menyuarakan tapi kamu memilih jadi tone deaf. Enak ya hidupnya nggak ke usik jadi bisa menutup diri paling nanti kalau udah bisnis nya kesenggol baru ngerasain deh.,22 hours ago,,,,0
https://www.youtube.com/watch?v=r1DSH9AQXLU,UgyeY5LZM6jd7nmyvNF4AaABAg,Youtube,@generalchico13,oh my god shut up,22 hours ago,,,,0
https://www.youtube.com/watch?v=r1DSH9AQXLU,UgytxnMRFTCd1YFV9794AaABAg,Youtube,@wonufm6962,"Huft honestly it's disappointing that kind of statement coming out from you, maudy. For you it's just a news, for MOST of us it's the reality. Bagi kamu, kamu cuma baca udah se-stress itu gimana bagi kebanyakan dari kita yang harus menghadapi realitanya? you are one of the LPDP awardee, bukankah harusnya kamu malu punya this kind of statement? at least, using your platform to speak up about the issues happening in Indonesia and criticize the government when their policies and actions are failing people. Your product itu ambil buah tengkawang dari kalimantan bukan? diambil dari alam indonesia yang terdampak loh. Punya kemampuan untuk bikin video ini lebih baik buat naikin lagi awareness tentang bobroknya pemerintah menanggapi hal-hal ini, harusnya kamu bisa lebih mengkritisi... kalo seperti ini kesannya kamu cuma eksploitasi mereka buat product kamu, for your own business, bukan 'mengenalkan' kekayaan alam yang kamu bilang itu. 

But with all that privileges, you choose to encouraging people to “reject” the bad news because it’s too negative. Cuz once you stop talking about it, pemerintah makin gak peduli maudy. Eh apa kamu pernah menyuarakan keresahan rakyat Indonesia ya? It's better to you to shut up aja deh semua orang jg stress maudy, emosinya mau dikelola gimana pun kalo pemerintah Indonesia gak berbenah ya tetep stress. tks :/",22 hours ago,,,,0
https://www.youtube.com/watch?v=r1DSH9AQXLU,UgxpPq4-DTmAYaizC714AaABAg,Youtube,@toraorange,"Ya kalo bisa gaada bad news sih kita seneng yak, lah masalahnya ini emang lagi banyak bad news di negara kita dan EMANG HARUS DIBAHAS TERUS-MENERUS. Enak banget ya kalo punya privilege gini tapi jadi tone deaf. Shame on you.",22 hours ago,,,,0
https://www.youtube.com/watch?v=r1DSH9AQXLU,Ugxm78UfJJaXd13C3nB4AaABAg,Youtube,@heisenbergg1851,"I wish aku bisa punya POV begini.. Jadi org yg sekaya ini, bisa nganggep bad news itu sekedar.. ya bad news
Meanwhile i’m living the news..",22 hours ago,,,,0
https://www.youtube.com/watch?v=r1DSH9AQXLU,UgxTrIHJeivadsuCxUB4AaABAg,Youtube,@syfrsr,tone deaf,22 hours ago,,,,0
https://www.youtube.com/watch?v=r1DSH9AQXLU,Ugyb872xlVVf1BEXfqx4AaABAg,Youtube,@ciciliagyu,"Seeing comment ""You'll probably do the same if you were her""
Masalahnya dia ini bukan lagi minding her own business tapi bener bener ngajak yang lain untuk ""segapeduli itu"" 

Imagine asking people to ""block bad news"" disaat ada orang-orang yang terbantu dengan adanya ""news"" ini. Smh !!

-",22 hours ago,,,,0
https://www.youtube.com/watch?v=r1DSH9AQXLU,UgyUpjtrXL1RCpp1Vwp4AaABAg,Youtube,@yudhaprawira8890,Ga expect bad news juga bisa berdampak ke psikis kakak (Ini kan yg mau lo dengar???),22 hours ago,,,,0
https://www.youtube.com/watch?v=r1DSH9AQXLU,Ugzr3uWY79bH8fpvhNx4AaABAg,Youtube,@Penjinak_nuklir,Narcicist and Performative Final Boss 🥀,22 hours ago,,,,0
https://www.youtube.com/watch?v=r1DSH9AQXLU,Ugx5CFUs4fczwYHf64t4AaABAg,Youtube,@amarrr89,Berhenti ngeganggu a princess' life gue dengan realita hidup lu yang gue ga bisa relate,22 hours ago,,,,0
https://www.youtube.com/watch?v=r1DSH9AQXLU,UgyTZpn-mYr4ZoYHgnN4AaABAg,Youtube,@TakasakiNozomi,tone deaf,22 hours ago,,,,0
https://www.youtube.com/watch?v=r1DSH9AQXLU,UgzhF9mWoaKHVsGcmkF4AaABAg,Youtube,@DYSTORSYPART1,"Iyaaa deh kak, maaf kalau bad news dikalangan kami malah ganggu kehidupan mindfulnes mu itu. TONE DEAF BANGET HERAN",22 hours ago,,,,0
https://www.youtube.com/watch?v=r1DSH9AQXLU,Ugw7lJYizF4HikulSpt4AaABAg,Youtube,@rdtl_nana6412,"Ngomongin mindfulness tp lu ga mindfulness sm penderitaan yg dialamin oleh rakyat yg hidupnya ga enak kyk km tp dihisap tiap harinya lewat pajak oleh nih negara. Orng kayak kamu itu, harusnya bs sedikit saja simpatik dengan warga yg skrng lg kesusahan. Bs dengan nyebarin jg berita biar followers lu jg liat, tp bkn malah bikin followers lu diem aja liat kondisi negara yg gila banget ini. Minimal kalo lu ga simpatik, lu bisa diem aja deh.",22 hours ago,,,,0
https://www.youtube.com/watch?v=r1DSH9AQXLU,UgyMsX8CMVrlV4tvFhp4AaABAg,Youtube,@ElvanSopyan,yha maap deh kaaaak kalo kehidupan sehari hari kami cuma jadi bad news yang mengganggu mindfulnes kamuuuu,22 hours ago,,,,0
https://www.youtube.com/watch?v=r1DSH9AQXLU,UgzcbisDIVG574R6V494AaABAg,Youtube,@vvvvvvvvvidya,"heh maudy, menurut lo ini bad news tapi buat kita yang ngalamin ini adalah bad reality. DUH napak tanah deh",22 hours ago,,,,0
https://www.youtube.com/watch?v=r1DSH9AQXLU,Ugwa0kU4evIywJ_o7Jx4AaABAg,Youtube,@Iionelmessi,tone deaf ternyata yaaa 😂,22 hours ago,,,,0
https://www.youtube.com/watch?v=r1DSH9AQXLU,UgzkUiJjc9_Ts12q25p4AaABAg,Youtube,@faisalarh,"Thoughts and Prayers for .... (isi sendiri)

*thats enough for performative social activisim from you",22 hours ago,,,,0
https://www.youtube.com/watch?v=r1DSH9AQXLU,UgxQnsc-4GldRjm0Pjd4AaABAg,Youtube,@acheche6779,Don’t mask the tone-deafness with mindfulness 😊,22 hours ago,,,,0
https://www.youtube.com/watch?v=r1DSH9AQXLU,UgxoCtNCK58EARt-LEB4AaABAg,Youtube,@silentreader77,"Princess Tone Deaf sesungguhnya, don't wonder why your movie Para Perasuk flopped",22 hours ago,,,,0
https://www.youtube.com/watch?v=r1DSH9AQXLU,Ugw6vxLch_OJO87pYjd4AaABAg,Youtube,@bilsabilaaw,"TONE DEAF, GA NAPAK TANAH.",22 hours ago,,,,0
https://www.youtube.com/watch?v=r1DSH9AQXLU,Ugz7f99M8yZrX-n5st54AaABAg,Youtube,@taetaekim1409,"Eh maudy brand lu aja bahannya dr Kalimantan ya, lu blocking bad news???? Harusnya lu yang paling ngotot tentang semua yang terjadi. Dasar orang kaya gak napak tanah",22 hours ago (edited),,,,0
https://www.youtube.com/watch?v=r1DSH9AQXLU,UgwVMvdA_V1JlCj6zR54AaABAg,Youtube,@intancahyagemilang8733,"If you don't want to use your platform to actually speak up for people who are living through these struggles, that's your choice. But maybe don't use that same platform to talk about how to protect your sanity from being “consumed” by hearing about their suffering.

Because lucky you, I guess, that political issues, economic struggles, and natural disasters are just “bad news” you can take a step back from. For some people, it's not something they can mute, log off from, or take a break from. It's their actual reality.

Must be nice to experience someone else's suffering as something that annoyed your sanity and mindfullness, Maudy.",22 hours ago,,,,0
https://www.youtube.com/watch?v=r1DSH9AQXLU,Ugz_l7KHGSMMHQFCM994AaABAg,Youtube,@dbrhdbrh,"Sekolah sampe oxford dan standford gak menjamin seseorang gak tone deaf. Karena emg yg paling penting itu kesadaran kelas dan empati. Orang2 privilege kaya maudy ini emang susah memiliki kesadaran kelas karena hidupnya selalu enak. Bad news buat dia adalah bad reality buat orang lain. Saran buat maudy, kepintaran yg kamu miliki bak tong kosong nyaring bunyinya kalau kamu gak punya kesadaran kelas. Banyak2lah bergaul dengan aktivis2 akar rumput, dan berdoalah semoga empati mu tidak salah tempat.",22 hours ago,,,,0
https://www.youtube.com/watch?v=r1DSH9AQXLU,UgzGzUQZwaxiGBqehY54AaABAg,Youtube,@heidyjane4323,I used to be your fans but this is just pure tone deaf. Sorry.,22 hours ago,,,,0
https://www.youtube.com/watch?v=r1DSH9AQXLU,UgyOSKX1jVQRAe6Jcf54AaABAg,Youtube,@nadyanatasya862,It's a bad news for you but a bad reality for a lot of people. Tone deaf final boss.,22 hours ago,,,,0
https://www.youtube.com/watch?v=r1DSH9AQXLU,Ugyw2MEYudC2IjAF2Kl4AaABAg,Youtube,@devinadwikristanti3990,"i hate you, no . i really disappointed.",22 hours ago (edited),,,,0
https://www.youtube.com/watch?v=r1DSH9AQXLU,Ugxphbe7eDjCIIkUIK94AaABAg,Youtube,@kiwitabi,"i feel like i can understand where’s your input for this. tapi, the bad news yang kamu bilang “gaperlu dilihat untuk ke 15x nya” itu nggak selalu relevan untuk semua bad news. let’s say body insecurity untuk beauty standard. orang-orang yang promotes harus stay under 50kg is beauty and pretty misalkan. we can DECIDE to NOT look at this trend/news for the 15th times if its CAUSED you hunger and starve yourself. this kind of bad news, bad influence, you name it itu relevan dengan video ini. tapi kalau bad news nya seperti Karhutla Kalimantan, atau rezim yang tidak adil dan tamak yang merugikan banyak orang itu GAK BISA untuk TIDAK DILIHAT KE 15x NYA. some deaf people need louder voice to know that we against it by action, critics and continuation speaking up of things. if we stay silent it feels like we normalize it, so what we do? we protesting it for our sake, our better future. did you get this idea, tho? your product using an endemic plants/fruit from our country and our forest are dying, where’s your shoes at again? hope this helps. 😊",22 hours ago,,,,0
https://www.youtube.com/watch?v=r1DSH9AQXLU,Ugz33GHF6vKNva1U3Tx4AaABAg,Youtube,@whydwmln,"Bayangin apa yg orang lain alami setiap hari, bagi mereka itu hanyalah BAD NEWS humm sangat AWARE ya mbak mod ini 😮😮😮",22 hours ago,,,,0
https://www.youtube.com/watch?v=r1DSH9AQXLU,UgzffgzMVeCcUW1EGA14AaABAg,Youtube,@SuperDhityoz,Kim people are dying…,22 hours ago,,,,0
https://www.youtube.com/watch?v=r1DSH9AQXLU,UgwTSMBR2_Nu7lZ2PQ54AaABAg,Youtube,@whydwmln,"Jadi selama ini gk pernah bersuara tuh bukan karena GATAU ya, tapi emng TONE DEAF aja 😮😮😮",22 hours ago,,,,0
https://www.youtube.com/watch?v=r1DSH9AQXLU,UgzNORs4ugyWLKxhQWt4AaABAg,Youtube,@ジュンキニョ-59t,"orang2 kaya gini sejak kecil sirkelnya orang atas beneran ga napak tanah dia mikirnya semua orang ya kaya dia secara kelas, financial, dan privilege. makanya susah banget buat naruh diri di posisi orang lain yang less fortunate, apalagi grassroot yang lebih susah. terlebih lagi sekarang orang susah ini kena musibah yang manmade + penanggulangannya harusnya capable buat negara sebesar ini tapi bad lucknya govt disfungsional endingnya disuruh nerima sampe mati",22 hours ago (edited),,,,0
https://www.youtube.com/watch?v=r1DSH9AQXLU,UgxR97h-hZ0XauBSynx4AaABAg,Youtube,@zebilojasnee,"Kak, your “bad news” is literally someone else’s life btw 😅",22 hours ago,,,,0
https://www.youtube.com/watch?v=r1DSH9AQXLU,UgwyeQkYM4ebWo3Qjgl4AaABAg,Youtube,@suzumee3-c3y,Coba kak pindah ke kalimantan. Otw ISPA dahhh,22 hours ago,,,,0
https://www.youtube.com/watch?v=r1DSH9AQXLU,UgwZJTGQkMTjygNDQLZ4AaABAg,Youtube,@aisa4659,Menjijikkan sekali maudy ayunda pola pikirnya,22 hours ago,,,,0
https://www.youtube.com/watch?v=r1DSH9AQXLU,UgyJ6apq8Ostpgh1njt4AaABAg,Youtube,@xxbango3846,"gausah kebanyakan teori atau baca, sini Maudy ke kalimantan. hirup udara disini, lihat hutan dan satwa yang kehilangan rumah nya. ikut rescue sini deket sama Alam yang kamu omongin.

Kamu final boss negative sebenernya. super tone deaf. bye",22 hours ago,,,,0
https://www.youtube.com/watch?v=r1DSH9AQXLU,UgwgtTlezWFCL11sEj54AaABAg,Youtube,@muhammadrifkiesabitulnoerz9852,"Tone deaf final boss, I'm sorry if our daily life struggle bothers your mindfullness",22 hours ago,,,,0
https://www.youtube.com/watch?v=r1DSH9AQXLU,Ugz54NEHEouHiAScuFd4AaABAg,Youtube,@MgsMZulham,si gob lok ini harus di cancel,22 hours ago,,,,0
https://www.youtube.com/watch?v=r1DSH9AQXLU,Ugy_Yi4EmMjUAOLevjt4AaABAg,Youtube,@zh__09473,Ew tondeaf final bos 🤡,22 hours ago,,,,0
https://www.youtube.com/watch?v=r1DSH9AQXLU,UgwnvyP3WbQvKoOpanB4AaABAg,Youtube,@sarsal-ss,"kamu tuh literally jualan produk dg bahan dari pulau yg sangat terdampak dari brutalnya kebijakan pemerintah sekarang loh dan cuma kamu anggap sebagai ""bad news"" sementara orang-orang diluar sana mau gamau menghadapi ""bad reality"" ini.

GILA TONE DEAF FINAL BOSS",22 hours ago,,,,0
https://www.youtube.com/watch?v=r1DSH9AQXLU,Ugy2O7wep9j_tWXD-U94AaABAg,Youtube,@pelatihanku,"Dari video ini saya belajar, meskipun kondisi ekonomi keluarga baik2 saja, anak2 diajarkan ikut gerakan sosial agar empati mereka terasah. Ibaratnya supaya tau kalo di kamar mandi itu selain shower, ada yg namanya gayung. Selain kamar yg nyaman, di luar sana ada yg 1 keluarga hanya punya 1 ruangan petak.
Jadi, kelak anak tidak tumbuh jadi ignorant atau tone deaf.",22 hours ago,,,,0
https://www.youtube.com/watch?v=r1DSH9AQXLU,UgzzhSq7oSqCAQD_HxR4AaABAg,Youtube,@nan123-v3b,"Nir empati? Budeg? Kehabisan kata-kata gw, instead of encouraging, she acts like she's the MAIN CHARACTER",22 hours ago,,,,0
https://www.youtube.com/watch?v=r1DSH9AQXLU,UgyKvExCAx2MHpF9xAd4AaABAg,Youtube,@faydaniswara-l6h,kuliah lpdp budek dan songongnya minta ampun.,22 hours ago,,,,0
https://www.youtube.com/watch?v=r1DSH9AQXLU,UgzFVI2m8mK-FCSz01J4AaABAg,Youtube,@fargov743,Beli cotton bud non,22 hours ago,,,,0
https://www.youtube.com/watch?v=r1DSH9AQXLU,UgwWgYZTWhF5QyTiNFZ4AaABAg,Youtube,@nan123-v3b,Semoga semua keturunan lu semuanya mirip Prabowo Subianto,22 hours ago,,,,0
https://www.youtube.com/watch?v=r1DSH9AQXLU,UgyZbAEK3Oam4mC-_RF4AaABAg,Youtube,@nejweanz,your bad news is someone else's reality,22 hours ago,,,,0
https://www.youtube.com/watch?v=r1DSH9AQXLU,Ugx5R9ip8f4Ixuo5d4h4AaABAg,Youtube,@zulfiaskia,yhaaa sorry deh kak kalo derita kita kita ini cuma jadi “BAD NEWS” buat kakak. meanwhile kita beneran kena nih “BAD REALITY” nya. sorryy banget ye kak soryyy banget nih ganggu “ISI KEPALA” kakak,22 hours ago,,,,0
https://www.youtube.com/watch?v=r1DSH9AQXLU,Ugy7fHaZ449xlg-umnh4AaABAg,Youtube,@ardhiramadhana2053,DISLIKE RAME2 BUZZER WOWO,22 hours ago,,,,0
https://www.youtube.com/watch?v=r1DSH9AQXLU,UgwOX-sEntHctDh6uch4AaABAg,Youtube,@Dyatopia,"Aku tinggal di kalimantan, kak. Matahari di sini warnanya orange, kadang bisa merah di waktu² tertentu. Udaranya sesak & hawa panasnya gak kayak matahari, tapi kayak kakak berdiri depan bara api. Keluarga aku ada yg terkena ISPA, bayi tetangga aku yg baru 2 mgg sekarang dirawat di rs, aku masih beruntung krn mentok² mata iritasi, kadang2 migrain klo cuaca udh terlalu panas, dan sesak waktu kabut asap lagi pekat²nya.

Maaf ya klo realita hidup kami mengganggu ketenangan kakak. Tutup aja kak jendelanya, nanti asapnya masuk ke rumah kakak.

Stay safe semua ❤",22 hours ago,,,,7
https://www.youtube.com/watch?v=r1DSH9AQXLU,UgwXr7WjwJVMm8_7y9l4AaABAg.AahL-DbQL-AAahNHCUhyqd,Youtube,@spellmaname,👍,12 hours ago,,,,0
https://www.youtube.com/watch?v=r1DSH9AQXLU,Ugxdgy0J6-3g0Nx5QXx4AaABAg,Youtube,@rosaareads,enak ya cuma jadi bad news sementara for some people it's a bad reality,22 hours ago,,,,0
https://www.youtube.com/watch?v=r1DSH9AQXLU,UgzUYVjp9FHMshSdMlB4AaABAg,Youtube,@ardhiramadhana2053,"Enak banget ya jadi doi. Kaya raya, ortu mapan, sekolah tinggi elite dibayarin negara, punya platform gede  tetep tone deaf, sumbangsih ke masyarakat apa ya gak terlalu ngena ke lapis paling kerak bawah pun gak ngubah gimana2 alias hidup dia ya tetep inklusif",22 hours ago,,,,0
https://www.youtube.com/watch?v=r1DSH9AQXLU,Ugylkmtm2uMyWwB1QBl4AaABAg,Youtube,@mysrhrzq25,berlebihan ga Mod misal uang LPDPnya dibalikin aja?,22 hours ago,,,,0
https://www.youtube.com/watch?v=r1DSH9AQXLU,Ugx_jwSR7rQrGrxFWMJ4AaABAg,Youtube,@OmSooGeng420,"ga napak tanah amat, bener2 tone deaf",22 hours ago,,,,0
https://www.youtube.com/watch?v=r1DSH9AQXLU,UgwNgPSiEjsK71iX9xR4AaABAg,Youtube,@jamesdean6747,"Intellectuals & privileged people in 1900s: let's put our mind and effort for the people, for the nation

Intellectuals & privileged people in 2026: oh my God, I'm so overwhelmed by everything, I'm just gonna ignore everything and live comfortably inside my luxury cocoon",22 hours ago (edited),,,,0
https://www.youtube.com/watch?v=r1DSH9AQXLU,UgwBKGeIWyCONf4Z82F4AaABAg,Youtube,@veve1573,"I hope you feel how it feels to face the bad reality, Maudy. Shame on you for being tone deaf.",22 hours ago,,,,0
https://www.youtube.com/watch?v=r1DSH9AQXLU,UgzcFrsmsdgIuROOsVd4AaABAg,Youtube,@dod2856,"Entah sengaja atau tidak, konten begini bisa jadi depolitisasi",22 hours ago,,,,0
https://www.youtube.com/watch?v=r1DSH9AQXLU,UgzhSN9KgxEor1ZOl1N4AaABAg,Youtube,@sukacuking,"Saya kesal dengan orang yang nrimo ing pandum karena sudah kebiasa hidupnya diinjak-injak kaum elit. Meskipun begitu, setidaknya saya bisa memahami cara coping mereka.

Saya lebih kesal dengan orang yang memiliki privilege, hidup dengan nyaman, lalu ketika mendengar bad news after bad news sangat mudah tergoncang. Terus coping mechanismnya adalah mindfulness lol. Are you new to this? Just try to think to be in their shoes!

Oh, I wish I could just set aside the negativity for my own sanity (How very self-centered of me!). When in fact, the very things you said are negativity in your mind, are our main problems. Things that brought insanity to us. I wish we could focus on the positive things we have, which is NONE because the elite stole it from us and you, people like you also got to have the benefit of it.

Sangat kocak dan ironis mendengar seseorang yang mampu menempuh sekolah tinggi di sekolah yang bagus tidak bisa memahami ini.

I got some privilege that at least, I could graduate from the mediocre local university, therefore I won't just use it to tell people ""it's not in our control guys"". Konyol dan bullshit. We are the people, we could do something impactful to solve our problems. That's what you should tell to our people in your big influential platform.",22 hours ago (edited),,,,0
https://www.youtube.com/watch?v=r1DSH9AQXLU,Ugy2NH_jPag5YX8nv514AaABAg,Youtube,@ditaolivia660,"Well educated ga bikin jadi orang yg full empati, yes like her 🙄",23 hours ago,,,,0
https://www.youtube.com/watch?v=r1DSH9AQXLU,UgyPKzm3KAlA3NGc-Pt4AaABAg,Youtube,@rusakancil2487,"for you maybe its just ""bad news"", for others its ""BAD REALITY"". enak menjadi kamu yg penuh dengan pilihan dan priviledge untuk menjadi apapun yg kamu mau, salah satunya ignorant dan tone deaf. menjadi ignorant dan tonedeaf itu pilihan pribadi, tapi kalo berusaha mengajak orang lain, untuk menjadi seperti kamu juga itu adalah hal yang SALAH.",23 hours ago,,,,0
https://www.youtube.com/watch?v=r1DSH9AQXLU,Ugym7gdemimCSi_h8PR4AaABAg,Youtube,@TheDreamtrue,"BAYANGIN HIDUP MASIH NYAMAN, MAKAN MASIH ENAK, TAPIIIII MERASA PALING CAPEKKKKKKKKK. LU JADI PIHAK PALING TERDAMPAK DAN TURUN KE JALAN AJA ENGGAK. KOCAKKKKKK LUUU",23 hours ago,,,,0
https://www.youtube.com/watch?v=r1DSH9AQXLU,Ugy_PYKCk_0ae-ZdkTN4AaABAg,Youtube,@derene3959,"don’t send your kids to international schools guys. this is how they’ll turn out when they grow up 
✨tone-deaf✨",23 hours ago,,,,0
https://www.youtube.com/watch?v=r1DSH9AQXLU,UgwT05Zjh4iL8OzJGkZ4AaABAg,Youtube,@selenaura,"I know you’re well-privileged, tapi ternyata segitu nyaman dan untouchable-nya ya kak hidup kamu sampe bisa beropini tone deaf begitu 😅 berprivilege dan berpendidikan tinggi bukannya jadi paham isu dan bantu bersuara di huge platform yang dipunya, malah ignorant. Sukses deh dengan mindfulness kamu yang ignorant itu",23 hours ago,,,,0
https://www.youtube.com/watch?v=r1DSH9AQXLU,Ugy8DJXhf_-5yliMMWx4AaABAg,Youtube,@danielbara9731,"Kuliah pake uang rakyat, coba dong gunakan platform kamu untuk menggaungkan apa yg sedang dirasakan rakyat, jangan tone deaf terus, you have no shame maudy",23 hours ago (edited),,,,0
https://www.youtube.com/watch?v=r1DSH9AQXLU,Ugx574I8qNga8dgWbkB4AaABAg,Youtube,@GraveSignal-i3e,"gak nyangka sekali keluar vidionya kaya gini wkwkwkw😂😂
disuruh mindful dengan background beratus* juta itu. semangat aja untuk kita semua yang khawatir tentang negeri ini, maudy dan semua yg modelannya sama kaya gini, terserah",23 hours ago,,,,0
https://www.youtube.com/watch?v=r1DSH9AQXLU,UgyOKhuJcg-QMBL5VEZ4AaABAg,Youtube,@nadetzquillss,Nggak napak tanah.. Eh tapi dia kan emang dari awal orang kaya yang ga pernah ngerasain sengsaranya orang kecil.,23 hours ago,,,,0
https://www.youtube.com/watch?v=r1DSH9AQXLU,UgzZ99DDSYlnhh4ySwt4AaABAg,Youtube,@dominika-g5r,TONE DEAF !!!!,23 hours ago,,,,0
https://www.youtube.com/watch?v=r1DSH9AQXLU,Ugy8xdu6yptRFEIuCGR4AaABAg,Youtube,@putris.rahayu4810,"ya lu enak, hidup lu semua serba tercukupi. orang yg mengalaminya gimana? ga lu doang yg ngadepin bad news, lebih parahan mana dibanding mereka yg jadi korban” pemerintah yg tamak itu? itu realitanya yg sedang kita hadapi. lu pinter iya, cantik ama berbakat iya, tapi ternyata minusnya minim empati. udah kagak pernah speak up soal pro palestine, ditambah ignorant ama yg terjadi di negara sendiri. ya wajar sih, yg dinikahin juga orang korsel wkwk. ytta",23 hours ago,,,,0
https://www.youtube.com/watch?v=r1DSH9AQXLU,UgwWFiAogRS1dAJ86O14AaABAg,Youtube,@YayahS.Salsiah,"Lgi dirujak di di X, lmao deserve",23 hours ago,,,,0
https://www.youtube.com/watch?v=r1DSH9AQXLU,UgxHCsw4JRX6A8X9HVx4AaABAg,Youtube,@SherylDiggory,Yeee lu merasa kesedihan orang sebagai bad energy? Hadeh,23 hours ago,,,,0
https://www.youtube.com/watch?v=r1DSH9AQXLU,UgwOX-sEntHctDh6uch4AaABAg.AagDaZyA6u3AagamQ6KutM,Youtube,@bluemoon007,"Kak, di Kalimantan Barat malah mataharinya udah sama sekali nda kelihatan kaak, bukan oren lagi 😭

Taneman tetanggaku banyak yang daunnya mengecil karena asap ini, tetanggaku nanem selada biasanya 1 pohon bisa 400 - 500 gr pas panen, tapi karena mataharinya ketutup asap cuma 200 - 300 gr dengan masa tanam yang sama 

Semoga Indonesia cepat membaik 😢",19 hours ago (edited),,,,0
https://www.youtube.com/watch?v=r1DSH9AQXLU,UgwOX-sEntHctDh6uch4AaABAg.AagDaZyA6u3AagePGAzZON,Youtube,@Dyatopia,"​ @bluemoon007  aku di sintang (kalbar), kak. Matahari masih tampak tapi warna orange. Yg kakak bicarain itu daerah pontianak kah? Kalau iya, aku baca beritanya. Situasi di sana kacau banget, sampe udh dapat peringatan status udara berbahaya, ku cek AQInya tembus 1.000 sd 1.500-an. Daerahku gak terdampak separah pontianak, kak. 

Semoga semua bencana di indonesia cepat reda ya. Kakak stay safe...

😭",18 hours ago,,,,0
https://www.youtube.com/watch?v=r1DSH9AQXLU,UgwOX-sEntHctDh6uch4AaABAg.AagDaZyA6u3AahLC1KsZxA,Youtube,@mamaci92,Ya Allah ga tega aku baca nya 😢 kami yg djawa kena abu vulkanik 2 hari aja ud ngeluh apalgi ini udah berbulan2 asep terus 😢 smga sehat2 terus yaa saudara se wni. Biar nnti Tuhan yg balas kezaliman ini.,12 hours ago,,,,0
https://www.youtube.com/watch?v=r1DSH9AQXLU,UgwOX-sEntHctDh6uch4AaABAg.AagDaZyA6u3AahVKD-h4mP,Youtube,@muhamadfikri6928,"Deep, turut prihatin untuk keluarga di Kalimantan 🙏🏻",10 hours ago,,,,0
https://www.youtube.com/watch?v=r1DSH9AQXLU,UgwOX-sEntHctDh6uch4AaABAg.AagDaZyA6u3AahW0uvh9Qj,Youtube,@fadillasyaffitriyani5881,"Aku nangis kaaa, turut prihatin yaa kak. Semoga semuanya cepat selesai dan kembali pulih. Semoga org² yg terdampak juga terus dikasih kesehatan yaa 😭😭😭😭😭😭",10 hours ago,,,,0
https://www.youtube.com/watch?v=r1DSH9AQXLU,Ugzr6KqU30z25_7YH8N4AaABAg,Youtube,@Partyinusa45,What an idiot video ngenyek banget judulnya anjay 😂,23 hours ago,,,,0
https://www.youtube.com/watch?v=r1DSH9AQXLU,UgyqF2xLjH2EK1tkxBl4AaABAg,Youtube,@AlFaroh-k4w,"Maudy i thought you are well aware with current situation, turns out you’re blind and deaf enough to aware of this shits.

Shame on you",23 hours ago,,,,0
https://www.youtube.com/watch?v=r1DSH9AQXLU,Ugx_OrQIu81baiTia1t4AaABAg,Youtube,@sighttoside,Padahal kakak S2 dengan pajak rakyat (LPDP) and most of our people are living in that bad news now,23 hours ago,,,,0
https://www.youtube.com/watch?v=r1DSH9AQXLU,UgyrCPbxyRjdT6db80h4AaABAg,Youtube,@AnggitaHutamiRatnaningsih,"Who is this video made for, mbak Maudy?

You don’t need to teach other people how to “be at peace” when you’re not the one walking in their shoes. If you can’t represent the needs of ""rakyat kecil"", and you’re not taking meaningful action that actually makes a difference in their lives, then stop lecturing them! This is diabolical!",23 hours ago,,,,0
https://www.youtube.com/watch?v=r1DSH9AQXLU,UgySpRqiFNAq6HK9BGJ4AaABAg,Youtube,@febriyantidyah9354,is the mind in the room with us,23 hours ago,,,,0
https://www.youtube.com/watch?v=r1DSH9AQXLU,UgyfWwyPuQUxKqhRjJh4AaABAg,Youtube,@MagikarpUser14130,yha maap deh kaaaak kalo kehidupan sehari hari kami cuma jadi bad news yang mengganggu mindfulnes kamuuuu,23 hours ago,,,,0
https://www.youtube.com/watch?v=r1DSH9AQXLU,UgzfNHuIai22jo_sm6F4AaABAg,Youtube,@hiwuaga,"If an elephant has its foot on the tail of a mouse, and you say that you are neutral, the mouse will not appreciate your neutrality......",23 hours ago,,,,0
https://www.youtube.com/watch?v=r1DSH9AQXLU,Ugznc7B0ieN2T8FFHEB4AaABAg,Youtube,@fitrityas6617,"Maudy, for you it's just a bad news. For most of us, it's our reality. Shame on you.",23 hours ago,,,,0
https://www.youtube.com/watch?v=r1DSH9AQXLU,Ugxwg44HD3VzFffuiCV4AaABAg,Youtube,@boobbh,"bener2 sebuah privilege yg nyampe ke dia cuma bad news, yg lain udh bad reality",23 hours ago,,,,0
https://www.youtube.com/watch?v=r1DSH9AQXLU,UgxmpW73gB36WbZQNFB4AaABAg,Youtube,@myphrone,"Sudah dari jaman dulu kaum borjuis macam dia hanya bersuara ketika kebijakan dirasa mengguncang mereka punya harta. Klen gak perlu merasa terkhianati, pemikiran ""kaum borjuis berpihak ke rakyat kecil"" aja udh salah.

Yun, lo tau kagak? Beberapa hari lalu relawan karhutla & salah seorang damkar gugur dalam misi pemadaman karhutla di klaimantan. Tahu juga ga klo tingkat pencemaran udara di pontianak udh masuk level berbahaya?

Buat lu yg cuma cengar cengir depan kamera sambil nyebar fake positivity, lu mustahil bisa bayangin situasi mencekam yg dirasain warga terdampak.

Iyee, yun, iyee. Bener emang lu kagak ada kewajiban bela mereka, bersuara utk mereka, atau pake kuping lu utk dengerin ribuan anak yg keracunan program MBG. Kagak kok, kita gak setolol itu sampe melimpahkan beban kerja politikus ke pundak borjuis yg targetnya cuma cengar cengir depan kamera.

Terus gw tanya, urgensi lu upload konten yg merasa paling lelah dg bad news indonesia apa? Lu cari makan di ladang yg penuh mayat, inget itu yun.",23 hours ago,,,,1
https://www.youtube.com/watch?v=r1DSH9AQXLU,Ugyp58W572Q-2n-3gMh4AaABAg,Youtube,@jobebie,"kuliah pake uang pajak rakyat kecil aja songong begini 😂 shame on you. kalau mau gak peduli sama bad news, yaudah buat lu aja, gausah ngajakin yang lain buat gak peduli. jahat banget lu ngomong kayak gini. mentang-mentang lu bukan korban dan lu ngga mengalami hal yang sama kayak korban. semoga kebutaan dan ketulian lu menanggung dosa besar dari orang-orang terdampak dari bad news itu. shame on you. may happiness never find you anymore and may God never forgive you.",23 hours ago,,,,0
https://www.youtube.com/watch?v=r1DSH9AQXLU,UgylYNVClk5hbzoKn_F4AaABAg,Youtube,@kujikzikri,❤❤❤❤❤❤,23 hours ago,,,,0
https://www.youtube.com/watch?v=r1DSH9AQXLU,UgzU73qg_OM9Tq80b5N4AaABAg,Youtube,@hariselasaituputih,"Conclusion: Maudy chose to ignore.

That makes sense tho, she always rich from the start. Why would she want to dwell in commoner's issues? Why would she want to excalate these bad news using her platform? 
That would only harm her brand and her bussiness. Why would she suffer with everyone else?",23 hours ago,,,,0
https://www.youtube.com/watch?v=r1DSH9AQXLU,UgwTzZz-EeByKBwbmuJ4AaABAg,Youtube,@purinim3482,"This is such a tone deaf take, Kak Maudy.",23 hours ago (edited),,,,0
https://www.youtube.com/watch?v=r1DSH9AQXLU,UgxwUymdeYdfTKYV9EV4AaABAg,Youtube,@나나-i9u1v,"Unfortunately, unlike you Maudy, we don't have a choice to be mindful. Because this is not a news for us, this is our reality, this is our live, and we are not privileged enough to do everything you did",23 hours ago,,,,0
https://www.youtube.com/watch?v=r1DSH9AQXLU,UgwCaDcyrP7aNXvcFAN4AaABAg,Youtube,@rafialfathan9692,hell nah,23 hours ago,,,,0
https://www.youtube.com/watch?v=r1DSH9AQXLU,Ugx46BJOxHpEXHHpeWJ4AaABAg,Youtube,@chandraochatto,"I'm so disgusted holyshittttt 😭😭😭😭💀💀💀💀

The bad news you were talking about are reality for those people. 🥀🥀🥀🥀🥀

You can use you big ass platform to speak against the corrupt gov, but no you chose to be ignorant.",23 hours ago,,,,0
https://www.youtube.com/watch?v=r1DSH9AQXLU,UgxcfHiAs2Q4tpGyw6J4AaABAg,Youtube,@aditarietama,Ngomong t43k,23 hours ago,,,,0
https://www.youtube.com/watch?v=r1DSH9AQXLU,Ugw23WSjPJz7ik9ajJV4AaABAg,Youtube,@archived-ty7wz,"the fact that you record, said all of that with your clearest mind and not think a single emphaty to all the victims and chose to say it as ""BAD NEWS"" says it all about you. OPEN YOUR FUCKING MIND. STOP BEING SILENT! ih i hope your next business will get that impact of your behavior.",23 hours ago,,,,0
https://www.youtube.com/watch?v=r1DSH9AQXLU,UgxR6UUs5SfnyOCV8OJ4AaABAg,Youtube,@titaerwin7845,Hrusnya malu sama gelar lu kuliah di ivy league wkwkwk empati gk ada dan dng entengnya buat video macam gini. Yah sukses buat lu kk yg gk pernah ngerasain kondisi mereka yg kesusahan terutama bagian Timur sana. Moga lu baca deh pesan dan komennya BIAR TERBUKA MATA TELINGA LU DAN GK TONE DEAF. Miris bat emg artis Indo kgk ada yg btl tingkahnya 🙃,23 hours ago,,,,0
https://www.youtube.com/watch?v=r1DSH9AQXLU,UgxmpW73gB36WbZQNFB4AaABAg.Aag9NjfPFzNAaiD82zpDm_,Youtube,@maharanimurni5146,Sukaa❤❤❤,4 hours ago,,,,0
https://www.youtube.com/watch?v=r1DSH9AQXLU,Ugyr2u6oRFrNcggvj1h4AaABAg,Youtube,@srisusanti4014,Tips tone-deaf. Super sekali!,23 hours ago,,,,0
https://www.youtube.com/watch?v=r1DSH9AQXLU,Ugxtp7itZjt63SAO0dx4AaABAg,Youtube,@kireidatte-t7e,"apa yg mau diharapin dari orang kaya, mereka mana peduli 😂",23 hours ago,,,,0
https://www.youtube.com/watch?v=r1DSH9AQXLU,Ugx98C0mnQqbsk58Qrl4AaABAg,Youtube,@sitikhodijah7979,"Talking about mindfulness amidst bad news at her nice kitchen while making fancy breakfast, meanwhile for the poor society it's bad reality. Just wow, is this toxic positivity? Touch some grass",23 hours ago,,,,0
https://www.youtube.com/watch?v=r1DSH9AQXLU,Ugxa-LVPmJC86i4s6YV4AaABAg,Youtube,@LamdaTTDS,Performative AF 💩,23 hours ago,,,,0
https://www.youtube.com/watch?v=r1DSH9AQXLU,UgxnMRudG4fOSLuzKOp4AaABAg,Youtube,@yusepmortem,"Dibalik speech teteh kanggo filter bad news ada modalnya yaitu privilege, teu all orang gaduh kemampuan nu the same untuk kejar education kaya mba. keep up konsistensinya mba, don't get andil mun aya kajadian, jangan ambil credit oge upami aya good news.",23 hours ago,,,,0
https://www.youtube.com/watch?v=r1DSH9AQXLU,Ugx9vDbaaiVsoZI8odt4AaABAg,Youtube,@SalikahLahadxa,"Tapi semua orang disini juga gaada yang mau konsumsi bad news tiap hari.. kalau bisa hidup sejahtera ga perlu mikirin sembako naik, bbm naik, kekeringan, dll dll juga aku mau ka. Tapi bad newsnya jadi bagian yg aku rasain terus aku harus gimana..

Kalau kamu pikir ini cara kamu buat nanganin bad news jelek sih ka jujur.. udh bukan butuh coping mechanism lagi warga disini tuh, kamu kesannya kaya nyuruh orang nerima keadaan dan mengabaikan bad news yang ada. ITU bukan hal yg harusnya warga indo lakuin.",23 hours ago (edited),,,,0
https://www.youtube.com/watch?v=r1DSH9AQXLU,UgxFRaelQ7DpRPFeRUd4AaABAg,Youtube,@safiraashari9980,"Mindfulness mindfulness my ass! Lu tuh artis, platform lu gede banget jir. Harusnya at least lu pake buat spread awarness dan speak up sama yang terjadi saat ini. Orang orang yg kena dampak langsung lu kira emgnya bisa pilih pilih kapan mereka mau kena bencana dan nggak? Kalo bukan kita yg berprivilige ini ya siapa lagi jir yang bantu mereka? Yang bantu satwa satwa yang ga bisa bicara? Orang orang di desa yang gapunya internet?? FAK kata gue mah",23 hours ago,,,,0
https://www.youtube.com/watch?v=r1DSH9AQXLU,Ugxb1-FkNJ8naoZnf-F4AaABAg,Youtube,@Kinotaroni,ya iya lah lu privilege enough to not think of this,23 hours ago,,,,0
https://www.youtube.com/watch?v=r1DSH9AQXLU,UgxN2vFXr5hcFjq6OcV4AaABAg,Youtube,@gracewinda3577,"GA AKAN PERNAH BELI PRODUK FROM THIS ISLAND!!
Owner brand skincare pakai buah merah asal Papua tapi ownernya gk speak up apapun tentang Papua. Boro-boro kerusakan yang lain. Faktanya, cuman butuh duit dari kita-kita doang. Dih.",23 hours ago,,,,6
https://www.youtube.com/watch?v=r1DSH9AQXLU,Ugw1lPN0mcRSMnSKXkN4AaABAg,Youtube,@latifaanggrek,"Please gais si Audi ini gak sepenuhnya bener yaa. Yang ada kamu jadi orang TONE DEAF MAMPUS, Ignorant, gak berjiwa sosial tinggi. Bayangin keapesanmu dijadikan bad news dan orang lain mengabaikan that bad news so they can stay SANE.
Bagusnya emang video ini dijadikan penyeimbang, biar kita bisa istirahat ditengah2 bad news yang ada",23 hours ago,,,,0
https://www.youtube.com/watch?v=r1DSH9AQXLU,UgyxTAjSz_dAhvn5K0t4AaABAg,Youtube,@hayybubble,"Diem deh mod, lu tuh org kaya yg dari kecil ga pernah ngerasain susah punya bnyk privilege ga usah bilang capek2. Karir lu bagus, financial lu stabil ku ga bisa berjalan di jalan yg sama dgn kita better diem. Lu pikir kita semua ga capek dgn keadaan Indonesia skrng?! Bad news or anything else, lu tuh public figure yg bisa jd representasi bnyk org. Udh hidup enak tuh tinggal napas aja ga usah sok relate dgn keadaan org indo, lu ga pernah ngerasain struggle org yg bener2 capek setiap harinya menjalani hidup. Dasar TONE DEAF. Bubarin aja itu produk skincare lu yg jelek itu, bawa2 nama hasil dari Indonesia meanwhile lu ga pernah sekalipun speak up soal Papua",23 hours ago (edited),,,,0
https://www.youtube.com/watch?v=r1DSH9AQXLU,UgzBFgXJMqH5y9WQa794AaABAg,Youtube,@Jenoenthusiast-p5h,"Km tuh ada pilihan buat ikut speak up, Maudy. Bayangin seberapa besar impact kalo km ikutan speak up, instead of being tone deaf kayak gini. Ini tuh bukan saaatnya “protecting ourselves” tapi gimana harus speak louder karena semua ini udah ga masuk akal. SPEAK maudy, SPEAK.",23 hours ago,,,,0
https://www.youtube.com/watch?v=r1DSH9AQXLU,Ugy81CLFhE10cHv8BTt4AaABAg,Youtube,@teresaAnnavilla,"buat elu bad news, buat rakyat Indonesia itu kenyataan hidup. Memang orang2 kayak gini yang bikin sesama manusia pengen eat the rich.",23 hours ago,,,,0
https://www.youtube.com/watch?v=r1DSH9AQXLU,UgyiBIw-tuvcWK8UuUl4AaABAg,Youtube,@liraamelia9167,Kirain dah ditake down videonya,23 hours ago,,,,0
https://www.youtube.com/watch?v=r1DSH9AQXLU,UgyGlUuAY65zwHv-99Z4AaABAg,Youtube,@Fabiooo-l3z,Lu bisa kuliah cm krn hasil orang2 yg lagi berjuang melawan dan gabisa “mindfull”soal “berita buruk” itu btw,23 hours ago,,,,0
https://www.youtube.com/watch?v=r1DSH9AQXLU,UgxcHP-kF6KRggIIBtx4AaABAg,Youtube,@imadpriandi,tone deaf 🏆,23 hours ago,,,,0
https://www.youtube.com/watch?v=r1DSH9AQXLU,UgyUa_zRS1-UN1al8RF4AaABAg,Youtube,@zulfaalia8446,"idk maybe she's trying to feel connected with her own 'privileged' audiences (or fans) by sharing some stoic tips.. but it doesn't help at all. kak maudy, you're just ragebaiting all over the country by saying we have to be mindful in the middle of this crisis when it's not the right time for it😢 students are poisoned, lands are burned, disaster threat, monetary crisis, this country is f*cked up bcs of crazy government. you're try to show your empathy but your gesture doesn't seem that.",23 hours ago,,,,0
https://www.youtube.com/watch?v=r1DSH9AQXLU,UgwxYxgBVNqWIrgYz8p4AaABAg,Youtube,@kalsart5788,Fix tone deaf...sementara di sekelilingmu butuh empati tp kamu cuma berfikir menyelamatkan dirimu sendiri🙄,23 hours ago (edited),,,,0
https://www.youtube.com/watch?v=r1DSH9AQXLU,UgzM4TEgVBUpPTlqZqV4AaABAg,Youtube,@gammamaulidya5039,"We can be exhausted of course. But, memang kita capek setiap saat? Memang kita capek setiap hari? Ketika kamu ga lagi capek lalu memutuskan untuk menghindari ""bad news"" dan melakukan aktivitas like nothing has happened in your own country, aku rasa itu termasuk tindakan egois. 
It's so sad because you have so many influences you can spread to speak about what is really happening here. But instead, you told everyone to avoiding ""bad news"". Well, ironically it's not a ""bad news"" for everyone here, it's a fact that happened here. So, keep your mind to yourself, maudy.",23 hours ago (edited),,,,0
https://www.youtube.com/watch?v=r1DSH9AQXLU,UgzmW3PmIjHy2JSJXgp4AaABAg,Youtube,@RiyanTama,"Come to Borneo, Makassar, NTT",23 hours ago,,,,0
https://www.youtube.com/watch?v=r1DSH9AQXLU,UgxN2vFXr5hcFjq6OcV4AaABAg.Aag70D1GOsMAah7gO4gI6Z,Youtube,@uutiee,"Keren kamu kak, ku dr awal ga beli dan alhamdulillahh tau banget kalo dia part of rezim. Hufttttttt",14 hours ago,,,,0
https://www.youtube.com/watch?v=r1DSH9AQXLU,UgxN2vFXr5hcFjq6OcV4AaABAg.Aag70D1GOsMAah__CfyMtU,Youtube,@deedee-h5t,Yakin itu dr papua? Klo dia aja bodo amat .. gak kontenin ini.. cuma jd bad news.. berarti gak matters bgt cuma sebatas bad news ..,10 hours ago,,,,0
https://www.youtube.com/watch?v=r1DSH9AQXLU,UgxN2vFXr5hcFjq6OcV4AaABAg.Aag70D1GOsMAah8DWb_kMd,Youtube,@GwenStacy-r5t,"Aku juga.
Mending Skin1004 guys bagus banget, udah ga percaya produk lokal overpriced,  over claim pula.",14 hours ago,,,,0
https://www.youtube.com/watch?v=r1DSH9AQXLU,UgxN2vFXr5hcFjq6OcV4AaABAg.Aag70D1GOsMAahvZchY-X2,Youtube,@talithaamalia1635,Nah ini loh mod @modmedia lo tuh sadar gak sih jualan lo tu sumbernya darimana?? lo mau bodo amat ajakah gitu cuma ambil hasil buminya dan ga speakup apapun soal itu?? INI BENCANA LOHHHH!!!! Ga ada nurani apa gimana sih lo??,6 hours ago,,,,0
https://www.youtube.com/watch?v=r1DSH9AQXLU,UgxN2vFXr5hcFjq6OcV4AaABAg.Aag70D1GOsMAaiC-78s7bh,Youtube,@oz9591-d1o,kalo ternyata skincarenya cuma maklon? using Sintang and Papua just for clout? ih jahat sih menurutku....,4 hours ago,,,,0
https://www.youtube.com/watch?v=r1DSH9AQXLU,UgxN2vFXr5hcFjq6OcV4AaABAg.Aag70D1GOsMAaiDWUxioHp,Youtube,@GwenStacy-r5t,​ @oz9591-d1o tp emg kebanyakan maklon kalo skincare lokal tuh😂,4 hours ago,,,,0
https://www.youtube.com/watch?v=r1DSH9AQXLU,UgwcQLuTX8forZx0UhJ4AaABAg,Youtube,@yuliantijuly3347,"Opini seperti ini ada baiknya disimpan aja Mod buat sendiri, anda punya privileged dan itu bukan salah anda, buat anda ini bad news and talk about stoic, but for some people this is bad reality.

Put empathy first, ga semua orang punya privileged seperti anda, bukan salah anda jg mereka tidak punya.

Tapi dalam keadaan seperti ini, sepertinya harus lebih bijak dalam berbicara.",23 hours ago (edited),,,,0
https://www.youtube.com/watch?v=r1DSH9AQXLU,UgxQU9N5d7k4SN-ENbx4AaABAg,Youtube,@jonathannnnn2,"Speakk upp woyyyy, jangan tone deaff, percuma lulusan univ top ujung ujung nya nirempati plus tone deaf, kuliah LPDP kan ?, kok gk menyuarakan penderitaan rakyat saat ini ? , hati hati ya kak mau , di akhirat nanti bakal dipertanggung jawabkan loh LPDP mu ini kalo seumpama seluruh rakyat indo gk ikhlas",23 hours ago (edited),,,,0
https://www.youtube.com/watch?v=r1DSH9AQXLU,Ugzik5GU-dzGAjCtO214AaABAg,Youtube,@httybutterfly,"Makanya bersuara biar bad newsnya hilang, kalo cuman diem aja mana bakal hilang nih yang jelek""nya. Apalagi kamu sebagai wni bersuara dong jangan cuman berada di zona aman aja, jangan entar pas udah kena baru koar"".",23 hours ago,,,,0
https://www.youtube.com/watch?v=r1DSH9AQXLU,UgxgKIpaqFlNbX2mHvd4AaABAg,Youtube,@radzarreth,kecewa,23 hours ago,,,,0
https://www.youtube.com/watch?v=r1DSH9AQXLU,Ugz707f0_3fcyFavzFF4AaABAg,Youtube,@BenyYohanes,"S1 nya Oxford jurusan PPE(Philosophy Politics and Economics), trus S2 nya di Stanford jurusan Education. Maudy ayunda, what a waste of talent.",23 hours ago,,,,0
https://www.youtube.com/watch?v=r1DSH9AQXLU,UgxnbJAONOjnHvyWF-l4AaABAg,Youtube,@saadahahaha4766,"Maudy kamu tone-deaf banget mentang mentang g pernah sengsara, ga punya empati kamu ya!",23 hours ago,,,,0
https://www.youtube.com/watch?v=r1DSH9AQXLU,UgwfH4oyLPZ_caU6nYl4AaABAg,Youtube,@husnizarrah,semoga kamu segera merasakan apa yg kami rasakan,23 hours ago,,,,0
https://www.youtube.com/watch?v=r1DSH9AQXLU,Ugzc0cn0x4_pMG3Yd_F4AaABAg,Youtube,@aknasync,"aku rasa it’s not just about bad news deh kak, menurut kmu kenapa semua masalah ini selalu bikin kita marah? ya karna ngaruh ke kehidupan kami. yang mana kamu gabisa cukup being stoic, menenangkan diri, melepaskan diri, sekali berhenti hidup seseorang bisa aja hancur kak. no hate, tpi sensitive topic kayak gini mungkin lain kli harus kamu telusuri lagi dalam berbagai posisi, g cuma posisi kamu aja sehingga orang lain marah karna kesannya kamu ga peduli. atau memang ga peduli?",1 day ago,,,,0
https://www.youtube.com/watch?v=r1DSH9AQXLU,UgwG7-Z5z4A_vuWw6Kp4AaABAg,Youtube,@vinhmoh2116,Nye nye nye,1 day ago,,,,0
https://www.youtube.com/watch?v=r1DSH9AQXLU,UgySsqhSdIVcHEdpF6B4AaABAg,Youtube,@steilssonemil,"duh, nir empati banget",1 day ago,,,,0
https://www.youtube.com/watch?v=r1DSH9AQXLU,UgzCEMIUR8yXu2H11Kh4AaABAg,Youtube,@umineko2912,"Ah yes, nothing says “how do we stay connected to the problems facing Indonesia?” like weighing 50g of cottage cheese and deciding the answer is to curate how much reality we consume.

I get the point about taking a break from the news. That’s completely fair. But framing it as the answer to feeling helpless feels pretty tone-deaf. For a lot of people, bad news isn’t just something they see on their timeline. It’s food prices, losing a job, struggling with rent, floods, or worrying about their family. You can’t really “set boundaries” with problems that are already part of your daily life. And sure, negativity bias is real. But sometimes things really are that bad. Not everything can be reduced to “your brain is turning 10% into 90% because you consumed too much news.”

What makes it a little ironic is that you’ve spent years talking about contributing to Indonesia and caring about social issues. So I do wonder where that fits into this. Caring about a country isn’t just about finding a healthier way to consume its problems. Sometimes you also have to be willing to sit with the uncomfortable reality of them.

Taking care of your mental health is valid. But being able to distance yourself from these problems is a privilege, and it’s worth remembering that not everyone has that option. Anyway, I hope you stay healthy and never have to experience these problems firsthand. And if you do, I hope you remember the perspective you’re sharing here today. :hand-pink-waving:",1 day ago,,,,0
https://www.youtube.com/watch?v=r1DSH9AQXLU,UgxdVzVaTEELqOY57YZ4AaABAg,Youtube,@FarooqVpn,Ignoring bad news won’t make the bad things happening disappear,1 day ago,,,,0
https://www.youtube.com/watch?v=r1DSH9AQXLU,UgxutsxX8MFST0KTT_B4AaABAg,Youtube,@yorlilacgal257,"50% of me agreed and 50% kecewa with this content. true, i do feel overwhelmed by the news. but at the same time i feel i need to contribute, do something to help. but there’s too much going on and it can’t be controlled. but sharing the awarness is a must! sharing the harsh reality! while your intention is good, how you deliver this is just awfully bad. talking about other people survival while being in a luxury life. 2% of your subs might relate but the rest of it suffering.
let use our platform more wisely. if you really can’t control what happen now in Indonesia, you shouldn’t make this kind of content in the first place.",1 day ago,,,,0
https://www.youtube.com/watch?v=r1DSH9AQXLU,UgxlFuarfAHSLJ07tD54AaABAg,Youtube,@burhan1775,"Shame on you, Maudy. Touch some grass.",1 day ago,,,,0
https://www.youtube.com/watch?v=r1DSH9AQXLU,Ugz-FCIvVvUnfrxry5x4AaABAg,Youtube,@haniffebiansyah2018,WJWKWWKW TAI,1 day ago,,,,0
https://www.youtube.com/watch?v=r1DSH9AQXLU,Ugz1Yt4eirA2SNx_ez94AaABAg,Youtube,@omi_thecat-bt5qs,Take down sih kata gw mah. Just keep it for yourself.,1 day ago,,,,0
https://www.youtube.com/watch?v=r1DSH9AQXLU,UgwqWlX3dGvSv0JZ8Op4AaABAg,Youtube,@AtticusAlHikmah,"Nah kebuka deh, ternyata dibalik pintar itu ada jeleknya, tone deaf.",1 day ago,,,,0
https://www.youtube.com/watch?v=r1DSH9AQXLU,UgzoFd8OVmC1v8PkaiJ4AaABAg,Youtube,@demuru_0,Maudy Ayunda stoic era ygy pure aura😈😈,1 day ago,,,,0
https://www.youtube.com/watch?v=r1DSH9AQXLU,Ugzk9Msx-3VcV6GpALp4AaABAg,Youtube,@spicyboy2314,"She's right on the other side but yes, creating kind of this content in this situation such a tone deaf, especially when she's public figure yet  we all known she's privileged",1 day ago,,,,0
https://www.youtube.com/watch?v=r1DSH9AQXLU,Ugy3RCYNh9iysrh9rSd4AaABAg,Youtube,@ekapriasti114,Bad news menurut elu bad reality buat rakyat 😢,1 day ago,,,,0
https://www.youtube.com/watch?v=r1DSH9AQXLU,Ugy56lgJSGtZaA0jmU14AaABAg,Youtube,@imelkurnia8093,"YOUR BAD NEWS IS PEOPLE'S REALITY, MAUDY. HAVE SOME SHAME. LU PUNYA BRAND DADI NGERUK PUNYA WARGA LOKAL.",1 day ago,,,,0
https://www.youtube.com/watch?v=r1DSH9AQXLU,UgwDsXqp9BQF3g7UXFF4AaABAg,Youtube,@ciciliaamelia5553,"Minimal kalo kamu ga suka tuh diem aja maudy, keep sendiri buat diri kamu.
Negara kita emang ga baik-baik aja kok, kamu tuh tinggal di Indonesia bagian mana sampai hati nurani kamu ga kamu pake?
Kita semua juga cape sama bad news dari negara ini tapi apa kita bisa di IDGAF, ga!
Ga banyak yg beruntung kayak kamu dari bangun tidur sampai mau tidur lagi ga mikir besok mesti makan apa, uangnya darimana, kerja juga ga mencukupi kebutuhan hidup, semua orang berjuang. Napak tanah makanya biar tau rasanya hidup orang-orang yang berjuang dan harus terus berhadapan sama kabar ga baik terus dari negara ini.
Bohong kalo negara ini hancur kamu masih stay, You have the privilege of leaving this country whenever you want, with enough money to make sure you’ll be just fine. So maybe think twice before preaching about the situation while everyone else is the one who has to live through it. It’s easy to have an opinion when you’re already in a position to walk away from the consequences.",1 day ago,,,,0
https://www.youtube.com/watch?v=r1DSH9AQXLU,UgxZQ9MGW-feQI2NECl4AaABAg,Youtube,@annebakker6449,huff meanwhile dia bikin konten sambil nyiapin sarapan yang nyaman. Temen2 di kalimantan mana bisa. Mau nafas aja keganggu🥺😭😭,1 day ago,,,,0
https://www.youtube.com/watch?v=r1DSH9AQXLU,UgxlRybb8A_gsDUE35V4AaABAg,Youtube,@zahranofitri7512,"enak bgt ya ngomongnya, kamu mah enak gak kena dampak langsung dari ""bad news"" tsb, emg dasar nirempati udh mendarah daging ya TONE DEAF final boss🥲",1 day ago,,,,0
https://www.youtube.com/watch?v=r1DSH9AQXLU,Ugyh6YQFIb6IWmYwxsJ4AaABAg,Youtube,@bbq3533,Tone deaf abis,1 day ago,,,,0
https://www.youtube.com/watch?v=r1DSH9AQXLU,Ugwj-bZCdL93KuZVVSN4AaABAg,Youtube,@ardhiramadhana2053,BUZZER WOWOK!!!! YA LU ORANG KAYA JADI HIDUP LU ENAK GA USAH MIKIRIN UGAL2AN PEMERINTAH!!! KALAU LU GA MAU BANTU RAKYAT MINIMAL JANGAN ATUR RAKYAT BUAT TONE DEAF DONG BGST!!!,1 day ago,,,,0
https://www.youtube.com/watch?v=r1DSH9AQXLU,UgxnNG8I70rx2rKf03d4AaABAg,Youtube,@sulthonsauqiofficial8854,ngomong nih sama tembok.,1 day ago,,,,0
https://www.youtube.com/watch?v=r1DSH9AQXLU,UgyGYRX_DvBgdP6zF5Z4AaABAg,Youtube,@djhuzay,"Ketika ada saudara kita di daerah lain, utk nafas aja mereka kesulitan. Bahkan mereka sampe terpisah sm keluarga nya. Anda yg masih bisa makan enyak, masak di dapur nyaman, dg alat2 yg canggih dan mahal, dg bahan masak yg premium, kemana2 akses mudah dan aman. Terlalu banyak privilege memang yah hidup mu. Ga tepat loh ngomongin ini. Buat sendiri aja Mod, telen sendiri.

Mindfulness bgt apa kurang empati nih Mod😅😂",1 day ago,,,,0
https://www.youtube.com/watch?v=r1DSH9AQXLU,UgxXA00aEZIP8XTJYxJ4AaABAg,Youtube,@shinovid8446,kok bisa ya pintar dan bodoh secara bersamaan 😄,1 day ago,,,,0
https://www.youtube.com/watch?v=r1DSH9AQXLU,UgzhHix5CR-qXdLYTHV4AaABAg,Youtube,@admiringsas,"Shame of you, sekali tone deaf teteplah tone deaf",1 day ago,,,,0
https://www.youtube.com/watch?v=r1DSH9AQXLU,UgypPTJBuwMOZFC1fhR4AaABAg,Youtube,@abel7974,bilang ke pemerintah biar kerja yg bener. kl mereka kerja dg baik kan kemungkinan kecil km baca BAD NEWS,1 day ago,,,,0
https://www.youtube.com/watch?v=r1DSH9AQXLU,Ugz_S6_Aoil0NAWHX9F4AaABAg,Youtube,@cheesecakes-00,"padahal aku pernah jadiin kamu role model aku kak, tp setelah ini enggak. gak nyangka dgn punya platform gede dimana mana kamu pilih ""mengunci"" diri kamu dari bad news ini. yg dimana kamu gk merasakan sendiri ya dampaknya😂",1 day ago,,,,0
https://www.youtube.com/watch?v=r1DSH9AQXLU,Ugwk5IUnEmZt-035SsF4AaABAg,Youtube,@LactobaSILus-tb1wp,"Must be nice bisa milih buat ""menutup jendela"" dari bad news sementara orang2 di luar sana pintunya roboh kena dampak kebijakan. Ignorance is a luxury only the privileged can afford!!

yahh selamat deh kak buat kondisi kak maudy, gatau lagi aku harus bilang apa:)",1 day ago,,,,0
https://www.youtube.com/watch?v=r1DSH9AQXLU,Ugx3-bhNrK1UE_-9-st4AaABAg,Youtube,@hejobujo,"wow not in my bingo list bakalan unsubs maudy karena tonedeaf :) mungkin kalo kita bangun tidur di tempat nyaman ber-AC, kasur empuk, dan udara tanpa asap ga bakal bisa ngomong mindfulness in the bad news :)",1 day ago,,,,0
https://www.youtube.com/watch?v=r1DSH9AQXLU,Ugxki96zeugb8PaYZnl4AaABAg,Youtube,@chsecakes,"sekalian bersih2 sih jadi kita tau artis2 tone deaf gini no longer deserve fame or our attention. ga nyangka sih, you such a big person loh kak. lo mungkin baru bersuara kalo dampaknya kena di lo. napak tanah kak.",1 day ago,,,,0
https://www.youtube.com/watch?v=r1DSH9AQXLU,UgxE9-2RTUh5w9XQXKR4AaABAg,Youtube,@xiaocrownyx1433,"quick act surprised gais wkwkwkk, dy Maudy. lo pas sekolah bukan pake duit pemerintah ye, tapi duit PAJAK RAKYAT. lo harusnya tau diri dan gunain privellege lo buat speak up kebobrokan pemerintah. entengnya nganggep semua ini sebagai ""negativity"" dimana orang² lain yg gapunya privellege kek lo mati matian survive, asap karhutla tuh gede bukan cuma asap kecil doang. bbm juga susah, anak anak banyak keracunan mbg sekarang, dan lo kek gini? ahhh tapi ga yakin juga komen² orang lain lu baca, wong pasti dimute duluan kan wkwkwkw tau gw😂😂 capek ah males. orang² kek lo punya banyak pilihan karena punya privellege dan lo milih buat jadi tone deaf, shame on u maudy!",1 day ago (edited),,,,0
https://www.youtube.com/watch?v=r1DSH9AQXLU,UgzwoJFmS-aTJjvS7MR4AaABAg,Youtube,@rmdhnft5357,"Living in the age of bad news? Really?

Look at what privilege gave born, tone deaf person. For us people it is more like living the bad news. People have enough escapism already because that 'bad news' is their reality meanwhile you, yea you, i'm pointing my finger at you, everything you said in this vlog while showing all of your privilege comes from you having the privilege, but to be entitled to simplify it so much in current situation?

What you called by bad news is something really happening, right now. Maybe it is something that doesn't affect you so bad, but it is to some of us people.

Heck, like you're not privileged enough but instead go with fully funded scholarship paid by our money, people's money. So that's it, cover your ear like what you did when you feast on us.",1 day ago,,,,0
https://www.youtube.com/watch?v=r1DSH9AQXLU,Ugy54M9KzlygQmXJnLN4AaABAg,Youtube,@seasaltscent,posting is optional btw. kok bisa kuliah pake lpdp (not to mention u come from a wealthy family) tp tone deaf.,1 day ago,,,,0
https://www.youtube.com/watch?v=r1DSH9AQXLU,UgytYeH3ymTpVjnHQhl4AaABAg,Youtube,@destirobbia,"Lagi ada masalah apa maudy? Sehingga bisa kecolongan buat video ini? Gak dipikirin dulu kah?…. Pas edit pasti gini kan? “Eh kok gue ngomong gini ya?” Apa engga? Atau emang km ngerasa hal ini bener gitu?
Engga maudy km gak berdaya dgn apa yg kamu punya.. kecerdasanmu, keuanganmu, kesehatanmu, ketenaranmu dll… dibanding kami, tp kamu ternyata lebih memilih menutup mata demi mental kamu, demi kesehatan kamu.",1 day ago,,,,0
https://www.youtube.com/watch?v=r1DSH9AQXLU,Ugyb2C60f3xcnnDnjiZ4AaABAg,Youtube,@mindadadam4378,"org mau mindfullness tuh terserah ya tapi video ini tuh diunggah dengan urgensi apasih sebenernya? tujuannya apa? spreading positivity? it's not time for it ga pada tempatnya banget sih posting ini di saat banyak orang yg suffering by things that you called bad news, that bad news isn't fiction those are real things that happening rn, there are real people being affected by them dengan konten begini tuh sama aja ga respect sama penderitaan orang orang yg beneran terdampak sama kejadian kejadian buruk itu, kamu kan artis ya punya platform yg cukup besar punya fans yg bisa aja terinfluence dari kamu kok bisa malah milih bikin konten begini?",1 day ago (edited),,,,0
https://www.youtube.com/watch?v=r1DSH9AQXLU,UgyJYyB3_8yudd4wTN14AaABAg,Youtube,@toangeltoyou,"Your bad news is a disaster for other people, Maudy Ayunda.",1 day ago,,,,0
https://www.youtube.com/watch?v=r1DSH9AQXLU,UgyktiOY-4NMMCiqfWR4AaABAg,Youtube,@Ayu-h8h9x,"bisa bisanya lu bilang ini “news” padahal bahwasanya ini REALITA buat orang orang yang mengalami. KAK lu kalau gapernah terjun, gausah sok sok buat mindfulness deh, keep it urself aja. Percuman disekolahin pake duit negara pada akhirnya bakal jadi BUDEK sama warganya sendiri. gila.",1 day ago,,,,0
https://www.youtube.com/watch?v=r1DSH9AQXLU,UgxxZB10Gwg3AxkTT454AaABAg,Youtube,@slytherinserpent73,Wow it is crazy coming from someone who utilize indonesia's resources and use it as their skin care line....you are just like them who abuse their power to took everything from the smallfolk without care of their wellbeing...shame on u,1 day ago,,,,0
https://www.youtube.com/watch?v=r1DSH9AQXLU,UgzltyM4ckF93lUXPeF4AaABAg,Youtube,@islaarfijunianti6511,"Otak bisa diasah untuk menjadi pintar, gelar bisa dikejar dengan menempuh pendidikan, tapi bagaimana caranya membangun empati? Tidak semua ""orang pintar dan berpendidikan"" memiliki empati.",1 day ago,,,,0
https://www.youtube.com/watch?v=r1DSH9AQXLU,UgyuRsXQRWAEnwvJGJd4AaABAg,Youtube,@untilbloom3080,Let them eat cake. Shame Maudy,1 day ago,,,,0
https://www.youtube.com/watch?v=r1DSH9AQXLU,UgwUWQXMZI_2CUdsJDJ4AaABAg,Youtube,@RonaldNababan,imagine having that much privilege and still choosing to be completely tone deaf,1 day ago,,,,0
https://www.youtube.com/watch?v=r1DSH9AQXLU,UgxpKJ7x5nyqVZh8dQN4AaABAg,Youtube,@irwanto_2407,Lu bener2 ya maudy... se tone deaf itu ternyata,1 day ago,,,,0
https://www.youtube.com/watch?v=r1DSH9AQXLU,Ugxsh75ZmpNOPpYu9ol4AaABAg,Youtube,@temanbaikmuella,"KAKKK KALO KAMU HIDUP KAYAK RATA2 ORANG INDO, SERIUS BISA SPEAK UP BEGINI?? DI KEADAAN MACAM NIHHH",1 day ago,,,,0
https://www.youtube.com/watch?v=r1DSH9AQXLU,UgwPdIC659TBuvndgp14AaABAg,Youtube,@beencore,"Kak, konten yg kamu baca itu bukan cuman ""konten"" itu human's life and human condition😅",1 day ago,,,,0
https://www.youtube.com/watch?v=r1DSH9AQXLU,UgwJArIVkxsBwW7aJwh4AaABAg,Youtube,@muftibaihaqi5578,"It's called tone deaf, not mindfulness that you trying to preach here. We the privilage should AT THE VERY LEAST put some emphaty towards those who has been affected with whatever is wrong with this world.",1 day ago (edited),,,,0
https://www.youtube.com/watch?v=r1DSH9AQXLU,Ugy55poCSEiSA8BoNwN4AaABAg,Youtube,@raraaw-2617,"hmm agak kecewa😮‍💨 i understand the intention, but choosing to upload it with ur huge influence is another thing. imagine your fans coming from affected areas, those are not only bad news, it's bad reality for them💔",1 day ago,,,,0
https://www.youtube.com/watch?v=r1DSH9AQXLU,Ugzeuia2AVMz0C6YIfd4AaABAg,Youtube,@Abdullahtf,Keren banget Gweh,1 day ago,,,,0
https://www.youtube.com/watch?v=r1DSH9AQXLU,UgwSY_PyUs375mxDfcx4AaABAg,Youtube,@wishtobea__cloud,PADAHAL ELU KAN PAKAI LPDP,1 day ago,,,,0
https://www.youtube.com/watch?v=r1DSH9AQXLU,UgyVkmY-hqhCNIYc_G54AaABAg,Youtube,@wishtobea__cloud,"welcome to the death of celebrity era. gue unsuscribe. gak banget lu, kak.",1 day ago,,,,0
https://www.youtube.com/watch?v=r1DSH9AQXLU,UgxC0apbkC06Z6xdrml4AaABAg,Youtube,@anittaan9911,"Masih ngomongin mindfulness soalnya periuknya masih aman. Coba aja periuk rumah tangganya kocar kacir, boro-boro mindful, ga gila aja udah hebat. (Dan siapa yang periuknya kocar kacir karena pemerintahan butut dan bencana alam after bencana alam? Tentu saja sebagian besar penduduk Indonesia yang tidak memiliki keterikatan dan tidak mendapat keutamaan dari para oligarki negeri)",1 day ago (edited),,,,0
https://www.youtube.com/watch?v=r1DSH9AQXLU,Ugwg0xZiFoa3idLirSp4AaABAg,Youtube,@goysebumm,"gila sih lu bakal milih posisi itu, apa sih yang ada di pikiran lu sewaktu bikin video ini? tpi ya udhla orang yang dah nyaman hidup pasti juga ga mau cape cape bersuara buat hidup orang lain yang lebih berdampak tapi gue ga pernah nyangka lu begini jadi udah aja deh ga usah sok vokal lagi",1 day ago,,,,0
https://www.youtube.com/watch?v=r1DSH9AQXLU,UgyaBagEkF2eXBi5nPh4AaABAg,Youtube,@alwimln,Hebat sekali prestasi Kak Maudy sebagai JUARA TONE DEAF.,1 day ago,,,,0
https://www.youtube.com/watch?v=r1DSH9AQXLU,Ugw_US5FL2eeyn3Tfdp4AaABAg,Youtube,@hazelminerva9703,you are the bad new maudy,1 day ago,,,,0
https://www.youtube.com/watch?v=r1DSH9AQXLU,Ugz9-o1Cd4CL5ODOSpt4AaABAg,Youtube,@salwaa369,"Sorry to say, tapi kamu beneran tone deaf dan buatku ini beneran menjijikan melihat apa yang terjadi belakangan ke rakyat yang duit pajaknya udh dipake buat bayarin sekolahmu. Kalo kamu nggak mau speak up mending diem. Kalo kamu nggak tau susahnya hidup di tengah kabut asap, reruntuhan gempa, bahkan sisa-sisa banjir bandang, minimal kamu napak tanah. 

Di tengah kondisi orang-orang hidup mode survival gini gausah ngajarin buat mindfulness dan stoic apalah tai kucing. Kamu ini nggak pernah speak up sekalinya speak up malah ngajak orang buat tone deaf. Mending keep aja pemikiranmu yang kaya gini buat dirimu sendiri atau circlemu. Because your 'bad news' is a 'bad reality' for others. 

Lain kali gunakan otak pintarmu untuk baca kondisi sekitar sebelum bikin konten kaya gini. Kamu itu public figure, punya platform besar, pernah kuliah pake uang rakyat juga, jadi harusnya bisa lebih aware sama kondisi rakyat lah. Empatinya itu tolong dipake.",1 day ago (edited),,,,0
https://www.youtube.com/watch?v=r1DSH9AQXLU,UgzkYO99R09HEsq24oN4AaABAg,Youtube,@littleforeststory,"we're all overwhelmed here. and if other people's suffering is only a negativity to you, it's crystal clear now how you only use your mega platform for raking in cash from middle-low class while refusing to speak out for them. stop using embel-embel mindfulness, stoic, whatever for your tone deaf attitude.",1 day ago,,,,0
https://www.youtube.com/watch?v=r1DSH9AQXLU,UgyVb_fX2IY5Z3L_Ppt4AaABAg,Youtube,@zaneruru,"Bagi Anda, semua ini hanya bad news yang bikin pusing. Tapi bagi mereka yang ada di Kalimantan, NTT, Aceh, Papua, dan kota-kota lainnya yang mengalami, semua ini adalah bad reality. Bad news bikin Anda pusing, tapi kenyataannya semua ini lebih dari sekadar bikin pusing bagi mereka; asap karhutla di Kalimantan bisa bikin sakit dan menderita.

Please do better. You owe your platform to the very people who are struggling right now. Show some empathy and use your massive reach to speak up for what matters.",1 day ago,,,,0
https://www.youtube.com/watch?v=r1DSH9AQXLU,Ugy7Q6qb09wYX4Jr_xF4AaABAg,Youtube,@amalapupu,PREEETTTTT!!!,1 day ago,,,,0
https://www.youtube.com/watch?v=r1DSH9AQXLU,Ugzy2WbG7YQHt_Ob78R4AaABAg,Youtube,@hahengggggggg,"yah blunder kamu maud, tone deafffffff, ngajak ngajakin orang buat tone deaff, cancel ga si",1 day ago,,,,0
https://www.youtube.com/watch?v=r1DSH9AQXLU,UgxqZwEeID7q_QDTC-p4AaABAg,Youtube,@AndhianiSharfinaArnellya,Nonton dulu sebelum ditake down dan blio klarifikasi/minta maaf wqwq,1 day ago,,,,0
https://www.youtube.com/watch?v=r1DSH9AQXLU,UgypRzRZW4yjO61m8ip4AaABAg,Youtube,@usro1143,"Kak bagimu bad news, bagi kami bad reality. Bayangin udah tahun 2026, listrik, air, udara bersih & keamanan itu suatu kemewahan buat kami. 
Kita tau pemerintah kalo ga didesak ga bakalan langsung kerja, jadi orang² bersuara itu sangat amat membantu kami. Okelah kalo kakak punya pilihan untuk fokus ke diri sendiri tapi mengajak orang lain buat sama² tutup telinga sama aja menghambat kami yang masih kesusahan 😢",1 day ago,,,,0
https://www.youtube.com/watch?v=r1DSH9AQXLU,UgxXULO_hjchJVdpext4AaABAg,Youtube,@rainysunflower5558,"I dont knw orng org yg bad comment nntn full ga sihh…. Knp bisa maudy dibilang tone deaff, dia loh bilang sgt concern tp dia mrasa sgt overwhelmed basue cantdoayanhng abut that… trs jg mentalityy dia gbsa buat meproses itu scra brsamaannn….. please kk maudyy dont listen to them keep continu cintribute with small things…. Kepp going",1 day ago,,,,0
https://www.youtube.com/watch?v=r1DSH9AQXLU,UgyD4diBIC3Q-w5-fDN4AaABAg,Youtube,@elektra_pop,Ew. Just ew. Kiss your career goodbye girl because the ones with brains are SURE not going to be able to see your face without their gag reflex activated.,1 day ago,,,,0
https://www.youtube.com/watch?v=r1DSH9AQXLU,UgxCioobKSbYWveub2B4AaABAg,Youtube,@ialfionita,"ringkasnya kak maudy udah kasih dampak bad news based on science dan alasan overwhelmed, yg pastinya kita semua pernah rasain saat ini di lautan berita buruk. dia juga jelasin mental sanity tuh penting krn kita gabisa full mengonsumsi hal negatif yg bikin otak makin stuck ovt dan malah terpengaruh negatif itu.
it's okay klo emg mau tau lebih but she also said to balancing in the other way, krn bagaimanapun kita tetep bisa peduli klo kita tau real situation dan solution nya
kita semua juga ada kesibukan dan kehidupan masing2 yg pasti gamau terganggu krn negativity yg kita konsumsi dari sosmed
so please mind your behavior she's already did what she can done and being melek di sosmed nya, if you think she's not giving the best tips here just leave and watch others pls",1 day ago,,,,0
https://www.youtube.com/watch?v=r1DSH9AQXLU,Ugw-SzMADiBemhp-tpF4AaABAg,Youtube,@O.Oxximsly,"Mengingat betapa banyak missinformasi setelah kejadian oct 7 tentang Palestina. Saya ngga cape bantu mereka di twitter meluruskan missinformasi dari Israel. Rasanya berat banget karena dikit yang bela Palestina. Sekarang banyak yang bela Palestina dimana mana. Orang orang berjuang untuk bersuara, untuk mengedukasi. I don't have a big platform but i have to do it because who will? SHAME ON YOU MOUDY THE CLOUDY!",1 day ago,,,,0
https://www.youtube.com/watch?v=r1DSH9AQXLU,Ugw6IsDNJKU-qFi3_fV4AaABAg,Youtube,@m3ow-f9c,"Di saat Sherina turun langsung ke Kalimantan utk melihat, merasakan, dan menceritakan betapa sulitnya hanya untuk bernapas di sana bagi manusia dan hewan, di sini kamu sibuk dengan 💅mindfulness💅 💅shooing away ""negativity""💅 💅avoiding bad news💅 wkwkwk bagaikan langit dan bumi.",1 day ago,,,,0
https://www.youtube.com/watch?v=r1DSH9AQXLU,UgxLt4HVV-c5X_AcVIZ4AaABAg,Youtube,@Turquoiseism-w9w,"Bener, pasti capek setiap hari disuguhi berita yang gak mengenakan, tpi that 'Bad News' isn't just 'Bad News' Itu realita seseorang, realita Kita. 

Jadi tolong, walaupun capek, tapi mereka yang ngerasain lebih capek, mereka yang kena dampaknya lebih capek. The least we could do is bersuara di media sosial, dan donasi.",1 day ago,,,,0
https://www.youtube.com/watch?v=r1DSH9AQXLU,Ugz-AIfbKvRxIffeDnV4AaABAg,Youtube,@gxbynirvana636,Riil tone deaf final boss,1 day ago,,,,0
https://www.youtube.com/watch?v=r1DSH9AQXLU,UgzxgxlIocGAypXljf54AaABAg,Youtube,@Kila-q1y,"Kak Maudy, semoga kaka one day merasakan berada di posisi orang yang menjadi bad news itu. :""( 
Mudah saja untuk orang berprivilege mengatakan tutup jendela berita buruk, tapi sebagai penyintas berita buruk itu there's no choice. Daripada ngajak orang tutup telingga, baiknya kaka ngajak orang² untuk saling bantu. Tenang dengan saling doa. 
Semoga kaka merasakan menjadi penyintas bad news ini, antri 7 jam di spbu, listrik dimatikan, kesana kemari di bawah terik matahari, dapat asap hutan, jadi korban kebijakan ngawur pemerintah",1 day ago (edited),,,,1
https://www.youtube.com/watch?v=r1DSH9AQXLU,Ugz2saLNSvxKOyacxgZ4AaABAg,Youtube,@DerangedLoathedSelf,GIRL YOURE SO FUNNY KAU SURUHLAH MINDFULNESS ORANG DI TENDA PENGUNGSIAN DI ACEH SANA UDAH MAU SETAHUN APA YANG DI NTT KAU SURUH COBAK ANAK2 YG MUNTAH MBG DI IGD MINDFULNESS COBAK YG PAKEK MASKER KARENA KARHUTLA SAMPEK ISPA SESAK NAPAS YG ANTRI BENSIN 3 JAM  DI MAKASSAR SANA YANG CUMA LISTRIK MATI BELASAN JAM DI KAU CUMA NEWS ALSO YOURE NOT THE VICTIM BETTER TALK ABOUT SOMETHING ELSE LA MAKAN LA MINDFULLNESS ITU WHY ARE WE EVEN CENTERING YOU BECAUSE YOU READ THE NEWS??? KEK BEPIKIR LA DULU KAU COBAK LAWAK KALI BAH KUTENGOK LAMA2 INFLUENCER SELEB INI,1 day ago,,,,0
https://www.youtube.com/watch?v=r1DSH9AQXLU,UgxzCOq0WcOSqHL5ALp4AaABAg,Youtube,@ccnticecream,"Its bad news for you, but its bad reality for some people, maudy",1 day ago,,,,0
https://www.youtube.com/watch?v=r1DSH9AQXLU,UgxtFNi5U4ZBT3uyCpN4AaABAg,Youtube,@MinawariHynn,"I do not wish to use ad hominem to say this but how you went to columbia and stanford while forming really tone deaf argument. It's not just bad news, it's really reality of our country. Baru kerasa ""akhir-akhir ini"" karena itu mulai masuk bubble circle Mbak Maudy pasti. In reality, it's always been this bad.

Protecting mental health is important but also filtering what you are going to sat publicly as someone who's been established celebrity. 

Bisa memilih untuk nggak berbicara samsek soal politik atau bisa partial funding sekolah di ivy itu politik. It's not something you could pick and choose. Kalo politiknya menjanjikan Anda akan mengambil keuntungan dari program pemerintah dan kelayakan hidup yang juga merupakan produk politik. Kalau politiknya buruk Anda akan sangat individualis dan protecting your inner peace. Apakah bukan hal yang hipokrit?",1 day ago,,,,0
https://www.youtube.com/watch?v=r1DSH9AQXLU,UgwwLRD4ErSyVBHI4OJ4AaABAg,Youtube,@arrumrinilam,"Enak banget emang kalo ngomong, situ mah enak cuma dapat ""news"" nya aja lah kita yang di sini ngalamin secara langsung, asap akibat karhutla, bbm langka, SDA yang terus dikeruk tapi gak jadi prioritas pemerintah saat semua hal buruk yang terjadi. Situ cuma dapet ""news"" nya aja bilang capek lah kita yang ngadepin secara langsung ini gimana? Diem aja harusnya kalo emang gak berani speak up, ini sekalinya ngomong malahan ngebuat marah yang denger",1 day ago,,,,0
https://www.youtube.com/watch?v=r1DSH9AQXLU,Ugww1A10lxDpMoQ7R4J4AaABAg,Youtube,@farisfaqih8990,tone deaf finall bosss,1 day ago,,,,0
https://www.youtube.com/watch?v=r1DSH9AQXLU,Ugxvso5dtsnieDhbtLJ4AaABAg,Youtube,@ratnawidyaningrum8034,"Melihat penderitaan orang bukannya simpati, malah bikin video kayak gini. Mengecewakan. 🤮",1 day ago,,,,0
https://www.youtube.com/watch?v=r1DSH9AQXLU,Ugw7hxPPW4znvMWm6994AaABAg,Youtube,@hendrasetyawan7657,Tone deaf final boss 👏👏👏👏👏,1 day ago,,,,0
https://www.youtube.com/watch?v=r1DSH9AQXLU,UgyOxGnZR8JguxBLQDB4AaABAg,Youtube,@thopansyah,oh se-tone-deaf itu ternyata ya,1 day ago,,,,0
https://www.youtube.com/watch?v=r1DSH9AQXLU,UgyXD3HAADB6gpkyZ7d4AaABAg,Youtube,@frankalbert8803,"You should rethink this video post buk, when you won't be able to exploit the resources of this country and claimed ""from this island""...just sayin' 🙈🙉🙊",1 day ago,,,,0
https://www.youtube.com/watch?v=r1DSH9AQXLU,UgxnmmB8z7Cl2lH6JOZ4AaABAg,Youtube,@jellato7954,"wow, never expected something like this dri mulut km kak maudy. semoga km baca dan merenungkan komen komen org yg berhadapan langsung soal ""bad news"" yg emg menimpa mereka ya. buat kita yg ga merasa dan liat berita aja udh pusing, but itu problem realita yg mereka beneran hadapi, ada org yg beneran ngadepin itu.",1 day ago,,,,1
https://www.youtube.com/watch?v=r1DSH9AQXLU,Ugx6f0esz84jPdwh-n54AaABAg,Youtube,@winakhairunnisans5533,"Mbak maudy, kita emang punya pilihan untuk ignore bad news di Indo. Tapi kita gabisa ignore penderitaan sesama mahluk tuhan di negara yang kita tinggali. Orang-orang lagi sesak dikepung asap, siswa keracunan MBG, so mant people kena layoff dan kehilangan pekerjaan, semakin bayak pengangguran sarjana karena tidak ada lapangan pekerjaan yg layak, antre BBM berjam jam, pemadaman bergilir, susah bahkan untuk beli bahan pokok karena MAHAL. Bagi kamu yang tidur nyaman, makan kenyang, mungkin cuma bad news. Tapi bagi orang-orang di luar sana termasuk saya, this isn’t just bad news. This is our own fucking reality.

Kalau gamau bantu bersuara, lebih baik diem, gausa influence orang lain sok mindfullness apalah.",1 day ago,,,,0
https://www.youtube.com/watch?v=r1DSH9AQXLU,UgzNPI5u1340hS1WJyl4AaABAg,Youtube,@7chill-morningstar,"Sorry, maybe next time you should explain your point with Bahasa Indonesia and simpler language. Tbh, my unprivilege brain cant even understand what youre talking about. The one who gets overwhelmed by the bad news is not the privilege one, Maudy. Many of them are people that maybe cant comprehent anything that you said. Next time, if you wanted to share your mind with the things that close to the grass root, use Bahasa Indonesia. If you cant, maybe just keep your thought for yourself. It's also a mindfullness.",1 day ago (edited),,,,0
https://www.youtube.com/watch?v=r1DSH9AQXLU,Ugw17LTN12MyLYvJ4Bp4AaABAg,Youtube,@bruhdoe2984,The death of celebrity worship era is here folks. Good riddance,1 day ago,,,,0
https://www.youtube.com/watch?v=r1DSH9AQXLU,Ugyxjz652cozADVv75B4AaABAg,Youtube,@fatikahizza5628,serius seorang maudy kaya gini ? kyny komen2 netijen jg kg bkl dbaca soalnya bad smua buat dia😂😂,1 day ago,,,,0
https://www.youtube.com/watch?v=r1DSH9AQXLU,UgyNitLL6bfIjpT2cxx4AaABAg,Youtube,@Keeva-z9k,"It’s bad news for you, but it’s a bad reality for us. Oh, I wish I could leave this country and marry someone from abroad. Whenever I feel like I can’t deal with this shit in this country anymore, I’ll just leave. Ahh duit pajak kami dipake cuma untuk menghasilkan orang ignorant begini shitmen..",1 day ago,,,,0
https://www.youtube.com/watch?v=r1DSH9AQXLU,UgyPP5rLGLBEL4e6FE14AaABAg,Youtube,@Jays.17,NIREMPATI PARAH NI ORANG...,1 day ago,,,,0
https://www.youtube.com/watch?v=r1DSH9AQXLU,UgzCyA14lEnKJAtufeV4AaABAg,Youtube,@nurindahiriana4603,Kritik = negatif (?) hah wdym maudy?,1 day ago,,,,0
https://www.youtube.com/watch?v=r1DSH9AQXLU,UgzXWRbu2lTsxNGWWmd4AaABAg,Youtube,@zahraaliyah6249,"ENAK YA MAUDY, BAGI ELU MAH ""BAD NEWS"" LAH BAGI KITA MAH ""BAD REALITY"" LU KALO UDAH MUAK JADI WNI BISA PINDAH NEGARA.. KAMI DI SINI YANG GAK PUNYA PRIVILEGE DAN TERJEBAK DALAM KEMISKINAN STRUKTURAL TERPAKSA NERIMA KEADAAN SAMPE MATI DI NERAKA INDONESIA. JADI KATA GUE MAH LU MENDING DIEM AJA KARENA JATOHNYA LU KELIATAN KEK ORANG IGNORANT 11 12 SAMA PRABOWO.",1 day ago,,,,0
https://www.youtube.com/watch?v=r1DSH9AQXLU,UgxR1zMa9EH0Bgw5-9p4AaABAg,Youtube,@didosujaya4840,"suffered people mbak tepatnya, and it ain't merely bad news",1 day ago,,,,0
https://www.youtube.com/watch?v=r1DSH9AQXLU,UgzmbmTAoUDt01PK4dh4AaABAg,Youtube,@darmasetyabudi2230,Gile ga nyangka seBUDEK ini ternyata doi,1 day ago,,,,0
https://www.youtube.com/watch?v=r1DSH9AQXLU,UgykXUA0-2OYDA-oQmh4AaABAg,Youtube,@clvdypeaches1067,tone deaf,1 day ago,,,,0
https://www.youtube.com/watch?v=r1DSH9AQXLU,UgwHA317m1ppH3DL4D94AaABAg,Youtube,@ylovemeright,"Kak sorry yaa, kita udh ga se jalan jdi aku unsubscribe",1 day ago,,,,0
https://www.youtube.com/watch?v=r1DSH9AQXLU,UgzweJ3CDJXY9iZ6JI14AaABAg,Youtube,@bassgirl2925,Tone deaf: boss level,1 day ago,,,,0
https://www.youtube.com/watch?v=r1DSH9AQXLU,UgwSFoArxtD0EOnzeLx4AaABAg,Youtube,@nurshintaratnawulan8219,"Bye maudy, thank you for showing off  Kamu sangat positif sekali untuk dirimu sendiri.",1 day ago,,,,0
https://www.youtube.com/watch?v=r1DSH9AQXLU,Ugy5Uu3q7wM-ACr4XjB4AaABAg,Youtube,@buzzingbees6096,bubarin aja produk skinker lu yg pake brandingan bahan bahan alam indonesia kalo GAMAU peduli sama kondisi di sini.,1 day ago,,,,0
https://www.youtube.com/watch?v=r1DSH9AQXLU,UgzLIPh-xuNs1h9Z25d4AaABAg,Youtube,@telorrrebusss,tone deaf final boss,1 day ago,,,,0
https://www.youtube.com/watch?v=r1DSH9AQXLU,UgxRbPVzRdsqs2-uHgR4AaABAg,Youtube,@Pembalapkarung00,"Yang kamu sebut bad news itu realita hidup orang lain mba. Turun dulu deh dari menara gadingnya, napak tanah dulu.",1 day ago,,,,0
https://www.youtube.com/watch?v=r1DSH9AQXLU,UgzxgxlIocGAypXljf54AaABAg.Aafx9fovw5eAah7ZHx-qq9,Youtube,@KecPuncu,Aamiin,14 hours ago,,,,0
https://www.youtube.com/watch?v=r1DSH9AQXLU,UgxnmmB8z7Cl2lH6JOZ4AaABAg.Aafw3KYFa4XAag2OK-QXwQ,Youtube,@bloomingfleurr,You lost the point of this viedo girl,1 day ago,,,,0
https://www.youtube.com/watch?v=r1DSH9AQXLU,Ugx_w70veLXmJQabnp14AaABAg,Youtube,@buzzingbees6096,"theres no such thing as bad news, maudy. only NEWS. kl dirasa beritanya buruk YA KARENA KONDISINYA EMANG LAGI BURUK.",1 day ago,,,,0
https://www.youtube.com/watch?v=r1DSH9AQXLU,UgzAQIeKpJpBIQ0_agN4AaABAg,Youtube,@almaseydoux,"Mindset kayak gini adalah tipe pemikiran masyarakat yang disukai banget sama pemerintah. Pemerintah mah enak, mereka akan terus melakukan kebijakan bodoh, corruption, dan berkata blunder, karena yaa gak ada konsekuensi dan tekanan dari masyarakat itu sendiri. Sama aja kek pemerintah ngomong ""Ah, masyarakat gue mah cuek, gue mau ngapain aja bebas, mereka gak bakal peduli soal gue."" 😅",1 day ago,,,,0
https://www.youtube.com/watch?v=r1DSH9AQXLU,UgwsV24kS8f7fkOVxlB4AaABAg,Youtube,@buzzingbees6096,kuliah sampe oxford tu apasih yg dipelajari.,1 day ago,,,,0
https://www.youtube.com/watch?v=r1DSH9AQXLU,UgztUFlfukoazBqDGmZ4AaABAg,Youtube,@Aerixion,Even the title is sickening me,1 day ago,,,,0
https://www.youtube.com/watch?v=r1DSH9AQXLU,Ugx7Gl4W6XS08HnIIfV4AaABAg,Youtube,@ayuniayuni92,"Tapi tapi tapi..kak kalo soal permasalahan negara/kehidupan/lingkungan yg masif yg dihadapi Indo ini gabisa dihadapi dgn stoic 😅 krn 1 tindakan/langkah kecil kita itu akan sangat berpengaruh/berimpact justru kita hrs mengajak secara masif dan sebanyak banyaknya individu utk bertindak atau mininal aware agar kebaikan/""positivity"" bisa berimpact lebih besar lagi 😊",1 day ago (edited),,,,0
https://www.youtube.com/watch?v=r1DSH9AQXLU,UgzDz_yzL47Op6ojbp14AaABAg,Youtube,@ayukaaru,"Oh, here she is preaching about  so called ""mindfulness in the age of bad news"" from her fancy kitchen, in her fancy mansion, while cooking her breakfast of sunny side eggs and cottage cheese. Sementara itu,  kami kami kaum menengah sampai kesulitan buat survive sebagai karjimut di tengah pergolakan harga telor, beras, ayam, bahan pokok lainnya yang sekarang harganya udah ga ngotak  gegara MBG yang bikin anak anak sekolahan keracunan,  korban gempa NTT masih ngungsi di tenda seadanya, warga Kalimantan, Sulawesi, dan Sumatra masih berjuang menghadapi asap karhutla dan krisis BBM langka serta mati lampu (apparently, all of those things are her so called bad news, huh?).  

Minimal speak up sih, instead of staying silent for her own comfortable life

Lupa kali ya, dia sekolah  S2 dan bisa lulus dari Ivy League  campus (hmm double major ga sih dari 2 kampus!), itu semua dibiayain LPDP. 

Dari mana duitnya????
Ya, sumber pajaak rakyat jelataaa! 

This aint it, Maudy.  Shame on you and your classist tone deaf self.",1 day ago,,,,0
https://www.youtube.com/watch?v=r1DSH9AQXLU,UgyR7M3R58BlJTJ68jB4AaABAg,Youtube,@itsaeon6288,"Tone deaf final boss. Lu enak punya privilese buat milih kapan mau peduli kapan mau healing. Bagi rakyat kecil, berita buruk itu bukan konten di layar HP yang tinggal di swipe, tapi kenyataan hidup yang harus dihadapi tiap bangun pagi",1 day ago,,,,0
https://www.youtube.com/watch?v=r1DSH9AQXLU,Ugyju8X-AK-GmiJcJL14AaABAg,Youtube,@sunflowna,"Gak nyangka kamu se tone deaf ini kak, I'm your fans but not anymore, penderitaan orang-orang itu cuma kamu lihat sebagai bad news dan menganggu mindfulness kamu ya?",1 day ago,,,,0
https://www.youtube.com/watch?v=r1DSH9AQXLU,UgwXUHqflZV5fC4i5iZ4AaABAg,Youtube,@whabimanyu1,"S2 mu dibiayai beasiswa LPDP yang anggarannya dari patungan rakyat-rakyat yang lagi mengalami low class struggle dan bahkan gaada waktu untuk mikirin mindfulness. For a person who’s barely voicing out, you suddenly showed up with your BIG PLATFORM and teach struggling people how to navigate the chaos? that’s b*llsh*t!  Tau diri sebagai penerima beasiswa LPDP! Or at least have a little empathy to not giving sign that you are privileged and overstimulated by the bad news about how LOW MIDDLE CLASS STRUGGLING TO FIND JUSTICE AND PROPER LIVING STANDARD",1 day ago,,,,0
https://www.youtube.com/watch?v=r1DSH9AQXLU,Ugw6F2L_HcT9Wpsr-LN4AaABAg,Youtube,@pramiyulianarista364,"For many of us, it's not just a news. It's our REALITY, cantik.. can't ignore it.",1 day ago,,,,0
https://www.youtube.com/watch?v=r1DSH9AQXLU,UgzrMHAyre4yCtJ9CLZ4AaABAg,Youtube,@gilang2859,MAUDY TONE DEAFFFFF,1 day ago,,,,0
https://www.youtube.com/watch?v=r1DSH9AQXLU,Ugx0QFi0-2wI9Zv_F7J4AaABAg,Youtube,@sendthisletter,"Practicing ""mindfulness""—curating the news, cutting back on consuming negativity, and so on—might be fine for an ordinary middle-class citizen affected by the situation. 

But for someone like you;with a massive platform, an education at a prestigious university funded by taxpayers via the LPDP scholarship, and a business whose raw materials are directly impacted by these forest fires—you can't just practice that same kind of mindfulness. 

You have to do more. You have to speak up. You have the intellect and the platform, and you can even draw on your own business experience as a case study. Do more, Mod, before you start talking about mindfulness. Lebih ngerti gak, saya ngomong apa kalo pake bahasa inggris?😊",1 day ago,,,,0
https://www.youtube.com/watch?v=r1DSH9AQXLU,UgxuNoiLlLj5iCB84v14AaABAg,Youtube,@nanaruru-yc4wc,"Saw this being uploaded weeks ago and thought this would definitely be controversial for the tonedeaf title alone, and I was right 😅",1 day ago,,,,0
https://www.youtube.com/watch?v=r1DSH9AQXLU,Ugyu8G4o3Vr6vofsFst4AaABAg,Youtube,@yrzm,"FOR YOU ITS BAD NEWS, FOR THOUSANDS OF MILLIONS PEOPLE OF THIS SHITTY COUNTRY, ITS A FCKING REALITY",1 day ago,,,,0
https://www.youtube.com/watch?v=r1DSH9AQXLU,UgyTfEbP0QvDCvf5vD14AaABAg,Youtube,@enjinayah,"yang disebut ""bad news"" buat sebagian orang itu ""bad reality"" buat kebanyakan orang btw",1 day ago,,,,0
https://www.youtube.com/watch?v=r1DSH9AQXLU,UgyYbEY-fYlJHcJDKVt4AaABAg,Youtube,@hotspicykatsu,"Aku ngerti sih sama perspektif kamu. Siapa sih yang gak capek denger bad news terus-terusan? Rasanya pengen tutup hp, hapus X, Instagram, threads, dan lainya karena setiap hari ada aja bad news baru yang muncul.

Tapi mereka, rakyat yang terdampak, mereka gak punya privilege dan opsi loh buat itu. Dan jujur menurut pendapatku pribadi, aku gak tega untuk ikut tutup mata atas kesengsaraan yang dialami orang lain.

Please kak, kamu punya platform besar yang bisa membantu menyuarakan suara mereka, jangan kesannya kaya tone deaf dan tutup mata melihat kesengsaraan orang lain :)",1 day ago (edited),,,,0
https://www.youtube.com/watch?v=r1DSH9AQXLU,UgyJ350b8qZpTwGOjqV4AaABAg,Youtube,@lauraaini7151,"Mbak, kok bisa kamu gini. Brandmu itu From the Island, bahannya ngambil dari tanah Papua. Tapi kamu nggak bersuara sama sekali dengan pelik masalah negeri ini. Owalah",1 day ago,,,,0
https://www.youtube.com/watch?v=r1DSH9AQXLU,Ugxi5k2L2H344JOrBHh4AaABAg,Youtube,@bendsame,You just don't want to let your comfort be disturbed.,1 day ago,,,,0
https://www.youtube.com/watch?v=r1DSH9AQXLU,UgyMKAjTxGFlM2kJvVd4AaABAg,Youtube,@alrasyidharun9176,"NAPAK TANAH, PEA! 
DISGUSTING!!!!",1 day ago,,,,0
https://www.youtube.com/watch?v=r1DSH9AQXLU,Ugw3dFY6P4nI09qirdJ4AaABAg,Youtube,@king77652,Gimana mau mindful yah kalo aku mau napas aja ngirup asap karhutla?,1 day ago,,,,0
https://www.youtube.com/watch?v=r1DSH9AQXLU,Ugy_VvvpSS0rsAX51I14AaABAg,Youtube,@hawie739,"Bad news buat kamu tapi ini adalah bad reality buat kami-kami yang langsung merasakan dampaknya, kamu itu org berprivilage, tone deaf sekali, sangat disayangkan",1 day ago,,,,0
https://www.youtube.com/watch?v=r1DSH9AQXLU,UgyHvzNpzReizaM1mnx4AaABAg,Youtube,@syintaalf1665,i wish it was just a bad news but it’s our reality,1 day ago,,,,0
https://www.youtube.com/watch?v=r1DSH9AQXLU,Ugx3kTtCHoMI3bot4yJ4AaABAg,Youtube,@mnfa8562,"Sekolah pake beasiswa dari uang kami, ga napak tanah",1 day ago,,,,24
https://www.youtube.com/watch?v=r1DSH9AQXLU,UgzVg1823inzyHX-eJx4AaABAg,Youtube,@AnisaShabrina-j7t,"Kalau mmg mentally exhausted, simpan sendiri, stay di rumah yg nyaman itu dan doakan byk2 buat sodara2 kita dg khusyuk dan ikhlas..jgn malah buat video. sadar kamu itu artis, kuliah pake lpdp pake uang rakyat bisa aja sumbernya dr tanah kalimantan atau sumatera yg sda habis tp rakyatnya kesulitan byk hal.. tanpa sadar mmg org2 yg hidupnya enak tu tone deaf..",1 day ago,,,,1
https://www.youtube.com/watch?v=r1DSH9AQXLU,UgxqlCQXR__NB0sZtpt4AaABAg,Youtube,@ranizainal7341,"Surprisingly ga kaget sih, dia ini memang dari dulu banget tone deaf.",1 day ago,,,,0
https://www.youtube.com/watch?v=r1DSH9AQXLU,Ugx00WRUWJShhV-afMx4AaABAg,Youtube,@MinatozakiSana1996,Artis tone deaf 🤮,1 day ago,,,,0
https://www.youtube.com/watch?v=r1DSH9AQXLU,Ugx4kvkcED7zCbvrhBN4AaABAg,Youtube,@savistadeannissa,"Lo kalo masih bisa makan enak, masih tinggal di tempat tinggal yg layak. Ga usah sok2an ngajak orang lain bersikap mindfullness.
Keep it to yourself, have some shame and empathy maudy. Jangan tone deaf please gak semua orang punya privillege kayak lo",1 day ago (edited),,,,0
https://www.youtube.com/watch?v=r1DSH9AQXLU,UgxdKEN7NLyML50recB4AaABAg,Youtube,@tozyulshif,"What sane person could live in this world and not be crazy?
- Ursula K. LeGuin",1 day ago,,,,0
https://www.youtube.com/watch?v=r1DSH9AQXLU,UgyYi3UBltfonlocRIp4AaABAg,Youtube,@silvermist9289,Astaga tone deaf nya nge tone deaf banget. Napak tanah kakkkkkkkk hadehhh,1 day ago,,,,0
https://www.youtube.com/watch?v=r1DSH9AQXLU,UgzHZhLZEfnB_G-Lral4AaABAg,Youtube,@annisaaulia8986,Wheres your empathy,1 day ago,,,,0
https://www.youtube.com/watch?v=r1DSH9AQXLU,UgyJPxfWKfzIQLdjAph4AaABAg,Youtube,@AnindaAyuArdiani,"Ini yg ikutan ngehujat udah pada nonton videonya? She said ""Curate informatiom source, bukan menutup mata atas apa yang terjadi, tapi milih sumber tertentu yang trusted."" Dan dia bilang sumber yang dia pilih itu juga udah cukup up to date. Ga ada yang salah dari ngomong gitu",1 day ago,,,,0
https://www.youtube.com/watch?v=r1DSH9AQXLU,Ugz0a3zU76M6NVWJe8F4AaABAg,Youtube,@avadakedavra.2039,block bad news = tone deaf !! enak bgt ngajak2 buat ga mikirin hidup kita sendiri yg ngajak jg orang yang ga ngerasain itu semua,1 day ago,,,,0
https://www.youtube.com/watch?v=r1DSH9AQXLU,Ugw_uHx5ZMNTzIlsvxx4AaABAg,Youtube,@Chocolatenutss,Making yourself in positive environments is good. But you won’t really understand what someone’s really feels unless you’re in their shoes.,1 day ago,,,,0
https://www.youtube.com/watch?v=r1DSH9AQXLU,UgwKl_JD3Di_yANAaEJ4AaABAg,Youtube,@nadlinar,"bad news kamu adalah bad reality dari orang-orang tau, info aja",1 day ago,,,,2
https://www.youtube.com/watch?v=r1DSH9AQXLU,UgynVRMJGMLRxAQa5ip4AaABAg,Youtube,@RuthMel-r6s,"Lo capek krn bad energy? Saat ini ada org yg capek krn hrs hidup di lingkungan penuh asap, ada yg hidup penuh was2 krn gempa, ada yg listriknya ga nyala ber jam2, ada yg ga punya air bersih, dll. Tone deaf pdhal public figure tp ngajak orang ga peduli wkwk",1 day ago,,,,3
https://www.youtube.com/watch?v=r1DSH9AQXLU,UgwNpvLaCLPCoMd5Hjh4AaABAg,Youtube,@sungchanirei,damn... bringing up this issue in that comfy kitchen. stop being tone deaf.,1 day ago,,,,0
https://www.youtube.com/watch?v=r1DSH9AQXLU,Ugx7SdVeuaxkgXHIrkt4AaABAg,Youtube,@revaniaamelia5806,this might be just a bad news for you but to some it's a bad reality,1 day ago,,,,0
https://www.youtube.com/watch?v=r1DSH9AQXLU,UgwFL0XC4Gos7IhkeC94AaABAg,Youtube,@kartikasihombing923,jujur kesel selama nonton. Mana ekspresinya kayak gitu. Dia ngerti gasih yang dia bilang bad news itu realita hidup orang2?? lu mah enak nyap nyap depan kitchen set mahal lu itu sambil bikin sarapan,1 day ago (edited),,,,3
https://www.youtube.com/watch?v=r1DSH9AQXLU,UgwFfGKIgBEJort5ZXJ4AaABAg,Youtube,@yafrzl,ini tutorial how to be tone deaf ya?,1 day ago,,,,0
https://www.youtube.com/watch?v=r1DSH9AQXLU,UgxVtyXqczOx7X9UzHt4AaABAg,Youtube,@SeptiyaniAisyah,"Bad news buatmu itu bad reality buat orang lain loh. Bisa bisanya ngomong begitu😐 kita semua gaada yang pengen denger bad news tapi ketika realita itu ada di depan muka kita, bisa apa sih? Teruslah hidup di menara gadingmu itu ya, Maudy. Sebagai orang yang berkuliah pakai pajak rakyat tapi mengatakan penderitaan rakyat sebagai ""bad news"" dan pembawa energy negative, may you roots in hell with this regime👍",1 day ago,,,,0
https://www.youtube.com/watch?v=r1DSH9AQXLU,UgwKl_JD3Di_yANAaEJ4AaABAg.AaflZ2mz1zDAagIjOHwyEU,Youtube,@tiaa12345,Tambahan: bad reality dari orang-orang pembayar pajak yang bayarin dia kuliah di Amerika,22 hours ago,,,,0
https://www.youtube.com/watch?v=r1DSH9AQXLU,UgwKl_JD3Di_yANAaEJ4AaABAg.AaflZ2mz1zDAag7PVEg_EN,Youtube,@fortwitterandwattpad1347,THISSSS,23 hours ago,,,,0
https://www.youtube.com/watch?v=r1DSH9AQXLU,UgzVg1823inzyHX-eJx4AaABAg.AafoQ-1Ke5qAahZxs7WGgY,Youtube,@kiki49ra,Segitu perfect hidup si princess tone deaf ini tapi masih bisa caper dan attention thirst.... Kurang apa coba.... Sakit jiwa emang 😂,10 hours ago,,,,0
https://www.youtube.com/watch?v=r1DSH9AQXLU,UgwFL0XC4Gos7IhkeC94AaABAg.AafkhomrJrJAah5dlw-ZZD,Youtube,@aisyahsenja3632,"Ngomongnya sok asik, sok estetis, katanya ovt bgt sama apa yg terjadi, tapi waktu mengungkapkan ga ada greget kepedulian sama sekali.",14 hours ago,,,,0
https://www.youtube.com/watch?v=r1DSH9AQXLU,UgwFL0XC4Gos7IhkeC94AaABAg.AafkhomrJrJAahHaBm4IpE,Youtube,@4dhima,kalo gaperna ngerasain gaakan ngerti kak….😅,12 hours ago,,,,0
https://www.youtube.com/watch?v=r1DSH9AQXLU,UgwFL0XC4Gos7IhkeC94AaABAg.AafkhomrJrJAagnZb5PCQq,Youtube,@haobeans,mana ngerti dia kak 🥱🥱🥱,17 hours ago,,,,0
https://www.youtube.com/watch?v=r1DSH9AQXLU,UgzF4vKSEpHKPVOgTVp4AaABAg,Youtube,@ameliachaerani1544,Must be nice to have a privilege to not given a single f*ck about what happening bcs ur life is simply not affected.,1 day ago,,,,0
https://www.youtube.com/watch?v=r1DSH9AQXLU,UgxCiPtT5WUd3WIKdot4AaABAg,Youtube,@Fionn-Greyship,QUEEN OF TONE DEAF,1 day ago,,,,0
https://www.youtube.com/watch?v=r1DSH9AQXLU,UgxoOzb4vSsgtmAKqWx4AaABAg,Youtube,@ZephyrAnderson,"This is why I hate rich people so much. Like, no matter how educated they get, they only care about their own ✨ mindfulness✨. Just because you're not affected because you're privileged enough, doesn't mean that it's not real. Such a tone deaf take. Gross",1 day ago,,,,0
https://www.youtube.com/watch?v=r1DSH9AQXLU,UgwDOlcfBQz-gfuYGIR4AaABAg,Youtube,@RohmatulHasanah-g2q,"kak, orang yang ada di bad news itu bahkan ga bisa menghindar atau jadi mindfulness like why you said :(((. kita baca aja overwhelmed apalagi mereka yang mengalami. kita iya overwhelmed what about them?? kamu bikin vidio ini sambil bikin sarapan, makan dengan layak, tempat tinggal layak bagaimana dengan orang-orang di Kalimantan atau korban kemalayangan yang lain? there is so much more question about u emphaty",1 day ago,,,,0
https://www.youtube.com/watch?v=r1DSH9AQXLU,UgyyQ72jhdFobA_MAfl4AaABAg,Youtube,@mentari2901,"Only watched 2 first minutes of this video and keep saying ‘bad news’ and ‘navigate’ oh what a privilege it is being comfortable in your $$$ kitchen with full-blown aircon talking about ‘bad news’ and how to navigate them as if it’s not someone else’s lives?
Strip away all the educations and branding you have and you’re just some wealthy influencer yapping about mental health in this video.",1 day ago,,,,0
https://www.youtube.com/watch?v=r1DSH9AQXLU,Ugy8w7tKMRt15NK8ZvF4AaABAg,Youtube,@roomahkids3481,"Lulusan harvard oxford whatever it is, eh ga punya empati = 0",1 day ago,,,,0
https://www.youtube.com/watch?v=r1DSH9AQXLU,UgwwasfOuNqEVJw6wUl4AaABAg,Youtube,@yayaquari,"you are feeling overwhelmed di rumah mu yang nyaman while these “bad news” that people actually living in, they’re surviving to LIVE supaya asap yang mereka hirup tidak menjadi sakit paru dan makanan yang mereka makan tidak beracun. and yet you’re influencing to “reject” the bad news because it’s mind inflation(?) whatever, girl, the least you could do is to validate them and wish the best prayer for the people that being impacted. not this. not this.",1 day ago (edited),,,,0
https://www.youtube.com/watch?v=r1DSH9AQXLU,UgyP2t4ULWPwKrLssdJ4AaABAg,Youtube,@nurfidafitri9549,"For many of us, it's not just a news. It's our REALITY... can't ignore it....",1 day ago (edited),,,,1
https://www.youtube.com/watch?v=r1DSH9AQXLU,Ugxt_PG800r_YSxSinZ4AaABAg,Youtube,@pambudibektipratiwi5686,Tetap Konsisten... Konsisten BUDEKNYA,1 day ago,,,,0
https://www.youtube.com/watch?v=r1DSH9AQXLU,UgwM874m6c5YQvmWDSB4AaABAg,Youtube,@MomoChan0202,"For many of us, its not news but the reality we are living in. We can’t ignore it even if we wanted to. How tone deaf",1 day ago,,,,0
https://www.youtube.com/watch?v=r1DSH9AQXLU,UgzJLMahRqmBxKtit_B4AaABAg,Youtube,@user-qv9hv9cq4f,Oh ini yg namanya toxic positivity,1 day ago,,,,2
https://www.youtube.com/watch?v=r1DSH9AQXLU,UgyZastejKuiUh1AScN4AaABAg,Youtube,@user-qv9hv9cq4f,"If you are one of the victim of those bad news, you wont even dare to share this kind of video. Disgusting",1 day ago,,,,0
https://www.youtube.com/watch?v=r1DSH9AQXLU,Ugx5m3mLdj6q5DW76DJ4AaABAg,Youtube,@626avenue,"komen2annya nggak nyambung. ini video 13 menit gaada yg nangkep isinya yaa hfff. untung gw bukan maudy ayunda, bayangin lagi stress trus memilih memilah konten sosmed mana yg bisa diconsume trus dikatain tone deaf wkwkw dikit2 ngatain orang tone deaf",1 day ago,,,,0
https://www.youtube.com/watch?v=r1DSH9AQXLU,Ugwn4q-OscFXtAinyzV4AaABAg,Youtube,@sevtirahayu9608,"Padahal dulu aku suka bgt kamu kak, kamu beberapa kali tone deaf dan smua komen terbaru disini jg sependapat ternyata semoga kita warga Indonesia bisa lewati ini semua BBM ga langka lagi di Makassar lancar lagi",1 day ago (edited),,,,0
https://www.youtube.com/watch?v=r1DSH9AQXLU,UgxBYVqpFWZDi1artx54AaABAg,Youtube,@ArtikaRahmadani-r6d,"Inget maudy lu kuliah lpdp ada pajak dari orang-orang Aceh, Kalimantan, NTT dll. Kalau lu capek minimal diem aja kagak usah upload beginian. Lu capek liat berita jelek masih bisa nyalain AC, pergi kemanapun, tidur di kasur empuk. Noh rakyat daerah lain yg juga bayar pajak ada yg susah napas, keracunan mbg, rumah hancur, trauma karena gempa terus-menerus, matlis, antri bbm sampe subuh dll. Tone deaf banget",1 day ago,,,,2
https://www.youtube.com/watch?v=r1DSH9AQXLU,UgyhgrqIHPTt_uAUb9F4AaABAg,Youtube,@denasmarantimitayani1322,"enak banget ya “cuma” jadi bad news, sementara di kebanyakan orang bad reality. eww tone deaf AF",1 day ago,,,,0
https://www.youtube.com/watch?v=r1DSH9AQXLU,Ugy19OdDYtohl3jLL_N4AaABAg,Youtube,@nnaannnd,"Semua juga capek, inguh, risih sama berita buruk yang nyatanya memang kejadian, tapi mereka berjuang dan tetap berusaha, survive, karena akan mengancam mereka, membuat situasi lebih buruk, karena rakyat jelata tanpa privilege, tanpa subscribers, tanpa orang yang mendengar cuma bisa saling bantu untuk bersuara.

Demi satu hal aja: agar situasi tidak semakin buruk untuk semuanya.",1 day ago,,,,0
https://www.youtube.com/watch?v=r1DSH9AQXLU,UgwVsRIpjQvjsBEFswp4AaABAg,Youtube,@rifkyandroid-e8i,konten sampah,1 day ago,,,,0
https://www.youtube.com/watch?v=r1DSH9AQXLU,UgzTB-l5_m8HmmWqa3V4AaABAg,Youtube,@j4ngmiwa,well bad news for u actually bad reality for some people.,1 day ago,,,,0
https://www.youtube.com/watch?v=r1DSH9AQXLU,Ugy43WOcTq6Jk58wMct4AaABAg,Youtube,@hanifibadur,"for you it's just a bad news, yet for some others it's a bad reality. coba lebih napak lg, dy",1 day ago,,,,0
https://www.youtube.com/watch?v=r1DSH9AQXLU,Ugx3kTtCHoMI3bot4yJ4AaABAg.AafoZDBolhnAahOakdRt39,Youtube,@Morroc_X,si paling bayar pajak,11 hours ago,,,,0
https://www.youtube.com/watch?v=r1DSH9AQXLU,Ugx3kTtCHoMI3bot4yJ4AaABAg.AafoZDBolhnAai6L6U-BTe,Youtube,@mnfa8562,"​ @Morroc_X woiya dong jelas gue bayar pajak, makanya dewasa dulu dek",5 hours ago,,,,0
https://www.youtube.com/watch?v=r1DSH9AQXLU,Ugx3kTtCHoMI3bot4yJ4AaABAg.AafoZDBolhnAai5g3ThuEK,Youtube,@Reinhard_Family,​ @Morroc_X kenapa lu?,5 hours ago,,,,0
https://www.youtube.com/watch?v=r1DSH9AQXLU,Ugx3kTtCHoMI3bot4yJ4AaABAg.AafoZDBolhnAahTodwzKDM,Youtube,@Reno-nj7yj,​ @Morroc_X kehidupan sehari hari tanpa pajak😅,11 hours ago,,,,0
https://www.youtube.com/watch?v=r1DSH9AQXLU,Ugx3kTtCHoMI3bot4yJ4AaABAg.AafoZDBolhnAahHkVKLAWx,Youtube,@Bundakhalid_,"Tp yg bayar pajak bukan hnya kamu kk, yg setuju sama mbak maudy juga bayar pajak. So?",12 hours ago (edited),,,,0
https://www.youtube.com/watch?v=r1DSH9AQXLU,Ugx3kTtCHoMI3bot4yJ4AaABAg.AafoZDBolhnAahJ-nDYAp0,Youtube,@swethern," @Bundakhalid_  tapi orang yang sedang mengalami kehidupan yg dia anggap ""bad news"" juga bayar pajak. so?",12 hours ago,,,,0
https://www.youtube.com/watch?v=r1DSH9AQXLU,Ugx3kTtCHoMI3bot4yJ4AaABAg.AafoZDBolhnAahNb3bdLc2,Youtube,@KRTNRYD," @Bundakhalid_ dia beasiswa lpdp pake duit pajak rakyat, tp penderitaan rakyat dianggap bad news, sebagai rakyat wajar dong kalo marah? yg aneh yg malah setuju sm opini dia",12 hours ago,,,,0
https://www.youtube.com/watch?v=r1DSH9AQXLU,Ugx3kTtCHoMI3bot4yJ4AaABAg.AafoZDBolhnAahKM3JswwN,Youtube,@irestuff,​​ @Bundakhalid_  dih. tapi kita para bad news jg bayar pajak??? gmn si lu,12 hours ago (edited),,,,0
https://www.youtube.com/watch?v=r1DSH9AQXLU,UgynVRMJGMLRxAQa5ip4AaABAg.AaflB7gY4DwAagTSvTuhGc,Youtube,@salmaarh25,"Aku sebagai orang yang mengalami kondisi tersebut, aku setuju dengan pendapat kamu kak. Saya sebagai mahasiswa harus kuliah daring karena dampak kabut asap, dan sebagai orang desa yang sumber konsumsi air setiap hari dari air hujan kami tersiksa karena kemarau yang panjang membuat keluarga kami terpaksa membeli air galon yang naik harganya, selain itu air untuk mandi pun kotor dan masam menggunakan air parit, karen air sumur sudah habis, bukan menggunakan air PDAM, jalanan berdebu bagaikan digurun Sahara, karena infrastruktur jalan aspal didesa kami belum merata. Melihat kak Maudy rasanya enak sekali hidup dengan fasilitas lengkap aman didapur cantik, tidak terdampak apapun dan memilih untuk rasa aman dengan tidak mendengar bad news in this country.",20 hours ago (edited),,,,0
https://www.youtube.com/watch?v=r1DSH9AQXLU,UgynVRMJGMLRxAQa5ip4AaABAg.AaflB7gY4DwAaiP0WRJ1Q1,Youtube,@amalia0062,Apa perlu asepnya dikirim ke rumah dia? Wkwkwk Padahal Malaysia aja lantang soal asap. Tapi dia?? TERNYATA PINTAR GA MENJAMIN AKHLAK,2 hours ago,,,,0
https://www.youtube.com/watch?v=r1DSH9AQXLU,UgynVRMJGMLRxAQa5ip4AaABAg.AaflB7gY4DwAahIHnUnJMw,Youtube,@Chunkiyoi,Di papua ketakutan sama teror saiko yg ngebunuhin whoever in sight,12 hours ago,,,,0
https://www.youtube.com/watch?v=r1DSH9AQXLU,UgyP2t4ULWPwKrLssdJ4AaABAg.AafirnS7PIAAaiLAo6Hb--,Youtube,@KoeSeer,"buat mbak ini, masalah negara ini cuma bad news buat dia karena kalo kenapa-kenapa tinggal angkat koper, cus, tiba-tiba menetapnya di SG.",3 hours ago,,,,0
https://www.youtube.com/watch?v=r1DSH9AQXLU,UgzJLMahRqmBxKtit_B4AaABAg.AafguBOqVtUAai5PS5-J7R,Youtube,@chezeecha,Wkwkwk iyalagi,5 hours ago,,,,0
https://www.youtube.com/watch?v=r1DSH9AQXLU,UgzJLMahRqmBxKtit_B4AaABAg.AafguBOqVtUAaiFba5AD4Q,Youtube,@zahraummuabdullah471,Bener sihh,3 hours ago,,,,0
https://www.youtube.com/watch?v=r1DSH9AQXLU,UgxBYVqpFWZDi1artx54AaABAg.Aaff-0lA0ZuAah7SKxbi4y,Youtube,@uutiee,"Couldnt agree more, I recommend her joining pancatera. What a super duperr tone deaf girl on this era. 

Mba maudy, diem aje kata gua mah",14 hours ago,,,,0
https://www.youtube.com/watch?v=r1DSH9AQXLU,UgxBYVqpFWZDi1artx54AaABAg.Aaff-0lA0ZuAahY5p8sdoZ,Youtube,@hnnafrkht,Mana paham dia..kan tone final boss,10 hours ago,,,,0
https://www.youtube.com/watch?v=r1DSH9AQXLU,Ugy2wP1oDncz3dk6MbR4AaABAg,Youtube,@teenagefever4052,"dosen gue pernah bilang, pinter kalo gak peduli itu sama aja bohong, tapi dia lebih seneng nyebutnya bodoh",1 day ago,,,,1
https://www.youtube.com/watch?v=r1DSH9AQXLU,Ugx95gDi4CRiJ1EcB6t4AaABAg,Youtube,@arasitininadamar8179,"If this country is a hunger game simulation, you’re the capitol watching over districts fighting and killing each other for entertainment btw",1 day ago,,,,13
https://www.youtube.com/watch?v=r1DSH9AQXLU,UgyvhiCG9zrQAdZ-e2l4AaABAg,Youtube,@nayr2056,mindfulness my ass,1 day ago,,,,0
https://www.youtube.com/watch?v=r1DSH9AQXLU,UgzmGv1Q2HZjJJFkFBF4AaABAg,Youtube,@Livs-v4k,"I understand the point of this video, and I do agree that protecting our mental health from constantly consuming bad news is important. But I also understand why this feels insensitive to some people, especially when many have been hoping to see you speak up more about what is happening in Indonesia.

For some people, bad news is not something they can simply log off from. It is their daily reality. So I think the discomfort is less about mindfulness itself, and more about the timing and the lack of acknowledgment beforehand.

I don’t think anyone expects you to speak on every single issue. But having a large platform also means both your words and your silence can have an impact. I hope you can understand why some people feel disappointed. Not because they want to attack you, but because they hoped to see more empathy and care.",1 day ago,,,,7
https://www.youtube.com/watch?v=r1DSH9AQXLU,Ugy8vohospQPxWC0dRx4AaABAg,Youtube,@rimawidyasari710,Mending di whistleblowing duit bapaknya dan suaminya darimana aja jangan2 kaya sandra dewi,1 day ago (edited),,,,0
https://www.youtube.com/watch?v=r1DSH9AQXLU,Ugx5wpHGC5aUMcwJpIV4AaABAg,Youtube,@agathanuha,you were graduated from ivy league for gods sake Maudy. do better,1 day ago,,,,0
https://www.youtube.com/watch?v=r1DSH9AQXLU,UgwfC1BeOvG7WmkAbVJ4AaABAg,Youtube,@zenbers,EAT THE RICH!!! INCLUDING YOU!,1 day ago,,,,0
https://www.youtube.com/watch?v=r1DSH9AQXLU,UgzRJhp2Q1pJDALFnt14AaABAg,Youtube,@dersast,"Maudy, sesekali turunlah ke lapangan ke masyarakat lihat lah keadaannya seperti apa. Keracunan MBG, Karhutla, Korban Banjir dan Gempa telat penanganannya. 
itu bukan bad news, maudy. 
tapi kegagalan pemerintah.

as a influencer dan penerima lpdo di kampus yang sangat bergengsi  kalo hanya berteori yang justru tidakmemberikan dampak apapun ke masyarakat mending diam aja.

poin yang harus kamu bicarakan adalah tentang kesadaran dan kepedulian, tapi mulai lah dulu dari kamu.",1 day ago (edited),,,,1
https://www.youtube.com/watch?v=r1DSH9AQXLU,Ugz07asx0XbuQgwGdgd4AaABAg,Youtube,@seaasalt77,"EWHHHH, TONE DEAF MAH TONE DEAF AJA, SHAME ON YOU",1 day ago,,,,0
https://www.youtube.com/watch?v=r1DSH9AQXLU,UgyW-pq2IQH1hHO5XHt4AaABAg,Youtube,@aqmarinaalyani94,"For many of us, it's not just a news. It's our REALITY, cantik.. can't ignore it. Sayang bgt keluar dari seorang big person seperti kamu, well educated ternyata tdk sejalan dgn org itu juga memiliki jiwa yg empati atau memang its your true colors Maudy😢",1 day ago (edited),,,,5
https://www.youtube.com/watch?v=r1DSH9AQXLU,Ugx2sEunegGufQJG-j54AaABAg,Youtube,@dewimiranda1723,"Tone deaf queen! have a little sympathy People live it. survive it. for them, it IS reality. not just ""bad news"".  hak elo punya opini dan merasakan privilege untuk hidup tenang di tengah badai sengsara manusia lain. tapi demonstrate that on your platform HURT people. do you even have a heart😮",1 day ago,,,,0
https://www.youtube.com/watch?v=r1DSH9AQXLU,UgxjYb27kSbhGoCX3Cp4AaABAg,Youtube,@CastielllZero,"Lu ada power, lu Kuliah uang rakyat. Dan lu memilih untuk diam? Mending balikin aja uang LPDP nya.. i don't think you deserve to get that. Emang gak bisa diharapkan dari orang yang serba kecukupan dari Netas kedunia, orang yang out of touch dimana gak pernah ngerasain menjadi orang yang terlahir dari keluarga MINUS. Struggle lu gak sebanding sama orang yang lahir dari Minus. Gak terima? Ya itulah realita. Bikin video begini dikira biar keren. Nyatanya hanya membuat orang kecewa, dimana lu seharusnya bersuara tetapi memilih diam dan menikmatin ""surga"" dunia lu. Sayang sekali lu dikasih Power cuma buat diri sendiri. Gak ada bagus bagusnya. Memalukan pun ada. Sekian",1 day ago,,,,0
https://www.youtube.com/watch?v=r1DSH9AQXLU,UgxZWC0MmfsK_tYUrUt4AaABAg,Youtube,@misanthroprin,"Kebanyakkan makan self improvement jadi minim empati. Hidup itu milik kaum tetindas juga, minimal speak up kek.",1 day ago,,,,0
https://www.youtube.com/watch?v=r1DSH9AQXLU,UgztL5O6fYmKkRNVjNp4AaABAg,Youtube,@ken4344,"Pantesan ga kedengeran, ternyata lagi sibuk ngurusin diri sendiri~",1 day ago,,,,2
https://www.youtube.com/watch?v=r1DSH9AQXLU,UgyTDvFiAemDumx_Xb14AaABAg,Youtube,@mikkintamani,"Ibaratnya kejadian titanic, kakak ini udah naik sekoci duluan sambil dadah² nyemangatin ke orang yg lagi tenggelam di laut beku supaya tetep positive. 

semoga hidupmu damai terus ya kak 👍👍",1 day ago,,,,7
https://www.youtube.com/watch?v=r1DSH9AQXLU,Ugzi0gYbiKBEj80N2tN4AaABAg,Youtube,@iqnakysn,😂😂😂😂😂,1 day ago,,,,0
https://www.youtube.com/watch?v=r1DSH9AQXLU,UgwIDehWjR7J6hcEScF4AaABAg,Youtube,@Saltytidesz,Imagine describing someone else’s suffering as “negativity” you’ve chosen to remove from your life. The tone deaf Olympics have a new frontrunner.,1 day ago,,,,8
https://www.youtube.com/watch?v=r1DSH9AQXLU,Ugwj2mYzh5armUsYlIl4AaABAg,Youtube,@allyours3651,Tone deaf,1 day ago,,,,0
https://www.youtube.com/watch?v=r1DSH9AQXLU,UgyXhBz6lGIgh6l297t4AaABAg,Youtube,@Jabuy24,Hoek cuih,1 day ago,,,,0
https://www.youtube.com/watch?v=r1DSH9AQXLU,UgwdVzhairXV5HlH3IN4AaABAg,Youtube,@agneshenny185,Tone deaf,1 day ago,,,,0
https://www.youtube.com/watch?v=r1DSH9AQXLU,Ugy2wP1oDncz3dk6MbR4AaABAg.AafdKjwxa9sAagZvLvjZIF,Youtube,@nuruliftikhan6511,Agree,19 hours ago,,,,0
https://www.youtube.com/watch?v=r1DSH9AQXLU,Ugx95gDi4CRiJ1EcB6t4AaABAg.Aafbr-muGNXAahM8KIGjEd,Youtube,@chatnoire89,But aww I feel sad so I won't watch the games. I will be in my room doing my skincare. 💆🏻,12 hours ago,,,,0
https://www.youtube.com/watch?v=r1DSH9AQXLU,Ugx95gDi4CRiJ1EcB6t4AaABAg.Aafbr-muGNXAaftntSKJLn,Youtube,@lyzhuu9336,THISSSSSS,1 day ago,,,,0
https://www.youtube.com/watch?v=r1DSH9AQXLU,Ugx95gDi4CRiJ1EcB6t4AaABAg.Aafbr-muGNXAafvXqSPUc0,Youtube,@Jays.17,VALIDDDD,1 day ago,,,,0
https://www.youtube.com/watch?v=r1DSH9AQXLU,Ugx95gDi4CRiJ1EcB6t4AaABAg.Aafbr-muGNXAafy2Sv3QJQ,Youtube,@happyme_me,TRUE,1 day ago,,,,0
https://www.youtube.com/watch?v=r1DSH9AQXLU,Ugx95gDi4CRiJ1EcB6t4AaABAg.Aafbr-muGNXAagJRPsYmbF,Youtube,@macetparah,LOUDER,21 hours ago,,,,0
https://www.youtube.com/watch?v=r1DSH9AQXLU,Ugx95gDi4CRiJ1EcB6t4AaABAg.Aafbr-muGNXAah8A_UScE_,Youtube,@cantka1490,SAY IT LOUDER,14 hours ago,,,,0
https://www.youtube.com/watch?v=r1DSH9AQXLU,Ugx95gDi4CRiJ1EcB6t4AaABAg.Aafbr-muGNXAahd_J3ZR44,Youtube,@irenejessica4413,"Facts, she's making millions but would totally jump on the opportunity to profit off of the suffering of the people.",9 hours ago,,,,0
https://www.youtube.com/watch?v=r1DSH9AQXLU,Ugx95gDi4CRiJ1EcB6t4AaABAg.Aafbr-muGNXAagDd4rlm5D,Youtube,@rosaareads,TRUTH ONLY,22 hours ago,,,,0
https://www.youtube.com/watch?v=r1DSH9AQXLU,Ugx95gDi4CRiJ1EcB6t4AaABAg.Aafbr-muGNXAagQux1j_OZ,Youtube,@khairunnisafitri138,So true,20 hours ago,,,,0
https://www.youtube.com/watch?v=r1DSH9AQXLU,Ugx95gDi4CRiJ1EcB6t4AaABAg.Aafbr-muGNXAah8ll4GGJR,Youtube,@ayoeaishiteru,😢😢😢,14 hours ago,,,,0
https://www.youtube.com/watch?v=r1DSH9AQXLU,Ugx95gDi4CRiJ1EcB6t4AaABAg.Aafbr-muGNXAahQ_wfKfJ1,Youtube,@makhrusalhabbirizki4475,this!,11 hours ago,,,,0
https://www.youtube.com/watch?v=r1DSH9AQXLU,Ugx95gDi4CRiJ1EcB6t4AaABAg.Aafbr-muGNXAahbKNMvDDf,Youtube,@theskyblueeeeee,YES,9 hours ago,,,,0
https://www.youtube.com/watch?v=r1DSH9AQXLU,Ugx95gDi4CRiJ1EcB6t4AaABAg.Aafbr-muGNXAaiNvUmCprL,Youtube,@rawonisme,I bet she dgaf,2 hours ago,,,,0
https://www.youtube.com/watch?v=r1DSH9AQXLU,UgzmGv1Q2HZjJJFkFBF4AaABAg.AafbKtYFTttAagAIxST0xU,Youtube,@jasmine.663,this!,23 hours ago,,,,0
https://www.youtube.com/watch?v=r1DSH9AQXLU,UgzmGv1Q2HZjJJFkFBF4AaABAg.AafbKtYFTttAahZzBXQ2Uo,Youtube,@kunstoff,"Also she needs to acknowledge that being an influencer is not about ""I want to do what I want to do"", but learn how to bear ""responsibility"". It is so much bigger than just sharing a personal coping mechanism. If she has no empathy then ""mamam tuu kritikan pedas netizen"".",10 hours ago,,,,0
https://www.youtube.com/watch?v=r1DSH9AQXLU,UgzmGv1Q2HZjJJFkFBF4AaABAg.AafbKtYFTttAagRlvaWAYx,Youtube,@CTR14channel,louder!,20 hours ago,,,,0
https://www.youtube.com/watch?v=r1DSH9AQXLU,UgzmGv1Q2HZjJJFkFBF4AaABAg.AafbKtYFTttAagWP4ebvOT,Youtube,@93__hiyejins,agreed!,20 hours ago,,,,0
https://www.youtube.com/watch?v=r1DSH9AQXLU,UgzmGv1Q2HZjJJFkFBF4AaABAg.AafbKtYFTttAagjYZ-Wz1S,Youtube,@elduardo1863,"mana bisa dia bersuara, kan keluarganya bagian dari rezim😂",18 hours ago,,,,0
https://www.youtube.com/watch?v=r1DSH9AQXLU,UgzmGv1Q2HZjJJFkFBF4AaABAg.AafbKtYFTttAahw3FsMdPj,Youtube,@bean3309,So well written setuju bgtt,6 hours ago,,,,0
https://www.youtube.com/watch?v=r1DSH9AQXLU,UgzmGv1Q2HZjJJFkFBF4AaABAg.AafbKtYFTttAaiUNNBdR6u,Youtube,@josephkanartethoolmsc6394,"Yeah, I totally agrre with your opinion. We all are human, not robot. We have Heart, we have Feeling.",1 hour ago,,,,0
https://www.youtube.com/watch?v=r1DSH9AQXLU,UgzRJhp2Q1pJDALFnt14AaABAg.AafaKGTtU2LAaiYAps5TIw,Youtube,@302_UfiUlfadhilanisa,up,1 hour ago,,,,0
https://www.youtube.com/watch?v=r1DSH9AQXLU,UgyTDvFiAemDumx_Xb14AaABAg.AafYM0vjd0cAafurxyoBt1,Youtube,@7chill-morningstar,Padahal di Titanic yang naik sekoci pun banyak yang nggak selamat juga yak,1 day ago,,,,0
https://www.youtube.com/watch?v=r1DSH9AQXLU,UgyTDvFiAemDumx_Xb14AaABAg.AafYM0vjd0cAah9yC-0RyY,Youtube,@aprikosche,​ @7chill-morningstar org2 kaya gini bakal bru sader emng klo mereka dah mulai di ambang kematian itu jga wkwk 😂,14 hours ago,,,,0
https://www.youtube.com/watch?v=r1DSH9AQXLU,UgyTDvFiAemDumx_Xb14AaABAg.AafYM0vjd0cAahNtrrxLyV,Youtube,@dinirahmawati3931,Dadah guys! Keep fighting okay. Remember just be mindful. Keadaannya ga seburuk yg kamu pikirkan kok! 🤣,11 hours ago,,,,0
https://www.youtube.com/watch?v=r1DSH9AQXLU,UgyTDvFiAemDumx_Xb14AaABAg.AafYM0vjd0cAaguM3yOtfO,Youtube,@achamardiyansyah5757,Ga ikhlas sama doa di akhirnya itu ka,16 hours ago,,,,0
https://www.youtube.com/watch?v=r1DSH9AQXLU,UgyTDvFiAemDumx_Xb14AaABAg.AafYM0vjd0cAagxhwi-hCL,Youtube,@annabella527,Tolong diedit komennya kak. Kalimat terakhirnya dihapus aja.,15 hours ago,,,,0
https://www.youtube.com/watch?v=r1DSH9AQXLU,UgyTDvFiAemDumx_Xb14AaABAg.AafYM0vjd0cAag-4ko2Jqh,Youtube,@temanbaikmuella,Hahahaha 😂😂,1 day ago,,,,0
https://www.youtube.com/watch?v=r1DSH9AQXLU,UgyW-pq2IQH1hHO5XHt4AaABAg.Aaf_UPnwqtgAafoD8si6QP,Youtube,@Vahnhaseo,"Problem from our country kayaknya kak: well educated ini banyak yang dari kalangan ""high priviliged"" atau silver spoon. Kalangan gini juga mostly dari kecil ya ga napak tanah (atau cuma living in their own bubble). Pada akhirnya ya empatinya ga keasah dan ilmu yang tinggi itu pun kepakenya cuma buat cari cuan atau ""self healing"" aja.",1 day ago,,,,0
https://www.youtube.com/watch?v=r1DSH9AQXLU,UgyW-pq2IQH1hHO5XHt4AaABAg.Aaf_UPnwqtgAagX-0INk_S,Youtube,@devitaseptiar," @Vahnhaseo tapi amanda zahra se privileged itu bener2 ga buta bahkan nge influence followers nya buat ikut sumbang/adopt orangutan, maybe it’s just a personality after all…",19 hours ago,,,,0
https://www.youtube.com/watch?v=r1DSH9AQXLU,UgyW-pq2IQH1hHO5XHt4AaABAg.Aaf_UPnwqtgAagSY2iqAvi,Youtube,@jimsonweedss," @Vahnhaseo  gk semua well educated empati jadi 0, biasanya yg kyk gitu yg deket sama rezim aja contohnya rocky gerung 😹😹😹😹",20 hours ago,,,,0
https://www.youtube.com/watch?v=r1DSH9AQXLU,UgyW-pq2IQH1hHO5XHt4AaABAg.Aaf_UPnwqtgAaiQZp-RpVu,Youtube,@febriyantiarni695,"She is, ya ini watak aslinya. The Evil Princess",2 hours ago,,,,0
https://www.youtube.com/watch?v=r1DSH9AQXLU,UgztL5O6fYmKkRNVjNp4AaABAg.AafZbyx_AxSAagSNI2TRz3,Youtube,@justfourfun_,Yeahhhh liat aja video pas dia graduation stanford. Agak shock kecil,20 hours ago,,,,0
https://www.youtube.com/watch?v=r1DSH9AQXLU,UgztL5O6fYmKkRNVjNp4AaABAg.AafZbyx_AxSAah_NhKwOm1,Youtube,@DianKusumawardani-cg4qo,​ @justfourfun_ kenapa emang kak?,10 hours ago,,,,0
https://www.youtube.com/watch?v=r1DSH9AQXLU,UgwIDehWjR7J6hcEScF4AaABAg.AafXiGMOqHkAagJNx5ebvN,Youtube,@heloitscay,0 empati.,21 hours ago,,,,0
https://www.youtube.com/watch?v=r1DSH9AQXLU,UgwIDehWjR7J6hcEScF4AaABAg.AafXiGMOqHkAaglnVciw_K,Youtube,@chocoberry434,frr wkwkw,17 hours ago,,,,0
https://www.youtube.com/watch?v=r1DSH9AQXLU,UgwIDehWjR7J6hcEScF4AaABAg.AafXiGMOqHkAah2UkGvP5D,Youtube,@43385489,Louder 🗣️🗣️,15 hours ago,,,,0
https://www.youtube.com/watch?v=r1DSH9AQXLU,UgwIDehWjR7J6hcEScF4AaABAg.AafXiGMOqHkAahR7ZYCqLm,Youtube,@mayoskrrr,"Komen mu smart kak.
Kmu lulusan stanford, oxford apa sanford kak? 😊",11 hours ago,,,,0
https://www.youtube.com/watch?v=r1DSH9AQXLU,UgwIDehWjR7J6hcEScF4AaABAg.AafXiGMOqHkAahAaoo5c-u,Youtube,@luatnainggolan9099,Emang sinting,13 hours ago,,,,0
https://www.youtube.com/watch?v=r1DSH9AQXLU,UgwIDehWjR7J6hcEScF4AaABAg.AafXiGMOqHkAagzX_tENRE,Youtube,@Mynamemeanssky,Speak louder sissy! ❤,15 hours ago,,,,0
https://www.youtube.com/watch?v=r1DSH9AQXLU,UgwIDehWjR7J6hcEScF4AaABAg.AafXiGMOqHkAai8zehT_wx,Youtube,@InonDei,🤣🔥🔥🔥,4 hours ago,,,,0
https://www.youtube.com/watch?v=r1DSH9AQXLU,UgwIDehWjR7J6hcEScF4AaABAg.AafXiGMOqHkAaiPg-sbadv,Youtube,@angiearbianti1646,👏👏👏,2 hours ago,,,,0
https://www.youtube.com/watch?v=r1DSH9AQXLU,Ugw8TMJjCgGwAP9bIxN4AaABAg,Youtube,@nursyaimadhiyasavitry3217,Jalan2 ke alam mana ka? Di kalimantan berasap nih. Ga bisa escape agar menjadi relax ke alam,1 day ago,,,,0
https://www.youtube.com/watch?v=r1DSH9AQXLU,UgzPlE31H8z4Wrg8rk54AaABAg,Youtube,@BellaS-g2p,"the rest of the country is literally burning, it’s such a shame, Maudy, for someone like you…. duh",1 day ago,,,,4
https://www.youtube.com/watch?v=r1DSH9AQXLU,UgxhXkw6zplx2bVc-RR4AaABAg,Youtube,@maidinaafif6075,"Ah, Ia membuat video tersebut dengan background dapur, kitchen set mahal, healthy food, telur ceplok omega 2 butir, nice fancy place disaat 3 minggu yang lalu kebelakang, banyak bencana, banjir, gempa, korban d pengungsian.
Tapi ada yang punya privilage memlih untuk  mengkurasi sebuah berita supaya tidak masuk ke jangkauan radarnya. Memilih stoik katanya. Karena ada hal yang tidak bisa ia kontrol. 
Sementara banyak influencer lainnya dengan hanya berbekal follower, aktif terjun ke lapangan. Is this what we called with ""NIREMPATHY""?",1 day ago,,,,5
https://www.youtube.com/watch?v=r1DSH9AQXLU,UgwInEM0YPXdDl6PQAh4AaABAg,Youtube,@bunubun,"alih² menjadi lebih marah dan vokal menyuarakan orang² diluar sana yg tidak punya pilihan, kita masih bisa ""step back"" and close our eyes itu merupakan privilege, sesederhana masih punya pilihan merupakan privilege.",1 day ago,,,,0
https://www.youtube.com/watch?v=r1DSH9AQXLU,Ugx-996UbL1LcsjgFyl4AaABAg,Youtube,@shookyscreams4347,"Kuliah tinggi pake lpdp pula tapi gak ada bedanya sama cewe kaya tonedeaf di luar sana. Enak ya masih bisa punya pilihan buat stoic sedangkan orang di luar sana buat bertahan hidup esok hari aja bingung buat cari duitnya kemana lagi. Privilegemu berlapis, instead ngajarin mindfulness kenapa gak ikut vocal dengan platform gede yg dipunya? Apa sih yang mau kamu lindungi?",1 day ago,,,,9
https://www.youtube.com/watch?v=r1DSH9AQXLU,UgweNfXOSdw45Im-yHx4AaABAg,Youtube,@EllaRosdiana-qg3nj,jujur kamu pinter teori dpt tapi buat problem solving direality rasanya gabs apalagi problem solving diri kamu sendiri agak ngacau dr raut wajah nya emang agak overthinking grgr bad news dan algorithma handphone tapi masalahnya kamu kreatif memecahkan masalah bener2 gabs.  karena kalau masalah algorithma dan kamu gak mau overhelmed mending kamu punya bbrp akun dan aku gitu kok dan nyatanya aku balance bs nerapin stoik atau gak gitu gak semua stoik bs diterapkan di indonesia yg multikultural kamu belajar ppe tapi kamu gak belajar anthropology orang indo ilmumu gak nyambung diterapkan disini bro pinter tapi plenger max ..,1 day ago,,,,0
https://www.youtube.com/watch?v=r1DSH9AQXLU,Ugw7il_AdGdmJ8k_NLd4AaABAg,Youtube,@ZaldaAshila,"What a disgusting person. Hanya karena kamu orang kaya & gak terdampak kejadian buruk, gak seharusnya kamu bikin video ini. Ibaratnya tetanggamu ada yg mati, ada yg keracunan, lo malah bilang, ""aduh pusing deh liat berita buruk di RT ini, gak usah kabarin gue lah, gue juga gak peduli"" dan lo ngomong gitu di depan keluarga korban.",1 day ago,,,,0
https://www.youtube.com/watch?v=r1DSH9AQXLU,Ugw2yHVgeWuacDNeTDZ4AaABAg,Youtube,@DesyKusuma-x2z,well you can practice mindfulness because youre not affected lololol,1 day ago,,,,0
https://www.youtube.com/watch?v=r1DSH9AQXLU,UgxZzxCYEOYro2lMWXt4AaABAg,Youtube,@tommyhartomo6178,"Yeee bleguk, jadi duta rabun kelas aja skalian join pancatera",1 day ago,,,,0
https://www.youtube.com/watch?v=r1DSH9AQXLU,UgylEzcdg1MaooOMBdp4AaABAg,Youtube,@keyzora8232,"While I understand the importance of protecting one's mental health, watching this video is deeply jarring for those of us actually living through the crises you are trying to block out. There is a glaring, uncomfortable disconnect between preparing a high-protein avocado and cottage cheese breakfast in a pristine kitchen, and discussing the systemic struggles of our country as if they are merely a psychological inconvenience.
​You speak about stoicism, curating a ""mental diet,"" and choosing when to log off from the bad news. But you have to realize that for the grassroots—the working-class citizens who are bearing the absolute brunt of today's harsh economic and political realities—this isn't just content on a screen. It is our daily survival. We cannot simply tune out, set boundaries, or log off from poverty, systemic injustice, or the struggle to put food on the table. The ability to filter out reality and retreat into a safe bubble is an immense privilege that the vast majority of people in this country simply do not possess.
​As a highly educated public figure with millions of followers, people look up to you. When the nation is genuinely struggling, the public doesn't need its thought leaders telling them how to look away; we need you to use your massive platform to speak truth to power. The ""bad news"" you are avoiding is the daily suffering of the people. When the house is burning down, telling the people trapped inside to protect their peace by ignoring the flames feels incredibly tone-deaf and devoid of true empathy.
​True mindfulness should not lead to apathy. We desperately need the influential and the privileged to bridge this gap, to show real solidarity, and to advocate for the marginalized who do not have a safety net to fall back on. Please reconsider how you wield your influence. We need you to stand with us and amplify our voices, not just teach us how to comfortably look the other way.",1 day ago,,,,2
https://www.youtube.com/watch?v=r1DSH9AQXLU,Ugy1rboZuq_VGC3dGkN4AaABAg,Youtube,@nerfnurf7824,Enak ya? Karena periuk nasimu ga keganggu makanya tinggal tutup kuping tutup mata aja biar hidup tenang.,1 day ago,,,,0
https://www.youtube.com/watch?v=r1DSH9AQXLU,Ugys8TrFUDfBckREATN4AaABAg,Youtube,@Vanessa-n9l7s,tone deaf final boss,1 day ago,,,,3
https://www.youtube.com/watch?v=r1DSH9AQXLU,UgxgSSZqpnLDSPGEGOF4AaABAg,Youtube,@maryamratuloly6222,"KULIAH PAKAI UANG PAJAK DARI RAKYAT TAPI KETIKA RAKYAT MENDERITA DIANGGAP SEBAGAI BAD NEWS.. ENAK KAN JADI ORANG KAYA NIR EMPATI KASIH NASEHAT LATAR BELAKANGNYA KICHEN SET MAHAL, HEALTHY FOOD.. RUGI BENER DUIT PAJAK UNTUK SEKOLAHIN MANUSIA YANG GA BERSUARA KETIKA RAKYAT DITINDAS. GAUSAH LAH DENGERIN TIPSNYA",1 day ago,,,,12
https://www.youtube.com/watch?v=r1DSH9AQXLU,Ugy9FARXBmyXo6W4GWl4AaABAg,Youtube,@Alfaaa0801,tone deaf final boss ✨,1 day ago,,,,0
https://www.youtube.com/watch?v=r1DSH9AQXLU,UgyS0Px_KM49-NJmGP14AaABAg,Youtube,@SekarlangitUmastuti,SEKALI BUDEK TETAP BUDEK. SELAMAT KAMU KONSISTEN BUDEKNYA. MUST BE NICE TO HAVE A CHOICE TO AVOID BAD NEWS SINCE IT HAS NEVER HAPPENED IN YOUR BACKYARD 😊,1 day ago,,,,1
https://www.youtube.com/watch?v=r1DSH9AQXLU,Ugx2_YGQMXjW8dXB6Mx4AaABAg,Youtube,@florencianyta1601,"Kesini gara2 threads, tp pas nonton full, lah bener kok yg dingomongin 😂 Emang bkn berarti being mindful artinya kt jd ga peduli sm ap yg terjadi, krn gw jg sbg warga biasa yg digencet pemerintah ini, jg stresss anjir dgn negara ini dan butuh tau gmana kt bs sama2 survive d tengah situasi porak poranda, seenggaknya secara mental.. Ini yg pd komen2 negatif nonton sampe abis ga sih?? Atau cm ikut2an doang? 😅 Kata gw stop sih bikin konflik horizontal, uda basi lol",1 day ago,,,,1
https://www.youtube.com/watch?v=r1DSH9AQXLU,UgzRKlZ3FFrFMho0AQ94AaABAg,Youtube,@isnzzh13,"Andaikan aku punya privilege buat ga mikirin bad news, tapi hidup dj Kalimantan dengan asap karhutla, bbm susah, bahan pokok naik, kasus ISPA naik, sepertinya kalau tidak stress tidak bisa. 
Semoga kakak-kakak yang pusing karena banyak berita buruk yang terjadi di Indo bisa cepat sembuh dan membantu kami bersuara lagi ya ka, kami ingin juga dapat udara bersih, air bersih, kehidupan yang sehat dan sejahtera.
Mungkin bagi kalian ini cuma berita, tapi untuk kami yang terdampak ini realita pahit.",1 day ago,,,,32
https://www.youtube.com/watch?v=r1DSH9AQXLU,Ugz4HTmI_iYNVtBlKuJ4AaABAg,Youtube,@AnitaYolandaHermawaty7395,yg ke sini karena thread kumpuuul,1 day ago,,,,0
https://www.youtube.com/watch?v=r1DSH9AQXLU,UgwBnT6BgiL99nIb_Zx4AaABAg,Youtube,@sireninblue,Oh yeah maudy how lucky and privilege you are to be able to think like this 🥺🥺🥺🥺🥺🥺🥺🥺🥺🥺🥺🥺🥺🥺🥺🥺🥺,1 day ago,,,,0
https://www.youtube.com/watch?v=r1DSH9AQXLU,UgzMYooQKOr_NaLqZct4AaABAg,Youtube,@theeditablestat,"So you’re telling me that instead of using that megaphone platform and status of yours to actually put some actions into it, you’d rather dial it down the volume? Be so for real. None of us want to be exposed with all these bad news, but it is the reality. Difference is most of us can only do so much compares to those with immense power of popularity to actually do something about it.",1 day ago (edited),,,,2
https://www.youtube.com/watch?v=r1DSH9AQXLU,UgxgSSZqpnLDSPGEGOF4AaABAg.Aaf6XhbQZbCAah1yn8F-pV,Youtube,@mediamassa9073,Hush bener kali dia ngebuzzer kan udh dibayarin ama negara jadi harus ngedukung pemerintah wkwkwkwk,15 hours ago,,,,0
https://www.youtube.com/watch?v=r1DSH9AQXLU,UgxgSSZqpnLDSPGEGOF4AaABAg.Aaf6XhbQZbCAahKHiangTm,Youtube,@labibatulmufidah7049,​ @mediamassa9073 yang bayarin dia rakyat kak bukan negara,12 hours ago,,,,0
https://www.youtube.com/watch?v=r1DSH9AQXLU,UgxgSSZqpnLDSPGEGOF4AaABAg.Aaf6XhbQZbCAai0XgvU-B-,Youtube,@tirtaanddika6583,"dia bayar pajaknya lebih banyak daripada lu 😹, lu pikir org kaya ga bayar pajak? pajak pertaun dia milyaran, lu cuma brpa? bayar ppn doang berasa paling tersakiti",6 hours ago,,,,0
https://www.youtube.com/watch?v=r1DSH9AQXLU,UgxgSSZqpnLDSPGEGOF4AaABAg.Aaf6XhbQZbCAai5mevOY99,Youtube,@twsdohoonn,​ @tirtaanddika6583 apesi kocak lu tau dari mana dia bayar ppn doang? lu gatau soal perpajak2 an diem aje dah cil cil,5 hours ago,,,,0
https://www.youtube.com/watch?v=r1DSH9AQXLU,UgxgSSZqpnLDSPGEGOF4AaABAg.Aaf6XhbQZbCAai5yR9MApA,Youtube,@kellyromeo7733," @tirtaanddika6583  lu gak paham sistem pajak. What is the point pay taxes then she uses most of them. Pajak di luar negri buat sektor kesehatan, pendidikan, disabilitas dan lansia, infrastructure dll. Bodohnya gak kira2, banyakan makan mbg sih lu.",5 hours ago,,,,0
https://www.youtube.com/watch?v=r1DSH9AQXLU,UgxgSSZqpnLDSPGEGOF4AaABAg.Aaf6XhbQZbCAaiHKm3yR35,Youtube,@qithfirulaziz9631,"​ @tirtaanddika6583 lu aja kagak tau konsep pajak, mending diem aja daripada malu malu in",3 hours ago,,,,0
https://www.youtube.com/watch?v=r1DSH9AQXLU,UgxgSSZqpnLDSPGEGOF4AaABAg.Aaf6XhbQZbCAahS4oG34OJ,Youtube,@lancer119gaming,Dia melihat dalam kacamata kesehatan mental dan pikiran.mungkin topik ini bagi banyak masyarakat Indonesia g terlalu relate,11 hours ago,,,,0
https://www.youtube.com/watch?v=r1DSH9AQXLU,UgxgSSZqpnLDSPGEGOF4AaABAg.Aaf6XhbQZbCAahWPoRepi2,Youtube,@fadillasyaffitriyani5881,"​ @lancer119gaming betul kak, tapi timingnya ga pas kak. Diluar sana boro² org mikirin mental kak, yang mereka pikirin keselamatan diri mereka dulu ""how to survive"" ditengah² ""bad news"" itu. Seharusnya bisa lebih wise untuk postingnya atau bikin kontennya.",10 hours ago,,,,0
https://www.youtube.com/watch?v=r1DSH9AQXLU,UgxgSSZqpnLDSPGEGOF4AaABAg.Aaf6XhbQZbCAai5AXlE6eW,Youtube,@kellyromeo7733," @lancer119gaming aku tinggal di luar negri, ketika inflasi global terjadi saat ini, kondisi perang yg berdampak pd kenaikan petrol, electricity, gas, etcetc, none of public figure made a stupid statement oo video like this. This is like rich people says “we’re all in this together” but they all are sitting down nice in the dining while the working class people down below the ship working hard as fuck try to keep the ship moving. What she is implying on this video is “I don’t give a fuck with situations happen lately, am gonna stay pretty and enjoying my beautiful life”. If you think otherwise then you are a dumb ass just like her.",5 hours ago,,,,0
https://www.youtube.com/watch?v=r1DSH9AQXLU,UgzPlE31H8z4Wrg8rk54AaABAg.AafRjxiuPojAago6MzMMqh,Youtube,@gogadantes8699,"Nah justru itu ""for someone like you"" ini mentalitas yang harus ditinggalkan. Normalkan menyadari bahwa artis kayak gini ini bukan lebih baik atau lebih hebat dari orang rata2, seringkali seperti kasus ini, mereka cuma orang banyak duit yang tone deaf dan sotoy aja, sama seperti yang kita lihat di orang rata2. Kelemahan kita sebagai orang Indonesia adalah terlalu gampang meninggikan orang dan segen hanya karena statusnya.",17 hours ago,,,,0
https://www.youtube.com/watch?v=r1DSH9AQXLU,UgzPlE31H8z4Wrg8rk54AaABAg.AafRjxiuPojAahWigs01lZ,Youtube,@kunstoff,"​ @gogadantes8699 setuju komentar lo pas awal2 kalimat tapi lo juga harus ngerti bang betapa banyak fans dia yg tone deaf, jadi dengan channel dia yg banyak ditonton org2 tone deaf, semoga mereka jg paham keresahan yg diaddress netizen. Hopefully org2 tone deaf jadi awake aja si. Udah tau bad news di mana2, malah bikin konten mindfulness ya ga akan ngaruh lah, secara mayoritas netizen lagi emosional",10 hours ago,,,,0
https://www.youtube.com/watch?v=r1DSH9AQXLU,UgzPlE31H8z4Wrg8rk54AaABAg.AafRjxiuPojAah3YkkKpMX,Youtube,@BellaS-g2p," @gogadantes8699  i think you misunderstood what i meant by ‘for someone like you’i wasn’t putting her on a pedestal. i meant that someone with her platform, privilege, and public position should arguably be more aware of what’s happening around her",14 hours ago,,,,0
https://www.youtube.com/watch?v=r1DSH9AQXLU,UgzPlE31H8z4Wrg8rk54AaABAg.AafRjxiuPojAaiWOQiEX-_,Youtube,@NurAini-d2v,Maudy lo kaya tp beasiswa pake lpdp bukqn duit sendiri,1 hour ago,,,,0
https://www.youtube.com/watch?v=r1DSH9AQXLU,Ugys8TrFUDfBckREATN4AaABAg.Aaf7U21VLmcAaiLRLGNINn,Youtube,@KoeSeer,dengan HP bar panjang dan ada tulisan x10 di pojokan bawah.,3 hours ago,,,,0
https://www.youtube.com/watch?v=r1DSH9AQXLU,Ugys8TrFUDfBckREATN4AaABAg.Aaf7U21VLmcAaiPm-MzJLa,Youtube,@nakookK,Fr,2 hours ago,,,,0
https://www.youtube.com/watch?v=r1DSH9AQXLU,Ugys8TrFUDfBckREATN4AaABAg.Aaf7U21VLmcAaiRlBhk6Tg,Youtube,@dikyiskandar4797,"ditambah NPD juga😂 berasa paling cakep dan paling pinter, padahal yg lebih cakep dan pinter dari dia banyak",2 hours ago,,,,0
https://www.youtube.com/watch?v=r1DSH9AQXLU,UgxhXkw6zplx2bVc-RR4AaABAg.AafRh0G2puUAahTICgl5rE,Youtube,@piorachmawati907,Bahkan sherina sampai ikut ke lapangan buat bantu tim pemadam kak. Ni orang satu keblenger kekayaan.,11 hours ago,,,,0
https://www.youtube.com/watch?v=r1DSH9AQXLU,UgxhXkw6zplx2bVc-RR4AaABAg.AafRh0G2puUAah0uVIa9ML,Youtube,@hanuekaputrigustianti8,Ini ini iniiiiiiiii,15 hours ago,,,,0
https://www.youtube.com/watch?v=r1DSH9AQXLU,UgxhXkw6zplx2bVc-RR4AaABAg.AafRh0G2puUAaiKB2fPd_B,Youtube,@itssweetclown,"sepertinya Maudy imi IQ nya tinggi, tapi tidak dengan EQ nya",3 hours ago,,,,0
https://www.youtube.com/watch?v=r1DSH9AQXLU,UgxhXkw6zplx2bVc-RR4AaABAg.AafRh0G2puUAaif236NhAc,Youtube,@rizkytiar8058,"Stoik itu sbnrnya propaganda pembungkaman, jadi kalo ada hal² ga enak lagi terjadi, dia cuma sabar dan abai. Apalagi ini, dia ga terdampak langsung, jdi ya, gtu deh. Stoik tai kucing",1 minute ago,,,,0
https://www.youtube.com/watch?v=r1DSH9AQXLU,UgxhXkw6zplx2bVc-RR4AaABAg.AafRh0G2puUAaif7EfZfQV,Youtube,@rizkytiar8058,"Actually she can be stoick and have emphaty at the same time, but she chose not to. So, yeahh...",1 minute ago (edited),,,,0
https://www.youtube.com/watch?v=r1DSH9AQXLU,UgzMYooQKOr_NaLqZct4AaABAg.AaexdbeWhQOAahfGPmbfLY,Youtube,@irenejessica4413,"100% agree, she definitely has the resources and platform to help create actual impact on these struggling communities but chooses to benefit and profit from it by preaching on how to ""stay aware of what's happening but don't let it affect you too much"" when in fact, we are already affected by it in real time whether we like it or not and whether we think about it or not.",9 hours ago,,,,0
https://www.youtube.com/watch?v=r1DSH9AQXLU,UgzMYooQKOr_NaLqZct4AaABAg.AaexdbeWhQOAaiQIIi-D2a,Youtube,@febriyantiarni695,"@ire @irenejessica4413 but honestly, She's an idiot gaess",2 hours ago,,,,0
https://www.youtube.com/watch?v=r1DSH9AQXLU,UgylEzcdg1MaooOMBdp4AaABAg.Aaf9y3efGixAagAPxmr-on,Youtube,@jasmine.663,couldn’t agree more,23 hours ago,,,,0
https://www.youtube.com/watch?v=r1DSH9AQXLU,UgylEzcdg1MaooOMBdp4AaABAg.Aaf9y3efGixAagOQd1jagH,Youtube,@fitriaeranda9761,Well explained,21 hours ago,,,,0
https://www.youtube.com/watch?v=r1DSH9AQXLU,UgzRKlZ3FFrFMho0AQ94AaABAg.AaezVxHVZmkAafpy-CjIlE,Youtube,@ayukaaru,"Louder kakkk 👏👏
Biar yg pada tone deaf bisa lebih berempati dan ga apatis cuek  dengan embel embel being mindful in the midst  of real disasters happening to real people like us",1 day ago,,,,0
https://www.youtube.com/watch?v=r1DSH9AQXLU,UgzRKlZ3FFrFMho0AQ94AaABAg.AaezVxHVZmkAag1yV41yPf,Youtube,@djhuzay,Rasanya ga tepat sekali memang ngomong hal ini disaat yg lain sedang berjuang dan dia seorang influencer yah😅,1 day ago,,,,0
https://www.youtube.com/watch?v=r1DSH9AQXLU,UgzRKlZ3FFrFMho0AQ94AaABAg.AaezVxHVZmkAagCg4q0ET5,Youtube,@janit2624,"Buat dia semua cuma bad news, tapi buat yg lain itu bukan cuma sekedar berita buruk, tapj realita yg harus dihadapi. Btw pernah ketemu sama ibunya si Maudy, sombongnya minta ampun, bener2 definisi ramah ke yg kaya dan berpengaruh doang.",22 hours ago,,,,0
https://www.youtube.com/watch?v=r1DSH9AQXLU,UgzRKlZ3FFrFMho0AQ94AaABAg.AaezVxHVZmkAag0TprhFAY,Youtube,@your.bxx1,Aku jg termasuk yg merasakan. Kampungku bunga api bertebaran dan juga dalam kondisi kekeringan,1 day ago,,,,0
https://www.youtube.com/watch?v=r1DSH9AQXLU,UgzRKlZ3FFrFMho0AQ94AaABAg.AaezVxHVZmkAafyHqjTIiz,Youtube,@irenetv7350,Semangat berjuang untuk sdr2ku di sana. Semoga kalian selalu sehat dan dilindungi oleh Allah SWT. Aku berdoa untuk kebaikan kalian semua dan kita semua.,1 day ago,,,,0
https://www.youtube.com/watch?v=r1DSH9AQXLU,UgzRKlZ3FFrFMho0AQ94AaABAg.AaezVxHVZmkAagDNGxoh-1,Youtube,@gerhanaaisyah274,mengajak orang untuk mindful minimal kirimin kita yang di kalimantan ini air purifier atau air bersih ya kak biar kita juga bisa hidup mindful seperti mba maudy ☺️,22 hours ago,,,,0
https://www.youtube.com/watch?v=r1DSH9AQXLU,UgzRKlZ3FFrFMho0AQ94AaABAg.AaezVxHVZmkAagKikK7YUt,Youtube,@nyannfei8660,sedih bgt bacanyaa cm bisa doain yang terbaik buat kakanya & semua org yg kena dampak karhutla 😭,21 hours ago (edited),,,,0
https://www.youtube.com/watch?v=r1DSH9AQXLU,UgzRKlZ3FFrFMho0AQ94AaABAg.AaezVxHVZmkAagZsKgtXhM,Youtube,@focus8533,"jadi inget ketika Dostoevsky bilang ""kita berada di gerbong kereta dan penjara yg mana kotoran setinggi mata kaki, mustahil untuk tetap waras, justru stress adalah hal yg wajar""
dan kalimatmu ""mungkin bagi kalian ini hanya berita, tp bagi kami ini adalah penderitaan""",19 hours ago,,,,0
https://www.youtube.com/watch?v=r1DSH9AQXLU,UgzRKlZ3FFrFMho0AQ94AaABAg.AaezVxHVZmkAagjrj3F22H,Youtube,@HunterNomadenZ,"Peduli apa gw mbg, kdmp, wowo asbun. Gak ngaruh nih boss, gw mindfulness😜
gw orang kaya 🤪",17 hours ago,,,,0
https://www.youtube.com/watch?v=r1DSH9AQXLU,UgzRKlZ3FFrFMho0AQ94AaABAg.AaezVxHVZmkAafntUMxxCe,Youtube,@newearthseries2287,😢😢😢,1 day ago,,,,0
https://www.youtube.com/watch?v=r1DSH9AQXLU,Ugy4K5JzWxYihF7WfUB4AaABAg,Youtube,@helafelagaming,"Mindfulness boleh tp sekali2 kamu juga harus speak up tentang kezaliman pemerintah, terutama statusmu sebagai influencer, fans kamu banyak.

Well educated harus diseimbangi rasa full of empathy",1 day ago (edited),,,,3
https://www.youtube.com/watch?v=r1DSH9AQXLU,UgwfxEE9i9iXL9mpUtJ4AaABAg,Youtube,@Vahnhaseo,"Sadly, bad news ini juga tetap fakta yang terjadi.
Some people (atau lebih tepatnya mungkin mostly) feeling anxious ya karena udah ga paham lagi apa yang harus dilakukan untuk membuat perubahan. Belum lagi ya segala ""bad news"" yang ada memang bisa sangat mempengaruhi kehidupan sekarang atau di masa depan yang ga jauh-jauh amat itu. Beda mungkin kalau dibanding bubble kehidupan kakak yang sudah sangat well privileged dan mungkin ga gampang ""diguncang"" dengan ""bad news"" yang ada :)

Well, sebenernya agak sedikit berharap untuk orang yang punya influence besar (dan mungkin koneksi) seperti anda ya bisa ""bergerak"" lebih atau jadi medium untuk bersuara. Dibanding so called ""mindfulness"" fana yang juga...yaa...out of reality.

Ya andai yang terdampak bencana karhutla ataupun gempa  ataupun erupsi bisa mengikuti saran mindfulness nya kakak :)",1 day ago,,,,0
https://www.youtube.com/watch?v=r1DSH9AQXLU,UgwZs71Mm_ItIuIzP-p4AaABAg,Youtube,@almiira_hfdh9035,"Kak bahas kalimantan, NTT, dan Sumatra",1 day ago,,,,0
https://www.youtube.com/watch?v=r1DSH9AQXLU,UgwwInybodBdHx3YEWN4AaABAg,Youtube,@soulfulmusic951,"Truly needed this comforting dose of warmth today. Thank you for sharing, Kak Maudy ✨",1 day ago,,,,0
https://www.youtube.com/watch?v=r1DSH9AQXLU,Ugzb07axLhyOHNMx3bt4AaABAg,Youtube,@EllagrossRose,Spill kamera ka,3 days ago,,,,0
https://www.youtube.com/watch?v=r1DSH9AQXLU,UgyOGx-USjTWSxF54_p4AaABAg,Youtube,@dianawaliasari,Aaah totally mind-warming 💕😭,5 days ago,,,,0
https://www.youtube.com/watch?v=r1DSH9AQXLU,UgxHM6E7XU0gUvWHXcJ4AaABAg,Youtube,@tennagemadzstory,"🥹im sixteen thanks u udh mewakili kak!! ga sepenuhnya paham topik yg sedang dibahas but im realize I also feel the negative impact of continuous news, especially since we have a negative bias ,mngkin saatny menarik diri dari berita "" tpi jga ga menutup kemungkinan (balance)",6 days ago,,,,0
https://www.youtube.com/watch?v=r1DSH9AQXLU,UgwgJ5e6j7VQsH65ZxJ4AaABAg,Youtube,@06-gfidxmedeiafx86,Suka banget berasa ngobrol langsung dengan maudy,7 days ago,,,,0
https://www.youtube.com/watch?v=r1DSH9AQXLU,Ugy_r0ocr7ASpBvFb3d4AaABAg,Youtube,@AgusSanjaya-i7x,Sebenarnya aku tak mengerti yang dia bicarakan tapi melihatnya aku seperti punya kawan perjalanan...maudy imut yang begitu lembut,7 days ago,,,,0
https://www.youtube.com/watch?v=r1DSH9AQXLU,Ugz1HGdz30l6MhKsA254AaABAg,Youtube,@dwakhai14,"Thank youuuuu kak maudyy❤❤❤
Buat aku yang suka overthinking juga dengan segala hal❤😢

Nextnya boleh ga kak, bahas cara mengatasi diri kita yang suka banget overthinking sendiri, yang terkadang ada bagusnya, walau juga ada buruknya😔😭",8 days ago,,,,0
https://www.youtube.com/watch?v=r1DSH9AQXLU,UgxtoCO6HKlOr0u_gcd4AaABAg,Youtube,@DAHRANIrani-r1x,Teman saya,9 days ago,,,,0
https://www.youtube.com/watch?v=r1DSH9AQXLU,UgzNG9iYwhKeATjLi5B4AaABAg,Youtube,@zaradelia03,❤❤❤,12 days ago,,,,0
https://www.youtube.com/watch?v=r1DSH9AQXLU,UgxZSwyPlY7antwb0oZ4AaABAg,Youtube,@rachmathidayat2286,"lakukan apa yg membuatmu bahagia, tanpa meninggalkan masalah, seperti menatap wajah Ayunda yg teduh 😊",2 weeks ago,,,,0
https://www.youtube.com/watch?v=r1DSH9AQXLU,UgxgrjEZtTGb_redA1Z4AaABAg,Youtube,@feryaty7379,"thank you so much kak untuk insidenya, jujur apa yang aku rasain semuanya yang kamu omongin kak
dengan semua berita yang ada sekarang ini 
dari mulai alam, politik, pemerintah, keuangan, pekerjaan dan masih banyak lagi 
emang bener ketika buka sosial media munculnya di algorithm kebanyakan tentang those bad news 
sampai aku ngerasa di titik males buka Sosmed karena munculnya berita bad news mulu
but in other side, aku juga butuh dan pengin tahu ada berita apa aja atau update apa aja sekarang ini 
jadi kaya 2 hal yang saling bertolak belakang tapi aku membutuhkan keduanya 
aku benaran sampe kebawa stres dan nangis kak ngelihat berita2 itu 
kaya ngerasa, apa emang gak ada good news untuk beritanya kah? 

but content ini tiba2 muncul di algorithm youtubeku kak dan makasiiiiih bangeeeeett sudah ngobrolin tentang  hal itu 
aku akan coba terapkan saranmu kak 
dan yes, kita butuh good inputs buat balance our life di tengah hidup yang gedebak-gedebuk ini 
sehat selalu ya kak dan buat lebih banyak konten yang comfort kaya gini lagi 
thank you 😊😊😊😊😊",2 weeks ago (edited),,,,1
https://www.youtube.com/watch?v=r1DSH9AQXLU,Ugx8bChPN_YBlOiueJh4AaABAg,Youtube,@harisprasetyaeffendie912,"Greetings, Kak Maudy🙏👋👋👋👋👋",2 weeks ago,,,,0
https://www.youtube.com/watch?v=r1DSH9AQXLU,Ugxu7OgrUJLGaK-hTjx4AaABAg,Youtube,@thalatha2645,omg tysm kak maudy.. i thought i was just being too much tiap ngerasa overwhelmed about the badnews in this country,2 weeks ago,,,,1
https://www.youtube.com/watch?v=r1DSH9AQXLU,Ugw7a1GwdMC-HesnxVd4AaABAg,Youtube,@cicungcimong,makanannya kek enak tapi agak kering buat tenggorokan haha,2 weeks ago,,,,0
https://www.youtube.com/watch?v=r1DSH9AQXLU,Ugz2A7D3eJQ7TKEuocB4AaABAg,Youtube,@arugikun347,Mantan terindahku,2 weeks ago,,,,0
https://www.youtube.com/watch?v=r1DSH9AQXLU,UgxIQSHUG4D_pVwPnFB4AaABAg,Youtube,@lestaridwi_12,bener2 merasa kayak gini.. makasih kak insightnya. membantu aku mencerna ini semuaaa,2 weeks ago,,,,0
https://www.youtube.com/watch?v=r1DSH9AQXLU,UgzSGauKecyMMiYx46V4AaABAg,Youtube,@alanawinarta9887,peluk,2 weeks ago,,,,0
https://www.youtube.com/watch?v=r1DSH9AQXLU,Ugx-996UbL1LcsjgFyl4AaABAg.AafH1B666TAAafnzB7326f,Youtube,@Vahnhaseo,"Ah lupa doi ini LPDP ya, tapi sesimpel care sama permasalahan warga negaranya aja ga bisa ya 😂
(To Mbak Mody: ga usah pamer kalau nanti ada project mandatory yang dieksekusi karena sebuah kewajiban dari program LPDP ya. Ga paham dan ga tau juga faedah project nya apa, walau misalkan exist)",1 day ago,,,,0
https://www.youtube.com/watch?v=r1DSH9AQXLU,Ugx-996UbL1LcsjgFyl4AaABAg.AafH1B666TAAagDQ79yWOw,Youtube,@mysrhrzq25,padahal itu uang pajak kita loh. bisa-bisanya tone deaf while you got a scholarship from the people who are suffering.,22 hours ago,,,,0
https://www.youtube.com/watch?v=r1DSH9AQXLU,Ugx-996UbL1LcsjgFyl4AaABAg.AafH1B666TAAagSL5Xql3V,Youtube,@jimsonweedss,"iya cuy, pdhl punya fanbase gedhe tp doi gk ada kuping & mulut 😹😹😹😹😹😹 maklum dari bayi udh kaya 😹😹😹😹",20 hours ago,,,,0
https://www.youtube.com/watch?v=r1DSH9AQXLU,Ugx-996UbL1LcsjgFyl4AaABAg.AafH1B666TAAagOuDunI53,Youtube,@qurrotulaini4636,doi kan deket ma rezim,21 hours ago,,,,0
https://www.youtube.com/watch?v=r1DSH9AQXLU,Ugx-996UbL1LcsjgFyl4AaABAg.AafH1B666TAAagnwEl9wTW,Youtube,@chocoberry434,"and she said musibah” ini dianalogikan dengan apa? yak, unhealthy foods guys wkwkw",17 hours ago,,,,0
https://www.youtube.com/watch?v=r1DSH9AQXLU,Ugx-996UbL1LcsjgFyl4AaABAg.AafH1B666TAAagdekS8VNU,Youtube,@jjk-o7r,"Eh iya juga ya dia kan LPDP pake uang pajak kita semua. Gw mau kuliah aja nggak bisa krn nggak ada uang buat bayar kost sama biaya sehari2 jir
Dan banyak banget orang luar sana yg nasibnya sama kayak gw
Dia malah seenaknya malah tutup telinga",18 hours ago,,,,0
https://www.youtube.com/watch?v=r1DSH9AQXLU,Ugx-996UbL1LcsjgFyl4AaABAg.AafH1B666TAAahCmTojELc,Youtube,@SitiFatimah-gd2sr,"Diri sendiri lah kak, yang penting selamet sendiri dan keluarganya aman wkwkkw",13 hours ago,,,,0
https://www.youtube.com/watch?v=r1DSH9AQXLU,Ugx-996UbL1LcsjgFyl4AaABAg.AafH1B666TAAahHS7Ii-an,Youtube,@Bundakhalid_,Emang hrs nya gmn kak?,12 hours ago,,,,0
https://www.youtube.com/watch?v=r1DSH9AQXLU,Ugx-996UbL1LcsjgFyl4AaABAg.AafH1B666TAAaiBo480k1w,Youtube,@InonDei,​ @Bundakhalid_ minimal kalo gabisa (or gamau bantu?) YA DIEM AJA,4 hours ago,,,,0
https://www.youtube.com/watch?v=r1DSH9AQXLU,Ugx2_YGQMXjW8dXB6Mx4AaABAg.AaezbgADJiyAaf-zvQfwm5,Youtube,@florencianyta1601,"Maap balik lg mau nambahin abis kepoin IG-nya 😂 trnyata doi yg katanya ""gak ngapa2in"" ini ckp aktif jg kok buat bersuara, trs ad bantu bencana lgsg jg kynya pas Aceh (?), kasih mentoring dan open donation jg buat bencana NTT... Jd mgkn mksd videonya d satu sisi kt bs kok masih membantu and do what we can, tp di sisi lain jg kt bs menjaga diri kt thdp asupan berita2 negatif.. Itu sih yg gw tangkep yaa",1 day ago,,,,0
https://www.youtube.com/watch?v=r1DSH9AQXLU,Ugxu7OgrUJLGaK-hTjx4AaABAg.Aa0UwDJZ1J7AaHORQw4Xii,Youtube,@modmedia,you're not alone! 🤍,10 days ago,,,,0
https://www.youtube.com/watch?v=r1DSH9AQXLU,Ugxvxhrh4ZE2gs84EG14AaABAg,Youtube,@mycornerpvn,"Iya lagi kak, aku dan suami ku lagi ngerasain hal yang sama. Kita berdua juga lagi membatasi untuk mengkonsumsi bad news, dan untuk tetep update sama kondisi sekarang kami memilih akses informasi ke sumber yang menurut kami terpercaya biar nggak jadi overwhelmed . Makasih juga kak maudy udah share tentang hal ini karena kami tidak sendirian banyak diluar sana juga merasakan hal yang sama, dan poin poin yang tadi disampaikan bisa jadi renungan😊",2 weeks ago,,,,0
https://www.youtube.com/watch?v=r1DSH9AQXLU,Ugw6l_EFy3EyYO58e7J4AaABAg,Youtube,@longlivez,"bahkan poli psikolog makin rame karena banyak yang capek sama kondisi indonesia. pasien yang mengalami gangguan mental karena kecemasaan terhadap masa sekarang dan masa depan mereka. tekanan sosial, kerjaan dan keluarga terutama orang tua. rasa keinginan yang hampir semua dibayar dengan uang mesti ditunda bahkan dikubur karena keputusasaan dari kondisi sekarang.

teruntuk kalian yang merasa mentalnya terasa sudah gak beres, langsung ke psikolog. jangan sampe menumpuk jadi makin mengganggu aktivitas sehari-hari.",2 weeks ago,,,,1
https://www.youtube.com/watch?v=r1DSH9AQXLU,UgyA2jCn354hlgAeQQt4AaABAg,Youtube,@jihanrzka,"that's exactly what I feeling right now, anxious bangettt setiap denger info indonesia. Segitu cintanya sama negeri sendiri, tapi satu sisi gabisa ngapa2in buat ngubah semua itu :""(",2 weeks ago,,,,0
https://www.youtube.com/watch?v=r1DSH9AQXLU,Ugx-xVXCoSGfRgIUv614AaABAg,Youtube,@hellothisme,thankyou kak mody❤,2 weeks ago,,,,0
https://www.youtube.com/watch?v=r1DSH9AQXLU,UgwvTVQ85gaDu6vKzeF4AaABAg,Youtube,@minartiamanik,❤,2 weeks ago,,,,0
https://www.youtube.com/watch?v=r1DSH9AQXLU,Ugyk-1aA1FIJr_3xiRJ4AaABAg,Youtube,@derappena,"it is so difficult for me to finish your video maudy. lets see how you gonna make this video and or apply this stoic mindset in the condition where you don't have something to eat, or you are freezing in the cold cause your home is melted to the ground, or you cant barely breathe due to the smoke, lets imagine you making this video in that condition just to protect you sanity? 

which sanity you mean here? 

emosi yang gila, untuk sesuatu yang gila itu ngga gila. emosi yang biasa saja untuk sesuatu yang gila, is that sanity?

our hearts is really good indicators, is like thermometer, they actually telling you something not right is happening, it is what causing you to feel that emotion. and you need to extract it to do something.

could you imagine maudy, just imagine all indonesians, pake mindset ini, i just can imagine as we stabbing orang2 di bawah yang ga punya banyak pilihan to death, just so we can have our sanity? is that sanity?

Most of us punya privileged untuk memilih, di bawah sana mereka ga ada pilihan ketika harga naik, mereka yang lahir di keluarga seadanya yang tak berdaya karena kemiskinan struktural oleh rusaknya sistem. 

i am no convince that you would make this video kalo kamu lahir sebagai anak pedagang tempe jalanan, dengan kondisi biaya kuliah tinggi, buku mahal, internet mahal, let alone kursus bahasa inggris, kenaikan bahan makanan sedikit saja bikin mereka kesulitan. dengan kondisi begini kamu bakal ngelakuin apa aja untuk mencari tau apa yang terjadi dan salah, beropini, kritis, speak up. 

wake the fuck up, kita masih punya pilihan, and your emotions is tellling you something, kita masih punya pilihan untuk diam dan mengabaikan karena itu belum terjadi di anda. or kita speak up terus menerus, perjuangkan, sekecil apapun itu bersuara dan perjuangkan, 

""Mental pasrah adalah musuh bagi kemajuan, lebih berbahaya dari senapan mesin, karena ia membunuh tanpa suara""
-T Malaka",2 weeks ago,,,,11
https://www.youtube.com/watch?v=r1DSH9AQXLU,UgzcOHcAI70bLq44fr14AaABAg,Youtube,@ullanZiaullah,"If you constantly overthink conversations, decisions or small mistakes, try Clara Hartley’s anxiety quiz. The result might help you understand where that reaction is coming from.",2 weeks ago,,,,0
https://www.youtube.com/watch?v=r1DSH9AQXLU,UgzIzMvpKvcnfrqQLl14AaABAg,Youtube,@sakinatunmeisya6270,thanks maudy  u made my day!❤️,2 weeks ago,,,,0
https://www.youtube.com/watch?v=r1DSH9AQXLU,Ugxhg5uZ-73qDGMV7JJ4AaABAg,Youtube,@TrafikoBayuZikaYT2,Btw kalo di negara lain gmn kabarnyaa? Sharing doong,2 weeks ago,,,,0
https://www.youtube.com/watch?v=r1DSH9AQXLU,UgxsH0Q5xLZ4CCpWxRp4AaABAg,Youtube,@shelovesdimsum,"kak makasi banyak banget udh aware dan spread tips ini, makasi bgt, kita gen z emg ovt bgt gara2 ini😢😢❤",2 weeks ago,,,,0
https://www.youtube.com/watch?v=r1DSH9AQXLU,UgybkDlHpqjDfQAVUKl4AaABAg,Youtube,@Paperclub4,Cantik banget,2 weeks ago,,,,0
https://www.youtube.com/watch?v=r1DSH9AQXLU,Ugypnyh1M2rRnT6A_rZ4AaABAg,Youtube,@rexsybimatrimawahyu3292,"Ngl, i am kinda mentally cooked atm because as far as i know there is no single good news ever happening in Indonesia in my IG Algorithm. Its filled with how screwed up Indonesia really is. In the good side, it makes me realize that we need to be wake up with situations like this. The next question is, what are we gonna do with it? Should we just cope and let it all happened? or do we need to do something that hopefully it brings good changes for the country?",2 weeks ago,,,,0
https://www.youtube.com/watch?v=r1DSH9AQXLU,UgxR54mYpPj6XduPqiJ4AaABAg,Youtube,@gabriellamayanglarasati5135,"suaranya kaya lagi memandu kelas yoga:"") menenangkan",2 weeks ago,,,,0
https://www.youtube.com/watch?v=r1DSH9AQXLU,Ugys6iuP-LqU8xfP-FN4AaABAg,Youtube,@oliviayoung5596,Rasa2 tdk berdaya relate🎉,3 weeks ago,,,,0
https://www.youtube.com/watch?v=r1DSH9AQXLU,Ugx2FUREztpBLOaoLZF4AaABAg,Youtube,@nairaal,"ada gak ya rekomen book tentang mindfulness gini, kayak lagi butuh banget sesuatu yang positif atau healing pengalihan dari hidup yang ternyata quarter life crisis is real☹️",3 weeks ago,,,,0
https://www.youtube.com/watch?v=r1DSH9AQXLU,UgzW9piWyx2GrXCwa3J4AaABAg,Youtube,@sangsteridz474,t,3 weeks ago,,,,0
https://www.youtube.com/watch?v=r1DSH9AQXLU,UgwCKNaZ8ELw1wvAd4t4AaABAg,Youtube,@janeandreas750,sama kak maudy 😢 jujurly baru kali ini bener2 ngerasa kawatir tinggal di negara ini.. overwhelmed juga tiap liat sosmed & berita.. Ga international ga berita lokal :(,3 weeks ago,,,,0
https://www.youtube.com/watch?v=r1DSH9AQXLU,UgxoVEBQMBtseHFBJzB4AaABAg,Youtube,@saayanamedia,Hanupis!!,3 weeks ago,,,,0
https://www.youtube.com/watch?v=r1DSH9AQXLU,UgxjfhT5jgbyNB6foeB4AaABAg,Youtube,@himahluthfiyah,Cantik banget masya Allah,3 weeks ago,,,,0
https://www.youtube.com/watch?v=r1DSH9AQXLU,UgxLQcIANLgQkOhWhRp4AaABAg,Youtube,@podcastburungbeo,"aah, tipsnya datang di waktu yang tepat! thanks ka Mod 😭❤",3 weeks ago,,,,0
https://www.youtube.com/watch?v=r1DSH9AQXLU,UgxgrjEZtTGb_redA1Z4AaABAg.Aa7dyF8iNR8AaHOJ7uI9ay,Youtube,@modmedia,I know it's a very difficult times 🥹 semangat yaa,10 days ago,,,,0
https://www.youtube.com/watch?v=r1DSH9AQXLU,Ugy4K5JzWxYihF7WfUB4AaABAg.Aaeu4ZgLhRLAahRreYFkg3,Youtube,@mayoskrrr,"Karena dia gak peduli mas, makanya gak speak up, selama dia masih hidup nyaman. Tapi bad news soal Indonesia yg beredar di internet mulai membuat hidup nyamannya jadi kurang nyaman, makanya dia aplot ngeneh, speak up soal mainpulnes alias lagi sharing tutorial bagaimana supaya hidup nyamannya tidak terganggu noise soal bad news yg nyangkut di algoritma nya 😂😂",11 hours ago,,,,0
https://www.youtube.com/watch?v=r1DSH9AQXLU,Ugy4K5JzWxYihF7WfUB4AaABAg.Aaeu4ZgLhRLAaiMkxPk52z,Youtube,@sasijuni-l1u,Dia terlalu kaya untuk terdampak kezaliman pemerintah,2 hours ago,,,,0
https://www.youtube.com/watch?v=r1DSH9AQXLU,Ugy4K5JzWxYihF7WfUB4AaABAg.Aaeu4ZgLhRLAaiS4sxiMh0,Youtube,@daranimator9665,Dia 02 kah,2 hours ago,,,,0
https://www.youtube.com/watch?v=r1DSH9AQXLU,Ugw6l_EFy3EyYO58e7J4AaABAg.A_yCSvRMkCwAaFFHSVwrYG,Youtube,@FinaRudati,"""rasa keinginan yang hampir semua dibayar dengan uang mesti ditunda bahkan dikubur karena keputusasaan dari kondisi sekarang""
damn kak, bener bgt :)) semua kesenangan beneran dibatasi ke skala kecil dan ngga lagi se-wah sebelumnya. Fokusnya cm gimana bisa ttp survive di sehari2 sambil ttp saving",11 days ago,,,,0
https://www.youtube.com/watch?v=r1DSH9AQXLU,Ugyk-1aA1FIJr_3xiRJ4AaABAg.A_uSlpa95zSA_x_QKDGpU4,Youtube,@adindakartikaputri2271,Well said kak 👏🏻👏🏻👏🏻 setuju banget dengan semua komenan kakak ini. Rasanya isi hati aku tercurah semua. Bener bener ga pantes stoic stoican di negara yang pemerintah sampe akarnya udah sehancur ini,2 weeks ago,,,,0
https://www.youtube.com/watch?v=r1DSH9AQXLU,Ugyk-1aA1FIJr_3xiRJ4AaABAg.A_uSlpa95zSA_yMcY7a-xL,Youtube,@scribblymedz,"​ @adindakartikaputri2271 yg salah itu org yg sok sok an nerapin stoic tp dia malah jadi nutup mata sama apa yang terjadi, gausah nyalahin stoic secara keseluruhan deh",2 weeks ago,,,,0
https://www.youtube.com/watch?v=r1DSH9AQXLU,Ugyk-1aA1FIJr_3xiRJ4AaABAg.A_uSlpa95zSAa2Yok4yJfB,Youtube,@Useruser-dj3wc,Tidak relate. Sangat personal.,2 weeks ago,,,,0
https://www.youtube.com/watch?v=r1DSH9AQXLU,Ugyk-1aA1FIJr_3xiRJ4AaABAg.A_uSlpa95zSAa2zPaXPIUG,Youtube,@derappena," @Useruser-dj3wc  yes totally fine its your poin and this is mine. 

borjuis borjuis ini akan masih bisa makan enak kalo pun rupiah nyentuh 25,000, i hope u ga blindly ngikut arus mereka, they dont actually give a fuck

mereka main aman, ga terlalu kiri karena takut karir kesenggol elit, ga terlalu kanan karena ya dia dapet duit jg dari exposure or engangement dia ke masyarakat middle ke bawah

berdasar data BPS cuma 10 persen masyarakat di indo yg S1, S2, S3 kalo ditotal, 90 persennya ga sarjana

ya u pakai logic aja yang ga sarjana ini bagaimana cara menyikapi permasalahan, udah pusing cara survive di negara, ditambah konten begini ya makin apatis, sejak jaman soeharto upaya buat bikin floating mass itu gencar banget, salah satunya gini contohnya

mau ingetin lagi, merdeka itu ga mudah, butuh perjuangan, terus peduli, saling merangkul, terus perjuangkan walau itu sedikit, 

again, kepasrahan itu lebih berbahaya dari senjata, karena membunuh dalam diam, kencangkan semangat,

kemerdekaan bukan hanya untul borjuis",2 weeks ago,,,,0
https://www.youtube.com/watch?v=r1DSH9AQXLU,Ugyk-1aA1FIJr_3xiRJ4AaABAg.A_uSlpa95zSAaerSnX-g23,Youtube,@sarabidadarahawa8874,Up up up,1 day ago,,,,0
https://www.youtube.com/watch?v=r1DSH9AQXLU,Ugyk-1aA1FIJr_3xiRJ4AaABAg.A_uSlpa95zSAahAcmQU4uu,Youtube,@ayoeaishiteru,❤❤❤,13 hours ago,,,,0
https://www.youtube.com/watch?v=r1DSH9AQXLU,Ugyk-1aA1FIJr_3xiRJ4AaABAg.A_uSlpa95zSA_yN0we3wha,Youtube,@scribblymedz,"orang2 di bawah yang ga punya banyak pilihan, kita masyarakat menengah yg tiap hari terpaksa harus pake dana darurat karna apa² serba mahal pun jg ga punya banyak pilihan? kita harus apa? lu mau kita ngapain sih?",2 weeks ago,,,,0
https://www.youtube.com/watch?v=r1DSH9AQXLU,Ugyk-1aA1FIJr_3xiRJ4AaABAg.A_uSlpa95zSA_yMoWgF3p5,Youtube,@scribblymedz,"also you said ""you need to extract it to do something"", do what? apakah dengan kita aware sama berita itu masih kurang? kalo ga banyak yg bisa kita lakuin? terus harus ngapain? harus ngepet gitu biar banyak duit terus bisa bantu mereka?",2 weeks ago,,,,0
https://www.youtube.com/watch?v=r1DSH9AQXLU,Ugyk-1aA1FIJr_3xiRJ4AaABAg.A_uSlpa95zSA_yMMNe-pl6,Youtube,@scribblymedz,"first of all, how can you write such a long comment without having finished watching the video? 

km punya rasa benci apa ke kak maudy? tonton videonya sampe habis dulu. kalo km emang sebegitu pintar, harusnya bisa nangkep maksud dari isi videonya. gue kasih point²nya karena lu GA NONTON VIDEONYA SAMPE HABIS, jadi menurut gue lu juga kurang kredibel buat nulis komen sepanjang itu kalo lu sendiri nggak tau isi videonya secara utuh.

1. kak maudy nggak pernah nyuruh kita tutup mata, tapi mengurangi source berita.
jadi, daripada kita terus-terusan ngeliat berita yang cuma sepotong² dari akun IG/TikTok yang nggak jelas, lebih baik baca langsung dari portal berita yang terpercaya dan baca beritanya secara lengkap, termasuk context-nya. karena berita yang cuma sepenggal² dan muncul terus-menerus itu memang bisa bikin kita overwhelmed dan itu wajar, karena di video ini kak maudy juga bilang (dan gue juga udah baca research-nya) bahwa otak kita memang nggak dirancang untuk terus-menerus menerima kabar buruk.

selebihnya lu cari sendiri research-nya di sini gue cuma nyampein apa yang kak maudy bilang di videonya, karena lu sendiri nggak mau nonton sampai akhir

2. kak naudy juga ngomongin soal punya “window” atau waktu tertentu buat baca berita.
jadi bukan berarti kita nggak boleh tahu berita sepanjang hari, tapi kita nggak harus terus-terusan terpapar berita buruk setiap saat. di videonya juga dia kasih contoh kalau seharian lagi banyak aktivitas, dia baru bisa update berita di malam hari karena ya cuma itu waktu yang dia punya untuk tahu berita apa aja yang sedang terjadi.

sampai sini paham? harusnya paham dong

Intinya, selama kita udah baca beritanya dan udah tahu full context-nya dari 1–2 sumber yang terpercaya, it's okay kalau setelah itu kita mau berhenti baca berita yang sama berulang-ulang sepanjang hari demi menjaga kewarasan kita.

Itu bukan berarti kita nutup mata. bukan berarti kita nggak peduli, bukan berarti kita nggak update. kita udah tahu, kita udah baca konteksnya, dan kalau memang ada hal yang bisa kita lakukan, ya kita lakukan.

terus gue mau nanya, emang apa yang bisa kita lakukan kalau posisi kita memang nggak bisa membantu secara langsung? nggak semua orang punya kemampuan untuk bantu secara finansial. ada juga orang yang bahkan masih berjuang dengan kondisi finansialnya sendiri. mungkin yang bisa dilakukan cuma share beritanya, bantu naikin awareness, atau sekadar memastikan informasi tentang kejadian tersebut tersebar.

dan kalau setelah melakukan sebatas kemampuan kita dan kita masih merasa overwhelmed atau stress karena berita yang sama terus-terusan masuk ke kepala kita, itu bukan berarti kita bodo amat sama korban.

kita juga manusia. kita bisa peduli sama apa yang terjadi di luar sana tanpa harus terus-menerus menyiksa diri sendiri dengan konsumsi berita buruk yang sama. menjaga kewarasan bukan berarti berhenti peduli.",2 weeks ago,,,,0
https://www.youtube.com/watch?v=r1DSH9AQXLU,Ugyk-1aA1FIJr_3xiRJ4AaABAg.A_uSlpa95zSAa6rFxux4Sy,Youtube,@nyr5394,"@scribblymedz thats the point.. menjaga kewarasan bukan berarti berhenti peduli. hey kita human. mengenal siapa diri kita juga penting. kalau terus2 san mengonsumsi bad news dan akhirnya kewarasan hilang/tidak balance, apa kita masih bisa melanjutkan kepedulian kita dengan sanity yang tidak stabil itu?",2 weeks ago,,,,0
https://www.youtube.com/watch?v=r1DSH9AQXLU,UgzRKlZ3FFrFMho0AQ94AaABAg.AaezVxHVZmkAagMKtIaGcO,Youtube,@RizkiIrawan1303,Setuju kak,21 hours ago,,,,0
https://www.youtube.com/watch?v=r1DSH9AQXLU,UgzRKlZ3FFrFMho0AQ94AaABAg.AaezVxHVZmkAahNMMEtkU2,Youtube,@nadasafrina2165,"Say it louder kak, kalimantan penuh asap, Sumatera belum pulih dan ditambah abu vulkanik dari krakatau, jawa kekeringan masih bisa bisa ngomong mindfullness njir lah",12 hours ago,,,,0
https://www.youtube.com/watch?v=r1DSH9AQXLU,UgzRKlZ3FFrFMho0AQ94AaABAg.AaezVxHVZmkAaiNybyMkJY,Youtube,@kurrrnia,​ @nadasafrina2165 emangnya kalo lo marah2 ngamuk2 dan being bitter itu kabut asap bakalan padam?,2 hours ago,,,,0
https://www.youtube.com/watch?v=r1DSH9AQXLU,UgzRKlZ3FFrFMho0AQ94AaABAg.AaezVxHVZmkAahQAsojYnP,Youtube,@Afifahisme,"Kak, aku yang di Jawa aja sering merasa sedih untuk saudara2 di luar Jawa yang terkena bencana tp sering diabaikan, tanahnya dirusak tp dianaktirikan. Aku cuma bisa berdoa diam2 untuk kalian semua",11 hours ago,,,,0
https://www.youtube.com/watch?v=r1DSH9AQXLU,UgzRKlZ3FFrFMho0AQ94AaABAg.AaezVxHVZmkAag-7iq3y4I,Youtube,@temanbaikmuella,Bagusssss 🎉🎉🎉,1 day ago,,,,0
https://www.youtube.com/watch?v=r1DSH9AQXLU,UgzRKlZ3FFrFMho0AQ94AaABAg.AaezVxHVZmkAahFOMmS4kI,Youtube,@zahratulqisthi6715,"Semangat ya kak!!! Aku bukan siapa2, cuma rakyat biasa yg ikut berisik dan donasi doang. Aku bisanya cuma itu huhuhu",13 hours ago,,,,0
https://www.youtube.com/watch?v=r1DSH9AQXLU,UgzRKlZ3FFrFMho0AQ94AaABAg.AaezVxHVZmkAahX9hUy2Xr,Youtube,@mechakawaii99,kak… masih sedih perkara adek2 yg keracunan kemarin eh baca komenmu makin nambah sedih aja. aku gak bisa bantu yg gmn2 tp kalo ada aku mau donasiin kyk biasanya. gak banyak tapi semoga membantu :”),10 hours ago,,,,0
https://www.youtube.com/watch?v=r1DSH9AQXLU,UgzRKlZ3FFrFMho0AQ94AaABAg.AaezVxHVZmkAaiK4qlwBRu,Youtube,@hannafarkhati,Aku selalu mendoakan teman2 di Kalimantan 😢😢 semoga masalah ini cepat berlalu 😔😔,3 hours ago,,,,0
https://www.youtube.com/watch?v=r1DSH9AQXLU,UgzRKlZ3FFrFMho0AQ94AaABAg.AaezVxHVZmkAaiLQVJnUv2,Youtube,@yunnimaulina1941,"Aku ngeliat langit kelabu berhari hari, nafasku sesak, udah lama ga ngerasain air yg seger karna disini air asin, belum lagi mau cari air minum skrg ngantri bgt, jujur bisa ttp idup aja udh syukur, krn ini udah kayak dibunuh pelan pelan, apalagi mikirin masa depan kayak gimana.. boong bgt ga stress 😢😢😢",3 hours ago,,,,0
https://www.youtube.com/watch?v=r1DSH9AQXLU,UgzRKlZ3FFrFMho0AQ94AaABAg.AaezVxHVZmkAafw5ni7f99,Youtube,@casimiimi6175,🥺😢😢,1 day ago,,,,0
https://www.youtube.com/watch?v=r1DSH9AQXLU,UgzRKlZ3FFrFMho0AQ94AaABAg.AaezVxHVZmkAafwODCXFfJ,Youtube,@raraaw-2617,💔💔💔,1 day ago,,,,0
https://www.youtube.com/watch?v=r1DSH9AQXLU,UgysBxmPaiYIba-HQtN4AaABAg,Youtube,@jadesmitzy,great talk and wise!,3 weeks ago,,,,0
https://www.youtube.com/watch?v=r1DSH9AQXLU,UgxpnBNpV-Fwv4VYu6B4AaABAg,Youtube,@FromTheBookshelfID,"i'm drifting away... getting further from understanding what you're saying kak Maudy, every seconds into the video, just staring at your face and listening to the voice, not your fault but mine",3 weeks ago,,,,0
https://www.youtube.com/watch?v=r1DSH9AQXLU,UgybU3JFWRafxdxx3ph4AaABAg,Youtube,@reyna7556,❤️❤️❤️ i hope one day i can be as inspirational as you,3 weeks ago,,,,0
https://www.youtube.com/watch?v=r1DSH9AQXLU,UgzZ_JcyKsFwWL8409F4AaABAg,Youtube,@bestarina-c5w,"Video ini penting untuk mengingatkan kita agar tidak lumpuh oleh arus kabar buruk; tapi mungkin perlu ditambah bahwa, bagi sebagian orang, bad news bukan sesuatu yang bisa dijeda atau dikurasi karena ia hadir langsung dalam hidup dan tubuh mereka—maka mengatur paparan informasi baiknya bukan hanya demi ketenangan individual, melainkan agar kita masih punya daya untuk memahami konteks, membangun solidaritas, dan bertindak pada skala yang bisa kita jangkau.",3 weeks ago (edited),,,,0
https://www.youtube.com/watch?v=r1DSH9AQXLU,Ugy2xqzsA23TsvEQikV4AaABAg,Youtube,@pspratiwi7590,"Mbaa.. u r a mind reader already, sejujurnya udah lelah bgt mentally esp. Thanks fot the tips, simple yet helpfull.. semoga sehat dan kuat yah buat semua yg sedang berjuang❤",3 weeks ago,,,,0
https://www.youtube.com/watch?v=r1DSH9AQXLU,Ugxx-_77Xv_QCER6oHp4AaABAg,Youtube,@agnia_qa,"asli kak makannya minggu kemarin aku nyoba buat deact sosmed semuanya, skrg masih sih tp beberapa ada yg dibuka karena ada keperluan and it helps meskipun singkat cuma 6 hari simply karena ngerasa gabisa aja untuk digest semua informasi yang banyak dan beragam itu ketika aku lagi hectic juga sama keadaan yang sedang dialami :'",3 weeks ago,,,,1
https://www.youtube.com/watch?v=r1DSH9AQXLU,Ugxaa49Fqf0R693vKFV4AaABAg,Youtube,@artofstep7750,"Thank you so much maudy for the pov, i'll try it as i did before😊",3 weeks ago,,,,0
https://www.youtube.com/watch?v=r1DSH9AQXLU,Ugy2eFYkJSs3L2X5V0J4AaABAg,Youtube,@ummisalamah8140,"Definisi beauty and brains! OMG Modd u look sooooo gorgeous! Insight-nya keren banget, salfok juga sama jaketnya. Awwwww 🤍
Masyaallah",3 weeks ago (edited),,,,0
https://www.youtube.com/watch?v=r1DSH9AQXLU,UgxfHOUg4BmUCR5tau14AaABAg,Youtube,@bumipertiwinusantara,"I just hope that educated individuals, intellectuals, intelligent people, and those who possess capabilities in terms of both power and wealth will do more to build, develop, and help those in need—economically, financially, educationally, in terms of healthcare, and through structural and systematic efforts.
So that these benefits can continue sustainably, serving humanity for decades or even centuries to come.",3 weeks ago,,,,0
https://www.youtube.com/watch?v=r1DSH9AQXLU,Ugzp_JoXz_kSZL5JBqB4AaABAg,Youtube,@anchovy4465,Khawatir telurnya gosong mba,3 weeks ago,,,,1
https://www.youtube.com/watch?v=r1DSH9AQXLU,Ugxl3tgTAd3dv61EyXB4AaABAg,Youtube,@aaaaaa-v5m6u,"Bener, udah menginjak umur kepala tiga, masalah di negara sendiri semakin banyaaaaaaakkk..., mau ndk mikirin, yaaa gimana kita lahir, kita idup, dan semua keluarga ada di indo..😊",3 weeks ago (edited),,,,0
https://www.youtube.com/watch?v=r1DSH9AQXLU,UgyNbweN53Yk1OLb_3p4AaABAg,Youtube,@MaharaniSabila-s4k,"Setuju, di tengah situasi saat ini input yg bagus juga perlu sebagai penyeimbang. Harus tahu kapan membaca dan kapan berhenti.",3 weeks ago,,,,0
https://www.youtube.com/watch?v=r1DSH9AQXLU,UgzrOf16stjKVZEsAYd4AaABAg,Youtube,@AriefmuhammadBahrudinyusuf,🇮🇩🤲🏻❤️,3 weeks ago,,,,0
https://www.youtube.com/watch?v=r1DSH9AQXLU,UgwObD8Q9uop8kktdD54AaABAg,Youtube,@ailbi,Mix feeling bgt di umur umur 20 thn ini yg lagi haus mencari mencarinya pengen coba semua lagi ngejar dunia tp in this era negara lagi kayak gini rasanya tuh kayak di kekang. Liat kanan kiri semuanya kena lay off gerak dikit rasanya salah mau A B C D harus mikir 2x mana apa apa mahal & i really hate this😢😢,3 weeks ago,,,,0
https://www.youtube.com/watch?v=r1DSH9AQXLU,UgzGA-x70XFFTHEe5Jp4AaABAg,Youtube,@indriyuni1585,"Berasa dibacain esai ilmiah, full of insight kak! 🥺❤",3 weeks ago,,,,0
https://www.youtube.com/watch?v=r1DSH9AQXLU,Ugwk4l35uXbRscl__u94AaABAg,Youtube,@jiwandananda9996,"Thank you for this Kak Maudy🤍.  Perasaan itu memang muncul, specifically sebagai WNI, but we have to control it.",3 weeks ago,,,,0
https://www.youtube.com/watch?v=r1DSH9AQXLU,UgzzKBoIaIDTj_qPXn54AaABAg,Youtube,@naufalfawwazandriawan3569,"Thanks, your videos are one of good inputs in the middle of bad inputs for me kak Maudy🤩",3 weeks ago,,,,0
https://www.youtube.com/watch?v=r1DSH9AQXLU,Ugy03kvlFTpsJuWcH9d4AaABAg,Youtube,@cheerfulmama5658,mau dong source2 news yang udah kamu curated....,3 weeks ago,,,,0
https://www.youtube.com/watch?v=r1DSH9AQXLU,UgxIw9H6eGe5K65RlXR4AaABAg,Youtube,@cheerfulmama5658,"aduh iniiii aku bangettt deh, beneran aku juga terapin ini akhir2 ini. karena udah capeeeeeeeee banget sama bad news...",3 weeks ago,,,,0
https://www.youtube.com/watch?v=r1DSH9AQXLU,UgyiYVlzbIlMMDTsDhF4AaABAg,Youtube,@23violindays,"Stoicism is a pacifier for ordinary people living in the periphery.. Not, for the people in proximity of power who can actually DO something about it.",3 weeks ago,,,,0
https://www.youtube.com/watch?v=r1DSH9AQXLU,UgzRKlZ3FFrFMho0AQ94AaABAg.AaezVxHVZmkAagngLygdW9,Youtube,@matanai8883,Penderitaan kalian lebih besar. Masa dia baca berita aja ga kuat? :'),17 hours ago,,,,0
https://www.youtube.com/watch?v=r1DSH9AQXLU,UgzRKlZ3FFrFMho0AQ94AaABAg.AaezVxHVZmkAahOeuMuIGT,Youtube,@rickoramadhan3142,😢😢😢,11 hours ago,,,,0
https://www.youtube.com/watch?v=r1DSH9AQXLU,UgzRKlZ3FFrFMho0AQ94AaABAg.AaezVxHVZmkAahX1HmfItu,Youtube,@gianarfansyah7627,"Bener banget kak, can she imagine how hard it is for us knowing the fact she with all of the privileges also struggling",10 hours ago,,,,0
https://www.youtube.com/watch?v=r1DSH9AQXLU,UgzRKlZ3FFrFMho0AQ94AaABAg.AaezVxHVZmkAahYeANiQuj,Youtube,@BobbyBees,Kak stay safe selalu yaa di sana😢,10 hours ago,,,,0
https://www.youtube.com/watch?v=r1DSH9AQXLU,UgzRKlZ3FFrFMho0AQ94AaABAg.AaezVxHVZmkAaiFWxwFEsH,Youtube,@zahraummuabdullah471,Semangat kakak,3 hours ago,,,,0
https://www.youtube.com/watch?v=r1DSH9AQXLU,UgzRKlZ3FFrFMho0AQ94AaABAg.AaezVxHVZmkAaiRBh44FkQ,Youtube,@meidiana3651,brand skincare nya ambil bahan2 juga dari kalimantan loh wah gila sih tone deaf abis,2 hours ago,,,,0
https://www.youtube.com/watch?v=r1DSH9AQXLU,UgzRKlZ3FFrFMho0AQ94AaABAg.AaezVxHVZmkAaiWnk3k9Ht,Youtube,@SoulfulSounds22,Pindah kak,1 hour ago,,,,0
https://www.youtube.com/watch?v=r1DSH9AQXLU,UgzRKlZ3FFrFMho0AQ94AaABAg.AaezVxHVZmkAaiYjwAz7Ko,Youtube,@aerina6194,"Gmn kabar kalian yg d kalimantan? Masih berkabutkah? Smoga kalian sehatsehat ya di kala keadaan yg seperti ini. Mau gamau kita mikir liat berita2 buruk yg ada d Konoha karena bisa berdampak ke kita walau kcil. Masker medis mnjadi lbh mahal, dll
Video ka maudy memang kurang tepat di situasi seperti ini😊",1 hour ago (edited),,,,0
https://www.youtube.com/watch?v=r1DSH9AQXLU,UgzRKlZ3FFrFMho0AQ94AaABAg.AaezVxHVZmkAahBSDrpyG5,Youtube,@kurrrnia,Kak udah coba berserah kepada Allah di atas sajadah? Instead of giving negativity to someone who is trying her best to spread positivity in this kind of situation.,13 hours ago,,,,0
https://www.youtube.com/watch?v=r1DSH9AQXLU,UgzRKlZ3FFrFMho0AQ94AaABAg.AaezVxHVZmkAahG3zJPBHZ,Youtube,@aliyahmad5088,"​ @kurrrnia  wih keren bang, pengalaman korban tentang realitas buruknya sedang dianggap sebagai “negativity” yang seharusnya dikoreksi. kereen.",13 hours ago,,,,0
https://www.youtube.com/watch?v=r1DSH9AQXLU,UgzRKlZ3FFrFMho0AQ94AaABAg.AaezVxHVZmkAahOZ7Zgcii,Youtube,@isnzzh13,"​ @kurrrnia  apa kamu pikir orang sini ga solat ka? Shalat Istisqa udah dilakukan di situasi lapangan FULL KABUT ASAP, kek gitu kurang berserah gimana? ga mungkin kak di situasi kek gini kita ga minta sama yang punya semesta. Kak aku ngerti kok apa yang dimaksud kak maudy di postingan ini, siapa juga yang ga capek sama berita buruk di Indo, dan aku juga setuju that protecting our mental health from constantly consuming bad news is important, makanya disitu aku bilang kalau kalian udah ""sembuh"", aku minta tolong buat dibantu untuk ikut bersuara dengan kebijakan yang tidak sesuai. Maaf ya kak kalau penderitaan kami buat kamu juga terganggu, kami juga gamau hidup kek gini.",11 hours ago,,,,0
https://www.youtube.com/watch?v=r1DSH9AQXLU,Ugxx-_77Xv_QCER6oHp4AaABAg.A_q-aIBjY1jA_tYFv3OcmJ,Youtube,@kejdeotmeja,bener kak aku jg deact semua sosmed dulu 😢,2 weeks ago,,,,0
https://www.youtube.com/watch?v=r1DSH9AQXLU,Ugzp_JoXz_kSZL5JBqB4AaABAg.A_psYJ7ZmyUA_qi9ZGjw6W,Youtube,@claravipassana2588,"Sepemikiran lagii, aku ky ""itu telurnya lama jg ga diangkat2 pas lg ngobrol"" 😂 tp d ending keliatannya aman sih telurnya wkwwkwk",3 weeks ago,,,,0
https://www.youtube.com/watch?v=r1DSH9AQXLU,UgyS0Px_KM49-NJmGP14AaABAg.Aaf-aX8Qn3wAahoKzMkGBS,Youtube,@d_winchester-p1r,Budeknya ngajak ngajak,7 hours ago,,,,0
https://www.youtube.com/watch?v=r1DSH9AQXLU,UgywotSguLvsk2nim7R4AaABAg,Youtube,@gloriakardinal3245,Thank you for making this. Really.,3 weeks ago,,,,0
https://www.youtube.com/watch?v=r1DSH9AQXLU,UgxqlTvX8noSc76xdjp4AaABAg,Youtube,@biskuitbonbon,"Thank you ka mod karna mau saling nguatin, ternyata ga cuma kami aja yg ngerasa overwhelmed karna bad news yg ga ada hentinya ini😢",3 weeks ago (edited),,,,0
https://www.youtube.com/watch?v=r1DSH9AQXLU,Ugy-2BlmN6gDMAfY9uB4AaABAg,Youtube,@ghulamizzudin-gk2ig,"Sumpil salfok kak maudy pake garpu, tp jujur ada iyanya ada roti",3 weeks ago,,,,0
https://www.youtube.com/watch?v=r1DSH9AQXLU,Ugw3-gDiHQrmwTRMQph4AaABAg,Youtube,@bumineira,Sederhana aja penyampaian dan frame nya. Tapi tenang,3 weeks ago,,,,0
https://www.youtube.com/watch?v=r1DSH9AQXLU,UgyMK0adpGUqABjOqJp4AaABAg,Youtube,@Intersectingstuff,"Pas buka rada deg2an takut kontennya nggak peka, tapi ternyata kebalikannya! Great one!",3 weeks ago,,,,1
https://www.youtube.com/watch?v=r1DSH9AQXLU,Ugx14rFqt69OEYWtzwF4AaABAg,Youtube,@adilyudhaprawira6994,"this is what we really need right now, thank you for sharing kak maudyy!",3 weeks ago,,,,0
https://www.youtube.com/watch?v=r1DSH9AQXLU,Ugz65W_-rFXf9fVSgzF4AaABAg,Youtube,@mercybytheseaa,"thank you for saying this, maudy. ❤",3 weeks ago,,,,0
https://www.youtube.com/watch?v=r1DSH9AQXLU,Ugzu-mNk92XHADqiu8l4AaABAg,Youtube,@DAHRANIRANI-o1o,Sedikit,3 weeks ago,,,,0
https://www.youtube.com/watch?v=r1DSH9AQXLU,UgxdUS3FLe6AD-TcFiF4AaABAg,Youtube,@refoultra,Ya Stoicism aja.,3 weeks ago,,,,0
https://www.youtube.com/watch?v=r1DSH9AQXLU,UgwJbcs6oqNBPC2xUrR4AaABAg,Youtube,@happy4ever_88,"Thanks for sharing, dek Mod. Setiap kepedulian sangat berarti ❤ Well, ditengah carut marutnya dunia ini dalam segala aspek kehidupan dengan permasalahan yang kompleks, perlu adanya balancing dimulai dari diri sendiri. Terapin mindfulness : 
- Gratitude/bersyukur for simple things (kita masih hidup itu anugerah)
- Stay calm wether quite or noisy situation
- Always learning and open minded about insights
- Be ready for whatever happens (it helps by subconscious build streght mentally)
- Follow your intuition
- Take silent moment for reflection
- Do your hobby as mood booster, always in good mood
- Positive thinking just like hope
- Make much prayers, close with God. Allah heals you while people hurts you so remember Him is make you calm ❤",3 weeks ago,,,,1
https://www.youtube.com/watch?v=r1DSH9AQXLU,UgyRh8Wg1elA5paZ4nB4AaABAg,Youtube,@yukieyukie1863,"Hello Maudy, really have to say & fervently express that Maudy's thoughts & frameworks here are dowright helpful, at least to me personally 😊 Thank you sincerely much Maudy for sharing with us this much needed consolation 😌🙏🌼

Uh-oh Maudy, it's saddening to know that you shedded your tears too 😔😔😔 I'm so sorry to hear that & I feel for Maudy too 🥺🥺

Honestly, I have no idea if Maudy learned all these practical tips before or after feeling overwhelmed by the bombardment of bad news, yet if Maudy already knew those enlightening findings of our evolutionary tendencies prior to all these national predicaments, & still wept, then this dread has just become too much. 💔

Nonetheless Maudy, I feel truly reinforced by Maudy's thorough elaboration of stoic teachings about control & psychological principles on the anxious mix between our drive to influence & empathize, because last night I also cried until I couldn't fall asleep as quickly as usual 🥲 Maudy, I truly wish that I could intervene the whole swath of these disasters in our country like God, if He/She does exist at all 😤😤

Back to the present Maudy, if the array of greatest & most competent figures in this nation including Maudy Ayunda couldn't make our leaders budge, then how can I 😞✨

Hence Maudy, by your useful instruction imparted during an adorable breakfast preparation with three eggs, plush cheese, some avocado & toasted extremely healthy bread (even tho I got no clue as to how Maudy gauged its healthiness 😗😗), I now sense a serene certainty & am gonna limit my bad news intake & balance it with hopeful messages from social media, as well as having nurturing communication with my closest ones, akin to what Maudy champions compassionately 🥳

& actually & unequivocally, Maudy's done us a heap of noble favor during these restless times, & I believe many folks dearly appreciate Maudy's pure kindness & loveliness ☺️💖

Let's each of us all, Maudy, take part as far as our capability can bring us to alleviate the suffering of our fellow Indonesian people & also the living in NTT, Kalimantan, & Aceh & Sumatra, especially those innocent school children 🙏🙏 Truthfully, Maudy, I've long learnt that one is never too young nor too old to experience anything in life. 🥺

& hopefully Maudy I won't imagine your teardrops tonight, as Maudy's brilliant & excellently explained insights have made me stronger, & so Maudy I'm not gonna cry as well & undergo no more insomnia due to overhelming collective sorrow we citizens have been facing together - with faithful prayers & ardent effort 🤗🌾",3 weeks ago,,,,1
https://www.youtube.com/watch?v=r1DSH9AQXLU,Ugx8tcE9lacDQP9jHh54AaABAg,Youtube,@yooosann,"hi kak Maudy hope you're doing well, kalau boleh mau dong kak share tentang 'maintenance' yang kakak lakuin (physically, mentally and also for the brain) thanks!",3 weeks ago,,,,0
https://www.youtube.com/watch?v=r1DSH9AQXLU,Ugz0hokY4Z56fSvoOiV4AaABAg,Youtube,@SumaryotoSumaryoto-z1d,NOSCE TE IPSUM !,3 weeks ago,,,,0
https://www.youtube.com/watch?v=r1DSH9AQXLU,UgztHvbD8E69kwHO25B4AaABAg,Youtube,@irdinamarsyanazifaofc,Udah tayang @modmedia,3 weeks ago,,,,0
https://www.youtube.com/watch?v=r1DSH9AQXLU,UgxJDBd5UZhAmr7kIuN4AaABAg,Youtube,@putrirahmadani9164,i always lov u,3 weeks ago,,,,0
https://www.youtube.com/watch?v=r1DSH9AQXLU,UgxE4An9YLsNTv4TKux4AaABAg,Youtube,@heriirawan7545,"Meskipun Indonesia sedang tidak baik baik saja. Sempat hope less tapi denger kak Maudy jadi lebih tenang pikiran, terutama harus tenang. Thanks",3 weeks ago,,,,0
https://www.youtube.com/watch?v=r1DSH9AQXLU,UgwBBU6p6rYCznso9It4AaABAg,Youtube,@ghiifari,"Mungkin yang lain langsung ngeh ke permasalahan indonesia saat ini, tapi karena masalah personal lebih dari itu, aku ga mikir kesana😂",3 weeks ago,,,,0
https://www.youtube.com/watch?v=r1DSH9AQXLU,UgyloFGpTakTssMGlv14AaABAg,Youtube,@imrizzlyeh,"Ga pernah ga menginspirasi, suka bgt nonton video kak maudy ❤🎉",3 weeks ago,,,,0
https://www.youtube.com/watch?v=r1DSH9AQXLU,Ugx01QvG56uR-T1pabJ4AaABAg,Youtube,@Misra-i1h,Ya ampunnnn kak maudy..huaaaaa kangennn,3 weeks ago,,,,0
https://www.youtube.com/watch?v=r1DSH9AQXLU,UgxzR_bpMmSu3w25XwN4AaABAg,Youtube,@bell_archive,timing ny pas bgt terimakasih kak maudy!!,3 weeks ago,,,,0
https://www.youtube.com/watch?v=r1DSH9AQXLU,UgyRh8Wg1elA5paZ4nB4AaABAg.A_mTPlcfE8MAa8A5krUEHX,Youtube,@rachmathidayat2286,"Bacanya kunang"" bang😊",2 weeks ago,,,,0
https://www.youtube.com/watch?v=r1DSH9AQXLU,UgwJbcs6oqNBPC2xUrR4AaABAg.A_n40P1B4gAA_n4OoYQ7Mf,Youtube,@happy4ever_88,"Sorry for my broken English 😂
*Strength, Be strong always, guys!! Musibah ini membuat kita lebih hebat menjalani kehidupan ini dan stronger more n more, lop yu ❤",3 weeks ago,,,,0
https://www.youtube.com/watch?v=r1DSH9AQXLU,UgzufIczg1dc9AtZdkV4AaABAg,Youtube,@somebodypleasur,After a long time I was lucky to see this video❤,3 weeks ago,,,,0
https://www.youtube.com/watch?v=r1DSH9AQXLU,Ugyf1-SqEtPFUc88QbZ4AaABAg,Youtube,@zalfasna,iyaa back to back bgt😞,3 weeks ago,,,,0
https://www.youtube.com/watch?v=r1DSH9AQXLU,Ugz1hbPO5MDN2lwSumh4AaABAg,Youtube,@falhdn,"9:56  kalau aku  jujur kalo inget"" bad news, mau dari luar atau diri sendiri, malah jadi ovt dan sulit tidur.. and itu mungkin anugerah for me",3 weeks ago,,,,0
https://www.youtube.com/watch?v=r1DSH9AQXLU,Ugw2ed9JPL0zc8Hsq7B4AaABAg,Youtube,@isalutfi,Thank you so much kak Mod!,3 weeks ago,,,,0
https://www.youtube.com/watch?v=r1DSH9AQXLU,UgxJqCyhmS7_-_usSHR4AaABAg,Youtube,@michaelkresnadanudanadipa6026,Hello Maudy Ayunda,3 weeks ago,,,,0
https://www.youtube.com/watch?v=r1DSH9AQXLU,UgzfXIkkk4n12ObKrWV4AaABAg,Youtube,@official.Iameli98,hadirr kak mod wow comeback lagi ❤😊,3 weeks ago,,,,0
https://www.youtube.com/watch?v=r1DSH9AQXLU,Ugz5MwRY7Yz_gWJ07SJ4AaABAg,Youtube,@junaydal-baghdadi1730,hi. 😊,3 weeks ago,,,,0
https://www.youtube.com/watch?v=r1DSH9AQXLU,UgwB7cJRnOqJ80gEWrN4AaABAg,Youtube,@kimskippy,I did some of that and thankfully it worked well for me thanks mod,3 weeks ago,,,,0
https://www.youtube.com/watch?v=r1DSH9AQXLU,UgwiGBjyyXLwmCh9mht4AaABAg,Youtube,@deevaelll,As always thank your for always share your positive things kak!🫶🏻,3 weeks ago,,,,0
https://www.youtube.com/watch?v=r1DSH9AQXLU,UgxBF1ETa91jC6apdzB4AaABAg,Youtube,@jilantsamarahhatta9558,goooddd,3 weeks ago,,,,0
https://www.youtube.com/watch?v=r1DSH9AQXLU,Ugzo7CFABSr5Pqyvweh4AaABAg,Youtube,@averianiwihelminagarus,This is what we need! Thank you Kak Maudy🫶,3 weeks ago,,,,0
https://www.youtube.com/watch?v=r1DSH9AQXLU,Ugxp3PFR2MWYxPUJiIp4AaABAg,Youtube,@hawasangadji8870,Uhuuu cantikkk kalii ❤,3 weeks ago,,,,0
https://www.youtube.com/watch?v=r1DSH9AQXLU,Ugyzws1LS7H4Y_R59E94AaABAg,Youtube,@comicubai,soreee,3 weeks ago,,,,0
https://www.youtube.com/watch?v=r1DSH9AQXLU,UgyB_CjnDl6S1kN_YxN4AaABAg,Youtube,@yellowfontss,YAYYYY FINALLY !!!,3 weeks ago,,,,0
https://www.youtube.com/watch?v=r1DSH9AQXLU,Ugwo3usz3mlIpWT9WbB4AaABAg,Youtube,@nizamaulia-o8l,Komentar pertama🎉🎉,3 weeks ago,,,,0
https://www.youtube.com/watch?v=r1DSH9AQXLU,UgxEw5X_JdUaZS_JG4t4AaABAg,Youtube,@alfanotsany8569,"Lewat pas lagi dijalan, brb dulu kak mod",3 weeks ago,,,,0
https://www.youtube.com/watch?v=r1DSH9AQXLU,UgyM5fTNTclFEjgbHzl4AaABAg,Youtube,@zidann3316,Hawoooo,3 weeks ago,,,,0
https://www.youtube.com/watch?v=r1DSH9AQXLU,UgyMK0adpGUqABjOqJp4AaABAg.A_nVVx82taFAahGQ1iTPyY,Youtube,@suluhlangitaksara7418,Really??,13 hours ago,,,,0
https://www.youtube.com/watch?v=r1DSH9AQXLU,UgwqjFGqZoEtd9QCKUV4AaABAg.AagOPL4Xf5qAaifEDO-sJ6,Youtube,@bosnianaidn8791,tai nda2,15 seconds ago,,,,0