url,platform,account_name,followers,date_posted,description,content_type,views,likes,replies,retweet/repost
https://x.com/menjadianonim/status/2099635779630993726,X/Twitter,menjadianonim,407,407,@foolsbanquet Maudy Ayunda,tweet,7,,0,0
https://x.com/kriudk/status/2099635526236246066,X/Twitter,kriudk,87,87,"open vcs cs pap video real

tele: https://t.co/2g2iXChW1G 
wa:  https://t.co/PEUwG1X78n

lawan 10 laut jawa lpdp bulan sri mulyani diapain bulan maudy ayunda tidur menteri keuangan ihsg subuh
#vcs https://t.co/rjSsUDH7Tm",tweet,42,,0,0
https://x.com/cloudybunnyyyy/status/2099635062103048651,X/Twitter,cloudybunnyyyy,292,292,Jawaban seperti ini keluar dari seorang Maudy Ayunda.....,tweet,19,,0,0
https://x.com/paenutj/status/2099634485990240322,X/Twitter,paenutj,84,84,"open vcs cs pap video real

tele: https://t.co/8P9OYvcRmd 
wa:  https://t.co/MGRQw74Fu8

lawan 10 laut jawa lpdp bulan sri mulyani diapain bulan maudy ayunda tidur menteri keuangan ihsg subuh
#vcs https://t.co/kZWQ3kPKmL",tweet,152,,0,0
https://x.com/Indonesia_Truth/status/2099634425969647922,X/Twitter,Indonesia_Truth,725,725,"Detik-detik mencekam di Deli Serdang! Seorang anak berinisial D nekat mengancam orang tuanya pakai parang akibat kecanduan sabu. Saat digeledah, polisi menemukan bong di kamarnya. Kini pelaku diserahkan keluarga untuk jalani rehabilitasi.

LPDP Maudy Ayunda Menteri Keuangan https://t.co/zGTNQrr4NT",tweet,50,,0,1
https://x.com/lagvifadil7/status/2099632886861476320,X/Twitter,lagvifadil7,504,504,@tuisney Maudy Ayunda in Hijuo version anjay,tweet,14,,0,0
https://x.com/skyzmoi/status/2099631402237264383,X/Twitter,skyzmoi,51,51,"kalo gitu aku tambahin list artis buat berhenti didengerin lagu2nya +Ed Sheeran, +Maudy Ayunda",tweet,21,,0,0
https://x.com/safitririsma/status/2099631313414500672,X/Twitter,safitririsma,406,406,Seru gini liat Maudy Ayunda di goreng sampe gosong. Sampe bikin Gitasav juga turun gunung 😂😂😂,tweet,14,,0,0
https://x.com/tsetiady/status/2099630462213972178,X/Twitter,tsetiady,6762,6762,"netizen senegara lagi sensitif ketemu sama ceramah lifestyle stoak stoik, ketika semua energi dipusatin ke satu figur alih2 buat naikin bikin atensi publik ke sebuah isu masyarakat

jadilah artis maudy ayunda pun sampe kena cancel, dan sampe diulik2 beasiswa lpdp nya",tweet,49,,1,0
https://x.com/tsetiady/status/2099629173224730846,X/Twitter,tsetiady,6762,6762,"yg jadi slek2an maudy ayunda dan netizen lintas sosmed memang begitu dapat attention karena platformnya gede, tapi gak ada call to action selain dia promote highlifestyle, mindfulness etc

attention numpuk cuma ke dia thok, bukan ke isu2 bersama, dan ini backfiring bikin jd toxic",tweet,56,,1,0
https://x.com/akt29_/status/2099628416643522588,X/Twitter,akt29_,95,95,@ustadchen Kak semalem si windut ngelive nyindir maudy ayunda lhooo...🤭,tweet,172,,0,0
https://x.com/betterseekley/status/2099628189547217031,X/Twitter,betterseekley,203,203,"aih bodat pagi2 liat story temen ngebelain maudy ayunda kedoknya ""gimana sih org2 ni kl dikasi opini beda dikit lgsg nyerang"". mungkin elunya oon gabisa bedain situasi yg hrs DIPERBAIKI dari dalam dan situasi yg hrs DISIKAPI dgn mindful krn problemnya bisa hilang detik itu jg.",tweet,30,,0,0
https://x.com/aldref2/status/2099627663514091813,X/Twitter,aldref2,12,12,"Teach my sibling

https://t.co/G5RuTgCS0b

https://t.co/G5RuTgCS0b

https://t.co/G5RuTgCS0b

https://t.co/G5RuTgCS0b

Your wowo purbaya finance minister rangga active role Indonesia works tirelessly Maudy Ayunda Java Sea LPDP https://t.co/VsewFp0xhq",tweet,56,,0,0
https://x.com/_Christa0/status/2099627125599002883,X/Twitter,_Christa0,988,988,@grok siapa itu Maudy ayunda?,tweet,44,,1,0
https://x.com/valentinaxnymw/status/2099626112079036831,X/Twitter,valentinaxnymw,3,3,"Teach my sibling

https://t.co/iLNaRSUUnn

https://t.co/iLNaRSUUnn

https://t.co/iLNaRSUUnn

https://t.co/iLNaRSUUnn

Your wowo purbaya finance minister rangga active role Indonesia works tirelessly Maudy Ayunda Java Sea LPDP https://t.co/IIV4X4lpW4",tweet,54,,0,0
https://x.com/cornettough/status/2099623846638965076,X/Twitter,cornettough,348,348,maudy ayunda gapernah ngerasain radang tenggorokan karena terpapar asap karhutla kayanya.,tweet,42,,0,0
https://x.com/Bahlilir/status/2099623751176572998,X/Twitter,Bahlilir,13,13,"Sangat Percaya Diri
https://t.co/DtSypS0bTK

https://t.co/NuDwOvPdJ6

https://t.co/QOVs80u25l

https://t.co/XlESj19oom

Maudy Ayunda Senin Sry Mulyani Menteri Keuangan https://t.co/JwJlpF9TjI",tweet,358,,0,0
https://x.com/mycsza/status/2099623700916269216,X/Twitter,mycsza,14385,14385,Lagi rame bahas maudy ayunda 🙈,tweet,65,,0,0
https://x.com/jaaniay/status/2099622588242972987,X/Twitter,jaaniay,73,73,"untung gaperna mauu gue nonton nonton motivator kek maudy ayunda, blender kan lo, cakep doang si tp empati aja gaada",tweet,137,,0,0
https://x.com/estehoh/status/2099620350472720570,X/Twitter,estehoh,280,280,Sudah gue duga temen gue yg mindfulness mindfulness yoga yogi dan ga pernah sekali pun speak up perkara kekacauan negara ini tuh tiba² tumben²an posting bukan ttg dirinya sendiri dan aksi mindfulnessnya tapi buat dukung Maudy Ayunda 😭😭😭,tweet,46,,0,0
https://x.com/abby_canelaa/status/2099620242934952267,X/Twitter,abby_canelaa,154,154,"kaya pernah viral ??
Bulan Ini Maudy Ayunda LPDP https://t.co/n050CqaOJJ",tweet,102,,0,0
https://x.com/RaysaNarae/status/2099618533915169117,X/Twitter,RaysaNarae,3611,3611,"Dongeng yang menjadi mimpi ngeri
.
.
mora happy ever after Maudy Ayunda Laut Jawa rangga LPDP Purbaya Menkeu Venus bekerja tanpa lelah Menteri Keuangan Lawan 10 Sri Mulyani #AADCShortFilm https://t.co/1BTzG5O554",tweet,211,,0,2
https://x.com/eva_aileen26710/status/2099617888990609798,X/Twitter,eva_aileen26710,102,102,"Don't stop talking about Palestine.
#Gaza #Palestine
.
.
mora happy ever after Maudy Ayunda Laut Jawa rangga LPDP Purbaya Menkeu Venus bekerja tanpa lelah Menteri Keuangan Lawan 10 Sri Mulyani #AADCShortFilm https://t.co/kNmgoBbqMR",tweet,311,,0,3
https://x.com/eva_aileen26710/status/2099617516129550368,X/Twitter,eva_aileen26710,102,102,"Belum sampai,
Bukan berarti tidak tercapai.
.
.
mora happy ever after Maudy Ayunda Laut Jawa rangga LPDP Purbaya Menkeu Venus bekerja tanpa lelah Menteri Keuangan Lawan 10 Sri Mulyani #AADCShortFilm https://t.co/ygCwdo66qz",tweet,138,,0,1
https://x.com/eva_aileen26710/status/2099617321299960044,X/Twitter,eva_aileen26710,102,102,"Sederhanalah dalam menaruh perasaan agar luka tak terlalu dalam.
.
.
mora happy ever after Maudy Ayunda Laut Jawa rangga LPDP Purbaya Menkeu Venus bekerja tanpa lelah Menteri Keuangan Lawan 10 Sri Mulyani #AADCShortFilm https://t.co/HYl35HmvCl",tweet,114,,0,1
https://x.com/girlwithcurse/status/2099616804020842958,X/Twitter,girlwithcurse,604,604,"idk ini apple to apple atau nggak soal si Maudy Ayunda, tapi kebanyakan dari temenku yang dibesarkan dari keluarga ber privilage they have kinda different way to give an 'emphaty' dan kita yang dari working class ke bawah memang akan lebih cepat offense sama cara pikir mereka",tweet,63,,1,0
https://x.com/Ayreen_Nr/status/2099616744671219860,X/Twitter,Ayreen_Nr,124,124,"We're always be with you,
Palestine 🇵🇸🤍
#Gaza #Palestine.
.
.
mora happy ever after Maudy Ayunda Laut Jawa rangga LPDP Purbaya Menkeu Venus bekerja tanpa lelah Menteri Keuangan Lawan 10 Sri Mulyani #AADCShortFilm https://t.co/K3ABYoezoI",tweet,103,,0,1
https://x.com/Ayreen_Nr/status/2099616279871050132,X/Twitter,Ayreen_Nr,124,124,"We are so rich because we have Allah.
.
.
mora happy ever after Maudy Ayunda Laut Jawa rangga LPDP Purbaya Menkeu Venus bekerja tanpa lelah Menteri Keuangan Lawan 10 Sri Mulyani #AADCShortFilm https://t.co/cFLOirZFaS",tweet,219,,0,1
https://x.com/Ayreen_Nr/status/2099615677527036113,X/Twitter,Ayreen_Nr,124,124,"Beauty comes from the way you speak.
.
.
mora happy ever after Maudy Ayunda Laut Jawa rangga LPDP Purbaya Menkeu Venus bekerja tanpa lelah Menteri Keuangan Lawan 10 Sri Mulyani #AADCShortFilm https://t.co/mphP5WyV6p",tweet,89,,0,1
https://x.com/abizar2091/status/2099615161262948425,X/Twitter,abizar2091,4,4,@KapudS640 Grok @grok cari tau kenapa Maudy Ayunda dibuli netizen gara gara isu apa,tweet,3700,,1,0
https://x.com/RaysaNarae/status/2099615045445394938,X/Twitter,RaysaNarae,3611,3611,"Rakyat dididik dengan organisasi,
Penguasa dididik dengan perlawanan.
.
.
mora happy ever after Maudy Ayunda Laut Jawa rangga LPDP Purbaya Menkeu Venus bekerja tanpa lelah Menteri Keuangan Lawan 10 Sri Mulyani #AADCShortFilm https://t.co/TxzLhLM5DS",tweet,239,,0,1
https://x.com/RaysaNarae/status/2099614393755394536,X/Twitter,RaysaNarae,3611,3611,"Semua akan terhindar dari masalah jika mampu menjaga mulutnya.
 
.
.
mora happy ever after Maudy Ayunda Laut Jawa rangga LPDP Purbaya Menkeu Venus bekerja tanpa lelah Menteri Keuangan Lawan 10 Sri Mulyani #AADCShortFilm https://t.co/UdQYJjbt3i",tweet,187,,0,2
https://x.com/shawnthusiast_/status/2099613448103682279,X/Twitter,shawnthusiast_,24,24,I'm glad I've never liked Maudy Ayunda dan seneng akhirnya dapet alesan not to like her,tweet,18,,0,0
https://x.com/frdnhh/status/2099613261289476565,X/Twitter,frdnhh,363,363,@dosenkesmas Tanyai ke dosen dia ngajar apa dikampus  kok bisa menghasilkan manusia seperti maudy ayunda,tweet,176,,0,0
https://x.com/HwangDongjuu/status/2099612815376159151,X/Twitter,HwangDongjuu,85,85,"Dulu suka banget sama Maudy Ayunda, kayak dia itu sempurna gitu. Manis, pinter. Tapi emang ya mau berharap apa sama manusia",tweet,346,,0,0
https://x.com/vampirechoes/status/2099610661156475066,X/Twitter,vampirechoes,170,170,"nyocot lo maudy ayunda.  ga pernah ngerasain minum air banjir kan lo ancrit, ga pernah ngerasain tidur beneran gelap tanpa cahaya satupun karena listrik padam berhari hari dan lilin langka, ga pernah ngerasain ngantri bensin dari jam 7 pagi ke jam 7 malem kan? nyocot lo TONE DEAF",tweet,419,,1,0
https://x.com/sfxs28/status/2099607294183190684,X/Twitter,sfxs28,60,60,wkwkwkwk purbaya exit yg jd pelampiasannya maudy ayunda ye. ibarat titanic lambung kapalnye udh bolong masih rebutan prioritas sekoci sambil nunggu kapal kebelah dua.,tweet,40,,0,0
https://x.com/IkaaPark/status/2099603122293477591,X/Twitter,IkaaPark,6331,6331,@akuyoyo Udh ditahap liat maudy ayunda dihujat 😭😭😭,tweet,56,,1,0
https://x.com/witchmeluck/status/2099599647803392437,X/Twitter,witchmeluck,256,256,@kurooporat Wkwk aku komedinye juga cuma suke malam minggu miko yang aku tonton pas sma juga 😂 tapi sekarang benaran ngeh ndak pernah bise suke karna belio itu sangat netral dan apolitical. Maudy ayunda tapi versi lebih bijak berkonten.,tweet,54,,0,0
https://x.com/olivyarodrigo/status/2099593091279933722,X/Twitter,olivyarodrigo,7,7,"Ayo pls beritanya ke maudy ayunda aj, dont let that flop city overshadow anything",tweet,51,,0,0
https://x.com/iamhowyoupray/status/2099589962673127654,X/Twitter,iamhowyoupray,482,482,Ed sheeran and maudy ayunda can sybau https://t.co/UojJRsfe8q,tweet,87,,0,0
https://x.com/pradaUAENA/status/2099589894419222761,X/Twitter,pradaUAENA,173,173,"As my depth investigating her family, even if Maudy Ayunda never ever to be actress, never ever received offer as brand ambassador, year she study abroad, her dad can pay 11 (eleven) same tuition fee Ivy League 
mental miskin. Keep apply lpdp. Stfu

https://t.co/h2NyELZsIB",tweet,106,,0,0
https://x.com/tulangigak/status/2099589144414769429,X/Twitter,tulangigak,110,110,"Selagi masih bisa jadi anarko, kenapa harus jadi maudy ayunda?",tweet,66,,0,0
https://x.com/_c0rnsalad/status/2099585580812402929,X/Twitter,_c0rnsalad,334,334,"baru nonton videonya maudy ayunda yg rame itu, dan bnr kata gitasav, ngomongnya kmana mana, ga jelas😂

gue ntn dr sisi netral karena mau tau jg apasih bahasan dia, trnyata intinya how to be mindful ditengah hecticnya idup (masing2). harusnya dia bs gausah bawa2 atau put title dgn kata ‘bad news’.

sesimple dia bahasnya sambil menikmati sarapannya yg berbahan mahal aja udh terasa pickme jujur. ga relate sama topik bad news yg dia bawa.

pov dia cuma bad news, tp pov  pov org lain itu bad reality. okelah kita bs sama2 batesin diri sama berita2 terkini, tp bedanya kita batasin diri tetep ngerasain pait realitanya, sementara dia ga ngerasain susahnya kaya kita🥲

topik bahasannya cukup jd obrolan tongkrongan dia aja sih tbh",tweet,94,,0,0
https://x.com/jeglesb/status/2099584813812629736,X/Twitter,jeglesb,1526,1526,"maudy ayunda kualitasnya hd 
https://t.co/aurR73lgpp https://t.co/HByvQ584Up",tweet,482,,0,0
https://x.com/akuyoyo/status/2099583415389757451,X/Twitter,akuyoyo,4269,4269,"ada yg komen ditiktok, Maudy Ayunda GalGadotnya Indonesia, setuju bgttttttt!",tweet,179,,2,2
https://x.com/rapotikus/status/2099583179736891479,X/Twitter,rapotikus,369,369,"pas sd ngeliatnya cantik, pinter, ngefans. sekarang uda ngeliat beribu macam manusia ternyata maudy ayunda tipe org kaya yang freak mentok si ya sbnrnya WKWKWK",tweet,88,,0,0
https://x.com/dokyeombogor/status/2099577719529054681,X/Twitter,dokyeombogor,36,36,Maudy Ayunda anjing.,tweet,178,,0,0
https://x.com/reds_OD/status/2099577483414954245,X/Twitter,reds_OD,323,323,"Serangan ke maudy ayunda ini benar bertubi-tubi dan ada banyak bgt disusun dgn narasi solid. Kalau maudy nanggapinnya dgn bilang 'ahh mindfullness dulu ahh.. positif positif positif hidupku..'
Mba sia sia kita bayarin kamu kuliah kocakkk",tweet,89,,0,0
https://x.com/riceisluv/status/2099575952732798992,X/Twitter,riceisluv,135,135,why do i feel like kasus maudy ayunda is a set up or a distraction for something,tweet,91,,0,0
https://x.com/numekisasi/status/2099573986984435827,X/Twitter,numekisasi,106,106,maudy ayunda tel aviv girl,tweet,148,,0,0
https://x.com/hiranamiraistra/status/2099573422439448960,X/Twitter,hiranamiraistra,140,140,"Maudy Ayunda kena cancel culture?

Aku si setuju sama statement dia.",tweet,135,,0,0
https://x.com/portofoliopy/status/2099571770806382632,X/Twitter,portofoliopy,28,28,Senin malam maudy ayunda vcs lawan 10 tidur pagii sarapan pagiii https://t.co/WhmTMvvKn7,tweet,2997,,2,27
https://x.com/juliusibrani/status/2099571289128419795,X/Twitter,juliusibrani,3418,3418,"Coba jawab,

apa persamaan dan perbedaan dr Veronica Koman @VeronicaKoman  sm Maudy Ayunda @maudyayunda ?

Ada yg bs?",tweet,100,,0,0
https://x.com/Kiiiimmmiii/status/2099570439085498455,X/Twitter,Kiiiimmmiii,10,10,Maudy ayunda kenapa dah? Kok banyak bgt yg bahas dia skrg,tweet,91,,0,0
https://x.com/mubadminton/status/2099569326462521517,X/Twitter,mubadminton,76,76,RIP karir maudy ayunda 😅😅😅. Ampe dirujak wartawan2,tweet,86,,0,0
https://x.com/_gloomysaturday/status/2099566333482656126,X/Twitter,_gloomysaturday,573,573,"udah ga suka maudy ayunda sejak sadar dia ga pernah speak up soal genosida palestina dan tetep jadi ba pantene di tengah boikot (sampe skrg). padahal aku liat di ignya dia speak up soal isu lain, tp soal palestina kayak pura pura ngga liat. it's giving performative activism",tweet,129,,1,0
https://x.com/netomada/status/2099565679456456956,X/Twitter,netomada,423,423,maudy ayunda ra tau ngrasakke stay mindful saat dadi panitia acara dengan budget minim,tweet,103,,0,0
https://x.com/donetoliv3r/status/2099565548057272719,X/Twitter,donetoliv3r,102,102,maudy ayunda vs everybody,tweet,99,,0,1
https://x.com/Krysanths/status/2099563652634595465,X/Twitter,Krysanths,584,584,this country can be so damn draining. i honestly wonder how maudy ayunda can seem to forget everything that’s happened in this chaotic country while saying all of this from the langham residence. 💀,tweet,116,,0,0
https://x.com/hawksferatu/status/2099562793062326647,X/Twitter,hawksferatu,25,25,"the fact that, gak usah selevel maudy ayunda, tapi org"" sekitar aja masih banyak yg kyk gini... so so sad and disappointing",tweet,139,,1,0
https://x.com/threvershht/status/2099561739163759054,X/Twitter,threvershht,23,23,"since we in a tea talk about maudy ayunda &amp; ""cancel"" celeb beauty brand. 

ireally want to share several local beauty brands that are good &amp; some are underrated, since we need to lift up the economy by support🥹✨️🫴🏻

*not influencer/celeb brands🙅🏽‍♀️🙅🏽‍♀️

⬇️ affiliate threads ⬇️ https://t.co/9NEEPsuuJK",tweet,153,,1,0
https://x.com/girumon16/status/2099560857797562616,X/Twitter,girumon16,3493,3493,"@angela_syahfira Ati², Fira... jangan jadi kayak Marissa Anita / Maudy Ayunda...

Jadi inget yg video kamu bilang ""mampus""",tweet,234,,0,0
https://x.com/mabokkciu/status/2099556638898413961,X/Twitter,mabokkciu,85,85,maudy ayunda ni knp,tweet,91,,0,0
https://x.com/txtnobody/status/2099556409126113626,X/Twitter,txtnobody,270,270,"@Smash1014314 well setuju kalau statmen tersebut keluar dari mulut kita, orang biasa yg saling menjaga sanity. but it's maudy ayunda ""overwhelmed baca berita buruk negara""? oh come on",tweet,695,,0,0
https://x.com/amnotyourbae/status/2099555120719810763,X/Twitter,amnotyourbae,7370,7370,yah lo pada juga mikir selevel maudy ayunda sih.,tweet,100,,0,0
https://x.com/kane75212528288/status/2099554823498838511,X/Twitter,kane75212528288,76,76,"Orang2 lagi pada ngomongin tentang sifat aslinya Maudy Ayunda yang baru keliatan.

Meanwhile gue emang udh gasuka sama dia dari awal dia terkenal, makin tambah gasuka pas denger info A1 tentang dia dan keluarganya kaya gimana sikap dan tabiatnya wkwk",tweet,90,,1,0
https://x.com/sundarese/status/2099554065860661383,X/Twitter,sundarese,12367,12367,"Maudy Ayunda: “Coba diet berita buruk dulu biar mindfulness.”
Warga yang ngantri BBM 4 jam: “Diet aja deh, Kak. Kita udah diet harapan.”",tweet,108,,0,0
https://x.com/baeryble/status/2099553814919651632,X/Twitter,baeryble,46,46,"gak ekspek maudy ayunda se-tone deaf itu. she said bencana yg terjadi belakangan ini as bad news 🫠. what if lu dan keluarga lu jd korban yg merasakan bencana tsb, masih bilang bad news?",tweet,99,,0,0
https://x.com/bardanslm/status/2099553374161309756,X/Twitter,bardanslm,39476,39476,"saran maudy ayunda,

coba belajar sama raditya dika, sesama ""menara gading"" udah paling bener diem aja dari pada dirujak 😅

jadi penasaran, 
kalau someday anaknya radit dan anaknya maudy (misal) dapet MBG di sekolahnya, akan dibolehin makan oleh mereka gak yah??? 🙏🏻",tweet,1820,,2,4
https://x.com/sundarese/status/2099553168678129803,X/Twitter,sundarese,12367,12367,"Maudy Ayunda: “Stay mindful.”
Gue: “Stay di kasur aja deh, capek.”",tweet,110,,0,0
https://x.com/gaonologi/status/2099552815601549406,X/Twitter,gaonologi,262,262,"hidup di negara ini abis ngeliat cakepnya orang orang di selca day, tweet bawahnya keluar video pidato presiden, bawahnya lagi bahas maudy ayunda— YA ALLAHHHHH",tweet,96,,0,0
https://x.com/sundarese/status/2099552764028440668,X/Twitter,sundarese,12367,12367,"Maudy Ayunda lagi bahas berita buruk harus di-diet. Gue malah lagi diet berita baik, soalnya takut terlalu bahagia.",tweet,104,,0,0
https://x.com/KelmaMeirelles/status/2099552573145714919,X/Twitter,KelmaMeirelles,231,231,"Ekspresinya itu lohhh

https://t.co/xgIlfSZOIE
https://t.co/xgIlfSZOIE

https://t.co/xgIlfSZOIE

https://t.co/xgIlfSZOIE
Rangga Lawan 10 Maudy Ayunda LDPD Suahasil Nazara Purbaya Menkeu peran aktif indonesia bekerja tanpa lelah https://t.co/w6DZ3wzL6h",tweet,5289,,0,0
https://x.com/sundarese/status/2099552287601701137,X/Twitter,sundarese,12367,12367,Baru sadar Maudy Ayunda lulusan Stanford tapi suaranya pas nyanyi masih kayak orang lagi mandi sambil nge-vibe. Relatable banget sih.,tweet,91,,1,0
https://x.com/opsoyoi/status/2099552004129583200,X/Twitter,opsoyoi,115,115,"Maudy Ayunda adalah bukti nyata orang pinter yg rela dan sukarela menumbalkan diri demi memecah belah fokus masyarakat wkwkwk
karena ada kepentingannya itu, ""ga ada kok, Maudy ga gitu""
berarti pure nirempati aja 😅",tweet,56,,0,0
https://x.com/theclues_/status/2099550461431107686,X/Twitter,theclues_,4141,4141,"Maudy Ayunda gue ajakin ke Kalimantan deh sini, seminggu aja dengan aktivitas tiap pagi berangkat kerja menghadapi udara berbahaya inihhh dengan modal masker kn95 yang masih nembus bau asapnya https://t.co/AUOqhgNccp",tweet,107,,0,0
https://x.com/dzeyiu/status/2099550071897595951,X/Twitter,dzeyiu,186,186,"Adik vs kakak main di kursi viral
https://t.co/Po3g4EqA3A

https://t.co/bF4rCQjC7b

https://t.co/v1eVCW9aDV

https://t.co/fagEGN799p

Rangga bekerja tanpa lelah Laut Jawa Maudy Ayunda Purbaya Menteri Keuangan https://t.co/EeYaRuk5HH",tweet,15138,,11,0
https://x.com/toku20000912/status/2099549897611767983,X/Twitter,toku20000912,20,20,"cewe hijab muka polos dipaksa dimobil

https://t.co/hBgBOso0hc

https://t.co/OwqmIcy2mI

https://t.co/xfyPn8ioL9

https://t.co/ZswkAIDIbB

Purbaya Senin Viral Plan B Bintang Bulan Bad For You Oknum PNS Viral Venus Menkeu Rangga Maudy Ayunda Rangga Laut Jawa Terbaru https://t.co/Jr7o8azoUp",tweet,2297,,2,1
https://x.com/dzeyiu/status/2099549631147589940,X/Twitter,dzeyiu,186,186,"Main sama ponakan 1 vs 3 viral
https://t.co/Po3g4EqA3A

https://t.co/bF4rCQjC7b

https://t.co/v1eVCW9aDV

https://t.co/fagEGN799p

Rangga bekerja tanpa lelah Laut Jawa Maudy Ayunda Purbaya Menteri Keuangan https://t.co/bJVQv6KF71",tweet,8038,,7,0
https://x.com/dzeyiu/status/2099549546024198346,X/Twitter,dzeyiu,186,186,"Bocil sok imut lanjut part 2
https://t.co/Po3g4EqA3A

https://t.co/bF4rCQjC7b

https://t.co/v1eVCW9aDV

https://t.co/fagEGN799p

Rangga bekerja tanpa lelah Laut Jawa Maudy Ayunda Purbaya Menteri Keuangan https://t.co/XRGREvoTqr",tweet,4944,,5,1
https://x.com/dzeyiu/status/2099549388481888291,X/Twitter,dzeyiu,186,186,"Biksu yang lagi rame di thailand
https://t.co/Po3g4EqA3A

https://t.co/bF4rCQjC7b

https://t.co/v1eVCW9aDV

https://t.co/fagEGN799p

Rangga bekerja tanpa lelah Laut Jawa Maudy Ayunda Purbaya Menteri Keuangan https://t.co/AGnkwP9n66",tweet,29477,,0,0
https://x.com/nurulrhmaa/status/2099549337454010831,X/Twitter,nurulrhmaa,21813,21813,"MAUDY AYUNDA DIBILANG TONE DEAF &amp; NIREMPATI? 🤔

Sarannya, berita buruk kayak bencana, petugas meninggal, sampai anak keracunan MBG ditonton malam sebelum tidur biar paginya lupa. Tapi kalau semua orang memilih lupa, siapa yang bakal peduli? 🥹 https://t.co/cx0PmjOSza",tweet,5086,,1,3
https://x.com/bbyits2am/status/2099549266951991566,X/Twitter,bbyits2am,436,436,Pengen kayak Maudy Ayunda yang bisa capek ngelihat bad news dan bukannya capek jadi bagian dari bad news itu.,tweet,71,,0,0
https://x.com/ayakobalsalm/status/2099549075188404542,X/Twitter,ayakobalsalm,1998,1998,"Kak Maudy Ayunda, aku mau baca bukunya Matt Easton yang We Have Tired of Violence buat riset tentang kekerasan negara, tapi aku nggak punya duit. Aku cari bukunya di perpus sama ipusnas ternyata nggak ada. Solusinya apa kak? Kemarin aku dikasih tau kalau ngebajak buku itu zalim",tweet,763,,1,1
https://x.com/tsetiady/status/2099548947555754150,X/Twitter,tsetiady,6762,6762,"se mindful mindfulnya si maudy ayunda masih lebih mindful pak prabowo, itu baru 𝘴𝘵𝘰𝘪𝘬 final boss, 

mau ada gempa, erupsi, karhutla, keracunan mbg dst, tetap tidak akan bergeming.",tweet,282,,0,0
https://x.com/athri_pragnya/status/2099548685873115412,X/Twitter,athri_pragnya,15,15,"Kid is still so innocent, goes viral🤮😲😳😮‍💨😤

https://t.co/0yGFHk7VXH

https://t.co/0yGFHk7VXH

https://t.co/0yGFHk7VXH

Bulan Bintang Maudy Ayunda Purbaya Rangga LPDP Senin Wowo Menkeu Venus https://t.co/cCXRtVqbQn",tweet,1140,,1,0
https://x.com/Yesi_pedrozo/status/2099548196028792872,X/Twitter,Yesi_pedrozo,10,10,"Ibu guru vs murid!

https://t.co/b66p3r4Ui4

https://t.co/HgrYugYqIc

https://t.co/1XncVpYO5k

https://t.co/NupvCgXZhj

Tidur Menteri Keuangan Bulan LPDP Senin Malam Maudy Ayunda Menkeu Purbaya Wowo https://t.co/Qk6lrfK0It",tweet,119,,0,0
https://x.com/yourimous/status/2099548141435683011,X/Twitter,yourimous,2911,2911,"@bbercandah @llacepink mjb, maudy ayunda bukan?",tweet,23,,0,0
https://x.com/raquelwhat/status/2099547950234128787,X/Twitter,raquelwhat,27,27,"Di cas dua duanya!
https://t.co/JQlQrUZb2L

https://t.co/7hgk10Hjut

https://t.co/uIADB3vMOV

https://t.co/dP1PAP2gom

Tidur Menteri Keuangan Bulan LPDP Senin Malam Maudy Ayunda Menkeu Purbaya Wowo https://t.co/DJJssBYcXl",tweet,101,,0,0
https://x.com/KarleneBrionesV/status/2099547773502980477,X/Twitter,KarleneBrionesV,36,36,"mulus🥰

https://t.co/MJJvhF0HFP

https://t.co/MJJvhF0HFP

https://t.co/MJJvhF0HFP

https://t.co/MJJvhF0HFP

Rangga Bulan Senin Wowo Lawan 10 Maudy Ayunda Menteri Keuangan LPDP Bintang https://t.co/L67oRIFABo",tweet,980,,0,0
https://x.com/reide_sakana/status/2099547760764834268,X/Twitter,reide_sakana,106,106,"kakak tiri suruh adek masukin

https://t.co/HRO8eFGGpU

https://t.co/GnhzMwa1uz

https://t.co/5JhzdleEDM

https://t.co/t3UQ64hRAF

Ayunda Rangga Laut Jawa Terbaru Purbaya Senin Viral Plan B Bintang Bulan Bad For You Oknum PNS Viral Venus Menkeu Rangga Maudy https://t.co/6KjgkJ7Bqf",tweet,713,,3,1
https://x.com/AidenshenAS/status/2099547591377875243,X/Twitter,AidenshenAS,17,17,"Kid is still so innocent, goes viral

https://t.co/zy6BNZ6iU0

https://t.co/zy6BNZ6iU0

https://t.co/zy6BNZ6iU0

Bulan Bintang Maudy Ayunda Purbaya Rangga LPDP Senin Wowo Menkeu Venus https://t.co/DTcO249Zk4",tweet,2201,,0,0
https://x.com/raquelwhat/status/2099547103680991585,X/Twitter,raquelwhat,27,27,"Main sama keponakan 1 vs 3!

https://t.co/JQlQrUZb2L

https://t.co/7hgk10Hjut

https://t.co/uIADB3vMOV

https://t.co/dP1PAP2gom

Tidur Menteri Keuangan Bulan LPDP Senin Malam Maudy Ayunda Menkeu Purbaya Wowo https://t.co/gg89hRDxfm",tweet,112,,0,0
https://x.com/megaversezz/status/2099546971010994545,X/Twitter,megaversezz,3,3,"Kode Referral Shopeepay / Shopee Pay Referal Code

FF6JWV5WP

masukkan kodenya untuk dapatkan bonus cashback, ada promo serba seribu qris dan diskon voucher tagihan listrik.

purbaya maudy ayunda https://t.co/dFm3TPgwUq",tweet,52,,0,0
https://x.com/eirinaenostoc/status/2099546747752317390,X/Twitter,eirinaenostoc,85,85,"buat yg gatau, kalo di kpop maudy ayunda and her mindfulness ini kayak jennie and her from women for women agenda trus gitasav yg riding the wave itu adalah the one and only badass female alias bad bitches veteran our chaelincl ya",tweet,194,,1,0
https://x.com/umbilodon/status/2099546707134661088,X/Twitter,umbilodon,1020,1020,"...ini sih katanya masih WNI.

...cuma ya beda nasib aja. aku meong dia maudy ayunda. 😔 https://t.co/uD73if5fFD",tweet,932,,1,0
https://x.com/conalanedwards/status/2099545922598547725,X/Twitter,conalanedwards,172,172,"Bocil main sama keponakan viral 

https://t.co/k21icOU5Cn

https://t.co/7h8FyWfa0Y

https://t.co/WrMtkwqs4U

Bulan Maudy Ayunda lawan 10 IHSG Rangga Wowo https://t.co/B1obIG9eew",tweet,2913,,2,0
https://x.com/UnitedAsk/status/2099545764364255384,X/Twitter,UnitedAsk,23400,23400,Dua orang ini daripada main bola mending ngobrol dah noh sama Maudy Ayunda.,tweet,320,,1,1
https://x.com/bardanslm/status/2099545421257584782,X/Twitter,bardanslm,39474,39474,"busettttt postingan maudy ayunda 3 tahun lalu sampe naik lagi 😭

menurutmu maudy kena mental atau biasa aja??? 
untuk orang dengan branding sebagus itu dan jarang kena hujat, 
mungkin lumayan kena mental kali yah???

kalau warga aktif X sih rata2 alumni pernah dihujat, tinggal momen gantian blunder aja 🗿",tweet,4414,,8,9
https://x.com/conalanedwards/status/2099545141233283324,X/Twitter,conalanedwards,172,172,"Tukang cilok lagi viral 

https://t.co/k21icOU5Cn

https://t.co/7h8FyWfa0Y

https://t.co/WrMtkwqs4U

Bulan Maudy Ayunda lawan 10 IHSG Rangga Wowo https://t.co/xW5CXz57h5",tweet,422,,0,0
https://x.com/conalanedwards/status/2099544870872613213,X/Twitter,conalanedwards,172,172,"Bocil polos cantik lagi viral 

https://t.co/k21icOU5Cn

https://t.co/7h8FyWfa0Y

https://t.co/WrMtkwqs4U

Bulan Maudy Ayunda lawan 10 IHSG Rangga Wowo https://t.co/954qhO5a1U",tweet,1536,,5,1
https://x.com/conalanedwards/status/2099544213037912325,X/Twitter,conalanedwards,172,172,"Bocil main sama Kaka tiri viral 

https://t.co/k21icOU5Cn

https://t.co/7h8FyWfa0Y

https://t.co/WrMtkwqs4U

Bulan Maudy Ayunda lawan 10 IHSG Rangga Wowo https://t.co/62deG7XoLt",tweet,6116,,11,1
https://x.com/kelopoaking/status/2099544207845437507,X/Twitter,kelopoaking,1037,1037,"Senin lawan 10 di laut Jawa, G0blok @PTJASAMARGA @KemenPU @kemenhub151 klo ga buka GT in/out Japek 2 Burangkeng ke Sadang &amp; Jkt, krn bnyk perumahan di sini potensi masuk GT, termasuk Maudy Ayunda, apa JASAMARGA ingin cuan biar orng sana harus masuk tol JORR2 dulu 😡😡😡😡😡😡😡😡",tweet,121,,0,0
https://x.com/conalanedwards/status/2099543848381022570,X/Twitter,conalanedwards,172,172,"Bocil sok cantik viral 

https://t.co/k21icOU5Cn

https://t.co/7h8FyWfa0Y

https://t.co/WrMtkwqs4U

Bulan Maudy Ayunda lawan 10 IHSG Rangga Wowo https://t.co/tQMfVnBD1d",tweet,2285,,1,0
https://x.com/txtharihariWNI/status/2099543705975951860,X/Twitter,txtharihariWNI,20765,20765,"Jadi buat Maudy Ayunda, masyarakat yang terdampak asap karhutla, siswa yang keracunan MBG, hutan yang rusak dibakar, cuma sekadar berita yang mengganggu mindfulness ya?

Tone deaf, final sis!

Sebagai LPDP Awardee yang terhormat, harusnya lu kalau speak up tuh bisa yang lebih kritis gitu loh. Kalah garang lu sama gue yang emak-emak anak 3. 😭

Menurut kalian, wajar nggak sih kalau pernyataan seperti ini dikritik karena dianggap kurang peka terhadap kondisi masyarakat?",tweet,1312,,0,0
https://x.com/beibutep/status/2099543033448722864,X/Twitter,beibutep,9,9,"Bnran dpn anak di recrd?
https://t.co/GG5RG7ZYn8

https://t.co/kVJHdddl6d

https://t.co/mJfVCZ0DBx

Purbaya menkeu suahasil nazara peran aktif indonesia venus bekerja tanpa lelah maudy ayunda rangga laut jawa LPDP https://t.co/ecRHVihn5i",tweet,382,,0,11
https://x.com/gravityeon/status/2099542826883358880,X/Twitter,gravityeon,220,220,i unfollowed maudy ayunda and unsubscribed her yt channel,tweet,261,,1,0
https://x.com/svegilei/status/2099542407918534957,X/Twitter,svegilei,9,9,"Bocah"" pada paham ngw yak

https://t.co/5tEM6FchHb

https://t.co/wdoEyUdyNS

https://t.co/Wg3sgQm9jP

Purbaya menkeu suahasil nazara peran aktif indonesia venus bekerja tanpa lelah maudy ayunda rangga laut jawa LPDP https://t.co/EZhh5ibEKC",tweet,1167,,0,11
https://x.com/kkalalily/status/2099541838340493524,X/Twitter,kkalalily,70,70,cobaan hidup WNI havent udah dar der dor gini masih harus jaga perasaan Maudy Ayunda 😵,tweet,233,,0,0
https://x.com/keboyoranbaru/status/2099541546878320712,X/Twitter,keboyoranbaru,1139,1139,"Track record PM enggris alumni PPE Oxford:

David Cameron: Brexit
Liz Truss: Lamaan Rangnick di MU
Rishi Sunak: Dongo

Iya Maudy Ayunda isi kepalanya angin doang kayak ban tubeless. Tapi kalo sampe kecewa yaa salah lu juga sih menakar kecerdasan orang cuma dari gelar akademik. https://t.co/9EcZxmNk9C",tweet,902,,2,8
https://x.com/rauhlingout/status/2099541107550150947,X/Twitter,rauhlingout,68,68,"Minggu lalu aku lupa kapan. Tiba tiba aku ngobrolin soal maudy ayunda karena liat iklan perasuk.
Aku bilang ""Aku kok ga suka ya sama maudy ayunda dari dulu. Kayak fake aja. Acting nyanyi sangat b aja. Menurutku juga bukan yg pinter banget. Mana makin kesini tahu yg lpdp dia itu""",tweet,94,,1,0
https://x.com/KakNash/status/2099540642783506487,X/Twitter,KakNash,279,279,melihat maudy ayunda mengamalkan zen; saya jadi teringat kalau tahun ini sudah 10 tahun berlalu saya hijrah dari zen.,tweet,161,,0,1
https://x.com/ecn5n/status/2099540330865717627,X/Twitter,ecn5n,75,75,"inikan pns vira itu?
https://t.co/hixLDh6J7S 

https://t.co/aqfKvpI58S 

https://t.co/9TdQzaQV91

 https://t.co/yCnwVAnw2p
Jooyeon Bintang Rangga Lawan 10 Maudy Ayunda Bulan https://t.co/6TNzD7VbGR",tweet,262,,0,0
https://x.com/ecn5n/status/2099540055035679000,X/Twitter,ecn5n,75,75,"temen pacar diajak ikutan
https://t.co/hixLDh6J7S

 https://t.co/aqfKvpI58S 

https://t.co/9TdQzaQV91 

https://t.co/yCnwVAnw2p
Jooyeon Bintang Rangga Lawan 10 Maudy Ayunda Bulan https://t.co/coUECV0oo1",tweet,534,,0,0
https://x.com/ecn5n/status/2099539880498057270,X/Twitter,ecn5n,75,75,"ku kira jago malah nangis
https://t.co/hixLDh6J7S 

https://t.co/aqfKvpI58S

 https://t.co/9TdQzaQV91 

https://t.co/yCnwVAnw2p
Jooyeon Bintang Rangga Lawan 10 Maudy Ayunda Bulan https://t.co/VjM5Eu0OHP",tweet,242,,0,0
https://x.com/ecn5n/status/2099539686922539263,X/Twitter,ecn5n,75,75,"bu amanda vs kepsek bejad
https://t.co/hixLDh6J7S 

https://t.co/aqfKvpI58S

 https://t.co/9TdQzaQV91 

https://t.co/yCnwVAnw2p
Jooyeon Bintang Rangga Lawan 10 Maudy Ayunda Bulan https://t.co/DT9MxqPT0s",tweet,508,,0,0
https://x.com/zicwc/status/2099539614835130420,X/Twitter,zicwc,110,110,"Bintang Join grup bokep telegram viral nonton ribuan video skandal indo full asupanlokal full percakapan nonton tanpa iklan satset Maudy Ayunda

https://t.co/9ziSXu5mJn",tweet,907,,0,0
https://x.com/edreamly/status/2099539494357897468,X/Twitter,edreamly,167,167,"maudy ayunda yg lulusan ppe itu tau g ya bourdieu jangan jauh jauh babibu. konsep habitus, capital, field bordieu dulu aja.

itu teori s1 easy peazy bisa di apply di mana pun kapan pun even pas galauin bfr. ngeliat masalah sistemik malah di suruh mindfulness aowwkok",tweet,52,,0,0
https://x.com/ecn5n/status/2099539452419002414,X/Twitter,ecn5n,75,75,"hijab cantik vs gojek hoki
https://t.co/hixLDh6J7S 

https://t.co/aqfKvpI58S

 https://t.co/9TdQzaQV91

 https://t.co/yCnwVAnw2p
Jooyeon Bintang Rangga Lawan 10 Maudy Ayunda Bulan https://t.co/LDknLA850f",tweet,230,,0,0
https://x.com/camilacarvaja19/status/2099539353609588840,X/Twitter,camilacarvaja19,158,158,"lagi viral adik kakak nih
https://t.co/jNuYwSpzuB

https://t.co/320b8FSmsb

https://t.co/zrarOSP2s5

https://t.co/bafKAki277

Maudy Ayunda Menteri Keuangan IHSG peran aktif Indonesia Senin Rangga Laut Jawa LPDP Lawan 10 purbaya https://t.co/xVovbkWozm",tweet,22284,,26,2
https://x.com/chaaaak00/status/2099538419932406222,X/Twitter,chaaaak00,15,15,"STREAMING GRATIS BKEP INDO TERBARU LONG DURASI

1. Di Paksa Ngemut
https://t.co/Y4eSPLPDke

2. Alea Remaja
https://t.co/0Yrh4pfp8Z

3. Handuk Putih
https://t.co/Bu86ruKC88

Bulan Bintang Senin Malam Selasa Rangga Lawan 10 Maudy Ayunda UC Browser Share https://t.co/t6v0SnYv1G",tweet,609,,1,0
https://x.com/sukamgr/status/2099538410608451599,X/Twitter,sukamgr,2832,2832,dulu mana nyangka maudy ayunda bakal blunder dan ke hujat😭 idola org2 yg ada,tweet,72,,0,0
https://x.com/toku20000912/status/2099538257285632446,X/Twitter,toku20000912,20,20,"cewe hijab emut eskrim dimobil

https://t.co/hBgBOso0hc

https://t.co/OwqmIcy2mI

https://t.co/xfyPn8ioL9

https://t.co/ZswkAIDIbB

Purbaya Senin Viral Plan B Bintang Bulan Bad For You Oknum PNS Viral Venus Menkeu Rangga Maudy Ayunda Rangga Laut Jawa Terbaru https://t.co/0RhQGC8tZM",tweet,880,,2,1
https://x.com/YogiBembeng/status/2099537663233773996,X/Twitter,YogiBembeng,297,297,"Seperti Bulan Bintang, yang selalu ikhlas untuk hadir disetiap malam, meski tak dipinta.. 

Maudy Ayunda Purbaya Rangga LPDP Senin Wowo Menkeu Venus",tweet,128,,0,0
https://x.com/qynslve/status/2099537365580796184,X/Twitter,qynslve,42,42,gangerti sm isi pikiran maudy ayunda,tweet,44,,0,0
https://x.com/intangudang/status/2099536862071378178,X/Twitter,intangudang,94,94,"Day 1 Rangga dan Maudy Ayunda pacaran plenger Lawan 10 pengemudi lain #AADCShortFilm yg mau plenger juga beli disini👇
https://t.co/Y1d8yid9ju https://t.co/9bG4l6N3lt",tweet,1094,,0,0
https://x.com/NuranisaSoraya/status/2099536646320574480,X/Twitter,NuranisaSoraya,107,107,"di paksa main sama tukang kebun 👋
https://t.co/shno7COwIV

https://t.co/x4NQxXQvRJ

https://t.co/zvxKaxNZ1j

https://t.co/2dW58RfP1W

rangga wowo bulan bintang lawan 10 maudy ayunda laut jawa senin https://t.co/uLFz4w16N5",tweet,288,,0,0
https://x.com/DiSuatuSore/status/2099536479706042464,X/Twitter,DiSuatuSore,61,61,"@antqromantica Jumlah duit pajak rakyat atas nama LPDP 
buat sekolahin S2-nya di Stanford University Maudy Ayunda biar cantik katanya.

Kurs 2019-2021. https://t.co/uX0wwEzWMR",tweet,91,,0,0
https://x.com/himoon_junhui/status/2099535837558132886,X/Twitter,himoon_junhui,660,660,"Gue juga cape terpapar berita buruk. Tp gue juga punya teman di kalimantan, di papua, di sulawesi, di aceh - dan gue khawatir sama kondisi mereka.

Kalo sekaya maudy ayunda mah gue udh bantu either ngirimin makanan, masker, obat atau apapun yg bisa gue bantu dengan uang.",tweet,56,,1,0
https://x.com/nneysal/status/2099535735913337095,X/Twitter,nneysal,128,128,"Ojol beruntung

https://t.co/iqsT4rPUMw

https://t.co/m7CDRISvSv

https://t.co/EyvvQX4NSg

Bulan Bintang Maudy Ayunda Purbaya Rangga LPDP Senin Wowo Menkeu Venus https://t.co/154fgs0I5a",tweet,175,,0,0
https://x.com/numitnitslaluse/status/2099534878891200954,X/Twitter,numitnitslaluse,105,105,"Kebaya ungu malay 

https://t.co/zBrEbNorTR

https://t.co/QYT6LM4muZ

https://t.co/5rn5mk0J9s

https://t.co/fr53pDnsEw

bulan rangga senin Maudy Ayunda lawan 10 LPDP purbaya suahasil nazara menkeu peran aktif Indonesia laut jawa bekerja tanpa lelah https://t.co/KZkv8W0DwY",tweet,1304,,2,0
https://x.com/Cute99Angel/status/2099533966432948240,X/Twitter,Cute99Angel,46,46,"biksu thailand yang lagi viral 🤯😧

https://t.co/AuoyDtipHv

https://t.co/AuoyDtipHv

https://t.co/AuoyDtipHv

Laut Jawa Lawan 10 Caleb LPDP Maudy Ayunda Malang Senin Viral Aqeela Calista Ayel Terbaru Hyrox https://t.co/66aQIMPfdS",tweet,1554,,0,0
https://x.com/AkashiAndrean/status/2099533839110656209,X/Twitter,AkashiAndrean,12,12,"@ayugitapradini Jujur dari dulu dengerin argumen2 nya maudy ayunda di podcast2, emg kerasa basic bgt sih. Kayak ga perlu ke oxford atau stanford buat punya kesimpulan kayak gtu. Mahasiswa kampus2 pendidikan di indonesia juga udh banyak menyusun penelitian yg kesimpulannya kayak gtu wkwk",tweet,396,,0,0
https://x.com/ysShS4yYMSGd4cb/status/2099533574731092463,X/Twitter,ysShS4yYMSGd4cb,4,4,"biksu thailand yang lagi viral 😔😕

https://t.co/ipqIbbs6pd

https://t.co/ipqIbbs6pd

https://t.co/ipqIbbs6pd

Laut Jawa Lawan 10 Caleb LPDP Maudy Ayunda Malang Senin Viral Aqeela Calista Ayel Terbaru Hyrox https://t.co/z3bduU1m3i",tweet,1582,,0,0
https://x.com/freakeiz/status/2099533404706603167,X/Twitter,freakeiz,1143,1143,"Gila dah Thread isinya kayak twitter jaman dulu
Kemaren nadin amizah sekarang maudy ayunda",tweet,458,,1,0
https://x.com/icelemonthv/status/2099533283847721171,X/Twitter,icelemonthv,247,247,gw udah lama blacklist maudy ayunda ini. tone deaf final boss,tweet,104,,0,0
https://x.com/wannabehappyboy/status/2099533269457064274,X/Twitter,wannabehappyboy,108,108,cok seru bngt maudy ayunda iki di blaming sak indo nesia ruaya,tweet,37,,0,0
https://x.com/hwangyujin71648/status/2099533159947784417,X/Twitter,hwangyujin71648,3,3,"biksu thailand yang lagi viral 😙🤪

https://t.co/ZDCNcyLImM

https://t.co/ZDCNcyLImM

https://t.co/ZDCNcyLImM

Laut Jawa Lawan 10 Caleb LPDP Maudy Ayunda Malang Senin Viral Aqeela Calista Ayel Terbaru Hyrox https://t.co/5hzCyh5L1r",tweet,973,,0,0
https://x.com/himemakimaw/status/2099533128134267011,X/Twitter,himemakimaw,4,4,"Sirkel lama gw penyuka maudy ayunda duhhhhhhhh, mana pd apatis politik lg mrk pantesan",tweet,208,,0,0
https://x.com/arifiarAA/status/2099533114775310763,X/Twitter,arifiarAA,2076,2076,Maudy ayunda koyoke sek kesurupan deh iku mari main sang perasuk,tweet,56,,0,0
https://x.com/flwrdustfairy/status/2099533086748987557,X/Twitter,flwrdustfairy,13,13,"ngga pernah ngikutin maudy ayunda, tapi ternyata dia se-engga napak tanah itu yah🥲 kalo kamu tau, jadi orang indo yang ngga gila/stress dengan kondisi sekarang aja itu udh alhamdulillah bgt maudy!! heran bgt lulusan ivy league lpdp kok kayak gini😒",tweet,46,,0,0
https://x.com/Partono_ADjem/status/2099532902652596253,X/Twitter,Partono_ADjem,23967,23967,"Ternyata, ini lanjutan soal Maudy Ayunda tadi. 
Semoga Pempus Pemprov makin sinergi. 😅 https://t.co/zTENb9chJr",tweet,1362,,0,1
https://x.com/midamoiselle/status/2099531692243644873,X/Twitter,midamoiselle,809,809,Dari dulu gak pernah amaze sama maudy ayunda gatau kenapa kek vibesnya tuh 'nanggung' gitu. Pinter oke tp pinternya nanggung paham gak sih gak yang WUOOOWWW walau gw ttp gak se-kelas dia.,tweet,40,,0,0
https://x.com/jongumzi7/status/2099531402417242580,X/Twitter,jongumzi7,95,95,"Cantik, t*br*t, pink,body mantap lagi

https://t.co/0u8p7GedXf

https://t.co/RF8cKT4GQp

https://t.co/nISi85OMs9

https://t.co/IaOTGiQgfW

Lawan 10 Menteri Keuangan Rangga Maudy Ayunda LPDP Laut Jawa https://t.co/i038oUn241",tweet,8639,,0,0
https://x.com/rivbbont/status/2099531041308647493,X/Twitter,rivbbont,102,102,"Guru vs kepsek viral
https://t.co/DkKiWexqoy

Kasir indomaret 
https://t.co/bExEHMoOnd

Ready vip bocil
https://t.co/a40FpFEH4o

Bulan Bintang Maudy Ayunda Purbaya Rangga LPDP Senin Wowo Menkeu Venus Lawan 10 https://t.co/mtejTIkZcx",tweet,305,,0,0
https://x.com/KridoWaskito/status/2099530896651280665,X/Twitter,KridoWaskito,74,74,"Bulan baru, Senin baru, tapi timeline langsung ramai.

MU kalah dari City saat Lawan 10, Carrick ikut jadi bahan obrolan. Lalu kabar Menteri Keuangan dari Pak Purbaya ke Suahasil Nazara.

Belum selesai, Rangga dan Maudy Ayunda muncul lagi. Wowo, baru Senin 😅",tweet,122,,0,0
https://x.com/foolinsights/status/2099530888514355575,X/Twitter,foolinsights,4047,4047,@dosenkesmas maudy ayunda kalau aktif di fesnuk dan X keknya langsung deactive,tweet,221,,0,0
https://x.com/rivbbont/status/2099530800249360850,X/Twitter,rivbbont,102,102,"Sok imut part 2 viral

https://t.co/DkKiWexqoy

https://t.co/bExEHMoOnd

https://t.co/a40FpFEH4o

Bulan Bintang Maudy Ayunda Purbaya Rangga LPDP Senin Wowo Menkeu Venus Lawan 10 https://t.co/v4rAdva7of",tweet,1347,,0,0
https://x.com/Chaaa4I/status/2099530507562488178,X/Twitter,Chaaa4I,74,74,"I only have 50k now and i don't know if i can make it last to Wednesday because i feel guilty to ask for more. Good thing i brought foods from home. Shame on you, really, Maudy ayunda. What a tonedeaf person you are. Anyway, informasi tentang beasiswa koas pls, anyone.",tweet,51,,0,0
https://x.com/Chaaa4I/status/2099530504634806436,X/Twitter,Chaaa4I,74,74,"Maudy ayunda saw everything happened lately as ""Bad News"" meanwhile i've been struggling to think on how can i managed my 200k rupiah money to last for 4-5 days during coass and how can i make 40mill for tuition because our finances have been down the hill lately..",tweet,65,,1,0
https://x.com/rivbbont/status/2099530218436526521,X/Twitter,rivbbont,102,102,"Sok imut part 2 viral

https://t.co/DkKiWexqoy

https://t.co/bExEHMoOnd

https://t.co/a40FpFEH4o

Bulan Bintang Maudy Ayunda Purbaya Rangga LPDP Senin Wowo Menkeu Venus Lawan 10 https://t.co/OA1XsFNrZN",tweet,229,,0,0
https://x.com/poemhiy/status/2099529829578404304,X/Twitter,poemhiy,34,34,"Kepsek dan Bu Guru SD langsung klarifikasi

https://t.co/AEDqoRtaMH

https://t.co/L3gzJE1sUF

https://t.co/hpbiJFGaFA

Menkeu Rangga laut jawa LPDP Lawan 10 Senin Wowo Bulan Viral Maudy Ayunda Purbaya Terbaru Suahasil Nazara https://t.co/4aLmNSa2KQ",tweet,3063,,4,0
https://x.com/needsomehuge/status/2099529814365581469,X/Twitter,needsomehuge,498,498,@sugarhaoney Maudy ayunda,tweet,84,,1,0
https://x.com/rivbbont/status/2099529788600000861,X/Twitter,rivbbont,102,102,"Hijab malay main dimobil viral

https://t.co/DkKiWexqoy

https://t.co/bExEHMoOnd

https://t.co/a40FpFEH4o

Bulan Bintang Maudy Ayunda Purbaya Rangga LPDP Senin Wowo Menkeu Venus Lawan 10 https://t.co/rZOM0KwyYr",tweet,333,,0,0
https://x.com/jooao_bieel/status/2099529637655371889,X/Twitter,jooao_bieel,21,21,"mulus🥰

https://t.co/ZhYLYa834m

https://t.co/erdlNgduoG

https://t.co/7EYT5B4gW1

https://t.co/29lvm8F36O

Rangga Bulan Senin Wowo Lawan 10 Maudy Ayunda Menteri Keuangan LPDP Bintang https://t.co/13yxtp70BY",tweet,20267,,19,2
https://x.com/rivbbont/status/2099529631850434970,X/Twitter,rivbbont,102,102,"Main sama ponakan viral

https://t.co/DkKiWexqoy

https://t.co/bExEHMoOnd

https://t.co/a40FpFEH4o

Bulan Bintang Maudy Ayunda Purbaya Rangga LPDP Senin Wowo Menkeu Venus Lawan 10 https://t.co/kNGOkEggaM",tweet,156,,0,0
https://x.com/rivbbont/status/2099529402317201694,X/Twitter,rivbbont,102,102,"Numpang cas dikamar kaka

https://t.co/DkKiWexqoy

https://t.co/bExEHMoOnd

https://t.co/a40FpFEH4o

Bulan Bintang Maudy Ayunda Purbaya Rangga LPDP Senin Wowo Menkeu Venus Lawan 10 https://t.co/BF9GPxY3XY",tweet,346,,0,0
https://x.com/girltheinternet/status/2099529121449771088,X/Twitter,girltheinternet,341,341,"jujur kesel sendiri tiap inget si maudy ayunda ngajak orang berhenti baca bad news biar bisa mindful, meanwhile bad news yang dimaksud adalah kehidupan nyata yang dialami rakyat YANG GABISA DISKIP KOCAK lantam kali kau maudytone deaf ayunda",tweet,124,,0,0
https://x.com/abie_greendazz/status/2099529072233902481,X/Twitter,abie_greendazz,22,22,"Pelan aja sayang udah enak ini

https://t.co/uOiGJs10uM

https://t.co/tUjBQBETCQ

https://t.co/ceMhBn6Wwd

bulan rangga senin Maudy Ayunda lawan 10 LPDP purbaya suahasil nazara menkeu peran aktif Indonesia laut jawa bekerja tanpa lelah https://t.co/fGuHvV9kVb",tweet,280,,0,0
https://x.com/syrfomomg/status/2099528785905541422,X/Twitter,syrfomomg,18,18,orang yang ku kira kalem kayak maudy ayunda aja kena masalah yang bener-bener ga make sense buat di terapin even didenger pun,tweet,29,,0,0
https://x.com/howtousebrain_/status/2099528442480087277,X/Twitter,howtousebrain_,16,16,"📁 Ahli Nyep*ng
https://t.co/ahgi3wxM73

Rangga Maudy Ayunda Senin Lawan 10 Selasa",tweet,534,,0,0
https://x.com/starkeyzzz_/status/2099528284568740033,X/Twitter,starkeyzzz_,316,316,"masalahnya yg lu omongin itu bad reality maudy ayunda, bkn cmn sekedar bad news",tweet,70,,0,0
https://x.com/uqteena/status/2099527973389136064,X/Twitter,uqteena,102,102,"Akhirnya ketemu juga bu guru viral

https://t.co/Z2fjph6Gbd

https://t.co/V6liQiMymp

https://t.co/sLhPZOET1Z

Bulan Bintang Maudy Ayunda Purbaya Rangga LPDP Senin Wowo Menkeu Venus Lawan 10 https://t.co/psxejPBL4w",tweet,958,,0,0
https://x.com/uqteena/status/2099527720069943463,X/Twitter,uqteena,102,102,"Hampir ketauan ibunya

https://t.co/Z2fjph6Gbd

https://t.co/V6liQiMymp

https://t.co/sLhPZOET1Z

Bulan Bintang Maudy Ayunda Purbaya Rangga LPDP Senin Wowo Menkeu Venus Lawan 10 https://t.co/I9YHB6wAF9",tweet,613,,0,0
https://x.com/dyailytalk/status/2099527710762779118,X/Twitter,dyailytalk,82,82,"Sama temen adek 

https://t.co/EzdSYD2MV9

https://t.co/enaxYD8ury

https://t.co/h9WmtOiGig

https://t.co/uNbbIlAjlH

bulan rangga senin Maudy Ayunda lawan 10 LPDP purbaya suahasil nazara menkeu peran aktif Indonesia laut jawa bekerja tanpa lelah https://t.co/8R3byFUMqt",tweet,7458,,12,0
https://x.com/MosiurR36407200/status/2099527528969036139,X/Twitter,MosiurR36407200,22,22,"Bocil masih polos banget viral 🙈📸

https://t.co/CXMAPalCNy

https://t.co/CXMAPalCNy

https://t.co/CXMAPalCNy

Bulan Bintang Maudy Ayunda Purbaya Rangga LPDP Senin Wowo Menkeu Venus 👀 https://t.co/anGlgQvUYC",tweet,12036,,13,1
https://x.com/dyailytalk/status/2099527469397373178,X/Twitter,dyailytalk,82,82,"Di kosan viral 

https://t.co/EzdSYD2MV9

https://t.co/enaxYD8ury

https://t.co/h9WmtOiGig

https://t.co/uNbbIlAjlH

bulan rangga senin Maudy Ayunda lawan 10 LPDP purbaya suahasil nazara menkeu peran aktif Indonesia laut jawa bekerja tanpa lelah https://t.co/gqkqFxuVdS",tweet,21426,,29,1
https://x.com/ourtimess/status/2099527124793389357,X/Twitter,ourtimess,109,109,@ustadchen Better than Maudy Ayunda 🤭,tweet,90,,0,0
https://x.com/dyailytalk/status/2099526922560737646,X/Twitter,dyailytalk,82,82,"Pelan ajah

https://t.co/EzdSYD2MV9

https://t.co/enaxYD8ury

https://t.co/h9WmtOiGig

https://t.co/uNbbIlAjlH

bulan rangga senin Maudy Ayunda lawan 10 LPDP purbaya suahasil nazara menkeu peran aktif Indonesia laut jawa bekerja tanpa lelah https://t.co/20GKSZGvQG",tweet,4608,,8,0
https://x.com/uqteena/status/2099526847855997334,X/Twitter,uqteena,102,102,"Bocil masih polos part 2 ful

https://t.co/Z2fjph6Gbd

https://t.co/V6liQiMymp

https://t.co/sLhPZOET1Z

Bulan Bintang Maudy Ayunda Purbaya Rangga LPDP Senin Wowo Menkeu Venus Lawan 10 https://t.co/x5xnOm2IMu",tweet,502,,0,0
https://x.com/dyailytalk/status/2099526808869970424,X/Twitter,dyailytalk,82,82,"Biksu Thailand lemah iman 

https://t.co/EzdSYD2MV9

https://t.co/enaxYD8ury

https://t.co/h9WmtOiGig

https://t.co/uNbbIlAjlH

bulan rangga senin Maudy Ayunda lawan 10 LPDP purbaya suahasil nazara menkeu peran aktif Indonesia laut jawa bekerja tanpa lelah https://t.co/nhGdAUqkZJ",tweet,4096,,1,0
https://x.com/Aidachoirunnisa/status/2099526775865053399,X/Twitter,Aidachoirunnisa,301,301,"Kayaknya, murid-murid gw logikanya lebih canggih dibanding Maudy Ayunda. Mending Maudy Ayunda belajar sama gw aje sini😁",tweet,53,,0,0
https://x.com/uqteena/status/2099526603953045906,X/Twitter,uqteena,102,102,"Lagi tidur di mobil malah dimainin

https://t.co/Z2fjph6Gbd

https://t.co/V6liQiMymp

https://t.co/sLhPZOET1Z

Bulan Bintang Maudy Ayunda Purbaya Rangga LPDP Senin Wowo Menkeu Venus Lawan 10 https://t.co/zfjJhHr3Xr",tweet,7730,,2,0
https://x.com/ubicilembuism/status/2099526482137899376,X/Twitter,ubicilembuism,535,535,maudy ayunda masuk unnes langsung ngga mindful soalnya marah-marah kena panas gunpat,tweet,76,,0,0
https://x.com/luvy_tha/status/2099526170312425941,X/Twitter,luvy_tha,5074,5074,"Maudy Ayunda ini yg sering billang ""ada manis manisnya, kaya kamu"". 
Tidak menerima kenyataan karena produk hasil usahanya terdampak oleh bencana alam.",tweet,339,,0,0
https://x.com/HoediesMuh2/status/2099525903428858081,X/Twitter,HoediesMuh2,4460,4460,@NOTASLIMBOY maudy ayunda? aktingnya bagus kah?,tweet,1094,,0,0
https://x.com/nelvuz/status/2099525873410154497,X/Twitter,nelvuz,135,135,"Andini permata part 2 viral

https://t.co/gswYb3BOWt

https://t.co/WVnSxvha2N

https://t.co/j6zIupqsAi

Bulan Bintang Maudy Ayunda Purbaya Rangga LPDP Senin Wowo Menkeu Venus https://t.co/fvVEe0t20Z",tweet,1646,,0,0
https://x.com/d_susanto15/status/2099525423793397789,X/Twitter,d_susanto15,13,13,"#Bajingan di bulan September 2026 #membahlilkan #bintang #Purbaya
https://t.co/Z28tJE3z36
#Bulan Bulan #Wowo #MTQcabangFahmilQuran Bahlil Maudy Ayunda Purbaya Bintang Menteri Keuangan LPDP Senin #AADCShortFilm",tweet,71,,0,0
https://x.com/nelvuz/status/2099525348077756677,X/Twitter,nelvuz,135,135,"prank ojol menang banyak

https://t.co/gswYb3BOWt

https://t.co/WVnSxvha2N

https://t.co/j6zIupqsAi

Bulan Bintang Maudy Ayunda Purbaya Rangga LPDP Senin Wowo Menkeu Venus https://t.co/XsxdjutgnJ",tweet,880,,0,0
https://x.com/hmdnmedia/status/2099525289479229857,X/Twitter,hmdnmedia,1991,1991,gmn kelanjutannya maudy ayunda dia udah ngehapus video mindfullnessnya di youtube haha,tweet,75,,0,0
https://x.com/akunhewan/status/2099525275017232401,X/Twitter,akunhewan,12220,12220,": maudy bawa ke mana?
: ayunda tau kok tanya saya",tweet,837,,4,4
https://x.com/nelvuz/status/2099524985287323762,X/Twitter,nelvuz,134,134,"Bocil masih polos banget viral

https://t.co/gswYb3BOWt

https://t.co/WVnSxvha2N

https://t.co/j6zIupqsAi

Bulan Bintang Maudy Ayunda Purbaya Rangga LPDP Senin Wowo Menkeu Venus https://t.co/XDQF5ozcYc",tweet,2050,,1,0
https://x.com/nelvuz/status/2099524383798956347,X/Twitter,nelvuz,134,134,"Main diruang tamu lagi sepi

https://t.co/gswYb3BOWt

https://t.co/WVnSxvha2N

https://t.co/j6zIupqsAi

Bulan Bintang Maudy Ayunda Purbaya Rangga LPDP Senin Wowo Menkeu Venus https://t.co/h8yZTIza5u",tweet,518,,1,0
https://x.com/bearnauzer_/status/2099523458845859889,X/Twitter,bearnauzer_,90,90,"Dari awal emang ga pernah ngefans sama maudy ayunda.. 
Kyk.. Ga ada yg waw bgt gitu dari dia.. 
Acting ataupun lagunya ga cocok di aku.. 
🤷‍♀️",tweet,35,,0,0
https://x.com/tunnelblvdd/status/2099523458619326612,X/Twitter,tunnelblvdd,1275,1275,maudy ayunda ak jadi kecewa ama kamu🥹,tweet,108,,0,0
https://x.com/blackjasmineee/status/2099523373240144260,X/Twitter,blackjasmineee,107,107,"Maudy ayunda gak sepintar itu. Cuma terlalu diglorifikasi aja. Kalau ditandingin sama kalian untuk debat masalah pendidikan dan politik, mungkin banyak sekali orang yg lebih pintar dan cerdas daripada dia meskipun gak kuliah di stanford/oxford dll.",tweet,172,,0,0
https://x.com/ED2daWIN/status/2099523290675171499,X/Twitter,ED2daWIN,962,962,"Setelah rocky gerung, maudy ayunda jg udh resmi ikutan dongo.

Benar2 daya rusak mbg ini luarbiasa 🫦",tweet,132,,0,0
https://x.com/sauvigmeow/status/2099523210996006913,X/Twitter,sauvigmeow,184,184,"I’m living in a country ruled by clowns, surrounded by men who hate women, a collapsing economy, morally bankrupt society, and somehow Maudy Ayunda wants me to be mindful and stoic? I’d rather die.",tweet,49,,0,0
https://x.com/GaluhPram/status/2099523057333497920,X/Twitter,GaluhPram,10,10,inii maudy ayunda knp coy,tweet,27,,0,0
https://x.com/vcs1366375/status/2099522709122347081,X/Twitter,vcs1366375,8,8,Senin malam maudy ayunda ready vcs tidur pagii sarapan pagiii https://t.co/YkFer710ii,tweet,347,,0,9
https://x.com/di6elyuai/status/2099521805858033899,X/Twitter,di6elyuai,39,39,"maudy ayunda, shame on you!",tweet,29,,0,0
https://x.com/Fernand82112822/status/2099521617374368120,X/Twitter,Fernand82112822,3,3,"cewe hijab muka polos emut dimobil

https://t.co/jN8gJxoDj8

https://t.co/g6viovhoqU

https://t.co/qMFzjfj0q5

https://t.co/zUfUKAlRcg

Menkeu Rangga laut jawa LPDP Lawan 10 Senin Wowo Bulan Viral Maudy Ayunda Purbaya Terbaru Suahasil Nazara https://t.co/qhmeTadidd",tweet,12309,,6,0
https://x.com/daisydaisieday/status/2099521228004585644,X/Twitter,daisydaisieday,1126,1126,"@algifaryrama @istighfar1000x LPDP Itu bukan beasiswa untuk orang gak mampu fyi aja, dan emang harus pinter pinternya ngerayu lewat essay deh ke universitas yang dituju. nah itu keahliannya maudy ayunda, ngerayu oxford. lagian udah jadi rahasia umum kalo anak anak oxford/stanford tuh kebanyakan tone deaf",tweet,122,,0,0
https://x.com/newestID/status/2099520988300050547,X/Twitter,newestID,38,38,"Maudy Ayunda Minta Maaf Usai Konten Mindfulness Dan Diet Berita Tuai Sorotan

https://t.co/4jMwFb7l0c",tweet,34,,0,0
https://x.com/Partono_ADjem/status/2099520882326806739,X/Twitter,Partono_ADjem,23967,23967,Apakah UAN akan ketolong Maudy Ayunda?,tweet,448,,1,0
https://x.com/Atikamfthr/status/2099520457968058393,X/Twitter,Atikamfthr,514,514,Maudy ayunda mana rilate min😆,tweet,72,,0,0
https://x.com/hafizh97/status/2099520232637542641,X/Twitter,hafizh97,8690,8690,"Kalau ngelihat Kasusnya Maudy Ayunda nih aku bisa bilang orang Indonesia tuh banyak banget yang pintar, tapi orang Pintar yang minim empati atau bahkan gak punya empati tuh banyak juga",tweet,493,,4,0
https://x.com/meisxe/status/2099519840944058449,X/Twitter,meisxe,140,140,"Bocil handuk putih viral
https://t.co/vS8QBzhAsf

Kaka vs ponakan
https://t.co/isIROgx6GN

Bu guru dan kepala sekolah
https://t.co/3vpWl3MPwT

Maudy Ayunda Menteri Keuangan IHSG peran aktif Indonesia Senin Rangga Laut Jawa LPDP Lawan 10 purbaya https://t.co/bFdoWqX7nV",tweet,1414,,2,0
https://x.com/dimasrarang/status/2099519513469587946,X/Twitter,dimasrarang,1860,1860,Maudy ayunda sayang banget kuliah tinggi jauh2 cuma jadi tone deaf alumni dari oxford university🤣🤣 https://t.co/VrrW95cuzT,tweet,286,,0,0
https://x.com/nzamrs/status/2099519309039153495,X/Twitter,nzamrs,74,74,"Bocil polos lagi viral 

https://t.co/ymTqkwMCb4

https://t.co/grK2D24zTu

https://t.co/KLmctjyCmk

Menteri Keuangan Laut Jawa Senin Maudy Ayunda Menkeu wowo https://t.co/tu6Fcy0Gzq",tweet,87,,0,0
https://x.com/Shiraa_Cchlt/status/2099518804527345743,X/Twitter,Shiraa_Cchlt,1296,1296,"sempet tertarik sama produknya Maudy Ayunda yg from this island. pernah nyobain di oh some lipbalm nya gitu, jujur bagus tp selalu gak jadi beli terus krn niatnya mau beli di e commerce tp ujung2nya beli merek lain. bersyukur gak pernah beli pas tau dia kayak gini",tweet,124,,0,0
https://x.com/raevelvetmoon/status/2099518749821043189,X/Twitter,raevelvetmoon,288,288,"@istighfar1000x Gua baru tau selain Maudy Ayunda, ada Gita Gutawa, Tasya Kamila, Acha Septriasa, Isyana Sarasvati.

Mereka ini ngasih dampak apa ke Indonesia? Gak ada yang signifikan. Cmiiw",tweet,143,,2,0
https://x.com/nzamrs/status/2099518403350507642,X/Twitter,nzamrs,74,74,"Bocil handuk putih viral 

https://t.co/ymTqkwMCb4

https://t.co/grK2D24zTu

https://t.co/KLmctjyCmk

Menteri Keuangan Laut Jawa Senin Maudy Ayunda Menkeu wowo https://t.co/it7rvSvMpK",tweet,82,,0,0
https://x.com/lotusbiscofd/status/2099518159342665922,X/Twitter,lotusbiscofd,76,76,@Sipitungscbd Eh Maudy Ayunda itu yg kemarin patah hati nasional kan ya?,tweet,37,,0,0
https://x.com/meisxe/status/2099518070767415506,X/Twitter,meisxe,140,140,"Bocil handuk putih viral

https://t.co/vS8QBzhAsf

https://t.co/isIROgx6GN

https://t.co/3vpWl3MPwT

Maudy Ayunda Menteri Keuangan IHSG peran aktif Indonesia Senin Rangga Laut Jawa LPDP Lawan 10 purbaya https://t.co/8XiTLcqXXI",tweet,963,,0,0
https://x.com/nzamrs/status/2099517463616684263,X/Twitter,nzamrs,74,74,"Bocil sok cantik viral 

https://t.co/ymTqkwMCb4

https://t.co/grK2D24zTu

https://t.co/KLmctjyCmk

Menteri Keuangan Laut Jawa Senin Maudy Ayunda Menkeu wowo https://t.co/xBmiBPMrm8",tweet,98,,0,0
https://x.com/Nadyamulyadi/status/2099517123966235090,X/Twitter,Nadyamulyadi,6248,6248,"Selain Maudy Ayunda, apa pendapat kalian tentang influencer yang masih suka bikin konten flexing??

Tuker2 kado mewah, unboxing belanjaan branded, pamer saldo jutaan misalnya~~",tweet,346,,3,0
https://x.com/langit_annara/status/2099516973512290337,X/Twitter,langit_annara,8,8,"Di tengah berita Menkeu dicopot tiba-tiba,  Maudy Ayunda dihujat, katanya bulan cantik sekali malam ini karena lagi dekat banget sama bintang. Akhirnya aku memilih keluar untuk melihatnya,  tapi aku hanya melihat langit bertabur bintang.",tweet,49,,0,0
https://x.com/P51KFOUR/status/2099516303992410252,X/Twitter,P51KFOUR,369,369,besok gua up PDBR judulnya maudy ayunda,tweet,47,,0,0
https://x.com/bunc1s/status/2099515775707172869,X/Twitter,bunc1s,608,608,"Gue dan bos gue tumben hari ini sepakat dan itu karena gue ngomong ""gini-gini gue juga udah bantu nguliahin Maudy Ayunda dan Tasya Kamila ke luar negeri"" 😌",tweet,38,,0,0
https://x.com/mochikejuu/status/2099515613681012953,X/Twitter,mochikejuu,94,94,"Habis nonton video maudy ayunda ternyata beneran tone deaf bgt ya, paham sih maksud yg pengen dia sampein cuma dimasa sekarang ini kayaknya gapantes untuk ngomong begituan",tweet,76,,0,0
https://x.com/dumbtrvck/status/2099515256636928325,X/Twitter,dumbtrvck,7360,7360,kesel bat liat Maudy Ayunda,tweet,235,,3,0
https://x.com/relldumpret/status/2099515116589039753,X/Twitter,relldumpret,514,514,maudy ayunda lagi kenapa dah?,tweet,29,,0,0
https://x.com/citrusiflora/status/2099514921298149618,X/Twitter,citrusiflora,11,11,maudy ayunda,tweet,31,,0,0
https://x.com/KicauAy/status/2099514866923114891,X/Twitter,KicauAy,6,6,@ethadisaputra Yeeeeee maudy ayunda lo gibran Bahlil luhut,tweet,59,,0,0
https://x.com/nvaulty/status/2099514334380720566,X/Twitter,nvaulty,77,77,"Bocil main sama Kaka tiri lagi viral 

https://t.co/8H4VMYownO

https://t.co/mKpBYTNwYJ

https://t.co/IahTydiacJ

Menteri Keuangan Bulan Laut Jawa Senin Maudy Ayunda Menkeu Purbaya https://t.co/qemEwQCOfn",tweet,4213,,11,0
https://x.com/josema43991355/status/2099513994549841951,X/Twitter,josema43991355,37,37,"Guru dan kepsek Pekalongan viral 

https://t.co/IfhKK0yFaw

https://t.co/UxTjwal6el

https://t.co/pKhYXsCiDs

https://t.co/ixwllnlPI1

Senin wowo purbaya menkeu rangga peran aktif Indonesia bekerja tanpa lelah Maudy Ayunda laut jawa LPDP https://t.co/CRMDLhpW1D",tweet,28491,,14,1
https://x.com/josema43991355/status/2099513569863942240,X/Twitter,josema43991355,37,37,"Ajarin adik

https://t.co/IfhKK0yFaw

https://t.co/UxTjwal6el

https://t.co/pKhYXsCiDs

https://t.co/ixwllnlPI1

Senin wowo purbaya menkeu rangga peran aktif Indonesia bekerja tanpa lelah Maudy Ayunda laut jawa LPDP https://t.co/2d5qApO8fh",tweet,10801,,12,1
https://x.com/SINDOnews/status/2099513504160264451,X/Twitter,SINDOnews,403092,403092,"Maudy Ayunda akhirnya merespons kritik terhadap videonya tentang mindfulness dan menjaga diri dari paparan berita. Ia mengakui bahwa ""menjauh dari berita adalah sebuah privilege"" yang tidak dimiliki semua orang, terutama mereka yang terdampak langsung oleh berbagai persoalan.

Baca Selengkapnya di
https://t.co/lUIMXRlpFc

#MaudyAyunda #Mindfulness #KritikWarganet #MaudyAyundaMintaMaaf #Viral #SindoNewsTV #SindoNews",tweet,523,,0,0
https://x.com/karyasuta/status/2099513296839942241,X/Twitter,karyasuta,838,838,Maudy Ayunda maudi cancel,tweet,60,,0,0
https://x.com/prawowi/status/2099513281211949214,X/Twitter,prawowi,14,14,"finally, maudy ayunda cancel era",tweet,58,,0,0
https://x.com/EchoHamjin/status/2099513226505691389,X/Twitter,EchoHamjin,49,49,@zuidprinsen @erlanishere hem..tp dia maudy ayunda...sblm dia curcol panjang lebar di medsos..pdhl image yg dy bawa sll bersih selama ini..apa mngkn dia mau ngedown grade dirinya sndri buat hal kek gt..ini mah dia sndri aja yg blunder...merasa paling paling dan berfikir bakal bnyk yg bela..mlh jatuh sndri,tweet,538,,0,0
https://x.com/nvaulty/status/2099513172650754257,X/Twitter,nvaulty,77,77,"Bocil polos sok cantik lagi viral 

https://t.co/8H4VMYownO

https://t.co/mKpBYTNwYJ

https://t.co/IahTydiacJ

Menteri Keuangan Bulan Laut Jawa Senin Maudy Ayunda Menkeu Purbaya https://t.co/BmrskGcyHh",tweet,23162,,19,0
https://x.com/cr0isyantt/status/2099512666159214715,X/Twitter,cr0isyantt,326,326,"@dinza__ @andreanorrisss @tepukberwudhu @Jasinpremiumin @saturn_iceee lo sendiri yg menyebutkan kalo maudy ayunda dr kecil sekolah internasional. keluarga kaya. TAPI malah milih LPDP. skrg pertanyaan gue, MENURUT LO orang yg layak mendapatkan beasiswa itu siapa? jgn banyak ngeles lgsg jawab aja, drtd opini lo muter2.",tweet,133,,1,0
https://x.com/theargaryen/status/2099512613441036782,X/Twitter,theargaryen,330,330,"Baru nonton videonya Maudy yang ""mindfulness"" itu. Bukannya mau ngebela orang kaya tapi menurut gue ada orang-orang yang lebih jahat dibanding Maudy Ayunda yang beneran deserve semua perhatian ini sih...",tweet,313,,0,0
https://x.com/nanisprotector/status/2099512481098190954,X/Twitter,nanisprotector,1351,1351,"and then we have maudy ayunda who's never had a hard day in her life telling us how to react over bad news regarding these people who had contributed to her so called elite degree di stanford melalui pajak yg jumlahnya miliaran wkwk

(and From This Island mid as fuck :p)",tweet,896,,0,3
https://x.com/AnzarArjun/status/2099512372578975796,X/Twitter,AnzarArjun,38,38,"Guru vs murid yang lagi viral 

https://t.co/uva5SR9HQM

https://t.co/BT449xDZ7v

https://t.co/iH2c7zWO0c

https://t.co/jU9pRyOclJ

Menteri Keuangan Bulan Laut Jawa Senin Maudy Ayunda Menkeu https://t.co/v4rKCBRm8R",tweet,204,,0,0
https://x.com/AnzarArjun/status/2099512269747228876,X/Twitter,AnzarArjun,38,38,"Biksu Thailand viral 

https://t.co/uva5SR9HQM

https://t.co/BT449xDZ7v

https://t.co/iH2c7zWO0c

https://t.co/jU9pRyOclJ

Menteri Keuangan Bulan Laut Jawa Senin Maudy Ayunda Menkeu https://t.co/bZrigHHg7I",tweet,833,,0,0
https://x.com/tarolicious22/status/2099512266559479839,X/Twitter,tarolicious22,4374,4374,@hafizh97 coba pindahin maudy ayunda kesana dulu deh,tweet,32,,1,0
https://x.com/makiyantann_/status/2099512231478337632,X/Twitter,makiyantann_,9646,9646,"Maudy Ayunda emang cewe tolol tai lu, nyesel gue dulu bangga sama lu",tweet,1590,,6,0
https://x.com/suedduuu/status/2099512150444384401,X/Twitter,suedduuu,921,921,"Masih g nangka, maudy ayunda di rujak netizen",tweet,23,,0,0
https://x.com/AnzarArjun/status/2099512107473723848,X/Twitter,AnzarArjun,38,38,"Spiderwoman hijab vs gojek yang lagi viral 

https://t.co/uva5SR9HQM

https://t.co/BT449xDZ7v

https://t.co/iH2c7zWO0c

https://t.co/jU9pRyOclJ

Menteri Keuangan Bulan Laut Jawa Senin Maudy Ayunda Menkeu https://t.co/7eKIdwpGyr",tweet,92,,0,0
https://x.com/AnzarArjun/status/2099511933988954425,X/Twitter,AnzarArjun,38,38,"Bocil handuk putih viral 

https://t.co/uva5SR9HQM

https://t.co/BT449xDZ7v

https://t.co/iH2c7zWO0c

https://t.co/jU9pRyOclJ

Menteri Keuangan Bulan Laut Jawa Senin Maudy Ayunda Menkeu https://t.co/j59lJHh8ln",tweet,85,,0,0
https://x.com/Cigsyarette/status/2099511197943087210,X/Twitter,Cigsyarette,161,161,I was today years old when i found out that fti itu punyanya Maudy Ayunda 🚶‍♀️,tweet,68,,0,0
https://x.com/astatinne/status/2099511173284872613,X/Twitter,astatinne,79,79,gapernah ngebayangin seorang maudy ayunda bakal dirujak juga,tweet,21,,0,0
https://x.com/ajiprastianto/status/2099511080942989553,X/Twitter,ajiprastianto,47,47,"Spiderwoman hijab vs gojek yang lagi viral 

https://t.co/2q0HYOFZr1

https://t.co/2SLqTc1tit

https://t.co/amOGS8za0i

https://t.co/lDlANOwiv9

Menteri Keuangan Bulan Laut Jawa Senin Maudy Ayunda Menkeu https://t.co/0uzKlsRYVV",tweet,74,,0,0
https://x.com/terkenalcoid/status/2099511007823732912,X/Twitter,terkenalcoid,966,966,Maudy Ayunda Minta Maaf https://t.co/zF5eJHYt4E,tweet,20,,0,0
https://x.com/ajiprastianto/status/2099510974818681138,X/Twitter,ajiprastianto,47,47,"Janda pirang jago ngemut 

https://t.co/2q0HYOFZr1

https://t.co/2SLqTc1tit

https://t.co/amOGS8za0i

https://t.co/lDlANOwiv9

Menteri Keuangan Bulan Laut Jawa Senin Maudy Ayunda Menkeu https://t.co/cbWZKCdmq3",tweet,96,,0,0
https://x.com/ajiprastianto/status/2099510905302327536,X/Twitter,ajiprastianto,47,47,"Syakirah yang lagi viral 

https://t.co/2q0HYOFZr1

https://t.co/2SLqTc1tit

https://t.co/amOGS8za0i

https://t.co/lDlANOwiv9

Menteri Keuangan Bulan Laut Jawa Senin Maudy Ayunda Menkeu https://t.co/H0OJee2Ic6",tweet,289,,0,0
https://x.com/WidianAnjas/status/2099510287389053134,X/Twitter,WidianAnjas,61,61,"Ukhti viral yang lagi banyak dicari kan?

https://t.co/xI0musPYqm

https://t.co/gwfjbPqjJC

https://t.co/L1K6LQAcKm

https://t.co/fmfnYmfrvK

Menteri Keuangan Bulan Laut Jawa Senin Maudy Ayunda Menkeu https://t.co/ukzfUEPS39",tweet,101,,0,0
https://x.com/WidianAnjas/status/2099509829102690379,X/Twitter,WidianAnjas,61,61,"Ukhti tiktokers hijab viral main di mobil 

https://t.co/xI0musPYqm

https://t.co/gwfjbPqjJC

https://t.co/L1K6LQAcKm

https://t.co/fmfnYmfrvK

Menteri Keuangan Bulan Laut Jawa Senin Maudy Ayunda Menkeu https://t.co/qdQgDiIPVi",tweet,200,,0,0
https://x.com/WidianAnjas/status/2099509721250369651,X/Twitter,WidianAnjas,61,61,"Syakirah yang lagi viral 

https://t.co/xI0musPYqm

https://t.co/gwfjbPqjJC

https://t.co/L1K6LQAcKm

https://t.co/fmfnYmfrvK

Menteri Keuangan Bulan Laut Jawa Senin Maudy Ayunda Menkeu https://t.co/31KZDxtYD0",tweet,338,,0,0
https://x.com/WidianAnjas/status/2099509532259176950,X/Twitter,WidianAnjas,61,61,"Bocil handuk putih viral 

https://t.co/xI0musPYqm

https://t.co/gwfjbPqjJC

https://t.co/L1K6LQAcKm

https://t.co/fmfnYmfrvK

Menteri Keuangan Bulan Laut Jawa Senin Maudy Ayunda Menkeu https://t.co/niRHTdbG0T",tweet,94,,0,0
https://x.com/AyyaMONICA/status/2099509144571290043,X/Twitter,AyyaMONICA,1733,1733,"Tai bgt maudy ayunda

Kalo ga punya empati mending diem",tweet,22,,0,0
https://x.com/cuankiepusdaii/status/2099508372089536819,X/Twitter,cuankiepusdaii,829,829,"Mba Maudy Ayunda izin bertanya, ini kan lagi kemarau tuh sebagain daerah susah air termasuk di rumah saya. Mba Maudy pernah mancing sanyo gak biar airnya keluar? Perkara gitu aja belum selesai mba apalagi mindfulness...",tweet,147,,0,0
https://x.com/8hoshis/status/2099507813034930387,X/Twitter,8hoshis,337,337,"bencana banyak, ada kapal hilang, satu pulau masih kebakaran dan lu pada disini ngatain anak maganghub karena digaji layak dan setuju2 aja rezim ini bangun data center. im not in the privilege to do so bcs im actually living the bad news but i understand maudy ayunda idk :/",tweet,312,,0,0
https://x.com/RatuNis4/status/2099507735561994359,X/Twitter,RatuNis4,103,103,Wowo | Menteri Keuangan | Plan B | Ibu Zubaidah | Jhon Herdman | IHSG  | Cabang Musabaqoh | Purbaya | Senin | Suahasil Nazara | Menkeu | Rangga | Venus | Maudy Ayunda | LPDP | Laut Jawa | Al-Qur'an | KM Virgo Transport 8 | Carrik | Lawan 10 | Bulan,tweet,268,,0,0
https://x.com/kutudoraemon/status/2099507410935451984,X/Twitter,kutudoraemon,373,373,"kasusnya maudy ayunda tuh sama kayak tahun lalu si diera nathania, kalo gue pikir pikir sih ya",tweet,55,,0,0
https://x.com/QueenjisooSsi/status/2099507363682414653,X/Twitter,QueenjisooSsi,142,142,jujur masih jd my biggest heartbreak dan duka hati gua yg terdalam dipimpin sm rezim yg dzolim bgt ini. gue udh bukan cm terdampak bad news kaya yg maudy ayunda bilang tp gua LITERALLY LIVING ON IT. semoga Allah make easier for us rakyat indo for everything we face rn,tweet,26,,0,0
https://x.com/agehmraa/status/2099507183335718955,X/Twitter,agehmraa,1193,1193,"Timeline gua isinya udah cakep cakep semua, semoga cakep tapi ga tone deaf kaya Maudy Ayunda yaa",tweet,177,,0,0
https://x.com/moakler182/status/2099507183033766343,X/Twitter,moakler182,206,206,"timeline bobolaan aing tilem ku berita Maudy Ayunda jeung guru boti. Ieu pengalihan isu naon sih? eta menteri BGN capruk deui ajig. Goblog kieu, negara naon sih asa rudet pisan",tweet,27,,0,0
https://x.com/Lik_Malik/status/2099506676353355797,X/Twitter,Lik_Malik,255,255,@dosenkesmas Sumpah ya Maudy ayunda yang vlog nya gue ikutin dulu karya nya gue ikutin dulu sekarang kena rujak netizen se konoha raya is not my bingo card. Tapi jujur gue pun kecewa sampe gue ulang ulang tuh videonya duh kenapa mba?,tweet,2540,,0,0
https://x.com/Rianihalim78/status/2099506644090806385,X/Twitter,Rianihalim78,34,34,"Anak Durhaka di Sunggal Ancam Ortu Gegara Kecanduan Narkoboy, Nangis Ditangkap Polisi
==
Menteri Keuangan Purbaya Maudy Ayunda #AADCShortFilm https://t.co/bX11wtIADJ",tweet,2641,,0,1
https://x.com/himemakimaw/status/2099506565992644987,X/Twitter,himemakimaw,4,4,"Maudy Ayunda tone deaf final boss dari dulu juga perkara pendidikan, ciuh dsr org2 ga napak tanah",tweet,34,,0,0
https://x.com/Rianihalim78/status/2099506516189729006,X/Twitter,Rianihalim78,34,34,"KM Virgo Transport 8 Hilang Kontak. Polri bergerak memperkuat SAR di perairan Tanjung Selatan,Kalimantan Selatan.
==
Menteri Keuangan Purbaya Maudy Ayunda #AADCShortFilm https://t.co/hoJkSgmhg1",tweet,1059,,0,0
https://x.com/awanggue/status/2099506462137655632,X/Twitter,awanggue,19,19,setelah menonton full video maudy ayunda terbaru kesimpulan saya cuma 1.,tweet,22,,1,0
https://x.com/shimmermistt/status/2099506159741022358,X/Twitter,shimmermistt,11030,11030,"Dari Maudy Ayunda kita belajar, bahwa nggak semua orang punya empati yang sama, ada yang lebih sibuk menjaga inner peace daripada melihat keadaan sekitar~~",tweet,158,,0,0
https://x.com/atokdalangs4/status/2099505672421589166,X/Twitter,atokdalangs4,2691,2691,"Pernah dengar nggak pepatah kalau jalan menuju kehancuran kadang justru dibangun dari niat yang baik?

Kasus Maudy Ayunda yang dihujat habis-habisan gara-gara konten mindfulness-nya mungkin salah satu contoh paling nyata. Niatnya mungkin memang mau jadi penyembuh di tengah krisis, tapi yang terjadi malah dianggap antagonis sama masyarakat akar rumput.

Kalau dibedah lebih jauh, ini bisa dilihat sebagai jebakan Privilege Blindness.

Kalau lihat isi videonya, Maudy sebenarnya lagi pakai sudut pandang Stoikisme: matiin HP, saring berita buruk, dan jaga kewarasan dari hal-hal yang memang nggak bisa kita kontrol.

Secara teori, nasihatnya terdengar masuk akal.

Masalahnya, nasihat itu datang dari tempat yang mungkin terlalu jauh dari realita sebagian besar masyarakat. Di mana “krisis negara” cuma jadi deretan berita di layar, bukan ancaman kelaparan atau kehilangan tempat tinggal yang dirasain langsung.

Di sinilah letak patahan empatnya.

Nyuruh orang sabar, atur napas, dan puasa scroll medsos memang gampang kalau ngomongnya sambil rebahan nyaman di rumah aman, kasur empuk, dan stok makanan selalu tersedia 😭

Buat orang yang hidupnya serba aman, tombol log out mungkin bisa jadi perisai.

Tapi buat masyarakat bawah, berita buruk itu bukan sekadar berita. Itu bagian dari realita hidup yang nggak bisa di-skip.

Ini juga yang bikin banyak netizen ngamuk.

Masalah hidup-mati masyarakat akhirnya dikecilkan jadi sekadar “konten negatif” yang bikin mood rusak.

Padahal bad news yang dimaksud bisa berupa asap kebakaran hutan di Kalimantan, bencana yang terus memakan korban, sampai uang pajak yang seharusnya dipakai buat fasilitas publik tapi malah dikorupsi.

Buat kelas pekerja, itu bukan cuma berita. Itu perjuangan sehari-hari buat bertahan hidup.

Di era kapitalisme yang makin absurd, konsep mindfulness juga bisa aja dibajak jadi alat buat meredam kemarahan publik.

Masyarakat yang paru-parunya penuh asap dan hidupnya dipersulit birokrasi korup malah disuruh “fokus ke diri sendiri” dan “berdamai dengan keadaan”.

Rasanya kayak ngasih plester ke orang yang lagi pendarahan hebat.

Stoikisme yang harusnya jadi alat buat menghadapi masalah malah bisa berubah jadi obat bius yang cuma bikin rasa sakitnya nggak terasa.

Maudy mungkin nggak jahat. Bisa jadi dia cuma mengalami kebutaan sosial karena hidup dari lingkungan yang sangat privileged.

Tapi dampaknya tetap bisa fatal.

Ketika edukasi mental health disampaikan tanpa melihat kesenjangan kelas dan penderitaan struktural, nasihat yang tadinya positif bisa berubah jadi toxic positivity.

Bukannya bikin orang merasa dipahami, malah bisa bikin mereka merasa disalahkan atas penderitaan dan kemiskinan mereka sendiri.

Menjaga kesehatan mental di tengah sistem yang berantakan memang hak semua orang.

Tapi jangan sampai mindfulness malah jadi tameng buat cuci tangan dari dunia yang lagi terbakar di luar sana.

Karena empati bukan cuma soal menyuruh orang ikhlas dan berdamai dengan penderitaan.

Kadang empati juga berarti mau turun ke bumi dan ikut melawan sumber penderitaan itu sendiri.

Menurut kalian, wajar nggak publik marah sama nasihat kayak gini?

Atau sebenarnya netizen aja yang terlalu sensitif?

Tulis pendapat kalian di komentar 👇",tweet,2585,,1,16
https://x.com/Rianihalim78/status/2099505606956913120,X/Twitter,Rianihalim78,34,34,"5 Bungkus plastik Kemasan Teh China Warna hijau dilapisi bublewrap ditemukan di dalam Ban Serap, dengan berat Brutto ± 5 Kg jaringan narkoboy lintas Provinsi tertangkap
==
Menteri Keuangan Purbaya Maudy Ayunda #AADCShortFilm https://t.co/bSXYWj94Vw",tweet,1092,,0,0
https://x.com/ariva_ymna/status/2099505556579082704,X/Twitter,ariva_ymna,38,38,maudy ayunda gal gadot nya indonesia🥰🥰,tweet,41,,0,0
https://x.com/portofoliopy/status/2099505471539609890,X/Twitter,portofoliopy,28,28,Maudy ayunda vcs senin malam tidur pagiii sarapan pagii https://t.co/3k9Kfz9AuP,tweet,1013,,1,28
https://x.com/MidwestSky99/status/2099505114348396606,X/Twitter,MidwestSky99,240,240,Maudy ayunda suka banget sama daechang yah,tweet,83,,1,0
https://x.com/azuRra_dN/status/2099505026876182826,X/Twitter,azuRra_dN,1056,1056,"Sehat sehat semua petugas yg memadamkan api Karhutla
==
Menteri Keuangan Purbaya Maudy Ayunda #AADCShortFilm https://t.co/N7vVqkKLk7",tweet,1804,,0,0
https://x.com/azuRra_dN/status/2099504794356617664,X/Twitter,azuRra_dN,1056,1056,"Plenger !
==
Menteri Keuangan Purbaya Maudy Ayunda #AADCShortFilm https://t.co/cpLYeaEDKq",tweet,6378,,0,0
https://x.com/cuttieskoo/status/2099504705005404530,X/Twitter,cuttieskoo,153,153,ternyata gw udah blok maudy ayunda di ig,tweet,55,,0,0
https://x.com/pinkeupeu/status/2099504640639615185,X/Twitter,pinkeupeu,337,337,Senin malam maudy ayunda vcs tidur pagii sarapan pagiii https://t.co/1445oxPaV6,tweet,4148,,0,31
https://x.com/pink_gomm/status/2099504623212200013,X/Twitter,pink_gomm,131,131,"I love twitter💗 can always count on twitter for always being a hater 💗 in less than a week i see juicy lucy, maudy ayunda, raline shah getting jumped💗 i love you all for it😍 can we get dian sastro and nicsap next💗",tweet,141,,0,0
https://x.com/Novemberssrain/status/2099504598717538308,X/Twitter,Novemberssrain,758,758,"Hari ini timeline gw lagi bahas Mindfulness in the age of Bad News - Maudy Ayunda. Sebenarnya opini dia gk ada yg salah, tapi dengan keadaan negara yg sekarang ""Bad News"" yang dia sebut bisa jadi bad reality yang ada di beberapa orang, makannya bisa jadi nirempati or tone deaf",tweet,47,,0,0
https://x.com/ConnieH64760766/status/2099504471558799722,X/Twitter,ConnieH64760766,308,308,"adik kakak main kuda kudaan 
https://t.co/2D9RPsqnwN

https://t.co/3lPouSsQST

https://t.co/IbzbHp1zSW

https://t.co/TqssCiuujx
 
Menteri Keuangan Bulan Laut Jawa Senin Maudy Ayunda Menkeu https://t.co/Oi0GpDCppM",tweet,11443,,4,0
https://x.com/azuRra_dN/status/2099504390117962026,X/Twitter,azuRra_dN,1056,1056,"Polri terus memperkuat operasi Search and Rescue (SAR) dalam penanganan insiden hilang kontak dan tenggelamnya KM Virgo Transport 8 di perairan Tanjung Selatan, Kalimantan Selatan, sekitar Pulau Masalembu. 
==
Menteri Keuangan Purbaya Maudy Ayunda #AADCShortFilm https://t.co/REzR9l9rat",tweet,852,,0,0
https://x.com/ConnieH64760766/status/2099504292973736293,X/Twitter,ConnieH64760766,308,308,"hijab cantik main di ruang tamu 
https://t.co/2D9RPsqnwN

https://t.co/3lPouSsQST

https://t.co/IbzbHp1zSW

https://t.co/TqssCiuujx
 
Menteri Keuangan Bulan Laut Jawa Senin Maudy Ayunda Menkeu https://t.co/2bD9IoUHO8",tweet,3135,,0,0
https://x.com/pinkeupeu/status/2099503732987998300,X/Twitter,pinkeupeu,337,337,Maudy ayunda vcs senin malam tidur pagiii sarapan pagii https://t.co/IuynRisSCU,tweet,2411,,0,29
https://x.com/notyoursbebi/status/2099503544441389470,X/Twitter,notyoursbebi,4,4,cape bgt liat bad news indonesa karena sambil ngalamin jg (bukan maudy ayunda),tweet,21,,0,0
https://x.com/pinkeupeu/status/2099503470781091840,X/Twitter,pinkeupeu,337,337,Senin malam maudy ayunda vcs tidur pagii sarapan pagiii https://t.co/3fRjK9zGP1,tweet,3319,,0,2
https://x.com/hsnsh_1997/status/2099503318943031423,X/Twitter,hsnsh_1997,3232,3232,"Sindikat Peredaran S4bu Pakai Senjata Api Ditangkap di Paluta
==
Menteri Keuangan Purbaya Maudy Ayunda #AADCShortFilm https://t.co/P78gJGazbS",tweet,802,,0,0
https://x.com/ana_010704/status/2099503204862140542,X/Twitter,ana_010704,19,19,"numpang cas ke kamar kakak ipar 
https://t.co/fcyEi0uoK1

https://t.co/c53szoRN8l

https://t.co/JhLwYZRRZA

https://t.co/2bOpOE19CD
 
Menteri Keuangan Bulan Laut Jawa Senin Maudy Ayunda Menkeu https://t.co/YmJSH24CVh",tweet,228,,0,0
https://x.com/hsnsh_1997/status/2099502692259573942,X/Twitter,hsnsh_1997,3232,3232,"TERUNGKAP!!
 Peredaran Gelap Nark*otika Jenis S4*bu Jaringan MEDAN-JAKARTA-SURABAYA- LOMBOK .
==
Menteri Keuangan Purbaya Maudy Ayunda #AADCShortFilm https://t.co/eVr6CXUC3Z",tweet,145,,0,0
https://x.com/ana_010704/status/2099502551137919204,X/Twitter,ana_010704,19,19,"prank ojol sama ukhtie
https://t.co/fcyEi0uoK1

https://t.co/c53szoRN8l

https://t.co/JhLwYZRRZA

https://t.co/2bOpOE19CD
 
Menteri Keuangan Bulan Laut Jawa Senin Maudy Ayunda Menkeu https://t.co/ieYCNKqCJo",tweet,179,,0,0
https://x.com/lozpeis/status/2099502539754622999,X/Twitter,lozpeis,108,108,"WINDA CANN
https://t.co/xzVqBZKdDK

INDRI TIKTOK
https://t.co/Id6epAyoev

DEPI BLUNDER
https://t.co/TcW7EypyCf

Bokeplokal Terabox Viral VCS Senin Menteri Keuangan Bulan Maudy Ayunda https://t.co/gKEWRZC7kr",tweet,728,,0,0
https://x.com/hsnsh_1997/status/2099502352541835273,X/Twitter,hsnsh_1997,3232,3232,"Polres Ciamis Ungkap Penjualan Minuman Beral*kohol Tanpa Izin, Amankan 1.200 Botol
==
Menteri Keuangan Purbaya Maudy Ayunda #AADCShortFilm https://t.co/K5pB7ZiH6V",tweet,1699,,0,0
https://x.com/hsnsh_1997/status/2099501925800759317,X/Twitter,hsnsh_1997,3232,3232,"SARANG SCAMMING DIBONGKAR! Imigrasi &amp; Polisi Tangkap 31 WNA Malaysia-Taiwan di Pontianak!
==
Menteri Keuangan Purbaya Maudy Ayunda https://t.co/FdnltQQoYs",tweet,95,,0,0
https://x.com/indra_kencana/status/2099501455174721936,X/Twitter,indra_kencana,1177,1177,Maudy ayunda pernah masukin motor ke ruang tamu?,tweet,183,,0,0
https://x.com/nagetkenjler/status/2099501314560667767,X/Twitter,nagetkenjler,218,218,"Itulah gue kenala ga terlalu suka orang2 yang terlahir silver spoon kek maudy ayunda. Gue tau orang tua mau yang terbaik buat anaknya, tapi yang kaya gini biasanya super tone deaf, gak napak tanah. Very annoying.",tweet,55,,0,0
https://x.com/ciaodru/status/2099501303458349301,X/Twitter,ciaodru,13,13,Maudy Ayunda bisa tidur gak ya malam ini?,tweet,10,,0,0
https://x.com/KapudS640/status/2099501115113185696,X/Twitter,KapudS640,22070,22070,Wajar kalau kalian nggak relate sama pemikiran Maudy Ayunda. Masalah hidup dia aja mentok-mentok soal roti yang terlalu sehat 😭 https://t.co/nwc5ay6bR4,tweet,43703,,7,35
https://x.com/myseontaek/status/2099500706566955102,X/Twitter,myseontaek,249,249,jujur itu maudy ayunda aneh bgt si wkwk malah makin ngeliatin kl dia tuh orgnya ignorant ternyata,tweet,40,,0,0
https://x.com/almoondlatte/status/2099500462223532454,X/Twitter,almoondlatte,32,32,maudy ayunda ih…,tweet,48,,0,0
https://x.com/vayewebster/status/2099500135327973588,X/Twitter,vayewebster,39,39,omg dipikir pikir kita udah sampe di era maudy ayunda di hate 1 indo,tweet,54,,1,0
https://x.com/whimssically/status/2099500113874043201,X/Twitter,whimssically,12,12,@kimgarambf iya tapi kan seorang maudy ayunda alpukat dan rotinya yang mahal btw,tweet,60,,1,0
https://x.com/dzakdelarocha/status/2099500087714160895,X/Twitter,dzakdelarocha,1787,1787,maudy ayunda main film judulnya eternal sunshine of the spotless mindfulness,tweet,405,,0,0
https://x.com/fakhrualong/status/2099499776165220523,X/Twitter,fakhrualong,771,771,"Podcast Pancatera &amp; opini terbaru Maudy Ayunda nilainya sama?

Orang yg ditinggal di atas menara gading dgn segala privilege-nya sedang mengajari cara resiliensi rakyat yg hidup di ambang ketidakpastian keamanan, kenyamanan, &amp; kesejahteraan hidup di negara megalomania.",tweet,76,,0,0
https://x.com/cviexrs/status/2099499739473739988,X/Twitter,cviexrs,104,104,"KIARA PACAR BONDOL
https://t.co/Bwh79GCK0X

BEBYFERIOSA
https://t.co/pxAr4G2EUN

MOMI ITHA
https://t.co/Ue2LjYOsKy

Bulan Viral VCS Bokeplokal Maudy Ayunda Wowo https://t.co/sjxVvmVTNn",tweet,554,,1,0
https://x.com/nevkko/status/2099499503799935285,X/Twitter,nevkko,137,137,"Dari dulu tuh emang ga sreg sama Maudy Ayunda ya. Emang guenya aja sih yang ga suka, ga ada alasan. Tapi emang ga pernah bilang ke siapapun dan sengaja berghibah tentang dia. Terus makin kesini makin ga suka. 😅
Abis ini gue mute words dah.",tweet,27,,0,0
https://x.com/ultimaggnar/status/2099499253400060168,X/Twitter,ultimaggnar,103,103,@sepatusalju Gara2 Maudy Ayunda aja pada engagement farming. Kalo gw yg ngomong jg kagak ada yg peduli.,tweet,526,,0,0
https://x.com/whatevehhh_/status/2099499240510902569,X/Twitter,whatevehhh_,4,4,"2 kejadian dalam 1 hari, maudy ayunda plenger and purbaya dicopot jabatan",tweet,44,,1,0
https://x.com/mxozer/status/2099499128086802751,X/Twitter,mxozer,105,105,"ADELINE LINGERIE
https://t.co/r54CeRrP9j

LAW PAMER UTING
https://t.co/CipNyiBQTV

SHIFA SALSABILA TOBRUT
https://t.co/YUC3tL4wQN

Bokeplokal Wowo Bulan Laut Jawa Maudy Ayunda https://t.co/gKMIhsKKBQ",tweet,883,,0,0
https://x.com/ovullent/status/2099498964777082940,X/Twitter,ovullent,280,280,"Salfokk sama adek temannya lebih cakep 

https://t.co/unxXwuTXYr

https://t.co/htUznkU8Y2

https://t.co/qNpgbNnTly

https://t.co/UapCkmYeNs

https://t.co/pd9NUUTLc2

Senin Lawan 10 Viral purbaya menteri keuangan LPDP rangga Maudy Ayunda IHSG peran aktif Indonesia https://t.co/9gop0x9AHW",tweet,14073,,20,0
https://x.com/bukankimpul/status/2099498776054669676,X/Twitter,bukankimpul,39,39,"jujur gw triggered bgt sih sm statement maudy ayunda ini, pdhl gw cm terdampak kecil aja (abu vulkanik). kayak wow it must've been so comfortable living in your own bubble, yg semuanya udah terprovide sampe2 bisa bilang semua yg terjadi belakangan cuma ""bad news""",tweet,54,,1,0
https://x.com/spearsparkles/status/2099498651303440593,X/Twitter,spearsparkles,19,19,"Rp. 5.000 saldo dapet pas install apk shopeepay dengan pake kode :

FF6JWV5WP

Caranya:
Upgrade ke shopee pay plus, login dengan akun shopee dan masukin kode referral tsb.

maudy ayunda promo diskon serba seribu qris, voucher token listrik, bpjs menteri keuangan laut jawa",tweet,101,,0,0
https://x.com/vxemric/status/2099498505761157602,X/Twitter,vxemric,115,115,"DESPITA WOT BINAL 
https://t.co/lDgnnyIwZZ

GATTOUZO PART 2 
https://t.co/cc30LywkU8

OME TV BARBAR 
https://t.co/wrvDVHWUDF

Bokeplokal VCS Menteri Keuangan Laut Jawa Maudy Ayunda https://t.co/oC0piulei2",tweet,1769,,0,0
https://x.com/rexddys/status/2099498283882492161,X/Twitter,rexddys,111,111,"GATTOUZO PART 2 
https://t.co/Jmx0yp4Ngj

OME TV BARBAR 
https://t.co/Xdhbspecn1

BOKEPLOKAL 
https://t.co/dS3yf3SqsW

Menteri Keuangan Maudy Ayunda Laut Jawa Bokeplokal VCS https://t.co/MJTKoH4g4m",tweet,1374,,1,0
https://x.com/ovullent/status/2099498093091958785,X/Twitter,ovullent,280,280,"Syakira berulah lagi 

https://t.co/unxXwuUvNZ

https://t.co/htUznkUGNA

https://t.co/qNpgbNorb6

https://t.co/UapCkmYMD0

https://t.co/pd9NUUUj1A

Senin Lawan 10 Viral purbaya menteri keuangan LPDP rangga Maudy Ayunda IHSG peran aktif Indonesia https://t.co/XcQCIKVG2g",tweet,6765,,6,0
https://x.com/clxaros/status/2099498050230304830,X/Twitter,clxaros,103,103,"OME TV BARBAR 
https://t.co/9QpS37bmVS

BOKEPLOKAL 
https://t.co/Vws7OOrbP8

INDO VIRAL
https://t.co/7M9GKeps33

Laut Jawa Menteri Keuangan Maudy Ayunda Bokeplokal https://t.co/KjXWKMsuZW",tweet,1329,,0,0
https://x.com/ovullent/status/2099497794826584107,X/Twitter,ovullent,280,280,"Adik kakak main di hutan 

https://t.co/unxXwuUvNZ

https://t.co/htUznkUGNA

https://t.co/qNpgbNorb6

https://t.co/UapCkmYMD0

https://t.co/pd9NUUUj1A

Senin Lawan 10 Viral purbaya menteri keuangan LPDP rangga Maudy Ayunda IHSG peran aktif Indonesia https://t.co/5rsZIFSK2S",tweet,4447,,0,0
https://x.com/MProgMedia/status/2099497387832283473,X/Twitter,MProgMedia,1017,1017,"Lagi heboh nih Maudy Ayunda dikritik karena mengajak audiensnya untuk belajar bersikap 'mindful' di tengah berbagai kabar buruk yang menerpa..

Mindful itu bukan berarti  menghindari kabar buruk, tapi justru bersikap 'mindful' alias sadar atas permasalahan struktural! https://t.co/GNqViNIw59",tweet,2746,,3,20
https://x.com/IOS_GrizlyWolf/status/2099497236644127124,X/Twitter,IOS_GrizlyWolf,1158,1158,Why is Maudy Ayunda so happy and laughing when she hears about exams? Does she think they’re easy? Not everyone is happy about exams; studying for them can make people feel insecure and afraid. https://t.co/m7lzcbSSMc,tweet,16046,,4,5
https://x.com/claudyawest/status/2099497223180710254,X/Twitter,claudyawest,1135,1135,"Maudy Ayunda needs to be clearer about “watch inspiring documentaries” as way to filter bad news because last time people went watching inspiring documentary, tiba2 dibubarin aparat.",tweet,51,,0,0
https://x.com/toziqu/status/2099496946948018195,X/Twitter,toziqu,138,138,"BOKEPLOKAL ASIA DRAMA VIRAL TERBARU

1.Hijab Pink viral
https://t.co/xCRd1k4ner

2.ABG HIJAB CAKEP
https://t.co/GEGYlMP0zS

3.Tukang Cilok Viral
https://t.co/B0gSCjjPN2

wowo videy terabox rangga maudy ayunda purbaya senin suhasil nazara venus senin https://t.co/FBlRoytCoV",tweet,5406,,2,0
https://x.com/necixto/status/2099496167759556720,X/Twitter,necixto,107,107,"DRAMA ASIA 
https://t.co/oiT6Ua2sqf

INDO PERCAKAPAN 
https://t.co/8ZrIS2Ph5n

DESPITA SELEBGRAM 
https://t.co/l5J9IbQghk

Maudy Ayunda Menteri Keuangan bOKEPLOKAL vcs https://t.co/WVzldkrl1U",tweet,693,,0,0
https://x.com/s4lssss/status/2099496158771265979,X/Twitter,s4lssss,147,147,guysss maudy ayunda knp sih??? screen time gue kurang gr gr sibuk apply loker😭,tweet,62,,1,0
https://x.com/angelichris/status/2099495107028496659,X/Twitter,angelichris,408,408,"@sakuinmypocket Ga akan bisa kebayang karena Maudy Ayunda kalo beneran kebanjiran begini pun tinggal nginep di hotel 1-2 bulan sambil hire orang buat bersihin lumpur di rumahnya.

Kasur dll ya tinggal beli lagi.",tweet,523,,0,0
https://x.com/cruffinv/status/2099494942494146806,X/Twitter,cruffinv,132,132,"Biksu Thailand yang lagi viral 

https://t.co/Pvjq8U30IH

https://t.co/hGFlKISH79

https://t.co/qC2l7LapT5

https://t.co/KnumHVk59W

https://t.co/bVQxkPIbQV

Senin Lawan 10 Viral purbaya menteri keuangan LPDP rangga Maudy Ayunda IHSG peran aktif Indonesia https://t.co/kwSO4WF9yT",tweet,3396,,0,0
https://x.com/fxalint/status/2099494902082179554,X/Twitter,fxalint,118,118,"KOLEKSI TUDUNG 
https://t.co/6cH36eHdiG

JAPAN FULL 
https://t.co/Ab3yJ46X4m

BTR RACHEL 
https://t.co/m93TCnqSJg

Plan B Bokeplokal Viral Maudy Ayunda https://t.co/KnsdBD7hjl",tweet,915,,0,0
https://x.com/diotherguy/status/2099494535416140112,X/Twitter,diotherguy,663,663,live long enough to see maudy ayunda getting cancelled,tweet,173,,1,0
https://x.com/lambungsumatra/status/2099494532220108995,X/Twitter,lambungsumatra,9,9,apakah kontroversi maudy ayunda digunakan untuk menyetir perhatian masyarakat dari pemecatan express Menkeu..,tweet,52,,0,0
https://x.com/staywithsnows_/status/2099494437894365423,X/Twitter,staywithsnows_,343,343,"Hey Maudy Ayunda gunakanlah palfrom besar &amp; privilege mu itu agar lebih bijak dan lebih peduli. Jujur speechless, sekolah tinggi2 di LN menjadi tdk ada artinya jika logika berpikirmu tdk berpijak pada bumi realitas yg merasakan. 😔",tweet,44,,0,0
https://x.com/IOS_GrizlyWolf/status/2099494278795850042,X/Twitter,IOS_GrizlyWolf,1158,1158,The presence of people from Harvard and Oxford made Maudy Ayunda lack the confidence to attend Oxford; she found it difficult to process that discouraging news within her environment. https://t.co/UXgwN8dFVL,tweet,10658,,0,2
https://x.com/archiveofpoem/status/2099494155626127727,X/Twitter,archiveofpoem,154,154,"So mindfulness is not the (only) solution, dear Maudy Ayunda.",tweet,448,,1,0
https://x.com/itstinks_/status/2099493559129051591,X/Twitter,itstinks_,2912,2912,"Buka baru buka x lg, tiba2 rame bgt pak purbaya di copot😭 trs tiba2 maudy ayunda tone deaf 😭 terlalu dar der dor ini beritanya",tweet,96,,0,0
https://x.com/flowrloeyy/status/2099493518519792107,X/Twitter,flowrloeyy,17,17,sdh ada di titik seorang maudy ayunda blunder💔,tweet,47,,0,0
https://x.com/hyrageus/status/2099493425540374994,X/Twitter,hyrageus,24,24,@erlanishere Rencana kontribusinya maudy ayunda apaan ya,tweet,1689,,0,0
https://x.com/belinsnothere/status/2099492933200441819,X/Twitter,belinsnothere,13,13,"aduh maudy ayunda bnr"" lu🤦🏻‍♀️",tweet,42,,0,0
https://x.com/brigittasiw/status/2099492871112204744,X/Twitter,brigittasiw,1065,1065,Di Threads ada yang bilang Maudy Ayunda mending join Pancatera 😂😂😂,tweet,61,,0,0
https://x.com/mohammadnfrzn/status/2099492653469774308,X/Twitter,mohammadnfrzn,209,209,"Berita yg masuk ke otakku hari ini:
1. Awkarin pengen nikah ama bule buat memperbaiki keturunan.
2. Maudy Ayunda diserang netizen gara-gara tone deaf.
3. Ada kepala SPPG keracunan setelah nyicipin masakan SPPG-nya sendiri.
4. Purbaya dicopot dari jabatan Menkeu.

Ada tambahan?",tweet,116,,1,0
https://x.com/lokerokero/status/2099492140300869903,X/Twitter,lokerokero,16,16,lah gue ya dri dulu sensi maudy ayunda penerima lpdp walau beasiswa buat org berprestasi ya dia kan udh rich af ngapain diterima jir 🤣gue nggak mempertanyakan apakah dia pintar atau layak secara akademik. gw mempertanyakan sense of rensponsibility yang sudah privileged ketika—,tweet,62,,1,0
https://x.com/Vannxez/status/2099491761957876122,X/Twitter,Vannxez,1333,1333,"mba Maudy ayunda.. mindfulness itu tntang kesadaran penuh bukan pembenaran untuk bersikap apatis trhadap krisis sosial, ngajak audiens mematikan rasa trhadap krisis di saat pemerintah pasif justru memperlemah solidaritas publik mba,
​ada perbedaan besar antara menjaga kesehatan mental dan memilih acuh tak acuh krna hidup sendiri udah aman dan nyaman",tweet,124,,1,0
https://x.com/katabuguruuu/status/2099491211191205951,X/Twitter,katabuguruuu,3253,3253,"Difase melihat Maudy Ayunda dirujak.

Katanya mau jadi guru ya?
Sini Mbaa ke sekolah Ibu.
Sedang kekurangan guru Bahasa Inggris

Probation 3 bulan.
Honorer dulu ya Mbaaa.",tweet,122,,0,0
https://x.com/Moohd_Ilham/status/2099490873977475194,X/Twitter,Moohd_Ilham,252317,252317,@Salsaadaapanya sayang banget seorang Maudy Ayunda,tweet,2176,,0,0
https://x.com/akuratco/status/2099489593141973377,X/Twitter,akuratco,18724,18724,"Maudy Ayunda buka suara setelah kontennya soal mindfulness di tengah banyaknya kabar buruk menuai perdebatan di media sosial. Ia mengakui ada satu hal yang belum cukup ia bahas, yaitu soal privilese untuk bisa mengambil jarak dari berita.

Dalam komentar yang disematkan di video YouTube-nya, Maudy menyadari tidak semua orang punya pilihan untuk menjauh dari pemberitaan, terutama mereka yang terdampak langsung oleh bencana, kebijakan, maupun persoalan sosial.

""Bisa mengambil jarak dari berita itu sendiri merupakan sebuah privilese. Tidak semua orang punya pilihan itu, terutama ketika apa yang terjadi berdampak langsung pada kehidupan, keluarga, pekerjaan, atau komunitasnya. Aku minta maaf karena bagian ini belum cukup aku refleksikan di videonya,"" tulis Maudy dalam komentar yang disematkan, dikutip Senin (14/9/2026).

Ia menegaskan, pembahasan mindfulness bukan berarti mengajak orang untuk tidak peduli dengan keadaan sekitar. Menurutnya, menjaga kesehatan mental justru bisa membantu seseorang tetap peka, peduli, dan hadir bagi orang lain.

Maudy juga berterima kasih atas kritik dan perspektif dari warganet. Ia mengaku menjadikan masukan tersebut sebagai bahan untuk terus belajar dan mengevaluasi diri.",tweet,137,,0,0
https://x.com/ttaesans/status/2099489575337140413,X/Twitter,ttaesans,277,277,"you don’t have to be as big as maudy ayunda to mock the government, even someone as big as her doesn’t do anything at all",tweet,114,,1,0
https://x.com/after_lune/status/2099488688845844734,X/Twitter,after_lune,178,178,Jujur pusing sm kelakuan prab dan omongan maudy ayunda,tweet,62,,0,0
https://x.com/svargaskara/status/2099488494389534872,X/Twitter,svargaskara,185,185,@ANYWAYSDOLAN Maudy ayunda (new),tweet,133,,0,0
https://x.com/lostprince___/status/2099487488578560470,X/Twitter,lostprince___,28,28,maudy ayunda bener2 tone deaf final boss anjayyy 😭🥀💔,tweet,48,,0,0
https://x.com/hafizh97/status/2099487358999798107,X/Twitter,hafizh97,8690,8690,"Orang Kalimantan yang keadaannya sekarang sering mati listrik, kena kabut asap, bensin abis dan ngantri panjang di SPBU dan juga Krisis Air eh disaranin Mindfulness sama Maudy Ayunda 😭",tweet,649,,7,6
https://x.com/anhtiss/status/2099487313772581142,X/Twitter,anhtiss,5081,5081,"Apa yang kalian pelajari dari kasus maudy ayunda?

1. Touch some grass
2. Punyalah teman. Beneran deh. Biar gak semua hal lu kontenin ke publik.",tweet,62965,,18,466
https://x.com/maineacoon/status/2099487258487431248,X/Twitter,maineacoon,7,7,"@kmkzgrls the girl in the vid is Maudy Ayunda, an Indonesian artist who got a government-funded scholarship to study in the US. people criticized her recent yt vid as tone-deaf toward what’s happening in Indonesia cause she said it's hard to stay mindful while there are people suffering-",tweet,177,,1,0
https://x.com/fedejjude/status/2099486330988396615,X/Twitter,fedejjude,133,133,baru discover masalahnya maudy ayunda😭😭😭😭 gila ya gurl yg lu blg bad news itu ada real people yg ngerasain musibahnya bneran anjggggg,tweet,90,,0,0
https://x.com/ijbolor/status/2099486104869380302,X/Twitter,ijbolor,148,148,me stopping maudy ayunda for making that youtube video https://t.co/TZQFaZUpJz,tweet,835,,1,1
https://x.com/sabzerose/status/2099485745430073773,X/Twitter,sabzerose,1100,1100,Maudy Ayunda when asked what's wrong with Indonesia: https://t.co/QDpnUmFk5V,tweet,356,,0,0
https://x.com/kalderanews/status/2099485458606834010,X/Twitter,kalderanews,1758,1758,Nih....Kontroversi Video Mindfulness Maudy Ayunda dan Privilese Tidak Membumi https://t.co/MW02XoANo0,tweet,45,,0,0
https://x.com/JeniaDwikara/status/2099485061389394360,X/Twitter,JeniaDwikara,583,583,Nyangka ga ya si maudy ayunda malah jadi bad news itu sendiri buat warga Indonesia skrg. Ngeselin soalnya😂,tweet,35,,0,0
https://x.com/lordsheinz/status/2099485053080539648,X/Twitter,lordsheinz,3779,3779,@anggarasamvdr kecewa gue ama maudy ayunda,tweet,59,,0,0
https://x.com/KapudS640/status/2099484903263891457,X/Twitter,KapudS640,22070,22070,"Maudy Ayunda, please deh nggak usah ngomongin mental health dulu.

Kamu nggak pernah hidup susah. Dari kecil sekolah internasional, rumah dan segala isinya dibantu ART, kuliah lanjut ke luar negeri.

Kamu juga nggak pernah ngerasain jadi orang Kalimantan.

Pagi harus antre BBM. Malam mati listrik. Udara sesak karena kebakaran hutan. Mau mandi, air PAM mati. Jalanan rusak parah. Hasil bumi dikeruk habis-habisan, tapi harga sembako malah selangit.

Jadi please, nggak usah ngomongin mental health seolah kondisi sekarang cuma soal gimana kita mengelola pikiran.

Kamu tone deaf. 😭

Sependapat sama Gitasav, ngomongin mindfulness dan mental health rasanya memang nggak relate sama kondisi negara kita sekarang.

Yang kita butuhin saat ini justru suara yang lebih kencang. Biar negara-negara tetangga juga mau ikut bantu memadamkan kebakaran hutan secepat mungkin.

Kita juga bisa terus mendoakan semoga hujan deras turun di seluruh penjuru negeri, khususnya Kalimantan, dan kabut asap pekat ini segera pergi.

Kalau kita bukan korban bencana dan nggak kena dampaknya, terus memilih tutup mata dan diam, itu juga jahat 🥲",tweet,10743,,2,55
https://x.com/cechilious/status/2099484711894851931,X/Twitter,cechilious,425,425,Maudy Ayunda coba bikin ikoy-ikoyan kali aja dimaapin,tweet,21,,0,0
https://x.com/sanczai/status/2099484679149916421,X/Twitter,sanczai,76,76,"You sound just the same as maudy ayunda... Hey ara ara it's not the right time to act all edgy, yg gak miluh 02 didaerah itu gimana ya? Mereka berusaha nyadarin sesamanya sambil lagi mode survival terus disini lu dengan kurang ajarnya bilang ""rasain-rasain""",tweet,97,,1,0
https://x.com/moonsee_03/status/2099484593661632909,X/Twitter,moonsee_03,118,118,"https://t.co/uv78OpCv5a

https://t.co/ugm6r18VmS

https://t.co/1XRAg1Z0uu

https://t.co/5Hi5H6q7Ou",tweet,6109,,0,0
https://x.com/siagoyyisme/status/2099484558718841001,X/Twitter,siagoyyisme,6894,6894,geger! wartawan kompas sedang memasak maudy ayunda sambil merebus mie instan 😭 https://t.co/XJdkDSruUC,tweet,3446,,9,2
https://x.com/C4VZzz/status/2099484069654663442,X/Twitter,C4VZzz,3552,3552,Maudy Ayunda ngomong tentang mental health juga ya? jadi WNI juga udah ngerusak mental health,tweet,90,,0,0
https://x.com/Amiesbaunyaedan/status/2099483789353422903,X/Twitter,Amiesbaunyaedan,9,9,"Senin Rangga
Anaknya Wowo Maudy Ayunda
#AADCShortFilm
#prabowodikttbrics

#penghunirumahwarisan https://t.co/Hsd7S3paXx",tweet,3153,,0,0
https://x.com/AvatarAangy/status/2099483542434861261,X/Twitter,AvatarAangy,683,683,"netizen could’ve dragged r*ffi ahm*d &amp; his friends/family to the pit of hell but instead they pick maudy ayunda as a punching bag, this is why we can’t have nice things",tweet,61,,1,0
https://x.com/medcom_id/status/2099483303292056019,X/Twitter,medcom_id,44797,44797,"Warganet Singgung Beasiswa LPDP Maudy Ayunda Usai Klarifikasi Konten Mindfulness #MedcomID

Klik untuk baca:
https://t.co/jbKjcHKZRf",tweet,132,,0,0
https://x.com/abrr_sr/status/2099483191140827462,X/Twitter,abrr_sr,7,7,"Liat case nya maudy ayunda, sebenernya banyak sekali temen/sekelilig kita yg ky gitu, cuman mereka ga punya 'nama' aja jadi yawis who cares, banyak kok yg skg ky gt tp pelaku gk nyadar dan audiens juga lbh memilih gk peduli karena ga ada nama",tweet,24,,0,0
https://x.com/icukprayogi/status/2099482642634981865,X/Twitter,icukprayogi,6894,6894,"Kalau Maudy Ayunda hidup kere di sebuah desa di Jawa Timur, mungkin dia juga bakal ikutan nanggap sound horeg 🤣",tweet,202,,1,1
https://x.com/RichHealthyFun/status/2099482270805660018,X/Twitter,RichHealthyFun,3050,3050,"Sumpah ya ini rombongan voorijder pejabat militir yang senin 14 sept 19.53 lagi nembus macet drpan RSCM, kremien ya silit lu. Kita semua macet woy ga usah nyelap nyelip minta duluan 😡😡 gue bukan maudy ayunda, ga ada mindful2 an kalo soal begini",tweet,169,,0,0
https://x.com/wnalog/status/2099481635183902726,X/Twitter,wnalog,541,541,"seharian nyimak berita maudy ayunda, indonesia beneran nerapin CANCEL CULTURE ga sih?😶 https://t.co/G5FnLdcXFY",tweet,1653,,2,4
https://x.com/bekalschool/status/2099481331998847062,X/Twitter,bekalschool,197,197,@sehyrui I told y'all.... udah dari kapan maudy ayunda ini tone deaf,tweet,147,,0,0
https://x.com/clittanymurphy/status/2099481081485594823,X/Twitter,clittanymurphy,351,351,maudy ayunda kena goreng is not in my 2026 bingo card,tweet,84,,0,0
https://x.com/deerbaebye/status/2099480653222027480,X/Twitter,deerbaebye,976,976,busettt ini si maudy ayunda keknya lagi digoreng dari netijen sabang sampe merauke 😭 gue buka sosmed pasti post yang bahas dia dan keblunderannya viral 😭,tweet,209,,0,0
https://x.com/icechocolasagna/status/2099480420245225689,X/Twitter,icechocolasagna,80,80,"Hot take about this Maudy Ayunda controversy: imo the hate is too forced,
and this is one of cacat logika paling populer di Indonesia: Strawman Fallacy.

Gw udah nonton full videonya and the message she delivered is distorted by people way too far. 
𝗗𝗶𝗮 𝗴𝗮𝗸 𝗯𝗶𝗹𝗮𝗻𝗴 𝘂𝗻𝘁𝘂𝗸 𝗦𝗧𝗢𝗣 𝗮𝘁𝗮𝘂 𝗯𝗮𝗵𝗸𝗮𝗻 𝗔𝗩𝗢𝗜𝗗 𝗖𝗢𝗡𝗦𝗨𝗠𝗜𝗡𝗚 𝗕𝗔𝗗 𝗡𝗘𝗪𝗦. 𝗝𝘂𝘀𝘁𝗿𝘂 𝘀𝗵𝗲’𝘀 𝗲𝗻𝗰𝗼𝘂𝗿𝗮𝗴𝗶𝗻𝗴 𝘂𝘀 𝘁𝗼 𝗸𝗲𝗲𝗽 𝘂𝗽𝗱𝗮𝘁𝗲𝗱 𝗱𝗮𝗻 𝘀𝗵𝗮𝗿𝗶𝗻𝗴 𝘂𝘀 𝗩𝗘𝗥𝗬 𝗨𝗦𝗘𝗙𝗨𝗟 𝗔𝗡𝗗 𝗣𝗥𝗔𝗖𝗧𝗜𝗖𝗔𝗟 𝗧𝗜𝗣𝗦 𝗛𝗢𝗪 𝗧𝗢 𝗺𝗶𝗻𝗱𝗳𝘂𝗹𝗹𝘆 𝗰𝗼𝗻𝘀𝘂𝗺𝗶𝗻𝗴 𝘁𝗵𝗲 𝘂𝗻𝘀𝘁𝗼𝗽𝗽𝗮𝗯𝗹𝗲 𝗯𝗮𝗱 𝗻𝗲𝘄𝘀 𝘄𝗵𝗶𝗹𝗲 𝗻𝗼𝘁 𝗹𝗼𝘀𝗶𝗻𝗴 𝘆𝗼𝘂𝗿 𝗼𝘄𝗻 𝘀𝗮𝗻𝗶𝘁𝘆 (and you don’t need listening comprehension to know this, probably just a heart not full of hatred)

She’s literally stated, “𝘢𝘱𝘢𝘭𝘢𝘨𝘪 𝘥𝘪 𝘴𝘪𝘵𝘶𝘢𝘴𝘪 𝘴𝘦𝘬𝘢𝘳𝘢𝘯𝘨 (𝘮𝘢𝘬𝘪𝘯 𝘮𝘦𝘮𝘣𝘶𝘳𝘶𝘬), 𝘸𝘦 𝘩𝘢𝘷𝘦 𝘵𝘰 𝘬𝘦𝘦𝘱 𝘶𝘱𝘥𝘢𝘵𝘦𝘥 𝘢𝘣𝘰𝘶𝘵 𝘪𝘵.” 

Iya, mungkin Maudy gak seperfect “vocal influencer” Cinta Laura(?) as you guys want her to be. But tbh she’s not the “tone deaf” person either😂 Kalo lu liat repost an IG-nya itu cukup bejibun soal kebakaran hutan di Kalimantan dan other important issues in Indonesia—lebih dari cukup / even lebih banyak dr orang2 yg make akun pribadinya just for the aesthetics🤗 
she care and she’s aware. probably that’s why she made the video, dia gak nutup mata dan jejali diri dengan bad news itu.

You don’t have to agree with her, tapi at least argue with what she actually said, bukan versi argumen yang kalian bikin sendiri karena lebih gampang buat dihate.

Once again, people are being too cruel to good people and too generous to bad ones.  like pick the right target bruh",tweet,34896,,23,39
https://x.com/alpookatkeruk/status/2099480190351294746,X/Twitter,alpookatkeruk,13,13,woi suruh maudy ayunda take down video nya dia ga!!! malu2in udh diributin se indonesia!!!,tweet,36,,1,0
https://x.com/tarolicious22/status/2099480179089551792,X/Twitter,tarolicious22,4374,4374,"tadi pagi banyak seliweran tentang maudy ayunda yang mindfulness, sorenya ada berita pergantian pak purbaya, nih warga konoha tiap hari gonjang ganjing terus ya. Mana bencana masih ada ya allah kuatkan rakyat indonesia, kecuali yang zalim aamiin",tweet,94,,0,1
https://x.com/ninaninoooooo/status/2099479898419347605,X/Twitter,ninaninoooooo,300,300,"Itulah dampak buruk kalau sering kerasukan. Makanya Maudy Ayunda jadi seperti itu.

*plak*",tweet,49,,0,0
https://x.com/ninok_snow/status/2099478411148493113,X/Twitter,ninok_snow,492,492,"Untuk yg ingin menambahkan, waktu dan tempat dipersilakan

Wowo Purbaya Menyeri Keuangan Suahasil Nazara Maudy Ayunda https://t.co/usFETTrDB9",tweet,725,,1,1
https://x.com/indah_syafitri1/status/2099478206827155699,X/Twitter,indah_syafitri1,304,304,"Dari remake-nya Mahalini,
Konser 40 tahun Kahitna,
Juicy Bagacy, 
Perihal hati yg berubahnya Nadin, 
sampek ke mindfullness-nya Maudy Ayunda. 

Ohhh minggu-minggu yg sibuk",tweet,111,,0,0
https://x.com/ayakobalsalm/status/2099478095933874303,X/Twitter,ayakobalsalm,1998,1998,"Salut, ada aja caranya buat naikkin engagement di saat yang lain ngehujat maudy ayunda atau ngebelain data center",tweet,10755,,5,22
https://x.com/pokoknya_meri/status/2099477649290821727,X/Twitter,pokoknya_meri,115,115,"Nemu postingan bagus di fesnuk tentang Maudy Ayunda, OP alumni beasiswa APBN juga. https://t.co/Z5UOFPAz8p",tweet,792,,1,4
https://x.com/baksotetangga/status/2099477271149162572,X/Twitter,baksotetangga,19,19,"Padahal gue pengen namain anak cewek gue nanti ""Maudy"" biar pinter kayak Maudy Ayunda tapi yeeeeeeeeeeee si kocak",tweet,74,,2,0
https://x.com/PotongFilm_ID/status/2099476976625242115,X/Twitter,PotongFilm_ID,139,139,"Suku Paling Gila Bermain Dengan Nyawa Orang

Judul : APOCALYPTO

Continue to part II @potongfilm_id Help with follows too, guys     

#PenggalanFilm #CuplikanFilm #FYPX #FilmViral #XFilm #AdeganFilm #MovieScene #FilmIndonesia #ViralDiX Maudy Ayunda Wowo Anaknya Diganti Boleh https://t.co/4oRuFqW5Of",tweet,65,,0,0
https://x.com/Jodiepratama10/status/2099476264457580718,X/Twitter,Jodiepratama10,508,508,"Prabowo, Purbaya, Maudy Ayunda.",tweet,58,,0,0
https://x.com/mans62528524/status/2099476087189483603,X/Twitter,mans62528524,145,145,"Senin Purbaya Diganti
Kayanya tdk sejalan MBG 🤣
Hidup Prabowo 
Hidup Jokowi 

Wowo 
Istana
Anaknya
Maudy Ayunda
Boleh 

#IndonesiaGelap https://t.co/louJzhvEzP",tweet,118,,0,0
https://x.com/niyaseaya/status/2099475990997287412,X/Twitter,niyaseaya,148,148,"Bilangin sama Maudy Ayunda, kalo capek baca badnews, langsung cari grup timpa di fesbuk, goodnews semua dah tu",tweet,46,,0,0
https://x.com/AsgarBang40935/status/2099475850588799317,X/Twitter,AsgarBang40935,12,12,"kirain kenapa gitu tiba² Purbaya dicopot, taunya UUD (Ujung-Ujungnya karena DUIT)

Maudy Ayunda https://t.co/QzssW22ck8",tweet,88,,0,0
https://x.com/hiraishin33/status/2099475825662062685,X/Twitter,hiraishin33,972,972,Maudy Ayunda itu cuma anak kemarin sore yang dapat privilege bagus,tweet,71,,0,0
https://x.com/btvidofficial/status/2099475769659625515,X/Twitter,btvidofficial,30327,30327,Maudy Ayunda menyampaikan klarifikasi setelah videonya soal menjaga kesehatan mental di tengah berbagai kabar buruk di Indonesia menuai kritik di media sosial. Maudy mengakui bahwa kemampuan untuk menjauh sejenak dari pemberitaan merupakan sebuah privilege. https://t.co/0gzPRJERhf,tweet,707,,1,0
https://x.com/farhandzikrii/status/2099475488813248879,X/Twitter,farhandzikrii,540,540,seeing maudy ayunda got criticized all over internet never been on my bingo list,tweet,66,,0,0
https://x.com/UseKidd/status/2099475387667669100,X/Twitter,UseKidd,479,479,"Retards dsini kenapa jadi ribut ama konten Maudy Ayunda
katanya ""jgn berantem horizontal""
gajelas ah lu pada🤣",tweet,76,,0,4
https://x.com/imanuel_fl/status/2099475249129795635,X/Twitter,imanuel_fl,3258,3258,"Banyak netizen yang bertanya: kenapa publik cukup berharap kepada Maudy Ayunda untuk bersuara?

Karena Maudy bukan diposisikan sebagai “artis biasa”. Ia tuh alumni PPE Oxford dan penerima beasiswa LPDP. 

Ia membangun citra sebagai figur terdidik, perempuan yang berpikir, dan anak muda yang punya kapasitas bicara soal masa depan bangsa. Maka ketika ia bicara soal krisis sosial-politik, standar publik terhadapnya tentu berbeda.

Masalahnya bukan pada ajakan menjaga kesehatan mental. Istirahat dari arus informasi, membatasi screen time, dan merawat diri adalah hal yang sah. 

Masalahnya ada pada konteks. Ketika anak-anak menghadapi keracunan massal, phk masal, kabut asap, dan kebijakan yang yang ngaco, menyebutnya sekadar “bad news” terasa seperti salah membaca keadaan.

Ini bukan cuma berita buruk. Ini dampak dari kebijakan buruk.

Padahal, sebagai alumni PPE yang mempelajari politik, ekonomi, dan filsafat. Ia seharusnya paham bahwa warga bukan hanya konsumen berita. Warga adalah subjek politik. 

Mereka berhak marah, bertanya, mengawasi, dan menuntut negara memperbaiki kebijakan yang merugikan mereka.

Yang membuat publik kecewa bukan karena Maudy tidak turun langsung memadamkan karhutla atau menulis analisis politik setiap hari. Tidak ada tuntutan seperti itu. 

Yang diharapkan jauh lebih sederhana: gunakan jangkauan media yang besar itu untuk memberi ruang pada suara orang terdampak, menyebut masalahnya dengan tepat, dan tidak menormalisasi sikap pasif ketika publik sedang membutuhkan keberpihakan.

LPDP itu investasi publik dari uang rakyat. Penerima beasiswa tidak berutang budi kepada rezim, tetapi punya tanggung jawab moral kepada masyarakat yang ikut membiayai pendidikan mereka.

Karena itu, ketika seseorang dengan kapasitas, pendidikan, dan puluhan juta pengikut justru mengarahkan publik pada “detoks dari bad news” tanpa cukup menyinggung sumber masalahnya, kritik publik menjadi wajar.

Bukan karena orang membenci Maudy. Tetapi karena orang berharap ia lebih paham dari itu. Udah itu aja.",tweet,332,,0,0
https://x.com/beraniadilhebat/status/2099474681057485147,X/Twitter,beraniadilhebat,1242,1242,@erlanishere Harga diri si Maudy Ayunda udh dibeli min ama pemerintah 😂,tweet,466,,0,0
https://x.com/RichHealthyFun/status/2099474479856713869,X/Twitter,RichHealthyFun,3050,3050,Maudy Ayunda suruh naik 4C jam pulang kantor.  Bis dateng berturut-turut aja depan belakang full. Bisa kali pak ditambah ini armadanya di jam 6-8 malam Senin-Rabu @DKIJakarta https://t.co/L3CccAlUW2,tweet,616,,1,0
https://x.com/ganesharaynaldi/status/2099473413949776247,X/Twitter,ganesharaynaldi,383,383,"Anying, bgst bgt orang2..

Maudy Ayunda mau mindfulness, ya biarin aja..

Lo kalo mau depressed &amp; Desperated, ya jgn marah sama yg mau mindfulness lah, bgst.",tweet,56,,0,0
https://x.com/Solidbackup1/status/2099473369683070979,X/Twitter,Solidbackup1,16,16,"Let’s put it this way

Gue punya duit 5M opsi gue 2 

1. Sekolahin maudy ayunda, stanford GSB, arguably #1 business school in the world
2. Budgetnya gue TAMBAHIN untuk program sekolah daerah 3T (krn alokasi ini sudah ada sblm nya). Tp ni orang2 di 3T ROI ke indonesia nya blm jelas apa

Pertanyaan nya sbg orang yg tujuannya memajukan indonesia akan ambil yg manakah saya? Tentu saja yang #1. Karena menyekolahkan orang yg sudah di level 9, bikin dia ke level 10, akan membuat dampak ke indonesia lebih besar daripada dari level 1 ke 4 

Ini bkn omongan gue ya btw, ini omongan pak Dwi Larso (cek aja doi siapa) 

Jadi intinya apa? Intinya ya mo sekaya apapun orang yg ambil LPDP, kalo objective nya align sm LPDP, ya LPDP ambil dia, bkn karena lo miskin lo jadi dpt privilege 

Dunia emg ga adil, get used to it, kita semua hidup berdasarkan kepentingan 🤣",tweet,84,,1,0
https://x.com/cnbcindonesia/status/2099472731771424829,X/Twitter,cnbcindonesia,236351,236351,"Maudy Ayunda Minta Maaf Usai Konten 'Mindfulness' Dikritik Warganet
https://t.co/eZh3QWa2uA",tweet,770,,0,0
https://x.com/KYN4N4/status/2099472344750403822,X/Twitter,KYN4N4,12,12,@bitterxbeans ayo menjadi maudy ayunda walau dihujat se Indonesia,tweet,129,,1,0
https://x.com/raiyaaw/status/2099471909536821624,X/Twitter,raiyaaw,125,125,"@starsscreamx @ajayfpu iya, soalnya pernah tau maudy ayunda baca buku itu, tapi video lama",tweet,4038,,0,0
https://x.com/earlgreypretzel/status/2099471218575610264,X/Twitter,earlgreypretzel,1451,1451,maudy ayunda bener2 dibayang-bayang frasa 'mindfulness' wkwkkwkw lama2 jadi nama tengah dia tuh Mindfulness,tweet,136,,0,1
https://x.com/pldmrzq/status/2099470931249009005,X/Twitter,pldmrzq,1814,1814,kalo kata maudy ayunda sih stay mindfulness pak @purbaya,tweet,122,,0,0
https://x.com/mjnotmjackson/status/2099470829058973861,X/Twitter,mjnotmjackson,2258,2258,kalimantan udah seburuk ini keadaannya di mata maudy ayunda cm bad news 😔,tweet,108,,0,0
https://x.com/whatevehhh_/status/2099470704228044874,X/Twitter,whatevehhh_,4,4,Wow apakah maudy ayunda akan di cancel culture??,tweet,62,,0,0
https://x.com/ello_thomas/status/2099470634925322649,X/Twitter,ello_thomas,55,55,"Maudy Ayunda... akh 💔

Bener deh sedih",tweet,73,,0,0
https://x.com/GrimmMask/status/2099470474522804266,X/Twitter,GrimmMask,514,514,Ini Maudy Ayunda plant buat pengalihan apa ya,tweet,60,,0,0
https://x.com/3TSALIS/status/2099470412434293121,X/Twitter,3TSALIS,1042,1042,"Y'all glazing Maudy Ayunda too damn much, look at her now",tweet,67,,0,0
https://x.com/sentbysisil/status/2099470178425901407,X/Twitter,sentbysisil,1221,1221,"maudy ayunda alumni lpdp, yg dibawa kesini malah oppak korea",tweet,93,,0,0
https://x.com/Catherin_sheryl/status/2099469892890378601,X/Twitter,Catherin_sheryl,1275,1275,"Hidup berubah tiap hari lahir pindah kerja berdatangan #MengenalDesilDTSEN data lama pasti ketinggalan kalau tak diperbarui rutin, ini alasan utama bantuan kadang terasa blum pas sasaran.

Purbaya
#HeartboundSeries
Suahasil Nazara Menteri Keuangan 
Maudy Ayunda 
#Levisxnamtanfilm https://t.co/ZEYqOI2bHX",tweet,146,,0,0
https://x.com/chronovierr/status/2099469252977995800,X/Twitter,chronovierr,20782,20782,maudy ayunda adalah perwujudan toxic positivity,tweet,2455,,0,0
https://x.com/jikkkkoooo/status/2099468984840315369,X/Twitter,jikkkkoooo,39,39,Maudy ayunda kenapa dah...,tweet,66,,0,0
https://x.com/jetskyhuge/status/2099468823095304281,X/Twitter,jetskyhuge,226,226,@emilyvwbim Dari maudy ayunda,tweet,114,,0,0
https://x.com/richadindra/status/2099468416969281793,X/Twitter,richadindra,1242,1242,"Sherina &gt; Maudy Ayunda

#cancel artis TONE DEAF. 
Kebetulan banget gua juga ga pernah nonton filmnya Maudy. 😂",tweet,179,,0,0
https://x.com/maey_dl/status/2099468166108004758,X/Twitter,maey_dl,9,9,Maudy Ayunda pernah ga ya sarapan pake alat kukus telur ini😖 https://t.co/vkPphNMSyg https://t.co/l4fCNjBRjA,tweet,62,,0,0
https://x.com/horangha_e/status/2099465923220611130,X/Twitter,horangha_e,73,73,"Jadi selama ini menurut lu cuman ""Bad News"" ??????? Gila sih sekelas Maudy Ayunda",tweet,119,,0,0
https://x.com/JudeWikrama/status/2099465731972681808,X/Twitter,JudeWikrama,354,354,@STEMjusticeW Padahal banyak yg bisa dikritisi tapi lebih milih gegeran Maudy Ayunda.,tweet,341,,1,1
https://x.com/mediumr4re/status/2099465717708136510,X/Twitter,mediumr4re,5,5,"lagi rame nih masalah maudy ayunda tentang mindfulness in the age of bad news, jujur gua pgn memposisikan diri gua di tengah2, gua ga ngebela dia tp juga ga membenarkan dia, menurut gua mungkin niat dia bagus tapi caranya salah, mungkin maksud dia gimna caranya tetap waras dikala",tweet,65,,1,0
https://x.com/mackillah/status/2099465653984047230,X/Twitter,mackillah,147,147,"TIL MAUDY AYUNDA LULUSAN STANFORD UNI USA
COURSE IN BUSINESS ADMINISTRATION &amp; ARTS EDUCATION 
DAPAT SCHOLARSHIP DARI GOMEN LPDP = BIASISWA MARA 
NASIB TAK DAPAT ZAKAT MAIWP MACAM ANAK EX MUFTI MALAYSIA LULZ ~ 🤔🤭 https://t.co/jCKktqaufP",tweet,186,,0,0
https://x.com/fruktosita/status/2099465106086310326,X/Twitter,fruktosita,100,100,"Knalpot brong DHA lewat Kon ayem-ayem wae alias konsentrasi alias mindfulness. Cia mbek kaget terus. 
Ngana ki Maudy Ayunda mlebu psikopat pa rak?",tweet,55,,0,0
https://x.com/fruktosita/status/2099464963807174731,X/Twitter,fruktosita,100,100,"GEK rame Maudy Ayunda dirujak netizen gara-gara Kon mindfulness pas kahanan kok ngene. Aku ya ngakak, disauri cah Kalimatan sing peluke kandel. Nganti aku mikir, Maudy maksude piye ta?
Terus aku mikir kok GEK wingi. Ngiras soto, cedhak kantor pinggir dalan.",tweet,113,,1,0
https://x.com/TirtoID/status/2099464426986607063,X/Twitter,TirtoID,781229,781229,"Konten Mindfulness Maudy Ayunda Dikritik, Apa yang Dipersoalkan?
https://t.co/QTTHztwKwK",tweet,5182,,0,0
https://x.com/mannah123/status/2099463816308486646,X/Twitter,mannah123,53,53,"@kompascom yaaa, begitulah pemikiran org kaya dan yg nggak mengalami dampaknya. mereka hanya capek dgn isi beritanya. tapi yg korban reality lebih capek lagi aslinya. tapi tetap dukung maudy ayunda sih kalo gw. dari pd artis lain yg nggak peduli, dgn keadaan Indonesia saat ini.",tweet,668,,0,0
https://x.com/suhriseo/status/2099463640328130723,X/Twitter,suhriseo,52,52,"Gatau knp gue seneng bgt dengar berita downfallnya Maudy Ayunda ini, maaf 🙏🏼",tweet,149,,0,0
https://x.com/ungutapibiru/status/2099462466367340663,X/Twitter,ungutapibiru,13,13,"Okay bukannya mau ikutan huru-hara Maudy Ayunda ini (its too exhausting dan imo gak begitu penting), CUMA aku nemu komentar yg kocak bgt: ""Tunggu skor IELTS-ku 8.5 akan kunyinyirin Maudy Ayunda."" HAHAHAHA",tweet,65,,0,0
https://x.com/Catherin_sheryl/status/2099461258991095944,X/Twitter,Catherin_sheryl,1275,1275,"Dulu keluarga Ibu Zubaidah sering berutang demi bertahan hidup #MengenalDesilDTSEN data diperbarui jadi lengkap utuh, kini jalur bantuan terbuka lebar buat mereka yg benar2 membutuhkan.
@bps_statistics 

Purbaya
#HeartboundSeries
Suahasil Nazara
Maudy Ayunda 
#Levisxnamtanfilm https://t.co/k56VEHVzTQ",tweet,342,,0,0
https://x.com/starsscreamx/status/2099460861110952221,X/Twitter,starsscreamx,12,12,@ajayfpu Wkwkw ini konteksnya emang lagi ngomongin Maudy Ayunda?,tweet,44501,,3,0
https://x.com/sehyrui/status/2099460844153426122,X/Twitter,sehyrui,4627,4627,"sampai detik ini kolom komentar IG Maudy Ayunda masih dibanjiri komentar karena blunder nya.

netizen bener-bener kecewa sama ucapannya. https://t.co/RIBfwtcKbh",tweet,56210,,1,2
https://x.com/ygwarasajatjuy/status/2099460383362982169,X/Twitter,ygwarasajatjuy,46,46,dasar maudy ayunda versi NHL,tweet,333,,3,0
https://x.com/mohizzhar/status/2099460373959291257,X/Twitter,mohizzhar,190,190,"Maudy ayunda tidur, besok reply komen ibot lagi 😹",tweet,97,,0,0
https://x.com/vinvin_sa/status/2099460354019672274,X/Twitter,vinvin_sa,75,75,"emang gendeng...

punya platform bukannya ikut bantu berisik malah protes krna banyak berita buruk..

protess noh sama pemimpin lu... jangan sama korban..,, maudy ayunda tolol emang .. ga napak tanah",tweet,111,,0,0
https://x.com/peverlasthing/status/2099459393469505811,X/Twitter,peverlasthing,422,422,gamau classtist pake kata jamet tp kenapa drama gini lewat di tl gw ya. gw mau memaki maudy ayunda aja pls,tweet,279,,0,0
https://x.com/papasblues/status/2099458933643776262,X/Twitter,papasblues,11,11,@whiterosestea Maudy ayunda kalo background nya family in Pademangan ngga bakalan ngomongin mindfulness. Palingan nyerocos gaji nya segitu2 aja mepet2 umr.,tweet,237,,0,0
https://x.com/fjr_adi/status/2099458792396366031,X/Twitter,fjr_adi,83,83,Windah 1 - Maudy Ayunda 0,tweet,88,,0,0
https://x.com/camilacarvaja19/status/2099458503656300868,X/Twitter,camilacarvaja19,158,158,"masi gamau kalah nih 1vs3 sama ponakan

https://t.co/jNuYwSpzuB

https://t.co/320b8FSmsb

https://t.co/zrarOSP2s5

https://t.co/bafKAki277
Senin Lawan 10 Viral Aqeela Terbaru LPDP Apel Pagi Laut Jawa Maudy Ayunda Calista https://t.co/5mcjIWQgQf",tweet,7939,,2,2
https://x.com/feelicious_yola/status/2099458335468929335,X/Twitter,feelicious_yola,2321,2321,"Nyoba nonton videonya maudy ayunda. Cuma tahan semenit, males ngelanjutin nonton sisanya 😓",tweet,63,,0,0
https://x.com/rajabonanza/status/2099458100285861912,X/Twitter,rajabonanza,5,5,"RAJABONANZA88 hadir dengan gaya yang lebih fresh, penuh energi, dan mudah dikenali. 🔥💜
#rajabonanza88 #bonanza88 #komunitasdigital 
-
-
-
#JuniorSulwhasooParagon peran aktif indonesia Maudy Ayunda Asha https://t.co/lVVqsWVyBH",tweet,68,,0,0
https://x.com/OfficialRyan_4/status/2099457716372824505,X/Twitter,OfficialRyan_4,499,499,@nksthi Maudy ayunda koclok,tweet,266,,0,0
https://x.com/zamrkty/status/2099457513125286043,X/Twitter,zamrkty,470,470,tapi emang maudy ayunda kebangetan sih emang… menjauhi bad news untuk membuat dia tetap waras di kondisi yg sudah aman buat dirinya.,tweet,60,,0,0
https://x.com/oblliuiate/status/2099457500873658404,X/Twitter,oblliuiate,35,35,"haloo kalau ada yang baru install aplikasi shopeepay pakai kode referral ku biar dpt bonus saldo 5k dari shopee

referal : FF6JWV5WP

klaim reward di halaman undang teman.

https://t.co/g5IwzdPzVh

job receh info freelance, promo diskon cipete purbaya maudy ayunda suahasil nazara",tweet,147,,0,0
https://x.com/qrivasiii/status/2099457315003158969,X/Twitter,qrivasiii,46972,46972,"Rame lagi status thread Maudy Ayunda di tahun 2023, salfok sama komennya, ternyata emang udah dari dulu tone deaf ya, cuma baru blundernya sekarang https://t.co/uPY84DaRgr",tweet,7682,,2,7
https://x.com/RichHealthyFun/status/2099457014871253121,X/Twitter,RichHealthyFun,3050,3050,Maudy Ayunda membaca berita reshuffle kabinet dan Purbaya diganti after being bombardier by netizen on weekend : https://t.co/ZGUm76Ddip,tweet,437,,0,0
https://x.com/ValleRoxie188/status/2099456715649663303,X/Twitter,ValleRoxie188,18,18,join mbak maudy ayunda #usaha188 #hardplay #indonesiangirl https://t.co/Dx8QJbRDEJ,tweet,71,,1,0
https://x.com/ugethug/status/2099455961018847434,X/Twitter,ugethug,198,198,"@erlanishere Dulu pas maudy dilema pikih harvard atau stanford banyak orang yg jelang ujian pengen kesurupan maudy ayunda

Sekarang masih pada pengen kesurupan maudy? 😭",tweet,3422,,0,0
https://x.com/ethernal_booms/status/2099455746433794287,X/Twitter,ethernal_booms,146,146,udah dititik liat maudy ayunda dihujat wkwk,tweet,85,,0,0
https://x.com/tuckeeerr/status/2099455613940150650,X/Twitter,tuckeeerr,647,647,maudy ayunda being a tone-deaf has never been on my bucket list,tweet,236,,1,0
https://x.com/isishaki/status/2099455602837844415,X/Twitter,isishaki,11930,11930,"maudy ayunda, Purbaya, betrand petruk",tweet,240,,1,0
https://x.com/dosenkesmas/status/2099455212490789056,X/Twitter,dosenkesmas,26233,26233,"Puas banget bacanya.

Makasih Kak sudah mewakili.

Penutupnya GONG Banget!

""Jujurly Maudy Ayunda, yang kamu lakukan itu, jahat.

Minimal, stupid. 

Warga gak ngarep kamu berjibaku ngadepin karhutla di lapangan kayak Andrew Kawaleit. Warga juga gak ngarep kamu bisa nulis kolom kritis di Kompas kayak Reza Rahadian. Warga cuma ngarep kamu balas hutang budi kamu ke para pembayar pajak. Dengan mengamplifikasi jeritan mereka di platform kamu. 

Dan itulah serendah-rendahnya iman seorang influencer.""",tweet,205460,,83,2930
https://x.com/KYN4N4/status/2099455203280146495,X/Twitter,KYN4N4,12,12,kalo gue maudy ayunda sih keknya bisa,tweet,78,,1,0
https://x.com/Macchiato_Rand/status/2099455085734666453,X/Twitter,Macchiato_Rand,819,819,"Membuka data bukan pamer kekuatan, tapi cara jujur biar tak ada yg diam-diam dirugikan #MengenalDesilDTSEN salah yg terlihat bisa diperbaiki, kalau tertutup selamanya cuma diwariskan terus jadi masalah.
@bps_statistics

Purbaya Menkeu Calista Maudy Ayunda 
#JuniorSulwhasooParagon https://t.co/cAYthGs55v",tweet,105,,0,0
https://x.com/thoniarianto/status/2099454583278076405,X/Twitter,thoniarianto,432,432,"Windah &gt; Maudy Ayunda 

😋",tweet,109,,0,0
https://x.com/watasialan/status/2099454395327090916,X/Twitter,watasialan,17,17,Wes embuh ak meh dadi Maudy Ayunda. Pegel aku,tweet,42,,0,0
https://x.com/bitchylaughs/status/2099454302939226172,X/Twitter,bitchylaughs,1438,1438,maudy ayunda come to kalimantan you dumb ass h0e https://t.co/FkX5SLGcxu,tweet,88,,1,0
https://x.com/thishza/status/2099453546903322792,X/Twitter,thishza,220,220,ga expect seorang maudy ayunda kena cancel culture 😭,tweet,93,,0,0
https://x.com/kayyl0ve_/status/2099453511281050076,X/Twitter,kayyl0ve_,975,975,nyampe di era maudy ayunda dirujak netijen,tweet,81,,0,0
https://x.com/jiancokkkraimu/status/2099452946953977986,X/Twitter,jiancokkkraimu,5,5,"seharusnya yang dapet lpdp gua bukan maudy ayunda, tonedeaf begitu anjing",tweet,91,,0,0
https://x.com/Macchiato_Rand/status/2099452559710966154,X/Twitter,Macchiato_Rand,819,819,"Menyatukan empat basis data bukan kerja kilat, butuh ketelitian waktu&amp; komitmen tinggi #MengenalDesilDTSEN 14 juta keluarga diperbarui lewat 6 siklus, puluhan ribu petugas turun lgsg memastikan catatan benar2 nyata.
@bps_statistics

Suahasil Nazara Maudy Ayunda Purbaya
#LevisTH https://t.co/Bco6q5Vr2F",tweet,88,,0,0
https://x.com/gavdent/status/2099452539733151880,X/Twitter,gavdent,104,104,"pengen snack yg msg tinggi biar tambah goblok, biar ga kaya maudy ayunda, biar miskin tolol idiot ga tone deaf melek politik sadar kalo negara ini banyak berita buruknya karena emangBURUK KRISIS MENDERITA",tweet,70,,0,0
https://x.com/pavlozaa/status/2099451874722316453,X/Twitter,pavlozaa,9,9,@senogp mas ada rekomendasi buku ga sih buat si Maudy Ayunda? wkwk,tweet,522,,1,0
https://x.com/beilyvie/status/2099451113644958059,X/Twitter,beilyvie,606,606,"maaf gais, maudy ayunda emangg kenapaa ya 😓",tweet,1839,,1,0
https://x.com/cariaeosa/status/2099450978760315254,X/Twitter,cariaeosa,5692,5692,untung pengganti purbaya bukan maudy ayunda,tweet,715,,0,0
https://x.com/keresahanntzen/status/2099450729815831033,X/Twitter,keresahanntzen,4926,4926,Maudy ayunda kenapa sih ges? Ketinggalan Mulu gw 😭,tweet,140,,0,3
https://x.com/topbple/status/2099450082550546552,X/Twitter,topbple,1394,1394,@bingungtrs_ PENGEN HP KYK MAUDY AYUNDA,tweet,77,,0,0
https://x.com/trunkszoldyck/status/2099449762353381461,X/Twitter,trunkszoldyck,20602,20602,Jujur gue kecewa sama maudy ayunda 💔,tweet,697,,0,0
https://x.com/IndoClonezz74/status/2099449347037646872,X/Twitter,IndoClonezz74,41,41,@Adenurj62093638 @realfedinuril Film kuda lumping maudy ayunda itu?,tweet,353,,0,0
https://x.com/tulisansuriyana/status/2099449128896053648,X/Twitter,tulisansuriyana,28,28,"tp jujur deh, sebagai orang tua: visi misi dalam membesarkan anak, lebih memilih didik dalam bubble spt Maudy Ayunda (sekolah privat, lingkungan eksklusif, sosialisasi sm yg kaya2 aja, efeknya tone deaf) atau didik sedari dini di lingkungan yang diverse dan inklusif?",tweet,88,,1,0
https://x.com/AangSurya12/status/2099448215401885853,X/Twitter,AangSurya12,7536,7536,"Ada cinta yang harus
didefinisikan lewat kerja keras
dan ada senyuman yang harus
dijaga agar tidak pudar oleh
keadaan. Terkadang, tanggung
jawab adalah bentuk tertinggi
dari rasa sayang terhadap
keluarga di rumah 🤍

••—
Senin Alhamdulillah
Maudy Ayunda https://t.co/g4DXgMO0WM",tweet,482,,0,4
https://x.com/Macchiato_Rand/status/2099447726316695838,X/Twitter,Macchiato_Rand,819,819,"Ibu Zubaidah bukan satu-satunya, ada ribuan keluarga serupa yg butuh dilihat seutuhnya #MengenalDesilDTSEN data yg baik adalah jembatan kasih sayang yg menghubungkan mereka dgn masa depan lebih baik.
@bps_statistics

Suahasil Nazara Maudy Ayunda Purbaya Menteri Keuangan 
#LevisTH https://t.co/cnlUtu3wMu",tweet,673,,0,0
https://x.com/inilahdotcom/status/2099447117526020459,X/Twitter,inilahdotcom,318942,318942,"Aktris Maudy Ayunda memberikan klarifikasi terkait video opininya mengenai pentingnya tetap mindfulness di tengah berbagai kabar buruk yang terjadi di Indonesia belakangan ini.

Video bertajuk “Mindfulness in the Age of Bad News” yang diunggah di kanal YouTube Maudy tersebut sebelumnya ramai menjadi perbincangan. Sejumlah netizen bahkan mengkritik pandangan yang disampaikan Maudy dalam video tersebut.

-
Selengkapnya kunjungi website dengan klik link di bio atau download aplikasi di AppStore dan Google Play Store.

#MaudyAyunda #ToneDeaf #Mindfulness #BadNews #InilahNews",tweet,8734,,2,1
https://x.com/DS_yantie/status/2099446972512141751,X/Twitter,DS_yantie,28299,28299,"Kasus ini gak kalah Panas dari isu Maudy Ayunda.

https://t.co/QLncI90v1I",tweet,542,,0,1
https://x.com/PNS_Ababil/status/2099446934654337342,X/Twitter,PNS_Ababil,168798,168798,"Maudy Ayunda kalau takut ga siap liat berita jelek, Coba deh maudy ayunda berenti pegang hp. Kasih hp nya ke sekretarisnya aja.",tweet,3995,,2,19
https://x.com/AJAKMIKIR/status/2099446529534906369,X/Twitter,AJAKMIKIR,147,147,"Dengerin maudy ayunda ada benernya juga sih, tapi pak purbaya diganti worth it gak sih?

Yuk yang lagi cari cara mengatasi Wa dosen yang bagai berita mencekam, drop aja skripsi kamu ke kita yaa, joki skripsi kita masih on 24/7 pokoknya,,
#zonauangㅤ https://t.co/vy4eiYbuXT",tweet,195,,0,0
https://x.com/deepublishstore/status/2099445930533785906,X/Twitter,deepublishstore,495,495,"Ngikutin obrolan soal video Maudy Ayunda, ada satu pertanyaan yang kepikiran, 
Kalau berita buruk itu menyangkut hidup kita sendiri, apa kita masih bisa memilih buat nggak melihatnya?

Wajar kok kalau sesekali capek dan butuh jeda dari berita. Tapi buat sebagian orang, masalah yang diberitakan itu tetap ada bahkan setelah layar HP ditutup.

Mungkin dua hal ini bisa sama-sama benar: kita perlu menjaga diri supaya nggak kewalahan, dan kita tetap perlu peduli sama orang yang nggak punya pilihan untuk menjauh.

Menurut kalian, gimana caranya ambil jeda tanpa jadi cuek? Atau justru kalian merasa tuntutan untuk “tetap peduli” juga bisa bikin lelah? Pengen dengar sudut pandang kalian. 

#MaudyAyunda #mindfullness #psikologi",tweet,88,,0,0
https://x.com/_____moey/status/2099445917753495636,X/Twitter,_____moey,573,573,"judulnya lokal brand serasa high end yaa 👀 
rekomendasi dupe lip pot @ from this island by maudy ayunda

📎 https://t.co/hUL1ZgYPfN

mending beli time phoria udah 3 in 1 bisa untuk lip, blush, eyeshadow incluede aplikatornya juga https://t.co/syodXXEOku",tweet,635,,0,2
https://x.com/medcom_id/status/2099445555659493631,X/Twitter,medcom_id,44797,44797,"Dikritik Tone Deaf, Maudy Ayunda Buka Suara dan Minta Maaf #MedcomID

Klik untuk baca:
https://t.co/V80KFA64GO",tweet,255,,0,0
https://x.com/suhairi4hmad/status/2099444342641557674,X/Twitter,suhairi4hmad,4653,4653,Maudy Ayunda mencoba mindfulness ketika dihujat netizen Indonesia.,tweet,348,,0,0
https://x.com/SiapaNa73871770/status/2099444010503037135,X/Twitter,SiapaNa73871770,99,99,"@LambeSahamjja nah ini baru tone deaf finall boss diatas maudy ayunda. Luh ketemuan aja, bahas MBG. pasti beliau maju paling depan dan bacotin itu 48 jam. iris kuping yg like tweet gw",tweet,90,,0,0
https://x.com/onieronny/status/2099443996640842197,X/Twitter,onieronny,142,142,Kompas journalist cooking Maudy Ayunda 🔥😂,tweet,218,,0,0
https://x.com/investorgabut/status/2099443553227374791,X/Twitter,investorgabut,48120,48120,"Pak Purbaya diganti, akhirnya 😭   Terima kasih Maudy Ayunda 🙏",tweet,4018,,1,1
https://x.com/freakindmedia/status/2099442549245280616,X/Twitter,freakindmedia,19,19,"Kak Maudy Ayunda berhasil menemukan kata ganti Tone Deaf dengan kata yang terdengar bernada lebih positif dan penuh nuansa estetik.

So, terus bersuara ya. Masih banyak manusia dan satwa yang perlu diwakilkan suaranya. https://t.co/dZsluMBmy4",tweet,254,,0,0
https://x.com/FiQyutee/status/2099441802671710701,X/Twitter,FiQyutee,973,973,"Banyak keluarga tersembunyi baru terlihat saat data rapi #MengenalDesilDTSEN Ibu Zubaidah satu contoh nyata: pembaruan data adalah langkah pertama menuju kehidupan yg lbih sejahtera
@bps_statistics

Purbaya
Menteri Keuangan Maudy Ayunda 
Suahasil Nazara
#HeartboundSeries
#Santapp https://t.co/52N8ZVQRN5",tweet,315,,0,0
https://x.com/u5v3_/status/2099441761953419570,X/Twitter,u5v3_,225,225,Maudy Ayunda nganggep kehidupan org lain cuma bad news yang cuman muncul dan dibaca oleh dia🤗,tweet,72,,0,0
https://x.com/eomprengmbgz/status/2099440769291759976,X/Twitter,eomprengmbgz,83,83,@satitori gw gapernah nyangka di lifetime ini bakal ngelihat maudy ayunda downfall cuk,tweet,104,,1,0
https://x.com/Bacot_Intel/status/2099440672004567246,X/Twitter,Bacot_Intel,497,497,"Ingat kata Menteri Keuangan baru Suahasil Nazara dulu dulu

“ LPDP itu uang rakyat, jadi hormati rakyat Indonesia “

Maudy Ayunda komentar pemerintah dan kebijakan busuk bukan kepada rakyat https://t.co/KkQZojdwQV",tweet,32213,,3,10
https://x.com/jejakbijital/status/2099439836054818843,X/Twitter,jejakbijital,379,379,"@WarungKomedi_ Maudy Ayunda?
Ndak, Maudy nda ayu ?",tweet,79,,0,0
https://x.com/FiQyutee/status/2099439685022171565,X/Twitter,FiQyutee,973,973,"Dulu cuma 40% tercatat, banyak tersembunyi tak terlihat #MengenalDesilDTSEN kini seluruh warga tercakup, bisa cek sendiri, salah bisa diperbaiki, lebih baik salah terlihat daripada salah terus disembunyikan.
@bps_statistics

Purbaya Maudy Ayunda 
Suahasil Nazara
#HeartboundSeries https://t.co/idlbGjVgkn",tweet,98,,0,0
https://x.com/AvSENA7/status/2099438472050491720,X/Twitter,AvSENA7,1989,1989,"Selingan kopi sepulang kerja ☕️ #YappingAvsena

Stabilitas ekonomi lagi berasa mode tsunami trophy, Gus.

Jadi buat yang hari ini portofolionya merah, rank FPL turun, atau hidup lagi ngetes mental…

Stay mindful. Stay hydrated. Stay employed.

Kalau kata Teh Maudy Ayunda: stay mindfulness 🌞",tweet,308,,0,1
https://x.com/bukanbilanganpi/status/2099437631839023411,X/Twitter,bukanbilanganpi,95,95,"seharusnya tuh si maudy ayunda, kalo yapping ama lakinya aja. gak usah sok2an di update. orang satu negara banyak yg lagi mumet. dia sok-sokan menenangkan dengan segudang privilege serta kemewahan sebagai latar belakang videonya. sial",tweet,59,,0,0
https://x.com/bintangpelem/status/2099437613484790246,X/Twitter,bintangpelem,40,40,maudy ayunda bacot banget.,tweet,86,,0,0
https://x.com/Mbakwiik/status/2099436597888569531,X/Twitter,Mbakwiik,4,4,"Lewat trs orang yg ngomongin Maudy Ayunda, jadi makin paham maksud tulisan ini. https://t.co/54QCJZypyC",tweet,58,,0,0
https://x.com/pradaUAENA/status/2099436451113107567,X/Twitter,pradaUAENA,173,173,"Pandu Sjahrir (DANANTARA, ponakan Luhut) nolong suaminya Maudy Ayunda agar Maudy hidup (semakin) tajir.

Ya bahkan keluarga kandungnya Maudy sanggup bayar sendiri 11 sekaligus kuliah luar negeri, tapi memang mental miskin Maudy tuk tetap apply Lpdp
https://t.co/h2NyELZsIB",tweet,122,,0,0
https://x.com/Bharti1409/status/2099436218329293134,X/Twitter,Bharti1409,20,20,"yang lagi naek daun meja bergetar luar dalam thailand
📁💯▶️

https://t.co/X8q1QRs1YM

https://t.co/X8q1QRs1YM 

https://t.co/X8q1QRs1YM 

https://t.co/X8q1QRs1YM

Purbaya Suahasil Nazara LPDP Panas Maudy Ayunda Lawan 10 https://t.co/dD228SfVqw",tweet,2402,,13,3
https://x.com/sad_mostly/status/2099436206614557007,X/Twitter,sad_mostly,41,41,Abis melakukan kegiatan mindfulness seperti yang disarankan Maudy Ayunda. (Makan eskrim dan nyebat),tweet,87,,0,0
https://x.com/Otto_0967/status/2099435815369924980,X/Twitter,Otto_0967,631,631,"Dari sekian kali reshuffle kabinet yg dilakukan oleh Prabowo tidak pernah berani mengganti menteri yg berasal dari partai 😂
Walaupun kinerjanya BOBROK..!
.
Berani2nya Purbaya cari masalah sama Danantara, ya dicopot 😜

Menteri Keuangan Purbaya
Panas
Maudy Ayunda https://t.co/nDlhR9lssO",tweet,1811,,0,1
https://x.com/kalderanews/status/2099435194285752694,X/Twitter,kalderanews,1758,1758,Kontroversi Video Mindfulness Maudy Ayunda dan Privilese Tidak Membumi https://t.co/MW02XoANo0,tweet,54,,0,0
https://x.com/MisteriDiLuarNA/status/2099435069983404484,X/Twitter,MisteriDiLuarNA,12,12,"🌊 Yonaguni Monument di Jepang terlihat seperti struktur kota kuno di dasar laut.

Vidio Hot Terbaru : https://t.co/M0SlG9Suy1 

#MisteriDunia #FaktaMisterius #KejadianAneh #FenomenaMisterius Maudy Ayunda Purbaya Panas Senin Menteri Keuangan Carrick Suahasil Nazara Laut Jawa https://t.co/c7p07DnW0O",tweet,177,,0,1
https://x.com/rosesarety/status/2099434531434729873,X/Twitter,rosesarety,761,761,eh lagi dong keluarin sisi sisi maudy ayunda orang have yang kalian gasuka wkwk gue demen bgt bacanya di threads,tweet,67,,0,0
https://x.com/renhoeless/status/2099434443027153239,X/Twitter,renhoeless,6,6,windut &gt; maudy ayunda,tweet,87,,0,0
https://x.com/atokdalangs4/status/2099434329269293483,X/Twitter,atokdalangs4,2691,2691,"Ngeliat konten dan komentar soal Maudy Ayunda, gue masih keinget omongan dosen gue:

“Orang yang punya pendirian nggak akan ngajak 50:50. Ditanya pendapat jawabnya 50:50. Ngasih argumen selalu pakai kata ‘mungkin’. Orang yang punya sikap itu, ketika memang diperlukan, berani berdiri di salah satu sisi sesuai kebenaran yang dia yakini.”

Sejak saat itu, gue juga jadi nggak mau terlalu dekat sama orang yang masih berteman dengan seseorang yang dia tahu udah pernah nyakitin atau nyurangin gue.

Buat gue, orang yang tetap berteman sama lawan gue simply bukan orang yang bisa gue percaya lagi.",tweet,1473,,1,6
https://x.com/sesamesyruppp/status/2099434198608347383,X/Twitter,sesamesyruppp,438,438,I never like Maudy Ayunda anwyay. She is so ew,tweet,106,,0,0
https://x.com/hidanieldisini/status/2099433711863558250,X/Twitter,hidanieldisini,18232,18232,Udah di tahap maudy ayunda diroasting https://t.co/upeIY5AO1s,tweet,3610,,1,1
https://x.com/BabiNgepet01nk/status/2099433679374450954,X/Twitter,BabiNgepet01nk,119,119,kelakuan tone deaf &amp; gak napak tanah kan emg kelakuan khas para pro-barat progresh*t SJW libtard zionist Jakselians udah dari dulu. Yg lebih brengsek dr pd Maudy Ayunda jg banyak kok😂🤣,tweet,202,,0,0
https://x.com/cloudy_charcoal/status/2099433401791164819,X/Twitter,cloudy_charcoal,282,282,mindfulness maudy ayunda di era informatika,tweet,61,,0,0
https://x.com/fakhrulroziii/status/2099433369860030877,X/Twitter,fakhrulroziii,1033,1033,"Mengkritik soal sikap Maudy Ayunda sah-sah saja, tapi kenapa kok sampai bawa-bawa agama soal urusan menutup aurat sih?

Bagaimana dengan Cinta Laura yang juga belum menutup aurat, tapi menurut netizen (sampai dibanding-bandingin di Threads) lebih vokal soal isu sosial &amp; keadilan? https://t.co/uxDWHRd28s",tweet,1575,,5,9
https://x.com/restafajri/status/2099433017064509757,X/Twitter,restafajri,15156,15156,"Kita ambil sisi baiknya ya guys dari Maudy Ayunda, dia tetap peduli dengan keadaan Indonesia saat ini, ajak kita agar tetap kritis bersuara dengan isu isu yang saat ini terjadi.",tweet,218,,0,0
https://x.com/dear_remindeen/status/2099432769436766679,X/Twitter,dear_remindeen,254,254,#FreePalestine | Senin | Maudy Ayunda,tweet,44,,0,0
https://x.com/dear_remindeen/status/2099432726147281101,X/Twitter,dear_remindeen,254,254,#FreePalestine | Senin | Maudy Ayunda,tweet,42,,0,0
https://x.com/dear_remindeen/status/2099432628621303880,X/Twitter,dear_remindeen,254,254,#FreePalestine | Senin | Maudy Ayunda,tweet,38,,0,0
https://x.com/dear_remindeen/status/2099432591015206935,X/Twitter,dear_remindeen,254,254,#FreePalestine | Senin | Maudy Ayunda,tweet,40,,0,0
https://x.com/joyimiese/status/2099432354913862056,X/Twitter,joyimiese,704,704,maudy ayunda mending kesurupan lintah aja udah,tweet,132,,0,0
https://x.com/dearakhirat/status/2099432352938148025,X/Twitter,dearakhirat,658,658,"FOR PALESTINE! 🍉

#FreePalestine | Senin | Maudy Ayunda",tweet,132,,0,3
https://x.com/dearakhirat/status/2099432248546119715,X/Twitter,dearakhirat,658,658,"GO! GO! 🍉

#FreePalestine | Senin | Maudy Ayunda",tweet,210,,0,3
https://x.com/anderson3232/status/2099432147434221946,X/Twitter,anderson3232,21,21,"pak kepsek vs bu manda
https://t.co/k5x4bdVTtQ

 https://t.co/aBeOTO7q0f 

https://t.co/KwJXrLVa5l 

https://t.co/tCoLBJCAV1
Purbaya Suahasil Nazara LPDP Panas Maudy Ayunda Lawan 10 https://t.co/3JzGQnwHKi",tweet,346,,0,0
https://x.com/dearakhirat/status/2099431997575680476,X/Twitter,dearakhirat,658,658,#FreePalestine | Senin | Maudy Ayunda,tweet,41,,0,2
https://x.com/dearakhirat/status/2099431949869670571,X/Twitter,dearakhirat,658,658,#FreePalestine | Senin | Maudy Ayunda,tweet,50,,0,2
https://x.com/dearakhirat/status/2099431945939619912,X/Twitter,dearakhirat,658,658,"🍉Momen ketika sejumlah pemukim ilegal zionis israel melarikan diri dari Desa Deir Jarir, sebelah timur Ramallah, Tepi Barat, setelah mendapat perlawanan dari warga setempat.

Sumber: Quds Feed

#FreePalestine | Senin | Maudy Ayunda https://t.co/zJQeX9Pafg",tweet,39,,0,4
https://x.com/anderson3232/status/2099431910636482831,X/Twitter,anderson3232,21,21,"bocil imut harus nurut
https://t.co/k5x4bdVTtQ

 https://t.co/aBeOTO7q0f

 https://t.co/KwJXrLVa5l 

https://t.co/tCoLBJCAV1
Purbaya Suahasil Nazara LPDP Panas Maudy Ayunda Lawan 10 https://t.co/e2OKL6b5u3",tweet,407,,0,0
https://x.com/pinvest_id/status/2099431720420549078,X/Twitter,pinvest_id,126,126,"🚨 KITA CUMA HIDUP DI “BAD NEWS” ATAU MEMANG DI “BAD AGE”?

https://t.co/WMDdmPKMc8

#MaudyAyunda #Mindfulness #BadNewsBadAge #NetizenIndonesiaGenZIndonesia #PinewsPinewsMedia https://t.co/3poXsfBlrH",tweet,1046,,0,1
https://x.com/anderson3232/status/2099431704838668478,X/Twitter,anderson3232,21,21,"bocil topeng ungu terbaru
https://t.co/k5x4bdVTtQ 

https://t.co/aBeOTO7q0f 

https://t.co/KwJXrLVa5l 

https://t.co/tCoLBJCAV1
Purbaya Suahasil Nazara LPDP Panas Maudy Ayunda Lawan 10 https://t.co/zzY2zR1s5o",tweet,442,,0,0
https://x.com/dearakhirat/status/2099431654817194199,X/Twitter,dearakhirat,658,658,"🍉❤️‍🩹Anak-anak di Jalur Gaza mengubah area di antara reruntuhan bangunan yang hancur menjadi lapangan untuk bermain bola voli.

Sumber: AJPalestine

#FreePalestine | Senin | Maudy Ayunda https://t.co/oWHTgMYXFt",tweet,32,,0,2
https://x.com/dearakhirat/status/2099431616007266323,X/Twitter,dearakhirat,658,658,#FreePalestine | Senin | Maudy Ayunda,tweet,93,,0,1
https://x.com/JoyDas1841853/status/2099431598773174327,X/Twitter,JoyDas1841853,11,11,"yang lagi naek daun meja bergetar luar dalam thailand

https://t.co/bTrigRu8Ct

https://t.co/bTrigRu8Ct 

https://t.co/BY4Xo7RN68 

https://t.co/BY4Xo7RN68
Purbaya Suahasil Nazara LPDP Panas Maudy Ayunda Lawan 10 https://t.co/YMzXnNP1H6",tweet,17628,,17,2
https://x.com/anderson3232/status/2099431543018266888,X/Twitter,anderson3232,21,21,"tante vs anjing viral
https://t.co/k5x4bdVTtQ

 https://t.co/aBeOTO7q0f 

https://t.co/KwJXrLVa5l 

https://t.co/tCoLBJCAV1
Purbaya Suahasil Nazara LPDP Panas Maudy Ayunda Lawan 10 https://t.co/B1unsr7Zfa",tweet,214,,0,0
https://x.com/dearakhirat/status/2099431509333516399,X/Twitter,dearakhirat,658,658,#FreePalestine | Senin | Maudy Ayunda,tweet,55,,0,3
https://x.com/Misteri_Horor0/status/2099431383974486461,X/Twitter,Misteri_Horor0,2,2,"Penampakan seekor pocong tak sengajak terekam oleh seorang anak

Full Video: https://t.co/i2qDYCvAPV 

#misteri #hantu #penampakan #sosok #gaib #pocong #demo Suahasil Nazara Maudy Ayunda Purbaya Menteri Keuangan Senin LPDP Bekerja Tanpa Lelah Laut Jawa Carrick Dalot BREAKING NEWS https://t.co/70xkfsOhin",tweet,333,,0,0
https://x.com/dearakhirat/status/2099431347051778280,X/Twitter,dearakhirat,658,658,"🍉❤️‍🩹Pada hari pertama anak-anak Palestina di Tepi Barat kembali ke sekolah, banyak orang tua merasa khawatir. Salah satu sekolah di al-Mughayyir, di selatan Nablus, sampai dipasangi pagar kawat berduri untuk melindungi anak-anak dari para—

#FreePalestine | Senin | Maudy Ayunda https://t.co/yoNob5LdQS",tweet,110,,0,1
https://x.com/dontsmileatme_h/status/2099431227891556612,X/Twitter,dontsmileatme_h,31,31,mw gosipin maudy ayunda plisss😭😭😭😭 sm my cowok yg don’t see me as crazy spiritual ass bitch (look at sum convos we be talking on the phone(not everyday ofc😀)) https://t.co/hPYlYklwVT,tweet,406,,1,0
https://x.com/liebelaurie/status/2099431076288430466,X/Twitter,liebelaurie,1505,1505,"Nontonin video Maudy Ayunda yg viral itu.. gw yakin byk bngt kaum menengah ke atas indo yg ngerasa gtu jg sih, cm ya ga di share aja. Krna gmana ya, mayoritas hdupnya naik mobil dari titik A ke titik B pake supir, ke mall, tdur diruangan bagus ber AC, apa2 dibeliin Mba.",tweet,858,,1,1
https://x.com/KumarPsthak/status/2099430924178141438,X/Twitter,KumarPsthak,16,16,"yang lagi naek daun meja bergetar luar dalam thailand
https://t.co/rkG4L5VaBl

 https://t.co/rkG4L5VaBl 

https://t.co/rkG4L5VaBl 

https://t.co/rkG4L5VaBl
Purbaya Suahasil Nazara LPDP Panas Maudy Ayunda Lawan 10 https://t.co/WrHRDs03jL",tweet,5048,,10,2
https://x.com/dearakhirat/status/2099430728920363320,X/Twitter,dearakhirat,658,658,"🍉😡Tembakan intensif dari kendaraan militer dan pesawat nirawak pasukan penjajah israel diarahkan ke rumah-rumah warga Gaza di Proyek Beit Lahia, utara Jalur Gaza.

Sumber: QudsN

#FreePalestine | Senin | Maudy Ayunda https://t.co/fg8qsvxAh2",tweet,39,,0,3
https://x.com/IDNTimesLife/status/2099430596414243097,X/Twitter,IDNTimesLife,454,454,"Profil From This Island, Brand Skincare Besutan Maudy Ayunda https://t.co/hx7Dj5okAF",tweet,27,,0,0
https://x.com/Godnjar/status/2099430576554177021,X/Twitter,Godnjar,218,218,Idk streets saying maudy ayunda farted https://t.co/h7h6JxGtJ6,tweet,134,,0,0
https://x.com/oj3a10/status/2099430454680043629,X/Twitter,oj3a10,9,9,"🚀 Info Slot Gacor Hari Ini Senin
😱 Gila, Dari Apel Pagi Scatter Ngelawan
🎰 Pola Gacor Terbaru Maudy Ayunda RTP 98%
🎮 Daftar Disini Bisa Dapat Bonus 10 Sampai 100
🎯 AYO368 Bekerja Tanpa Lelah
📌 Cek Link ➜ https://t.co/jkoRRQ7exU https://t.co/zWlKFrpDRC",tweet,75,,0,0
https://x.com/dearakhirat/status/2099430431011504234,X/Twitter,dearakhirat,658,658,"🍉😡Saat pasukan penjajah israel melepaskan tembakan ke arah kru Pemerintah Kota Beit Lahia ketika mereka sedang berupaya memompa air ke wilayah Al-Mishrou' di Gaza Utara. 

Sumber : TRT World

#FreePalestine | Senin | Maudy Ayunda https://t.co/TsW96R7aYw",tweet,67,,0,6
https://x.com/BipinParihar/status/2099430207824511158,X/Twitter,BipinParihar,14,14,"yang lagi naek daun meja bergetar luar dalam thailand
https://t.co/fpHSrc2oZP

 https://t.co/i7bHATvj9Q 

https://t.co/i7bHATvj9Q 

https://t.co/i7bHATvj9Q
Purbaya Suahasil Nazara LPDP Panas Maudy Ayunda Lawan 10 https://t.co/r6qkCkQfAH",tweet,8250,,15,2
https://x.com/dearakhirat/status/2099429980807598430,X/Twitter,dearakhirat,658,658,"🍉💔Dua warga Palestina gugur dan 13 lainnya terluka dalam serangan pesawat nirawak (drone) israel yang menyasar sebuah kendaraan di wilayah kawasan Tel al-Hawa, selatan Kota Gaza.

Sumber : Anadolu

#FreePalestine | Senin | Maudy Ayunda https://t.co/V1mkPiUk85",tweet,40,,0,4
https://x.com/anderson3232/status/2099429628020736116,X/Twitter,anderson3232,21,21,"yang lagi naek daun meja bergetar luar dalam thailand
https://t.co/k5x4bdVTtQ

 https://t.co/aBeOTO7q0f 

https://t.co/KwJXrLVa5l 

https://t.co/tCoLBJCAV1
Purbaya Suahasil Nazara LPDP Panas Maudy Ayunda Lawan 10 https://t.co/U47xonwKya",tweet,1175,,0,0
https://x.com/ajayfpu/status/2099429610769277127,X/Twitter,ajayfpu,3540,3540,"Abis nonton youtube nya Maudy Ayunda yang lagi rame diperbincangkan di Sosial Media tentang ""mindfulness in the age of bad news"" https://t.co/1BOsSWGBCH",tweet,167498,,1,21
https://x.com/ajayfpu/status/2099429563344543830,X/Twitter,ajayfpu,3540,3540,"Eh Maudy STOP!!!
Lu let them , let them lu pinter , lu cantik , lu laku , lu senyum dikulum komentator, Kecinkkkk masuk 2M , KITE !!!! 🤣🤣🤣
HAHAHAHA
Makan cilok , Nasib ga berubah-ubah 😭

Ah pindah lagi lah ke Amerika Maudy, biar kita dapat Kerjaan Sisaan 🤣🤣😭😭  Maudy Ayunda",tweet,1904116,,120,2275
https://x.com/_____moey/status/2099429511070949415,X/Twitter,_____moey,573,573,"lokal brand selasa high end yaa judulnya 👀 dupe lip pot @ from this island by maudy ayunda

📎 https://t.co/hUL1ZgZn5l

mending beli time phoria udah 3 in 1 bisa untuk lip, blush, eyeshadow incluede aplikatornya juga https://t.co/SB6TBR1nnU",tweet,16235,,2,0
https://x.com/IrsaPertiwi/status/2099429297819639843,X/Twitter,IrsaPertiwi,28,28,KATANYA PINTER KOK KITA SURUH AJA NGEGANTIIN MAUDY AYUNDA KALO PINTER BENERAN @hlloash18,tweet,42,,0,0
https://x.com/koseishu/status/2099427794266812913,X/Twitter,koseishu,97,97,padahal dari kecil gue aspire bgt jadi kayak maudy ayunda yang talented super smart kuliah di UK itu tapi buat apa pendidikan tinggi &amp; prestigious kalo gak bisa empati sama kondisi orang lain😞,tweet,47,,0,0
https://x.com/si_abdeeenegara/status/2099427644182028445,X/Twitter,si_abdeeenegara,2750,2750,"Inilah untungnya sistem Desil DTSEN. Data lama yg tidak akurat kini diperbaiki. Yang dulu tersembunyi akhirnya terlihat. Bantuan sosial tidak lagi meleset, keadilan dirasakan oleh mereka yang selama ini menunggu. #MengenalDesilDTSEN
@bps_statistics 

Senin Maudy Ayunda #zonauang https://t.co/ieKsKmaP0B",tweet,147,,0,1
https://x.com/flashkupi/status/2099427501814734888,X/Twitter,flashkupi,25,25,gapernah seneng atau jadiin maudy ayunda ini panutan sih. bye aje,tweet,89,,0,0
https://x.com/WkwkwTimes/status/2099427373741687035,X/Twitter,WkwkwTimes,3,3,"Hati-hati jatoh pak 😭

#ngakak #lucu #kocak #humor #meme #memes #fyp #viral #trending #keren #kaget #hiburan #view #funny #gagal #fail #ketawa #perthsanta #heartboundseries Maudy Ayunda Senin Lawan 10 Calista https://t.co/Sej7DVO4bJ",tweet,142,,0,0
https://x.com/saphelune_/status/2099427262370345257,X/Twitter,saphelune_,14378,14378,"udah dititik liat Maudy Ayunda di hujat, udah paling bener jangan terlalu mengidolakan siapa pun sih ya https://t.co/oy0U39r9ll",tweet,1817,,13,2
https://x.com/obibelito/status/2099427225913511977,X/Twitter,obibelito,13,13,@rxnpvt @matahmatahhh sekali lagi gua katakan : maudy ayunda adalah artis serabutan yang penting ada job dan stay relevant,tweet,937,,0,0
https://x.com/melonminii/status/2099427197127971043,X/Twitter,melonminii,4556,4556,Maudy Ayunda pernah sarapan lontong tunjang ga ya,tweet,89,,0,0
https://x.com/baeryble/status/2099427078672400421,X/Twitter,baeryble,46,46,"boikot artis tone deaf, contohnya maudy ayunda",tweet,82,,0,0
https://x.com/obibelito/status/2099426954797809714,X/Twitter,obibelito,13,13,"akhirnya maudy ayunda get the hate she deserves!!! udah janggal banget dari pas dia posting direbutin harvard sama standford!!! WKWKWKWK. pick me, tone deaf final boss!!! ((not to mention I hate her karena menurut gweh, dia artis SERABUTAN))",tweet,114,,0,0
https://x.com/troullies/status/2099426517604528234,X/Twitter,troullies,112,112,"Bocil baju pink menggoda 

https://t.co/Ywq6XnZxPY

https://t.co/P1hMMDqgER

https://t.co/Fxy1zap3eS

https://t.co/hNJvwreU9P

https://t.co/ozS5sUhTk2

Senin Lawan 10 Viral purbaya menteri keuangan LPDP Laut Jawa Maudy Ayunda Calista panas https://t.co/kx54qV7wkr",tweet,6016,,13,2
https://x.com/dollestk/status/2099426340575268960,X/Twitter,dollestk,3591,3591,maudy ayunda tidur besok tone deaf lagi,tweet,303,,3,0
https://x.com/999o7i/status/2099426214394114498,X/Twitter,999o7i,14979,14979,"Ajak Maudy Ayunda mindfullnes d tengah kabut asap Kalsel Kalteng Kaltim Kalbar. 

Mindfullnes sambil ngisep asap ampe sesek batuk2 ISPA dibawa k IGD RS yg full ampe nunggu krn byk yg sakit.",tweet,964,,1,0
https://x.com/troullies/status/2099426066532303165,X/Twitter,troullies,112,112,"Ibu dan anak gak mau kalah juga

https://t.co/Ywq6XnZxPY

https://t.co/P1hMMDqgER

https://t.co/Fxy1zap3eS

https://t.co/hNJvwreU9P

https://t.co/ozS5sUhTk2

Senin Lawan 10 Viral purbaya menteri keuangan LPDP Laut Jawa Maudy Ayunda Calista panas https://t.co/bjTNP8vPm5",tweet,7814,,4,2
https://x.com/alduhfee/status/2099425985418735942,X/Twitter,alduhfee,126,126,Juicy Luicy ft. Maudy Ayunda,tweet,59,,0,0
https://x.com/yuriskkaaa/status/2099425089930637417,X/Twitter,yuriskkaaa,1215,1215,maudy ayunda baca ini dy,tweet,199,,0,1
https://x.com/redneer9500/status/2099425035027206435,X/Twitter,redneer9500,12,12,"biksu thailand yang lagi viral

https://t.co/OZCjoRlnvq

https://t.co/OZCjoRlnvq

https://t.co/OZCjoRlnvq

https://t.co/OZCjoRlnvq

Laut Jawa Lawan 10 Caleb LPDP Maudy Ayunda Malang Senin Viral Aqeela Calista Ayel Terbaru Hyrox https://t.co/PVTGr65Fyu",tweet,12682,,13,2
https://x.com/Hnirankara/status/2099424264592195795,X/Twitter,Hnirankara,58719,58719,"Ini seriusan seorang yang lulus dari Ivy League paka LPDP jawabnya kek gini doang?

Padahal di awal udah bagus tuh nyinggung ""sistemik"", dan harusnya bisa dibedah lebih dalam lagi mengingat kapasitas otak Maudy Ayunda yang seharusnya kritis.

Alih-alih bahas lebih dalam tentang ""menaikan gaji guru"" agar ""ngajar bukan pekerjaan yang keren"" jadi nyambung, malah bahas ""tekanan yang diberikan kepada guru"" agar ada kualitas dari guru melalui tesisnya.

Ay, gimana guru mau ningkatin kualitasnya dalam mengajar jika tidak ada motivasi? Nah yang jadi PR pemerintah itu, variabel apa saja yang bisa menaikan motivasi guru dalam mengajar sehingga kualitas pendidikan ikut naik?

Dengan gaji yang kecil, kurikulum yang terus berubah, belom lagi ditambah tekanan harus nyicipin menu MBG, apakah akan membuat para guru termotivasi dalam meningkatkan kualitas pendidikan?",tweet,21191,,3,27
https://x.com/yenithasamba/status/2099423956688404931,X/Twitter,yenithasamba,89,89,Senin bentar lagi maudy ayunda menteri keuangan musim hujan. Hslarus preparendari sekarang siapin hoodie waterproof ini https://t.co/NHJFVM4qO1,tweet,58,,0,0
https://x.com/pradaUAENA/status/2099423698180874576,X/Twitter,pradaUAENA,173,173,"Pandu Sjahrir (DANANTARA, ponakan Luhut) nolong suami Maudy Ayunda agar Maudy hidup (makin) tajir.

Ya bahkan keluarga kandungnya Maudy sanggup bayar sendiri 11 (SEBELAS) sekaligus kuliah luar negeri, tapi memang mental miskin Maudy tuk tetap apply Lpdp
https://t.co/h2NyELZsIB",tweet,136,,2,0
https://x.com/Otto_0967/status/2099423692518494708,X/Twitter,Otto_0967,631,631,"Mau ganti Menteri Keuangan 10x kalau sumber masalahnya tidak dihilangkan ya sama saja..
.
Senin
Laut Jawa
Maudy Ayunda 
Lawan 10
.
Sumber masalah 👇 https://t.co/y7MONv6lZm",tweet,16099,,1,4
https://x.com/pradaUAENA/status/2099423598062567624,X/Twitter,pradaUAENA,173,173,"@pandaleezasol Pandu Sjahrir (DANANTARA, ponakan Luhut) nolong suaminya Maudy Ayunda agar Maudy hidup (semakin) tajir.

Ya keluarga kandungnya Maudy sanggup bayar sendiri 11 (SEBELAS) sekaligus kuliah luar negeri, tapi memang mental miskin Maudy tuk tetap apply Lpdp
https://t.co/h2NyELYUT3",tweet,59,,0,0
https://x.com/alitheakimM/status/2099423451366961368,X/Twitter,alitheakimM,14,14,"Biksu Thailand yang lagi rame = 🎥 👇 Play video part 2/3:34

https://t.co/7JngrOQmgn

https://t.co/5hCWdfVNdV

https://t.co/xiOVqd6Nsx

Senin Lawan 10 Viral Aqeela Terbaru LPDP Laut Jawa Maudy Ayunda Calista panas krakatow news https://t.co/Ug3wFFfO0D",tweet,1249,,0,0
https://x.com/pradaUAENA/status/2099423450620448835,X/Twitter,pradaUAENA,173,173,"Pandu Sjahrir (DANANTARA, ponakan Luhut) nolong suaminya Maudy Ayunda agar Maudy hidup (semakin) tajir.

Ya bahkan keluarga kandungnya Maudy sanggup bayar sendiri 11 sekaligus kuliah luar negeri, tapi memang mental miskin Maudy tuk tetap apply Lpdp
https://t.co/h2NyELZsIB",tweet,185,,0,0
https://x.com/akuratco/status/2099423155865403733,X/Twitter,akuratco,18724,18724,"Maudy Ayunda Dikritik Gegara Konten Mindfulness, Dinilai Kurang Peka Realitas Sosial 🧘‍♀️📱🗣️

Aktris sekaligus figur publik Maudy Ayunda tengah menjadi perbincangan hangat di jagat maya usai konten YouTube terbarunya yang bertajuk Mindfulness in the Age of Bad News menuai kritik tajam dari warganet. 

Dalam video tersebut, Maudy membahas cara menjaga kesehatan mental dengan mengambil jarak dari paparan berita buruk, mulai dari rentetan bencana alam, kelangkaan BBM, hingga karut-marut kebijakan pemerintah. 

Namun, alih-alih mendapat respons positif, pesan tersebut justru memicu perdebatan lantaran dinilai kurang sensitif. 

Banyak pihak berpendapat bahwa kemampuan untuk sekadar ""memilih"" kapan harus berhenti mengikuti perkembangan situasi krisis adalah sebuah privilese eksklusif yang tak dimiliki oleh masyarakat kelas bawah yang harus berhadapan langsung dengan dampak pahit realitas tersebut setiap harinya.

Menyadari kontennya memicu polemik, Maudy tak tinggal diam dan langsung memberikan klarifikasi secara terbuka. 

Ia dengan lapang dada mengakui bahwa kemampuannya untuk menarik diri dan mengambil jarak dari situasi sosial yang penuh tekanan memang merupakan sebuah privilese tersendiri. 

Ia meluruskan bahwa konsep mindfulness yang ia sampaikan sama sekali bukan bertujuan untuk mengabaikan realitas atau menutup mata seolah masalah tersebut tidak ada. 

Lebih lanjut, istri dari Jesse Choi ini menyampaikan rasa terima kasihnya atas segala teguran maupun sudut pandang berbeda dari warganet, yang ia jadikan sebagai bahan refleksi dan pembelajaran berharga agar lebih bijak ke depannya.",tweet,337,,0,0
https://x.com/rosesarety/status/2099421905094848951,X/Twitter,rosesarety,761,761,lol ditahap maudy ayunda kena cancel itu lucu sih,tweet,115,,0,0
https://x.com/pejunain/status/2099421669454758283,X/Twitter,pejunain,58,58,holy shit maudy ayunda downfall,tweet,153,,0,0
https://x.com/malesjawab/status/2099421428466753619,X/Twitter,malesjawab,111,111,@0tk0il @maudyayunda Maudy Ayunda adalah penerima beasiswa LPDP (Lembaga Pengelola Dana Pendidikan) dari pemerintah Indonesia untuk melanjutkan studi jenjang magister (S2). [1] (https://t.co/TXgJNQWxOm),tweet,280,,1,0
https://x.com/Smash1014314/status/2099421019723223068,X/Twitter,Smash1014314,3392,3392,"Maudy Ayunda pernah bikin heboh se-Indonesia cuma gara-gara video 5 detik 😭

Awalnya cuma obrolan santai, eh tiba-tiba berubah jadi polemik nasional. Netizen debat kusir berhari-hari gara-gara satu potongan video.

Waktu itu Maudy ikut sesi rapid fire question di TikTok Felicia Tjiasaka. Formatnya jelas: pertanyaan cepat yang harus dijawab spontan, jadi nggak ada banyak waktu buat mikir.

Salah satu pertanyaannya:

“Kalau jadi Menteri Pendidikan, apa yang bakal kamu lakuin?”

Maudy jawab spontan kalau dia ingin meninjau ulang sistem asesmen supaya nggak terlalu bergantung sama soal pilihan ganda dan bisa lebih melatih critical thinking.

Dan itu sebenarnya cuma contoh gagasan akademik dari karya tulis yang pernah dia buat waktu kuliah, bukan program kebijakan resmi.

Tapi begitu masuk ke tangan media pemburu klik dan akun-akun kurator medsos, narasinya berubah jadi:

“Maudy Ayunda Mau Jadi Menteri Pendidikan, Bakal Hapus Total Ujian Pilihan Ganda!”

Obrolan santai dan konteks aslinya langsung hilang 😭

Kalau dibandingin:

Video utuh: kuis hiburan, jawaban spontan, membahas variasi asesmen yang lebih bernalar atau open-ended.

Versi clickbait: seolah-olah Maudy lagi ngumumin program kerja ambisius sebagai calon menteri yang mau menghapus soal pilihan ganda sampai ke akar-akarnya.

Alhasil netizen langsung ngamuk:

“Halah, baru lulus udah sok ngatur kurikulum!”

“Kesejahteraan guru belum beres, malah ngurusin pilihan ganda!”

Padahal pernyataan yang diserang itu sebenarnya nggak pernah disampaikan sekaku narasi tersebut 😭

Ini yang disebut rage-bait culture.

Media dan kreator tahu banget kalau berita yang penuh konteks itu kalah menarik dibanding narasi yang bikin orang marah. Yang bikin emosi lebih gampang dapat klik, repost, komentar, sampai jutaan impresi.

Kita sekarang hidup di era post-truth, ketika fakta objektif sering kalah sama potongan narasi yang paling berhasil memancing emosi.

Video dipotong 5 detik, konteks dibuang, judul dibikin heboh. Akhirnya yang jadi korban pertama ya kebenarannya.

Jadi gimana cara kita nggak gampang kemakan?

Jangan langsung emosi cuma gara-gara baca judul sensasional.

Cari video atau rekaman utuhnya sebelum ikut komentar.

Dan selalu tanya:

“Siapa yang motong video ini, dan narasi apa yang sebenarnya lagi dibangun?”

Kasus Maudy Ayunda ini nunjukin kalau kita semua bisa jadi korban pembodohan algoritma kalau malas cek silang.

Jempol kita sebenarnya punya kendali penuh: mau ikut nyiram bensin ke api clickbait, atau berhenti sebentar buat cari konteks yang utuh?",tweet,38221,,3,17
https://x.com/pluffykyu/status/2099420274567614503,X/Twitter,pluffykyu,87,87,"Maudy Ayunda upload video itu 3 minggu yang lalu

3 minggu yang lalu Flores sudah terdampak gempa dan karhutla merebak dimana-mana

Entah berita buruk mana yg dimaksud",tweet,119,,0,0
https://x.com/si_abdeeenegara/status/2099420054534455492,X/Twitter,si_abdeeenegara,2750,2750,"Data kemiskinan itu ibarat sebuah foto. Foto yang diambil tiga tahun lalu sudah tidak sama dengan penampilan kita hari ini. Kehidupan berubah, ada yang jatuh, ada yang bangkit. Makanya data harus terus diperbarui. #MengenalDesilDTSEN
@bps_statistics 

Maudy Ayunda Senin #zonauang https://t.co/d2NId0VfIp",tweet,150,,0,1
https://x.com/Psalmnione/status/2099419146517897318,X/Twitter,Psalmnione,126,126,Maudy Ayunda M nya Marie Antoinette.,tweet,273,,0,1
https://x.com/IDNTimes/status/2099418754555990126,X/Twitter,IDNTimes,364350,364350,"Konten Mindfulness Maudy Ayunda Dianggap Tone Deaf, Ia Minta Maaf dan Akui Soal Privilese

https://t.co/EKbZGWRaCf https://t.co/mjZWBUJgzo",tweet,1706,,0,1
https://x.com/HILARlO/status/2099418407376740720,X/Twitter,HILARlO,1001,1001,"@xx6riku @matahmatahhh Gal Gadot, Dian Sastro, Maudy Ayunda.

Terlepas gimanapun kelakuannya, tapi harus dipahami kalo yang sedang dibicarakan adalah aktris cantik kak. 🙏",tweet,468,,0,0
https://x.com/hubunganseksual/status/2099418083106693238,X/Twitter,hubunganseksual,2601,2601,"maudy ayunda dicancel
UK mau bubar
kerjaan kantor dar der dor crisis management 
udah anj pusing mampus hariini",tweet,427,,1,0
https://x.com/Neelams54922084/status/2099417985748259072,X/Twitter,Neelams54922084,15,15,"Just swiping it, that's all, geez😉🥰

https://t.co/VZDcXbe3rI

https://t.co/VZDcXbe3rI

https://t.co/VZDcXbe3rI

https://t.co/VZDcXbe3rI

https://t.co/VZDcXbe3rI

Yuki LPDP Sunday Java Sea Monday Sulawesi Mandalika Yuji Maudy Ayunda https://t.co/j3KhPaRb5v",tweet,775,,0,0
https://x.com/rezzamien/status/2099416970940805481,X/Twitter,rezzamien,170,170,Maudy Ayunda suruh liat beginian,tweet,91,,0,0
https://x.com/iamamsal/status/2099416810299052078,X/Twitter,iamamsal,101,101,Maudy ayunda sama kaya cewe2 hipocrite kebanyakan. Ketutup branding aja,tweet,144,,0,0
https://x.com/_____moey/status/2099416458577207542,X/Twitter,_____moey,573,573,"SERUM VIT C 25ml 250K?? maudy ayunda kebelet naik haji atau gimana yg mau pudarin bekas jerawat dan cerahin wajah pakai vitamin c dari @ Avoskin

📎 https://t.co/lnLu1qMYaW

pagi vit c avoskin malamnya pakai niacinamide WORKSS BGT aku udah pakai dari lama beneran ilanggg https://t.co/W0xRTMiry7",tweet,22678,,1,1
https://x.com/monchhychi/status/2099416392315637898,X/Twitter,monchhychi,183,183,baru tahu ini brandnya maudy ayunda,tweet,228,,0,0
https://x.com/viraltrending__/status/2099415751975460883,X/Twitter,viraltrending__,14,14,"🚨 SKNC 2026 di Pekalongan menjadi sorotan setelah video salah satu teatrikalnya viral

Berita lainnya bisa di cek : https://t.co/qtKpdnpyMk 

#BeritaHariIni #BeritaTerkini #BeritaTerbaru #BeritaViral #Hotupdate Lawan 10 Apel Pagi Maudy Ayunda Senin Banjarmasin Indosat Staf Dalot https://t.co/buxJU1upoF",tweet,391,,0,0
https://x.com/aespakarinaswn/status/2099415550678159820,X/Twitter,aespakarinaswn,28,28,"horay ada job receh nih klu ada yang baru install aplikasi shopeepay pakai kode referral ku biar dapet bonus saldo 5k dari shopee pay

referal : FF6JWV5WP

klaim reward di halaman undang teman.

maudy ayunda senin diskon promo, lawan 10 apel pagi info freelance laut jawa zonauang",tweet,255,,0,0
https://x.com/VadaKnobel/status/2099415526678430145,X/Twitter,VadaKnobel,12,12,"Just swiping it, that's all, geez

https://t.co/LqzzWL15q9

https://t.co/LqzzWL15q9

https://t.co/LqzzWL15q9

https://t.co/LqzzWL15q9

https://t.co/LqzzWL15q9

Yuki LPDP Sunday Java Sea Monday Sulawesi Mandalika Yuji Maudy Ayunda https://t.co/TcqT4NLqnN",tweet,294,,2,0
https://x.com/lovesnasigoreng/status/2099415110095982825,X/Twitter,lovesnasigoreng,3561,3561,"COBA BUNDA NGOBROL NYA KE MAUDY AYUNDA DEH‼️

Supaya dia ga nonton berita buruk terus bund. Kasihan dia.

Banyak istilah orang susah yg sptnya  bunda ga perlu tau ya bund.

😉🤏 https://t.co/qEurB2VJ1R",tweet,865,,1,0
https://x.com/arettanaina/status/2099415023420575881,X/Twitter,arettanaina,938,938,"Maudy Ayunda kalau turun gunung melihat ke berbagai sekolah di Indonesia,tidak hanya jakarta atau pedalaman. Pasti akan menemukan keruwetan masalah pengajaran dan kualitas guru yg kompleks bgt. 

Selama pelatihan guru hanya simbolik saja, pendidikan kita jg ga akan kemana mana",tweet,45,,0,0
https://x.com/cloufae/status/2099414620192862527,X/Twitter,cloufae,113,113,"saking chaosnya indonesia udah sampe tahap maudy ayunda di rujak juga, bener-bener emang rezim ini merusak jiwa kita semua",tweet,31,,0,0
https://x.com/_____moey/status/2099414604287783114,X/Twitter,_____moey,573,573,"maudy ayunda bikin lokal brand tapi semua produknya overprice.... masa facial wash 100ml 120k stresss 

📎 https://t.co/kgzjhOixtE

sama-sama low ph pake somethinc sooo gentle dikulit sensitive aman bgt aku pakai ini ga bikin kering/ketarik after cuci muka. https://t.co/Q65y0dtrMh",tweet,25714,,2,1
https://x.com/breezyfreezy_/status/2099413836864593952,X/Twitter,breezyfreezy_,586,586,@sosmedkeras hidup udah dititik ngeliat maudy ayunda dihujat👀,tweet,3319,,0,1
https://x.com/Tribun_Bogor/status/2099412950624964954,X/Twitter,Tribun_Bogor,487,487,"Kronologi Maudy Ayunda Dikritik Netizen, Video Mindfulness soal Kabar Buruk Berujung Permintaan Maaf
 
https://t.co/4pDptFbYVa lewat @tribunnews",tweet,68,,0,0
https://x.com/cocolovx/status/2099412560651153649,X/Twitter,cocolovx,194,194,"ga pernah kebayang ngeliat maudy ayunda kena backlash rakyat indo, and its not coming only from twitter side tpi ternyata semua platform njir serem serem 🫪",tweet,89,,0,0
https://x.com/si_abdeeenegara/status/2099412396406350249,X/Twitter,si_abdeeenegara,2750,2750,"Keluarga yang kuat membangun masa depan yang lebih baik. Ibu Zubaidah berjuang, menanti, dan akhirnya ditemukan lewat data yang akurat. Pembaruan data bukan sekadar prosedur, melainkan jembatan bagi mereka yang butuh dukungan.
#MengenalDesilDTSEN

Maudy Ayunda Senin #zonauangㅤ https://t.co/YdmVQIMXIP",tweet,244,,0,0
https://x.com/kusugaaa/status/2099412348515799074,X/Twitter,kusugaaa,229,229,ternyata hari ini datang juga (maudy ayunda digoreng netijen),tweet,112,,0,0
https://x.com/myyangzi/status/2099412301875159040,X/Twitter,myyangzi,1603,1603,"@sirkuseminggu Kak, maudy ayunda lulusan stanford, buna tedi sekertaris kabinet dan prabowo presiden RI 😭. Gw mah ngeliat mba2 internet baru menyandang title seorang ‘worker’ dunia hiburan cina means nothing (apalagi gatau beneran apa engga)",tweet,175,,0,0
https://x.com/giriwanaid/status/2099412286670827643,X/Twitter,giriwanaid,5357,5357,maudy ayunda makan mie ayam nggak sih guyss? https://t.co/NHN2kHcxl8,tweet,661,,25,2
https://x.com/afinasyif/status/2099411374350934125,X/Twitter,afinasyif,13547,13547,"kalo kata maudy ayunda harus tetap mindful ya kalo ada berita buruk?

GA, GABISA! NTT masih belum pulih dan masih butuh bantuan

sudah hampir sebulan mereka masih tidur di tenda, air susah bahkan ga ada, kalo siang panasnya minta ampun dan malam dingin🥺🙁 https://t.co/ZvR6ea5DZH",tweet,7087,,0,269
https://x.com/ritaaoktav/status/2099411306122199533,X/Twitter,ritaaoktav,338,338,"ASUPAN NAKAL FULL PERCAKAPAN BOKEPLOKAL LURAH 
1.Lurah vs Sekdes 
https://t.co/BYT93RAuSb

2.Resta Maharani Vcs 
https://t.co/3XVWTWFh0d

3.Kebaya Merah
https://t.co/Ol8gzuX2h8
Ayam Laut Jawa vcs Maudy Ayunda Senin Apel Pagi Lawan 10 https://t.co/XQ8ifY1BoO",tweet,4690,,0,0
https://x.com/zhoezhoey/status/2099411258835714357,X/Twitter,zhoezhoey,599,599,@LambeSahamjja bg windah guweh yg suka streaming game  lebih pinter drpd maudy ayunda yg kuliah di ln pake pajak rakyat,tweet,143,,0,0
https://x.com/pramudhitos/status/2099411251365380255,X/Twitter,pramudhitos,137,137,@ESyarkazyie @grok Bisa2nya nyuruh grock buat namabahin foto prabowo di foto yang buatan AI. Pantesan maudy ayunda dibilang tone deaf,tweet,287,,0,0
https://x.com/2025izmyyear/status/2099411205794435538,X/Twitter,2025izmyyear,1643,1643,feeling so validated seeing people express how exceptionally audacious yet mediocre maudy ayunda has been,tweet,181,,0,1
https://x.com/ceixro/status/2099411096197312929,X/Twitter,ceixro,162,162,"senin maudy ayunda carmen 
https://t.co/MDaMaStJYT https://t.co/Wrty8hfamK",tweet,162,,0,0
https://x.com/hypekompascom/status/2099411084264587570,X/Twitter,hypekompascom,72531,72531,Ucapan Maudy Ayunda soal Mindfulness Saat Hadapi Banyak Berita Buruk yang Buatnya Dikritik https://t.co/5b4OrIBodI https://t.co/sUFve9efo3,tweet,228,,0,0
https://x.com/_____moey/status/2099410886909894693,X/Twitter,_____moey,573,573,"aku rangkumin alternatif lain dari produk @ from this island by maudy ayunda yg pastinya lebih affordable.

📎  https://t.co/QGXMAvpowg

Micellar Water 265ml 130K ❌ alternatif Somethinc 400ml 68K ✅
kandungannya hampir mirip sama-sama shooting &amp; hydrating https://t.co/xHrCa57YOS",tweet,38090,,2,0
https://x.com/istrinyadilan/status/2099410849438032348,X/Twitter,istrinyadilan,2514,2514,"@_____moey Maudy Ayunda downfall era
Kenapa idolaku semasa SMP blunder ih:(
Skip deh",tweet,4877,,0,1
https://x.com/OnosOdomero/status/2099409794985758753,X/Twitter,OnosOdomero,158,158,Apel pagi review maudy ayunda aslinya jelek,tweet,765,,0,0
https://x.com/noodelzip/status/2099408652373463151,X/Twitter,noodelzip,104,104,apakah habis ini maudy ayunda akan kena cancel? dududududu,tweet,52,,0,0
https://x.com/mecuntul/status/2099408560702595300,X/Twitter,mecuntul,241,241,ketika ikut lomba tone deaf ternyata lawanmu maudy ayunda,tweet,90,,0,0
https://x.com/lagibucinjuyeon/status/2099408386462994626,X/Twitter,lagibucinjuyeon,142,142,spoiled brat = maudy ayunda,tweet,40,,0,0
https://x.com/shaakunnn/status/2099408278950449585,X/Twitter,shaakunnn,93,93,"Video maudy ayunda is the real definition of ""let them eat cake"" you complaining on how bad news been hitting you. IMAGINE them experiencing the bad news. Padahal The so called ""bad news"" ini adalah cry for help mereka. Tone deaf mah tone deaf aja. Gausa diumbar",tweet,229,,0,1
https://x.com/tiuwtiw/status/2099407888167149986,X/Twitter,tiuwtiw,4296,4296,"Maaf ya Maudy Ayunda, saya akan tetap berisik buat sebarin bad news. Pemerintah ini mau kita sebut kontol aja gak pantes. Kontol lebih berguna.",tweet,133,,0,2
https://x.com/AlfaBet_4/status/2099407586785476788,X/Twitter,AlfaBet_4,1285,1285,"Kisah Ibu Zubaidah dari Bima membuktikan bahwa pembaruan data lewat #MengenalDesilDTSEN mengubah hidupnya dari yang sering berhutang kini terbantu program PKH pemerintah secara sangat tepat. @bps_statistics 

Senin Carrick Dalot Maudy Ayunda https://t.co/7yy2RMKZcl",tweet,278,,0,0
https://x.com/AFreeAldo/status/2099407561623736379,X/Twitter,AFreeAldo,40,40,@sehyrui Apakah Maudy Ayunda pernah ngantri 2 jam untuk ngisi bensin motor di SPBU?,tweet,451,,0,0
https://x.com/4000l1/status/2099407436851601633,X/Twitter,4000l1,273,273,Shame on you sih Maudy Ayunda😂,tweet,88,,0,0
https://x.com/necowobin/status/2099406623471190146,X/Twitter,necowobin,77,77,"mba maudy ayunda mending bikin ig secound account deh😭😭 ku yakin postingan tone deaf bgtu diterima sama circle u, just bunch of people going exactlyyyyyyyy to each other",tweet,68,,0,0
https://x.com/winkellitelstar/status/2099406492831215852,X/Twitter,winkellitelstar,121,121,"In this economy…in this prawowo era..
Me trying to practice MINDFULNESS but im not maudy ayunda:",tweet,258,,0,0
https://x.com/plozzus/status/2099405423459836193,X/Twitter,plozzus,155,155,"Main di kursi saat rumah lagi sepi 

https://t.co/R214D4nHC4

https://t.co/vjQoOdMAee

https://t.co/iNqpSIukIb

https://t.co/w5YFEB4H70

https://t.co/VEFEgm4Bnt

Senin Lawan 10 Viral Aqeela Terbaru LPDP Laut Jawa Maudy Ayunda Calista panas https://t.co/N5h63wregJ",tweet,13401,,17,2
https://x.com/AlfaBet_4/status/2099405335304016094,X/Twitter,AlfaBet_4,1285,1285,"Sistem digital baru menutup celah manipulasi data agar orang mampu tercoret dan warga miskin baru terjangkau melalui keadilan sosial lewat #MengenalDesilDTSEN yang sangat transparan sekali. @bps_statistics  

Senin Carrick Dalot Maudy Ayunda https://t.co/WDzSpg2xmJ",tweet,37,,0,0