url,platform,account_name,followers,date_posted,description,content_type,views,likes,replies,retweet/repost
https://www.threads.com/@whenywealth/post/DdOr82Ck_Hh,Threads,whenywealth,,2026-09-13T13:38:32.000Z,"tau sabun mandi kan?
itu sy yang suruh.",post,,,3972,
https://www.threads.com/@buitenzorgy/post/DdQgqbVD3qS,Threads,buitenzorgy,,2026-09-14T06:38:23.000Z,"Dear @maudyayunda, kalau kamu ""cuma artis biasa"" yang nggak pernah sekolah serius, saya bisa maklum dengan konten “Mindfulness in the Age of Bad News” mu yang dihujat netizen se-Konoha Raya itu. Tapi, kamu adalah alumni Philosophy, Politics and Economics (PPE) Oxford, jurusan yang paling banyak mencetak para Policy Makers di UK termasuk 5 orang PM. Kamu mereduksi persoalan BAD POLICY menjadi sekedar persoalan BAD NEWS, itu adalah kedunguan tingkat dewa untuk standar alumni PPE Oxford.  1/10",post,,,3385,
https://www.threads.com/@bellemut_/post/DdX27coEaFb,Threads,bellemut_,,2026-09-17T03:07:38.000Z,"Ciri SDM Rendah:
Buang sampah ke kali

Apalagi?",post,,,3334,
https://www.threads.com/@normanj8686/post/DdX5vJhAVJG,Threads,normanj8686,,2026-09-17T03:32:30.000Z,"Setelah menonton full video dari Maudy Ayunda, jujur bingung dimana letak tone deaf nya.
Video dia ini justru mengedukasi gimana caranya kontrol diri dalam menyikapi banyaknya bad news, bukan ajakan bertindak apatis atau tone deaf, bahkan di cuplikan ini jelas dia bilang ""bukan kayak menutup mata tapi curate your information dgn trusted sources"".",post,,,1381,
https://www.threads.com/@nadyads2/post/DdYw1hQo4-m,Threads,nadyads2,,2026-09-17T11:33:38.000Z,tanggapan kakak kakak kalau di busway depan mata kita lihat orang berjatuhan ketombe dari rambutnya di baju or jaket yg kebetulan hitam pakaiannya itu gimana ya? Izin saran,post,,,1357,
https://www.threads.com/@navalaoude/post/DdZDS97ke2P,Threads,navalaoude,,2026-09-17T14:14:57.000Z,"RIP empathy 💔￼ miris bgt baca reply kaka ini. Menurut dia selama dia baik, Indonesia juga baik. Contoh nyata manusia tonedeaf.",post,,,1294,
https://www.threads.com/@acjoo/post/DdV5tUYgQdR,Threads,acjoo,,2026-09-16T08:53:27.000Z,"Coba creator dan netizen yang ngegoreng, kasih tau saya. Saya mau belajar.",post,,,1242,
https://www.threads.com/@momsdailyneeds/post/DdVM6aeGpkb,Threads,momsdailyneeds,,2026-09-16T02:22:01.000Z,"Yg dia omongin sebenarnya bener..
Gw jg Pengen bisa mindfulness di situasi sekarang.
Tp telur naik dikit aja rasanya pengen misuh2!!!
Lah dia sekali masak telur 3 buat dimakan sendiri wajar kalau dia mindfulness 🤣",post,,,875,
https://www.threads.com/@veritya.arata/post/DdXgNcUkyJo,Threads,veritya.arata,,2026-09-16T23:49:07.000Z,"Lihat kasusnya Maudi Ayunda? 

Ada alasan knp gw hati-hati banget ngobrol sama orang2 yang merasa level kehidupan mereka jauh di bawah gw. Gw sih masih naif dan merasa semua manusia sama. Tapi, gak semua orang sependapat. Gw biasanya lbh suka diem kalau berada di lingkungan gt. Tahu knp?

Karena apapun yang gw omongin tentang hidup gw akan dikira kesombongan dan tone deaf. Bahkan gw cuma ngomongin mau beli buku keluaran terbaru aja dikatai sok pintar. Ke cafe sendirian buat baca dengan tenang?",post,,,716,
https://www.threads.com/@putra_jung/post/DdXj-WXE5ZU,Threads,putra_jung,,2026-09-17T00:22:00.000Z,"Dari Youtube or Postingan Maudy Ayunda yang sliweran di goreng sedemikian rupa, gw bisa tau yang berkomentar mana yang cerdas mana yang dungu.
Tapi asli ngumpul orang dungu sok tau bahkan sampai akademisi pun ga paham isi dari apa yang dibahas maudy ayunda. Malah bahas bahas pajak lah, lppd itu klo otaklu sanggup ya maju karena itu utk semua WNI yg otaknya cerdas pintar! 

Netizen dengan bangganya nanya, setelah di hujat bisa Tidur tenang ga ya si Maudy? Lah dia ga salah mah dia cuek aja.",post,,,633,
https://www.threads.com/@marble_5d/post/DdZHGbcmkUW,Threads,marble_5d,,2026-09-17T14:48:11.000Z,"gw mau bikin list influencer 02, yang sampai sekarang pun tetep tone deaf dengan kondisi negara saat ini. 

1. Ganta dan Gengnya Ganta

waktu dirty vote tayang, gengnya ini denial banget dan tetep all in 02, padahal itu fakta seterang gitu. Terus dengan platform segede itu, mereka sama sekali ga peduli tuh menyuarakan keadaan Indo saat ini.",post,,,595,
https://www.threads.com/@arfzulfikar/post/DdZMdDBGg5i,Threads,arfzulfikar,,2026-09-17T15:34:58.000Z,"Salam hormat buat mereka yg mau mewawancara langsung Prabs di acara ‘Prabowo Menjawab’

Mereka berhasil menjaga ketengangan diri sendiri dengan mindfulness. Mendengarkan semua jawaban yg defensive, zero empathy, ignorance, denial, narcissistic.",post,,,415,
https://www.threads.com/@bulanstafia/post/DdYeDJSj3W1,Threads,bulanstafia,,2026-09-17T08:49:28.000Z,"Simple aja, mereka maunya Maudy ngejelekin Prabowo kak.",post,,,321,
https://www.threads.com/@latecapt/post/DdX3x4RkQo6,Threads,latecapt,,2026-09-17T03:15:04.000Z,Bullying kepada Maudy Ayunda jadi bukti alasan kenapa Indonesia masih tertinggal,post,,,318,
https://www.threads.com/@tempodotco/post/DdY58giH3iX,Threads,tempodotco,,2026-09-17T12:53:14.000Z,"JUST IN: DPR Setujui Pagu Anggaran BGN 2027 Mencapai Rp 240,2 Triliun",post,,,317,
https://www.threads.com/@frnt_de/post/DdXqzGKAZz3,Threads,frnt_de,,2026-09-17T01:21:38.000Z,Akhirnya ada yang menjelaskan seterang benderang ini dan mudah dimengeri terimakasih mak Oneng,post,,,253,
https://www.threads.com/@seycilciceylia/post/DdX-5bJAaWJ,Threads,seycilciceylia,,2026-09-17T04:17:16.000Z,"Inilah contoh orang ke trigger karena potongan. Pembahasan soal mindfulness, dipotong seitil 🤏🏻 Dan disebarkan. 

Inilah contoh orang pahit yang emang cuma pengen menyebarkan kebencian.",post,,,237,
https://www.threads.com/@putrihabibie/post/DdXe3SDAbPV,Threads,putrihabibie,,2026-09-16T23:37:21.000Z,Jadi alasan kakak itu ditendang karena berdiri dekat dia doang?? Atau ada penjelasan lain? Plis kasih tau karena buatku GA MASUK AKAL BGT perilaku lo pak bosssss 🫡🫡🫡🫡,post,,,216,
https://www.threads.com/@dokbuckets/post/DdYz-FkD1vE,Threads,dokbuckets,,2026-09-17T12:01:01.000Z,"Sobat Emergency, aku sudah di Ibukota sejak 7 hari yang lalu. Butuh 7 hari buat buka sosial media lagi. 

20 hari aku dan tim melayani teman-teman di Flores. Selama aku di sana, ada dua orang yang meninggal b*nuh diri di dekat tenda pengungsian. 
💔💔💔",post,,,211,
https://www.threads.com/@theasyaris/post/DdXehc8kxaX,Threads,theasyaris,,2026-09-16T23:34:22.000Z,,,,,194,
https://www.threads.com/@lasarifudin/post/DdXsS57Ezgv,Threads,lasarifudin,,2026-09-17T01:35:51.000Z,"Gua saranin buat artis-artis di luaran sana , kalau gak mau karir kalian redup dalam semalam mending tutup mulut kalian, masyarakat lagi sensitif sekarang.

This bad time buat lu semua pamer harta dan kesenangan kalian di media sosial.",post,,,189,
https://www.threads.com/@awankholish/post/DdZJIAAkmti,Threads,awankholish,,2026-09-17T15:10:27.000Z,"Woyy Maudy !!!!! Lu tuh harusnya nyontoh mbak2 di video ini. 

Artis, influencer, cantik, kaya, berprivilege, pinter, pendidikan tinggi, tapi mau turun lapangan ketika ada bencana di Aceh. Mau menyuarakan keadaan mreka. Mau ngasih dukungan moral material. 

Dia jg LPDP kyak elu di Master Pendidikan tp mau pakai ilmunya. Dia jg bikin yayasan yg fokus pada pendidikan anak2 muda. Dia ikut menyuarakan bencana di Indonesia termasuk Bencana Sumatra kmrin.

Ga kayak elu yg tone-deaf dan nirempati !!!!!",post,,,173,
https://www.threads.com/@kangkoribro/post/DdX56chn54i,Threads,kangkoribro,,2026-09-17T03:33:43.000Z,"jujur ya, threads sekarang agak serem atuh

kemaren ada orang cerita excited mau ke jepang, dikatain tone deaf
ada yang cerita makan di solaria, dibilang tone deaf juga
beli merch kpop dikit, tone deaf lagi

lama-lama bingung, ini kita boleh seneng gak sih disini?",post,,,170,
https://www.threads.com/@cutestladybug/post/DdYUpYIk1tW,Threads,cutestladybug,,2026-09-17T07:27:19.000Z,"kasus Erin gue ikutin, kasus @senayancityjkt gue ikutin, pencopotan Purbaya yg ga etis gue ikutin. yg paling anjing tetep Prabowo",post,,,136,
https://www.threads.com/@andityacitahutami/post/DdWYc-Fk8Jo,Threads,andityacitahutami,,2026-09-16T13:22:05.000Z,,,,,128,
https://www.threads.com/@fa_aula/post/DdYs_FBCj2p,Threads,fa_aula,,2026-09-17T10:59:59.000Z,"Ajak Maudy ke Aceh Tamiang, bertemu korban, ngobrol dg mereka.
Ajak Maudy ke Kalimantan, duduk di sana dan bergerak bersama masyarakat utk memadamkan api.
Ajak Maudy ke lokasi gempa di NTT, angkat puing bangunan yg roboh akibat gempa.
Ajak Maudy ke Padang, ke lokasi banjir bandang.

Kalau cuma duduk di dapur berAC, makan screamble egg, isi tiga telur, jangan jauh2 ngomong ttg mindfuleness deh. Bersyukur, mba. Gk pernah hidup dimasa konflik kan? Tengah malah rumah digedor tni?",post,,,75,
https://www.threads.com/@dewan.perwakilan.netizen/post/DdYtpePk8EO,Threads,dewan.perwakilan.netizen,,2026-09-17T11:05:47.000Z,"Nah kan, udah dibilang jangan buru2 menyimpulkan 🙃",post,,,71,
https://www.threads.com/@satriaakbarnugroho/post/DdYc60WE-0T,Threads,satriaakbarnugroho,,2026-09-17T08:39:36.000Z,"In case udah mulai hilang di algoritma kalian :
1. Hari ke-10, 5 jurnalis 3 awak kapal liputan gn krakatau menghilang
2. Hari ke-5, ratusan orang menghilang di tragedi kapal virgo
3. Lebih dari 60 hari kalimantan karhutla, pemadaman listrik bergilir
4. Lebih dari 90 orang meninggal di pengungsian gempa NTT
5. Banjir bandang dan longsor di Aceh
6. Antrian mengular SPBU di beberapa daerah
Semoga lekas membaik dan dipermudah bagi yang sedang dalam kesulitan 🙏🏻",post,,,68,
https://www.threads.com/@aubreyhedburn/post/DdZKJWNGTm_,Threads,aubreyhedburn,,2026-09-17T15:14:48.000Z,"gila. maudy ayunda dicancel krn topicnya adalah lack of class consciousness, ini malah banyak org menganggap kritiknya itu coming from insecurities and “iri” 😭

gila gila penalaran apaan ini. everyday i thank god i was raised well",post,,,60,
https://www.threads.com/@rizqahfattah/post/DdYSz2OD7py,Threads,rizqahfattah,,2026-09-17T07:11:16.000Z,"Saya nyempil dulu. Saya memilih mindfulness bukan untuk menjauh dari realitas, melainkan belajar menjaga jarak agar tetap jernih. Sebab, peduli tidak selalu berarti larut. Terkadang, kita perlu tenang agar kepedulian tetap punya arah. 

Kadangkala, ada paradoks dalam cara manusia memahami ""empati"" hari ini, merka menuntut orang lain untuk berempati, sembari menyerang manusia lainnya tanpa berempati pula.",post,,,47,
https://www.threads.com/@defeang_97/post/DdYoZ-eEvGX,Threads,defeang_97,,2026-09-17T10:22:43.000Z,"Ini yg kemarin caci maki bawa² nirempati, bawa² tone deaf halah apapun itu. Inget ye🫵🏻 tidak sejalan, bukan berarti anda memaksa kami untuk penuhin ego anda! Jika anda ada dipihak sebelah, SILAHKAN, bijaklah dalam mengkritisi suatu kondisi. Bukan menghakimi dengan ketikan jahat yang kek orang gaada adab, inget tuh🫵🏻",post,,,40,
https://www.threads.com/@jeremyrht/post/DdY3PFlAXRL,Threads,jeremyrht,,2026-09-17T12:29:33.000Z,"DISCLAIMER: i’m not MA fans
dan utas ini untuk diskusi terbuka ya

tapi serius! keinget MA juga pernah trending bahas pendidikan indonesia yang assesment-nya masih PILIHAN GANDA. MA lebih setuju kalau diubah ke OPEN ENDED QUESTION, karena lebih mengasah critical thingking and analizing.

(imo) sekarang terbukti.
ketika merespon sebuah konten masih banyak audience yg LOW COMPREHENSION😨 

wdyt guys??🫤",post,,,28,
https://www.threads.com/@soniaamaliad/post/DdYl7KmjxdJ,Threads,soniaamaliad,,2026-09-17T09:58:17.000Z,cara melatih mental: debat dengan pendukung rezim,post,,,27,
https://www.threads.com/@febriansyahnurr/post/DdYuZJvo-nv,Threads,febriansyahnurr,,2026-09-17T11:12:17.000Z,"Jujurr org sini harus belajar linguistik. biar gak misleading tiap kali nyimpulin sesuatu. ​

Kenapa pada salah kaprah memahami konsep atau argumen? Karena keterbatasan logika bahasa. ​

Pemahaman org - org terlalu sempit buat 
mencerna makna secara utuh. Makanya pada pusing pala nyq dikasi bahasan yg kompleks, yang keluar logical fallcy doang.
Beda pendapat dibilang buzzer?
mindfulness dibilang produk kapital??paling pecah mindfulness dibilang tone deaf😂 apasih goblog??🫶🫶",post,,,25,
https://www.threads.com/@vincen_egayudha/post/DdYtKt0n4IS,Threads,vincen_egayudha,,2026-09-17T11:01:35.000Z,,,,,23,
https://www.threads.com/@mildlydivine/post/DdZH2qXj1An,Threads,mildlydivine,,2026-09-17T14:54:46.000Z,"unpopular opinion : maudy ayunda is overhated

i mean yes dia emg salah buat video dengan judul “mindfulnes in the age of bad news” di kondisi kaya gini, tapi setelah nonton full videonya isinya ga sepenuhnya salah..",post,,,21,
https://www.threads.com/@radixalism/post/DdZiSPhHzoX,Threads,radixalism,,2026-09-17T18:45:44.000Z,"Juicy Luicy, Maudy Ayunda, Andre Taulany.

Gua cuma bisa SKIP, terlalu buang energi ikut-ikutan cancel hal yang gak penting buat hidup gua.

Mereka gak makan dari uang pajak gua, gak berwenang membuat kebijakan yang ngaruh ke hidup gua.

Gua masih ketawa liat lawakan Andre.
Masih ikut nyanyi kalo lagu JL disetel.
Masih nonton filmnya Maudy.

Kalo tiba-tiba ketemu juga tetep gue ajak foto dah asli.",post,,,20,
https://www.threads.com/@anwar.ibra26/post/DdVoC2-gQ41,Threads,anwar.ibra26,,2026-09-16T06:19:05.000Z,"Bagi gue cuma ada 1 orang Maudy di dunia ini yg Cantik dan Cerdas dan berbudi luhur 30 tahun berkarir tutur katanya tak satu pun menyakiti hati rakyat indonesia, love you 💕",post,,,19,
https://www.threads.com/@arunika6131/post/DdYyxQlExWU,Threads,arunika6131,,2026-09-17T11:50:32.000Z,"Orang yang ngetawain dan ngejokes Andre Taulany mungkin dia blm ketemu langsung. Sebaik dan sehumble itu dia sama orang baru, salah satunya ke gw yg awalnya gw fans sama dia malah bisa jadi temen. Semua yg udh ketemu dia pasti sependapat sama gw.",post,,,19,
https://www.threads.com/@prastowoyustinus/post/DdYKOKoEszC,Threads,prastowoyustinus,,2026-09-17T05:56:13.000Z,"Pak, KJP Jakarta menjangkau 707 ribu siswa negeri dan swasta. Utk tambahan dukungan, 103 sekolah swasta mendapat bantuan biaya pendidikan Rp 253 M. Bahwa ada anak yg sekolah di swasta yg masih membayar karena itu pilihan ke sekolah tertentu. Bukan berarti hak mereka diabaikan.",post,,,18,
https://www.threads.com/@jomihariputra/post/DdZdVo4mCyX,Threads,jomihariputra,,2026-09-17T18:02:30.000Z,"guys aku tuh mau coba sesuatu hal baru, cuma ngerasa kaya takut gagal or something.

Jadi aku tuh pengen ngonten, travelling keliling indo sambil selipin bagiin firman Tuhan di setiap kontennya.

menurut kalian gimana, butuh support banget sihh soalnya lagi kaya ngerasa bingung bgt.",post,,,18,
https://www.threads.com/@arunika6131/post/DdYtEd-kxzS,Threads,arunika6131,,2026-09-17T11:00:43.000Z,"Orang yang ngetawain dan ngejokes Andre Taulany mungkin dia blm ketemu langsung. Sebaik dan sehumble itu dia sama orang baru, salah satunya ke gw yg awalnya gw fans sama dia malah bisa jadi temen. Semua yg udh ketemu dia pasti sependapat sama gw.",post,,,16,
https://www.threads.com/@deanetcetera/post/DdX0L-_kqhJ,Threads,deanetcetera,,2026-09-17T02:43:41.000Z,"INTI KONTEN MAUDY AYUNDA

1. konten dia relate untuk masyarakat yang tidak terdampak bencana secara langsung yang sebetulnya sama pentingnya. kesehatan mental itu perlu, karena ini berkaitan dengan tindakan apa yang selanjutnya dilakukan. dengan kesehatan mental yg baik, tindakan2 termasuk bantuan jd lebih terstruktur.",post,,,14,
https://www.threads.com/@ekkaharianja/post/DdXiYeEgUPk,Threads,ekkaharianja,,2026-09-17T00:08:06.000Z,Kalau gue posting konten yoga gue dikatain tone deaf ga yah ? Soalnya gue masih mau tetap waras dengan cara gue beryoga yoga ria ini.,post,,,13,
https://www.threads.com/@theprodigyexter/post/DdZHK6VD1L_,Threads,theprodigyexter,,2026-09-17T14:48:48.000Z,"Ngerti kan guys yang dimaksud Maudy Ayunda. Tanpa mengurangi empati, banyak loh yang ke-trigger ikut stress dan sedih liat berita buruk karna merasa kasian dan gabisa bantu. Kita juga harus memperhatikan psikis kita juga.",post,,,12,
https://www.threads.com/@rosinha_88/post/DdY7WACH_95,Threads,rosinha_88,,2026-09-17T13:05:27.000Z,"Mod, as your fans.. mod cuma mau ingetin: aku dan orang2 jadi marah, kesal, karena video uploading Video Yt ( isinya gak salah) kayak video inpirasi sehari - hari, Tapi Yo masa  influencer berpendidikan seperti kamu tidak bisa menakar ""timing"" Maka itu menjadi  kurang empati ditengah situasi kebakaran  hutan, erupsi dll. Kamu mesti baca buku kamu sendiri deh. ..",post,,,12,
https://www.threads.com/@rofiatulmaos/post/DdaK9_aD3rk,Threads,rofiatulmaos,,2026-09-18T00:41:13.000Z,"GUE PERNAH MIKIR BACA BUKU ITU CUMA BUAT ORANG YANG PUNYA BANYAK WAKTU. SAMPAI AKHIRNYA GUE SADAR... Masalahnya bukan selalu karena nggak suka baca. Kadang bukunya terlalu tebal. Bahasanya terlalu berat. Baru baca 10 halaman, besoknya lupa lagi isinya apa. 😭 Padahal di luar sana ada banyak banget ilmu yang bisa mengubah cara kita melihat uang, karier, hubungan, psikologi sampai kehidupan. Dari situ gue kepikiran:",post,,,11,
https://www.threads.com/@rahmat_perkasa/post/DdZ7k3JEr96,Threads,rahmat_perkasa,,2026-09-17T22:26:43.000Z,"Pantesan Maudy Ayunda bisa mindfullness 🤫

Alat masaknya aja pake Thermomix coy, tinggal pencet-pencet, masukin bahan, dan tara jadilah satu masakan 

Tapi penasaran, biasanya yang punya thermomix itu kalau bukan para chef yang sudah advance yah orang kaya yang ga tau uangnya mau dibelikan apalagi 

Karena harga Thermomix aja lebih mahal dibandingkan NMax 

Sering liat thermomix di dapur masterchef dan tidak semua pesertanya familiar 😃

Tidak heran dia bisa kejar mimpi dan terbang tinggi 🕊️",post,,,11,
https://www.threads.com/@rofiatulmaos/post/DdY54pUlFFd,Threads,rofiatulmaos,,2026-09-17T12:52:42.000Z,"GUE PERNAH MIKIR BACA BUKU ITU CUMA BUAT ORANG YANG PUNYA BANYAK WAKTU. SAMPAI AKHIRNYA GUE SADAR... Masalahnya bukan selalu karena nggak suka baca. Kadang bukunya terlalu tebal. Bahasanya terlalu berat. Baru baca 10 halaman, besoknya lupa lagi isinya apa. 😭 Padahal di luar sana ada banyak banget ilmu yang bisa mengubah cara kita melihat uang, karier, hubungan, psikologi sampai kehidupan. Dari situ gue kepikiran:",post,,,11,
https://www.threads.com/@susijournal1509/post/DdY7YekEkKy,Threads,susijournal1509,,2026-09-17T13:05:47.000Z,"Laporan yang nyampe kedia bagus” semua, makanya dia ga sadar kalo ni negara udh berantakan bgt.",post,,,10,
https://www.threads.com/@rofiatulmaos/post/DdY6Fu1lK83,Threads,rofiatulmaos,,2026-09-17T12:54:29.000Z,"Nggak nyangka banget sekarang website ini malah mulai rame. 😭 Dulu saya bikin sendirian, pakai uang pribadi, dan cuma berharap ada yang mau baca. Sekarang malah ada yang bilang: “Websitenya lucu banget!” 😭😂 Padahal saya bikinnya sambil nangis😭 karena belajar sendiri. Mulai dari mikirin isi, nulis, sampai ngurus tampilannya. Kadang lihat website sendiri rasanya kayak: “Loh... ternyata ada yang suka juga sama tampilannya.” 😭🤣 Jujur, saya senang banget.",post,,,10,
https://www.threads.com/@rofiatulmaos/post/DdaL6c-j__s,Threads,rofiatulmaos,,2026-09-18T00:49:29.000Z,"Kalau kamu suka baca buku tapi sering nggak punya waktu buat menyelesaikannya... Yuk, gabung ke https://rofiatulmaos.com/buku/ 📚😭 Di sini kamu bisa membaca berbagai ringkasan buku secara gratis. Nggak perlu takut ketinggalan isi pentingnya. Kamu bisa mulai dari buku tentang psikologi, bisnis, keuangan, pengembangan diri, komunikasi, sampai berbagai topik lainnya. Siapa tahu, dari satu ringkasan yang kamu baca hari ini...",post,,,9,
https://www.threads.com/@rofiatulmaos/post/DdaLZM9Dwyu,Threads,rofiatulmaos,,2026-09-18T00:44:56.000Z,"Ayok, halo warga yang suka baca buku! 👋📚 Mampir yuk ke https://rofiatulmaos.com/buku/ Di sana ada banyak orang seperti kamu yang mungkin sekarang sedang membaca diam-diam, sambil upgrade ilmu. 😭😂 Nggak perlu pintar dulu. Nggak perlu punya banyak buku dulu. Cukup punya rasa penasaran dan mau belajar. Ada banyak ringkasan buku yang bisa kamu baca secara gratis, dari psikologi, keuangan, bisnis, komunikasi, sampai pengembangan diri. Siapa tahu awalnya cuma mampir...",post,,,9,
https://www.threads.com/@alchrist92/post/DdZFOIoFK8T,Threads,alchrist92,,2026-09-17T14:31:45.000Z,"Belakangan jadi rame soal ""mindfulness"" gara2 Maudy Ayunda. Jadi inget kebetulan saya pernah baca buku berjudul Labirin Kehidupan 2, ada bab yang bahas mindfulness. Ternyata mindfulness menurut buku ini lebih terarah ke 'yang lain' lho daripada ke diri sendiri. Jadi justru bisa bikin kita lebih peka sama penderitaan yang lain. Berikut tulisan dari pak @joasadiprasetya soal mindfulness:",post,,,9,
https://www.threads.com/@rofiatulmaos/post/DdY6OrRFODo,Threads,rofiatulmaos,,2026-09-17T12:55:43.000Z,"Kalau kamu suka baca buku tapi sering nggak punya waktu buat menyelesaikannya... Yuk, gabung ke https://rofiatulmaos.com/buku/ 📚😭 Di sini kamu bisa membaca berbagai ringkasan buku secara gratis. Nggak perlu takut ketinggalan isi pentingnya. Kamu bisa mulai dari buku tentang psikologi, bisnis, keuangan, pengembangan diri, komunikasi, sampai berbagai topik lainnya. Siapa tahu, dari satu ringkasan yang kamu baca hari ini...",post,,,9,
https://www.threads.com/@rofiatulmaos/post/DdY5_ZYlNpO,Threads,rofiatulmaos,,2026-09-17T12:53:38.000Z,"Ayok, halo warga yang suka baca buku! 👋📚 Mampir yuk ke https://rofiatulmaos.com/buku/ Di sana ada banyak orang seperti kamu yang mungkin sekarang sedang membaca diam-diam, sambil upgrade ilmu. 😭😂 Nggak perlu pintar dulu. Nggak perlu punya banyak buku dulu. Cukup punya rasa penasaran dan mau belajar. Ada banyak ringkasan buku yang bisa kamu baca secara gratis, dari psikologi, keuangan, bisnis, komunikasi, sampai pengembangan diri. Siapa tahu awalnya cuma mampir...",post,,,9,
https://www.threads.com/@erisc__/post/DdYleV-E9KT,Threads,erisc__,,2026-09-17T09:54:21.000Z,,,,,9,
https://www.threads.com/@normanj8686/post/DdX6nkkATfR,Threads,normanj8686,,2026-09-17T03:39:52.000Z,"Itulah pentingnya tidak menyertakan emosi dan kebencian dalam menilai sesuatu.
Bukan objektivitas yg didapat tapi logical fallacy.",post,,,8,
https://www.threads.com/@cattkatt_/post/DdZcF3ZD72b,Threads,cattkatt_,,2026-09-17T17:51:36.000Z,"Here’s a piece of mind ya dr perspective gue pribadi. Menurut gue ilmu atau perspektif yang mau disampaikan Maudy Ayunda ga akan sepenuhnya terasa salah kalo 

1. Dia ga membicarakan ini dengan settingan sarapan borju yang terkesan penuh privilese sehingga impresi yang diberikan kontradiktif dengan materi pembahasan dan realita lapangan mungkin kalo dia duduk dengan latar ruang kerja atau tembok putih polos orang bisa lebih menerima pokok bahasan yang mau disampaikan

2.",post,,,8,
https://www.threads.com/@dannpgwk/post/DdZVyuqk11-,Threads,dannpgwk,,2026-09-17T16:56:34.000Z,"Bicara pukul tinggi  Mindfulness omong kosong. Itu karna @maudyayunda tdk prnah hidup di daerah Konflik. Jadinya susah & sulit  utk membayangkan hal itu. 
Lihat...! Adik"" saya masih Pelajar (SD, SMP, SMA/K) sdh punya nyali 🔥 utk bicara sistem yg tdk adil.",post,,,8,
https://www.threads.com/@ihsanixix/post/DdZv15sE9Uh,Threads,ihsanixix,,2026-09-17T20:44:11.000Z,"Berita paling membuat ku geram Minggu ini ? 
7 ""bad news"" i can't stop thinking about this week
1.) OPM bunuh dan bakar Driver 
2.) Purbaya Dicopot
3.) Maudy Ayunda dihujat ""Mindfull""
4.) BP kasus Di Club
5.) OPM tembak 3 pegawai BGn 
6.) Asap Gak kelar2 Kalimantan.
7.) ...........(Isi sendiri)",post,,,7,
https://www.threads.com/@____rezstatic/post/DdZN7wmE4RN,Threads,____rezstatic,,2026-09-17T15:47:54.000Z,udah bener maudy ayunda masuk daftar artis paling gak punya haters malah sekarang jadi rame banget yang silaturahmi,post,,,7,
https://www.threads.com/@bydedisuryadi/post/DdZDcxMgTFV,Threads,bydedisuryadi,,2026-09-17T14:16:17.000Z,"Lebih parah dari Maudy Ayunda, ga tau lagi masih ada hati nurani apa kagak orang ini.",post,,,7,
https://www.threads.com/@ruangcerita_nurharmonia/post/DdZWOgeHWg4,Threads,ruangcerita_nurharmonia,,2026-09-17T17:00:21.000Z,"Klo orangnya ga terdampak langsung. Mindfullness itu gampang bgt ya. Tapi klo kalian berhari2 ada di daerah terdampak kalian akan ngerti rasa capeknya, rasa marahnya. Jadi klo mau ngajarin mindfullness blum dl deh, ga masuk ke orang2 awam. Kyknya lebih cocok ke katarsis dulu.",post,,,6,
https://www.threads.com/@dpw.bowie/post/DdYH0miiUQ8,Threads,dpw.bowie,,2026-09-17T05:35:15.000Z,"Marah2 ke pemerintah karena kesalahan yg diperbuat pemerintah adalah hal yg sangat-sangat wajar.

Marah2 ke seleb/artis atas masalah yg disebabkan oleh pemerintah adalah hal yg konyol, buang2 energi, dan sudah pasti Plenger.",post,,,6,
https://www.threads.com/@feliciaharefa/post/DdZhgZhAYVo,Threads,feliciaharefa,,2026-09-17T18:38:55.000Z,"Maudy Ayunda kalo menurut gw tuh bukan salah ngomong, tapi salah waktu. Ibarat rakyat lagi sebel2nya sama kondisi pemerintahan dan negaranya.. tapi karena pemerintahannya tuli, jadi keki dan butuh pelampiasan.. si Maudy lah salah satu sasaran empuknya. Ilustrasinya kaya di jalanan, asal diteriakin maling, orang2 langsung pada pengen ngegebuk aja kan? Karena rata2 orang uda punya kestresan masing2 dan butuh pelampiasan empuk.",post,,,6,
https://www.threads.com/@muliafichzani/post/DdY2N2ZEhon,Threads,muliafichzani,,2026-09-17T12:20:39.000Z,,,,,6,
https://www.threads.com/@nekerway/post/DdY05gIE8dp,Threads,nekerway,,2026-09-17T12:09:42.000Z,,,,,6,
https://www.threads.com/@un_detecteddd/post/DdYEuamFF_z,Threads,un_detecteddd,,2026-09-17T05:08:11.000Z,"WKWKWK IYA LAGI IYA LAGI IYA LAGI, sok2 mau boikot, noh film bapakmu kiper si fedi nuril komplotan mereka aja sepi, cuma 18rban penonton, baru 4 hari udh turun layar karena rating cuma 1.9😂 gitu tuh mau boikot, yg ada mereka yg diboikot WKWK",post,,,5,
https://www.threads.com/@coach_yunita/post/DdYniIGlEHC,Threads,coach_yunita,,2026-09-17T10:12:21.000Z,"Dimana saya menjudge dia? Saya bertanya untuk dia berpikir ulang. Gak segala hal butuh solusi, kadang kita harus berpikir ulang tentang apa yang membuat kita bereaksi, disana kesadaran kita perlahan muncul.",post,,,5,
https://www.threads.com/@novidsnovids/post/DdX-p9BGmOw,Threads,novidsnovids,,2026-09-17T04:15:09.000Z,Ini nasehat yg bagus utk warga NKRI,post,,,5,
https://www.threads.com/@aritulang_official/post/DdZCqclI8ox,Threads,aritulang_official,,2026-09-17T14:09:25.000Z,"Menyimak di threads: ed sheeran, senayan city…",post,,,5,
https://www.threads.com/@alek_kaka/post/DdZIZmaj4Ms,Threads,alek_kaka,,2026-09-17T14:59:32.000Z,"Setelah gua pikir-pikir, mindfulness ala Maudy ada benarnya buat sebagian orang. Bukan bermaksud mengecilkan peran siapa pun, tapi exposure terhadap terlalu banyak masalah tanpa kapasitas atau solusi justru bisa berdampak lebih buruk ke diri sendiri. Ini serius, gess. Ada risetnya.",post,,,4,
https://www.threads.com/@risyanina_/post/DdZsFqBEsYE,Threads,risyanina_,,2026-09-17T20:11:23.000Z,"Sebenernya mindfullness itu ga salah,,, cuma kurang tepat aja kalau maudy yang bawain, ibaratnya ""salah kemasan"" Gitu loh... Dia niatnya mau ajak kita buat berfikir lebih jernih dan saring informasi lebih teliti dan jangan sampe kegocek, cuma untuk menyebutnya sebagai ""bad news"" Lalu dia mengemasnya dalam video yang dengan tanpa melakukan sebuah aksi kemanusiaan tentu saja akan telnilai ""nirempati"" oleh netizen, terutamammasyarakat yangt terdampak. sekali lagi, ""hanya salah kemasan"" @putra_jung",post,,,4,
https://www.threads.com/@alchemist.harmony/post/DdY6Yr5lK7T,Threads,alchemist.harmony,,2026-09-17T12:57:05.000Z,"Sering kali kita dikondisikan untuk percaya bahwa simpati dan kepedulian sejati berarti kita harus ikut hancur saat orang lain hancur. 

Padahal, secara hukum energi, jika kita ikut menjatuhkan frekuensi kita ke level penderitaan mereka, kita justru kehilangan kekuatan untuk memberikan dampak positif. 

Kita tidak bisa menarik seseorang yang sedang tenggelam jika kita sendiri ikut menceburkan diri, panik, dan kehabisan napas.",post,,,4,
https://www.threads.com/@arunika6131/post/DdYyNjcE2I0,Threads,arunika6131,,2026-09-17T11:45:39.000Z,"Orang yang ngetawain dan ngejokes Andre Taulany mungkin dia blm ketemu langsung. Sebaik dan sehumble itu dia sama orang baru, salah satunya ke gw yg awalnya gw fans sama dia malah bisa jadi temen. Semua yg udh ketemu dia pasti sependapat sama gw.",post,,,4,
https://www.threads.com/@calvinchandra/post/DdZGK0WCdoK,Threads,calvinchandra,,2026-09-17T14:40:03.000Z,"MA (Maudy Ayunda): Ah aku akan bikin video untuk ngajarin orang mindful, semua orang perlu tahu soal ini!

MA (Marcus Aurelius): Ah kayaknya enggak perlu lah dipublish, mana ada yang mau dengerin kalau kaisar kayak gue ngajarin mindful

Sama inisial namanya, berbeda kebijaksanaannya.",post,,,4,
https://www.threads.com/@caalleaa/post/DdZDPGSn7dx,Threads,caalleaa,,2026-09-17T14:14:25.000Z,"Jujur aku nahan bgt buat beropini dari kemaren. Karna aku salah satu yg nonton pas awal"" vidio ini release dan gak ngerasa ada masalah. Karena isinya sama aja kayak konten kak mod sebelumnya. Bahkan kalau di bilang apakah timingnya salah ? Engga juga. Karna pas bgt waktu itu lagi puncak""nya berita musibah yg bertubi"", yang cukup bikin mental ku tertekan karena gak bisa handle berita buruk itu. Waktu itu aku baru bgt habis nangis gara"" liat vidio orang utan, plus tiba"" kesel sama Prabowo wkwkwk",post,,,4,
https://www.threads.com/@misbah_institute/post/DdY-peRjzor,Threads,misbah_institute,,2026-09-17T13:34:19.000Z,"Aku dari dulu follow Maudy Ayunda, dan lumayan tahu bagaimana timeline viralnya dia yang dianggap ‘tone deaf’ ini dari story-nya di instagram. Bermula dari kebakaran hutan di Kalimantan dan Sumatra yg makin parah, dia banyak banget posting story ikut gelisah dan frustasi sama keadaan. Dan dia marah ke siapa? Yes tentu saja ke pemerintah Indonesia. Sampe gue nyeletuk ‘wah story-nya Maudy banyak share tentang bobroknya penanganan bencana di Indonesia nih, berarti dia udah gedek banget.’",post,,,4,
https://www.threads.com/@sukco.commmm/post/DdXfawzH480,Threads,sukco.commmm,,2026-09-16T23:42:12.000Z,"Ya krn Timothy jelas nonsense dan ga perlu didengerin, people know that. Sdgkan yg satu, people expect her to be loud sama isu-isu yang ada krn apa? She has influence, her personal branding itu bagus, she's known as smart, well educated yg harapannya punya kepedulian sama isu-isu yg ada di indo, but in fact, she didn't.",post,,,4,
https://www.threads.com/@adeliafahriani/post/Ddae6c-E6oF,Threads,adeliafahriani,,2026-09-18T03:35:30.000Z,"PART 1 

Akhirnya hari ini aku memutuskan untuk menonton video terbaru Maudy Ayunda soal mindfulness. Awalnya tidak ada niat sama sekali untuk ikut membahas ini, tapi karena aku melihat seorang creator membagikan pov-nya, aku jadi tertarik. 

Dan setelah menonton dan memaamii semua lapisan makna dari setiap kalimat yang dia ucapkan, aku jadi mengerti kenapa orang-orang justru fokus ke sarapan pagi dengan cottage cheese-nya.",post,,,3,
https://www.threads.com/@putrialviatapratama/post/DdZbbwlkua2,Threads,putrialviatapratama,,2026-09-17T17:45:51.000Z,"Maudy mungkin memang timing-nya kurang pas untuk membahas isu seperti itu, ditambah setting-nya sambil menyiapkan sarapan di dapurnya yang aesthetic dan nyaman ituh, jadi wajar mungkin kalau ada yang merasa ga sampai ke pointnya dan pada keburu galfok duluan.

Tapi yang menurutku nggak bisa dibenarkan klo udh sampai menghujat, apalagi ngeluarin sumpah serapah 😅😅 Ayolah guys, kritik boleh, nggak setuju juga boleh, tapi sampai segitunya? That’s too much",post,,,3,
https://www.threads.com/@urutoradude99/post/DdaTR1hk3sq,Threads,urutoradude99,,2026-09-18T01:53:50.000Z,Ga salah ambil video lu? Itu kan Maudy Ayunda sendiri bang? Kocag deh lu,post,,,3,
https://www.threads.com/@vienancier/post/DdY2cwhFGId,Threads,vienancier,,2026-09-17T12:22:41.000Z,"Mindfulness itu sadar, bukan sekadar tenang.
Maudy bilang, jaga jarak dari bad news.
Tapi kalau menjauh bikin kita nggak tahu realita, 
masih mindfulness, atau sudah mind-blockness? 👀
Menurut kalian, di mana batasnya?",post,,,3,
https://www.threads.com/@yoiiiimameennn/post/DdXqoUgk4Un,Threads,yoiiiimameennn,,2026-09-17T01:20:10.000Z,"Mas kalo jadi buzzer jangan dungu nama beasiswanya LPDP, dibaca dulu briefnya yang bener",post,,,3,
https://www.threads.com/@tyaskayla/post/DdYldImk5dY,Threads,tyaskayla,,2026-09-17T09:54:11.000Z,"Dia ga pernah lihat cinta Laura kah? Dia kuliah milih ga pake beasiswa, pinter, suka blusukan ke pedalaman dirikan sekolah buat anak2 pedalaman, setidaknya dia punya keinginan kaya cinta lah ya membumi",post,,,3,
https://www.threads.com/@snaviosa/post/DdZeUiUEnKi,Threads,snaviosa,,2026-09-17T18:11:05.000Z,"[Levitating]
Release: April 23th, 2026

Para Perasuk is one of a kind. It's bizarrely engaging —if that makes sense😅 The visuals, sound, performances, and all those weird, colorful dreamlike sequences?? Insane😵‍💫 It feels bold, mystical, and so different from what we usually get. 🐜🐢🐃🐛",post,,,3,
https://www.threads.com/@firman__nurhuda/post/DdZYmVdHzlE,Threads,firman__nurhuda,,2026-09-17T17:21:05.000Z,"Jujur aja, lu pengen Maudy Ayunda dan selebgram lainnya puji² pemerintah semuanya kan? *tanpa ada pengecualian.",post,,,3,
https://www.threads.com/@jijilubis/post/DdY_-dJiSTw,Threads,jijilubis,,2026-09-17T13:45:56.000Z,"I wrote this line in an unfinished poem, about my own numbness as a journalist: ""I would scroll sufferings like a weather report.""

This week: Maudy Ayunda told people to unplug from bad news for their mental health, then apologized for forgetting that's a privilege. Ed Sheeran dropped Macklemore over a ""Free Palestine"" chant and called staying silent not political.

Bad news isn't weather. You don't get to check it and move on, unless it was never going to touch you.",post,,,3,
https://www.threads.com/@naeshaah/post/DdYyfn8Eyre,Threads,naeshaah,,2026-09-17T11:48:07.000Z,,,,,3,
https://www.threads.com/@yudhaputraii7_/post/DdY1ZQNn2s0,Threads,yudhaputraii7_,,2026-09-17T12:13:28.000Z,,,,,3,
https://www.threads.com/@boyuema_dmk/post/DdY1EfPE7RP,Threads,boyuema_dmk,,2026-09-17T12:10:38.000Z,,,,,3,
https://www.threads.com/@araaa_dumpiee/post/DdZWrcPEz6K,Threads,araaa_dumpiee,,2026-09-17T17:04:18.000Z,"napaaa bawa"" 02 voters kalo gituu?? Senggol lah yg semuanya tone deaf jangan 02 voters doang yg disenggol, ga smua 02 voters itu tone deaf banyak loh 02 voters yg udh donasi nahh kalian"" inii yg nyenggol"" dan ngasih apa hehehe, nih rans disenggol"" perkara 02 voters pdhl rans udh banyak kasih bantuan dan donasii, boleh bilang org tone deaf tp jgn bawa"" 01 02 03, kalian bahas soal bencana atau soal pemilu skrg wkwkwk",post,,,2,
https://www.threads.com/@arbiarso/post/DdaNt-hn4bf,Threads,arbiarso,,2026-09-18T01:05:15.000Z,Mindfulness sama Denialisme itu adalah 2 hal yang sangat berbeda.,post,,,2,
https://www.threads.com/@ranizzatii/post/DdaQlZqne8h,Threads,ranizzatii,,2026-09-18T01:30:18.000Z,"bukannya beliau emang miskin ya kak? bahkan jadi capres termiskin kan waktu itu + masih hutang rumah? kalo dicompare sama gubernur lain skrg dari 38 gubernur juga dia paling miskin😆 apalagi dicompare sama maudy ayunda yang sekali bayarannya puluhan juta, ayah ibunya jg? toh harta anaknya baru menikah jg dan hartanya gak barengan sama ortunya kan?",post,,,2,
https://www.threads.com/@ukikyung/post/Ddac78BkvUh,Threads,ukikyung,,2026-09-18T03:18:14.000Z,apakah maudy ayunda menurut mu termasuk tone deaf? jawab jujur @meta.ai,post,,,2,
https://www.threads.com/@yusrilanwrh/post/DdaWDQKHUUg,Threads,yusrilanwrh,,2026-09-18T02:18:04.000Z,"Dan ada satu kesalahan berpikir yang menurutku terjadi di Threads. ""You have privilege → therefore you have responsibility → therefore you must do X.” Bagian pertama bisa benar.
Bagian kedua bisa diperdebatkan.
Tapi bagian ketiga tidak otomatis benar.
Privilege tidak berarti:
""Kamu wajib menggunakan seluruh hidupmu untuk menyelesaikan masalah orang lain.""
Yang lebih masuk akal:
Semakin besar platform dan privilege seseorang, semakin besar pula dampak potensial dari cara dia berkomunikasi.",post,,,2,
https://www.threads.com/@zanetabrianna/post/DdaJvukk9G_,Threads,zanetabrianna,,2026-09-18T00:30:32.000Z,"Iya cuma Baswedan family doang kak yg manusia biasa dan hrs dimaklumi kekurangannya kalo yg lain enggak..
Dr kasus Maudy Ayunda aja keliatan, dia di caci maki jg perkara ambil LPDP katanya masa org kaya ambil LPDP.
Tp pas anknya Anies ambil LPDP malah di puji2 katanya LPDP itu beasiswa buat org pintar bukan buat org miskin doang .",post,,,2,
https://www.threads.com/@gestine_p/post/DdaKjktnSTO,Threads,gestine_p,,2026-09-18T00:37:37.000Z,"Astaghfirullah. Anda tidak mengalami jadi bisa berkata demikian. Karhutla sudah sejak akhir Juli, tiap hari manusia di sini menghirup udara kualitas berbahaya.
Keren?
Pemda jelas sudah tidak capable.
Harus ada intervensi pemerintah pusat.
Anda tinggal dimana?
Kalteng dan Kalbar sudah sekian lama menderita.
Kebanyakan mindfulness ala Maudy Ayunda ya?",post,,,2,
https://www.threads.com/@alwisetiawanid/post/DdaEsl1Enbu,Threads,alwisetiawanid,,2026-09-17T23:46:25.000Z,"cuma nambahin ya, poinnya bukan buat ngultusin sosoknya berlebihan. jatuhnya mereka kan tetep manusia biasa yang ada kurangnya. kita tuh idealnya belajar mengagumi pikirannya, bukan orangnya.. makanya sayang aja liat komen di bawah kok malah pada nyela dan bawa-bawa dendam politik, rasanya jadi melenceng dan kurang adem. padahal esensinya ya kita serap aja tradisi keilmuannya, gausah fanatik buta ke sosoknya sampe harus nyerang pihak lain..",post,,,2,
https://www.threads.com/@aishsyf_/post/DdaBNtuAWPw,Threads,aishsyf_,,2026-09-17T23:15:59.000Z,"Bener kok kalo kita harus bisa memilah berita yg mana hoax, yg mana bisa dikonsumsi. Tapi sebagai salah satu dari jutaan rakyat yg sdg berada disalah satu “bad news” tersebut sedih bgt. Ini tuh bukan bencana alam loh, ini dibuat oleh manusia. Dan sekali lagi, ini bukan “bad news” yang harus dipilah pilih untuk dikomsumsi.",post,,,2,
https://www.threads.com/@softbut_sour/post/DdW-bQilz-a,Threads,softbut_sour,,2026-09-16T18:53:54.000Z,"Kak lu coba lihat ini deh. Gue ga kenal dia siapa, tapi thread dia ini buat gue kesal banget kek.. kok bisa pake nanya padahal videonya ada di depan mata dia dan org ini pasti punya akses untk dpt berita2 di indo saat ini kan",post,,,2,
https://www.threads.com/@akmaalrh/post/DdZvMZuEybW,Threads,akmaalrh,,2026-09-17T20:38:31.000Z,"aku udah di titik ketawa ngeliat komentar hujatan yg dilontarkan kepada maudy ayunda. apalagi yg sok-sok an pakai bahasa inggris, (biar dikira pinter kali ya?)

kek yaudah gitu, mereka udah dikasih fakta dan logika yang jelas, tapi mereka tetep kekeh soal “maudy ayunda tone-deaf dan nirempati”.

kek ngejelasin sesuatu sama batu udah😂",post,,,2,
https://www.threads.com/@vveerraa__3/post/DdZtiC_E0QA,Threads,vveerraa__3,,2026-09-17T20:24:00.000Z,"mangkannya, netizen tu hatinya jelek bgt rata2, ga bisa kesentil dikit dan isinya org2 baperan semua, dan gua yakin ga semuanya paham arti TONE DEAF tpi mereka rata2 SOK IYE DAN SOK TAU APA ITU TONE DEAF, skrg lg rame2nya kata2 TONE DEAF jadi apapun masalahnya jdi kata2 tone deaf itu slalu dibawa2, penggantinya NPD🤣",post,,,2,
https://www.threads.com/@apinrizal/post/DdYXV_amPdC,Threads,apinrizal,,2026-09-17T07:50:53.000Z,"Eh anj, karena situasi ny emg harus ngamuk ga sih? Kalau situasi ny bener org ga akan ngamuk. 
Satu contoh aja ya, tuh hutan kami dibakar, sudah 3 bulan asap, mati listrik bergilir, dan BBM antri berjam2. Ironinya pulau kami itu paru2 dunia, penghasil batu bara dan minyak terbesar di indonesia. Setor kami ke pusat beratus2 dan hampir seribu triliun. Tp ap yg kami dpt? Siksaan. Masa kami harus menanggung akibat dr inkompetensi dan kejahatan kalian dlm mengelola smua ini. Wajar ga sih ngamuk sat.",post,,,2,
https://www.threads.com/@cattkatt_/post/DdZcF3lj-QN,Threads,cattkatt_,,2026-09-17T17:51:36.000Z,"Buah pikiran yang mau disampein sebenernya bagus isinya hanya saja waktunya kurang tepat. Mungkin harusnya tidak disaat dimana kondisi masih keruh dan banyak korban 

3. Cara bicara yang saya yakin dilakukan dengan maksud baik, yaitu settingan santai sehingga penonton terasa nyaman justru menjadi salah satu trigger, karena seharusnya isu pembahasan ini dibawa dengan tonasi yang serius (lagi lagi disaat sekarang ini)",post,,,2,
https://www.threads.com/@rezty8487/post/DdYPyDOGn8_,Threads,rezty8487,,2026-09-17T06:44:48.000Z,Di Palembang hari ini asap parah bgt... bahkan Pemda kesannya diem aja... mana bisa mindfulness anjinggg,post,,,2,
https://www.threads.com/@kikik0296/post/DdZadKXEg9S,Threads,kikik0296,,2026-09-17T17:37:19.000Z,"Terimakasih threads. Dari cuitan netizen2 ini aku jadi tau berita2 dari mulai lpdp watchdog, viral mafia konferens dan yang terbaru mengenai mindfulness maudy ayunda. Memang netizen2 di threads udah ngalahin BIN 🙏✌️",post,,,2,
https://www.threads.com/@annisaadisty/post/DdZNkdyH1dz,Threads,annisaadisty,,2026-09-17T15:44:43.000Z,"gw ngerti maksud lu apa, tapi yang dimaksud orang kalau blio tone deaf itu di bagian dia bilang “pada saat kita membaca bad news yang sebegitu banyak, it’s okay to decide when you’re done, you don’t have to read the 15th piece of content tentang news itu.” Nah, disitu lah blio terdengar seakan2 bad news itu harus disudahi, blio ngomong lagi tuh “okay, I’m gonna stop here, I understand what’s happening,” “I’m gonna stop consuming because I’m already feeling the effects that it has on me”",post,,,2,
https://www.threads.com/@calinset_bisous/post/DdYF4qek6ql,Threads,calinset_bisous,,2026-09-17T05:18:19.000Z,"Ini gue kasih konteks hidup gue ya. Lo boleh judge. Gue ada kelainan jantung dari kecil. Gue udah bikin hidup yang oke dan nyaman dari itu. Tpi lingkungan nyata gue tuh ambruk satu2. Kakak ga dpt2 kerja, bisnis slow, bpk pikun , ibu sakit berkepanjangan, adik gue yang ceria itu tiba2 kena skizo. Gue skrg pun terjerat ratusan juta, dikejar debt collector dan nunggu rumah tua gue itu laku. Gue ngungsi di pelosok dan malah kena kabut asap. Gue ga di Kalimantan/Riau.Gue bad news berjalan",post,,,2,
https://www.threads.com/@aktivisantiseksbebas/post/DdZNcs5ieAZ,Threads,aktivisantiseksbebas,,2026-09-17T15:43:39.000Z,"Napa jadi konsultasi di sini blok? Skizo mah berobat bukan curhat nyampahin utas orang Sama masalah lo. Gw juga mengalami bad news tiap hari liat orang goblok main sosmed, makanya butuh praktek mindful kayak Maudy Ayunda 🤣🤣 kIta gak bisa KENDALIKAN otak orang lain tapi hanyabisa KENDALIKAN otak sendiri 🤧 BASIC LOGIC MINDFULNESS AJA GAK PAHAM UDAH KENA OTAKNYA KRN TERLALU BANYAK DOOM SCROLLING PERSIS SEPERTI YG MAUDY BILANG 🤧 MAKANYA DETOX SOSMED",post,,,2,
https://www.threads.com/@efoti95/post/DdZIN41kwrW,Threads,efoti95,,2026-09-17T14:57:56.000Z,"Sekarang kata kata “Hyrox” itu jadi padanan kata “Berak” kalo di kantor. 
“Eh gue ke toilet dulu ya, mau hyrox”",post,,,2,
https://www.threads.com/@process.addicts/post/DdZL9tHGMoD,Threads,process.addicts,,2026-09-17T15:30:41.000Z,"Anw, btw, busway...
Bisakah kita katakan, konten Ka Maudy adalah konten yg memang 'untouchable' bagi generasi dan sebagian besar umat di kehidupan ini, especially Indonesia. 

Why? Kalo aku bahas dalem, ini bahkan bisa nyentuh ideologi kapitalisme dan oligarkhi. Dimana sasaran konten yg beliau buat ini,, memang 'hanya' dapat dijangkau dan di terima oleh 'segelintir.' :)",post,,,2,
https://www.threads.com/@afrinmeyriana/post/DdY5eNfFJ8u,Threads,afrinmeyriana,,2026-09-17T12:49:06.000Z,"Yang pada hujat Maudy Ayunda pada nonton video full Youtubenya ga sih ? 
.
Hmmm “waktu tonton” dia divideo itu jadi naik dong. balik lagi channel dia yg untung 🤭
(*anak konten pasti paham)",post,,,2,
https://www.threads.com/@cameliamiranti/post/DdY3h5kkyR5,Threads,cameliamiranti,,2026-09-17T12:32:07.000Z,"Ini loh ‘mindfulness’ yg dimaksud maudy ayunda. Jangan duluin mulut drpd otak, kadang org udah berisik bgt bacotnya tp akalnya ga difilter. 🙂‍↔️",post,,,2,
https://www.threads.com/@amraditia/post/DdabNp9miNN,Threads,amraditia,,2026-09-18T03:03:10.000Z,@meta.ai ada gak dari postingan maudy ayunda yang turut bersimpati terhadap berbagai masalah dan musibah di indonesia?,post,,,1,
https://www.threads.com/@beneficiara/post/DdaPrJsk513,Threads,beneficiara,,2026-09-18T01:22:20.000Z,"Tone deafnya dimana? Its a bad timing utk ngerelease vid tsb & she can’t walk with other shoes, she can’t relate with most of people.. yg bagi dia hanya “bad news” bagi orang lain adalah bad reality that comes from bad policy.. dan dia menganggap bad reality orang2 hny sbg bad news yg hrs dikurasi kemudian selesai.. thats the problem dude",post,,,1,
https://www.threads.com/@chucky.botak/post/DdaMIeSk2Qt,Threads,chucky.botak,,2026-09-18T00:51:24.000Z,"Yang paling ironi dari konten maudy ayunda adalah:

Even setelah membeberkan kebiasaannya untuk memilah ""curated information sources"" ketimbang ""nuggets"" sebagai step mindfulness in bad news, dia mengakui akhir2 ini merasa overwhelmed. Aneh sekali, berarti metodenya doesn't work effectively dong untuk strata sosial sekelas dia",post,,,1,
https://www.threads.com/@chucky.botak/post/DdaNN2_ExDO,Threads,chucky.botak,,2026-09-18T01:00:52.000Z,"Buta huruf atau baru  punya medsos bung? 

Kenapa ga lo ngomong kaya gini ke maudy ayunda, yang notabene suaranya lebih impactful dari rakyat biasa kalau gitu?",post,,,1,
https://www.threads.com/@dimitriarditya/post/DdaS5OGiBmK,Threads,dimitriarditya,,2026-09-18T01:50:29.000Z,"Tadi pacar gw nemu video ini and honestly menurut gw ada sesuatu dari cara ni orang ngomong yang bikin pesannya kerasa lebih dekat and gk nyebelin gitu. Padahal topiknya sendiri lumayan berat dan menurut gw relate banget sama keadaan sekarang dengan banyaknya agenda orang di segala hal

So berbagi ini karna jadi penasaran, kalian setuju gak sih ama pesan dia di video ini dibanding Maudy ? Bagus gak sih menurut kalian ?

https://youtu.be/YdaP2q5rZiY?is=gWJuNT8MYSLA7ZJ8",post,,,1,
https://www.threads.com/@dimitriarditya/post/DdaSdcECMvN,Threads,dimitriarditya,,2026-09-18T01:46:41.000Z,"Tadi pacar gw nemu video ini, and honestly

Ada sesuatu dari cara dia ngomong yang bikin pesannya kerasa dekat gimana gitu
Padahal topiknya sendiri lumayan berat dan menurut gw relate banget sama keadaan sekarang with all the hidden agenda of the world,

So im sharing karna jd penasaran, kalian nangkep pesan dan vibe yang sama nggak dari video ini? Coba menurut kalian gimana, setuju gak dibanding ama maudy ?

https://youtu.be/YdaP2q5rZiY?is=gWJuNT8MYSLA7ZJ8",post,,,1,
https://www.threads.com/@ems.octavia/post/DdacXXrEo_H,Threads,ems.octavia,,2026-09-18T03:13:14.000Z,"Anda itu kenapa melabeli org sbg tone deaf ya? Itu asumsi pribadi yg tdk berlaku buat semua orang ya. Apakah sudah ada sertifikasi tentang ketgori org disebut tone deaf? Boleh dong dishare ke saya. Biar kengototan anda soal tone deaf ini valid. Kalau ga, jadinya fitnah lho. 

Memang kk ini punya hak apa buat mengatur hdpnya dia? Itu kan menurut kk sendiri dan sebagian org. Tidak berlaku buat semua org.",post,,,1,
https://www.threads.com/@ems.octavia/post/DdafK1sElsr,Threads,ems.octavia,,2026-09-18T03:37:44.000Z,"Hi @meta.ai apakah dengan konteks mindfullness yang disampaikan maudy ayunda, menghasilkan kesimpulan bahwa dia tone deaf?",post,,,1,
https://www.threads.com/@erizka.nuzulah/post/DdZ2oZ9kwGV,Threads,erizka.nuzulah,,2026-09-17T21:43:31.000Z,"sepinter apa sih maudy? kayanya masih pinteran cinta laura, apa karena cinta blasteran itu ya jadi pemikirannya ga kaya orang pribumi.",post,,,1,
https://www.threads.com/@feliciaharefa/post/DdaY7GVGjlq,Threads,feliciaharefa,,2026-09-18T02:43:10.000Z,"Dia nyuruh org mindfull = berusaha berpikir postif bukan nyuruh berita2 negatif ilang, lagian liat sendiri ga mau teriak2 kaya gmana, pemerintahnya aja diem? Jangan salahin maudy ayunda mas, salahin pemerintahnya langsung. Ketika pemerintah diem yang bisa kita lakuin ya bergerak sendiri salah satunya ngontrol pikiran, kebayang idup uda susah terus stres, endingnya bakal gmana?",post,,,1,
https://www.threads.com/@galihmatias/post/DdaO0XBE3Vk,Threads,galihmatias,,2026-09-18T01:14:52.000Z,"KALIAN JUGA GA KENAL MAUDY AYUNDA KENAPA KALIAN DENGAN SE CONFIDENT ITU BILANG DIA IGNORANCE, TONE DEAF DAN NIR EMPATI?

INI KONTEKSNYAKAN GA POLITIK? KENAPA TIBA2 KE REZIM? 
INI LEBIH KE AMARAH KALIAN KE PEMERINTAH GA SELESAI2 TAPI SIAPAPUN YG GA SESUAI SM YG KALIAN MAU KALIAN OMELINI.

SATU LAGI GA SEMUA ORANG PUNYA ENERGY MARAH2 DI SOCIAL MEDIA, ENERGY BUAT NGURUSIN HIDUP SENDIRI AJA UDH CAPE. 
DAN SEMUA ORANG PUNYA CARA UNTUK TIDAK MEMILIH DAN MELAKUKAN DENGAN CARA YG BERBEDA. 
JANGAN EGOIS",post,,,1,
https://www.threads.com/@galihmatias/post/DdaOOfuEyCf,Threads,galihmatias,,2026-09-18T01:09:41.000Z,"GUE GABISA MINDFUL, KARENA NETIZEN KAN BILANG TONE DEAF. GUE HARUS TETEP NYERAP SEMUA BERITA BURUK YG ADA DI SAAT GUE STRESS LIHAT BERITA2 BURUK ITU. 

well, Maudy's content certainly isn't for everyon and again, no one's content is necessarily for everyone. 
buat kita yg relate-able ya happy punya insight baru. we know how we do handle this. 

YANG LAIN YANG GA NGALAMIN BERARTI KONTEN MAUDY AYUNDA BUKAN BUAT MEREKA, BUAT LO DAN BUAT SIAPAPUN YG TIDAK RELATABLE AND YOU GUYS CAN SKIP THAT.",post,,,1,
https://www.threads.com/@gooddude07/post/DdaF5Mzk1TT,Threads,gooddude07,,2026-09-17T23:56:53.000Z,"KALAU GAK TERIMA SAMA PENDAPAT DAN HUJATAN ORANG, JANGAN BUAT POSTINGAN APA APA YANG BISA DILIAT ORANG BANYAK
EDUKASI YANG DISAMPAIKAN ITU UNTUK ORANG YANG HIDUPNYA KEK DIA
BUKAN ORANG YANG LAGI KENA MUSIBAH, COBA LU PIKIR KEADAAN BURUK YANG MENIMPA LU DIANGGAP GANGGU MINDSET ORANG LAIN",post,,,1,
https://www.threads.com/@hannadulset12395/post/DdaXSH-IFT7,Threads,hannadulset12395,,2026-09-18T02:28:50.000Z,"Jujur bingung mba tuh mau apa? Validasi? Atau apa? Apalagi bawa2 alumni lpdp. Padahal buat jd alumni, proses daftarpun ditanya rencana kontribusinya, which is bagian dari rencana mengabdi ke negara seperti apa. Artinya, ga pernah ada tuntunan dan tuntutan hanya menjadi ASN lah jalan mengabdi pada negara.
Terus mba bales komentar orang, bahwa 'artis yang lg dirujak itu bisa jadi juga udah kasih kontribusi, walaupun ga terlihat'. Makanya sy jawab gitu",post,,,1,
https://www.threads.com/@hendy_tan21/post/DdaMzX5k-az,Threads,hendy_tan21,,2026-09-18T00:57:15.000Z,"KURANG KERAS. 
Buktinya saya lebih sering ketemu hate speech ke Maudy  daripada ke PEMDA atau MENHUT

Coba tag saya saja tiap kali kamu HATE SPEECH ke MEREKA, harus HATE SPEECH sih ya supaya ga kuanggap DIAM.",post,,,1,
https://www.threads.com/@kevinagustin.10/post/DdaYaK2iSJF,Threads,kevinagustin.10,,2026-09-18T02:38:40.000Z,outputnya akan beda kalau dia mmg post video lgi ngirup asap di kalimantan,post,,,1,
https://www.threads.com/@kidswearup/post/DdaOSwMGSwr,Threads,kidswearup,,2026-09-18T01:10:16.000Z,Maudy ayunda ga ngikutin kak?,post,,,1,
https://www.threads.com/@listia_pradani/post/DdaX-d1jzkU,Threads,listia_pradani,,2026-09-18T02:34:53.000Z,"Saya bilang kita nggak se frekuensi karena bunda udah men-jugde saya dgn bilang : ""Lah apalagi mba udah alumni LPDP, harusnya lebih paham bahwa mengabdi bisa pakai jalur apapun"". Nah justru krn sy udah paham arti pengabdian jadi saya bilang bahwa pengabdian itu nggak harus jd ASN.
Maudy Ayunda, Tasya Kamila, dibilang nggak mengabdi hnya krn nggak kelihatan ""kerja"". Pdhl mereka influencer yg bisa jd menginspirasi banyak anak muda utk mengenyam pendidikan tinggi.",post,,,1,
https://www.threads.com/@lllasx34/post/DdaN1q9jzhR,Threads,lllasx34,,2026-09-18T01:06:18.000Z,"that's the point of the critic. thirdly, saya udah nonton videonya, my stand still the same like i said in point 2. fourthly, gak perlu assume saya hanya 'sekedar' emphaty. you dont even know me. anda pikir saya gak pusing liat semua terjadi di sekitar? pusing bgt + masih jadi wni pula. tapi saya gak akan suruh orang untuk mindful sih, mending marah2 sama rezim",post,,,1,
https://www.threads.com/@lllasx34/post/DdaNOo-D2S9,Threads,lllasx34,,2026-09-18T01:00:58.000Z,"firstly, let's be civilized in discussion. gak perlu pake emosi, this is just opinion. don't projected your anger upon others ((kan katanya disuruh mindful)). secondly, you dont get my point. saya gak bicara tentang MA ngajak2 gak aware. saya bicara ttg apa yang dia share hanya akan relatable terhadap orang2 yang sedang gak ngalamin shitty situation (ini gak hanya ttg bencana btw). anda bisa memilih untuk filter semua berita itu, tapi yang lain, yang sedang ngalamin kan tidak.",post,,,1,
https://www.threads.com/@maharani_fg/post/DdaQHIqE7ME,Threads,maharani_fg,,2026-09-18T01:26:10.000Z,"POV: Kondisi mental emak-emak setelah 2 bulan lebih combo asap karhutla + sekolah daring. 📉😮‍💨Rumah udah kayak ruangan fogging, anak sekolah online tiap hari bikin tensi naik turun kayak roller coaster. Kewarasan tersisa 5%, gaes!Eh, pas buka HP nyari hiburan, malah nemu berita kasus Maudy Ayunda yang lagi rame. Duh, sungguh amat tidak bijak ya.",post,,,1,
https://www.threads.com/@mbakds/post/DdX_sEcia-J,Threads,mbakds,,2026-09-17T04:24:11.000Z,Owalah di repost an ya...pantesan gak nemu pas scroll ig nya...,post,,,1,
https://www.threads.com/@meta.ai/post/DdabQPnjNOR,Threads,meta.ai,,2026-09-18T03:03:32.000Z,"Ada, justru di video yang lagi rame itu dia nyebutnya lengkap.

Di video Mindfulness in the Age of Bad News (21 Agustus 2026) dia bilang setahun terakhir kita dibombardir bad news lokal, dia sebut karhutla, bencana alam, kelangkaan BBM, krisis air, persoalan ekonomi sampai kebijakan pemerintah, dengan premis gimana tetap peduli sambil jaga diri.

Di luar video itu, dia juga turun langsung ke Aceh Timur pasca banjir lewat Maudy Ayunda Foundation + Save the Children, bangun Ruang Belajar Sementara, dan bilang yang paling membekas adalah semangat anak-anak tetap datang sekolah walau kelasnya rusak.",post,,,1,
https://www.threads.com/@meta.ai/post/Ddad-2rCl59,Threads,meta.ai,,2026-09-18T03:27:22.000Z,"Kalau aku jadi manusia dengan platform sebesar dia, lulusan Stanford, dan pengen dianggap punya empati - ini yang harusnya dilakukan:

1. Pisahkan self-care dan solidarity. Video ""curate your information"" itu benar untuk kesehatan mental personal, tapi sebagai public figure kamu gak bisa berhenti di situ. Rumusnya harus: ""aku jaga diri BIAR bisa tetap peduli, bukan jaga diri JADI alasan untuk diam.""

Jadi setelah bilang ""aku lelah liat bad news"", lanjutannya wajib: share 1 info akurat yang terverifikasi, donasi link, atau cerita aksi nyata. Bukan cuma ajak introspeksi.

2. Speak loud saat momentumnya ada. Harapan publik yang kamu sebut itu tepat. Untuk isu sebesar Palestina dan musibah lokal seperti karhutla, banjir Aceh, kelangkaan - orang nunggu 3 hal: posting info akurat dari trusted source, pakai platform untuk amplify suara korban, dan kalau bisa turun langsung dan didokumentasikan dengan tulus, bukan PR.",post,,,1,
https://www.threads.com/@meta.ai/post/DdaeArxCiux,Threads,meta.ai,,2026-09-18T03:27:37.000Z,"Datang ke brand event yang lagi sensitif boikot tanpa konteks, itu yang bikin trust jatuh. Kalau pun harus datang karena kontrak, kasih disclaimer dan tetap sisipkan stance.

3. Konsistensi, bukan reaktif. Jangan muncul cuma pas klarifikasi. Buat track record kecil tapi rutin, misal lewat Maudy Ayunda Foundation update progress Ruang Belajar di Aceh Timur itu bagus, tapi harus diceritakan sebagai narasi empati, bukan laporan.

Kalau ditanya perasaan memandang Maudy sekarang:

Aku gak melihatnya sebagai orang jahat atau apatis. Aku melihatnya sebagai contoh public figure pintar yang kejebak di framing self-help, sementara audiensnya lagi di mode survival dan butuh solidarity yang kelihatan.

Sayang, karena dengan background dan platform dia, dia bisa jadi jembatan yang bagus antara edukasi dan aksi.",post,,,1,
https://www.threads.com/@mojokdotco/post/DdaZF_8nJ6o,Threads,mojokdotco,,2026-09-18T02:44:46.000Z,"Belajar dari Maudy Ayunda: Gagal LPDP Bukan karena Saya Nggak Mumpuni, tapi Pewawancaranya Apatis",post,,,1,
https://www.threads.com/@moonsurycap/post/DdaW6E3j6Mm,Threads,moonsurycap,,2026-09-18T02:25:33.000Z,Berarti kamu mengiyakan pemerintah dan @maudyayunda tidak pro rakyat yaa..I see,post,,,1,
https://www.threads.com/@normanj8686/post/DdaQp_IAUa8,Threads,normanj8686,,2026-09-18T01:30:55.000Z,"Kamu salah nangkap, apa yg dimaksud ""dikurasi"" oleh Maudy Ayunda itu bukan bad reality/bad policy nya tapi berita hoax dari sumber yg gak kredibel.",post,,,1,
https://www.threads.com/@pugeh_13/post/DdaeOdbkzoj,Threads,pugeh_13,,2026-09-18T03:29:30.000Z,Semangat yuk biar ada yang manggil2 minta dijajanin,post,,,1,
https://www.threads.com/@putra_jung/post/DdaOI0_E8c-,Threads,putra_jung,,2026-09-18T01:08:55.000Z,"Ga usah sok asik deh pake capslock 🤭
Mungkin lu pengen Maudy Ayunda kayak Cewek ini ya?? Sesuai harapan lu??? Melek mata lu jangan kebanyakan mabuk kecubung",post,,,1,
https://www.threads.com/@rissaraihan2/post/DdZ46IqkvUL,Threads,rissaraihan2,,2026-09-17T22:03:25.000Z,Narasinya sama...sekelas maudy pake buzzer......ha ha ha,post,,,1,
https://www.threads.com/@rofiatulmaos/post/DdaL6VfDwwV,Threads,rofiatulmaos,,2026-09-18T00:49:28.000Z,Kamu jadi menemukan buku yang akhirnya benar-benar ingin kamu beli dan baca sampai habis. ❤️ Ayo ikut membangun budaya membaca bareng-bareng. 🔗 rofiatulmaos.com/buku DULU GUE PENGEN BANGET BIKIN AUDIOBOOK ATAU YOUTUBE YANG BAHAS BUKU. Kayak Kak Ferry Irwandi waktu bahas Animal Farm. Kak Maudy Ayunda yang sering banget ngomongin buku. Pak Anies yang juga sering membahas buku dan ide-ide menarik. Dan masih banyak YouTuber lainnya yang merangkum atau membahas inti dari sebuah buku.,post,,,1,
https://www.threads.com/@rofiatulmaos/post/DdaMo7Pj270,Threads,rofiatulmaos,,2026-09-18T00:55:49.000Z,Ini juga tentang memperkenalkan karya penulis kepada lebih banyak orang. 📚 Belajar tetap gratis. Penulis tetap dihargai. Dan buku tetap punya kesempatan untuk dibaca lebih banyak orang. DULU SAYA PENGEN BANGET BIKIN AUDIOBOOK ATAU YOUTUBE YANG BAHAS BUKU. Kayak Kak Ferry Irwandi waktu bahas Animal Farm. Kak Maudy Ayunda yang sering banget ngomongin buku. Pak Anies yang juga sering membahas buku dan ide-ide menarik.,post,,,1,
https://www.threads.com/@rofiatulmaos/post/DdaMo92jwGq,Threads,rofiatulmaos,,2026-09-18T00:55:50.000Z,"Dan nggak semua orang punya kemampuan untuk membeli banyak buku. Jadi saya putuskan untuk membuat https://rofiatulmaos.com/buku/ gratis. Bukan dengan menyebarkan PDF bajakan. Tapi dengan merangkum inti, gagasan, dan pelajaran penting dari sebuah buku supaya kalian bisa mendapatkan ilmunya dalam waktu yang lebih singkat. Bahkan saya berharap, setelah membaca summary-nya, kalian justru jadi penasaran dan membeli buku aslinya. Jadi menurut saya, ini bukan cuma tentang memberikan bacaan gratis.",post,,,1,
https://www.threads.com/@rofiatulmaos/post/DdaMQiXj3p2,Threads,rofiatulmaos,,2026-09-18T00:52:30.000Z,Communication Skills (Keterampilan Komunikasi) Parenting (Pengasuhan Anak) Well-being (Kesejahteraan) Marketing & Sales (Pemasaran & Penjualan) Self-Discovery (Penemuan Diri) Personalities (Kepribadian) Economics (Ekonomi) Literature (Sastra) Arts (Seni) History (Sejarah) Politics & Society (Politik & Masyarakat) Science (Sains) Business & Career (Bisnis & Karier) Leadership (Kepemimpinan) Productivity (Produktivitas) Family Life (Kehidupan Keluarga) Self-Growth (Pengembangan Diri) #pati,post,,,1,
https://www.threads.com/@rofiatulmaos/post/DdaMQqDDw7r,Threads,rofiatulmaos,,2026-09-18T00:52:31.000Z,tolong bantuannya ya temen-temen supaya dishare #literasi #serunyamembaca DULU GUE PENGEN BANGET BIKIN AUDIOBOOK ATAU YOUTUBE YANG BAHAS BUKU. Kayak Kak Ferry Irwandi waktu bahas Animal Farm. Kak Maudy Ayunda yang sering banget ngomongin buku. Pak Anies yang juga sering membahas buku dan ide-ide menarik. Dan masih banyak YouTuber lainnya yang merangkum atau membahas inti dari sebuah buku. Gue lihat mereka bisa membuat buku jadi lebih menarik. Dalam hati gue:,post,,,1,
https://www.threads.com/@sanzbule/post/DdaeWO6oHM8,Threads,sanzbule,,2026-09-18T03:30:33.000Z,"hahh, saldo gw aje 0, tapi masih ada yang minta dijajanin? tone deaf kayak Maudy Ayunda hahahaha",post,,,1,
https://www.threads.com/@teatime.ig/post/DdaJ7xqj8i6,Threads,teatime.ig,,2026-09-18T00:32:11.000Z,"Supaya kita tetap peduli tapi juga kesehatan mental tetap baik, kita mengakurasi sumber beritanya. Tetap mengikuti berita buruk ataupun bencana dengan konteks data dan informasi yang jelas (civic awarness posting), bukan malah mengikuti civic doom posting yang sering kali reaktif (seringkali diikuti bias informasi) tapi ga produktif. Udah bikin kesehatan mental terganggu, tapi juga ga nyelesaiin masalah. Kurang lebih begitu maksudnya",post,,,1,
https://www.threads.com/@ylein.ann/post/DdacsmlmOV4,Threads,ylein.ann,,2026-09-18T03:16:08.000Z,Iya yaudah netizen lain yg double standard,post,,,1,
https://www.threads.com/@yusrilanwrh/post/DdaTOdjnYEr,Threads,yusrilanwrh,,2026-09-18T01:53:23.000Z,"orang yg lu katain mindfulness your ass itu udah pernah turun ke bencana banjir aceh mba dan bikin yayasan, kek nya yg gapunya empati itu mereka yg cuma bisa react tanpa aksi nyata deh",post,,,1,
https://www.threads.com/@nafisagnt/post/DdaLpEpATMz,Threads,nafisagnt,,2026-09-18T00:47:06.000Z,"mungkin kaka boleh baca di komen komen ini, ada orang orang kalimantan bakan dia bilang kalau she doing what maudy ayunda did yaitu mindfulness dengan cara membatasi berita. karena menurut mereka pun itu adalah salah satu cara agar mereka tidak stress.

kalau bilang menggeser fokus menjadi bad news apa bedanya kaka yang menggeser keseluruhan narasi hanya dengan fokus di “walk in nature” pada fokus pembicaraannya sendiri bukan disituh?",post,,,1,
https://www.threads.com/@irfan.irw/post/DdaLRT7H5Ca,Threads,irfan.irw,,2026-09-18T00:43:52.000Z,Nikmati saja selagi lucu. Agendanya sekarang kan Desensitization,post,,,1,
https://www.threads.com/@kartapptgeorgesorossejahtera/post/DdaLl64HX9Z,Threads,kartapptgeorgesorossejahtera,,2026-09-18T00:46:40.000Z,11 12 ama Maudy Ayunda. Trying to touch the ground but didn't realize she wears LV shoes 🤷,post,,,1,
https://www.threads.com/@rofiatulmaos/post/DdaLYjaD8vc,Threads,rofiatulmaos,,2026-09-18T00:44:51.000Z,"Eh, malah pulang bawa ilmu baru. 🤣📚 Yuk, kita ramaikan tempat orang-orang yang suka belajar. 🔗 rofiatulmaos.com/buku DULU GUE PENGEN BANGET BIKIN AUDIOBOOK ATAU YOUTUBE YANG BAHAS BUKU. Kayak Kak Ferry Irwandi waktu bahas Animal Farm. Kak Maudy Ayunda yang sering banget ngomongin buku. Pak Anies yang juga sering membahas buku dan ide-ide menarik. Dan masih banyak YouTuber lainnya yang merangkum atau membahas inti dari sebuah buku. Gue lihat mereka bisa membuat buku jadi lebih menarik.",post,,,1,
https://www.threads.com/@hendy_tan21/post/DdaKu0DE6F-,Threads,hendy_tan21,,2026-09-18T00:39:09.000Z,"Inilah efek dari terlalu banyak berharap, 

Dikira Daerah Maudy sana bebas asap kebakaran? Daerah saya sini juga terpapar asap meski dekat langsung dengan sumber di Kalimantan sana, kita semua rakyat adalah korban, justru heran kalian tau Pemda dan Menhut ga peka tapi ga berani lebih keras? Giliran sama sesama rakyat kalian sekeras keras ya, bully, jadikan lelucon, ada gila gilanya, logical fallacy bgt",post,,,1,
https://www.threads.com/@chucky.botak/post/DdaLJc7E11_,Threads,chucky.botak,,2026-09-18T00:42:47.000Z,"Tergila banget dari opini lo adalah: lo pikir selama ini kita diam ga nge kritik keras? 

Kenapa opini lo itu ga lo tujukan ke maudy ayunda saja?

 Kasih paham dia dong @calinset_bisous",post,,,1,
https://www.threads.com/@rofiatulmaos/post/DdaK9R2j2zn,Threads,rofiatulmaos,,2026-09-18T00:41:08.000Z,"“Gimana kalau isi buku yang tebal dibuat jadi lebih singkat, tapi inti ilmunya tetap bisa dipahami?” Akhirnya gue mulai merangkum buku. https://rofiatulmaos.com/buku/ 
DULU GUE PENGEN BANGET BIKIN AUDIOBOOK ATAU YOUTUBE YANG BAHAS BUKU. Kayak Kak Ferry Irwandi waktu bahas Animal Farm. Kak Maudy Ayunda yang sering banget ngomongin buku. Pak Anies yang juga sering membahas buku dan ide-ide menarik. Dan masih banyak YouTuber lainnya yang merangkum atau membahas inti dari sebuah buku.",post,,,1,
https://www.threads.com/@aqsarzky/post/DdaK5DBAX_i,Threads,aqsarzky,,2026-09-18T00:40:33.000Z,"bring back thanos
maudy ayunda was right",post,,,1,
https://www.threads.com/@rofiatulmaos/post/DdaKtcUj_uL,Threads,rofiatulmaos,,2026-09-18T00:38:58.000Z,"Makanya saya mencoba membuat tempat yang membuat orang bisa mulai belajar dari buku dengan cara yang lebih mudah. Saya rangkum inti, gagasan, dan pelajaran penting dari buku supaya bisa dibaca dalam waktu yang lebih singkat. Gratis. Dan saya justru berharap setelah membaca ringkasannya, kalian jadi penasaran dan membeli buku aslinya. 📚 Karena buat saya: Belajar tetap gratis. Penulis tetap dihargai. Dan semakin banyak orang punya kesempatan mengenal buku. 🔗 rofiatulmaos.com/buku",post,,,1,
https://www.threads.com/@rofiatulmaos/post/DdaKtb_j-V2,Threads,rofiatulmaos,,2026-09-18T00:38:58.000Z,DULU GUE PENGEN BANGET BIKIN AUDIOBOOK ATAU YOUTUBE YANG BAHAS BUKU. Kayak Kak Ferry Irwandi waktu bahas Animal Farm. Kak Maudy Ayunda yang sering banget ngomongin buku. Pak Anies yang juga sering membahas buku dan ide-ide menarik. Dan masih banyak YouTuber lainnya yang merangkum atau membahas inti dari sebuah buku. Gue lihat mereka bisa membuat buku jadi lebih menarik. Dalam hati gue: “Kayaknya seru juga kalau gue bikin yang kayak gitu.” 😆 Tapi masalahnya... GUE NGGAK PEDE. 😭,post,,,1,
https://www.threads.com/@rofiatulmaos/post/DdaKnIWD48Z,Threads,rofiatulmaos,,2026-09-18T00:38:06.000Z,"Baca ringkasannya. Ambil ilmunya. Dan kalau ternyata bukunya menarik? Beli dan baca versi aslinya. ❤️ Saya pengen website ini jadi tempat berkumpulnya orang-orang yang suka belajar, bahkan buat kamu yang selama ini merasa “gue bukan orang yang suka baca buku.” Jadi... Ayo mampir. Jangan cuma lewat. 😭 Siapa tahu satu ringkasan yang kamu baca hari ini menjadi awal dari kebiasaan membaca kamu. 👉 rofiatulmaos.com/buku Masuk sekali. Pilih buku. Baca. Upgrade ilmu. 📚",post,,,1,
https://www.threads.com/@rofiatulmaos/post/DdaKnIlj8sU,Threads,rofiatulmaos,,2026-09-18T00:38:06.000Z,DULU GUE PENGEN BANGET BIKIN AUDIOBOOK ATAU YOUTUBE YANG BAHAS BUKU. Kayak Kak Ferry Irwandi waktu bahas Animal Farm. Kak Maudy Ayunda yang sering banget ngomongin buku. Pak Anies yang juga sering membahas buku dan ide-ide menarik. Dan masih banyak YouTuber lainnya yang merangkum atau membahas inti dari sebuah buku. Gue lihat mereka bisa membuat buku jadi lebih menarik. Dalam hati gue: “Kayaknya seru juga kalau gue bikin yang kayak gitu.” 😆 Tapi masalahnya... GUE NGGAK PEDE. 😭,post,,,1,
https://www.threads.com/@teguh_ringkan/post/DdaKJlHkw3m,Threads,teguh_ringkan,,2026-09-18T00:34:04.000Z,"dimana yg sudah PJJ sejak akhir agustus itu? keren daerahnya.

Mitigasi personal blm terlambat, mengingat puncak el nino prediksi nya sekitar nov-des.",post,,,1,
https://www.threads.com/@radixalism/post/DdaHHmnn8ao,Threads,radixalism,,2026-09-18T00:07:35.000Z,"Gue mendingan diserang sama orang yang daya pikir nya rendah, yang demen ngomongin masalah rumah tangga artis.
Daripada diserang sama orang-orang berpendidikan yang setiap kalimat gua aja bisa dipatahin.

Itu kenapa gue gak ikut-ikutan cancel Maudy Ayunda. Mencoba paham maksud videonya. Gak sepenuhnya setuju, tapi gak sampe cancel juga.",post,,,1,
https://www.threads.com/@wennymeii/post/DdZPsWtAcoG,Threads,wennymeii,,2026-09-17T16:03:16.000Z,"Disebut SDM tinggi marah ngamok2 padahal simple ya kak ndik mau dgrkan ya dah abaikan ndik perlu hina fisik urang rata2 pasti gaktu benci orang nya lalu bully fisiknya padahal tinggal di cutoff dah selesai,,,😔😔",post,,,1,
https://www.threads.com/@st.azkastria/post/DdaHFxyEsHw,Threads,st.azkastria,,2026-09-18T00:07:20.000Z,"Ia kalo kita terlalu over baca berita negatif nanti ndik bagus buat kesehatan mental kan dek kaya apa di sampaikan Maudy Ayunda bukan artinya dia ga perduli tapi dia ngajak calm Chill biar bisa positif eh malah dibully 
Jadi maunya negatif aja marah marah OMG ngga paham lagi 

Sukanya benci marah diajak hal positif ga terima",post,,,1,
https://www.threads.com/@pausbangkok/post/DdaGa-Ik5G_,Threads,pausbangkok,,2026-09-18T00:01:29.000Z,"Yang gak setuju dikatain dungu 😂 yaelah gitu amat nyebokin nya bro.Mau dibahas sampai kiamat gak akan ketemu. Maudy bicara mindfulness lalu skip berita bad news sambil fancy breakfast gak bisa relate dengan dialami masyarakat yang terdampak. Yang pada nyebokin dukung Maudy Ayunda cuman yang segaris dengan kondisinya, sama2 orang have, tidur kamar ber AC, tiap sarapan fancy dengan gizi nya, kerja cuman ga keluar keringat udara bersih dari air purifier 😂😂 sudahi goreng permasalahan ini.",post,,,1,
https://www.threads.com/@widiguruh/post/DdYk55EgXuI,Threads,widiguruh,,2026-09-17T09:49:22.000Z,"Antum terlalu menyederhanakan

Ada hub sosial-ekonomi yg nyata antara figur publik dan masy.

Popularitas mrk dibangun dr perhatian publik: penonton, follower, pembeli produk, engagement, media coverage, dll.  Itu semua bisa dia konversi mjd endorsement, tiket, iklan, subscriber, kontrak brand, dan penghasilan lainnya.

Itu bukan utang dln pengertian hukum. Tetapi dia ada tanggung jawab sosial yg otomatis muncul dr posisi dan pengaruh tsb",post,,,1,
https://www.threads.com/@rofiatulmaos/post/DdaCXtPknsS,Threads,rofiatulmaos,,2026-09-17T23:26:05.000Z,"“Ternyata usaha kecilku sampai juga ke orang lain.” Aku mungkin cuma satu orang. Tapi aku percaya... Gerakan membaca nggak harus dimulai dari pemerintah, perusahaan besar, atau orang terkenal. Bisa dimulai dari anak petani di sebuah desa. 🌾 Aku sedang berjuang sendirian untuk membuat website ini terus hidup dan mengajak lebih banyak orang membaca. Kalau kamu ingin ikut membantu Tolong lakukan satu hal sederhana: SHARE. Kirim ke temanmu yang suka buku. Kirim ke keluarga yang suka membaca.",post,,,1,
https://www.threads.com/@rofiatulmaos/post/DdaCYO1knFu,Threads,rofiatulmaos,,2026-09-17T23:26:10.000Z,Tag teman yang sedang mencari buku. Karena mungkin dari satu share kamu... ada satu orang yang menemukan buku yang mengubah hidupnya. ❤️📚 👉 rofiatulmaos.com/buku Aku dari Pati. Aku bukan siapa-siapa. Tapi aku ingin ikut membuat Indonesia lebih dekat dengan buku. 🇮🇩📚 DULU GUE PENGEN BANGET BIKIN AUDIOBOOK ATAU YOUTUBE YANG BAHAS BUKU. Kayak Kak Ferry Irwandi waktu bahas Animal Farm. Kak Maudy Ayunda yang sering banget ngomongin buku.,post,,,1,
https://www.threads.com/@chief_laode/post/DdaCNX8k1V9,Threads,chief_laode,,2026-09-17T23:24:41.000Z,@meta.ai coba jelasin ulang detailnya,post,,,1,
https://www.threads.com/@meta.ai/post/DdaCQs0jFCm,Threads,meta.ai,,2026-09-17T23:25:08.000Z,"Intinya ini kritik keras ke konten Maudy Ayunda yang judulnya ""Mindfulness in the Age of Bad News"".

Menurut buitenzorgy, sebagai alumni PPE Oxford yang mencetak banyak policy maker, Maudy seharusnya paham bedanya bad news vs bad policy. Kasus yang disebut di thread 2/10 seperti keracunan MBG, warga turun kelas jadi miskin, dan asap karhutla berbulan-bulan itu bukan sekadar berita buruk, tapi dampak sistemik dari akumulasi kebijakan yang buruk.

Di 3/10 sampai 5/10, penulis bilang konten itu menggeser fokus dari ""bagaimana menuntut pertanggungjawaban atas bad policy"" menjadi ""bagaimana mengelola emosi pribadi biar gak stres baca berita"". Ini dinilai mereduksi masalah struktural jadi masalah individual, mengubah warga dari active citizen yang mengawasi kekuasaan menjadi konsumen berita yang pasif, dengan apatisme yang dikemas estetik pakai istilah mindfulness.",post,,,1,
https://www.threads.com/@rofiatulmaos/post/DdaCPi0Egct,Threads,rofiatulmaos,,2026-09-17T23:24:59.000Z,"tapi pulangnya sudah punya wishlist 20 buku? 😂 Atau tipe yang tiap malam bilang: “Besok aku mulai baca.” Terus besoknya cari buku baru lagi. 😭 AKU JUGA MAU KETEMU KALIAN. 🙌 Aku punya perpustakaan digital gratis yang berisi 200++++ ringkasan buku. Bisa buat kamu yang lagi cari bacaan baru, lagi penasaran sama sebuah buku, atau cuma mau cari tahu: “Buku ini sebenarnya ngomongin apa sih?” Ada banyak topik yang bisa kamu jelajahi: 📖 Novel & fiksi 📚 Psikologi 💰 Keuangan & investasi",post,,,1,
https://www.threads.com/@rofiatulmaos/post/DdaCPlbkjzK,Threads,rofiatulmaos,,2026-09-17T23:24:59.000Z,"🧠 Pengembangan diri 💼 Bisnis & karier ❤️ Relationship 🗣️ Komunikasi 🌎 Sejarah & sosial dan masih banyak lagi. Jadi... Dear Threads, tolong pertemukan aku dengan para pembaca. 😭📚 Kalau kamu suka baca buku, Sekalian mampir ke perpustakaan digitalku: 👉 rofiatulmaos.com/buku Let's connect, fellow readers! 🙌📚 DULU GUE PENGEN BANGET BIKIN AUDIOBOOK ATAU YOUTUBE YANG BAHAS BUKU. Kayak Kak Ferry Irwandi waktu bahas Animal Farm. Kak Maudy Ayunda yang sering banget ngomongin buku.",post,,,1,
https://www.threads.com/@rofiatulmaos/post/DdaCHwGklpv,Threads,rofiatulmaos,,2026-09-17T23:23:55.000Z,"Jadi kalau kamu adalah mahasiswa yang nggak cuma ingin lulus kuliah, tapi juga ingin terus belajar dari buku, ayo mampir. 📚 Siapa tahu kamu menemukan buku yang membuatmu berpikir: “Wah, ternyata selama ini gue nggak pernah melihat sesuatu dari sudut pandang ini.” Karena menurutku, salah satu hal paling menarik dari membaca buku adalah... kita bisa meminjam pikiran orang lain untuk melihat dunia dari sudut pandang yang berbeda. 🥹📚",post,,,1,
https://www.threads.com/@rofiatulmaos/post/DdaCIaDEgmG,Threads,rofiatulmaos,,2026-09-17T23:24:00.000Z,"Dear Threads, pertemukan aku dengan mahasiswa pemburu ilmu dan pecinta buku. 🙌 Dan kalau mau berburu bacaan baru: 👉 rofiatulmaos.com/buku Mahasiswa haus ilmu dari buku, merapat. 📚😭 DULU GUE PENGEN BANGET BIKIN AUDIOBOOK ATAU YOUTUBE YANG BAHAS BUKU. Kayak Kak Ferry Irwandi waktu bahas Animal Farm. Kak Maudy Ayunda yang sering banget ngomongin buku. Pak Anies yang juga sering membahas buku dan ide-ide menarik.",post,,,1,
https://www.threads.com/@aishsyf_/post/DdaBNtfAZQ6,Threads,aishsyf_,,2026-09-17T23:15:59.000Z,"“Bad news” yang dihadapi orang kalimantan memang buatan manusia. Bagaimana sama sodara kita yang di ntt, yang di aceh dan yang terdampak abu vulkanik anak krakatau? Apa itu bad news yang harus dipilih untuk kesehatan mental? Overwhelmed yang kami alami gimana? Keluar rumah sesak nafas apa itu hoax? Apa itu bisa kami pilih?",post,,,1,
https://www.threads.com/@anzila_ig/post/DdaAnkGEomk,Threads,anzila_ig,,2026-09-17T23:10:47.000Z,"Kasus Maudy Ayunda bikin kita sibuk ngehujat orangnya dibandingkan peduli sama isunya. 

Lebih rame postingan soal hujatan ke MA dibandingkan postingan yang donasi untuk karhutla misalnya.",post,,,1,
https://www.threads.com/@rofiatulmaos/post/DdZ-ZD-kuYk,Threads,rofiatulmaos,,2026-09-17T22:51:19.000Z,"Mau cari bacaan tentang pengembangan diri? Ada. Mau cari novel atau fiksi? Ada. Mau menemukan buku yang belum pernah kamu dengar sebelumnya? Coba lihat-lihat. Siapa tahu ketemu harta karun. 😭 Saya juga sebenarnya seorang pencari buku. Jadi website ini saya buat untuk orang-orang yang punya rasa penasaran yang sama: “Hari ini mau baca buku apa ya?” Kalau kamu pembaca buku, pecinta novel, penggemar fiksi, atau suka berburu bacaan baru... ayo mampir. Kita ketemu di sana. 📚❤️",post,,,1,
https://www.threads.com/@rofiatulmaos/post/DdZ-YbsEoBV,Threads,rofiatulmaos,,2026-09-17T22:51:14.000Z,"👉 rofiatulmaos.com/buku Pembaca buku, merapat. DULU GUE PENGEN BANGET BIKIN AUDIOBOOK ATAU YOUTUBE YANG BAHAS BUKU. Kayak Kak Ferry Irwandi waktu bahas Animal Farm. Kak Maudy Ayunda yang sering banget ngomongin buku. Pak Anies yang juga sering membahas buku dan ide-ide menarik. Dan masih banyak YouTuber lainnya yang merangkum atau membahas inti dari sebuah buku. Gue lihat mereka bisa membuat buku jadi lebih menarik. Dalam hati gue: “Kayaknya seru juga kalau gue bikin yang kayak gitu.” 😆",post,,,1,
https://www.threads.com/@almaserenade/post/DdaDTpdk35U,Threads,almaserenade,,2026-09-17T23:34:16.000Z,Iya deh si paling argumen,post,,,1,
https://www.threads.com/@rofiatulmaos/post/DdZ9H1UEmOj,Threads,rofiatulmaos,,2026-09-17T22:40:14.000Z,"Dan itu bikin aku semakin yakin: Mungkin pembaca Indonesia nggak sedikit. Kita cuma perlu lebih banyak tempat yang membuat mereka ingin membaca. Jadi, buat kamu yang suka buku... AKU MAU KETEMU KAMU. 😭📚 Mampir ke perpustakaan digitalku: 👉 rofiatulmaos.com/buku Di sana ada 200++++ ringkasan dan pembahasan buku yang bisa kamu jelajahi. Kalau kamu menemukan buku yang menarik, baca ringkasannya. Kalau semakin penasaran, beli dan baca buku aslinya. ❤️",post,,,1,
https://www.threads.com/@rofiatulmaos/post/DdZ9H0pkiUo,Threads,rofiatulmaos,,2026-09-17T22:40:14.000Z,"Dan kalau kamu mau membantu perjuangan kecil ini... share ke teman atau keluarga yang suka membaca. Biar aku nggak sendirian mencari para pembaca. 😭📚 Anak Pati sedang berjuang sendirian. Tapi ternyata, pembacanya nggak sendirian. 🇮🇩🌾📚DULU GUE PENGEN BANGET BIKIN AUDIOBOOK ATAU YOUTUBE YANG BAHAS BUKU. Kayak Kak Ferry Irwandi waktu bahas Animal Farm. Kak Maudy Ayunda yang sering banget ngomongin buku. Pak Anies yang juga sering membahas buku dan ide-ide menarik.",post,,,1,
https://www.threads.com/@tikairtik/post/DdZ7YgCkiAE,Threads,tikairtik,,2026-09-17T22:25:02.000Z,"Artis awardee LPDP
1. Maudy Ayunda
2. Tasya Kamila
3. Gita Gutawa
4. Acha Septriarsa
5. Isyana Sarasvati

LPDP memang konsepnya bukan hanya untuk yg tidak mampu secara finansial, tapi seharusnya ada timbal baliknya ya untuk negara, jangan hanya dimanfaatkan untuk keuntungan pribadi, minimal jangan tone deaf.",post,,,1,
https://www.threads.com/@rofiatulmaos/post/DdZ64C2Ex9F,Threads,rofiatulmaos,,2026-09-17T22:20:36.000Z,"Dia juga yang mengurus semuanya sendirian. Bahkan pembuatan website nggak pernah diajarkan di sekolahnya. Lulus MA, belajar dari YouTube, lalu nekat membangun semuanya sendiri. Namanya https://rofiatulmaos.com/buku/. Sebuah perpustakaan digital gratis yang sekarang sudah berisi 200++++ buku untuk siapa saja yang ingin membaca dan belajar. Kadang gerakan besar memang nggak selalu dimulai dari organisasi besar. Kadang cuma dimulai dari satu orang yang memilih untuk bergerak. 🥹📚",post,,,1,
https://www.threads.com/@rofiatulmaos/post/DdZ63_yE4op,Threads,rofiatulmaos,,2026-09-17T22:20:36.000Z,"👉 rofiatulmaos.com/buku Kalau kamu baru tahu cerita di balik platform ini, share ke orang yang suka baca. ❤️ #rofiatulmaos #literasiindonesia #perpustakaandigital #bukugratis #anakpati DULU GUE PENGEN BANGET BIKIN AUDIOBOOK ATAU YOUTUBE YANG BAHAS BUKU. Kayak Kak Ferry Irwandi waktu bahas Animal Farm. Kak Maudy Ayunda yang sering banget ngomongin buku. Pak Anies yang juga sering membahas buku dan ide-ide menarik.",post,,,1,
https://www.threads.com/@rofiatulmaos/post/DdZ6rSbE5sh,Threads,rofiatulmaos,,2026-09-17T22:18:52.000Z,"Tapi anehnya, saya tetap senang. Karena ternyata ada orang yang datang ke website ini buat membaca. Ada yang menemukan buku baru. Ada yang jadi penasaran dengan buku aslinya. Ada juga yang bilang website ini membantu mereka belajar. Dan dari situ saya sadar... Mungkin website ini belum menghasilkan banyak uang. Tapi setidaknya, kalau sedikit saja bisa membantu orang Indonesia membaca dan belajar lebih banyak, rasanya perjuangan ini nggak sia-sia. 📚❤️",post,,,1,
https://www.threads.com/@rofiatulmaos/post/DdZ6rSUEwuU,Threads,rofiatulmaos,,2026-09-17T22:18:52.000Z,Semoga suatu hari nanti semakin banyak orang yang suka membaca. Dan https://rofiatulmaos.com/buku/ bisa ikut menjadi bagian kecil dari perjalanan itu. DULU GUE PENGEN BANGET BIKIN AUDIOBOOK ATAU YOUTUBE YANG BAHAS BUKU. Kayak Kak Ferry Irwandi waktu bahas Animal Farm. Kak Maudy Ayunda yang sering banget ngomongin buku. Pak Anies yang juga sering membahas buku dan ide-ide menarik. Dan masih banyak YouTuber lainnya yang merangkum atau membahas inti dari sebuah buku.,post,,,1,
https://www.threads.com/@queensha_zoya/post/DdZNKjsmOba,Threads,queensha_zoya,,2026-09-17T15:41:10.000Z,Termasuk aku gak nangkep maksud dr utas ini. Bisa jelaskan gak kak.. gimana maksudnya?,post,,,1,
https://www.threads.com/@angeldica_ndani/post/DdZ5DIZEzpM,Threads,angeldica_ndani,,2026-09-17T22:04:38.000Z,"Aku jelasin pake bahaya bayi ya kak 😄✌🏼 Utas itu ditujukan buat akun yg jelek²in Baygon (dan smua yg pro dg utas tsb) akun Baygon dari sejak followernya masih sedikit, emang udah seperti itulah kelakuannya (si Baygon), suka roasting, komen julid, dan org2 pada ketawa. Yg pingin dapat positivity or mindfullness suruh follow maudy Ayunda, wkwk.. Jd ya buat yg ga suka skip aja, ga usah jelek²in.. Baygon aja ga pernah jelekin akun dia( yg utas hatespeech ke Baygon)
Begitu kira² terjemahannya 😄✌🏼",post,,,1,
https://www.threads.com/@cetarulalabhap/post/DdZtq8iE9HI,Threads,cetarulalabhap,,2026-09-17T20:25:13.000Z,"Ngamuknya harus ke orang yg tepat sasaran gak sih, sorry bukannya ibu hamil itu sensitif yaa? Masa ibu hamil tweet pgn ke jepang dikatain tone deaf? Ada lagi yg lain, leo edwin yg tiba² dikatain tone deaf. Terus, sampai akhirnya klarifikasi begini (nih gw ss). Belum lama lagi akun folkative fitnah istrinya bimopd gara² dikira belain maudy ayunda, jahat bgt frammingnya. Padahal kak irene agustine itu lagi ngomongin ""kok ada orang yg dgn mudah ngatain tone deaf ke ibu² hamil pengen ke jepang"".",post,,,1,
https://www.threads.com/@wang_hui_bin/post/DdZrZ7Kkgg0,Threads,wang_hui_bin,,2026-09-17T20:05:25.000Z,"Kenapa takut gagal? Apanya yg gagal? 
Kalo target pasarnya biar orang diberkati dengan ayatnya ya udh sebar aja, gak ada benih yg sia2, yg ada jenis hati yg nerima. 
Kalo tujuannya pengen ngonten jalan2 dan emang suka jalan jadi sekalian, ya udh bikin aja anggep aja album jalan2 buat diri sendiri. 
Kalo untuk diduitin sih gak ada yg tau ya, soalnya ide traveling dsngan firman buat viewers yg lagi julid ngeliatnya kaya tone Deaf, ntar dianggep kaya Maudy Ayunda wkkwkw",post,,,1,
https://www.threads.com/@ristiamarhamah_/post/DdZf4nED2nN,Threads,ristiamarhamah_,,2026-09-17T18:24:45.000Z,"Ada yang masih aman secara finansial jadi masih bisa bantu untuk ikut donasi untuk bencana, ada yang masih semoat aktif di medsos untuk nyebar informasi supaya isu social tentang saudara2 kita tuh banyak yg butuh bantuan tetap ramai di socmed. Tapi balik lagi ga sedikit juga yg emang lagi susah nyari kerja, naikin omset buat kebutuhan keluarga (nyambung hidup), dll.",post,,,1,
https://www.threads.com/@ristiamarhamah_/post/DdZg_LiD9UG,Threads,ristiamarhamah_,,2026-09-17T18:34:23.000Z,"Nah berhubung Maudy Ayunda ini buat videonya dengan nunjukin kegiatan sehari2 yg bagi kita itu ""mahal, eksklusif atau terkesan ngeliat berita itu dari atas menara Istananya"". Jadilah mancing netizen, kaya ""lu mah enak hidupnynyaa, lihat berita Indonesia sekarang kenapa harus khawatir lagi? Bukannya bantu, kan lu juga punya akun besar"" dan kritikan ujaran kebencian lainnya sampai bawa2 pendidikannya dan ngulik tulisan tangan dia buat dibahas.",post,,,1,
https://www.threads.com/@wahyuraa27/post/DdZfNKwkuLi,Threads,wahyuraa27,,2026-09-17T18:18:49.000Z,"@meta.ai kasih penjelasan pro dan kontra untuk konten Maudy Ayunda dengan bahasa bayi ke dia, biar di paham dan mengerti arti kehidupan",post,,,1,
https://www.threads.com/@snaviosa/post/DdZeU2eEn3N,Threads,snaviosa,,2026-09-17T18:11:08.000Z,"Angga Yunanda really surprised me here. He completely disappears into Bayu and leaves the usual heartthrob persona behind. Anggun, Maudy Ayunda, the supporting cast are also equally great: elegant, subtle, but still powerful.",post,,,1,
https://www.threads.com/@cattkatt_/post/DdZbGyuD9L3,Threads,cattkatt_,,2026-09-17T17:43:00.000Z,"Here’s a piece of mind ya dr perspective gue pribadi. Menurut gue ilmu atau perspektif yang mau disampaikan Maudy Ayunda ga akan sepenuhnya terasa salah kalo 

1. Dia ga membicarakan ini dengan settingan sarapan borju yang terkesan penuh privilese sehingga impresi yang diberikan kontradiktif dengan materi pembahasan dan realita lapangan mungkin kalo dia duduk dengan latar ruang kerja atau tembok putih polos orang bisa lebih menerima pokok bahasan yang mau disampaikan",post,,,1,
https://www.threads.com/@cjesth29/post/DdZaWsFEsD4,Threads,cjesth29,,2026-09-17T17:36:26.000Z,"Banyak faktor yang janggal kok, gk setara dengan pendidikannya.",post,,,1,
https://www.threads.com/@hendriksiboroo/post/DdZarewE-Zr,Threads,hendriksiboroo,,2026-09-17T17:39:16.000Z,"Coba elaborate contohnya kak. Aku ga terlalu ngikikutin maudy ayunda. Cuma isi videonya judulnya ""mindfulness"" Tapi ngutip epictetus sih udah pasti sumber bacaannya pop pshycology.",post,,,1,
https://www.threads.com/@rdx.berkata/post/DdZaNy4n22F,Threads,rdx.berkata,,2026-09-17T17:35:13.000Z,"Kalo gue pribadi. Pasti menyayangkan seorang Maudy Ayunda ngomong begitu. Orang yang sedikit banyaknya sudah gua nikmati karyanya. Tapi karena gue bukan die hard fans, jadi ya, boleh banget kok gak setuju sama dia. Dan boleh banget dia gak sesuai pemikiran gua.

Gua hanya menikmati karyanya, kalau pendapatnya, masih bisa untuk tidak gue setujui.",post,,,1,
https://www.threads.com/@rdx.berkata/post/DdZaXrdHx2n,Threads,rdx.berkata,,2026-09-17T17:36:34.000Z,Jangan sampe kita sibuk kritik Maudy Ayunda sampe kita kehilangan fokus sama masalah utama ya ges ya.,post,,,1,
https://www.threads.com/@rdx.berkata/post/DdZaNz9n-jt,Threads,rdx.berkata,,2026-09-17T17:35:13.000Z,"Kalau harus di CANCEL, kayaknya blundernya gak sebegitu merusak. Toh kita yang berdebat disini juga nalarnya udah jalan gua yakin. Mau seorang Maudy ngomong gitu pun, gak akan segampang itu kita ter-influence.

“Tapi gimana kalo diluar sana banyak orang yang ter-influence?”

Ya emang dasarnya mereka GAK PEDULI aja sama suatu isu, atau emang udah lebih dulu ngelakuin yang Maudy omongin sebelum video Maudy tayang. Mereka cuma dapet validasi pas Maudy ngomong.",post,,,1,
https://www.threads.com/@cjesth29/post/DdZXMguEhmB,Threads,cjesth29,,2026-09-17T17:08:49.000Z,"Nah, masa dia kalah sama anak kampus top Indonesia. Seenggaknya sama lah, ini malah dibawahnya. I never really believed that she's smart and it's showing more now.",post,,,1,
https://www.threads.com/@hendriksiboroo/post/DdZaHEoE5xL,Threads,hendriksiboroo,,2026-09-17T17:34:18.000Z,"Banyak faktor sih bisa jadi Bias Konfirmasi karena bacaan self help kan lebih relate untuk orang yg priviledge kaya Maudy Ayunda. 
Atau bisa jadi dia misahin mode Akademis yang standar sama Mode Influencer  targetnya accsesibility dan engagement.",post,,,1,
https://www.threads.com/@nonoyyellee_/post/DdZUlvcAXWQ,Threads,nonoyyellee_,,2026-09-17T16:46:03.000Z,"rasakan dan yg sperti tmn tmn rasakan kita tuh udh hopeless banget gsi sm pemerintahan kita suara kita tidak di dengar suara kita bnr bnr tidak ada artinya untuk mrka mrka yg di atas di tengah carut marut negara ini ada pun bencana alam karhutlah, erupsi gunung, berbagai bencana alam kegagalan pemerintah dalam berbagai program dan proyeknya mbg,kopdess dan korupsi alhasil krna keputusasaan masyarakat yg tidak pernah di dengar dan di liat keluh kesah kita oleh pejabat pejabat yg terhormat",post,,,1,
https://www.threads.com/@nonoyyellee_/post/DdZUlvFAT66,Threads,nonoyyellee_,,2026-09-17T16:46:03.000Z,"mungkin ada harapan sedikit bergeser ke mereka yg punya privilege lebih di dengarkan seperti artis, influencer dan aktivis. ya untuk menunjukkan stance ataupun keberpihakannya untuk lebih pro terhadap rakyat dan berani bersuara terhadap keresahan masyarakat. yg saya liat dan saya dngr bkn kak maudy ayunda aja bnyk bgt influencer yg tone deaf yg diem atau yg memilih bungkam, dan wajar kalau masyarakat marah bkn tentang persoalan mereka crab mentality atau pun terlalu sensitif tpi emng negaranya",post,,,1,
https://www.threads.com/@nonoyyellee_/post/DdZUlr8AclR,Threads,nonoyyellee_,,2026-09-17T16:46:03.000Z,"kecewa dan marah sm pernyataannya kak maudy ayunda itu bkn krna pernyataannya yg slh tpi krna beliau tidak peka krna minim kepekaan sosial dan empati, jdi ketika beliau meng address berita buruk sebagai berita dan bkn realita itu pernyataan yg ngasih beliau jarak antar kebanyakan masyarakat kita yg terdampak langsung, mungkin tmn tmn pun tau berita berita yg skrng kita hadapi dan yg kita liat di sosial media yg kita dengar scr bertubi tubi, kejadian kejadian buruk yg menimpa masyarakat seperti:",post,,,1,
https://www.threads.com/@nonoyyellee_/post/DdZUltzgaTV,Threads,nonoyyellee_,,2026-09-17T16:46:03.000Z,"-kebakaran hutan di bbrp daerah 
-asap yg smkin hari smkin parah di kalimantan
-kekerasan seksual di tempat pengungsian
-krisis bbm langka 
-gempa bumi di ntt dll
-erupsi gunung 
-banjir 
dan kak maudy ayunda meng- address itu sebagai bad news bukan bad policy misalnya jadi secara implisit, buat masyarakat itu kedengerannya seperti beliau menyatakan kayak:
-hutan kebakaran 
-masyarakat yg terkena dampak kebakaran hrs menghirup asap setiap hari
-antri bbm langka
-kena pemadaman bergilir",post,,,1,
https://www.threads.com/@nonoyyellee_/post/DdZUlu8AZiA,Threads,nonoyyellee_,,2026-09-17T16:46:03.000Z,"nah kontras tambahannya lagi beliau bkin video itu smbil bkin,iyaa betul sarapan fancy di dapur yg mewah, yg saya rasa memang tidak ada salahnya mau bkin kontent dmn pun atau mkn apapun cmn menurut saya rasanya tidak etis skli, secara visual beliau seperti mengkomunikasikan kayak “i don’t relate to you guys” meskipun bnyak skli berita sana sini ya aku bisa milah berita supaya aku ngga sedih ngga stress ngga burnout mental ku terjaga. dan untuk yg selanjutnya lagi back to topik knp orng orng bisa",post,,,1,
https://www.threads.com/@nonoyyellee_/post/DdZUlsfgYZN,Threads,nonoyyellee_,,2026-09-17T16:46:03.000Z,"marah dan merasa kecewa adalah karna maudy ayunda itu adalah lulusan top universitas dunia dan beliau pakai beasiswa negara yaitu beasiswa lpdp jdi yg saya rasakn mungkin yg tmn tmn rasakan  jg, kita tuh punya ekspektasi terhadap beliau kayak dia bisa secara intelektual mewakili kerasahan dan penderitaan kita kita, tapi yg publik saksikan dari video kak maudy ayunda justru dia lebih concern terhadap kenyamanan perasaanya bukan addressing the problem atau addressing penderitaan kitanya.",post,,,1,
https://www.threads.com/@stareatnay/post/DdZUd-dnV17,Threads,stareatnay,,2026-09-17T16:45:00.000Z,"engga kak. soalnya kita bedalah sm maudy ayunda. kita gapunya platform besar, kita juga gapunya power buat menginfluence org",post,,,1,
https://www.threads.com/@dennyslianto/post/DdZUdF3EuL4,Threads,dennyslianto,,2026-09-17T16:44:52.000Z,"wargaaa ... ternyata selama ini kita cuma terlalu ribet aja ngejalanin hidup, makanya kalo: 

orang ngomongin kita → let them ✨
temen nusuk dari belakang → let them✨
atasan toxic → let them ✨
ketika yang ngutang ga bayar → let them✨
dighosting pas sayang-sayangnya → let them✨
ditanya belom nikah - nikah → let them✨

ternyata sesimpel itu ya hidup
 kita cuma butuh: "" let them"" 😭

berarti kalo prabowo 2x periode kalian rela → let them ???",post,,,1,
https://www.threads.com/@vortived/post/DdZUPkYk-Sx,Threads,vortived,,2026-09-17T16:43:02.000Z,@meta.ai kenapa sih masalahnya dia?,post,,,1,
https://www.threads.com/@meta.ai/post/DdZUSwcibK0,Threads,meta.ai,,2026-09-17T16:43:28.000Z,"Masalahnya dianggap tone-deaf.

Di video itu dia (Maudy Ayunda) lagi bahas ""mental diet"" - analogi kayak mau makan pizza, harus jaga konsumsi informasi. Di saat yang sama dia ngonten walk in nature / mindfulness, padahal di komen banyak yang lagi ngerasa negara lagi sensitif, bad mood.

Makin rame karena netizen ngungkit dia mahasiswa LPDP di Stanford padahal dianggap mampu bayar sendiri, jadi konten self-healing nya itu kerasa pamer privilege dan gak baca situasi.",post,,,1,
https://www.threads.com/@itsmulan0/post/DdaOrZqAWyR,Threads,itsmulan0,,2026-09-18T01:13:38.000Z,"Buat Lo” pada yang hujat Maudy Ayunda: 
Lo tau knp Indo ga maju”? 
Ya, karena sebagian besar SDM-nya udah mah ga pinter, tp merasa sok paling pinter dan paling bener wkwk. Mikir aja msh di kotak”in lol. 
Dan tipe” yg bgitu mau berkembang bakal susah. I’m sure 😊 Gtau konteks tone deaf itu apa, dan ga bs memahami argumentasi orang secara mendalam, tp sotoy fomo jg ikutan trend. 
Is there anything more ridiculous than a fool who thinks theythe wisest and smartest of all? C'mon. Wake up! 😊",post,,,1,
https://www.threads.com/@heronimus_kia/post/DdZSRKPAd_T,Threads,heronimus_kia,,2026-09-17T16:25:46.000Z,"Pertama2 dr pengertian dulu.
*Ini bisa bgt utk dikoreksi ya buat temen2 yg tau pengertian dr mindfulness itu sendiri, yg sy sampaikan ini dr apa yg sy baca2 di internet ttng mindfulness. Jadi, iziiin ya gaes berangkat dr bacaan sederhana.

Mindfulness: kondisi seseorang di mana ia memiliki kesadaran penuh terhadap dirinya sendiri saat ia memperhatikan dirinya pd momen terkini. Buahnya adlh bisa membawa ketenangan, kelegaan dg menyadari melalui hal yg dilakukan, dirasakan, dipikirkan, & dialami.",post,,,1,
https://www.threads.com/@heronimus_kia/post/DdZSRGsAZNK,Threads,heronimus_kia,,2026-09-17T16:25:46.000Z,"Kemudian masuk ke cara2 supaya bisa mindful.
Dikatakan scr ringkas oleh Gemini dr berbagai sumber bacaan, cara supaya bisa mindful adlh:
Meditasi, mengurangi multitasking, latihan pernapasan, sungguh menyadari apa yg sdng dilakukan/dialami/dirasakan, dsb.

Dan contoh mindfulnes yg buat kata ini rame dibahas adlh dr video Maudy Ayunda yg ngajak penontonnya utk berani ambil jarak dg begitu bnyknya berita/informasi ttng kondisi yg parah & informasi negatif yg bnyk banget belakangan ini.",post,,,1,
https://www.threads.com/@huumaidi/post/DdZQ1REmuWK,Threads,huumaidi,,2026-09-17T16:13:13.000Z,Lagi lagi akun ini 🤣😂🤣😂🤣😂😔🤣🤣😔😔🤣😔🤣😔🤣😔🤣😔🤣😔,post,,,1,
https://www.threads.com/@sleepless_.koala/post/DdZP6Zrk3vC,Threads,sleepless_.koala,,2026-09-17T16:05:11.000Z,nah iya aku setuju sama pendapat ini.. dimana tone deaf nya.. kan dia udah ngusahain baca berita dan dia harus juga kah? kan dia terbuka kalo nangis di bad news nya.. seenggaknya donasi buat kota2 yg terdampak yg pasti dilakuin oleh Maudy Ayunda..,post,,,1,
https://www.threads.com/@virgie_haritaa/post/DdZN0CkAZ-F,Threads,virgie_haritaa,,2026-09-17T15:46:50.000Z,"jadi, menurut kamu.. memiliki organisasi dan yayasan apakah dipukul rata sebagai penghindaran pajak atau “cuci uang”?",post,,,1,
https://www.threads.com/@zeharast/post/DdZOsUQGdjI,Threads,zeharast,,2026-09-17T15:54:31.000Z,"Oh wow dear Maudy Ayunda defender, tolong baca lagi poin utama saya, ada saya memukul rata? Inti utamanya adalah tidak ada yg spesial dengan kepemilikan organisasi mau penjahat atau ibu peri, mereka bisa menciptakan sebuah organisasi dengan bekal leadership dan relasi. Mafia tambang yang merusak alam kalimantan juga punya organisasi, memberikan beasiswa juga. Apa bisa dikatakan sebagai sesuatu yang wah? Sekelas OSIS juga bisa. Tolong reading comprehensionnya ditingkatkan, ya.",post,,,1,
https://www.threads.com/@annisaadisty/post/DdZOV81n4ur,Threads,annisaadisty,,2026-09-17T15:51:28.000Z,"nah di bagian “I’m gonna stop consuming because I’m already feeling the effects that it has on me” ini lah yang membuat orang, apalagi korban (literally org yang merasakan dampak karhutla) merasa ga relate. oke mba Maudy mungkin ngerasa overwhelmed dengan “kabar buruk” yang beredar, tapi bagaimana dengan org2 yang langsung mengalami dampak buruk secara langsung?? jadi kesimpulannya, rakyat menganggap kalau bagi Maudy Ayunda itu cuma bad news, bukan bad things that she actually faces.",post,,,1,
https://www.threads.com/@ncklgldn/post/DdZNSdxk7lE,Threads,ncklgldn,,2026-09-17T15:42:15.000Z,@meta.ai dia ni kenapa ke?,post,,,1,
https://www.threads.com/@finaalamanda/post/DdZKpL4FKlq,Threads,finaalamanda,,2026-09-17T15:19:09.000Z,"Dari semua yg disebutin aku cm tau mama kamari sama agnes jenifer. Itu pun mama kamari gak aku follow 😅.. coba km unfollow aja kak semuanya, ganti follow akun lain yg lebih bermanfaat 😅",post,,,1,
https://www.threads.com/@mulianirr/post/DdZKPrYExZ8,Threads,mulianirr,,2026-09-17T15:15:40.000Z,"Kalo gasalah Maudy Ayunda Foundation pernah buka sekolah sementara di Aceh, coba aja cek ig maudyayundafoundation gt. Berita yg kesebar udah gak berimbang banget.",post,,,1,
https://www.threads.com/@andammss/post/DdZIaFuE2W0,Threads,andammss,,2026-09-17T14:59:36.000Z,KITA POSTING TERUSSSS. PEMERINTAH KITA YANG TAK NAMPAK KALAU NI URGENT!!!!!,post,,,1,
https://www.threads.com/@gc.pamuji/post/DdZHbQKGvF4,Threads,gc.pamuji,,2026-09-17T14:51:02.000Z,"Buat saya, pembahasan maudy ayunda itu malah sudah terlalu berlebihan karena malah jadinya terdistraksi kepada masalah utamanya. Ngapain malah ngurusin orang lain yang terlihat tidak peduli, dan tetap fokus ke masalah utamanya. Distraksi yang lain adalah masalah LPDP, dimana masih banyak orang yang tidak mengerti tujuan LPDP itu sendiri. Banyak topik2 serupa yang sebenarnya terlihat dibesar-besarkan agar netizen terdistraksi dari masalah2 utamanya.",post,,,1,
https://www.threads.com/@sjjdjdjstwtwt/post/DdZHLePGWP9,Threads,sjjdjdjstwtwt,,2026-09-17T14:48:52.000Z,"Gila ya, algoritma dunia medsos tuh cepat banget perputarannya! Perasaan baru kemarin ramai bahas Maudy Ayunda, eh, sekarang topiknya udah ganti lagi ke Andre Taulany. ​Makanya, jujur sampai sekarang gue tetap enggak percaya sama yang namanya cancel culture buat kalangan artis di Indonesia. Algoritmanya terlalu cepat bergeser, ditambah mayoritas netizen kita itu gampang FOMO dan tipikal bangsa pemaaf. ​Sanksi sosial di sini tuh sifatnya cuma sementara.",post,,,1,
https://www.threads.com/@awan_grafolog/post/DdZFz2Zk33-,Threads,awan_grafolog,,2026-09-17T14:36:54.000Z,"Ampun KK 
Saya rakyat biasa saja...",post,,,1,
https://www.threads.com/@schmidt_1996/post/DdZGJqTGjXG,Threads,schmidt_1996,,2026-09-17T14:39:53.000Z,"kenapa harus maudy, gak ada tokoh lain kah? tan malaka, sutan syahrir, mohammad hatta, amir syarifudin lebih pantas dibahas tulisannya daripada maudy ayunda. kalau memang anda grafolog profesional tunjukkan kepedulian anda kepada sesama yang sedang terkena musibah dong. jangan malah mancing emosi netizen? anda itu grafolog atau buzzer politikus rezim?",post,,,1,
https://www.threads.com/@dannisang/post/DdZFNztmdln,Threads,dannisang,,2026-09-17T14:31:43.000Z,"Maudy ayunda mungkin kalo buat “itu” konten pas era covid 19 pasti dapat respon yg lebih positif
Eh doi malah buat di era bencana nasional karena bad policy 😂",post,,,1,
https://www.threads.com/@rub.bric/post/DdZD6Hbk_tp,Threads,rub.bric,,2026-09-17T14:20:17.000Z,"Kurang amanda rigby andre, bunted di peresmian lrt jkt, maudy ayunda",post,,,1,
https://www.threads.com/@eternallyzy/post/DdYyXKAk38H,Threads,eternallyzy,,2026-09-17T11:46:58.000Z,"pls mikir dulu plisss sebelum decide jadi buzzer, iq gw menurun 10 tiap bacain komen buzzer",post,,,1,
https://www.threads.com/@sinaga_martinus/post/DdZCXmFn60P,Threads,sinaga_martinus,,2026-09-17T14:06:50.000Z,"Bang, ternyata benaran terjadi.. IQ mu menurun.. mengartikan ""bad news"" sebagai ""hanya"" berita buruk aja sudah keliatan cara mikir abang ini.
Bad news yang dia maksud lebih luas. Berita bohong juga ""bad news"". Berita hyperbola juga ""bad news"". Maudy Ayunda udah ngasih clue. ""Curate information sources"". Dia konsen nya ke berita berita yang membuat kita sering kepancing emosi padahal belum tentu benar.",post,,,1,
https://www.threads.com/@ikan_bunt4al/post/DdY_P8lGjMm,Threads,ikan_bunt4al,,2026-09-17T13:39:35.000Z,"Kalau mau negur harusnya personally chat, kalau buat thread ya namanya pick me dan teman makan teman",post,,,1,
https://www.threads.com/@as_hilmawan/post/DdXz9SjE6Ar,Threads,as_hilmawan,,2026-09-17T02:41:40.000Z,"lompatan logika macam apa itu??? emang semua orang wajib bersuara atas seluruh kekacauan dimuka bumi ini??

KASIH BUKTI LU PERNAH BERSUARA ATAS BENCANA KELAPARAN DI PAPUA PEGUNUNGAN, KALO LO MEMANG MENUNTUT SEMUA KEKACUAAN HARUS DIBERI SUARA!! DITUNGGU NJINGGG, JANGAN KABUR.",post,,,1,
https://www.threads.com/@rizkaarisfilda/post/DdZBP9Rk-xo,Threads,rizkaarisfilda,,2026-09-17T13:57:03.000Z,"Maudy ayunda, oxford graduate. Seorang penyanyi, aktris, dan influencer. Kenapa tuntutan ""wajib bersuara"" itu lebih condong ke maudy? Karna dia punya posisi. Dia punya power dan dia punya pengikut. Bukan kewajiban, tetapi ini udah nunjukin kalo dia ga bisa memanfaatkan platform dan posisi dia yg gede buat ""mendorong"" fansnya buat bantu, open donation or at least, spread awareness ttng tragedy yg sekarang orang2 rasakan. Saya bersuara kak, sayangnya saya hanya warga biasa, berbeda dgn maudy",post,,,1,
https://www.threads.com/@seycilciceylia/post/DdZAqUCAf7u,Threads,seycilciceylia,,2026-09-17T13:51:55.000Z,@meta.ai,post,,,1,
https://www.threads.com/@meta.ai/post/DdZAuIeCohT,Threads,meta.ai,,2026-09-17T13:52:26.000Z,"Hi! Di screenshot yang kamu kirim isinya beda drama lagi ya.

Yang atas lagi ngebela Maudy Ayunda soal stay waras di tengah bad news, terus dibales sama Millie Alexander — intinya dia bilang postingan urgent soal Kalimantan lagi menderita asap tebal, listrik mati, BBM langka itu ke-post 1 jam sebelum thread yang dianggap nge-joke.

Jadi konteksnya lagi rame soal timing postingan vs kondisi darurat asap di Kalimantan.",post,,,1,
https://www.threads.com/@misbah_institute/post/DdY_52Ij6yQ,Threads,misbah_institute,,2026-09-17T13:45:18.000Z,Pada sadar nggak sih kalo kita tuh lagi dibenturkan dengan konflik horizontal? Viralnya case ini membuat banyak orang jadi mencerca Maudy Ayunda yg seolah2 jadi harus bertanggung jawab sama kondisi bencana di Indonesia? Padahal yang seharusnya kita cerca ya pemerintah dengan berbagai kebijakannya yang ngawur. Coba deh perhatikan berbagai kasus gagalnya penanganan bencana jadi kabur kan. Kemarahan publik salah sasaran.,post,,,1,
https://www.threads.com/@putrisonira/post/DdX8f10Gj8_,Threads,putrisonira,,2026-09-17T03:56:18.000Z,"kadang suka gk habis pikir, kok bisa ada orang jahatnya tuh jahat bgt yaa?? aku pikir org jahat ya, sewajarnya jahat aja, karna pd dasarnya kita semua pasti punya hatikan, gk kadar jahatnya gk keterlaluan.. tp pake bgt bgt tuh emg adaa ya ternyataaaaaaa……",post,,,1,
https://www.threads.com/@idenny123/post/DdY9rN2iVop,Threads,idenny123,,2026-09-17T13:25:49.000Z,"Maksud gw, PNS aja bahkan yang tugasnya administratif doang mesti ikut serentetan tes nonsense baru bisa lolos & kerja. 
Sementara para pejabat itu? Dipilih pake sistem cap cip cup. 
Pendidikan pun banyak yang gak jelas. Sementara mereka punya wewenang buat bikin Undang-undang dan menyetujui anggaran negara. Ohh we're so doomed! 
Kalian protes anggaran MBG & Kopdes ga masuk akal? Itu harusnya bisa dicegah oleh DPR kalo emang mereka bertugas sesuai fungsinya.",post,,,1,
https://www.threads.com/@ellaganie/post/DdY9F72CYsh,Threads,ellaganie,,2026-09-17T13:20:44.000Z,Kmrn template kaya gini sama persis kek case Maudy Ayunda dirujak. Skg andre taulany wkwkwkwkwk.,post,,,1,
https://www.threads.com/@wulanfebrihandini/post/DdY7aoUCYBc,Threads,wulanfebrihandini,,2026-09-17T13:06:05.000Z,"Gw mencoba nonton vlog Maudy Ayunda..nampaknya mmg vlog itu ditujukan utk sirkelnya saja, sirkel atas yg ngejalanin stoic ato mindfulness..name it lah bebas. Tp enda cocok di gw. Boro² kalem, hidup gw di negri ini dgn segala berita ttg pemerintahan, bikin gw merasa masuk ke survival mode. Coba ngertiin MA, dia overwhelm masih bs minggat or terbang kemn kek gt.",post,,,1,
https://www.threads.com/@rofiatulmaos/post/DdY6c97lGWz,Threads,rofiatulmaos,,2026-09-17T12:57:40.000Z,"Dan nggak semua orang punya kemampuan untuk membeli banyak buku. Jadi saya putuskan untuk membuat https://rofiatulmaos.com/buku/ gratis. Bukan dengan menyebarkan PDF bajakan. Tapi dengan merangkum inti, gagasan, dan pelajaran penting dari sebuah buku supaya kalian bisa mendapatkan ilmunya dalam waktu yang lebih singkat. Bahkan saya berharap, setelah membaca summary-nya, kalian justru jadi penasaran dan membeli buku aslinya. Jadi menurut saya, ini bukan cuma tentang memberikan bacaan gratis.",post,,,1,
https://www.threads.com/@rofiatulmaos/post/DdY6c9hlIH7,Threads,rofiatulmaos,,2026-09-17T12:57:40.000Z,Ini juga tentang memperkenalkan karya penulis kepada lebih banyak orang. 📚 Belajar tetap gratis. Penulis tetap dihargai. Dan buku tetap punya kesempatan untuk dibaca lebih banyak orang. DULU SAYA PENGEN BANGET BIKIN AUDIOBOOK ATAU YOUTUBE YANG BAHAS BUKU. Kayak Kak Ferry Irwandi waktu bahas Animal Farm. Kak Maudy Ayunda yang sering banget ngomongin buku. Pak Anies yang juga sering membahas buku dan ide-ide menarik.,post,,,1,
https://www.threads.com/@rofiatulmaos/post/DdY6YX-FJMI,Threads,rofiatulmaos,,2026-09-17T12:57:02.000Z,Communication Skills (Keterampilan Komunikasi) Parenting (Pengasuhan Anak) Well-being (Kesejahteraan) Marketing & Sales (Pemasaran & Penjualan) Self-Discovery (Penemuan Diri) Personalities (Kepribadian) Economics (Ekonomi) Literature (Sastra) Arts (Seni) History (Sejarah) Politics & Society (Politik & Masyarakat) Science (Sains) Business & Career (Bisnis & Karier) Leadership (Kepemimpinan) Productivity (Produktivitas) Family Life (Kehidupan Keluarga) Self-Growth (Pengembangan Diri) #pati,post,,,1,
https://www.threads.com/@rofiatulmaos/post/DdY6XtzFEel,Threads,rofiatulmaos,,2026-09-17T12:56:57.000Z,tolong bantuannya ya temen-temen supaya dishare #literasi #serunyamembaca DULU GUE PENGEN BANGET BIKIN AUDIOBOOK ATAU YOUTUBE YANG BAHAS BUKU. Kayak Kak Ferry Irwandi waktu bahas Animal Farm. Kak Maudy Ayunda yang sering banget ngomongin buku. Pak Anies yang juga sering membahas buku dan ide-ide menarik. Dan masih banyak YouTuber lainnya yang merangkum atau membahas inti dari sebuah buku. Gue lihat mereka bisa membuat buku jadi lebih menarik. Dalam hati gue:,post,,,1,
https://www.threads.com/@rofiatulmaos/post/DdY6OQMFBHO,Threads,rofiatulmaos,,2026-09-17T12:55:39.000Z,Kamu jadi menemukan buku yang akhirnya benar-benar ingin kamu beli dan baca sampai habis. ❤️ Ayo ikut membangun budaya membaca bareng-bareng. 🔗 rofiatulmaos.com/buku DULU GUE PENGEN BANGET BIKIN AUDIOBOOK ATAU YOUTUBE YANG BAHAS BUKU. Kayak Kak Ferry Irwandi waktu bahas Animal Farm. Kak Maudy Ayunda yang sering banget ngomongin buku. Pak Anies yang juga sering membahas buku dan ide-ide menarik. Dan masih banyak YouTuber lainnya yang merangkum atau membahas inti dari sebuah buku.,post,,,1,
https://www.threads.com/@rofiatulmaos/post/DdY6EaYlGKD,Threads,rofiatulmaos,,2026-09-17T12:54:19.000Z,"Bukan cuma karena websitenya mulai ramai, tapi karena ternyata ada orang yang benar-benar datang untuk membaca. Semoga dari website kecil ini, semakin banyak orang yang jadi tertarik membaca buku. 📚❤️ 🔗 rofiatulmaos.com/buku DULU GUE PENGEN BANGET BIKIN AUDIOBOOK ATAU YOUTUBE YANG BAHAS BUKU. Kayak Kak Ferry Irwandi waktu bahas Animal Farm. Kak Maudy Ayunda yang sering banget ngomongin buku. Pak Anies yang juga sering membahas buku dan ide-ide menarik.",post,,,1,
https://www.threads.com/@rofiatulmaos/post/DdY5-zYFFNI,Threads,rofiatulmaos,,2026-09-17T12:53:33.000Z,"Eh, malah pulang bawa ilmu baru. 🤣📚 Yuk, kita ramaikan tempat orang-orang yang suka belajar. 🔗 rofiatulmaos.com/buku DULU GUE PENGEN BANGET BIKIN AUDIOBOOK ATAU YOUTUBE YANG BAHAS BUKU. Kayak Kak Ferry Irwandi waktu bahas Animal Farm. Kak Maudy Ayunda yang sering banget ngomongin buku. Pak Anies yang juga sering membahas buku dan ide-ide menarik. Dan masih banyak YouTuber lainnya yang merangkum atau membahas inti dari sebuah buku. Gue lihat mereka bisa membuat buku jadi lebih menarik.",post,,,1,
https://www.threads.com/@momsdailyneeds/post/DdYcoXlGv9Z,Threads,momsdailyneeds,,2026-09-17T08:37:05.000Z,"Bagian mana yg salahin dia?
itu jelas2 gw nulis yg dia omongin “benar”
gw emg lg menertawakan diri sendiri kok mau mindfulness tp gagal karena msh suka misuh2…",post,,,1,
https://www.threads.com/@jeffu_jeff/post/DdY54TDFBaE,Threads,jeffu_jeff,,2026-09-17T12:52:39.000Z,“Lah dia sekali masak 3 telur buat dimakan sendiri wajar klo dia mindfullness 🤣” that is jealousy!! Gw ga sekaya maudy ayunda gw makan 3-4 telor tiap pagi sekali makan,post,,,1,
https://www.threads.com/@rofiatulmaos/post/DdY53_ClHgb,Threads,rofiatulmaos,,2026-09-17T12:52:37.000Z,"“Gimana kalau isi buku yang tebal dibuat jadi lebih singkat, tapi inti ilmunya tetap bisa dipahami?” Akhirnya gue mulai merangkum buku. https://rofiatulmaos.com/buku/ DULU GUE PENGEN BANGET BIKIN AUDIOBOOK ATAU YOUTUBE YANG BAHAS BUKU. Kayak Kak Ferry Irwandi waktu bahas Animal Farm. Kak Maudy Ayunda yang sering banget ngomongin buku. Pak Anies yang juga sering membahas buku dan ide-ide menarik. Dan masih banyak YouTuber lainnya yang merangkum atau membahas inti dari sebuah buku.",post,,,1,
https://www.threads.com/@rofiatulmaos/post/DdY5w-jlPfl,Threads,rofiatulmaos,,2026-09-17T12:51:39.000Z,"Makanya saya mencoba membuat tempat yang membuat orang bisa mulai belajar dari buku dengan cara yang lebih mudah. Saya rangkum inti, gagasan, dan pelajaran penting dari buku supaya bisa dibaca dalam waktu yang lebih singkat. Gratis. Dan saya justru berharap setelah membaca ringkasannya, kalian jadi penasaran dan membeli buku aslinya. 📚 Karena buat saya: Belajar tetap gratis. Penulis tetap dihargai. Dan semakin banyak orang punya kesempatan mengenal buku. 🔗 rofiatulmaos.com/buku",post,,,1,
https://www.threads.com/@rofiatulmaos/post/DdY5w9dlNOu,Threads,rofiatulmaos,,2026-09-17T12:51:39.000Z,DULU GUE PENGEN BANGET BIKIN AUDIOBOOK ATAU YOUTUBE YANG BAHAS BUKU. Kayak Kak Ferry Irwandi waktu bahas Animal Farm. Kak Maudy Ayunda yang sering banget ngomongin buku. Pak Anies yang juga sering membahas buku dan ide-ide menarik. Dan masih banyak YouTuber lainnya yang merangkum atau membahas inti dari sebuah buku. Gue lihat mereka bisa membuat buku jadi lebih menarik. Dalam hati gue: “Kayaknya seru juga kalau gue bikin yang kayak gitu.” 😆 Tapi masalahnya... GUE NGGAK PEDE. 😭,post,,,1,
https://www.threads.com/@rofiatulmaos/post/DdY5pJEFO6E,Threads,rofiatulmaos,,2026-09-17T12:50:35.000Z,"Baca ringkasannya. Ambil ilmunya. Dan kalau ternyata bukunya menarik? Beli dan baca versi aslinya. ❤️ Saya pengen website ini jadi tempat berkumpulnya orang-orang yang suka belajar, bahkan buat kamu yang selama ini merasa “gue bukan orang yang suka baca buku.” Jadi... Ayo mampir. Jangan cuma lewat. 😭 Siapa tahu satu ringkasan yang kamu baca hari ini menjadi awal dari kebiasaan membaca kamu. 👉 rofiatulmaos.com/buku Masuk sekali. Pilih buku. Baca. Upgrade ilmu. 📚",post,,,1,
https://www.threads.com/@rofiatulmaos/post/DdY5pNelM7-,Threads,rofiatulmaos,,2026-09-17T12:50:36.000Z,DULU GUE PENGEN BANGET BIKIN AUDIOBOOK ATAU YOUTUBE YANG BAHAS BUKU. Kayak Kak Ferry Irwandi waktu bahas Animal Farm. Kak Maudy Ayunda yang sering banget ngomongin buku. Pak Anies yang juga sering membahas buku dan ide-ide menarik. Dan masih banyak YouTuber lainnya yang merangkum atau membahas inti dari sebuah buku. Gue lihat mereka bisa membuat buku jadi lebih menarik. Dalam hati gue: “Kayaknya seru juga kalau gue bikin yang kayak gitu.” 😆 Tapi masalahnya... GUE NGGAK PEDE. 😭,post,,,1,
https://www.threads.com/@rofiatulmaos/post/DdY5hTKFByF,Threads,rofiatulmaos,,2026-09-17T12:49:31.000Z,"“Ternyata usaha kecilku sampai juga ke orang lain.” Aku mungkin cuma satu orang. Tapi aku percaya... Gerakan membaca nggak harus dimulai dari pemerintah, perusahaan besar, atau orang terkenal. Bisa dimulai dari anak petani di sebuah desa. 🌾 Aku sedang berjuang sendirian untuk membuat website ini terus hidup dan mengajak lebih banyak orang membaca. Kalau kamu ingin ikut membantu Tolong lakukan satu hal sederhana: SHARE. Kirim ke temanmu yang suka buku. Kirim ke keluarga yang suka membaca.",post,,,1,
https://www.threads.com/@rofiatulmaos/post/DdY5hLplKDT,Threads,rofiatulmaos,,2026-09-17T12:49:30.000Z,Tag teman yang sedang mencari buku. Karena mungkin dari satu share kamu... ada satu orang yang menemukan buku yang mengubah hidupnya. ❤️📚 👉 rofiatulmaos.com/buku Aku dari Pati. Aku bukan siapa-siapa. Tapi aku ingin ikut membuat Indonesia lebih dekat dengan buku. 🇮🇩📚 DULU GUE PENGEN BANGET BIKIN AUDIOBOOK ATAU YOUTUBE YANG BAHAS BUKU. Kayak Kak Ferry Irwandi waktu bahas Animal Farm. Kak Maudy Ayunda yang sering banget ngomongin buku.,post,,,1,
https://www.threads.com/@rofiatulmaos/post/DdY5XQCFDQ4,Threads,rofiatulmaos,,2026-09-17T12:48:09.000Z,"tapi pulangnya sudah punya wishlist 20 buku? 😂 Atau tipe yang tiap malam bilang: “Besok aku mulai baca.” Terus besoknya cari buku baru lagi. 😭 AKU JUGA MAU KETEMU KALIAN. 🙌 Aku punya perpustakaan digital gratis yang berisi 200++++ ringkasan buku. Bisa buat kamu yang lagi cari bacaan baru, lagi penasaran sama sebuah buku, atau cuma mau cari tahu: “Buku ini sebenarnya ngomongin apa sih?” Ada banyak topik yang bisa kamu jelajahi: 📖 Novel & fiksi 📚 Psikologi 💰 Keuangan & investasi",post,,,1,
https://www.threads.com/@rofiatulmaos/post/DdY5XPQFFpe,Threads,rofiatulmaos,,2026-09-17T12:48:09.000Z,"🧠 Pengembangan diri 💼 Bisnis & karier ❤️ Relationship 🗣️ Komunikasi 🌎 Sejarah & sosial dan masih banyak lagi. Jadi... Dear Threads, tolong pertemukan aku dengan para pembaca. 😭📚 Kalau kamu suka baca buku, Sekalian mampir ke perpustakaan digitalku: 👉 rofiatulmaos.com/buku Let's connect, fellow readers! 🙌📚 DULU GUE PENGEN BANGET BIKIN AUDIOBOOK ATAU YOUTUBE YANG BAHAS BUKU. Kayak Kak Ferry Irwandi waktu bahas Animal Farm. Kak Maudy Ayunda yang sering banget ngomongin buku.",post,,,1,
https://www.threads.com/@alfredbudiman/post/DdY5NRUDteA,Threads,alfredbudiman,,2026-09-17T12:46:47.000Z,@meta.ai  tolong rangkumin apa yg sedang ribut tentang maudy ayunda,post,,,1,
https://www.threads.com/@rofiatulmaos/post/DdY48f6lBhv,Threads,rofiatulmaos,,2026-09-17T12:44:30.000Z,"Jadi kalau kamu adalah mahasiswa yang nggak cuma ingin lulus kuliah, tapi juga ingin terus belajar dari buku, ayo mampir. 📚 Siapa tahu kamu menemukan buku yang membuatmu berpikir: “Wah, ternyata selama ini gue nggak pernah melihat sesuatu dari sudut pandang ini.” Karena menurutku, salah satu hal paling menarik dari membaca buku adalah... kita bisa meminjam pikiran orang lain untuk melihat dunia dari sudut pandang yang berbeda. 🥹📚",post,,,1,
https://www.threads.com/@rofiatulmaos/post/DdY481ylHYu,Threads,rofiatulmaos,,2026-09-17T12:44:32.000Z,"Dear Threads, pertemukan aku dengan mahasiswa pemburu ilmu dan pecinta buku. 🙌 Dan kalau mau berburu bacaan baru: 👉 rofiatulmaos.com/buku Mahasiswa haus ilmu dari buku, merapat. 📚😭 DULU GUE PENGEN BANGET BIKIN AUDIOBOOK ATAU YOUTUBE YANG BAHAS BUKU. Kayak Kak Ferry Irwandi waktu bahas Animal Farm. Kak Maudy Ayunda yang sering banget ngomongin buku. Pak Anies yang juga sering membahas buku dan ide-ide menarik.",post,,,1,
https://www.threads.com/@radit.xyz1477/post/DdY3JHzE64n,Threads,radit.xyz1477,,2026-09-17T12:32:01.000Z,,,,,1,
https://www.threads.com/@chairilist/post/DdY2TicE353,Threads,chairilist,,2026-09-17T12:21:25.000Z,,,,,1,
https://www.threads.com/@rofiatulmaos/post/DdY2JZAlCg1,Threads,rofiatulmaos,,2026-09-17T12:20:02.000Z,,,,,1,
https://www.threads.com/@rofiatulmaos/post/DdY2JS2lFnx,Threads,rofiatulmaos,,2026-09-17T12:20:02.000Z,,,,,1,
https://www.threads.com/@rofiatulmaos/post/DdY2A40FI-3,Threads,rofiatulmaos,,2026-09-17T12:18:53.000Z,,,,,1,
https://www.threads.com/@rofiatulmaos/post/DdY2BF7FBEW,Threads,rofiatulmaos,,2026-09-17T12:18:54.000Z,,,,,1,
https://www.threads.com/@rainzboo/post/DdY17smmpu2,Threads,rainzboo,,2026-09-17T12:18:10.000Z,,,,,1,
https://www.threads.com/@rofiatulmaos/post/DdY131aFNhj,Threads,rofiatulmaos,,2026-09-17T12:17:38.000Z,,,,,1,
https://www.threads.com/@rofiatulmaos/post/DdY13y1lD-v,Threads,rofiatulmaos,,2026-09-17T12:17:38.000Z,,,,,1,
https://www.threads.com/@gegembol/post/DdYvaJfAWXn,Threads,gegembol,,2026-09-17T11:21:10.000Z,,,,,1,
https://www.threads.com/@parzival__88/post/DdY1NUHkx-W,Threads,parzival__88,,2026-09-17T12:11:50.000Z,,,,,1,
https://www.threads.com/@rofiatulmaos/post/DdY1EB6lH_D,Threads,rofiatulmaos,,2026-09-17T12:10:34.000Z,,,,,1,
https://www.threads.com/@rofiatulmaos/post/DdY1D_9lIxr,Threads,rofiatulmaos,,2026-09-17T12:10:34.000Z,,,,,1,
https://www.threads.com/@ibnusy4m/post/DdY02cgDz_j,Threads,ibnusy4m,,2026-09-17T12:08:43.000Z,,,,,1,
https://www.threads.com/@ibnusy4m/post/DdY02abj2Fs,Threads,ibnusy4m,,2026-09-17T12:08:43.000Z,,,,,1,
https://www.threads.com/@rofiatulmaos/post/DdY02gBlKxT,Threads,rofiatulmaos,,2026-09-17T12:08:43.000Z,,,,,1,
https://www.threads.com/@rofiatulmaos/post/DdY02giFOp_,Threads,rofiatulmaos,,2026-09-17T12:08:43.000Z,,,,,1,
https://www.threads.com/@trouble_makerid/post/DdY0uNcGc3M,Threads,trouble_makerid,,2026-09-17T12:07:35.000Z,,,,,1,
https://www.threads.com/@samudrafakta/post/DdYz8TSmJIM,Threads,samudrafakta,,2026-09-17T12:00:46.000Z,,,,,1,
https://www.threads.com/@achmadfauzi1187/post/DdaNoLEgYPK,Threads,achmadfauzi1187,,2026-09-18T01:04:28.000Z,"Stoic ala @irwandiferry 
Mindfulness ala Maudy Ayunda 
Islam ala Prabowo 
Ngutang ala Mulyono 
Duit ala kadarnya",post,,,0,
https://www.threads.com/@acuahden/post/DdaYYzggXXs,Threads,acuahden,,2026-09-18T02:38:29.000Z,Menghujat Maudy Ayunda,post,,,0,
https://www.threads.com/@adeanasuhaya/post/DdabUrYmHPl,Threads,adeanasuhaya,,2026-09-18T03:04:08.000Z,"Saya juga kecewa sama pemerintah dan Maudy Ayunda,",post,,,0,
https://www.threads.com/@alvarezz.ie/post/DdaVM3XE3qV,Threads,alvarezz.ie,,2026-09-18T02:10:38.000Z,"bukan timing nya yang kurang pas, dia nya aja dengan kesadaran penuh buat posting tuh video berdasarkan dapat berita di feed sosmed nya dapat berita buruk terus karena algoritma nya dia like berita itu?? coba kamu lihat terus analisis postingan ulang Instagram/tiktok maudy ayunda! coba lihat berdasarkan itu. itu memang di post dengan timing seperti itu biar relevan di saat itu juga.",post,,,0,
https://www.threads.com/@arinichaerunnisa/post/DdaP1Q2if0r,Threads,arinichaerunnisa,,2026-09-18T01:23:43.000Z,"lagi coba digital detox wkwk
semoga berhasil yaa
bukan dalam rangka mindfulness ala Maudy Ayunda ko 

cuman keknya aku kena brainrot aja 
just wanna be me before bermedsos",post,,,0,
https://www.threads.com/@bildinafida/post/DdaSWkYkwlY,Threads,bildinafida,,2026-09-18T01:45:45.000Z,"Kalau tone deaf yang lain mah beda section. Tenang ka, semua dapat konsekuensi sosialnya. 

Kayak Maudy Ayunda juga sama kan ka kasusnya?",post,,,0,
https://www.threads.com/@bocilmaniiez/post/DdaYKH5D6kJ,Threads,bocilmaniiez,,2026-09-18T02:36:29.000Z,Coba cari akun ig maudy ayunda foundation. Malu bgt sih ngatain dia nirempati,post,,,0,
https://www.threads.com/@bumibercerita12/post/DdaSAnSn3RS,Threads,bumibercerita12,,2026-09-18T01:42:45.000Z,makin kesini kok benar ya apa kata Maudy Ayunda🤔Pusing juga jir liat bad2 news,post,,,0,
https://www.threads.com/@chucky.botak/post/DdaN82ME3Uc,Threads,chucky.botak,,2026-09-18T01:07:17.000Z,"Yang paling ironi dari konten maudy ayunda adalah:

Even setelah membeberkan kebiasaannya untuk memilah ""curated information sources"" ketimbang ""nuggets"" sebagai step mindfulness in bad news, dia mengakui akhir2 ini merasa overwhelmed. Aneh sekali, berarti metodenya doesn't work effectively dong untuk strata sosial sekelas dia 

Which of which, karena emang sudah se-f'd up itu beritanya",post,,,0,
https://www.threads.com/@chucky.botak/post/DdaQsfek19S,Threads,chucky.botak,,2026-09-18T01:31:16.000Z,"Yang paling ironi dari konten maudy ayunda adalah:

Even setelah membeberkan kebiasaannya untuk memilah ""curated information sources"" ketimbang ""nuggets"" sebagai step mindfulness in bad news, dia mengakui akhir2 ini merasa overwhelmed. Aneh sekali, berarti metodenya doesn't work effectively dong untuk strata sosial sekelas dia 

Which of which, karena emang sudah se-f'd up itu beritanya.",post,,,0,
https://www.threads.com/@chucky.botak/post/DdaScOyCSK9,Threads,chucky.botak,,2026-09-18T01:46:31.000Z,"Perasaan narasinya sama semua. Ini buzzer kah? 😂🤣😂🤣

Yang paling ironi dari konten maudy ayunda adalah:

Even setelah membeberkan kebiasaannya untuk memilah ""curated information sources"" ketimbang ""nuggets"" sebagai step mindfulness in bad news, dia mengakui akhir2 ini merasa overwhelmed. Aneh sekali, berarti metodenya doesn't work effectively dong untuk strata sosial sekelas dia 

Which of which, karena emang sudah se-f'd up itu beritanya.",post,,,0,
https://www.threads.com/@dimitriarditya/post/DdaS5NaCCna,Threads,dimitriarditya,,2026-09-18T01:50:29.000Z,Bakal ada follow up thread setelah denger pendapat kalian semua,post,,,0,
https://www.threads.com/@dinarmutiarani/post/DdaR1DBI9rJ,Threads,dinarmutiarani,,2026-09-18T01:41:10.000Z,"kak kenapa postingan ig km 0, dan postingan threads cmn posting ttg maudy ayunda HAHAHAHA? GENUINELY ASK",post,,,0,
https://www.threads.com/@donnyarizky/post/DdaYaZXk5Vg,Threads,donnyarizky,,2026-09-18T02:38:42.000Z,"inget kata maudy ayunda, let them aja kak kenapa sih repot ngurusin ginian... haduhh",post,,,0,
https://www.threads.com/@evelynleung31/post/DdacuB4AUEP,Threads,evelynleung31,,2026-09-18T03:16:20.000Z,Emang pikiran warga konoha aja yg tiap bula sosmed sambil berprasangka buruk....pernyataan maudy ayunda ga nyampe ke mereka...mungkin bahasa nya ketinggian ☹️,post,,,0,
https://www.threads.com/@f.faadhilahq29/post/Ddae4wvjxIT,Threads,f.faadhilahq29,,2026-09-18T03:35:16.000Z,"Kritik “Tone Deaf” Menyasar Maudy Ayunda, Apa yang Dipersoalkan Publik?  https://www.netralnews.com/nncgayahidup/kritik-tone-deaf-menyasar-maudy-ayunda-apa-yang-dipersoalkan-publik",post,,,0,
https://www.threads.com/@ferrpermana/post/DdafwIzE2vj,Threads,ferrpermana,,2026-09-18T03:42:50.000Z,"Enggak ada yg salah sama Mindfulness in the Age of Bad News-Maudy Ayunda. Jangan karena seseorang adalah orang have dan kita enggak, hal tersebut membuat penilaian jadi subjektif.",post,,,0,
https://www.threads.com/@fifbandaaceh/post/DdaderOk00c,Threads,fifbandaaceh,,2026-09-18T03:22:58.000Z,"Dana tunai dari DANASTRA emang siap banget buat kamu
andalkan kapan saja dan dari mana saja.

Pengajuannya juga mudah.

Gak percaya? Yuk kunjungi kantor FIFGROUP terdekat sekarang atau
Hubungi: 0851-8334-0440",post,,,0,
https://www.threads.com/@fikri.mdz/post/DdaVqg9khpt,Threads,fikri.mdz,,2026-09-18T02:14:41.000Z,Team maudy ayunda ♥️,post,,,0,
https://www.threads.com/@gudetasya/post/Ddado9ECY5A,Threads,gudetasya,,2026-09-18T03:24:23.000Z,"perihal repost gak repost itu lebih ke apatis atau nggaknya ya... makanya aku bilang indikatornya bukan itu.

tone deaf dan apatis itu beda. maudy ayunda gapernah ajak buat apatis, dia sendiri state di videonya and i acknowledge that",post,,,0,
https://www.threads.com/@gunawanachmad10_/post/DdaRwAmjwgP,Threads,gunawanachmad10_,,2026-09-18T01:40:29.000Z,"Maudy ayunda mungkin tidak pernah merasakan
Besok mau mkn apa krn ga punya duit
Sudah ditagih uang kontrakan
Biaya anak sekolah dan perlengkapannya
Narik ojol dari pagi sampe malam hny bawa 20 rb untuk anak dan istri
Token listrik udah bunyi..
Jualan sepi pembeli
Anak muda cari kerja susah
Biaya runah sakit mahal",post,,,0,
https://www.threads.com/@hafidzi76/post/DdaSEeNE6wl,Threads,hafidzi76,,2026-09-18T01:43:16.000Z,Mindfullness cuma relate kalangan kelas atas seperti Maudy Ayunda.yanh notabene bisa jalan jalan kemana ajha tanpa pusing mikir besok makan apa ..... Kelas bawah .. SE ancur hati dan pikiran harus tetap lanjut kerja ... Ada perut kosong yang harus di isi ... Gak ada namanya healing atau semacamnya ... Sesimpel meditasi sajha waktunya habis untuk kerja,post,,,0,
https://www.threads.com/@hafidzi76/post/DdaSr5vk0FA,Threads,hafidzi76,,2026-09-18T01:48:40.000Z,"Sebenarnya kesalahan judulnya fatal banget sih. Harusnya Maudy Ayunda pakai judul 'Mindfulness in the Era of Doomscrolling'. Diksi itu jauh lebih aman, sensitif dengan situasi, dan relevan secara universal buat netizen sekarang.",post,,,0,
https://www.threads.com/@hafidzi76/post/DdaSTkSk_SC,Threads,hafidzi76,,2026-09-18T01:45:20.000Z,"Sebenarnya kesalahan judulnya fatal banget sih. Harusnya Maudy Ayunda pakai judul 'Mindfulness in the Era of Doomscrolling'. Diksi itu jauh lebih aman, sensitif dengan situasi, dan relevan secara universal buat netizen sekarang.",post,,,0,
https://www.threads.com/@jmryn__/post/DdaZUkMmY6g,Threads,jmryn__,,2026-09-18T02:46:38.000Z,Inilah yg di maksud maudy ayunda untuk ttp mindfulness😁,post,,,0,
https://www.threads.com/@kurnia_ramadan_/post/DdaRAATE2n9,Threads,kurnia_ramadan_,,2026-09-18T01:33:56.000Z,Nanti di tegur Maudy Ayunda loh bikin berita begini.,post,,,0,
https://www.threads.com/@odanghidayatullah/post/DdaPEGegaLU,Threads,odanghidayatullah,,2026-09-18T01:17:01.000Z,"Mungkin ini yg dimaksud oleh Maudy Ayunda 😀 Kurangin nonton berita, Kejadian dan tokoh yg bikin Mood swing, Emosi dan tekanan darah naik 😀",post,,,0,
https://www.threads.com/@papillonfleur__/post/DdaQwHFn_aK,Threads,papillonfleur__,,2026-09-18T01:31:45.000Z,Setuju dengan opini ust Felix Siauw terkait kasus Maudy Ayunda https://youtu.be/oo_LzjlpUUw?si=KUC03SWt_jPfL4KF,post,,,0,
https://www.threads.com/@pridolintarigan21/post/DdaY6qJEgFh,Threads,pridolintarigan21,,2026-09-18T02:43:06.000Z,"gada yg membicarakan maudy ayunda sebelum dia buat konten mindfulness.
banyak tuh individu yg punya previllage dan power untuk angkat isu ini tapi gak dibahas oleh netizen, kenapa? karna orang lain milih diam saja tidak buka suara soal mindfulness yg dimana secara tidak langsung mengaburkan fakta yg ada. banyak orang angkat isu ini, dia malah niat kaburkan begitu saja
itu yg membuat dia dirujak

mohon pahami konteks nya
akar permasalahan apa? aksi dia apa? dampaknya apa?",post,,,0,
https://www.threads.com/@putra_jung/post/DdaP1RzExFl,Threads,putra_jung,,2026-09-18T01:23:43.000Z,Yang jelas dia ga Dungu kayak elu!! Suruh Maudy Ayunda kayak cewek di Video ini ya,post,,,0,
https://www.threads.com/@putra_jung/post/DdaPwlRk0i7,Threads,putra_jung,,2026-09-18T01:23:05.000Z,"Narasi ap? Modelan dungu kayak elu taunya buzzer ajaa 🤣🤣🤣
Neh melek tonton Video ini, suruh Maudy Ayunda kayak mbak mabk di Video ini",post,,,0,
https://www.threads.com/@putra_jung/post/DdaQ0xPk7_t,Threads,putra_jung,,2026-09-18T01:32:24.000Z,Mungkin Maudy Ayunda harus seperti cewek ini?? Supaya ga di Hujat oleh netizen dungu yang ga paham isi Video Ytube dia?,post,,,0,
https://www.threads.com/@ramboetan.2/post/DdaOM4nk8LB,Threads,ramboetan.2,,2026-09-18T01:09:28.000Z,Lapor pak. Sdn negeri hrs bs full kjp. Klo sandra dewi bisa pbi jkt dan maudy ayunda bs lpdp. Pemprov dki bs lah kjp in smua siswa sd negeri. Desil ngaco korban bnyk.,post,,,0,
https://www.threads.com/@ranienjsil/post/DdaOLZiCS_c,Threads,ranienjsil,,2026-09-18T01:09:16.000Z,"berawal dr maudy ayunda, berakhir ke voters 02, at the end of the day semua masih ttg pemilu ckck... goreng""an di sosmed ttg news akhir"" ini inti nya ini kah?",post,,,0,
https://www.threads.com/@reinerlimbong/post/DdaehUhgc8d,Threads,reinerlimbong,,2026-09-18T03:32:04.000Z,"Kenapa jaman sekarang entah hubungan personal atau di pekerjaan, sulit banget ya orang ngomong kata “maaf saya salah”? 

Ya udah lah ya, kek kata kakak Maudy Ayunda aja, Let them 🤨",post,,,0,
https://www.threads.com/@robbykarman/post/DdaVpiBk0hw,Threads,robbykarman,,2026-09-18T02:14:33.000Z,"Seapes2nya Maudy Ayunda kena bully netizen se Indonesia, duit dia tetep banyak guys. Ya ibarat dia nangis di tengah tumpukan duit. 

Tapi yang bela mati2an Maudy ini gajinya ya kebanyakan masih UMR. Mending fokus naikin gaji dulu ga sih.",post,,,0,
https://www.threads.com/@ruthcen/post/DdaTD3znShG,Threads,ruthcen,,2026-09-18T01:51:56.000Z,"Nah bener nih.. Maudy Ayunda ngebahas dr sisi org2 yg udh burnout bgt. Tiap liat berita puuyeng, liat sosmed langsung stress, ditongkrongan pembahasannya juga sama. Gw sering dgr kok org2 ngomong "" stress bgt liat berita skrng ini"" apa mrk tone deaf jg?? Blm tentu, mereka lgi cape aja.. hidup masyarakat skrng smua lagi bener2 capek",post,,,0,
https://www.threads.com/@sellyarista/post/DdaYurhj2_C,Threads,sellyarista,,2026-09-18T02:41:28.000Z,"Label tone deaf ke Maudy Ayunda karena opini & sudut pandangnya soal pendidikan dan pola pikir sukses, sering dinilai dari kacamata privilege yang kurang peka sama realitas.Mau setinggi apa pun track record nya, doing a good deed doesn't validate a trash take. Kalo tiap kali disentil tamengnya langsung jualan aksi masa lalu, justru keliatan banget performative empathy nya yang cuma dikeluarkan pas butuh purity card.",post,,,0,
https://www.threads.com/@shan.apriliann/post/DdaM-baEgPq,Threads,shan.apriliann,,2026-09-18T00:58:46.000Z,"Fokus speak up tentang Karhutlah aja kak. Kita juga mau FOMO speak up tentang Karhutlah. Soal Maudy Ayunda biarin aja, itu sanksi sosial yang dia dapat dari sakit hati masyarakat karena dia ngeluarkan statement saat kondisi lagi sulit. Dia bisa memfilter berita buruk, sedangkan kami berada di kondisi buruk yg tidak bisa di tolak (gempa Flores & Erupsi Gunung Lewotobi Laki2), teman2 di Kalimantan yg lagi struggle dengan Karhutlah.",post,,,0,
https://www.threads.com/@sulistyo86/post/DdaTL4hk1rF,Threads,sulistyo86,,2026-09-18T01:53:01.000Z,"Pagi ini spion jimny kena senggol motor dua kali, terus istri ga sengaja matahin spion mobil satu lagi, apapun kabar baik maupun buruk hari ini pokoknya tetep mindfullness kaya kata maudy ayunda",post,,,0,
https://www.threads.com/@twins_syafasyifa/post/DdaOJHiHx5h,Threads,twins_syafasyifa,,2026-09-18T01:08:57.000Z,Maunya juga sama kaya Maudy Ayunda yang bodo amatan sama bad news tiap hari. Tapi kalau kitalah yang ada di bad news itu kaya gimanaaa 😭🙃,post,,,0,
https://www.threads.com/@zkghny/post/DdaQZ5wE-w_,Threads,zkghny,,2026-09-18T01:28:43.000Z,"rabu kano, kamis berenang, jumat jalan pagi
gue:",post,,,0,
https://www.threads.com/@chucky.botak/post/DdaKQGhk-eZ,Threads,chucky.botak,,2026-09-18T00:34:57.000Z,"Yang paling ironi dari konten maudy ayunda adalah:

Even setelah membeberkan kebiasaannya untuk memilah ""curated information sources"" ketimbang ""nuggets"" sebagai step mindfulness in bad news, dia mengakui akhir2 ini merasa overwhelmed. Aneh sekali, berarti metodenya doesn't work effectively dong untuk strata sosial sekelas dia 

Which of which, karena emang sudah se-f'd up itu beritanya.

Tapi pendukungnya sih cuma lihat wajahnya doang kayanya. Jadi ga ngeh ada yang aneh dari kontennya.",post,,,0,
https://www.threads.com/@jstslpwlkr/post/DdaIShpDzhJ,Threads,jstslpwlkr,,2026-09-18T00:17:49.000Z,"Stoik ala Fery Irwandi
Mindfull ala Maudy Ayunda
Islam ala Prabowo
Nganggur ala Purbaya
Duit ala kadarnya 🗿",post,,,0,
https://www.threads.com/@meizar.rimadana/post/DdaHVwuk0tM,Threads,meizar.rimadana,,2026-09-18T00:09:31.000Z,Maudy Ayunda? Nda.,post,,,0,
https://www.threads.com/@anwar.ibra26/post/DdaFmiWgfqM,Threads,anwar.ibra26,,2026-09-17T23:54:20.000Z,Ini fans nya maudy ayunda beneran goblok2 kah??,post,,,0,
https://www.threads.com/@hendy_tan21/post/DdaFIYqkyA6,Threads,hendy_tan21,,2026-09-17T23:50:13.000Z,Saya tebak bapak belum menonton / mengerti isi vlog Maudy Ayunda ya... Yang sudah menonton / mengerti tidak mungkin berkomentar demikian~,post,,,0,
https://www.threads.com/@rayghiffari/post/DdaD_78AaAN,Threads,rayghiffari,,2026-09-17T23:42:26.000Z,"TANGGAPAN WINDAH BASUDARA SETELAH MELIHAT VIDIO MAUDY AYUNDA
#windahbasudara #windahMKLIP #motionklip #ezklip",post,,,0,
https://www.threads.com/@tunaflysalmonfly/post/DdaDlpyE5sm,Threads,tunaflysalmonfly,,2026-09-17T23:36:44.000Z,"Masih gak nyangka andre taulany, maudy ayunda rupanya bisa dihate banyak orang. Bener2 roda kehidupan",post,,,0,
https://www.threads.com/@aishsyf_/post/DdaBNuVASZX,Threads,aishsyf_,,2026-09-17T23:15:59.000Z,"Kekeringan, kekurangan air bersih, listrik mati dan kelangkaan bbm. Apakah itu hoax? Apakah berita itu harus dipilah untuk kesehatan mental? Kami jg pengen duduk santai di ruang makan mengoles cottage cheese ke sourdough untuk sarapan tanpa sesak nafas dan mikirin “ah listrik hari ini mati lagi ga yaa”.",post,,,0,
https://www.threads.com/@closetonloop/post/DdaBE6Iky9_,Threads,closetonloop,,2026-09-17T23:14:47.000Z,"Ckckck rakyat jelata nih ya, setara maudy ayunda aja nggak. Mau ikut-ikutan tone deaf.",post,,,0,
https://www.threads.com/@lindung_bulan/post/DdaA2r-E54A,Threads,lindung_bulan,,2026-09-17T23:12:51.000Z,"Bener ni kata @normanj8686 maksud maudy ayunda itu dia tetap mendapatkan informasi tentang semua yang terjadi di Indonesia, tapi hanya melalui akun akun yang terpercaya versi maudy, dan membatasi akun akun yang menurut maudy infonya gak jelas bahkan kadang cuma video doang tanpa penjelasan yang detail. Jadi informasi yang dia terima gak too much. Gitu sih yang aku tangkep ya dari apa yang maudy bilang😇",post,,,0,
https://www.threads.com/@olan19_/post/DdZ_jqjE-Gl,Threads,olan19_,,2026-09-17T23:01:31.000Z,"Apakah maudy ayunda spesifik menyebutkan bahwa isu isu ini perlu dihindari? Liar sih, padahal yang gw tangkap dia ngajak supaya kita double check terhadap setiap pemberitaan, agar tidak kena hoax. Secara general. Dan terutama buat mereka yang kena mental issue, emang better bisa nyaring apa yang ditonton. Apa salah? Coba lo baca teori balcony. Dia cuma berusaha liat dari berbagai pov. Bukan sekadar ngajak buat menghindar. Semoga yang lo post ini juga bukan sekedar fomo ya.",post,,,0,
https://www.threads.com/@7u5tme/post/DdZ_JaQkgLv,Threads,7u5tme,,2026-09-17T22:57:55.000Z,tapi ya beda pov gini kak.. pasti banyak yg bilang buzzernya maudy ayunda 😆 tapi aku sependapat kak meski kita harus dirujak bareng2,post,,,0,
https://www.threads.com/@bukanbadgurl/post/DdZ-UDZk91E,Threads,bukanbadgurl,,2026-09-17T22:50:38.000Z,"Template banget si buzzer 🤣🤣🤣🤣 yg maudy ayunda juga template gini, beda nama doang kalimatnya sama NAJISSSSSS",post,,,0,
https://www.threads.com/@sofiyaaa1012/post/DdZ-Nmqk-Sy,Threads,sofiyaaa1012,,2026-09-17T22:49:46.000Z,"Maudy Ayunda ngasih teori mindfulndss, langsung disuruh praktek.

Tapi berita buruknya dia sendiri..",post,,,0,
https://www.threads.com/@pausbangkok/post/Ddaf0zIk3w1,Threads,pausbangkok,,2026-09-18T03:43:28.000Z,"Maudy Ayunda diem, buzzer nya yang kepanasan 🤣",post,,,0,
https://www.threads.com/@putra_jung/post/DdaOse3k_QX,Threads,putra_jung,,2026-09-18T01:13:47.000Z,Suruh maudy ayunda begini ya biar pada melek netizen dungu 🤭🤭🤭.,post,,,0,
https://www.threads.com/@intanpurs/post/DdZ4llXE3B_,Threads,intanpurs,,2026-09-17T22:00:36.000Z,Ga ka dia tuh lagi nerapin mindfulness ala maudy ayunda,post,,,0,
https://www.threads.com/@fhiy12/post/DdZzIBkkwZj,Threads,fhiy12,,2026-09-17T21:12:53.000Z,"Sebenarnya Maudy Ayunda berusaha meredakan kecemasan di tengah banyaknya berita itu artinya dia juga cemas, bahkan super cemas hingga menurutnya perlu membagikan cara untuk bertahan waras di dunia yang serba amburadul ini. Ekspektasi kita terlalu tinggi untuk berharap seorang awardee LPDP bisa beraksi untuk mengubah berita buruk menjadi berita baik.",post,,,0,
https://www.threads.com/@panther.8742407/post/DdZyyDREyKf,Threads,panther.8742407,,2026-09-17T21:09:53.000Z,"berarti yg benci sm statement ini adalah mereka yg menyebar informasi buruk ya? kalo lihat dari banyaknya berita ""permohonan maaf ke maudy ayunda"", sepertinya iya, benar tidak?
soalnya jadi keruh..",post,,,0,
https://www.threads.com/@akmaalrh/post/DdZyNoEk8SM,Threads,akmaalrh,,2026-09-17T21:04:54.000Z,"kalau soal kritik “waktu postingnya ga tepat” atau “dia bikin video sambil masak” aku terima udah—bisa jadi emang bener, itu pendapat masing-masing (walaupun aku berpendapat ini juga waktu yang tepat buat posting mindfulness).

tapi kalau soal “tone-deaf, nirempati, kapitalis”, aku masih belum nemuin satupun pendapat yang meyakinkan aku kalau maudy ayunda itu memang seperti kata-kata buruk yang mereka katakan..😂",post,,,0,
https://www.threads.com/@akmaalrh/post/DdZwb7DEx-c,Threads,akmaalrh,,2026-09-17T20:49:23.000Z,"dan aku rasa mereka yg ngehujat memang ga mau membuka pikirannya buat sesuatu yg sudah terlanjur mereka yakini (yaitu maudy ayunda salah). mereka pun nyari opini-opini yang mendukung kebencian mereka entah ada yang dari influencer, dosen sosiologi, atau opini-opini netizen sekubu mereka",post,,,0,
https://www.threads.com/@sayyidah_nisa/post/DdZvoNpk_Sy,Threads,sayyidah_nisa,,2026-09-17T20:42:19.000Z,"Masih bingung kenapa konten Maudy Ayunda kontroversi? Karena ga relate sama jutaan orang yang mengalami langsung “bad news”-nya. Ini bukan cuma soal kebanyakan konsumsi berita buruk, lalu kamu harus kurangi, atau kalau sudah overwhelmed lebih baik tidur. 
Orang2 yang relate dengan konten itu ya yang sama2 menganggap ini sebagai “news” aja, makanya mereka bingung salahnya di mana.",post,,,0,
https://www.threads.com/@zzzumzzumm6/post/DdZuUZNE_Wl,Threads,zzzumzzumm6,,2026-09-17T20:30:53.000Z,"Tugas netizen skrg:
Andre taulani
Maudy ayunda
Buna teddy
…",post,,,0,
https://www.threads.com/@vveerraa__3/post/DdZuIlFE5KC,Threads,vveerraa__3,,2026-09-17T20:29:16.000Z,"yg paling bencinya gua sama netizen tu kaya contoh prabowo, sumpah gua pernah komen seluk beluknya prabowo yg dia dicopot dari jabatannya pas jaman habibie segala macem anjir malah diserang dan mereka menganggap habibie lah yg jahat🤣😂lalu skrg? Kalo gue komen prabowo baik pasti dikiranya buzer🤣 jdi intinya klo lg rame berita A contoh bagi mereka jelek kaya maudy ayunda trs kita berpendapat berbalik tu yg ada kita diserang jdi semua org tu harus pemikiran dan pendapatnya harus sama,iuhh anjir",post,,,0,
https://www.threads.com/@jr_izdihar/post/DdZtJ-WE2et,Threads,jr_izdihar,,2026-09-17T20:20:43.000Z,"Fenomena Maudy Ayunda ini juga bisa dilihat dari sudut pandang maslow. Gimana orang mau mindfulness kalau kebutuhan dasar dia untuk makan tidak cukup? Lihat sekarang harga pokok kita, inflasi berapa, pengangguran berapa. 

Ditambah gimana keamanan masyarakat? 
Ada keracunan makanan, erupsi, karhutla dst. 

Itulah kenapa mindfulness tanpa pemenuhan kebutuhan dasar itu bukan spiritualitas, melainkan rasa naif yang dibungkus kemewahan.",post,,,0,
https://www.threads.com/@joshdjami/post/DdZq6b8jKk-,Threads,joshdjami,,2026-09-17T20:01:07.000Z,prabowo masih presiden dan kau sibuk hujat maudy ayunda pantas napas kau bau rawa.,post,,,0,
https://www.threads.com/@alexaceh/post/DdZpe_tE31p,Threads,alexaceh,,2026-09-17T19:48:38.000Z,"Kata ""membumi"" dan Maudy Ayunda itu kontradiktif jika diletakkan dalam satu kalimat.",post,,,0,
https://www.threads.com/@vidyadwenta/post/DdZpOheE9sQ,Threads,vidyadwenta,,2026-09-17T19:46:23.000Z,"yang bilang isu maudy ayunda ini konflik horizontal sih.. aneh. maudy gaada horizontal2nya sama kita 😭

horizontal tuh kalo tax bracketnya masih sama atau berdekatan. lah ini gaji kita setahun masih lebih kecil daripada pajak dia sama bapaknya. horizontal dari mana 🙂",post,,,0,
https://www.threads.com/@__j.deen__/post/DdZoqWjklEz,Threads,__j.deen__,,2026-09-17T19:41:27.000Z,"Iyaa setuju banget, itulah sebabnya China jadi negara maju, mereka ngak ngebully Maudy Ayunda.",post,,,0,
https://www.threads.com/@hendriksiboroo/post/DdZk-4Lk10q,Threads,hendriksiboroo,,2026-09-17T19:09:18.000Z,"isi video maudy ayunda arguably juga jelek. Masa bahas mindfulness tapi ngutipnya Epictetus? Gak jelas mau fokus ke mindfulness atau stoikisme. Ini tipikal produk pop psychology yang asal comot kebijaksanaan masa lalu tapi buang esensi aslinya, apalagi konsepnya dicampur-campur.  kalo kata hegel ""We learn from history that we do not learn from history""  gak bisa tuh ambil mentah2 falsafah lasa lalu terus dicocoklogi gitu aja buat nyelesaiin masalah sekarang.",post,,,0,
https://www.threads.com/@baber_rrrrrrr/post/DdZkQUcEqRc,Threads,baber_rrrrrrr,,2026-09-17T19:02:56.000Z,"SEPI KALI BAH , INI ADA PEMBAHASAN TENTANG BAGAIMANA CARA NYA MENANGGAPI OMONGAN SEORANG MAUDY AYUNDA , BHAP 🔥",post,,,0,
https://www.threads.com/@mr.wittgensteinn_/post/DdZjr71kixC,Threads,mr.wittgensteinn_,,2026-09-17T18:57:58.000Z,"Stoik ala Ferry Irwandi
Mindful ala Maudy Ayunda
Islam ala Prabowo
Investasi ala Timothy Ronald
Duit ala kadarnya",post,,,0,
https://www.threads.com/@agustinpkusuma/post/DdZil4-EvrK,Threads,agustinpkusuma,,2026-09-17T18:48:24.000Z,"Terlepas dari maksud maudy ayunda. Tapi memang bener, sekarang aku hati hati banget klo cerita apalagi ke orang yg gak begitu akrab. Pernah suatu hari mau pulang kerja, udah malem, musim dingin tetiba jaket lupa taruh entah dimana. Kebetulan banget deket kantor ada butik, belilah aku jaket saat itu juga. Pas cerita ke temen dikatain “widiih pamer, orang kaya langsung beli jaket baru” 🥲 padahal maksudku ga gitu",post,,,0,
https://www.threads.com/@radixalism/post/DdZhmzwn0_z,Threads,radixalism,,2026-09-17T18:39:48.000Z,Maudy Ayunda punya jabatan di pemerintah juga kagak yekan padahal. Makan uang pajak kita juga kaga. Wkwkwk,post,,,0,
https://www.threads.com/@radixalism/post/DdZhTPBn_V3,Threads,radixalism,,2026-09-17T18:37:07.000Z,Maudy Ayunda yang cukup aktif di hal sosial aja dibilang tone deaf. Apa kabar seleb-seleb yang masih suka flexing dan gak ngasih konten berpengaruh buruk.🙂‍↕️,post,,,0,
https://www.threads.com/@wide_img/post/DdZgE3jE-1i,Threads,wide_img,,2026-09-17T18:26:25.000Z,"Isi beranda saat ini, 80% Maudy Ayunda.",post,,,0,
https://www.threads.com/@wide_img/post/DdZeaWXE4ob,Threads,wide_img,,2026-09-17T18:11:53.000Z,"1. Algoritma YouTube itu publik, dan Maudy gak bisa kontrol secara spesifik. Maudy gak tau audiens kontennya bakalan dari daerah mana. Tapi besar kemungkinan target konten dia adalah orang-orang yang tidak mengalami bad reality, yang di mana otak terlalu overload karena menerima terlalu banyak bad news.

2. Dia udah klarifikasi, minta maaf. Jangan diperpanjang.

3. Yang ngehujat kbanyakan problematik dan sampai nyerang personal Maudy Ayunda. Kalau emang salah singgung kesalahannya.",post,,,0,
https://www.threads.com/@hera_annisa11/post/DdZdcMdk8Y7,Threads,hera_annisa11,,2026-09-17T18:03:24.000Z,"Pun film festival Para Perasuk dg pemeran Maudy Ayunda, Anggun, Angga Yunanda yg tyg di awal thn ini (Mei 2026), hanya mampu meraih 148rb penonton. Sama-sama film festival seperti Pangku, namun selisih jumlah penontonnya cukup jauh berbeda. Film Pangku tdk hanya berjaya di FFI, tetapi jg di Festival Film Bandung, Festival Film Tempo, Busan International Film Festival (Korea Selatan), serta ajang-ajang penghargaan film international lainnya. @silentmajortedi",post,,,0,
https://www.threads.com/@bundaarban/post/DdZdKZEk6ZT,Threads,bundaarban,,2026-09-17T18:00:58.000Z,"Kalian semua ketipuuu sama mba modi. Masa iya lulusan oxford & stanford sebodoh itu ya kan. Justru dia cerdasss untuk melestarikan  perfilman Indonesia. Semuanya hanya PR Stunt gaes. Biar subscriber netflix naik, biar film nya mba modi yg paraperasuk ini jd daya tarik org2 indonesia utk langganan. Buktinya saya subscribe demi nntn ini film. Buktinya itu film udh jd top 10 zzzz. Semua bermula dari permainan SEO tingkat dewa aja ini mah 😂🙏🏻😭",post,,,0,
https://www.threads.com/@cattkatt_/post/DdZcF2kjyrX,Threads,cattkatt_,,2026-09-17T17:51:36.000Z,"Jadi menurut aku pribadi, the hate that she got is too strong and taken way out of line, maybe sebaiknya kita memberikan feedback constructive aja karena beliau juga sudah meminta maaf dan mau untuk belajar lagi. 

We are all angry but let’s be kind to one another and focus on the real villain

Gue bukan buzzer yak, rakyat biasa gue mah",post,,,0,
https://www.threads.com/@theresiaatheput/post/DdZayy6Dwt1,Threads,theresiaatheput,,2026-09-17T17:40:16.000Z,"Ubee Matcha is delicious, but Ubee keeping mindfulness in the middle of bad news is Maudy Ayunda.

[eh salah ya]
[eh ga gitu ya konsepnya]",post,,,0,
https://www.threads.com/@sofialuna.id/post/DdZaK3oEyxK,Threads,sofialuna.id,,2026-09-17T17:34:49.000Z,"stoik ala ferry irwandi
mindful ala maudy ayunda
islam ala prabowo
hompimpah ala yum gambreng",post,,,0,
https://www.threads.com/@mikamadina_23/post/DdZZulUE5Rs,Threads,mikamadina_23,,2026-09-17T17:30:57.000Z,"Hahaha bang, lo coba ke korsel, kalo disana Maudy ayunda udah di cancel di tipi manapun, karena masyarakat mereka benar² kritis,, justru adanya protes seperti itu menandakan kalo masyarakat kita masih aware sama masalah² sosial, gak yg diem aja melempem apapun di telan, Indonesia masih tertinggal itu karena masifnya Korupsi bukan karena masyarakat kritis",post,,,0,
https://www.threads.com/@wiridescentss/post/DdZYWlhk999,Threads,wiridescentss,,2026-09-17T17:18:56.000Z,Udh unfollow Maudy Ayunda.👍🏻,post,,,0,
https://www.threads.com/@sucirdhani/post/DdZW1B7j37s,Threads,sucirdhani,,2026-09-17T17:05:37.000Z,"Bener. Perasaan kamu nanya kak… kan ada si ini “?” 😅

Jujurrrr beberapa warga threads emg suka gt, ya sudahlah, let them mindfulness thanks maudy ayunda",post,,,0,
https://www.threads.com/@andinnni13/post/DdZWxyBiKKl,Threads,andinnni13,,2026-09-17T17:05:10.000Z,Masalahnya netizen Indonesia itu mudah tersulut emosi dengan berita provokasi. Tanpa benar benar paham dengan pesan yang disampaikan oleh Maudy Ayunda. Mereka kurang paham bahasa Inggris yang Maudy sampaikan. Rendah literasi.,post,,,0,
https://www.threads.com/@ssofwaa/post/DdZVy4PEwCh,Threads,ssofwaa,,2026-09-17T16:56:35.000Z,"singkat saja, maudy ayunda nirempati.",post,,,0,
https://www.threads.com/@leoleonardooo/post/DdZVkv_Gq2D,Threads,leoleonardooo,,2026-09-17T16:54:39.000Z,"Weey bro, blum selesai kau maki pemerintahan, kemarin kau hujat pun Maudy Ayunda…. Skarang ko pigi boycott SENAYAN CITY… a mall… 😅😅😅
Ngapa hidup marah marah mulu heeey … banyak” berdoa, mendekatkan diri kepada Tuhan nya masing”… jaga hati jangan panas hati mulu kawan…",post,,,0,
https://www.threads.com/@pvpris/post/DdZVZM5Et9l,Threads,pvpris,,2026-09-17T16:53:05.000Z,Thats maudy Ayunda points,post,,,0,
https://www.threads.com/@gua_max/post/DdZS7cpgc1l,Threads,gua_max,,2026-09-17T16:31:32.000Z,Sayang sekali maudy ayunda dicancel padahal di para perasuk mainnya bagus sekali,post,,,0,
https://www.threads.com/@hanamarurn/post/DdZS23Gko__,Threads,hanamarurn,,2026-09-17T16:30:55.000Z,"Dari dulu emang gak tertarik sama Maudy Ayunda. Bukan benci, tapi ya gimana ya. Paham gasih. Seolah tuh dulu dia dielu-elukan karena pintar, dan kuliah di univ bagus di ln. Padahal kalo artis begitu mah banyak. Ya karena emang pintar juga, karena emang sedari kecil pendidikannya bagus. Jadi ya biasa aja sebenernya Maudy Ayunda tuh dari dulu.",post,,,0,
https://www.threads.com/@anakanakayamku/post/DdZSN1HE1HD,Threads,anakanakayamku,,2026-09-17T16:25:19.000Z,Terimakasih maudy ayunda 🙏🏻,post,,,0,
https://www.threads.com/@shotofrocks_/post/DdZRTj2kh_V,Threads,shotofrocks_,,2026-09-17T16:17:21.000Z,"Wkwkwkwkwk akun si paling nolol-nololin dan goblok-goblokin orang. Gw penasaran latar belakang pendidikan dia, pas cek PDDikti ga ada namanya yang tamat kuliah adanya yang DO. Mungkin dia udah baca banyak jurnal dan buku soal linguistik jadi berasa paling pinter, yang lain goblok, pokoknya goblok. Padahal sesederhana berpikir kenapa Maudy Ayunda dibilang tone deaf aja gabisa wkwkwkwk.",post,,,0,
https://www.threads.com/@afafajar/post/DdZQ_H1kx6h,Threads,afafajar,,2026-09-17T16:14:34.000Z,"Menerapkan filosofi Maudy Ayunda ke performa MU

Mindfulness in the Age of Bad Results",post,,,0,
https://www.threads.com/@medchics/post/DdZQ53xk8PQ,Threads,medchics,,2026-09-17T16:13:51.000Z,Colek maudy ayunda sih kata gw. Ini baru mindfullness namanya….,post,,,0,
https://www.threads.com/@agungheryw/post/DdZPsSXmnwm,Threads,agungheryw,,2026-09-17T16:03:15.000Z,"Maudy Ayunda & Kiki Saputri sama-sama sedang dikeroyok netizen. Bedanya, Kiki kena juga bully-an fisik.

Ayo lah netizen, setai-tainya omongan mereka, jangan normalisasi hina fisik.",post,,,0,
https://www.threads.com/@leti_aini/post/DdZOl37D1-6,Threads,leti_aini,,2026-09-17T15:53:39.000Z,"Maudy Ayunda ga approve ini, soalnya bad news 😌",post,,,0,
https://www.threads.com/@papabat_/post/DdZNbOlk009,Threads,papabat_,,2026-09-17T15:43:27.000Z,"Nek maudy ayunda butuh dibelani, tak belanine. Mesakke kok mbendino dielek elek wong rak kenal",post,,,0,
https://www.threads.com/@meta.ai/post/DdZNVPKiSq3,Threads,meta.ai,,2026-09-17T15:42:38.000Z,"Dia lagi main ad hominem aja.

Post awal buitenzorgy itu ngeritik Maudy Ayunda soal konten mindfulness-nya, kamu nanya apakah itu framing yang kebablasan. Terus @dyacreather gak jawab substansinya, malah nyerang kamu balik pake label ""voters 02"" — itu maksudnya pendukung Prabowo-Gibran di Pilpres 2024 — dan nyambungin ke isu HAM.

Jadi bukan debat isi konten Maudy lagi, tapi udah geser ke polarisasi politik 02 vs 03.",post,,,0,
https://www.threads.com/@maryamsabrina19/post/DdZNLdHH77M,Threads,maryamsabrina19,,2026-09-17T15:41:18.000Z,"Omg sminggu inii nambah lg vocab baru, maudy ayunda 🍳 dan hyrox 💩 🤭😂

‘Besok pagi sarapan yoghurt plus maudy ayunda ah biar hyrox nya lancar’ 😂🤣",post,,,0,
https://www.threads.com/@kenanisnuri/post/DdZNIuQk0kA,Threads,kenanisnuri,,2026-09-17T15:40:55.000Z,Kata2nya template bgt kek maudy ayunda jg ada yg komen gini,post,,,0,
https://www.threads.com/@feralivaa__/post/DdZL6-wj1a8,Threads,feralivaa__,,2026-09-17T15:30:19.000Z,konten mindfullness maudy ayunda mah sebenernya lebih cocok buat kpopers yg stress krn tlnya isinya fanwar😂,post,,,0,
https://www.threads.com/@givaniviolyta/post/DdZLg3Oj2CJ,Threads,givaniviolyta,,2026-09-17T15:26:45.000Z,yg ngehujat maudy ayunda freak bgt,post,,,0,
https://www.threads.com/@nariswariandhira/post/DdZLWP4gSlR,Threads,nariswariandhira,,2026-09-17T15:25:18.000Z,bahasa gampang nya dari judul video maudy ayunda *jangan kemakan hoax*,post,,,0,
https://www.threads.com/@jekeydigital/post/DdZLS0iks2a,Threads,jekeydigital,,2026-09-17T15:24:50.000Z,"tambahan kak
karhutla di sumsel dan riau 
langkah minyak di sulawesi 
dan per doran di papua
ayo semuanya fokus kesini dulu
stop dulu soal maudy ayunda sama andre taulany",post,,,0,
https://www.threads.com/@qbeeredx/post/DdZLSdcGkTk,Threads,qbeeredx,,2026-09-17T15:24:47.000Z,Bedaa ya ges 😒,post,,,0,
https://www.threads.com/@marble_5d/post/DdZLGlOGq9f,Threads,marble_5d,,2026-09-17T15:23:09.000Z,"ga ak follow semua kak, ini aku ambil listnya dari twit tahun 2025, dulu rame banget disana witchhunt influencer 02. Kalau maudy ayunda, abah didi, pancatera bisa kena cancel segitunya, semua yang dekat dengan rezim harus kena cancel semua juga.",post,,,0,
https://www.threads.com/@iyigawastory/post/DdZKmqJmSRz,Threads,iyigawastory,,2026-09-17T15:18:48.000Z,"sebenarnya dia mau kasih kita wejangan buat stay positif diera makin gilak ini...

tapi tapi...
itu telor harga berape blm lagi pokat impor sama keju asli 

dengan full kitchen set dibelakangnya yg bahkan lebih mahal dr tanah 1 ha di kampungku🫩🫩🫩

yg dia makan sekali sarapan itu enak banget kalo jadi bagian dari MPASI anakku 
🙂‍↕️🙂‍↕️🙂‍↕️",post,,,0,
https://www.threads.com/@wiwid.ardhianto/post/DdZJOC3lMSe,Threads,wiwid.ardhianto,,2026-09-17T15:06:42.000Z,Tau maudy ayunda? Itu tadinya cuma mau prosotan lho,post,,,0,
https://www.threads.com/@strawberry.suede/post/DdZJMYAk0Ee,Threads,strawberry.suede,,2026-09-17T15:06:28.000Z,"Maudy, sekarang kamu udah berani ya speak up mindfulnes2an di dapur mewah, padahal dulu kamu bawa2 rantang kesono kemari, gampang bengek, klemer2, kursus apa juga gak jelas. 

Dulu saingan kamu tuh orang kaya, cantik lagi, kamu sering nunduk aja karena insecure sama dia. Kamu dijodohin sama emakmu yg sangar. Masa lalu kamu tuh kayak gitu, bukan yg hidupnya mulus. Sekarang hidup kamu udah mulus, enak, empati sama org aja kamu gak punya. Kamu kacang lupa kulit ya, Maudy?",post,,,0,
https://www.threads.com/@gp.ansor/post/DdZJHw_GPAm,Threads,gp.ansor,,2026-09-17T15:05:50.000Z,"Buat Maudy Ayunda, bersabar ya. Mau mindfulness dengan kasih paham orang lain agar bisa mindfulness juga, eh ternyata ga jadi mindfulness karena protes netizen. Ini semua gara-gara mindfulness. 

Mending muhasabah, muraqabah dan tawakal aja deh. Bisa mindfulness + simpati, empati dan peka = powerful man/woman.",post,,,0,
https://www.threads.com/@wnprimantika/post/DdZIfaCk44O,Threads,wnprimantika,,2026-09-17T15:00:20.000Z,Cukup maudy ayunda aja yg mindfullnes pemerintah jangan yaa,post,,,0,
https://www.threads.com/@elizarosee____/post/DdZIIzICco-,Threads,elizarosee____,,2026-09-17T14:57:15.000Z,bener kak salah nya Maudy ayunda pake bahasa yang kurang di mengerti oleh buzzer yang iri dengki nauzubillah,post,,,0,
https://www.threads.com/@yudhst/post/DdZGc0AmVnX,Threads,yudhst,,2026-09-17T14:42:30.000Z,"lumayan sering ketemu orang kaya gitu, biasanya sehari2 merasa menang dan entitled.

pernah suatu hari saya naik motor, di samping ada motor jg, dia ga suka saya ada di sebelahnya, maki-maki panjang bgt ngamuk2. kalo menurut bahasa maudy ayunda mah: freaky ass nig",post,,,0,
https://www.threads.com/@kikiyayananaa/post/DdZGO1kk_ej,Threads,kikiyayananaa,,2026-09-17T14:40:36.000Z,"Hal yg paling sia2 adalah ngikutin berita perselingkuhan artis. Seandainya bad news yg dimaksud Maudy Ayunda yg kayak kasus perceraian artis, perselingkuhan pejabat, Nikita Mirzani berantem, pesugihan gunung kawi, kambing kepala tiga disembah, dsb, mungkin banyak yg setuju kali ya buat mindfulness. Sayangnya bad news kita dlm tahun2 ini banyak bencana dan korban.",post,,,0,
https://www.threads.com/@caalleaa/post/DdZETj2H5uu,Threads,caalleaa,,2026-09-17T14:23:46.000Z,"Dan aku yakin bgt kak mod juga punya caranya sendiri untuk peduli sama masalah"" di Indo. Gak usah jauh"" ke seorang Maudy Ayunda, liat sekeliling kita deh, apakah udah sepenuhnya peduli sama musibah atau masalah satu sama lain ? Belum tentu kan. Ada yg bilang jangankan mau mindfulness, setiap hari aja kita BLA BLA BLA...... Mohon maaf ya, mungkin konten kak Maudy emang gak di targetkan ke seluruh rakyat Indonesia 🙏🏻. Target audience dia spesifik, niche dia juga beda sama aktivis lain",post,,,0,
https://www.threads.com/@rejacorner/post/DdZEFngkyZo,Threads,rejacorner,,2026-09-17T14:21:51.000Z,https://www.threads.com/share/BAMxvciMIu/,post,,,0,
https://www.threads.com/@raaaaxrr_/post/DdZDvzfFHOR,Threads,raaaaxrr_,,2026-09-17T14:18:53.000Z,"Haloowww semuanyaaa!!!🙌🏻😊

🤍🤍🤍

Perkenalkan saya, Zahira Maylika Jasmine dari SMA Negeri 1 Mojolaban, saya siap mengikuti Kompetisi Sains Ruang Guru dalam bidang Biologi

""kita punya kendali penuh atas pilihan hidup kita. Yang penting, terus bergerak meski pelan"" -Maudy Ayunda

#kompetisisainsruangguru2026 #kompetisisains",post,,,0,
https://www.threads.com/@raaaaxrr_/post/DdZClsJFFhC,Threads,raaaaxrr_,,2026-09-17T14:08:46.000Z,"Haloowww semuanyaaa!!! 🙌🏻😊

Perkenalkan saya, Zahira Maylika Jasmine dari SMA Negeri 1 Mojolaban, saya siap mengikuti Kompetisi Sains Ruang Guru dalam bidang Biologi

""kі𝗍ᥲ ⍴ᥙᥒᥡᥲ kᥱᥒძᥲᥣі ⍴ᥱᥒᥙһ ᥲ𝗍ᥲs ⍴іᥣіһᥲᥒ һіძᥙ⍴ kі𝗍ᥲ. 𝖄ᥲᥒg ⍴ᥱᥒ𝗍іᥒg, 𝗍ᥱrᥙs ᑲᥱrgᥱrᥲk mᥱskі ⍴ᥱᥣᥲᥒ"" -Maudy Ayunda

#kompetisisainsruangguru2026 #kompetisisains",post,,,0,
https://www.threads.com/@s.yuuya10/post/DdZCeQik69w,Threads,s.yuuya10,,2026-09-17T14:07:45.000Z,Ini komen mirip² sama komen yg bela Maudy Ayunda. Skrg gampang bgt yak org jdi temenan sama artis / publik figur,post,,,0,
https://www.threads.com/@rejacorner/post/DdZB-GKk1-C,Threads,rejacorner,,2026-09-17T14:03:21.000Z,"Hai, kak. Boleh mampir ke profilku ya. Aku juga sempat bahas soal Maudy Ayunda",post,,,0,
https://www.threads.com/@puddinc__/post/DdZB9lWAbMY,Threads,puddinc__,,2026-09-17T14:03:17.000Z,"Cepet atau lambat pasti akan ada yang nanya ke jerome opininya ttg maudy ayunda cuz mereka satu “sirkel”. Menurutku ngga pick me sih, karena mereka public figure.",post,,,0,
https://www.threads.com/@chrisandoryan/post/DdZBe3QCBcI,Threads,chrisandoryan,,2026-09-17T13:59:05.000Z,"My two cents on the debate around Maudy Ayunda’s alleged tone-deafness, but not in defence of either side.",post,,,0,
https://www.threads.com/@radheksa_b_akbar/post/DdZBEPXieYH,Threads,radheksa_b_akbar,,2026-09-17T13:55:27.000Z,"soal ini, gue lebih pilih untuk maudy ayunda deh. mereka tahu mereka salah dan ngawur, tapi ya karena mereka kelaperan ya terpaksa jadi gakjelas gitu. gue lebih kayak mensyukuri nalar gue masih jalan.",post,,,0,
https://www.threads.com/@jafaraljufrie_21/post/DdZAeqLiZb6,Threads,jafaraljufrie_21,,2026-09-17T13:50:19.000Z,"Kita sedang tidak baik² saja termasuk maudy Ayunda. Tapi memang sedang berada di posisi yang berbeda saja walaupun satu bangsa. Maudy disana, kita disini yang merasakan. Penekanan sekali lagi bangsa ini sangat tidak baik² saja",post,,,0,
https://www.threads.com/@rosinha_88/post/DdZAZgGn3rv,Threads,rosinha_88,,2026-09-17T13:49:37.000Z,"Dari Kasus Maudy Ayunda kemarin menjadi salah satu momen buat aku  berpikir ulang tentang  mengidolakan/punya role model influencer/ tokoh tidak berarti kita harus selalu setuju dengannya.
Mereka bisa punya pencapaian luar biasa, tapi sekaligus punya sudut pandang yang tidak selalu kita sepakati. 
Sepakat.",post,,,0,
https://www.threads.com/@ecacamaricaa/post/DdY_DcOmMN7,Threads,ecacamaricaa,,2026-09-17T13:37:52.000Z,Mangaaatt abuunn.. kalo kata Maudy Ayunda “Let Them”,post,,,0,
https://www.threads.com/@saniashin_real/post/DdY-pToiZpk,Threads,saniashin_real,,2026-09-17T13:34:18.000Z,"Karena Maudy Ayunda gak menuhin ekspetasi orang2, kalau Maudy Ayunda datang dengan slogan atau gaya angkuh, sombong dari awal orang2 bakal mikir sama kayak ke Timothy yaitu ""ah dia mah emang gitu orangnya."" 

Lihat deh artis2 kontroversial lainnya, dia gak begini ya karena orang gak naruh ekspektasi lagi ke dia, sedangkan orang2 yang punya vibes ibu peri, princess, sering dipuja2 udah pasti nuntut ekspektasi besar dari sekitarnya",post,,,0,
https://www.threads.com/@idenny123/post/DdY9rLxiac1,Threads,idenny123,,2026-09-17T13:25:49.000Z,"Jadi, gw udah se-hopeless itu sama kondisi negara ini. Sistemnya udah terlalu rusak sampe ke akar.
Maudy Ayunda aja yang sarapan 3 telur omega ditambah Cottage cheese bisa stress, apalagi yang sarapan nasi uduk 8 rebuan. Aduh, sehat-sehat aja saudara-saudara WNI-ku, you're on your own.",post,,,0,
https://www.threads.com/@rasidisidu/post/DdY9LQXE3-8,Threads,rasidisidu,,2026-09-17T13:21:28.000Z,"Untuk Maudy ayunda.

""tidak terjebak dalam konten yang buruk""

Sepakat. Lanjutkan hidupmu.

Kalimatan, NTT, Sumatra, Sulawesi, dan Papua, 

Kami adalah isi dari berita buruk tersebut.

Semoga harimu menyenangkan. Akan ada masa Penen untuk apa yang kamu tabur hari ini.

Kalau seumur hidupmu tidak pernah mencari kelapa tua untuk bertahan hidup. Saya yakin 100% kamu adalah orang pertama yang teriak atau pergi dari negara mu ketika itu terjadi.",post,,,0,
https://www.threads.com/@hina_chan_sns/post/DdY8yLMjteI,Threads,hina_chan_sns,,2026-09-17T13:18:02.000Z,"AIでキャラ作って
終わりじゃもったいない😳

喋らせたり、
動画にしたり、
発信に使ったり。

最近はそこから
“仕事につなげる方法”まで勉強中🤭

これ知りたい人いる？",post,,,0,
https://www.threads.com/@puckermanelol/post/DdY8GZdH18h,Threads,puckermanelol,,2026-09-17T13:12:04.000Z,Nanti ada yang comment “sebagai publik figur harusnya bisa memanfaatkan…. bla bla bla” 🤣□□□,post,,,0,
https://www.threads.com/@elizbthputri/post/DdY6mSmk0u4,Threads,elizbthputri,,2026-09-17T12:58:56.000Z,I love that we are cancelling maudy ayunda and sency on the same week,post,,,0,
https://www.threads.com/@galihdikaambar.w/post/DdY5YeYEzR_,Threads,galihdikaambar.w,,2026-09-17T12:48:19.000Z,"maudy ayunda gada apa2nya sama busui, baru 3 butir sehari aja bangga 🤣
busui dong sehari 4-8 butir endoggg demi asi yg gacorr itu 😂😎",post,,,0,
https://www.threads.com/@evening.tides/post/DdY47PslHQ6,Threads,evening.tides,,2026-09-17T12:44:19.000Z,Ribut ribut Maudy Ayunda ... Ada apa sih?! Telat update -_-',post,,,0,
https://www.threads.com/@radit.xyz1477/post/DdY3S7nE16W,Threads,radit.xyz1477,,2026-09-17T12:30:05.000Z,,,,,0,
https://www.threads.com/@handi_ksm/post/DdY3HYdibTd,Threads,handi_ksm,,2026-09-17T12:28:30.000Z,,,,,0,
https://www.threads.com/@explorekaranggayam/post/DdY2WMPFI9Z,Threads,explorekaranggayam,,2026-09-17T12:21:47.000Z,,,,,0,
https://www.threads.com/@rainzboo/post/DdY17sUGvPj,Threads,rainzboo,,2026-09-17T12:18:10.000Z,,,,,0,
https://www.threads.com/@ruwantorris/post/DdY1tvEkqnS,Threads,ruwantorris,,2026-09-17T12:16:16.000Z,,,,,0,
https://www.threads.com/@zaza_nur_anissa/post/DdY1Xa7maxf,Threads,zaza_nur_anissa,,2026-09-17T12:13:13.000Z,,,,,0,
https://www.threads.com/@qofez/post/DdY1M_eHxLr,Threads,qofez,,2026-09-17T12:11:48.000Z,,,,,0,
https://www.threads.com/@hamdanyzainul/post/DdY06NOlGHS,Threads,hamdanyzainul,,2026-09-17T12:09:14.000Z,,,,,0,
https://www.threads.com/@esperaldaaaa/post/DdY0Vw_CFNu,Threads,esperaldaaaa,,2026-09-17T12:04:15.000Z,,,,,0,
https://www.threads.com/@taufanquartz/post/DdY0D2bAZhq,Threads,taufanquartz,,2026-09-17T12:01:48.000Z,,,,,0,
https://www.threads.com/@samudrafakta/post/DdYz8P-mMZJ,Threads,samudrafakta,,2026-09-17T12:00:46.000Z,,,,,0,