url,platform,account_name,followers,date_posted,description,content_type,views,likes,replies,retweet/repost
https://x.com/onlyone1private/status/2099999024694857868,Twitter/X,onlyone1private,,Tue Sep 15 23:09:18 +0000 2026,udah ada di titik maudy ayunda di rujak,tweet,2,,0,
https://x.com/ninauoc/status/2099998937335902238,Twitter/X,ninauoc,,Tue Sep 15 23:08:57 +0000 2026,"@kepaIasuku Penting tapi yaa biasa aja, kek maudy ayunda pendidikan nya bagus tapi ga punya empati sama aja",tweet,6,,0,
https://x.com/baymaxsad/status/2099993742677815544,Twitter/X,baymaxsad,,Tue Sep 15 22:48:18 +0000 2026,maudy ayunda bener-bener lagi dibahas SATU INDONESIA ya….,tweet,365,,0,
https://x.com/ngrthehe/status/2099993352200720630,Twitter/X,ngrthehe,,Tue Sep 15 22:46:45 +0000 2026,@GusDikaOfficial udah di masa seorang maudy ayunda  nyewa buzzer. wkkwkw gk kepikiran blas,tweet,51,,0,
https://x.com/mediokere/status/2099993286895436172,Twitter/X,mediokere,,Tue Sep 15 22:46:30 +0000 2026,4 kata lucu: Maudy Ayunda pakai buzzer,tweet,31,,0,
https://x.com/gimbot75/status/2099992688233947625,Twitter/X,gimbot75,,Tue Sep 15 22:44:07 +0000 2026,@hope_emak iya Maudy Ayunda bosen dengar berita bencana,tweet,72,,0,
https://x.com/Youssefsherifff/status/2099988424417771739,Twitter/X,Youssefsherifff,,Tue Sep 15 22:27:10 +0000 2026,"SEDANG TRENDING FULL VIDEO SKANDAL BKP INDO

1. Mama Muda
https://t.co/yOUCccARGn

2. Syakirah
https://t.co/DsDXDTJxva

3. Siswi SMA Gatel
https://t.co/58B2T73ehq

Grok Threads VCS Selasa Malam Rabu Tidur Pagii Maudy Ayunda cabang musabaqoh strategi atasi kemiskinan https://t.co/6yPXYzpyRW",tweet,106,,0,
https://x.com/Pushpasari/status/2099983636846297109,Twitter/X,Pushpasari,,Tue Sep 15 22:08:09 +0000 2026,"Selamat Pagi !

Tipped Maudy Ayunda Real Madrid",tweet,78,,0,
https://x.com/Consider_myname/status/2099981873871307072,Twitter/X,Consider_myname,,Tue Sep 15 22:01:09 +0000 2026,"The Maudy Ayunda drama is the biggest nothingburger I've ever seen. I watched the full video expecting to find what she did wrong.

But apparently, nothing? She even says you shouldn't remain ignorant and the video was simply aimed at people who want to detox from social media.",tweet,77,,1,
https://x.com/IntanAyuArimbi/status/2099979441594384436,Twitter/X,IntanAyuArimbi,,Tue Sep 15 21:51:29 +0000 2026,"Subdit IV Dittipidnarkoba Bareskrim Polri resmi menyerahkan 10 tersangka kasus narkoba &amp; barang bukti (Tahap II) ke JPU Kejari Samarinda pada Selasa (15/9/2026).
@DivHumas_Polri 

Liverpool Purbaya Maudy Ayunda Sepi https://t.co/s76y3qaihF",tweet,225,,1,
https://x.com/0KTAV1ANUSK0K0H/status/2099978797273710609,Twitter/X,0KTAV1ANUSK0K0H,,Tue Sep 15 21:48:55 +0000 2026,"Maudy Ayunda sudah minta maaf dan jelasin ulang. Katanya bisa menjauh dari berita itu privilege, dan dia sadar belum cukup nyinggung itu di video awal.

Ada yang bandingin sama Pangeran Siddhartha. Dulu dikurung di istana, baru keluar kaget lihat penderitaan, tapi nggak tutup mata.

Intinya, banyak orang ngerasa omongan mindfulness dari orang yang hidupnya jauh dari susah itu kurang nyambung. Apalagi sekarang lagi banyak karhutla, bencana, dan kebijakan yang langsung ngena ke warga.

Yang di bawah sini nggak punya pilihan buat ""istirahat dari berita"" karena hidupnya langsung terdampak.

Kalau sudah klarifikasi, ya sudah. Yang penting ke depannya lebih peka. Rakyat biasa juga capek kalau setiap ada yang ngomong langsung dihujat, tapi juga capek kalau yang ngomong terasa jauh dari kenyataan.",tweet,4795,,3,
https://x.com/keidokteran/status/2099978301137899981,Twitter/X,keidokteran,,Tue Sep 15 21:46:57 +0000 2026,@fatihappening19 le minerale itu currently kerjasama sama maudy ayunda apa cuma ada riwayat kerjasama aja?,tweet,62,,0,
https://x.com/0KTAV1ANUSK0K0H/status/2099977574143385837,Twitter/X,0KTAV1ANUSK0K0H,,Tue Sep 15 21:44:04 +0000 2026,"Maudy Ayunda lagi disorot, ada yang bilang dari dulu udah tone deaf, cuma baru kelihatan sekarang. Ada juga yang nanya, selama ini dia pernah speak up soal kondisi negara nggak.

Banyak orang dulu memuji karena lulusan Stanford, pintar, cantik, sopan. Tapi kalau omongannya terasa jauh dari kehidupan kebanyakan orang, ya wajar dikritik.

Rakyat biasa nggak terlalu peduli gelarnya dari mana. Yang dilihat apakah yang diomongin nyambung sama kehidupan sehari-hari atau nggak.

Kalau cuma bagus di atas kertas tapi kurang peka sama kondisi orang banyak, ya wajar kalau sekarang banyak yang kecewa.

Yang penting jangan sampai semua artis atau orang pintar langsung diadili. Tapi juga jangan dipuja-puja cuma karena sekolah di luar negeri.",tweet,69,,0,
https://x.com/JuanMar70708589/status/2099977114951000473,Twitter/X,JuanMar70708589,,Tue Sep 15 21:42:14 +0000 2026,"KOMPILASI SKANDAL BKEP INDO TERBARU LENGKAP

1. Jenny Tiktok
https://t.co/wKmbRvM9Bg

2. Dedek Fanny
https://t.co/dr5D8U6wRx

3. Prank Tukang Pijat
https://t.co/OXYnTdMNxh

Grok Purbaya Tidur Joined aeon Maudy Ayunda VCS Selasa Malam Rabu Pagii Pagiii Terabox https://t.co/fHVmAlpChz",tweet,255,,0,
https://x.com/KorneliaNu21615/status/2099976610598498556,Twitter/X,KorneliaNu21615,,Tue Sep 15 21:40:14 +0000 2026,"maudy ayunda does have privillege since she was a kid and her decision to help/not shouldnt be forced by us ac citizen. so, what? just do what you can to contribute then.",tweet,60,,0,
https://x.com/0KTAV1ANUSK0K0H/status/2099975918676750373,Twitter/X,0KTAV1ANUSK0K0H,,Tue Sep 15 21:37:29 +0000 2026,"Maudy Ayunda dikata-katain masalah hidupnya cuma mentok di roti yang terlalu sehat. Ada yang nyaranin makan roti Aoka aja.

Wajar banyak yang nggak relate. Hidup orang biasa biasanya urusannya harga beras, bayar kontrakan, atau anak sekolah. Bukan roti yang rasanya terlalu sehat.

Tapi ya gitu, dunia artis sama dunia rakyat biasa emang beda jauh. Yang satu ngerasain makanan terlalu sehat, yang satu kadang susah dapat makanan yang cukup.

Yang penting jangan sampai saling ngejek doang. Kalau memang hidupnya enak, syukuri. Kalau hidupnya susah, ya berjuang.

Makanan sehat atau nggak sehat, yang penting perut terisi dan keluarga aman. Itu aja yang dipikirin kebanyakan orang.",tweet,73,,0,
https://x.com/0KTAV1ANUSK0K0H/status/2099974602445500512,Twitter/X,0KTAV1ANUSK0K0H,,Tue Sep 15 21:32:15 +0000 2026,"Maudy Ayunda sempat dikritik habis-habisan, sekarang klarifikasi di YouTube. Ada yang bilang itu cuma buat nyelametin karir.

Sebagian orang emang ngerasa statement-nya tone deaf. Hidup enak, terus ngomong jangan terlalu banyak konsumsi berita buruk. Padahal banyak yang hidupnya langsung kena dampak dari berita-berita itu.

Tapi di sisi lain, ada juga yang bener. Kalau setiap hari kepala diisi berita jelek terus, mental emang gampang capek. Banyak juga yang overthinking gara-gara kebanyakan scroll berita.

Yang jadi masalah biasanya cara ngomongnya. Kalau dari orang yang jauh dari kehidupan kebanyakan, rasanya kurang nyambung.

Intinya, berita penting, tapi nggak semua harus ditelen mentah-mentah. Yang penting tetap peduli sama keadaan, jangan sampai jadi cuek.

Rakyat biasa ya begitu. Kadang setuju, kadang kesel, tergantung siapa yang ngomong.",tweet,85,,0,
https://x.com/cheeriu/status/2099974006560743707,Twitter/X,cheeriu,,Tue Sep 15 21:29:53 +0000 2026,"dapet shift pagii belum tidur

https://t.co/LeZAj0bJ1t https://t.co/Hmjabe2Z80",tweet,447,,0,
https://x.com/bitbloop/status/2099973711411720217,Twitter/X,bitbloop,,Tue Sep 15 21:28:43 +0000 2026,"@glasgwimsomnia @cndorones uhhh. i alr told you before. the problem is maudy ayunda does not HAVE the rights to say that. dari dia bikin sarapan protein calculated, living in a rich apartment, berpriviledged &gt; dia orang yang gak PERNAH merasakan those bad reality and being poor.",tweet,56,,0,
https://x.com/a_nasser690/status/2099972333784166869,Twitter/X,a_nasser690,,Tue Sep 15 21:23:14 +0000 2026,"Ketagihan Oumegh
https://t.co/WNwN78vSWq

https://t.co/aPIK3UwH7r

https://t.co/z3X4ohIrg7

Maudy Ayunda nighty Suahasil Nazara menkeu jumper LPDP Tidur Selasa Malam Rabu Pagii Pagiii https://t.co/4BZfNerFDc",tweet,154,,0,
https://x.com/Aikohana_J7i/status/2099969160461918276,Twitter/X,Aikohana_J7i,,Tue Sep 15 21:10:38 +0000 2026,"https://t.co/FRGXC3LOVv

hari senin rangga dan bulan pergi kerumah maudy ayunda LPDP https://t.co/4PDDEvGvYM",tweet,96,,0,
https://x.com/BongersWilzpou/status/2099966494222196905,Twitter/X,BongersWilzpou,,Tue Sep 15 21:00:02 +0000 2026,"💥 Slot Gacor Hari Ini Rabu
😱 Gila, Dari Selasa Pagii Banyak Yang Cuan 
🎰 Pola Gacor Maudy Ayunda Terbaru RTP 99%
🎮 Slot Santai Sambil Apel Kerja Dapat Cuan 
🚀 AYO368 Mudah Diakses Diseluruh Laut Jawa
📌 Link Cepat ➜ https://t.co/OZaG18CwA3 https://t.co/sy9NQZ7hIe",tweet,56,,0,
https://x.com/MelinaWlg6f/status/2099966492162801935,Twitter/X,MelinaWlg6f,,Tue Sep 15 21:00:01 +0000 2026,"💥 Slot Gacor Hari Ini Rabu
😱 Gila, Dari Selasa Pagii Banyak Yang Cuan 
🎰 Pola Gacor Maudy Ayunda Terbaru RTP 99%
🎮 Slot Santai Sambil Apel Kerja Dapat Cuan 
🚀 AYO368 Mudah Diakses Diseluruh Laut Jawa
📌 Link Cepat ➜ https://t.co/GQC1PBjIS6 https://t.co/LDUMo68Nr9",tweet,48,,0,
https://x.com/prokaltengdotco/status/2099958468224725314,Twitter/X,prokaltengdotco,,Tue Sep 15 20:28:08 +0000 2026,"PB HMI menilai mindfulness dan self-care tetap penting, namun tidak dapat dijadikan alasan untuk menghilangkan empati terhadap realitas sosial masyarakat.

Baca Berita Selengkapnya di Website https://t.co/9iTmwbXPmM https://t.co/iwgEkc5rxs",tweet,46,,0,
https://x.com/rtzyeay/status/2099957345770213553,Twitter/X,rtzyeay,,Tue Sep 15 20:23:41 +0000 2026,maudy ayunda cantik pinter tapi 0 empati,tweet,68,,0,
https://x.com/veflur/status/2099956475674398885,Twitter/X,veflur,,Tue Sep 15 20:20:13 +0000 2026,"ditindik loh ya itunya

https://t.co/f7StDebxpo https://t.co/1lhlUDq9gF",tweet,673,,0,
https://x.com/BoulosKathpfx7/status/2099951386293416227,Twitter/X,BoulosKathpfx7,,Tue Sep 15 20:00:00 +0000 2026,"💥 Slot Gacor Hari Ini Rabu
😱 Gila, Dari Selasa Pagii Banyak Yang Cuan 
🎰 Pola Gacor Maudy Ayunda Terbaru RTP 99%
🎮 Slot Santai Sambil Apel Kerja Dapat Cuan 
🚀 AYO368 Mudah Diakses Diseluruh Laut Jawa
📌 Link Cepat ➜ https://t.co/IA98I2yeW2 https://t.co/uBBLbN4eOX",tweet,88,,0,
https://x.com/t8rizo/status/2099951385663991842,Twitter/X,t8rizo,,Tue Sep 15 20:00:00 +0000 2026,"💥 Slot Gacor Hari Ini Rabu
😱 Gila, Dari Selasa Pagii Banyak Yang Cuan 
🎰 Pola Gacor Maudy Ayunda Terbaru RTP 99%
🎮 Slot Santai Sambil Apel Kerja Dapat Cuan 
🚀 AYO368 Mudah Diakses Diseluruh Laut Jawa
📌 Link Cepat ➜ https://t.co/02CCgMISrW https://t.co/2x2os7zeWD",tweet,62,,0,
https://x.com/shinrienyoku/status/2099951332237222361,Twitter/X,shinrienyoku,,Tue Sep 15 19:59:47 +0000 2026,"olahraga pagiii

https://t.co/t7iaI9YsyT https://t.co/H6A5GQymmr",tweet,1424,,1,
https://x.com/reide_sakana/status/2099941954704605356,Twitter/X,reide_sakana,,Tue Sep 15 19:22:31 +0000 2026,"cewek hijab muka polos emut dimobil

https://t.co/HRO8eFGGpU

https://t.co/GnhzMwa1uz

https://t.co/5JhzdleEDM

https://t.co/t3UQ64hRAF

Maudy Ayunda Terbaru Purbaya Jumper Menkeu Aeon Nighty eval viral laper I Entered Arc Network https://t.co/hGhMviz7Qj",tweet,828,,1,
https://x.com/kingal_12/status/2099939455100690872,Twitter/X,kingal_12,,Tue Sep 15 19:12:35 +0000 2026,"terlepas dari masalah maudy ayunda, mending kita manifesting untuk hidup kedepannyaa. https://t.co/qpV32qfRx8",tweet,162,,6,
https://x.com/toku20000912/status/2099937832811000077,Twitter/X,toku20000912,,Tue Sep 15 19:06:08 +0000 2026,"cewek hijab awalnay malu2 malah nagih

https://t.co/OwqmIcy2mI

https://t.co/xfyPn8ioL9

https://t.co/ZswkAIDIbB

https://t.co/hBgBOso0hc

Purbaya Jumper Menkeu Aeon Nighty eval viral laper I Entered Arc Network Maudy Ayunda Terbaru https://t.co/Tl8Jw8lToQ",tweet,1160,,5,
https://x.com/tuzqaqxwb/status/2099936293241471203,Twitter/X,tuzqaqxwb,,Tue Sep 15 19:00:01 +0000 2026,"💥 Slot Gacor Hari Ini Rabu
😱 Gila, Dari Selasa Pagii Banyak Yang Cuan
🎰 Pola Gacor Maudy Ayunda Terbaru RTP 99%
🎮 Tidak Perlu Di Test, Scatter Auto Masuk
🚀 AYO368 Mudah Diakses Diseluruh Laut Jawa
📌 Link Cepat ➜ https://t.co/mjjmFUc3LJ https://t.co/1OFIYTk7F4",tweet,66,,0,
https://x.com/t2ysod/status/2099936289978253705,Twitter/X,t2ysod,,Tue Sep 15 19:00:01 +0000 2026,"💥 Slot Gacor Hari Ini Rabu
😱 Gila, Dari Selasa Pagii Banyak Yang Cuan
🎰 Pola Gacor Maudy Ayunda Terbaru RTP 99%
🎮 Tidak Perlu Di Test, Scatter Auto Masuk
🚀 AYO368 Mudah Diakses Diseluruh Laut Jawa
📌 Link Cepat ➜ https://t.co/BeN7aDB1Wq https://t.co/rxMCXTnhN0",tweet,60,,0,
https://x.com/noviaelmooo/status/2099935079284048361,Twitter/X,noviaelmooo,,Tue Sep 15 18:55:12 +0000 2026,ed sheeran and maudy ayunda,tweet,91,,0,
https://x.com/blizzfulnaj/status/2099933616939970736,Twitter/X,blizzfulnaj,,Tue Sep 15 18:49:23 +0000 2026,Maudy ayunda kayak white people anying,tweet,87,,0,
https://x.com/lukaapaguro/status/2099932342177718480,Twitter/X,lukaapaguro,,Tue Sep 15 18:44:19 +0000 2026,"Gw udah nonton video Maudy Ayunda dan gw ga sama sekali nemu kesalahannya dmn. This is about our intellectual yang paham konteks dan poin dari pembahasan Maudy ini. 

Itulah pentingnya memahami segala sesuatu dari keseluruhan yang dibahas dan mengerti sepenuhnya bahasa Inggris.",tweet,107,,1,
https://x.com/urpipiw/status/2099926067897376874,Twitter/X,urpipiw,,Tue Sep 15 18:19:23 +0000 2026,"tapi jujur menurut gua ngeframing maudy ayunda sampe kemana mana, sedikit berlebihan sih…",tweet,115,,0,
https://x.com/kpertiwi29/status/2099926047898640881,Twitter/X,kpertiwi29,,Tue Sep 15 18:19:19 +0000 2026,Maudy Ayunda and the manipulation of popular consciousness.,tweet,187,,0,
https://x.com/doyoulikemessi4/status/2099925298699788631,Twitter/X,doyoulikemessi4,,Tue Sep 15 18:16:20 +0000 2026,Mungkin ini yang dimau Maudy Ayunda,tweet,117,,0,
https://x.com/dreamstracer/status/2099925233939730596,Twitter/X,dreamstracer,,Tue Sep 15 18:16:05 +0000 2026,"KOLEKSI BOKEPLOKAL EDISI HIJAB VIRAL ✨

1.Hijab Cantik Sok imut
https://t.co/berzTR6Oid

2.Ibu Guru Salsa
https://t.co/JcAJbZsqnW

3.Hijab Mantap
https://t.co/B5MQV1Xru4

menkeu komitmen hasil nyata videy aeon venus purbaya jj gabriel maudy ayunda cyntra malam https://t.co/q1C168jKq5",tweet,2464,,1,
https://x.com/iniazure/status/2099924347913929154,Twitter/X,iniazure,,Tue Sep 15 18:12:33 +0000 2026,MAUDY AYUNDA KONTOLLLLL,tweet,113,,0,
https://x.com/urpipiw/status/2099922753487061421,Twitter/X,urpipiw,,Tue Sep 15 18:06:13 +0000 2026,"eh kalau gua liat perspektif lain dari kasus maudy ayunda, boleh gasi?

i mean… she’s not wrong at all for her statement gasi?",tweet,91,,0,
https://x.com/2qtbqob/status/2099921679212572775,Twitter/X,2qtbqob,,Tue Sep 15 18:01:57 +0000 2026,super disappointed bang windah blunder banget bahas si maudy ayunda di live barusan😕,tweet,2130,,5,
https://x.com/oluljt/status/2099921191649861785,Twitter/X,oluljt,,Tue Sep 15 18:00:01 +0000 2026,"💥 Slot Gacor Hari Ini Rabu
😱 Gila, Dari Selasa Pagii Banyak Yang Cuan 
🎰 Pola Gacor Maudy Ayunda Terbaru RTP 99%
🎮 Tidak Perlu Di Test, Scatter Auto Masuk 
🚀 AYO368 Mudah Diakses Diseluruh Laut Jawa
📌 Link Cepat ➜ https://t.co/yNJvVmB1A6 https://t.co/U92o935QVE",tweet,105,,0,
https://x.com/kx9lki/status/2099921189065949323,Twitter/X,kx9lki,,Tue Sep 15 18:00:00 +0000 2026,"💥 Slot Gacor Hari Ini Rabu
😱 Gila, Dari Selasa Pagii Banyak Yang Cuan
🎰 Pola Gacor Maudy Ayunda Terbaru RTP 99%
🎮 Tidak Perlu Di Test, Scatter Auto Masuk
🚀 AYO368 Mudah Diakses Diseluruh Laut Jawa
📌 Link Cepat ➜ https://t.co/IJfHN6XSRy https://t.co/DijjpBtCG8",tweet,100,,0,
https://x.com/Jojoxism/status/2099919817688170939,Twitter/X,Jojoxism,,Tue Sep 15 17:54:33 +0000 2026,"yo maudy ayunda great song and stuff, but syfm when it comes to reality",tweet,103,,0,
https://x.com/KabarPerlawanan/status/2099919704311714217,Twitter/X,KabarPerlawanan,,Tue Sep 15 17:54:06 +0000 2026,"🛢🛢  Kerusakan parah dan tumpahan minyak dalam jumlah besar terjadi di fasilitas perminyakan Aramco di sebelah utara Abha.

tags LPDP Purabaya Maudy Ayunda Keuangan Sri",tweet,143,,0,
https://x.com/AdityaEduarto/status/2099919430310625290,Twitter/X,AdityaEduarto,,Tue Sep 15 17:53:01 +0000 2026,Maudy Ayunda juga udah 31.,tweet,215,,0,
https://x.com/KabarPerlawanan/status/2099916422461706326,Twitter/X,KabarPerlawanan,,Tue Sep 15 17:41:04 +0000 2026,"🔥Supertanker ""MT El Gaia"" menabrak ranjau laut setelah berupaya melanggar aturan pelayaran di Selat Hormuz.

⚓Angkatan Laut IRGC menegaskan bahwa Selat Hormuz tertutup dan tetap berada di bawah kendali kami.

tags LPDP Purabaya Maudy Ayunda Keuangan Sri https://t.co/wPyYvyQsP6",tweet,136,,0,
https://x.com/chungkyyira/status/2099916182241607694,Twitter/X,chungkyyira,,Tue Sep 15 17:40:07 +0000 2026,oohh iki toh inti masalahnya maudy ayunda🤔,tweet,124,,0,
https://x.com/cheekswerewet/status/2099915199671374091,Twitter/X,cheekswerewet,,Tue Sep 15 17:36:12 +0000 2026,hadeh acjop react ttg maudy ayunda. udh ngotot2 gt ngomongnya tp tetep aja missed the point,tweet,101,,0,
https://x.com/ov3lhj/status/2099913639691964745,Twitter/X,ov3lhj,,Tue Sep 15 17:30:00 +0000 2026,"💥 Slot Gacor Hari Ini Selasa
😱 Gila, Dari Senin Pagii Banyak Yang Cuan 
🎰 Pola Gacor Maudy Ayunda Terbaru RTP 99%
🎮 Tidak Perlu Di Test, Scatter Auto Masuk 
🚀 AYO368 Mudah Diakses Diseluruh Laut Jawa
📌 Link Cepat ➜ https://t.co/7fZC1xPMGL https://t.co/pjRe7qEldt",tweet,109,,0,
https://x.com/oj3a10/status/2099913637666169170,Twitter/X,oj3a10,,Tue Sep 15 17:30:00 +0000 2026,"💥 Slot Gacor Hari Ini Selasa
😱 Gila, Dari Senin Pagii Banyak Yang Cuan 
🎰 Pola Gacor Maudy Ayunda Terbaru RTP 99%
🎮 Tidak Perlu Di Test, Scatter Auto Masuk 
🚀 AYO368 Mudah Diakses Diseluruh Laut Jawa
📌 Link Cepat ➜ https://t.co/jkoRRQ7exU https://t.co/wEFMyLXiGq",tweet,108,,0,
https://x.com/ropinwicked/status/2099912652948750561,Twitter/X,ropinwicked,,Tue Sep 15 17:26:05 +0000 2026,Ayo Senyumlah Selasa Kipas Full Video Maudy Ayunda Menteri keuangan Purbaya komitmen hasil nyata LPDP tidur ready https://t.co/8GdZTmCV4r,tweet,3331,,2,
https://x.com/Flashdllah/status/2099911878004842964,Twitter/X,Flashdllah,,Tue Sep 15 17:23:00 +0000 2026,"@sictaco @erlanishere kalopun emg beneran ""KAYA"" atleast gausah ngomong hal yang ga pernah dia alamin selama dia kaya raya.

percuma kaya raya, pinter, punya privilej emas kalo ga punya Adab.

bed nyas bed nyus bed nyas bed nyus. lo di indo tiap hari BAD NEWS anjg maudy ayunda.",tweet,148,,0,
https://x.com/asep_bhtr/status/2099910857136521376,Twitter/X,asep_bhtr,,Tue Sep 15 17:18:57 +0000 2026,"Saran buat teteh Maudy ""mindfulness"" Ayunda, coba pindah ke Pulau Elliðaey aja. Kalo berita2 buruk tersebut masih terindera, coba pindah planet, kan banyak tuh tinggal pilih. Kalo masih juga nyampe itu berita buruk setelah teteh pindah planet, ya sudah coba pindah alam. 🙏🏻",tweet,38,,0,
https://x.com/HONG5EUNGHAN/status/2099910413630795847,Twitter/X,HONG5EUNGHAN,,Tue Sep 15 17:17:11 +0000 2026,windut reaction to maudy ayunda,tweet,119,,0,
https://x.com/deliyst/status/2099910353497010400,Twitter/X,deliyst,,Tue Sep 15 17:16:57 +0000 2026,"Bocil sd main di gubuk yang lagi viral 

https://t.co/7qhStAl8si

https://t.co/0g8ugMPmg8

https://t.co/f0YRd0yBSD

https://t.co/OYEe1BphfN

Ayo Senyumlah Kipas Full Video Maudy Ayunda Menkeu Purbaya komitmen hasil nyata LPDP Laut Jawa Trisha https://t.co/dtYFcUgYfH",tweet,1611,,0,
https://x.com/deliyst/status/2099910114681696470,Twitter/X,deliyst,,Tue Sep 15 17:16:00 +0000 2026,"Bocil main di kursi sama Kaka yang lagi viral 

https://t.co/7qhStAl8si

https://t.co/0g8ugMPmg8

https://t.co/f0YRd0yBSD

https://t.co/OYEe1BphfN

Ayo Senyumlah Kipas Full Video Maudy Ayunda Menkeu Purbaya komitmen hasil nyata LPDP Laut Jawa Trisha https://t.co/n8L1K2CR5j",tweet,594,,0,
https://x.com/deliyst/status/2099909679854068135,Twitter/X,deliyst,,Tue Sep 15 17:14:16 +0000 2026,"Bocil main sama Kaka tiri yang lagi viral 

https://t.co/7qhStAl8si

https://t.co/0g8ugMPmg8

https://t.co/f0YRd0yBSD

https://t.co/OYEe1BphfN

Ayo Senyumlah Kipas Full Video Maudy Ayunda Menkeu Purbaya komitmen hasil nyata LPDP Laut Jawa Trisha https://t.co/Br7sTgAUij",tweet,713,,0,
https://x.com/fairestbratz/status/2099909598736212277,Twitter/X,fairestbratz,,Tue Sep 15 17:13:57 +0000 2026,"menurut gue maudy ayunda cantik tapi cantik yang biasa aja 😅 cantik positive vibes tapi lu somehow gak bisa suka gitu sama dia, something isnt click begitu dah 🤧",tweet,101,,0,
https://x.com/angelsdudde/status/2099908893036212705,Twitter/X,angelsdudde,,Tue Sep 15 17:11:09 +0000 2026,@saludosparatii maudy ayunda sama purbaya,tweet,72,,0,
https://x.com/deliyst/status/2099908760533918082,Twitter/X,deliyst,,Tue Sep 15 17:10:37 +0000 2026,"Bocil topeng ungu yang lagi viral 

https://t.co/7qhStAl8si

https://t.co/0g8ugMPmg8

https://t.co/f0YRd0yBSD

https://t.co/OYEe1BphfN

Ayo Senyumlah Kipas Full Video Maudy Ayunda Menkeu Purbaya komitmen hasil nyata LPDP Laut Jawa Trisha https://t.co/Kvj28YhUEN",tweet,972,,0,
https://x.com/roocew/status/2099907815267811768,Twitter/X,roocew,,Tue Sep 15 17:06:52 +0000 2026,"Bocil main di kursi sama Kaka yang lagi viral 

https://t.co/zG20aUqryJ

https://t.co/n1Us8Ojm4B

https://t.co/5QUEqPwPm3

https://t.co/6sQn4fLboS

Ayo Senyumlah Kipas Full Video Maudy Ayunda Menkeu Purbaya komitmen hasil nyata LPDP Laut Jawa Trisha https://t.co/AZCLf4NUYA",tweet,962,,0,
https://x.com/inespotter/status/2099907498425860439,Twitter/X,inespotter,,Tue Sep 15 17:05:36 +0000 2026,lived long enough to see maudy ayunda jd public enemy di threads🤡,tweet,108,,0,
https://x.com/roocew/status/2099907444130640342,Twitter/X,roocew,,Tue Sep 15 17:05:23 +0000 2026,"Bocil main sama Kaka tiri yang lagi viral 

https://t.co/zG20aUqryJ

https://t.co/n1Us8Ojm4B

https://t.co/5QUEqPwPm3

https://t.co/6sQn4fLboS

Ayo Senyumlah Kipas Full Video Maudy Ayunda Menkeu Purbaya komitmen hasil nyata LPDP Laut Jawa Trisha https://t.co/7pd6ll25yr",tweet,2179,,0,
https://x.com/cuthbert65/status/2099905597818990915,Twitter/X,cuthbert65,,Tue Sep 15 16:58:03 +0000 2026,Gw abis ngomong same org sabah aja katanya disana haze nya cukup parah apa lagi di daerah karhutlanya. Apa kabar Pontianak dan sekitarnya. Sekedar olahraga pagi aja gabisa menghirup udara segar mindful seperti maudy ayunda,tweet,60,,0,
https://x.com/poemhiy/status/2099904955838857498,Twitter/X,poemhiy,,Tue Sep 15 16:55:30 +0000 2026,"Joseph Pesay and Kylah Dela Pena

https://t.co/a34mszKFHg

https://t.co/zUgBXTJEr2

https://t.co/SyMFWaNVwX

LPDP Maudy Ayunda Purbaya Pemulihan Kondisi Indonesia komitmen hasil nyata Menteri Keuangan Venus https://t.co/iD6z0El5sf",tweet,826,,0,
https://x.com/Lajon_/status/2099904420834406662,Twitter/X,Lajon_,,Tue Sep 15 16:53:22 +0000 2026,"Ibu guru vs murid yang viral!

https://t.co/BRuDbYZrbO

https://t.co/CcL066QFWW

https://t.co/pSwADrEYHi

Selasa Purbaya Menkeu Sri Mulyani Malam Maudy Ayunda https://t.co/KCOTd66xlB",tweet,248,,0,
https://x.com/2r_esta/status/2099903812899328332,Twitter/X,2r_esta,,Tue Sep 15 16:50:57 +0000 2026,"Kakak main sama adek!

https://t.co/9Z0Ala53sY

https://t.co/86jtwfBXmf

https://t.co/1aXherEGnu

Selasa Purbaya Menkeu Sri Mulyani Malam Maudy Ayunda https://t.co/xYOqBGGnI7",tweet,204,,0,
https://x.com/90_a7labnota/status/2099902234423419201,Twitter/X,90_a7labnota,,Tue Sep 15 16:44:41 +0000 2026,"Di ajak main sama guru BK!

https://t.co/xuzD9jAbIm

https://t.co/KsUmxN6yLg

https://t.co/mKK5AIqV8j

Selasa Purbaya Menkeu Sri Mulyani Malam Maudy Ayunda https://t.co/Yb29t5c2i3",tweet,83,,0,
https://x.com/90_a7labnota/status/2099901783544049749,Twitter/X,90_a7labnota,,Tue Sep 15 16:42:54 +0000 2026,"Ibu guru hijab viral belajar cek in!

https://t.co/xuzD9jAbIm

https://t.co/KsUmxN6yLg

https://t.co/mKK5AIqV8j

Selasa Purbaya Menkeu Sri Mulyani Malam Maudy Ayunda https://t.co/tEueThM5W6",tweet,192,,0,
https://x.com/luly_pa/status/2099901165765046580,Twitter/X,luly_pa,,Tue Sep 15 16:40:26 +0000 2026,"Rok hijau main di dapur!

https://t.co/93phCzPPmj

https://t.co/mvyS67fz6w

https://t.co/1EmGbYpTNe

Selasa Purbaya Menkeu Sri Mulyani Malam Maudy Ayunda https://t.co/wbWUsvz4j9",tweet,578,,0,
https://x.com/GelarPrakosa/status/2099900976711020936,Twitter/X,GelarPrakosa,,Tue Sep 15 16:39:41 +0000 2026,"Mau ngetawain Maudy Ayunda, akunya sendiri masih sering tone deaf. https://t.co/rgF2VZWcEc",tweet,261,,0,
https://x.com/KATHLYN_BATGIRL/status/2099900686469378263,Twitter/X,KATHLYN_BATGIRL,,Tue Sep 15 16:38:32 +0000 2026,"Bocil main sama kaka ipar viral

https://t.co/TgBZ47yUng
https://t.co/76XEj93C0V
https://t.co/dYN2Io9885

LPDP Purbaya Menkeu Pemulihan Kondisi Indonesia komitmen hasil nyata Maudy Ayunda strategi atasi kemiskinan https://t.co/z04k9AXTYZ",tweet,1476,,0,
https://x.com/KATHLYN_BATGIRL/status/2099900523726188583,Twitter/X,KATHLYN_BATGIRL,,Tue Sep 15 16:37:53 +0000 2026,"1vs3 main sama ponakan

https://t.co/TgBZ47yUng
https://t.co/76XEj93C0V
https://t.co/dYN2Io9885

LPDP Purbaya Menkeu Pemulihan Kondisi Indonesia komitmen hasil nyata Maudy Ayunda strategi atasi kemiskinan https://t.co/7WUKVq4H0K",tweet,471,,0,
https://x.com/yapper1122/status/2099900233211916585,Twitter/X,yapper1122,,Tue Sep 15 16:36:44 +0000 2026,masih ick bgt sama judul video maudy ayunda ini yg mnrt aku dia sama sekali TIDAK EMPATIK DAN TIDAK merasa bagian dari rakyat yang menderita karena kelakuan pemerintah 😮‍💨 kalo dia beneran mindful itu judulnya bukan 'in the age of bad news tapi 'in the age of bad government' 😬👋🏻 karena semua ini salah pemerintah,tweet,49,,1,
https://x.com/raquelwhat/status/2099899226927083788,Twitter/X,raquelwhat,,Tue Sep 15 16:32:44 +0000 2026,"Ukhti hijab belajar cek in!

https://t.co/dP1PAP2gom

https://t.co/7hgk10Hjut

https://t.co/uIADB3vMOV

Selasa Purbaya Menkeu Sri Mulyani Malam Maudy Ayunda https://t.co/Ne3a68QVCE",tweet,255,,0,
https://x.com/fairestbratz/status/2099898609726861408,Twitter/X,fairestbratz,,Tue Sep 15 16:30:17 +0000 2026,"I feel like maudy ayunda nih salah satu artis buzzer 02 deh, lu semua notice dah kenapa dia out of nowhere ngepost video kek begitu apalagi resiko untuk kena cancel pasti lebih gede. dia ngelakuin ini supaya nutupin isu-isu yg ada di kalimantan, ntt + krakatau.",tweet,187,,0,
https://x.com/jani0921/status/2099898053482459430,Twitter/X,jani0921,,Tue Sep 15 16:28:04 +0000 2026,"Main di kosan sama ayang!

https://t.co/IpCzMGVfkR

https://t.co/32zKN29c3p

https://t.co/KbFmPouLBk

Selasa Purbaya Menkeu Sri Mulyani Malam Maudy Ayunda LPDP https://t.co/IZP1Q8YWdx",tweet,138,,0,
https://x.com/jani0921/status/2099897809466241335,Twitter/X,jani0921,,Tue Sep 15 16:27:06 +0000 2026,"Adek kakak main di kursi!

https://t.co/IpCzMGVfkR

https://t.co/32zKN29c3p

https://t.co/KbFmPouLBk

Selasa Purbaya Menkeu Sri Mulyani Malam Maudy Ayunda https://t.co/oQtY4m8S8a",tweet,102,,0,
https://x.com/fvckanime/status/2099897731875811768,Twitter/X,fvckanime,,Tue Sep 15 16:26:48 +0000 2026,"@twoyulll maudy ayunda cakep, tapi pemikirannya yang jelek",tweet,146,,0,
https://x.com/jani0921/status/2099897621129392473,Twitter/X,jani0921,,Tue Sep 15 16:26:21 +0000 2026,"1 vs 3 sama keponakan!

https://t.co/IpCzMGVfkR

https://t.co/32zKN29c3p

https://t.co/KbFmPouLBk

Selasa Purbaya Menkeu Sri Mulyani Malam Maudy Ayunda https://t.co/NVAnIFuabK",tweet,129,,0,
https://x.com/dzakifm20/status/2099897549155189114,Twitter/X,dzakifm20,,Tue Sep 15 16:26:04 +0000 2026,"Ada ada anjing statement artis-artis indo :
1. Cowo mapan mana? Kita Cewek Independent - Prilly
2. Mindfullness diera bad news - Maudy Ayunda
3. Selama Pak Purbaya masih bisa senyum, rupiah aman - Wowo",tweet,60,,0,
https://x.com/BanyuSadewa/status/2099897190718321120,Twitter/X,BanyuSadewa,,Tue Sep 15 16:24:39 +0000 2026,"@HoppanGGgg1 Ada dua kejadian di hari itu : 
1. Maudy Ayunda
2. Purbaya dicopot",tweet,868,,0,
https://x.com/KATHLYN_BATGIRL/status/2099897061256953953,Twitter/X,KATHLYN_BATGIRL,,Tue Sep 15 16:24:08 +0000 2026,"Driver maxim viral

https://t.co/TgBZ47yUng
https://t.co/76XEj93C0V
https://t.co/dYN2Io9885

LPDP Purbaya Menkeu Pemulihan Kondisi Indonesia komitmen hasil nyata Maudy Ayunda strategi atasi kemiskinan https://t.co/GLjmPkMsCP",tweet,1007,,0,
https://x.com/sahib_khalil/status/2099896316595974199,Twitter/X,sahib_khalil,,Tue Sep 15 16:21:10 +0000 2026,"Bocil cindo baju oren
https://t.co/raM57OQl4O

Main sama ponakan 
https://t.co/5f718IWxNk

Ready vip bocil
https://t.co/I7IoAykGIA

LPDP Maudy Ayunda Purbaya Pemulihan Kondisi Indonesia komitmen hasil nyata Menteri Keuangan Venus Laut Jawa https://t.co/THGI8DxpQ6",tweet,202,,0,
https://x.com/sahib_khalil/status/2099895891167752661,Twitter/X,sahib_khalil,,Tue Sep 15 16:19:29 +0000 2026,"Kasir indomaret yang lagi viral

https://t.co/raM57OQl4O

https://t.co/5f718IWxNk

https://t.co/I7IoAykGIA

LPDP Maudy Ayunda Purbaya Pemulihan Kondisi Indonesia komitmen hasil nyata Menteri Keuangan Venus Laut Jawa https://t.co/fL58Xv3SBn",tweet,319,,0,
https://x.com/PlastisinBenyek/status/2099895467241058604,Twitter/X,PlastisinBenyek,,Tue Sep 15 16:17:48 +0000 2026,"@bahngchaery Banyak hal yang bisa dibahas, dan dia milih seblak. Noh, mending debat perbedaan work culture karena gender, masalah Maudy Ayunda, dll. Hell, we have a WHOLE ASS GOVERNMENT as unlimited issues",tweet,91,,0,
https://x.com/Ka_auea/status/2099893968091889950,Twitter/X,Ka_auea,,Tue Sep 15 16:11:50 +0000 2026,"Pen komen banyak soal feminazi, maudy ayunda sama guru boti tapi waktu terbatas…",tweet,35,,0,
https://x.com/containsclouds/status/2099893724537098638,Twitter/X,containsclouds,,Tue Sep 15 16:10:52 +0000 2026,"Ramai soal Maudy Ayunda, jadi teringat lagu Mocca yang ini 🚬🚽
https://t.co/GMscHic35F",tweet,76,,0,
https://x.com/cndorones/status/2099892143506792498,Twitter/X,cndorones,,Tue Sep 15 16:04:35 +0000 2026,THIS COUNTRY.. THE PROBLEMMM IS THIS COUNTRYYYY… WHAT ARE YOU DOING WITH YOUR OXFORD AND STANFORD DEGREES MAUDY AYUNDA WHAT ARE YOU DOINGGGGGG,tweet,45,,0,
https://x.com/JoyDas1841853/status/2099891109749260630,Twitter/X,JoyDas1841853,,Tue Sep 15 16:00:29 +0000 2026,"Dijepitin emng enak banget serrrrr ahhh

https://t.co/2MRY7WQ1y9

https://t.co/2MRY7WQ1y9

https://t.co/2MRY7WQ1y9

https://t.co/2MRY7WQ1y9

LPDP Maudy Ayunda Purbaya Pemulihan Kondisi Indonesia komitmen hasil nyata Menteri Keuangan Venus
chudai #jav #bokep #wata #sex #xxx https://t.co/Tqnh2OdxpK",tweet,14927,,28,
https://x.com/palanikumar1361/status/2099890488769990855,Twitter/X,palanikumar1361,,Tue Sep 15 15:58:01 +0000 2026,"dua ukhti gilir 1 ojo0L

https://t.co/GnnxjvcOHY

https://t.co/VBBfxYJDMz

https://t.co/rhCyoW7t5z

https://t.co/65YY2pFPZB

Ayo Senyumlah Full video viral Maudy Ayunda LPDP Purbaya Terbaru Menkeu Aeon Venus iOS 27 https://t.co/ceAuWn9aS5",tweet,1249,,3,
https://x.com/atagledek060/status/2099890423326282116,Twitter/X,atagledek060,,Tue Sep 15 15:57:45 +0000 2026,"kita : gaji umr dibagi sekeluarga,makan sehari sekali, pulang kerja empet2an di transum, lanjut kerja freelance. pas istirahat buka hp selalu muncul bad news dan anehnya selalu ngerugiin rakyat.

Maudy Ayunda : kuliah dari uang rakyat yg kena dampak bad news, ngmng campur indo inggris,plg kuliah nongs di sbx,upd sosial media pake tas branded,dapet tawaran endorse, stlh istirahat di rumah yg pake ac central itu buka hp buat video YouTube judulnya ""mindfulness in the age of bad news""",tweet,1003,,7,
https://x.com/wonforgyou/status/2099890041300586638,Twitter/X,wonforgyou,,Tue Sep 15 15:56:14 +0000 2026,maudy ayunda versi barat dan cowok,tweet,104,,0,
https://x.com/cndorones/status/2099889715264749923,Twitter/X,cndorones,,Tue Sep 15 15:54:56 +0000 2026,maudy ayunda prove my point idc,tweet,36,,0,
https://x.com/jooao_bieel/status/2099889633870119253,Twitter/X,jooao_bieel,,Tue Sep 15 15:54:37 +0000 2026,"toblut lagi nih🤤

https://t.co/r3EeyuW1ep

https://t.co/Dn2fm6yRD4

https://t.co/SXRPPhpKLJ

https://t.co/c2QSnvM9kn

Ayo Senyumlah Kipas Full Video Maudy Ayunda Menkeu Purbaya komitmen hasil nyata LPDP Laut Jawa Trisha https://t.co/ECeYxJdgJv",tweet,14940,,21,
https://x.com/cndorones/status/2099889608691704202,Twitter/X,cndorones,,Tue Sep 15 15:54:31 +0000 2026,@glasgwimsomnia shap. itu gw ngamuknya ke maudy ayunda btw,tweet,42,,0,
https://x.com/rftargaryen/status/2099889309105176931,Twitter/X,rftargaryen,,Tue Sep 15 15:53:20 +0000 2026,"ngapain komen ttg Maudy Ayunda terus gilak gabakal dibaca, ganggu mindfulness-nya dia doang yang ada HAHAHAHA",tweet,141,,0,
https://x.com/Firdaus_H_I/status/2099888955516928361,Twitter/X,Firdaus_H_I,,Tue Sep 15 15:51:55 +0000 2026,"Sebenarnya Pak Purbaya mulai menjajakan kaki untuk pemulihan kondisi Indonesia, tapi masih ada yang kurang
Sedangkan di bawah, kita masih mendengar Maudy Ayunda menyuruh orang untuk mindfull dalam kondisi dia yang nyaman hmm",tweet,95,,1,
https://x.com/hirunkitfisip/status/2099888892556275957,Twitter/X,hirunkitfisip,,Tue Sep 15 15:51:40 +0000 2026,"walk in nature walk in nature trotoar lu noh kaga rata, udah gitu dipake sama motor juga, dipinggiran suka banyak sampah (tukang cat calling) diem lu maudy ayunda",tweet,228,,3,
https://x.com/kuskus_rizky/status/2099888611823063477,Twitter/X,kuskus_rizky,,Tue Sep 15 15:50:33 +0000 2026,setelah maudy ayunda viral gua tau orang indo emang se HIPOKRIT itu,tweet,123,,0,
https://x.com/itaachiy/status/2099888545368584257,Twitter/X,itaachiy,,Tue Sep 15 15:50:17 +0000 2026,"@plisitin maudy ayunda?

maudy : “nda“",tweet,265,,0,
https://x.com/olavobittar1/status/2099887781610975621,Twitter/X,olavobittar1,,Tue Sep 15 15:47:15 +0000 2026,"1. Ibu dan bpk guru
https://t.co/oYetMII1oF

2. Dress polcadote
https://t.co/zgyrAT85Ai

3. Satpam SMA
https://t.co/cTlpX3il4L

Purbaya Pemulihan Kondisi Indonesia Menkeu komitmen hasil nyata Selasa Malam Rabu Maudy Ayunda #trending Glass Aura IHSG Doodstream #aadc #PRAYFORPAPUA https://t.co/GXjLw7RYGs",tweet,1595,,1,
https://x.com/Raihan7102252/status/2099887632109142373,Twitter/X,Raihan7102252,,Tue Sep 15 15:46:40 +0000 2026,"Apakah Maudy Ayunda benar ? Well, depends. Is it like a perfect opinion ? Well jelas engga. Tapi sampe dihujat ga karuan apalagi sampe dituduh tone deaf ? 

Berlebihan.

Dia ga bilang buat lo jadi ga peduli, tapi Dr banyaknya bad news, kita perlu untuk manage buat jaga waras",tweet,34,,1,
https://x.com/ayaayuwae/status/2099887429390090389,Twitter/X,ayaayuwae,,Tue Sep 15 15:45:51 +0000 2026,Ralat. Sebenar-benarnya privilese adalah hidup di dunia ini sebagai Maudy Ayunda. 🖕,tweet,34,,0,
https://x.com/sirHuda_/status/2099886435725930926,Twitter/X,sirHuda_,,Tue Sep 15 15:41:54 +0000 2026,"Yg murahan soal konten Maudy Ayunda itu bkn ""mindfullness/stoicism-nya"". Tapi versi pop-nya yg sudah tercerabut dari sejarah ketidakberdayaan manusia, lalu dipakai org dgn modal kultural dan ekonomi maksimal sbg nasehat universal. Kredensial Oxfordnya juga memperparah ironi tsb.",tweet,681,,1,
https://x.com/atagledek060/status/2099885956010758624,Twitter/X,atagledek060,,Tue Sep 15 15:40:00 +0000 2026,"setelah nntn full video ""mindfullness"" nya Maudy Ayunda, paham banget dia ngejelasin cara menghindari overwhelmed gara2 bad news,

tapi dia ga sadar bad news yang kebanyakan kita denger itu sangat berdampak ke rakyat terutama kalangan menengah ke bawah, otomatis mau ga mau wajib dong upd bad news itu,

buat speak up untuk merubah dan membantu saudara kita. Jujur nyesek banget baca komen "" buat kamu itu cmn bad news, tapi buat mereka itu bad reality""🥲",tweet,473,,4,
https://x.com/cakletcis/status/2099885816575328472,Twitter/X,cakletcis,,Tue Sep 15 15:39:27 +0000 2026,Fuck maudy ayunda,tweet,51,,0,
https://x.com/Yesi_pedrozo/status/2099885491189588344,Twitter/X,Yesi_pedrozo,,Tue Sep 15 15:38:09 +0000 2026,"Tukang kebun vs bocil!

https://t.co/NupvCgXZhj

https://t.co/HgrYugYqIc

https://t.co/1XncVpYO5k

Selasa Purbaya Menkeu Sri Mulyani Malam Maudy Ayunda https://t.co/idF0qMpocc",tweet,86,,0,
https://x.com/fjrwo/status/2099885439201284410,Twitter/X,fjrwo,,Tue Sep 15 15:37:57 +0000 2026,"terusan soal Maudy Ayunda, aku mau beropini di sini tp lewat video aja.

wdyt? https://t.co/8355XbTXBr",tweet,895,,4,
https://x.com/Yesi_pedrozo/status/2099884982298964414,Twitter/X,Yesi_pedrozo,,Tue Sep 15 15:36:08 +0000 2026,"Ibu guru vs murid yang viral!

https://t.co/NupvCgXZhj

https://t.co/HgrYugYqIc

https://t.co/1XncVpYO5k

Selasa Purbaya Menkeu Sri Mulyani Malam Maudy Ayunda https://t.co/FmuF3rB4Rx",tweet,1009,,0,
https://x.com/noee_campss/status/2099884708549333168,Twitter/X,noee_campss,,Tue Sep 15 15:35:03 +0000 2026,"Kaka vs adek viral

https://t.co/bIvWOs8Nd3

https://t.co/TuZcNm7Ea4

https://t.co/ThoxugmdEH

LPDP Maudy Ayunda Purbaya Pemulihan Kondisi Indonesia komitmen hasil nyata Menteri Keuangan Venus https://t.co/9Q1HI7cntP",tweet,317,,0,
https://x.com/abingungs/status/2099884591851196814,Twitter/X,abingungs,,Tue Sep 15 15:34:35 +0000 2026,Andai gw maudy ayunda,tweet,47,,1,
https://x.com/noee_campss/status/2099884586138538355,Twitter/X,noee_campss,,Tue Sep 15 15:34:33 +0000 2026,"Bocil sd viral

https://t.co/bIvWOs8Nd3

https://t.co/TuZcNm7Ea4

https://t.co/ThoxugmdEH

LPDP Maudy Ayunda Purbaya Pemulihan Kondisi Indonesia komitmen hasil nyata Menteri Keuangan Venus https://t.co/9jN1igUgGW",tweet,894,,1,
https://x.com/komisarisnetzen/status/2099884533588152518,Twitter/X,komisarisnetzen,,Tue Sep 15 15:34:21 +0000 2026,"TERNYATA UDAH TONE DEAF SEJAK LAMA KAH SI MAUDY AYUNDA??

Ada yang tau track recod speak up dia tentang kondisi negara nggak? Kalau memang tidak ada..

SELAMA INI DIA DIPUJA PUJI KARENA APA? KARENA DIA LULUSAN STANDFORD? BULLSHIT !!!",tweet,802,,2,
https://x.com/noee_campss/status/2099884514675994949,Twitter/X,noee_campss,,Tue Sep 15 15:34:16 +0000 2026,"Lagi tidur diganggu 

https://t.co/bIvWOs8Nd3

https://t.co/TuZcNm7Ea4

https://t.co/ThoxugmdEH

LPDP Maudy Ayunda Purbaya Pemulihan Kondisi Indonesia komitmen hasil nyata Menteri Keuangan Venus https://t.co/wexoLkg5fC",tweet,743,,1,
https://x.com/noee_campss/status/2099884412829921359,Twitter/X,noee_campss,,Tue Sep 15 15:33:52 +0000 2026,"Main sama ponakan viral

https://t.co/bIvWOs8Nd3

https://t.co/TuZcNm7Ea4

https://t.co/ThoxugmdEH

LPDP Maudy Ayunda Purbaya Pemulihan Kondisi Indonesia komitmen hasil nyata Menteri Keuangan Venus https://t.co/YyqPhT77eu",tweet,214,,0,
https://x.com/N03r_/status/2099884374208757860,Twitter/X,N03r_,,Tue Sep 15 15:33:43 +0000 2026,Kira² maudy ayunda ngerasa gak sih utang di warteg 2 bulan sampai di tagih²?,tweet,29,,0,
https://x.com/tatatasio/status/2099884235377275037,Twitter/X,tatatasio,,Tue Sep 15 15:33:10 +0000 2026,"maudy ayunda lagi ngapain ya, yakin sih gw mental nya kena",tweet,29,,0,
https://x.com/MarvaDefoe/status/2099883765934010547,Twitter/X,MarvaDefoe,,Tue Sep 15 15:31:18 +0000 2026,"Kid still so innocent goes viral
🏌️🍃🤺☘️🌱
https://t.co/ZYd7hzTJAQ

https://t.co/ZYd7hzTJAQ

https://t.co/2a4nwfeGKC

Bulan Bintang Maudy Ayunda Purbaya Rangga LPDP Senin Wowo Menkeu Venus
#videy #cdn2x👈#twimg #slicedrive #doods #aceimg #viral #zonauang https://t.co/TSv6QIhwaK",tweet,834,,0,
https://x.com/boyisguy/status/2099883686363902136,Twitter/X,boyisguy,,Tue Sep 15 15:30:59 +0000 2026,@twoyulll Tone deaf max.. nahh udah gak keliatan cantik lagi si Maudy Ayunda jelek ini.. kzl,tweet,142,,0,
https://x.com/edreamly/status/2099883668718473262,Twitter/X,edreamly,,Tue Sep 15 15:30:55 +0000 2026,"@xcemani yg diomongin maudy ayunda ini template omongan professional yang tiap hari duduk ngadep imac dan ipad. pas kuliah s1 - spesialis even nikah dibiayai ortu. disaat temen yg lain pas masa fg sibuk nyari kerja, mrk langsung dinikahin di venue pakek WO abis itu lanjut spesialis",tweet,92,,1,
https://x.com/Shiraa_Cchlt/status/2099882821108301922,Twitter/X,Shiraa_Cchlt,,Tue Sep 15 15:27:33 +0000 2026,"Dr abis isya ngobrol sama temen rl by wa soal diskursus twt mulai dari zhafira, maudy ayunda, childfree, dan bahas isu2 lain. Selalu bersyukur bgt punya temen yg bisa diajak ngobrol kayak gini 🥺❤️",tweet,99,,2,
https://x.com/Bacot_Intel/status/2099882702837059719,Twitter/X,Bacot_Intel,,Tue Sep 15 15:27:04 +0000 2026,"Perbedaan pidato perpisahan Menkeu yaa beda laaahhhh

- Sri Mulyani = mengundurkan diri
- Purbaya = dipermalukan dgn di pecat lewat WA dan telfon 

Maudy Ayunda x LPDP https://t.co/CZX99wOO71",tweet,12737,,4,
https://x.com/foralsskets/status/2099881625828081710,Twitter/X,foralsskets,,Tue Sep 15 15:22:48 +0000 2026,MAUDY AYUNDA WHY SIH BLM LIHAT,tweet,47,,0,
https://x.com/tarisoedarto/status/2099881104358748452,Twitter/X,tarisoedarto,,Tue Sep 15 15:20:43 +0000 2026,Ajg cok jadi benci bgt sama maudy ayunda,tweet,29,,0,
https://x.com/bcetileo/status/2099880745334419918,Twitter/X,bcetileo,,Tue Sep 15 15:19:18 +0000 2026,"Ukhti hijab main di mobil 

https://t.co/HewyrdpN7q

https://t.co/mMHF2GwJ3i

https://t.co/poanKmRfsN

https://t.co/XrpK0eUik4

Purbaya Menkeu Full Video Pemulihan Kondisi Indonesia komitmen hasil nyata Maudy Ayunda strategi atasi kemiskinan https://t.co/oe9amvKyIN",tweet,363,,0,
https://x.com/Daimiongoldsmi1/status/2099880675822469246,Twitter/X,Daimiongoldsmi1,,Tue Sep 15 15:19:01 +0000 2026,"Bocil sok imut kembali viral

https://t.co/Nc2YbcV6KF

https://t.co/eMcH4aIlft

https://t.co/1lfuMaGfPH

Trisha Maudy Ayunda Senin Purbaya Full Video Daddy Freeze Menkeu Selasa LPDP komitmen hasil nyata https://t.co/u7oSwlD7Sz",tweet,249,,0,
https://x.com/bcetileo/status/2099880574609682456,Twitter/X,bcetileo,,Tue Sep 15 15:18:37 +0000 2026,"Bocil sd main di gubuk 

https://t.co/HewyrdqkWY

https://t.co/mMHF2GxgSQ

https://t.co/poanKmRNil

https://t.co/XrpK0eUQ9C

Purbaya Menkeu Full Video Pemulihan Kondisi Indonesia komitmen hasil nyata Maudy Ayunda strategi atasi kemiskinan https://t.co/nc3qdqw1Tu",tweet,567,,0,
https://x.com/mzourae/status/2099880393889775819,Twitter/X,mzourae,,Tue Sep 15 15:17:54 +0000 2026,"kak pls udah adek gakuatt
https://t.co/gj7hZPcD1E 

https://t.co/jm0JrDiuhu 

https://t.co/AAVrh7Wf9W 

https://t.co/SkUdxZPXbV

PRAYFORACEH SainceNyeblak LPDP PRAYFORPAPUA Maudy Ayunda JUNGKOOKxCALVINKLEIN https://t.co/YCzgulLuUn",tweet,70,,0,
https://x.com/bcetileo/status/2099880242697662717,Twitter/X,bcetileo,,Tue Sep 15 15:17:18 +0000 2026,"Bilangnya cuma di gesek

https://t.co/HewyrdqkWY

https://t.co/mMHF2GxgSQ

https://t.co/poanKmRNil

https://t.co/XrpK0eUQ9C

Purbaya Menkeu Full Video Pemulihan Kondisi Indonesia komitmen hasil nyata Maudy Ayunda strategi atasi kemiskinan https://t.co/kvfaQRvqag",tweet,562,,0,
https://x.com/beibutep/status/2099880169771295077,Twitter/X,beibutep,,Tue Sep 15 15:17:01 +0000 2026,"Mau tau lanjtanny? Cek dahh wkkw

https://t.co/BSjlnQsOJU

https://t.co/8t2RUx5dag

https://t.co/u2s9lc0lf8

Purbaya Pemulihan Kondisi Indonesia Menkeu komitmen hasil nyata Menteri Keuangan strategis atasi kemiskinan Maudy Ayunda AQUA master key Aeon venus Sri Mulyani https://t.co/5gIN7gmkGB",tweet,1456,,0,
https://x.com/mzourae/status/2099880099302846862,Twitter/X,mzourae,,Tue Sep 15 15:16:44 +0000 2026,"numpang ngecas donk kak
https://t.co/gj7hZPcD1E 

https://t.co/jm0JrDiuhu 

https://t.co/AAVrh7Wf9W 

https://t.co/SkUdxZPXbV

PRAYFORACEH SainceNyeblak LPDP PRAYFORPAPUA Maudy Ayunda JUNGKOOKxCALVINKLEIN https://t.co/A43Vl75dqI",tweet,42,,0,
https://x.com/bcetileo/status/2099880026292297917,Twitter/X,bcetileo,,Tue Sep 15 15:16:26 +0000 2026,"Bocil sok imut viral part 2

https://t.co/HewyrdpN7q

https://t.co/mMHF2GwJ3i

https://t.co/poanKmRfsN

https://t.co/XrpK0eUik4

Purbaya Menkeu Full Video Pemulihan Kondisi Indonesia komitmen hasil nyata Maudy Ayunda strategi atasi kemiskinan https://t.co/ktGTOJOlQv",tweet,218,,0,
https://x.com/Daimiongoldsmi1/status/2099879935003500610,Twitter/X,Daimiongoldsmi1,,Tue Sep 15 15:16:05 +0000 2026,"Guru vs murid yang lagi viral

https://t.co/Nc2YbcV6KF

https://t.co/eMcH4aIlft

https://t.co/1lfuMaGfPH

Trisha Maudy Ayunda Senin Purbaya Full Video Daddy Freeze Menkeu Selasa LPDP komitmen hasil nyata https://t.co/SK1CZWG02y",tweet,655,,0,
https://x.com/HeiiLuleey/status/2099879649237184951,Twitter/X,HeiiLuleey,,Tue Sep 15 15:14:56 +0000 2026,"Dijepitin emng enak banget serrrrr ahhh

https://t.co/F7xAil9jZh

https://t.co/mSwaqUN7GB

https://t.co/9uWM7eQ6S6

https://t.co/023lWH7TGI

LPDP Maudy Ayunda Purbaya Pemulihan Kondisi Indonesia komitmen hasil nyata Menteri Keuangan Venus https://t.co/sf3954v7Gw",tweet,26026,,36,
https://x.com/deailytalk/status/2099879567573860556,Twitter/X,deailytalk,,Tue Sep 15 15:14:37 +0000 2026,"1 vs 3 bareng keponakan 

https://t.co/DIHFYWnZxC

https://t.co/9lPAq3NcbC

https://t.co/tJYcgIGvXO

https://t.co/zzaw1i5DrW

LPDP Purbaya Menkeu Pemulihan Kondisi Indonesia komitmen hasil nyata Maudy Ayunda strategi atasi kemiskinan https://t.co/C8vPhKGYr5",tweet,1000,,1,
https://x.com/orangmanadokw/status/2099879547806302219,Twitter/X,orangmanadokw,,Tue Sep 15 15:14:32 +0000 2026,maudy ayunda u better see this instead of eating ur GRAND breakfast while the others r NOT EAT BREAKFAST BCS THEY CAN'T!!!!!,tweet,66,,0,
https://x.com/Daimiongoldsmi1/status/2099879518198730796,Twitter/X,Daimiongoldsmi1,,Tue Sep 15 15:14:25 +0000 2026,"Bocil cindo baju oren viral

https://t.co/Nc2YbcV6KF

https://t.co/eMcH4aIlft

https://t.co/1lfuMaGfPH

Trisha Maudy Ayunda Senin Purbaya Full Video Daddy Freeze Menkeu Selasa LPDP komitmen hasil nyata https://t.co/Q2aQoMPRhd",tweet,259,,0,
https://x.com/MMudishop57766/status/2099879491007025502,Twitter/X,MMudishop57766,,Tue Sep 15 15:14:19 +0000 2026,"@twoyulll setuju banget cancel maudy ayunda yang tone deaf final boss ini, tapi tetep aja faktanya si anita ini ga lebih cantik dari maudy. gausah timpa timpain fakta",tweet,2278,,0,
https://x.com/mzourae/status/2099879475840536579,Twitter/X,mzourae,,Tue Sep 15 15:14:15 +0000 2026,"toblut baik
https://t.co/gj7hZPcD1E 

https://t.co/jm0JrDiuhu 

https://t.co/AAVrh7Wf9W 

https://t.co/SkUdxZPXbV

PRAYFORACEH SainceNyeblak LPDP PRAYFORPAPUA Maudy Ayunda JUNGKOOKxCALVINKLEIN https://t.co/4OgdNMyIH2",tweet,38,,0,
https://x.com/MochAldyMA/status/2099879383251161367,Twitter/X,MochAldyMA,,Tue Sep 15 15:13:53 +0000 2026,"sekira 2022, sebelum rame maudy ayunda stoak-stoik mindfullness tone-deaf, gwehj pernah nulis esai tentang bagaimana stoikisme yang dikomodifikasi sebagai gaya hidup justru bisa menjadi akal-akalan kapitalis... https://t.co/JPXAUAczyF",tweet,67,,1,
https://x.com/deailytalk/status/2099879350451741060,Twitter/X,deailytalk,,Tue Sep 15 15:13:45 +0000 2026,"Viral kt malay 

https://t.co/DIHFYWoxna

https://t.co/9lPAq3NK1a

https://t.co/tJYcgIH3Nm

https://t.co/zzaw1i6bhu

LPDP Purbaya Menkeu Pemulihan Kondisi Indonesia komitmen hasil nyata Maudy Ayunda strategi atasi kemiskinan https://t.co/cOh2p7lHQc",tweet,5019,,1,
https://x.com/fulminaerae/status/2099879203923702188,Twitter/X,fulminaerae,,Tue Sep 15 15:13:10 +0000 2026,"@cattosawa @lioarchives THAT TOOOO, Maudy Ayunda juga 😭",tweet,111,,0,
https://x.com/farandomingg/status/2099879051834040773,Twitter/X,farandomingg,,Tue Sep 15 15:12:34 +0000 2026,maudy ayunda mah mana ngerti,tweet,36,,0,
https://x.com/deailytalk/status/2099878921466769768,Twitter/X,deailytalk,,Tue Sep 15 15:12:03 +0000 2026,"Sok imut 

https://t.co/DIHFYWoxna

https://t.co/9lPAq3NK1a

https://t.co/tJYcgIH3Nm

https://t.co/zzaw1i6bhu

LPDP Purbaya Menkeu Pemulihan Kondisi Indonesia komitmen hasil nyata Maudy Ayunda strategi atasi kemiskinan https://t.co/lyN3zRy2Op",tweet,1374,,0,
https://x.com/envteyi/status/2099878537234883064,Twitter/X,envteyi,,Tue Sep 15 15:10:31 +0000 2026,"Ukhti hijab malay main di mobil 

https://t.co/RxD6Hs5foA

https://t.co/vEwtP0Ozcz

https://t.co/UPcV7XyCFL

https://t.co/XinL0HBHWJ

Purbaya Menkeu Full Video Pemulihan Kondisi Indonesia komitmen hasil nyata Maudy Ayunda strategi atasi kemiskinan https://t.co/g8lIxWJlMa",tweet,376,,0,
https://x.com/deailytalk/status/2099878426387869884,Twitter/X,deailytalk,,Tue Sep 15 15:10:05 +0000 2026,"Ajarin bocil bikin konten

https://t.co/DIHFYWoxna

https://t.co/9lPAq3NK1a

https://t.co/tJYcgIH3Nm

https://t.co/zzaw1i6bhu

LPDP Purbaya Menkeu Pemulihan Kondisi Indonesia komitmen hasil nyata Maudy Ayunda strategi atasi kemiskinan https://t.co/S7ckfgcslF",tweet,1479,,1,
https://x.com/okezonenews/status/2099878314177626410,Twitter/X,okezonenews,,Tue Sep 15 15:09:38 +0000 2026,"Profil Maudy Ayunda yang Dikritik Usai Bikin Video Mindfulness: Lulusan Oxford dan Stanford hingga Dituding Tone Deaf
https://t.co/MDDLtQl7vK",tweet,1526,,0,
https://x.com/thesportfunnies/status/2099878275715850532,Twitter/X,thesportfunnies,,Tue Sep 15 15:09:29 +0000 2026,"Kasir indomaret viral
https://t.co/9HF7DAnkHW

Yank wes yank banyuwangi 
https://t.co/OR5GSYoKLf

Amalia mutya part 2
https://t.co/PY1l443ngj

Trisha Maudy Ayunda Senin Purbaya Full Video Daddy Freeze Menkeu Selasa #nolimits https://t.co/Fd5s90diOg",tweet,849,,0,
https://x.com/envteyi/status/2099878081024651612,Twitter/X,envteyi,,Tue Sep 15 15:08:43 +0000 2026,"Ukhti hijab main di mobil 

https://t.co/RxD6Hs5foA

https://t.co/vEwtP0Ozcz

https://t.co/UPcV7XyCFL

https://t.co/XinL0HBHWJ

Purbaya Menkeu Full Video Pemulihan Kondisi Indonesia komitmen hasil nyata Maudy Ayunda strategi atasi kemiskinan https://t.co/FSrrP9H8lF",tweet,271,,0,
https://x.com/envteyi/status/2099877945150156829,Twitter/X,envteyi,,Tue Sep 15 15:08:10 +0000 2026,"Bocil sd main di gubuk 

https://t.co/RxD6Hs5foA

https://t.co/vEwtP0Ozcz

https://t.co/UPcV7XyCFL

https://t.co/XinL0HBHWJ

Purbaya Menkeu Full Video Pemulihan Kondisi Indonesia komitmen hasil nyata Maudy Ayunda strategi atasi kemiskinan https://t.co/sL4fyXURpB",tweet,275,,0,
https://x.com/envteyi/status/2099877727277097143,Twitter/X,envteyi,,Tue Sep 15 15:07:18 +0000 2026,"Bilangnya cuma di gesek 

https://t.co/RxD6Hs5foA

https://t.co/vEwtP0Ozcz

https://t.co/UPcV7XyCFL

https://t.co/XinL0HBHWJ

Purbaya Menkeu Full Video Pemulihan Kondisi Indonesia komitmen hasil nyata Maudy Ayunda strategi atasi kemiskinan https://t.co/s7DvO4JiwL",tweet,595,,0,
https://x.com/envteyi/status/2099877615964434833,Twitter/X,envteyi,,Tue Sep 15 15:06:52 +0000 2026,"Bocil sok imut viral part 2

https://t.co/RxD6Hs5foA

https://t.co/vEwtP0Ozcz

https://t.co/UPcV7XyCFL

https://t.co/XinL0HBHWJ

Purbaya Menkeu Full Video Pemulihan Kondisi Indonesia komitmen hasil nyata Maudy Ayunda strategi atasi kemiskinan https://t.co/ijSNh5y64z",tweet,429,,0,
https://x.com/Andrianiazahra/status/2099877596981071874,Twitter/X,Andrianiazahra,,Tue Sep 15 15:06:47 +0000 2026,"Kompilasi Esemah

https://t.co/N0n6mC8PGt
https://t.co/s6JNoEdLPt

Maudy Ayunda komitmen hasil nyata purbaya menkeu #SainceNyeblak https://t.co/pRhdVXmSCG",tweet,5194,,5,
https://x.com/0blivionmm/status/2099877365371621531,Twitter/X,0blivionmm,,Tue Sep 15 15:05:52 +0000 2026,@methacrisna @tsetchaiklatte_ Is ts real like maudy ayunda have some buzzer for her or you're just so stupid larping every new words you just learned today to everything or what😭😭🙏🏾,tweet,186,,0,
https://x.com/teibowi/status/2099877009350603222,Twitter/X,teibowi,,Tue Sep 15 15:04:27 +0000 2026,"Hijab malay main di mobil viral 

https://t.co/8tRHk9zhtu

https://t.co/KdK1odiNbN

https://t.co/WKp1NO2I59

https://t.co/TE55mU5f2l

Purbaya Menkeu Pemulihan Kondisi Indonesia komitmen hasil nyata Maudy Ayunda strategi atasi kemiskinan https://t.co/kSMfMU0Cy2",tweet,484,,0,
https://x.com/teibowi/status/2099876624158372317,Twitter/X,teibowi,,Tue Sep 15 15:02:55 +0000 2026,"Ukhti hijab main di mobil 

https://t.co/8tRHk9zhtu

https://t.co/KdK1odiNbN

https://t.co/WKp1NO2I59

https://t.co/TE55mU5f2l

Purbaya Menkeu Pemulihan Kondisi Indonesia komitmen hasil nyata Maudy Ayunda strategi atasi kemiskinan https://t.co/xhKEDMKVpm",tweet,911,,0,
https://x.com/ristianjani_/status/2099876411251327053,Twitter/X,ristianjani_,,Tue Sep 15 15:02:04 +0000 2026,"@reino_ezra New boycott list: P!nk, Ed Sheeran, Maudy Ayunda, Le Minerale",tweet,62,,1,
https://x.com/teibowi/status/2099876334315159712,Twitter/X,teibowi,,Tue Sep 15 15:01:46 +0000 2026,"Bilangnya cuma di gesek 

https://t.co/8tRHk9zhtu

https://t.co/KdK1odiNbN

https://t.co/WKp1NO2I59

https://t.co/TE55mU5f2l

Purbaya Menkeu Pemulihan Kondisi Indonesia komitmen hasil nyata Maudy Ayunda strategi atasi kemiskinan https://t.co/L7T0HzzOUL",tweet,311,,0,
https://x.com/teibowi/status/2099876216111325526,Twitter/X,teibowi,,Tue Sep 15 15:01:18 +0000 2026,"Bocil sok imut part 2 viral 

https://t.co/8tRHk9zhtu

https://t.co/KdK1odiNbN

https://t.co/WKp1NO2I59

https://t.co/TE55mU5f2l

Purbaya Menkeu Pemulihan Kondisi Indonesia komitmen hasil nyata Maudy Ayunda strategi atasi kemiskinan https://t.co/zjsw1Xjrq5",tweet,248,,0,
https://x.com/thesportfunnies/status/2099876148658512218,Twitter/X,thesportfunnies,,Tue Sep 15 15:01:02 +0000 2026,"Guru vs kepala sekolah viral

https://t.co/9HF7DAnkHW

https://t.co/OR5GSYoKLf

https://t.co/PY1l443ngj

Trisha Maudy Ayunda Senin Purbaya Full Video Daddy Freeze Menkeu Selasa https://t.co/8ai4yv2u5z",tweet,292,,0,
https://x.com/hidungpenasaran/status/2099875891413418464,Twitter/X,hidungpenasaran,,Tue Sep 15 15:00:00 +0000 2026,"maudy ayunda ngedenger bad news juga parfumnya masih jutaan, lah kita kita ngedenger bad news parfumnya masih pake yang rollan di warung warung",tweet,334,,2,
https://x.com/thesportfunnies/status/2099875721225318644,Twitter/X,thesportfunnies,,Tue Sep 15 14:59:20 +0000 2026,"Handuk putih ibu vs anak viral

https://t.co/9HF7DAnkHW

https://t.co/OR5GSYoKLf

https://t.co/PY1l443ngj

Trisha Maudy Ayunda Senin Purbaya Full Video Daddy Freeze Menkeu Selasa https://t.co/bGbsnTVQyE",tweet,185,,0,
https://x.com/elsdreamland/status/2099875640485007498,Twitter/X,elsdreamland,,Tue Sep 15 14:59:01 +0000 2026,Ingin nantangin maudy ayunda bikin konten mindfulness di kalimatan sambil makan mbg,tweet,51,,0,
https://x.com/andrawimbara/status/2099875214456954983,Twitter/X,andrawimbara,,Tue Sep 15 14:57:19 +0000 2026,Maudy ayunda tidur besok mindfulnes lagi,tweet,67,,0,
https://x.com/thesportfunnies/status/2099875081711432063,Twitter/X,thesportfunnies,,Tue Sep 15 14:56:47 +0000 2026,"Hijab malay main dimobil

https://t.co/9HF7DAnkHW

https://t.co/OR5GSYoKLf

https://t.co/PY1l443ngj

Trisha Maudy Ayunda Senin Purbaya Full Video Daddy Freeze Menkeu Selasa https://t.co/9Lm9GzKAa8",tweet,326,,0,
https://x.com/luly_pa/status/2099875002120294572,Twitter/X,luly_pa,,Tue Sep 15 14:56:28 +0000 2026,"Ibu guru hijab lagi belajar cek in!

https://t.co/93phCzPPmj

https://t.co/mvyS67fz6w

https://t.co/1EmGbYpTNe

Selasa Purbaya Menkeu Sri Mulyani Malam Maudy Ayunda https://t.co/AOtBEq5uAF",tweet,1249,,1,
https://x.com/umyaudah/status/2099874843131003315,Twitter/X,umyaudah,,Tue Sep 15 14:55:51 +0000 2026,"Daripada nambah-nambahin views Maudy Ayunda yang mindfulness itu, pada nonton ini aja. Mbak Aulia Wiradarmo a.k.a toldinlowercase spoke EVERY SINGLE THINGS yang w pikirin dari awal.

https://t.co/NHhyAXS7YJ",tweet,231,,0,
https://x.com/IOS_GrizlyWolf/status/2099874573902893199,Twitter/X,IOS_GrizlyWolf,,Tue Sep 15 14:54:46 +0000 2026,Maudy Ayunda has a better attitude; she is environmentally conscious and indifferent to current trends or superficial attitudes.That track record says a lot about Maudy Ayunda. https://t.co/2lL3bWxcKW,tweet,336,,0,
https://x.com/JackelinAleja/status/2099874556345450627,Twitter/X,JackelinAleja,,Tue Sep 15 14:54:42 +0000 2026,"Bocil so imut viral!

https://t.co/gCLPuyx4Js

https://t.co/6YdjAzdCp8

https://t.co/8AvRVRCdfz

Selasa Purbaya Menkeu Sri Mulyani Malam Maudy Ayunda https://t.co/lGRVY4zDG2",tweet,1819,,0,
https://x.com/CruzJgaldamezc/status/2099874249045573829,Twitter/X,CruzJgaldamezc,,Tue Sep 15 14:53:29 +0000 2026,"Cek in sama ayang!

https://t.co/hBcXB7Fhex

https://t.co/UCBAb1Mkpd

https://t.co/QGtGDY6ck0

Selasa Purbaya Menkeu Sri Mulyani Malam Maudy Ayunda https://t.co/uzbxPMseDr",tweet,211,,0,
https://x.com/ParamitaRi1282/status/2099874046129398045,Twitter/X,ParamitaRi1282,,Tue Sep 15 14:52:41 +0000 2026,"🔥 BONUS SCATTER MAHJONG WAYS 1 &amp; 2 – KHUSUS DI LASKAR303! 🐉✨

Absen Trisha Maudy Ayunda komitmen hasil nyata
#laskar303 https://t.co/CGyjmFEtif",tweet,93,,0,
https://x.com/jawafess/status/2099873950033744163,Twitter/X,jawafess,,Tue Sep 15 14:52:18 +0000 2026,"@mukaikhlas Maudy ayunda mana tau kalo gigi copot yg bawah, kudu buang diatas genteng",tweet,240,,0,
https://x.com/thesportfunnies/status/2099873944237142399,Twitter/X,thesportfunnies,,Tue Sep 15 14:52:16 +0000 2026,"Lagi tidur malah diganggu dimobil

https://t.co/9HF7DAnkHW

https://t.co/OR5GSYoKLf

https://t.co/PY1l443ngj

Trisha Maudy Ayunda Senin Purbaya Full Video Daddy Freeze Menkeu Selasa https://t.co/tnwhigqbDu",tweet,447,,0,
https://x.com/monthesephone/status/2099873858555965567,Twitter/X,monthesephone,,Tue Sep 15 14:51:56 +0000 2026,"gw heran sama org2 yg blg “orang stem mah ga napak tanah semua” LAH itu Maudy Ayunda, Pigai, Bahlil, Fufufafa, Wowok, anak2 FH UI pelaku KS anak soshum semua GA NAPAK TANAH TUH???",tweet,63,,0,
https://x.com/JackelinAleja/status/2099873662988140661,Twitter/X,JackelinAleja,,Tue Sep 15 14:51:09 +0000 2026,"Ukhti hijab vs ojol!

https://t.co/gCLPuyx4Js

https://t.co/6YdjAzdCp8

https://t.co/8AvRVRCdfz

Selasa Purbaya Menkeu Sri Mulyani Malam Maudy Ayunda https://t.co/IwIi335Gab",tweet,1123,,1,
https://x.com/nneysal/status/2099873515499594174,Twitter/X,nneysal,,Tue Sep 15 14:50:34 +0000 2026,"Prank ojol viral

https://t.co/IS4BWUEqDz

https://t.co/0fIisciJVF

https://t.co/WXTyoOpZqq

Trisha Maudy Ayunda Senin Purbaya Full Video Daddy Freeze Menkeu Selasa https://t.co/BjAq4svVWu",tweet,185,,0,
https://x.com/CruzJgaldamezc/status/2099873306073846063,Twitter/X,CruzJgaldamezc,,Tue Sep 15 14:49:44 +0000 2026,"Bilangnya cuma digesek.

https://t.co/hBcXB7Fhex

https://t.co/UCBAb1Mkpd

https://t.co/QGtGDY6ck0

Selasa Purbaya Menkeu Sri Mulyani Malam Maudy Ayunda https://t.co/ToYl1zSIrn",tweet,251,,1,
https://x.com/kqlxe/status/2099873299027439745,Twitter/X,kqlxe,,Tue Sep 15 14:49:42 +0000 2026,"1. maudy ayunda
2. dian sastro
3. beby tsabina
4. raline shah 
5. raffi ahmad

tambahin w capek",tweet,209,,1,
https://x.com/mukaikhlas/status/2099872963130704238,Twitter/X,mukaikhlas,,Tue Sep 15 14:48:22 +0000 2026,maudy ayunda mana tau kalo makan sate gapake nasi ngerasa berdosa,tweet,3514,,3,
https://x.com/nneysal/status/2099872911574360446,Twitter/X,nneysal,,Tue Sep 15 14:48:10 +0000 2026,"Lagi tidur malah dimainin

https://t.co/IS4BWUEqDz

https://t.co/0fIisciJVF

https://t.co/WXTyoOpZqq

Trisha Maudy Ayunda Senin Purbaya Full Video Daddy Freeze Menkeu Selasa https://t.co/tDLnRypbVN",tweet,185,,0,
https://x.com/InzaTechMedia/status/2099872203005452771,Twitter/X,InzaTechMedia,,Tue Sep 15 14:45:21 +0000 2026,".

Selasa iOS 26 iOS 27 Maudy Ayunda Menkeu Purbaya",tweet,113,,0,
https://x.com/BabiNgepet01nk/status/2099872179605451082,Twitter/X,BabiNgepet01nk,,Tue Sep 15 14:45:16 +0000 2026,"@Lost_Ataraxia hooh, baru nyadar jg pas lihat postingan nya om @tekarok007 + oposisi yg biasa puji2 program LPDP tiba2 jadi membenci program LPDP gara2 Maudy Ayunda
https://t.co/hYM1XcopNi",tweet,152,,0,
https://x.com/aleameaest/status/2099871844023271860,Twitter/X,aleameaest,,Tue Sep 15 14:43:56 +0000 2026,Being mindful by block all ads or movies that have Maudy Ayunda 🥰🙏,tweet,24,,0,
https://x.com/cucunyasoekiman/status/2099870976326713443,Twitter/X,cucunyasoekiman,,Tue Sep 15 14:40:29 +0000 2026,"ga usah minta maaf kak, kita bukan maudy ayunda kok",tweet,93,,0,
https://x.com/milkbedside/status/2099870715105476901,Twitter/X,milkbedside,,Tue Sep 15 14:39:26 +0000 2026,omg sudah memasuki era maudy ayunda getting cancelled as she should!,tweet,68,,0,
https://x.com/yonjunaikdelman/status/2099870465695302113,Twitter/X,yonjunaikdelman,,Tue Sep 15 14:38:27 +0000 2026,"mind u dia adalah idola gw banget..., kayak... I respect her the most anjggg

cuma kecewa bgt juga ama dia, kemaren adalah hari patah hati eta
setiap ditanya tipe ideal gw selalu jawab maudy ayunda btw, jadi w cancel beliau karna emang sangat amat kecewa kamsia https://t.co/ieYWEATSkV",tweet,105,,1,
https://x.com/LexMarteg/status/2099869461595689171,Twitter/X,LexMarteg,,Tue Sep 15 14:34:27 +0000 2026,"Berita yg lagi rame tentang Pe Mecat An Menkeu Purbaya dan Maudy Ayunda.....

Tapiiiiiii......
Berita soal uang 100M yg katanya milik Menteri ATR Nusron Wahid jugak gak kalah rame nihhhhh

Nama Nusron Wahid dikaitkan dgn temuan uang tersebut setelah muncul informasi mengenai pemeriksaan mantan Bupati Kebumen Arif Sugiyanto alias Gus Arif

Berdasarkan informasi tetangga"" sebelahhh.....
Arif disebut memberikan keterangan mengenai dugaan kepemilikan uang tsb.....
Namun....
hingga Selasa sore, KPK belum menyampaikan secara resmi isi pemeriksaan Arif ataupun mengonfirmasi bahwa keterangan tersebut benar merupakan pengakuannya

Kalok itu bener......
KPK jgn sampek Nge Perrrr yakkkkk",tweet,5048,,9,
https://x.com/alemaotarquine/status/2099869425084272648,Twitter/X,alemaotarquine,,Tue Sep 15 14:34:19 +0000 2026,"1.Bule Bali Viral
https://t.co/LkbIuxZ4Xr

2.main Dikebon Enak
https://t.co/HS0EMYTTs0

3.Kinora TikTok trending
https://t.co/fe5c69ZSHd
Menkeu Purbaya vcs komitmen hasil nyata Maudy Ayunda #evaluasi https://t.co/hwkfFYvzRc",tweet,1326,,0,
https://x.com/missasbun/status/2099865759556243650,Twitter/X,missasbun,,Tue Sep 15 14:19:45 +0000 2026,Para jurnalis meminta maaf karena siarkan berita yang dianggap buruk dan mengganggu maudy ayunda https://t.co/GsSjTvZGUq,tweet,2192,,1,
https://x.com/BabiNgepet01nk/status/2099865377346097516,Twitter/X,BabiNgepet01nk,,Tue Sep 15 14:18:14 +0000 2026,orang2 anti-pemerintah yg biasa memuji program LPDP tiba2 jadi anti-LPDP gara2 Maudy Ayunda 😂 @tekarok007,tweet,74,,0,
https://x.com/kemgelapan/status/2099865154867605536,Twitter/X,kemgelapan,,Tue Sep 15 14:17:21 +0000 2026,"Maju terus Maudy Ayunda! Jangan dengarkan pendapat rakyat 💪

SD-SMP Anda juga tidak pernah mendengarkan keluhan warga sekitar dan pasien rumah sakit yang terdampak jam masuk serta bubaran sekolah

🌞🌞🌞🌞🌞🌞🌞🌞🌞",tweet,10455,,3,
https://x.com/BabiNgepet01nk/status/2099865025062350913,Twitter/X,BabiNgepet01nk,,Tue Sep 15 14:16:50 +0000 2026,"Betul sekali, soalnya sudah terlihat pas orang2 berantem gara2 bahas video mindfulness nya Maudy Ayunda 
https://t.co/hYM1XcopNi",tweet,230,,1,
https://x.com/moxciey/status/2099863628065153246,Twitter/X,moxciey,,Tue Sep 15 14:11:17 +0000 2026,"Bocil sok cantik viral 

https://t.co/y5ojeKxIVX

https://t.co/bxksQsS0Ir

https://t.co/c9CKtDKH8K

Maudy Ayunda Krystal Menkeu iOS 27 Glass Aura  Sri Mulyani https://t.co/qWdW6U7G5c",tweet,1388,,0,
https://x.com/ugethug/status/2099863175927828807,Twitter/X,ugethug,,Tue Sep 15 14:09:29 +0000 2026,"@komisarisnetzen maudy ayunda ngelihat konten andrew: block, agar supaya biar aku tetap menjaga mindfulness ku 🥰",tweet,752,,1,
https://x.com/Astro_Boy020/status/2099862595117441449,Twitter/X,Astro_Boy020,,Tue Sep 15 14:07:10 +0000 2026,"hari-hari hirup asap, suruh
lihat nih Maudy Ayunda 

📍Handil Tura Anjir km 18, Barito Kuala, Kalimantan Selatan. https://t.co/oNTz8mI1dy",tweet,1855,,10,
https://x.com/grtmassofclr/status/2099861999081681176,Twitter/X,grtmassofclr,,Tue Sep 15 14:04:48 +0000 2026,@AlvChrist Maudy ayunda,tweet,138,,0,
https://x.com/mofabulouss2dc/status/2099860979228332540,Twitter/X,mofabulouss2dc,,Tue Sep 15 14:00:45 +0000 2026,cari berita ttg Maudy Ayunda yg muncul malah bokep. hadeh,tweet,75,,1,
https://x.com/chocoberrydubai/status/2099860479938355585,Twitter/X,chocoberrydubai,,Tue Sep 15 13:58:46 +0000 2026,"Maudy Ayunda is telling everyone to be mindful of bad news, yet she ends up becoming the bad news itself 😆🤡",tweet,32,,0,
https://x.com/Wondewfulday/status/2099859814587511156,Twitter/X,Wondewfulday,,Tue Sep 15 13:56:07 +0000 2026,@everyoneloveppw Tidak mindfullness spt maudy ayunda😭,tweet,55,,1,
https://x.com/lilacly0606/status/2099859386609102925,Twitter/X,lilacly0606,,Tue Sep 15 13:54:25 +0000 2026,Temennya maudy ayunda mah begitu,tweet,95,,0,
https://x.com/Goofyumkon/status/2099859096610713619,Twitter/X,Goofyumkon,,Tue Sep 15 13:53:16 +0000 2026,@tetehseonghyeon Mindful ka kt maudy ayunda,tweet,81,,1,
https://x.com/Misoreumen/status/2099859039270428845,Twitter/X,Misoreumen,,Tue Sep 15 13:53:03 +0000 2026,@BubaBub99928729 @hawkeyears ya tpi pantes gak menggenaralisasi semua satu pulau itu harus nerima akibatnya karena mayoritas di daerah itu pilih yg ono. kalian kalau ngomong suka gak punya hati nurani apa bedany kalian sma maudy ayunda anjim,tweet,75,,0,
https://x.com/ryzukimind/status/2099857093893505063,Twitter/X,ryzukimind,,Tue Sep 15 13:45:19 +0000 2026,"Mindfulness mengajarkan kita untuk tidak tenggelam dalam masalah.

Tapi kalau masalahnya adalah harga beras, BBM, pekerjaan, atau rumah yang terdampak bencana, kita bukan sedang melihat “bad news”.

Kita sedang menjalani hidup.
Maudy Ayunda? Maudy Ayublunder.",tweet,99,,0,
https://x.com/PotongFilm_ID/status/2099857081163788478,Twitter/X,PotongFilm_ID,,Tue Sep 15 13:45:16 +0000 2026,"Dari Pria Culun Menjadi Pembunuh Paling Gila

JUDUL : SILENT NIGHT

Continue to part II @potongfilm_id Help with follows too, guys       

#PenggalanFilm #CuplikanFilm #FYPX #FilmViral #XFilm #AdeganFilm #MovieScene #FilmIndonesia #ViralDiX Menkeu Maudy Ayunda Krystal Purbaya https://t.co/tIS86wHhsc",tweet,95,,0,
https://x.com/yasingbsa/status/2099856583853523278,Twitter/X,yasingbsa,,Tue Sep 15 13:43:17 +0000 2026,"Maudy ayunda kenapa kok trending.

Nggak aktif main X beberapa hari aja udah ketinggalan berita. https://t.co/xOoIgBpmrW",tweet,137,,0,
https://x.com/jongumzi7/status/2099856092000026683,Twitter/X,jongumzi7,,Tue Sep 15 13:41:20 +0000 2026,"Main di depan cermin

https://t.co/XI3s15KzIr

https://t.co/dBNnc6MnGh

https://t.co/n3mmaCU88X

https://t.co/f7YAY2KpQh

Maudy Ayunda Krystal iOS 27 Purbaya
LPDP FOURTH LKN LIVE JOURNAL
Ayo Senyumlah Gen 3 https://t.co/HpcCnXbfos",tweet,7807,,6,
https://x.com/nzamrs/status/2099855980494487758,Twitter/X,nzamrs,,Tue Sep 15 13:40:53 +0000 2026,"Bocil sok cantik viral 

https://t.co/ymTqkwMCb4

https://t.co/grK2D24zTu

https://t.co/KLmctjyCmk

Maudy Ayunda Krystal Menkeu iOS 27 Senin ayo senyumlah Purbaya https://t.co/hbs6tpbcyR",tweet,1175,,1,
https://x.com/ninok_snow/status/2099855585177219187,Twitter/X,ninok_snow,,Tue Sep 15 13:39:19 +0000 2026,"Sambutan perpisahan terkeren abad ini. 
Singkat - Padat - Mancing

Purbaya Sri Mulyani Menkeu Maudy Ayunda Budiman Sudjatmiko https://t.co/nN6FgPvllv",tweet,3843,,1,
https://x.com/hot_americanoo/status/2099853672893362384,Twitter/X,hot_americanoo,,Tue Sep 15 13:31:43 +0000 2026,Mood hari ini lagi pengen jambak maudy ayunda sampe banyak rambutnya kecabut terus pitak 🙏,tweet,233,,1,
https://x.com/Beritasatu/status/2099853271632584933,Twitter/X,Beritasatu,,Tue Sep 15 13:30:08 +0000 2026,"Artis Maudy Ayunda menuai kritik tajam di platform X usai mengunggah video bertajuk ""mindfulness in the age of bad news"", yang dinilai publik kurang peka (tone deaf) terhadap rentetan krisis sosial dan bencana alam di Indonesia.

Menanggapi kontroversi itu, Maudy menyampaikan permohonan maaf dan mengakui adanya sudut pandang privilege yang luput dari refleksinya, sembari menegaskan bahwa konsep mindfulness seharusnya tidak dijadikan alasan untuk menutup mata dari realitas sosial.",tweet,5549,,2,
https://x.com/kindsehunie/status/2099852959974818185,Twitter/X,kindsehunie,,Tue Sep 15 13:28:53 +0000 2026,"tuh kan dari kemarin fishy banget maudy ayunda dijadiin huge news, purbaya diberhentikan tiba2 dan ga etis, boom. Hilang kebebasan berpendapat kita",tweet,327,,0,
https://x.com/dreamperfectbby/status/2099852734694621656,Twitter/X,dreamperfectbby,,Tue Sep 15 13:27:59 +0000 2026,"Sbg seseorang yg berpengaruh dan berpendidikan, gw penasaran bgt sm isi kepala maudy ayunda soal isu di negar tercinta ini, tp sekalinya muncul dgn video konten yang ga sesuai ekspektasi. sangat di sayangkan masyarakat luas pastinya.",tweet,97,,1,
https://x.com/baerevelvine/status/2099851796764373395,Twitter/X,baerevelvine,,Tue Sep 15 13:24:16 +0000 2026,"@dabilouvre @ombakcherry Omongan lugu dia ini akhirnya kebukti dengan apolitisnya Maudy Ayunda yang di waktu nggak tepat ngajak ""mindfulness"" menghadapi berita buruk, padahal masyarakat yang kena musibah masih gak bisa keluar dari situasi dan kondisi yang memuakkan itu semudah scrolling sosmed.",tweet,63,,0,
https://x.com/2MataPanda__/status/2099850478691537336,Twitter/X,2MataPanda__,,Tue Sep 15 13:19:02 +0000 2026,ga peenah kepikiran maudy ayunda dicancel orang orang😭,tweet,152,,0,
https://x.com/minda_coid/status/2099850473289429010,Twitter/X,minda_coid,,Tue Sep 15 13:19:00 +0000 2026,"Maudy Ayunda Minta Maaf soal Konten Mindfulness

Maudy Ayunda kembali menjelaskan, maksud setelah video mengenai cara menghadapi berita buruk di Indonesia menuai perdebatan. Ia kini mengakui ada satu hal penting yang belum cukup dibahas, yakni soal privilese ketika seseorang memiliki pilihan untuk menjauh dari pemberitaan.

Klarifikasi itu disampaikan Maudy melalui komentar yang disematkan pada video Mindfulness in the Age of Bad News. Pada Minggu (13/9), ia merespons berbagai komentar yang muncul setelah video tersebut ramai dibicarakan.

""Hai teman-teman, Terima kasih untuk semua komentar dan perspektif yang disampaikan di sini. Aku sudah membaca banyak di antaranya, dan ada satu hal penting yang aku sadari belum cukup aku sampaikan di video ini,"" kata Maudy.

 ""Being able to step away from the news is itself a privilege. Tidak semua orang punya pilihan itu, terutama ketika apa yang terjadi berdampak langsung pada kehidupan, keluarga, pekerjaan, atau komunitasnya. Aku minta maaf karena bagian ini belum cukup aku refleksikan di videonya.""

Pernyataan tersebut, menjadi bagian dari evaluasi Maudy. Hal ini disampaikan, setelah gagasan mengenai diet berita, dianggap sebagian netizen tidak bisa dilepaskan dari kenyataan yang dialami masyarakat.

Padahal, video yang diunggah pada 21 Agustus 2026 itu, dibuat Maudy untuk membicarakan pengalaman pribadinya menghadapi banjir informasi. Ia mengaku berbagai kabar buruk yang muncul terus-menerus turut memengaruhi kondisi mentalnya.

 Alih-alih terus mengikuti semua informasi, Maudy memilih mengatur kembali apa saja yang masuk ke pikirannya. Ia menyaring sumber informasi, memilih bacaan, serta berdiskusi dengan orang yang dianggap memahami persoalan tertentu.

""Jadi aku enggak seharian mengekspos diri aku terhadap bad news ini karena ya sekali lagi, itu bisa bikin patah semangat itu bisa bener-bener bikin disfungsional,"" kata Maudy.

""Apalagi kayak aku sebenernya lumayan orang yang emosional dan aku kepikiran dan aku overthinker jadi oke kalau kayak gitu mendingan kita split aja,"" lanjutnya.

Maudy juga menceritakan, bagaimana kebiasaan tersebut membuatnya lebih memahami kondisi emosional dirinya sendiri ketika berhadapan dengan begitu banyak informasi.

""Itu adalah beberapa hal yang membuat aku punya kesadaran diri lebih juga terhadap 'kenapa sih aku merasa sekewelahan ini?', sengerasa selemah ini mentalnya di antara semua kabar buruk yang ada di luar sana,"" kata Maudy dalam video itu.

Namun, pesan tersebut kemudian dibaca berbeda oleh sebagian penonton. Bagi mereka yang berada di lokasi terdampak, berbagai kejadian tersebut merupakan bagian dari kehidupan sehari-hari yang tidak bisa begitu saja di-mute.

Kritik itu pula yang kemudian membuat Maudy kembali melihat gagasannya dari perspektif lain. Ia menegaskan bahwa dirinya tidak pernah bermaksud menjadikan mindfulness sebagai alasan untuk bersikap tidak peduli terhadap keadaan sosial.

""Aku sama sekali tidak ingin mindfulness menjadi alasan untuk tidak peduli atau menjauh dari realita yang ada. Apalagi ajakan untuk berdiam diri, ataupun melihat seolah keadaan baik-baik saja,"" kata Maudy Ayunda.

""Malah, mindfulness ini membuat aku bisa melihat sebab akibat secara jelas, membantu kita tetap peduli dan hadir, dan tetap peka terhadap terhadap apa yang dirasakan mereka yang terdampak.""

""Terima kasih untuk teman-teman yang sudah meluangkan waktunya untuk mengingatkanku dan menambahkan perspektif menjadi lebih luas dan lebih dalam. Aku dengar dan aku hargai feedbacknya. I'm listening and learning,"" kata Maudy Ayunda.",tweet,2302,,0,
https://x.com/QUEERAUSAHAAN/status/2099850149015212388,Twitter/X,QUEERAUSAHAAN,,Tue Sep 15 13:17:43 +0000 2026,kyk gini disuruh mindful sama maudy ayunda,tweet,1440,,0,
https://x.com/kelixmann/status/2099850034330362346,Twitter/X,kelixmann,,Tue Sep 15 13:17:16 +0000 2026,@irezadigital maudy ayunda lu?,tweet,110,,1,
https://x.com/meteorinthesky1/status/2099848944440529366,Twitter/X,meteorinthesky1,,Tue Sep 15 13:12:56 +0000 2026,terserah mau hate me karena gw setuju sama pendapat maudy ayunda,tweet,80,,0,
https://x.com/tuanputriitay/status/2099848856028528739,Twitter/X,tuanputriitay,,Tue Sep 15 13:12:35 +0000 2026,"mau kasian ma Purbaya hartanya 57 milyar , mau kasian sama penggantinya  hartanya 138 milyar. Mau kasian ma Maudy Ayunda ..... projectnya banyakan dia ..... mending kasihanilah dirimu sendiri. Kirim Al Fatihah untuk diri sendiri",tweet,73,,1,
https://x.com/musictastebapak/status/2099848747740196934,Twitter/X,musictastebapak,,Tue Sep 15 13:12:09 +0000 2026,"may something ""life changing"" find you, maudy ayunda",tweet,54,,0,
https://x.com/Rayasorayaa/status/2099847536517550112,Twitter/X,Rayasorayaa,,Tue Sep 15 13:07:20 +0000 2026,"Kedua, Lip Butter/Lip Balm
punya maudy ayunda harganya 64 ribuan

sedangkan dua brand ini cuma separoh dari harganya ajaa dan gw udah pake semua jujurr😭
✅ Buttered Lip Balm 30 ribuan doang
https://t.co/9FOWhT96h6

✅Vaseline Lip Balm 20 ribuan doang
https://t.co/ESlCfl8zHu https://t.co/jEtF2x8rL8",tweet,516,,0,
https://x.com/JaketKulitLover/status/2099847339783639450,Twitter/X,JaketKulitLover,,Tue Sep 15 13:06:33 +0000 2026,"Jaket Kulit ZW001 ⭐⭐⭐
🛒 https://t.co/KR5LnsMnqt

-------------
Menkeu Maudy Ayunda Menteri Keuangan Suahasil Nazara https://t.co/2YcJyMsdxr",tweet,501,,0,
https://x.com/adlndawulan/status/2099847284628598902,Twitter/X,adlndawulan,,Tue Sep 15 13:06:20 +0000 2026,@mixhell86 Yekan drpd diskursus makanan gw prefer diskursus Maudy ayunda ajg,tweet,55,,0,
https://x.com/plaplo_/status/2099847208439103864,Twitter/X,plaplo_,,Tue Sep 15 13:06:02 +0000 2026,"too chill

https://t.co/9JG2vaxlro https://t.co/GW7B0zgUam",tweet,2064,,0,
https://x.com/setmar_/status/2099845601890550116,Twitter/X,setmar_,,Tue Sep 15 12:59:39 +0000 2026,"Daripada boikot maudy ayunda, mending utamain boikot raffi ahmad dan keluarga, rachel vennya, dara arafah, gading marten, desta, dan orang-orang yang ada di poster ini. Maudy emang blunder, tp orang-orang ini jelas kontribusinya dalam kehancuran negara https://t.co/2bZJl6Wnwd",tweet,94,,0,
https://x.com/dilafad48057064/status/2099845510559617183,Twitter/X,dilafad48057064,,Tue Sep 15 12:59:17 +0000 2026,"baru sadar setelah baca komen komen, nih artis sama alumni penerima lpdp ini kayaknya hampir gak pernah menyuarakan kabar karlahuta, padahal produknya pakai bahan baku dari kalimantan dn papua. Maudy Ayunda, anda tone deaf kah?",tweet,252,,0,
https://x.com/MujirinT/status/2099845297933533252,Twitter/X,MujirinT,,Tue Sep 15 12:58:26 +0000 2026,"Surat terbuka untuk Maudy Ayunda, 

Yuk kita belajar lagi, misalnya di https://t.co/7bS5eRQGhR. 

Gampang kok belajarnya, kalau ada yang belum paham tinggal sorot textnya seperti mau mengopi terus klik Explain.

Sampai ketemu di garis finish belajarmu ya.",tweet,80,,0,
https://x.com/wayan_iswara/status/2099844769438658925,Twitter/X,wayan_iswara,,Tue Sep 15 12:56:20 +0000 2026,@twoyulll Maudy Ayunda ini di Al-Azhar banyak,tweet,72,,0,
https://x.com/kwertiwow/status/2099844586168549872,Twitter/X,kwertiwow,,Tue Sep 15 12:55:37 +0000 2026,"aduh sedih banget baca utas orang soal opini maudy ayunda. social gap, strata/kelas sosial, kemiskinan struktural.. it's real, bro😭",tweet,80,,0,
https://x.com/Melihat_Indo/status/2099844138967740460,Twitter/X,Melihat_Indo,,Tue Sep 15 12:53:50 +0000 2026,"Penderitaan Rakyat Dianggap 'Bad News'? Maudy Ayunda Dirujak Habis-habisan Perkara Diet Informasi!

JAKARTA – Video Maudy Ayunda soal cara menyikapi derasnya kabar buruk di internet justru memicu perdebatan. Maudy mengaku sempat kewalahan dengan banyaknya informasi sehingga memilih melakukan “diet” informasi demi menjaga kewarasan.

Ia pun membatasi berita yang dikonsumsi dengan memilih sumber terpercaya dan berdiskusi dengan orang yang dianggap lebih memahami isu tertentu.

Namun, sejumlah warganet menilai pendekatan tersebut bisa terkesan menjauh dari realitas masyarakat. Salah satu komentar bahkan menyebut konsep mindfulness dan stoicism sebagai cara yang dapat membuat seseorang menerima keadaan tanpa cukup mempertanyakan persoalan sosial.

Komentar lain menyinggung privilege Maudy dan penggunaan LPDP. Ada pula yang menilai statusnya sebagai figur publik dan pemilik brand membuatnya perlu menjaga citra diri maupun bisnis.

Kritik lainnya menyoroti gaya hidup Maudy yang dianggap jauh dari kondisi masyarakat kelas bawah. Salah satu warganet menulis:

“Penderitaan masyarakat dianggap bad news.”

Sementara warganet yang mengaku lulusan psikologi mempertanyakan penggunaan istilah mindfulness dalam konteks tersebut. Ia menilai mindfulness tidak semestinya menjadi tameng untuk menghindari persoalan sosial dan membandingkannya dengan figur publik yang memilih terjun langsung membantu korban bencana.

Di sisi lain, ada warganet yang melihat polemik ini sebagai diskusi menarik karena setiap orang memiliki cara berbeda dalam menghadapi banjir informasi.

Pada akhirnya, perdebatan bukan sekadar soal boleh atau tidaknya membatasi berita, tetapi apakah menjaga kesehatan mental bisa berjalan beriringan dengan tetap peka terhadap realitas yang dihadapi masyarakat.",tweet,253,,0,
https://x.com/Reza_ar2194/status/2099843984277508177,Twitter/X,Reza_ar2194,,Tue Sep 15 12:53:13 +0000 2026,"ini ceritaku tentang jadi penggemar Maudy Ayunda yang pensiun, hahaha, iya pensiun, sudah dari lama aku sudah gak follow Ig nya, kalaupun belakangan masih sering dengerin lagunya, ok mulai dari awal, aku suka Maudy Ayunda ketika dia berperan menjadi Kugy di Perahu Kertas",tweet,85,,1,
https://x.com/Rayasorayaa/status/2099843816220205527,Twitter/X,Rayasorayaa,,Tue Sep 15 12:52:33 +0000 2026,"agak rame ya saat ini berita ttg MAUDY AYUNDA dan pada akhirnya merembet ke brand nyaaa

gw liat"" banyak yg beralih dari brand @ from this island karena dirasa overpricey dan aksi adminnya di sosmed yg terpantau lagi sibuk hapusin hate komen.

menurut kalian gmna?? https://t.co/HVped5A3hz",tweet,187,,1,
https://x.com/vvaterforest/status/2099842856810955165,Twitter/X,vvaterforest,,Tue Sep 15 12:48:44 +0000 2026,my luv gitasav &gt; maudy ayunda,tweet,129,,0,
https://x.com/rezasaveroo/status/2099841788626497916,Twitter/X,rezasaveroo,,Tue Sep 15 12:44:30 +0000 2026,"saking keselnya, maudy ayunda diajak ptpt arbal anying",tweet,142,,0,
https://x.com/mimakiri/status/2099841499328614676,Twitter/X,mimakiri,,Tue Sep 15 12:43:21 +0000 2026,"Maudy Ayunda yg bener ajalah. Even if you think your ""mindfulness"" is relatable to your audience, it doesn't automatically mean it's appropriate for everyone.",tweet,91,,0,
https://x.com/vonycuwy/status/2099840437720948805,Twitter/X,vonycuwy,,Tue Sep 15 12:39:08 +0000 2026,"📁 Koleksi Miss Sell
https://t.co/R5hH1RdyYF
📁 Koleksi Miyuki Tobrut
https://t.co/nJ4xWaFU3j

Senin Menkeu Maudy Ayunda LPDP Menteri Keuangan Sri Mulyani #aadcshortfilm #mtqcabangtilawah",tweet,874,,0,
https://x.com/apilpirman/status/2099840253662216574,Twitter/X,apilpirman,,Tue Sep 15 12:38:24 +0000 2026,"Ini yg gw maksud.

Kenapa sekrg  rakyat sama rakyat saling bunuh, saling sindir.

Jelas2 biang keroknya pemerintah.

Ngurusin trend 80s, AI fanatik, juciy lucy itu cuma pengalihan isu, sama maudy ayunda takut cemen amat rakyat indo.",tweet,217,,0,
https://x.com/vonycuwy/status/2099840120337940962,Twitter/X,vonycuwy,,Tue Sep 15 12:37:52 +0000 2026,"📁 Koleksi L!ve Liadiani
https://t.co/2orypociYA
📁 Koleksi Laura Exclusive
https://t.co/HWZPFwLT90

Senin Menkeu Maudy Ayunda LPDP Menteri Keuangan Sri Mulyani #aadcshortfilm #mtqcabangtilawah",tweet,732,,0,
https://x.com/pembururantai/status/2099839777109647488,Twitter/X,pembururantai,,Tue Sep 15 12:36:30 +0000 2026,"fafifu trs kesimpulan lo maudy ayunda itu cuma bad timing, salah judul yada yada anying lah",tweet,126,,0,
https://x.com/dwitaumswo_/status/2099839591624888784,Twitter/X,dwitaumswo_,,Tue Sep 15 12:35:46 +0000 2026,"aku mah jd maudy ayunda juga mau “let them” sambil keadaan cantik. tapi ga bisa. air kran dikit bgt nyalanya, trs ga bs buka jendela pagi2 karna asep. hayyyaaa mau let them tapi ngomel dlu",tweet,71,,1,
https://x.com/baeryble/status/2099839282492092569,Twitter/X,baeryble,,Tue Sep 15 12:34:32 +0000 2026,jahat bgt ih smpe bawa bencana alam. gk ada bedanya lu sama maudy ayunda yg bilang bencana alam just a bad news. cmn bedanya maudy orkay dan lu kagak,tweet,559,,2,
https://x.com/sspineshivers/status/2099838679367790687,Twitter/X,sspineshivers,,Tue Sep 15 12:32:08 +0000 2026,"se tone deaf nya maudy ayunda, pemimpin lu lebih tone deaf bjirr malah dia sumber bad news nya",tweet,75,,0,
https://x.com/rince_life/status/2099838200604660079,Twitter/X,rince_life,,Tue Sep 15 12:30:14 +0000 2026,"Mario Teguh golden ways ❎
Maudy Ayunda golden ways ✅",tweet,390,,1,
https://x.com/uzitin/status/2099837447500906819,Twitter/X,uzitin,,Tue Sep 15 12:27:15 +0000 2026,"@helokev Iyaa kak trendingnya maudy ayunda, hmm nggak tau kalau itu",tweet,64,,0,
https://x.com/veflur/status/2099837320954589343,Twitter/X,veflur,,Tue Sep 15 12:26:45 +0000 2026,"ewnak kan?

https://t.co/ReBXykkG4T https://t.co/0NHs2J3523",tweet,9392,,0,
https://x.com/ayyuaspita19/status/2099835559405629710,Twitter/X,ayyuaspita19,,Tue Sep 15 12:19:45 +0000 2026,"Secara psikologis, kita semua sama kok kaya Maudy Ayunda: sama-sama burnout dan kena compassion fatigue gara-gara rentetan bad news. Tapi plot twist-nya, ketakutan terbesar kita justru kalau bad reality ini luput dari agenda setting media dan platform mana pun

Pas kita pagi-pagi udah anxious mantau update mitigasi bencana dan kebijakan pemerintah, beliau sarapan healthy menu sambil bahas soal mindfulness, tone deaf level final boss.",tweet,12357,,1,
https://x.com/Catherin_sheryl/status/2099835029774107069,Twitter/X,Catherin_sheryl,,Tue Sep 15 12:17:38 +0000 2026,"Indonesia banyak bekerja di sektor informal, gaji tak tetap, sering dilapor kurang tepat! #MengenalDesilDTSEN Makanya BPS pakai indikator rumah, aset, lokasi bukan cuma pendapatan agar tdk mudah dimanipulasi.
 @bps_statistics

LPDP Maudy Ayunda Purbaya Menkeu #salı
#aadcshortfilm https://t.co/jvzcMI8v8z",tweet,187,,0,
https://x.com/gimanaci/status/2099834993669451887,Twitter/X,gimanaci,,Tue Sep 15 12:17:30 +0000 2026,"tolong bilang ke maudy ayunda air minum di Banjarmasin rasanya hanta, han suah lah maudy minum banyu hanta mun kd suah kesini  km lakasi, aku aja sampai beheraan tahulah 😤😤😤",tweet,58,,0,
https://x.com/pr4meswari/status/2099834873666207955,Twitter/X,pr4meswari,,Tue Sep 15 12:17:01 +0000 2026,Ak takut mau nntn video maudy ayunda,tweet,53,,0,
https://x.com/JeyandWai/status/2099834815566770387,Twitter/X,JeyandWai,,Tue Sep 15 12:16:47 +0000 2026,Si livie livie ini cosplay jadi maudy ayunda ya?? Sumpah nyebelin x kntol,tweet,749,,1,
https://x.com/Barstrw/status/2099834785762017538,Twitter/X,Barstrw,,Tue Sep 15 12:16:40 +0000 2026,"BOKEPLOKAL DRAMA JEPANG MALAY VIRAL 🍀

1.Aster Hijab
https://t.co/Nd7Meq7Qoi

2.Gonta ganti gaya VIRAL
https://t.co/JNQv0Yy7EL

3.Ladies Night
https://t.co/GnCBW5TgWf

videy senin menkeu purbaya maudy ayunda sri mulyani glass aura lpdp aeon malam suahasil nazara https://t.co/yO5suFZD7R",tweet,3124,,0,
https://x.com/regulathion/status/2099834736541831637,Twitter/X,regulathion,,Tue Sep 15 12:16:28 +0000 2026,"🥪🍟 Promo resto makin hemat!
ShopeeFood diskon 70%  ✨
Min. 30rb → diskon s.d. 50rb

👉 Buruan klaim:
https://t.co/btT9ywU2eN
https://t.co/btT9ywU2eN

gofood grabfood kode go grab shopee food sfood daget gojek gratis ongkir voucher sarapan pagii gojek Maudy Ayunda https://t.co/4EsWjCBqup",tweet,165,,0,
https://x.com/cumilo16/status/2099834681185448276,Twitter/X,cumilo16,,Tue Sep 15 12:16:15 +0000 2026,"Maudy Ayunda 

bekerja tanpa lelah Selasa ready Purbaya Menteri Keuangan Sri Mulyani APBN Menkeu istirahat tidur malam #zonauangㅤ 

#videy #dood",tweet,584,,1,
https://x.com/sapphianabella/status/2099834677712539827,Twitter/X,sapphianabella,,Tue Sep 15 12:16:14 +0000 2026,“unfollow maudy ayunda karena dia ignorant dan bukan contoh yang baik 😤 anyways mending cinta laura 😍” like omfg ZERO lessons learned,tweet,586,,0,
https://x.com/pestamiras/status/2099834587123982838,Twitter/X,pestamiras,,Tue Sep 15 12:15:53 +0000 2026,anw. maudy ayunda needs to stfu intinya,tweet,48,,0,
https://x.com/maegicalqueen/status/2099834586968830250,Twitter/X,maegicalqueen,,Tue Sep 15 12:15:53 +0000 2026,Dia temennan sama maudy ayunda wkwk,tweet,140,,0,
https://x.com/nyxia96/status/2099834446644158669,Twitter/X,nyxia96,,Tue Sep 15 12:15:19 +0000 2026,Jadi risau aku liat muke maudy ayunda dmn2. Membayangkan muke die ni memang muke2 orkay yg suombooong polll dan najis klo ngeliatin orang2🤣,tweet,59,,0,
https://x.com/terautisdikit/status/2099834032519581776,Twitter/X,terautisdikit,,Tue Sep 15 12:13:41 +0000 2026,"pertama, nonchalant rebuttal != aura truth.
kedua, attitude merendahkan fisik orang sendiri sudah jelek, kecuali standar cantiknya bias.
ketiga, maudy ayunda cantik pake buanget objectively speaking.
keempat, setuju isunya bukan fisik.

jadi? ya gada intensi apa-apa sih, yasudah.",tweet,87,,0,
https://x.com/ColirioTop__/status/2099833975909040516,Twitter/X,ColirioTop__,,Tue Sep 15 12:13:27 +0000 2026,"Keira blunder kesebar
Maudy Ayunda https://t.co/GuBEgveunQ",tweet,1412,,1,
https://x.com/twisttedtrunk/status/2099833919223054721,Twitter/X,twisttedtrunk,,Tue Sep 15 12:13:14 +0000 2026,"Tante binal 1 vs 2 💦💦

https://t.co/wfcpuFdxun

Senin Kakashi LPDP Maudy Ayunda https://t.co/WK3V3RcYTA",tweet,218,,0,
https://x.com/JeyandWai/status/2099833813765325016,Twitter/X,JeyandWai,,Tue Sep 15 12:12:48 +0000 2026,"Lu mending diem deh hipokrit sok mindfullness, lama lama lu mirip maudy ayunda lu",tweet,70,,0,
https://x.com/notedpak_/status/2099833597733769569,Twitter/X,notedpak_,,Tue Sep 15 12:11:57 +0000 2026,"MA
Maudy Ayunda
Marie Antoniette",tweet,41,,0,
https://x.com/ceixro/status/2099833164311249081,Twitter/X,ceixro,,Tue Sep 15 12:10:14 +0000 2026,"maudy ayunda lpdp selasa malam 
https://t.co/TXv6QSdRN2 https://t.co/yY439Ei4Wj",tweet,300,,0,
https://x.com/ilhandpicked/status/2099833160335057130,Twitter/X,ilhandpicked,,Tue Sep 15 12:10:13 +0000 2026,maudy ayunda pas umur 15 tahun:,tweet,54,,1,
https://x.com/lovin9yu/status/2099832706876264591,Twitter/X,lovin9yu,,Tue Sep 15 12:08:24 +0000 2026,jadi mirip maudy ayunda in a bad way,tweet,43,,0,
https://x.com/ISTlGHFAR33X/status/2099832501560844515,Twitter/X,ISTlGHFAR33X,,Tue Sep 15 12:07:36 +0000 2026,org2 kek gini lah target market video maudy ayunda,tweet,415,,2,
https://x.com/ssszczek/status/2099832385324085384,Twitter/X,ssszczek,,Tue Sep 15 12:07:08 +0000 2026,"maudy ayunda mah orang have jir mana peka sama kita yg orang have fun, fun take https://t.co/D26ds05xE4",tweet,187,,1,
https://x.com/srufts/status/2099832257783738455,Twitter/X,srufts,,Tue Sep 15 12:06:37 +0000 2026,"maudy ayunda laut jawa 
https://t.co/3wLNBN6XuO https://t.co/JqxmekxjOH",tweet,333,,0,
https://x.com/sadbitxh197/status/2099832166905679980,Twitter/X,sadbitxh197,,Tue Sep 15 12:06:16 +0000 2026,"@saludosparatii - Maudy ayunda tone deaf
- menkeu dipecat
- macklemore dicoret dr tur ed sheeran grgr vokal free palestine",tweet,104,,1,
https://x.com/dreamstracer/status/2099831034737307904,Twitter/X,dreamstracer,,Tue Sep 15 12:01:46 +0000 2026,"SKANDAL BOKEPLOKAL INDO BINAL VIRAL 🍒

1.CEWEK FISIP
https://t.co/pcuNgie9QD

2.Gonta ganti gaya VIRAL
https://t.co/sjfFN1bJLu

3.Husnita Tiktok
https://t.co/UXu8skOGJ4

4.Koleksi Jav Sub Indo
https://t.co/JAhOl1GdJn

menkeu senin lpdp malam apbn aeon venus maudy ayunda https://t.co/3S4M0oPYCh",tweet,730,,0,
https://x.com/decxtro/status/2099830993553354764,Twitter/X,decxtro,,Tue Sep 15 12:01:36 +0000 2026,"dari kasus maudy ayunda kita belajar, ga semua orang berpendidikan punya empati terhadap sekitar",tweet,100,,0,
https://x.com/Gi_N0ng/status/2099830766159176018,Twitter/X,Gi_N0ng,,Tue Sep 15 12:00:42 +0000 2026,"Maudy Ayunda 
Suka ga suka
Dia Kartini Era sekarang https://t.co/OkRkOfKnQQ",tweet,738,,0,
https://x.com/pawshax/status/2099830429767676161,Twitter/X,pawshax,,Tue Sep 15 11:59:22 +0000 2026,"If The international wise we have Ed Shebuttocks being cancelled — in Indonesia we have this girl who I really am surprised to know how tone deaf she is. 

Dear Maudy Ayunda, go and hang with Cinta Laura moreee or at least AgnezMo or Anggun, what a shameeee seriously 🤡✨",tweet,571,,0,
https://x.com/ia_na33/status/2099829776529945069,Twitter/X,ia_na33,,Tue Sep 15 11:56:46 +0000 2026,2026 maudy ayunda dihujat netizen di X tidak masuk dalam prediksiku wkwkwk,tweet,201,,0,
https://x.com/PrendiAngker/status/2099829686029435143,Twitter/X,PrendiAngker,,Tue Sep 15 11:56:24 +0000 2026,"Timeline hari ini rame banget 😂

#aadcshortfilm
LPDP
Maudy Ayunda
Laut Jawa
Menteri Keuangan

Terus nyelip Solflare Packs 👀

Random? Iya.

Tapi justru seru lihat apa yang lagi bikin orang penasaran.",tweet,151,,0,
https://x.com/faridazad4/status/2099829220184834509,Twitter/X,faridazad4,,Tue Sep 15 11:54:33 +0000 2026,"mulus🥰

https://t.co/53Y8RClBII

https://t.co/53Y8RClBII

https://t.co/53Y8RClBII

https://t.co/53Y8RClBII

Rangga Bulan Senin Wowo Lawan 10 Maudy Ayunda Menteri Keuangan LPDP Bintang https://t.co/D4cLaUfsjR",tweet,236,,0,
https://x.com/zzatkiyas/status/2099829141956936023,Twitter/X,zzatkiyas,,Tue Sep 15 11:54:15 +0000 2026,"Lagi rame juga beberapa artis kaya dave hendrik waktu itu nyinggung maudy ayunda tentang cara menjalani hidup nyaman sambil baca buku. Soalnya yg dia baca disini tuh kaya gak relate sama beberapa orang.

Btw judul bukunya ""Let them"" terus gue keinget ini buku juga pernah di jadiin zize buat quote gt di postingannya wkwkw just saying ya btw 😁",tweet,227,,0,
https://x.com/aman_shiowla/status/2099829092438999086,Twitter/X,aman_shiowla,,Tue Sep 15 11:54:03 +0000 2026,"Mimpi berada di tengah laut sering dikaitkan dengan berbagai makna simbolis. Dalam tafsir tradisional,
#TafsirMimpi #ArtiMimpi #MimpiLaut 

#aadcshortfilm LPDP Maudy Ayunda Menkeu https://t.co/aZPb98dLaB",tweet,38,,0,
https://x.com/goldenjk7_/status/2099829091545550904,Twitter/X,goldenjk7_,,Tue Sep 15 11:54:03 +0000 2026,@zooyeaoh Kalau kata maudy ayunda mindfulness ya. Boro boroooo 😭,tweet,882,,0,
https://x.com/LexMarteg/status/2099829059094282245,Twitter/X,LexMarteg,,Tue Sep 15 11:53:55 +0000 2026,"Slamet Ke Malam An Dekkkkk Maudy Ayunda.......

Ngopi sambil bahas LPDP yukkkkkkk..... https://t.co/6CLftTDxQA",tweet,106,,0,
https://x.com/killuaatran99/status/2099828613088702911,Twitter/X,killuaatran99,,Tue Sep 15 11:52:08 +0000 2026,"Kalo liat casenya maudy ayunda ini lebih ke kayak orang2 sudah tau kmu punya super power kayak superman, spiderman dan lain-lain tapi milih untuk jadi manusia biasa dan gak gunain kekuatannya dan masyarakat mencak-mencak.",tweet,41,,0,
https://x.com/twopieloncat/status/2099828506981187682,Twitter/X,twopieloncat,,Tue Sep 15 11:51:43 +0000 2026,"jangankan maudy ayunda, taylor swift tone deaf aja gw tinggal",tweet,243,,1,
https://x.com/djhoedhyth_/status/2099828262117474355,Twitter/X,djhoedhyth_,,Tue Sep 15 11:50:45 +0000 2026,"Untung ga prnh ngefans sm maudy ayunda, dian sastro, raline shah, dan semua cewek pinter yg self brandingnya smart, independent, dll tp ternyata nirempati, ignorant, dan tone deaf 😂",tweet,52,,0,
https://x.com/dacdy/status/2099827923650056643,Twitter/X,dacdy,,Tue Sep 15 11:49:24 +0000 2026,@strawbettties duduk maudy ayunda,tweet,53,,1,
https://x.com/Smash1014314/status/2099827907870740783,Twitter/X,Smash1014314,,Tue Sep 15 11:49:20 +0000 2026,"Kalau ditanya soal Maudy Ayunda, yang paling gue inget justru pas dia cerita soal calon suaminya. Katanya, calon suaminya rela belajar nyetir di sebelah kanan dan ngadepin macetnya Jakarta demi dia. Buat dia, itu bukti cinta. 😭

Buat gue malah mikir, “Lah, ini keseharian gue.” WKWK.

Dari situ gue baru sadar, kayaknya Maudy bukan sengaja mau ngece kita. Emang realita yang dia pijak tuh beda banget sama kebanyakan kita.

Cuma asli deh, dia nggak punya tim atau PA yang ngurusin sosmednya apa gimana? 😭

Kok konten kayak gini bisa naik di tengah kondisi ekonomi yang lagi susah dan polemik MBG yang lagi rame?",tweet,3804,,1,
https://x.com/Mellan531910/status/2099827741122297937,Twitter/X,Mellan531910,,Tue Sep 15 11:48:41 +0000 2026,"Jika Maudy mengeluarkan statement seperti itu, disaat seperti ini ~~memang kurang pas tapi sebagai manusia mungkin dia melakukan kesalahan (manusiawi lah ya)dan Maudy Ayunda juga sudah minta maaf, semoga ini menjadi pembelajaran saja sih untuk kita semua 🥰 supaya lebih...",tweet,108,,0,
https://x.com/Otto_0967/status/2099827730628165869,Twitter/X,Otto_0967,,Tue Sep 15 11:48:38 +0000 2026,"Bukti di Indonesia itu yang HARAM cuma BABI &amp; MIRAS.. 😊😁😁
.
UANG jin
UANG setan
UANG genderuwo
Semua HALAL..
.
Mau santri
Mau ustadz
Mau kyai
Doyan DUIT

Benar2 religius 😁

LPDP
Menkeu
Maudy Ayunda https://t.co/6DOw7350O0",tweet,585,,1,
https://x.com/arahpantura_ID/status/2099827457176285258,Twitter/X,arahpantura_ID,,Tue Sep 15 11:47:33 +0000 2026,Maudy Ayunda Klarifikasi Soal Mindfulness dan Privilege https://t.co/Up335iUfYo,tweet,33,,0,
https://x.com/tealatus/status/2099827181375627321,Twitter/X,tealatus,,Tue Sep 15 11:46:27 +0000 2026,eh rangkumin kasus maudy ayunda kenapa ada apa toh,tweet,54,,0,
https://x.com/Khan87051614/status/2099827178972369194,Twitter/X,Khan87051614,,Tue Sep 15 11:46:27 +0000 2026,"sopan tapi hot ya kan 🤭📷

Menkeu di lawan 10 dan Kabupaten Probolinggo hingga Sri Mulyani sampai Maudy Ayunda selanjutnya Laut Jawa https://t.co/dbKg9S3r1b",tweet,487,,0,
https://x.com/Kaptenosas/status/2099826949745238080,Twitter/X,Kaptenosas,,Tue Sep 15 11:45:32 +0000 2026,Maudy ayunda cuma bikin konten gitu aja sampe di hate segitunya. Dah gila lu pada,tweet,36,,0,
https://x.com/Mellan531910/status/2099826717305217254,Twitter/X,Mellan531910,,Tue Sep 15 11:44:36 +0000 2026,"Okay,aku ngerti maksudnya Maudy Ayunda,tapi dia cuma salah di timingnya saja sih, karena kondisi Indonesia saat ini memang lagi darurat bencana alam dan juga bencana yang di timbulkan oleh perbuatan manusia,aku ngerti banget maksud baik edukasi nya dia ~~tapi untuk saat ini....",tweet,90,,1,
https://x.com/buirule/status/2099826529689862569,Twitter/X,buirule,,Tue Sep 15 11:43:52 +0000 2026,"Enak bgt bisa ajak pcr hh

https://t.co/yikM2BenUm

https://t.co/n4lvIQgLZ8

https://t.co/1LfqTL20WT

Senin LPDP maudy ayunda pemulihan kondisi indonesia sri mulyani menteri keuangan menkeu purbaya venus komitmen hasil nyata suahasil nazara strategi atas kemiskinan https://t.co/c6aTWMWHrC",tweet,3939,,0,
https://x.com/tertamvan_/status/2099825505692442848,Twitter/X,tertamvan_,,Tue Sep 15 11:39:48 +0000 2026,@kehidupangs Prabowo sama org yg belain Maudy Ayunda,tweet,44,,0,
https://x.com/ompimpah13/status/2099825221520023976,Twitter/X,ompimpah13,,Tue Sep 15 11:38:40 +0000 2026,"Sosok Maudy Ayunda dikritik karena membahas mindfulness saatbanyak orang sedang menghadapi situasi sosial yang penuh kabar buruk.

Kritiknya layak dibawa lebih jauh dari sekadar tuduhan tidak peka. Pertanyaannya: siapa yang punya ruang untuk mengambil jarak? https://t.co/sMrINEzjni",tweet,495,,1,
https://x.com/sternctuary/status/2099824990531285119,Twitter/X,sternctuary,,Tue Sep 15 11:37:45 +0000 2026,"Maudy ayunda itu bukan stoic dan mindful. Emang pure apatis dan tone deaf aja. Bagi dia semua hal yang sedang terjadi sekarang itu bad news, tapi buat orang biasa kayak kami ini ya reality. Emang gak napak tanah aja, wkwkwk toxic positivity.",tweet,94,,0,
https://x.com/kingyawnzzn/status/2099823939447038104,Twitter/X,kingyawnzzn,,Tue Sep 15 11:33:34 +0000 2026,"ada yang ngambil sisi positive dari vlog maudy ayunda itu yang katanya biar tetep sane
enggaaaaa, jujur gabisa. tempatin diri lo as a orang yg jadi korban aja deh, bisa dengan mindful kita bisa tetep waras?
menurutku itu toxic positivity ya",tweet,64,,0,
https://x.com/kittygwn/status/2099823315158536291,Twitter/X,kittygwn,,Tue Sep 15 11:31:05 +0000 2026,"list artis tone deaf:
1. maudy ayunda
2. dian sastro
3. beby tsabina
4. kiky saputri
5. raffi ahmad

tambahin lagi guys!!",tweet,6433,,5,
https://x.com/cowarubunga/status/2099822811879752140,Twitter/X,cowarubunga,,Tue Sep 15 11:29:05 +0000 2026,"lu kalo gamau stress noh ikutin maudy ayunda mindfull stoik bullshit lah, udh stress gw surviving as wni cok",tweet,111,,0,
https://x.com/dariguruhonorer/status/2099822730694795266,Twitter/X,dariguruhonorer,,Tue Sep 15 11:28:46 +0000 2026,@WhiteEdelweiss9 ditunggu mbak maudy ayunda ngajar di sekolahku,tweet,36,,0,
https://x.com/liebaime/status/2099822409817981320,Twitter/X,liebaime,,Tue Sep 15 11:27:29 +0000 2026,"wessss ga urus maudy ayunda ga urus pak purbaya

all eyes on korban bencana, korban mbg, pembabatan hutan, masyarakat adat, etc issue yang lebih merugikan banyak pihak yang ga punya power; bahkan atas dirinya sendiri 😢",tweet,53,,0,
https://x.com/RCTIPlus/status/2099821412751958171,Twitter/X,RCTIPlus,,Tue Sep 15 11:23:32 +0000 2026,"Maudy Ayunda ramai menuai kritik netizen setelah mengunggah sebuah video berjudul Mindfulness in the Age of Bad News di YouTube, pada 21 Agustus 2026. Video itu dikritik karena sang aktris dianggap tone deaf.

Selengkapnya: https://t.co/G189FMMVMb https://t.co/lo9fwXaZBP",tweet,462,,0,
https://x.com/arf_gun20/status/2099818883595346137,Twitter/X,arf_gun20,,Tue Sep 15 11:13:29 +0000 2026,Lebih ke nunggu podcast OKOC bahas Maudy Ayunda sih,tweet,53,,1,
https://x.com/squashdel/status/2099818832512929932,Twitter/X,squashdel,,Tue Sep 15 11:13:17 +0000 2026,"Ada apa dengan Maudy Ayunda?
Sedikit kecewa...",tweet,60,,0,
https://x.com/RichHealthyFun/status/2099815938929598974,Twitter/X,RichHealthyFun,,Tue Sep 15 11:01:47 +0000 2026,"Sherina lulusan British School Jakarta, Maudy Ayunda juga.

Sama-sama artis, sama-sama dari keluarga have, tapi ya emang sih Sherina di berbagai isu meski nggak yang frontal, lebih keliatan aksi nyatanya meski kayak nyelametin kucingnya Uya Kuya.",tweet,771,,0,
https://x.com/justjall/status/2099815652802568581,Twitter/X,justjall,,Tue Sep 15 11:00:38 +0000 2026,"Everyone who hates Disas, maudy ayunda, Ed Sheeran, and Radiohead is my friend without introduction.",tweet,103,,0,
https://x.com/Marijoana_69/status/2099815350133277177,Twitter/X,Marijoana_69,,Tue Sep 15 10:59:26 +0000 2026,Maudy Ayunda itu benar kok. Kenapa dirujak? Emang msayarakat kita ini terlalu dongok. Cuman bisa ngeritik tanpa memahami dengan jelas. Pantas aja dapet pemimpin yg kek gitu. Pejabatnya pada korup semua. Masyarakatnya aja goblok gitu kok.,tweet,73,,0,
https://x.com/eratWYH1203/status/2099815177889919234,Twitter/X,eratWYH1203,,Tue Sep 15 10:58:45 +0000 2026,"Maudy ayunda lagi dirujak dimana-mana,di tiktok rame bahas bea siswa yang dia ambil.Padahal katanya dia ini dari kalangan orang berada terus kenapa bea siswa itu diambil juga.Kan masih ada yg keadaan ekonominya kurang dari dia, harusnya sih beasiswa itu bisa dikasihkan ke yg lain",tweet,85,,0,
https://x.com/RALeather/status/2099814624678023597,Twitter/X,RALeather,,Tue Sep 15 10:56:33 +0000 2026,"Maudy Ayunda sudah kasih klarifikasi soal kontroversi yang ramai, tapi bukannya reda, kritik malah makin panas. 👀 

Netizen menilai responsnya masih tone deaf dan belum menyentuh keresahan. https://t.co/F8MRUsaPuB",tweet,3891,,0,
https://x.com/sainzpod/status/2099814409933906219,Twitter/X,sainzpod,,Tue Sep 15 10:55:42 +0000 2026,menurut gw maudy ayunda cantik. yg bilang jelek tuh pasti ada yg salah sama matanya. tapi emg kelakuan tone deaf nya bikin naik darah 🙂,tweet,1250,,0,
https://x.com/OnosOdomero/status/2099813569814737107,Twitter/X,OnosOdomero,,Tue Sep 15 10:52:22 +0000 2026,@biduanssa Siapakah dia? maudy ayunda?,tweet,467,,0,
https://x.com/shinrienyoku/status/2099811937345528192,Twitter/X,shinrienyoku,,Tue Sep 15 10:45:53 +0000 2026,"suka kebaya

https://t.co/HRNhjJGAEI https://t.co/0FtzPajuR4",tweet,2458,,0,
https://x.com/drittername/status/2099811479251820984,Twitter/X,drittername,,Tue Sep 15 10:44:03 +0000 2026,Bisa dilihat pas maudy ayunda viral belakangan ini 🤭,tweet,201,,1,
https://x.com/masmadsun63908/status/2099811339061575766,Twitter/X,masmadsun63908,,Tue Sep 15 10:43:30 +0000 2026,"Terimakasih doanya teman-teman. Pontianak hari ini hujan.

Maudy Ayunda https://t.co/c0HR4dSBrm",tweet,77,,0,
https://x.com/ris1na/status/2099810906809229628,Twitter/X,ris1na,,Tue Sep 15 10:41:47 +0000 2026,"@yifanipb Menurutku ada bagusnya jga si, itu membuktikan netizen gak pandang bulu buat ngehujat mau lu seorang Maudy Ayunda yg sebelumnya dipujapuji. Jdi pembelajaran jga buat public figure yg lain supaya kalau buat konten atau ngeluarin statement harus hati2, liat situasi dulu",tweet,1571,,0,
https://x.com/Anna9531809188/status/2099810610582299120,Twitter/X,Anna9531809188,,Tue Sep 15 10:40:36 +0000 2026,"1.Main Sm Ayam Kampus 
https://t.co/AZjP13dCeZ

2.Pegawai BUMN 
https://t.co/2OxA8K2Ea9

3.Safira Kaunang viral
https://t.co/SDZ1RSyP4T
Menkeu Sri Mulyani Senin Lawan 10 maudy Ayunda Purbaya Vcs https://t.co/lmB5N9ahdm",tweet,329,,0,
https://x.com/0KTAV1ANUSK0K0H/status/2099810346177605662,Twitter/X,0KTAV1ANUSK0K0H,,Tue Sep 15 10:39:33 +0000 2026,"Persamaannya tipis: perempuan Indonesia, sekolah tinggi, nama di timeline. Selebihnya beda jurusan.

Veronica Koman itu pengacara HAM, urusannya Papua, laporan, ancaman pidana, hidup di luar. Maudy Ayunda itu musisi-influencer, urusannya podcast, brand, dan omongan yang sedang dianggap tone-deaf. Satu main di risiko hukum. Satu main di risiko reputasi.

Menyandingkan keduanya seolah ujian moral “siapa lebih membumi” itu curang. Tidak semua lulusan luar negeri wajib jadi Veronica. Tidak semua yang tidak jadi Veronica otomatis pengkhianat pembayar pajak.

Kalau Maudy salah bicara, bedah bicaranya. Kalau Veronica dikritik, bedah hukum dan datanya. Jangan adu nasib orang seolah kuis persamaan-perbedaan SMA. Itu bukan analisis. Itu jebakan biar kolom ramai.",tweet,87,,0,
https://x.com/violetarebIue/status/2099809919440679021,Twitter/X,violetarebIue,,Tue Sep 15 10:37:52 +0000 2026,@sisthaaaaa bisikin maudy ayunda kak,tweet,1435,,0,
https://x.com/reftif_/status/2099809686547747075,Twitter/X,reftif_,,Tue Sep 15 10:36:56 +0000 2026,Tentang Buku Tan Malaka yang kebetulan relate dengan Maudy Ayunda👇,tweet,17152,,0,
https://x.com/kingal_12/status/2099809108006457424,Twitter/X,kingal_12,,Tue Sep 15 10:34:38 +0000 2026,"Wajar kalau kalian gak relate dengan pemikiran Maudy Ayunda, masalah hidup dia aja perkara roti yg terlalu sehat.￼ https://t.co/8dssvEBArj",tweet,2362,,1,
https://x.com/badakmeledak_/status/2099808305199943740,Twitter/X,badakmeledak_,,Tue Sep 15 10:31:27 +0000 2026,kalo kata maudy ayunda mah solusinya mindfulness dek https://t.co/H6oqtHy8Wn,tweet,241,,0,
https://x.com/MeryDwi19/status/2099807681402048576,Twitter/X,MeryDwi19,,Tue Sep 15 10:28:58 +0000 2026,"Maudy Ayunda menurut gua gak cakep b aja sih ,banyak artis indo yang lebih cakep ,sama raisa aja masih cakepan raisa",tweet,166,,0,
https://x.com/bagus9neko/status/2099806182424916038,Twitter/X,bagus9neko,,Tue Sep 15 10:23:01 +0000 2026,"Nasehat Hidup

-Menkeu lawan 10 Sri Mulyani Maudy Ayunda Laut Jawa- https://t.co/jiqDqAhDm1",tweet,116,,0,
https://x.com/bintangpelem/status/2099805594932969747,Twitter/X,bintangpelem,,Tue Sep 15 10:20:40 +0000 2026,maudy ayunda bacot banget,tweet,33,,0,
https://x.com/brwniech/status/2099805480285847811,Twitter/X,brwniech,,Tue Sep 15 10:20:13 +0000 2026,"Nggak tau kenapa dari dulu emang gak sreg sama Maudy Ayunda 😂 entah dia nyanyi, akting atau dia pinter sekalipun 😂🙏 ya emang gak pernah napak tanah sih jd yg penting dia aman, kenyang. Klo negara ancur, dia bisa kabur sm suaminya 🤣",tweet,55,,0,
https://x.com/elixala/status/2099805431543795891,Twitter/X,elixala,,Tue Sep 15 10:20:02 +0000 2026,"buwlhet

https://t.co/Zq8pu3tT9Q https://t.co/T79oNcw2RC",tweet,2806,,0,
https://x.com/gemistale/status/2099804738657407241,Twitter/X,gemistale,,Tue Sep 15 10:17:16 +0000 2026,@ultramenksms gak nyangka maudy ayunda pun ada buzzer nya 😅,tweet,466,,1,
https://x.com/heywannaknoww/status/2099802693300879852,Twitter/X,heywannaknoww,,Tue Sep 15 10:09:09 +0000 2026,stoik ala ferry irwandi bf vs mindfulness ala maudy ayunda gf,tweet,76248,,28,
https://x.com/c4tf155h/status/2099802333471481998,Twitter/X,c4tf155h,,Tue Sep 15 10:07:43 +0000 2026,When Maudy Ayunda said something about mindfulness in an era of bad news i want to smack her head so bad…ive been in the closest cliff of bad news for years do you think i want to keep reporting bad news????,tweet,164,,0,
https://x.com/fakhrulroziii/status/2099801722227204213,Twitter/X,fakhrulroziii,,Tue Sep 15 10:05:17 +0000 2026,"Nb: saya tidak membela Maudy, hanya mau meluruskan aja.
Kontribusi dia ada, tapi memang masyarakat berhak menuntut kontribusi yang lebih besar lagi untuk orang sekelas Maudy Ayunda. 🙏",tweet,73,,0,
https://x.com/felixputrinoble/status/2099800616344457243,Twitter/X,felixputrinoble,,Tue Sep 15 10:00:54 +0000 2026,"Dari Maudy Ayunda kita belajar: orang yg punya duit tapi masih berhasrat dikenal orang, perlu dipertanyakan kewarasannya.",tweet,77,,0,
https://x.com/great_warrr/status/2099800254295970122,Twitter/X,great_warrr,,Tue Sep 15 09:59:27 +0000 2026,"Lulusan Oxford, otaknya kek kentut.

Maudy Ayunda.",tweet,146,,0,
https://x.com/Fadhlixyz/status/2099799705006006362,Twitter/X,Fadhlixyz,,Tue Sep 15 09:57:16 +0000 2026,Gimana kalau Maudy ayunda aja yang jadi menkeu??,tweet,54,,0,
https://x.com/Vitek666winsor/status/2099799572256293008,Twitter/X,Vitek666winsor,,Tue Sep 15 09:56:45 +0000 2026,"Maudy ayunda itu educated, philosophy, politic and economics. Ekspektasi pas ke indo dia mestinya bisa lebih bersuara tentang sistem ekonomi indo, pendidikan dsb. Tp yg dia lakukan adalah buka perusahaan skincare makeup (YANG UDH OVERSATURATED DI INDO) sm nikah sm oppa...",tweet,148,,1,
https://x.com/MisteriDiLuarNA/status/2099799103878390209,Twitter/X,MisteriDiLuarNA,,Tue Sep 15 09:54:53 +0000 2026,"🐍😱 Vasuki indicus diperkirakan merupakan salah satu ular raksasa yang pernah hidup di Bumi.

Vidio Hot Terbaru : https://t.co/IxMEgdsqrV 

#MisteriDunia #FaktaMisterius #KejadianAneh #FenomenaMisterius Maudy Ayunda Menkeu Menteri Keuangan Purbaya Suahasil Nazara Venus Senin https://t.co/ITZR0uZY8N",tweet,83,,0,
https://x.com/ferifrendi/status/2099798368881132027,Twitter/X,ferifrendi,,Tue Sep 15 09:51:58 +0000 2026,@twoyulll Lah emang Maudy Ayunda cakep?,tweet,10733,,2,
https://x.com/byeonmirae/status/2099798006740681033,Twitter/X,byeonmirae,,Tue Sep 15 09:50:31 +0000 2026,"maudy ayunda, we’re sorry if our reality is just another bad news disrupting your mindfulness. i get it you’re sick of it, we’re sick of living trought it 💔",tweet,252,,0,
https://x.com/finidebriani/status/2099797672668565909,Twitter/X,finidebriani,,Tue Sep 15 09:49:12 +0000 2026,@0KTAV1ANUSK0K0H @txtdarionlshop Nongol mulu robotnya Maudy Ayunda.,tweet,226,,1,
https://x.com/tertamvan_/status/2099797422528700682,Twitter/X,tertamvan_,,Tue Sep 15 09:48:12 +0000 2026,Jujur gue gatau pemikiran orang-orang yang masih belain Maudy Ayunda. Emang orang ga pernah napak tanah begini yg harusnya dapet karma ga sih? https://t.co/iGOlxJyVBr,tweet,9764,,5,
https://x.com/atokdalangs4/status/2099797315553051095,Twitter/X,atokdalangs4,,Tue Sep 15 09:47:47 +0000 2026,"Maudy Ayunda tau nggak ya kalau pernah ada satu malam gue sampai minum obat flu yang ada efek ngantuknya biar bisa tidur pas listrik mati? 😭

Ada titik di mana gue capek banget ngadepin drama PLN, PDAM, asap, belum lagi masalah hidup lainnya.

Sehari-dua hari masih bisa sabar. Tapi kalau udah berbulan-bulan, tolong ajarin gue cara mindfulness deh. Siapa tahu ternyata gue yang kurang bisa regulasi diri dengan baik 🥹

Dan ini bukan buat jual kesedihan atau bikin orang lain ikut overwhelmed sama apa yang gue alami. Gue juga nggak bermaksud buat pojokin Maudy.

Sebelum Maudy ngomong soal mindfulness, gue udah coba praktikkin itu. Bahkan gue sengaja menjauh dulu dari teman-teman karena takut energi negatif gue ikut keserap ke mereka pas gue lagi marah-marahnya sama pemerintah.

Jadi, jadi orang yang cuma lihat berita di sosmed aja nggak gampang. Tapi jadi korban yang terdampak langsung juga jauh lebih nggak gampang.

So, let’s be kind and support each other. 🥹",tweet,721,,0,
https://x.com/maliiih28/status/2099796830628540508,Twitter/X,maliiih28,,Tue Sep 15 09:45:51 +0000 2026,"Ini bukan ""bad news"" seperti kak Maudy Ayunda bilang ya Ini juga BUKAN game survival, ini kondisi nyata kualitas udara di Kalimantan hari ini. 😷

Pontianak: 1089 AQI

Palangka Raya: 792 AQI

Sampit: 641 AQI

Banjarmasin: 330 AQI

Semuanya masuk kategori ""Hazardous"" (Berbahaya). Kadar PM2.5 sudah sangat melebihi batas aman. Buat warga Kalimantan, kurangi aktivitas luar ruangan dan wajib pakai masker rapat. Cepat pulih Kalimantan sang paru-paru dunia 🥹

Sumber data : IQAir",tweet,366,,0,
https://x.com/whiterosestea/status/2099795834166763780,Twitter/X,whiterosestea,,Tue Sep 15 09:41:53 +0000 2026,"I don’t get why some people are defending Maudy when what she said doesn’t align with the reality we’re facing

Sebenarnya, membicarakan soal mindfulness itu ga salah. Masalahnya ada pada konteks, timing dan cara penyampaiannya. We can agree to disagree, but we can’t ignore the privilege that allows her to talk about “bad news” from a place of comfort while so many of us are struggling just to survive

Saran-saran yg dia berikan sangat jauh dari realitas kehidupan masyarakat Indonesia. Dia bisa melakukan semua protection kpd dirinya krna punya sumber yg memadai dan masih bisa scroll away, tapi utk mereka yg terkena dampak tidak punya pilihan selain menjalani & menghadapinya

Imagine seeing other people’s struggles as “negativity” you’ve chosen to avoid in your life. Maudy Ayunda is forcing a sunshine and rainbows narrative while Indonesia is struggling with so many problems",tweet,3400,,2,
https://x.com/djoetj/status/2099795810330558890,Twitter/X,djoetj,,Tue Sep 15 09:41:48 +0000 2026,Maudy Ayunda siapa sih? Kok seolah-olah netizen pengen nyemplungin dia ke laut jawa,tweet,91,,0,
https://x.com/nocturnmoonlit/status/2099795719943331844,Twitter/X,nocturnmoonlit,,Tue Sep 15 09:41:26 +0000 2026,"Akhirnya tiba di tahap unfoll Maudy Ayunda ahahaa 😭 Abis udah intolerable sih kata-katanya, jujur aja.",tweet,116,,0,
https://x.com/ceixro/status/2099795566029095149,Twitter/X,ceixro,,Tue Sep 15 09:40:49 +0000 2026,"yessa cantika maudy ayunda 
https://t.co/7flGHH4ENP https://t.co/G7IgLCFj8F",tweet,448,,0,
https://x.com/0KTAV1ANUSK0K0H/status/2099795491777401024,Twitter/X,0KTAV1ANUSK0K0H,,Tue Sep 15 09:40:32 +0000 2026,"Boikot Le Minerale dan Pantene karena endorser-nya Maudy Ayunda. Skalanya sudah naik dari “tone-deaf” ke “rakyat mogok keramas”.

Kalau keberatan dengan ucapan Maudy, potong ucapannya. Kalau keberatan dengan citra elit, jangan beli konsernya. Brand shampoo tidak otomatis jadi tersangka politik.

List boikot yang minta ditambahin itu bukan gerakan. Itu keranjang belanja yang disulap jadi moral. Besok haus, air mineral yang sama yang dibeli. Loreal juga tidak akan runtuh karena thread.

Kritik seleb boleh. Jangan sampai dapur orang dan toko kelontong kena imbas karena satu podcast. Itu bukan tekanan publik. Itu iseng massal.",tweet,2917,,5,
https://x.com/its_me_erikaaa/status/2099795139099324789,Twitter/X,its_me_erikaaa,,Tue Sep 15 09:39:08 +0000 2026,"JUJURLYY, aku rada kek Maudy Ayunda, agak kurang memperhatikan berita2 buruk. 

Bukan karena gamau. Tapi aku lg kerja mati2an dengan bos sekejam itu. Jd aku bener2 pulang2 dalam keadaan yang gak sanggup buka tiktok. Aku lebih milih liat hiburan 😭😭 apakah gw jahat?",tweet,55,,0,
https://x.com/BanyuSadewa/status/2099794900716028215,Twitter/X,BanyuSadewa,,Tue Sep 15 09:38:11 +0000 2026,"Maudy Ayunda ngeluarin statement di salah tanggal sih kalo kata gw, makanya cek kalender Sinar Mas dulu https://t.co/5boaQgZFOO",tweet,136142,,67,
https://x.com/cginderz/status/2099794844839530968,Twitter/X,cginderz,,Tue Sep 15 09:37:57 +0000 2026,"selasa malam maudy ayunda 
https://t.co/6S1sFMgJhZ https://t.co/WBT1RmLuoV",tweet,35,,0,
https://x.com/pertiwiii27/status/2099793892191387787,Twitter/X,pertiwiii27,,Tue Sep 15 09:34:10 +0000 2026,"Maudy Ayunda
Menteri Keuangan",tweet,56,,0,
https://x.com/srufts/status/2099793549600698388,Twitter/X,srufts,,Tue Sep 15 09:32:49 +0000 2026,"masa iya gak pernah kan 
https://t.co/6scbsYO2CD
maudy ayunda selasa malam https://t.co/HOHTG4UmKN",tweet,172,,0,
https://x.com/kimpul_kebo/status/2099791680585236966,Twitter/X,kimpul_kebo,,Tue Sep 15 09:25:23 +0000 2026,But I agree people have been focusing on Maudy Ayunda too much... let's redirect our anger to the right ones (the government) shall we?,tweet,80,,0,
https://x.com/hasslingjoe125/status/2099791480433090860,Twitter/X,hasslingjoe125,,Tue Sep 15 09:24:35 +0000 2026,@sisthaaaaa Kasih tau ini ke Maudy Ayunda kak. Pikiran dia pas lagi doomscrolling Dijadiin konten,tweet,2562,,0,
https://x.com/Misteri_Horor0/status/2099791017927135705,Twitter/X,Misteri_Horor0,,Tue Sep 15 09:22:45 +0000 2026,"Penampakan sosok pocong peliharaan 😱😱

Full Video: https://t.co/AKnGozn2Sd 

#misteri #hantu #penampakan #sosok #gaib #pocong #demo Maudy Ayunda Menkeu bekerja tanpa lelah Menteri Keuangan Laut Jawa Purbaya Menkeu Venus Ed Sheeran Senin Sri Mulyani APBN Aeon FITNESS INDEX LPDP https://t.co/oyup9x33vz",tweet,523,,0,
https://x.com/xyzxyz987654321/status/2099790515244093624,Twitter/X,xyzxyz987654321,,Tue Sep 15 09:20:45 +0000 2026,Maudy ayunda vibes ?? https://t.co/JDqXqu6jW0,tweet,604,,3,
https://x.com/maliiih28/status/2099790449531875444,Twitter/X,maliiih28,,Tue Sep 15 09:20:30 +0000 2026,"Maudy Ayunda sudah klarifikasi, namun yang disesalkan itu sebenarnya... Rasa empati terhadap ""mindfullnes"" kondisi saudara-saudara kita di Kalimantan. Seandainya kak Maudy Ayunda mengalami hal yang terjadi disana, gak akan kepikiran membuat video ""mindfullness"". Ini bukan berita buruk inii nyata 😭",tweet,167,,0,
https://x.com/noellefm/status/2099790305251979404,Twitter/X,noellefm,,Tue Sep 15 09:19:55 +0000 2026,"rangkuman diskursus yg lewat tl ku belakangan ini:
1. maganghub
2. maudy ayunda
3. seblak
4. org yg gasuka anak anak
5. tren oldest daughter",tweet,374,,0,
https://x.com/winzyminzy/status/2099790002976952749,Twitter/X,winzyminzy,,Tue Sep 15 09:18:43 +0000 2026,maudy ayunda kata gue 11 12 sandra dewi,tweet,46,,0,
https://x.com/CaringHenwe/status/2099789738156913041,Twitter/X,CaringHenwe,,Tue Sep 15 09:17:40 +0000 2026,"ditangga gas terus

https://t.co/8MEQsvOWtK

https://t.co/8MEQsvOWtK

https://t.co/8MEQsvOWtK

https://t.co/8MEQsvOWtK

Maudy Ayunda Sri Mulyani Monday Morning LPDP Purbaya Rangga works tirelessly #vira https://t.co/psx4UHqdGw",tweet,200,,0,
https://x.com/ogi_pandy/status/2099789202737049811,Twitter/X,ogi_pandy,,Tue Sep 15 09:15:32 +0000 2026,"Maudy Ayunda venus
https://t.co/7W6Wacx3rm https://t.co/EohqLguRkR",tweet,82,,0,
https://x.com/razantataa/status/2099788450316902602,Twitter/X,razantataa,,Tue Sep 15 09:12:33 +0000 2026,"Emang nasibnya Maudy Ayunda dah.

Kontennya ini udah 3 minggu yang lalu.

Tapi, baru dirujak sekarang.

Yah, mau gimana lagi. Warga lagi butuh samsak. Kekesalan udah memuncak, tapi gak tahu harus ke siapa lagi harus mencak-mencak.

Ke pemerintah?

Sampai berbuih pun gak didengar.

Eh, kontennya Maudy Ayunda lewat.

Amarah warga yang sudah berlumur minyak pun tersulut dan berkobar.",tweet,324,,0,
https://x.com/WkwkwTimes/status/2099787823377457311,Twitter/X,WkwkwTimes,,Tue Sep 15 09:10:03 +0000 2026,"Mau jalan-jalan tuh makanya seneng banget 🤣

#ngakak #lucu #kocak #humor #meme #memes #fyp #viral #trending #keren #kaget #hiburan #view #funny #gagal #fail #ketawa Maudy Ayunda Venus #aadcshortfilm LPDP https://t.co/ucFvoEfabC",tweet,154,,0,
https://x.com/anonimman137997/status/2099787543717777632,Twitter/X,anonimman137997,,Tue Sep 15 09:08:57 +0000 2026,"Hanya kelirunya maudy ayunda dia pakai bkn konten,ngapain!kalau ngeluh di belakang layar,tak usah diomongin.Jujurly semua masyarakat termasuk""lelah""segregasi horisontal ipoleksosbudhankam,plus bencana alam,aparat lambat urus karhutla sumatera kalimantan.Mmg,otak kt overload🤣😁😂 https://t.co/4fu21005XZ",tweet,242,,0,
https://x.com/Samsulhadi_as/status/2099787425602326829,Twitter/X,Samsulhadi_as,,Tue Sep 15 09:08:29 +0000 2026,Harus nonton sampe selesai...  Ini yang di bilang sama Maudy ayunda kali ya https://t.co/GqnjvAfvKO,tweet,1940,,0,
https://x.com/shandra2016/status/2099787053793972667,Twitter/X,shandra2016,,Tue Sep 15 09:07:00 +0000 2026,"1.Bule Bali Viral
https://t.co/63rY8wytF9

2.main Dikebon Enak
https://t.co/KeiO6D2oIs

3.Kinora TikTok trending
https://t.co/8shV1XAru1
Maudy Ayunda Banyak vcs Senin Mekeu venus Purbaya KM Virgo Transport 8 #SiagaHadapiBencana https://t.co/7tmQyTAUPV",tweet,747,,0,
https://x.com/anonimman137997/status/2099786473666953287,Twitter/X,anonimman137997,,Tue Sep 15 09:04:42 +0000 2026,"Si Maudy hanya ungkapin opini tentang situasi buruk ipoleksosbudhankam,bukan hanya""bencana alam,karhutla,kapal lost contact,demo mbg berjulid jilid,termul negative berjilid2""jg😁😂Jgn sensi
Kronologi Kontroversi Mindfulness Maudy Ayunda Berujung Minta Maaf https://t.co/rd7bKom9mR https://t.co/LkaTXdp4jd",tweet,771,,2,
https://x.com/itslikeamatcha/status/2099786321158148281,Twitter/X,itslikeamatcha,,Tue Sep 15 09:04:05 +0000 2026,"menurut gw bahas maudy ayunda cukup ke pendapatnya aja yg perlu dikomen, ga usah sampe masak telor 3 biji dikomen juga woy lah 😭 influencer gym apa kabar 😭",tweet,300,,2,
https://x.com/frailbimbo/status/2099786009705943134,Twitter/X,frailbimbo,,Tue Sep 15 09:02:51 +0000 2026,"oomf retweet tweet an belain maudy ayunda, time to unfollow",tweet,368,,2,
https://x.com/rosettamour/status/2099785638547751021,Twitter/X,rosettamour,,Tue Sep 15 09:01:23 +0000 2026,"kaget ga kaget maudy ayunda tone deaf, usually orang yg terlalu pinter atau punya personal branding sejenis tuh minus di skill societynya wkwk ga napak tanah

last time si prilly jg gitu wkwkwk",tweet,1759,,1,
https://x.com/bairuindra/status/2099785527801291176,Twitter/X,bairuindra,,Tue Sep 15 09:00:56 +0000 2026,"Jadi, orang-orang yg hujat Maudy Ayunda itu hanya 1 alasan penting: 
1. Bodoh
2. Bodoh
3. Bodoh
4....
Dan seterusnya dengan kata yang sama. Kau sudah bodoh tapi malas belajar cuma main HP sementara cucu Samsung 3 tahun nggak pakai HP.Kau hujat Maudy, kerjaan kau cuma main medsos! https://t.co/VGqEtM4Lhx",tweet,103,,0,
https://x.com/_ayuuka/status/2099785476643459454,Twitter/X,_ayuuka,,Tue Sep 15 09:00:44 +0000 2026,"Apakah hatred yg didapatkan Maudy Ayunda berlebihan? Iya

Apakah dia deserves it? Iya juga 😊",tweet,141,,0,
https://x.com/FiQyutee/status/2099785312255770931,Twitter/X,FiQyutee,,Tue Sep 15 09:00:05 +0000 2026,"Desil rendah bukan tiket otomatis bansos! #MengenalDesilDTSEN DTSEN cuma peta data dasar, penerima tetap dipilih lewat aturan, kuota, dan verifikasi tambahan tiap program. Jgn langsung simpulkan sendiri ya
 @bps_statistics

Chenle Purbaya Menkeu 
Venus #AADCShortFilm Maudy Ayunda https://t.co/Un5A0vGxfy",tweet,224,,0,
https://x.com/whiterosestea/status/2099785222858666227,Twitter/X,whiterosestea,,Tue Sep 15 08:59:43 +0000 2026,Harusnya Prabowo sama Maudy Ayunda jadi teman sih. Soalnya mereka sama-sama mempraktikkan mindfulness di era bad news dan tinggal scroll away,tweet,2231,,0,
https://x.com/atagledek060/status/2099785039420805555,Twitter/X,atagledek060,,Tue Sep 15 08:59:00 +0000 2026,@FansBolaja baru baru ini lihat aja search maudy ayunda,tweet,44,,0,
https://x.com/FiQyutee/status/2099784618786599254,Twitter/X,FiQyutee,,Tue Sep 15 08:57:19 +0000 2026,"Desil bukan satu-satunya kunci! #MengenalDesilDTSEN Tak masuk desil 1–4 atau belum terdaftar pun tetap boleh daftar KIP‑Kuliah asal penghasilan di bawah UMP / punya SKTM sah. Jgn biarkan sistem lama menutup hakmu.
 @bps_statistics

Chenle Purbaya
Venus #AADCShortFilm Maudy Ayunda https://t.co/9kOAkzoN5T",tweet,467,,0,
https://x.com/korachibo/status/2099783655359181252,Twitter/X,korachibo,,Tue Sep 15 08:53:30 +0000 2026,mungkin ada benernya juga perkataan Maudy Ayunda,tweet,47,,0,
https://x.com/followaed/status/2099783203775267294,Twitter/X,followaed,,Tue Sep 15 08:51:42 +0000 2026,Maudy ayunda kenapa si?,tweet,101,,0,
https://x.com/Sipitungscbd/status/2099783037710213196,Twitter/X,Sipitungscbd,,Tue Sep 15 08:51:02 +0000 2026,"Anjir, ternyata instruksi kakak pembina nyuruh belain Maudy Ayunda 😭

Anjinglah wkwkwk. Jangan-jangan si Maudy emang pakai buzzer cok 😂🤣",tweet,1701,,0,
https://x.com/padang_rentiani/status/2099782161528443377,Twitter/X,padang_rentiani,,Tue Sep 15 08:47:34 +0000 2026,@shaarailles @Bakat_dan_minat @achechiles @fadil_pop Emang lu gak bisa bilang prilly itu yang buat pro zionis..tanpa harus Nye Nye Nye..dia mengutip isi buku nya yang sama sekali tidak ada pro zionis di buku itu.syfa hadju ke luar negeri event coach dia sebagai BA gak lu tegur kek gini juga? Maudy Ayunda BA Pantine?,tweet,113,,0,
https://x.com/FiQyutee/status/2099782140732805298,Twitter/X,FiQyutee,,Tue Sep 15 08:47:29 +0000 2026,"Desil bukan satu-satunya penentu! #MengenalDesilDTSEN Penghasilan di bawah UMP punya hak daftar KIP-Kuliah, siapapun bilang tidak bisa, cek aturan resminya dulu ya. Jangan biarkan angka menutup masa depanmu.
 @bps_statistics

Chenle Purbaya
Venus 
#AADCShortFilm Maudy Ayunda https://t.co/ieiw9HADgf",tweet,212,,0,
https://x.com/Lamort_Inconnue/status/2099781881378005449,Twitter/X,Lamort_Inconnue,,Tue Sep 15 08:46:27 +0000 2026,Maudy ayunda supporters/fans DNI,tweet,64,,0,
https://x.com/taksiapapun/status/2099781296897880074,Twitter/X,taksiapapun,,Tue Sep 15 08:44:07 +0000 2026,Avoid bad news and be mindful kalo kata maudy ayunda.,tweet,83,,0,
https://x.com/heyitsvica/status/2099780782395199596,Twitter/X,heyitsvica,,Tue Sep 15 08:42:05 +0000 2026,"Timeline X lagi panas banget ya bahas Maudy Ayunda dan konten mindfulnessnya? 

Vica jadi pengen ngasih sedikit tanggapan nih....

#MaudyAyunda #Mindfulness #KesehatanMental #Privilese #VicaTalks",tweet,166,,1,
https://x.com/jongumzi7/status/2099778806907314577,Twitter/X,jongumzi7,,Tue Sep 15 08:34:14 +0000 2026,"Cantik manis lucu2,tpi udah kendor

https://t.co/gduyvsjsmc

https://t.co/m4N5fOw3uQ

https://t.co/1k5S7mStKe

https://t.co/96y6AKhc40

Maudy Ayunda bekerja tanpa lelah Senin
Purbaya Menteri Keuangan Sri Mulyani
APBN Menkeu https://t.co/nWj2akEZUp",tweet,15783,,10,
https://x.com/megaversezz/status/2099777642904076375,Twitter/X,megaversezz,,Tue Sep 15 08:29:36 +0000 2026,"haloo kalau ada yang baru install aplikasi Shopeepay pakai kode referral ku biar dapet bonus saldo kaget 5k dari Shopee Pay

referal : FF6JWV5WP

klaim reward di halaman undang teman yaaa 🫐

job receh info freelance maudy ayunda, promo diskon bekerja tanpa lelah https://t.co/CnlXntTnCs",tweet,256,,0,
https://x.com/sooberyapper/status/2099777177424458081,Twitter/X,sooberyapper,,Tue Sep 15 08:27:45 +0000 2026,@malikiki__ yasss isinya lagi ngeboost pro kontra maudy ayunda,tweet,112,,0,
https://x.com/indotsat/status/2099776794924847389,Twitter/X,indotsat,,Tue Sep 15 08:26:14 +0000 2026,"Dulu ane pernah baca tentang topik tentang mengurangi berita negatif untuk kesehatan mental, namun Maudy Ayunda agaknya berkomentar di sikon yang salah.
Ini dia artikelnya.

https://t.co/vnHc5uCXyL",tweet,152,,0,
https://x.com/ariehutajulu/status/2099776620412481768,Twitter/X,ariehutajulu,,Tue Sep 15 08:25:32 +0000 2026,"Sydney swinni ini beneran tolol , ga jauh beda kek maudy ayunda kekwkwwk",tweet,83,,1,
https://x.com/berita_diy/status/2099776569724268863,Twitter/X,berita_diy,,Tue Sep 15 08:25:20 +0000 2026,"Apakah Maudy Ayunda Penerima LPDP Beasiswa Oxford Tahun dan PK Berapa Apa Kontribusi Maudy untuk Indonesia 

https://t.co/l54q3gT7zO",tweet,137,,0,
https://x.com/txtdarionlshop/status/2099776504037286152,Twitter/X,txtdarionlshop,,Tue Sep 15 08:25:05 +0000 2026,"Udah mulai banyak boikot brand2 yang kerjasama sama maudy ayunda wakkk

Ini listnya :
From this island 
Oatside
Le minarale
Loreal
Pantene
 Ada yang mau nambahin?",tweet,191104,,62,
https://x.com/Jangdaraa/status/2099776057125822759,Twitter/X,Jangdaraa,,Tue Sep 15 08:23:18 +0000 2026,Cc-in ke si Maudy Ayunda biar lebih mindfulness. 🥰,tweet,140,,0,
https://x.com/naraeraa/status/2099775049301737703,Twitter/X,naraeraa,,Tue Sep 15 08:19:18 +0000 2026,Yaampun kemana aja aku?? Maudy Ayunda lagi di rujak beberapa hari ini dan aku baru tau 😭😭,tweet,298,,6,
https://x.com/dollestk/status/2099774754089836630,Twitter/X,dollestk,,Tue Sep 15 08:18:07 +0000 2026,jangan sksd sama gue disaat lo fans maudy ayunda,tweet,346,,0,
https://x.com/khvichakvara_/status/2099773523158020318,Twitter/X,khvichakvara_,,Tue Sep 15 08:13:14 +0000 2026,Kata gw lo yg masih ngefans maudy ayunda kek ga ada lagi yg bisa lo idolain... Ga ada untungnya ngefans orang kaya yg ga pernah napak tanah 😂,tweet,87,,0,
https://x.com/r3punzlee/status/2099772799988711840,Twitter/X,r3punzlee,,Tue Sep 15 08:10:22 +0000 2026,katanya maudy ayunda ini “bad news”,tweet,100,,0,
https://x.com/kallculiptus/status/2099770811058209265,Twitter/X,kallculiptus,,Tue Sep 15 08:02:27 +0000 2026,how to still mindful di tengah tengah carut marut beginian ya? harus tanya maudy ayunda ini keanya. ampe toxic manipulasi pikiran gue jabanin deh.,tweet,224,,1,
https://x.com/fallin_autum/status/2099770604765487532,Twitter/X,fallin_autum,,Tue Sep 15 08:01:38 +0000 2026,jakartarians like their buddy maudy ayunda 🤗😍,tweet,113,,0,
https://x.com/kopiLIMMIT/status/2099770527502217496,Twitter/X,kopiLIMMIT,,Tue Sep 15 08:01:20 +0000 2026,"Sewa Speaker Portable Pekanbaru untuk Acara Simposium  Acara Simposium Butuh Suara yang Jelas?🎤   Selasa Pagii Maudy Ayunda

https://t.co/6DElHt4ozA",tweet,72,,0,
https://x.com/atagledek060/status/2099770441112141933,Twitter/X,atagledek060,,Tue Sep 15 08:00:59 +0000 2026,"dari kasusnya maudy ayunda gua makin sadar kenapa indo ini susah banget buat maju, kalian tau kenapa?

yap betul,karna kebanyakan org pintar, kaya dan mungkin berpengaruh bungkam sama yang terjadi di indo. 

Asalkan kehidupan pribadi mereka aman bisa hidup tenang, makan enak mereka akan silence, sedangkan yg lain struggle buat bertahan, menghalalkan segala cara cmn buat sebutir beras.

Demi Allah buat kalian yg seperti itu akan ku seret nama kalian di persidangan karena tidak peduli melihat kedzoliman di depan mata kalian.",tweet,819,,5,
https://x.com/SINDOnews/status/2099770199079813292,Twitter/X,SINDOnews,,Tue Sep 15 08:00:01 +0000 2026,"Artis dan aktivis pendidikan Maudy Ayunda mendadak menjadi sorotan publik usai mengunggah konten yang membahas konsep mindfulness. 

Pernyataan tersebut memicu reaksi keras netizen yang menganggap topik yang diangkat dinilai kurang empati dan tone deaf terhadap kondisi ekonomi masyarakat saat ini.

#SINDONews #iNewsMediaGroup #MaudyAyunda #Mindfulness #ToneDeaf",tweet,55928,,30,
https://x.com/bersuwara_/status/2099769958091854260,Twitter/X,bersuwara_,,Tue Sep 15 07:59:04 +0000 2026,mindfulness mindfulness tai lah maudy ayunda ni gimana mau mindfulness kalau cuma mau nyetrika aja tiba tiba listrik gw ngejetrek,tweet,1252,,3,
https://x.com/ninauoc/status/2099769875250164079,Twitter/X,ninauoc,,Tue Sep 15 07:58:44 +0000 2026,@cariaeosa Ini kamu nyindir maudy ayunda yaa,tweet,64,,1,
https://x.com/ecn5n/status/2099769518084309361,Twitter/X,ecn5n,,Tue Sep 15 07:57:19 +0000 2026,"sampe nangis kejerr
https://t.co/hixLDh6J7S 

https://t.co/aqfKvpI58S 

https://t.co/9TdQzaQV91 

https://t.co/yCnwVAnw2p

Rangga bekerja tanpa lelah Laut Jawa Maudy Ayunda Purbaya Menteri Keuangan https://t.co/lk3vcT9xY7",tweet,552,,0,
https://x.com/moderasikalbar/status/2099768835922690462,Twitter/X,moderasikalbar,,Tue Sep 15 07:54:36 +0000 2026,Maudy Ayunda Senin #BPTaskinDanBMI Purbaya Menteri Keuangan #GalaxyWatchUltra2 Sri Mulyani Menkeu LPDP Strategi Atasi Kemiskinan Suahasil Nazara Polres Batu Bara https://t.co/9DM5PWCrNi,tweet,170,,0,
https://x.com/paradox1945/status/2099767535285796922,Twitter/X,paradox1945,,Tue Sep 15 07:49:26 +0000 2026,@LambeSahamjja @_bluestillness tapi Maudy Ayunda gak suka liat berita ini,tweet,146,,0,
https://x.com/0KTAV1ANUSK0K0H/status/2099767375331832026,Twitter/X,0KTAV1ANUSK0K0H,,Tue Sep 15 07:48:48 +0000 2026,"Yayasan bukan surat bebas tone-deaf. Orang bisa bantu anak Aceh pagi hari, lalu ngomong di luar rasa sore harinya. Dua-duanya bisa benar bersamaan.

Tapi nyetel Maudy Ayunda Foundation ke “Pak Harto dan Cendana juga punya yayasan” itu loncatannya jauh. Kalau semua yang dirikan yayasan disamakan dengan keluarga Cendana, habis sudah logikanya. Tinggal pilih musuh, tempel nama Orba.

Yang perlu diuji bukan logonya Save the Children. Yang perlu diuji kalimatnya yang dibilang tone-deaf itu. Kutip ucapannya, bedah isinya. Jangan debat pakai foto rompi merah versus analogi Soeharto.

Mau bela Maudy, bela dengan kerja konkretnya. Mau kritik Maudy, kritik dengan kalimatnya. Jangan adu yayasan. Itu bukan ulti. Itu ngeles.",tweet,612,,0,
https://x.com/Bacot_Intel/status/2099767128698102046,Twitter/X,Bacot_Intel,,Tue Sep 15 07:47:49 +0000 2026,"Wapres Gibran “ anak anak bawa bekal yg dimasak Ibu nya saja “

Kepala BGN Sudaryono “ ini yg rame di medsos dan soal ideologi politik “

Purbaya x Maudy Ayunda https://t.co/LsuqZaIG8a",tweet,4257,,2,
https://x.com/tepukberwudhu/status/2099766239644262488,Twitter/X,tepukberwudhu,,Tue Sep 15 07:44:17 +0000 2026,"Maudy ayunda, bapak w lagi dirawat di RS karena kanker, kerjaan gue lagi numpuk, TAPI gue masih bisa nyambi kritik ke pemrentah. Walaupun rasanya mau nangis terus, gue tetep lakuin yg terbaik. Entah kritik, donasi, zakat, apapun itu",tweet,110,,0,
https://x.com/ClintonFaiq/status/2099766105384632719,Twitter/X,ClintonFaiq,,Tue Sep 15 07:43:45 +0000 2026,kamu maudy ayunda atau maudy pecat?,tweet,73,,0,
https://x.com/kabutlusa/status/2099765378717278719,Twitter/X,kabutlusa,,Tue Sep 15 07:40:52 +0000 2026,"Apakah bakal jadi the next Marissa Anita, Maudy Ayunda? Hmm.",tweet,942,,2,
https://x.com/vlamrt/status/2099765096608350567,Twitter/X,vlamrt,,Tue Sep 15 07:39:45 +0000 2026,"Maudy Ayunda?
Nda, mau dihujat.",tweet,71,,0,
https://x.com/PakoeBoemiXIX/status/2099765090010669287,Twitter/X,PakoeBoemiXIX,,Tue Sep 15 07:39:43 +0000 2026,Jadi yang bercerai dari Anthony Xie itu Audy Marissa bukan Maudy Ayunda apalagi Nayunda Nizrina,tweet,68,,0,
https://x.com/bersuwara_/status/2099764552435126331,Twitter/X,bersuwara_,,Tue Sep 15 07:37:35 +0000 2026,"maudy ayunda pasti beli pulshie juga ngga nyari diskonan njir

karna kita bukan maudy jadi NIH GW KASIH TAU PULSHIE HIRONO LAGI DISKON UP TO 70% JADI SEGINIAN DOANG HARGANYA😭😭😭 BURUUU https://t.co/awIvUaD3LS",tweet,3745,,0,
https://x.com/keluhkesahkonoh/status/2099764020077383750,Twitter/X,keluhkesahkonoh,,Tue Sep 15 07:35:28 +0000 2026,"List artis yang menurut gue tone deaf 😭

Maudy Ayunda
Dian Sastro
Beby Tsabina

Ada tambahan lagi nggak, guys? 👀",tweet,16258,,11,
https://x.com/szarlier/status/2099763868444905566,Twitter/X,szarlier,,Tue Sep 15 07:34:52 +0000 2026,can someone explain about maudy ayunda??,tweet,183,,0,
https://x.com/nonachandesu/status/2099763620184047827,Twitter/X,nonachandesu,,Tue Sep 15 07:33:53 +0000 2026,"idk.. the hatred yg terlalu besar atau memang kamu dan maudy ayunda yg anggap musibah di Indonesia skrg ini adalah sepele 🤷‍♀️  g tau kamu ngerasain langsung atau g, tp menurutku klo ngerasain langsung kamu g akan ngetik kyk gini",tweet,111,,1,
https://x.com/sedapmalamm/status/2099762509465158065,Twitter/X,sedapmalamm,,Tue Sep 15 07:29:28 +0000 2026,Adoh Maudy Ayunda,tweet,81,,0,
https://x.com/yumisugiyamaa/status/2099762320708939818,Twitter/X,yumisugiyamaa,,Tue Sep 15 07:28:43 +0000 2026,sebenernya banyak 'maudy ayunda' di sekitar hidup kita,tweet,106,,0,
https://x.com/wheretheclouds/status/2099761504551944240,Twitter/X,wheretheclouds,,Tue Sep 15 07:25:29 +0000 2026,kita berada di masa maudy ayunda sedang dirujak netzen,tweet,100,,0,
https://x.com/mowjjie/status/2099761436876824979,Twitter/X,mowjjie,,Tue Sep 15 07:25:12 +0000 2026,"org2 baru sadar maudy ayunda kek gitu 🤡 liat cara ngomongnya deh, gw baru semenit nyoba nonton video yt nya aja gakuat 🙏🏻 dia tuh cuma satu dari sekian artis kaya raya ga napak tanah. pembahasan di videonya kek seakan dia lg ngobrol sm sirkel privileged tone deaf nya itu😅",tweet,109,,0,
https://x.com/cocotyapping/status/2099761027705631193,Twitter/X,cocotyapping,,Tue Sep 15 07:23:35 +0000 2026,what if maudy ayunda jadi jurnalis pasti  dia udah kejang2 waktu ngelist berita🗿,tweet,115,,1,
https://x.com/Bocilpegat/status/2099760456705679453,Twitter/X,Bocilpegat,,Tue Sep 15 07:21:19 +0000 2026,"Maudy Ayunda harusnya ikut jejak Kiky Saputri yang memperbaiki negara dari dalam. Biar jadi pembisik presiden. Jangan salah, Purbaya dipecat itu bisikan Kiky. Ga tau aja lu. 🙏",tweet,94,,0,
https://x.com/topbple/status/2099759845134196831,Twitter/X,topbple,,Tue Sep 15 07:18:53 +0000 2026,"@oneotterr 4 sesi aja kak
cuddle ngobrolin maudy ayunda
foreplay
eksekusi
cuddle ngobrolin menteri keuangan",tweet,312,,0,
https://x.com/greathdips/status/2099759170597876140,Twitter/X,greathdips,,Tue Sep 15 07:16:12 +0000 2026,ini....temen lo yg hypothetically orang kaya nyebut telor itu makanan orang miskin??? justru klasis itu tumbuh secara sadar dong bukan lagi tone deaf macam Maudy Ayunda,tweet,177,,1,
https://x.com/karyasuta/status/2099758820914520142,Twitter/X,karyasuta,,Tue Sep 15 07:14:49 +0000 2026,"Maudy Ayunda, maudi support, ga maudi cancel.",tweet,378,,0,
https://x.com/naizhafr/status/2099758758864056634,Twitter/X,naizhafr,,Tue Sep 15 07:14:34 +0000 2026,@insidefolkative yap kyk maudy ayunda. dia gak ikut jd jurkam 02 tapi dia berasal dari background keluarga kaya. and somehow she can't relate with ordinary people. terlalu nyaman dan tdk peduli sekitar.,tweet,25810,,3,
https://x.com/faridazad4/status/2099758541410312563,Twitter/X,faridazad4,,Tue Sep 15 07:13:42 +0000 2026,"mulus🥰

https://t.co/53Y8RClBII

https://t.co/53Y8RClBII

https://t.co/53Y8RClBII

https://t.co/53Y8RClBII

Rangga Bulan Senin Wowo Lawan 10 Maudy Ayunda Menteri Keuangan LPDP Bintang https://t.co/VDaAF861Ge",tweet,358,,0,
https://x.com/evcue/status/2099758469779972186,Twitter/X,evcue,,Tue Sep 15 07:13:25 +0000 2026,@styukyu gak mau lu suka maudy ayunda,tweet,97,,0,
https://x.com/Citraautami/status/2099757801073700911,Twitter/X,Citraautami,,Tue Sep 15 07:10:46 +0000 2026,"Aku rasa yang ngatain Maudy Ayunda dari konten youtube gapernah tau kalo Maudy pernah galang dana untuk Kalimantan dan NTT di ig brand dia wkwk 😭 Semua aja di katain tone deaf, yg ngatain pasti lebih ga berkontribusi daripada Maudy https://t.co/JmZrfdwohw",tweet,109,,0,
https://x.com/nafisagnt/status/2099757523733737929,Twitter/X,nafisagnt,,Tue Sep 15 07:09:39 +0000 2026,"So Maudy Ayunda ngasih saran, simpelnya biar at least ada ruang buat kita bahagia, “tanpa menutup mata dari apa yang terjadi” yaitu dengan mengkurasi, membaca informasi yang lebih menyeluruh dari sumber terpercaya agar kita tetap up to date, ga ada misleading, and CARE.",tweet,84,,1,
https://x.com/zupasupri/status/2099756185507561780,Twitter/X,zupasupri,,Tue Sep 15 07:04:20 +0000 2026,tadi lg mau ngepel trus dengerin radio dan muter lagu-lagunya maudy ayunda wkwkwk kampret ngerti aja,tweet,72,,0,
https://x.com/keboyoranbaru/status/2099755948013507043,Twitter/X,keboyoranbaru,,Tue Sep 15 07:03:24 +0000 2026,maudy ayunda bisa mindfulness soalnya gak main FPL https://t.co/sg7p07fRjj,tweet,357,,2,
https://x.com/cheonsyaaa/status/2099755884570415345,Twitter/X,cheonsyaaa,,Tue Sep 15 07:03:09 +0000 2026,"maudy ayunda mana pernah pas laper kepaksa makan mie instan, pdhl lg pengen ngurangin makanan ga sehat😊",tweet,124,,0,
https://x.com/bersuwara_/status/2099755642148028459,Twitter/X,bersuwara_,,Tue Sep 15 07:02:11 +0000 2026,maudy ayunda pernah ngga ya sebelum beli jajanan nyari voucher tiktok dulu biar dapet harga murah,tweet,2067,,1,
https://x.com/Bocilpegat/status/2099754928399171673,Twitter/X,Bocilpegat,,Tue Sep 15 06:59:21 +0000 2026,"Dulu di twitter era lama, ada istilah Coli Intelektual. Nah, Maudy Ayunda masuknya kayak gitu.",tweet,194,,0,
https://x.com/want2seesaw/status/2099754750095061381,Twitter/X,want2seesaw,,Tue Sep 15 06:58:38 +0000 2026,@syacha31243 kaaaa stay safe yaaa btw maudy ayunda emg dongo pokoknya stay safeee,tweet,129,,1,
https://x.com/uzitin/status/2099753927709438215,Twitter/X,uzitin,,Tue Sep 15 06:55:22 +0000 2026,"Liat trending di X , ternyata ada Maudy Ayunda. Hmm",tweet,399,,2,
https://x.com/cumilo16/status/2099753895576887402,Twitter/X,cumilo16,,Tue Sep 15 06:55:14 +0000 2026,"Selasa 

Menteri keuangan Maudy Ayunda Senin Sri mulyani LPDP Suahasil Nazara Purbaya Menkeu Laut Jawa istirahat tidur siang 

#zonauangㅤ #dood #videy",tweet,1259,,1,
https://x.com/changaaa13/status/2099752922917802091,Twitter/X,changaaa13,,Tue Sep 15 06:51:23 +0000 2026,si maudy ayunda nih beneran nyumbangin 1% dan itu pun dari selected products? kirain beneran semua produknya 1% disumbangin😇 https://t.co/UGvXsyAIez,tweet,1074,,6,
https://x.com/fairyzielle/status/2099752918819950767,Twitter/X,fairyzielle,,Tue Sep 15 06:51:22 +0000 2026,gw cuma mau hatred yg dikasih ke maudy ayunda bisa lebih lebih lagi juga hatred ke raffi ahmad dan keluarga,tweet,147,,0,
https://x.com/onetwocue/status/2099752747302339021,Twitter/X,onetwocue,,Tue Sep 15 06:50:41 +0000 2026,just saw an account yang pro data center ai dragging maudy ayunda like bruh y'all are lowkey the same no shade..... 😭😭😭,tweet,266,,0,
https://x.com/niryoyo/status/2099752253435355226,Twitter/X,niryoyo,,Tue Sep 15 06:48:43 +0000 2026,"Purbaya, Maudy Ayunda, Sri Mulyani bakalan tambah keren kalau pakai jaket lokal kebanggaan Madiun, Respiro. Apalagi netizen yang terhormat, bakalan betah kalau motoran pakai jaket ini. https://t.co/91Ipo44s5E https://t.co/32N5UyycVV",tweet,127,,0,
https://x.com/cybermoeslem/status/2099752214097220052,Twitter/X,cybermoeslem,,Tue Sep 15 06:48:34 +0000 2026,"SATU BARANG KECIL INI bikin isi ember, cuci motor, sampai siram tanaman jadi lebih praktis. Klik sekarang!
https://t.co/UTakhSfjNL
https://t.co/UTakhSfjNL

Maudy Ayunda
#SiagaHadapiBencana
Menteri Keuangan
#GalaxyWatchUltra2",tweet,434,,0,
https://x.com/farandomingg/status/2099751741051093494,Twitter/X,farandomingg,,Tue Sep 15 06:46:41 +0000 2026,"maudy ayunda will not cares about you kalo kena bencana i swear🫩
(ini bukan op doain sumpah. cuman bencana di kalimantan, sumatra, sulawesi, papua aja dia bikin konten begini. gimana kita yang kena nanti?)",tweet,94,,1,
https://x.com/vitaemin_jie/status/2099751622700388361,Twitter/X,vitaemin_jie,,Tue Sep 15 06:46:13 +0000 2026,Suami maudy ayunda punya bisnis yg terafiliasi sama rezim ga? Serius nanya 😭,tweet,263,,1,
https://x.com/trovvch/status/2099751409180881404,Twitter/X,trovvch,,Tue Sep 15 06:45:22 +0000 2026,"Duuuhh rasanya ingin bekomen juga soal Maudy Ayunda yaaa, tapi lebih baik diem or the team will sue me 🤭🤭",tweet,86,,0,
https://x.com/sndytradeict/status/2099750740973752522,Twitter/X,sndytradeict,,Tue Sep 15 06:42:42 +0000 2026,"@1993siblings @sususuzupernova gue mau tanya, selain marahin maudy ayunda kalian udah ngapain aja? udah pernah coba tekan pemerintah untuk bergerak?

its a genuine question.",tweet,113,,0,
https://x.com/pididipiw/status/2099750542839087552,Twitter/X,pididipiw,,Tue Sep 15 06:41:55 +0000 2026,"sakittt bgt kepala baca berita, tapi gaboleh tonedeaf yaallah aku bkn maudy ayunda",tweet,115,,0,
https://x.com/ayangcel/status/2099750202177724752,Twitter/X,ayangcel,,Tue Sep 15 06:40:34 +0000 2026,"kata gue sini deh maudy ayunda, makan avocado n scramble egg lu itu pake air asin + diasepin, smoky smoky deh lu https://t.co/1DQP5N5THy",tweet,1001,,3,
https://x.com/dennyfebia50888/status/2099749822538604794,Twitter/X,dennyfebia50888,,Tue Sep 15 06:39:03 +0000 2026,"Kalau makanan bermasalah, jangan ditutup-tutupi.

Suahasil Nazara / Menteri Keuangan / Aeon / Venus / Ed Sheeran / LPDP / APBN / Sri Mulyani / chenle / Macklemore / roycoxaadc / 2 UNLOCKED / Maudy Ayunda / Senin / Selasa / Carmen / Laut Jawa / Purbaya / Menkeu /",tweet,442,,0,
https://x.com/cibajuyut/status/2099749795112091922,Twitter/X,cibajuyut,,Tue Sep 15 06:38:57 +0000 2026,"maudy ayunda tuh mau diayun sm siapa sih? Aku? Aduh maaf, akumah gk mau sm org tone deaf wkwk",tweet,110,,0,
https://x.com/seduhtehnya/status/2099749550051504233,Twitter/X,seduhtehnya,,Tue Sep 15 06:37:58 +0000 2026,"Di tengah riuhnya bahasan mindfulness-nya Maudy Ayunda belakangan ini, mau share pandanganku soal kariernya aja~

Momen pertama notice dia itu pas diumumin jadi Kugy di Perahu Kertas. Sebagai pembaca novelnya, dulu gak setuju pol! Maudy jauh dari bayangan Kugy di kepalaku. Tapi pas nonton filmnya, ternyata not bad kok.

Beberapa proyek aktingnya juga kutonton. Bukan fans, bukan haters pula. Tapi persepsiku soal aktingnya berubah pas nonton film Losmen Bu Broto. Gara-gara dipasangin sama Putri Marino, aktingnya kerasa kebanting banget... sorry to say.

Tapi kalau sebagai penyanyi, jujur aku fans berat! Suaranya tipikal angelic. ""Tahu Diri"" adalah lagu favoritku. Hampir semua lagunya di album ""Panggil Aku"" (2011) sama ""Moments"" (2015) masih masuk playlist-ku sampai sekarang. Dari situ makin yakin, Maudy mending fokus nyanyi aja! Hahaha.

Terlepas dari kontroversinya belakangan ini, Maudy Ayunda sangat berbakat dan kariernya bisa jauh lebih besar dari sekarang. Namanya bicara di depan publik ya, pasti ada risiko 'kepeleset', tapi keberanian dia buat minta maaf itu udah poin plus. Semoga ke depannya bisa lebih berhati-hati ya, Mod! ✨",tweet,3538,,1,
https://x.com/cybermoeslem/status/2099749210342199300,Twitter/X,cybermoeslem,,Tue Sep 15 06:36:37 +0000 2026,"JANGAN TUNGGU SELANG RUSAK DULU baru cari solusi. Konektor ini bisa jadi penyelamat. Klik sekarang juga!
https://t.co/UTakhSfjNL
https://t.co/UTakhSfjNL

Maudy Ayunda
#SiagaHadapiBencana
Senin
Pemulihan Kondisi Indonesia",tweet,1426,,0,
https://x.com/witchmeluck/status/2099747692713013494,Twitter/X,witchmeluck,,Tue Sep 15 06:30:36 +0000 2026,Disclaimer: tweetnye muncul saat search maudy ayunda 🙏,tweet,80,,1,
https://x.com/yuliapandaa/status/2099746023203869090,Twitter/X,yuliapandaa,,Tue Sep 15 06:23:57 +0000 2026,"Kalian harus baca pendapat ibu ini terutama Maudy Ayunda, sih. 
Beuh kritik tapi daging semua.

""Mengemas bad policy menjadi bad news"" DEYM https://t.co/Qc6SqK11G8",tweet,5186,,0,
https://x.com/bersuwara_/status/2099745304937636237,Twitter/X,bersuwara_,,Tue Sep 15 06:21:06 +0000 2026,lagian si maudy ayunda ngedenger bad news juga masih sambil berendem di bath up pake air anget yang langsung mancur dari water heater njir lah kita mau mandi air anget aja kudu ngegodok dulu pake panci tai tai,tweet,58211,,44,
https://x.com/kalderanews/status/2099745299086688350,Twitter/X,kalderanews,,Tue Sep 15 06:21:05 +0000 2026,Apa Itu Mindfulness yang Dibahas Maudy Ayunda hingga Tuai Kritik? https://t.co/UsaJKIgweO,tweet,61,,0,
https://x.com/disway_update/status/2099745279620841585,Twitter/X,disway_update,,Tue Sep 15 06:21:00 +0000 2026,"Yang membuat publik penasaran bukan hanya unggahan tersebut, melainkan caption singkat yang dituliskan Purbaya.  ""Udah siap belum? ????,"" tulis Purbaya melalui akun TikTok @purbayayudhis.  

Maudy Ayunda",tweet,262,,1,
https://x.com/LoveyRynth/status/2099744675800514636,Twitter/X,LoveyRynth,,Tue Sep 15 06:18:36 +0000 2026,"sometimes i wonder why we haven't had a revolution despite the on going shit, bcs surely our pride in being indonesian and our ancestor's bravery could surpass overthrowing the government right? but then im reminded that we have people like maudy ayunda out there.",tweet,60,,1,
https://x.com/yyluzdel/status/2099744369607913867,Twitter/X,yyluzdel,,Tue Sep 15 06:17:23 +0000 2026,NGAK NYANGKA MAUDY AYUNDA DITAHAP DIGORENG JUGA 🙃,tweet,368,,0,
https://x.com/HoediesMuh2/status/2099744170542023143,Twitter/X,HoediesMuh2,,Tue Sep 15 06:16:36 +0000 2026,@LFC_Hardline maudy ayunda min,tweet,69,,0,
https://x.com/kastaindia0101/status/2099744071397032310,Twitter/X,kastaindia0101,,Tue Sep 15 06:16:12 +0000 2026,"Tonight, V stepped into the crowd, taking in live performances at Vogue World: Hollywood. Known for his own standout fashion moments, he kept it effortlessly stylish in a look worthy of the runway. #Taehyung

Menteri Keuangan Maudy Ayunda Senin #SiagaHadapiBencana https://t.co/4yrft91s2A",tweet,244,,0,
https://x.com/cimoet__/status/2099743334856302738,Twitter/X,cimoet__,,Tue Sep 15 06:13:17 +0000 2026,Maudy Ayunda | Senin | Pagii | Carmen | Venus | Purbaya | Sri Mulyani | LPDP | Menteri Keuangan | Cabang Musabaqoh | Suahasil Nazara | Aeon | Ajaib Terminal | APBN |,tweet,194,,0,
https://x.com/dewa76812781826/status/2099743163451900078,Twitter/X,dewa76812781826,,Tue Sep 15 06:12:36 +0000 2026,"Peneror yang membahayakan anak-anak harus ditangkap
'
Purbaya / Menkeu / Suahasil Nazara / Menteri Keuangan / Aeon / Venus / Ed Sheeran / LPDP / APBN / Sri Mulyani / chenle / Macklemore / roycoxaadc / 2 UNLOCKED / Maudy Ayunda / Senin / Selasa / Carmen / Laut Jawa /",tweet,433,,0,
https://x.com/gelorasenja07/status/2099742573468459428,Twitter/X,gelorasenja07,,Tue Sep 15 06:10:15 +0000 2026,"Momen penyelamatan penumpang Kapal Virgo Transport 8 yg tenggelam di Laut Jawa. 
Semoga semakin banyak yg diselamatkan 🤲

* senin maudy ayunda https://t.co/55lIXmL22s",tweet,1141,,2,
https://x.com/cybermoeslem/status/2099741933262577796,Twitter/X,cybermoeslem,,Tue Sep 15 06:07:42 +0000 2026,"AKU KIRA SEMUA KONEKTOR SAMA sampai akhirnya coba yang ini dan langsung kerasa bedanya. Klik sekarang!
https://t.co/UTakhSfjNL
https://t.co/UTakhSfjNL

Maudy Ayunda
#SiagaHadapiBencana
Senin
Pemulihan Kondisi Indonesia",tweet,226,,0,
https://x.com/annisamungilo_/status/2099740923995545669,Twitter/X,annisamungilo_,,Tue Sep 15 06:03:42 +0000 2026,Contoh buzzer maudy ayunda wk,tweet,117,,0,
https://x.com/lilaccaca131/status/2099740914310930515,Twitter/X,lilaccaca131,,Tue Sep 15 06:03:39 +0000 2026,maudy ayunda dihujat yah🙂 tapi emg udh risiko sih sebagai public figure😇 lagian bikin konten dng narasi kek gitu hmmm gimana yah😇 diajarin mindfulness and stoicism sama orang yg tidak merasakan semua bad news di indo tuh rasanya emg kurang etis aja😇🙏,tweet,635,,2,
https://x.com/ColirioTop__/status/2099740167749927103,Twitter/X,ColirioTop__,,Tue Sep 15 06:00:41 +0000 2026,"Hijab lagi nih guys bening bangett

Selasa Mentri Keuangan Maudy Ayunda https://t.co/AGNVWppmR7",tweet,1953,,1,
https://x.com/calamitysheir/status/2099739977441833323,Twitter/X,calamitysheir,,Tue Sep 15 05:59:56 +0000 2026,Somebody call damkar because Maudy Ayunda is BURNING,tweet,35,,0,
https://x.com/ilacadAIexa/status/2099739345297227891,Twitter/X,ilacadAIexa,,Tue Sep 15 05:57:25 +0000 2026,"SEWA LINK AKUN ZOOM PREMIUM PRO 

Jual murah fast proses u/ kegiatan sidang proposal skripsi seminar rapat sosialisasi kampus kuliah online daring WFH kerja sekolah PJJ pagiii pagi pagii webinar pembelajaran jarak jauh PJJ sarapan selasa maudy ayunda",tweet,50,,0,
https://x.com/heartfullyourz/status/2099739256629625150,Twitter/X,heartfullyourz,,Tue Sep 15 05:57:04 +0000 2026,"My heart shattered and I cried, but apparently I’m supposed to process a very real tragedy through stoicism and mindfulness because that’s what Maudy Ayunda told us to do.",tweet,102,,0,
https://x.com/jihan_zukhruf/status/2099739142469120488,Twitter/X,jihan_zukhruf,,Tue Sep 15 05:56:37 +0000 2026,"Bocil sok imut viral 

https://t.co/ywoMoIlprF

https://t.co/bZLuVPfDMt

https://t.co/HIhC4b1ox7

https://t.co/XpBx0XfU7p

Maudy Ayunda senin pagii purbaya sri Mulyani IHSG LPDP menkeu suahasil nazara bekerja tanpa lelah https://t.co/Es6rL12dDf",tweet,558,,1,
https://x.com/cybermoeslem/status/2099738618613129650,Twitter/X,cybermoeslem,,Tue Sep 15 05:54:32 +0000 2026,"TERNYATA BOCOR KECIL DI SAMBUNGAN sering bikin boros air tanpa sadar. Klik sekarang buat lihat solusinya!
https://t.co/UTakhSfjNL
https://t.co/UTakhSfjNL

Maudy Ayunda
#SiagaHadapiBencana
Senin
Pemulihan Kondisi Indonesia",tweet,720,,0,
https://x.com/wibowo_choir/status/2099738448739615037,Twitter/X,wibowo_choir,,Tue Sep 15 05:53:52 +0000 2026,"Gk pernah kepikiran akan ada downfall nya Maudy Ayunda.

Semua dia miliki kecuali empati.",tweet,150,,0,
https://x.com/InFebriyan128/status/2099738319911600368,Twitter/X,InFebriyan128,,Tue Sep 15 05:53:21 +0000 2026,Dear Maudy Ayunda https://t.co/HdE6YBO4dB,tweet,287,,0,
https://x.com/butuhkerjacepat/status/2099738219688714547,Twitter/X,butuhkerjacepat,,Tue Sep 15 05:52:57 +0000 2026,tl ig gua buka pertama kenapa jadi maudy ayunda mulu anjrit,tweet,61,,0,
https://x.com/jihan_zukhruf/status/2099737870936211811,Twitter/X,jihan_zukhruf,,Tue Sep 15 05:51:34 +0000 2026,"Ajarin adik sampe jago 

https://t.co/ywoMoIkRC7

https://t.co/bZLuVPf5WV

https://t.co/HIhC4b0QHz

https://t.co/XpBx0XfmhR

Maudy Ayunda senin pagii purbaya sri Mulyani IHSG LPDP menkeu suahasil nazara bekerja tanpa lelah https://t.co/iWXzwcV7rR",tweet,1118,,1,
https://x.com/EONSgreekfood/status/2099737830629282189,Twitter/X,EONSgreekfood,,Tue Sep 15 05:51:24 +0000 2026,"biksu thailand yang lagi rame

https://t.co/ASegXxVJMv

https://t.co/dF0dCA251V

https://t.co/t7KvALVsFi

https://t.co/jH6sTiE9s0

Menkeu Lifetime Terbaru Selasa Venus Viral Maudy Ayunda Sri Mulyani Purbaya Menteri Keuangan Aeon LPDP https://t.co/g5XRWZTFs0",tweet,4803,,1,
https://x.com/cybermoeslem/status/2099737401921052704,Twitter/X,cybermoeslem,,Tue Sep 15 05:49:42 +0000 2026,"CAPEK PEGANG SELANG TERUS? Konektor ini bikin pekerjaan jadi terasa lebih ringan. Klik sekarang dan lihat manfaatnya!

https://t.co/UTakhSfjNL
https://t.co/UTakhSfjNL

Maudy Ayunda
Mayoritas
Sri Mulyani
Senin
#PurbayaDiganti",tweet,90,,0,
https://x.com/eclaitnoir/status/2099737311915409794,Twitter/X,eclaitnoir,,Tue Sep 15 05:49:21 +0000 2026,Yang lebih mindful adalah tutup jendela dari semua obrolannya maudy ayunda. 🙏,tweet,38,,0,
https://x.com/rychiroo/status/2099737003705381083,Twitter/X,rychiroo,,Tue Sep 15 05:48:07 +0000 2026,"Orang yang ngetawain dan ngejokes Maudy Ayunda mungkin dia blm ketemu langsung. Sebaik dan sehumble itu dia sama orang baru, salah satunya ke gw yg awalnya gw fans sama dia malah bisa jadi temen. Semua yg udh ketemu dia pasti sependapat sama gw.",tweet,58,,0,
https://x.com/livieurliv/status/2099736596086161749,Twitter/X,livieurliv,,Tue Sep 15 05:46:30 +0000 2026,@haappysummer @ maudy ayunda,tweet,32,,0,
https://x.com/guruhororer/status/2099736507410215198,Twitter/X,guruhororer,,Tue Sep 15 05:46:09 +0000 2026,Maudy Ayunda yg asli terjebak di Perahu Kertas bersama Neptunus.,tweet,57,,0,
https://x.com/hiro1233548/status/2099736227864035740,Twitter/X,hiro1233548,,Tue Sep 15 05:45:02 +0000 2026,"sampai sekarang maudy ayunda masih tranding aja, bahkan kalender sinarmas aja gak bakalan expect maudy ayunda dirujak se Indonesia raya",tweet,149,,0,
https://x.com/beibutep/status/2099736225108365765,Twitter/X,beibutep,,Tue Sep 15 05:45:01 +0000 2026,"Ups anak smeph udah paham aja

https://t.co/GG5RG7ZYn8

https://t.co/kVJHdddl6d

https://t.co/mJfVCZ0DBx

Maudy Ayunda Senin Pemulihan Kondisi Indonesia Purbaya Sri Mulyani bekerja tanpa lelah Menkue Suahasil Nazara Menteri Keuangan Aeon Santa APBN https://t.co/HRazkxFkbd",tweet,1014,,0,
https://x.com/vollkhno/status/2099736113011372515,Twitter/X,vollkhno,,Tue Sep 15 05:44:35 +0000 2026,jujur kaget bgt sama omongan nya Maudy Ayunda,tweet,30,,0,
https://x.com/Pushpasari/status/2099736095688892445,Twitter/X,Pushpasari,,Tue Sep 15 05:44:31 +0000 2026,Purbaya Sri Mulyani Maudy Ayunda MBG,tweet,228,,0,
https://x.com/pruciaa/status/2099735717496987745,Twitter/X,pruciaa,,Tue Sep 15 05:43:00 +0000 2026,"oot sedikit, si maudy ayunda jg baca karl marx apa kaga ada yg nyantol kah itu? bertolak belakang bgt sama sikapnya 😭😭",tweet,167,,0,
https://x.com/megcen/status/2099734820150730879,Twitter/X,megcen,,Tue Sep 15 05:39:26 +0000 2026,"inikan pns yang lagi rame? 

https://t.co/VXS0rlx4hO 

https://t.co/tdDGiDjSl1 

https://t.co/3znDTbjDul 

https://t.co/V3QHMdNigr

Maudy Ayunda Senin SiagaHadapiBencana Pemulihan Kondisi Indonesia Pagii Purbaya Sri Mulyani https://t.co/WKmFrnXumb",tweet,731,,0,
https://x.com/megcen/status/2099734447180681367,Twitter/X,megcen,,Tue Sep 15 05:37:58 +0000 2026,"sama teteh di semak semak

https://t.co/VXS0rlx4hO 

https://t.co/tdDGiDjSl1 

https://t.co/3znDTbjDul 

https://t.co/V3QHMdNigr

Maudy Ayunda Senin SiagaHadapiBencana Pemulihan Kondisi Indonesia Pagii Purbaya Sri Mulyani https://t.co/CJUaIgNcDq",tweet,753,,0,
https://x.com/the_rodeoclown_/status/2099734353312194669,Twitter/X,the_rodeoclown_,,Tue Sep 15 05:37:35 +0000 2026,I'm not new to this Maudy Ayunda situation https://t.co/jVLWs1WckH,tweet,1695,,0,
https://x.com/celiephila/status/2099734269652602941,Twitter/X,celiephila,,Tue Sep 15 05:37:15 +0000 2026,"That setting-an AC is real 😭
Dari 8 telur sehari menjadi 6 (I breastfeed, needing proteins, not Maudy Ayunda)
Membatasi beli KSK tiap hari jadi tiap minggu
etc....

Semoga kita semua dapat tiket VIP surga jalur WNI.",tweet,512,,0,
https://x.com/buirule/status/2099734247850549406,Twitter/X,buirule,,Tue Sep 15 05:37:10 +0000 2026,"Nnir 3s kelas dongg hm

https://t.co/8cW7P2szbb

https://t.co/0n302JD68R

https://t.co/bhhuaegYSj

Maudy Ayunda Senin Pemulihan Kondisi Indonesia Purbaya Sri Mulyani bekerja tanpa lelah Menkue Suahasil Nazara Menteri Keuangan Aeon Santa APBN https://t.co/FH37JyJFJA",tweet,879,,0,
https://x.com/SteadyEdy3/status/2099733984540508523,Twitter/X,SteadyEdy3,,Tue Sep 15 05:36:07 +0000 2026,@Pawangmagang Biar Karma bekerja utk apa yg kau ucapkan dear Maudy Ayunda..,tweet,106,,0,
https://x.com/ArgentianaA/status/2099733772153536891,Twitter/X,ArgentianaA,,Tue Sep 15 05:35:17 +0000 2026,"Rame para Jurnalist pada ""minta maaf"" ke Maudy Ayunda kalau ada ttg ada berita yg di anggap buruk https://t.co/XSwwomdNs3",tweet,2237,,2,
https://x.com/dearakhirat/status/2099733488391876687,Twitter/X,dearakhirat,,Tue Sep 15 05:34:09 +0000 2026,"Semoga, cita-citamu terwujud! 🍉❤️‍🩹

#FreePalestine | Maudy Ayunda | Purbaya",tweet,122,,0,
https://x.com/ranizye/status/2099733461351440576,Twitter/X,ranizye,,Tue Sep 15 05:34:03 +0000 2026,"the whole maudy ayunda thing. like everybody else, yes it came from privilege lives and mind. i think her thought process, recording, editing, then uploading while seeing no irony at all in it, showed how much she cared more about her sanity. which again, came from privilege.",tweet,36,,1,
https://x.com/Sors148007/status/2099733279310299647,Twitter/X,Sors148007,,Tue Sep 15 05:33:19 +0000 2026,"Sudah di Maudy Ayunda sekarang ke Raffi Ahmad dan keluarganya Ahmad Dhani please🙂 muak bgt si El dan Al sama bini2nya masih dipuji padahal mereka yg paling jelas pro rezim. Kiki Saputri andre, Taulany dan artis 02 masih ada di tv, masih enak hidupnya. Kulitin jg sampe anxiety.",tweet,273,,0,
https://x.com/dearakhirat/status/2099733224670777731,Twitter/X,dearakhirat,,Tue Sep 15 05:33:06 +0000 2026,"Atas dasar apa . . . Anak-anak ini menjadi korban kejahatan . . . Atas dasar apa . . . 💔🍉

#FreePalestine | Maudy Ayunda | Purbaya",tweet,142,,0,
https://x.com/HayateTamashi/status/2099733118400041360,Twitter/X,HayateTamashi,,Tue Sep 15 05:32:41 +0000 2026,"biksu yang lagi viral

https://t.co/elnIA5JHFx

https://t.co/j8Ngfn5lqx

https://t.co/hJeiG2iOAh

https://t.co/wewWDuJ201

Menteri Keuangan Aeon LPDP Menkeu Lifetime Terbaru Selasa Venus Viral Maudy Ayunda Sri Mulyani Purbaya https://t.co/z29pPtQhdo",tweet,2900,,3,
https://x.com/dearakhirat/status/2099732931535098236,Twitter/X,dearakhirat,,Tue Sep 15 05:31:56 +0000 2026,"Zionis, akar semua kejahatan didunia! 

#FreePalestine | Maudy Ayunda | Purbaya",tweet,130,,0,
https://x.com/foolinsights/status/2099732868964708696,Twitter/X,foolinsights,,Tue Sep 15 05:31:41 +0000 2026,"mindfulness ala maudy ayunda, bagaimana menurut kalian? https://t.co/1wcK6zjOv9",tweet,7534,,7,
https://x.com/dearakhirat/status/2099732854389260717,Twitter/X,dearakhirat,,Tue Sep 15 05:31:38 +0000 2026,"🍉😡Rapper AS Macklemore dikeluarkan dari tur Ed Sheeran setelah melontarkan pernyataan ""Bebaskan Palestina"" saat pembukaan konser Sheeran di New Jersey.

Sumber : @PressTV

#FreePalestine | Maudy Ayunda | Purbaya https://t.co/90xKbfvxTb",tweet,157,,0,
https://x.com/dearakhirat/status/2099732831396118596,Twitter/X,dearakhirat,,Tue Sep 15 05:31:32 +0000 2026,"ANAK-ANAK TIDAK BERDOSA INI . . . 🥺❤️‍🩹

#FreePalestine | Maudy Ayunda | Purbaya",tweet,1234,,0,
https://x.com/IntanAyuArimbi/status/2099732807669174637,Twitter/X,IntanAyuArimbi,,Tue Sep 15 05:31:27 +0000 2026,"Ketika hak rakyat kecil 'disedot' oleh ketamakan! 🚨🔥
​Polda Sulsel berhasil membongkar skandal penimbunan BBM bersubsidi skala besar. 17 orang ditetapkan jadi tersangka dengan total 18.905 liter Biosolar &amp; Pertalite disita!

Maudy Ayunda Venus Purbaya LPDP https://t.co/O1k9fDCVnV",tweet,84,,0,
https://x.com/tribunkaltim/status/2099732442915459524,Twitter/X,tribunkaltim,,Tue Sep 15 05:30:00 +0000 2026,"https://t.co/nStctZhxH0

Video opini Maudy Ayunda soal cara menghadapi rentetan berita buruk memicu kritik netizen. Diunggah 21 Agustus 2026, video ini bagikan tips atur konsumsi informasi lewat mindfulness, namun dinilai kurang pertimbangkan kondisi masyarakat terdampak. https://t.co/2Qfjq2VXW6",tweet,108,,0,
https://x.com/dearakhirat/status/2099732377534623988,Twitter/X,dearakhirat,,Tue Sep 15 05:29:44 +0000 2026,"Perpisahan demi perpisahan 💔

#FreePalestine | Maudy Ayunda | Purbaya",tweet,93,,0,
https://x.com/dearakhirat/status/2099732219451367690,Twitter/X,dearakhirat,,Tue Sep 15 05:29:06 +0000 2026,"Melihat mereka (anak-anak) yang kehilangan anggota badannya, atau harus berpikir untuk bertahan hidup. Salah apakah anak-anak ini? 💔

#FreePalestine | Maudy Ayunda | Purbaya",tweet,179,,0,
https://x.com/dearakhirat/status/2099731992552022302,Twitter/X,dearakhirat,,Tue Sep 15 05:28:12 +0000 2026,"🍉😡Sejumlah orang terluka dalam serangan pesawat tempur penjajah israel yang menargetkan sebuah mobil sipil di dekat Supermarket Al-Basha, kawasan As-Saftawi, Jalur Gaza Utara, 

Sumber: Palestine Online

#FreePalestine | Maudy Ayunda | Purbaya https://t.co/7oQU3zjDyy",tweet,350,,0,
https://x.com/dearakhirat/status/2099731767879995643,Twitter/X,dearakhirat,,Tue Sep 15 05:27:19 +0000 2026,"Anak kecil . . . Seharusnya ia menikmati masanya bermain, bersekolah. Namun, di Gaza, anak-anak berpikie untuk bertahan hidup 🥺💔

#FreePalestine | Maudy Ayunda | Purbaya",tweet,1217,,1,
https://x.com/dearakhirat/status/2099731534139793648,Twitter/X,dearakhirat,,Tue Sep 15 05:26:23 +0000 2026,"WE RESPECT YOU THAT YOURE ON THE RIGHT PATH! 🍉💌

#FreePalestine | Maudy Ayunda | Purbaya",tweet,80,,0,
https://x.com/dearakhirat/status/2099731512518205749,Twitter/X,dearakhirat,,Tue Sep 15 05:26:18 +0000 2026,"🍉😡🚫Seorang pemukim zionis israel menyerbu Khallat Al-Hummus, sebelah selatan Yatta, selatan Al-Khalil (Hebron), Tepi Barat.

Sumber: Quds Feed

#FreePalestine | Maudy Ayunda | Purbaya https://t.co/f6Niy5uxsK",tweet,94,,0,
https://x.com/Tsukisaki_Yuuki/status/2099731306905239682,Twitter/X,Tsukisaki_Yuuki,,Tue Sep 15 05:25:29 +0000 2026,"dua murid smp dikantin sekolah

https://t.co/pSMRs6ZlfW

https://t.co/yUNYIqdne3

https://t.co/tVy1uprio0

https://t.co/HMPX5sRKmg

Menkeu Lifetime Terbaru Selasa Venus Viral Maudy Ayunda Sri Mulyani Purbaya Menteri Keuangan Aeon LPDP https://t.co/JIQwiZdcYE",tweet,1467,,3,
https://x.com/dearakhirat/status/2099731047919329507,Twitter/X,dearakhirat,,Tue Sep 15 05:24:27 +0000 2026,"JANGAN BERHENTI LUPAKAN APA YANG SEDANG TERJADI DI PALESTINA! 🍉❤️‍🩹

#FreePalestine | Maudy Ayunda | Purbaya",tweet,105,,0,
https://x.com/dearakhirat/status/2099730973088702653,Twitter/X,dearakhirat,,Tue Sep 15 05:24:09 +0000 2026,"🍉💔Satu warga Palestina gugur dan sejumlah lainnya terluka akibat serangan udara penjajah israel yang menargetkan sebuah kendaraan di kawasan As-Saftawi, Jalur Gaza Utara.

Sumber: Paltoday

#FreePalestine | Maudy Ayunda | Purbaya https://t.co/pzJowZfXLk",tweet,82,,0,
https://x.com/dearakhirat/status/2099730862862417994,Twitter/X,dearakhirat,,Tue Sep 15 05:23:43 +0000 2026,"DUNIA UNTUK PALESTINA! 🍉❤️‍🩹

#FreePalestine | Maudy Ayunda | Purbaya",tweet,50,,0,
https://x.com/txtharihariWNI/status/2099729926748287141,Twitter/X,txtharihariWNI,,Tue Sep 15 05:20:00 +0000 2026,"Wajar kalau kalian gak relate dengan pemikiran Maudy Ayunda, masalah hidup dia aja perkara roti yang terlalu sehat.

Maudy mungkin gak salah, kita dan Maudy hanya hidup di realitas sosial yang berbeda. Kita yang gak mengerti struggle-nya dia. 🙏

Menurut kalian, apakah perbedaan realitas hidup bisa bikin seseorang punya cara pandang yang sangat berbeda?",tweet,3666,,2,
https://x.com/diovergen/status/2099729662452912510,Twitter/X,diovergen,,Tue Sep 15 05:18:57 +0000 2026,"@sususuzupernova Kasian maudy ayunda si cantik nan ayu ini, yang gak perlu mikirin bsk bisa malan atau engga, dijadiin samsak tinju ;( kasian banget yah

Udh dong netizen stop, dia tuh gk tau apa apa",tweet,350,,0,
https://x.com/northmeaow/status/2099729652772405477,Twitter/X,northmeaow,,Tue Sep 15 05:18:54 +0000 2026,Mari kita makan sambil melihat maudy ayunda sipaling mindfull dirujak netizen https://t.co/4WQYB6LyuP,tweet,244,,1,
https://x.com/IOS_GrizlyWolf/status/2099729572812194187,Twitter/X,IOS_GrizlyWolf,,Tue Sep 15 05:18:35 +0000 2026,"Following Maudy Ayunda, a social circle involving the likes of Luna Maya and supporters of candidate pair 02 has emerged. https://t.co/3Ef73EqhNY",tweet,133,,0,
https://x.com/naravenya/status/2099729218099904883,Twitter/X,naravenya,,Tue Sep 15 05:17:11 +0000 2026,@ptrfu13 Maudy Ayunda hhhh,tweet,82,,0,
https://x.com/ExxaLatifa/status/2099729080593899989,Twitter/X,ExxaLatifa,,Tue Sep 15 05:16:38 +0000 2026,"Desil bukan cuma soal berapa gaji bulanan. BPS pakai Proxy Means Test yang melihat rumah, aset, dan kondisi keluarga. Desil 10 itu cuma peringkat relatif, bukan berarti orangnya pasti super kaya. #MengenalDesilDTSEN 
. 
#AADCShortFilm Menkeu Maudy Ayunda https://t.co/DRZKB8283j",tweet,142,,0,
https://x.com/gimbot75/status/2099728864729763841,Twitter/X,gimbot75,,Tue Sep 15 05:15:47 +0000 2026,"Teruntuk Maudy Ayunda
. 
. 
. 
. 
Terima kasih kak sudah mewakili kami masyarakat Indonesia. https://t.co/Z8ddnSqeOL",tweet,102342,,20,
https://x.com/ExxaLatifa/status/2099728671905038685,Twitter/X,ExxaLatifa,,Tue Sep 15 05:15:01 +0000 2026,"Desil itu urutan relatif dari data yg ada, bkn ukuran mutlak. Ia hanya membandingkn siapa yg paling bawah dan paling atas di kelompok itu. Jngan lngsung memberi label kaya atau miskin hnya dari angka desil saja. Pahami dulu cara bacanya.
#MengenalDesilDTSEN
. 
Menkeu Maudy Ayunda https://t.co/Y7GS0T2aQN",tweet,35,,0,
https://x.com/cybermoeslem/status/2099728631811736015,Twitter/X,cybermoeslem,,Tue Sep 15 05:14:51 +0000 2026,"KERAN BIASA BISA JADI LEBIH FLEKSIBEL cuma dengan tambahan kecil ini. Klik sekarang sebelum kelewatan promo!
https://t.co/UTakhSfjNL
https://t.co/UTakhSfjNL

Maudy Ayunda
Mayoritas
Sri Mulyani
Senin
#PurbayaDiganti",tweet,33,,0,
https://x.com/flowerycties/status/2099728621623542051,Twitter/X,flowerycties,,Tue Sep 15 05:14:49 +0000 2026,Bisa jelasin yang lagi rame ga tentang Maudy ayunda pake bahasa bayi. Masih belum faham....,tweet,28,,0,
https://x.com/exodabest4/status/2099728592389423285,Twitter/X,exodabest4,,Tue Sep 15 05:14:42 +0000 2026,"Puas bgt bacanya 😭, walaupun aslinya gw bener² pengen ngatain si Maudy Ayunda ini",tweet,226,,0,
https://x.com/Henik_yuli/status/2099728550651969911,Twitter/X,Henik_yuli,,Tue Sep 15 05:14:32 +0000 2026,"Nama Haji Isam kembali jadi sorotan setelah emiten afiliasinya, PT Abadi Nusantara Hijau Investama Tbk (PACK), menggelar paparan publik insidentil pada 11 September 2026

pagii purbaya  menkeu Maudy Ayunda 
https://t.co/8CMqAp3Dig https://t.co/TGw8K08D01",tweet,1471,,28,
https://x.com/ExxaLatifa/status/2099728541588091241,Twitter/X,ExxaLatifa,,Tue Sep 15 05:14:30 +0000 2026,"Rumah terlihat mewah di satu tempat bisa jadi hal biasa di tempat lain. Desil itu kontekstual, bukan ukuran mutlak. Ada banyak faktor yg dihitung, bukan cuma lantai rumah atau satu benda saja. #MengenalDesilDTSEN
. 
#AADCShortFilm Menkeu Maudy Ayunda https://t.co/To9vyvWiO5",tweet,97,,0,
https://x.com/cybermoeslem/status/2099728214583320926,Twitter/X,cybermoeslem,,Tue Sep 15 05:13:12 +0000 2026,"BARU PAHAM KENAPA TETANGGA PAKAI INI setelah coba sendiri. Ternyata memang lebih praktis. Klik sekarang dan cek sendiri!
https://t.co/UTakhSfjNL
https://t.co/UTakhSfjNL

Maudy Ayunda
Mayoritas
Sri Mulyani
Senin
#PurbayaDiganti https://t.co/UwQlWV83rx",tweet,72,,0,
https://x.com/pantat_nepak/status/2099727631986077699,Twitter/X,pantat_nepak,,Tue Sep 15 05:10:53 +0000 2026,Maudy Ayunda nowadays:,tweet,122,,0,
https://x.com/celleoreo/status/2099727174043607139,Twitter/X,celleoreo,,Tue Sep 15 05:09:03 +0000 2026,"Gilak keren banget… kita butuh jurnalis yang begini, Maudy Ayunda sok iye njir https://t.co/zVEIhkKNWJ",tweet,207,,0,
https://x.com/cukuruwkuk/status/2099726576233701538,Twitter/X,cukuruwkuk,,Tue Sep 15 05:06:41 +0000 2026,"@Desnonk @icechocolasagna iya betul. terlepas dari berita maudy ayunda ini. energi kalian bener2 akan habis buat spreading hate instead. banyak berita2 gak enak lately, pilah pilih lah berita biar kalian tetep sane",tweet,99,,1,
https://x.com/sorayaberkata/status/2099726338571837766,Twitter/X,sorayaberkata,,Tue Sep 15 05:05:44 +0000 2026,"Gara-gara video mindfulness-nya, Maudy Ayunda dihujat tone deaf. Persoalannya bukan lagi hak untuk tenang, melainkan dari posisi apa jarak itu diambil. Tenang untuk siapa, dan kebisuan itu melindungi siapa?

https://t.co/iX6iJtxDVv",tweet,61,,0,
https://x.com/cybermoeslem/status/2099725808143310865,Twitter/X,cybermoeslem,,Tue Sep 15 05:03:38 +0000 2026,"JANGAN SALAH PILIH SAMBUNGAN SELANG karena yang satu ini bikin pasang lepas jadi lebih cepat. Klik sekarang!
https://t.co/UTakhSfjNL
https://t.co/UTakhSfjNL

Maudy Ayunda
Mayoritas
Sri Mulyani
Senin
#PurbayaDiganti https://t.co/0Wr6v61x3V",tweet,65,,0,
https://x.com/HeiiLuleey/status/2099725324011642916,Twitter/X,HeiiLuleey,,Tue Sep 15 05:01:42 +0000 2026,"Lubang kecil emng beda

https://t.co/5nJ74F03Lm

https://t.co/3N8lVATlBE

https://t.co/3RkkO79L2a

https://t.co/jAz23DSpmi

Pagii Venus Sri Mulyani Purbaya Menteri Keuangan Maudy Ayunda LPDP Menkeu https://t.co/ZC2Esc42hv",tweet,34637,,36,
https://x.com/donquixoxotez/status/2099724899124412818,Twitter/X,donquixoxotez,,Tue Sep 15 05:00:01 +0000 2026,maudy ayunda baca ini coba,tweet,96,,0,
https://x.com/fnostalgiaa/status/2099724228358734301,Twitter/X,fnostalgiaa,,Tue Sep 15 04:57:21 +0000 2026,@TIANBSTIAN Sksksk not maudy ayunda🤣,tweet,85,,0,
https://x.com/leklangg/status/2099723732994712019,Twitter/X,leklangg,,Tue Sep 15 04:55:23 +0000 2026,"Maudy ayunda

Nda mau nanti kepental",tweet,43,,0,
https://x.com/SeekHustle/status/2099723135398625787,Twitter/X,SeekHustle,,Tue Sep 15 04:53:01 +0000 2026,"Terlepas dari kasus Maudy Ayunda, Gue juga pernah nih capt punya temen modelan begini (yang di thread) Gue pernah curhat sama dia kalo lagi ada masalah, balesannya tuh kek gini :

“Yaudah lah mau diapain lagi”
“Lu overthinking, gue aja bla blaa”
“Masih banyak yang lebih parah dari lu”

Ya emang sih semua permasalahan tuh bakal balik ke gue lagi gimana ngadepinnya, tapi gue paling males kalo malah adu nasib🤣

Empati kosong tuh emang exhausting bjirrr ... Kadang yang gw butuhin bukan cuman solusi, tapi cuma orang yang mau dengerin apa yg kita curhatin tanpa ngebandingin sih..",tweet,1542,,5,
https://x.com/TIANBSTIAN/status/2099722464058368124,Twitter/X,TIANBSTIAN,,Tue Sep 15 04:50:21 +0000 2026,"TINDAK LANJUTI APAAN UD BERBULAN2 DI KALIMANTAN PEMADAMAN LISTRIK???
MAUDY AYUNDA LO GA BACA BERITA???
SATU PULAU NOH MASIH KENA PEMADAMAN BERGILIR.",tweet,182,,1,
https://x.com/tistastestos/status/2099722196285358333,Twitter/X,tistastestos,,Tue Sep 15 04:49:17 +0000 2026,Fuck maudy ayunda too.,tweet,63,,0,
https://x.com/hendsethhh/status/2099722140346183978,Twitter/X,hendsethhh,,Tue Sep 15 04:49:03 +0000 2026,@AdskinAlfa26856 @hanifproduktif Lo pikir maudy ayunda ade rai,tweet,641,,0,
https://x.com/skrrtderia/status/2099721124284399795,Twitter/X,skrrtderia,,Tue Sep 15 04:45:01 +0000 2026,"konten maudy ayunda mah ditujukan untuk orang yang punya privilege aja gitu kan ya. bagus, merawat kewarasan di tengah kondisi yang tidak waras. tetapi, mengerdilkan ""berita"" buruk sebagai ""cerita"" disruptif, menurutku kurang bijak. kewarasan komunitas, tidak hanya individu saja. https://t.co/NIRf2fabc3",tweet,1596,,0,
https://x.com/haturjuhoon/status/2099720424699642057,Twitter/X,haturjuhoon,,Tue Sep 15 04:42:14 +0000 2026,"yang harusnya dilakukan: block maudy ayunda, stop giving her any form of attention, focus on what’s important

yang sedang dilakukan: giving her too much exposure, she’s trending now, people forgot on what’s actually important 

cancel culture at its finest",tweet,42,,0,
https://x.com/cginderz/status/2099719521179443589,Twitter/X,cginderz,,Tue Sep 15 04:38:39 +0000 2026,"venus pagii maudy ayunda 
https://t.co/ndmB1fKyFh https://t.co/ijTAdmxizo",tweet,298,,0,
https://x.com/seninceriaa/status/2099719386961776950,Twitter/X,seninceriaa,,Tue Sep 15 04:38:07 +0000 2026,"Arus Kendaraan di Kolong Flyover Pesing Jakarta Barat Terpantau Ramai Lancar Tanpa Kehadiran Pak Ogah

Senin Selasa Pagii Sarapan Persib Kakang Berg Menalo Menteri Keuangan Maudy Ayunda Sri Mulyani Venus
#PurbayaDiganti #KaligrafiDanKaryaTulisIlmiah
https://t.co/be4MVQ9xrG",tweet,98,,0,
https://x.com/cocoro_rods/status/2099719353289867695,Twitter/X,cocoro_rods,,Tue Sep 15 04:37:59 +0000 2026,"@1998simp Maudy Ayunda, a singer and actress here. She's activist too lol",tweet,901,,1,
https://x.com/ejaaipongg/status/2099719343005417677,Twitter/X,ejaaipongg,,Tue Sep 15 04:37:56 +0000 2026,Ternyata Purbaya dicopot biar jdi pengalihan isunya mindfullness maudy ayunda kan !!,tweet,278,,3,
https://x.com/seninceriaa/status/2099719321333452890,Twitter/X,seninceriaa,,Tue Sep 15 04:37:51 +0000 2026,"Mengenal Karakteristik Utama Penerima Bantuan Sosial Digital untuk Skema Penyaluran Tahun Depan

Senin Selasa Pagii Sarapan Persib Kakang Berg Menalo Menteri Keuangan Maudy Ayunda Sri Mulyani Venus
#PurbayaDiganti #KaligrafiDanKaryaTulisIlmiah
https://t.co/TQfxkFYsbV",tweet,78,,0,
https://x.com/abandonedhouse0/status/2099719300974338134,Twitter/X,abandonedhouse0,,Tue Sep 15 04:37:46 +0000 2026,Kalau kita bisa sekeras itu ke Maudy Ayunda harusnya kita bisa jauh lebih keras lagi ke Raffi Ahmad ga sih woiii???!,tweet,116,,1,
https://x.com/pantat_nepak/status/2099719253972984283,Twitter/X,pantat_nepak,,Tue Sep 15 04:37:35 +0000 2026,"setelah ngeliat berita Maudy Ayunda (yang kontra nya banyak)

makin paham kenapa pendidikan indo se ancur itu dibanding negara lain",tweet,78,,0,
https://x.com/srufts/status/2099719144526774657,Twitter/X,srufts,,Tue Sep 15 04:37:09 +0000 2026,"sri mulyani pagii maudy ayunda 
https://t.co/rUhNDzxTvk https://t.co/B9maoK3yRc",tweet,690,,0,
https://x.com/mandaanisah/status/2099718927312191780,Twitter/X,mandaanisah,,Tue Sep 15 04:36:17 +0000 2026,@itszweedy Jurnalist minta maaf ke Maudy Ayunda kalau ada berita yg d anggap buruk🤭 https://t.co/pSRsFyjNum,tweet,14201,,3,
https://x.com/marjti/status/2099717646019416226,Twitter/X,marjti,,Tue Sep 15 04:31:12 +0000 2026,"@Pinesgrove Gak usah sok Maudy Ayunda mas, kon koyok Gofar",tweet,131,,1,
https://x.com/spwnt/status/2099717265151418392,Twitter/X,spwnt,,Tue Sep 15 04:29:41 +0000 2026,"@ARSIPAJA Wah sejalan sama Maudy Ayunda, disuru jan liat sosmed wkwkw",tweet,105,,0,
https://x.com/sisriijeruuk/status/2099716371840176410,Twitter/X,sisriijeruuk,,Tue Sep 15 04:26:08 +0000 2026,"Isu pemangkasan@bps_statistics Isu pemangkasan anggaran ternyata dipatahkan oleh fakta pemutakhiran data akurat, mari #MengenalDesilDTSEN karena sistem baru ini berhasil merangkul jutaan keluarga miskin yang terabaikan.

@bps_statistics

#AADCShortFilm Menkeu Maudy Ayunda https://t.co/okiGCLNwIN",tweet,89,,0,
https://x.com/thisisilalang/status/2099716300369195412,Twitter/X,thisisilalang,,Tue Sep 15 04:25:51 +0000 2026,Ingin mindful seperti Maudy Ayunda. 😌,tweet,101,,0,
https://x.com/sisriijeruuk/status/2099716098367344997,Twitter/X,sisriijeruuk,,Tue Sep 15 04:25:03 +0000 2026,"Terdaftar pada kelompok bawah tidak serta-merta menjamin pencairan bantuan langsung, mari #MengenalDesilDTSEN agar tidak terkecoh kabar hoaks dan paham prosedur verifikasi regulasi.
@bps_statistics 

#AADCShortFilm Menkeu Maudy Ayunda https://t.co/QuF6ATPtOZ",tweet,80,,0,
https://x.com/cybermoeslem/status/2099716023712968915,Twitter/X,cybermoeslem,,Tue Sep 15 04:24:45 +0000 2026,"INI ALASAN BANYAK ORANG REPURCHASE konektor selang ini setelah nyobain sekali. Klik sekarang dan cari tahu kenapa!
https://t.co/UTakhSfjNL
https://t.co/UTakhSfjNL

Maudy Ayunda
Mayoritas
Sri Mulyani
Senin
#PurbayaDiganti https://t.co/tfg5N0rLhe",tweet,94,,0,
https://x.com/kishacile/status/2099715955085680762,Twitter/X,kishacile,,Tue Sep 15 04:24:29 +0000 2026,"melihat keblunderan maudy ayunda gw semakin yakin males dengerin seminar yang speakernya start with ""titik terendah aku pas kerja di aussie meanwhile temen2 aku go to college in europe"" banger",tweet,116,,1,
https://x.com/sorryworld_u/status/2099715877310705682,Twitter/X,sorryworld_u,,Tue Sep 15 04:24:10 +0000 2026,"Emang konten"" YouTube yg basenya di Jakarta tuh, gak cocok buat ditonton sama orang daerah. Bukannya klasis, tapi terlalu Jakarta sentris aja. 
Sayangnya, Maudy Ayunda artis jadi gak bisa bebas yapping kayak most of Jakartans hhhh 
Good luck deh Maudy ngadepin netizen Indo👍👍",tweet,338,,0,
https://x.com/sisriijeruuk/status/2099715729700569237,Twitter/X,sisriijeruuk,,Tue Sep 15 04:23:35 +0000 2026,"Penyaluran bantuan sosial sering kali salah sasaran karena data yang tumpang tindih, mari #MengenalDesilDTSEN agar integrasi data baru ini menciptakan keadilan riil bagi masyarakat bawah.
@bps_statistics 

#AADCShortFilm Menkeu Maudy Ayunda https://t.co/EF1hsjhXt6",tweet,68,,0,
https://x.com/cybermoeslem/status/2099715219178353037,Twitter/X,cybermoeslem,,Tue Sep 15 04:21:33 +0000 2026,"TERNYATA CUMA BUTUH SATU KONEKTOR biar urusan nyiram tanaman jadi lebih santai. Klik sekarang sebelum stok habis!
https://t.co/UTakhSfjNL
https://t.co/UTakhSfjNL

Maudy Ayunda
Mayoritas
Sri Mulyani
Senin
#PurbayaDiganti https://t.co/MVDLywrA0r",tweet,93,,0,
https://x.com/cybermoeslem/status/2099714462836236577,Twitter/X,cybermoeslem,,Tue Sep 15 04:18:33 +0000 2026,"KALAU SELANGMU SERING LEPAS kemungkinan kamu belum pakai sambungan seperti ini. Klik sekarang buat lihat detailnya!
https://t.co/UTakhSfjNL
https://t.co/UTakhSfjNL

Maudy Ayunda
Mayoritas
Sri Mulyani
Senin
#PurbayaDiganti https://t.co/lmzACQF5a1",tweet,91,,0,
https://x.com/cybermoeslem/status/2099713907921486105,Twitter/X,cybermoeslem,,Tue Sep 15 04:16:21 +0000 2026,"AKHIRNYA NEMU CARA BIAR SELANG NEMPEL KUAT tanpa bikin ribet pas bongkar pasang. Klik sekarang dan buktikan!
https://t.co/UTakhSfjNL
https://t.co/UTakhSfjNL

Maudy Ayunda
Mayoritas
Sri Mulyani
Senin
#PurbayaDiganti https://t.co/BCsQXlaDHJ",tweet,155,,0,
https://x.com/rzknurulf/status/2099713901843849702,Twitter/X,rzknurulf,,Tue Sep 15 04:16:19 +0000 2026,ga pernah nyangka ada masanya maudy ayunda dihujat wkwkwk,tweet,44,,0,
https://x.com/firhidz/status/2099713470958825773,Twitter/X,firhidz,,Tue Sep 15 04:14:36 +0000 2026,Mindfulness ala Maudy Ayunda,tweet,451,,0,
https://x.com/cybermoeslem/status/2099713310400868694,Twitter/X,cybermoeslem,,Tue Sep 15 04:13:58 +0000 2026,"SIAPA SANGKA KONEKTOR MURAH INI bisa bikin selang lebih rapat dan praktis dipakai setiap hari. Klik sekarang sebelum kelewatan!
https://t.co/UTakhSfjNL
https://t.co/UTakhSfjNL

Maudy Ayunda
Mayoritas
Sri Mulyani
Senin
#PurbayaDiganti https://t.co/kcNsJ7PgaK",tweet,106,,0,
https://x.com/direumatteul/status/2099713110299082934,Twitter/X,direumatteul,,Tue Sep 15 04:13:10 +0000 2026,"belum ada bukti kuat bahwa pemberitaan soal vokalis juicy luicy dan maudy ayunda sengaja dijadikan pengalihan isu kelangkaan bbm di makassar. sejauh ini, isu yang terverifikasi lebih berkaitan dengan polemik pembatalan penampilan juicy luicy dan pemberitaan maudy sendiri. korelasi waktu saja belum cukup untuk menyimpulkan ada operasi pengalihan isu",tweet,136,,0,
https://x.com/argobijak/status/2099712950970040622,Twitter/X,argobijak,,Tue Sep 15 04:12:32 +0000 2026,@icechocolasagna people in the internet always conclude other’s opinion in an extreme way. Pembahasan videonya gak salah. But Maudy Ayunda should’ve read the room better.,tweet,360,,0,
https://x.com/cybermoeslem/status/2099712607792038263,Twitter/X,cybermoeslem,,Tue Sep 15 04:11:11 +0000 2026,"JANGAN BUANG UANG GANTI SELANG TERUS kalau masalahnya cuma di sambungan. Solusinya ada di sini. Klik sekarang juga!
https://t.co/UTakhSfjNL
https://t.co/UTakhSfjNL

Maudy Ayunda
Mayoritas
Sri Mulyani
Senin
#PurbayaDiganti https://t.co/uIPtYW3esL",tweet,92,,0,
https://x.com/LazuardiOsado/status/2099711464844190031,Twitter/X,LazuardiOsado,,Tue Sep 15 04:06:38 +0000 2026,"@pandaleezasol Emang Maudy Ayunda jualan apaan, @grok ? https://t.co/AdbtjNEJdB",tweet,89,,1,
https://x.com/sspineshivers/status/2099711377632092516,Twitter/X,sspineshivers,,Tue Sep 15 04:06:17 +0000 2026,maudy ayunda blunder pas mentri tbtb diganti 👀,tweet,57,,0,
https://x.com/_____moey/status/2099711240583135406,Twitter/X,_____moey,,Tue Sep 15 04:05:45 +0000 2026,@Lumaera1 si maudy ayunda kayaknya sewa buzzer buat komen di live tt trs ada yg bilang yang komen komen itu pegawai kantornya :p ngakak,tweet,4782,,0,
https://x.com/blissoiree/status/2099710200404201710,Twitter/X,blissoiree,,Tue Sep 15 04:01:37 +0000 2026,"@cowbetina Okay, Maudy Ayunda... 😞",tweet,45,,0,
https://x.com/kugyuniverse/status/2099710140475687058,Twitter/X,kugyuniverse,,Tue Sep 15 04:01:22 +0000 2026,"yang paling dapet manfaat dalam keributan Maudy Ayunda ini? 

tentu saja cenblu :)))",tweet,86,,1,
https://x.com/harusbekerja/status/2099709556314234919,Twitter/X,harusbekerja,,Tue Sep 15 03:59:03 +0000 2026,"@bardanslm raditya dika anti banget ngomong sudut pandang politiknya dari awal karena lebih berhati hati. terus raditya dika sekarang lihat maudy ayunda, jadi bisa bilang ""bener kan yang gw lakuin""",tweet,4977,,0,
https://x.com/heniunique/status/2099709515746947493,Twitter/X,heniunique,,Tue Sep 15 03:58:53 +0000 2026,"Scroll terus baca berita Maudy Ayunda, Sri Mulyani, Purbaya...

Noh, wortel di kulkas dibeli udah jadi jenglot! 😭🥕",tweet,533,,1,
https://x.com/konoholicx/status/2099709079761633589,Twitter/X,konoholicx,,Tue Sep 15 03:57:09 +0000 2026,@akuyoyo nggak ekspek Maudy Ayunda pun bakal blunder,tweet,209,,1,
https://x.com/baconnotatalls1/status/2099708893194842497,Twitter/X,baconnotatalls1,,Tue Sep 15 03:56:25 +0000 2026,"Kid still so innocent goes viral
🤩
https://t.co/AQyKiTXHRG

https://t.co/AQyKiTXHRG

https://t.co/AQyKiTXHRG

Bulan Bintang Maudy Ayunda Purbaya Rangga LPDP Senin Wowo Menkeu Venus
#videy #cdn2 👈#twimg #slicedrive #doods #aceimg #viral #zonauang https://t.co/BkHiMzCRBG",tweet,26483,,0,
https://x.com/beanie_cokelat/status/2099708352146415703,Twitter/X,beanie_cokelat,,Tue Sep 15 03:54:16 +0000 2026,Maudy Ayunda tak senang dengan tweet ini 😆,tweet,99,,0,
https://x.com/ketiknamaguee/status/2099707787651784853,Twitter/X,ketiknamaguee,,Tue Sep 15 03:52:01 +0000 2026,Maudy ayunda 😁 gw baru nntn lg podcast2 dia yg suka bahas mental psikologi yg sebenernya emg ga apple to apple buat kita pahami emg ga relateeeeee banks,tweet,61,,0,
https://x.com/_____moey/status/2099707312441356504,Twitter/X,_____moey,,Tue Sep 15 03:50:08 +0000 2026,"MAUDY AYUNDA BENERAN SEWA BUZZER KAH?? Buat komen di live session from this island ngakak biar ketutup hate komennya

host livenya juga hapus-hapusin komen yg suruh boycot :D https://t.co/8OcctZLyVf",tweet,11795,,2,
https://x.com/gvamdu/status/2099707190471004548,Twitter/X,gvamdu,,Tue Sep 15 03:49:39 +0000 2026,Maudy Ayunda https://t.co/dZ3xyK3Rl3,tweet,11321,,1,
https://x.com/4ssahongsam/status/2099706399580377469,Twitter/X,4ssahongsam,,Tue Sep 15 03:46:30 +0000 2026,maudy ayunda kenapa si? udah liat bbrp vid tapi blm sempet nyari detail,tweet,98,,0,
https://x.com/damgildaero/status/2099706282064408617,Twitter/X,damgildaero,,Tue Sep 15 03:46:02 +0000 2026,things the government did and Maudy Ayunda still stayed 💅🏻 https://t.co/s8VjCr1ZjC,tweet,353,,0,
https://x.com/txtnobody/status/2099706270936862861,Twitter/X,txtnobody,,Tue Sep 15 03:46:00 +0000 2026,"@icechocolasagna ini kita lagi ngomongin maudy ayunda, lulusan lpdp dengan kampus ternama. pakai uang pajak kita pula. bukan ngemis tapi lebih ke demand. kalau hasil belajarnya berupa ignorant wajar banget orang marah. kamu capek? kita gak cuma capek, tapi napas sesak.",tweet,578,,0,
https://x.com/sifatimah01/status/2099706078833320256,Twitter/X,sifatimah01,,Tue Sep 15 03:45:14 +0000 2026,"Apapun yang kamu dapatkan di dalam dunia ini tidak akan sempurna apabila kamu tidak bisa mensyukurinya.

#PurbayaDiganti Sri Mulyani Maudy Ayunda Pagii AAA 2026 LPDP Menteri Keuangan Menkeu Calista bekerja tanpa lelah Mayoritas https://t.co/hACI17YC4m",tweet,153,,1,
https://x.com/jakenoo_04/status/2099705768908144897,Twitter/X,jakenoo_04,,Tue Sep 15 03:44:00 +0000 2026,Belum Maudy ayunda,tweet,44,,0,
https://x.com/sifatimah01/status/2099705757629374774,Twitter/X,sifatimah01,,Tue Sep 15 03:43:57 +0000 2026,"Mengingat hari kematian lebih penting daripada mengingat hari kelahiran.

Teddy #PurbayaDiganti Sri Mulyani Maudy Ayunda Pagii AAA 2026 LPDP Menteri Keuangan Menkeu Calista bekerja tanpa lelah Mayoritas Seskab Prabowo https://t.co/x1BpAJF9HC",tweet,158,,0,
https://x.com/sifatimah01/status/2099704645736161571,Twitter/X,sifatimah01,,Tue Sep 15 03:39:32 +0000 2026,"Keimanan yang hidup adalah yang tercermin dalam perbuatan, bukan sekedar kata-kata.

#PurbayaDiganti Sri Mulyani Maudy Ayunda Pagii AAA 2026 LPDP Menteri Keuangan Menkeu Calista bekerja tanpa lelah Mayoritas https://t.co/CawS5lInaa",tweet,134,,0,
https://x.com/aldeeey_/status/2099703728748318816,Twitter/X,aldeeey_,,Tue Sep 15 03:35:54 +0000 2026,Maudy ayunda dari nama aja udah manja. Mau diayun nda? Ayun aja sendiri anying.,tweet,110,,0,
https://x.com/phocphene/status/2099703459138433166,Twitter/X,phocphene,,Tue Sep 15 03:34:49 +0000 2026,maudy ayunda eq jongkok,tweet,68,,1,