url,platform,account_name,followers,date_posted,description,content_type,views,likes,replies,retweet/repost
https://x.com/LambeSahamjja/status/2100012363605020861,Twitter/X,,,Wed Sep 16 00:02:18 +0000 2026,"pandangan windah soal video viral maudy ayunda:
- menurut dia salahnya maudy cuma satu
- salah timing, bukan salah isi
- ngeluarin video soal jaga kewarasan diri pas indonesia lagi banyak bencana
- topiknya nyerempet finansial
- padahal itu lagi sensitif banget
- kalimat protect our sanity di tengah banyak bad news 
- kedengarannya egois dan minim empati kalau dibaca sekarang
- ngomongin ini di publik
- padahal menurut dia lebih cocok dibahas di circle sesama orang mampu
- dia bilang harusnya video ini gak usah diupload, silent is gold
- tapi dia juga bilang isi videonya sendiri gak ada yang salah
- malah bagus dan edukatif
- maudy gak ada niat nyinggung siapa pun
- jadi ini blunder, tapi blunder yang gak bisa diprediksi
- dia gak nyalahin netizen juga",,868380,,175,
https://x.com/whiterosestea/status/2100221646766539095,Twitter/X,,,Wed Sep 16 13:53:55 +0000 2026,"Maudy Ayunda ngomong soal mindfulness, tapi dia tau ga klu anak2 Indonesia di daerah lain mau beli buah, susu, bakso, indomie, sepatu harus nabung dulu. Sementara dia makan roti yg rasanya terlalu sehat aja masih ngeluh

Don’t talk about mindfulness when you can’t even appreciate what’s already on your plate",,574629,,74,
https://x.com/redbananaaaaa/status/2100412617550659806,Twitter/X,,,Thu Sep 17 02:32:46 +0000 2026,"ALWAYS JUDGE PEOPLE BY WHAT THEY READ (and their recs)

Ini rekomendasi buku maudy ayunda (oxford, stanford, poised, articulate, the whole package) and yet her RL juts airport-kiosk nonfiction bestsellers through and through, pure productivity porn, no risk, no weird, no fiction https://t.co/gGMjDEuFCc",,517787,,132,
https://x.com/bardanslm/status/2100175949203738849,Twitter/X,,,Wed Sep 16 10:52:20 +0000 2026,"buzzer maudy ayunda nantangin orang2 di threads malah kena ulti 🗿
kita memang tidak boleh sembarangan di internet, yg muncul bisa macem gibran sampai profesor, ati2 gaesss 

jadi inget kalau gak salah ferry irwandi pernah ngalamin yg mirip2 ya??? https://t.co/IKZwcdSOUb",,211271,,53,
https://x.com/mikrobiotwt/status/2100101954248864248,Twitter/X,,,Wed Sep 16 05:58:18 +0000 2026,"Stoik ala ferry irwandi
Mindful ala maudy ayunda
Islam ala prabowo
Dream girl wallahi",,174175,,38,
https://x.com/supelpowel/status/2100367920065118417,Twitter/X,,,Wed Sep 16 23:35:09 +0000 2026,"Kenapa ya pada seneng banget muja muja artis, padahal juga cinta laura kmren kmren kelakuannya sebelas dua belas sama maudy ayunda, malah dia blg kalo demo bikin macet https://t.co/xLJ5CWmozV",,169598,,63,
https://x.com/strawmanwots/status/2100013250918396146,Twitter/X,,,Wed Sep 16 00:05:50 +0000 2026,🚨 UPDATE! Maudy Ayunda (@maudyayunda) a Indonesian actress was confirmed as tone-deaf and enabler problematic regime after her content about mindfulness viral on social media in a few days ago https://t.co/REkFFLfmOJ,,151391,,6,
https://x.com/LexMarteg/status/2100134637196677555,Twitter/X,,,Wed Sep 16 08:08:10 +0000 2026,"Owalahhhhhhh.........

Jadi ini tohhhh dosa""nya Pak Purbaya Sampek dipecat dgn tidak hormat grakkkk

************************************
Maudy Ayunda Cilok Nuvex Sri Mulyani https://t.co/YK8lcfFSRN",,143169,,143,
https://x.com/qrivasiii/status/2100601538473550075,Twitter/X,,,Thu Sep 17 15:03:28 +0000 2026,"Beyonce telah mengunfollow Maudy Ayunda di Instagram, setelah mengetahui huru hara yang terjadi belakangan ini https://t.co/Dmwa7yQCOx",,130059,,39,
https://x.com/muflihfaqih/status/2100478509600899138,Twitter/X,,,Thu Sep 17 06:54:36 +0000 2026,"stoik ala ferry irwandi
mindful ala maudy ayunda
islam ala prabowo
hompimpah ala yum gambreng",,118317,,65,
https://x.com/GusDikaOfficial/status/2100252980083937687,Twitter/X,,,Wed Sep 16 15:58:25 +0000 2026,"Bagi yang lagi Anies, cobain aktivitas Ganjar dan Purbaya. Mudah-mudahan bisa bikin jadi Maudy Ayunda.. https://t.co/g7j8Go12Ml",,117967,,46,
https://x.com/starfess/status/2100023132597768639,Twitter/X,,,Wed Sep 16 00:45:06 +0000 2026,"-star Akhirnya sudah resmi ya guys, Maudy Ayunda sudah masuk list boikot/cancel culture karena sudah jadi enabler rezim. Mungkin ada lagi enabler rezim yang belum masuk list silahkan komen ya! https://t.co/kNPKTo0B1J",,102530,,7,
https://x.com/rezzm_/status/2100183137720713692,Twitter/X,,,Wed Sep 16 11:20:54 +0000 2026,"Ya emang sih gue ngeliat anak mereka aja kek maudy ayunda dengan segala privilege itu semua, tapi it's not that hard to show some empathy gitu loh hhhhhhh",,77175,,7,
https://x.com/aimr0d/status/2100436418615242806,Twitter/X,,,Thu Sep 17 04:07:21 +0000 2026,Kelupaan nih rekomendasi Maudy Ayunda yang lain must read banget https://t.co/5ccZduf3aB,,76631,,18,
https://x.com/zeavibe/status/2100243711074664705,Twitter/X,,,Wed Sep 16 15:21:36 +0000 2026,"sama aja kayak maudy ayunda bjirrr kalo maudy cuma lihat sekedar bad news, buat rakyat itu bad reality. kalo prabowo bilang sekedar ""perang di dunia maya"" tapi bagi rakyat ini perang tiap hari antara hidup dan mati ya Allah sadarkan beliau ini 😭
kita ini manusia beneran pak, bukan mesin, bukan robot.
ini semua bad news semua beneran pak terjadi di kehidupan nyata. gak bohong.",,57858,,13,
https://x.com/GusDikaOfficial/status/2100107947670151584,Twitter/X,,,Wed Sep 16 06:22:07 +0000 2026,Kalian baru tau kah kalo Maudy ayunda itu sombong dan tone deaf ? Padahal dari dulu keliatan banget anaknya FAKE!,,51616,,25,
https://x.com/szuvdai/status/2100152605104292084,Twitter/X,,,Wed Sep 16 09:19:34 +0000 2026,"KUMPULAN TERBARU BOKEPLOKAL VIRAL 🌶️

1.Jule Viral Terbaru
https://t.co/GuEIiVbonr

2.Koleksi Jav Sub Indo
https://t.co/seiT1XUlhF

3.kebaya ungu
https://t.co/SEmicBCSpI

sri mulyani max dowman maudy ayunda cilok cyntra a. ape menkeu jumper ayce selasa sore videy terabox https://t.co/5GfPCdWuGg",,48552,,1,
https://x.com/SiPalingSPd/status/2100043376548773976,Twitter/X,,,Wed Sep 16 02:05:32 +0000 2026,@dosenkesmas Maudy Ayunda kontribusinya apa ke bangsa? Serius nanya.,,48543,,6,
https://x.com/jorgianaaa/status/2100360619031773515,Twitter/X,,,Wed Sep 16 23:06:09 +0000 2026,"kemaren mba-mba pancatera (lupa namanya), sekarang maudy ayunda, besok entah siapa lagi.

in the end, solusi terbaiknya ya lu semua mesti ninggalin kalcer penokohan/influencer.",,48317,,24,
https://x.com/plisitin/status/2100217381293633882,Twitter/X,,,Wed Sep 16 13:36:58 +0000 2026,maudy ayunda tau kok tanya saya https://t.co/adcxsXAYXu,,47082,,27,
https://x.com/kaniawiza/status/2100156195151696301,Twitter/X,,,Wed Sep 16 09:33:50 +0000 2026,"Maudy Ayunda Selasa Sri Mulyani Menkeu A. APE B. GEMBLONG #bansos

https://t.co/BxjgSWgWSu

https://t.co/z4CLRCFN8H https://t.co/NfH5chkAz5",,42251,,26,
https://x.com/pedrireun/status/2100717130903945572,Twitter/X,,,Thu Sep 17 22:42:48 +0000 2026,@kozirama bener kata bang windah market video maudy ayunda tuh yg kaya2 aja seperti mereka,,39422,,1,
https://x.com/coffebit/status/2100596920083464314,Twitter/X,,,Thu Sep 17 14:45:07 +0000 2026,"Maudy ayunda iso mikir mindfullness karena uripe kepenak.

Nek bendino mikir butuh karo duite ngepres meh dipie-pieke yo tetep ngelu.",,39142,,21,
https://x.com/kyunata_/status/2100072925076267084,Twitter/X,,,Wed Sep 16 04:02:57 +0000 2026,@Saint_Inang @dosenkesmas Kalo kata fansnya sih bikin skincare dari bahan baku asli indo. Alias maudy ayunda keruk SDA dari daerah2 yg sekarang terdampak bencana tapi dia mau tutup mata biar gak stress liat bad news~,,37360,,5,
https://x.com/Schiaparely/status/2100035139820826777,Twitter/X,,,Wed Sep 16 01:32:48 +0000 2026,"@WOLF_of_IHSG Jessie baru gabung di reku tuh Juni 2022. Maudy Ayunda nikah sama Jessie tuh Mei 2022. Jadi pernyataan ""the only thing she brought back home was her korean husband"" itu valid. Karena kalo gak nikah sama Maudy, Jessie kayaknya gak bakal kepikiran berkarir di Indonesia",,35989,,3,
https://x.com/zalkad/status/2100086210295447667,Twitter/X,,,Wed Sep 16 04:55:44 +0000 2026,"Sayang sekali Maudy Ayunda

Kamu ambil jurusan Politics, Philosophy and Economics (PPE) di Oxford. MBA & MA in Education di Standford dengan LPDP.

Milyaran sudah kamu habiskan untuk sekolah, ujung-ujungnya hanya untuk menjadi medioker.

Ya sudah mungkin kita yang ekspektasinya berlebihan, yang penting mindfulness.",,35918,,8,
https://x.com/Strategi_Bisnis/status/2100523962212225334,Twitter/X,,,Thu Sep 17 09:55:13 +0000 2026,"Wah Narasi jg dibeli Djarum (after Kumparan jg dibeli). Bagi rezim ini bagus. Sebab jauh lbh mudah bungkam Hartono dkk drpd media independen. 

Btw, Najwa sendiri sdh agak lama tiarap. Maybe ingin lbh mindful spt kak Maudy Ayunda :)

Djarum sendiri sdh lama punya IDN Times, media online yg lumayan berhasil.

Dari skala bisnis, harga narasi sama kumparan maybe recehan aja di mata Djarum.

Dulu TransMedia beli Detikcom seharga Rp 600 milyar. 

Maybe harga Narasi jauh di bawah itu, estimasi antara Rp 15 sd 20M. 

Yg mahal kalau dibeli maybe justru channelnya om Deddy Corbyzier Youtube. Estimasi harga sekitar Rp 60 sd 100M kalau mau dibeli. 

Masa depan media itu justru ada di Youtube. Video long form makin disukai krn bisa ditonton via TV di ruang tamu rumah atau kamar. 

NarasiTV views di YT makin jelek. 

Kalau mau bagus, Djarum bisa invest2 total buat bangkitkan channel NarasiTV di Youtube. Sangat tinggi potensinya. 

Ps : btw kalau ada yg kangen mbak Najwa, bisa beli buku Catatan Najwa. Bagus isinya. Link : 

https://t.co/qrNtTbFZwR

⬆️⬆️⬆️",,34250,,12,
https://x.com/SBKCF/status/2100462454736126186,Twitter/X,,,Thu Sep 17 05:50:48 +0000 2026,ngene iki kok arep being mindfulness in the era of bad news ala maudy ayunda https://t.co/GDpLToTQXH,,33078,,25,
https://x.com/nghnapaydn/status/2100451243261104390,Twitter/X,,,Thu Sep 17 05:06:15 +0000 2026,"bu guru digilir rame2 sama murid

https://t.co/9UNFULXQLb

https://t.co/jlCWWOqNuK

https://t.co/GJmeQtUpxk

https://t.co/3ak9yLO8Fj

Purbaya cyntra Nusron shares Maudy Ayunda Viral Flip Pagii Kamis UltraMilk FwogHOOD terbaru I Entered Nuvex https://t.co/DV31EHBhrp",,22763,,13,
https://x.com/pramanik_s75711/status/2100130620928401463,Twitter/X,,,Wed Sep 16 07:52:13 +0000 2026,"Dijepitin emng enak banget serrrrr ahhh

https://t.co/DGJotGrOfn

https://t.co/DGJotGrOfn

https://t.co/DGJotGrOfn

https://t.co/DGJotGrOfn

LPDP Maudy Ayunda Purbaya Pemulihan Kondisi Indonesia komitmen hasil nyata Menteri Keuangan Venus
chudai #jav #bokep #wata #sex #xxx https://t.co/zWZeUc6vOQ",,22370,,11,
https://x.com/thechosenfew81/status/2100571934111228343,Twitter/X,,,Thu Sep 17 13:05:50 +0000 2026,"dua anak sma pramuka main digubuk

https://t.co/7QCvWDkuUq

https://t.co/02Xe6BzoZH

https://t.co/wxGKkUNrGZ

https://t.co/t2uhZKius2

TermMax Viral HeYanzhao Minta Dimulut I Entered Malam Jumat Resident Evil Terbaru Purbaya Sency Maudy Ayunda https://t.co/yLCOnHIxXN",,21337,,7,
https://x.com/SodorCo/status/2100601865415401506,Twitter/X,,,Thu Sep 17 15:04:46 +0000 2026,"- Kita: Gaji Sebulan
- Mereka: Sekali Makan

Semoga sehat selalu, Maudy Ayunda dan Keluarga. https://t.co/etSxXTUr3M",,20286,,0,
https://x.com/FosterBlispwgb/status/2100596226723094733,Twitter/X,,,Thu Sep 17 14:42:22 +0000 2026,"Biksu Thailand yang lagi rame

https://t.co/UQ6zCQcNRX

https://t.co/UQ6zCQcNRX

https://t.co/UQ6zCQcNRX

https://t.co/UQ6zCQcNRX

https://t.co/UQ6zCQcNRX

Senin Lawan 10 Viral Aqeela Terbaru LPDP Laut Jawa Maudy Ayunda Calista panas😆😀 https://t.co/eDCBJegYZI",,19453,,95,
https://x.com/Otto_0967/status/2100007737510056048,Twitter/X,,,Tue Sep 15 23:43:55 +0000 2026,"Hahahahaha
Kalian kerja bener atau ngga asal kalian bisa JILAT pantat Prabowo sudah pasti aman posisinya..
.
Kerja bener ngga bisa jilat pecat
Kerja goblok pintar jilat aman
Kerja pinter + pinter jilat cepat naik pangkat..

Pagii
Maudy Ayunda https://t.co/eme4l4BLL8",,19414,,5,
https://x.com/huvckle/status/2100240644635869342,Twitter/X,,,Wed Sep 16 15:09:24 +0000 2026,"Salfokk sama adek temannya cakep cakep 

https://t.co/ulyfj27b5I

https://t.co/KCRSSQ6YDE

https://t.co/rQlffmQjX5

https://t.co/mdzomSg1Ni

https://t.co/l46mqLg0mY

Persib Tanamal  Menkeu kepedulian kesadaran bersama Sri Mulyani Kartu Jago Maudy Ayunda kimdoyewon pak pram https://t.co/371Z2Ow9Kh",,19243,,7,
https://x.com/ajiprastianto/status/2100604978188706099,Twitter/X,,,Thu Sep 17 15:17:08 +0000 2026,"Ukhti hijab vs ojol viral banyak dicari 

https://t.co/N8bsEDJVwb

https://t.co/fvZ2cvYdAh

https://t.co/DYvkR6W0eW

https://t.co/4ARUSs8BoE

Malam Jumat Maudy Ayunda Maljum Jihan Coffee https://t.co/xr0zdnxNcG",,18045,,14,
https://x.com/mirinssky/status/2100022395390328880,Twitter/X,,,Wed Sep 16 00:42:10 +0000 2026,Jadi Maudy Ayunda itu bukan perwujudan keinginan mayoritas cewek di Indonesia?,,17561,,1,
https://x.com/AnakLolina2/status/2100079593495601612,Twitter/X,,,Wed Sep 16 04:29:27 +0000 2026,"Rujakan netizen rupanya bukan hanya di X, tapi di aplikasi tetangga pun Maudy Ayunda lebih runyam.
🤣🤣

Let them, let them, enak lu cantik, bengong dikit di tiktok dapat 2 M, lha kita...??? https://t.co/TEJwy2SVcG",,17260,,5,
https://x.com/konoholicx/status/2100095659076690366,Twitter/X,,,Wed Sep 16 05:33:17 +0000 2026,@changaaa13 bentar-bentar jangan bilang ini mamanya Maudy Ayunda 😭⁉️,,16325,,1,
https://x.com/Hawtinw7e/status/2100633272443343037,Twitter/X,,,Thu Sep 17 17:09:34 +0000 2026,"bu guru digilir rame2 sama murid viral

https://t.co/48UGG7e6Qv

https://t.co/48UGG7e6Qv

HeYanzhao Minta Dimulut I Entered Malam Jumat Resident Evil Terbaru Purbaya Sency Maudy Ayunda TermMax Viral
#videy #cdn2 #twimg #slicedrive #doods #aceimg #viral #zonauang https://t.co/Y0am7zSaWp",,15591,,8,
https://x.com/Smash1014314/status/2100588278202388857,Twitter/X,,,Thu Sep 17 14:10:47 +0000 2026,"Lagi prep buat berangkat kerja sambil dengerin Maudy Ayunda. Jujur gue nggak nangkep satu pun bagian yang ngajak buat jadi ignorant 😭

Gue bingung, yang pertama kali giring opini “Maudy tone deaf dan nir empati” itu siapa sih?

Yang gue tangkep justru sebaliknya. Di tengah bad news yang literally nggak ada habisnya, kita memang perlu balance our inputs sebagai bentuk self-preservation. Tetap aware sama kondisi sekitar, tapi juga tahu kapan harus kasih jeda buat diri sendiri.",,15162,,14,
https://x.com/huvckle/status/2100239191364006288,Twitter/X,,,Wed Sep 16 15:03:38 +0000 2026,"Keponakan 1 vs 3 gak mau kalah nih 

https://t.co/ulyfj27b5I

https://t.co/KCRSSQ6YDE

https://t.co/rQlffmQjX5

https://t.co/mdzomSg1Ni

https://t.co/l46mqLg0mY

Persib Tanamal  Menkeu kepedulian kesadaran bersama Sri Mulyani Kartu Jago Maudy Ayunda kimdoyewon pak pram https://t.co/MdBntZ7hwA",,14966,,0,
https://x.com/csmicc21/status/2100622452871336184,Twitter/X,,,Thu Sep 17 16:26:35 +0000 2026,"@qrivasiii fyi ya, biar gak salah paham aja yg unfriend si maudy ayunda duluan",,14915,,1,
https://x.com/changaaa13/status/2100070595656581609,Twitter/X,,,Wed Sep 16 03:53:42 +0000 2026,@chaaaaww Ibunya maudy ayunda,,14663,,0,
https://x.com/berlinlyn/status/2100203794621681768,Twitter/X,,,Wed Sep 16 12:42:59 +0000 2026,"https://t.co/ttXuAh0yAO

https://t.co/3pFmtTbg2y

https://t.co/5pG004Mmng

https://t.co/9MB46gHGsT",,14354,,0,
https://x.com/YaoYaoraissa/status/2100148497953817039,Twitter/X,,,Wed Sep 16 09:03:15 +0000 2026,"Lagi tidur digangguin

https://t.co/VnyLLJTUe4

https://t.co/GWuJR3vAai

https://t.co/UsU55FDeKO

Purbaya Kepedulian Kesadaran Bersama Cyntra A. APE Menkeu Maudy Ayunda Toraja https://t.co/9sKXfVQr4t",,14291,,3,
https://x.com/hacvnu/status/2100538058483634310,Twitter/X,,,Thu Sep 17 10:51:13 +0000 2026,"Dipaksa sama kaka ipar vid full percakapan 😍

https://t.co/BS0kow5qgR
https://t.co/UMoCcGBwRP

Kamis Malam Jumat Menkeu Maudy Ayunda https://t.co/Sdt3LjcMea",,14233,,10,
https://x.com/HashimotoRei98/status/2100491273614561672,Twitter/X,,,Thu Sep 17 07:45:19 +0000 2026,Paling gak Maudy Ayunda tidak berlagak kaya dia berusaha buat gerakan perubahan. Orang ini modus operandi bisnisnya kaya influencer biasa tetapi setiap ada isu sosial politik berlagak kaya pemimpin revolusi. Tan Malaka nangis dikuburan namanya dicomot sama bisnis nih orang,,12869,,1,
https://x.com/mhdlma/status/2100496781352255864,Twitter/X,,,Thu Sep 17 08:07:12 +0000 2026,"@AlejandroAyubi Ya simply karena ini anak2 yang orang tuanya kaya orang tua Maudy Ayunda kak.

Coba anak2 SMA di NTT, Maluku Utara, Yahukimo belum tentu kaya mereka.

Jadi yg gini biasanya krn privilej ortu-nya have jadi kebutuhan nutrisi bagus, pakaian bagus, penyaluran hobi apapun jg bisa.",,12564,,3,
https://x.com/Anderso40567211/status/2100240520975208762,Twitter/X,,,Wed Sep 16 15:08:55 +0000 2026,"1. Rara Pink
https://t.co/GhoPEoYFX8

2. Ruang Tamu
https://t.co/4z3lxfIH0V

3. Sita Main Belakang
https://t.co/XyQeJRj40m

#UltraMilk Purbaya Menkeu vcs #KKBPenjahatPerang Malam Kamis A. APE Persib Maudy Ayunda https://t.co/Iu4DEapr5y",,12555,,12,
https://x.com/noftpi/status/2100261247140958301,Twitter/X,,,Wed Sep 16 16:31:16 +0000 2026,"Cuma digesek kok

https://t.co/y8BAvByi2H

https://t.co/JKX8HXAUSs

https://t.co/TBxj95FvGq

#UltraMilk Purbaya Menkeu vcs #KKBPenjahatPerang Malam Kamis A. APE Persib Maudy Ayunda Tanamal https://t.co/SUBwQCv175",,12272,,2,
https://x.com/huvckle/status/2100239663047020571,Twitter/X,,,Wed Sep 16 15:05:30 +0000 2026,"Ketahuan sama kaka kan 

https://t.co/ulyfj27b5I

https://t.co/KCRSSQ6YDE

https://t.co/rQlffmQjX5

https://t.co/mdzomSg1Ni

https://t.co/l46mqLg0mY

Persib Tanamal  Menkeu kepedulian kesadaran bersama Sri Mulyani Kartu Jago Maudy Ayunda kimdoyewon pak pram https://t.co/HyFXVwPwVu",,12153,,7,
https://x.com/hacxppy/status/2100257873578373197,Twitter/X,,,Wed Sep 16 16:17:52 +0000 2026,"2 ijol beruntung banget

https://t.co/cnmKDdXxaE

https://t.co/YGxVEWNFaZ

https://t.co/v3cGyFefnU

#UltraMilk Purbaya Menkeu vcs #KKBPenjahatPerang Malam Kamis A. APE Persib Maudy Ayunda Tanamal https://t.co/fNfEvXOjqX",,12017,,1,
https://x.com/Dr_Ximenes/status/2100476059531846058,Twitter/X,,,Thu Sep 17 06:44:52 +0000 2026,"seleb tiktok ghea yang lagi viral

https://t.co/vxTQnZv0VH

https://t.co/XC4wnBURuy

https://t.co/LIrymjQDli

https://t.co/oOf4tOLoqr

Maudy Ayunda Viral A. APE AYCE FwogHOOD JUMAVVA Terbaru I Entered Nuvex Cyntra Purbaya Nusron Kamis https://t.co/V14RuayuPp",,11889,,7,
https://x.com/Irinaybb/status/2100647884572311674,Twitter/X,,,Thu Sep 17 18:07:38 +0000 2026,"bu guru digilir rame2 sama murid viral

https://t.co/L7CZay5eLX

https://t.co/L7CZay5eLX

HeYanzhao Minta Dimulut I Entered Malam Jumat Resident Evil Terbaru Purbaya Sency Maudy Ayunda TermMax Viral
#videy #cdn2 #twimg #slicedrive #doods #aceimg #viral #zonauang https://t.co/Shmu2sqAP9",,11349,,7,
https://x.com/JANELLEYLAfsw/status/2100286464919761038,Twitter/X,,,Wed Sep 16 18:11:29 +0000 2026,"Aku mau di dalem ya

https://t.co/RHsfcH1dHQ

https://t.co/RHsfcH1dHQ

https://t.co/RHsfcH1dHQ

https://t.co/RHsfcH1dHQ
🍌
Aqua elektronik maudy ayunda kepedulian kesadaran bersama menkeu sri mulyani
#videy #cdn2 #twimg #slicedrive #doods #aceimg #viral #zonauang https://t.co/PuY9MSsxre",,10629,,11,
https://x.com/SoumyaDonty/status/2100477243097243989,Twitter/X,,,Thu Sep 17 06:49:34 +0000 2026,"bu guru dan murid yang lagi viral🙃😙
https://t.co/R5SUUgvUSr

https://t.co/R5SUUgvUSr

https://t.co/R5SUUgvUSr

https://t.co/R5SUUgvUSr
Maudy Ayunda Viral Flip Pagii Kamis UltraMilk FwogHOOD terbaru I Entered Nuvex Purbaya cyntra Nusron shares https://t.co/ScCyi4uOrv",,10575,,1,
https://x.com/blackpeachcano/status/2100082119527854380,Twitter/X,,,Wed Sep 16 04:39:29 +0000 2026,"“Twitter is so sick and toxic”

Me fully aware Maudy Ayunda getting cancelled &amp; Ed Sheeran lost his whole tour for being a Zionist. https://t.co/tkACuiOEYF",,10559,,0,
https://x.com/Sebelahkampus/status/2100470636590325917,Twitter/X,,,Thu Sep 17 06:23:19 +0000 2026,"Stoik ala ferry irwandi
Mindful ala maudy ayunda
Islam ala prabowo

DNA UCL ALA AC MILAN",,10409,,22,
https://x.com/changaaa13/status/2100026593444085898,Twitter/X,,,Wed Sep 16 00:58:51 +0000 2026,@hllopaii_ itu post an ibunya maudy ayunda paiii,,10300,,0,
https://x.com/P3gEl/status/2100025309001285691,Twitter/X,,,Wed Sep 16 00:53:44 +0000 2026,"DEAR MAUDY MINDFULNESS, KAMI JURNALIS MINTA MAAF TELAH MERUSAK VIBE ANDA 🙏

Surat terbuka permohonan maaf setulus hati dari kami, para kuli tinta yang lelah dan penuh luka, kepada Kak Maudy Ayunda dan seluruh penganut aliran mindfulness garis keras.

Mohon dimaafkan ya, Kak, kalau berita soal ASAP KARHUTLA yang bikin sesak napas, PHK MASSAL buruh yang pusing tujuh keliling, ERUPSI GUNUNG, hingga GAGAL PANEN masyarakat adat ini sudah lancang mengganggu momen 'zen' dan ritual 'healing' kalian.

Kami paham betul anjuran bijak ala lulusan S-2 Stanford untuk ""menjauh dari berita buruk"" demi menjaga kesehatan mental. Tapi masalahnya, ""berita jelek"" yang terus membombardir ini bentuknya bukan sekadar notifikasi HP yang bisa kami mute atau unfollow.

Bagi kami dan mereka yang ada di lapangan, sulit rasanya untuk present in the moment ketika moment-nya adalah rentetan kekacauan ini. Kami tidak bisa menyuruh warga yang kehilangan pekerjaan atau menghirup kabut asap untuk sekadar mematikan layar dan mengabaikan masalah agar masalahnya hilang sendiri.

Sebagai tanda penyesalan karena kami gagal memancarkan aura positif dan terus-terusan menyodorkan realitas pahit, silakan dinikmati sajian perdamaian dari kami: Semangkuk Mie Instan Kuah Realitas. 🍜",,9896,,20,
https://x.com/Duytaoo9/status/2100603416863224230,Twitter/X,,,Thu Sep 17 15:10:56 +0000 2026,"bu guru digilir rame2 sama murid viral 📂🙈

https://t.co/lUdzR0eMae

https://t.co/lUdzR0eMae

https://t.co/lUdzR0eMae

https://t.co/lUdzR0eMae

HeYanzhao Minta Dimulut I ▶️👀Entered Malam Jumat Resident Evil Terbaru Purbaya Sency Maudy Ayunda TermMax Viral https://t.co/31OG5u3I4n",,9852,,5,
https://x.com/ptrfu13/status/2100418045953159667,Twitter/X,,,Thu Sep 17 02:54:20 +0000 2026,aku ketinggalan apa sih? kok maudy ayunda dibully?? karena apa?,,9696,,9,
https://x.com/whrearethcoffee/status/2100531798325522899,Twitter/X,,,Thu Sep 17 10:26:21 +0000 2026,@mahdinosaur gue klo jadi maudy ayunda si kena mental minimal malu bgt,,9250,,1,
https://x.com/verygzoodd/status/2100090442549538976,Twitter/X,,,Wed Sep 16 05:12:33 +0000 2026,"temenin vcs yukkk
sangge bngetttt ahhh👇 
https://t.co/CVZkwR1lGw

Sarapan Pagii Menkeu Maudy Ayunda AYCE Sri Mulyani

https://t.co/V7pIFeEePi",,9177,,3,
https://x.com/SoumyaDonty/status/2100509047980282221,Twitter/X,,,Thu Sep 17 08:55:57 +0000 2026,"bu guru dan murid yang lagi viral

👇👇

https://t.co/R5SUUgvUSr

https://t.co/R5SUUgvUSr
https://t.co/c6OIVwua9c
Maudy Ayunda Viral Flip Pagii Kamis UltraMilk FwogHOOD terbaru I Entered Nuvex Purbaya cyntra Nusron shares https://t.co/d1g8KojGRx",,9145,,3,
https://x.com/BapakKerja/status/2100072194806317183,Twitter/X,,,Wed Sep 16 04:00:03 +0000 2026,"Apa iya rahasia orang sukses itu bangun jam 5 pagi?!

Baru aja bapak nonton Maudy Ayunda bahas buku The 5AM Club. Isinya gini:
- Orang sukses sering mau kerjakan hal yang orang lain malas mulai
- Bangun jam 5 bukan sulap. Itu nada awal hari
- Formula 20-20-20 di 60 menit pertama
- 20 menit gerak. Keringat turunin kortisol. Otak dapat BDNF, koneksi saraf lebih cepat
- 20 menit tenang: jurnal, meditasi, atau salat
- 20 menit belajar: buku, koran, podcast
- Diulang 66 hari. Itu klaim buku sampai kebiasaan jalan sendiri",,9116,,2,
https://x.com/nghnapaydn/status/2100610977217863799,Twitter/X,,,Thu Sep 17 15:40:59 +0000 2026,"seleb toktok ghea yang lagi viral

https://t.co/jlCWWOqNuK

https://t.co/9UNFULXQLb

https://t.co/E4YGG3f9eY

https://t.co/LFO3EjVjIB

jihoon yejun maudy ayunda terbaru cyntra termmax BIGBANG Coffe Malam Jumat Viral https://t.co/3W8Ct91e3Y",,8836,,3,
https://x.com/EONSgreekfood/status/2100444350513881369,Twitter/X,,,Thu Sep 17 04:38:52 +0000 2026,"murid smp digilir rame2 dikelas

https://t.co/1SGAcI0kft

https://t.co/U8Bb0qoFBK

https://t.co/0JfAyUVOal

https://t.co/9CN7OUADb4

Maudy Ayunda Viral Flip Pagii Kamis UltraMilk FwogHOOD terbaru I Entered Nuvex Purbaya cyntra Nusron shares https://t.co/yE3Uv9cj3g",,8675,,3,
https://x.com/Endah_enen/status/2100128803804856497,Twitter/X,,,Wed Sep 16 07:44:59 +0000 2026,"@Saint_Inang @dosenkesmas Maudy Ayunda siapa sih?
Saya tau nya Maudy Koesnaedi.",,8522,,1,
https://x.com/salicsye17/status/2100251449741701509,Twitter/X,,,Wed Sep 16 15:52:21 +0000 2026,Maudy ayunda menkeu vcs https://t.co/FfDzR93fXI,,8473,,6,
https://x.com/thecwy/status/2100303721418891283,Twitter/X,,,Wed Sep 16 19:20:03 +0000 2026,"Bocil baju pink menggoda 

https://t.co/PTxubMrS4J

https://t.co/L3CZErVqUE

https://t.co/Xblu1WsPpD

https://t.co/RBAZ158Bf4

https://t.co/H1RUPNvJg6

#UltraMilk Purbaya Menkeu vcs tidur #KKBPenjahatPerang Malam Kamis A. APE Persib Maudy Ayunda Tanamal https://t.co/AbRHQpSkWG",,8451,,1,
https://x.com/Bravo__RR/status/2100193913755885915,Twitter/X,,,Wed Sep 16 12:03:43 +0000 2026,"Peringatan dari Alam Semesta terus berdengung.
.
.
.
#UltraMilk Maudy Ayunda Sri Mulyani Pak Pram https://t.co/551vMVjun7",,8349,,2,
https://x.com/thecwy/status/2100304066140402075,Twitter/X,,,Wed Sep 16 19:21:25 +0000 2026,"Rame amat brondongnya

https://t.co/PTxubMrS4J

https://t.co/L3CZErVqUE

https://t.co/Xblu1WsPpD

https://t.co/RBAZ158Bf4

https://t.co/H1RUPNvJg6

#UltraMilk Purbaya Menkeu vcs tidur #KKBPenjahatPerang Malam Kamis A. APE Persib Maudy Ayunda Tanamal https://t.co/9MbuK89d2N",,8138,,1,
https://x.com/laginongol8/status/2100040347258900496,Twitter/X,,,Wed Sep 16 01:53:30 +0000 2026,@kemgelapan pemerintah sih seneng ya yang dimarahinnya sekarang cuma maudy ayunda,,8133,,1,
https://x.com/Sphaman78885469/status/2100298967280164959,Twitter/X,,,Wed Sep 16 19:01:10 +0000 2026,"mahasiswa undip
https://t.co/9YbJT77VBF

bu guru dan murid
https://t.co/5DlKvPlJw7

kasir indomaret part 2
https://t.co/RakOcTZcS0

cewe hijab prank ojol
https://t.co/OQYYrU4PiM

Teja Maudy Ayunda Minted KuCoin Viral Glass Aura UltraMilk Tanamal Terbaru Arc Chain Julio Cesar https://t.co/jPtyMvaHJN",,7797,,2,
https://x.com/handierawan/status/2100225489214574750,Twitter/X,,,Wed Sep 16 14:09:11 +0000 2026,"abis nonton youtube Maudy Ayunda. 

menurut gue.....",,7756,,7,
https://x.com/mutyyyyyyyyy/status/2100227516623712721,Twitter/X,,,Wed Sep 16 14:17:14 +0000 2026,"@bardanslm Maudy Ayunda lagi jadi samsak kemarahan people karena kontennya yang dinilai tone deaf. Bukan Maudy Ayunda aja, contoh nyata di kehidupan sehari2 juga ada.. 02 voters punya bisnis ini itu dan yaaaa memang tone deaf, bedanya gak bikin konten aja. Asli emang ngeselin.",,7737,,2,
https://x.com/ugethug/status/2100713657323942093,Twitter/X,,,Thu Sep 17 22:28:59 +0000 2026,"@tumblerstarbuck Gak sangka bakal menyaksikan downfall artis artis yg dinilai ""baik"" sama orang, kemaren maudy ayunda, skrg haji andre 🤣",,7531,,1,
https://x.com/Sphaman78885469/status/2100476260929667189,Twitter/X,,,Thu Sep 17 06:45:40 +0000 2026,"mahasiswa undip yang lagi viral

https://t.co/RakOcTZcS0

https://t.co/5DlKvPlJw7

https://t.co/OQYYrU4PiM

https://t.co/9YbJT77VBF

Purbaya Nusron Kamis Maudy Ayunda Viral A. APE AYCE FwogHOOD JUMAVVA Terbaru I Entered Nuvex Cyntra https://t.co/KKOmXp9DHE",,7530,,4,
https://x.com/BigAlphaID/status/2100080758073491958,Twitter/X,,,Wed Sep 16 04:34:04 +0000 2026,"Dosa terbesar Pak Purbaya yang bikin dia kena reshuffle. 

Dan kenapa kita jangan mengkritik Maudy Ayunda.

https://t.co/C3onVVBYYy",,7139,,1,
https://x.com/ramadhanaelsa2/status/2100261749371122062,Twitter/X,,,Wed Sep 16 16:33:16 +0000 2026,"Bocil so imut yang lagi viral part 3
https://t.co/GvJldm3ORv

https://t.co/G7HkcKO06v

https://t.co/hP8At44dIE

Telegram: https://t.co/eXE528RYQ1

Kartu Jago Tanamal Maudy Ayunda Menkeu Kakang Sri Mulyani Pak Pram Papua #nighTAN #UltraMilk #KKBPenjahatPerang https://t.co/XFf2jck7Aq",,7036,,2,
https://x.com/huvckle/status/2100244067439583540,Twitter/X,,,Wed Sep 16 15:23:00 +0000 2026,"Adik kakak gak mau kalah 

https://t.co/ulyfj27b5I

https://t.co/KCRSSQ6YDE

https://t.co/rQlffmQjX5

https://t.co/mdzomSg1Ni

https://t.co/l46mqLg0mY

Persib Tanamal  Menkeu kepedulian kesadaran bersama Sri Mulyani Kartu Jago Maudy Ayunda kimdoyewon pak pram https://t.co/OodnmwvzqD",,6001,,0,
https://x.com/Antelovsky/status/2100460334100381844,Twitter/X,,,Thu Sep 17 05:42:22 +0000 2026,"@GusDikaOfficial Bagi yang lagi Anies (nganggur), cobain aktivitas Ganjar (lari) dan Purbaya (mancing). Mudah-mudahan bisa bikin jadi Maudy Ayunda (mindfulness).",,5985,,3,
https://x.com/amo0o0o0o0o0o0r/status/2100470990321148110,Twitter/X,,,Thu Sep 17 06:24:43 +0000 2026,"🎬Ukhti hijab lagi belajar cek in!

https://t.co/bx8FdA9BvD

https://t.co/dIFvSaCWPj

https://t.co/Kb6Y7vuPfA

Maudy Ayunda Bubarkan KKB Kamis Malam Jumat Purbaya Menkeu https://t.co/juAjg5uP3t",,5979,,2,
https://x.com/satriarafisky/status/2100186570129330357,Twitter/X,,,Wed Sep 16 11:34:32 +0000 2026,"Pernah dengar pepatah kalau jalan menuju kehancuran seringkali dibangun menggunakan niat yang baik?

Kasus Maudy Ayunda yang dihujat habis-habisan gara-gara konten mindfulness-nya adalah contoh paling nyata dari tragedi ini. Niatnya murni ingin jadi penyembuh di tengah krisis, tapi dia malah berakhir menjadi antagonis di mata masyarakat akar rumput. Di utas ini, mari kita bedah tragedi psikologis dari apa yang disebut sebagai jebakan Privilege Blindness.",,5910,,2,
https://x.com/uniquebend/status/2100043424229707968,Twitter/X,,,Wed Sep 16 02:05:43 +0000 2026,@dosenkesmas terpantau maudy ayunda mulai mengerahkan buzzer wkwkk,,5444,,0,
https://x.com/fel1ny/status/2100077539951628530,Twitter/X,,,Wed Sep 16 04:21:17 +0000 2026,@txtdrimedia Mindfull nya Maudy Ayunda vs Mindless nya Gibran,,5431,,1,
https://x.com/EONSgreekfood/status/2100444450149536068,Twitter/X,,,Thu Sep 17 04:39:15 +0000 2026,"bu guru dan murid yang lagi viral

https://t.co/1SGAcI0kft

https://t.co/U8Bb0qoFBK

https://t.co/0JfAyUVOal

https://t.co/9CN7OUADb4

Maudy Ayunda Viral Flip Pagii Kamis UltraMilk FwogHOOD terbaru I Entered Nuvex Purbaya cyntra Nusron shares https://t.co/jUBpNl96ul",,5330,,3,
https://x.com/galuhshyta/status/2100195843873927461,Twitter/X,,,Wed Sep 16 12:11:23 +0000 2026,"Anak bayiiikkk kemasan saset!! majikan ku akhirnya melahirkan anak pertama dan ngga babyblues, happy deh!😽❤
#ultramilk
Maudy ayunda lg knp dah?😩 https://t.co/qkYkKPCVdq",,5329,,0,
https://x.com/whrearethcoffee/status/2100073120757641427,Twitter/X,,,Wed Sep 16 04:03:44 +0000 2026,@daniellsinaga_ Si Maudy Ayunda kan cita citanya jadi guru mungkin belio berkenan jadi guru honorer,,5280,,3,
https://x.com/CruzJgaldamezc/status/2100615891440611405,Twitter/X,,,Thu Sep 17 16:00:30 +0000 2026,"🎬 Main di kebon!

https://t.co/dCw3FyT4qe

https://t.co/UCBAb1Mkpd

https://t.co/QGtGDY6ck0

Malam Jumat Maudy Ayunda Maljum Jihan Coffee Purbaya Kamis Nuvex https://t.co/1zg8XPR66M",,5276,,2,
https://x.com/ezash/status/2100553502066160007,Twitter/X,,,Thu Sep 17 11:52:35 +0000 2026,"Sebuah percakapan normal di grup discord gaming saya

Teostra 1 - Maudy Ayunda 0
😹 https://t.co/MjafWo5R6p",,5174,,2,
https://x.com/Mo0ojreema/status/2100589046804492413,Twitter/X,,,Thu Sep 17 14:13:50 +0000 2026,"🎬 Ukhti hijab lagi belajar cek in!

https://t.co/jKNPWTFAfN

https://t.co/zTtU3o9nX4

https://t.co/NKGfTPBQVB

Malam Jumat Maudy Ayunda Maljum Jihan Coffee https://t.co/CFonacsbOg",,5138,,0,
https://x.com/DioFebro/status/2100621491801043013,Twitter/X,,,Thu Sep 17 16:22:45 +0000 2026,Abis liat youtubenya maudy ayunda tapi salfok banget sama alat yg di belakang lingkaran merah itu ada yg tau ngga itu apa? https://t.co/foQ5KgoXrE,,5048,,3,
https://x.com/ultimaggnar/status/2100126122667356204,Twitter/X,,,Wed Sep 16 07:34:20 +0000 2026,"@Ses_tudio @LambeSahamjja ""seorang Maudy gakmungkin gapaham soal timing""

Seorang Maudy Ayunda? Maudy Ayunda itu memang siapa sampe harus ditanggapin serius? Pantes seleb pada jadi Komisaris dan anggota DPR. Tinggi bgt lo taro kedudukan seleb di kasta sosial.",,4591,,2,
https://x.com/agathe_humbert/status/2100445514076746062,Twitter/X,,,Thu Sep 17 04:43:29 +0000 2026,"murid smp digilir rame2 sama guru

https://t.co/BazPAUWjoK

https://t.co/lgpyJdF46K

https://t.co/Wnr7WplBTf

https://t.co/PzCf5JChkX

I Entered Nuvex Purbaya cyntra Nusron shares Maudy Ayunda Viral Flip Pagii Kamis UltraMilk FwogHOOD terbaru https://t.co/oTM4nJasnd",,4561,,3,
https://x.com/elmechabolso/status/2100599368470708246,Twitter/X,,,Thu Sep 17 14:54:51 +0000 2026,"🎬 Ngecas bareng kakak!

https://t.co/duQx3IknMp

https://t.co/sAwOzCucew

https://t.co/DAmk8g6SRr

Malam Jumat Maudy Ayunda Maljum Jihan Coffee https://t.co/620dvA8gnf",,4423,,0,
https://x.com/kangkerung/status/2100590236896223485,Twitter/X,,,Thu Sep 17 14:18:34 +0000 2026,"diatas pinter ternyata masih ada TONE DEAF

p maudy ayunda hehe",,4311,,12,
https://x.com/luly_pa/status/2100132503361364177,Twitter/X,,,Wed Sep 16 07:59:42 +0000 2026,"Ibu guru vs murid yang viral!

https://t.co/93phCzPPmj

https://t.co/mvyS67fz6w

https://t.co/1EmGbYpTNe

Purbaya Kepedulian Kesadaran Bersama Cyntra A. APE Menkeu Maudy Ayunda https://t.co/xFppGhjKbS",,4290,,0,
https://x.com/vcs40650/status/2100354444835852595,Twitter/X,,,Wed Sep 16 22:41:37 +0000 2026,"Vcs Maudy Ayunda

Pagii pagiii https://t.co/Db4Rdp1K0F",,4279,,1,
https://x.com/Mustaphazraiika/status/2100276148597055970,Twitter/X,,,Wed Sep 16 17:30:29 +0000 2026,"mahasiswa undip yang lagi viral

https://t.co/GA3oDj2uIY

https://t.co/rC3p3vjwR8

https://t.co/QCrbZVLiPV

https://t.co/zX0hA8phH6

Maudy Ayunda nighTAN Minted KuCoin Viral Glass Aura UltraMilk Tanamal Tolly Terbaru Arc Chain Julio Cesar Teja  #awekmelayu https://t.co/M3fYG38nOf",,4229,,0,
https://x.com/imlovinhaz/status/2100074846134911452,Twitter/X,,,Wed Sep 16 04:10:35 +0000 2026,@sosmedkeras yang bilang maudy ayunda ga cantik aneh.,,4220,,0,
https://x.com/MiskinTV_/status/2100467290936647929,Twitter/X,,,Thu Sep 17 06:10:01 +0000 2026,Ga ngikutin soal Maudy Ayunda disebut  'tone deaf'. Sebenernya apa sih masalahnya????,,4203,,2,
https://x.com/svegilei/status/2100094783557611782,Twitter/X,,,Wed Sep 16 05:29:48 +0000 2026,"Njir kmpus mn ni ngw dimbl hha

https://t.co/LZAo93B6gA

https://t.co/FKrTnebf0J

https://t.co/1yv6W4xkZV

Sri Mulyani Purbaya Maudy Ayunda AQUA Elektronik Komitmen Hasil Nyata APBN cabang Menkeu menteri keuangan Pumulihan kondisi indonesia AYCE Jumper Nusron https://t.co/CmMb5bfqQ3",,4100,,0,
https://x.com/thecwy/status/2100305344765526219,Twitter/X,,,Wed Sep 16 19:26:30 +0000 2026,"Cuman di gesek doang kok ya

https://t.co/PTxubMrS4J

https://t.co/L3CZErVqUE

https://t.co/Xblu1WsPpD

https://t.co/RBAZ158Bf4

https://t.co/H1RUPNvJg6

#UltraMilk Purbaya Menkeu vcs tidur #KKBPenjahatPerang Malam Kamis A. APE #awekmelayu Maudy Ayunda Tanamal https://t.co/pKEbxfhGQz",,4045,,3,
https://x.com/nghnapaydn/status/2100611105173500277,Twitter/X,,,Thu Sep 17 15:41:29 +0000 2026,"bu guru digilir rame2 sama murid dikelas

https://t.co/jlCWWOqNuK

https://t.co/9UNFULXQLb

https://t.co/E4YGG3f9eY

https://t.co/LFO3EjVjIB

jihoon yejun maudy ayunda terbaru cyntra termmax BIGBANG Coffe Malam Jumat Viral https://t.co/x6ZRwrQvR3",,3955,,2,
https://x.com/SenaraiRuai/status/2100195953651458278,Twitter/X,,,Wed Sep 16 12:11:49 +0000 2026,"Aku kalo jadi Maudy Ayunda dan diingatkannya begini, bakal nangis di kamarku sampai mataku segede bola pingpong dan malu tiap ketemu temen-temenku yang otaknya bener.",,3932,,5,
https://x.com/genzcorporation/status/2100013073205698836,Twitter/X,,,Wed Sep 16 00:05:07 +0000 2026,"Dari konten maudy ayunda yang lagi rame, gua jadi makin paham gimana pola pikir masyarakat indonesia sekarang.",,3874,,3,
https://x.com/beibutep/status/2100095569532481842,Twitter/X,,,Wed Sep 16 05:32:56 +0000 2026,"Ups anak sma nich

https://t.co/DUB757M9AU

https://t.co/FYrMFzWgOZ

https://t.co/3oYwzz4tcV

Sri Mulyani Purbaya Maudy Ayunda AQUA Elektronik Komitmen Hasil Nyata APBN cabang Menkeu menteri keuangan Pumulihan kondisi indonesia AYCE Jumper Nusron https://t.co/aJUNEpxHUd",,3817,,0,
https://x.com/Bahlilir/status/2100087352710623505,Twitter/X,,,Wed Sep 16 05:00:17 +0000 2026,"Terong Ungu
https://t.co/KiMpJO78tH

https://t.co/oaapoProSz

https://t.co/NscJgutpqw

Sarapan Pagii Menkeu Maudy Ayunda AYCE Sri Mulyani https://t.co/1mNmTEsKIj",,3812,,0,
https://x.com/keaeps/status/2100265725063786600,Twitter/X,,,Wed Sep 16 16:49:04 +0000 2026,"Bocil malay viral

https://t.co/XJDLGTJIcP

https://t.co/bpBGNXWrnt

https://t.co/r3qEmZmWrg

#UltraMilk Purbaya Menkeu vcs #KKBPenjahatPerang Malam Kamis A. APE Persib Maudy Ayunda Tanamal #awekmelayu https://t.co/EG41mf5IES",,3755,,0,
https://x.com/cutecacts/status/2100261807135076591,Twitter/X,,,Wed Sep 16 16:33:30 +0000 2026,"Guru dan murid part 2

https://t.co/cykCEgsfYC

https://t.co/UE56IhOrM9

https://t.co/CxPnPK7Nd9

#UltraMilk Purbaya Menkeu vcs #KKBPenjahatPerang Malam Kamis A. APE Persib Maudy Ayunda Tanamal https://t.co/7hb70WuVml",,3725,,0,
https://x.com/vowranges/status/2100467996301074715,Twitter/X,,,Thu Sep 17 06:12:49 +0000 2026,tetap mindful seperti kata kak Maudy Ayunda walaupun ada ibu ibu nginjek kaki gw di kereta pas lagi pepes jam 7 pagi dan bukannya minta maaf tp malah dia yg ngomelin gw “jangan nempel nempel mbak”,,3717,,3,
https://x.com/tulisansuriyana/status/2100101590502056361,Twitter/X,,,Wed Sep 16 05:56:51 +0000 2026,"@karirfess kok mau-maunya ngebelain Maudy Ayunda? Dia tuh kapitalis dgn dalih kontribusi 1% (?) untuk penjualan FTI-nya, like whaaaat? mana peduli dia was wes wos, yg penting uangnya banyak dr konsumen ignorance atau yg ketipu kampanye go-green desye",,3701,,0,
https://x.com/rizalakbarm_/status/2100183158092427593,Twitter/X,,,Wed Sep 16 11:20:59 +0000 2026,maudy ayunda napak tanah (literally). https://t.co/19mFgCB3Hd,,3406,,3,
https://x.com/listyantidewi/status/2100196838582505872,Twitter/X,,,Wed Sep 16 12:15:20 +0000 2026,Apakah kontribusimu sudah lebih besar dari Maudy Ayunda?,,3403,,18,
https://x.com/YaoYaoraissa/status/2100149089010844147,Twitter/X,,,Wed Sep 16 09:05:36 +0000 2026,"Minta ngecas dikamar kaka

https://t.co/VnyLLJTUe4

https://t.co/GWuJR3vAai

https://t.co/UsU55FDeKO

Purbaya Kepedulian Kesadaran Bersama Cyntra A. APE Menkeu Maudy Ayunda Toraja https://t.co/4v6HOrWaLK",,3322,,0,
https://x.com/noftpi/status/2100260756935880805,Twitter/X,,,Wed Sep 16 16:29:20 +0000 2026,"Sok imut part 2 viral

https://t.co/y8BAvByi2H

https://t.co/JKX8HXAUSs

https://t.co/TBxj95FvGq

#UltraMilk Purbaya Menkeu vcs #KKBPenjahatPerang Malam Kamis A. APE Persib Maudy Ayunda Tanamal https://t.co/9dDHTMkSDW",,3290,,0,
https://x.com/asaprosul/status/2100509727616795033,Twitter/X,,,Thu Sep 17 08:58:39 +0000 2026,"my version of keluarga ideal
bapak: budi galaxy 
ibu: maudy ayunda
anak: budi bukan intel

woh mana tahan",,3126,,6,
https://x.com/aimr0d/status/2100437680060551297,Twitter/X,,,Thu Sep 17 04:12:21 +0000 2026,"Dulu pernah rada niat bikin ginian, dokslinya keselip entah kemana tapi untung ada media yang mengarsipkan https://t.co/z9KK8oVcMp",,3018,,1,
https://x.com/YaoYaoraissa/status/2100149590486073365,Twitter/X,,,Wed Sep 16 09:07:35 +0000 2026,"Bocil masih polos banget

https://t.co/VnyLLJTUe4

https://t.co/GWuJR3vAai

https://t.co/UsU55FDeKO

Purbaya Kepedulian Kesadaran Bersama Cyntra A. APE Menkeu Maudy Ayunda Toraja https://t.co/0zguJ333Ep",,2910,,0,
https://x.com/nyet_nyetz/status/2100473843039011123,Twitter/X,,,Thu Sep 17 06:36:03 +0000 2026,@GusDikaOfficial hah??? maudy ayunda apaan? jadi bloon? jadi jahat?,,2893,,2,
https://x.com/duy1011000/status/2100603999099691380,Twitter/X,,,Thu Sep 17 15:13:15 +0000 2026,"bu guru digilir rame2 sama murid viral 🙈

https://t.co/uBnQFPpm6y

https://t.co/uBnQFPpm6y

https://t.co/uBnQFPpm6y

https://t.co/uBnQFPpm6y

HeYanzhao Minta Dimulut I ▶️👀Entered Malam Jumat Resident Evil Terbaru Purbaya Sency Maudy Ayunda TermMax Viral https://t.co/Fv1hwKCT1t",,2889,,1,
https://x.com/agathe_humbert/status/2100445624663712108,Twitter/X,,,Thu Sep 17 04:43:55 +0000 2026,"perawat yang lagi viral

https://t.co/BazPAUWjoK

https://t.co/lgpyJdF46K

https://t.co/Wnr7WplBTf

https://t.co/PzCf5JChkX

I Entered Nuvex Purbaya cyntra Nusron shares Maudy Ayunda Viral Flip Pagii Kamis UltraMilk FwogHOOD terbaru https://t.co/KE5m9n7EcA",,2867,,3,
https://x.com/txtdrsigabut/status/2100090139158651148,Twitter/X,,,Wed Sep 16 05:11:21 +0000 2026,"@LambeSahamjja Buat si Maudy Ayunda semua ke chaosan yang lewat beranda nya itu cuma sekedar berita. Tapi buat warga Kalimatan, Sumatera, NTT dan wilayah lain yang kena bencana itu ya memang kenyataan yang harus mereka hadapi. Gabisa mereka pura-pura gak jadi korban di sana 🥀🥀",,2851,,1,
https://x.com/nicnicnoe/status/2100093679663002032,Twitter/X,,,Wed Sep 16 05:25:25 +0000 2026,"PERSIB BANDUNG vs FC SEOUL 

LINK ✅ https://t.co/icQedlBJfr

🏆 Live Streaming ACL Two
🩵 Thom Haye Maudy Ayunda
#PersibDay https://t.co/EWwctnnaHE",,2848,,0,
https://x.com/nickjohn1605/status/2100619211861299545,Twitter/X,,,Thu Sep 17 16:13:42 +0000 2026,"🎬 Rok hijau main di dapur!

https://t.co/FMxqfidl3n

https://t.co/We7dvEmJ7w

https://t.co/v3D9onXmyi

Malam Jumat Maudy Ayunda Maljum Jihan Coffee Purbaya Kamis Nuvex https://t.co/WGWjIV9U5B",,2788,,2,
https://x.com/inmahikun/status/2100122644406571195,Twitter/X,,,Wed Sep 16 07:20:31 +0000 2026,maudy ayunda minimal panas dingin sih baca ini ya,,2769,,0,
https://x.com/av2cle/status/2100076959623762290,Twitter/X,,,Wed Sep 16 04:18:59 +0000 2026,"biksu tua viral
https://t.co/PgnR7zfWOz 

https://t.co/CQPlRXEJIE 

https://t.co/6uXyVmwVsZ 

https://t.co/nxOOntVddN
DoctorX Sarapan Sri Mulyani LPDP Duit Maudy Ayunda PRAYFORACEH Pagii AYCE ULTRA FARM Tahap II ALIGN https://t.co/BRhoTI1AL9",,2757,,0,
https://x.com/R_Perkasa/status/2100043379346387253,Twitter/X,,,Wed Sep 16 02:05:33 +0000 2026,"Bonek 1-0 Maudy Ayunda 

Mindfulness hanya akan membuat hidup sendiri jadi lebih baik alias individualistik 

Namun mengalirkan air ke suatu desa dengan Crowdfounding jelas jauh lebih bermanfaat untuk banyak orang",,2737,,2,
https://x.com/ya_3iin_ab0o0y/status/2100020669878841745,Twitter/X,,,Wed Sep 16 00:35:18 +0000 2026,"Yg lgi viral di pinggir jalan

https://t.co/J67YBKhFmv

https://t.co/o4L6FU5Hin

https://t.co/VmQ2ZwlmvP

https://t.co/2uZh2Bq4nG

Welcome Mowning Maudy Ayunda 
Messi Menteri Keuangan Pagii PLTN https://t.co/wx57ZekFde",,2684,,0,
https://x.com/chaoslettuce/status/2100176550654312460,Twitter/X,,,Wed Sep 16 10:54:43 +0000 2026,andai maudy ayunda warga biasa dan middle class pasti gaakan kepikiran bikin video “mindfulness in the age of bad news” tapi video 10 menit ngomong prabowo jancok,,2664,,0,
https://x.com/mulgokizarie/status/2100041591356563790,Twitter/X,,,Wed Sep 16 01:58:26 +0000 2026,lagian maudy ayunda kontribusi buat indonesia apa? ada efeknya buat masyarakat? ngebelain artis tone deaf segitunya,,2559,,0,
https://x.com/ConversationIDN/status/2100117252519378998,Twitter/X,,,Wed Sep 16 06:59:05 +0000 2026,"Mindfulness dapat membantu menghadapi derasnya berita buruk, tetapi empati penting karena tidak semua orang punya jarak yang sama dari krisis.

https://t.co/wQIkDOHXg4",,2515,,0,
https://x.com/CASUALB3AT/status/2100608596212162638,Twitter/X,,,Thu Sep 17 15:31:31 +0000 2026,"cewek hijab cantik emut dimobil

https://t.co/6HJFx82Exc

https://t.co/QHI3q1NwN5

https://t.co/Rm6QpbK8Ce

https://t.co/VSV0Q9PQg9

cyntra termmax BIGBANG Coffe Malam Jumat Viral jihoon yejun maudy ayunda terbaru https://t.co/z8Qah51u1c",,2491,,5,
https://x.com/ParadigmaO78909/status/2100166599751966984,Twitter/X,,,Wed Sep 16 10:15:11 +0000 2026,@MiskinTV_ Padahal mba Kiky ini udah berusaha jadi mirip Maudy Ayunda loh,,2437,,0,
https://x.com/vinthegreat25/status/2100208033636970842,Twitter/X,,,Wed Sep 16 12:59:49 +0000 2026,"@labulabubuuu92 @erlotinibb Yang jokes-nya bertebaran kan yaa.

""Maudy Ayunda: bingung Harvard atau Stanford
Gue: bingung bubur diaduk apa enggak""",,2423,,1,
https://x.com/miueoz/status/2100214284500553983,Twitter/X,,,Wed Sep 16 13:24:40 +0000 2026,"perahu kertas — maudy ayunda

tskr udah perahu kertas.. iNDAH BANGET T_____T #Yudiklip https://t.co/YEyrjihH8L",,2381,,1,
https://x.com/cbetilep/status/2100304297468862897,Twitter/X,,,Wed Sep 16 19:22:20 +0000 2026,"maudy ayunda fc seoul
open vcs bugil
bisa skrng ya
wa di bio
#vcs https://t.co/TBFOzWC24b",,2366,,2,
https://x.com/pedasmaniess/status/2100073236340129876,Twitter/X,,,Wed Sep 16 04:04:11 +0000 2026,"@LambeSahamjja Maudy Ayunda pas bikin dan post video nya,  kurang dipikir matang-matang 
Cuma melihat 1 sudut pandang keknya, jadinya yaa bgini",,2313,,0,
https://x.com/mediaindonesia/status/2100095538075217945,Twitter/X,,,Wed Sep 16 05:32:48 +0000 2026,"Rakyat Bisa Hindari Bad News tapi Tak Bisa Hibdari Bad Reality

Fenomena mindfulness ala Maudy Ayunda menarik untuk dilihat bukan sekadar sebagai persoalan setuju atau tidak setuju. Di balik gagasan tentang information diet dan membatasi paparan bad news, ada pertanyaan yang lebih mendasar: apakah semua orang memiliki kebebasan yang sama untuk memilih informasi yang ingin mereka konsumsi?

The Editors kali ini, Media Indonesia membahas fenomena tersebut melalui perspektif Uses and Gratifications Theory, konsep active audience, agency, information diet, hingga persoalan privilege dalam memilih informasi.

Kita memang memiliki hak untuk memilih apa yang ingin dibaca, ditonton, dan didengarkan. Namun, kemampuan untuk mengambil jarak dari berita tidak selalu dimiliki semua orang dalam kondisi yang sama.

Bagi sebagian orang, berita tentang kenaikan harga, bencana, kebakaran hutan, atau krisis bukan sekadar informasi di layar. Itu bisa menjadi bagian langsung dari kehidupan mereka.

Lantas, bagaimana seharusnya kita mengelola konsumsi informasi tanpa kehilangan empati dan kemampuan memahami realitas sosial?

Simak pembahasannya dan sampaikan pendapat kamu di kolom komentar.
#MaudyAyunda #Mindfulness #BadNews",,2077,,0,
https://x.com/SetiakuDandi/status/2100209159082049632,Twitter/X,,,Wed Sep 16 13:04:18 +0000 2026,"masyarakat kita emang gak bodoh pak, 
cuma cape liat masalah bobrok nya pemerintah..

sampe Maudy Ayunda aja capet liat berita buruk pemerintah kita😭😭",,2064,,0,
https://x.com/NakesPuskesmas/status/2100052977889489349,Twitter/X,,,Wed Sep 16 02:43:41 +0000 2026,"Rasanya sebelum Maudy Ayunda gembar-gembor soal mindfulness-nya, para Nakes Puskesmas di daerah udah mindfulness duluan sejak efisiensi:

- Mindful Tunjangan Pendapatan Penghasilan (TPP) dipangkas/dihilangkan
- Mindful jasa pelayanan kapitasi berkurang
- Mindful anggaran kegiatan dipotong
- Mindful gaji gak naik padahal inflasi makin gila
- Mindful nginput CKG yang tiada habisnya
- Mindful dikecualikan dari alih status PPPK
- Mindful dikata cuma habisin APBN
- Mindful dikata cuma absen-ngopi-pulang
- Mindful nanganin keracunan MBG",,2055,,4,
https://x.com/YaoYaoraissa/status/2100149744513474974,Twitter/X,,,Wed Sep 16 09:08:12 +0000 2026,"Oh ini guru yang lagi viral

https://t.co/VnyLLJTUe4

https://t.co/GWuJR3vAai

https://t.co/UsU55FDeKO

Purbaya Kepedulian Kesadaran Bersama Cyntra A. APE Menkeu Maudy Ayunda Toraja https://t.co/qwltBE57AS",,1972,,0,
https://x.com/DailyW13/status/2100601507939000576,Twitter/X,,,Thu Sep 17 15:03:21 +0000 2026,"@NagaGiny Di x nampaknya pada pro pak anis di tiktok pro wowo, mau netral nanti gua dibilang maudy ayunda😭mending klo mau lengserin wowo lu rangkul semuanya namanya masa depan gada yg tau kan? Udh byk bencana rakyat berantem gumoh tiap hari😭",,1969,,0,
https://x.com/alohasunss/status/2100608432856556003,Twitter/X,,,Thu Sep 17 15:30:52 +0000 2026,"Tf maudy ayunda dikatain tone deaf karena punya pov yg beda, kita masih jauh dari negara maju kalo liat opini yg berseberangan aja di hujat. sdm gokil😆",,1964,,1,
https://x.com/tanki05244199/status/2100452996509475094,Twitter/X,,,Thu Sep 17 05:13:13 +0000 2026,"https://t.co/AZDLQEhLj7
https://t.co/JdgIINfrOs
https://t.co/oENfH2z5cY
https://t.co/BprGRHjkBU

Maudy Ayunda Viral Flip Pagii Kamis UltraMilk FwogHOOD terbaru I Entered Nuvex Purbaya cyntra Nusron shares https://t.co/2jHJYbTjPT",,1962,,0,
https://x.com/Khan87051614/status/2100103416190206347,Twitter/X,,,Wed Sep 16 06:04:07 +0000 2026,"Pagii Ibu tiri idaman 🥰
Maudy Ayunda LPDP Finance Minister
https://t.co/yaMiZyTUgu",,1909,,0,
https://x.com/tyaaassh/status/2100196428631134648,Twitter/X,,,Wed Sep 16 12:13:43 +0000 2026,"Menu rujakan netijen 
Senin Sydney Sweeney.
Selasa Maudy Ayunda.
Rabu Ed Sherran.",,1879,,7,
https://x.com/_moroboshidai/status/2100013102591050069,Twitter/X,,,Wed Sep 16 00:05:14 +0000 2026,"@twoyulll Gw setuju Maudy ayunda emang ga cantik2 banget
Tapi yg komen juga ga lebih cantik cok 🤣🤣🤣🤣",,1868,,3,
https://x.com/themoonisshiny/status/2100400358417944669,Twitter/X,,,Thu Sep 17 01:44:03 +0000 2026,@GusDikaOfficial Maudy ayunda apaan?,,1828,,0,
https://x.com/heraiska/status/2100037438983053732,Twitter/X,,,Wed Sep 16 01:41:56 +0000 2026,"@txtdarionlshop eh, maudy Ayunda kenapa ini? Ketinggalan info nya",,1807,,1,
https://x.com/EONSgreekfood/status/2100111581019599343,Twitter/X,,,Wed Sep 16 06:36:33 +0000 2026,"cewe hijab muka polos emut eskrim di mobil

https://t.co/e1059uGlVW

https://t.co/cVJubznsH7

https://t.co/ASegXxVJMv

https://t.co/dF0dCA251V

Purbaya Crocsth Menkeu Terbaru Nusron Jumper Sri Mulyani AYCE Maudy Ayunda Santapp Viral APBN https://t.co/nTud3PsrhW",,1777,,2,
https://x.com/hellowangwang/status/2100046870966067327,Twitter/X,,,Wed Sep 16 02:19:25 +0000 2026,"@dosenkesmas Maudy Ayunda kalau jelek dan miskin ga bakal ada yang bela, apalagi soal kontribusi ke negara",,1770,,0,
https://x.com/nghnapaydn/status/2100451084510896482,Twitter/X,,,Thu Sep 17 05:05:37 +0000 2026,"selebgram melati blunder

https://t.co/9UNFULXQLb

https://t.co/jlCWWOqNuK

https://t.co/GJmeQtUpxk

https://t.co/3ak9yLO8Fj

Purbaya cyntra Nusron shares Maudy Ayunda Viral Flip Pagii Kamis UltraMilk FwogHOOD terbaru I Entered Nuvex https://t.co/3JbQW0hKjA",,1767,,4,
https://x.com/spilldspell/status/2100240506408292406,Twitter/X,,,Wed Sep 16 15:08:51 +0000 2026,@keluhkesahkonoh Bukan rahasia klo dunia PNS mah. Emak gw PNS soalnya wkwkwk. People call Maudy Ayunda tone deaf. Mrk blm prnah ktemu PNS yg biasa aj (ga kaya) tp idupnya bner2 bubble sndiri,,1761,,0,
https://x.com/Aikohana_J7i/status/2100176001884135696,Twitter/X,,,Wed Sep 16 10:52:32 +0000 2026,"Maudy Ayunda Selasa Sri Mulyani Menkeu A. APE B. GEMBLONG #bansos

https://t.co/hB2m0Bb36M https://t.co/z4YAJDWxlZ",,1755,,0,
https://x.com/reyhanaffandi/status/2100282607909089464,Twitter/X,,,Wed Sep 16 17:56:09 +0000 2026,@sosmedkeras Yaela maudy ayunda diajak head to head sama mantan bos gue s1 harvard s2 oxford juga minder itu dia wkwk ya kan brok ? @ferdianoval @komandanpelus,,1717,,0,
https://x.com/tsaprilia27/status/2100243761045602508,Twitter/X,,,Wed Sep 16 15:21:47 +0000 2026,"@LambeSahamjja Bro menerapkan minfulness ala Maudy Ayunda. Mbak Maudy bilang kalo kita kudu mengkurasi sumber berita kita. Cocok nih, wowok sumber laporannya dari si putri salju. Nyerocos keberhasilan mbg tp ga ada empati &amp;  belasungkawa ke korban keracunan mbg.",,1708,,0,
https://x.com/agathe_humbert/status/2100274317871497425,Twitter/X,,,Wed Sep 16 17:23:13 +0000 2026,"murid smp digilir guru rame2

https://t.co/BazPAUWjoK

https://t.co/PzCf5JChkX

https://t.co/lgpyJdF46K

https://t.co/Wnr7WplBTf

nighTAN Minted KuCoin Viral Glass Aura UltraMilk Tanamal Tolly Terbaru Arc Chain Julio Cesar Teja Maudy Ayunda #awekmelayu https://t.co/XEz7dXf4bs",,1674,,0,
https://x.com/agathe_humbert/status/2100445419033747610,Twitter/X,,,Thu Sep 17 04:43:06 +0000 2026,"cewe hijab mulus banget

https://t.co/BazPAUWjoK

https://t.co/lgpyJdF46K

https://t.co/Wnr7WplBTf

https://t.co/PzCf5JChkX

I Entered Nuvex Purbaya cyntra Nusron shares Maudy Ayunda Viral Flip Pagii Kamis UltraMilk FwogHOOD terbaru https://t.co/FXpFkYMal9",,1666,,2,
https://x.com/MitologiFenrir/status/2100719413377020043,Twitter/X,,,Thu Sep 17 22:51:52 +0000 2026,@imanuel_fl Bahkan punya dapur seperti di videonya Maudy ayunda aja 90% warga indo tidak bisa mengusahakan nya🥲,,1648,,0,
https://x.com/Nyerthakp/status/2100246302315753851,Twitter/X,,,Wed Sep 16 15:31:53 +0000 2026,"@anhtiss Kitanih bkn Tuhan ya, knp bandingin kontribusi antar manusia. Tikus aja punya kontribusi dlm ekosistem, gk pake dibandingin siapa sipaling. Kenapa hrs mengistimewakan kontribusi maudy ayunda? Idih bgt.",,1646,,0,
https://x.com/FickyDM/status/2100169907971522688,Twitter/X,,,Wed Sep 16 10:28:19 +0000 2026,"Ohh wow tulisannya luar biasa, siapapun dapat mencerna langsung inti permasalahan maudy ayunda ini, apa akarnya, kenapa doi problematik, dan kenapa seharusnya kita layak untuk marah. 
I wish I can write this good",,1637,,0,
https://x.com/ugethug/status/2100355383319765378,Twitter/X,,,Wed Sep 16 22:45:20 +0000 2026,"@kondusivitas Ntar suatu hari salah satu dari orang di foto ini ada yg kasih statement/bersikap gak sesuai dgn prinsip netijen, dihujat lagi. Terus dibandingin lagi sama maudy

""Ternyata feeling gue bener, mendingan maudy ayunda kemana mana"" gitu aja terus 😭",,1637,,0,
https://x.com/the_rodeoclown_/status/2100616487660904867,Twitter/X,,,Thu Sep 17 16:02:52 +0000 2026,"I do consider practicing mindfulness reading some of these stretched-out Maudy Ayunda hate tweets... like, dude, move on",,1619,,3,
https://x.com/___rainydaisy/status/2100136067794137096,Twitter/X,,,Wed Sep 16 08:13:51 +0000 2026,"@starfess lah lebih adem ayem pantene ka. noh maudy ayunda sm anggun skrg dipasangin pisan di 1 iklan, sering bgt mondar mandir iklannya",,1599,,0,
https://x.com/tantan857971/status/2100214109476430050,Twitter/X,,,Wed Sep 16 13:23:58 +0000 2026,"@anhtiss Menurutku untuk Maudy Ayunda sama kita kontribusi nya sama sih sama2 dari bayar pajak aja, kalo soal profesi atau kegiatan amal yang dia sebagai penggerak keknya belum ada yg aku lihat. Kenapa ya kadang org g ngerti poin protesnya dimana, tapi dia udah ga stuju",,1579,,0,
https://x.com/KaitoTrivunk/status/2100012431498178971,Twitter/X,,,Wed Sep 16 00:02:34 +0000 2026,@saludosparatii ini apa sih masalahnya ributin maudy ayunda?,,1567,,0,
https://x.com/nxrines/status/2100181692078243933,Twitter/X,,,Wed Sep 16 11:15:09 +0000 2026,"Prank driver maxim
https://t.co/Bik9fCDSou 

https://t.co/TW7JwRpB3Z 

https://t.co/2boQsnAfru 

https://t.co/ue5ruIWpJf
Maudy Ayunda UltraMilk Toraja Houthi GMMTVStarlympics2026 B. GEMBLONG https://t.co/rpf3FwgAaM",,1561,,1,
https://x.com/dinday6_/status/2100442612729782386,Twitter/X,,,Thu Sep 17 04:31:57 +0000 2026,"Baru nonton videonya Maudy Ayunda full sampe habis. Ini pendapatku pribadi :
sebetulnya yang dia sampaikan di video itu ada benarnya, tapi kalo melihat dari background kehidupan dia yang bisa dibilang kaya raya dan kegiatannya dia sambil ngomong di video ini (bikin sarapan pakai 3 telur omega dan sempet ngeluh kalo rotinya dia terlalu sehat) ditambah timingnya yang buruk banget dimana semua orang lagi kesusahan, jadi bisa diliat gak berempati. somehow rasanya kayak liat marie antoinette lagi ngomongin rakyatnya susah makan tapi sambil ngunyah cake mahal. apa yang diomongin maudy ini lebih cocok buat diomongin ke circlenya dia aja, which is sesama orang kaya yang cuma melihat orang lain susah dan gak merasakan kesusahan. gimana ceritanya kalo dia bilang ""kita harus mengurangi konsumsi bad news"" tapi yang kita hadapi sehari-hari ya emang bad news.",,1546,,3,
https://x.com/chaaaaww/status/2100363322432610514,Twitter/X,,,Wed Sep 16 23:16:53 +0000 2026,"Mindfulness ala Maudy Ayunda:
• ngatur waktu baca berita
• pilah pilih sumber bacaan
• refleksi batin

Mindfulness ala aku:
• jajan mie ayam 
• gajian 
• tidorrrrr",,1528,,19,
https://x.com/derfennec/status/2100138928095522833,Twitter/X,,,Wed Sep 16 08:25:13 +0000 2026,"Dari dulu gue udah sentimen ama Maudy Ayunda, kok orang baru sekarang sadarnya sih. 😭",,1526,,0,
https://x.com/AngekEspinoza/status/2100266615158005988,Twitter/X,,,Wed Sep 16 16:52:36 +0000 2026,"cici cindo sebelu mmain

https://t.co/aap0NZcbWM

https://t.co/fZYCIiSLeY

https://t.co/QIGtCxb109

https://t.co/fSL8mcqCBB

LBankSpaces Bubarkan KKB Purbaya Cyntra Nuvex Terbaru Nusron Arc Chain Menkeu JUlio Cesar Telan Teja UltraMilk Tanamal Viral Maudy Ayunda https://t.co/f2TakyhSJM",,1524,,0,
https://x.com/Henik_yuli/status/2100361135614734751,Twitter/X,,,Wed Sep 16 23:08:12 +0000 2026,"Keren banget dech Undip Dampingi Pembentukan Kios Tani untuk Dukung Cetak Sawah 6.500 Ha di Papua

Pagii Purbaya Sri Mulyani Menkeu Maudy Ayunda Adeyemi Carrick

https://t.co/PGf8HUrARG https://t.co/uVnqqva7WC",,1498,,28,
https://x.com/Netizen_bawel/status/2100205403095069133,Twitter/X,,,Wed Sep 16 12:49:22 +0000 2026,Pasti Maudy Ayunda ga suka lihat berita ini,,1468,,0,
https://x.com/winandorio/status/2100003298095051203,Twitter/X,,,Tue Sep 15 23:26:17 +0000 2026,"Ngarepin maudy ayunda jadi siddharta is a stretch bro, orang super kaya itu paling bagus gausah muncul publik",,1406,,0,
https://x.com/rizkidwika/status/2100026696099631255,Twitter/X,,,Wed Sep 16 00:59:15 +0000 2026,"Puteri Tone Deaf 2024:
Erina Gudono
Puteri Tone Deaf 2025:
Kiky Saputri
Puteri Tone Deaf 2026:
Maudy Ayunda

Yang mana Puteri Tone Deaf favorit u?",,1390,,0,
https://x.com/petiteshu/status/2100184046123020785,Twitter/X,,,Wed Sep 16 11:24:30 +0000 2026,aku kalo jadi maudy ayunda abis baca ini langsung tutup akun nangis seminggu.,,1385,,0,
https://x.com/deraaaaaak/status/2100036415077925286,Twitter/X,,,Wed Sep 16 01:37:52 +0000 2026,"Jd inget dulu ART di rumah, gue puji mirip maudy ayunda, cuma kurang dempul sama opini jelek aja.",,1371,,3,
https://x.com/baek_lalaby/status/2100617970582249898,Twitter/X,,,Thu Sep 17 16:08:46 +0000 2026,@letsluvself Gapernah nyangka liat Maudy ayunda jd dititik ini njir😃,,1341,,0,
https://x.com/cacingkremik/status/2100064907341472019,Twitter/X,,,Wed Sep 16 03:31:05 +0000 2026,"jauuuuh sebelum kasus ini viral, temen gue pernah kasih info katanya maudy ayunda tuh punya team PR yg tugasnya nyebokin blunder dia/menghempas para haters supaya personal brandingnya sebagai well-educated celebrity tetap terjaga

oh bener ternyata yha wkwkwk",,1322,,0,
https://x.com/dewa76812781826/status/2100039655119114330,Twitter/X,,,Wed Sep 16 01:50:45 +0000 2026,"Kalau ada anak sakit, yang pertama dilakukan harus pemeriksaan medis dan investigasi, bukan mencari siapa yang dianggap membesar-besarkan.

Maudy Ayunda &gt; Cyntra &gt; Nuvex &gt; Menkeu &gt; Menteri Keuangan &gt; Espi &gt; Ed Sheeran &gt; Suahasil Nazara &gt; Sri Mulyani &gt; Glass Aura &gt; Pagii &gt; AYCE &gt;",,1303,,0,
https://x.com/pochacou/status/2100241093531197494,Twitter/X,,,Wed Sep 16 15:11:11 +0000 2026,"11:12 maudy ayunda in different way. Maudy anggap kejadian buruk nyata di indo belakangan hanya sebagai bad news, giselle anggap real criminals hanya sebagai aesthetic. Cocok jadi bestie. https://t.co/ZvzW5Rsple",,1298,,0,
https://x.com/ugethug/status/2100367742910230764,Twitter/X,,,Wed Sep 16 23:34:27 +0000 2026,"@TOGERD Saya,tak pernah terpikirkan downfallnya barengan sama dowmfall nya maudy ayunda 😭",,1277,,0,
https://x.com/JackelinAleja/status/2100134843153887490,Twitter/X,,,Wed Sep 16 08:08:59 +0000 2026,"Ngecas bareng kakak!

https://t.co/gCLPuyx4Js

https://t.co/6YdjAzdCp8

https://t.co/8AvRVRCdfz

Purbaya Kepedulian Kesadaran Bersama Cyntra A. APE Menkeu Maudy Ayunda https://t.co/lH6g7TMtpa",,1276,,0,
https://x.com/Realvcs65638/status/2100307661892059164,Twitter/X,,,Wed Sep 16 19:35:43 +0000 2026,Maudy Ayunda vcs https://t.co/5LtD57gucd,,1247,,3,
https://x.com/xyaoguangx/status/2100574016486658502,Twitter/X,,,Thu Sep 17 13:14:06 +0000 2026,@raku__nn Tag maudy ayunda 😭😭😭😭😭😭😭,,1236,,0,
https://x.com/agathe_humbert/status/2100445344995909924,Twitter/X,,,Thu Sep 17 04:42:49 +0000 2026,"bu guru dan murid lagi ramai

https://t.co/BazPAUWjoK

https://t.co/lgpyJdF46K

https://t.co/Wnr7WplBTf

https://t.co/PzCf5JChkX

I Entered Nuvex Purbaya cyntra Nusron shares Maudy Ayunda Viral Flip Pagii Kamis UltraMilk FwogHOOD terbaru https://t.co/vOIKmyjQLK",,1208,,2,
https://x.com/rereik__/status/2100271637606387847,Twitter/X,,,Wed Sep 16 17:12:34 +0000 2026,@letsluvself anjir jadi maudy ayunda baca ini nangis ketanpar realita sih bkn bad news lagi buat dia wkwkwk,,1204,,0,
https://x.com/ymnottommy/status/2100049212729901375,Twitter/X,,,Wed Sep 16 02:28:43 +0000 2026,@dosenkesmas Kontribusi Maudy Ayunda apa emang btw?,,1203,,0,
https://x.com/Dr_Ximenes/status/2100287693121024299,Twitter/X,,,Wed Sep 16 18:16:22 +0000 2026,"ampai nembak dimuka mulus

https://t.co/LIrymjQDli

https://t.co/vxTQnZv0VH

https://t.co/XC4wnBURuy

https://t.co/oOf4tOLoqr

Terbaru Arc Chain Julio Cesar Teja Maudy Ayunda nighTAN Minted KuCoin Viral Glass Aura UltraMilk Tanamal Tolly https://t.co/LCKsI3gFs2",,1202,,3,
https://x.com/byrigss/status/2100043151394398552,Twitter/X,,,Wed Sep 16 02:04:38 +0000 2026,@dosenkesmas Lagian konstribusi maudy ayunda di idup si late apa sih ampe segitunya banget bela orang wkwk,,1194,,0,
https://x.com/initialyyi/status/2100193787343442369,Twitter/X,,,Wed Sep 16 12:03:13 +0000 2026,"@chitattooes Nah makanya udh lah gk usah ngefans sama artis"" itu apalagi yg dari kecil udh hidup mewah, mereka gk bersuara aja kaya maudy ayunda padahal kalo mereka"" bersuara yg gk beda jauh pemikirannya ama maudy wkwk",,1190,,0,
https://x.com/jawafess/status/2100598454703837486,Twitter/X,,,Thu Sep 17 14:51:13 +0000 2026,@coffebit Maudy Ayunda kiro2 tau ngrasakke madang nang wajan ra yo? Lawuh jangan koret2an,,1179,,1,
https://x.com/brendazbacknick/status/2100587073497596307,Twitter/X,,,Thu Sep 17 14:05:59 +0000 2026,"@itzmicin @naughtober Lah habis yakin 100% bilang gam boleh tiba2 bilanh ""jujur kak aku ga tau"". Maudy Ayunda versi lite kah anda?",,1173,,1,
https://x.com/mediaindonesia/status/2100089311022751894,Twitter/X,,,Wed Sep 16 05:08:04 +0000 2026,"Diet Informasi Tak Padamkan Kerhutla

Fenomena mindfulness ala Maudy Ayunda menarik untuk dilihat bukan sekadar sebagai persoalan setuju atau tidak setuju. Di balik gagasan tentang information diet dan membatasi paparan bad news, ada pertanyaan yang lebih mendasar: apakah semua orang memiliki kebebasan yang sama untuk memilih informasi yang ingin mereka konsumsi?

The Editors kali ini, Media Indonesia membahas fenomena tersebut melalui perspektif Uses and Gratifications Theory, konsep active audience, agency, information diet, hingga persoalan privilege dalam memilih informasi.

Kita memang memiliki hak untuk memilih apa yang ingin dibaca, ditonton, dan didengarkan. Namun, kemampuan untuk mengambil jarak dari berita tidak selalu dimiliki semua orang dalam kondisi yang sama.

Bagi sebagian orang, berita tentang kenaikan harga, bencana, kebakaran hutan, atau krisis bukan sekadar informasi di layar. Itu bisa menjadi bagian langsung dari kehidupan mereka.

Lantas, bagaimana seharusnya kita mengelola konsumsi informasi tanpa kehilangan empati dan kemampuan memahami realitas sosial?

Simak pembahasannya dan sampaikan pendapat kamu di kolom komentar.
#MaudyAyunda #Mindfulness #BadNews",,1158,,0,
https://x.com/JosephV49762783/status/2100606366511739168,Twitter/X,,,Thu Sep 17 15:22:39 +0000 2026,"anak sma open sama om2

https://t.co/ZFymY02sRS

https://t.co/oSib6IsEKk

https://t.co/og7PQIkOOp

https://t.co/NlijWMsgQP

ayunda terbaru cyntra termmax BIGBANG Coffe Malam Jumat Viral jihoon yejun maudy https://t.co/H8xWKlHwjs",,1148,,2,
https://x.com/adammmsan/status/2100434887903944953,Twitter/X,,,Thu Sep 17 04:01:16 +0000 2026,"@letsluvself Keren dari pemilihan katanya bisa mendefinisikan bgt kesalahan Maudy Ayunda, jadi statementnya bener2 rapih

Ga asal ""ah tone deaf"", ""ah ga peka""

Angkat topi buat Buitenzorgy 🫡 #respect",,1146,,0,
https://x.com/marcerrrinn/status/2100057709144060010,Twitter/X,,,Wed Sep 16 03:02:29 +0000 2026,"@satirnesia Jyujyur aku heran ama Maudy Ayunda. I mean dia itu kan awardee lpdp ya, cerdas dan pintar, tapi PR dia kok begitu. Dia menjawab issue soal tonedeaf, malah jatuhnya nirempati. Ini manager dia masa nggak ngingetin buat diam dulu aja daripada ngomong makin dihujat.",,1142,,1,
https://x.com/lee00830886/status/2100299325880631399,Twitter/X,,,Wed Sep 16 19:02:35 +0000 2026,"hot girl gets gangbanged by a crowd in the kitchen goes viral😊👌🏻

https://t.co/LWdVjLhpx9

https://t.co/LWdVjLhpx9

https://t.co/LWdVjLhpx9

https://t.co/LWdVjLhpx9

Monday Opponent 10 Latest Viral Aqeela LPDP Morning Roll Call Java Sea Maudy Ayunda Calista https://t.co/HVSASFPGZy",,1141,,0,
https://x.com/bslpst/status/2100043598020616560,Twitter/X,,,Wed Sep 16 02:06:25 +0000 2026,@dosenkesmas Lagian kontribusi maudy ayunda selain pajak apaan dah?,,1111,,0,
https://x.com/cdramatique/status/2100494747614003275,Twitter/X,,,Thu Sep 17 07:59:07 +0000 2026,Kalian harus baca sampai habis atas tanggapan ibu ini atas konten mindfulness Maudy Ayunda https://t.co/7fGDUQG8ev,,1099,,1,
https://x.com/R_Perkasa/status/2100044920665108481,Twitter/X,,,Wed Sep 16 02:11:40 +0000 2026,@panditfootball Bonek 1-0 Maudy Ayunda,,1094,,0,
https://x.com/EkasariLiliput/status/2100060100060987443,Twitter/X,,,Wed Sep 16 03:11:59 +0000 2026,Bukan Maudy Ayunda 😁 https://t.co/9JQlQCmlOV,,1089,,8,
https://x.com/gimbot75/status/2100011066550088102,Twitter/X,,,Tue Sep 15 23:57:09 +0000 2026,"Maudy Ayunda 
Apakah harus pakai mindfullness untuk mengabaikan fakta bahwa masih ada artis yang promosikan brand terafiliasi? 

Tulis pendapat mu besss🤙
Threads https://t.co/mGgDjpQCdv",,1089,,2,
https://x.com/argyrgy/status/2100034316663419290,Twitter/X,,,Wed Sep 16 01:29:32 +0000 2026,"@insidefolkative Biasain happy liat orang lain happy? Enak aja happy liat orang lain happy, gw mah selalu mbatin yang lagi naik buat jatoh. Lu nggak tau tu Maudy Ayunda udah dari berapa tahun gw pengen liat di situasi dia sekarang?",,1066,,0,
https://x.com/rasanyagak65512/status/2100120071322608106,Twitter/X,,,Wed Sep 16 07:10:18 +0000 2026,Sri Mulyani | Toraja |  Maudy Ayunda | AYCE | B. GEMBLONG | Nuvek | Purbaya | A.APE | Cyntra | C. CUCUR | ARC Chain | Menkeu | Nusron | Jumver | DGrid | Love Destiny Final EP | Menteri Keuangan | Ed Sheeran |,,1059,,0,
https://x.com/luluunatic/status/2100746585034617085,Twitter/X,,,Fri Sep 18 00:39:50 +0000 2026,"@Smash1014314 Netizen itu kejam banget. Maudy Ayunda diwitchhunt habis2an kayak orang S2 yang kabur ke UK itu padahal kesalahan yang dia buat nggak sebesar dosa Luhut, Prabowo, atau Bunted. Dia bahkan masih ""golongan"" kita alias dia sbtulnya ikut fight juga untuk Karhutla, NTT, dll.",,1054,,0,
https://x.com/Sphaman78885469/status/2100287913871524262,Twitter/X,,,Wed Sep 16 18:17:14 +0000 2026,"cewe hijab muka polos emut dimobil

https://t.co/RakOcTZcS0

https://t.co/OQYYrU4PiM

https://t.co/9YbJT77VBF

https://t.co/5DlKvPlJw7

UltraMilk Tanamal Tolly Terbaru Arc Chain Julio Cesar Teja Maudy Ayunda nighTAN Minted KuCoin Viral Glass Aura https://t.co/SsTKc2alFv",,1012,,2,
https://x.com/joseovidiohenao/status/2100020214922719387,Twitter/X,,,Wed Sep 16 00:33:30 +0000 2026,"Welcome Rabu! Maudy Ayunda vibes + Messi energy bareng Purbaya &amp; Yandi pakai Jumper kece 🔥

Yuk main di livu chamet ometv, biar malam ini makin seru! ✨ https://t.co/8PzdF8rk0E",,997,,0,
https://x.com/ogiolio/status/2100261605653250154,Twitter/X,,,Wed Sep 16 16:32:42 +0000 2026,@sapphireworm @letsluvself pakai bahasa kotor pun gapapa karena konsekuensi dari demokrasi itu bebas mengutarakan apa aja dalam menyampaikan kritik tapi untuk maudy ayunda kayanya lebih sakit baca kalimat begini dibanding pake bahasa kotor,,975,,1,
https://x.com/orcanusapiens/status/2100170580775596033,Twitter/X,,,Wed Sep 16 10:31:00 +0000 2026,ironisnya s2 maudy ayunda ada education2nya,,966,,0,
https://x.com/ultimaggnar/status/2100135486413275168,Twitter/X,,,Wed Sep 16 08:11:33 +0000 2026,@Ses_tudio @LambeSahamjja Skill timing Maudy Ayunda? Wkwkwk serius lo? Maudy siapa? Kompetensi apa? Cuman modal tampang aja.,,959,,3,
https://x.com/vcs1366375/status/2100290743613198416,Twitter/X,,,Wed Sep 16 18:28:29 +0000 2026,Maudy Ayunda vcs https://t.co/2nuNVZzpwJ,,954,,0,
https://x.com/kompasiana/status/2100249113581547939,Twitter/X,,,Wed Sep 16 15:43:04 +0000 2026,"Maudy Ayunda, Berita Buruk, dan Batas antara Menjaga Mental dan Peduli https://t.co/9mGwAYJlOx",,937,,0,
https://x.com/ardhsta/status/2100145525504762054,Twitter/X,,,Wed Sep 16 08:51:26 +0000 2026,@zakkafm Kenapa pola pikir cinta laura dan maudy ayunda bertolak belakang 180 derajat?,,935,,0,
https://x.com/ommi_siregar/status/2100097123194749327,Twitter/X,,,Wed Sep 16 05:39:06 +0000 2026,"Terkadang tinggal di menara gading membuat orang
 jadi minus empati. 

Maudy Ayunda contohnya. https://t.co/N29w6KTIFU",,930,,4,
https://x.com/akuyoyo/status/2100012436070051916,Twitter/X,,,Wed Sep 16 00:02:35 +0000 2026,"boikot produk maudy ayunda, pdhal bahan skincare utama dia katanya itu dari hutan kalimantan lohh (cmiiw) kok bisa tone deaf bgt",,922,,11,
https://x.com/OneStopUnited/status/2100549470526267712,Twitter/X,,,Thu Sep 17 11:36:34 +0000 2026,"Maudy Ayunda dengan video seharmless itu…

jadi polemik untuk masyarakat.

Jadi paham masalahnya dimana sekarang…",,915,,3,
https://x.com/p8dripepi/status/2100161079154557012,Twitter/X,,,Wed Sep 16 09:53:15 +0000 2026,"adem dan kabut, tapi ga sehat. kayak gini maudy ayunda bacot nyuruh ""mindfulness"" tp dia mana ngerasain ngehirup asap begini tiap hari dampot😭 https://t.co/URsRKgEv56",,914,,8,
https://x.com/dudukoey/status/2100508490230059168,Twitter/X,,,Thu Sep 17 08:53:44 +0000 2026,"@GusDikaOfficial anies = nganggur
ganjar = lari
purbaya = mancing

maudy ayunda = mindfull??",,907,,0,
https://x.com/24710withNuna/status/2100048844977488267,Twitter/X,,,Wed Sep 16 02:27:16 +0000 2026,@dosenkesmas Siapa sih Maudy Ayunda itu tanpa privilege yang dia punya?,,888,,0,
https://x.com/belindch/status/2100189299891491218,Twitter/X,,,Wed Sep 16 11:45:23 +0000 2026,"Keriuhan temlenku hari ini:
1. Anak2 
2. Maudy Ayunda",,850,,2,
https://x.com/FNazy14/status/2100186314868183434,Twitter/X,,,Wed Sep 16 11:33:31 +0000 2026,"@WhateverYeollie @Saint_Inang @dosenkesmas Yaelah akses modal segede itu, ga perlu kayak maudy ayunda utk bkin bisnis gitu, lagian background pendidikan dia ga nyambung sama kontribusi nya di indonesia. Lu cek aja dia di oxford dan standford ngambil jurusan apaan.",,844,,0,
https://x.com/spicytepanyaki/status/2100163119096144376,Twitter/X,,,Wed Sep 16 10:01:21 +0000 2026,"Maudy ayunda makan naget berapa pcs ya sekali goreng

Kudu pake nasi kagak ye sama emaknya https://t.co/rseQ41LfyQ",,828,,2,
https://x.com/oceanon12/status/2100356982893092881,Twitter/X,,,Wed Sep 16 22:51:42 +0000 2026,"@dosenkesmas Kontribusi maudy ayunda emg apa buat negeri ini?
Jadi artis pun gak ngaruh ke rakyat, lebih respect sm org2 biasa yg mau mengabdi buat negeri, kuliah tinggi2 masuk ke pedalaman untuk memperbaiki generasi, untuk menutupi kebobrokan pemerintah, nah maudy ini apa sumbangsinya",,824,,0,
https://x.com/kesetrump/status/2100481027332583469,Twitter/X,,,Thu Sep 17 07:04:36 +0000 2026,Hai…aku tau kamu lg pengen bercanda tp kamu mau ga aku kasih kuliah umum 16 sks ttg perbedaan lukisan penangkapan Diponegoro karya Pieneman sm Raden Saleh? /bertanya dengan nada Maudy Ayunda,,818,,3,
https://x.com/HuhuHaha0006/status/2100113919570526634,Twitter/X,,,Wed Sep 16 06:45:51 +0000 2026,@dosenkesmas Fck Maudy Ayunda dlu suka bamget sama dy skrag jd tone deaf kek gini,,801,,0,
https://x.com/rkmndsfilm/status/2100115807741297075,Twitter/X,,,Wed Sep 16 06:53:21 +0000 2026,maudy ayunda hrsnya nonton parasite dulu si.. https://t.co/N1x465V9AS,,799,,0,
https://x.com/R_AksoPram/status/2100192231554793605,Twitter/X,,,Wed Sep 16 11:57:02 +0000 2026,"@IOS_GrizlyWolf Oxford universitas/sekolah impian dari maudy ayunda
https://t.co/JRPeBqq4M2",,796,,0,
https://x.com/FegasonRexter/status/2100558960508190981,Twitter/X,,,Thu Sep 17 12:14:17 +0000 2026,@Smash1014314 Si Maudy Ayunda ini yg pernah di kasih teh yg udah di ludahin para crew ga sih? wkwk,,791,,0,
https://x.com/ayutopiaa/status/2100546476334371196,Twitter/X,,,Thu Sep 17 11:24:40 +0000 2026,"@imanuel_fl Ya ampun, bener² dikuliti ini Si Maudy Ayunda.",,788,,0,
https://x.com/lee00830886/status/2100303104713556166,Twitter/X,,,Wed Sep 16 19:17:36 +0000 2026,"hot girl gets gangbanged by a crowd in the kitchen goes viral😲👌🏻

https://t.co/LWdVjLhpx9

https://t.co/LWdVjLhpx9

https://t.co/LWdVjLhpx9

https://t.co/LWdVjLhpx9

Monday Opponent 10 Latest Viral Aqeela LPDP Morning Roll Call Java Sea Maudy Ayunda Calista https://t.co/LGVBbExPRf",,788,,0,
https://x.com/lockstock27/status/2100036989361988044,Twitter/X,,,Wed Sep 16 01:40:09 +0000 2026,"@radixhidayat Justru yg dilakuin maudy ayunda itu karena dia sadar diri, dia munafik bicara soal lingkungan padahal dia sendiri ikut berkontribusi dalam kerusakan lingkungan demi memenuhi kebutuhannya, dia memilih diam karena tidak mau terlihat seperti hipokrit",,787,,1,
https://x.com/ydrefla7_/status/2100216559121863000,Twitter/X,,,Wed Sep 16 13:33:42 +0000 2026,"Selesai tuh Maudy Ayunda.

Hidupnya tinggal sebatas jadi suami Orang Korea semata.",,787,,0,
https://x.com/poemhiy/status/2100663791352766965,Twitter/X,,,Thu Sep 17 19:10:50 +0000 2026,"karyawan dan atasan yang lagi viral

https://t.co/68ntPQbutd

https://t.co/2EX7wGmzGE

https://t.co/Y7UKsv7YG4

Malam Jumat Maudy Ayunda Maljum Jihan Coffee Purbaya Kamis Nuvex https://t.co/FZkPA9sdIM",,785,,0,
https://x.com/rsngprad/status/2100499245828845916,Twitter/X,,,Thu Sep 17 08:17:00 +0000 2026,"Di saat-saat kayak gini, pengen banget mindfull kayak Maudy Ayunda",,783,,0,
https://x.com/friedricelogy/status/2100232458944049658,Twitter/X,,,Wed Sep 16 14:36:53 +0000 2026,Tetapi ketika Maudy Ayunda,,757,,0,
https://x.com/magdaleneid/status/2100537324266500527,Twitter/X,,,Thu Sep 17 10:48:18 +0000 2026,"Berita buruk mungkin bisa dihindari dengan membatasi konsumsi informasi.

Namun, bagi sebagian orang, realitas buruk tetap hadir dan harus dihadapi setiap hari.

https://t.co/bytBj1BITs",,741,,0,
https://x.com/yasika_fm/status/2100408417496289768,Twitter/X,,,Thu Sep 17 02:16:05 +0000 2026,"Maudy Ayunda tengah menjadi obrolan hangat netizen setelah kontennya soal mindfulness ramai dibahas di jagat maya. Namun, ternyata sebelum dirujak netizen hari ini, presenter senior Dave Hendrik sudah lebih dulu menyinggung hal serupa beberapa bulan lalu. https://t.co/huIOqpTyrK",,736,,6,
https://x.com/yeasahlee/status/2100248239303987541,Twitter/X,,,Wed Sep 16 15:39:35 +0000 2026,"udh 3 hari 3 malem si maudy apa gak sedih dan tergerak ya hatinya baca pov korban sumatera, ntt, kalimantan semuanya speak up dari konten yang dia bikin sendiri efeknya separah itu. kalo gw jadi maudy sih udah post handwritten di ig “annyeonghaseyeo this is maudy ayunda imnida”",,734,,0,
https://x.com/jaeyunn02/status/2100188660264280481,Twitter/X,,,Wed Sep 16 11:42:50 +0000 2026,"@chitattooes Paling mindset-nya ""Let Them"" itu si maudy ayunda",,728,,0,
https://x.com/hutjawa/status/2100129931699397115,Twitter/X,,,Wed Sep 16 07:49:28 +0000 2026,Di another universe gw maudy ayunda jier 😭 https://t.co/zQnKdCigw0,,716,,2,
https://x.com/rahdanim/status/2100077786493079560,Twitter/X,,,Wed Sep 16 04:22:16 +0000 2026,"@SalingJagaWarga Lah pake nanya? Maudy ayunda lu?
Udah jadi rahasia umum klo tentara di indo banyak yg kerja jadi ""satpam"" kebun sawit atau gak rumah boss boss oligarki😹",,715,,0,
https://x.com/andrepradana27/status/2100151737545859265,Twitter/X,,,Wed Sep 16 09:16:07 +0000 2026,"Kira2 nih, Maudy Ayunda bakal mencret2 ngga ya ketika dia baca ini?

Eh beliau pasti ngga bakal baca demi menjaga ✨mindfulness✨",,714,,0,
https://x.com/dipanggilarman/status/2100104006299488742,Twitter/X,,,Wed Sep 16 06:06:27 +0000 2026,Maudy ayunda pernah ngebalik hand body lotion kayak gini biar bisa dikecrot-kecro keluar gak ya? https://t.co/cEUQuGcUu2,,706,,9,
https://x.com/iamanjeun/status/2100563830036471939,Twitter/X,,,Thu Sep 17 12:33:38 +0000 2026,"ga nyangka ya seorang maudy ayunda yg dipuja puji dulunya karna cantik berprestasi dan karir cemerlang, sekarang kolom komentarnya penuh hujatan.
roda memanglah terus berputar🙂 https://t.co/Uj0dQzaTAD",,702,,0,
https://x.com/Analymancio/status/2100595861608927597,Twitter/X,,,Thu Sep 17 14:40:55 +0000 2026,"🎬 Ibu guru vs murid yang viral!

https://t.co/PZwFljHGxb

https://t.co/QBZ21ldUxW

https://t.co/X78r1LrU0W

Malam Jumat Maudy Ayunda Maljum Jihan Coffee Purbaya https://t.co/L5NxGcgeWY",,682,,0,
https://x.com/pesandarisyahid/status/2100101373987803373,Twitter/X,,,Wed Sep 16 05:56:00 +0000 2026,"""Mereka (Israel) tidak menargetkan apa-apa, kecuali nyawa manusia tidak berdosa; anak kecil.""

@pesandarisyahid  
Viral Purabaya komitmen Maudy Ayunda https://t.co/cA1RGm9pc1",,681,,0,
https://x.com/RagilSemar/status/2100573620305297592,Twitter/X,,,Thu Sep 17 13:12:32 +0000 2026,"Ketenangan pribadi tidak boleh dibeli dengan menghapus kesadaran terhadap penderitaan orang lain.

#Mindfulness seharusnya membantu kita mengelola beban dunia, bukan memberi pembenaran untuk berpaling dari dunia.

Halo, Maudy Ayunda",,672,,0,
https://x.com/Naveikavuni/status/2100057934692847750,Twitter/X,,,Wed Sep 16 03:03:23 +0000 2026,suruh maudy ayunda ngerasain ini semua,,656,,0,
https://x.com/dennyfebia50888/status/2100033377823023129,Twitter/X,,,Wed Sep 16 01:25:48 +0000 2026,"Kalau benar ada puluhan ribu laporan siswa terdampak, masa jawabannya cuma “drama”?

Glass Aura &gt; Pagii &gt; AYCE &gt; Maudy Ayunda &gt; Cyntra &gt; Nuvex &gt; Menkeu &gt; Menteri Keuangan &gt; Espi &gt; Ed Sheeran &gt; Suahasil Nazara &gt; Jumper &gt; Robinhood Chain &gt; FITNESS INDEX &gt; Sri Mulyani &gt;",,649,,0,
https://x.com/SINDOnews/status/2100200528567570808,Twitter/X,,,Wed Sep 16 12:30:00 +0000 2026,"Mindfulness kembali menjadi sorotan setelah konten Maudy Ayunda tentang menghadapi derasnya berita buruk menuai polemik.

Mindfulness bukan berarti menghindari masalah, melainkan melatih diri untuk lebih sadar terhadap pikiran, perasaan, dan kondisi yang sedang dihadapi. Praktik ini dapat menjadi salah satu cara untuk membantu mengelola stres dan kecemasan.

Baca selengkapnya di https://t.co/P4hVRFIVUw

#SINDONews #SINDONewscom #SINDNewsBeyondHeadlines #SINDONewsTV #iNewsMediaGroup #BeritaTerkini #Mindfulness #MaudyAyunda #KesehatanMental #Stres #Kecemasan #SelfCare #MentalHealth",,640,,0,
https://x.com/hasmibakhtiar/status/2100132193548767630,Twitter/X,,,Wed Sep 16 07:58:28 +0000 2026,@Buti940015 Tadinya gw mau bahas Maudy Ayunda tapi udah keburu dibahas pak @Partono_ADjem hehe,,636,,1,
https://x.com/Kellyga22/status/2100631615089336819,Twitter/X,,,Thu Sep 17 17:02:59 +0000 2026,"Di gilir ojol viral 

https://t.co/u9NQIS24xm

https://t.co/q2aoWJ9oSR

https://t.co/61rH4dQIzv

https://t.co/Dq6d8Qfyxr

Malam Jumat Maudy Ayunda Maljum Jihan Coffee Durian https://t.co/yclvkE7AMm",,635,,0,
https://x.com/cosmicv0mit/status/2100619257625411644,Twitter/X,,,Thu Sep 17 16:13:53 +0000 2026,intine maudy ayunda iku congok,,634,,2,
https://x.com/gimbot75/status/2100465737735241945,Twitter/X,,,Thu Sep 17 06:03:51 +0000 2026,Mindfullness ala Maudy Ayunda ❤ https://t.co/6FZZUiBF1A,,629,,0,
https://x.com/Dineshs14910783/status/2100664200611660159,Twitter/X,,,Thu Sep 17 19:12:28 +0000 2026,"Biksu Thailand yang lagi rame

https://t.co/ChkQDYdt0Q

https://t.co/ChkQDYdt0Q

https://t.co/ChkQDYdt0Q

https://t.co/ChkQDYdt0Q
https://t.co/ChkQDYdt0Q

Senin Lawan 10 Viral Aqeela Terbaru LPDP Laut Jawa Maudy Ayunda Calista panas😆😀 https://t.co/vRFzXndFjC",,627,,0,
https://x.com/iqfd16/status/2100500989744910698,Twitter/X,,,Thu Sep 17 08:23:56 +0000 2026,"@GusDikaOfficial Bagi yang lagi Anies(kalah), cobain aktivitas Ganjar(bokep) dan Purbaya(dipecat). Mudah-mudahan bisa bikin jadi Maudy Ayunda(tonedeaf)",,622,,0,
https://x.com/WOLF_of_IHSG/status/2100578596301775083,Twitter/X,,,Thu Sep 17 13:32:18 +0000 2026,Maudy Ayunda kalau jadi trader di bursa sini dan  kasih rekomendasi Buku 📕 https://t.co/Gxs7MBEwRI,,620,,1,
https://x.com/aditbeem/status/2100080102113685688,Twitter/X,,,Wed Sep 16 04:31:28 +0000 2026,@dosenkesmas Emang Maudy Ayunda ini kontribusinya apa?,,608,,0,
https://x.com/lin_akra/status/2100665038251987345,Twitter/X,,,Thu Sep 17 19:15:48 +0000 2026,"Biksu Thailand yang lagi rame

https://t.co/DJvhpGAbmP

https://t.co/DJvhpGAbmP

https://t.co/DJvhpGAbmP

https://t.co/DJvhpGAbmP
https://t.co/DJvhpGAbmP

Senin Lawan 10 Viral Aqeela Terbaru LPDP Laut Jawa Maudy Ayunda Calista panas😘😇😅 https://t.co/g0KV2afhhs",,599,,0,
https://x.com/2r_esta/status/2100598869746933884,Twitter/X,,,Thu Sep 17 14:52:52 +0000 2026,"🎬 Adek kakak viral main di kursi!

https://t.co/67GK0SXCfW

https://t.co/86jtwfBXmf

https://t.co/1aXherEGnu

Malam Jumat Maudy Ayunda Maljum Jihan Coffee Purbaya Kamis https://t.co/scibAbYZGa",,582,,0,
https://x.com/aman_shiowla/status/2100322235785564578,Twitter/X,,,Wed Sep 16 20:33:37 +0000 2026,"Mimpi menanam padi sering dikaitkan dengan berbagai makna simbolis. Dalam tafsir tradisional, mimpi ini dapat menggambarkan rezeki, kerja keras, kesabaran.
#TafsirMimpi #ArtiMimpi #MimpiMenanamPadi #MaknaMimpi 

Maudy Ayunda Cuddle Up with Aylio kepedulian kesadaran bersama https://t.co/PZx3cil1vO",,567,,0,
https://x.com/nyssasya/status/2100640228994334878,Twitter/X,,,Thu Sep 17 17:37:13 +0000 2026,"@rezzm_ soalnya ada emang orang yang kadar empatinya minim. coba aja dihitung diantara temen sekelas kita dulu, pasti ada yang cuek dan ga pedulian. nah salahnya si maudy ayunda ini dia terkenal. dia bisa influence people. kalau mau abai sendiri sih yaudah. tapi jangan ngajak-ngajak.",,560,,0,
https://x.com/11per100/status/2100066473649831985,Twitter/X,,,Wed Sep 16 03:37:19 +0000 2026,"@dosenkesmas harusnya pertanyaannya, maudy ayunda sbg penerima lpdp yang biayanya dari apbn itu, kontribusinya apa😹",,548,,0,
https://x.com/AnzarArjun/status/2100603849367343289,Twitter/X,,,Thu Sep 17 15:12:39 +0000 2026,"Biksu Thailand yang lagi viral 

https://t.co/bjhu1QhvDZ

https://t.co/h67hQZJ2ik

https://t.co/AcEuQVdd9Q

https://t.co/MH4fGuyheu

Malam Jumat Maudy Ayunda Maljum Jihan Coffee https://t.co/vZvyXiJSh4",,527,,0,
https://x.com/erincu0509/status/2100452749217509846,Twitter/X,,,Thu Sep 17 05:12:14 +0000 2026,"https://t.co/wCBy1FW4t3
https://t.co/ZLUkw50xwp
https://t.co/t6jLM8xjaR
https://t.co/ABrguQwRmn

Maudy Ayunda Viral Flip Pagii Kamis UltraMilk FwogHOOD terbaru I Entered Nuvex Purbaya cyntra Nusron shares https://t.co/zRjf95XCM9",,525,,0,
https://x.com/lee00830886/status/2100683425111998483,Twitter/X,,,Thu Sep 17 20:28:52 +0000 2026,"bu guru digilir rame2 sama murid😲😊

https://t.co/LWdVjLhpx9

https://t.co/LWdVjLhpx9

https://t.co/LWdVjLhpx9

https://t.co/LWdVjLhpx9

Purbaya cyntra Nusron shares Maudy Ayunda Viral Flip Pagii Kamis UltraMilk FwogHOOD terbaru I Entered Nuvex https://t.co/pQCZbywBP1",,519,,0,
https://x.com/worthlessix/status/2100774494386401505,Twitter/X,,,Fri Sep 18 02:30:44 +0000 2026,"stoik ala ferry irwandi
mindfull ala maudy ayunda
islam ala prabowo
nganggur ala purbaya
duit ala kadarnya",,517,,3,
https://x.com/BantalKecil_/status/2100124237302579525,Twitter/X,,,Wed Sep 16 07:26:51 +0000 2026,"Sebenernya org2 seperti maudy ayunda dan penjabat2 yah bs aja tone deaf karna mrk pny duit punya kuasa trs mrk jg gampang mau pindah negara. sedangkan masyrakat yg terkena gak bs mau tone deaf mrk gak punya pilihan mrk hanya bs menerima. 
sakit liatnya 😔💔",,516,,0,
https://x.com/WidianAnjas/status/2100606807567913125,Twitter/X,,,Thu Sep 17 15:24:24 +0000 2026,"Syakirah yang lagi viral mantap

https://t.co/FAdspcdsex

https://t.co/SvWJBJZOe9

https://t.co/t00rAL8asZ

https://t.co/fjBrpDkPVW

Malam Jumat Maudy Ayunda Maljum Jihan Coffee https://t.co/nqFkyMoAem",,514,,0,
https://x.com/prettybaby_Nhu/status/2100401459875737948,Twitter/X,,,Thu Sep 17 01:48:26 +0000 2026,@biasobso Maudy Ayunda noh performative,,512,,1,
https://x.com/mydull_/status/2100204171496726530,Twitter/X,,,Wed Sep 16 12:44:29 +0000 2026,"Orang jawa liat Maudy Ayunda :

“Nggeh sampeyan josjis, kulo mah jasjus""",,500,,14,
https://x.com/JIlham_ECE/status/2100165943284637847,Twitter/X,,,Wed Sep 16 10:12:34 +0000 2026,"@PakLuhut Ternyata nyolong konten orang. Twit lu ga lebih baik daripada pidato Prabowo atau ocehan Maudy Ayunda.

https://t.co/q4MDmyAgu4",,496,,1,
https://x.com/nyambatlifeuu/status/2100582629854597474,Twitter/X,,,Thu Sep 17 13:48:20 +0000 2026,"@SBKCF maudy ayunda? nda
maudy ceburinda? mau",,480,,0,
https://x.com/abcd_say/status/2100428039557730737,Twitter/X,,,Thu Sep 17 03:34:03 +0000 2026,"@loonycloudy @anhtiss Emangnya ortu sama si maudy ayunda nya ga bayar pajak? Kan mereka juga bayar oneng. Emang lu pada doang yang bayar yeeeeeh🤪

Ujar fansnya, bukan aku ya. 
Wkwkkw",,477,,0,
https://x.com/bacot_muluu/status/2100081431875616823,Twitter/X,,,Wed Sep 16 04:36:45 +0000 2026,Ini kenapa ramai bahas Maudy Ayunda? Ketinggalan info apa aku hari ini 😭😭,,476,,1,
https://x.com/intangudang/status/2100024319304982912,Twitter/X,,,Wed Sep 16 00:49:48 +0000 2026,"Pagii ini banyak yg liatin aku apa karena aku mirip Maudy Ayunda ? yg mau hijabnya saman beli disini👇
https://t.co/W0a4D0fyCX https://t.co/Ue2mFrsbZp",,473,,0,
https://x.com/isishaki/status/2100058228793233579,Twitter/X,,,Wed Sep 16 03:04:33 +0000 2026,"maudy ayunda? 

Yo ndak tau koq tanya saya",,473,,5,
https://x.com/Silo1986/status/2100562541307167020,Twitter/X,,,Thu Sep 17 12:28:31 +0000 2026,"Maudy Ayunda✌️👁️

Knees remain together = LADYBOY=BOTI ⚧️ https://t.co/6BFPxJIFUu",,473,,1,
https://x.com/NoJustDoNot/status/2100421042850447587,Twitter/X,,,Thu Sep 17 03:06:15 +0000 2026,@anhtiss Tuh orang siapanya Maudy Ayunda si? Di thread nyebokin mulu,,466,,0,
https://x.com/noiha92/status/2100447295968018480,Twitter/X,,,Thu Sep 17 04:50:34 +0000 2026,@letsluvself gw jadi maudy ayunda lgs nangis introspeksi sih. gila ini nusuk tajem banget.,,465,,0,
https://x.com/heniunique/status/2100394505887465647,Twitter/X,,,Thu Sep 17 01:20:48 +0000 2026,"Prilly Mahatei Latuconsina auranya positif 😍 love bangets ama diaaa

Maudy Ayunda 😑 ngga dulu yaa.",,464,,0,
https://x.com/TFimob232522/status/2100077001055125673,Twitter/X,,,Wed Sep 16 04:19:09 +0000 2026,@dosenkesmas Dibales gak tuh?? Padahal semua orang udah tau maudy ayunda pendukung 02. 🤣🤣,,458,,0,
https://x.com/rheivi_/status/2100021197211906160,Twitter/X,,,Wed Sep 16 00:37:24 +0000 2026,"oh god this is also my last straw listening to kisfm 95.10 every morning bcs i couldnt bear with how tone deaf ivy batuta was and how she kept missing the point of the recent topic such as pancatera and maudy ayunda

listening to her with her ‘ivory tower’ view makes me OUTRAGED",,453,,1,
https://x.com/viraltrending__/status/2100283769416757424,Twitter/X,,,Wed Sep 16 18:00:46 +0000 2026,"🚨 Keributan terjadi di depan SPBU Tengaran, Kabupaten Semarang, Selasa (15/9/2026).

Berita lainnya bisa di cek : https://t.co/qtKpdnpyMk 

#BeritaHariIni #BeritaTerkini #BeritaTerbaru #BeritaViral #Hotupdate Maudy Ayunda Tidur Malam Kakang Tanamal FC Seoul Layer 1 Bubarkan KKB https://t.co/FYX7ex0Rxu",,452,,0,
https://x.com/theerakitsz/status/2100360078079705360,Twitter/X,,,Wed Sep 16 23:04:00 +0000 2026,"yuk kalau ada yang baru install aplikasi shopeepay pake kode referral / referal dari aku, biar dapet bonus saldo 10k dari shopee pay

FF6JWV5WP

klaim reward di halaman undang teman 🤍 

menkeu maudy ayunda job receh, info freelance promo diskon papua zonauang #jobreceh #zonauang https://t.co/t9K8LWzFZ9",,451,,0,
https://x.com/hafizh97/status/2100585518799225231,Twitter/X,,,Thu Sep 17 13:59:49 +0000 2026,"Maudy maudy apa yang suka mindfulness for a bad news???

Maudy Ayunda hehehehehehe",,446,,4,
https://x.com/jasmineaftertea/status/2100101590099313009,Twitter/X,,,Wed Sep 16 05:56:51 +0000 2026,the real kepuhunan maudy ayunda ni,,439,,2,
https://x.com/hiro1233548/status/2100458259538903428,Twitter/X,,,Thu Sep 17 05:34:08 +0000 2026,Siapa sangka nyaksiin maudy ayunda downfall,,437,,1,
https://x.com/dollestk/status/2100054119583236400,Twitter/X,,,Wed Sep 16 02:48:13 +0000 2026,"threads ini isinya orang orang jago ragebait dan ngomong oot anjing bete banget babi, fans maudy ayunda tidur besok kayak kontol lagi",,434,,0,
https://x.com/AnzarArjun/status/2100603941574860907,Twitter/X,,,Thu Sep 17 15:13:01 +0000 2026,"Guru dan murid yang lagi viral 

https://t.co/bjhu1QhvDZ

https://t.co/h67hQZJ2ik

https://t.co/AcEuQVdd9Q

https://t.co/MH4fGuyheu

Malam Jumat Maudy Ayunda Maljum Jihan Coffee https://t.co/9jgjtExiGW",,433,,0,
https://x.com/prigrozhin/status/2100374987916075217,Twitter/X,,,Thu Sep 17 00:03:14 +0000 2026,@anhtiss kontribusi maudy ayunda lebih sedikit daripada @ayunda_risu,,432,,0,
https://x.com/joijocokladd/status/2100167182701457885,Twitter/X,,,Wed Sep 16 10:17:30 +0000 2026,"segedeg gedegnya gue ama Zaenab si gadis pembawa rantang

gue tetep lebih milih Maudy Koesnaedi dibanding Maudy Ayunda si Mindful

wkwkwk",,413,,0,
https://x.com/andika_krisnaa/status/2100574322331193411,Twitter/X,,,Thu Sep 17 13:15:19 +0000 2026,Buka hatimu yang ngefans sama maudy ayunda,,409,,1,
https://x.com/sweatnstardust/status/2100615912852468163,Twitter/X,,,Thu Sep 17 16:00:35 +0000 2026,"stoik ala ferry irwandi
mindful ala maudy ayunda
islam ala prabowo
choi junghoon ala fyu",,408,,1,
https://x.com/Sukaopini/status/2100576262632698355,Twitter/X,,,Thu Sep 17 13:23:02 +0000 2026,"Maaf ya Maudy Ayunda berita buruk yang terjadi di Indonesia sebagian besar diproduksi oleh pemerintah.

Salah satu contoh berita buruk yang diproduksi pemerintah:Hampir Setiap hari ada berita keracunan MBG.",,407,,3,
https://x.com/twentyfirstof3/status/2100116591463788959,Twitter/X,,,Wed Sep 16 06:56:28 +0000 2026,"Makanya gw punya teori kl lpdp sengaja mkn ngelolosin org2 kek maudy ayunda biar pengabdian org2 menara gading kek mereka ke ""negara"" adalah jd agen yg mengapatiskan rakyat.",,407,,0,
https://x.com/whrearethcoffee/status/2100436161730936879,Twitter/X,,,Thu Sep 17 04:06:19 +0000 2026,@twayraa Maudy Ayunda lo harus baca trilogi the popy war minimal mah biar tau gimana traumatis itu buku.,,407,,0,
https://x.com/gravityeon/status/2100388824308392095,Twitter/X,,,Thu Sep 17 00:58:13 +0000 2026,"makin sini makin lihat maudy ayunda tuh orang yg butuh validasi bgt kayak apa bgt bikin konten mindfulness tapi kontennya gak napak tanah, dia bilang lihat roti yg dia beli terlalu sehat like then what? masyarakat indo byk yg ga kepikiran utk makan sehat karena ga berprivilege",,406,,1,
https://x.com/aiuenow/status/2100212786349449221,Twitter/X,,,Wed Sep 16 13:18:42 +0000 2026,"semisal maudy ayunda sekelas sm gua di bangku perkuliahan dulu, keknya dia lebih tolol daripada gua deh",,402,,0,
https://x.com/daintydearling/status/2100142456465719741,Twitter/X,,,Wed Sep 16 08:39:15 +0000 2026,yg dikomenin maudy ayunda yg ktar-ktir wadidawwww aku. PEDES kayak dikepret sarung….,,400,,0,
https://x.com/ekstapol/status/2100056515285823585,Twitter/X,,,Wed Sep 16 02:57:45 +0000 2026,"Jujur ga pernah nge-fans Maudy Ayunda.

Eh, lebih tepatnya, ga terlalu suka nge-fan siapa pun, kecuali Nabi Muhammad.

Ada sih, tapi ga yang nge-fan gtu: ortu gw, sama paling istri gw besok (yang masih entah berantah).",,398,,1,
https://x.com/Atikamfthr/status/2100247073195180078,Twitter/X,,,Wed Sep 16 15:34:57 +0000 2026,@anhtiss Guru 1 - Maudy Ayunda @maudyayunda 0,,396,,0,
https://x.com/Kellyga22/status/2100631301229617579,Twitter/X,,,Thu Sep 17 17:01:44 +0000 2026,"Bocil handuk putih viral 

https://t.co/u9NQIS24xm

https://t.co/q2aoWJ9oSR

https://t.co/61rH4dQIzv

https://t.co/Dq6d8Qfyxr

Malam Jumat Maudy Ayunda Maljum Jihan Coffee Durian https://t.co/k8A4l3udgs",,393,,0,
https://x.com/bluegreengalaxy/status/2100122341711942132,Twitter/X,,,Wed Sep 16 07:19:19 +0000 2026,"Baru tau maudy ayunda di hate sama netizen wkwk, soalnya ga ngikutin mereka si",,392,,1,
https://x.com/yoon_nakyum/status/2100130920170938722,Twitter/X,,,Wed Sep 16 07:53:24 +0000 2026,Lulusan kelas mindfulness Maudy Ayunda:,,380,,0,
https://x.com/mojokdotco/status/2100777966418452907,Twitter/X,,,Fri Sep 18 02:44:32 +0000 2026,"Belajar dari Maudy Ayunda: Gagal LPDP Bukan karena Saya Nggak Mumpuni, tapi Pewawancaranya Apatis  #Terbaru https://t.co/iAhGaLYDsQ",,375,,0,
https://x.com/WezWezWezblupp/status/2100477870355447977,Twitter/X,,,Thu Sep 17 06:52:03 +0000 2026,"temen kantor gue 02 voters tapi ngatain maudy ayunda tone deaf 
lo ga ada bedanya, blunder!",,374,,1,
https://x.com/bunc1s/status/2100067985595723828,Twitter/X,,,Wed Sep 16 03:43:19 +0000 2026,"@dosenkesmas Dia pikir cuma Maudy Ayunda doang yang berkontribusi ke negara. Bahkan dia sendiri pikir dia enggak kontribusi, ya karena dia buzzer sih ya",,373,,0,
https://x.com/shivakrishna715/status/2100415834959282520,Twitter/X,,,Thu Sep 17 02:45:33 +0000 2026,"Maudy Ayunda Tuesday Sri Mulyani Finance Minister A. APE B. GEMBLONG #bansos

https://t.co/3TAAfU4IMx

https://t.co/3TAAfU4IMx
https://t.co/3TAAfU4IMx https://t.co/z02unwmijR",,371,,0,
https://x.com/terasshawa/status/2100110508628263206,Twitter/X,,,Wed Sep 16 06:32:18 +0000 2026,@dosenkesmas Maudy ayunda kontribusi nya apa aja ya,,369,,0,
https://x.com/sth3lier/status/2100274592401248645,Twitter/X,,,Wed Sep 16 17:24:18 +0000 2026,"Stoik ala ferry irwandi
Mindful ala maudy ayunda
Islam ala prabowo
Memperbaiki dari dalam kiky saputri
Dream girl wallahi",,368,,0,
https://x.com/AnzarArjun/status/2100603751837130995,Twitter/X,,,Thu Sep 17 15:12:16 +0000 2026,"Syakirah yang lagi viral 

https://t.co/bjhu1QhvDZ

https://t.co/h67hQZJ2ik

https://t.co/AcEuQVdd9Q

https://t.co/MH4fGuyheu

Malam Jumat Maudy Ayunda Maljum Jihan Coffee https://t.co/mQ4ImZAWqB",,361,,0,
https://x.com/ceixro/status/2100283862727417968,Twitter/X,,,Wed Sep 16 18:01:08 +0000 2026,"maudy ayunda besar banget 
https://t.co/WgaXTsz0mC https://t.co/8vjvKwdFDv",,354,,0,
https://x.com/lee00830886/status/2100257781970325677,Twitter/X,,,Wed Sep 16 16:17:30 +0000 2026,"the kitchen goes viral😏👌🏻

https://t.co/LWdVjLgRHB

https://t.co/LWdVjLgRHB

https://t.co/LWdVjLgRHB

https://t.co/LWdVjLgRHB

Monday Opponent 10 Latest Viral Aqeela LPDP Morning Roll Call Java Sea Maudy Ayunda Calista https://t.co/tCgPpsH5Xr",,354,,0,
https://x.com/shaaarrkkkk/status/2100141448243163462,Twitter/X,,,Wed Sep 16 08:35:14 +0000 2026,"Brengsek lah mindfulness mindfulness tai anjing paru paru lu noh ngisep nih asap tiap hari masih bisa mindfulness gak lu babi, orang kena musibah cuma dianggap perusak mood sama dia, minimal kalau kaga terdampak ya jangan apatis amat lah maudy ayunda KONTOL https://t.co/22CJsFmGe2",,353,,0,
https://x.com/0nyourminee/status/2100611123800338548,Twitter/X,,,Thu Sep 17 15:41:34 +0000 2026,"Gue akhirnya nonton videonya, dan menurut gue sekarang gue lebih ngerti kenapa banyak orang merasa terganggu sama konten ini. Duhh, Mbak Maudy Ayunda Padahal sebelum masalah ini gue lumayan suka image dia, tapi kalau dipikir-pikir lagi, gue pribadi memang beberapa kali merasa cara dia melihat isu sosial di Indonesia cukup disconnected dari realita yang dialami banyak orang.

Karena sebenarnya problemnya bukan soal kita nggak boleh menjaga kesehatan mental atau nggak boleh capek lihat berita buruk. Of course everyone has the right to protect their own peace. Nggak ada juga yang maksa orang buat doomscrolling berita 24/7 sampai mentalnya sendiri ikut hancur.

Tapi yang bikin gue personally kurang nyaman adalah ketika persoalan yang sedang dibicarakan ditempatkan dari perspektif bagaimana kita sebagai individu bisa tetap baik-baik saja di tengah bad news, sementara buat sebagian orang, hal-hal tersebut bukan sekadar berita yang bisa ditutup dari layar. Mereka literally hidup di dalam realitas itu.

Not everyone has the privilege to simply step away from the reality being discussed. Kita juga kalau punya pilihan pasti pengen menjauh dari bad news. Siapa yang mau setiap hari melihat hal-hal yang bikin capek, marah, atau overwhelmed? Tapi masalahnya, it’s happening. That’s reality. Dan realitas bukan sesuatu yang selalu bisa kita pilih untuk ditinggalkan.

Makanya menurut gue, this is not about people’s right to choose what they consume. Bukan juga berarti semua orang harus membaca berita 24/7 atau mengorbankan kesehatan mental sendiri demi membuktikan kalau mereka peduli.

Poinnya jauh lebih sederhana: kalau nggak bisa membantu, setidaknya jangan memperburuk keadaan lewat kata-kata. At the very least, please don’t make things more hurtful with your words.

Dan kalau semuanya selalu dibalikin ke “ya itu kan hak masing-masing”, terus empati dan simpati kita taruh di mana? Kita tuh hidup berdampingan, bukan hidup sendiri-sendiri.

Gue cuma heran kenapa sekadar berempati dan nggak menambahkan luka lewat ucapan seolah-olah dianggap sama dengan menyuruh orang membaca berita sampai mati 😭 Padahal nggak ada yang bilang begitu. Nobody is asking you to consume bad news 24/7.

Kita boleh protect our peace. Kita boleh take a break. Kita boleh log off. But not everyone can log off from the reality you’re logging off from.
Karena buat gue, mindfulness bukan cuma tentang bagaimana kita menjaga diri sendiri supaya nggak overwhelmed sama dunia yang terlalu berisik. Ada juga kesadaran bahwa kita hidup bersama orang lain, dan kata-kata kita punya dampak terhadap mereka.
Jadi kalau memang nggak bisa bantu menyelesaikan masalahnya, at least don’t make it more hurtful with your words. Gue rasa itu standar empati yang sangat basic.",,352,,1,
https://x.com/Attallah24/status/2100405655106703755,Twitter/X,,,Thu Sep 17 02:05:06 +0000 2026,@txtdarionlshop yang salah maudy ayunda brand nya disuruh boikot? berlebihan banget,,352,,2,
https://x.com/saotaki/status/2100131821371699534,Twitter/X,,,Wed Sep 16 07:56:59 +0000 2026,"Sekolah Boleh Tolak MBG, Yuk Simak Prosedurnya 🧐 #BGN #sudaryono #prabowosubianto #dprri #tnipolri Kepedulian Kesadaran Bersama
Purbaya
Menkeu
Pemulihan Kondisi Indonesia
Menteri Keuangan
Maudy Ayunda
Nusron
komitmen hasil nyata
Suahasil Nazara
Sri Mulyani https://t.co/GGSS4HCaxS",,349,,0,
https://x.com/diondeean/status/2100574165019623914,Twitter/X,,,Thu Sep 17 13:14:42 +0000 2026,"@LambeSahamjja Dia Maudy Ayunda juga,dia kan kagak merasakan dampak ya makanya bisa bicara begitu,tapi liat berita diaceh2 baru2 ini sampe meninggal dipengusihan,bahkan dia ngga ada kata2 Samaa sekali untuk belasungkawa, sebagai mana dia ada pemimpin negara ini 🤬",,346,,0,
https://x.com/Jezaelans/status/2100118790659022882,Twitter/X,,,Wed Sep 16 07:05:12 +0000 2026,"@twoyulll Ci latecap ini kynya buzzer yg di bayar, byak komenan dia yg belai2n Maudy Ayunda",,339,,0,
https://x.com/youngkeukeu14/status/2100193276259451268,Twitter/X,,,Wed Sep 16 12:01:11 +0000 2026,"Timeline gue isinya

-report an cortis
-maudy ayunda blunder
-giselle aespa satanic
And -finding kono

Well well well

Pusing gue buka x. Pusing gelo.

Gue : https://t.co/SCTl0TSgz1",,337,,3,
https://x.com/OtskieLabs/status/2100234165191131532,Twitter/X,,,Wed Sep 16 14:43:40 +0000 2026,"Bagaimana Menghadapi Kabar Buruk yang Datang Bertubi-tubi?!?

/MAUDY AYUNDA, Mindfulness in the Age of Bad News.

Ada masa saat rasanya terlalu banyak hal buruk terjadi dalam waktu yang bersamaan.

Beberapa bulan terakhir; atau mungkin sudah setahun belakangan; kita seperti dibombardir oleh kabar buruk. Dari berbagai penjuru dunia, tapi juga, terutama, dari negeri sendiri. 

Berita tiba tanpa jeda. Satu persoalan belum selesai kita cerna, persoalan lain sudah muncul. Kita membaca, menonton, menggulir layar, lalu menemukan kabar buruk berikutnya.

Pada titik tertentu, saya mulai bertanya: bagaimana kita tetap peduli tanpa kehilangan diri sendiri?

Sebab saya sendiri pernah merasa kewalahan. Ada masa ketika rasanya tidak berdaya. Ada saat-saat ketika berita tertentu membuat saya menangis, marah, atau sekadar duduk diam karena tidak tahu harus berbuat apa.

Dan mungkin, pertama-tama, kita perlu mengakui satu hal: merasa kewalahan menghadapi semua ini adalah sesuatu yang sangat manusiawi.

[Otak yang Tidak Dirancang untuk Dunia Seperti Ini]

Kalau kita melihat sejarah manusia secara keseluruhan, sebagian besar kehidupan manusia berlangsung dalam komunitas-komunitas yang relatif kecil. 

Puluhan hingga ratusan orang. Informasi yang kita terima pun biasanya memiliki skala yang sama: apa yang terjadi pada keluarga, tetangga, atau komunitas di sekitar kita.

Otak kita tak berevolusi untuk menerima kabar dari seluruh penjuru dunia tiap beberapa menit.

Hari ini, satu kejadian di belahan dunia lain bisa masuk ke kepala kita dalam hitungan detik. Belum selesai kita memproses satu tragedi, layar sudah menyajikan tragedi berikutnya. 

Semuanya terasa dekat, meskipun secara geografis mungkin sangat jauh.

Maka ketika kita merasa kewalahan, ada sedikit kelegaan dalam memahami bahwa mungkin ada alasan biologis dan evolusioner di baliknya. 

Otak kita memang tidak terbiasa menerima informasi buruk dalam jumlah dan skala seperti sekarang.

Ada hal lain yang juga penting: otak manusia memiliki kecenderungan yang disebut negativity bias, atau bias negatif. 

Kita cenderung memberikan perhatian lebih besar kepada hal-hal yang buruk, mengingatnya lebih kuat, bahkan membesar-besarkannya dalam pikiran.

Secara evolusioner, kecenderungan itu masuk akal. Untuk bertahan hidup, manusia perlu waspada terhadap bahaya. Kita perlu memperhatikan sesuatu yang mengancam.

Masalahnya, mekanisme yang dulu membantu kita bertahan hidup itu kini bekerja di tengah arus informasi yang nyaris tidak terbatas.

Satu berita buruk bisa terasa seperti seluruh dunia sedang buruk.

Sesuatu yang sebenarnya hanya satu bagian dari realitas dapat membesar dalam kepala kita menjadi keseluruhan realitas.

Menyadari hal ini tak serta-merta membuat berita buruk menjadi tidak buruk. Tetapi kesadaran itu membantu kita memahami diri sendiri: mengapa saya merasa seperti ini? 

Mengapa saya begitu kewalahan? Kenapa satu kabar bisa terus berputar di kepala?

Kadang-kadang, memahami cara kerja kepala sendiri sudah menjadi awal dari upaya untuk mengendalikannya.

[Antara Peduli dan Mengendalikan]

Ada penjelasan lain yang membantu saya memahami rasa kewalahan ini: gagasan kaum Stoik tentang kendali.

Epictetus, filsuf Yunani yang menjadi salah satu tokoh penting Stoisisme, membedakan antara hal-hal yang berada dalam kendali kita dan hal-hal yang berada di luar kendali kita.

Kecemasan dan frustrasi, dalam banyak hal, muncul ketika kita berusaha mengendalikan sesuatu yang memang tidak dapat kita kendalikan.

Dalam konteks kabar buruk, persoalannya menjadi rumit. Kita peduli terhadap apa yang terjadi. Kita berempati kepada orang lain. Kita marah melihat ketidakadilan. 

Tetapi kemudian muncul pertanyaan: apa yang sebenarnya bisa saya lakukan?

Di situlah rasa peduli dapat bercampur dengan rasa tidak berdaya.",,335,,2,
https://x.com/knxarchieves/status/2100188220977996063,Twitter/X,,,Wed Sep 16 11:41:06 +0000 2026,"tapi emg ada yg sengaja minta dihujat sih, maudy ayunda contohnya.",,333,,0,
https://x.com/ldhbbh/status/2100104735764414791,Twitter/X,,,Wed Sep 16 06:09:21 +0000 2026,kalau punya 1M bakal bisa mindfulness kaya maudy ayunda gak ya 👀,,330,,7,
https://x.com/araaerae/status/2100641499742666895,Twitter/X,,,Thu Sep 17 17:42:16 +0000 2026,"gongnya tuh amanda rigby ini secircle sm tmn2nya maudy ayunda yg gacor2 itu, naarah josoef &amp; mellexmichelin. kok ya kayak ga laku aja di circle high societynya sampe nungguin suami orang…",,326,,0,
https://x.com/IOS_GrizlyWolf/status/2100508272881270816,Twitter/X,,,Thu Sep 17 08:52:52 +0000 2026,"Agnez Mo and Anggun have never criticized their own government; they prefer to play it safe and hedge their bets, much like Maudy Ayunda.",,325,,0,
https://x.com/pandafoxchoco/status/2100194370905587993,Twitter/X,,,Wed Sep 16 12:05:32 +0000 2026,Kalian dah ngeboikot ed sheeran tapi gak mau boikot maudy ayunda? Itu artinya sama aja kalian bego meskipun kalian ngomong free palestine tapi 02 enabler just like same stupid moment,,325,,0,
https://x.com/ompimpah13/status/2100210090745774521,Twitter/X,,,Wed Sep 16 13:08:00 +0000 2026,"Kritik terhadap Maudy Ayunda terus berdatangan. Salah satunya datang dari sesama penerima LPDP, Meilanie Buitenzorgy.

Dia mengkritik cara Maudy membahas bad news yang just sedang dihadapi masyarakat. https://t.co/g5s0mZzfNH",,322,,1,
https://x.com/areumdowoonie/status/2100591402090479688,Twitter/X,,,Thu Sep 17 14:23:12 +0000 2026,Wow aku tidak menyangka polemik Maudy Ayunda akan menjadi bahan bakar diskursus pelik booktwt Indonesia bulan ini. 😭🙏,,319,,1,
https://x.com/mansggo/status/2100164955102441732,Twitter/X,,,Wed Sep 16 10:08:39 +0000 2026,downfall era maudy ayunda 😬😬😬,,316,,0,
https://x.com/megaversezz/status/2100337528083747077,Twitter/X,,,Wed Sep 16 21:34:23 +0000 2026,"Kode Referral Shopeepay

pakai referal code ini biar dapet bonus 10k guys :

FF6JWV5WP

install aplikasi Shopee Pay, login dg akun shopee yang Spay nya sudah 'plus', masukkan kodenya.

job receh info freelance maudy ayunda, pelatih menkeu carrick brighton purbaya rashford amorim https://t.co/zhfan3Rdz8",,314,,0,
https://x.com/iamtryshb1/status/2100607702275928287,Twitter/X,,,Thu Sep 17 15:27:58 +0000 2026,"Maaf ya maudy ayunda aku harus repost bad news ini, soalnya kita gabisa mengandalkan mereka para pemimpin, kita cm bisa warga bantu warga maudy😌🙏",,313,,4,
https://x.com/yixiuniverse/status/2100139746240729355,Twitter/X,,,Wed Sep 16 08:28:28 +0000 2026,"♡ ∩_∩           sore all yixii here! 🪽
  („• ֊ •„)♡   open for terawang 

topik bisa percintaan, karir, jodoh, masa depan, barang hilang, permasalahan rumtang dll. bisa palm + face reading &amp; bazi. dm / wa  ! 💌

t. #zonauang #zonajajan #zonabu  tarot jasa maudy ayunda",,312,,0,
https://x.com/ArifLaksonoU/status/2100401497154728126,Twitter/X,,,Thu Sep 17 01:48:35 +0000 2026,"Maudy ayunda mengajarkan buat mindfulness
Dan langsung dibuktikan sama vidionya sendiri

Iykyk
Nothing wrong with that vidio
Timing was the culprit 
Especially it was uploaded 3 weeks ago 

Klo mindfull mungkin bakal ngerasa kebantu dan teredukasi
Tp karna pada sensitif
Ya gt laa",,310,,1,
https://x.com/NhaYeowang/status/2100095448564580748,Twitter/X,,,Wed Sep 16 05:32:27 +0000 2026,"Artis Maudy Ayunda kenapa tiba-tiba viral gaess.

Mencoba baca tapi karena kelamaan di goa, aku gak paham intinya dia ngomong apa.",,309,,0,
https://x.com/samarotsaha/status/2100442793336275188,Twitter/X,,,Thu Sep 17 04:32:40 +0000 2026,Ini oxford syarat lulusnya thesis apa bejimana si anjir wkkw. Maudy ayunda ni pinter tapi pinternya cuman jawab pertanyaan ujian doang keknya ya alias gakepake anjing mending ngulang SD kalo begini caranya,,308,,0,
https://x.com/FiQyutee/status/2100151104210387161,Twitter/X,,,Wed Sep 16 09:13:36 +0000 2026,"Pemerintah tak pernah daftarkan atau cairkan bansos lewat WA/Telegram/ tautan sembarangan #MengenalDesilDTSEN Jangan tergiur janji uang jutaan instan, cek hanya lewat situs resmi, hindari kerugian yg tdk perlu
@bps_statistics

B. GEMBLONG Purbaya Maudy Ayunda #çarşamba
#twsd https://t.co/CwpBrimKT3",,307,,0,
https://x.com/danaferdianto/status/2100585431373152531,Twitter/X,,,Thu Sep 17 13:59:28 +0000 2026,maudy ayunda sy rasa bisa berteman baik dengn putri tanjung,,305,,1,
https://x.com/ginnobaraaa/status/2100043370001576215,Twitter/X,,,Wed Sep 16 02:05:30 +0000 2026,"Islam ala Prabowo 
Mindful ala Maudy Ayunda

🤩🤩🤩🤩🤩🤩",,303,,1,
https://x.com/numekisasi/status/2100255605005115459,Twitter/X,,,Wed Sep 16 16:08:51 +0000 2026,"aku nengok maudy ayunda teringat sama yg narasumber sktk yg nikah waktu kuliah itu
ytta tpi teringat aja",,300,,1,
https://x.com/arkeiolog/status/2100537922437169225,Twitter/X,,,Thu Sep 17 10:50:41 +0000 2026,@anhtiss kontribusi maudy ayunda apa????,,292,,0,
https://x.com/__fareast__/status/2100062032594895339,Twitter/X,,,Wed Sep 16 03:19:40 +0000 2026,"""Jujurly Maudy Ayunda, yang kamu lakukan itu, jahat.

Minimal, stupid."" https://t.co/Jf8OvVtVJ5",,288,,0,
https://x.com/charc0al_baby/status/2100153045942440219,Twitter/X,,,Wed Sep 16 09:21:19 +0000 2026,"geram kali sm maudy ayunda ini, pas lg karhutla lo ada gak dateng ke kalimantan atau bahkan donasi sedikitpun ke kalimantan ga ada tuh lol cuman bisa keruk alam borneo aja demi brand dia yang kureng tp pricey itu",,288,,1,
https://x.com/wahenon/status/2100127440198844886,Twitter/X,,,Wed Sep 16 07:39:34 +0000 2026,"Lini masa ramai isu Sri Mulyani, #DittipidNarkoba, sampai #PRAYFORACEH bikin rentan overwhelmed. Maudy Ayunda bagi tips mindfulness: kurasi sumber berita, batasi waktu paparan, tahu kapan berhenti, dan seimbangkan asupan mental https://t.co/0PbyjBD4XW",,287,,0,
https://x.com/esctalopraMD/status/2100528065344585893,Twitter/X,,,Thu Sep 17 10:11:31 +0000 2026,"imo, hate towards maudy ayunda is so forced",,283,,1,
https://x.com/simpangsieurr/status/2100394234516025408,Twitter/X,,,Thu Sep 17 01:19:43 +0000 2026,maudy ayunda siapa sih anjg pahlawan revolusi apa gmn,,283,,0,
https://x.com/aelahcok/status/2100187742630223952,Twitter/X,,,Wed Sep 16 11:39:12 +0000 2026,"maudy ayunda this maudy ayunda that, what can i say is;
maudy… org yang gapernah liat kedamaian dengan org yang gapernah liat peperangan itu dua hal dan dua value yg berbeda. mau diliat dr sisi mana pun, opini km bisa valid cmn di orang2 kaya kamu aja",,281,,0,
https://x.com/AnzarArjun/status/2100603558681104397,Twitter/X,,,Thu Sep 17 15:11:30 +0000 2026,"Ukhti tiktokers hijab viral main di mobil 

https://t.co/bjhu1QhvDZ

https://t.co/h67hQZJ2ik

https://t.co/AcEuQVdd9Q

https://t.co/MH4fGuyheu

Malam Jumat Maudy Ayunda Maljum Jihan Coffee https://t.co/y6gewdn4vD",,279,,0,
https://x.com/reksi/status/2100169170868662286,Twitter/X,,,Wed Sep 16 10:25:24 +0000 2026,inisial maudy ayunda.,,278,,0,
https://x.com/showki_yunjae/status/2100141550340829695,Twitter/X,,,Wed Sep 16 08:35:39 +0000 2026,Did Maudy Ayunda do something controversial?,,278,,2,
https://x.com/AnzarArjun/status/2100603382415462654,Twitter/X,,,Thu Sep 17 15:10:48 +0000 2026,"Bocil sok imut viral lagi 

https://t.co/bjhu1QhvDZ

https://t.co/h67hQZJ2ik

https://t.co/AcEuQVdd9Q

https://t.co/MH4fGuyheu

Malam Jumat Maudy Ayunda Maljum Jihan Coffee https://t.co/0oPogoujyd",,275,,0,
https://x.com/earsevi/status/2100214597584363650,Twitter/X,,,Wed Sep 16 13:25:54 +0000 2026,@fishingcucit @LambeSahamjja Jgn kasih ke artis kek maudy ayunda pak,,274,,0,
https://x.com/tooadoraable/status/2100471256344834289,Twitter/X,,,Thu Sep 17 06:25:47 +0000 2026,"@arcananxious ngga ada bedanya kok sama maudy ayunda yang kemarin mereka goreng. tipe yang pakai logika yang masuk di dia aja kalo nyeletuk, empati sama awareness nya engga ada. bedanya mereka bukan orang terkenal aja.",,274,,0,
https://x.com/aespakarinaswn/status/2100182244560458197,Twitter/X,,,Wed Sep 16 11:17:21 +0000 2026,"Serbu promo diskon di apk Shopeepay. ada bonus untuk pengguna baru dg masukkan kode referral / referal ini pas login untuk dapatkan Rp. 5000

FF6JWV5WP

Klaim reward di halaman undang teman.
https://t.co/ticLfANcIx

job receh info freelance, maudy ayunda aqua elektronik zonauang",,272,,0,
https://x.com/immee3345/status/2100056939661332865,Twitter/X,,,Wed Sep 16 02:59:26 +0000 2026,"Promo Makan Hemat ShopeeFood

Kopi Calf
https://t.co/geODQ1OmaX

UENA
https://t.co/IuXP8eWJhg

Mang Katsu
https://t.co/IaNVWBTcwB

Ayam Bang Dava
https://t.co/fYws6t9Bhh

Fore Coffee
https://t.co/jDdDtFtEe5

___
#zonauang Rabu Sarapan Pagii Purbaya Sri Mulyani Maudy Ayunda https://t.co/RFavMVhSoO",,268,,0,
https://x.com/cheillanovas/status/2100157936429572205,Twitter/X,,,Wed Sep 16 09:40:45 +0000 2026,"Maudy Ayunda count your days neeeooowww

https://t.co/tHR8ZPIH8T
 https://t.co/tHR8ZPIH8T",,267,,0,
https://x.com/misterryul/status/2100299600498450502,Twitter/X,,,Wed Sep 16 19:03:41 +0000 2026,"gue jadi maudy ayunda juga makan gak enak tidur tak nyenyak bhap, mending ngerjain skripsi BHAP masih bisa makan enak tidur nyenyak 🤤",,267,,0,
https://x.com/immee3345/status/2100116170854576631,Twitter/X,,,Wed Sep 16 06:54:48 +0000 2026,"Promo Makan Hemat Shopeefood 

Mie Gacoan
https://t.co/5ujfEVQDsm

Richeese Factory
https://t.co/H8RpLnPcVN

Sushi Yay
https://t.co/eL4fGh89nW

HokBen
https://t.co/ZYobzchKUV

Burger Bangor
https://t.co/2UA2t8qUKu

___
#zonauang Purbaya Sri Mulyani Maudy Ayunda Toraja https://t.co/5B1rbNzDQU",,265,,0,
https://x.com/cilubatupakhaji/status/2100179059510755348,Twitter/X,,,Wed Sep 16 11:04:41 +0000 2026,@dosenkesmas Apakah akun latecapt sudah dapat like dari maudy ayunda terkait pernyataannya? Pastinya tidak.,,259,,0,
https://x.com/fantassea4/status/2100071615916556433,Twitter/X,,,Wed Sep 16 03:57:45 +0000 2026,"@dosenkesmas Andriani_md = 1
Maudy ayunda = 0
Latecapt = 💩",,257,,0,
https://x.com/poonohm/status/2100226522846314992,Twitter/X,,,Wed Sep 16 14:13:18 +0000 2026,lebih jelas teori ini dibanding klarifikasi maudy ayunda,,256,,3,
https://x.com/sixigl/status/2100120142126674062,Twitter/X,,,Wed Sep 16 07:10:34 +0000 2026,"maudy ayunda beneran di rujak di semua platform, rasain loh tone deaf!!!",,256,,1,
https://x.com/mansggo/status/2100164835489234955,Twitter/X,,,Wed Sep 16 10:08:10 +0000 2026,jir maudy ayunda downfall era kahhh,,255,,0,
https://x.com/rikiivamp/status/2100206061127106847,Twitter/X,,,Wed Sep 16 12:51:59 +0000 2026,ga bela siapa² simthevan ini setara maudy ayunda kah,,254,,0,
https://x.com/immee3345/status/2100131081588777333,Twitter/X,,,Wed Sep 16 07:54:03 +0000 2026,"Promo Makan Hemat ShopeeFood

Sec Bowl
https://t.co/YlF9idTmkf

Hi Kebab
https://t.co/pH1BwBeQhS

McDonald's
https://t.co/fsqs0kfRDE

Richeese Factory
https://t.co/Q3RYPIHfwI

Fore Coffee
https://t.co/ejloWvqixe

___
#zonauang Purbaya Maudy Ayunda Sri Mulyani Menkeu Toraja https://t.co/ur5thwdu1T",,253,,0,
https://x.com/SenaraiRuai/status/2100198551125209437,Twitter/X,,,Wed Sep 16 12:22:09 +0000 2026,Tapi ngapain juga aku jadi Maudy Ayunda bjir. Naudzubillah pait pait pait.,,253,,0,
https://x.com/FJ_FAA/status/2100560009071665417,Twitter/X,,,Thu Sep 17 12:18:27 +0000 2026,"mindfulness ❌
Sama-sama pusing ✅

Mama Ghufron &gt;&gt;&gt; Maudy Ayunda https://t.co/E1Pzni9fIR",,251,,0,
https://x.com/Kodokodar/status/2100200239722541166,Twitter/X,,,Wed Sep 16 12:28:51 +0000 2026,"Ferry Irwandi stoicism, Maudy Ayunda mindfulness, kalau sy La Peace🧘 🪷 ☸️",,249,,2,
https://x.com/ElifYavuzi44n/status/2100603254405259357,Twitter/X,,,Thu Sep 17 15:10:17 +0000 2026,"bu guru digilir rame2 sama murid viral

https://t.co/G0WhtGfsiW

https://t.co/G0WhtGfsiW

https://t.co/G0WhtGfsiW

https://t.co/G0WhtGfsiW
https://t.co/G0WhtGfsiW
HeYanzhao Minta Dimulut I Entered Malam Jumat Resident Evil Terbaru Purbaya Sency Maudy Ayunda TermMax Viral https://t.co/ganHAYDTmg",,248,,2,
https://x.com/PotongFilm_ID/status/2100344162491195747,Twitter/X,,,Wed Sep 16 22:00:45 +0000 2026,"Petarung Yang Tenang Tapi Sangat Mematikan

Judul : BLOOD AND BONE

Continue to part II @potongfilm_id Help with follows too, guys

#PenggalanFilm #CuplikanFilm #FYPX #FilmViral #XFilm #AdeganFilm #MovieScene #FilmIndonesia #ViralDiX Maudy Ayunda Kakang Menkeu Pelatih Adam Alis https://t.co/ycCQQNWfoD",,245,,0,
https://x.com/ansocextro/status/2100422949979508881,Twitter/X,,,Thu Sep 17 03:13:49 +0000 2026,maudy ayunda ahh,,244,,0,
https://x.com/RPurnama37947/status/2100219588315324465,Twitter/X,,,Wed Sep 16 13:45:44 +0000 2026,"@listyantidewi Apa kontribusi yang sudah diberi Maudy Ayunda ke Indonesia? 

Sejak zaman aku kuliah aku sudah berdoa untuk Indonesia. Doaku adalah kontribusi terbesarku untuk negaraku Indonesia, selain itu aku ga membebani APBN beli Pertamax untuk sepeda motorku.",,244,,1,
https://x.com/fuyungbhai/status/2100112219153596771,Twitter/X,,,Wed Sep 16 06:39:05 +0000 2026,watching that maudy ayunda vid... this rich people shit always feel dystopian,,243,,1,
https://x.com/gingerheirs/status/2100208630687760594,Twitter/X,,,Wed Sep 16 13:02:12 +0000 2026,Maudy Ayunda mana mau jadi guru secara profesional meskipun ada pengalaman mengajar di beberapa event 😂😂😂,,243,,0,
https://x.com/aaaaaaaaaska/status/2100393309294522685,Twitter/X,,,Thu Sep 17 01:16:03 +0000 2026,either okb caper atau tone deaf maudy ayunda shit mindfulness spectrum,,242,,1,
https://x.com/meongraw/status/2100595748291367373,Twitter/X,,,Thu Sep 17 14:40:28 +0000 2026,"ya gimana ya kami ngeluh aja dilarang karna mayoritasnya pemilih 02 meski yang kena apes gak cuma pemilih 02, oleh karna itu pembukanya ""maaf bawa bad news"" karna kan disindir2 juga tuh sama maudy ayunda",,240,,0,
https://x.com/immee3345/status/2100094165413765412,Twitter/X,,,Wed Sep 16 05:27:21 +0000 2026,"Promo Makan Hemat ShopeeFood

Solaria
https://t.co/SRXZhgK0KW

Burger Bangor
https://t.co/hHgzAwGYJj

Kopi Janji Jiwa
https://t.co/d05JwyoKiH

Fore Coffee
https://t.co/ZcBq2MfTIm

Subway
https://t.co/ce4wAPTZwj

___
#zonauang Rabu Sarapan Pagii Purbaya Sri Mulyani Maudy Ayunda https://t.co/9NgQoQ4esY",,238,,0,
https://x.com/bitterpeaech/status/2100213412513067473,Twitter/X,,,Wed Sep 16 13:21:12 +0000 2026,"first thing first, let's be real, maudy ayunda isn't comparable to siddhartha 😭 i get the point though",,237,,0,
https://x.com/newhopeget/status/2100394029758460176,Twitter/X,,,Thu Sep 17 01:18:54 +0000 2026,"ada dua kemungkinan, naturally stupid atau naturally jahat. kalo maudy ayunda baca utas kakak ini, minimal bgt migrain karena kepikiran kelakuan dia sendiri 😭✋️",,237,,0,
https://x.com/AreaNakal/status/2100245278246998494,Twitter/X,,,Wed Sep 16 15:27:49 +0000 2026,"purbaya menkeu pemulihan kondisi indonesia sri mulyani kepedulian kesadaran bersama maudy ayunda tanamal

https://t.co/onxmpRwAxa",,236,,0,
https://x.com/dhistiramind/status/2100453633544561036,Twitter/X,,,Thu Sep 17 05:15:45 +0000 2026,"Mari berlatih mindfulness ala Maudy Ayunda.

""Alhamdulillah, status kualitas udara di Pontianak menurun jadi berbahaya."" 🧘‍♀️🌿✨ https://t.co/8fyUmz9Mex",,236,,1,
https://x.com/pesandarisyahid/status/2100040568512417979,Twitter/X,,,Wed Sep 16 01:54:23 +0000 2026,"Membela Palestina dgn nyata (memutus hubungan dgn Israel), adalah kewajiban kita semua. Terutama para ulama, organisasi, dan pejabat muslim.

Tags Purabaya komitmen Maudy Ayunda 
https://t.co/gKRDbRZt7i",,236,,0,
https://x.com/ugethug/status/2100772996365664312,Twitter/X,,,Fri Sep 18 02:24:47 +0000 2026,@bleednectar Kebetulan salah satu kiblat musik nya maudy ayunda itu taylor swift 😅,,234,,0,
https://x.com/verdzsea/status/2100083656958292342,Twitter/X,,,Wed Sep 16 04:45:36 +0000 2026,maudy ayunda semoga lu baca ini sih,,233,,0,
https://x.com/si_abdeeenegara/status/2100103337974862109,Twitter/X,,,Wed Sep 16 06:03:48 +0000 2026,"Hoaks kalau desil ditentukan dr gaji. Bukan begitu caranya. BPS lihat kondisi rumah, barang yg dimiliki, dan lingkungan, bukan slip gaji. Banyak orang kerjanya tidak tetap, jadi cara ini lebih tepat. #MengenalDesilDTSEN
@bps_statistics 

Sri Mulyani Purbaya Maudy Ayunda #zonauang https://t.co/ot6gfmM6Xo",,231,,0,
https://x.com/Henaso250/status/2100148613972447702,Twitter/X,,,Wed Sep 16 09:03:43 +0000 2026,"Dibalik kasus Maudy ayunda yang lagi naik..

Saya analisa ini ada bagiannya dari pengalihan isu pemerintah.

Tujuannya apa? Biar masyarakat fokusnya terbelah, yang ( harusnya ) isu sosial dan bencana seperti Aceh, karhutla, banjir bandang, kekeringan dll itu jadi tugas pemerintah, dimunculkan lah pancingan seperti Maudy ayunda ini..

Saya lihat dari dulu gitu kok cara penyelesaian pemerintah setiap ada kasus kasus besar, selalu ada pengalihan isu.. isu terbaru malah Andre nikah lagi.",,230,,1,
https://x.com/immee3345/status/2100147873946218897,Twitter/X,,,Wed Sep 16 09:00:46 +0000 2026,"Promo Makan Hemat ShopeeFood

Mie Gacoan
https://t.co/Z6iKKvCplS

HokBen
https://t.co/W61LWIFSO8

McDonald's
https://t.co/Dsu7rj6oKD

Kopi Tuku
https://t.co/8kBIlHX4o2

Sushi Yay
https://t.co/YBGoq9s4mI

___
#zonauang Rabu Purbaya Sri Mulyani Maudy Ayunda https://t.co/RloDBTQ3mW",,229,,0,
https://x.com/kataavana/status/2100580191257202949,Twitter/X,,,Thu Sep 17 13:38:39 +0000 2026,"Stoik ala ferry irwandi 
Mindful ala maudy ayunda 
Islam ala prabowo
Duit ala kadar nya

Josjis sekali my life",,229,,1,
https://x.com/lee00830886/status/2100681620311392757,Twitter/X,,,Thu Sep 17 20:21:41 +0000 2026,"this teacher gets wildly trolled by viral student🧐😲

https://t.co/LWdVjLhpx9

https://t.co/LWdVjLhpx9

https://t.co/LWdVjLhpx9

https://t.co/LWdVjLhpx9
HeYanzhao Asks to Be Started I Entered Friday Night Resident Evil Latest Purbaya Sency Maudy Ayunda TermMax Viral https://t.co/NKwEylYCFU",,228,,0,
https://x.com/vellatambayong/status/2100002688952062269,Twitter/X,,,Tue Sep 15 23:23:51 +0000 2026,@dosenkesmas maudy ayunda lg mode kesurupan kak itu,,228,,0,
https://x.com/immee3345/status/2100080669716275505,Twitter/X,,,Wed Sep 16 04:33:43 +0000 2026,"Promo Makan Hemat ShopeeFood

Kopi Tuku
https://t.co/Ho1siMjxup

HokBen
https://t.co/ydXFFbqWu8

Kopi Calf
https://t.co/aP8WgRVnMX

Sushi Yay
https://t.co/lTQu9JLAM7

Bishi Bento
https://t.co/SphN1Km0I0

___
#zonauang Rabu Sarapan Pagii Purbaya Sri Mulyani Maudy Ayunda https://t.co/T80vi6AaBF",,227,,0,
https://x.com/pantat_nepak/status/2100213648488882571,Twitter/X,,,Wed Sep 16 13:22:08 +0000 2026,"""berita viral itu dibuat""

pernah ga berpikir gitu?

gimana klo berita maudy ayunda, 
yang kontra lebih rame itu.. sengaja diset-up tim ini

dan kayak artis2 dsb yg blunder dan viral, itu tim pembuat viral ini dibayar suruhan mereka

mereka ini sejenis buzzer tapi lebih ahli https://t.co/7D1x5Sspt1",,226,,1,
https://x.com/AnzarArjun/status/2100603652541206845,Twitter/X,,,Thu Sep 17 15:11:52 +0000 2026,"Spiderwoman hijab vs gojek yang lagi viral 

https://t.co/bjhu1QhvDZ

https://t.co/h67hQZJ2ik

https://t.co/AcEuQVdd9Q

https://t.co/MH4fGuyheu

Malam Jumat Maudy Ayunda Maljum Jihan Coffee https://t.co/X06FcWcEKk",,225,,0,
https://x.com/sealtherapy/status/2100320421510054135,Twitter/X,,,Wed Sep 16 20:26:25 +0000 2026,and FUCK maudy ayunda,,225,,0,
https://x.com/disway_update/status/2100146909776351643,Twitter/X,,,Wed Sep 16 08:56:56 +0000 2026,"Kegiatan tersebut dilakukan dalam rangka meresmikan LRT rute Kelapa Gading-Manggarai di Stasiun Manggarai, Jakarta Selatan.  Berdasarkan pantauan, Prabowo mengenakan seragam safari berwarna krem dengan kopiah dan kacamata hitam. 

Maudy Ayunda",,223,,1,
https://x.com/pantatpintar/status/2100301461330780622,Twitter/X,,,Wed Sep 16 19:11:04 +0000 2026,"Maudy Ayunda nerima hujatan biasa keknya masih bisa abai dengan ""mindfulness"" ala yg dia sampaikan. Tapi, klo dia baca ini, berak terkencing-kencing pasti. Kalopun tidak, sepertinya lubang duburnya udh kesumbat  kedunguan nalarnya sendiri.",,223,,1,
https://x.com/spacesshyt/status/2100193998887649510,Twitter/X,,,Wed Sep 16 12:04:03 +0000 2026,#ERROR!,,222,,0,
https://x.com/mmtcradiojogja/status/2100028788293894319,Twitter/X,,,Wed Sep 16 01:07:34 +0000 2026,"Klarifikasi Maudy Ayunda Dituding Tone Deaf gegara Curhat Lelahnya Dengar Berita Buruk di Indonesia

https://t.co/LxAvmrMbxG

#MorningUpdate #Berani #LUMITHEA",,221,,0,
https://x.com/RadicuIatus/status/2100442808482136416,Twitter/X,,,Thu Sep 17 04:32:44 +0000 2026,"Stoik ala ferry irwandi 
Mindful ala maudy ayunda 
Islam ala prabowo 
Chef ala Farah Quinn
Canggung ala Too Phat
Long ala lalala long Inner Circle",,221,,0,
https://x.com/serenityoxeod/status/2100416371633082746,Twitter/X,,,Thu Sep 17 02:47:41 +0000 2026,"Lagi bacain komenan warga threads soal Maudy Ayunda dan Kang nendang di sency, eh tiba-tiba nemu mereka di tl njir 😭

Ngakak banget 😭😭 https://t.co/iz6kvt02vt",,220,,0,
https://x.com/edzsamudra/status/2100536207759593923,Twitter/X,,,Thu Sep 17 10:43:52 +0000 2026,"maudy ayunda tidur, besok masak telor omega lagi😹",,219,,0,
https://x.com/lee00830886/status/2100667908083036588,Twitter/X,,,Thu Sep 17 19:27:12 +0000 2026,"The Thai monk that's trending right now

https://t.co/LWdVjLhpx9

https://t.co/LWdVjLhpx9

https://t.co/LWdVjLhpx9

https://t.co/LWdVjLhpx9

https://t.co/LWdVjLhpx9

Monday vs. 10 Viral Aqeela Latest LPDP Java Sea Maudy Ayunda Calista hot😆🥵 https://t.co/UFdFEW7cPG",,218,,0,
https://x.com/bubblegrumpy_/status/2100614179044597926,Twitter/X,,,Thu Sep 17 15:53:42 +0000 2026,maudy ayunda jg kalo ngikutin discourse ini udah bikin video mindfulness part 2,,214,,0,
https://x.com/andareh/status/2100339951145734212,Twitter/X,,,Wed Sep 16 21:44:01 +0000 2026,Ngomongin tone deaf bkn maudy ayunda anjirrrrr itu liat influencer/artist yg disaat Indonesia lg kayak gini dia asik liburan running di eropa skrng lg di Milano wakwaw. Manaaaa suaminya hrsssss bgt tuh dipantauu kekayaannya 🤣,,213,,0,
https://x.com/Musyavanes_/status/2100513558375358639,Twitter/X,,,Thu Sep 17 09:13:52 +0000 2026,"someone said
Stoik ala ferry irwandi  
Mindful ala maudy ayunda  
Islam ala prabowo",,213,,0,
https://x.com/R_Perkasa/status/2100016901279953384,Twitter/X,,,Wed Sep 16 00:20:20 +0000 2026,"@bardanslm Menurut dia ga penting yah menurut dia aja 

11-12 sama Maudy Ayunda yang si paling Mindfullness di tengah keramaian kondisi Indonesia",,212,,0,
https://x.com/Valinorshield/status/2100266082288402758,Twitter/X,,,Wed Sep 16 16:50:29 +0000 2026,"Kalau untuk masalah cinta, gw bakalan ikutin kata maudy ayunda “LET THEM” https://t.co/Qtmjf7W1mV",,212,,0,
https://x.com/xhinxyuxin/status/2100571154893144199,Twitter/X,,,Thu Sep 17 13:02:44 +0000 2026,@ShinReiJin417 skrg coba bayangin ryujin kek maudy ayunda yang cerita oxford stanford trs trs an pas lagi pacaran trs nge live pas lagi berantem 😍,,212,,1,
https://x.com/pesandarisyahid/status/2100116976718721143,Twitter/X,,,Wed Sep 16 06:58:00 +0000 2026,"""Mereka (Israel) tidak menargetkan apa-apa, kecuali nyawa manusia tidak berdosa; anak kecil.""

Viral Purabaya komitmen Maudy Ayunda",,211,,0,
https://x.com/butakaraa/status/2100125814788690315,Twitter/X,,,Wed Sep 16 07:33:07 +0000 2026,@dosenkesmas jujur buanyaaaaaak banget awardeee LPDP yg berkontribusi jauh lebih baik daripada Maudy Ayunda atau artis-artis gaje itu (kayak Tasya Kamila).,,210,,0,
https://x.com/cottondrizzle/status/2100230416796123435,Twitter/X,,,Wed Sep 16 14:28:46 +0000 2026,gw jd maudy ayunda sih geter ya,,210,,1,
https://x.com/masbrill_/status/2100280144363716901,Twitter/X,,,Wed Sep 16 17:46:22 +0000 2026,maudy ayunda jam segini ngapain ya?,,209,,0,
https://x.com/giri_kipli/status/2100165521824182583,Twitter/X,,,Wed Sep 16 10:10:54 +0000 2026,"11 pertama 
Seoul hanya memasukan 1 pemain asing dan Persib dengan 5 pemain asing yang terbukti di menit awal Persib unggul 1-0 melalui tendangan pojok Klok disambut Julio Cesar !!!

Menkeu
Sri Mulyani
Maudy Ayunda https://t.co/7xeY3TNdJy",,208,,0,
https://x.com/haraudibarkah/status/2100117041156133251,Twitter/X,,,Wed Sep 16 06:58:15 +0000 2026,@dosenkesmas Jawaban yg mindfulness daripada ala maudy ayunda yg terkesan menutup mata masalah.,,208,,0,
https://x.com/NChoira/status/2100175868941471970,Twitter/X,,,Wed Sep 16 10:52:01 +0000 2026,"Maudy Ayunda kau pasti tak lihat ini, kan?",,208,,0,
https://x.com/megaversezz/status/2100045349197127764,Twitter/X,,,Wed Sep 16 02:13:22 +0000 2026,"pakai kode referral ini biar dapet bonus 5k guys :

FF6JWV5WP

install aplikasi Shopee Pay, login dg akun shopee yang Shopeepay nya sudah 'plus', masukkan kodenya.

promo diskon qris, voucher token tagihan listrik, bpjs sri mulyani maudy ayunda purbaya",,205,,0,
https://x.com/mitzychizie/status/2100438752825123039,Twitter/X,,,Thu Sep 17 04:16:37 +0000 2026,kak maudy ayunda tolong ajarkan fans emyu ini biar mindfullnes,,204,,0,
https://x.com/yantotetenguk/status/2100694040627085526,Twitter/X,,,Thu Sep 17 21:11:02 +0000 2026,Maudy ayunda fans MU udu sih? Cobo isih iso mindfulness ora nek ndelok maine dorgu karo dalot??? Jinguk,,202,,0,
https://x.com/buni641/status/2100111350211227763,Twitter/X,,,Wed Sep 16 06:35:38 +0000 2026,"@Valleriesvae marah2 tp kasih link affiliate, apa bedanya lu sm maudy ayunda jir, sm2 tone deaf 🤣🤣",,201,,0,
https://x.com/OfficialAdian/status/2100013353779495271,Twitter/X,,,Wed Sep 16 00:06:14 +0000 2026,"Setiap pagi, siang, sore bahkan malam mau tidur pun yang dihirup bau asap kebakaran, terkadang bangun tengah malam bau asap menjadi2. 
Tapi ada orang pintar kelewat tolol seperti maudy ayunda, ah malah nerusinnya 😩🤦",,200,,0,
https://x.com/jyulechat/status/2100517753031721395,Twitter/X,,,Thu Sep 17 09:30:32 +0000 2026,thats like the worst insult possible to a person semoga gue gak akan pernah di posisi seblunder maudy ayunda sampe orang lain bisa ngomong gini ke gue 😭,,199,,0,
https://x.com/inyiesta/status/2100039537716277382,Twitter/X,,,Wed Sep 16 01:50:17 +0000 2026,maudy ayunda cantiknya ilang di mata gue. beauty and brain without empathy and consciousness means nothing tbh,,198,,0,
https://x.com/pesandarisyahid/status/2100085267906666704,Twitter/X,,,Wed Sep 16 04:52:00 +0000 2026,"Membela Palestina dgn nyata (memutus hubungan dgn Israel), adalah kewajiban kita semua. Terutama para ulama, organisasi, dan pejabat muslim.

Viral Purabaya komitmen Maudy Ayunda",,198,,0,
https://x.com/immee3345/status/2100046326553772272,Twitter/X,,,Wed Sep 16 02:17:15 +0000 2026,"Promo Makan Hemat ShopeeFood

HokBen
https://t.co/EUgEeIylSI

Sec Bowl
https://t.co/rHISgqr7qC

Sushi Yay
https://t.co/X9IC8sYnVd

Richeese Factory
https://t.co/Wusp9zen60

Animo Bakery
https://t.co/kQCrLJxDnu

___
#zonauang Sarapan Pagii Alhamdulillah Purbaya Maudy Ayunda https://t.co/NQSXknvOPz",,196,,0,
https://x.com/elpichichiiiiii/status/2100118380292542821,Twitter/X,,,Wed Sep 16 07:03:34 +0000 2026,@ComicFaktaNih Awwwww maudy ayunda.. yg lagi viral ya min 😅,,195,,1,
https://x.com/m_mola9591/status/2100144070928839070,Twitter/X,,,Wed Sep 16 08:45:39 +0000 2026,"ShopeeFood Sekarang Promo Diskon 65% s/d 15RB Tanpa Min. Pembelian &amp; Berlaku di semua resto 🎉✨

Cek Voucher-nya di sini ⤵️

✨ https://t.co/jlHxMofsgP
✨ https://t.co/WapnRYmo6B
✨ https://t.co/Jup7Joi07V

___
#zonauang Menkeu Purbaya Maudy Ayunda Sri Mulyani https://t.co/WOlWsYSmog",,194,,0,
https://x.com/damgildaero/status/2100425186524954905,Twitter/X,,,Thu Sep 17 03:22:43 +0000 2026,oh ini mindfulness yg maudy ayunda maksud🙂🙂🙂🙂,,193,,0,
https://x.com/dekaduuuk/status/2100348779090305462,Twitter/X,,,Wed Sep 16 22:19:06 +0000 2026,Tau lagunya Maudy Ayunda? Untuk apa?,,193,,1,
https://x.com/saotaki/status/2100071992233959753,Twitter/X,,,Wed Sep 16 03:59:15 +0000 2026,"Ini Loh Tindak Pidana Asal di Kasus TPPU Febrie Adriansyah 🫠
#febrieadriansyah #kejaksaanagung #poldametrojaya #ruuperampasanaset Purbaya
#bptaskindanbmi
#SiagaHadapiBencana
Menkeu
Pemulihan Kondisi Indonesia
Maudy Ayunda
Komitmen Hasil Nyata
Nusron
Peci
budiman sudjatmiko https://t.co/3pqZDLmcOh",,193,,0,
https://x.com/BajulCoin/status/2100205395231076501,Twitter/X,,,Wed Sep 16 12:49:20 +0000 2026,"Lebay 😄
Yang ingin minum le mineral ya tetap minum, biarpun brand ambassador nya maudy ayunda

Bagaimana kabarnya dengan boikot brand2 produk AS karena Gaza, Palestina ? Sampai sekarang brand Nike, Macdonald, Starbucks, Iphone, dll. masih menjadi pilihan favorit masyarakat kita",,192,,4,
https://x.com/adhigbf/status/2100380373842895356,Twitter/X,,,Thu Sep 17 00:24:38 +0000 2026,"@angelichris @eurrora @brooklqyn @nrfthhx Empati gak ada sih... Karena merasa jelek biasa aja, jadi enteng bilang gitu, Maudy Ayunda juga ni orang.",,191,,0,
https://x.com/cactierra/status/2100167328730378327,Twitter/X,,,Wed Sep 16 10:18:05 +0000 2026,"@aldoputra1020 @tempodotco Anda ini tidak ada bedanya dgn maudy ayunda yg lagi dihujat gara-gara nyuruh orang mindful.  

Dengan segala kekacauan yang sudah terjadi, bisa-bisanya nyuruh positif thinking dan BAHKAN NYURUH MIKIR SOLUSI NYATA?

Terus fungsinya pemerintah apa?",,190,,1,
https://x.com/trashh27_/status/2100063022542909684,Twitter/X,,,Wed Sep 16 03:23:36 +0000 2026,bonek 1-0 maudy ayunda,,190,,0,
https://x.com/anggianafiesma_/status/2100230835559637130,Twitter/X,,,Wed Sep 16 14:30:26 +0000 2026,"Jujur dari Maudy Ayunda S2 pake LPDP aja udah off banget, lah wong dia di oxford 4tahun bayar sendiri aja gas, ngapain S2 minta dibayarin rakyat???",,187,,1,
https://x.com/immee3345/status/2100107354348110311,Twitter/X,,,Wed Sep 16 06:19:46 +0000 2026,"Promo Makan Hemat ShopeeFood

Truffle Belly
https://t.co/okzmQE0MNs

McDonald's
https://t.co/APPC8cDhdp

Ayam Keprabon
https://t.co/lGhJB8Mqhx

FamilyMart
https://t.co/xp9ZmALefb

Republic Kebab
https://t.co/KDDSmyzzqR

___
#zonauang Sarapan Pagii Purbaya Sri Mulyani Maudy Ayunda https://t.co/oF6u0qdjsC",,186,,0,
https://x.com/toamajid/status/2100022181833138514,Twitter/X,,,Wed Sep 16 00:41:19 +0000 2026,@plisitin Maudy ayunda? nda,,186,,0,
https://x.com/ugethug/status/2100021581238177811,Twitter/X,,,Wed Sep 16 00:38:56 +0000 2026,"@vier4x4 lancang kamu, minta maaf ke maudy ayunda jangan ke kami! Kami mah gak masalah.",,186,,0,
https://x.com/Amrmhmmdm/status/2100384233294627324,Twitter/X,,,Thu Sep 17 00:39:59 +0000 2026,"hot girl gets gangbanged by a crowd in the kitchen goes viral

https://t.co/KibU2k6XHf

https://t.co/KibU2k6XHf

https://t.co/KibU2k6XHf

https://t.co/KibU2k6XHf

Monday Opponent 10 Latest Viral Aqeela LPDP Morning Roll Call Java Sea Maudy Ayunda Calista https://t.co/3GqtGOfPbe",,185,,0,
https://x.com/datingurmom/status/2100638897441243549,Twitter/X,,,Thu Sep 17 17:31:55 +0000 2026,"stoik ala ferry irwandi
mindful ala maudy ayunda
islam ala prabowo
kfc jagonya ayam",,184,,0,
https://x.com/sekar_galuh/status/2100037308158443725,Twitter/X,,,Wed Sep 16 01:41:25 +0000 2026,"@ursweetykiwi Lebay amat loe Mpok 🤐, gw sependapat sama Ojol . Pendidikan itu prioritas dan bisa merubah nasib. Hidup itu ada sklala prioritas apalagi dilahirkan dari keluarga Pejuang bukan bergelimang fasilitas sejak orok kayak Maudy Ayunda",,184,,0,
https://x.com/alexllave7/status/2100385519062655299,Twitter/X,,,Thu Sep 17 00:45:05 +0000 2026,"hot girl gets gangbanged by a crowd in the kitchen goes viral

https://t.co/Llevw6pLEL

https://t.co/Llevw6pLEL

https://t.co/Llevw6pLEL

https://t.co/Llevw6pLEL

Monday Opponent 10 Latest Viral Aqeela LPDP Morning Roll Call Java Sea Maudy Ayunda Calista https://t.co/9cf3YlWRic",,183,,0,
https://x.com/auroraa1g/status/2100311975368745350,Twitter/X,,,Wed Sep 16 19:52:51 +0000 2026,"Maudy Ayunda tengah jadi bulan-bulanan netizen di platform sosial media usai membahas cara menjaga diri di tengah derasnya pemberitaan buruk. Alih-alih mendapat respons positif, pernyataan tersebut justru memicu kritik pedas dari sejumlah netizen. https://t.co/pR6xi6iGwr",,182,,0,
https://x.com/nagetkenjler/status/2100414518954492114,Twitter/X,,,Thu Sep 17 02:40:19 +0000 2026,"Tahta tertinggi mindfullness, maudy ayunda ga ada apa2nya,",,181,,0,
https://x.com/chaseowoon/status/2100091976624549994,Twitter/X,,,Wed Sep 16 05:18:39 +0000 2026,"sekali lagi bahas maudy ayunda, kita hajar di tempat.",,180,,1,
https://x.com/immee3345/status/2100069830166728926,Twitter/X,,,Wed Sep 16 03:50:39 +0000 2026,"Promo Makan Hemat ShopeeFood

Mie Gacoan
https://t.co/1pdgFxWFuW

Sushi Yay
https://t.co/cInhf2BZ6w

Burger Bangor
https://t.co/epcSjJDdD5

Mixue
https://t.co/CbBk9d45Tk

Animo Bakery
https://t.co/MTDZbN3KNA

___
#zonauang Rabu Sarapan Pagii Purbaya Sri Mulyani Maudy Ayunda https://t.co/erxLosD3tX",,180,,0,
https://x.com/theerakitsz/status/2100136177135468978,Twitter/X,,,Wed Sep 16 08:14:17 +0000 2026,"Terkadang suka ada promo diskon tagihan listrik &amp; pulsa qris serba seribu di apk ShopeePay. Buat yg baru install, yuk pakai kode referal biar dpt free saldo Rp 5.000

Caranya: 
1. Gunakan kode referral ShopeePay FF6JWV5WP saat buka apk
2. Klaim reward

maudy ayunda menkeu toraja",,180,,0,
https://x.com/oblliuiate/status/2100226952569266520,Twitter/X,,,Wed Sep 16 14:15:00 +0000 2026,"yuk kalau ada yang baru install aplikasi shopeepay pake kode referral dari aku, biar dapet bonus saldo 10k dari shopee pay

code: FF6JWV5WP

klaim reward di halaman undang teman 

promo diskon serba seribu qris, voucher token tagihan listrik, bpjs sri mulyani maudy ayunda nusron",,179,,0,
https://x.com/pisangigor/status/2100505915778830447,Twitter/X,,,Thu Sep 17 08:43:30 +0000 2026,JUJUR gw bukan Maudy Ayunda tp KENA DI GW kl gw digituin,,178,,0,
https://x.com/Merdekapinjol/status/2100046999269822801,Twitter/X,,,Wed Sep 16 02:19:56 +0000 2026,Kenapa orang-orang ngebelain Maudy Ayunda sampai segitunya,,177,,0,
https://x.com/semangkalucu/status/2100621363195384168,Twitter/X,,,Thu Sep 17 16:22:15 +0000 2026,@315page bukunya maudy ayunda wkwk,,177,,0,
https://x.com/si_abdeeenegara/status/2100114472723792145,Twitter/X,,,Wed Sep 16 06:48:03 +0000 2026,"Permendikbudristek No. 2 Tahun 2026 mengatur bahwa ada jalur lain selain desil. Penerima PIP yang berprestasi juga diprioritaskan. Sesuaikan sistem KIP-K dengan peraturannya agar tidak ada yang terlewatkan. #MengenalDesilDTSEN
@bps_statistics

Sri Mulyani Maudy Ayunda #zonauang https://t.co/mkIqFZ6YqU",,177,,0,
https://x.com/domnut/status/2100271650734481688,Twitter/X,,,Wed Sep 16 17:12:37 +0000 2026,Goosebumps baca ini. Lu baca ini deh Maudy Ayunda,,176,,0,
https://x.com/pelovecgssts/status/2100054658450682313,Twitter/X,,,Wed Sep 16 02:50:22 +0000 2026,"Maudy Ayunda masih bisa ga yah nerapin mindfulness didaerah ku?soalnya ini udah mau jam 11 tapi matahari beneran ketutup dan sumpah disini jadi oranye banget,berasa masih jam 7 pagi,sekali kali yuk Maudy tinggal dikalimantan dan ngerasain kita sehari hari gimana ☺️",,176,,0,
https://x.com/butterflydarm/status/2100337906124820925,Twitter/X,,,Wed Sep 16 21:35:53 +0000 2026,"padahal dari muka aja kelihatan, Maudy Ayunda ini tipe cewek yang udah punya segalanya dari lahir dan tidak akan peduli pada apapun selain dunia yg berporos pada dia. jadi mau dunia orang lain hancur atau amburadul pun, selama dunia dia baik - baik aja ya dia ga bakal peduli.",,173,,0,
https://x.com/mikachi_ara/status/2100149348244017211,Twitter/X,,,Wed Sep 16 09:06:38 +0000 2026,Maudy Ayunda tambuk banar jadi urang,,173,,0,
https://x.com/twentysickseu/status/2100450685095756024,Twitter/X,,,Thu Sep 17 05:04:02 +0000 2026,I hope Prabowo (dan pemerintah lain) menerima protes sebesar atau malah lebih besar dari yang diterima Maudy Ayunda :))))))))),,173,,0,
https://x.com/AlfiRizkyR/status/2100628334178914723,Twitter/X,,,Thu Sep 17 16:49:57 +0000 2026,"I fully agree that Maudy Ayunda was tone-deaf as all hell with her statement, but honestly if you're practicing vipassana this is kind of the default state to begin with. Yes, it's possible to always be mindful, even in those circumstances. It's encouraged, even.",,172,,1,
https://x.com/si_abdeeenegara/status/2100113536596779232,Twitter/X,,,Wed Sep 16 06:44:20 +0000 2026,"Aturan memberi ruang bagi banyak orang. Bukan cuma satu syarat yang dipakai. Prestasi dan kondisi ekonomi sama-sama dilihat. Pastikan aplikasinya mencerminkan semua keadaan yang sebenarnya. #MengenalDesilDTSEN
@bps_statistics

Purbaya Sri Mulyani Maudy Ayunda #zonauang https://t.co/VcbD3FCaLe",,171,,0,
https://x.com/AnzarArjun/status/2100603462820168062,Twitter/X,,,Thu Sep 17 15:11:07 +0000 2026,"Budak Malaysia yang lagi viral 

https://t.co/bjhu1QhvDZ

https://t.co/h67hQZJ2ik

https://t.co/AcEuQVdd9Q

https://t.co/MH4fGuyheu

Malam Jumat Maudy Ayunda Maljum Jihan Coffee https://t.co/R7qMmvX6XQ",,168,,0,
https://x.com/aightlxveme/status/2100122083162558825,Twitter/X,,,Wed Sep 16 07:18:17 +0000 2026,maudy ayunda mana paham🤗 yang ada disuruh walk in nature nanti,,166,,1,
https://x.com/amaliawidyal/status/2100017588248137973,Twitter/X,,,Wed Sep 16 00:23:04 +0000 2026,ya Allah untung aku bukan maudy ayunda,,166,,1,
https://x.com/kastaindia0101/status/2100260429234921608,Twitter/X,,,Wed Sep 16 16:28:01 +0000 2026,"Tonight, V stepped into the crowd, taking in live performances at Vogue World: Hollywood. Known for his own standout fashion moments, he kept it effortlessly stylish in a look worthy of the runway. #taehyung

Coba Gemini Notebook Maudy Ayunda Menkeu A. APE https://t.co/hnQMW2fvgh",,166,,0,
https://x.com/jjedjjun/status/2100045479505793395,Twitter/X,,,Wed Sep 16 02:13:53 +0000 2026,maudy ayunda aja ada penjilatnya,,165,,0,
https://x.com/KaltLiegejp/status/2100085016139362625,Twitter/X,,,Wed Sep 16 04:51:00 +0000 2026,@solowae1 Kira kira gimana reaksi maudy ayunda dengar pernyataan ini 🤣🤣🤣🤣,,164,,1,
https://x.com/NandasChamber/status/2100033777343025271,Twitter/X,,,Wed Sep 16 01:27:23 +0000 2026,Maudy Ayunda could never,,164,,0,
https://x.com/ottaspace/status/2100249877729177867,Twitter/X,,,Wed Sep 16 15:46:06 +0000 2026,Konten maudy ayunda yap itu lah contoh tone deaf nirempaty dan ga napak tanah yg sesungguhnya dari kaum2 berprivilege,,163,,1,
https://x.com/vernunline/status/2100050312593883457,Twitter/X,,,Wed Sep 16 02:33:06 +0000 2026,sekelas maudy ayunda pake buzzer,,163,,0,
https://x.com/sushiforjungwoo/status/2100228296311201859,Twitter/X,,,Wed Sep 16 14:20:20 +0000 2026,Meanwhile maudy ayunda baca berita malem aja biar besoknya udah lupa,,162,,0,
https://x.com/cinematee/status/2100120941611352432,Twitter/X,,,Wed Sep 16 07:13:45 +0000 2026,"enteng bener nyuruh olahraga, sialan dikira gua kerja kagak full lari-lari ya anjing. lu di sini kuliah dibayarin ortu masih bisa pulang pergi ke indo jangan banyak ngedikte hidup orang dah paokkk. udah setara maudy ayunda dan cocot motivatornya.",,161,,1,
https://x.com/whtvrurlastname/status/2100561005940281442,Twitter/X,,,Thu Sep 17 12:22:25 +0000 2026,"harusnya maudy ayunda tuh bikin video mindfullness bukan ttg 'bad news' yg terjadi di Indo, tp buat seluruh pidato @prabowo. krna nonton pidato dia, kewarasan gua nurun",,161,,0,
https://x.com/jooy_eon/status/2100213095696376197,Twitter/X,,,Wed Sep 16 13:19:56 +0000 2026,"gue kalo jadi maudy ayunda baca ini udah gemeter, makan gak kenyang, tidur gak nyenyak. https://t.co/w9K092Gbby",,160,,1,
https://x.com/ojanonim/status/2100522614175494507,Twitter/X,,,Thu Sep 17 09:49:51 +0000 2026,@mhdlma @AlejandroAyubi maudy ayunda mah di british school kak udah beda spek,,160,,1,
https://x.com/udin__vladimir/status/2100280315239653689,Twitter/X,,,Wed Sep 16 17:47:03 +0000 2026,@LambeSahamjja bener2 mindfull seperti yg di bilang maudy ayunda,,159,,0,
https://x.com/thecultkin/status/2100138531217928437,Twitter/X,,,Wed Sep 16 08:23:39 +0000 2026,pancatera and maudy ayunda down we have finally reached the beginning of pilates yoga padel matcha mindfulness downfall,,158,,1,
https://x.com/prettymuchamix/status/2100171582899732850,Twitter/X,,,Wed Sep 16 10:34:59 +0000 2026,sorry moots kalau lewat repostan tentang berita politik atau maudy ayunda (gue kesel),,155,,0,
https://x.com/digrndl/status/2100341518091604192,Twitter/X,,,Wed Sep 16 21:50:15 +0000 2026,"gila setiap gue ngebuka akun Maudy ayunda bagian komentar di post yg disematkan pasti komen terbarunya kaya 2 detik yg lalu, 12 detik yg lalu, 1 menit yg lalu damnnnn 😭😭😭😭",,154,,1,
https://x.com/disway_update/status/2100150890292478442,Twitter/X,,,Wed Sep 16 09:12:45 +0000 2026,"Insiden naas ini terjadi saat helikopter tengah melakukan siaran langsung dari udara untuk meliput kecelakaan lalu lintas yang melibatkan bus kota. 

Maudy Ayunda",,154,,1,
https://x.com/amalanovi/status/2100288813318983745,Twitter/X,,,Wed Sep 16 18:20:49 +0000 2026,Sejujurnya aku gak paham kenapa maudy ayunda kena hujat..,,153,,0,
https://x.com/Kychrone/status/2100087763467186647,Twitter/X,,,Wed Sep 16 05:01:55 +0000 2026,"@softasthecloud @insidefolkative ga nyambung konteks sih

yg lagi dikomentarin ini perkara sikapnya maudy ayunda &amp; para influencer yg emang punya pengaruh (salah satunya jerome polin juga)

klo si mba dj mau pamer / flexing kaya gimana juga ga ada yg masalahin

klopun ada yg masalahin berarti emang ngiri aja",,153,,0,
https://x.com/transmedsos/status/2100148453510881600,Twitter/X,,,Wed Sep 16 09:03:04 +0000 2026,"Bad News yang katanya
Bikin Lelah itu
Gak Bisa Di Mute

Video Maudy Ayunda soal mindfulness dan “diet berita” ramai dikritik karena dianggap kurang sensitif dengan kondisi masyarakat yang masih menghadapi berbagai persoalan, dari bencana hingga kelangkaan BBM. https://t.co/7thHIS8gFG",,153,,1,
https://x.com/WidianAnjas/status/2100606217181966602,Twitter/X,,,Thu Sep 17 15:22:04 +0000 2026,"Bocil handuk putih viral 

https://t.co/FAdspcdsex

https://t.co/SvWJBJZOe9

https://t.co/t00rAL8asZ

https://t.co/fjBrpDkPVW

Malam Jumat Maudy Ayunda Maljum Jihan Coffee https://t.co/xgR9cSlkpa",,152,,0,
https://x.com/nanas14z/status/2100248147209650655,Twitter/X,,,Wed Sep 16 15:39:13 +0000 2026,"gw jadi maudy ayunda baca ini lgsg ga mood makan 4 hari, males mandi 2 minggu, bertapa di 7 curug",,151,,0,
https://x.com/xxchocolatosxx/status/2100205620465160307,Twitter/X,,,Wed Sep 16 12:50:14 +0000 2026,"Maudy Ayunda dirujak abis krn pengembangan gagasan yg terkesan peduli pada dirinya sendiri, pdhl topik “tetep peduli dg situasi sekaligus jaga kewarasan, walaupun susah” itu hal yg paling relate utk dilakukan seonggok manusia tak berpower umumnya. Sayangnya lagi,",,151,,1,
https://x.com/68pere/status/2100384626334372248,Twitter/X,,,Thu Sep 17 00:41:32 +0000 2026,"hot girl gets gangbanged by a crowd in the kitchen goes viral

https://t.co/mP045MoY1n

https://t.co/mP045MoY1n

https://t.co/mP045MoY1n

https://t.co/mP045MoY1n

Monday Opponent 10 Latest Viral Aqeela LPDP Morning Roll Call Java Sea Maudy Ayunda Calista https://t.co/nAz7PnFtYK",,150,,0,
https://x.com/b_rightb/status/2100271290141843872,Twitter/X,,,Wed Sep 16 17:11:11 +0000 2026,"Para ""Maudy Ayunda"" yang ga suka liat bad news, please bub and mute akun ini

Karena akun ini akan lebih banyak rt bad news dari Indonesia dibanding akun fangirling
Terima kasih 🙏🏻",,150,,0,
https://x.com/eno_basuki/status/2100097352954744915,Twitter/X,,,Wed Sep 16 05:40:01 +0000 2026,"Kenapa ada warga yang dicoret dari bansos? DEMI KEADILAN! ⚖️
Pemutakhiran data terus dilakukan agar warga mampu/mandiri digraduasi, data ganda dibersihkan, dan kuota dialihkan ke yang benar-benar membutuhkan! 🎯

#MengenalDesilDTSEN

AYCE
Maudy Ayunda https://t.co/niw2VSZcVC",,150,,0,
https://x.com/gaeaaaill_/status/2100177706831036900,Twitter/X,,,Wed Sep 16 10:59:19 +0000 2026,"1. Stoik ala ferry irwandi
2. Mindfulness ala maudy ayunda
3. Islam ala prabowo

Next apa lagi ga kira-kira?",,150,,0,
https://x.com/__mononoaware/status/2100273494152093775,Twitter/X,,,Wed Sep 16 17:19:56 +0000 2026,maudy ayunda,,149,,0,
https://x.com/agus_hndr/status/2100067966746591605,Twitter/X,,,Wed Sep 16 03:43:15 +0000 2026,"Ucapan berduka yang dikirimkan bu Puan untuk para korban Virgo Transport 8, semoga segera ditemukan dalam keadaan selamat. bu Puan juga meminta agar pemerintah terus mengoptimalkan pencarian dan penyelamatan.

Sarapan AYCE Maudy Ayunda ULTRA FARM https://t.co/FOESF1QJEb",,149,,0,
https://x.com/eza_pri/status/2100240082066411535,Twitter/X,,,Wed Sep 16 15:07:10 +0000 2026,"@ainurohman yg dihujat malah maudy ayunda , wni wni",,147,,0,
https://x.com/ixsnrs/status/2100416969568854112,Twitter/X,,,Thu Sep 17 02:50:04 +0000 2026,Ini nyenggol Maudy Ayunda?,,147,,0,
https://x.com/PorrestGumf/status/2100747491939610826,Twitter/X,,,Fri Sep 18 00:43:26 +0000 2026,"Stoik ala ferry irwandi
Mindful ala maudy ayunda
Islam ala prabowo

KEPAK SAYAP KEBHINEKAAN ALA PUAN MAHARANI https://t.co/TwCZ52zlR7",,147,,1,
https://x.com/dariguruhonorer/status/2100217504690061418,Twitter/X,,,Wed Sep 16 13:37:27 +0000 2026,"Apakah kontribusimu sudah lebih besar dari Maudy Ayunda?
saya: mending Maudy Ayunda ngajar di 3T sebagai guru honorer dan gaji di rapel 3 bulanan.",,146,,0,
https://x.com/bardanin/status/2100088517103845381,Twitter/X,,,Wed Sep 16 05:04:54 +0000 2026,"@dosenkesmas Selain akting dan bayar pajak, jasa Maudy ayunda apa sebagai imbal balik beasiswa yg diterima? Serius bertanya",,145,,0,
https://x.com/yuarmyhope/status/2100216154702975379,Twitter/X,,,Wed Sep 16 13:32:06 +0000 2026,that racist girl????? wkwk ga dulu🤮i’m not even defending maudy ayunda but that person isn’t it too🤮,,144,,0,
https://x.com/Partono_ADjem/status/2100142847559414099,Twitter/X,,,Wed Sep 16 08:40:48 +0000 2026,"@hasmibakhtiar @Buti940015 Bahas yg ringan2 aja pak. Maudy Ayunda rada berat jg, yg sentimen udh banyakkk",,143,,1,
https://x.com/a_s_h_u_r_i_n/status/2100100468605399529,Twitter/X,,,Wed Sep 16 05:52:24 +0000 2026,"Mindful Mindful Palak Hotak Kau 🫵👺

I'm almost die in here (1month) .. 

Every day Indonesia always gives bad news, but we will never stop speaking out 🫵👺

Oi Maudy Ayunda, kamu bisa mengatakan ""Mindful"" Karna hidup mu selalu berada dizona nyaman.. 

Come on, try living in Kalimantan for a few days and experience what we feel here. Maybe you won't find it easy to motivate everyone with your ""Mindful"" words 🫵👺",,141,,0,
https://x.com/vitaemin_jie/status/2100254682128281773,Twitter/X,,,Wed Sep 16 16:05:11 +0000 2026,"Dalem hati maudy ayunda “jir nyesel gue kuliah pake duit rakyat, padahal gue tajir”. Gak nyangka liat downfall maudy ayunda secepat ini. When ya raffi ahmad downfall juga?",,141,,0,
https://x.com/aresss11__/status/2100001927484621125,Twitter/X,,,Tue Sep 15 23:20:50 +0000 2026,"bangun pagi dihantui dgn org yg pada ngehujat maudy ayunda, sebenernya emg dia sepenuhnya salah ya bikin videk ke gtu?? Kagak kaann..",,140,,0,
https://x.com/miraikzmr/status/2100223592772595736,Twitter/X,,,Wed Sep 16 14:01:39 +0000 2026,@hyleddeoghania maudy ayunda tidak mau lihat ini,,140,,0,
https://x.com/allegrisaurus/status/2100088536133493014,Twitter/X,,,Wed Sep 16 05:04:59 +0000 2026,"Sehrsnya si Maudy Ayunda ini takedown video. Saking mindfulness nya sampe ga baca komentar netizen
Digoreng lah berhari2 https://t.co/M0ojWcigfe",,139,,0,
https://x.com/sundubujiggaeyz/status/2100358645020270796,Twitter/X,,,Wed Sep 16 22:58:18 +0000 2026,maudy ayunda jg gabakal tau rasanya publish jurnal sinta dengan revisi revisinya itu,,139,,1,
https://x.com/WidianAnjas/status/2100606625291837647,Twitter/X,,,Thu Sep 17 15:23:41 +0000 2026,"Maljum minta jatah ke Kaka ipar 

https://t.co/FAdspcdsex

https://t.co/SvWJBJZOe9

https://t.co/t00rAL8asZ

https://t.co/fjBrpDkPVW

Malam Jumat Maudy Ayunda Maljum Jihan Coffee https://t.co/DnvG7myEfE",,139,,0,
https://x.com/meffying/status/2100497036667933050,Twitter/X,,,Thu Sep 17 08:08:13 +0000 2026,Kalo si Maudy Ayunda itu ga merenung baca ini deserve dikatain jahat dan stupid,,138,,0,
https://x.com/clubcitlali/status/2100150025468989777,Twitter/X,,,Wed Sep 16 09:09:19 +0000 2026,imagine having a degree in THE ppe from THE oxford and then making the most tone deaf video at the height of an absolute fucking disastrous year in your home country. maudy ayunda they could never make me defend you.,,134,,0,
https://x.com/foxgibbang/status/2100228982625157557,Twitter/X,,,Wed Sep 16 14:23:04 +0000 2026,"""solusi ala kamu, Maudy Ayunda, alumni PPE Oxford""

""Gelar mentereng dari institusi sekelas Oxford dan Stanford hanya kamu serap sebagai trophy kultural dan pemoles reputasi""

Dan berkali-kali PPE Oxford dimention, gue kalo diginiin langsung menatap nanar ijazah gue sih. MALUU 😩",,133,,2,
https://x.com/abcdefghijsv12/status/2100337196322701429,Twitter/X,,,Wed Sep 16 21:33:04 +0000 2026,"liat hatecomment maudy ayunda sih gila ya, org” pada ga objektif kritik isi vidnya malah kemana mana (makanan,pendidikan, bisnis,dll). apakah org” fomo yg iri or org” yg ga nonton video (fomo) kemarin liat video di yt cuman 500 ribuan yg nonton tpi yg ngehate sepertinya jutaan 😂",,132,,1,
https://x.com/greetchie/status/2100064635500286440,Twitter/X,,,Wed Sep 16 03:30:01 +0000 2026,Maudy Ayunda talking about mindfulness while weighting proteins and other side people counting cents to survive until next paycheck.,,132,,0,
https://x.com/jsyfjk/status/2100186737536561624,Twitter/X,,,Wed Sep 16 11:35:12 +0000 2026,"Si maudy ayunda better lu balikim uang ldpd nya, lumayan untuk bantu masyarakat di kalimantan, ntt, aceh dan daerah lain. Kuliah pake duit rakyat aja belagu nya minta ampun.",,132,,0,
https://x.com/KabarPerlawanan/status/2100034971175923893,Twitter/X,,,Wed Sep 16 01:32:08 +0000 2026,"Utas 🧵
Teheran, Purna Warta– Korps Pengawal Revolusi Islam (IRGC) mengumumkan intersepsi dan penghancuran drone canggih MQ-1 lainnya di Selat Hormuz.

Tags Purabaya komitmen Maudy Ayunda https://t.co/LG4vJGQJf7",,131,,1,
https://x.com/nafasejenak/status/2100453829074673983,Twitter/X,,,Thu Sep 17 05:16:32 +0000 2026,Danggg minimal Maudy Ayunda sekarang termenung di kamar sambil muhasabah atas keapatisannya inih,,131,,2,
https://x.com/notailuviyuw/status/2100198853463142482,Twitter/X,,,Wed Sep 16 12:23:21 +0000 2026,serius nanya kontribusinya maudy ayunda emg apaan dah?,,131,,0,
https://x.com/akuyoyo/status/2100252950388170890,Twitter/X,,,Wed Sep 16 15:58:18 +0000 2026,@oqforwhat u need say sorry with maudy ayunda,,129,,1,
https://x.com/buburpakelogika/status/2100574772942065746,Twitter/X,,,Thu Sep 17 13:17:07 +0000 2026,"yg ikut ikutan hate maudy ayunda pada ga ngerti bahasa inggris apa gimana?

salah translete?",,128,,0,
https://x.com/upilhamster/status/2100589937708163562,Twitter/X,,,Thu Sep 17 14:17:22 +0000 2026,"to maudy ayunda 
“jangan hanya karena tidak terjadi padamu, bukan berarti itu tidak pernah terjadi”",,128,,0,
https://x.com/wowwgooodwow/status/2100143849054294034,Twitter/X,,,Wed Sep 16 08:44:47 +0000 2026,@Heiatyra @FagkingsOwzem req maudy ayunda min,,128,,0,
https://x.com/alpucute/status/2100726032995414363,Twitter/X,,,Thu Sep 17 23:18:10 +0000 2026,"How News dunia entertaiment hari ini huru-hara bgt

Andre Taulany selingkuh ⬆️🔝
Fadil jaidi mau nikah 🆕❤️‍🔥
Maudy Ayunda tone deaf ⬇️🔍
Betrand Peto KS dugem ↔️🔞
PURBAYA DIPECAT PRABOWO 📌🆗",,127,,0,
https://x.com/63wdcrs/status/2100157071673250058,Twitter/X,,,Wed Sep 16 09:37:19 +0000 2026,"lucu liat orang yg membela maudy ayunda di threads, ga masalah kalau kalian nge bela dia tapi jangan pernah sebut bahwa karhutla di kalimantan itu hoax.
sial, aku harap kalian yang menganggap sepele kebakaran hutan dan lahan kalimantan.
di azab sepedih pedihnya saat meninggal.",,125,,0,
https://x.com/dannycities512/status/2100039457055600705,Twitter/X,,,Wed Sep 16 01:49:58 +0000 2026,maudy ayunda is smiling at this,,125,,0,
https://x.com/enhysora/status/2100114991865323957,Twitter/X,,,Wed Sep 16 06:50:06 +0000 2026,"ini gw gak membela maudy ya, tentu aja sangat disayangkan dengan platform dia yg segede itu tapi bertingkah sperti itu, tp disini gw cuma memberikan pov kalo gw (sebagai orang bawah) gak kaget aja ""sekelas maudy ayunda"" bisa jadi deaf kayak gitu, gw sendiri irl berteman sama anak anak orkay dan ya ... mereka simpati, tapi simpati tidak sama dengan relate",,125,,0,
https://x.com/reizaldy_/status/2100097169370018080,Twitter/X,,,Wed Sep 16 05:39:17 +0000 2026,"@dosenkesmas Dia ngapain juga dah ngebangga-banggain kontribusi orang. Plus, Maudy Ayunda kontribusinya apaan di INA? 😹",,124,,0,
https://x.com/xautrading/status/2100022009145278926,Twitter/X,,,Wed Sep 16 00:40:38 +0000 2026,"Sell BTC 75900s
SL 76300s
TP1 75400s TP2 74900s

Wellcome Pagii Maudy Ayunda",,124,,0,
https://x.com/black_k00k33/status/2100172977371521326,Twitter/X,,,Wed Sep 16 10:40:31 +0000 2026,maudy ayunda coba deh tinggal di Kalimantan sebulan trus coba bikin konten lagi tentang mindfulness,,123,,0,
https://x.com/ginnobaraaa/status/2100020682851840147,Twitter/X,,,Wed Sep 16 00:35:21 +0000 2026,mindful ala Maudy Ayunda,,122,,0,
https://x.com/Ijey/status/2100446640289243394,Twitter/X,,,Thu Sep 17 04:47:58 +0000 2026,"Daftar boikot pribadi air mineral. 
🇮🇱 Danone AQUA &amp; Vit
🇮🇱 Nestlé
🇮🇩 Le Minerale (Maudy Ayunda)",,122,,3,
https://x.com/firstwin/status/2100553386420752694,Twitter/X,,,Thu Sep 17 11:52:08 +0000 2026,"masih ada berita karhutla, bbm langka di sulawesi, bencana, abu vulkanik, MBG beracun, kasus maudy ayunda, berita menteri keuangan-

yang lebih harus diramein drpd pembahasan ini",,121,,0,
https://x.com/gakgituvik/status/2100542307326148924,Twitter/X,,,Thu Sep 17 11:08:06 +0000 2026,Maudy ayunda? Yaila napak tanah ae dulu dia mah. Ngomongin orang yang dari lahir dalam keadaan silver spoon mah gaakan relate dengan kondisi orang yang ekonomi menengah sampe kebawah.,,121,,0,
https://x.com/haaztoge/status/2100606927348924494,Twitter/X,,,Thu Sep 17 15:24:53 +0000 2026,Damnnn gue kalo jadi si maudy ayunda tertampar sih sama statement ini,,121,,0,
https://x.com/hiboboby/status/2100252001816961425,Twitter/X,,,Wed Sep 16 15:54:32 +0000 2026,peak comedy dari diskursus maudy ayunda minggu ini,,121,,0,
https://x.com/peachyrans/status/2100286255632441699,Twitter/X,,,Wed Sep 16 18:10:39 +0000 2026,"wow since the maudy ayunda case, drtd gue liat temen2 yg ngetweet dengan konteks kondisi indonesia saat ini selalu dimulai dengan “maaf menyebarkan bad news.”
guys, you don’t need to feel sorry sumpah. we all need to be aware of what’s actually happening and know every updates",,121,,0,
https://x.com/_fireshare/status/2100485458686083419,Twitter/X,,,Thu Sep 17 07:22:13 +0000 2026,"TREN ALA ALA

✓ Islam ala Prabowo
✓ Mindfullness ala Maudy Ayunda
✓ Nyangkut ala Trader/Investor Ritel
✓ Cutloss ala Trader/Investor Ritel https://t.co/JgJ6mU3CKG",,120,,0,
https://x.com/djoetj/status/2100154613660057634,Twitter/X,,,Wed Sep 16 09:27:33 +0000 2026,Selasa depan Maudy Ayunda mau dikirim ke Palestine sama Sri Mulyani? Serius?,,120,,0,
https://x.com/koippang/status/2100526678628082161,Twitter/X,,,Thu Sep 17 10:06:00 +0000 2026,ak yg jd guru dadakan waktu kkn aj kayaknya lebih berjasa drpd si maudy ayunda ntu,,120,,0,
https://x.com/pilgompil/status/2100488692955791725,Twitter/X,,,Thu Sep 17 07:35:04 +0000 2026,How dare you comparing viva to maudy ayunda,,120,,0,
https://x.com/Miamorseo/status/2100296403318927654,Twitter/X,,,Wed Sep 16 18:50:58 +0000 2026,@apriedaze Maudy ayunda terlupakan well,,118,,0,
https://x.com/segfhyap/status/2100298715605180432,Twitter/X,,,Wed Sep 16 19:00:10 +0000 2026,"bakalan ada jokes ""idup lu kaya maudy ayunda""",,118,,0,
https://x.com/touuuubad/status/2100098770885345667,Twitter/X,,,Wed Sep 16 05:45:39 +0000 2026,"Kok bisa sesama ojol, tapi desilnya berbeda? 🤔
Karena desil tidak ditentukan hanya dari pekerjaan. Ada berbagai kondisi sosial ekonomi yang diperhitungkan. Simak penjelasan berikut!

#MengenalDesilDTSEN #EchollClogs #Crocsth 
Maudy Ayunda AYCE Sri Mulyani https://t.co/eiUtETBfb6",,118,,0,
https://x.com/cavendishpick/status/2100223085433827582,Twitter/X,,,Wed Sep 16 13:59:38 +0000 2026,"hate towards maudy ayunda kayanya too much deh.. orang ko sampai ngata ngatain badan, muka, trs jadi blaming karena dia cewe )):",,117,,0,
https://x.com/fillokuma/status/2100182607040512171,Twitter/X,,,Wed Sep 16 11:18:47 +0000 2026,tiba² bgt maudy ayunda rame wkwk,,114,,1,
https://x.com/ihantsn/status/2100215825525624999,Twitter/X,,,Wed Sep 16 13:30:47 +0000 2026,woonhak maudy ayunda? mau https://t.co/Z42SkEOMSz,,114,,0,
https://x.com/priahamil/status/2100562260049691030,Twitter/X,,,Thu Sep 17 12:27:24 +0000 2026,"3 hari lagi pengumuman, ini saatnya gw menerapkan mindfulness ala maudy ayunda",,113,,0,
https://x.com/thatssmybias/status/2100079902515146910,Twitter/X,,,Wed Sep 16 04:30:41 +0000 2026,Memang kontribusi Maudy Ayunda apa? Jujur nanya.,,113,,0,
https://x.com/twentyfirstof3/status/2100108465855402092,Twitter/X,,,Wed Sep 16 06:24:11 +0000 2026,"@edodiodos @koorbanghosting @dosenkesmas Nanya kok sama kite2 bang?
Hrsnya lu nanya sama Maudy Ayunda.

Lagian dia kan public figure+s2 dibiayain rakyat + punya usaha yg SDA daerahnya lg dilanda bad news trus dia bilang hrs memghindari bad news. 
Klpun dia ga peduli bad newsnya dia simply nyinggung perasaan bnyk org.",,113,,0,
https://x.com/darlarchive/status/2100171841847623817,Twitter/X,,,Wed Sep 16 10:36:01 +0000 2026,"hot topics for today
1. childfree vs child hating
2. mindfullness by maudy ayunda",,112,,0,
https://x.com/ianiswa/status/2100103479062867988,Twitter/X,,,Wed Sep 16 06:04:22 +0000 2026,"Ketimbang Maudy Ayunda, 'tone deaf' lebih kusematkan ke bapaknya JJ Gabriel.",,112,,0,
https://x.com/joseovidiohenao/status/2100018923563626856,Twitter/X,,,Wed Sep 16 00:28:22 +0000 2026,@powerarchivee awww syiiittt pasti habis di sikat messi maudy ayunda,,112,,0,
https://x.com/MamanPiyul/status/2100011659813421318,Twitter/X,,,Tue Sep 15 23:59:30 +0000 2026,"PESTA PARA BANGSAT

Purbaya dipecat
Maudy Ayunda dihujat
Pemerintahnya Bejat
Yang berpesta para Bangsat

Puisi Rabu Pagii https://t.co/9U5g2b5bvH",,112,,2,
https://x.com/ugnnmissme/status/2100353941179629961,Twitter/X,,,Wed Sep 16 22:39:36 +0000 2026,maudy ayunda pasti gak suka soalnya jadi susah menerapkan mindfulness,,112,,0,
https://x.com/virerefiles/status/2100394467652190578,Twitter/X,,,Thu Sep 17 01:20:39 +0000 2026,"Ai ga pernah bisa nulis gini, gw kalau jadi maudy flop ayunda udah nangis 7 hr 7 malem diginiin WQWQWQWQ. Duh pengen deh bisa menyampaikan emosi gw dengan articulate gini",,112,,0,
https://x.com/estridiar/status/2100231149213942128,Twitter/X,,,Wed Sep 16 14:31:41 +0000 2026,Liat Maudy Ayunda ngomong kayak pick me,,111,,0,
https://x.com/fairestbratz/status/2100112198475600183,Twitter/X,,,Wed Sep 16 06:39:00 +0000 2026,maudy ayunda: https://t.co/NlENROUto5,,111,,0,
https://x.com/GeekTrendsBR/status/2100631735356871065,Twitter/X,,,Thu Sep 17 17:03:28 +0000 2026,"This teacher gets wildly mocked by viral student🌿💯🌿👇👇👇
https://t.co/HSO28odeJi
🙈❤️🌿🌿
HeYanzhao Asks to Be Led I Entered Friday Night Latest Resident Evil Purbaya Sency Maudy Ayunda TermMax Viral🔥🔥🪻",,111,,0,
https://x.com/anta9onis/status/2100491926525108549,Twitter/X,,,Thu Sep 17 07:47:55 +0000 2026,gue kl jd maudy ayunda sih udh nangis trs minta maaf ya…,,110,,0,
https://x.com/ourcoldblanket/status/2100098574411251785,Twitter/X,,,Wed Sep 16 05:44:52 +0000 2026,gmn rasanya jadi maudy ayunda,,110,,0,
https://x.com/rosie_deux/status/2100064535126364357,Twitter/X,,,Wed Sep 16 03:29:37 +0000 2026,"semua ada masanya..

udh ditahap maudy ayunda dihujat habis habisan smpe di boykot juga..
pdhl dulu liat dia amazed krn girl with beauty n brains karir cemerlang tapi itu semua ujung""nya nol juga krn lack of empathy.
semoga kita dihindarkan dari sifat sombong aamiin",,110,,0,
https://x.com/permatasputrie/status/2100589483163091238,Twitter/X,,,Thu Sep 17 14:15:34 +0000 2026,"Gw di KRL beneran lg diem, sampe tiba2 jd ngakak sendiri keinget di twitter ada org yg nanyain kira2 Maudy Ayunda pernah makan sayur nangka sama ikan tongkol keranjang cue enggak ya. Atuh lah untung pake masker 😂",,109,,1,
https://x.com/robby_karman/status/2100771389280342082,Twitter/X,,,Fri Sep 18 02:18:24 +0000 2026,"Seapes2nya Maudy Ayunda kena bully netizen se Indonesia, duit dia tetep banyak guys. Ya ibarat dia nangis di tengah tumpukan duit. 

Tapi yang bela mati2an Maudy ini gajinya ya kebanyakan masih UMR. Mending fokus naikin gaji dulu ga sih.",,109,,1,
https://x.com/ustadbonten/status/2100172661456503161,Twitter/X,,,Wed Sep 16 10:39:16 +0000 2026,Ya.... terus? Ga menguburkan fakta maudy ayunda kuliah pake duit pajak rakyat dan balik ke indo cuma bawa a korean husband daripada kontribusi buat negara,,109,,1,
https://x.com/numberforth/status/2100500573372215488,Twitter/X,,,Thu Sep 17 08:22:16 +0000 2026,gue kalo jd maudy ayunda langsung vakum dari sosmed 5 tahun jir,,108,,0,
https://x.com/saudlyy/status/2100226279199105425,Twitter/X,,,Wed Sep 16 14:12:19 +0000 2026,bukan maudy ayunda tapi gue katampar bngt bjir,,108,,0,
https://x.com/sisriijeruuk/status/2100080714997985483,Twitter/X,,,Wed Sep 16 04:33:54 +0000 2026,"Graduasi peserta mampu dilakukan demi memberi ruang bagi warga darurat. Mari #MengenalDesilDTSEN untuk mendukung pembersihan data ganda agar anggaran negara tepat sasaran.
@bps_statistics 

 Menkeu Maudy Ayunda Purbaya Menteri Keuangan $PONS Ed Sheeran https://t.co/fhv9wEYv97",,108,,0,
https://x.com/bramwas/status/2100174173817786409,Twitter/X,,,Wed Sep 16 10:45:17 +0000 2026,Maudy Ayunda,,107,,0,
https://x.com/HastoSuprayogo/status/2100047106581160367,Twitter/X,,,Wed Sep 16 02:20:21 +0000 2026,"Kalau sekelas Maudy Ayunda yang living in a bubble kelas sosial atasnya saja capek membaca berita tanah air, bayangkan frustasinya publik biasa cum rakyat jelata macam kita semua.",,107,,0,
https://x.com/indomieingi/status/2100211439625756951,Twitter/X,,,Wed Sep 16 13:13:21 +0000 2026,all the hates toward maudy ayunda harusnya bisa disalurkan ke prbowro dkk anying,,107,,0,
https://x.com/cosuein/status/2100158820412776698,Twitter/X,,,Wed Sep 16 09:44:16 +0000 2026,"maudy ayunda, kita perlu sadar bahwa ngga semua orang punya privilege untuk mengambil jarak dari sesuatu yg sedang mereka alami.",,106,,0,
https://x.com/D0AIBU/status/2100514573560459565,Twitter/X,,,Thu Sep 17 09:17:54 +0000 2026,maudy ayunda ni yg dimaksud tone deaf apa ga napak tanah? aokwokwok,,106,,0,
https://x.com/zanmuservant/status/2100175418527727678,Twitter/X,,,Wed Sep 16 10:50:13 +0000 2026,"Ayunda (palsu)=maudy ayunda
Ayunda (asli)=ayunda rusdi",,106,,0,
https://x.com/BabatBebeqCumi/status/2100388953883123920,Twitter/X,,,Thu Sep 17 00:58:44 +0000 2026,"Ternyata gue kalo makan telor udah selevel maudy ayunda, tapi tetep gabisa mindful in the age of bad news gimana ini",,105,,0,
https://x.com/ex_undis_solum/status/2100099224428048509,Twitter/X,,,Wed Sep 16 05:47:27 +0000 2026,@dosenkesmas Pertanyaannya jadi berubah: Maudy Ayunda apakah sudah pernah berkontribusi dengan magnituda sebesar itu?,,105,,0,
https://x.com/shelmaaisya/status/2100345424179818894,Twitter/X,,,Wed Sep 16 22:05:46 +0000 2026,gini2 ternyata kita masi mending dari maudy ayunda gaed😂😂😂,,105,,0,
https://x.com/callsmesanu/status/2100272573569507668,Twitter/X,,,Wed Sep 16 17:16:17 +0000 2026,Orang kalau lahir langsung dapat privilege pasti muncung nya kayak si Maudy Ayunda,,104,,1,
https://x.com/ichwanpersada/status/2100744683785969678,Twitter/X,,,Fri Sep 18 00:32:17 +0000 2026,"Ada gunanya juga mindfulness ala Maudy Ayunda.

Karena ternyata bad news-nya ya Presiden-nya sendiri.",,104,,0,
https://x.com/M_IKBAR_fauzi/status/2100167367749927278,Twitter/X,,,Wed Sep 16 10:18:14 +0000 2026,"Gokil , Sampe berita segini bodohnya dan menganggap penyamapaian mindfulness Maudy ayunda itu sah atau niremati.

Makin banyaknya masyarakat kita di bodohi smaa media.

Maudy ayunda opini soal mindfulness di larikannya ke politik gokil si ini.",,104,,0,
https://x.com/yunn_cc21/status/2100348247663587689,Twitter/X,,,Wed Sep 16 22:16:59 +0000 2026,Masih ada yang belain Maudy Ayunda dengan berbagai argumentasinya aja udah aneh 😌,,104,,0,
https://x.com/berita_diy/status/2100114234566996257,Twitter/X,,,Wed Sep 16 06:47:06 +0000 2026,"Mindfulness in The Age of Bad News Artinya Apa yang Ditulis Maudy Ayunda Penjelasan Isi Konten Mindfulness 

https://t.co/6Esnk83TRc",,103,,0,
https://x.com/DestsPangestuni/status/2100137438198800402,Twitter/X,,,Wed Sep 16 08:19:18 +0000 2026,"@nth_prkh @hanifproduktif Ah, apa hubungannya? Kan yang dibahas jumlah konsumsi telur kan? Tuduhannya tone deaf kan? Kenapa ketika ade rai ngomong itu ngga ada yang gaslight dia seakan dia ga peka sama masyarakat lain? Emang maudy ayunda ngga butuh protein? Sama2 butuh juga, cuman beda perlakuan..",,103,,0,
https://x.com/iamaheng/status/2100118827195629757,Twitter/X,,,Wed Sep 16 07:05:21 +0000 2026,"@cutie_fromhell @maudyayunda @newsplatter Tapi buat kami yang nggak tinggal di apartemen mewah sambil mikir protein harian, nasihat menjauh dari berita buruk terasa nggak napak. Kami hidup di dalamnya. https://t.co/z1IIvHL2nN",,103,,0,
https://x.com/iamnotsmartboy/status/2100262214368366620,Twitter/X,,,Wed Sep 16 16:35:07 +0000 2026,@ultimaggnar @Ses_tudio @LambeSahamjja Maudy ayunda itu siapa? Lo bodoh atau tolol?,,103,,0,
https://x.com/prettynbrain/status/2100157949616488448,Twitter/X,,,Wed Sep 16 09:40:48 +0000 2026,terus recently muncul maudy ayunda bete soal betapa berita makin ruwet. LAJENG PRIPUN MBAK MAUDY?. badhe mirengaken sound horeg ngajeng ndalem panjenengan? dikontak mawon. siap disetel dugi panjenengan nginep wonten dokter THT seminggu.,,103,,0,
https://x.com/wijayaromi_/status/2100152596703085034,Twitter/X,,,Wed Sep 16 09:19:32 +0000 2026,"Artis gagal aja crewet, songong, dan sok tau. Maudy ayunda aja sungkem keknya..",,103,,0,
https://x.com/kritikuslucu/status/2100402686428582267,Twitter/X,,,Thu Sep 17 01:53:18 +0000 2026,"menurut ku konten maudy ayunda mindfullness smntara bencana rill terjadi on live skrg bgt di negara sendiri

itu sm kyk
choi san si king kpop joget seksi full woman fan service nunjukin dadanya naik turun di lapngan sepak bola yg isinya sedang ada cowok2 betarung utk patahin kaki",,102,,1,
https://x.com/liliemaills/status/2100190427727143210,Twitter/X,,,Wed Sep 16 11:49:52 +0000 2026,"Dear, Maudy Ayunda.
banyak warga di kalimantan yang sehari hari harus bernafas dengan udara yang kotor karna dampak karhutla, kesulitan cari air bersih, pemadaman bergilir yang lama bngt itu, dan kelangkaan BBM.
We're sorry if our reality is
bad news for you.",,102,,1,
https://x.com/miiso_shiru/status/2100295251353354563,Twitter/X,,,Wed Sep 16 18:46:24 +0000 2026,Emang si maudy ayunda tuh pernah blusukan ampe mana sih elahh,,102,,0,
https://x.com/riannestapa/status/2100371212912529409,Twitter/X,,,Wed Sep 16 23:48:14 +0000 2026,tadinya gw pikir ini orang indo yg nyindir maudy ayunda,,102,,0,
https://x.com/worseupi/status/2100506591455854908,Twitter/X,,,Thu Sep 17 08:46:11 +0000 2026,saya bersama maudy ayunda,,102,,0,
https://x.com/arief1924/status/2100073162511949997,Twitter/X,,,Wed Sep 16 04:03:54 +0000 2026,@tuisney Masya allah.. maudy ayunda..,,101,,1,
https://x.com/sisriijeruuk/status/2100080525096751217,Twitter/X,,,Wed Sep 16 04:33:09 +0000 2026,"Sama profesi belum tentu sama beban hidupnya. Penting #MengenalDesilDTSEN karena kepemilikan aset rumah ikut menentukan tingkat kesejahteraan nyata tiap keluarga secara adil.
@bps_statistics 

 Menkeu Maudy Ayunda Purbaya Menteri Keuangan $PONS Ed Sheeran https://t.co/R2FFDExVbi",,101,,0,
https://x.com/arinrhmwt/status/2100201436734951427,Twitter/X,,,Wed Sep 16 12:33:37 +0000 2026,"Emang Maudy Ayunda berkontribusi apa, sebagai apa, sampai-sampai semua orang ga lebih besar kontribusinya dari si Maudy itu?

(since dia pake apakah kontribusimu, tanpa spesifik ke siapa ditujukannya, gw anggap dia ngomong abt 'semua orang' yap)",,100,,0,
https://x.com/Juuniteed/status/2100497384858087668,Twitter/X,,,Thu Sep 17 08:09:36 +0000 2026,"Di Indonesia itu cuma ada dua pilihan kalau anak berprivileged mah

Anak berprivileged jadi Maudy Ayunda atau anak berprivileged jadi kaya Dr Tirta",,100,,0,
https://x.com/nrrnisa/status/2100517676624105764,Twitter/X,,,Thu Sep 17 09:30:14 +0000 2026,Gimana yaa cara Maudy Ayunda menerapkan mindfulnes di situasi pengen berak saat ngobrol dengan client penting (my kisah),,100,,0,
https://x.com/owritedotid/status/2100041967593988378,Twitter/X,,,Wed Sep 16 01:59:56 +0000 2026,"Konten mindfulness Maudy Ayunda ramai dikritik netizen dan disebut tone deaf. 👀

Sebenarnya, apa yang bikin netizen bereaksi? Dan apa sih arti tone deaf dalam konteks ini?

Menurut kamu gimana?

#owrite
Owrite/N https://t.co/9xV8QqISlc",,100,,0,
https://x.com/raxclawsrix/status/2100265345407984084,Twitter/X,,,Wed Sep 16 16:47:34 +0000 2026,"dari Maudy Ayunda dan Ed Sheeran, kita bisa belajar satu hal tentang privilege dan influence.
ketika seseorang punya pengaruh yang besar, resources yang lebih dari cukup, akses pendidikan yang begitu mudah, dan jutaan followers yang siap mendengarkan apa pun yang mereka sampaikan",,100,,1,
https://x.com/arndycntq/status/2100104095625531739,Twitter/X,,,Wed Sep 16 06:06:49 +0000 2026,@akuyoyo Plenger ya maudy ayunda,,99,,0,
https://x.com/AsterixBook/status/2100511912761213060,Twitter/X,,,Thu Sep 17 09:07:20 +0000 2026,"@AMmartil Quote seseorang yg komen beliau dan aku agak setuju  ""Maudy Ayunda is someone who have first world problems in a third world ""

hopefully dia bisa pake platformnya buat kritik govt especially now of all times",,98,,1,
https://x.com/nindyaa2001/status/2100548575243739221,Twitter/X,,,Thu Sep 17 11:33:01 +0000 2026,Lebih tertarik kalau list rekomendasi buku Maudy Ayunda SEANDAINYA textbook dia kuliah di PPE..,,98,,0,
https://x.com/perisantai/status/2100138655310565772,Twitter/X,,,Wed Sep 16 08:24:08 +0000 2026,“Explain Maudy Ayunda in football term”,,98,,0,
https://x.com/vellatambayong/status/2100002783265263933,Twitter/X,,,Tue Sep 15 23:24:14 +0000 2026,@AnakLolina2 maudy ayunda lg mode kesurupan kak itu,,98,,0,
https://x.com/Alfred050575/status/2100065333516382415,Twitter/X,,,Wed Sep 16 03:32:47 +0000 2026,@EkasariLiliput Cantik nya sama dgn maudy ayunda,,97,,0,
https://x.com/appradiva/status/2100157383108686130,Twitter/X,,,Wed Sep 16 09:38:33 +0000 2026,@chccclatte Yg cewek tdi kukira Maudy Ayunda plisss,,97,,0,
https://x.com/ChaliceofLove/status/2100202819106243052,Twitter/X,,,Wed Sep 16 12:39:06 +0000 2026,maudy ayunda jadi contoh di course DA gue ketawa dikit.,,97,,0,
https://x.com/daynshua/status/2100170546201993386,Twitter/X,,,Wed Sep 16 10:30:52 +0000 2026,Pantesan dari dulu ga pernah dikasih suka sm si Maudy Ayunda wkwkwkw iewh,,97,,0,
https://x.com/jsyfjk/status/2100190216061694129,Twitter/X,,,Wed Sep 16 11:49:01 +0000 2026,Si maudy ayunda gak ngasih kontribusi apa apa bjir untuk indo.,,97,,0,
https://x.com/arewegoodpeople/status/2100243687460794565,Twitter/X,,,Wed Sep 16 15:21:30 +0000 2026,ed dan artis2 d konsernya dan maudy ayunda dgn mindfulness in the age of bad news SIBUK BGT DUNIAA SIBUKKK,,96,,1,
https://x.com/godvercdomme/status/2100206039664927218,Twitter/X,,,Wed Sep 16 12:51:54 +0000 2026,"speechless sm ketikannya bagus bgt kak, btw kontol lo maudy ayunda",,96,,0,
https://x.com/ParamitaRi1282/status/2100027142323175467,Twitter/X,,,Wed Sep 16 01:01:02 +0000 2026,"🔥 BONUS NEW MEMBER 100% DI LASKAR303! 🔥

AYCE Maudy Ayunda Pagii Sri Mulyani
#laskar303 https://t.co/peIFyno202",,96,,0,
https://x.com/ngelcoord/status/2100544076735205651,Twitter/X,,,Thu Sep 17 11:15:08 +0000 2026,baru nonton vid maudy ayunda n awk naik pitam krn cara ngomongnya angkuh kayak orang bener x. OXFORD &amp; STANFORD TUH😹😹,,95,,2,
https://x.com/warmtude/status/2100612091619262474,Twitter/X,,,Thu Sep 17 15:45:24 +0000 2026,"i could talk more about how we're literally 3 steps away from living in panem. kesenjangan antar daerah di sini itu nyata bgt, it's giving capitol vs district miskin. video maudy ayunda yang rame tentang ""mindfulness""  kemaren itu contoh nyata takes dari warga capitol",,95,,1,
https://x.com/yun__gamin/status/2100523562805461424,Twitter/X,,,Thu Sep 17 09:53:37 +0000 2026,"Video Maudy Ayunda tentang mengistirahatkan diri beberapa saat dari berita buruk itu bagus KALAU DIIRINGI DENGAN PEMBAHASAN YANG MENYOROTI SUMBER MASALAH DARI KEJADIAN DI BERITA BURUK TERSEBUT, terlebih lagi karena dia lulusan Philosophy, Politics, &amp; Economics dari Oxford.",,95,,1,
https://x.com/7dayswithjk/status/2100725282038800877,Twitter/X,,,Thu Sep 17 23:15:11 +0000 2026,mindfullness klo kata maudy ayunda,,94,,0,
https://x.com/salinesolutionz/status/2100420945848774865,Twitter/X,,,Thu Sep 17 03:05:52 +0000 2026,Lol never in my life would thought videonya maudy ayunda bakal dibelain jg sama buzzer like wth😭,,94,,3,
https://x.com/sho__ip/status/2100054445094744385,Twitter/X,,,Wed Sep 16 02:49:31 +0000 2026,"maudy ayunda tinggal di lahan adat Kalimantan seminggu, masih mindfulness gak ya?",,94,,1,
https://x.com/Sri_Ramadhani23/status/2100240584091066785,Twitter/X,,,Wed Sep 16 15:09:10 +0000 2026,Maudy Ayunda gak mau liat video ini?,,94,,0,
https://x.com/annviol_/status/2100206753086599665,Twitter/X,,,Wed Sep 16 12:54:44 +0000 2026,"ed sheeran &amp; maudy ayunda di roasting dari segala penjuru

man we’ve come so far wkwkwk",,93,,0,
https://x.com/IrawanCobain/status/2100590941077963139,Twitter/X,,,Thu Sep 17 14:21:22 +0000 2026,Persib 1-0 PS Maudy Ayunda,,93,,0,
https://x.com/systappen/status/2100212368810840096,Twitter/X,,,Wed Sep 16 13:17:03 +0000 2026,"Justru pertanyaannya harus dibalik, kontribusi besar apa yang sudah Maudy Ayunda lakukan untuk negara kita?",,93,,0,
https://x.com/luvriez/status/2100074007865508137,Twitter/X,,,Wed Sep 16 04:07:15 +0000 2026,egiluy udah ditahap maudy ayunda dihujat,,92,,0,
https://x.com/Choco_Meloen/status/2100011499897163967,Twitter/X,,,Tue Sep 15 23:58:52 +0000 2026,"Baking soda kue food grade, bantu jaga pH tubuh stabil.

#bakingsoda #sodakue #shopee #belanja #rekomendasi #belionline 

Ayo, lihat videoku di Shopee Video!  https://t.co/jbuQNSMEmi

#AADCShortFilm
Purbaya
Menkeu
Bekerja tanpa lelah
Menteri Keuangan
Rangga
Maudy Ayunda https://t.co/wKw2MnXiCH",,91,,1,
https://x.com/INNALILLAHIII/status/2100741811862192151,Twitter/X,,,Fri Sep 18 00:20:52 +0000 2026,@whiterosestea skill mindfullness nya ngelebihin maudy ayunda,,91,,0,
https://x.com/b_rizki87891/status/2100597769237070019,Twitter/X,,,Thu Sep 17 14:48:30 +0000 2026,@LambeSahamjja Ngapain bang anak ini didengerin. Sama kaya sama Maudy Ayunda. Sama sama ga penting. Sama sama ga perlu dikasih panggung. Cuekin aja. Cancel aja.,,90,,0,
https://x.com/ciaodru/status/2100417642343567580,Twitter/X,,,Thu Sep 17 02:52:44 +0000 2026,"another week another topic 🥵
seenggaknya tiga minggu ini gw cermati isi TL di sini 
1. anak krakatau erupsi, karhutla sampe Brunei, Malaysia
2. kasus BD mas-mas itu
4. maudy ayunda duta mindful indonesia",,90,,0,
https://x.com/ffsimdead/status/2100555594260476051,Twitter/X,,,Thu Sep 17 12:00:54 +0000 2026,nyoliin maudy ayunda dalam keadaan stoic mindfullness https://t.co/rAbnvvpHed,,90,,0,
https://x.com/hanifinho/status/2100086315014599033,Twitter/X,,,Wed Sep 16 04:56:09 +0000 2026,@dosenkesmas Malah kontribusi maudy ayunda yg apaan,,90,,0,
https://x.com/kantorpoIisi/status/2100566156809843002,Twitter/X,,,Thu Sep 17 12:42:53 +0000 2026,pulang kantor liat billboard maudy ayunda gede bgt di lampu merah jd ga mood,,90,,0,
https://x.com/kockica0205/status/2100202004023017675,Twitter/X,,,Wed Sep 16 12:35:52 +0000 2026,"🚀Info Slot Gacor Hari Ini Rabu
😱Gila, Makin Malam Makin Gacor
🎰Pola Gacor Maudy Ayunda Terbaru RTP 98%
🎮Permainan Menarik Menkeu (Mengutamakan Keuntungan)
📌AKSES VIP ➜https://t.co/XoJEmOFxKo https://t.co/cC8uKEOYaU",,90,,0,
https://x.com/Solidbackup1/status/2100269698550235347,Twitter/X,,,Wed Sep 16 17:04:51 +0000 2026,"Permasalahnnya; kok kamu mau ngebela maudy ayunda sampai segitunya sih

1. Gue ga belain doi, kenal jg kagak. 
2. Tp diskursus soal orang kaya ga boleh ambil LPDP ini salah kaprah. Impact nya adalah a) akan ada performative action “saya bangga kuliah diluar negeri tidak pakai LPDP” padahal ga semua orang bs afford 3-4 M untuk sekolah, meskipun bapaknya cukup mentereng jabatannya b) akan ada cancel culture dimana orang dianggep “tajir” dikit akan dikata2in kok lo makan jatah orang miskin sih: pdhl programnya bkn untuk orang miskin. 

It’s about preventing the precedent actually, never about individual",,90,,1,
https://x.com/giannamaino/status/2100066318846468253,Twitter/X,,,Wed Sep 16 03:36:42 +0000 2026,"Nama keagamaan seharusnya menjadi simbol amanah. Febrie Adriansyah menggunakan yayasan untuk menyembunyikan aset
Purbaya #mtqcabangfahmilquran #mtqcabangtahfizhtafsir Menkeu Menteri Keuangan Maudy Ayunda #TPPU Kejaksaan Kejagung https://t.co/pUpzJjDBum",,89,,0,
https://x.com/_chaoticfeeling/status/2100060286023778676,Twitter/X,,,Wed Sep 16 03:12:44 +0000 2026,"Why those people are too sensitive?!!! Dudeee chill~ 
Perkara maudy ayunda makan 3 butir telur  sendiri aja di blg tone deaf? Ga gt yaaaah..",,88,,0,
https://x.com/AAidityas/status/2100497366147322029,Twitter/X,,,Thu Sep 17 08:09:32 +0000 2026,"I somewhat agree with Maudy Ayunda, to curate things and have an optimism is still key.",,88,,0,
https://x.com/chikgwa/status/2100181427174461799,Twitter/X,,,Wed Sep 16 11:14:06 +0000 2026,gausah jauh2 maudy ayunda cowo lu noh complain gbs ke amerikah krn abu krakatauuuuuuu siap mantap,,88,,0,
https://x.com/hoshifr/status/2100546008803586251,Twitter/X,,,Thu Sep 17 11:22:49 +0000 2026,maudy ayunda downfall is so damn real lmao https://t.co/jfHY4G0Ui2,,88,,0,
https://x.com/jstkookmin/status/2100526822090023057,Twitter/X,,,Thu Sep 17 10:06:34 +0000 2026,"Muak banget gue sama Maudy Ayunda wkwk
Dari awal udah ga suka, ditambah sama kelakuan dia yg begini. Makin² bencinya",,88,,0,
https://x.com/Annikasarrs/status/2100063906173784410,Twitter/X,,,Wed Sep 16 03:27:07 +0000 2026,"Waspada Hoaks! Jangan tergiur link cairin bansos jutaan lewat WA atau Telegram. Itu modus penipuan (phishing), lho!

#MengenalDesilDTSEN

Sri Mulyani Purbaya Sarapan #TheRemarriedEmpressAYCE Pagii Maudy Ayunda Sarapa https://t.co/jRt8usjjgC",,87,,0,
https://x.com/kirimpingkirin/status/2100428727679332365,Twitter/X,,,Thu Sep 17 03:36:47 +0000 2026,@listyantidewi CPNS yang baru mau diangkat PNS aja pasti kontribusinya lebih besar dari Maudy Ayunda.,,87,,1,
https://x.com/adeknyakakgem/status/2100030188914643426,Twitter/X,,,Wed Sep 16 01:13:08 +0000 2026,jodohin aje tuh maudy ayunda sama ed sheeran,,86,,0,
https://x.com/peacespreal3/status/2100470801820688505,Twitter/X,,,Thu Sep 17 06:23:58 +0000 2026,"maudy ayunda kemana ya? nih bad news nya di liat, kabur samarinda setebal ini, beliau kemana? https://t.co/cRu7zOJGek",,86,,0,
https://x.com/awyaaaaaaaaa/status/2100282866613809231,Twitter/X,,,Wed Sep 16 17:57:11 +0000 2026,@oqforwhat ITU DIA BUZZER SIAPE YG BAYAR ANJIR? SEORANG MAUDY AYUNDA YG SOK PALING PINTER ITU BISA JG KAH BAYAR BUZZER? SPEECHLESS KALO IYA SIH 😭😭,,85,,0,
https://x.com/JeronePulen/status/2100233485730648098,Twitter/X,,,Wed Sep 16 14:40:58 +0000 2026,@dosenkesmas maudy ayunda foundation itu ngapain sih?,,85,,0,
https://x.com/jiundonat/status/2100687331636486173,Twitter/X,,,Thu Sep 17 20:44:23 +0000 2026,"stoik ala ferry irwandi
mindful ala maudy ayunda
islam ala prabowo
ayam geprek ala chef davina",,85,,0,
https://x.com/Maizura_H/status/2100407464088986044,Twitter/X,,,Thu Sep 17 02:12:17 +0000 2026,"Pagii 🤲

AYCE Maudy Ayunda ( gak ngikutin ttg berita tsb )

Ini saja 👇 https://t.co/ZNb1FPfsMi",,85,,1,
https://x.com/benings_tj2/status/2100125882115571852,Twitter/X,,,Wed Sep 16 07:33:23 +0000 2026,@Zakymawasa_03 Mindfull es kata Maudy Ayunda 🤣,,84,,0,
https://x.com/saisntbelle/status/2100197442537046252,Twitter/X,,,Wed Sep 16 12:17:44 +0000 2026,lucu lucu bgt konten sarcastic maudy ayunda yg mindfulness ntu anjg,,84,,1,
https://x.com/hippieshooray/status/2100529443945279755,Twitter/X,,,Thu Sep 17 10:17:00 +0000 2026,Mba Maudy Ayunda udah pernah makan nasi anget+krupuk belum?,,83,,1,
https://x.com/looseeeyy/status/2100179923742978427,Twitter/X,,,Wed Sep 16 11:08:07 +0000 2026,Kebiasaan buruk w berpikiran negatif terhadap apapun itu kira2 apa bisa disembuhkan dengan menerapkan konsep mindfulness nya maudy ayunda,,83,,0,
https://x.com/masmadsun63908/status/2100238088106893424,Twitter/X,,,Wed Sep 16 14:59:15 +0000 2026,@LambeSahamjja Inikah yang dibilang Maudy Ayunda sebagai bad news? 🤭,,83,,0,
https://x.com/pldmrzq/status/2100639592525504522,Twitter/X,,,Thu Sep 17 17:34:41 +0000 2026,"stoik ala ferry irwandi 
mindful ala maudy ayunda 
islam ala prabowo 
becik ketitik ala ketara",,83,,0,
https://x.com/ransunnyrain/status/2100493304790130847,Twitter/X,,,Thu Sep 17 07:53:23 +0000 2026,Maudy ayunda opo ra mak deg,,83,,0,
https://x.com/sisriijeruuk/status/2100079726505398287,Twitter/X,,,Wed Sep 16 04:29:59 +0000 2026,"Bansos dicoret bukan tanda ketidakadilan, tapi bukti pembaruan data. Mari #MengenalDesilDTSEN agar bantuan pemerintah benar-benar tepat sasaran untuk masyarakat yang paling membutuhkan.
@bps_statistics 

 Menkeu Maudy Ayunda Purbaya Menteri Keuangan $PONS Ed Sheeran https://t.co/1hZyzoKKJd",,83,,0,
https://x.com/syaxcher/status/2100425086386033016,Twitter/X,,,Thu Sep 17 03:22:19 +0000 2026,"Maudy ayunda, sydney sweeney, ed sheeran like wow...crazy week.",,83,,0,
https://x.com/Annikasarrs/status/2100064127205179891,Twitter/X,,,Wed Sep 16 03:27:59 +0000 2026,"Bansos harus tepat sasaran! Warga yang ekonominya udah mapan perlahan dialihkan, kuotanya buat yang bener-bener butuh.

#MengenalDesilDTSEN

Sri Mulyani Purbaya Sarapan #TheRemarriedEmpressAYCE Pagii Maudy Ayunda Sarapa https://t.co/tCScVDKs4c",,82,,0,
https://x.com/dlwlrma__Xborg/status/2100496771923550421,Twitter/X,,,Thu Sep 17 08:07:10 +0000 2026,Karena kak maudy ayunda aku bikin konten YT :) dull script dari ku mampus dah tbl di goreng,,82,,1,
https://x.com/Exxowws/status/2100557554128761088,Twitter/X,,,Thu Sep 17 12:08:42 +0000 2026,"Tapi Maudy Ayunda gak cantik anjir (imo)
Dan bener, orang berilmu belum tentu berempati. Ini salah satu contoh orang yang sekolah tinggi, lulusan univ top dunia tapi tidak memiliki empati, bahkan sama negaranya sendiri.",,82,,0,
https://x.com/rismasiti/status/2100107810206052607,Twitter/X,,,Wed Sep 16 06:21:34 +0000 2026,"Nggak kontra sama pendapat kebanyakan netizen, tapi penasaran aja. Kritik buat Maudy Ayunda awalnya dari siapa ya... Apakah organik...",,81,,0,
https://x.com/pawsstappen/status/2100133801955611082,Twitter/X,,,Wed Sep 16 08:04:51 +0000 2026,@satoruqojou umr maudy ayunda,,80,,1,
https://x.com/worldlandari/status/2100265058018472173,Twitter/X,,,Wed Sep 16 16:46:25 +0000 2026,Maudy Ayunda lagi downfall era tp gpp mad belajar lg ya jadi manusia,,80,,0,
https://x.com/adhigbf/status/2100380796293173641,Twitter/X,,,Thu Sep 17 00:26:19 +0000 2026,"@ecliptaalbaaa Orang banyak banget yg Maudy Ayunda, udah tau opini jelek malah diutarain.",,79,,0,
https://x.com/doiiva/status/2100194172762566877,Twitter/X,,,Wed Sep 16 12:04:45 +0000 2026,Ed Sheeran dan Maudy Ayunda ternyata downfall-nya barengan 🤣🤣,,79,,0,
https://x.com/mariposeuh/status/2100208942156845342,Twitter/X,,,Wed Sep 16 13:03:26 +0000 2026,"(i don't really read anymore but) i think everybody should read conversations about home at the deportation centre by warsan shire at least once in their lifetime and take every word to heart and mind and sensitized themselves (by ""everybody"" i mean maudy ayunda)",,79,,0,
https://x.com/pocary_s/status/2100006446641598871,Twitter/X,,,Tue Sep 15 23:38:47 +0000 2026,videonya kak Maudy Ayunda ada benernya sih,,79,,0,
https://x.com/rumraisinfrappe/status/2100194090440888752,Twitter/X,,,Wed Sep 16 12:04:25 +0000 2026,"kasian juga ama si maudy ayunda digoreng bgt kasusnya. Padahal harusnya kalian mengarahkan marah kalian jgn ke artis tapi ke REAL PROBLEMMM CUY KARHUTLA MASIH TERJADI, EL NINO SUPER MASIH MENGUAT SAMPE AKHIR TAHUN, PEMERINTAH GAK BECUS, MARAH KESITU WOY",,79,,0,
https://x.com/sweetycherrycat/status/2100104590452834454,Twitter/X,,,Wed Sep 16 06:08:47 +0000 2026,Maudy Ayunda pernah gak ya sebelum beli produk apapun yang dia pengen nunggu tanggal kembar dulu biar bisa dapet promo 🥲,,79,,0,
https://x.com/yukmare_/status/2100096496926708034,Twitter/X,,,Wed Sep 16 05:36:37 +0000 2026,"Setiap anak bangsa berhak mendapatkan kesempatan belajar. Penetapan penerima KIP-K berdasarkan aturan yang jelas menjadi bagian dari upaya mewujudkan pendidikan yang lebih adil. #MengenalDesilDTSEN

Menkeu, Purbaya, Menteri Keuangan, Maudy Ayunda https://t.co/w7Lfqyslx3",,79,,0,
https://x.com/adityanajib/status/2100280078035022054,Twitter/X,,,Wed Sep 16 17:46:06 +0000 2026,Maudy ayunda ampas bener,,78,,0,
https://x.com/arogapopinjkt/status/2100155029219082247,Twitter/X,,,Wed Sep 16 09:29:12 +0000 2026,"OPTIC EXPERT TALK 10 IS COMING!

Optic Expert Talk 10 kembali dengan pembahasan seputar  myopia management  bersama narasumber internasional dari Filipina 🤩

📅 Selasa, 29 September 2026
🕑 14.00 WIB
📍 Hybrid Meeting: Aula ARO Gapopin &amp; Zoom

Tags: Selasa, Toraja, Maudy Ayunda https://t.co/mBUun4ybbB",,78,,0,
https://x.com/gdgrlever/status/2100578037188505989,Twitter/X,,,Thu Sep 17 13:30:05 +0000 2026,"Well, about Maudy Ayunda. Lagi rame dibicarain soal video dia tentang ‘bad news’. Aku baru nonton full videonya, dan gak ada yang salah.",,78,,1,
https://x.com/howcouture/status/2100391095591223728,Twitter/X,,,Thu Sep 17 01:07:15 +0000 2026,maudy ayunda being in PPE and straight up apatis,,78,,0,
https://x.com/Kiwwwyf/status/2100150441892049266,Twitter/X,,,Wed Sep 16 09:10:58 +0000 2026,Cancel Maudy Ayunda bodoh ajig,,78,,0,
https://x.com/ovroboros/status/2100454578001199562,Twitter/X,,,Thu Sep 17 05:19:30 +0000 2026,@AbdullahKoswara maudy ayunda juga pernah baca harassment architecture,,78,,1,
https://x.com/theonlychoices/status/2100226963038523487,Twitter/X,,,Wed Sep 16 14:15:02 +0000 2026,"sbnrnya sedih sih melihat point of view publik ke maudy ayunda skrg. like girl, you're smart, pretty, educated, talented, and privileged but the awareness is kinda missing jir... why'd you have to be so tone deaf huft💔",,78,,0,
https://x.com/deepublishstore/status/2100057082271772998,Twitter/X,,,Wed Sep 16 03:00:00 +0000 2026,"Mindfulness yang dibahas Maudy Ayunda lagi rame banget. Tapi jujur, kita sebenarnya sudah paham belum sih arti mindfulness? https://t.co/RKtqeXlUJV",,77,,1,
https://x.com/livieurliv/status/2100425132087132637,Twitter/X,,,Thu Sep 17 03:22:30 +0000 2026,aku tuh pham bgt deh sm argumennya maudy ayunda tp menurut gw sbg org yg belajar mindfulness itu sendiri LU GA BERHAK SIH NGMG SOAL INI apalagi kalimat awalnya “bad news” like stfu,,77,,0,
https://x.com/davepspvifa/status/2100166544429088882,Twitter/X,,,Wed Sep 16 10:14:58 +0000 2026,maudy ayunda cakep jir kok pada ngatain jelek,,76,,0,
https://x.com/galih_riandaru/status/2100171772515828219,Twitter/X,,,Wed Sep 16 10:35:44 +0000 2026,Maudy Ayunda lelah pak dengernya 😭,,76,,0,
https://x.com/jungwonbasudara/status/2100560502959362138,Twitter/X,,,Thu Sep 17 12:20:25 +0000 2026,ak lah maudy ayunda itu,,76,,0,
https://x.com/vellatambayong/status/2100003009157874038,Twitter/X,,,Tue Sep 15 23:25:08 +0000 2026,@KapudS640 maudy ayunda lg mode kesurupan kak itu,,76,,0,
https://x.com/dhevyacantik/status/2099999786707607885,Twitter/X,,,Tue Sep 15 23:12:19 +0000 2026,Kenapa netizen se-gedeg itu ya sama Maudy Ayunda?,,75,,0,
https://x.com/dianayaaw/status/2100280876211069248,Twitter/X,,,Wed Sep 16 17:49:16 +0000 2026,"td skip mam biar sekalian ntar sahur tp malah pengennya ngemie, pikirku walau dua bungkus masa kenyang oke nyiapin telor 2 trs mikir lagi besok dibuat buka gaada lauk. gini bgt hidup kalau bukan maudy ayunda :)",,75,,0,
https://x.com/fineshytduh/status/2100276991832547521,Twitter/X,,,Wed Sep 16 17:33:50 +0000 2026,masi ad aj yg bela maudy ayunda co ngata2i iq org rendah lah krn ga paham maksud videonya kek hello? justru kalo paham shrsny tau topik kek gt ga shrsny dibawa2 di tengah huru hara skrg jir🤡✌️,,75,,0,
https://x.com/Hharuuku/status/2100198693958005115,Twitter/X,,,Wed Sep 16 12:22:43 +0000 2026,"bayangin betapa lucunya tweet ini jam 9.21 WIT pas lagi duduk jaga kedai sendirian gada costumer dalam keadaan galauin orang yang ga suka ama gue, hidup di indonesia, duit abis, boikot maudy ayunda sambil keputar lagu ocean &amp; engines by Niki",,75,,0,
https://x.com/IOS_GrizlyWolf/status/2100521695706808595,Twitter/X,,,Thu Sep 17 09:46:12 +0000 2026,"Pertualangan Sherina And Maudy Ayunda Sherina is more sensitive and understanding; even though her father is a former minister, she recognizes that the current situation is far from ideal. Maudy Ayunda, on the other hand, was born without such burdens. https://t.co/QapSiJE3do",,75,,0,
https://x.com/KabarPerlawanan/status/2100035679522639913,Twitter/X,,,Wed Sep 16 01:34:57 +0000 2026,"Utas🧵
Iran Membantah Campur Tangan dalam Urusan Yaman

Tags Purabaya komitmen Maudy Ayunda https://t.co/TT1uYZGEOa",,75,,1,
https://x.com/uburlyn/status/2100074052484530494,Twitter/X,,,Wed Sep 16 04:07:26 +0000 2026,"You can only choose one :

Stoik jewry irwandi son or mindfullessness maudy ayunda daughter",,75,,0,
https://x.com/88_gunn/status/2100178902950031486,Twitter/X,,,Wed Sep 16 11:04:04 +0000 2026,"@doelpaten @FerdinandHaean3 @Threads wkwk mau pake formula hate ke maudy ayunda,, tp gk kena lah org emg yg d omongin bener wkwk",,74,,0,
https://x.com/abangndaa/status/2100423623056179211,Twitter/X,,,Thu Sep 17 03:16:30 +0000 2026,3 kata lucu: buzzer maudy ayunda,,74,,0,
https://x.com/erisriswandi6/status/2100605798875631991,Twitter/X,,,Thu Sep 17 15:20:24 +0000 2026,"toge Ibu guru cantik 
https://t.co/TCYWvzTgG1
https://t.co/RXqbcjCqJ0
https://t.co/8kIehOKbsq
Malam Jumat Maudy Ayunda Maljum Jihan Coffee Purbaya",,74,,0,
https://x.com/Annikasarrs/status/2100064022200787004,Twitter/X,,,Wed Sep 16 03:27:34 +0000 2026,"Tabel gaji desil yang viral itu hoaks! BPS bilang penilaian desil itu komplek, liat kombinasi aset, bukan cuma gaji.

#MengenalDesilDTSEN

Sri Mulyani Purbaya Sarapan #TheRemarriedEmpressAYCE Pagii Maudy Ayunda Sarapa https://t.co/5LaYI6m4Bt",,73,,0,
https://x.com/hakikihyun/status/2100369428777243094,Twitter/X,,,Wed Sep 16 23:41:09 +0000 2026,"Gegara maudy ayunda skrg org2 tuh jd minta maap yg gak perlu:
Maap menyebarkan bad news
Maap ada berita buruk
Maaf menyebarkan kbr buruk

It's a reality that needs to be spread 😭😭

Maudy gw gedeg yaa🤬",,73,,0,
https://x.com/perameow/status/2100383707622498652,Twitter/X,,,Thu Sep 17 00:37:53 +0000 2026,"Maudy Ayunda ini pernah jadi active cizitenz kok. Dia pernah ikut protes turun ke jalan gerakan Black Lives Matter, tapi di Amerika😂",,73,,0,
https://x.com/quickster71/status/2100191175860744233,Twitter/X,,,Wed Sep 16 11:52:50 +0000 2026,"Kenapa Maudy Ayunda kena cancel culture?
1. Target audien/viewer tidak tepat sasaran
2. Terkesan zero empati
3. Penggunaan bahasa campuran",,73,,0,
https://x.com/KurniawanRos/status/2100090050201399642,Twitter/X,,,Wed Sep 16 05:11:00 +0000 2026,"Sudah jelas dari sejak lama, bahwa kepentingan Amerika Serikat yang menjadi sasaran Ansharullah. 

Yang meragukan ini, selamat, kamu termakan propaganda musuh Islam.

Trending Purabaya komitmen Maudy Ayunda",,72,,0,
https://x.com/switkarmaa/status/2100133216166588893,Twitter/X,,,Wed Sep 16 08:02:31 +0000 2026,"emg kayanya ortu gw sm tu aki aki stres titisan maudy ayunda, gw disuruh mindfullness pdhl lambung gw udah mau meledak😇",,72,,0,
https://x.com/Minhyugg/status/2100510654235029719,Twitter/X,,,Thu Sep 17 09:02:20 +0000 2026,Terlalu banyak bad news trus gw skrg bingung caranya menerapkan ilmu mindfulness ala maudy ayunda https://t.co/Nxkr5oXRjs,,71,,0,
https://x.com/nugrahaWHY/status/2100258524769271919,Twitter/X,,,Wed Sep 16 16:20:27 +0000 2026,"Allhamdulillah konten pertama youtub yang dapat FYP..

https://t.co/OIDSsckHCJ

#Menkeu Maudy ayunda Purbaya Pramono mbg",,71,,0,
https://x.com/nverad/status/2100488561430831164,Twitter/X,,,Thu Sep 17 07:34:32 +0000 2026,"Maudy Ayunda bilang rotinya terlalu sehat, pasti dia gak pernah tahu sehatnya roti anget roti manis dua ribuan karena belinya perlu ngejar2 abang penjualnya yg terlalu laju membawa sepeda motornya.

Burjo hanya tambahan biar makin sehat. https://t.co/LvxySqvSnn",,71,,0,
https://x.com/peacespreal3/status/2100151345051467858,Twitter/X,,,Wed Sep 16 09:14:34 +0000 2026,"MAUDY AYUNDA LO HARUS KE KALTIM, lo harus menjalankan keseharian, lo kerja di luar ruangan, biar lo tau ini tu bukan bed news taik, TAPI BAD REALITY",,71,,0,
https://x.com/pink_to4/status/2100483226284302809,Twitter/X,,,Thu Sep 17 07:13:20 +0000 2026,Semua ini gegara maudy ayunda anjay,,71,,0,
https://x.com/softieeexoxo/status/2100247793713742086,Twitter/X,,,Wed Sep 16 15:37:49 +0000 2026,Maudy Ayunda oh I dislike her from the beginning. Now i even know the reason why i should hate her more,,71,,0,
https://x.com/suka_bacott/status/2100219530165494166,Twitter/X,,,Wed Sep 16 13:45:30 +0000 2026,"Mw komen di Ig nya maudy ayunda, takut kebaca temen"" gw. Klo ngatain org gw bisa nyelekit banget hahaha. Mana buanyak banget diserang netijen si paling mindfullness",,71,,0,
https://x.com/yukmare_/status/2100096076196028620,Twitter/X,,,Wed Sep 16 05:34:57 +0000 2026,"Gaji bukan satu-satunya penentu kondisi ekonomi keluarga. Mengenal Desil DTSEN membantu kita memahami bahwa data sosial ekonomi perlu dilihat secara menyeluruh agar kebijakan bantuan lebih tepat sasaran. #MengenalDesilDTSEN

Menkeu, Purbaya, Menteri Keuangan, Maudy Ayunda https://t.co/dOTxYzqmKv",,71,,0,
https://x.com/Annikasarrs/status/2100063788846424506,Twitter/X,,,Wed Sep 16 03:26:39 +0000 2026,"Kaget bansos dicoret? Santai dulu, Kang Ujang! Itu tandanya ekonomi Akang dinilai pemerintah udah jauh lebih mandiri.

#MengenalDesilDTSEN

Sri Mulyani Purbaya Sarapan #TheRemarriedEmpressAYCE Pagii Maudy Ayunda Sarapa https://t.co/JY6gACV5dM",,70,,0,
https://x.com/g_bbst/status/2100543184720052542,Twitter/X,,,Thu Sep 17 11:11:36 +0000 2026,"bagus banget penyampaiannya, kalo maudy ayunda masih gak nangkep poinnya mah bener aja naturally jahat, soalnya gak mungkin dia sebodoh itu buat memahami kata-kata ini.",,70,,0,
https://x.com/Its_thrift_day/status/2100074282118431152,Twitter/X,,,Wed Sep 16 04:08:21 +0000 2026,"ga ngerti knp ada yg belain maudy ayunda while dia udh merasa dia salah dan indirectly stating klo statement dia itu emg tone deaf.

menurut gue, salah satu yg bikin org geram juga karena dia figur yang dianggap punya privilege untuk menyuarakan suara2 rakyat karena dia terdidik.",,70,,0,
https://x.com/Kampenipotru/status/2100100283401707866,Twitter/X,,,Wed Sep 16 05:51:40 +0000 2026,"Yang cocok diginiin itu prabowo, gibran, teddy, malah maudy ayunda. Bodoh semua",,70,,0,
https://x.com/plagiatcek_/status/2100064498258415929,Twitter/X,,,Wed Sep 16 03:29:28 +0000 2026,Ternyata maudy ayunda udah upload video mindfulness itu udah dari 3 minggu lalu hampir sebulan. Kenapa digorengnya baru sekarang ya? Janggal 🫡,,70,,0,
https://x.com/adammaulana__/status/2100053842369118255,Twitter/X,,,Wed Sep 16 02:47:07 +0000 2026,"Ayooo udah yaa nyerang Maudy Ayunda nya. Please fokus ke substansi, Indonesia masih belum pulih, Kalimantan masih butuh perhatian 🥺",,69,,0,
https://x.com/omsenank1/status/2100100836223553604,Twitter/X,,,Wed Sep 16 05:53:51 +0000 2026,"@dosenkesmas Maudy ayunda itu kena lumpur dikit aja gak mau, ngangkat barang aja gak bisa
Koq bisa2nya dijadiken contoh
Itu namanya prett kontil tralala trilili heli guk guk guk namanya",,69,,0,
https://x.com/OniSuryaman/status/2100380583331533265,Twitter/X,,,Thu Sep 17 00:25:28 +0000 2026,@destaam @GusDikaOfficial Maudy Ayunda = mindfulness 😁,,69,,1,
https://x.com/pacarnyaLEON/status/2100541761777213836,Twitter/X,,,Thu Sep 17 11:05:56 +0000 2026,"Wkwkw sumpah ini cuma bisa dipahami sama orang yang chronically online mentok

Anies = Nganggur
Ganjar = Lari
Purbaya = Mancing
Maudy Ayunda = Mindfullness",,69,,0,
https://x.com/Rharrys/status/2100488225165070450,Twitter/X,,,Thu Sep 17 07:33:12 +0000 2026,"Padahal Maudy Ayunda hanya menyampaikan POV dia (dan yg dia sampaikan bukan sesuatu yg negatif juga), trus orang² jadi kebakaran jenggot meskipun gak punya jenggot.

Kebiasaan netizen mau ngatur² seleb harus ngomong apa. Freedom of speech my ass-hley judd.",,69,,0,
https://x.com/yukmare_/status/2100096367377220073,Twitter/X,,,Wed Sep 16 05:36:06 +0000 2026,"Pendidikan adalah jalan menuju masa depan yang lebih baik. Dengan sistem KIP-K yang terus disesuaikan, semakin banyak mahasiswa Indonesia memiliki kesempatan untuk meraih cita-cita. #MengenalDesilDTSEN 

Menkeu, Purbaya, Menteri Keuangan, Maudy Ayunda https://t.co/kkHE7tI2ek",,69,,0,
https://x.com/zero1nterest/status/2100247672938725730,Twitter/X,,,Wed Sep 16 15:37:20 +0000 2026,maudy ayunda :,,69,,0,
https://x.com/Annikasarrs/status/2100063701386858532,Twitter/X,,,Wed Sep 16 03:26:18 +0000 2026,"Sama-sama ojol kok bisa beda desil? Ternyata pemerintah liat aset rumah juga, bukan cuma setoran harian!

#MengenalDesilDTSEN

Sri Mulyani Purbaya Sarapan #TheRemarriedEmpressAYCE Pagii Maudy Ayunda Sarapan https://t.co/o3OdSzSZde",,68,,0,
https://x.com/Rainrue23/status/2100173817721266187,Twitter/X,,,Wed Sep 16 10:43:52 +0000 2026,"@humaniesproject Tenang aja kak, ga difollow maudy ayunda kok, jadi aman",,68,,0,
https://x.com/freeyone/status/2100378201293984136,Twitter/X,,,Thu Sep 17 00:16:00 +0000 2026,mf wasting tons of water just to give mediocre statement about fuckass maudy ayunda omg gabisa kah mikir sendiri😭😭😭 https://t.co/1XpgesfFpa,,67,,0,
https://x.com/maslerry/status/2100484620760576163,Twitter/X,,,Thu Sep 17 07:18:53 +0000 2026,"maudy ayunda ga napak tanah jg faktornya bukan karena bacaan, tp krn dia membaca itu ketika dia gak pernah napak tanah itu sendiri. dia membaca di kursi dan dgn sepatu bagus, sedangkan aku cuman baca di kursi pendek nyeker. makanya aku masih bs ngerasain tanah tanpa alas kaki",,67,,0,
https://x.com/Popcultizm/status/2100199398143836243,Twitter/X,,,Wed Sep 16 12:25:30 +0000 2026,Maudy ayunda kontol. fuck mindfulness kalo masalahnya di sistem kek kontol kudanil gini 😁👍🏻,,67,,0,
https://x.com/reds_OD/status/2100647492094439816,Twitter/X,,,Thu Sep 17 18:06:04 +0000 2026,"jangankan Mody ini, yg image nya nyaris perfect aja kek maudy ayunda udah hancur2an tuh disikat netizen. Ngeri karma pembela 02 yaa",,67,,0,
https://x.com/SiPalingDepok/status/2100438838019850398,Twitter/X,,,Thu Sep 17 04:16:57 +0000 2026,@sagatingteng Intinya dia bikin statement yg tone deaf gitu di tengan situasi sekarang. Ini yem beritanya https://t.co/wcsDe12caM,,67,,1,
https://x.com/25tralala__/status/2100516970890469857,Twitter/X,,,Thu Sep 17 09:27:26 +0000 2026,"Buset udh cukup gais bahas maudy ayunda nya
Skrg balik lg fokus gulingkan rezim",,66,,0,
https://x.com/Aminuddin001/status/2100552986904961300,Twitter/X,,,Thu Sep 17 11:50:33 +0000 2026,"Netizens sedang marah-marah ke dua orang beberapa hari belakangan ini, Maudy Ayunda dan Teddy Indra Wijaya. Mungkin karena mereka sudah kita kenal seperti teman sendiri, karena tiap hari wajahnya, ucapannya, beritanya selalu menghiasi ruang-ruang digital kita. Mereka tidak mengenal kita, kita mengenal mereka layaknya anggota keluarga kita sendiri.
Selayaknya anggota keluarga, kalau tindakan dan ucapan mereka diluar harapan, kita meras disakiti atau bahkan dikhianati.
Ataukah banyak dari kita yang merasa punya pijakan moral lebih tinggi dari mereka berdua, ataukah kita merasa kalau kita ada di posisi mereka, kita akan bisa lebih baik dalam tindakan dan ucapan? 
Ataukah kita terbawa arus, karena banyak yang menyerang mereka, maka kita juga merasa perlu ikut menyerang, karena akan membuat kita merasa masuk ke ""kelompok yang benar""?
Yang saya khawatirkan, marahnya kita ke Maudy Ayunda dan Teddy Indra Wijaya lebih menggambarkan diri kita sendiri daripada kedua tokoh tersebut.",,66,,0,
https://x.com/citruzined/status/2100096138980536673,Twitter/X,,,Wed Sep 16 05:35:12 +0000 2026,"@mattgonta “kamu, Maudy Ayunda, PPE Oxford”",,66,,1,
https://x.com/dears0meone_/status/2100056033570046279,Twitter/X,,,Wed Sep 16 02:55:50 +0000 2026,Ini salahnya maudy ayunda dimana yaa? tone deaf dimananya?,,66,,0,
https://x.com/erisriswandi6/status/2100605847407853582,Twitter/X,,,Thu Sep 17 15:20:36 +0000 2026,"video toge cctv
https://t.co/TCYWvzTgG1
https://t.co/RXqbcjCqJ0
https://t.co/8kIehOKbsq
Malam Jumat Maudy Ayunda Maljum Jihan Coffee",,66,,0,
https://x.com/heuhbingungih/status/2100455324692127813,Twitter/X,,,Thu Sep 17 05:22:28 +0000 2026,"di Hollywood ada Ed Sheeran, di Indonesia ada Maudy Ayunda",,66,,0,
https://x.com/jerdalline/status/2100256027338006880,Twitter/X,,,Wed Sep 16 16:10:32 +0000 2026,maudy ayunda thingy is somehow just a little thing for some people because they just live in their freaking own bubble. WAKE UP !!!!!,,66,,0,
https://x.com/littoong/status/2100214183522656611,Twitter/X,,,Wed Sep 16 13:24:16 +0000 2026,@fishmandaa maudy ayunda,,66,,0,
https://x.com/m49nolia/status/2100235110834655614,Twitter/X,,,Wed Sep 16 14:47:25 +0000 2026,"rada sebel sih karena when it comes to cases like maudy ayunda, SE-INDONESIA bisa marah &amp; hujat (which is the right thing to do), viral banget-banget.

tapi kalau ke pemerintah kenapa rasanya yg marah tuh sedikit ya… kurang… kurang marah… ayo sadar semua… matanya dibuka 😞",,66,,0,
https://x.com/mavyora/status/2100059015514661288,Twitter/X,,,Wed Sep 16 03:07:41 +0000 2026,@womanwithbirkin please kamu gantiin maudy ayunda as icon,,66,,1,
https://x.com/NaaaaBlue/status/2100010769106768216,Twitter/X,,,Tue Sep 15 23:55:58 +0000 2026,"Belakangan ini di sosial media ramai membahas video YouTube Kak Maudy Ayunda tentang “Mindfulness in the Age of Bad News.” 

Aku udah nonton versi lengkapnya, dan menurutku konteksnya ternyata nggak sesederhana yang ramai dibicarakan.",,66,,1,
https://x.com/riokxxx/status/2100540986439123070,Twitter/X,,,Thu Sep 17 11:02:51 +0000 2026,"10 part ketikan yang goks, maudy ayunda kontol 👎",,66,,0,
https://x.com/ugnnmissme/status/2100358623977476288,Twitter/X,,,Wed Sep 16 22:58:13 +0000 2026,"dan di luar sana ada seorang maudy ayunda dan berbagai versi maudy ayunda lainnya yang mikir, all this bad news pushed by media untuk menghancurkan ketenangan mereka yang gak terjangkau oleh karhutla, bencana, kemiskinan, kesengsaraan, dan kedzoliman penguasa.",,66,,1,
https://x.com/hastapurnomo/status/2100101739584340134,Twitter/X,,,Wed Sep 16 05:57:27 +0000 2026,"@dosenkesmas ""sy ga perlu berkontribusi apa2 utk menghina orang2 macam maudy ayunda go fuck with her kontribushit bullshit mindfulshit""",,65,,0,
https://x.com/lapetkoprol/status/2100550217502515437,Twitter/X,,,Thu Sep 17 11:39:32 +0000 2026,genah stoik padha maudy ayunda,,65,,0,
https://x.com/lattetwirld/status/2100543019023990997,Twitter/X,,,Thu Sep 17 11:10:56 +0000 2026,Dia pasti lebih cerdas dari maudy ayunda,,65,,0,
https://x.com/moburokori/status/2100600206048030906,Twitter/X,,,Thu Sep 17 14:58:11 +0000 2026,"stoik ala ferry irwandi
mindful ala maudy ayunda
islam ala prabowo
Give up on your dreams and die, sasageyo sasageyo shinzou sasageyou",,65,,1,
https://x.com/vellatambayong/status/2100003403950858501,Twitter/X,,,Tue Sep 15 23:26:42 +0000 2026,@antqromantica maudy ayunda lg mode kesurupan kak itu,,65,,0,
https://x.com/Gajianplis/status/2100191842130444362,Twitter/X,,,Wed Sep 16 11:55:29 +0000 2026,"Ada di dalam kabar buruk, konfirmasi kabar buruk, sebarkan kabar buruk. Ah, kenapa aku bukan maudy ayunda",,64,,0,
https://x.com/renjundean19/status/2100177726753653023,Twitter/X,,,Wed Sep 16 10:59:24 +0000 2026,"i don't like how the trend ""maaf membawa berita buruk"" i saw a lot these days.. like GUYS! YOU ARE FREE TO BRING ANYTHING NEWS ABOUT YOUR SUFFERING PLEASEE. LET ME KNOW!! LET THE WORLD KNOWWSS!!! 

and fuck to maudy ayunda",,64,,0,
https://x.com/toxlic/status/2100111409921356140,Twitter/X,,,Wed Sep 16 06:35:52 +0000 2026,"Maudy Ayunda, Nicholas Saputra, Dian Sastro, siapa lagi seleb indo yg dulu kita pernah suka? *hah kita*",,64,,0,
https://x.com/bangdanang_/status/2100027064598573483,Twitter/X,,,Wed Sep 16 01:00:43 +0000 2026,"Anjirr… perkara memfilter berita buruk di tengah-tengah issue politik, bencana, dll. sampee hujat?? 

korelasi antara Mem filter berita buruk dengan privilege yang dipunya Maudy Ayunda apa cok?? 😭🤣🗿",,63,,0,
https://x.com/idlanyer_erdna/status/2100101312922956178,Twitter/X,,,Wed Sep 16 05:55:45 +0000 2026,@r_soefiyandoro Gk bisa gw mindfulness ala maudy ayunda..,,63,,1,
https://x.com/kekenyangann/status/2100124167270191163,Twitter/X,,,Wed Sep 16 07:26:34 +0000 2026,"Halah, maudy ayunda kokehan fafifu wasweswosss",,63,,0,
https://x.com/laurakhrist/status/2100186485547012196,Twitter/X,,,Wed Sep 16 11:34:12 +0000 2026,"bro knp di x gaada sensornya jir, gw lagi liat liat maudy ayunda mlh lewat jamsker 4no",,63,,0,
https://x.com/Abyssalam_/status/2100500084014174398,Twitter/X,,,Thu Sep 17 08:20:20 +0000 2026,maudy ayunda be stupid as hell but you guys made me watch her talk nothingburger philosophy with her zero comprehension of media landscape and thats worse,,62,,0,
https://x.com/ajuytelkomsel/status/2100628472821580066,Twitter/X,,,Thu Sep 17 16:50:30 +0000 2026,@gaonpiri maudy ayunda pasti ga pernah ngalamin minum air rebusan rasa kaporit dikit,,62,,1,
https://x.com/Goresan_juara/status/2100046720969347252,Twitter/X,,,Wed Sep 16 02:18:49 +0000 2026,"Gue gak kenal Maudy, tapi dari keributan soal Maudy Ayunda kemaren itu, gue jadi paham bahwa jika ada orang yg benci atau iri denganmu, dia akan mencari celah/momen untuk menjatuhkan dan menghasut yg lain untuk membenci/mencaci.",,62,,0,
https://x.com/joonmatcha/status/2100506107383033879,Twitter/X,,,Thu Sep 17 08:44:16 +0000 2026,@page_eiii itu harga buat circlenya maudy ayunda kali yach😭🫵🏻,,62,,1,
https://x.com/Kynaonline_com/status/2100551876244816198,Twitter/X,,,Thu Sep 17 11:46:08 +0000 2026,"Youtuber Windah Basudara Bahas Video Viral Maudy Ayunda, Windah: Masalahnya Ada di Timing, Bukan Isi

#WindahBasudara #MaudyAyunda 

https://t.co/hDTEnJ9XFH",,62,,0,
https://x.com/xskibbax/status/2100736206820851956,Twitter/X,,,Thu Sep 17 23:58:36 +0000 2026,tiap hari lewat jalur gatsu - sanur lalu disuruh mindfulness sama maudy ayunda,,62,,0,
https://x.com/ch0p3t/status/2100674589710020959,Twitter/X,,,Thu Sep 17 19:53:45 +0000 2026,"Maudy = Tel
Ayunda = Aviv
Maudy Ayunda = Prabowo Subianto",,61,,0,
https://x.com/deepublishstore/status/2100057082859061271,Twitter/X,,,Wed Sep 16 03:00:00 +0000 2026,"Video mindfulness Maudy Ayunda ramai diperdebatkan. Tapi jangan-jangan, kita memang belum sepakat soal artinya?

Ada yang merasa jeda dari berita buruk penting untuk menjaga kewarasan. Ada juga yang menilai pilihan untuk menjauh nggak dimiliki semua orang. Maudy pun sudah meminta maaf dan mengakui bahwa menjauh dari berita adalah privilege.

Perdebatan ini bikin kita balik ke pertanyaan dasar, sebenarnya mindfulness itu apa?",,61,,1,
https://x.com/Maizura_H/status/2100407794809893260,Twitter/X,,,Thu Sep 17 02:13:36 +0000 2026,"Pagii 🤲

AYCE Maudy Ayunda ( gak ngikutin ttg berita tsb )

Ini saja 👇 https://t.co/EB1V1A8qEc",,61,,1,
https://x.com/majesticagusta/status/2100455551692111879,Twitter/X,,,Thu Sep 17 05:23:22 +0000 2026,Maudy Ayunda tolong baca ini ya.,,61,,0,
https://x.com/NoodlesNoe57716/status/2100475561164546107,Twitter/X,,,Thu Sep 17 06:42:53 +0000 2026,Buset Maudy ayunda dicancel?😭✌🏻ya make sense sih,,61,,0,
https://x.com/pukimakjang/status/2100535484242100437,Twitter/X,,,Thu Sep 17 10:41:00 +0000 2026,gw percaya maudy ayunda ga bacain komen komen kalian dan milih buat dibawa tidur ajh,,61,,0,
https://x.com/vellatambayong/status/2100002729213276274,Twitter/X,,,Tue Sep 15 23:24:01 +0000 2026,@sehyrui maudy ayunda lg mode kesurupan kak itu,,61,,0,
https://x.com/ayutitania11/status/2100411207782162688,Twitter/X,,,Thu Sep 17 02:27:10 +0000 2026,"AKHHHH GAK KUAT
Nonton di youtube aja gak kuat, baca gak kuat. (Tetep ditonton &amp; dibaca). Maudy tolol ayunda mindfulnessmu gak berlaku dimanapun, nafas aja mikirin negara udh carut marut kita sebagai rakyat ikut pusing",,59,,0,
https://x.com/Curseezd/status/2100162825595613264,Twitter/X,,,Wed Sep 16 10:00:11 +0000 2026,"Janggal aneh dan vonisnya juga diluar nalar sehat. Wajah hukum makin miris. 

Maudy Ayunda",,59,,0,
https://x.com/four_kardanardi/status/2100491341067378823,Twitter/X,,,Thu Sep 17 07:45:35 +0000 2026,Ada banyak yang jauh lebih penting daripada ngomongin Maudy Ayunda selama seminggu lebih.,,59,,0,
https://x.com/othemii_/status/2100437327831269545,Twitter/X,,,Thu Sep 17 04:10:57 +0000 2026,"apa apaan di tiktok malah nyerang maudy ayunda, oke maudy salah tapi presiden lu noh biang keladinya. buzzer nih kayaknya yg jadiin maudy samsak.",,59,,0,
https://x.com/rachmaninqff/status/2100012025930039654,Twitter/X,,,Wed Sep 16 00:00:57 +0000 2026,@biaaancuzz REAL CUY siap berkompetisi dengan maudy ayunda ini,,59,,0,
https://x.com/rayhann_azka/status/2100260953829028025,Twitter/X,,,Wed Sep 16 16:30:07 +0000 2026,Maudy ayunda sialan,,59,,0,
https://x.com/whrearethcoffee/status/2100585590148182160,Twitter/X,,,Thu Sep 17 14:00:06 +0000 2026,trilogi poppy war r.f kuang untuk Maudy Ayunda bagus kmu baca ini biar tambah mindfullness mentok. dah gila gue baca ini ini buku https://t.co/EqZ5iI7fJi,,59,,0,
https://x.com/antnovaa/status/2100238998732185826,Twitter/X,,,Wed Sep 16 15:02:52 +0000 2026,@humaniesproject Ak bkn maudy ayunda kak jdi gas aja,,58,,0,
https://x.com/ayamkecapsawi/status/2100739444810911795,Twitter/X,,,Fri Sep 18 00:11:28 +0000 2026,maudy ayunda kl transit di duri juga kaga bisa mindfullness,,58,,0,
https://x.com/Carlossoshum55/status/2100203690036789708,Twitter/X,,,Wed Sep 16 12:42:34 +0000 2026,mindfulness ala maudy ayunda https://t.co/6mmTywY6l6,,58,,0,
https://x.com/GtAlgi/status/2100497969934139525,Twitter/X,,,Thu Sep 17 08:11:56 +0000 2026,Kenapa yang dihujat Maudy Ayunda yah? Why pay attention to her at all? Why even bother clicking play? Redirect our criticism to the policymakers,,58,,0,
https://x.com/klandestintm/status/2100100958936334579,Twitter/X,,,Wed Sep 16 05:54:21 +0000 2026,@LittleKid @casino_drop thank little kid i will go dinner with Maudy Ayunda,,58,,0,
https://x.com/nahyuckiee_/status/2100201419496427609,Twitter/X,,,Wed Sep 16 12:33:32 +0000 2026,"menurut gw kl orgorg pd marah sm Maudy Ayunda itu hal yg wajar ya, soalnya emg pembahasan ininlg sensitif BANGET",,58,,0,
https://x.com/otonomicoid/status/2100062201495294252,Twitter/X,,,Wed Sep 16 03:20:20 +0000 2026,"Ada apa dengan Maudy Ayunda? Dituding tone deaf hingga minta maaf

Selengkapnya &gt;&gt;&gt; https://t.co/GpOmUkYkrt

https://t.co/GpOmUkYkrt",,58,,0,
https://x.com/paperbluesea/status/2100556154258788389,Twitter/X,,,Thu Sep 17 12:03:08 +0000 2026,Ini semua gara-gara maudy ayunda😡😡😡😡😡 https://t.co/R8v33IyIGh,,58,,0,
https://x.com/bxkr_/status/2100262866742047029,Twitter/X,,,Wed Sep 16 16:37:43 +0000 2026,"Jadwal malam ini kek nya baca vagabond dulu deh ahahha...

Thanks source nya Bang @Doritraa .

Tapi ntah kenapa ingat musashi kok ingat ke maudy ayunda juga 😂☕",,57,,0,
https://x.com/jnkmantragirl/status/2100365493379146049,Twitter/X,,,Wed Sep 16 23:25:31 +0000 2026,murti ayunda lebih worth it buat jd inspirasi ges drpd maudy ayunda,,57,,0,
https://x.com/bukanikansalmon/status/2100607218030961151,Twitter/X,,,Thu Sep 17 15:26:02 +0000 2026,"jajal maudy ayunda mindfullnes karo mikir 2,8jt dibagi 30 dino mesti lak njepat",,56,,0,
https://x.com/cattrider/status/2100509954180608153,Twitter/X,,,Thu Sep 17 08:59:33 +0000 2026,@bivellyo WKAKAKAKA kayanya yg ngtwit itu kmarin maudy ayunda,,56,,0,
https://x.com/cimeymei/status/2100567416619331615,Twitter/X,,,Thu Sep 17 12:47:53 +0000 2026,Baik mendangari breakbeat pd pandiran maudy ayunda,,56,,0,
https://x.com/moonzdei/status/2100160422796238936,Twitter/X,,,Wed Sep 16 09:50:38 +0000 2026,@geonakissyou aku cuma takut gak balik. parno bgt bacain tweet yg blg gak pada balik. i mean 350k in dis economy cuma melayang ke app edit???? yang sebegininya aku rasa maudy ayunda gak relate🙂‍↔️,,56,,0,
https://x.com/Nurmaull_/status/2100582500884210115,Twitter/X,,,Thu Sep 17 13:47:49 +0000 2026,"Emang narasi nya sama semua ya? 
“setelah menonton full video dari maudy ayunda, jujur bingung dimana letak tone deaf nya.”

Dari tadi lewat sama semua perasaan narasi nya 😑😑😑

ga peduli2 amat sih sebenernya, dia cuman mba2 pinter aja, dan gw cmn penasaran aja hehehe 🫠🫠🫠 https://t.co/iyvJIl13pY",,56,,0,
https://x.com/penguinsgf/status/2100543308565217774,Twitter/X,,,Thu Sep 17 11:12:05 +0000 2026,mindfulness kaya maudy ayunda,,56,,0,
https://x.com/adiknyalisabp/status/2100543962570527033,Twitter/X,,,Thu Sep 17 11:14:41 +0000 2026,"Aku liat tweet orang atau VT dehh, kalimatnya gini ""mereka ga akan tau kalau ga pernah ngalamin."" 
nah, makanya gua sebenernya sakit hati bgt sama pernyataan Maudy Ayunda. dg keadaan gua yg dari kecil sampe skrng selalu hidup dalam survival mode",,55,,1,
https://x.com/child_lastt/status/2100488541411348734,Twitter/X,,,Thu Sep 17 07:34:28 +0000 2026,Maudy ayunda kuliah juga dibiayain uang pajak. Halah tai lah.,,55,,0,
https://x.com/halfaexa/status/2100233016761270388,Twitter/X,,,Wed Sep 16 14:39:06 +0000 2026,dah dari dulu gak suka maudy ayunda tapi gak suka aja downfallnya kaya gitu,,55,,0,
https://x.com/persheeus/status/2100475311095959920,Twitter/X,,,Thu Sep 17 06:41:53 +0000 2026,maudy ayunda klo liat reading list gue paling udh nonyor pala gue😔,,55,,0,
https://x.com/bangtandraft/status/2100398752075010460,Twitter/X,,,Thu Sep 17 01:37:40 +0000 2026,11 12 maudy ayunda mindsetnya,,54,,0,
https://x.com/coleharbou/status/2100770539006738597,Twitter/X,,,Fri Sep 18 02:15:01 +0000 2026,"stoik ala ferry irwandi
mindful ala maudy ayunda
islam ala prabowo
ngetweet ala cenblue",,54,,1,
https://x.com/georgeelroy_/status/2100124875549769750,Twitter/X,,,Wed Sep 16 07:29:23 +0000 2026,Efek maudy ayunda sampe kemana mana akwoakw,,54,,0,
https://x.com/kabarbaikdotco/status/2100401487562350644,Twitter/X,,,Thu Sep 17 01:48:32 +0000 2026,"Maudy Ayunda kembali menjadi perhatian publik. Kali ini bukan karena film, musik, pendidikan, atau perjalanan kariernya. Bukan pula karena Stanford atau berbagai aktivitas sosial yang selama ini melekat pada sosoknya. https://t.co/B2kYX0TFYr",,54,,0,
https://x.com/louvsaddict/status/2100389386827473252,Twitter/X,,,Thu Sep 17 01:00:27 +0000 2026,"gara gara yg bilang lobang idung maudy gede sebelah, tiap maudy ayunda lewat tl w jdi perhatiin idungnya 😭😭",,54,,0,
https://x.com/misteralwad/status/2100094774099444151,Twitter/X,,,Wed Sep 16 05:29:46 +0000 2026,@egiitaaa tp kalo ambil beasiswa ke luar negeri ketika keuangan kita ga setajir Maudy Ayunda gpp kan?,,54,,0,
https://x.com/penggemartidur1/status/2100697307574607886,Twitter/X,,,Thu Sep 17 21:24:01 +0000 2026,"ini diaaa🤩 bukan berarti lo lo pada menghindari reading listnya maudy ayunda kocakkk😔🥺 org” mau baca buku malah dilarang… punya hobi baca buku itu ya dimulai dari buku yg kita suka.

jgn menggeneralisir buku self improvement itu buruk :) ya buruk kalo g sambil liat realita jg",,54,,0,
https://x.com/sucisuc_/status/2100434370683359314,Twitter/X,,,Thu Sep 17 03:59:12 +0000 2026,"Barusaaan lewat tweet pembela Maudy Ayunda. Kaaaaan da bener yg ngebela teh pasti orkay. Kemana2 naik mobil, hp bagus. Jadi cannot relate laah.",,54,,0,
https://x.com/trunkszoldyck/status/2100017316155228241,Twitter/X,,,Wed Sep 16 00:21:59 +0000 2026,"@kepaIasuku Tentu iya, tapi bukan Maudy ayunda",,54,,0,
https://x.com/androgynousscat/status/2100474351460184383,Twitter/X,,,Thu Sep 17 06:38:04 +0000 2026,"Topik Maudy Ayunda udah lewat berhari-hari, tapi aku baru geregetan yg banget sekarang.

Karena ada banyak yg sifatnya persis kayak dia. Gak pernah ngerasa miskin. Gak pernah kelaparan. Tajir dari lahir.

Semoga cepat sekarat deh kalian.",,53,,0,
https://x.com/Ceysa_ku/status/2100450696722260300,Twitter/X,,,Thu Sep 17 05:04:05 +0000 2026,@Netizen_bawel Maudy Ayunda lagi mati empati dan rasa kasih,,53,,0,
https://x.com/itsfirmann/status/2100124089700520169,Twitter/X,,,Wed Sep 16 07:26:16 +0000 2026,@hanifproduktif Sabar kak Maudy Ayunda...,,53,,0,
https://x.com/neogentropy/status/2100620743084245392,Twitter/X,,,Thu Sep 17 16:19:47 +0000 2026,"Ketika Maudy Ayunda dibilang tone deaf, ternyata ada yang lebih mantep. Sipil ditembak di daerah dia sendiri oleh KKB, tapi Menteri HAMnya upload sunset di sosmed. Beneran udah gila semuanya.",,53,,0,
https://x.com/SquidsTentacles/status/2100415483866751256,Twitter/X,,,Thu Sep 17 02:44:09 +0000 2026,Maudy ayunda cakep? 🤨 wkwkw,,53,,0,
https://x.com/uyoon/status/2100417809146941843,Twitter/X,,,Thu Sep 17 02:53:24 +0000 2026,@clexnomit_ maudy ayunda pernah ngerasain ngantri bensin kayak gini juga nggak ya,,53,,0,
https://x.com/brahma_dba/status/2100711876451852700,Twitter/X,,,Thu Sep 17 22:21:55 +0000 2026,"Wkwkwkw ini recommendation yang di rilis kak, coba minta recommendation AO3 nya Maudy Ayunda siapa tau lebih ""berwarna"" wkwkkwkkw.",,52,,0,
https://x.com/dewanyap/status/2100044447878975653,Twitter/X,,,Wed Sep 16 02:09:47 +0000 2026,"Maudy Ayunda
Mbak Harley Paramore 
Jg tiap hari lihat berita anak anak Palestine di bunuh
Tp dia ga mindfullnes 
Dia bersuara FUCK Israel",,52,,0,
https://x.com/ngelcoord/status/2100545367917863403,Twitter/X,,,Thu Sep 17 11:20:16 +0000 2026,maudy ayunda lobang idung kau noh bnerin dluw besar kecilnya siapa tau jd lbh #mindfulness,,52,,1,
https://x.com/vvangana/status/2100572325028704444,Twitter/X,,,Thu Sep 17 13:07:23 +0000 2026,@mmkjuice her fraudulent ass sitting beside maudy ayunda,,52,,0,
https://x.com/yasika_fm/status/2100408558844359059,Twitter/X,,,Thu Sep 17 02:16:38 +0000 2026,"Banyak yang berseloroh, presenter kawakan tersebut ternyata sudah memberikan spoiler jauh-jauh hari sebelum publik ramai menyadari bahwa nasihat Maudy Ayunda belum tentu cocok untuk semua orang, apalagi di tengah kondisi ekonomi dan politik yang sedang penuh tekanan.",,52,,0,
https://x.com/FmsRadja/status/2100399901612142872,Twitter/X,,,Thu Sep 17 01:42:14 +0000 2026,"setelah gua nonton videonya maudy ayunda, gua ga nemuin bagian mana dia tone deaf",,51,,0,
https://x.com/ira_widyana/status/2100027152578257016,Twitter/X,,,Wed Sep 16 01:01:04 +0000 2026,"Sebenernya kita semua juga pasti capek karna selalu mendengar, melihat &amp; mengetahui berita - berita buruk di semua sosmed, mungkin mba Maudy Ayunda lagi plenger ajah karna rasa tidak nyaman degan berita buruk...",,51,,1,
https://x.com/mualingpangsit/status/2100057642903421060,Twitter/X,,,Wed Sep 16 03:02:13 +0000 2026,Hidup tidak semudah cocotnya maudy ayunda,,51,,1,
https://x.com/rnldnbbn/status/2100404459381907531,Twitter/X,,,Thu Sep 17 02:00:21 +0000 2026,pembela maudy ayunda itu rata-rata pendukung rezim yah.  gak sengaja liat di zarry hendrik komen di posting yg bela si mindfulness,,50,,0,
https://x.com/thafgukjju/status/2100602432153903530,Twitter/X,,,Thu Sep 17 15:07:01 +0000 2026,Jauh lebih parah dibanding Maudy Ayunda,,50,,0,
https://x.com/winterchildvv/status/2100244233068376073,Twitter/X,,,Wed Sep 16 15:23:40 +0000 2026,"mungkin Maudy Ayunda salah satu artis yg nggak bakal kena cancel culture di sini, nah, tapi sekarang kena juga jsjsjs. w juga yg biasanya nggak mudah terpancing, paham kenapa banyak yg kecewa.",,50,,0,
https://x.com/1000x3ya/status/2100378942482059331,Twitter/X,,,Thu Sep 17 00:18:57 +0000 2026,"Klo kata gw kritik yang ramai ke Maudy Ayunda belakangan ini jujur aja salah fokus. Orang-orang sibuk menyerang privilege-nya, padahal pesan mendasar yang dia sampaikan itu nyata, logis, dan sangat relevan.

Maudy cuma bilang hal yang fundamental: kalau kita mau melangkah jauh atau memberdayakan orang lain, perbaiki dulu kondisi internal diri sendiri (mindfulness, mental, dan kesehatan). Itu bukan narasi ""kurang peka sama kemiskinan"", melainkan logika dasar. Bagaimana mungkin seseorang bisa konsisten berkontribusi buat lingkungan sekitar kalau dirinya sendiri berantakan, burnout, atau tidak terawat?

Banyak orang salah tafsir karena melihat klip 30 detik lalu langsung pakai kaca mata resistensi biasa. Pesan Maudy jadi terdistorsi seolah-olah dia menyuruh orang miskin untuk cukup ""berpikir positif"". Padahal, pesan itu ditujukan sebagai kesadaran diri (self-awareness) bahwa perubahan skala besar selalu dimulai dari kapasitas diri yang rapi.

Maudy bukan sekadar jualan teori. Dia sudah membuktiin lewat akses dan aksi nyata diri dia sendiri dari pendidikannya, yayasan beasiswanya, sampai representasi Indonesia di kancah internasional.
Beda pandangan soal framing itu wajar.

Pada akhirnya, ini bukan soal siapa yang paling benar atau siapa yang paling menderita. Orang yang mengkritik punya sudut pandang realita hidup yang keras, sementara Maudy menyampaikan perspektif pengembangan diri dari ruang yang dia miliki. Dua-duanya punya tempatnya masing-masing.

Daripada energi habis untuk saling menuding yang satu dituduh tidak peka, yang lain dituduh cuma bisa iri lebih baik kita ambil sisi baiknya. Kita butuh orang-orang yang peka pada realita, dan kita juga butuh orang-orang dengan akses luas yang mau terus berkarya dan berbagi. Saatnya berhenti saling menyalahkan dan mulai fokus pada peran kita masing-masing.",,49,,0,
https://x.com/cuttieskoo/status/2100465685008888256,Twitter/X,,,Thu Sep 17 06:03:38 +0000 2026,@marinaesthete 😭 inget kt maudy ayunda,,49,,1,
https://x.com/ihpuppies/status/2100404366859780200,Twitter/X,,,Thu Sep 17 01:59:59 +0000 2026,maudy ayunda emang goblok,,49,,0,
https://x.com/kamehamehauhuy/status/2100026491581169773,Twitter/X,,,Wed Sep 16 00:58:26 +0000 2026,"Gw klo jadi Maudy Ayunda, langsung otw Kalimantan deh, nginjek tanah lagi, kasih berita positif biar ga pada burnout, dan bisa hidup mindfullness",,49,,0,
https://x.com/Maizura_H/status/2100408117683212694,Twitter/X,,,Thu Sep 17 02:14:53 +0000 2026,"Pagii 🤲

AYCE Maudy Ayunda ( gak ngikutin ttg berita tsb )

Ini saja 👇 https://t.co/b2u5Fqk0us",,49,,0,
https://x.com/Minoberag/status/2100591610933510285,Twitter/X,,,Thu Sep 17 14:24:01 +0000 2026,maudy ayunda nyocot,,49,,0,
https://x.com/permentobeli/status/2100064701791297536,Twitter/X,,,Wed Sep 16 03:30:16 +0000 2026,"@unmagnetism Sarapan maudy ayunda
(Telur 3)",,49,,0,
https://x.com/Pramudya_fatin/status/2100525301243494489,Twitter/X,,,Thu Sep 17 10:00:32 +0000 2026,"@LambeSahamjja Ini baru ""bad news"" yang harusnya kamu highlight, Maudy Ayunda",,49,,1,
https://x.com/_riverheaven/status/2100445398620131452,Twitter/X,,,Thu Sep 17 04:43:02 +0000 2026,@Netizen_bawel Maudy Ayunda si paling LET THEM!!,,48,,0,
https://x.com/cotteshu/status/2100582929160364501,Twitter/X,,,Thu Sep 17 13:49:31 +0000 2026,Anjir what is this maudy ayunda bullshit,,48,,1,
https://x.com/f1rsthaitani/status/2100538497375641914,Twitter/X,,,Thu Sep 17 10:52:58 +0000 2026,"Temen gw yg 02 voters dukung maudy ayunda awewkekeke, agak kejauhan klo samain maudy sm artis 02 supporters tp intinya sm sm ignorant di dunia mrk pdhl hidup seplanet ma kita",,48,,1,
https://x.com/Kampenipotru/status/2100242537529360544,Twitter/X,,,Wed Sep 16 15:16:56 +0000 2026,Semoga Maudy Ayunda bisa menerapkan mindfulness terhadap bad news tentang dirinya ini,,48,,0,
https://x.com/myresistant/status/2100559241652392160,Twitter/X,,,Thu Sep 17 12:15:24 +0000 2026,"ada yang tanya kontribusi maudy ayunda selama ini apa, trs dijawab naturalisasi orang korea 😭😭😭",,48,,0,
https://x.com/pinkishbby7/status/2100056050959548887,Twitter/X,,,Wed Sep 16 02:55:54 +0000 2026,Tiap buka twt selalu ada yg ngulitin maudy ayunda and we cheered 🫰🏻,,48,,0,
https://x.com/descentine/status/2100241290759905653,Twitter/X,,,Wed Sep 16 15:11:58 +0000 2026,"@gacordahsyat itu lho yang maudy ayunda ituu, kesel banget langsung ilfeel aku",,47,,0,
https://x.com/juww_1/status/2100025323828195708,Twitter/X,,,Wed Sep 16 00:53:48 +0000 2026,"maudy ayunda pernah ga ya, motornya masuk bengel. eh ganti pertanyaan deh, dia make motor ga ya?",,47,,0,
https://x.com/lovetomatoess/status/2100204234369384530,Twitter/X,,,Wed Sep 16 12:44:44 +0000 2026,Maudy ayunda mending lu makan kimpul,,47,,0,
https://x.com/uraga_agency/status/2100392127410917718,Twitter/X,,,Thu Sep 17 01:11:21 +0000 2026,"Mindfulness Maudy Ayunda: Mengapa Kontennya Dinilai Tone Deaf

https://t.co/w5YmQCuNZA",,47,,0,
https://x.com/BangZaack/status/2100073065237664146,Twitter/X,,,Wed Sep 16 04:03:30 +0000 2026,"Setelah melihat permasalahan Maudy Ayunda vs Netijen, kok mirip?? ...",,46,,0,
https://x.com/bcrnal/status/2100613665456324809,Twitter/X,,,Thu Sep 17 15:51:40 +0000 2026,Tag Maudy Ayunda,,46,,0,
https://x.com/MyfavMeerkat/status/2100536322440184003,Twitter/X,,,Thu Sep 17 10:44:20 +0000 2026,Tell maudy ayunda about this.,,46,,0,
https://x.com/newscast_id/status/2100061890223411676,Twitter/X,,,Wed Sep 16 03:19:06 +0000 2026,"Ada apa dengan Maudy Ayunda? Dituding tone deaf hingga minta maaf 

Selengkapnya &gt;&gt;&gt; https://t.co/slcLeTkEwT  

https://t.co/slcLeTkEwT",,45,,0,
https://x.com/pp_prayoga/status/2100089974742028381,Twitter/X,,,Wed Sep 16 05:10:42 +0000 2026,"@NKsanto88 @FansRossoneri Dan soal Maudy Ayunda, konteksnya jg jgn dipelintir. Banyak orang justru dukung kemandirian data lewat pembangunan DC di dalam negeri. Fungsinya ya buat nyimpen dan mengolah data, cloud, aplikasi, AI, layanan digital, dll. Mau sampe kapan data kita bergantung sama DC luar?",,45,,0,
https://x.com/riiiajacty/status/2100422004767952944,Twitter/X,,,Thu Sep 17 03:10:04 +0000 2026,"Omongannya Maudy Ayunda itu mirip kayak realita orang yang punya ortu durhaka/jahat, atau yang udah gapunya ortu, terus masih aja ada orang yang keluarga cemara nyerocos 

""tapi kan dia tetep ortu lo"" ""at least lo masih punya ini itu, bersyukur dong"".",,45,,0,
https://x.com/dears0meone_/status/2100062667935506448,Twitter/X,,,Wed Sep 16 03:22:11 +0000 2026,"barusan nonton video maudy ayunda, sebenernya aman aja videonya ga ada yang salah, mungkin cara penyampaiannya aja, bahasanya kurang merakyat.",,44,,1,
https://x.com/faradinaam/status/2100617726687678531,Twitter/X,,,Thu Sep 17 16:07:48 +0000 2026,Dih. Maudy Ayunda kah,,44,,0,
https://x.com/kalderanews/status/2100011036804051340,Twitter/X,,,Tue Sep 15 23:57:02 +0000 2026,Apa Itu Mindfulness yang Dibahas Maudy Ayunda hingga Tuai Kritik? https://t.co/UsaJKIgweO,,44,,0,
https://x.com/lostofyourlife/status/2100702899735248918,Twitter/X,,,Thu Sep 17 21:46:15 +0000 2026,mulai iri sm maudy ayunda krn bisa MINDFUL alias gw jam segini tiba-tiba stress sendiri krn kepikiran tumpukan “bad news” itu,,44,,0,
https://x.com/mimicyue/status/2100038604265517404,Twitter/X,,,Wed Sep 16 01:46:34 +0000 2026,For me lahhh… Maudy Ayunda nie ga cantik-cantik banget… balik lagi selera cantik tiap orang beda-beda ✌🏽,,44,,0,
https://x.com/miraikzmr/status/2100534574765777033,Twitter/X,,,Thu Sep 17 10:37:23 +0000 2026,@superinyu Terapin mindfulness ala maudy ayunda wmwk,,44,,0,
https://x.com/mycleome/status/2100071434358071496,Twitter/X,,,Wed Sep 16 03:57:02 +0000 2026,"mba maudy ayunda dulu ak fans berat kamu karena kamu keren, pinter dan cantik, tapi sekarang engga lagi karena video kamu itu.",,43,,0,
https://x.com/zikriAJ/status/2100087695989174534,Twitter/X,,,Wed Sep 16 05:01:39 +0000 2026,"@gojorent bang, ga bahas maudy ayunda bang",,43,,0,
https://x.com/jajabwah/status/2100580993635922267,Twitter/X,,,Thu Sep 17 13:41:50 +0000 2026,"Siapa tau Maudy Ayunda wibu dia ga baca fiksi tapi nonton anime we never know 

Sebagai pembaca self development dan Novel gw kurang setuju kalau empati orang dilihat dari buku bacaan",,42,,0,
https://x.com/lockstock27/status/2100667302555668618,Twitter/X,,,Thu Sep 17 19:24:48 +0000 2026,"Standard ganda ""si melek politik"" di x

Maudy ayunda, LPDP'nya dipertanyakan karena dia artis yg dianggap berduit, ga pantas🥱

Bagian anak anies, wajar LPDP walau harta bokapnya 11m sekalipun, karena LPDP bukan soal mampu tidak mampu secara materi, tp meritokrasi🤭",,42,,1,
https://x.com/manakalaaku/status/2100427523855351838,Twitter/X,,,Thu Sep 17 03:32:00 +0000 2026,"Sungguh sangat amat keren, elegan, tapi tetep powerfull diksi-diksi yang dipakai buat menelanjangi isi pikiran seorang maudy ayunda.
Maudy kalo baca ini, minimal kapal api sachet sama surya sambil nyender di ruko.",,42,,0,
https://x.com/mmarkleie/status/2100617393307521042,Twitter/X,,,Thu Sep 17 16:06:28 +0000 2026,Coba kirim foto ini ke dm maudy ayunda,,42,,0,
https://x.com/muhammadiqbalq/status/2100148798978928970,Twitter/X,,,Wed Sep 16 09:04:27 +0000 2026,@txtdrimedia Kesurupan Maudy ayunda,,42,,0,
https://x.com/Khalistio18LFC/status/2100764834321375357,Twitter/X,,,Fri Sep 18 01:52:21 +0000 2026,Bagian Maudy Ayunda ga ditulis juga sudah bagus ini opininya.,,41,,0,
https://x.com/micin0408/status/2100440885821370856,Twitter/X,,,Thu Sep 17 04:25:06 +0000 2026,gakebayang output dari PPE oxford yg visi tiap coursenya kyk gini itu maudy ayunda. https://t.co/lmX1VpmgtG,,41,,0,
https://x.com/rexeleration/status/2100244786511036792,Twitter/X,,,Wed Sep 16 15:25:52 +0000 2026,Maudy Ayunda adalah salah satu contoh kenapa gw benci orang kaya.,,41,,0,
https://x.com/thruvsh/status/2100043338087084309,Twitter/X,,,Wed Sep 16 02:05:23 +0000 2026,@gIikowings maudy ayunda g suka bad news ini🥲 padahal ini realita huhu. tiati naik motornyaaaa cip,,41,,0,
https://x.com/aishwaryavaux/status/2100663730690531580,Twitter/X,,,Thu Sep 17 19:10:36 +0000 2026,"SECONDED. dari sekian banyaknya topik yang muncul mengenai maudy ayunda, gue amat sangat tidak setuju sama pendapat bahwa bacaan orang menggambarkan kepribadian orang.",,40,,0,
https://x.com/CakRedi/status/2100029635744649717,Twitter/X,,,Wed Sep 16 01:10:56 +0000 2026,"Satu2nya damage control Maudy Ayunda sekarang,
adalah melawan rezim.",,40,,0,
https://x.com/CakRedi/status/2100565682534670797,Twitter/X,,,Thu Sep 17 12:40:59 +0000 2026,"Judul next video Maudy Ayunda:

How to Survive Zombie Apocalypse with Style.",,40,,0,
https://x.com/hayinikiran/status/2100222779056586790,Twitter/X,,,Wed Sep 16 13:58:25 +0000 2026,maudy ayunda goblok,,40,,0,
https://x.com/irwan_mzk/status/2100529828089008142,Twitter/X,,,Thu Sep 17 10:18:31 +0000 2026,Kita hidup di zaman Maudy Ayunda sudah punya haters 😌,,40,,0,
https://x.com/menggrutu/status/2100549617381425297,Twitter/X,,,Thu Sep 17 11:37:09 +0000 2026,Maudy ayunda lagi ngapain ya? Ya paling bersedih di apartemen senop aja sih santai,,40,,0,
https://x.com/mercibokup/status/2100572275695399026,Twitter/X,,,Thu Sep 17 13:07:11 +0000 2026,"@hopefulhob gue lebih pilih sarapan pake avocado, telur omega3 3 biji dan sourdough biar kaya MAUDY AYUNDA",,40,,0,
https://x.com/movzartz/status/2100450239790588059,Twitter/X,,,Thu Sep 17 05:02:16 +0000 2026,- maudy ayunda,,40,,0,
https://x.com/zaligcyperse/status/2100465750729511358,Twitter/X,,,Thu Sep 17 06:03:54 +0000 2026,@AbdullahKoswara maudy ayunda pamer selective breeding,,40,,1,
https://x.com/feedos/status/2100388863189700817,Twitter/X,,,Thu Sep 17 00:58:22 +0000 2026,@satirnesia Maudy Ayunda punya brand skincare kan ?,,39,,0,
https://x.com/forbaixinyu/status/2100536843683197022,Twitter/X,,,Thu Sep 17 10:46:24 +0000 2026,Kocag banget maudy ayunda blunder ya?,,39,,0,
https://x.com/luvy_tha/status/2100403220464239060,Twitter/X,,,Thu Sep 17 01:55:26 +0000 2026,@vier4x4 Semua ini gara2 Maudy Ayunda,,39,,0,
https://x.com/Aidaidun1/status/2100743290874401211,Twitter/X,,,Fri Sep 18 00:26:45 +0000 2026,Kira2 Maudy Ayunda sama Ed Sheeran lg muhasabah diri gak ya,,38,,0,
https://x.com/mistymountt/status/2100702338742931877,Twitter/X,,,Thu Sep 17 21:44:01 +0000 2026,"Edann banget emg maudy ayunda nih, bener2 sakit anjing org kaya ga punya perasaan hatinya jelek, kuliah boleh di oxf tapj pemikirannya blm tentu jalan jink",,38,,0,
https://x.com/primanisme_/status/2100470120938381635,Twitter/X,,,Thu Sep 17 06:21:16 +0000 2026,"@independentjawa Nah berita2 begini ini yang harus dihindari menurut maudy ayunda. Sumpah capek kalo udah nonton prabowo ngomong. Selalu pengen teriak, TOLOOOOOOLLLLLL!!!",,38,,0,
https://x.com/sylusgojo/status/2100783370854879540,Twitter/X,,,Fri Sep 18 03:06:00 +0000 2026,Hati gue remuk banget lewat di fyp anak bayi 1-2 bulan di pontianak batuknya batuk SESEK banget 😭😭😭 meanwhile maudy ayunda yg HARUSNYA graduated from oxford standford cuma disuruh MINDFUL harus PROTECT HER MIND in the age of bad news,,38,,1,
https://x.com/anyxmare/status/2100062144050196973,Twitter/X,,,Wed Sep 16 03:20:07 +0000 2026,@tinywinn1e bisa kalem kalau kamu mindfull sperti maudy ayunda 😍,,37,,0,
https://x.com/burungmuseo/status/2100066674238267689,Twitter/X,,,Wed Sep 16 03:38:07 +0000 2026,Ga nyangka berada di fase Maudy Ayunda dihujat,,37,,0,
https://x.com/exototoupdate/status/2100087078172471631,Twitter/X,,,Wed Sep 16 04:59:11 +0000 2026,"🔥 CASHBACK TELAH SELESAI DIBAGIKAN! 🔥

✍️  Link Daftar :
 👉 https://t.co/HgaaBLZkqf

📲 APK EXOTOTO
👉 https://t.co/B0Fdmb6pSi

𝗠𝗮𝘂𝗱𝘆 𝗔𝘆𝘂𝗻𝗱𝗮 𝗦𝗲𝗻𝗶𝗻 𝗗𝗜 𝗠𝗲𝗻𝗸𝗲𝘂 #𝗞𝘂𝗟𝗶𝘀𝘁𝗶𝗻𝗴 #𝗮𝗮𝗱𝗰𝘀𝗵𝗼𝗿𝘁𝗳𝗶𝗹𝗺 https://t.co/pgenQPIggv",,37,,0,
https://x.com/urgoodshere/status/2100089708168794159,Twitter/X,,,Wed Sep 16 05:09:38 +0000 2026,"hujatan netizen ke Maudy Ayunda dah kelewatan sih, bolanya kemana gawangnya kemana. kata w udah cukup sih alihin noh murkanya ke pejabrut yg emang punya wewenang, bukannya fokus ke isu utama malah meleber kemana-mana.",,37,,0,
https://x.com/wuvpsies/status/2100403265343300080,Twitter/X,,,Thu Sep 17 01:55:36 +0000 2026,buat maudy ayunda,,37,,0,
https://x.com/lopemelikeudo/status/2100397733098238183,Twitter/X,,,Thu Sep 17 01:33:37 +0000 2026,gua beneran  se-kecewa itu sama maudy ayunda jir🥲,,36,,0,
https://x.com/PramanaFian/status/2100255981930434956,Twitter/X,,,Wed Sep 16 16:10:21 +0000 2026,"Mbak maudy ayunda, aku ben esok manganku gorengan kui wae wes kelewat jam 9 mbak. Dadi gak usah ngomong makanan terlalu sehat, koe sugeh ancok",,36,,0,
https://x.com/rainyutopia/status/2100386359622152392,Twitter/X,,,Thu Sep 17 00:48:26 +0000 2026,@Happpy_Pizza @jsyfjk Maudy ayunda lu?,,36,,0,
https://x.com/yvessaintc/status/2100563591417995593,Twitter/X,,,Thu Sep 17 12:32:41 +0000 2026,Prabowo kontol maudy ayunda kontol,,36,,0,
https://x.com/uniquebend/status/2100395915576234222,Twitter/X,,,Thu Sep 17 01:26:24 +0000 2026,"@safa_andriana wah kurang itu, kalo maudy ayunda mah makan telurnya langsung 3",,35,,0,
https://x.com/_pesansuara_/status/2100431694457339974,Twitter/X,,,Thu Sep 17 03:48:34 +0000 2026,@saludosparatii @hanifproduktif maudy ayunda bisulan,,34,,0,
https://x.com/dgatras__words/status/2100546344918352030,Twitter/X,,,Thu Sep 17 11:24:09 +0000 2026,"Belajar dari keriuhan maudy ayunda...
Akhirnya tetap pada satu prinsip dari dulu

JANGAN TERLALU MENGIDOLAKAN MANUSIA ... SIAPA PUN DIA !!!

Daaahhh... gitu aja

Saat nya rehat, guys...",,34,,0,
https://x.com/kukisklasik/status/2100577364271157685,Twitter/X,,,Thu Sep 17 13:27:25 +0000 2026,@fkasaturn another maudy ayunda ahh people,,34,,0,
https://x.com/NurAzizahSyawal/status/2100565338937237648,Twitter/X,,,Thu Sep 17 12:39:38 +0000 2026,@viourexcytta @ayyyisboring @aldoputra1020 Hey itu kontennya maudy ayunda gaess wkwkwkwk,,34,,0,
https://x.com/7chillminusone/status/2100409274287735257,Twitter/X,,,Thu Sep 17 02:19:29 +0000 2026,"Tanpa membenarkan siapa pun. Termasuk maudy ayunda

I guess this Maudy Case is also di manfaatin buat pengalihan issue aja ga si?
Hdyt guys?",,33,,0,
https://x.com/adiputrofikar/status/2100683329964331449,Twitter/X,,,Thu Sep 17 20:28:29 +0000 2026,"maudy ayunda dicancel. sama aja kyk sopir angkot lagi pada demo trus nyetopin angkot yg masih narik. beda kelas aja, mentalnya mah sama.",,33,,0,
https://x.com/Sinefail/status/2100775957678457263,Twitter/X,,,Fri Sep 18 02:36:33 +0000 2026,"terpantau mba maudy ayunda suda 9 hari gak update postingan IG, apaqa belio betul-betul sedang mindfulness in the age of bad news?",,33,,0,
https://x.com/Yangshoulder/status/2100380071555195325,Twitter/X,,,Thu Sep 17 00:23:26 +0000 2026,Hal paling najis itu mutual yg dulu temenan in rl dan lu tau dia pinter tapi dukung prabowo mati matian bahkan ikut narasi body shaming di case maudy ayunda😌dongo bgt,,33,,0,
https://x.com/abikaara/status/2100713933267234820,Twitter/X,,,Thu Sep 17 22:30:05 +0000 2026,"@ptrchwriom CIEEE??? Udah beli hp baru??? Kebetulan aku lagi sibuk nonton drakor, jadi gak tahu ada apa aja di twitter. Terakhir Maudy Ayunda masih digoreng-goreng. Wkwkwkkwkw",,32,,1,
https://x.com/bebekcrispy_/status/2100586429847855336,Twitter/X,,,Thu Sep 17 14:03:26 +0000 2026,pengen bisa maudy ayunda tapi kalo lagi anies ya susah juga. apalagi kalo abis purbaya. paling ya nyari kerjaan sambil sesekali ganjar sambil KDM,,32,,0,
https://x.com/Diditdeddy/status/2100414535454880176,Twitter/X,,,Thu Sep 17 02:40:23 +0000 2026,@dosenkesmas Apa kontribusi si Maudy ayunda ?,,32,,0,
https://x.com/michanjee/status/2100443057296715862,Twitter/X,,,Thu Sep 17 04:33:43 +0000 2026,@jiyoreadyina Salah satu yg gua bisa tp maudy ayunda gabisa: spagheti bagi dua,,32,,1,
https://x.com/safa_andriana/status/2100604995687305299,Twitter/X,,,Thu Sep 17 15:17:12 +0000 2026,"@hsetiawan24 Itu kan yg lagi ramai orang bicarakan, menyangkut pernyataan Maudy Ayunda",,32,,1,
https://x.com/allemmagne/status/2100734194922250241,Twitter/X,,,Thu Sep 17 23:50:36 +0000 2026,emg maudy ayunda kontribusinye ape bjay,,31,,0,
https://x.com/RakyatNgenez/status/2100075959051579563,Twitter/X,,,Wed Sep 16 04:15:00 +0000 2026,@dosenkesmas Semoga maudy ayunda  cerai,,31,,0,
https://x.com/kinaru_/status/2100737518035775952,Twitter/X,,,Fri Sep 18 00:03:48 +0000 2026,Kasihan bakal diblock maudy ayunda :(,,30,,0,
https://x.com/rmzwrldd/status/2100623971180073188,Twitter/X,,,Thu Sep 17 16:32:37 +0000 2026,maudy ayunda mosok ero rasane ongkos 8000 tapi kudu mlaku teko parkiran ojol ng food society lt 2M,,30,,1,
https://x.com/thingkrbell/status/2100069062617539039,Twitter/X,,,Wed Sep 16 03:47:36 +0000 2026,@skipbreakfast_ kalo jadi maudy ayunda,,30,,0,
https://x.com/TuguJogja_id/status/2100587808750760252,Twitter/X,,,Thu Sep 17 14:08:55 +0000 2026,"Apa Itu Mindfulness? Kontroversi Maudy Ayunda yang Disebut Tone Deaf oleh Netizen
https://t.co/WXKq3j6M9U",,30,,0,
https://x.com/Llakad_Matatag/status/2100563670946512931,Twitter/X,,,Thu Sep 17 12:33:00 +0000 2026,@hi__viLLain ndelok videone maudy ayunda,,29,,1,
https://x.com/Udinzen_/status/2100383761347355036,Twitter/X,,,Thu Sep 17 00:38:06 +0000 2026,@Sebelahkampus Maudy Ayunda ...kali Bukan Maudy Zaenab...😂,,28,,0,
https://x.com/wonpilbites/status/2100645775814606996,Twitter/X,,,Thu Sep 17 17:59:15 +0000 2026,"Lagi gue ga pernah ngerti sih dari dulu hype soal maudy ayunda, masalahnye suaranya pas2an banget",,28,,0,
https://x.com/rmzwrldd/status/2100624136687222824,Twitter/X,,,Thu Sep 17 16:33:16 +0000 2026,maudy ayunda mosok ero rasane ongkos 6400 tapi dipalak jukir sewu pas mari teko resto,,27,,0,
https://x.com/AraYoona147661/status/2100590734382633060,Twitter/X,,,Thu Sep 17 14:20:32 +0000 2026,"Hai @grok ayo lanjutin obrolan yg kemarin yuk, mumpung aku belum ngantuk. 
Tiba² aku tertarik untuk bahas tentang yg lagi viral dari Maudy ayunda. 
Mindfulness..hm, kurasa itu  terkait dengan self-love yg kemarin aku bahas",,26,,1,
https://x.com/ptrchwriom/status/2100731168677413209,Twitter/X,,,Thu Sep 17 23:38:34 +0000 2026,"@abikaara Iya Alhamdulillah hasil nabung nih, soalnya emang butuh bangett ... Drakor apaan tuh? Spill tipis-tipis. ihhhh kemaren aku juga liat Maudy ayunda digoreng di Instagram wkwkkkw. Atuh da ada ada aja kelakuan orang have teh",,26,,0,
https://x.com/sharinGPenhkeik/status/2100616710906945664,Twitter/X,,,Thu Sep 17 16:03:46 +0000 2026,"kudet jir itu Maudy Ayunda kenapa, perasaan karna laprak ketinggalan Mulu deh",,26,,0,
https://x.com/anastasialvt/status/2100781094522232870,Twitter/X,,,Fri Sep 18 02:56:58 +0000 2026,ini orang2 ke maudy ayunda kok kayaknya jadi terlalu overhate deh idk,,25,,1,
https://x.com/Aradeaaan/status/2100755019368902839,Twitter/X,,,Fri Sep 18 01:13:21 +0000 2026,Maudy Ayunda harus baca ini sih,,25,,0,
https://x.com/Cherries_Wiz/status/2100758397457138010,Twitter/X,,,Fri Sep 18 01:26:46 +0000 2026,"@Smash1014314 Orang2 berang krn tau harusnya Maudy berbuat lebih dari itu, kek ""Haloo, lu Maudy Ayunda, alumnus LPDP jurusan public policy, dibiayain ama rakyat, tapi empati lu cuma sgini?",,25,,1,
https://x.com/GuruGL_ID/status/2100573434040475921,Twitter/X,,,Thu Sep 17 13:11:48 +0000 2026,"Habis Maudy Ayunda, terbitlah Childfree dan Mie Ayam.

Ya Allah... netizen pancen lucu2 poollll 🤣",,25,,0,
https://x.com/ToemisKangkoeng/status/2100767118384054698,Twitter/X,,,Fri Sep 18 02:01:26 +0000 2026,iq+ketidakpedulian+thermomix 25 juta = maudy ayunda,,25,,0,
https://x.com/menjalang/status/2100757835944792148,Twitter/X,,,Fri Sep 18 01:24:32 +0000 2026,boleh gak sih kita minta pin bbm nya maudy ayunda di kolom komen youtube nya?,,24,,0,
https://x.com/nuguyach/status/2100601665674203437,Twitter/X,,,Thu Sep 17 15:03:59 +0000 2026,"no misuh misuh, tp kalo gw jadi maudy ayunda malu bgtttt sampe mentok sih diginiin sesama awardee yg kuliahnya dibayarin pajak rakyat",,24,,0,
https://x.com/bloodyatreides/status/2100563113330545100,Twitter/X,,,Thu Sep 17 12:30:47 +0000 2026,@superinyu seperti maudy ayunda,,23,,0,
https://x.com/cibajuyut/status/2100762311480995865,Twitter/X,,,Fri Sep 18 01:42:19 +0000 2026,"""aku gk ngerti main twt"" ofc it's okayy🤗
""duh mana role modelku maudy ayunda"" ahh semoga gak demotivasi yaa🥺🤏🏻
""aku kmren jg vote 02 lagi"" YAHH KAMPRET, PANTESAN.",,23,,0,
https://x.com/F_Al_Haris_/status/2100633970778226776,Twitter/X,,,Thu Sep 17 17:12:21 +0000 2026,"@humaniesproject Gapapa, ga ada maudy ayunda juga disini kok

Gas aja min",,23,,0,
https://x.com/lullabwe/status/2100719217050087571,Twitter/X,,,Thu Sep 17 22:51:05 +0000 2026,"Salahnya Maudy Ayunda bikin konten gitu tanpa bersuara sama sekali ya?
Andai di sela2 ""bad news window"" dia juga bersuara barulah ga dihujat",,23,,0,
https://x.com/RPurnama37947/status/2100597869220946094,Twitter/X,,,Thu Sep 17 14:48:53 +0000 2026,"Maudy Ayunda memang ga punya rasa belas kasih. Bisa2nya dia live makan enak dan bergizi sementara saudara2nya di Indonesia bagian lain menderita lapar, kesakitan karena asap, trauma bencana alam. Miris sama moralnya yang nirempati. Kaum terpelajar tapi cacat moral @maudyayunda",,23,,0,
https://x.com/Sukaopini/status/2100590092402507891,Twitter/X,,,Thu Sep 17 14:17:59 +0000 2026,@picoIaser Maudy Ayunda nya lagi galau min,,23,,0,
https://x.com/elpichichiiiiii/status/2100627998001205257,Twitter/X,,,Thu Sep 17 16:48:37 +0000 2026,"@AlejandroAyubi Gpp bang, Allah deket bgt sama kita. Qobull dah. Spek maudy ayunda gpp kan ya 😁",,22,,0,
https://x.com/fiksionaris/status/2100633429155201147,Twitter/X,,,Thu Sep 17 17:10:12 +0000 2026,"sialan, gw banyak banget bawa-bawa maudy ayunda lagi di tulisan gw..",,22,,0,
https://x.com/hokiantea/status/2100395808650940531,Twitter/X,,,Thu Sep 17 01:25:58 +0000 2026,semoga dijauhkan dengan maudy ayunda,,22,,0,
https://x.com/roviko_rq/status/2100769677161169151,Twitter/X,,,Fri Sep 18 02:11:36 +0000 2026,"Syariat
Tarikat
Hakikat
Makrifat
Mindfulness

Di atas Al Ghozali dan El Rumi masih ada Maudy Ayunda
😇",,20,,0,
https://x.com/danisudegree/status/2100693576325955604,Twitter/X,,,Thu Sep 17 21:09:12 +0000 2026,@cosmiclovae kirain suaminya maudy ayunda,,19,,0,
https://x.com/urirupon/status/2100772005746540653,Twitter/X,,,Fri Sep 18 02:20:51 +0000 2026,@piyorerura ga nyangka kita sampe juga di arc seorang maudy ayunda dirujak netijin,,19,,0,
https://x.com/samcanpapi/status/2100775344454439205,Twitter/X,,,Fri Sep 18 02:34:07 +0000 2026,@imanuel_fl Suami Maudy Ayunda pas tau ternyata knetz dan indonetz savage nya 11-12: https://t.co/KeeBRVpu7m,,18,,0,
https://x.com/renjunphileeee/status/2100229320350609441,Twitter/X,,,Wed Sep 16 14:24:25 +0000 2026,Gue kalo jadi maudy ayunda milih pensiun dari dunia ini after baca kek gini😭 kalo ego sama gengsinya kaga kesentil sama tulisan ini emang udh jahat aja tu orang,,16,,0,
https://x.com/GagakSerak/status/2100780806058950804,Twitter/X,,,Fri Sep 18 02:55:49 +0000 2026,"Stoik ala Ferry Irwandi
Mindful ala Maudy Ayunda
Islam ala Prabowo
Duit ala kadarnya",,14,,0,
https://x.com/elpichichiiiiii/status/2100597486847213994,Twitter/X,,,Thu Sep 17 14:47:22 +0000 2026,@fitra_luth9801 Kek maudy ayunda mau gak bang ?,,13,,0,