captionText,postUrl,username
"Selamat pagi
Maudy ayunda bisi kurang mindfulnes mending lari aja ya. Gausah ngajak² orang yg lagi berjuang tiba² disuruh sabar atas keadaan yang dibuat sama danzo dkk wkwkwkwkkw",https://www.threads.com/@arrizkita/post/DdSSNkqEtiL,arrizkita
"I saw a comment that says:

“Maybe for you it’s just bad news. For others, it’s their reality.”

And that hits me so hard.",https://www.threads.com/@queenchaidy/post/DdQ9bfmmkGh,queenchaidy
Maudy ayunda could never,https://www.threads.com/@amaliazhafarina/post/DdSSGFmEqnM,amaliazhafarina
Orang-orang jahat saat mencoba mindfulness & menjadi penganut stoikisme ala Maudy Ayunda 🥰🥰,https://www.threads.com/@protomolekul/post/DdSSEkmkh1z,protomolekul
"Maudy Ayunda ga baca kritikan rang orang, karena dia lagi menjalankan “mindfulness” 🤪",https://www.threads.com/@cindyaesti/post/DdSSCrkj8q2,cindyaesti
"Aku bikin aturan buat diriku sendiri gabuka hp dr jam pulang kerja smpe pagi. Jd main hpnya kalo jam kerja aja. Alhamdulillah ternyata enak bgt, terpapar berita buruknya cm di jam tertentu doang. Dn di jam2 itu aku ttp ikutin dn dukung apa yg bsa aku dukung.

Apakah itu tone deaf? Menurutku sih engga ya. Jd aku ga relate klo Maudy Ayunda yg membatasi dirinya dr berita buruk diblg tonedeaf😅

Krna tiap org pnya cara buat melindungi dirinya sendiri",https://www.threads.com/@justaisy_/post/DdSR8tBEzPP,justaisy_
"Mungkin pas take video ini bagi Maudy sarapan pake toast dengan telor ceplok omega, cottage cheese dan avocado adalah sarapan sederhana, lalu fafifu wasweswos sambil ngomongin mindfulness bakal didukung warga nih. 

I mean, harga buah kaya alpukat aja udh mahal bgt bagi sebagian orang ye Maudyyy. Gimana mau mindfulllll?? Drpd beli alpukat sekilo mending beli beras, makannya pake indomie kenyang biar abis itu bisa nguli lagi. Yes HEALTHY food di negara kita ini MAHAL. Gaji UMR aja seiprit!",https://www.threads.com/@alvijoon/post/DdRYQ5DFBx7,alvijoon
"Makanya aku dari dulu nggk pernah tertarik ngikutin kehidupan pribadi artis atau influencer, ini aja aku bingung dari kemarin ngapain orang bahas maudy ayunda, setauku dia penyanyi",https://www.threads.com/@zizi1_7247/post/DdSR1xAAXTb,zizi1_7247
"Tiap buka medsos, ada aja berita yang bikin istighfar. Sekarang cuma bisa berdoa demi kebaikan negeri ini. Soalnya aku rakyat jelata, ga mungkin bisa mindfulness kaya Maudy Ayunda.",https://www.threads.com/@hi.mamhanna_/post/DdSR0J6kmR8,hi.mamhanna_
"Bahkan kalau kamu suka buku yang setelah selesai dibaca malah bikin kamu mikir berhari-hari, KAMU JUGA YANG AKU CARI. 😭📚 Aku nggak peduli kamu guru, murid, mahasiswa, pekerja, ibu rumah tangga, pencari kerja, atau orang biasa. Kalau kamu suka membaca dan suka belajar, kita satu frekuensi. 🥹📚 Dear Threads, tolong pertemukan aku dengan mereka. ❤️ POKOKNYA KALAU KAMU SUKA BUKU, MERAPAT SINI. 😭📚 👉 rofiatulmaos.com/buku #rofiatulmaos #pembacabuku #literasiindonesia #bukugratis #pecintabuku",https://www.threads.com/@rofiatulmaos/post/DdSRyvHEr1g,rofiatulmaos
DULU GUE PENGEN BANGET BIKIN AUDIOBOOK ATAU YOUTUBE YANG BAHAS BUKU. Kayak Kak Ferry Irwandi waktu bahas Animal Farm. Kak Maudy Ayunda yang sering banget ngomongin buku. Pak Anies yang juga sering membahas buku dan ide-ide menarik. Dan masih banyak YouTuber lainnya yang merangkum atau membahas inti dari sebuah buku. Gue lihat mereka bisa membuat buku jadi lebih menarik. Dalam hati gue: “Kayaknya seru juga kalau gue bikin yang kayak gitu.” 😆 Tapi masalahnya... GUE NGGAK PEDE. 😭,https://www.threads.com/@rofiatulmaos/post/DdSRyr4EqwJ,rofiatulmaos
"Begini loh intinya.
Orang2 itu expect more dari Maudy Ayunda..",https://www.threads.com/@rarasafiraz/post/DdSRyB6geXH,rarasafiraz
"Rame diperdebatkan soal pernyataan Maudy Ayunda tentang Mindfullness
Dengan membandingkan kondisi Maudy dengan orang yang ada di di tengah hutan terbakar
Kalo anda hanya seorang volunteer ikut terlibat memadamkan hutan terbakar sebaik nya mundur karena tempat itu sudah berbahaya kalo sudah tahu bahaya bagaimana anda bisa mengesampingkan perasaan ?Beda secara mental dengan petugas kebakaran yang secara mental sudah terlatih
Kalo anda sudah ketakutan dulu bagaimana bisa Mindfullness",https://www.threads.com/@ryanhairdresser/post/DdSRxevkjb0,ryanhairdresser
"Klasemen liga artis

1. Sherina
2.
3.
4.
5.
6.
..
1000. Maudy Ayunda",https://www.threads.com/@silmiluthfia/post/DdSRrt2k1gI,silmiluthfia
"Dan itu bikin aku semakin yakin: Mungkin pembaca Indonesia nggak sedikit. Kita cuma perlu lebih banyak tempat yang membuat mereka ingin membaca. Jadi, buat kamu yang suka buku... AKU MAU KETEMU KAMU. 😭📚 Mampir ke perpustakaan digitalku: 👉 rofiatulmaos.com/buku Di sana ada 200++++ ringkasan dan pembahasan buku yang bisa kamu jelajahi. Kalau kamu menemukan buku yang menarik, baca ringkasannya. Kalau semakin penasaran, beli dan baca buku aslinya. ❤️",https://www.threads.com/@rofiatulmaos/post/DdSRpsQkkmp,rofiatulmaos
"Dan kalau kamu mau membantu perjuangan kecil ini... share ke teman atau keluarga yang suka membaca. Biar aku nggak sendirian mencari para pembaca. 😭📚 Anak Pati sedang berjuang sendirian. Tapi ternyata, pembacanya nggak sendirian. 🇮🇩🌾📚 DULU GUE PENGEN BANGET BIKIN AUDIOBOOK ATAU YOUTUBE YANG BAHAS BUKU. Kayak Kak Ferry Irwandi waktu bahas Animal Farm. Kak Maudy Ayunda yang sering banget ngomongin buku. Pak Anies yang juga sering membahas buku dan ide-ide menarik.",https://www.threads.com/@rofiatulmaos/post/DdSRpOOEpSQ,rofiatulmaos
Maudy Ayunda memberikan klarifikasi dan menjawab kritikan netizen kepadanya atas unggahan video opininya soal tetap “mindfulness” di tengah berbagai berita buruk soal Indonesia beberapa waktu terakhir.,https://www.threads.com/@famedumptv/post/DdSRfWrga2n,famedumptv
"Udah si, dia masih mencari jati diri, karena masih bertanya-tanya, maudy ayu-nda? Ya nda tau, kok tanya saya.",https://www.threads.com/@aquilawilly/post/DdSRWnHE4wj,aquilawilly
mimpi makan burger SD yang dibungkus pake kertas abu2 dan isinya daging selembar itu lohhh aduh bm,https://www.threads.com/@maudyeffrosina/post/DdRAdMKo0o-,maudyeffrosina
"Ini yang lagi heboh itu katanya tone deaf itu bukan!?....owh itu maudy ayunda,maaf mungkin karena belum sarapan,yuuk!👇😋",https://www.threads.com/@pras23851/post/DdSRSYoExvy,pras23851
"basic human needs :
1. oxygen 
2. water
3. ganti presiden",https://www.threads.com/@brisha.dln/post/DdQbuMIE4ck,brisha.dln
cancel culture maudy ayunda,https://www.threads.com/@diodenot/post/DdSRKU5AZw1,diodenot
"baru tahu kalau ada ilmu kepekaan sosial😅 maaf saya manusia old, jd g update makul pendidikan sekarang🙏",https://www.threads.com/@nadhifah_s.p/post/DdRxqknAUZz,nadhifah_s.p
"Sebenernya dari aku SMA (karena aku masuk IPS) ini udah ada di pelajaran Sosiologi kak, ilmu kepekaan sosial itu emg ada. Tapi ya itu, kalau dalam prakteknya, masih banyak yg kesulitan untuk menerapkan kepekaan sosial. Dan org dengan kepintaran seperti Maudy Ayunda jg misalnya, belum tentu bisa nerapin itu di dunia sosial",https://www.threads.com/@kentangkejubakar/post/DdSRHlngR8d,kentangkejubakar
"Maudy Ayunda dikritik warganet kurang peka usai rilis konten mindfulness tentang bad news. Apa yang jadi persoalan dan disorot netizen dari konten Maudy? Baca selengkapnya di sini. 

(Prihatini Wahyuningtyas/Tirto.id)

#MultiFlash #MaudyAyunda #mindfulness #badnews",https://www.threads.com/@tirtoid/post/DdSRC7cAfT8,tirtoid
"Kita aja mungkin yg terlalu sensitif nanggepin Maudy Ayunda 

Ok siap! 
Maaf banget ya Kak, 
otak kami yg darurat literasi ini emang belum nyampe buat paham ilmu setinggi itu. 😭🙏

Kita emang kurang paham kalau konten edukasi itu sistemnya kayak outfit, 
kalau gak muat & gak relevan di badan kita yg lagi kelaparan, 

ya tinggal skip aja, 
simpel kan? 

Lagian netizen kok ya baperan banget, 
orang cuma bagi perspektif kok dibilang enggak empati.",https://www.threads.com/@fatur_daqu/post/DdSQ_r6Dk5r,fatur_daqu
"Maksud Mbak Maudy kan baik, kalau dunia lagi hancur, 
yg penting dunia kita sendiri tetep estetik & tenang.

Damai itu pilihan, 
Sis, 
makanya yuk tutup mata bareng2.",https://www.threads.com/@fatur_daqu/post/DdSRAzmDsha,fatur_daqu
"Kita aja mungkin yg terlalu sensitif nanggepin Maudy Ayunda 

Ok siap! 
Maaf banget ya Kak, 
otak kami yg darurat literasi ini emang belum nyampe buat paham ilmu setinggi itu. 😭🙏

Kita emang kurang paham kalau konten edukasi itu sistemnya kayak outfit, 
kalau gak muat & gak relevan di badan kita yg lagi kelaparan, 

ya tinggal skip aja, 
simpel kan? 

Lagian netizen kok ya baperan banget, 
orang cuma bagi perspektif kok dibilang enggak empati.",https://www.threads.com/@fatur_daqu/post/DdSQ_r6Dk5r,fatur_daqu
kemarin nadin amizah sekarang maudy ayunda,https://www.threads.com/@giardiss/post/DdSQ57TExYl,giardiss
maudy ga perna ngerasain mati lampu + mati air langsung keknya... mamam tuh batu bara sampe mokek,https://www.threads.com/@diodenot/post/DdSQ0eJgVZV,diodenot
ini gw ketinggalan berita apa.ada apa sama maudy ayunda.ada yg bisa jelasin,https://www.threads.com/@mademoiselle.lys/post/DdSQwaBEp5s,mademoiselle.lys
maudy ayunda pagi-pagi udah buat ane yapping di status wa.,https://www.threads.com/@vito_rachmawan/post/DdSQtV4EgL1,vito_rachmawan
"Selamat pagi
Maudy ayunda bisi kurang mindfulnes mending lari aja ya. Gausah ngajak² orang yg lagi berjuang tiba² disuruh sabar atas keadaan yang dibuat sama danzo dkk wkwkwkwkkw",https://www.threads.com/@arrizkita/post/DdSSNkqEtiL,arrizkita
"I saw a comment that says:

“Maybe for you it’s just bad news. For others, it’s their reality.”

And that hits me so hard.",https://www.threads.com/@queenchaidy/post/DdQ9bfmmkGh,queenchaidy
Maudy ayunda could never,https://www.threads.com/@amaliazhafarina/post/DdSSGFmEqnM,amaliazhafarina
Orang-orang jahat saat mencoba mindfulness & menjadi penganut stoikisme ala Maudy Ayunda 🥰🥰,https://www.threads.com/@protomolekul/post/DdSSEkmkh1z,protomolekul
"Maudy Ayunda ga baca kritikan rang orang, karena dia lagi menjalankan “mindfulness” 🤪",https://www.threads.com/@cindyaesti/post/DdSSCrkj8q2,cindyaesti
"Aku bikin aturan buat diriku sendiri gabuka hp dr jam pulang kerja smpe pagi. Jd main hpnya kalo jam kerja aja. Alhamdulillah ternyata enak bgt, terpapar berita buruknya cm di jam tertentu doang. Dn di jam2 itu aku ttp ikutin dn dukung apa yg bsa aku dukung.

Apakah itu tone deaf? Menurutku sih engga ya. Jd aku ga relate klo Maudy Ayunda yg membatasi dirinya dr berita buruk diblg tonedeaf😅

Krna tiap org pnya cara buat melindungi dirinya sendiri",https://www.threads.com/@justaisy_/post/DdSR8tBEzPP,justaisy_
"Mungkin pas take video ini bagi Maudy sarapan pake toast dengan telor ceplok omega, cottage cheese dan avocado adalah sarapan sederhana, lalu fafifu wasweswos sambil ngomongin mindfulness bakal didukung warga nih. 

I mean, harga buah kaya alpukat aja udh mahal bgt bagi sebagian orang ye Maudyyy. Gimana mau mindfulllll?? Drpd beli alpukat sekilo mending beli beras, makannya pake indomie kenyang biar abis itu bisa nguli lagi. Yes HEALTHY food di negara kita ini MAHAL. Gaji UMR aja seiprit!",https://www.threads.com/@alvijoon/post/DdRYQ5DFBx7,alvijoon
"Makanya aku dari dulu nggk pernah tertarik ngikutin kehidupan pribadi artis atau influencer, ini aja aku bingung dari kemarin ngapain orang bahas maudy ayunda, setauku dia penyanyi",https://www.threads.com/@zizi1_7247/post/DdSR1xAAXTb,zizi1_7247
"Tiap buka medsos, ada aja berita yang bikin istighfar. Sekarang cuma bisa berdoa demi kebaikan negeri ini. Soalnya aku rakyat jelata, ga mungkin bisa mindfulness kaya Maudy Ayunda.",https://www.threads.com/@hi.mamhanna_/post/DdSR0J6kmR8,hi.mamhanna_
"Bahkan kalau kamu suka buku yang setelah selesai dibaca malah bikin kamu mikir berhari-hari, KAMU JUGA YANG AKU CARI. 😭📚 Aku nggak peduli kamu guru, murid, mahasiswa, pekerja, ibu rumah tangga, pencari kerja, atau orang biasa. Kalau kamu suka membaca dan suka belajar, kita satu frekuensi. 🥹📚 Dear Threads, tolong pertemukan aku dengan mereka. ❤️ POKOKNYA KALAU KAMU SUKA BUKU, MERAPAT SINI. 😭📚 👉 rofiatulmaos.com/buku #rofiatulmaos #pembacabuku #literasiindonesia #bukugratis #pecintabuku",https://www.threads.com/@rofiatulmaos/post/DdSRyvHEr1g,rofiatulmaos
DULU GUE PENGEN BANGET BIKIN AUDIOBOOK ATAU YOUTUBE YANG BAHAS BUKU. Kayak Kak Ferry Irwandi waktu bahas Animal Farm. Kak Maudy Ayunda yang sering banget ngomongin buku. Pak Anies yang juga sering membahas buku dan ide-ide menarik. Dan masih banyak YouTuber lainnya yang merangkum atau membahas inti dari sebuah buku. Gue lihat mereka bisa membuat buku jadi lebih menarik. Dalam hati gue: “Kayaknya seru juga kalau gue bikin yang kayak gitu.” 😆 Tapi masalahnya... GUE NGGAK PEDE. 😭,https://www.threads.com/@rofiatulmaos/post/DdSRyr4EqwJ,rofiatulmaos
"Begini loh intinya.
Orang2 itu expect more dari Maudy Ayunda..",https://www.threads.com/@rarasafiraz/post/DdSRyB6geXH,rarasafiraz
"Terlepas dari berita Maudy Ayunda seperti itu, aku belajar dari konten youtube dia tentang rules satu jam setelah bangun tidur:

20 menit beribadah
20 menit baca buku
20 menit olahraga

Dan beberapa tahun belakangan ini aku juga menerapkan habit seperti ini dan dampaknya luar biasa. Kalau kamu udah menerapkan ini juga belum? Sharing dong 😁",https://www.threads.com/@drikurni/post/DdSQopgExCL,drikurni
"Bicara ttg mindfulness kalau di dunia komunikasi itu layaknya komunikasi yg asertif aja ya gaes

Jangan punya mental yg pasif, as in “Mana mungkin sih aku didengar, I’m just nobody”. Tapi juga bukan mental yg agresif, maksain pendapat kita yg paling benar & dominate the conversation 🫵🏽

Be assertive, bring your value dan ekpresikan dengan tenang. Tau kapan harus bersuara, kapan harus stop & listen. Karena suara kamu berharga!",https://www.threads.com/@firza.daud/post/DdSQjgiE_zK,firza.daud
"Maudy Ayunda is pretty, smart, and motivating.
But never forget that above all of that, she is filthy rich.

If this post seems positive, then either you're reading it wrong or you don't know what's happening right now.",https://www.threads.com/@ydnpri/post/DdSQjj0kjZJ,ydnpri
"THIS!!! LOUDER AND LOUDER!!!.
BANYAK HAL YG BISA KITA PETIK DARI KEJADIAN SEORANG MAUDY AYUNDA. INI BUKAN CUMA SOAL SEORANG PUBLIC FIGURE YG MEMILIH “CARI AMAN” KETIKA MENYENTUH ISU POLITIK.

INI TENTANG KITA.
TENTANG KEPEDULIAN KITA. TENTANG SEJAUH MANA KITA MAU PEDULI KETIKA NEGERI INI SDG MENGALAMI BEGITU BANYAK BAD NEWS !!. 

SELAMA INI KITA TERLALU SERING MENDENGAR : GUE GAK MAU STRES, GUE GAK MAU OVERWHELMED, GUE GAK MAU URUSAN SAMA POLITIK, SUARA AKTIVIS AJA GAK DIDENGAR, APALAGI GUE !!.",https://www.threads.com/@dani.j303/post/DdSQQlbk1Gt,dani.j303
"Mindfulness pas lagi tenang sih gampang, tapi pas bencana melanda di mana-mana? 🫣 Ramai netizen kritik tanggapan Maudy Ayunda yang dinilai out of touch sama realita korban bencana di lapangan. Menurut kalian, kurang empati atau gimana Coba diskusi di kolom komentar! 👇

#maudyayunda #mindfulness #beritaviral #netizenindonesia #bencanaindonesia",https://www.threads.com/@peaceofmind_._._/post/DdSQNyVkhNP,peaceofmind_._._
Gila banget ya warga threads kalo ngehujat ga main2,https://www.threads.com/@yohanniefandy/post/DdRhOUmD75O,yohanniefandy
"Org2 punya masalah hidup & belum bebas finansial 
Pastinya demen julid
Justru aku kasihan banget sama org2 julid
Kaya org stress & sakit jiwa
Hidup penuh masalah & banyak penderitaan di dunia nyata🤣
Udah banyak contohnya, hujat ebe martono,hujat nakes bpjs, hujat Maudy Ayunda
Jika hidup mereka bahagia, ga ada waktu untuk julid & ngurusin urusin orang lain
Udh thn 2026, bukan waktunya takut dgn org julid, tinggal blok, beres. Fitur blok adalah kelemahan terbesar org julid",https://www.threads.com/@teddybearyayfluffy/post/DdSQJQ7j0Ct,teddybearyayfluffy
This is how you be mindfulness,https://www.threads.com/@based.indo/post/DdRdcPHj-Vo,based.indo
"THIS!!! LOUDER AND LOUDER!!!.
BANYAK HAL YG BISA KITA PETIK DARI KEJADIAN SEORANG MAUDY AYUNDA. INI BUKAN CUMA SOAL SEORANG PUBLIC FIGURE YG MEMILIH “CARI AMAN” KETIKA MENYENTUH ISU POLITIK.

INI TENTANG KITA.
TENTANG KEPEDULIAN KITA. TENTANG SEJAUH MANA KITA MAU PEDULI KETIKA NEGERI INI SDG MENGALAMI BEGITU BANYAK BAD NEWS !!. 

SELAMA INI KITA TERLALU SERING MENDENGAR : GUE GAK MAU STRES, GUE GAK MAU OVERWHELMED, GUE GAK MAU U0RUSAN SAMA POLITIK, SUARA AKTIVIS AJA GAK DIDENGAR, APALAGI GUE !!.",https://www.threads.com/@dani.j303/post/DdSQIjzk2qm,dani.j303
"Maudy Ayunda tuh nggak tone deaf kok, hanya sudah nggak relevan aja...",https://www.threads.com/@lightness_of_being_92/post/DdSQAsUj6ae,lightness_of_being_92
MAUDY AYUNDA DIKULITIN SAMA NETIZEN DARI A—Z MAMPUS GILEEEEEEEE DARI BERBAGAI PERSPEKTIF KENAAAA LOOO! Ahhaahahaha,https://www.threads.com/@hilmial12/post/DdSPrUcE1bC,hilmial12
"Rame diperdebatkan soal pernyataan Maudy Ayunda tentang Mindfullness
Dengan membandingkan kondisi Maudy dengan orang yang ada di di tengah hutan terbakar
Kalo anda hanya seorang volunteer ikut terlibat memadamkan hutan terbakar sebaik nya mundur karena tempat itu sudah berbahaya kalo sudah tahu bahaya bagaimana anda bisa mengesampingkan perasaan ?Beda secara mental dengan petugas kebakaran yang secara mental sudah terlatih
Kalo anda sudah ketakutan dulu bagaimana bisa Mindfullness",https://www.threads.com/@ryanhairdresser/post/DdSRxevkjb0,ryanhairdresser
"Klasemen liga artis

1. Sherina
2.
3.
4.
5.
6.
..
1000. Maudy Ayunda",https://www.threads.com/@silmiluthfia/post/DdSRrt2k1gI,silmiluthfia
"Dan itu bikin aku semakin yakin: Mungkin pembaca Indonesia nggak sedikit. Kita cuma perlu lebih banyak tempat yang membuat mereka ingin membaca. Jadi, buat kamu yang suka buku... AKU MAU KETEMU KAMU. 😭📚 Mampir ke perpustakaan digitalku: 👉 rofiatulmaos.com/buku Di sana ada 200++++ ringkasan dan pembahasan buku yang bisa kamu jelajahi. Kalau kamu menemukan buku yang menarik, baca ringkasannya. Kalau semakin penasaran, beli dan baca buku aslinya. ❤️",https://www.threads.com/@rofiatulmaos/post/DdSRpsQkkmp,rofiatulmaos
"Dan kalau kamu mau membantu perjuangan kecil ini... share ke teman atau keluarga yang suka membaca. Biar aku nggak sendirian mencari para pembaca. 😭📚 Anak Pati sedang berjuang sendirian. Tapi ternyata, pembacanya nggak sendirian. 🇮🇩🌾📚 DULU GUE PENGEN BANGET BIKIN AUDIOBOOK ATAU YOUTUBE YANG BAHAS BUKU. Kayak Kak Ferry Irwandi waktu bahas Animal Farm. Kak Maudy Ayunda yang sering banget ngomongin buku. Pak Anies yang juga sering membahas buku dan ide-ide menarik.",https://www.threads.com/@rofiatulmaos/post/DdSRpOOEpSQ,rofiatulmaos
Maudy Ayunda memberikan klarifikasi dan menjawab kritikan netizen kepadanya atas unggahan video opininya soal tetap “mindfulness” di tengah berbagai berita buruk soal Indonesia beberapa waktu terakhir.,https://www.threads.com/@famedumptv/post/DdSRfWrga2n,famedumptv
"Udah si, dia masih mencari jati diri, karena masih bertanya-tanya, maudy ayu-nda? Ya nda tau, kok tanya saya.",https://www.threads.com/@aquilawilly/post/DdSRWnHE4wj,aquilawilly
mimpi makan burger SD yang dibungkus pake kertas abu2 dan isinya daging selembar itu lohhh aduh bm,https://www.threads.com/@maudyeffrosina/post/DdRAdMKo0o-,maudyeffrosina
"Ini yang lagi heboh itu katanya tone deaf itu bukan!?....owh itu maudy ayunda,maaf mungkin karena belum sarapan,yuuk!👇😋",https://www.threads.com/@pras23851/post/DdSRSYoExvy,pras23851
"basic human needs :
1. oxygen 
2. water
3. ganti presiden",https://www.threads.com/@brisha.dln/post/DdQbuMIE4ck,brisha.dln
cancel culture maudy ayunda,https://www.threads.com/@diodenot/post/DdSRKU5AZw1,diodenot
"baru tahu kalau ada ilmu kepekaan sosial😅 maaf saya manusia old, jd g update makul pendidikan sekarang🙏",https://www.threads.com/@nadhifah_s.p/post/DdRxqknAUZz,nadhifah_s.p
"Sebenernya dari aku SMA (karena aku masuk IPS) ini udah ada di pelajaran Sosiologi kak, ilmu kepekaan sosial itu emg ada. Tapi ya itu, kalau dalam prakteknya, masih banyak yg kesulitan untuk menerapkan kepekaan sosial. Dan org dengan kepintaran seperti Maudy Ayunda jg misalnya, belum tentu bisa nerapin itu di dunia sosial",https://www.threads.com/@kentangkejubakar/post/DdSRHlngR8d,kentangkejubakar
"Maudy Ayunda dikritik warganet kurang peka usai rilis konten mindfulness tentang bad news. Apa yang jadi persoalan dan disorot netizen dari konten Maudy? Baca selengkapnya di sini. 

(Prihatini Wahyuningtyas/Tirto.id)

#MultiFlash #MaudyAyunda #mindfulness #badnews",https://www.threads.com/@tirtoid/post/DdSRC7cAfT8,tirtoid
"Kita aja mungkin yg terlalu sensitif nanggepin Maudy Ayunda 

Ok siap! 
Maaf banget ya Kak, 
otak kami yg darurat literasi ini emang belum nyampe buat paham ilmu setinggi itu. 😭🙏

Kita emang kurang paham kalau konten edukasi itu sistemnya kayak outfit, 
kalau gak muat & gak relevan di badan kita yg lagi kelaparan, 

ya tinggal skip aja, 
simpel kan? 

Lagian netizen kok ya baperan banget, 
orang cuma bagi perspektif kok dibilang enggak empati.",https://www.threads.com/@fatur_daqu/post/DdSQ_r6Dk5r,fatur_daqu
"Maksud Mbak Maudy kan baik, kalau dunia lagi hancur, 
yg penting dunia kita sendiri tetep estetik & tenang.

Damai itu pilihan, 
Sis, 
makanya yuk tutup mata bareng2.",https://www.threads.com/@fatur_daqu/post/DdSRAzmDsha,fatur_daqu
"Kata aku teh, teteh2 yang jadi topik hangat pembicaraan seantero Indonesia ini musti baca buku “As Long As The Lemon Trees Grow”. ‘Menyadarkan diri’ tanpa menggurui, tanpa memaksa. Tapi amat melekat dan membekas di hati. 

Ketakutan yang lumrah, pelarian, dan penemuan diri dalam serah yang ikhlas jadi point menarik dari buku ini. Dan semua itu berkat tangan handal dari Zoulfa Katouh, sang penutur.",https://www.threads.com/@guyarssn_/post/DdSPkWCk5i3,guyarssn_
"Kagum banget sama Mbak
 @maudyayunda 

Selain pinter jalur akademis, ternyata pinter juga bikin orang se-Indonesia punya pemikiran & ketikan yg sama persis secara magis. 

Telepathy is real!

Indahnya kebersamaan. 
Melihat akun2  bersatu padu menggunakan satu hati, 
satu jiwa, & satu template teks yg sama demi membela sang idola. Terharu akutu. 

copy-paste,
amin.

Jam segini 

""kakak pembina"" 

pasti lagi pusing ngecekin link laporan.",https://www.threads.com/@fatur_daqu/post/DdSPjpBEtcX,fatur_daqu
"Kagum banget sama Mbak
 @maudyayunda 

Selain pinter jalur akademis, ternyata pinter juga bikin orang se-Indonesia punya pemikiran & ketikan yg sama persis secara magis. 

Telepathy is real!

Indahnya kebersamaan. 
Melihat akun2  bersatu padu menggunakan satu hati, 
satu jiwa, & satu template teks yg sama demi membela sang idola. Terharu akutu. 

copy-paste,
amin.

Jam segini 

""kakak pembina"" 

pasti lagi pusing ngecekin link laporan.",https://www.threads.com/@fatur_daqu/post/DdSPjpBEtcX,fatur_daqu
"Semangat ya Kak, 
demi sesuap nasi & demi nama baik Mbak Maudy yang harus tetap estetik & tanpa cela",https://www.threads.com/@fatur_daqu/post/DdSPjowEoXA,fatur_daqu
Ternyata seorang maudy ayunda pun pada akhirnya menggunakan buzzer. 😂,https://www.threads.com/@manisturkey/post/DdSPdrRE6qP,manisturkey
"Abis nonton YT maudy. Kayak nonton vicky prasetyo. Terlalu high pilihan verbs nya 😅 puyeng. Monmaap adek maudy ayunda, messagenya gak nyampe ke saya",https://www.threads.com/@re_tantri/post/DdSPZgMk2kn,re_tantri
"Ada kata-kata yang disebut dari Sayyidina Ali, isinya begini kira-kira: “Kalau kamu empati ketika melihat orang susah, berarti kamu orang baik. Kalau kamu terganggu pada orang susah, berarti kamu tak sedang baik-baik saja.”
@husein_hadar 🙏",https://www.threads.com/@ahn_yoona14/post/DdSPUjYk9F2,ahn_yoona14
"Thread tolong jangan munculkan lagi berita Maudy Ayunda di saya. Org yg komentar tentang Maudy Ayunda rata-rata pemarah, sumbu super pendek. Makasih🙏🤡",https://www.threads.com/@chaoticj0urnal/post/DdSPLsSkiT8,chaoticj0urnal
"Lulusan Oxford yg udh jelas2 pinter banget, krn ga sembarang orang yg bisa diterima di sana
Salah 1 kampus terbaik di dunia 
Top 3 selain Harvard & Cambridge aja masih pada berani julid loh
Yg julid juga, ga bakalan kuliah di salah satu top 3 kampus dunia yg kusebutin di atas.
Emang ga ada yg salah
Apalagi kita tau, dia ga pernah bikin skandal
Selalu tenar karna hal positif 
Netizen julid mau mencoba nyari celah kesalahan dia
Tapi sayangnya ga kena
Udah jelas banget, pada mau PANSOS sama Maudy",https://www.threads.com/@teddybearyayfluffy/post/DdRoCkZDxMa,teddybearyayfluffy
"perbandingan netizen julid vs Maudy Ayunda:
- si julid: miskin, 0 prestasi, 0 kekayaan, 0 kesuksesan 
-Yg dijulidin (Maudy Ayunda): tajir, sukses, prestasi udh pasti ada & banyak
Tapi org julid msh tdk menyadari perbedaan sejauh itu🤣
Komen negatif & kontra hadir bukan utk direspon & di ajak adu argumen, melainkan diblok. Org julid & kontra tdk berhak atas akses utk berkomentar dariku
Kemampuan finansial seseorang berpengaruh terhadap sikap, makanya org tajir tdk pernah sekomplek dgn org miskin",https://www.threads.com/@teddybearyayfluffy/post/DdSPDqNj5zP,teddybearyayfluffy
"temanya: mindfulness in the age of bad news by mbak maudy Ayunda.
krisis struktural mungkin cuma sebatas berita buruk di hp yang bisa diselesaikan lewat digital detox, namun kamu lupa ada batas yang sangat kontras antara sekedar berita buruk dan realita buruk, sebab masalahnya kita kadang bisa bicara nyaman sambil menyiapkan makanan sarapan tapi ada loh saudara kita yang tidak bisa, jika kamu terganggu dengan berita buruk, Mereka terganggu karena mengalami berita buruk.",https://www.threads.com/@_fadlyalfaris/post/DdSO_cgkkHa,_fadlyalfaris
"Selamat pagi
Maudy ayunda bisi kurang mindfulnes mending lari aja ya. Gausah ngajak² orang yg lagi berjuang tiba² disuruh sabar atas keadaan yang dibuat sama danzo dkk wkwkwkwkkw",https://www.threads.com/@arrizkita/post/DdSSNkqEtiL,arrizkita
"I saw a comment that says:

“Maybe for you it’s just bad news. For others, it’s their reality.”

And that hits me so hard.",https://www.threads.com/@queenchaidy/post/DdQ9bfmmkGh,queenchaidy
Maudy ayunda could never,https://www.threads.com/@amaliazhafarina/post/DdSSGFmEqnM,amaliazhafarina
Orang-orang jahat saat mencoba mindfulness & menjadi penganut stoikisme ala Maudy Ayunda 🥰🥰,https://www.threads.com/@protomolekul/post/DdSSEkmkh1z,protomolekul
"Maudy Ayunda ga baca kritikan rang orang, karena dia lagi menjalankan “mindfulness” 🤪",https://www.threads.com/@cindyaesti/post/DdSSCrkj8q2,cindyaesti
"Aku bikin aturan buat diriku sendiri gabuka hp dr jam pulang kerja smpe pagi. Jd main hpnya kalo jam kerja aja. Alhamdulillah ternyata enak bgt, terpapar berita buruknya cm di jam tertentu doang. Dn di jam2 itu aku ttp ikutin dn dukung apa yg bsa aku dukung.

Apakah itu tone deaf? Menurutku sih engga ya. Jd aku ga relate klo Maudy Ayunda yg membatasi dirinya dr berita buruk diblg tonedeaf😅

Krna tiap org pnya cara buat melindungi dirinya sendiri",https://www.threads.com/@justaisy_/post/DdSR8tBEzPP,justaisy_
"Mungkin pas take video ini bagi Maudy sarapan pake toast dengan telor ceplok omega, cottage cheese dan avocado adalah sarapan sederhana, lalu fafifu wasweswos sambil ngomongin mindfulness bakal didukung warga nih. 

I mean, harga buah kaya alpukat aja udh mahal bgt bagi sebagian orang ye Maudyyy. Gimana mau mindfulllll?? Drpd beli alpukat sekilo mending beli beras, makannya pake indomie kenyang biar abis itu bisa nguli lagi. Yes HEALTHY food di negara kita ini MAHAL. Gaji UMR aja seiprit!",https://www.threads.com/@alvijoon/post/DdRYQ5DFBx7,alvijoon
"Makanya aku dari dulu nggk pernah tertarik ngikutin kehidupan pribadi artis atau influencer, ini aja aku bingung dari kemarin ngapain orang bahas maudy ayunda, setauku dia penyanyi",https://www.threads.com/@zizi1_7247/post/DdSR1xAAXTb,zizi1_7247
"Tiap buka medsos, ada aja berita yang bikin istighfar. Sekarang cuma bisa berdoa demi kebaikan negeri ini. Soalnya aku rakyat jelata, ga mungkin bisa mindfulness kaya Maudy Ayunda.",https://www.threads.com/@hi.mamhanna_/post/DdSR0J6kmR8,hi.mamhanna_
"Bahkan kalau kamu suka buku yang setelah selesai dibaca malah bikin kamu mikir berhari-hari, KAMU JUGA YANG AKU CARI. 😭📚 Aku nggak peduli kamu guru, murid, mahasiswa, pekerja, ibu rumah tangga, pencari kerja, atau orang biasa. Kalau kamu suka membaca dan suka belajar, kita satu frekuensi. 🥹📚 Dear Threads, tolong pertemukan aku dengan mereka. ❤️ POKOKNYA KALAU KAMU SUKA BUKU, MERAPAT SINI. 😭📚 👉 rofiatulmaos.com/buku #rofiatulmaos #pembacabuku #literasiindonesia #bukugratis #pecintabuku",https://www.threads.com/@rofiatulmaos/post/DdSRyvHEr1g,rofiatulmaos
DULU GUE PENGEN BANGET BIKIN AUDIOBOOK ATAU YOUTUBE YANG BAHAS BUKU. Kayak Kak Ferry Irwandi waktu bahas Animal Farm. Kak Maudy Ayunda yang sering banget ngomongin buku. Pak Anies yang juga sering membahas buku dan ide-ide menarik. Dan masih banyak YouTuber lainnya yang merangkum atau membahas inti dari sebuah buku. Gue lihat mereka bisa membuat buku jadi lebih menarik. Dalam hati gue: “Kayaknya seru juga kalau gue bikin yang kayak gitu.” 😆 Tapi masalahnya... GUE NGGAK PEDE. 😭,https://www.threads.com/@rofiatulmaos/post/DdSRyr4EqwJ,rofiatulmaos
"Begini loh intinya.
Orang2 itu expect more dari Maudy Ayunda..",https://www.threads.com/@rarasafiraz/post/DdSRyB6geXH,rarasafiraz
"Rame diperdebatkan soal pernyataan Maudy Ayunda tentang Mindfullness
Dengan membandingkan kondisi Maudy dengan orang yang ada di di tengah hutan terbakar
Kalo anda hanya seorang volunteer ikut terlibat memadamkan hutan terbakar sebaik nya mundur karena tempat itu sudah berbahaya kalo sudah tahu bahaya bagaimana anda bisa mengesampingkan perasaan ?Beda secara mental dengan petugas kebakaran yang secara mental sudah terlatih
Kalo anda sudah ketakutan dulu bagaimana bisa Mindfullness",https://www.threads.com/@ryanhairdresser/post/DdSRxevkjb0,ryanhairdresser
"Klasemen liga artis

1. Sherina
2.
3.
4.
5.
6.
..
1000. Maudy Ayunda",https://www.threads.com/@silmiluthfia/post/DdSRrt2k1gI,silmiluthfia
"Dan itu bikin aku semakin yakin: Mungkin pembaca Indonesia nggak sedikit. Kita cuma perlu lebih banyak tempat yang membuat mereka ingin membaca. Jadi, buat kamu yang suka buku... AKU MAU KETEMU KAMU. 😭📚 Mampir ke perpustakaan digitalku: 👉 rofiatulmaos.com/buku Di sana ada 200++++ ringkasan dan pembahasan buku yang bisa kamu jelajahi. Kalau kamu menemukan buku yang menarik, baca ringkasannya. Kalau semakin penasaran, beli dan baca buku aslinya. ❤️",https://www.threads.com/@rofiatulmaos/post/DdSRpsQkkmp,rofiatulmaos
"Dan kalau kamu mau membantu perjuangan kecil ini... share ke teman atau keluarga yang suka membaca. Biar aku nggak sendirian mencari para pembaca. 😭📚 Anak Pati sedang berjuang sendirian. Tapi ternyata, pembacanya nggak sendirian. 🇮🇩🌾📚 DULU GUE PENGEN BANGET BIKIN AUDIOBOOK ATAU YOUTUBE YANG BAHAS BUKU. Kayak Kak Ferry Irwandi waktu bahas Animal Farm. Kak Maudy Ayunda yang sering banget ngomongin buku. Pak Anies yang juga sering membahas buku dan ide-ide menarik.",https://www.threads.com/@rofiatulmaos/post/DdSRpOOEpSQ,rofiatulmaos
Maudy Ayunda memberikan klarifikasi dan menjawab kritikan netizen kepadanya atas unggahan video opininya soal tetap “mindfulness” di tengah berbagai berita buruk soal Indonesia beberapa waktu terakhir.,https://www.threads.com/@famedumptv/post/DdSRfWrga2n,famedumptv
"Udah si, dia masih mencari jati diri, karena masih bertanya-tanya, maudy ayu-nda? Ya nda tau, kok tanya saya.",https://www.threads.com/@aquilawilly/post/DdSRWnHE4wj,aquilawilly
mimpi makan burger SD yang dibungkus pake kertas abu2 dan isinya daging selembar itu lohhh aduh bm,https://www.threads.com/@maudyeffrosina/post/DdRAdMKo0o-,maudyeffrosina
"Ini yang lagi heboh itu katanya tone deaf itu bukan!?....owh itu maudy ayunda,maaf mungkin karena belum sarapan,yuuk!👇😋",https://www.threads.com/@pras23851/post/DdSRSYoExvy,pras23851
"basic human needs :
1. oxygen 
2. water
3. ganti presiden",https://www.threads.com/@brisha.dln/post/DdQbuMIE4ck,brisha.dln
cancel culture maudy ayunda,https://www.threads.com/@diodenot/post/DdSRKU5AZw1,diodenot
"baru tahu kalau ada ilmu kepekaan sosial😅 maaf saya manusia old, jd g update makul pendidikan sekarang🙏",https://www.threads.com/@nadhifah_s.p/post/DdRxqknAUZz,nadhifah_s.p
"Sebenernya dari aku SMA (karena aku masuk IPS) ini udah ada di pelajaran Sosiologi kak, ilmu kepekaan sosial itu emg ada. Tapi ya itu, kalau dalam prakteknya, masih banyak yg kesulitan untuk menerapkan kepekaan sosial. Dan org dengan kepintaran seperti Maudy Ayunda jg misalnya, belum tentu bisa nerapin itu di dunia sosial",https://www.threads.com/@kentangkejubakar/post/DdSRHlngR8d,kentangkejubakar
"Maudy Ayunda dikritik warganet kurang peka usai rilis konten mindfulness tentang bad news. Apa yang jadi persoalan dan disorot netizen dari konten Maudy? Baca selengkapnya di sini. 

(Prihatini Wahyuningtyas/Tirto.id)

#MultiFlash #MaudyAyunda #mindfulness #badnews",https://www.threads.com/@tirtoid/post/DdSRC7cAfT8,tirtoid
"Kita aja mungkin yg terlalu sensitif nanggepin Maudy Ayunda 

Ok siap! 
Maaf banget ya Kak, 
otak kami yg darurat literasi ini emang belum nyampe buat paham ilmu setinggi itu. 😭🙏

Kita emang kurang paham kalau konten edukasi itu sistemnya kayak outfit, 
kalau gak muat & gak relevan di badan kita yg lagi kelaparan, 

ya tinggal skip aja, 
simpel kan? 

Lagian netizen kok ya baperan banget, 
orang cuma bagi perspektif kok dibilang enggak empati.",https://www.threads.com/@fatur_daqu/post/DdSQ_r6Dk5r,fatur_daqu
"Maksud Mbak Maudy kan baik, kalau dunia lagi hancur, 
yg penting dunia kita sendiri tetep estetik & tenang.

Damai itu pilihan, 
Sis, 
makanya yuk tutup mata bareng2.",https://www.threads.com/@fatur_daqu/post/DdSRAzmDsha,fatur_daqu
"Saya seneng sama konten nya maudy ayunda yang lagi rame sekarang, karna saya sepemikiran dengan maudy dan saya juga orang gak punya empaty, biasa aja liat orang susah, dan liat orang susah kaya yang yaudah itu derita lo ngapain gua harus repot gitu. Pasti kalian yang baca utas ini kesal dan marah kan? Kalian gak boleh marah saya gak suka di debat dan saya merasa selalu benar gak pernah salah",https://www.threads.com/@buburtanpakuah/post/DdSOzx-kra0,buburtanpakuah
Maudy Ayunda rame kenapa guys? Help infoin aja dong. Kaya uda dar der dor banget ga bisa diem dulu sebentar apa ini socmed. 😭,https://www.threads.com/@edwisetya/post/DdOQa-xDxfT,edwisetya
@meta.ai kenapa maudy ayunda?,https://www.threads.com/@ssukasuka_ku/post/DdSOzkun7IE,ssukasuka_ku
"Iya memang ga bisa kak.. ga bisa mindfulness sambil ngerasain semua penderitaan yg kakak sebutin itu. 
FYI, saya juga ga mengidolakan Maudy Ayunda. 
Kalo kakaknya ga mau stress dan sakit hati saran saya ikutin saran Maudy Ayunda untuk mengurangi konsumsi konten2 yg bahas tentang Maudy Ayunda biar makin tenang (mindful).
Karna dgn kakak ngajak debat org justru makin stres dan marah.",https://www.threads.com/@harry.bood/post/DdRngkACeGP,harry.bood
"statement maudy ayunda bikin sakit hati yg kena bencana, sudah bener diam2 aja selama ini (maudy ayunda) sekalinya ngomong malah bikin perdebatan",https://www.threads.com/@irasmnr/post/DdSOeZOEz01,irasmnr
"Maudy Ayunda ngasih tips tidur nyenyak di rumah yang atapnya bocor, lantainya retak, kamar mandi menggenang, dapur pakai Minyakita.",https://www.threads.com/@paramuda/post/DdSOKw8k83A,paramuda
"Dear Maudy Ayunda, kalau kamu emang memahami filosofi Stoicism, harusnya kamu juga bisa menahan diri utk ga yapping mindfulness di tengah keadaan ekonomi yg lagi kacau balau, banyak korban MBG berjatuhan, asap karhutla yg udah di level beracun, dan bencana alam di mana-mana. Km baca berita kan?

Being mindful is ok, but when it comes to political issues and people out there are suffering, kita bisa memilih utk marah dan bersuara. 

Bad news are not just bad news, Mod. People are living with it.",https://www.threads.com/@flonoviadinda/post/DdSOD0oE649,flonoviadinda
Jenis roti yang dimakan Maudy Ayunda di video apa ya? Di warung madura ada nggak ya?,https://www.threads.com/@infoboga.jkt/post/DdSN3Pek5O5,infoboga.jkt
"Lol this comment is problematic af. I’ve been living in NYC and I can confidently say, mau di NYC or Indonesia video dia akan tetap mendapatkan mixed reactions seperti di Indonesia. Even worse. 

Basically video dia ini topicnya bagus & mungkin intentionnya baik but wrong timing & scenario. That’s it. 

Not to mention dia mengucapkan ini dari kenyamanan privileges yg dia punya & dari posisi dia sebagai public figure. Ya sangat expected dia digoreng khalayak ramai.",https://www.threads.com/@tbnainggolan/post/DdRwHchk7bB,tbnainggolan
"yep no good intention behind his comment lol, hanya memandang rendah manusia lain dengan menyalahkan orang yang gak ""sepemikiran"" dengan Maudy Ayunda. 

Dari dulu heran kenapa sih manusia manusia privileged ini, for example maudy ayunda, putri tanjung, ryu kintaro, kebelet banget ngajarin orang dan jadi motivator. 😁 validasi apa yang dicari",https://www.threads.com/@tarunaaldan/post/DdSNkkaE5CR,tarunaaldan
"Buka sosmed hari ini langsung diterjang berita menarik : 
1. Maudy Ayunda dibilang tone deaf sama netizen 
2. Pak Purbaya dicopot pas rapat 
Cuss otw ke sumber beritanya..",https://www.threads.com/@syarifani89/post/DdSNjFSktvc,syarifani89
"Ya Allah ini Maudy bayar buzzer kah buat defend dia? 🤣🤣🤣 narasinya sama semua, iyuhhh",https://www.threads.com/@bibblebingung/post/DdRLV79GNlx,bibblebingung
Wkwkk udah di tahap Maudy Ayunda make buzzer 😙,https://www.threads.com/@sunn_yafternoon/post/DdSNh2Mkvem,sunn_yafternoon
"bayangin orang secakep Maudy Ayunda, sepinter Maudy Ayunda tapi tone deaf. kalah sama orang-orang jelek yang gak tone deaf☺️",https://www.threads.com/@pamellacitra/post/DdQ5work17N,pamellacitra
"Si Jepri nichol nu rada alus mah... Berita negatif wae sekalina posting jadi warrior haha @jefrinichol 

Jepri Nichol > Maudy Ayunda

Apa itu reputasi 🤣🤣🤣",https://www.threads.com/@silmiluthfia/post/DdSNgnsk_Zt,silmiluthfia
"Secara ilmu psikologi, apa yang dikatakan Maudy Ayunda benar.
Secara ilmu kepekaan sosial, apa yang dilakukan Maudy Ayunda tidak bisa dibenarkan.
Paham ya sampe sini.",https://www.threads.com/@jacquel.azr/post/DdRQWpjlJLe,jacquel.azr
Kalau ada yg ga agree dgn statement saya ya gpp. Saya rugi juga dan ga akan berdebat. Dan Maudy Ayunda melemparkan sesuatu ke ranah publik harusnya beliau juga tau akan ada pro dan kontra.,https://www.threads.com/@jacquel.azr/post/DdSNLyVkj_1,jacquel.azr
@meta.ai bagaimana menurutmu si kakak Maudy Ayunda yang lagi ramai ini.,https://www.threads.com/@oetan.kayoe/post/DdSNIgxk_W2,oetan.kayoe
Gak pernah terlintas di pikiran gw seorang maudy ayunda bakal kena cancel,https://www.threads.com/@ridhaarizky/post/DdSM3Pmklv0,ridhaarizky
"Jujur gue ngga relate kalo orang bilang gue iri dengki ke Maudy Ayunda after her video. Here i am, being honest: gue bahkan ngga di Indo, kualitas udara di kota gue tinggal relatif baik2 aja, pajak dikelola semaksimal mungkin (anak gue makan di kantin gratis kaga keracunan). BUT I KNOW, i dont have to brag those privileges i have. Gue gak mungkin ujug2 bilang “nikmatin hidup gesss, mumpung udara cerah banget niyyy di perencong” di tengah panasnya isu karhutla ini.",https://www.threads.com/@delightedbambi/post/DdSMqXTCInJ,delightedbambi
"Hai kakak kakak makassar, saya lagi cari Muse makeup untuk besok. (No fee)
Makan dan minum di sediakan.
Kalau tertarik boleh komen atau Dm yah💄✨ 
Daerah Hartaco, dg tata dan sekitarnya",https://www.threads.com/@dillsshh_makeup/post/DdRNVftmV5U,dillsshh_makeup
"halo kak, saya bisa nih kak, sayangnya banyak inperfesion di muka, tenang kak, saya mirip maudy ayunda jadi lumayan cakep",https://www.threads.com/@hnihnyn/post/DdSMjuHE-yx,hnihnyn
"Hidup penuh privilege itu NYATA. Cantik, kaya, kuliah di luar negeri, jago bahasa asing dan nilai akademisnya bagus itu adalah pengantar untuk bisa punya privilege. Jadi kalo ternyata ada sedikit kekuranganmu itu bisa tertutupi karena kamu CANTIK, karena kamu jago bahasa asing, karena kamu kuliah di luar negeri atau bahkan karena nilai akademis kamu bagus. 

Dan dalam kisah si Mba CANTIK ini privilege itu NYATA.",https://www.threads.com/@samsiahbestay/post/DdSMddgk3yc,samsiahbestay
"Bilang aja gabisa.
Lu sadar gasih kata2 pertama lu td udh arah judgement",https://www.threads.com/@nisaernof/post/DdSJPcdk-od,nisaernof
"Gw judgemental? Dari awal pertanyaan gw simpel loh:

""emang apaan kontribusinya Maudy Ayunda? 
berhasil nguatin kurs 1 USD jadi IDR 6000 kah?""

Mana bagian dari kalimat ini yang judgmental? Kan tinggal dijawab toh. Nanya bukti kok dibilang ngejudge?

Yang justru ngejudge si pembuat utas.

""Apakah kontribusimu sudah lebih besar daripada Maudy Ayunda? Pastinya tidak.""

Dia ngejudge ""PASTINYA TIDAK"" loh. Dia memastikan TIDAK.

Paham bedanya mana yg ""judgemental statement"" dan ""sarkasme"" ga sih?",https://www.threads.com/@luxinextinguibilitatis/post/DdSMJzIE_ac,luxinextinguibilitatis
"Yang kemarin gercep banget nyindir Maudy Ayunda, sekarang nggak ada komen apapun soal Purbaya?",https://www.threads.com/@belprop00/post/DdSL-5ME6Cr,belprop00
"Kita aja mungkin yg terlalu sensitif nanggepin Maudy Ayunda 

Ok siap! 
Maaf banget ya Kak, 
otak kami yg darurat literasi ini emang belum nyampe buat paham ilmu setinggi itu. 😭🙏

Kita emang kurang paham kalau konten edukasi itu sistemnya kayak outfit, 
kalau gak muat & gak relevan di badan kita yg lagi kelaparan, 

ya tinggal skip aja, 
simpel kan? 

Lagian netizen kok ya baperan banget, 
orang cuma bagi perspektif kok dibilang enggak empati.",https://www.threads.com/@fatur_daqu/post/DdSQ_r6Dk5r,fatur_daqu
kemarin nadin amizah sekarang maudy ayunda,https://www.threads.com/@giardiss/post/DdSQ57TExYl,giardiss
maudy ga perna ngerasain mati lampu + mati air langsung keknya... mamam tuh batu bara sampe mokek,https://www.threads.com/@diodenot/post/DdSQ0eJgVZV,diodenot
ini gw ketinggalan berita apa.ada apa sama maudy ayunda.ada yg bisa jelasin,https://www.threads.com/@mademoiselle.lys/post/DdSQwaBEp5s,mademoiselle.lys
maudy ayunda pagi-pagi udah buat ane yapping di status wa.,https://www.threads.com/@vito_rachmawan/post/DdSQtV4EgL1,vito_rachmawan
"Terlepas dari berita Maudy Ayunda seperti itu, aku belajar dari konten youtube dia tentang rules satu jam setelah bangun tidur:

20 menit beribadah
20 menit baca buku
20 menit olahraga

Dan beberapa tahun belakangan ini aku juga menerapkan habit seperti ini dan dampaknya luar biasa. Kalau kamu udah menerapkan ini juga belum? Sharing dong 😁",https://www.threads.com/@drikurni/post/DdSQopgExCL,drikurni
"Bicara ttg mindfulness kalau di dunia komunikasi itu layaknya komunikasi yg asertif aja ya gaes

Jangan punya mental yg pasif, as in “Mana mungkin sih aku didengar, I’m just nobody”. Tapi juga bukan mental yg agresif, maksain pendapat kita yg paling benar & dominate the conversation 🫵🏽

Be assertive, bring your value dan ekpresikan dengan tenang. Tau kapan harus bersuara, kapan harus stop & listen. Karena suara kamu berharga!",https://www.threads.com/@firza.daud/post/DdSQjgiE_zK,firza.daud
"Maudy Ayunda is pretty, smart, and motivating.
But never forget that above all of that, she is filthy rich.

If this post seems positive, then either you're reading it wrong or you don't know what's happening right now.",https://www.threads.com/@ydnpri/post/DdSQjj0kjZJ,ydnpri
"Tragis ! SEKELAS MENTRI aja diperlakukan kaya gini, Apalagi Rakyat Jelata yg jd korban BENCANA / Korban keracunan MBG 🤔

GIMANA MENURUT WARGA THREAD??",https://www.threads.com/@awl_purnama/post/DdSN7Ikk3Bo,awl_purnama
Liat berita yg seperti ini yg bikin merasa Maudy Ayunda ada benernya jg,https://www.threads.com/@akhpallevi/post/DdSQTErE3Cu,akhpallevi
"THIS!!! LOUDER AND LOUDER!!!.
BANYAK HAL YG BISA KITA PETIK DARI KEJADIAN SEORANG MAUDY AYUNDA. INI BUKAN CUMA SOAL SEORANG PUBLIC FIGURE YG MEMILIH “CARI AMAN” KETIKA MENYENTUH ISU POLITIK.

INI TENTANG KITA.
TENTANG KEPEDULIAN KITA. TENTANG SEJAUH MANA KITA MAU PEDULI KETIKA NEGERI INI SDG MENGALAMI BEGITU BANYAK BAD NEWS !!. 

SELAMA INI KITA TERLALU SERING MENDENGAR : GUE GAK MAU STRES, GUE GAK MAU OVERWHELMED, GUE GAK MAU URUSAN SAMA POLITIK, SUARA AKTIVIS AJA GAK DIDENGAR, APALAGI GUE !!.",https://www.threads.com/@dani.j303/post/DdSQQlbk1Gt,dani.j303
"Mau minta maaf sama Maudy Ayunda, karena isi Threads-ku: 90% bacotan gedebag-gedebug jadi WNI 10% hal-hal random lain. Maaf aku gak bisa mindfulness di tengah keadaan yang serba ngenes.",https://www.threads.com/@theophanneia/post/DdSL7I2ExDO,theophanneia
"no offense but maudy ayunda looks kinda similar to dede sunandar, if he got proper skincare treatment",https://www.threads.com/@mikhsanns/post/DdSLNKKEkIL,mikhsanns
"Tetaplah berisik soal kondisi Indonesia, meskipun Maudy Ayunda menyuarakan Mindfulness in the age of bad news.",https://www.threads.com/@nengbrilly/post/DdSLLm8EzW1,nengbrilly
"Kalian yang bully Maudy Ayunda, keliatan banget kalo cara pikir kalian masih binary. Yuk ngaca dulu yuk. Jangan salah fokus.",https://www.threads.com/@sofiacitrad/post/DdQ6gz5Cc4b,sofiacitrad
Dalam fase dimana Maudy Ayunda punya buzzer wkwkkw,https://www.threads.com/@jessierenata_w/post/DdSKGSZk9GO,jessierenata_w
Bayangin orang secakep ini dicancel sama orang-orang jelek,https://www.threads.com/@latecapt/post/DdQYhRqmQs1,latecapt
Maudy ayunda? Nda,https://www.threads.com/@papaaskar/post/DdSJ6LUk5w7,papaaskar
"Padahal bisa jadi masalahnya ada pada pembagian kerja, komunikasi, target yang tidak realistis, sistem evaluasi, atau bahkan desain pekerjaannya sejak awal. 

Mengganti “siapa” tanpa memperbaiki “apa” hanya akan membuat masalah yang sama muncul lagi dengan pelaku berbeda. 

Bayangkan ada lantai basah. Kalau sejak awal kita sibuk mencari siapa yang menumpahkan air, semua orang yang ada di rumah bisa dicurigai. Padahal setelah diperiksa, bisa jadi atapnya bocor, AC menetes, atau kulkas bermasalah.",https://www.threads.com/@m.faridmaricar/post/DdSJwblk36p,m.faridmaricar
"Kalau sumber masalahnya atap bocor, mengganti orang yang tinggal di rumah ya nggak menyelesaikan apa-apa. 

Menurut saya pola yang sama sering muncul dalam diskusi publik kita. 

Salah satu contohnya ketika ada pembahasan soal Maudy Ayunda belakangan ini. Yang aneh, orang justru fokus membicarakan person-nya. Maudy begini, Maudy begitu, dia punya privilege, dia terlalu ini, terlalu itu, harusnya begini, harusnya begitu.",https://www.threads.com/@m.faridmaricar/post/DdSJwXlE1mK,m.faridmaricar
"Lagi panas bahas maudy ayunda.
Disclaimer Ini hanya opiniku aja ya
Sebelum dibahas, baiknya kita tau dulu apa sih Minfulness itu? 
Kalo chat gpt bilang : Mindfulness adalah kemampuan untuk menyadari apa yang sedang terjadi saat ini—baik pikiran, perasaan, maupun keadaan tubuh—dengan penuh perhatian dan tanpa langsung menghakimi.
Sederhananya, mindfulness berarti hadir sepenuhnya di saat ini, bukan terus-menerus terjebak dalam penyesalan masa lalu atau kekhawatiran tentang masa depan.
Next",https://www.threads.com/@aisa.athaya/post/DdSJnrkEw9r,aisa.athaya
"Weii cemane kalau ternyate selama ini cara pikir prabowo tuh kek maudy, semue penderitaan yang warga alami nih cuma dianggap “bad news” same die🤯

Jadi semue penderitaan itu sepele, macam die merespon soal keracunan MBG jak dianggap itu cume 0,000 sekian persen kegagalan, tetap mindful 💆🏻‍♀️",https://www.threads.com/@maraksara/post/DdSI07uk_Si,maraksara
"Lagi nangis kepikiran binatang-binatang yang mati kebakar di Kalimantan. Anak-anak satwa yang dievakuasi tapi rumahnya udah nggak ada. Terus barusan lihat diver asing ngebunuh penyu di Raja Ampat. Manusia kenapa bisa sejahat itu sama makhluk yang bahkan nggak bisa membela dirinya? Kita bukan satu-satunya yang hidup di bumi ini. Kita cuma berbagi rumah. Harusnya karena kita punya akal dan kuasa lebih, kita yang paling bisa menjaga.",https://www.threads.com/@prillylatuconsina96/post/DdQsGA7kdes,prillylatuconsina96
Maudy Ayunda could never,https://www.threads.com/@crochettara_/post/DdSIjUHE_ua,crochettara_
Keadaan Indonesia before dan after nitizen cancel Maudy Ayunda.,https://www.threads.com/@latecapt/post/DdRU1RkmT8F,latecapt
Diajak mikir dikirain membela noh klean ribut2 maudy ayunda menkeu kita tw tw dicopot... Ga ada yg bela nih?,https://www.threads.com/@maaamika/post/DdSIUPXExdr,maaamika
Abang abang skena sama kok dengan maudy ayunda. Sama sama tone deaf & mindfulness🙌,https://www.threads.com/@iqbl.ph/post/DdSSXOPEn81,iqbl.ph
"Maaf bukannya membela Maudy Ayunda, kalau dia bener2 tone deaf kenapa sampai mendirikan Maudy Ayunda Foundation.",https://www.threads.com/@mbkrina390/post/DdQJBTOEw2y,mbkrina390
"Itu bukan inisiatif maudy ayunda, itu save the children punya. Mungkin dia dibayar semacam jadi BA untuk itu.",https://www.threads.com/@nurhasanah1001/post/DdSIEM0E0Q9,nurhasanah1001
Udah capek2 ngerepost kritikan untuk pemerintah. Udah donasi bencana alam tiba2 bgt dikomen tone deaf cuma karena gak ikut menghujat maudy ayunda 🙏😭,https://www.threads.com/@anatasia_vdes1290/post/DdRMYKCGs3I,anatasia_vdes1290
Padahal kenal juga kagak sama maudy ayunda 😆 cm tau gegara dia pernah main laskar pelangi,https://www.threads.com/@maaamika/post/DdSH4jNE5fo,maaamika
"Who actually started the thread about Maudy Ayunda’s mindfulness video? It’s kinda confusing because her video is super neutral, even leans positive. Maybe it’s all about perception and people getting triggered. And like any perception, there’ll always be those who agree, disagree, or just don’t care.
Anyway, hope we all stay mentally healthy, because mental health is priceless, guys 😉",https://www.threads.com/@3sixtybro/post/DdQH5N_AbYl,3sixtybro
Eh goblok. Kondisi lagi gini jangan bicara mindfullness kondisi maudy ayunda yang super duper nyaman banget jangan disamakan dengan rakyat jelata yang lagi morat-marit. Termasuk elu.,https://www.threads.com/@fuckyourfeelings1985/post/DdSHIifkyRm,fuckyourfeelings1985
"uan, maudy ayunda, aisar khaled",https://www.threads.com/@kaniadeewii_/post/DdSHHJKkzUs,kaniadeewii_
"Sampai detik ini ga ngeliat salahnya Maudy ..

Emang orang terlalu butt hurt aje",https://www.threads.com/@oktorairahadi/post/DdRWzXkmB7u,oktorairahadi
"Gak usah didengarin gess orang orang kayak gini. Mereka memang pada dasarnya GAK PUNYA EMPATI KARENA MEREKA GAK NGERASAIN APA YANG KITA RASAIN. TIDURNYA MASIH PAKAI KASUR EMPUK, makan telor omega, LISTRIK AIR AMAN. BBM DIBELIIN PAPA. Jadi gada gunanya ngeladenib orang kayak merrka dan maudy ayunda 🤪🤪🤪",https://www.threads.com/@putriiiiiyetti/post/DdSGizdkxNm,putriiiiiyetti
"Maudy ini seangkatan aku. Dulu, waktu dia keterima di univ pakai LPDP, teman-teman gw kagum kayak 'ini nih maudy cewek cakep pinter multitalen', cewek maupun cowok muji. Sementara aku nyeletuk 'lah, bukannya dia artis dan org mampu? Masa pakai beasiswa pemerintah?' aku dari dulu anti sama yg namanya KKN, benci aparatur negara yg suka seenak jidat menyalahgunakan kekuasaan. Dan mereka blg aku cuma iri karena gak bisa kayak MA.",https://www.threads.com/@cherylileon/post/DdRVFrYD5xq,cherylileon
"Maudy Ayunda is indeed tone deaf, ignorant. I totally agree. But watch out. LPDP is merit based scholarship. It was not meant for the poor (pardon my language) only. Meaning everyone from all economic backgrounds can apply. Let’s not get confused here.",https://www.threads.com/@jalanjalandg_/post/DdSGFKDk9xM,jalanjalandg_
Bayangin orang secakep ini dicancel sama orang-orang jelek,https://www.threads.com/@latecapt/post/DdQYhRqmQs1,latecapt
"Semua terlahir cantik, kecuali MAUDY AYUNDA dia SPECIALIST BUDEG",https://www.threads.com/@d_arryani/post/DdSF33GkzJK,d_arryani
untuk apa? untuk apa cinta tanpa pembuktian by maudy ayunda,https://www.threads.com/@818.t3qu1laa/post/DdSFAvDk90q,818.t3qu1laa
"Nah jadi kesentil lagi kan ya soal beasiswa LPDP berkat Maudy Ayunda yg dirasa gak pantes ngambil itu karena sedari kecil udah disekolahkan di sekolah mahal. Memang beasiswa LPDP tidak diperuntukkan untuk anak kurang mampu tapi ya kalau punya hati nurani, minimal ngasih kesempatan buat yang kurang mampu dalam hal finansial tapi berprestasi secara akademik. Gimana bisa terwujud pemerataan sosial? Bahasa kasarnya ""orkay dibiayai kuliah oleh orang miskin"". Ketimpangan & kesenjangan semakin nyata!!",https://www.threads.com/@hernsight/post/DdSEw5kE8k2,hernsight
"Artis atau public figure yang punya jutaan followers, tapi memilih diam dan tidak menggunakan platformnya untuk speak up atau membela rakyat ketika negara sedang chaos, dan artis-artis ini sangat tidak fantasssss di jadikan role model:
1. Raffi Ahmad
2. Nagita Slavina
3. Maudy Ayunda
4. Dian Sastrowardoyo
Yang lainnya isi sendiri.. 

Wait… artis yang paling aku suka dan sangat perduli rakyat dan masa depan anak-anak yaitu: Cinta Laura 🥰 @claurakiehl",https://www.threads.com/@itsrayayuri/post/DdSEjkWE2wq,itsrayayuri
"Maudy, ketolong banget nama lu buat dompleng brand, dengan nama gini performative level kakap. 

1% revenue dari last 30 days ALL PRODUCT REVENUE lu itu ga nyampe 10 juta. Ini dari Kalodata.com ya platform buat cek pendapatan brand di shopee & tiktok, bisa akses umum.

dan 1% ini BUKAN from ALL, yang disumbang HANYA DARI SELECTED IMPACT PRODUCTS artinya lebih kecil lagi.",https://www.threads.com/@bike.n.brunch/post/DdSEXlhk7z0,bike.n.brunch
Raja Juli enak bgt hidupnya. Bully yg dia alami ga separah bully yg diterima Maudy Ayunda. Kdg org2 kyk begini lucky bukan main. Ya mungkin istidraj.,https://www.threads.com/@rima.muryantina/post/DdSDf-BE-lf,rima.muryantina
"Baru selesai nonton video yt nya. Padahal jelas bgt maksud dia itu gimana. Bukannya mindfullness = nirempati/tone deaf. Tp bagaimana mencerna berita2 yg dikurasi dlm window2 tertentu aja, kalo ga stress cuy.

Banyak media bodong yg cuma bikin org tambah marah. Kl seharian setiap hari konsumsi berita yg negetif terus, it really created negativity in your life. Krn skrg video menghadapi situasi dgn mindfullness gini aja lgsg berubah jd negatif. Cobalah bercermin.",https://www.threads.com/@gandhifernando/post/DdP4HRzAWcm,gandhifernando
"pdhal statement nya sejelas dan sedetail ini tp knpa yg ditangkap malah bagian yang paling gampang di salahpahami dan di goreng sampe adu ekonomi, adu apa yg dia makan, apa yg dia dapat dari negara dan apa kontribusi dia untuk negara?! like guys…  she knows what she’s doing, she’s maudy ayunda.",https://www.threads.com/@fikanlm_/post/DdSDNuek8gR,fikanlm_
"Lah. Elu yg paling bacot hei. Gw org sumatera. Elu tinggal dimana? Nunjuk2 gw org ga ngalamin, gw lebih ngalemin dari elu. Ga usah ngajarin. Makanya, main2 kesini, biar ga idup di imajinasi khayalan yg lubangun lewat berita doang.",https://www.threads.com/@naeshaah/post/DdSCol8kz2_,naeshaah
"WKWWKKW MBAK NAPE LU MARAH2 SIH?? 🤣🤣🤣

kan lu nanya yaaa kenapa orang-orang sebel sama maudy ayunda, ya gw jawab lah yaaa..
sing eling mbak ngebelainnya, semangat 🤙🤙",https://www.threads.com/@sylvanats/post/DdSC4ebEwlv,sylvanats
"Dikit kak orang yg kayak gini, terlalu banyak yg FOMO, ada isu digoreng ngikut, orang beropini apa langsung diikutin, Maudy Ayunda segitu baik dan aktif donasi aja diserang mati2an, padahal yg nyerang ga ada kontribusinya seupil Maudy Ayunda",https://www.threads.com/@pikirsecaralogik4/post/DdQZ945kf9x,pikirsecaralogik4
"gak herankan kalau orang mudah kecewa sama satu figur, begitu juga sebaliknya, mudah sekali untuk glorifikasi. Sudah banyak nonton podcast Maudy ayunda, banyak opininya yang cocok, beberapa gak relate sama sekali, termasuk yang terbaru. Tapi itu saya anggap karena dia hidup di bubble yang berbeda dgn saya.",https://www.threads.com/@hokagemydream/post/DdSC1Byk9Gk,hokagemydream
"Kalian yang bully Maudy Ayunda, keliatan banget kalo cara pikir kalian masih binary. Yuk ngaca dulu yuk. Jangan salah fokus.",https://www.threads.com/@sofiacitrad/post/DdQ6gz5Cc4b,sofiacitrad
"Drtd seliweran narashit kek gini, ni Maudy Ayunda makek buzzer? Yg bener-bener ajeee wkwkwkwk",https://www.threads.com/@rnrcllns/post/DdSCuOeE5M7,rnrcllns
"maudy ayunda lo temenan gih sama ed sheeran, sama-sama apolitical mfs with the backbone of a paper straw 🤢",https://www.threads.com/@restyyyy/post/DdSCdwMDm2r,restyyyy
"Yang satu, sibuk turun tangan. Keringetan. Kepanasan. 

Yang satu, ""sibuk"" bikin video. Nyap-nyap ttg mindfulness sambil masak2 cantik di kitchen yg estetik dan adem. 
 
@maudyayunda , belajar gih sama @sherinamunaf . 

Klo gak punya waktu utk turun tangan, minimal punya empati woi. 

Gimana caranya orang2 di Kalimantan bisa praktekin teori ""mindfulness"" lu klo mau nafas aja kesusahan. 

Gregettttt asli !!!!",https://www.threads.com/@rickyprijaya/post/DdOllTeifTW,rickyprijaya
Heran yang mengidolakan Maudy Ayunda dengan cara berpikir segitunya,https://www.threads.com/@srj_laras/post/DdSCHj3E_3B,srj_laras
Abang abang skena sama kok dengan maudy ayunda. Sama sama tone deaf & mindfulness🙌,https://www.threads.com/@iqbl.ph/post/DdSSXOPEn81,iqbl.ph
"Mindfulness pas lagi tenang sih gampang, tapi pas bencana melanda di mana-mana? 🫣 Ramai netizen kritik tanggapan Maudy Ayunda yang dinilai out of touch sama realita korban bencana di lapangan. Menurut kalian, kurang empati atau gimana Coba diskusi di kolom komentar! 👇

#maudyayunda #mindfulness #beritaviral #netizenindonesia #bencanaindonesia",https://www.threads.com/@peaceofmind_._._/post/DdSQNyVkhNP,peaceofmind_._._
Gila banget ya warga threads kalo ngehujat ga main2,https://www.threads.com/@yohanniefandy/post/DdRhOUmD75O,yohanniefandy
"Org2 punya masalah hidup & belum bebas finansial 
Pastinya demen julid
Justru aku kasihan banget sama org2 julid
Kaya org stress & sakit jiwa
Hidup penuh masalah & banyak penderitaan di dunia nyata🤣
Udah banyak contohnya, hujat ebe martono,hujat nakes bpjs, hujat Maudy Ayunda
Jika hidup mereka bahagia, ga ada waktu untuk julid & ngurusin urusin orang lain
Udh thn 2026, bukan waktunya takut dgn org julid, tinggal blok, beres. Fitur blok adalah kelemahan terbesar org julid",https://www.threads.com/@teddybearyayfluffy/post/DdSQJQ7j0Ct,teddybearyayfluffy
This is how you be mindfulness,https://www.threads.com/@based.indo/post/DdRdcPHj-Vo,based.indo
"THIS!!! LOUDER AND LOUDER!!!.
BANYAK HAL YG BISA KITA PETIK DARI KEJADIAN SEORANG MAUDY AYUNDA. INI BUKAN CUMA SOAL SEORANG PUBLIC FIGURE YG MEMILIH “CARI AMAN” KETIKA MENYENTUH ISU POLITIK.

INI TENTANG KITA.
TENTANG KEPEDULIAN KITA. TENTANG SEJAUH MANA KITA MAU PEDULI KETIKA NEGERI INI SDG MENGALAMI BEGITU BANYAK BAD NEWS !!. 

SELAMA INI KITA TERLALU SERING MENDENGAR : GUE GAK MAU STRES, GUE GAK MAU OVERWHELMED, GUE GAK MAU U0RUSAN SAMA POLITIK, SUARA AKTIVIS AJA GAK DIDENGAR, APALAGI GUE !!.",https://www.threads.com/@dani.j303/post/DdSQIjzk2qm,dani.j303
"Maudy Ayunda tuh nggak tone deaf kok, hanya sudah nggak relevan aja...",https://www.threads.com/@lightness_of_being_92/post/DdSQAsUj6ae,lightness_of_being_92
MAUDY AYUNDA DIKULITIN SAMA NETIZEN DARI A—Z MAMPUS GILEEEEEEEE DARI BERBAGAI PERSPEKTIF KENAAAA LOOO! Ahhaahahaha,https://www.threads.com/@hilmial12/post/DdSPrUcE1bC,hilmial12
"Kata aku teh, teteh2 yang jadi topik hangat pembicaraan seantero Indonesia ini musti baca buku “As Long As The Lemon Trees Grow”. ‘Menyadarkan diri’ tanpa menggurui, tanpa memaksa. Tapi amat melekat dan membekas di hati. 

Ketakutan yang lumrah, pelarian, dan penemuan diri dalam serah yang ikhlas jadi point menarik dari buku ini. Dan semua itu berkat tangan handal dari Zoulfa Katouh, sang penutur.",https://www.threads.com/@guyarssn_/post/DdSPkWCk5i3,guyarssn_
"Kagum banget sama Mbak
 @maudyayunda 

Selain pinter jalur akademis, ternyata pinter juga bikin orang se-Indonesia punya pemikiran & ketikan yg sama persis secara magis. 

Telepathy is real!

Indahnya kebersamaan. 
Melihat akun2  bersatu padu menggunakan satu hati, 
satu jiwa, & satu template teks yg sama demi membela sang idola. Terharu akutu. 

copy-paste,
amin.

Jam segini 

""kakak pembina"" 

pasti lagi pusing ngecekin link laporan.",https://www.threads.com/@fatur_daqu/post/DdSPjpBEtcX,fatur_daqu
"Kagum banget sama Mbak
 @maudyayunda 

Selain pinter jalur akademis, ternyata pinter juga bikin orang se-Indonesia punya pemikiran & ketikan yg sama persis secara magis. 

Telepathy is real!

Indahnya kebersamaan. 
Melihat akun2  bersatu padu menggunakan satu hati, 
satu jiwa, & satu template teks yg sama demi membela sang idola. Terharu akutu. 

copy-paste,
amin.

Jam segini 

""kakak pembina"" 

pasti lagi pusing ngecekin link laporan.",https://www.threads.com/@fatur_daqu/post/DdSPjpBEtcX,fatur_daqu
"Semangat ya Kak, 
demi sesuap nasi & demi nama baik Mbak Maudy yang harus tetap estetik & tanpa cela",https://www.threads.com/@fatur_daqu/post/DdSPjowEoXA,fatur_daqu
Ternyata seorang maudy ayunda pun pada akhirnya menggunakan buzzer. 😂,https://www.threads.com/@manisturkey/post/DdSPdrRE6qP,manisturkey
"Abis nonton YT maudy. Kayak nonton vicky prasetyo. Terlalu high pilihan verbs nya 😅 puyeng. Monmaap adek maudy ayunda, messagenya gak nyampe ke saya",https://www.threads.com/@re_tantri/post/DdSPZgMk2kn,re_tantri
"Ada kata-kata yang disebut dari Sayyidina Ali, isinya begini kira-kira: “Kalau kamu empati ketika melihat orang susah, berarti kamu orang baik. Kalau kamu terganggu pada orang susah, berarti kamu tak sedang baik-baik saja.”
@husein_hadar 🙏",https://www.threads.com/@ahn_yoona14/post/DdSPUjYk9F2,ahn_yoona14
"Thread tolong jangan munculkan lagi berita Maudy Ayunda di saya. Org yg komentar tentang Maudy Ayunda rata-rata pemarah, sumbu super pendek. Makasih🙏🤡",https://www.threads.com/@chaoticj0urnal/post/DdSPLsSkiT8,chaoticj0urnal
"Lulusan Oxford yg udh jelas2 pinter banget, krn ga sembarang orang yg bisa diterima di sana
Salah 1 kampus terbaik di dunia 
Top 3 selain Harvard & Cambridge aja masih pada berani julid loh
Yg julid juga, ga bakalan kuliah di salah satu top 3 kampus dunia yg kusebutin di atas.
Emang ga ada yg salah
Apalagi kita tau, dia ga pernah bikin skandal
Selalu tenar karna hal positif 
Netizen julid mau mencoba nyari celah kesalahan dia
Tapi sayangnya ga kena
Udah jelas banget, pada mau PANSOS sama Maudy",https://www.threads.com/@teddybearyayfluffy/post/DdRoCkZDxMa,teddybearyayfluffy
"perbandingan netizen julid vs Maudy Ayunda:
- si julid: miskin, 0 prestasi, 0 kekayaan, 0 kesuksesan 
-Yg dijulidin (Maudy Ayunda): tajir, sukses, prestasi udh pasti ada & banyak
Tapi org julid msh tdk menyadari perbedaan sejauh itu🤣
Komen negatif & kontra hadir bukan utk direspon & di ajak adu argumen, melainkan diblok. Org julid & kontra tdk berhak atas akses utk berkomentar dariku
Kemampuan finansial seseorang berpengaruh terhadap sikap, makanya org tajir tdk pernah sekomplek dgn org miskin",https://www.threads.com/@teddybearyayfluffy/post/DdSPDqNj5zP,teddybearyayfluffy
"temanya: mindfulness in the age of bad news by mbak maudy Ayunda.
krisis struktural mungkin cuma sebatas berita buruk di hp yang bisa diselesaikan lewat digital detox, namun kamu lupa ada batas yang sangat kontras antara sekedar berita buruk dan realita buruk, sebab masalahnya kita kadang bisa bicara nyaman sambil menyiapkan makanan sarapan tapi ada loh saudara kita yang tidak bisa, jika kamu terganggu dengan berita buruk, Mereka terganggu karena mengalami berita buruk.",https://www.threads.com/@_fadlyalfaris/post/DdSO_cgkkHa,_fadlyalfaris
"Saya seneng sama konten nya maudy ayunda yang lagi rame sekarang, karna saya sepemikiran dengan maudy dan saya juga orang gak punya empaty, biasa aja liat orang susah, dan liat orang susah kaya yang yaudah itu derita lo ngapain gua harus repot gitu. Pasti kalian yang baca utas ini kesal dan marah kan? Kalian gak boleh marah saya gak suka di debat dan saya merasa selalu benar gak pernah salah",https://www.threads.com/@buburtanpakuah/post/DdSOzx-kra0,buburtanpakuah
Maudy Ayunda rame kenapa guys? Help infoin aja dong. Kaya uda dar der dor banget ga bisa diem dulu sebentar apa ini socmed. 😭,https://www.threads.com/@edwisetya/post/DdOQa-xDxfT,edwisetya
@meta.ai kenapa maudy ayunda?,https://www.threads.com/@ssukasuka_ku/post/DdSOzkun7IE,ssukasuka_ku
Cepat sekali pergeseran lempeng bumi dari Uan Kaisar ke Maudy Ayunda.,https://www.threads.com/@arandzruttu/post/DdSB8VKE_E5,arandzruttu
"Bagaimana pendapat kalian sendiri mengenai polemik ini—dan dimanakah batasan yang ideal antara menjaga kesehatan mental dan kewajiban kita untuk tetap peduli terhadap krisis sosial di sekitar kita?. 

Semoga Indonesia semakin baik, biar judul video nya dikemudian hari adalah ""good news from Indonesia""",https://www.threads.com/@aditya__wibisono/post/DdSBz0tEzSp,aditya__wibisono
"Sumber Referensi:
1. Kanal YouTube Maudy Ayunda: Video berjudul ""Mindfulness in the Age of Bad News""
2. Platform Media Sosial X (Twitter) dan Threads. 
3. Portal Berita & Media Pop Kultur Indonesia. 
 * Kompas.com 
 * Tribunnews (TribunWow & Tribun Sumsel)
 * Detik.com (Wolipop)
 * CNN Indonesia
 * Suara.com
 * CNBC Indonesia
 * Bloomberg Technoz
 * Langit7.id
 * The Phrase",https://www.threads.com/@aditya__wibisono/post/DdSB0dbk7Qv,aditya__wibisono
Dari 'Mindfulness' Berujung Minta Maaf: Kronologi Lengkap Polemik Video Maudy Ayunda 👇,https://www.threads.com/@aditya__wibisono/post/DdSBz2bk3QX,aditya__wibisono
"1/6.🧵 Awal Mula Konten Diunggah. 

Pada 21 Agustus 2026, Maudy Ayunda mengunggah sebuah video di kanal YouTube pribadinya dengan judul ""Mindfulness in the Age of Bad News"". Dalam video tersebut, ia menceritakan perasaan kewalahannya (overwhelmed) karena terus dibombardir oleh rentetan berita buruk dari dalam maupun luar negeri selama setahun terakhir.",https://www.threads.com/@aditya__wibisono/post/DdSB0bWk5Cm,aditya__wibisono
Ada gak denger presiden mengucapkan belasungakawa atas tenggelamnya kapal virgo?,https://www.threads.com/@febrizulkifli_/post/DdRJZ1QGamR,febrizulkifli_
Doi dah teredukasi sama maudy ayunda 🫨 wkwk,https://www.threads.com/@nevermindorbit/post/DdSBz8tE6YC,nevermindorbit
"Sebagai individu yang dibiayai oleh uang negara, ia diharapkan lebih vokal menyuarakan kepedulian terhadap isu riil bangsa, bukan malah menyarankan audiens untuk menjauh dari kenyataan.",https://www.threads.com/@aditya__wibisono/post/DdSBz19E6pl,aditya__wibisono
"5/6. Klarifikasi dan Permintaan Maaf. 

Merespons gelombang protes yang masif, Maudy Ayunda akhirnya buka suara dan menuliskan klarifikasi melalui kolom komentar di kanal YouTube-nya. Ia secara terbuka meminta maaf atas konten yang menuai polemik tersebut dan mengakui bahwa kemampuan untuk menjauh sejenak dari berita memang murni sebuah privilese yang tidak bisa dinikmati oleh semua orang.",https://www.threads.com/@aditya__wibisono/post/DdSBz2AE5td,aditya__wibisono
Dari 'Mindfulness' Berujung Minta Maaf: Kronologi Lengkap Polemik Video Maudy Ayunda 👇,https://www.threads.com/@aditya__wibisono/post/DdSBz2bk3QX,aditya__wibisono
"Dia ngomong gitu karena udah hidup nyaman, si paling mindfullness🫵🏻",https://www.threads.com/@elssaa_day/post/DdSBw4vE0fQ,elssaa_day
"Maudy Ayunda mungkin hanya salah membaca zaman.

Tapi masyarakat yang frustrasi tak selalu mencari kebenaran, mereka mencari seseorang untuk disalahkan. 

Ketika sistem terlalu besar untuk dilawan, manusia mencari satu wajah untuk menanggung dosa yang bukan miliknya. 

Hari ini, wajah itu adalah Maudy Ayunda. 

Ketika kita tak mampu menghancurkan sistem, kita menghancurkan seseorang yang kebetulan menyerupainya.

Dan setelah kemarahan selesai, dunia tetap sama.",https://www.threads.com/@requiemovsouls/post/DdSAY1jE66Z,requiemovsouls
Klasik tapi ampuh,https://www.threads.com/@bintangemon/post/DdQ7JNJjNI0,bintangemon
"Aduk-aduk. Walah, jadi deh... Maudy Ayunda ☕️",https://www.threads.com/@eveedesu/post/DdR_7r1kwiz,eveedesu
"unfollow publik figur yg bertahun tahun jadi inspirasi perihal edukasi, bye Maudy Ayunda",https://www.threads.com/@sllycinnamon_/post/DdR_zvBkwCV,sllycinnamon_
"Buka sosmed hari ini highlight-nya cuma dua: atlet yang kepising dan Maudy Ayunda. 

No comment ya soal yang kepising. 😂 Tapi soal Maudy, jujurly saya sebenarnya termasuk tipe yang adem dan anti provokasi. Cuma ya gimana… pemerintahan sekarang ada aja kasusnya. Kalau nggak bencana alam, ya “bencana” karena ulah manusia sendiri—macam kasus keracunan MBG dan lain-lain.

Jadi kadang bukan orangnya yang pengen ribut, beritanya aja yang nggak kasih kesempatan buat adem. 😭",https://www.threads.com/@iingmutt/post/DdR_pgPoF8E,iingmutt
"Yang lg rame soal Maudy Ayunda, jujur gue sebenrnya juga capek sih liat berita apalagi tahun-tahun ini gitu ya. Seperti berita korupsi yg tiap hari ada aja, belum omongan pejabat yg aneh aneh, keracunan MBG dan yg akhir akhir ini kebakaran hutan yg ga selesai selesai. Ada kali 2-3 bulan itu kebakaran. Tapi gue disini capeknya tuh bukan karna denger bad newsnya tapi kek kenapa kok pemerintah diem diem aja gitu ga ada pergerakan untuk cari solusi atas masalah tsb supaya segera selesai gitu loh.",https://www.threads.com/@cindyaxyn/post/DdR_Y5Uk-XR,cindyaxyn
"tolong jelasin, maudy ayunda kenapa?",https://www.threads.com/@monika.sarai/post/DdR_AD9Ez0d,monika.sarai
Pas demo tahun lalu yg artis2 pada ikut bersuara dan jerome sampe turun ke jalan juga dia diem seribu bahasa. Emang dia mikirin Indo? Dia cuma cari duit disini bro,https://www.threads.com/@199xfinee/post/DdR-QGkE9hd,199xfinee
"Dan itu semua gak bakal pernah bisa nyelesaiin problematika Indo. 17+8? Zonk. Unjuk rasa kecil""an? Zonk. Gak ada perubahan sama sekali. 

Karena solusinya ya memang hanya demo besar-besaran maksa presiden lengser kayak tahun 98 dulu. 

Maudy Ayunda punya kekuatan buat giring orang demo sampe segitunya? Nggak, jadi mending mikirin diri sendiri aja.",https://www.threads.com/@kimongaki/post/DdR-mgrE2pS,kimongaki
"ditengah gempuran org mengkritik Maudy jd teringat podcast Cinta Laura yg bilang ""aku punya kenalan dia ambil lpdp padahal kaya banget dan seharusnya dia bisa bayar uang kuliah mandiri tp dia milih jalur lpdp"" apakah ini Maudy? atau Gita Gutawa?",https://www.threads.com/@cinbutbutar/post/DdRTYNkn6GD,cinbutbutar
"Maudy Ayunda, Gita Gutawa, Tasya Kamila? ini kontribusinya apa ya SDH dibayarkan oleh rakyat untuk LPDP tp TDK pro rakyat",https://www.threads.com/@ka.tar02/post/DdR9nE1E-7f,ka.tar02
"kok mukamu songong gitu? udah gitu nyalahin masyarakat sipil yang bersuara akan bobroknya program ini, belum tau people power kah? @sudaru_sudaryono",https://www.threads.com/@civillian28/post/DdQf1WEIF7u,civillian28
"Nih buat maudy ayunda @maudyayunda  yg katanya kita harus Mindfullnes ditengah berita2 bed news, coba liat gimana gak geram liat statment2 bapak ini. Anak2 udh banyak yg keracunan, makanan emang bener ga layak masih aja membela diri",https://www.threads.com/@trivianoviyanti/post/DdR9ULrk9im,trivianoviyanti
"Nah, ini yang bikin bias nonton Mindfulness nya Maudy Ayunda
di otak gw
""kamu bener, tuan putri""",https://www.threads.com/@damnmaulana/post/DdR8Dplk7v9,damnmaulana
"Dari Maudy Ayunda gue belajar bahwa menyadari posisi kita dan posisi orang yg mendengarkan kita itu penting banget. 

Jadi makin sadar kalau kepekaan sosial dan hikmat menjadi sangat krusial dalam era dimana semua orang menjadi konsumen + produsen konten ""media"".",https://www.threads.com/@gianpieroch_/post/DdR8Al7k6mY,gianpieroch_
"Ya Allah capeeeeee banget sama berita yg dateng barengan gini. 
1. Maudy Ayunda dengan tone deafnya 
2. Peserta Hyrox kecirit di Beijing
3. Pak Purbaya dipecat 
Apalagi guys ayo tambahin",https://www.threads.com/@almiraaip/post/DdR7Ltqk0HL,almiraaip
"Yang comment ttg ""Mindfullnes in the Age of Bad News"" bisa sebut orang lain tone-deaf, penasaran, apa aja yang sudah kalian lakukan untuk memperbaiki keadaan ""bad-news"" itu ? Alih-alih nge-judge orang.",https://www.threads.com/@fika_malik/post/DdP7PiRE_qo,fika_malik
"Saya tidak membuat statement bencana, alam/buatan menjadi sekedar badnews belaka

Maudy Ayunda itu influencer, saya bukan... Dari kapasitas aja udah jauh banget",https://www.threads.com/@forowner2020/post/DdR61K0EmF4,forowner2020
"Secara ilmu psikologi, apa yang dikatakan Maudy Ayunda benar. Secara ilmu kepekaan sosial, apa yang dilakukan Maudy Ayunda tidak bisa dibenarkan.",https://www.threads.com/@vegachristianto/post/DdQGKp-E7ho,vegachristianto
"ini mah sebenernya berhubung yang ngonten maudy ayunda sbg figur intelektual, lulusan awardee + top university, jadi seolah2 wajib peka terhadap permasalahan di negeri ini, seolah2 bertanggung jawab untuk menyuarakan awareness “darurat” mewakili mayoritas korban yg terdampak. Klo maudy ayunda nya mbak2 biasa mah gak bakal banyak yg hujat da.",https://www.threads.com/@hamdanugraha_/post/DdR468SE8lj,hamdanugraha_
"Liat yang digeber siapa soal tone deaf tone deaf gini? Nadin Amizah, Maudy Ayunda? Cewek semuaaaaa. Kurang misoginis apa lagi ini masyarakat threads astaghfirullah",https://www.threads.com/@lavayettevonjava/post/DdR4oUok5P3,lavayettevonjava
"Maudy Ayunda makin memantapkan kepercayaan gue kalo kebanyakan orang kaya itu tai, apalagi yang dari kecil hidup dengan privilese, gak peduli sama sekitar, yang dia peduli cuma dirinya doang.",https://www.threads.com/@siniguecucidah/post/DdR3lEPDIm3,siniguecucidah
Maudy ayunda kira kira trauma ga yah sarapan pake avocado scrambled eggs 👀,https://www.threads.com/@dsandrra/post/DdR3ayaE0ay,dsandrra
"Yang dikritik itu statement Maudy yang salah waktu. Beliaunya pun sudah melakukan klarifikasi di kolom komentar video tersebut. Aku pun jadi bagian orang yang kurang setuju sama statement Maudy Ayunda. Guys, beda pendapat itu wajar karena memang sudah jadi keunikan manusia dengan cara pandangnya masing-masing. Sampaikan perbedaan pendapat itu. Masalahnya, kenapa ada yang bilang kudu cancel culture? Wdym kita harus cancel culture sosok orang yang punya impact di dunia pendidikan?",https://www.threads.com/@fannyhda/post/DdR3YK4kyhG,fannyhda
"Kalo air sedikit meresap di gambut, keasaman PH air itu tidak berbahaya, dia tetap menjaga kelembapan di dalam tanah gambut itu,
Tapi ketika tanah gambut justru “Banjir air” ini yang bahaya, karena bikin PHnya ga seimbang, bikin makin asam, nah kalau tampungan air/ canal di tanah gambut itu meluap dan mengalir ke sungai bisa bikin ikan-ikan mati! karena PH air di sungai berubah. Bisa mencemari tanah lainnya yang buat bercocok tanam. Akhirnya merusak ekosistem lainnya.",https://www.threads.com/@attabasuki/post/DdR3MFik_Ho,attabasuki
"Makanya petugas pemadam masukin air pelan-pelan ke dalam tanah,  kagak bisa lu tumpahin tu air laut ke lahan gambut. 

Ini pure keserakahan segelintir kelompok manusia bikin manusia yang bukan kelompoknya itu dirampas hak bernafasnya. 

3. Maudy Ayunda disebut “tone deaf” di roasting abis-abisan dari semua warga middle class yg udah stress survive dan capek banget sama nih negara, apalagi beliau dibiayai pajak negara buat sekolahnya?? idk not interested with her. Dari dulu ga pernah sreg sm dia",https://www.threads.com/@attabasuki/post/DdR3MF9E9eB,attabasuki
"Buzzernya MA ternyata ga dibayar, tapi murni tolol 😂",https://www.threads.com/@elelsasa_/post/DdR2PCuE-9W,elelsasa_
"Setelah baca2 komen dari kasus mba Maudy ini semakin yakin kalo masalah Indonesia ini emang pendidikan. Bukan soal siapa penemu benua amerika atau australia, fuck that shit. Tapi gimana cara nyeimbangin critical thinking dan empathy. Masa tiba2 jadi gender wars 😂",https://www.threads.com/@osvalski17/post/DdR1E4UEnAK,osvalski17
"Kalo inimah emang murni tolol sih. Mana segala bawa"" Nicholas Saputra lagi. Np ini pun kalo dia bikin blunder kek Maudy Ayunda juga gw berani jamin bakalan kena serang juga kok? Tapi gaada kan? Orang"" gaada yang ngangkat isu gender ini, eh malah mereka sendiri yang panas terus bawa"" isu ini",https://www.threads.com/@adymuhammadihsan/post/DdR1oUIEh2s,adymuhammadihsan
"Selamat pagi
Maudy ayunda bisi kurang mindfulnes mending lari aja ya. Gausah ngajak² orang yg lagi berjuang tiba² disuruh sabar atas keadaan yang dibuat sama danzo dkk wkwkwkwkkw",https://www.threads.com/@arrizkita/post/DdSSNkqEtiL,arrizkita
"I saw a comment that says:

“Maybe for you it’s just bad news. For others, it’s their reality.”

And that hits me so hard.",https://www.threads.com/@queenchaidy/post/DdQ9bfmmkGh,queenchaidy
Maudy ayunda could never,https://www.threads.com/@amaliazhafarina/post/DdSSGFmEqnM,amaliazhafarina
Orang-orang jahat saat mencoba mindfulness & menjadi penganut stoikisme ala Maudy Ayunda 🥰🥰,https://www.threads.com/@protomolekul/post/DdSSEkmkh1z,protomolekul
"Maudy Ayunda ga baca kritikan rang orang, karena dia lagi menjalankan “mindfulness” 🤪",https://www.threads.com/@cindyaesti/post/DdSSCrkj8q2,cindyaesti
"Aku bikin aturan buat diriku sendiri gabuka hp dr jam pulang kerja smpe pagi. Jd main hpnya kalo jam kerja aja. Alhamdulillah ternyata enak bgt, terpapar berita buruknya cm di jam tertentu doang. Dn di jam2 itu aku ttp ikutin dn dukung apa yg bsa aku dukung.

Apakah itu tone deaf? Menurutku sih engga ya. Jd aku ga relate klo Maudy Ayunda yg membatasi dirinya dr berita buruk diblg tonedeaf😅

Krna tiap org pnya cara buat melindungi dirinya sendiri",https://www.threads.com/@justaisy_/post/DdSR8tBEzPP,justaisy_
"Mungkin pas take video ini bagi Maudy sarapan pake toast dengan telor ceplok omega, cottage cheese dan avocado adalah sarapan sederhana, lalu fafifu wasweswos sambil ngomongin mindfulness bakal didukung warga nih. 

I mean, harga buah kaya alpukat aja udh mahal bgt bagi sebagian orang ye Maudyyy. Gimana mau mindfulllll?? Drpd beli alpukat sekilo mending beli beras, makannya pake indomie kenyang biar abis itu bisa nguli lagi. Yes HEALTHY food di negara kita ini MAHAL. Gaji UMR aja seiprit!",https://www.threads.com/@alvijoon/post/DdRYQ5DFBx7,alvijoon
"Makanya aku dari dulu nggk pernah tertarik ngikutin kehidupan pribadi artis atau influencer, ini aja aku bingung dari kemarin ngapain orang bahas maudy ayunda, setauku dia penyanyi",https://www.threads.com/@zizi1_7247/post/DdSR1xAAXTb,zizi1_7247
"Tiap buka medsos, ada aja berita yang bikin istighfar. Sekarang cuma bisa berdoa demi kebaikan negeri ini. Soalnya aku rakyat jelata, ga mungkin bisa mindfulness kaya Maudy Ayunda.",https://www.threads.com/@hi.mamhanna_/post/DdSR0J6kmR8,hi.mamhanna_
"Bahkan kalau kamu suka buku yang setelah selesai dibaca malah bikin kamu mikir berhari-hari, KAMU JUGA YANG AKU CARI. 😭📚 Aku nggak peduli kamu guru, murid, mahasiswa, pekerja, ibu rumah tangga, pencari kerja, atau orang biasa. Kalau kamu suka membaca dan suka belajar, kita satu frekuensi. 🥹📚 Dear Threads, tolong pertemukan aku dengan mereka. ❤️ POKOKNYA KALAU KAMU SUKA BUKU, MERAPAT SINI. 😭📚 👉 rofiatulmaos.com/buku #rofiatulmaos #pembacabuku #literasiindonesia #bukugratis #pecintabuku",https://www.threads.com/@rofiatulmaos/post/DdSRyvHEr1g,rofiatulmaos
DULU GUE PENGEN BANGET BIKIN AUDIOBOOK ATAU YOUTUBE YANG BAHAS BUKU. Kayak Kak Ferry Irwandi waktu bahas Animal Farm. Kak Maudy Ayunda yang sering banget ngomongin buku. Pak Anies yang juga sering membahas buku dan ide-ide menarik. Dan masih banyak YouTuber lainnya yang merangkum atau membahas inti dari sebuah buku. Gue lihat mereka bisa membuat buku jadi lebih menarik. Dalam hati gue: “Kayaknya seru juga kalau gue bikin yang kayak gitu.” 😆 Tapi masalahnya... GUE NGGAK PEDE. 😭,https://www.threads.com/@rofiatulmaos/post/DdSRyr4EqwJ,rofiatulmaos
"Begini loh intinya.
Orang2 itu expect more dari Maudy Ayunda..",https://www.threads.com/@rarasafiraz/post/DdSRyB6geXH,rarasafiraz
"Rame diperdebatkan soal pernyataan Maudy Ayunda tentang Mindfullness
Dengan membandingkan kondisi Maudy dengan orang yang ada di di tengah hutan terbakar
Kalo anda hanya seorang volunteer ikut terlibat memadamkan hutan terbakar sebaik nya mundur karena tempat itu sudah berbahaya kalo sudah tahu bahaya bagaimana anda bisa mengesampingkan perasaan ?Beda secara mental dengan petugas kebakaran yang secara mental sudah terlatih
Kalo anda sudah ketakutan dulu bagaimana bisa Mindfullness",https://www.threads.com/@ryanhairdresser/post/DdSRxevkjb0,ryanhairdresser
"Klasemen liga artis

1. Sherina
2.
3.
4.
5.
6.
..
1000. Maudy Ayunda",https://www.threads.com/@silmiluthfia/post/DdSRrt2k1gI,silmiluthfia
"Dan itu bikin aku semakin yakin: Mungkin pembaca Indonesia nggak sedikit. Kita cuma perlu lebih banyak tempat yang membuat mereka ingin membaca. Jadi, buat kamu yang suka buku... AKU MAU KETEMU KAMU. 😭📚 Mampir ke perpustakaan digitalku: 👉 rofiatulmaos.com/buku Di sana ada 200++++ ringkasan dan pembahasan buku yang bisa kamu jelajahi. Kalau kamu menemukan buku yang menarik, baca ringkasannya. Kalau semakin penasaran, beli dan baca buku aslinya. ❤️",https://www.threads.com/@rofiatulmaos/post/DdSRpsQkkmp,rofiatulmaos
"Dan kalau kamu mau membantu perjuangan kecil ini... share ke teman atau keluarga yang suka membaca. Biar aku nggak sendirian mencari para pembaca. 😭📚 Anak Pati sedang berjuang sendirian. Tapi ternyata, pembacanya nggak sendirian. 🇮🇩🌾📚 DULU GUE PENGEN BANGET BIKIN AUDIOBOOK ATAU YOUTUBE YANG BAHAS BUKU. Kayak Kak Ferry Irwandi waktu bahas Animal Farm. Kak Maudy Ayunda yang sering banget ngomongin buku. Pak Anies yang juga sering membahas buku dan ide-ide menarik.",https://www.threads.com/@rofiatulmaos/post/DdSRpOOEpSQ,rofiatulmaos
Maudy Ayunda memberikan klarifikasi dan menjawab kritikan netizen kepadanya atas unggahan video opininya soal tetap “mindfulness” di tengah berbagai berita buruk soal Indonesia beberapa waktu terakhir.,https://www.threads.com/@famedumptv/post/DdSRfWrga2n,famedumptv
"Udah si, dia masih mencari jati diri, karena masih bertanya-tanya, maudy ayu-nda? Ya nda tau, kok tanya saya.",https://www.threads.com/@aquilawilly/post/DdSRWnHE4wj,aquilawilly
"Iya memang ga bisa kak.. ga bisa mindfulness sambil ngerasain semua penderitaan yg kakak sebutin itu. 
FYI, saya juga ga mengidolakan Maudy Ayunda. 
Kalo kakaknya ga mau stress dan sakit hati saran saya ikutin saran Maudy Ayunda untuk mengurangi konsumsi konten2 yg bahas tentang Maudy Ayunda biar makin tenang (mindful).
Karna dgn kakak ngajak debat org justru makin stres dan marah.",https://www.threads.com/@harry.bood/post/DdRngkACeGP,harry.bood
"statement maudy ayunda bikin sakit hati yg kena bencana, sudah bener diam2 aja selama ini (maudy ayunda) sekalinya ngomong malah bikin perdebatan",https://www.threads.com/@irasmnr/post/DdSOeZOEz01,irasmnr
"Maudy Ayunda ngasih tips tidur nyenyak di rumah yang atapnya bocor, lantainya retak, kamar mandi menggenang, dapur pakai Minyakita.",https://www.threads.com/@paramuda/post/DdSOKw8k83A,paramuda
"Dear Maudy Ayunda, kalau kamu emang memahami filosofi Stoicism, harusnya kamu juga bisa menahan diri utk ga yapping mindfulness di tengah keadaan ekonomi yg lagi kacau balau, banyak korban MBG berjatuhan, asap karhutla yg udah di level beracun, dan bencana alam di mana-mana. Km baca berita kan?

Being mindful is ok, but when it comes to political issues and people out there are suffering, kita bisa memilih utk marah dan bersuara. 

Bad news are not just bad news, Mod. People are living with it.",https://www.threads.com/@flonoviadinda/post/DdSOD0oE649,flonoviadinda
Jenis roti yang dimakan Maudy Ayunda di video apa ya? Di warung madura ada nggak ya?,https://www.threads.com/@infoboga.jkt/post/DdSN3Pek5O5,infoboga.jkt
"Lol this comment is problematic af. I’ve been living in NYC and I can confidently say, mau di NYC or Indonesia video dia akan tetap mendapatkan mixed reactions seperti di Indonesia. Even worse. 

Basically video dia ini topicnya bagus & mungkin intentionnya baik but wrong timing & scenario. That’s it. 

Not to mention dia mengucapkan ini dari kenyamanan privileges yg dia punya & dari posisi dia sebagai public figure. Ya sangat expected dia digoreng khalayak ramai.",https://www.threads.com/@tbnainggolan/post/DdRwHchk7bB,tbnainggolan
"yep no good intention behind his comment lol, hanya memandang rendah manusia lain dengan menyalahkan orang yang gak ""sepemikiran"" dengan Maudy Ayunda. 

Dari dulu heran kenapa sih manusia manusia privileged ini, for example maudy ayunda, putri tanjung, ryu kintaro, kebelet banget ngajarin orang dan jadi motivator. 😁 validasi apa yang dicari",https://www.threads.com/@tarunaaldan/post/DdSNkkaE5CR,tarunaaldan
"Buka sosmed hari ini langsung diterjang berita menarik : 
1. Maudy Ayunda dibilang tone deaf sama netizen 
2. Pak Purbaya dicopot pas rapat 
Cuss otw ke sumber beritanya..",https://www.threads.com/@syarifani89/post/DdSNjFSktvc,syarifani89
"Ya Allah ini Maudy bayar buzzer kah buat defend dia? 🤣🤣🤣 narasinya sama semua, iyuhhh",https://www.threads.com/@bibblebingung/post/DdRLV79GNlx,bibblebingung
Wkwkk udah di tahap Maudy Ayunda make buzzer 😙,https://www.threads.com/@sunn_yafternoon/post/DdSNh2Mkvem,sunn_yafternoon
"bayangin orang secakep Maudy Ayunda, sepinter Maudy Ayunda tapi tone deaf. kalah sama orang-orang jelek yang gak tone deaf☺️",https://www.threads.com/@pamellacitra/post/DdQ5work17N,pamellacitra
"Si Jepri nichol nu rada alus mah... Berita negatif wae sekalina posting jadi warrior haha @jefrinichol 

Jepri Nichol > Maudy Ayunda

Apa itu reputasi 🤣🤣🤣",https://www.threads.com/@silmiluthfia/post/DdSNgnsk_Zt,silmiluthfia
"Secara ilmu psikologi, apa yang dikatakan Maudy Ayunda benar.
Secara ilmu kepekaan sosial, apa yang dilakukan Maudy Ayunda tidak bisa dibenarkan.
Paham ya sampe sini.",https://www.threads.com/@jacquel.azr/post/DdRQWpjlJLe,jacquel.azr
Kalau ada yg ga agree dgn statement saya ya gpp. Saya rugi juga dan ga akan berdebat. Dan Maudy Ayunda melemparkan sesuatu ke ranah publik harusnya beliau juga tau akan ada pro dan kontra.,https://www.threads.com/@jacquel.azr/post/DdSNLyVkj_1,jacquel.azr
@meta.ai bagaimana menurutmu si kakak Maudy Ayunda yang lagi ramai ini.,https://www.threads.com/@oetan.kayoe/post/DdSNIgxk_W2,oetan.kayoe
Gak pernah terlintas di pikiran gw seorang maudy ayunda bakal kena cancel,https://www.threads.com/@ridhaarizky/post/DdSM3Pmklv0,ridhaarizky
"Jujur gue ngga relate kalo orang bilang gue iri dengki ke Maudy Ayunda after her video. Here i am, being honest: gue bahkan ngga di Indo, kualitas udara di kota gue tinggal relatif baik2 aja, pajak dikelola semaksimal mungkin (anak gue makan di kantin gratis kaga keracunan). BUT I KNOW, i dont have to brag those privileges i have. Gue gak mungkin ujug2 bilang “nikmatin hidup gesss, mumpung udara cerah banget niyyy di perencong” di tengah panasnya isu karhutla ini.",https://www.threads.com/@delightedbambi/post/DdSMqXTCInJ,delightedbambi
"Hai kakak kakak makassar, saya lagi cari Muse makeup untuk besok. (No fee)
Makan dan minum di sediakan.
Kalau tertarik boleh komen atau Dm yah💄✨ 
Daerah Hartaco, dg tata dan sekitarnya",https://www.threads.com/@dillsshh_makeup/post/DdRNVftmV5U,dillsshh_makeup
"halo kak, saya bisa nih kak, sayangnya banyak inperfesion di muka, tenang kak, saya mirip maudy ayunda jadi lumayan cakep",https://www.threads.com/@hnihnyn/post/DdSMjuHE-yx,hnihnyn
"Hidup penuh privilege itu NYATA. Cantik, kaya, kuliah di luar negeri, jago bahasa asing dan nilai akademisnya bagus itu adalah pengantar untuk bisa punya privilege. Jadi kalo ternyata ada sedikit kekuranganmu itu bisa tertutupi karena kamu CANTIK, karena kamu jago bahasa asing, karena kamu kuliah di luar negeri atau bahkan karena nilai akademis kamu bagus. 

Dan dalam kisah si Mba CANTIK ini privilege itu NYATA.",https://www.threads.com/@samsiahbestay/post/DdSMddgk3yc,samsiahbestay
"Bilang aja gabisa.
Lu sadar gasih kata2 pertama lu td udh arah judgement",https://www.threads.com/@nisaernof/post/DdSJPcdk-od,nisaernof
"Gw judgemental? Dari awal pertanyaan gw simpel loh:

""emang apaan kontribusinya Maudy Ayunda? 
berhasil nguatin kurs 1 USD jadi IDR 6000 kah?""

Mana bagian dari kalimat ini yang judgmental? Kan tinggal dijawab toh. Nanya bukti kok dibilang ngejudge?

Yang justru ngejudge si pembuat utas.

""Apakah kontribusimu sudah lebih besar daripada Maudy Ayunda? Pastinya tidak.""

Dia ngejudge ""PASTINYA TIDAK"" loh. Dia memastikan TIDAK.

Paham bedanya mana yg ""judgemental statement"" dan ""sarkasme"" ga sih?",https://www.threads.com/@luxinextinguibilitatis/post/DdSMJzIE_ac,luxinextinguibilitatis
"Yang kemarin gercep banget nyindir Maudy Ayunda, sekarang nggak ada komen apapun soal Purbaya?",https://www.threads.com/@belprop00/post/DdSL-5ME6Cr,belprop00
"Mau minta maaf sama Maudy Ayunda, karena isi Threads-ku: 90% bacotan gedebag-gedebug jadi WNI 10% hal-hal random lain. Maaf aku gak bisa mindfulness di tengah keadaan yang serba ngenes.",https://www.threads.com/@theophanneia/post/DdSL7I2ExDO,theophanneia
"no offense but maudy ayunda looks kinda similar to dede sunandar, if he got proper skincare treatment",https://www.threads.com/@mikhsanns/post/DdSLNKKEkIL,mikhsanns
"Tetaplah berisik soal kondisi Indonesia, meskipun Maudy Ayunda menyuarakan Mindfulness in the age of bad news.",https://www.threads.com/@nengbrilly/post/DdSLLm8EzW1,nengbrilly
"Kalian yang bully Maudy Ayunda, keliatan banget kalo cara pikir kalian masih binary. Yuk ngaca dulu yuk. Jangan salah fokus.",https://www.threads.com/@sofiacitrad/post/DdQ6gz5Cc4b,sofiacitrad
Dalam fase dimana Maudy Ayunda punya buzzer wkwkkw,https://www.threads.com/@jessierenata_w/post/DdSKGSZk9GO,jessierenata_w
Bayangin orang secakep ini dicancel sama orang-orang jelek,https://www.threads.com/@latecapt/post/DdQYhRqmQs1,latecapt
Maudy ayunda? Nda,https://www.threads.com/@papaaskar/post/DdSJ6LUk5w7,papaaskar
"Padahal bisa jadi masalahnya ada pada pembagian kerja, komunikasi, target yang tidak realistis, sistem evaluasi, atau bahkan desain pekerjaannya sejak awal. 

Mengganti “siapa” tanpa memperbaiki “apa” hanya akan membuat masalah yang sama muncul lagi dengan pelaku berbeda. 

Bayangkan ada lantai basah. Kalau sejak awal kita sibuk mencari siapa yang menumpahkan air, semua orang yang ada di rumah bisa dicurigai. Padahal setelah diperiksa, bisa jadi atapnya bocor, AC menetes, atau kulkas bermasalah.",https://www.threads.com/@m.faridmaricar/post/DdSJwblk36p,m.faridmaricar
"Kalau sumber masalahnya atap bocor, mengganti orang yang tinggal di rumah ya nggak menyelesaikan apa-apa. 

Menurut saya pola yang sama sering muncul dalam diskusi publik kita. 

Salah satu contohnya ketika ada pembahasan soal Maudy Ayunda belakangan ini. Yang aneh, orang justru fokus membicarakan person-nya. Maudy begini, Maudy begitu, dia punya privilege, dia terlalu ini, terlalu itu, harusnya begini, harusnya begitu.",https://www.threads.com/@m.faridmaricar/post/DdSJwXlE1mK,m.faridmaricar
"Lagi panas bahas maudy ayunda.
Disclaimer Ini hanya opiniku aja ya
Sebelum dibahas, baiknya kita tau dulu apa sih Minfulness itu? 
Kalo chat gpt bilang : Mindfulness adalah kemampuan untuk menyadari apa yang sedang terjadi saat ini—baik pikiran, perasaan, maupun keadaan tubuh—dengan penuh perhatian dan tanpa langsung menghakimi.
Sederhananya, mindfulness berarti hadir sepenuhnya di saat ini, bukan terus-menerus terjebak dalam penyesalan masa lalu atau kekhawatiran tentang masa depan.
Next",https://www.threads.com/@aisa.athaya/post/DdSJnrkEw9r,aisa.athaya
"Weii cemane kalau ternyate selama ini cara pikir prabowo tuh kek maudy, semue penderitaan yang warga alami nih cuma dianggap “bad news” same die🤯

Jadi semue penderitaan itu sepele, macam die merespon soal keracunan MBG jak dianggap itu cume 0,000 sekian persen kegagalan, tetap mindful 💆🏻‍♀️",https://www.threads.com/@maraksara/post/DdSI07uk_Si,maraksara
"Lagi nangis kepikiran binatang-binatang yang mati kebakar di Kalimantan. Anak-anak satwa yang dievakuasi tapi rumahnya udah nggak ada. Terus barusan lihat diver asing ngebunuh penyu di Raja Ampat. Manusia kenapa bisa sejahat itu sama makhluk yang bahkan nggak bisa membela dirinya? Kita bukan satu-satunya yang hidup di bumi ini. Kita cuma berbagi rumah. Harusnya karena kita punya akal dan kuasa lebih, kita yang paling bisa menjaga.",https://www.threads.com/@prillylatuconsina96/post/DdQsGA7kdes,prillylatuconsina96
Maudy Ayunda could never,https://www.threads.com/@crochettara_/post/DdSIjUHE_ua,crochettara_
Keadaan Indonesia before dan after nitizen cancel Maudy Ayunda.,https://www.threads.com/@latecapt/post/DdRU1RkmT8F,latecapt
Diajak mikir dikirain membela noh klean ribut2 maudy ayunda menkeu kita tw tw dicopot... Ga ada yg bela nih?,https://www.threads.com/@maaamika/post/DdSIUPXExdr,maaamika
"Maaf bukannya membela Maudy Ayunda, kalau dia bener2 tone deaf kenapa sampai mendirikan Maudy Ayunda Foundation.",https://www.threads.com/@mbkrina390/post/DdQJBTOEw2y,mbkrina390
"Itu bukan inisiatif maudy ayunda, itu save the children punya. Mungkin dia dibayar semacam jadi BA untuk itu.",https://www.threads.com/@nurhasanah1001/post/DdSIEM0E0Q9,nurhasanah1001
Udah capek2 ngerepost kritikan untuk pemerintah. Udah donasi bencana alam tiba2 bgt dikomen tone deaf cuma karena gak ikut menghujat maudy ayunda 🙏😭,https://www.threads.com/@anatasia_vdes1290/post/DdRMYKCGs3I,anatasia_vdes1290
Padahal kenal juga kagak sama maudy ayunda 😆 cm tau gegara dia pernah main laskar pelangi,https://www.threads.com/@maaamika/post/DdSH4jNE5fo,maaamika
"Who actually started the thread about Maudy Ayunda’s mindfulness video? It’s kinda confusing because her video is super neutral, even leans positive. Maybe it’s all about perception and people getting triggered. And like any perception, there’ll always be those who agree, disagree, or just don’t care.
Anyway, hope we all stay mentally healthy, because mental health is priceless, guys 😉",https://www.threads.com/@3sixtybro/post/DdQH5N_AbYl,3sixtybro
Eh goblok. Kondisi lagi gini jangan bicara mindfullness kondisi maudy ayunda yang super duper nyaman banget jangan disamakan dengan rakyat jelata yang lagi morat-marit. Termasuk elu.,https://www.threads.com/@fuckyourfeelings1985/post/DdSHIifkyRm,fuckyourfeelings1985
Sedang menonton youtube mindfulness maudy ayunda sampe habis ..,https://www.threads.com/@hi.kakdend/post/DdR1cD5kt-N,hi.kakdend
"Mario Teguh. Ridwan Kamil. Raffi-Gigi. Disas saat menjadi menantu Adiguna. Maudy Ayunda.

Pada nyangka nggak kalian yang dulu memuja?",https://www.threads.com/@vliananda/post/DdQgJKkE5HI,vliananda
"Maudy ayunda kenapa ? 
Tapi enggak pernah muja mereka sih",https://www.threads.com/@listia.9336/post/DdR1NeFE6gr,listia.9336
"Maudy Ayunda kena cancel culture?

Aku si setuju sama statement dia.",https://www.threads.com/@hiranamiraistra/post/DdR1LqgE4Al,hiranamiraistra
Privilege Maudy Ayunda ga ada apa-apanya dibanding Rafathar.  Gitu,https://www.threads.com/@yourbestdadintown/post/DdR08T6gZlg,yourbestdadintown
"Saya juga sebenarnya capek share dan viralin bad news rezim ini.. Bukan hanya capek tapi kadang-kadang muncul ketakutan juga tiba-tiba digeruduk lagi subuh2..

Tapi apa kita ga lebih kasihan sama mereka yang mengalami bad news itu 😭😭😭",https://www.threads.com/@paltiwest/post/DdQI_InGKC9,paltiwest
Btw demo ke dpr ke presiden ke kepala daerah. Bukan ke Maudy Ayunda.,https://www.threads.com/@egisantoso/post/DdR064REwhW,egisantoso
"lgi rame maudy ayunda jd keinget jokes ini, bagi meme dong biar ga modyar",https://www.threads.com/@xximboostxx/post/DdPcSEWkx1o,xximboostxx
maudy ayunda mentok jajan neng its milk (seh ono rak?)🤣,https://www.threads.com/@sarah_yumnaa/post/DdRz8jlk9Be,sarah_yumnaa
"Saya dulu pernah sampai di tahap interview LPDP dan gagal. Cita-cita saya dibabat habis-habisan oleh salah seorang interviewer karena dianggap “sia-sia” 

Ceritanya saya mau lintas jurusan ke S2 public policy, dari saya yang sebelumnya S1 Ilmu Komunikasi. 

Pemikiran saya sederhana, sebagai lulusan komunikasi, saya punya tanggungjawab untuk mengedukasi masyarakat awam di Indonesia tentang cara pembacaan yang benar tentang publikasi kebijakan negara di era post-mo, post-truth, hoax dan AI.",https://www.threads.com/@berghainart/post/DdRz6KTExJs,berghainart
"Saya dulu pernah sampai di tahap interview LPDP dan gagal. Cita-cita saya dibabat habis-habisan oleh salah seorang interviewer karena dianggap “sia-sia” 

Ceritanya saya mau lintas jurusan ke S2 public policy, dari saya yang sebelumnya S1 Ilmu Komunikasi. 

Pemikiran saya sederhana, sebagai lulusan komunikasi, saya punya tanggungjawab untuk mengedukasi masyarakat awam di Indonesia tentang cara pembacaan yang benar tentang publikasi kebijakan negara di era post-mo, post-truth, hoax dan AI.",https://www.threads.com/@berghainart/post/DdRz6KTExJs,berghainart
"Apalagi mengingat saat itu, saya menyadari kok banyak blunder yang dilakukan oleh goverment saat melakukan komunikasi publik soal kebijakan yang mereka buat sendiri. Ujung2nya debat kusir dan penuh hatespeech alih-alih membangun dialektika positif antara warga dan goverment

Dari situ munculah motivasi saya mau kuliah sampai S3, atau minimal S2 public policy agar saya bisa punya ilmunya. Jadi kalau punya channel edukasi di media sosial nggak asal cuap-cuap saja tapi miskin esensi",https://www.threads.com/@berghainart/post/DdRz6OKExRO,berghainart
Abang abang skena sama kok dengan maudy ayunda. Sama sama tone deaf & mindfulness🙌,https://www.threads.com/@iqbl.ph/post/DdSSXOPEn81,iqbl.ph
"Kita aja mungkin yg terlalu sensitif nanggepin Maudy Ayunda 

Ok siap! 
Maaf banget ya Kak, 
otak kami yg darurat literasi ini emang belum nyampe buat paham ilmu setinggi itu. 😭🙏

Kita emang kurang paham kalau konten edukasi itu sistemnya kayak outfit, 
kalau gak muat & gak relevan di badan kita yg lagi kelaparan, 

ya tinggal skip aja, 
simpel kan? 

Lagian netizen kok ya baperan banget, 
orang cuma bagi perspektif kok dibilang enggak empati.",https://www.threads.com/@fatur_daqu/post/DdSQ_r6Dk5r,fatur_daqu
kemarin nadin amizah sekarang maudy ayunda,https://www.threads.com/@giardiss/post/DdSQ57TExYl,giardiss
maudy ga perna ngerasain mati lampu + mati air langsung keknya... mamam tuh batu bara sampe mokek,https://www.threads.com/@diodenot/post/DdSQ0eJgVZV,diodenot
ini gw ketinggalan berita apa.ada apa sama maudy ayunda.ada yg bisa jelasin,https://www.threads.com/@mademoiselle.lys/post/DdSQwaBEp5s,mademoiselle.lys
maudy ayunda pagi-pagi udah buat ane yapping di status wa.,https://www.threads.com/@vito_rachmawan/post/DdSQtV4EgL1,vito_rachmawan
"Bicara ttg mindfulness kalau di dunia komunikasi itu layaknya komunikasi yg asertif aja ya gaes

Jangan punya mental yg pasif, as in “Mana mungkin sih aku didengar, I’m just nobody”. Tapi juga bukan mental yg agresif, maksain pendapat kita yg paling benar & dominate the conversation 🫵🏽

Be assertive, bring your value dan ekpresikan dengan tenang. Tau kapan harus bersuara, kapan harus stop & listen. Karena suara kamu berharga!",https://www.threads.com/@firza.daud/post/DdSQjgiE_zK,firza.daud
"Maudy Ayunda is pretty, smart, and motivating.
But never forget that above all of that, she is filthy rich.

If this post seems positive, then either you're reading it wrong or you don't know what's happening right now.",https://www.threads.com/@ydnpri/post/DdSQjj0kjZJ,ydnpri
"Tragis ! SEKELAS MENTRI aja diperlakukan kaya gini, Apalagi Rakyat Jelata yg jd korban BENCANA / Korban keracunan MBG 🤔

GIMANA MENURUT WARGA THREAD??",https://www.threads.com/@awl_purnama/post/DdSN7Ikk3Bo,awl_purnama
Liat berita yg seperti ini yg bikin merasa Maudy Ayunda ada benernya jg,https://www.threads.com/@akhpallevi/post/DdSQTErE3Cu,akhpallevi
"THIS!!! LOUDER AND LOUDER!!!.
BANYAK HAL YG BISA KITA PETIK DARI KEJADIAN SEORANG MAUDY AYUNDA. INI BUKAN CUMA SOAL SEORANG PUBLIC FIGURE YG MEMILIH “CARI AMAN” KETIKA MENYENTUH ISU POLITIK.

INI TENTANG KITA.
TENTANG KEPEDULIAN KITA. TENTANG SEJAUH MANA KITA MAU PEDULI KETIKA NEGERI INI SDG MENGALAMI BEGITU BANYAK BAD NEWS !!. 

SELAMA INI KITA TERLALU SERING MENDENGAR : GUE GAK MAU STRES, GUE GAK MAU OVERWHELMED, GUE GAK MAU URUSAN SAMA POLITIK, SUARA AKTIVIS AJA GAK DIDENGAR, APALAGI GUE !!.",https://www.threads.com/@dani.j303/post/DdSQQlbk1Gt,dani.j303
"Mindfulness pas lagi tenang sih gampang, tapi pas bencana melanda di mana-mana? 🫣 Ramai netizen kritik tanggapan Maudy Ayunda yang dinilai out of touch sama realita korban bencana di lapangan. Menurut kalian, kurang empati atau gimana Coba diskusi di kolom komentar! 👇

#maudyayunda #mindfulness #beritaviral #netizenindonesia #bencanaindonesia",https://www.threads.com/@peaceofmind_._._/post/DdSQNyVkhNP,peaceofmind_._._
Gila banget ya warga threads kalo ngehujat ga main2,https://www.threads.com/@yohanniefandy/post/DdRhOUmD75O,yohanniefandy
"Org2 punya masalah hidup & belum bebas finansial 
Pastinya demen julid
Justru aku kasihan banget sama org2 julid
Kaya org stress & sakit jiwa
Hidup penuh masalah & banyak penderitaan di dunia nyata🤣
Udah banyak contohnya, hujat ebe martono,hujat nakes bpjs, hujat Maudy Ayunda
Jika hidup mereka bahagia, ga ada waktu untuk julid & ngurusin urusin orang lain
Udh thn 2026, bukan waktunya takut dgn org julid, tinggal blok, beres. Fitur blok adalah kelemahan terbesar org julid",https://www.threads.com/@teddybearyayfluffy/post/DdSQJQ7j0Ct,teddybearyayfluffy
This is how you be mindfulness,https://www.threads.com/@based.indo/post/DdRdcPHj-Vo,based.indo
"THIS!!! LOUDER AND LOUDER!!!.
BANYAK HAL YG BISA KITA PETIK DARI KEJADIAN SEORANG MAUDY AYUNDA. INI BUKAN CUMA SOAL SEORANG PUBLIC FIGURE YG MEMILIH “CARI AMAN” KETIKA MENYENTUH ISU POLITIK.

INI TENTANG KITA.
TENTANG KEPEDULIAN KITA. TENTANG SEJAUH MANA KITA MAU PEDULI KETIKA NEGERI INI SDG MENGALAMI BEGITU BANYAK BAD NEWS !!. 

SELAMA INI KITA TERLALU SERING MENDENGAR : GUE GAK MAU STRES, GUE GAK MAU OVERWHELMED, GUE GAK MAU U0RUSAN SAMA POLITIK, SUARA AKTIVIS AJA GAK DIDENGAR, APALAGI GUE !!.",https://www.threads.com/@dani.j303/post/DdSQIjzk2qm,dani.j303
"Maudy Ayunda tuh nggak tone deaf kok, hanya sudah nggak relevan aja...",https://www.threads.com/@lightness_of_being_92/post/DdSQAsUj6ae,lightness_of_being_92
MAUDY AYUNDA DIKULITIN SAMA NETIZEN DARI A—Z MAMPUS GILEEEEEEEE DARI BERBAGAI PERSPEKTIF KENAAAA LOOO! Ahhaahahaha,https://www.threads.com/@hilmial12/post/DdSPrUcE1bC,hilmial12
"Kata aku teh, teteh2 yang jadi topik hangat pembicaraan seantero Indonesia ini musti baca buku “As Long As The Lemon Trees Grow”. ‘Menyadarkan diri’ tanpa menggurui, tanpa memaksa. Tapi amat melekat dan membekas di hati. 

Ketakutan yang lumrah, pelarian, dan penemuan diri dalam serah yang ikhlas jadi point menarik dari buku ini. Dan semua itu berkat tangan handal dari Zoulfa Katouh, sang penutur.",https://www.threads.com/@guyarssn_/post/DdSPkWCk5i3,guyarssn_
"Kagum banget sama Mbak
 @maudyayunda 

Selain pinter jalur akademis, ternyata pinter juga bikin orang se-Indonesia punya pemikiran & ketikan yg sama persis secara magis. 

Telepathy is real!

Indahnya kebersamaan. 
Melihat akun2  bersatu padu menggunakan satu hati, 
satu jiwa, & satu template teks yg sama demi membela sang idola. Terharu akutu. 

copy-paste,
amin.

Jam segini 

""kakak pembina"" 

pasti lagi pusing ngecekin link laporan.",https://www.threads.com/@fatur_daqu/post/DdSPjpBEtcX,fatur_daqu
"uan, maudy ayunda, aisar khaled",https://www.threads.com/@kaniadeewii_/post/DdSHHJKkzUs,kaniadeewii_
"Sampai detik ini ga ngeliat salahnya Maudy ..

Emang orang terlalu butt hurt aje",https://www.threads.com/@oktorairahadi/post/DdRWzXkmB7u,oktorairahadi
"Gak usah didengarin gess orang orang kayak gini. Mereka memang pada dasarnya GAK PUNYA EMPATI KARENA MEREKA GAK NGERASAIN APA YANG KITA RASAIN. TIDURNYA MASIH PAKAI KASUR EMPUK, makan telor omega, LISTRIK AIR AMAN. BBM DIBELIIN PAPA. Jadi gada gunanya ngeladenib orang kayak merrka dan maudy ayunda 🤪🤪🤪",https://www.threads.com/@putriiiiiyetti/post/DdSGizdkxNm,putriiiiiyetti
"Maudy ini seangkatan aku. Dulu, waktu dia keterima di univ pakai LPDP, teman-teman gw kagum kayak 'ini nih maudy cewek cakep pinter multitalen', cewek maupun cowok muji. Sementara aku nyeletuk 'lah, bukannya dia artis dan org mampu? Masa pakai beasiswa pemerintah?' aku dari dulu anti sama yg namanya KKN, benci aparatur negara yg suka seenak jidat menyalahgunakan kekuasaan. Dan mereka blg aku cuma iri karena gak bisa kayak MA.",https://www.threads.com/@cherylileon/post/DdRVFrYD5xq,cherylileon
"Maudy Ayunda is indeed tone deaf, ignorant. I totally agree. But watch out. LPDP is merit based scholarship. It was not meant for the poor (pardon my language) only. Meaning everyone from all economic backgrounds can apply. Let’s not get confused here.",https://www.threads.com/@jalanjalandg_/post/DdSGFKDk9xM,jalanjalandg_
Bayangin orang secakep ini dicancel sama orang-orang jelek,https://www.threads.com/@latecapt/post/DdQYhRqmQs1,latecapt
"Semua terlahir cantik, kecuali MAUDY AYUNDA dia SPECIALIST BUDEG",https://www.threads.com/@d_arryani/post/DdSF33GkzJK,d_arryani
untuk apa? untuk apa cinta tanpa pembuktian by maudy ayunda,https://www.threads.com/@818.t3qu1laa/post/DdSFAvDk90q,818.t3qu1laa
"Nah jadi kesentil lagi kan ya soal beasiswa LPDP berkat Maudy Ayunda yg dirasa gak pantes ngambil itu karena sedari kecil udah disekolahkan di sekolah mahal. Memang beasiswa LPDP tidak diperuntukkan untuk anak kurang mampu tapi ya kalau punya hati nurani, minimal ngasih kesempatan buat yang kurang mampu dalam hal finansial tapi berprestasi secara akademik. Gimana bisa terwujud pemerataan sosial? Bahasa kasarnya ""orkay dibiayai kuliah oleh orang miskin"". Ketimpangan & kesenjangan semakin nyata!!",https://www.threads.com/@hernsight/post/DdSEw5kE8k2,hernsight
"Artis atau public figure yang punya jutaan followers, tapi memilih diam dan tidak menggunakan platformnya untuk speak up atau membela rakyat ketika negara sedang chaos, dan artis-artis ini sangat tidak fantasssss di jadikan role model:
1. Raffi Ahmad
2. Nagita Slavina
3. Maudy Ayunda
4. Dian Sastrowardoyo
Yang lainnya isi sendiri.. 

Wait… artis yang paling aku suka dan sangat perduli rakyat dan masa depan anak-anak yaitu: Cinta Laura 🥰 @claurakiehl",https://www.threads.com/@itsrayayuri/post/DdSEjkWE2wq,itsrayayuri
"Maudy, ketolong banget nama lu buat dompleng brand, dengan nama gini performative level kakap. 

1% revenue dari last 30 days ALL PRODUCT REVENUE lu itu ga nyampe 10 juta. Ini dari Kalodata.com ya platform buat cek pendapatan brand di shopee & tiktok, bisa akses umum.

dan 1% ini BUKAN from ALL, yang disumbang HANYA DARI SELECTED IMPACT PRODUCTS artinya lebih kecil lagi.",https://www.threads.com/@bike.n.brunch/post/DdSEXlhk7z0,bike.n.brunch
Siapa elu ngatur2 hidup nya Maudy Ayunda? Dia DPR? Politisi? Anak elo? Terima duit elo?,https://www.threads.com/@egisantoso/post/DdRnlZNE7Wm,egisantoso
Cih.. who is Maudy Ayunda.. president aja gue atur di thread 🤣,https://www.threads.com/@owl.44404823/post/DdSD8S7EzLw,owl.44404823
Raja Juli enak bgt hidupnya. Bully yg dia alami ga separah bully yg diterima Maudy Ayunda. Kdg org2 kyk begini lucky bukan main. Ya mungkin istidraj.,https://www.threads.com/@rima.muryantina/post/DdSDf-BE-lf,rima.muryantina
Abang abang skena sama kok dengan maudy ayunda. Sama sama tone deaf & mindfulness🙌,https://www.threads.com/@iqbl.ph/post/DdSSXOPEn81,iqbl.ph
mimpi makan burger SD yang dibungkus pake kertas abu2 dan isinya daging selembar itu lohhh aduh bm,https://www.threads.com/@maudyeffrosina/post/DdRAdMKo0o-,maudyeffrosina
"Ini yang lagi heboh itu katanya tone deaf itu bukan!?....owh itu maudy ayunda,maaf mungkin karena belum sarapan,yuuk!👇😋",https://www.threads.com/@pras23851/post/DdSRSYoExvy,pras23851
"basic human needs :
1. oxygen 
2. water
3. ganti presiden",https://www.threads.com/@brisha.dln/post/DdQbuMIE4ck,brisha.dln
cancel culture maudy ayunda,https://www.threads.com/@diodenot/post/DdSRKU5AZw1,diodenot
"baru tahu kalau ada ilmu kepekaan sosial😅 maaf saya manusia old, jd g update makul pendidikan sekarang🙏",https://www.threads.com/@nadhifah_s.p/post/DdRxqknAUZz,nadhifah_s.p
"Sebenernya dari aku SMA (karena aku masuk IPS) ini udah ada di pelajaran Sosiologi kak, ilmu kepekaan sosial itu emg ada. Tapi ya itu, kalau dalam prakteknya, masih banyak yg kesulitan untuk menerapkan kepekaan sosial. Dan org dengan kepintaran seperti Maudy Ayunda jg misalnya, belum tentu bisa nerapin itu di dunia sosial",https://www.threads.com/@kentangkejubakar/post/DdSRHlngR8d,kentangkejubakar
"Maudy Ayunda dikritik warganet kurang peka usai rilis konten mindfulness tentang bad news. Apa yang jadi persoalan dan disorot netizen dari konten Maudy? Baca selengkapnya di sini. 

(Prihatini Wahyuningtyas/Tirto.id)

#MultiFlash #MaudyAyunda #mindfulness #badnews",https://www.threads.com/@tirtoid/post/DdSRC7cAfT8,tirtoid
"Kita aja mungkin yg terlalu sensitif nanggepin Maudy Ayunda 

Ok siap! 
Maaf banget ya Kak, 
otak kami yg darurat literasi ini emang belum nyampe buat paham ilmu setinggi itu. 😭🙏

Kita emang kurang paham kalau konten edukasi itu sistemnya kayak outfit, 
kalau gak muat & gak relevan di badan kita yg lagi kelaparan, 

ya tinggal skip aja, 
simpel kan? 

Lagian netizen kok ya baperan banget, 
orang cuma bagi perspektif kok dibilang enggak empati.",https://www.threads.com/@fatur_daqu/post/DdSQ_r6Dk5r,fatur_daqu
"Maksud Mbak Maudy kan baik, kalau dunia lagi hancur, 
yg penting dunia kita sendiri tetep estetik & tenang.

Damai itu pilihan, 
Sis, 
makanya yuk tutup mata bareng2.",https://www.threads.com/@fatur_daqu/post/DdSRAzmDsha,fatur_daqu
"Kita aja mungkin yg terlalu sensitif nanggepin Maudy Ayunda 

Ok siap! 
Maaf banget ya Kak, 
otak kami yg darurat literasi ini emang belum nyampe buat paham ilmu setinggi itu. 😭🙏

Kita emang kurang paham kalau konten edukasi itu sistemnya kayak outfit, 
kalau gak muat & gak relevan di badan kita yg lagi kelaparan, 

ya tinggal skip aja, 
simpel kan? 

Lagian netizen kok ya baperan banget, 
orang cuma bagi perspektif kok dibilang enggak empati.",https://www.threads.com/@fatur_daqu/post/DdSQ_r6Dk5r,fatur_daqu
kemarin nadin amizah sekarang maudy ayunda,https://www.threads.com/@giardiss/post/DdSQ57TExYl,giardiss
maudy ga perna ngerasain mati lampu + mati air langsung keknya... mamam tuh batu bara sampe mokek,https://www.threads.com/@diodenot/post/DdSQ0eJgVZV,diodenot
ini gw ketinggalan berita apa.ada apa sama maudy ayunda.ada yg bisa jelasin,https://www.threads.com/@mademoiselle.lys/post/DdSQwaBEp5s,mademoiselle.lys
"Tapi kata interviewernya “Ya kalau mau edukasi kebijakan publik lewat Youtube, S1 aja cukup. Kenapa harus sampai S3? Coba buka Youtube dan di sana sudah banyak konten seperti itu” 😃

Makdeg.. dan ada pertanyaan-pertanyaan lainnya lagi yang menurut saya tidak filosofis, dan cenderung intimidatif. 

Sejak saat itu saya menjadi inferior untuk bermimpi. “Wah ternyata saya sebodoh itu ya dalam berimajinasi. Mungkin benar cita-cita saya terlalu naif.”",https://www.threads.com/@berghainart/post/DdRz6NIE2d3,berghainart
"Lalu kemudian ramai lagi sekarang soal statementnya Maudy Ayunda, sebelumnya ada kasus Pancatera juga kan ya.

Jadi langsung keinget memori interview itu 🙂✊🏻

Yang sekolah tinggi aja bisa blunder apalagi yang gak sekolah. Di LN aja sekarang ada jurusan khusus influencer. Wkwk

Yasudahlah, mungkin WNI emang lagi dipaksa menikmati tren populisme dan matinya kepakaran 😥🙌🏻",https://www.threads.com/@berghainart/post/DdRz6M-k7bj,berghainart
"Apalagi mengingat saat itu, saya menyadari kok banyak blunder yang dilakukan oleh goverment saat melakukan komunikasi publik soal kebijakan yang mereka buat sendiri. Ujung2nya debat kusir dan penuh hatespeech alih-alih membangun dialektika positif antara warga dan goverment

Dari situ munculah motivasi saya mau kuliah sampai S3, atau minimal S2 public policy agar saya bisa punya ilmunya. Jadi kalau punya channel edukasi di media sosial nggak asal cuap-cuap saja tapi miskin esensi",https://www.threads.com/@berghainart/post/DdRz6OKExRO,berghainart
"Tapi kata interviewernya “Ya kalau mau edukasi kebijakan publik lewat Youtube, S1 aja cukup. Kenapa harus sampai S3? Coba buka Youtube dan di sana sudah banyak konten seperti itu” 😃

Makdeg.. dan ada pertanyaan-pertanyaan lainnya lagi yang menurut saya tidak filosofis, dan cenderung intimidatif. 

Sejak saat itu saya menjadi inferior untuk bermimpi. “Wah ternyata saya sebodoh itu ya dalam berimajinasi. Mungkin benar cita-cita saya terlalu naif.”",https://www.threads.com/@berghainart/post/DdRz6NIE2d3,berghainart
"Ntah knpa belakang ini hal kecil sering sekali sya kaitkan dgn tuhan.
‎
‎Belajar dari kasus Maudy Ayunda sya berfikir emg manusia tidak ada yang sempurna. betul
‎
‎Cakep + IQ tinggi = EQ Rendah.
‎
‎Kurang menarik + IQ sedang = EQ tinggi
‎
‎Cakep + body bagus = IQ rendah (Rendah rasa malu) ""bnyk di aplikasi sebelah""
‎karena gede isi BH dari pada isi kepala
‎
‎Berpenampilan sedang + IQ sedang + EQ sedang = tinggi rasa malu 
‎",https://www.threads.com/@maulidisaputra__/post/DdRz6GAgRFZ,maulidisaputra__
"Bisa ga ya pas Prabowo kunjungan ke LN, rakyat copot dia tiba-tiba beserta wakilnya, kita pemilu ulang.",https://www.threads.com/@nujauharii/post/DdRxzTAE-Cb,nujauharii
"Bentar. Masih sibuk nge hujat Maudy Ayunda. 
Opppsss",https://www.threads.com/@egisantoso/post/DdRzzO-E5Sy,egisantoso
"gpp guys saran dari Maudy Ayunda udah bener kok. bener kalo di dunia ini kita semua kaya dan setara dengan dia.
tapi hidup di Indo sih kayaknya ga bisa, cuma bisa kalo masuk surga.",https://www.threads.com/@idyawsu/post/DdRznrZEy2v,idyawsu
"gue gak sedang lagi ikut arus yang soal mindfullness dari maudy ayunda,",https://www.threads.com/@rekam_bara/post/DdRzl2PksN5,rekam_bara
"walahhh utk konglo yaa kak.. nuhun ootnya kak, aku tidak ekspek 🙏🏼",https://www.threads.com/@dewiafrian/post/DdRxH0ij2jx,dewiafrian
Iya kak kan buat anak2 yang sekelas maudy ayunda,https://www.threads.com/@cloudysylus/post/DdRzhpqEhfH,cloudysylus
"Maudy ayunda suka makan indomie mentah nggak yah??

🙄🙄🙄",https://www.threads.com/@_fallbastard_/post/DdRzYKOn5du,_fallbastard_
"Dear @maudyayunda, kalau kamu ""cuma artis biasa"" yang nggak pernah sekolah serius, saya bisa maklum dengan konten “Mindfulness in the Age of Bad News” mu yang dihujat netizen se-Konoha Raya itu. Tapi, kamu adalah alumni Philosophy, Politics and Economics (PPE) Oxford, jurusan yang paling banyak mencetak para Policy Makers di UK termasuk 5 orang PM. Kamu mereduksi persoalan BAD POLICY menjadi sekedar persoalan BAD NEWS, itu adalah kedunguan tingkat dewa untuk standar alumni PPE Oxford.  1/10",https://www.threads.com/@buitenzorgy/post/DdQgqbVD3qS,buitenzorgy
Saya berinvestasi di thread yang bagus ini. Biar jadi jejak di masa depan untuk anak cucu kita melihat bagaimana orang-orang saat ini berjuang untuk masa depan yang lebih baik. Maudy Ayunda mau main aman tapi malah terlihat sebagai orang bodoh.,https://www.threads.com/@agungpharm/post/DdRzO8ngabu,agungpharm
maudy ayunda pagi-pagi udah buat ane yapping di status wa.,https://www.threads.com/@vito_rachmawan/post/DdSQtV4EgL1,vito_rachmawan
"Bicara ttg mindfulness kalau di dunia komunikasi itu layaknya komunikasi yg asertif aja ya gaes

Jangan punya mental yg pasif, as in “Mana mungkin sih aku didengar, I’m just nobody”. Tapi juga bukan mental yg agresif, maksain pendapat kita yg paling benar & dominate the conversation 🫵🏽

Be assertive, bring your value dan ekpresikan dengan tenang. Tau kapan harus bersuara, kapan harus stop & listen. Karena suara kamu berharga!",https://www.threads.com/@firza.daud/post/DdSQjgiE_zK,firza.daud
"Maudy Ayunda is pretty, smart, and motivating.
But never forget that above all of that, she is filthy rich.

If this post seems positive, then either you're reading it wrong or you don't know what's happening right now.",https://www.threads.com/@ydnpri/post/DdSQjj0kjZJ,ydnpri
"THIS!!! LOUDER AND LOUDER!!!.
BANYAK HAL YG BISA KITA PETIK DARI KEJADIAN SEORANG MAUDY AYUNDA. INI BUKAN CUMA SOAL SEORANG PUBLIC FIGURE YG MEMILIH “CARI AMAN” KETIKA MENYENTUH ISU POLITIK.

INI TENTANG KITA.
TENTANG KEPEDULIAN KITA. TENTANG SEJAUH MANA KITA MAU PEDULI KETIKA NEGERI INI SDG MENGALAMI BEGITU BANYAK BAD NEWS !!. 

SELAMA INI KITA TERLALU SERING MENDENGAR : GUE GAK MAU STRES, GUE GAK MAU OVERWHELMED, GUE GAK MAU URUSAN SAMA POLITIK, SUARA AKTIVIS AJA GAK DIDENGAR, APALAGI GUE !!.",https://www.threads.com/@dani.j303/post/DdSQQlbk1Gt,dani.j303
"Mindfulness pas lagi tenang sih gampang, tapi pas bencana melanda di mana-mana? 🫣 Ramai netizen kritik tanggapan Maudy Ayunda yang dinilai out of touch sama realita korban bencana di lapangan. Menurut kalian, kurang empati atau gimana Coba diskusi di kolom komentar! 👇

#maudyayunda #mindfulness #beritaviral #netizenindonesia #bencanaindonesia",https://www.threads.com/@peaceofmind_._._/post/DdSQNyVkhNP,peaceofmind_._._
Gila banget ya warga threads kalo ngehujat ga main2,https://www.threads.com/@yohanniefandy/post/DdRhOUmD75O,yohanniefandy
"Org2 punya masalah hidup & belum bebas finansial 
Pastinya demen julid
Justru aku kasihan banget sama org2 julid
Kaya org stress & sakit jiwa
Hidup penuh masalah & banyak penderitaan di dunia nyata🤣
Udah banyak contohnya, hujat ebe martono,hujat nakes bpjs, hujat Maudy Ayunda
Jika hidup mereka bahagia, ga ada waktu untuk julid & ngurusin urusin orang lain
Udh thn 2026, bukan waktunya takut dgn org julid, tinggal blok, beres. Fitur blok adalah kelemahan terbesar org julid",https://www.threads.com/@teddybearyayfluffy/post/DdSQJQ7j0Ct,teddybearyayfluffy
This is how you be mindfulness,https://www.threads.com/@based.indo/post/DdRdcPHj-Vo,based.indo
"THIS!!! LOUDER AND LOUDER!!!.
BANYAK HAL YG BISA KITA PETIK DARI KEJADIAN SEORANG MAUDY AYUNDA. INI BUKAN CUMA SOAL SEORANG PUBLIC FIGURE YG MEMILIH “CARI AMAN” KETIKA MENYENTUH ISU POLITIK.

INI TENTANG KITA.
TENTANG KEPEDULIAN KITA. TENTANG SEJAUH MANA KITA MAU PEDULI KETIKA NEGERI INI SDG MENGALAMI BEGITU BANYAK BAD NEWS !!. 

SELAMA INI KITA TERLALU SERING MENDENGAR : GUE GAK MAU STRES, GUE GAK MAU OVERWHELMED, GUE GAK MAU U0RUSAN SAMA POLITIK, SUARA AKTIVIS AJA GAK DIDENGAR, APALAGI GUE !!.",https://www.threads.com/@dani.j303/post/DdSQIjzk2qm,dani.j303
"Maudy Ayunda tuh nggak tone deaf kok, hanya sudah nggak relevan aja...",https://www.threads.com/@lightness_of_being_92/post/DdSQAsUj6ae,lightness_of_being_92
"Kagum banget sama Mbak
 @maudyayunda 

Selain pinter jalur akademis, ternyata pinter juga bikin orang se-Indonesia punya pemikiran & ketikan yg sama persis secara magis. 

Telepathy is real!

Indahnya kebersamaan. 
Melihat akun2  bersatu padu menggunakan satu hati, 
satu jiwa, & satu template teks yg sama demi membela sang idola. Terharu akutu. 

copy-paste,
amin.

Jam segini 

""kakak pembina"" 

pasti lagi pusing ngecekin link laporan.",https://www.threads.com/@fatur_daqu/post/DdSPjpBEtcX,fatur_daqu
"Semangat ya Kak, 
demi sesuap nasi & demi nama baik Mbak Maudy yang harus tetap estetik & tanpa cela",https://www.threads.com/@fatur_daqu/post/DdSPjowEoXA,fatur_daqu
Ternyata seorang maudy ayunda pun pada akhirnya menggunakan buzzer. 😂,https://www.threads.com/@manisturkey/post/DdSPdrRE6qP,manisturkey
"Abis nonton YT maudy. Kayak nonton vicky prasetyo. Terlalu high pilihan verbs nya 😅 puyeng. Monmaap adek maudy ayunda, messagenya gak nyampe ke saya",https://www.threads.com/@re_tantri/post/DdSPZgMk2kn,re_tantri
"Ada kata-kata yang disebut dari Sayyidina Ali, isinya begini kira-kira: “Kalau kamu empati ketika melihat orang susah, berarti kamu orang baik. Kalau kamu terganggu pada orang susah, berarti kamu tak sedang baik-baik saja.”
@husein_hadar 🙏",https://www.threads.com/@ahn_yoona14/post/DdSPUjYk9F2,ahn_yoona14
"Thread tolong jangan munculkan lagi berita Maudy Ayunda di saya. Org yg komentar tentang Maudy Ayunda rata-rata pemarah, sumbu super pendek. Makasih🙏🤡",https://www.threads.com/@chaoticj0urnal/post/DdSPLsSkiT8,chaoticj0urnal
"Lulusan Oxford yg udh jelas2 pinter banget, krn ga sembarang orang yg bisa diterima di sana
Salah 1 kampus terbaik di dunia 
Top 3 selain Harvard & Cambridge aja masih pada berani julid loh
Yg julid juga, ga bakalan kuliah di salah satu top 3 kampus dunia yg kusebutin di atas.
Emang ga ada yg salah
Apalagi kita tau, dia ga pernah bikin skandal
Selalu tenar karna hal positif 
Netizen julid mau mencoba nyari celah kesalahan dia
Tapi sayangnya ga kena
Udah jelas banget, pada mau PANSOS sama Maudy",https://www.threads.com/@teddybearyayfluffy/post/DdRoCkZDxMa,teddybearyayfluffy
"perbandingan netizen julid vs Maudy Ayunda:
- si julid: miskin, 0 prestasi, 0 kekayaan, 0 kesuksesan 
-Yg dijulidin (Maudy Ayunda): tajir, sukses, prestasi udh pasti ada & banyak
Tapi org julid msh tdk menyadari perbedaan sejauh itu🤣
Komen negatif & kontra hadir bukan utk direspon & di ajak adu argumen, melainkan diblok. Org julid & kontra tdk berhak atas akses utk berkomentar dariku
Kemampuan finansial seseorang berpengaruh terhadap sikap, makanya org tajir tdk pernah sekomplek dgn org miskin",https://www.threads.com/@teddybearyayfluffy/post/DdSPDqNj5zP,teddybearyayfluffy
"temanya: mindfulness in the age of bad news by mbak maudy Ayunda.
krisis struktural mungkin cuma sebatas berita buruk di hp yang bisa diselesaikan lewat digital detox, namun kamu lupa ada batas yang sangat kontras antara sekedar berita buruk dan realita buruk, sebab masalahnya kita kadang bisa bicara nyaman sambil menyiapkan makanan sarapan tapi ada loh saudara kita yang tidak bisa, jika kamu terganggu dengan berita buruk, Mereka terganggu karena mengalami berita buruk.",https://www.threads.com/@_fadlyalfaris/post/DdSO_cgkkHa,_fadlyalfaris
"Saya seneng sama konten nya maudy ayunda yang lagi rame sekarang, karna saya sepemikiran dengan maudy dan saya juga orang gak punya empaty, biasa aja liat orang susah, dan liat orang susah kaya yang yaudah itu derita lo ngapain gua harus repot gitu. Pasti kalian yang baca utas ini kesal dan marah kan? Kalian gak boleh marah saya gak suka di debat dan saya merasa selalu benar gak pernah salah",https://www.threads.com/@buburtanpakuah/post/DdSOzx-kra0,buburtanpakuah
Maudy Ayunda rame kenapa guys? Help infoin aja dong. Kaya uda dar der dor banget ga bisa diem dulu sebentar apa ini socmed. 😭,https://www.threads.com/@edwisetya/post/DdOQa-xDxfT,edwisetya
@meta.ai kenapa maudy ayunda?,https://www.threads.com/@ssukasuka_ku/post/DdSOzkun7IE,ssukasuka_ku
"Baru selesai nonton video yt nya. Padahal jelas bgt maksud dia itu gimana. Bukannya mindfullness = nirempati/tone deaf. Tp bagaimana mencerna berita2 yg dikurasi dlm window2 tertentu aja, kalo ga stress cuy.

Banyak media bodong yg cuma bikin org tambah marah. Kl seharian setiap hari konsumsi berita yg negetif terus, it really created negativity in your life. Krn skrg video menghadapi situasi dgn mindfullness gini aja lgsg berubah jd negatif. Cobalah bercermin.",https://www.threads.com/@gandhifernando/post/DdP4HRzAWcm,gandhifernando
"pdhal statement nya sejelas dan sedetail ini tp knpa yg ditangkap malah bagian yang paling gampang di salahpahami dan di goreng sampe adu ekonomi, adu apa yg dia makan, apa yg dia dapat dari negara dan apa kontribusi dia untuk negara?! like guys…  she knows what she’s doing, she’s maudy ayunda.",https://www.threads.com/@fikanlm_/post/DdSDNuek8gR,fikanlm_
"Lah. Elu yg paling bacot hei. Gw org sumatera. Elu tinggal dimana? Nunjuk2 gw org ga ngalamin, gw lebih ngalemin dari elu. Ga usah ngajarin. Makanya, main2 kesini, biar ga idup di imajinasi khayalan yg lubangun lewat berita doang.",https://www.threads.com/@naeshaah/post/DdSCol8kz2_,naeshaah
"WKWWKKW MBAK NAPE LU MARAH2 SIH?? 🤣🤣🤣

kan lu nanya yaaa kenapa orang-orang sebel sama maudy ayunda, ya gw jawab lah yaaa..
sing eling mbak ngebelainnya, semangat 🤙🤙",https://www.threads.com/@sylvanats/post/DdSC4ebEwlv,sylvanats
"Dikit kak orang yg kayak gini, terlalu banyak yg FOMO, ada isu digoreng ngikut, orang beropini apa langsung diikutin, Maudy Ayunda segitu baik dan aktif donasi aja diserang mati2an, padahal yg nyerang ga ada kontribusinya seupil Maudy Ayunda",https://www.threads.com/@pikirsecaralogik4/post/DdQZ945kf9x,pikirsecaralogik4
"gak herankan kalau orang mudah kecewa sama satu figur, begitu juga sebaliknya, mudah sekali untuk glorifikasi. Sudah banyak nonton podcast Maudy ayunda, banyak opininya yang cocok, beberapa gak relate sama sekali, termasuk yang terbaru. Tapi itu saya anggap karena dia hidup di bubble yang berbeda dgn saya.",https://www.threads.com/@hokagemydream/post/DdSC1Byk9Gk,hokagemydream
"Kalian yang bully Maudy Ayunda, keliatan banget kalo cara pikir kalian masih binary. Yuk ngaca dulu yuk. Jangan salah fokus.",https://www.threads.com/@sofiacitrad/post/DdQ6gz5Cc4b,sofiacitrad
"Drtd seliweran narashit kek gini, ni Maudy Ayunda makek buzzer? Yg bener-bener ajeee wkwkwkwk",https://www.threads.com/@rnrcllns/post/DdSCuOeE5M7,rnrcllns
"maudy ayunda lo temenan gih sama ed sheeran, sama-sama apolitical mfs with the backbone of a paper straw 🤢",https://www.threads.com/@restyyyy/post/DdSCdwMDm2r,restyyyy
"Yang satu, sibuk turun tangan. Keringetan. Kepanasan. 

Yang satu, ""sibuk"" bikin video. Nyap-nyap ttg mindfulness sambil masak2 cantik di kitchen yg estetik dan adem. 
 
@maudyayunda , belajar gih sama @sherinamunaf . 

Klo gak punya waktu utk turun tangan, minimal punya empati woi. 

Gimana caranya orang2 di Kalimantan bisa praktekin teori ""mindfulness"" lu klo mau nafas aja kesusahan. 

Gregettttt asli !!!!",https://www.threads.com/@rickyprijaya/post/DdOllTeifTW,rickyprijaya
Heran yang mengidolakan Maudy Ayunda dengan cara berpikir segitunya,https://www.threads.com/@srj_laras/post/DdSCHj3E_3B,srj_laras
Cepat sekali pergeseran lempeng bumi dari Uan Kaisar ke Maudy Ayunda.,https://www.threads.com/@arandzruttu/post/DdSB8VKE_E5,arandzruttu
"Bagaimana pendapat kalian sendiri mengenai polemik ini—dan dimanakah batasan yang ideal antara menjaga kesehatan mental dan kewajiban kita untuk tetap peduli terhadap krisis sosial di sekitar kita?. 

Semoga Indonesia semakin baik, biar judul video nya dikemudian hari adalah ""good news from Indonesia""",https://www.threads.com/@aditya__wibisono/post/DdSBz0tEzSp,aditya__wibisono
"Sumber Referensi:
1. Kanal YouTube Maudy Ayunda: Video berjudul ""Mindfulness in the Age of Bad News""
2. Platform Media Sosial X (Twitter) dan Threads. 
3. Portal Berita & Media Pop Kultur Indonesia. 
 * Kompas.com 
 * Tribunnews (TribunWow & Tribun Sumsel)
 * Detik.com (Wolipop)
 * CNN Indonesia
 * Suara.com
 * CNBC Indonesia
 * Bloomberg Technoz
 * Langit7.id
 * The Phrase",https://www.threads.com/@aditya__wibisono/post/DdSB0dbk7Qv,aditya__wibisono
Dari 'Mindfulness' Berujung Minta Maaf: Kronologi Lengkap Polemik Video Maudy Ayunda 👇,https://www.threads.com/@aditya__wibisono/post/DdSBz2bk3QX,aditya__wibisono
"1/6.🧵 Awal Mula Konten Diunggah. 

Pada 21 Agustus 2026, Maudy Ayunda mengunggah sebuah video di kanal YouTube pribadinya dengan judul ""Mindfulness in the Age of Bad News"". Dalam video tersebut, ia menceritakan perasaan kewalahannya (overwhelmed) karena terus dibombardir oleh rentetan berita buruk dari dalam maupun luar negeri selama setahun terakhir.",https://www.threads.com/@aditya__wibisono/post/DdSB0bWk5Cm,aditya__wibisono
"Gue tipe orang yg banyak konsumsi berita dan abis itu seringkali ikutan stress dan cemas, bahkan sampe takut (terutama berita us karena skrg gue tinggal di sini). Nah, kalo udah kayak gitu, orang2 terdekat kadang minta gue buat stop dulu baca beritanya, keluar rumah, olahraga, enjoy life. Ini yang dimaksud mindful nya maudy ayunda atau gue salah nangkep?",https://www.threads.com/@ichsanakbar/post/DdRYhUilcLx,ichsanakbar
"Betulll sekalii.

Tapi timing nya mungkin tidak pas.
Di situasi negara carut marut dan tidak semua org pny privilege bisa mindful. Org juga lg mudah tersinggung jd kontennya terkesan tidak napak tanah. 
Orang2 punya ekspektasi besar juga ke Maudy Ayunda.",https://www.threads.com/@fyodortolstoyyyy/post/DdRzIHkAb1d,fyodortolstoyyyy
"Percuma nulis puanjang commenting Maudy Ayunda gengs, lah dia lagi stoik mengkurasi bad news comment-comment kalian wkkw",https://www.threads.com/@wdwynson/post/DdRy9k-k31R,wdwynson
Ini Maudy bayar buzzer jg kah?,https://www.threads.com/@jnfsoe_/post/DdQtd9qHYyw,jnfsoe_
Trus maudy ayunda harus buat konten marah marah dgn caci maki pemerintah/negaraaa sesuai dgn keinginan kali ? Gitu ga sih mau kaliaan?  Wkwk aneh bgt beda pandangan aja malah di kerdilkan dn dbully. Gws buat kalian,https://www.threads.com/@rnvy_20/post/DdRyiGjExGr,rnvy_20
"Menurut gue, konten Mindfullness in the age of bad news  Maudy Ayunda ini sebenarnya lebih cocok  jadi kontenan close friends dia aja, bukan di ruang publik. Bukan karena isi pesannya sepenuhnya salah ya, tapi lebih ke masalah konteks dan timing. Ada beberapa hal yang mungkin bagus untuk diri sendiri, tapi belum tentu bisa diterima dengan cara yang sama oleh semua orang ofc..",https://www.threads.com/@celestialnia/post/DdRyHK5kvu-,celestialnia
Baru kali ini kecewa sama Maudy Ayunda.,https://www.threads.com/@cahayagema_writer/post/DdRyG54E7L4,cahayagema_writer
"Aku boleh emosi ga sama pemerintah Kalteng🤬, aku punya newborn yg umurnya  2 minggu masih merah yg ditengah asap ga masuk akal ini tiap hari dia cuman dikamar bertahan dengan AC dan Air purifier terus ini tiba MATLIS 🤬 bahkan ankku ga bisa berjemur matahari tiap pagi karna asap ini",https://www.threads.com/@ciaefelinp/post/DdQgMaQEoK7,ciaefelinp
maudy ayunda cannot relate nih pasti,https://www.threads.com/@idyawsu/post/DdRyEv6E_0C,idyawsu
maudy ayunda memilih tone deaf dari pada tone body😩😂🙏,https://www.threads.com/@anisah_lest/post/DdRxvhInybz,anisah_lest
"Tulisan tangan adalah BLUE PRINT hidupmu yang gak bisa dimanipulasi. Termasuk tulisan seorang Maudy Ayunda. 

Selama ini dia dikenal cerdas dan berjiwa sosial. Tapi di era penuh bad news sekarang, apakah gerakan mindfulness-nya itu beneran tulus atau justru ""buta sosial"" terhadap realita?",https://www.threads.com/@awan_grafolog/post/DdRHTZQEzXW,awan_grafolog
Marissa Anita menambahkan Maudy Ayunda ke grup mindfullness📱,https://www.threads.com/@ritamoenadi_/post/DdRxkJJky07,ritamoenadi_
"Apa yang orang lain suka, kalian ga suka ?

I go first,
-Bawang Goreng 😫🥴🤮",https://www.threads.com/@preciousliilyy/post/DdOh2FwDxxl,preciousliilyy
Maudy Ayunda,https://www.threads.com/@oktandre/post/DdRxUy1E_N5,oktandre
MAUDY AYUNDA DIKULITIN SAMA NETIZEN DARI A—Z MAMPUS GILEEEEEEEE DARI BERBAGAI PERSPEKTIF KENAAAA LOOO! Ahhaahahaha,https://www.threads.com/@hilmial12/post/DdSPrUcE1bC,hilmial12
"Kata aku teh, teteh2 yang jadi topik hangat pembicaraan seantero Indonesia ini musti baca buku “As Long As The Lemon Trees Grow”. ‘Menyadarkan diri’ tanpa menggurui, tanpa memaksa. Tapi amat melekat dan membekas di hati. 

Ketakutan yang lumrah, pelarian, dan penemuan diri dalam serah yang ikhlas jadi point menarik dari buku ini. Dan semua itu berkat tangan handal dari Zoulfa Katouh, sang penutur.",https://www.threads.com/@guyarssn_/post/DdSPkWCk5i3,guyarssn_
"Kagum banget sama Mbak
 @maudyayunda 

Selain pinter jalur akademis, ternyata pinter juga bikin orang se-Indonesia punya pemikiran & ketikan yg sama persis secara magis. 

Telepathy is real!

Indahnya kebersamaan. 
Melihat akun2  bersatu padu menggunakan satu hati, 
satu jiwa, & satu template teks yg sama demi membela sang idola. Terharu akutu. 

copy-paste,
amin.

Jam segini 

""kakak pembina"" 

pasti lagi pusing ngecekin link laporan.",https://www.threads.com/@fatur_daqu/post/DdSPjpBEtcX,fatur_daqu
"Kagum banget sama Mbak
 @maudyayunda 

Selain pinter jalur akademis, ternyata pinter juga bikin orang se-Indonesia punya pemikiran & ketikan yg sama persis secara magis. 

Telepathy is real!

Indahnya kebersamaan. 
Melihat akun2  bersatu padu menggunakan satu hati, 
satu jiwa, & satu template teks yg sama demi membela sang idola. Terharu akutu. 

copy-paste,
amin.

Jam segini 

""kakak pembina"" 

pasti lagi pusing ngecekin link laporan.",https://www.threads.com/@fatur_daqu/post/DdSPjpBEtcX,fatur_daqu
"Semangat ya Kak, 
demi sesuap nasi & demi nama baik Mbak Maudy yang harus tetap estetik & tanpa cela",https://www.threads.com/@fatur_daqu/post/DdSPjowEoXA,fatur_daqu
Ternyata seorang maudy ayunda pun pada akhirnya menggunakan buzzer. 😂,https://www.threads.com/@manisturkey/post/DdSPdrRE6qP,manisturkey
"Abis nonton YT maudy. Kayak nonton vicky prasetyo. Terlalu high pilihan verbs nya 😅 puyeng. Monmaap adek maudy ayunda, messagenya gak nyampe ke saya",https://www.threads.com/@re_tantri/post/DdSPZgMk2kn,re_tantri
"Ada kata-kata yang disebut dari Sayyidina Ali, isinya begini kira-kira: “Kalau kamu empati ketika melihat orang susah, berarti kamu orang baik. Kalau kamu terganggu pada orang susah, berarti kamu tak sedang baik-baik saja.”
@husein_hadar 🙏",https://www.threads.com/@ahn_yoona14/post/DdSPUjYk9F2,ahn_yoona14
"Thread tolong jangan munculkan lagi berita Maudy Ayunda di saya. Org yg komentar tentang Maudy Ayunda rata-rata pemarah, sumbu super pendek. Makasih🙏🤡",https://www.threads.com/@chaoticj0urnal/post/DdSPLsSkiT8,chaoticj0urnal
"Lulusan Oxford yg udh jelas2 pinter banget, krn ga sembarang orang yg bisa diterima di sana
Salah 1 kampus terbaik di dunia 
Top 3 selain Harvard & Cambridge aja masih pada berani julid loh
Yg julid juga, ga bakalan kuliah di salah satu top 3 kampus dunia yg kusebutin di atas.
Emang ga ada yg salah
Apalagi kita tau, dia ga pernah bikin skandal
Selalu tenar karna hal positif 
Netizen julid mau mencoba nyari celah kesalahan dia
Tapi sayangnya ga kena
Udah jelas banget, pada mau PANSOS sama Maudy",https://www.threads.com/@teddybearyayfluffy/post/DdRoCkZDxMa,teddybearyayfluffy
"perbandingan netizen julid vs Maudy Ayunda:
- si julid: miskin, 0 prestasi, 0 kekayaan, 0 kesuksesan 
-Yg dijulidin (Maudy Ayunda): tajir, sukses, prestasi udh pasti ada & banyak
Tapi org julid msh tdk menyadari perbedaan sejauh itu🤣
Komen negatif & kontra hadir bukan utk direspon & di ajak adu argumen, melainkan diblok. Org julid & kontra tdk berhak atas akses utk berkomentar dariku
Kemampuan finansial seseorang berpengaruh terhadap sikap, makanya org tajir tdk pernah sekomplek dgn org miskin",https://www.threads.com/@teddybearyayfluffy/post/DdSPDqNj5zP,teddybearyayfluffy
"Dia ngomong gitu karena udah hidup nyaman, si paling mindfullness🫵🏻",https://www.threads.com/@elssaa_day/post/DdSBw4vE0fQ,elssaa_day
Maudy ayunda kira kira trauma ga yah sarapan pake avocado scrambled eggs 👀,https://www.threads.com/@dsandrra/post/DdR3ayaE0ay,dsandrra
"Buzzernya MA ternyata ga dibayar, tapi murni tolol 😂",https://www.threads.com/@elelsasa_/post/DdR2PCuE-9W,elelsasa_
"Saya dulu pernah sampai di tahap interview LPDP dan gagal. Cita-cita saya dibabat habis-habisan oleh salah seorang interviewer karena dianggap “sia-sia” 

Ceritanya saya mau lintas jurusan ke S2 public policy, dari saya yang sebelumnya S1 Ilmu Komunikasi. 

Pemikiran saya sederhana, sebagai lulusan komunikasi, saya punya tanggungjawab untuk mengedukasi masyarakat awam di Indonesia tentang cara pembacaan yang benar tentang publikasi kebijakan negara di era post-mo, post-truth, hoax dan AI.",https://www.threads.com/@berghainart/post/DdRz6KTExJs,berghainart
"Apalagi mengingat saat itu, saya menyadari kok banyak blunder yang dilakukan oleh goverment saat melakukan komunikasi publik soal kebijakan yang mereka buat sendiri. Ujung2nya debat kusir dan penuh hatespeech alih-alih membangun dialektika positif antara warga dan goverment

Dari situ munculah motivasi saya mau kuliah sampai S3, atau minimal S2 public policy agar saya bisa punya ilmunya. Jadi kalau punya channel edukasi di media sosial nggak asal cuap-cuap saja tapi miskin esensi",https://www.threads.com/@berghainart/post/DdRz6OKExRO,berghainart
"Saya dulu pernah sampai di tahap interview LPDP dan gagal. Cita-cita saya dibabat habis-habisan oleh salah seorang interviewer karena dianggap “sia-sia” 

Ceritanya saya mau lintas jurusan ke S2 public policy, dari saya yang sebelumnya S1 Ilmu Komunikasi. 

Pemikiran saya sederhana, sebagai lulusan komunikasi, saya punya tanggungjawab untuk mengedukasi masyarakat awam di Indonesia tentang cara pembacaan yang benar tentang publikasi kebijakan negara di era post-mo, post-truth, hoax dan AI.",https://www.threads.com/@berghainart/post/DdRz6KTExJs,berghainart
"Tapi kata interviewernya “Ya kalau mau edukasi kebijakan publik lewat Youtube, S1 aja cukup. Kenapa harus sampai S3? Coba buka Youtube dan di sana sudah banyak konten seperti itu” 😃

Makdeg.. dan ada pertanyaan-pertanyaan lainnya lagi yang menurut saya tidak filosofis, dan cenderung intimidatif. 

Sejak saat itu saya menjadi inferior untuk bermimpi. “Wah ternyata saya sebodoh itu ya dalam berimajinasi. Mungkin benar cita-cita saya terlalu naif.”",https://www.threads.com/@berghainart/post/DdRz6NIE2d3,berghainart
"Lalu kemudian ramai lagi sekarang soal statementnya Maudy Ayunda, sebelumnya ada kasus Pancatera juga kan ya.

Jadi langsung keinget memori interview itu 🙂✊🏻

Yang sekolah tinggi aja bisa blunder apalagi yang gak sekolah. Di LN aja sekarang ada jurusan khusus influencer. Wkwk

Yasudahlah, mungkin WNI emang lagi dipaksa menikmati tren populisme dan matinya kepakaran 😥🙌🏻",https://www.threads.com/@berghainart/post/DdRz6M-k7bj,berghainart
"Apalagi mengingat saat itu, saya menyadari kok banyak blunder yang dilakukan oleh goverment saat melakukan komunikasi publik soal kebijakan yang mereka buat sendiri. Ujung2nya debat kusir dan penuh hatespeech alih-alih membangun dialektika positif antara warga dan goverment

Dari situ munculah motivasi saya mau kuliah sampai S3, atau minimal S2 public policy agar saya bisa punya ilmunya. Jadi kalau punya channel edukasi di media sosial nggak asal cuap-cuap saja tapi miskin esensi",https://www.threads.com/@berghainart/post/DdRz6OKExRO,berghainart
"Tapi kata interviewernya “Ya kalau mau edukasi kebijakan publik lewat Youtube, S1 aja cukup. Kenapa harus sampai S3? Coba buka Youtube dan di sana sudah banyak konten seperti itu” 😃

Makdeg.. dan ada pertanyaan-pertanyaan lainnya lagi yang menurut saya tidak filosofis, dan cenderung intimidatif. 

Sejak saat itu saya menjadi inferior untuk bermimpi. “Wah ternyata saya sebodoh itu ya dalam berimajinasi. Mungkin benar cita-cita saya terlalu naif.”",https://www.threads.com/@berghainart/post/DdRz6NIE2d3,berghainart
"Menurut gue, konten Mindfullness in the age of bad news  Maudy Ayunda ini sebenarnya lebih cocok  jadi kontenan close friends dia aja, bukan di ruang publik. Bukan karena isi pesannya sepenuhnya salah ya, tapi lebih ke masalah konteks dan timing. Ada beberapa hal yang mungkin bagus untuk diri sendiri, tapi belum tentu bisa diterima dengan cara yang sama oleh semua orang ofc..",https://www.threads.com/@celestialnia/post/DdRyHK5kvu-,celestialnia
"Saya bukan org jenius tp saya rasa saya cukup bisa menyederhanakan konsep2 yg membutuhkan org berhalaman2 utk menjelaskan menjadi suatu ringkasan mudah dicerna.

Masalah Maudy imo adalah seperti PERUMPAAN ini:
** BAYANGKAN jika ada seseorg yg privileged, dalam social bubble, tanpa berniat jahat, beri nasihat kepada orang2 ""miskin"" mengenai pentingnya makan organic etc mengandung nutrisi tertinggi 3 kali sehari** THATS IT. Bikin marah ga?",https://www.threads.com/@therealdklo/post/DdRxJpAFZyW,therealdklo
"Backfire total! karena si org ""miskin"" bilang lah lu kira gw punya duit kek elu, mau makan beras bekas aja belon tentu ada duit. Dari pihak si org privilege, dia berpikir lho nasihat gw secara intinya objektif kan bener, bahwa gizi itu bagus. Kok gw dirujak?

Ga lebih dan ga kurang dari itu. Dua suara dari dunia yang sangat berbeda, clash di tengah. PS: gw ga follow dia ya n gw jg bukan org Indo. Tapi analisanya segampang itu mesti pake contoh2 yang ekstrim. Peace to all.",https://www.threads.com/@therealdklo/post/DdRxJnQFWPp,therealdklo
"Saya bukan org jenius tp saya rasa saya cukup bisa menyederhanakan konsep2 yg membutuhkan org berhalaman2 utk menjelaskan menjadi suatu ringkasan mudah dicerna.

Masalah Maudy imo adalah seperti PERUMPAAN ini:
** BAYANGKAN jika ada seseorg yg privileged, dalam social bubble, tanpa berniat jahat, beri nasihat kepada orang2 ""miskin"" mengenai pentingnya makan organic etc mengandung nutrisi tertinggi 3 kali sehari** THATS IT. Bikin marah ga?",https://www.threads.com/@therealdklo/post/DdRxJpAFZyW,therealdklo
"temanya: mindfulness in the age of bad news by mbak maudy Ayunda.
krisis struktural mungkin cuma sebatas berita buruk di hp yang bisa diselesaikan lewat digital detox, namun kamu lupa ada batas yang sangat kontras antara sekedar berita buruk dan realita buruk, sebab masalahnya kita kadang bisa bicara nyaman sambil menyiapkan makanan sarapan tapi ada loh saudara kita yang tidak bisa, jika kamu terganggu dengan berita buruk, Mereka terganggu karena mengalami berita buruk.",https://www.threads.com/@_fadlyalfaris/post/DdSO_cgkkHa,_fadlyalfaris
"Saya seneng sama konten nya maudy ayunda yang lagi rame sekarang, karna saya sepemikiran dengan maudy dan saya juga orang gak punya empaty, biasa aja liat orang susah, dan liat orang susah kaya yang yaudah itu derita lo ngapain gua harus repot gitu. Pasti kalian yang baca utas ini kesal dan marah kan? Kalian gak boleh marah saya gak suka di debat dan saya merasa selalu benar gak pernah salah",https://www.threads.com/@buburtanpakuah/post/DdSOzx-kra0,buburtanpakuah
Maudy Ayunda rame kenapa guys? Help infoin aja dong. Kaya uda dar der dor banget ga bisa diem dulu sebentar apa ini socmed. 😭,https://www.threads.com/@edwisetya/post/DdOQa-xDxfT,edwisetya
@meta.ai kenapa maudy ayunda?,https://www.threads.com/@ssukasuka_ku/post/DdSOzkun7IE,ssukasuka_ku
"Iya memang ga bisa kak.. ga bisa mindfulness sambil ngerasain semua penderitaan yg kakak sebutin itu. 
FYI, saya juga ga mengidolakan Maudy Ayunda. 
Kalo kakaknya ga mau stress dan sakit hati saran saya ikutin saran Maudy Ayunda untuk mengurangi konsumsi konten2 yg bahas tentang Maudy Ayunda biar makin tenang (mindful).
Karna dgn kakak ngajak debat org justru makin stres dan marah.",https://www.threads.com/@harry.bood/post/DdRngkACeGP,harry.bood
"statement maudy ayunda bikin sakit hati yg kena bencana, sudah bener diam2 aja selama ini (maudy ayunda) sekalinya ngomong malah bikin perdebatan",https://www.threads.com/@irasmnr/post/DdSOeZOEz01,irasmnr
"Maudy Ayunda ngasih tips tidur nyenyak di rumah yang atapnya bocor, lantainya retak, kamar mandi menggenang, dapur pakai Minyakita.",https://www.threads.com/@paramuda/post/DdSOKw8k83A,paramuda
"Dear Maudy Ayunda, kalau kamu emang memahami filosofi Stoicism, harusnya kamu juga bisa menahan diri utk ga yapping mindfulness di tengah keadaan ekonomi yg lagi kacau balau, banyak korban MBG berjatuhan, asap karhutla yg udah di level beracun, dan bencana alam di mana-mana. Km baca berita kan?

Being mindful is ok, but when it comes to political issues and people out there are suffering, kita bisa memilih utk marah dan bersuara. 

Bad news are not just bad news, Mod. People are living with it.",https://www.threads.com/@flonoviadinda/post/DdSOD0oE649,flonoviadinda
Jenis roti yang dimakan Maudy Ayunda di video apa ya? Di warung madura ada nggak ya?,https://www.threads.com/@infoboga.jkt/post/DdSN3Pek5O5,infoboga.jkt
"Lol this comment is problematic af. I’ve been living in NYC and I can confidently say, mau di NYC or Indonesia video dia akan tetap mendapatkan mixed reactions seperti di Indonesia. Even worse. 

Basically video dia ini topicnya bagus & mungkin intentionnya baik but wrong timing & scenario. That’s it. 

Not to mention dia mengucapkan ini dari kenyamanan privileges yg dia punya & dari posisi dia sebagai public figure. Ya sangat expected dia digoreng khalayak ramai.",https://www.threads.com/@tbnainggolan/post/DdRwHchk7bB,tbnainggolan
"yep no good intention behind his comment lol, hanya memandang rendah manusia lain dengan menyalahkan orang yang gak ""sepemikiran"" dengan Maudy Ayunda. 

Dari dulu heran kenapa sih manusia manusia privileged ini, for example maudy ayunda, putri tanjung, ryu kintaro, kebelet banget ngajarin orang dan jadi motivator. 😁 validasi apa yang dicari",https://www.threads.com/@tarunaaldan/post/DdSNkkaE5CR,tarunaaldan
"Buka sosmed hari ini langsung diterjang berita menarik : 
1. Maudy Ayunda dibilang tone deaf sama netizen 
2. Pak Purbaya dicopot pas rapat 
Cuss otw ke sumber beritanya..",https://www.threads.com/@syarifani89/post/DdSNjFSktvc,syarifani89
"Saya bukan org jenius tp saya rasa saya cukup bisa menyederhanakan konsep2 yg membutuhkan org berhalaman2 utk menjelaskan menjadi suatu ringkasan mudah dicerna.

Masalah Maudy imo adalah seperti PERUMPAAN ini:
** BAYANGKAN jika ada seseorg yg privileged, dalam social bubble, tanpa berniat jahat, beri nasihat kepada orang2 ""miskin"" mengenai pentingnya makan organic etc mengandung nutrisi tertinggi 3 kali sehari** THATS IT. Bikin marah ga?",https://www.threads.com/@therealdklo/post/DdRxJpAFZyW,therealdklo
"Backfire total! karena si org ""miskin"" bilang lah lu kira gw punya duit kek elu, mau makan beras bekas aja belon tentu ada duit. Dari pihak si org privilege, dia berpikir lho nasihat gw secara intinya objektif kan bener, bahwa gizi itu bagus. Kok gw dirujak?

Ga lebih dan ga kurang dari itu. Dua suara dari dunia yang sangat berbeda, clash di tengah. PS: gw ga follow dia ya n gw jg bukan org Indo. Tapi analisanya segampang itu mesti pake contoh2 yang ekstrim. Peace to all.",https://www.threads.com/@therealdklo/post/DdRxJnQFWPp,therealdklo
"Saya bukan org jenius tp saya rasa saya cukup bisa menyederhanakan konsep2 yg membutuhkan org berhalaman2 utk menjelaskan menjadi suatu ringkasan mudah dicerna.

Masalah Maudy imo adalah seperti PERUMPAAN ini:
** BAYANGKAN jika ada seseorg yg privileged, dalam social bubble, tanpa berniat jahat, beri nasihat kepada orang2 ""miskin"" mengenai pentingnya makan organic etc mengandung nutrisi tertinggi 3 kali sehari** THATS IT. Bikin marah ga?",https://www.threads.com/@therealdklo/post/DdRxJpAFZyW,therealdklo
"Maudy Ayunda TOXIC!
Toxic Positivity",https://www.threads.com/@muhjidalhamdulillahh/post/DdRxIulD3Rh,muhjidalhamdulillahh
Dan yg aneh banyak utas tiba2 bela Maudy Ayunda setelah ybs panen hujat. Pake buzzer kah?,https://www.threads.com/@thfrhmn/post/DdRxHxeEpmj,thfrhmn
"Wajar kalau kalian gak relate dengan pemikiran Maudy Ayunda, masalah hidup dia aja perkara roti yg terlalu sehat.",https://www.threads.com/@limusakeureut_/post/DdQ8l--FGaD,limusakeureut_
"Yaelah ribet bener perkara roti sehat, Maudy Ayunda suruh makan roti AOKA dah biar ""Mindfulness"" 🙈",https://www.threads.com/@aldie_hendrawanto/post/DdRxDZ5Ep9L,aldie_hendrawanto
"https://www.threads.com/share/BAWtkj08k5/ ini lho konteks nya. 
Ini yg harus di demo dan di protes. Bukan Maudy Ayunda.",https://www.threads.com/@egisantoso/post/DdRw7ork54g,egisantoso
"yg ngebela maudy ayunda udah gabener jalan pikirannya kata gue mah. dia tu salah. udah titik. 
mau dikata ada poin benernya, ya emang ada. tapi secara keseluruhan???",https://www.threads.com/@gustia.tn/post/DdRwty3k8ly,gustia.tn
"Ini mah bullying 
Marah itu ke orang yg kerjanya gak becus, kok malah rame2 diluapin ke konten kreator yang mencoba ngasih saran buat mindful 3 minggu yg lalu 😌",https://www.threads.com/@adit_rede/post/DdRwLpYk4jo,adit_rede
Timeline ku lagi penuh hyrox ‪💩 dan mindblowing. Tapi kemudian tergeserkan oleh Sua dan Hasil. Semoga ada hasil. Oiya ini menkeu ke 3. Sekian,https://www.threads.com/@vinke_indira/post/DdRoWgpGecl,vinke_indira
Malam ini pasti tergeser Maudy Ayunda eh haters nya.,https://www.threads.com/@egisantoso/post/DdRwLHoE7y9,egisantoso
"Menurut gua ga ada yang salah sama Maudy Ayunda.Kalian aja yang kurang mindfulness..
Nontonya penuh kesadaran jangan pake emosi,kalau pendapat orang lain aja kamu terganggu,kamu kayanya belom hadir sepenuhnya.Dan masih banyak bagasi emosi nya..",https://www.threads.com/@cindy_tiya/post/DdRwAT4mQa6,cindy_tiya
"Iya memang ga bisa kak.. ga bisa mindfulness sambil ngerasain semua penderitaan yg kakak sebutin itu. 
FYI, saya juga ga mengidolakan Maudy Ayunda. 
Kalo kakaknya ga mau stress dan sakit hati saran saya ikutin saran Maudy Ayunda untuk mengurangi konsumsi konten2 yg bahas tentang Maudy Ayunda biar makin tenang (mindful).
Karna dgn kakak ngajak debat org justru makin stres dan marah.",https://www.threads.com/@harry.bood/post/DdRngkACeGP,harry.bood
"statement maudy ayunda bikin sakit hati yg kena bencana, sudah bener diam2 aja selama ini (maudy ayunda) sekalinya ngomong malah bikin perdebatan",https://www.threads.com/@irasmnr/post/DdSOeZOEz01,irasmnr
"Maudy Ayunda ngasih tips tidur nyenyak di rumah yang atapnya bocor, lantainya retak, kamar mandi menggenang, dapur pakai Minyakita.",https://www.threads.com/@paramuda/post/DdSOKw8k83A,paramuda
"Dear Maudy Ayunda, kalau kamu emang memahami filosofi Stoicism, harusnya kamu juga bisa menahan diri utk ga yapping mindfulness di tengah keadaan ekonomi yg lagi kacau balau, banyak korban MBG berjatuhan, asap karhutla yg udah di level beracun, dan bencana alam di mana-mana. Km baca berita kan?

Being mindful is ok, but when it comes to political issues and people out there are suffering, kita bisa memilih utk marah dan bersuara. 

Bad news are not just bad news, Mod. People are living with it.",https://www.threads.com/@flonoviadinda/post/DdSOD0oE649,flonoviadinda
Jenis roti yang dimakan Maudy Ayunda di video apa ya? Di warung madura ada nggak ya?,https://www.threads.com/@infoboga.jkt/post/DdSN3Pek5O5,infoboga.jkt
"Lol this comment is problematic af. I’ve been living in NYC and I can confidently say, mau di NYC or Indonesia video dia akan tetap mendapatkan mixed reactions seperti di Indonesia. Even worse. 

Basically video dia ini topicnya bagus & mungkin intentionnya baik but wrong timing & scenario. That’s it. 

Not to mention dia mengucapkan ini dari kenyamanan privileges yg dia punya & dari posisi dia sebagai public figure. Ya sangat expected dia digoreng khalayak ramai.",https://www.threads.com/@tbnainggolan/post/DdRwHchk7bB,tbnainggolan
"yep no good intention behind his comment lol, hanya memandang rendah manusia lain dengan menyalahkan orang yang gak ""sepemikiran"" dengan Maudy Ayunda. 

Dari dulu heran kenapa sih manusia manusia privileged ini, for example maudy ayunda, putri tanjung, ryu kintaro, kebelet banget ngajarin orang dan jadi motivator. 😁 validasi apa yang dicari",https://www.threads.com/@tarunaaldan/post/DdSNkkaE5CR,tarunaaldan
"Buka sosmed hari ini langsung diterjang berita menarik : 
1. Maudy Ayunda dibilang tone deaf sama netizen 
2. Pak Purbaya dicopot pas rapat 
Cuss otw ke sumber beritanya..",https://www.threads.com/@syarifani89/post/DdSNjFSktvc,syarifani89
"Ya Allah ini Maudy bayar buzzer kah buat defend dia? 🤣🤣🤣 narasinya sama semua, iyuhhh",https://www.threads.com/@bibblebingung/post/DdRLV79GNlx,bibblebingung
Wkwkk udah di tahap Maudy Ayunda make buzzer 😙,https://www.threads.com/@sunn_yafternoon/post/DdSNh2Mkvem,sunn_yafternoon
"bayangin orang secakep Maudy Ayunda, sepinter Maudy Ayunda tapi tone deaf. kalah sama orang-orang jelek yang gak tone deaf☺️",https://www.threads.com/@pamellacitra/post/DdQ5work17N,pamellacitra
"Si Jepri nichol nu rada alus mah... Berita negatif wae sekalina posting jadi warrior haha @jefrinichol 

Jepri Nichol > Maudy Ayunda

Apa itu reputasi 🤣🤣🤣",https://www.threads.com/@silmiluthfia/post/DdSNgnsk_Zt,silmiluthfia
"Secara ilmu psikologi, apa yang dikatakan Maudy Ayunda benar.
Secara ilmu kepekaan sosial, apa yang dilakukan Maudy Ayunda tidak bisa dibenarkan.
Paham ya sampe sini.",https://www.threads.com/@jacquel.azr/post/DdRQWpjlJLe,jacquel.azr
Kalau ada yg ga agree dgn statement saya ya gpp. Saya rugi juga dan ga akan berdebat. Dan Maudy Ayunda melemparkan sesuatu ke ranah publik harusnya beliau juga tau akan ada pro dan kontra.,https://www.threads.com/@jacquel.azr/post/DdSNLyVkj_1,jacquel.azr
@meta.ai bagaimana menurutmu si kakak Maudy Ayunda yang lagi ramai ini.,https://www.threads.com/@oetan.kayoe/post/DdSNIgxk_W2,oetan.kayoe
"Ya Allah ini Maudy bayar buzzer kah buat defend dia? 🤣🤣🤣 narasinya sama semua, iyuhhh",https://www.threads.com/@bibblebingung/post/DdRLV79GNlx,bibblebingung
Wkwkk udah di tahap Maudy Ayunda make buzzer 😙,https://www.threads.com/@sunn_yafternoon/post/DdSNh2Mkvem,sunn_yafternoon
"bayangin orang secakep Maudy Ayunda, sepinter Maudy Ayunda tapi tone deaf. kalah sama orang-orang jelek yang gak tone deaf☺️",https://www.threads.com/@pamellacitra/post/DdQ5work17N,pamellacitra
"Si Jepri nichol nu rada alus mah... Berita negatif wae sekalina posting jadi warrior haha @jefrinichol 

Jepri Nichol > Maudy Ayunda

Apa itu reputasi 🤣🤣🤣",https://www.threads.com/@silmiluthfia/post/DdSNgnsk_Zt,silmiluthfia
"Secara ilmu psikologi, apa yang dikatakan Maudy Ayunda benar.
Secara ilmu kepekaan sosial, apa yang dilakukan Maudy Ayunda tidak bisa dibenarkan.
Paham ya sampe sini.",https://www.threads.com/@jacquel.azr/post/DdRQWpjlJLe,jacquel.azr
Kalau ada yg ga agree dgn statement saya ya gpp. Saya rugi juga dan ga akan berdebat. Dan Maudy Ayunda melemparkan sesuatu ke ranah publik harusnya beliau juga tau akan ada pro dan kontra.,https://www.threads.com/@jacquel.azr/post/DdSNLyVkj_1,jacquel.azr
@meta.ai bagaimana menurutmu si kakak Maudy Ayunda yang lagi ramai ini.,https://www.threads.com/@oetan.kayoe/post/DdSNIgxk_W2,oetan.kayoe
Gak pernah terlintas di pikiran gw seorang maudy ayunda bakal kena cancel,https://www.threads.com/@ridhaarizky/post/DdSM3Pmklv0,ridhaarizky
"Jujur gue ngga relate kalo orang bilang gue iri dengki ke Maudy Ayunda after her video. Here i am, being honest: gue bahkan ngga di Indo, kualitas udara di kota gue tinggal relatif baik2 aja, pajak dikelola semaksimal mungkin (anak gue makan di kantin gratis kaga keracunan). BUT I KNOW, i dont have to brag those privileges i have. Gue gak mungkin ujug2 bilang “nikmatin hidup gesss, mumpung udara cerah banget niyyy di perencong” di tengah panasnya isu karhutla ini.",https://www.threads.com/@delightedbambi/post/DdSMqXTCInJ,delightedbambi
"Hai kakak kakak makassar, saya lagi cari Muse makeup untuk besok. (No fee)
Makan dan minum di sediakan.
Kalau tertarik boleh komen atau Dm yah💄✨ 
Daerah Hartaco, dg tata dan sekitarnya",https://www.threads.com/@dillsshh_makeup/post/DdRNVftmV5U,dillsshh_makeup
"halo kak, saya bisa nih kak, sayangnya banyak inperfesion di muka, tenang kak, saya mirip maudy ayunda jadi lumayan cakep",https://www.threads.com/@hnihnyn/post/DdSMjuHE-yx,hnihnyn
"Hidup penuh privilege itu NYATA. Cantik, kaya, kuliah di luar negeri, jago bahasa asing dan nilai akademisnya bagus itu adalah pengantar untuk bisa punya privilege. Jadi kalo ternyata ada sedikit kekuranganmu itu bisa tertutupi karena kamu CANTIK, karena kamu jago bahasa asing, karena kamu kuliah di luar negeri atau bahkan karena nilai akademis kamu bagus. 

Dan dalam kisah si Mba CANTIK ini privilege itu NYATA.",https://www.threads.com/@samsiahbestay/post/DdSMddgk3yc,samsiahbestay
"Bilang aja gabisa.
Lu sadar gasih kata2 pertama lu td udh arah judgement",https://www.threads.com/@nisaernof/post/DdSJPcdk-od,nisaernof
"Gw judgemental? Dari awal pertanyaan gw simpel loh:

""emang apaan kontribusinya Maudy Ayunda? 
berhasil nguatin kurs 1 USD jadi IDR 6000 kah?""

Mana bagian dari kalimat ini yang judgmental? Kan tinggal dijawab toh. Nanya bukti kok dibilang ngejudge?

Yang justru ngejudge si pembuat utas.

""Apakah kontribusimu sudah lebih besar daripada Maudy Ayunda? Pastinya tidak.""

Dia ngejudge ""PASTINYA TIDAK"" loh. Dia memastikan TIDAK.

Paham bedanya mana yg ""judgemental statement"" dan ""sarkasme"" ga sih?",https://www.threads.com/@luxinextinguibilitatis/post/DdSMJzIE_ac,luxinextinguibilitatis
Ada gak denger presiden mengucapkan belasungakawa atas tenggelamnya kapal virgo?,https://www.threads.com/@febrizulkifli_/post/DdRJZ1QGamR,febrizulkifli_
Doi dah teredukasi sama maudy ayunda 🫨 wkwk,https://www.threads.com/@nevermindorbit/post/DdSBz8tE6YC,nevermindorbit
"Sebagai individu yang dibiayai oleh uang negara, ia diharapkan lebih vokal menyuarakan kepedulian terhadap isu riil bangsa, bukan malah menyarankan audiens untuk menjauh dari kenyataan.",https://www.threads.com/@aditya__wibisono/post/DdSBz19E6pl,aditya__wibisono
"5/6. Klarifikasi dan Permintaan Maaf. 

Merespons gelombang protes yang masif, Maudy Ayunda akhirnya buka suara dan menuliskan klarifikasi melalui kolom komentar di kanal YouTube-nya. Ia secara terbuka meminta maaf atas konten yang menuai polemik tersebut dan mengakui bahwa kemampuan untuk menjauh sejenak dari berita memang murni sebuah privilese yang tidak bisa dinikmati oleh semua orang.",https://www.threads.com/@aditya__wibisono/post/DdSBz2AE5td,aditya__wibisono
Dari 'Mindfulness' Berujung Minta Maaf: Kronologi Lengkap Polemik Video Maudy Ayunda 👇,https://www.threads.com/@aditya__wibisono/post/DdSBz2bk3QX,aditya__wibisono
sekelas maudy ayunda??? kaget sih jujur,https://www.threads.com/@___pinkmemoir/post/DdSAeZRE_bH,___pinkmemoir
"Maudy Ayunda mungkin hanya salah membaca zaman.

Tapi masyarakat yang frustrasi tak selalu mencari kebenaran, mereka mencari seseorang untuk disalahkan. 

Ketika sistem terlalu besar untuk dilawan, manusia mencari satu wajah untuk menanggung dosa yang bukan miliknya. 

Hari ini, wajah itu adalah Maudy Ayunda. 

Ketika kita tak mampu menghancurkan sistem, kita menghancurkan seseorang yang kebetulan menyerupainya.

Dan setelah kemarahan selesai, dunia tetap sama.",https://www.threads.com/@requiemovsouls/post/DdSAY1jE66Z,requiemovsouls
Klasik tapi ampuh,https://www.threads.com/@bintangemon/post/DdQ7JNJjNI0,bintangemon
"Aduk-aduk. Walah, jadi deh... Maudy Ayunda ☕️",https://www.threads.com/@eveedesu/post/DdR_7r1kwiz,eveedesu
"unfollow publik figur yg bertahun tahun jadi inspirasi perihal edukasi, bye Maudy Ayunda",https://www.threads.com/@sllycinnamon_/post/DdR_zvBkwCV,sllycinnamon_
"Buka sosmed hari ini highlight-nya cuma dua: atlet yang kepising dan Maudy Ayunda. 

No comment ya soal yang kepising. 😂 Tapi soal Maudy, jujurly saya sebenarnya termasuk tipe yang adem dan anti provokasi. Cuma ya gimana… pemerintahan sekarang ada aja kasusnya. Kalau nggak bencana alam, ya “bencana” karena ulah manusia sendiri—macam kasus keracunan MBG dan lain-lain.

Jadi kadang bukan orangnya yang pengen ribut, beritanya aja yang nggak kasih kesempatan buat adem. 😭",https://www.threads.com/@iingmutt/post/DdR_pgPoF8E,iingmutt
"Yang lg rame soal Maudy Ayunda, jujur gue sebenrnya juga capek sih liat berita apalagi tahun-tahun ini gitu ya. Seperti berita korupsi yg tiap hari ada aja, belum omongan pejabat yg aneh aneh, keracunan MBG dan yg akhir akhir ini kebakaran hutan yg ga selesai selesai. Ada kali 2-3 bulan itu kebakaran. Tapi gue disini capeknya tuh bukan karna denger bad newsnya tapi kek kenapa kok pemerintah diem diem aja gitu ga ada pergerakan untuk cari solusi atas masalah tsb supaya segera selesai gitu loh.",https://www.threads.com/@cindyaxyn/post/DdR_Y5Uk-XR,cindyaxyn
"Dia rakyat juga kan btw? Yaudah monggo kak ikutan test lpdp, mau kaya mau miskin semua di fasilitasi, bahkan kategori kurang mampu, afirmasi, prestasi smua terpisah. Tergantung kk mau ngandelin jalur mana🙏",https://www.threads.com/@ohokelahbaik/post/DdRf14lE90x,ohokelahbaik
"ujung ujung nya mau sepintar apapun Maudy ayunda dia tetaplah gak menyuarakan suara rakyat atau suara sesama rakyat indo, gw gak peduli soal LPDP yg diperuntukkan orang pinter yg mumpuni. faktanya kecerdasan intelektual dia malah menyuruh kita untuk be 'mindfullnes' dengan dalih dalih menyuruh kita tone deaf. Lol",https://www.threads.com/@bii.hbllh/post/DdSSmEXH9k5,bii.hbllh
Perhaps people who are defending audy mayunda should learn more from macklemore. Or probably she better do it herself as well.  Peace.,https://www.threads.com/@moonspice177/post/DdRv-40EmHM,moonspice177
Mindfulness itu artinya bodo amat bukan si?,https://www.threads.com/@tghidayat/post/DdP-tZeD7PN,tghidayat
"Mindfulness itu artinya walau kebakaran, aku tetap tenang 🙏🏻 jgn lupa telp damkar krn mereka lah yg bantu memadamkan. Kalo panik dan marah2 ke tetangga gak ada guna nya. Apa lg marah2 ke celebs. Marah itu ke DPR presiden kepala daerah. Krn semua ini terjadi atas ijin mereka. Bukan ijin Maudy Ayunda.",https://www.threads.com/@egisantoso/post/DdRvtucE-zk,egisantoso
"Tulisan tangan adalah BLUE PRINT hidupmu yang gak bisa dimanipulasi. Termasuk tulisan seorang Maudy Ayunda. 

Selama ini dia dikenal cerdas dan berjiwa sosial. Tapi di era penuh bad news sekarang, apakah gerakan mindfulness-nya itu beneran tulus atau justru ""buta sosial"" terhadap realita?",https://www.threads.com/@awan_grafolog/post/DdRHTZQEzXW,awan_grafolog
Jujur gue lebih males baca ini alias “Blue print” nya maudy ayunda daripada baca banyak berita yang katanya doi bikin toxic ituh🙏🏻🙏🏻🙏🏻,https://www.threads.com/@galuhindrajita/post/DdRvreQD2hP,galuhindrajita
"Td liat ada thread yg bilang “memangnya kontribusimu sudah sebesar maudy ?” Kalau belum, memangnya jadi nggak boleh ngomong gitu?🥲",https://www.threads.com/@novembercaine/post/DdRBvVDE9xO,novembercaine
"Ada jg ""you're not on the same level as Maudy Ayunda, dia pengen ajak kita naik level aja kok"" 🙃",https://www.threads.com/@whoisdatgorg/post/DdRvqpBn690,whoisdatgorg
"Murni bahas inti pesan dari tapi mengenyampingkan fakta2 soal si pemilik pesan yang terafiliasi dengan kepentingan bisnis , membahas pesan dan si pembuat pesan tidak bisa di pisahkan karena mereka satu kesatuan ( di publis di konten yang bisa di akses publik) . Sejak kapan mengetahui profil seseorang harus jadi fans orang tersebut ? Itulah guna nya literasi dan membaca profil orang tersebut. Apalagi jika anda sampai membuat beberapa utas",https://www.threads.com/@elianarozaa/post/DdRuscQn--7,elianarozaa
"Sorry ya, utas ini fokusnya bahas isi video, bahas pemikiran, bukan bahas yg lain. Mungkin bisa cari utas lain yg bahas orangnya kalo mau diskusi.
Jujur ga tau apa2 nih soal Maudy Ayunda terafiliasi sama apa aja dan punya urusan bisnis apa. 
Dan utas ini sama sekali ga membela orangnya. Sebatas meluruskan kesalahpahaman isi pesan aja. ga lebih.
Thanks infonya anyway.",https://www.threads.com/@harry.bood/post/DdRvmOLE4WT,harry.bood
"Justru karena ada berita penderitaan rakyat makanya tidak boleh cuma diskip, tapi dipikirkan apa yang bisa kita lakukan untuk kontribusi meringankan penderitaan mereka. Bisa donasi. Kalaupun itu tidak bisa dilakukan, cukup bantu menyemangati & mendoakan mereka. Itu sendiri sudah kontribusi",https://www.threads.com/@samanta_widjaja/post/DdRmLCZkvvC,samanta_widjaja
"Kita menyentuh poin yang sama mbak dan saya tidak membenarkan sikap Maudy Ayunda yang speak up mengajak untuk skip berita masyarakat ,  apalagi krisis saat ini . Yang saya muak kan itu dengan banyaknya bahasan soal Maudy Ayunda tone deaf ini , feed makin ketimpa berita yang harusnya masyarakat bisa tau dan berempati serta kontribusi . Yang jadinya pengalihan inti masalah.",https://www.threads.com/@rzqmbrk31/post/DdRvfEEn_Su,rzqmbrk31
"guys ngapain kalian belain maudy ayunda, harusnya dia yang belain kita dengan bersuara di platformnya, dia kalian belain bakal tetap tone deaf dengan segala privilegenya, dan buat buzzer lu kontol anggaran buzzer itu udah pasti 80% nya di embat sama pejabat yang dapat instruksi dari atasan...makanya kalian dapat dikit coba kalian gunakan cara buzzer itu untuk nyerang pemerintah, kita mungkin dapat pendidikan yang layak, pekerjaan yang layak..kalau kalian bersuara",https://www.threads.com/@elyasmad/post/DdRut3Ek8T1,elyasmad
"maudy ayunda lagi dirujak netizen. tapi gue justru penasaran, misalkan kalian ada di posisi maudy ayunda. punya privilege, kapasitas berfikir yang mumpuni, dan cukup punya pengaruh besar untuk mengedukasi audiens. kalian akan memilih cara yang sama, tipis-tipis mengedukasi sambil tetap main aman? atau berani amar ma'ruf nahi munkar dengan menegur dan mengingatkan pemerintah ketika ada kebijakan atau tindakan yang keliru, walaupun harus menghadapi resiko dan konsekuensinya?",https://www.threads.com/@azzaixczr_/post/DdREhMOEvUQ,azzaixczr_
"Mmg Maudy Ayunda politisi ya?
Itu lho banyak politisi celebrity. Kok gak protes ke mereka? 
Ya krn ini ulah nya buzzer aja pengalihan issue. Disamber haters nya Maudy.",https://www.threads.com/@egisantoso/post/DdRupU0E3BA,egisantoso
"Dear @maudyayunda, kalau kamu ""cuma artis biasa"" yang nggak pernah sekolah serius, saya bisa maklum dengan konten “Mindfulness in the Age of Bad News” mu yang dihujat netizen se-Konoha Raya itu. Tapi, kamu adalah alumni Philosophy, Politics and Economics (PPE) Oxford, jurusan yang paling banyak mencetak para Policy Makers di UK termasuk 5 orang PM. Kamu mereduksi persoalan BAD POLICY menjadi sekedar persoalan BAD NEWS, itu adalah kedunguan tingkat dewa untuk standar alumni PPE Oxford.  1/10",https://www.threads.com/@buitenzorgy/post/DdQgqbVD3qS,buitenzorgy
"Kasian bgt Maudy didesak disuruh empati dan lain2, padahal yg harusnya kalian desak itu presiden noh biar benerin negaranya, ada waktu bgt tuh lu pda nontonin maudy ayunda, bukan salah dia ngelakuin apa yg dia mau dan dia ga punya kewajiban apa2 buat negara, banyak bgt kelakuan pemerintahan negara konoha yg perlu dihujat dan diperbaiki dripda sibuk marahin dan ngatain maudy. kocak",https://www.threads.com/@putrimayangkara/post/DdRuXR9E7Sc,putrimayangkara
"""Emang ada yg salah dari videonya? Menurutku isinya netral, tapi kok pada ketrigger?""
""Buzzer ya kamu?""
""Iri ya karena orang lain hidup enak sedangkan kamu hidup susah?""

Aduh... Gimana ya jelasinnya.
Coba tinggal 2 bulan, eh, ga usah deh, 2 bulan juga pasti kalian ga kuat. Coba 2 minggu aja tinggal di Pontianak atau daerah manapun di Kalimantan yg sedang terdampak parah. Terus nonton video itu. Kira2 bakal ketrigger ga?

Bad news buat sebagian orang adalah bad reality buat sebagian lainnya...😔",https://www.threads.com/@santy_diliana/post/DdRFqmDGBoi,santy_diliana
"Kenapa mbak nggak demo ke DRPD ? Kenapa gak demo ke gubernur mbak?
Trus Maudy Ayunda harus jd congor kalian? Kenapa nggak pake tangan mulut sendiri utk protes langsung ? Bisa lho.",https://www.threads.com/@egisantoso/post/DdRuVsgk3ZV,egisantoso
"Yang lagi viral itu video YouTube-nya 21 Agustus 2026 berjudul Mindfulness in the Age of Bad News, dia cerita lelah dibombardir berita buruk dan ngajak mindfulness.

Dari beberapa perspektif gini:

1. Komunikasi publik: timing-nya dianggap miss, karena lagi ada banjir Sumatra, karhutla Kalimantan, jadi yang dia sebut ""bad news"" itu ""bad reality"" buat banyak orang.

2. Privilege & tanggung jawab: netizen sorot background LPDP dan brand From This Island yang pakai bahan dari Papua, jadi ekspektasinya dia pakai platform buat speak up, bukan menjauh.

3. Kesehatan mental: Maudy sendiri sudah klarifikasi 13-14 September, bilang being able to step away from the news is itself a privilege dan minta maaf karena belum merefleksikan itu. Intinya niat self-care-nya valid, tapi delivery-nya kerasa jauh buat yang lagi survival mode.",https://www.threads.com/@meta.ai/post/DdRtrNhjEXz,meta.ai
@meta.ai apa yang bisa kamu pelajari dari kasus ini? Apakah pernyataan dari maudy ayunda benar ? Kalau kamu jadi maudy ayunda kamu harusnya bersikap seperti  apa?,https://www.threads.com/@zakhisyahh/post/DdRt6LbHz3E,zakhisyahh
Apa tanggapan kamu tentang Maudy Ayunda yang lagi viral @meta.ai ? Coba gunakan dari beberapa perspektif,https://www.threads.com/@zakhisyahh/post/DdRtomhH36y,zakhisyahh
Emangnya seberapa efektif bantuan profesional itu? Siapa tahu so-called profesionalnya pun lagi sama2 sakit semua.,https://www.threads.com/@atasnamabeliau/post/DdQY5BYGSS-,atasnamabeliau
"“So-called professional” omg…… dengan duit seabrek  itu nyari psikiater/psikolog yg waras mah gampang jir, klo emg gamau lokal sekalian ke singapur/LN sana mudah untuk seorang maudy ayunda😭",https://www.threads.com/@inadwrm/post/DdRtlyfE1T2,inadwrm
"ga bermaksud nyalahin bahkan aku lumayan mendukung statement kak Maudy Ayunda, tapi sadar ga doi bahwa statement doi itu bisa jadi 'senjata baru' buat buzzer tone deaf? hanya menelan mentah mentah kata 'MINDFULNESS' di momen sekarang maka ber-MINDFULNESS menjadi kunci dalam mengatasi bad news yang terjadi saat ini😂",https://www.threads.com/@rafiqlasmana/post/DdRtkZ9DxzG,rafiqlasmana
"Mungkin beliau juga ikut aliran ""Mindfulness in the Age of Bad News"" kayak Maudy Ayunda",https://www.threads.com/@fadillafdy/post/DdRtcxwj65A,fadillafdy
"Baru selesai nonton video youtube maudy ayunda

Beliau ini emang pure lagi ngomong sama sesama orang kaya yang punya privilege persis seperti yang dia punya. 
😭😭😭 dan omongannya on point untuk kalangan orang kaya mah. 

Dengan judul video youtube seperti itu dan dari awal video dia buka dengan background dapur bersih dan jaket columbia itu aja udah sebuah statement bahwa gua ga di ajak",https://www.threads.com/@_bysaee/post/DdRtUKXGBgH,_bysaee
"Abis denger podcastnya maudy ayunda, huhuhu so sad to hear that.. like how come maybe this one bad information for u buttttt for another ppl this tragedy huhuhu. Saranya emng berguna buat
org yg punya kecemasan berlebihan tapi klo buat org yg ngerasain itu beda lagi huhhu",https://www.threads.com/@ichaaulliaa/post/DdRtR3siLv2,ichaaulliaa
"Dia rakyat juga kan btw? Yaudah monggo kak ikutan test lpdp, mau kaya mau miskin semua di fasilitasi, bahkan kategori kurang mampu, afirmasi, prestasi smua terpisah. Tergantung kk mau ngandelin jalur mana🙏",https://www.threads.com/@ohokelahbaik/post/DdRf14lE90x,ohokelahbaik
"ujung ujung nya mau sepintar apapun Maudy ayunda dia tetaplah gak menyuarakan suara rakyat atau suara sesama rakyat indo, gw gak peduli soal LPDP yg diperuntukkan orang pinter yg mumpuni. faktanya kecerdasan intelektual dia malah menyuruh kita untuk be 'mindfullnes' dengan dalih dalih menyuruh kita tone deaf. Lol",https://www.threads.com/@bii.hbllh/post/DdSSmEXH9k5,bii.hbllh
"tolong jelasin, maudy ayunda kenapa?",https://www.threads.com/@monika.sarai/post/DdR_AD9Ez0d,monika.sarai
Pas demo tahun lalu yg artis2 pada ikut bersuara dan jerome sampe turun ke jalan juga dia diem seribu bahasa. Emang dia mikirin Indo? Dia cuma cari duit disini bro,https://www.threads.com/@199xfinee/post/DdR-QGkE9hd,199xfinee
"Dan itu semua gak bakal pernah bisa nyelesaiin problematika Indo. 17+8? Zonk. Unjuk rasa kecil""an? Zonk. Gak ada perubahan sama sekali. 

Karena solusinya ya memang hanya demo besar-besaran maksa presiden lengser kayak tahun 98 dulu. 

Maudy Ayunda punya kekuatan buat giring orang demo sampe segitunya? Nggak, jadi mending mikirin diri sendiri aja.",https://www.threads.com/@kimongaki/post/DdR-mgrE2pS,kimongaki
"ditengah gempuran org mengkritik Maudy jd teringat podcast Cinta Laura yg bilang ""aku punya kenalan dia ambil lpdp padahal kaya banget dan seharusnya dia bisa bayar uang kuliah mandiri tp dia milih jalur lpdp"" apakah ini Maudy? atau Gita Gutawa?",https://www.threads.com/@cinbutbutar/post/DdRTYNkn6GD,cinbutbutar
"Maudy Ayunda, Gita Gutawa, Tasya Kamila? ini kontribusinya apa ya SDH dibayarkan oleh rakyat untuk LPDP tp TDK pro rakyat",https://www.threads.com/@ka.tar02/post/DdR9nE1E-7f,ka.tar02
"kok mukamu songong gitu? udah gitu nyalahin masyarakat sipil yang bersuara akan bobroknya program ini, belum tau people power kah? @sudaru_sudaryono",https://www.threads.com/@civillian28/post/DdQf1WEIF7u,civillian28
"Nih buat maudy ayunda @maudyayunda  yg katanya kita harus Mindfullnes ditengah berita2 bed news, coba liat gimana gak geram liat statment2 bapak ini. Anak2 udh banyak yg keracunan, makanan emang bener ga layak masih aja membela diri",https://www.threads.com/@trivianoviyanti/post/DdR9ULrk9im,trivianoviyanti
"Nah, ini yang bikin bias nonton Mindfulness nya Maudy Ayunda
di otak gw
""kamu bener, tuan putri""",https://www.threads.com/@damnmaulana/post/DdR8Dplk7v9,damnmaulana
"Dari Maudy Ayunda gue belajar bahwa menyadari posisi kita dan posisi orang yg mendengarkan kita itu penting banget. 

Jadi makin sadar kalau kepekaan sosial dan hikmat menjadi sangat krusial dalam era dimana semua orang menjadi konsumen + produsen konten ""media"".",https://www.threads.com/@gianpieroch_/post/DdR8Al7k6mY,gianpieroch_
"Ya Allah capeeeeee banget sama berita yg dateng barengan gini. 
1. Maudy Ayunda dengan tone deafnya 
2. Peserta Hyrox kecirit di Beijing
3. Pak Purbaya dipecat 
Apalagi guys ayo tambahin",https://www.threads.com/@almiraaip/post/DdR7Ltqk0HL,almiraaip
"Yang comment ttg ""Mindfullnes in the Age of Bad News"" bisa sebut orang lain tone-deaf, penasaran, apa aja yang sudah kalian lakukan untuk memperbaiki keadaan ""bad-news"" itu ? Alih-alih nge-judge orang.",https://www.threads.com/@fika_malik/post/DdP7PiRE_qo,fika_malik
"Saya tidak membuat statement bencana, alam/buatan menjadi sekedar badnews belaka

Maudy Ayunda itu influencer, saya bukan... Dari kapasitas aja udah jauh banget",https://www.threads.com/@forowner2020/post/DdR61K0EmF4,forowner2020
"Secara ilmu psikologi, apa yang dikatakan Maudy Ayunda benar. Secara ilmu kepekaan sosial, apa yang dilakukan Maudy Ayunda tidak bisa dibenarkan.",https://www.threads.com/@vegachristianto/post/DdQGKp-E7ho,vegachristianto
"ini mah sebenernya berhubung yang ngonten maudy ayunda sbg figur intelektual, lulusan awardee + top university, jadi seolah2 wajib peka terhadap permasalahan di negeri ini, seolah2 bertanggung jawab untuk menyuarakan awareness “darurat” mewakili mayoritas korban yg terdampak. Klo maudy ayunda nya mbak2 biasa mah gak bakal banyak yg hujat da.",https://www.threads.com/@hamdanugraha_/post/DdR468SE8lj,hamdanugraha_
"Dia rakyat juga kan btw? Yaudah monggo kak ikutan test lpdp, mau kaya mau miskin semua di fasilitasi, bahkan kategori kurang mampu, afirmasi, prestasi smua terpisah. Tergantung kk mau ngandelin jalur mana🙏",https://www.threads.com/@ohokelahbaik/post/DdRf14lE90x,ohokelahbaik
"ujung ujung nya mau sepintar apapun Maudy ayunda dia tetaplah gak menyuarakan suara rakyat atau suara sesama rakyat indo, gw gak peduli soal LPDP yg diperuntukkan orang pinter yg mumpuni. faktanya kecerdasan intelektual dia malah menyuruh kita untuk be 'mindfullnes' dengan dalih dalih menyuruh kita tone deaf. Lol",https://www.threads.com/@bii.hbllh/post/DdSSmEXH9k5,bii.hbllh
Gak pernah terlintas di pikiran gw seorang maudy ayunda bakal kena cancel,https://www.threads.com/@ridhaarizky/post/DdSM3Pmklv0,ridhaarizky
"Jujur gue ngga relate kalo orang bilang gue iri dengki ke Maudy Ayunda after her video. Here i am, being honest: gue bahkan ngga di Indo, kualitas udara di kota gue tinggal relatif baik2 aja, pajak dikelola semaksimal mungkin (anak gue makan di kantin gratis kaga keracunan). BUT I KNOW, i dont have to brag those privileges i have. Gue gak mungkin ujug2 bilang “nikmatin hidup gesss, mumpung udara cerah banget niyyy di perencong” di tengah panasnya isu karhutla ini.",https://www.threads.com/@delightedbambi/post/DdSMqXTCInJ,delightedbambi
"Hai kakak kakak makassar, saya lagi cari Muse makeup untuk besok. (No fee)
Makan dan minum di sediakan.
Kalau tertarik boleh komen atau Dm yah💄✨ 
Daerah Hartaco, dg tata dan sekitarnya",https://www.threads.com/@dillsshh_makeup/post/DdRNVftmV5U,dillsshh_makeup
"halo kak, saya bisa nih kak, sayangnya banyak inperfesion di muka, tenang kak, saya mirip maudy ayunda jadi lumayan cakep",https://www.threads.com/@hnihnyn/post/DdSMjuHE-yx,hnihnyn
"Hidup penuh privilege itu NYATA. Cantik, kaya, kuliah di luar negeri, jago bahasa asing dan nilai akademisnya bagus itu adalah pengantar untuk bisa punya privilege. Jadi kalo ternyata ada sedikit kekuranganmu itu bisa tertutupi karena kamu CANTIK, karena kamu jago bahasa asing, karena kamu kuliah di luar negeri atau bahkan karena nilai akademis kamu bagus. 

Dan dalam kisah si Mba CANTIK ini privilege itu NYATA.",https://www.threads.com/@samsiahbestay/post/DdSMddgk3yc,samsiahbestay
"Bilang aja gabisa.
Lu sadar gasih kata2 pertama lu td udh arah judgement",https://www.threads.com/@nisaernof/post/DdSJPcdk-od,nisaernof
"Gw judgemental? Dari awal pertanyaan gw simpel loh:

""emang apaan kontribusinya Maudy Ayunda? 
berhasil nguatin kurs 1 USD jadi IDR 6000 kah?""

Mana bagian dari kalimat ini yang judgmental? Kan tinggal dijawab toh. Nanya bukti kok dibilang ngejudge?

Yang justru ngejudge si pembuat utas.

""Apakah kontribusimu sudah lebih besar daripada Maudy Ayunda? Pastinya tidak.""

Dia ngejudge ""PASTINYA TIDAK"" loh. Dia memastikan TIDAK.

Paham bedanya mana yg ""judgemental statement"" dan ""sarkasme"" ga sih?",https://www.threads.com/@luxinextinguibilitatis/post/DdSMJzIE_ac,luxinextinguibilitatis
"Yang kemarin gercep banget nyindir Maudy Ayunda, sekarang nggak ada komen apapun soal Purbaya?",https://www.threads.com/@belprop00/post/DdSL-5ME6Cr,belprop00
"Mau minta maaf sama Maudy Ayunda, karena isi Threads-ku: 90% bacotan gedebag-gedebug jadi WNI 10% hal-hal random lain. Maaf aku gak bisa mindfulness di tengah keadaan yang serba ngenes.",https://www.threads.com/@theophanneia/post/DdSL7I2ExDO,theophanneia
"no offense but maudy ayunda looks kinda similar to dede sunandar, if he got proper skincare treatment",https://www.threads.com/@mikhsanns/post/DdSLNKKEkIL,mikhsanns
"Bekantan kita mati 😢😢😢
Ini bisa berubah kalau Indonesia Reset dari awal.
Kayak gini masih ada yang bilang gak usah peduli.

Gila lu Maudy Ayunda",https://www.threads.com/@mitsuhamaya/post/DdRtPgQE0Rv,mitsuhamaya
Maudy itu cuman lagi blunder dan plenger aja kok di waktu yg ga tepat😂,https://www.threads.com/@celestialnia/post/DdRtE0Vo_4H,celestialnia
"gak lama setelah Maudy Ayunda blunder, mendadak di sini banyak yang belain doi dengan gaya bahasa elitist. masa sekelas doi masih butuh buzzer? 🤪",https://www.threads.com/@sliceofdave/post/DdRsqrFEy7h,sliceofdave
"Aku simply liatnya, nothing you can do, supaya ga ikut stress, ya cari positifity aja sama diri sendiri...
Ibarat anak kcil yang terjebak direruntuhan gedung, panik, nangis triak2, terus damkarnya ""its okay its okay, you gonna be okay""

Masalahnya ini keluar dari seorang Maudy Ayunda yang artis berprivilege..
Otomatis mata orang indonesia mandangnya lain..",https://www.threads.com/@emanuelcaesar/post/DdRshwCiEy-,emanuelcaesar
"anjir ternyata intruksi kakak pembina nyuruh belain maudy ayunda, anjinglah wkwkwk si maudy ini pakai buzzer Cok 😂🤣",https://www.threads.com/@elyasmad/post/DdRshQIEx9Y,elyasmad
Maudy ayunda sekarang lagi ngapain ya…,https://www.threads.com/@sukasukamalam/post/DdRsKIhH__h,sukasukamalam
"Dear Maudy Ayunda, coba lo tukeran jadi WARGA KALIMANTAN sehari aja.. yang sampai saat ini msh harus menghadapi ruwetnya kebakaran hutan, asap yg berbahaya plus lain lainnya, itu baru KALIMANTAN yah, and let’s see would you still be talking about that MINDFULNESS OR WHAATTT 🤣",https://www.threads.com/@jsmnjasmine/post/DdRsJNXnzbG,jsmnjasmine
"kak apus aja kak, nanya sama google atau temen temen aja kak, disini capek banget ngeladeninnya😭",https://www.threads.com/@abiatiw/post/DdRrzKrkou2,abiatiw
Tenang kak inilah saatnya kita harus menerapkan mindfulness ala maudy ayunda🧘🏻‍♀️,https://www.threads.com/@moiunsentwords/post/DdRsC8zk7Bi,moiunsentwords
"Yg marah & tersinggung dgn konten Maudy Ayunda, mereka itu cuma ga paham dan salah tangkep aja sama pesan utama dari videonya.

Buat yg ga ngerti pesan utama dari video Maudy Ayunda, gue coba rangkum ya:
1. Fokus utamanya bukan ""bad news"" itu sendiri, tapi how to deal with that.
2. Target audiensnya bukan para korban bencana atau musibah, tapi mereka yg hanya bisa menyaksikan semua kekacauan itu dari medsos/internet dan mulai merasa overwhelmed.",https://www.threads.com/@harry.bood/post/DdRhsIoCSvK,harry.bood
seorang maudy ayunda pakai buzzer ngentot wkwkw,https://www.threads.com/@elyasmad/post/DdRrwaVE7IZ,elyasmad
"ga ada yg salah dari Maudy, i think. 100% agree with her thoughts.",https://www.threads.com/@ernelians/post/DdQeo1JmP8Q,ernelians
"jirr maudy ayunda pakai buzzer cok wkwk, tolol2 lulusan univ luar pakai buzzer",https://www.threads.com/@elyasmad/post/DdRrrEKkxu1,elyasmad
"Tapi bright side nya dia emang ngajak kita untuk ""gak terlalu stress"" menghadapi bad news yg datang berkali2. Semuanya harus diproses jangan terus2an memaksa diri sendiri untuk berlarut dalam emosi. Tapi ya sekali lagi, her thought is not for all of us, gak semua yg nonton adalah audience yg tepat. Makanya dia bisa aja milih untuk gak posting ini publicly di tengah krisis bad news bad reality yg dialamin banyak orang",https://www.threads.com/@vinandia_r/post/DdRrgNTkn6c,vinandia_r
"Toh dia udah klarifikasi dan ada permintaan maaf juga, semoga kita semua bisa lebih bijak lagi",https://www.threads.com/@vinandia_r/post/DdRrgNNkoB9,vinandia_r
"Udah nonton fullnya, now i get it. Intinya dia kalo mau ngomongin mindfulness cukup di circle dia aja, kalo di public dengan ratusan orang Indonesia nonton kesannya dia nirempati. Apalagi di part dia bahas 'choosing windows to be exposed to bad news' kayak gak semua orang punya privilege itu modyyyy apalagi korban2 yg terdampak secara langsung, mana bisa mereka berupaya untuk ""mindful"" 🥲",https://www.threads.com/@vinandia_r/post/DdRrgOQkgru,vinandia_r
"Udah nonton fullnya, now i get it. Intinya dia kalo mau ngomongin mindfulness cukup di circle dia aja, kalo di public dengan ratusan orang Indonesia nonton kesannya dia nirempati. Apalagi di part dia bahas 'choosing windows to be exposed to bad news' kayak gak semua orang punya privilege itu modyyyy apalagi korban2 yg terdampak secara langsung, mana bisa mereka berupaya untuk ""mindful"" 🥲",https://www.threads.com/@vinandia_r/post/DdRrgOQkgru,vinandia_r
"Tapi bright side nya dia emang ngajak kita untuk ""gak terlalu stress"" menghadapi bad news yg datang berkali2. Semuanya harus diproses jangan terus2an memaksa diri sendiri untuk berlarut dalam emosi. Tapi ya sekali lagi, her thought is not for all of us, gak semua yg nonton adalah audience yg tepat. Makanya dia bisa aja milih untuk gak posting ini publicly di tengah krisis bad news bad reality yg dialamin banyak orang",https://www.threads.com/@vinandia_r/post/DdRrgNTkn6c,vinandia_r
"Belajar dari Maudy Ayunda, Nicko Widjaja, Ricky Elson, Nadiem Makarim, kalau hidupmu udah nyaman, udah enak, kaya, udah lah menghilang dari medsos saja, fokus menikmati hidup. Ngga usah ngide ingin membantu dan berkontribusi untuk Indonesia. Ingin berdampak untuk masyarakat Indonesia.

Ngga usah, ujung-ujungnya dikecewain sama Indonesia itu sendiri.",https://www.threads.com/@awankholish/post/DdRQyXqEs6a,awankholish
"Mau kuajak ngehirup asap karhutla, ngantri BBM yg langka + mandi sekali sehari Krn krisis air pun pasti langsung denial , btw lokasi ku di Lamandau Kalteng, bagian dr Indonesia itu sendiri yg katanya mengecewakan Maudy Ayunda",https://www.threads.com/@oliv3rr_m/post/DdRrfGpmGkS,oliv3rr_m
"Baru buka thread, tiba"" banyak yg ngomongin soal maudy ayunda, kenapakah beliau ini warga?",https://www.threads.com/@kikiputbalqis/post/DdRrQvjozTA,kikiputbalqis
"Dari orang medan terkhusus untuk maudy ayunda.
Enteng kali kau ngomong kak sambil sarapan pokat cottagemu itu. Kami kami ni yang sarapan lontong sayur nasigurih tiap pagi udah muak dan eneg kalii nengok berita badnews. Cemanalah kak anak kami makan mbg pun bisa amnesia apa gak jiper kali jantung ini. Belum lagi bayar pajak nmax tiap tahun udah 400rban. Ini aja udah sukur kali udah lewat musim mati lampu kak ee.",https://www.threads.com/@bornup_/post/DdRrKP9kxyg,bornup_
"Cancel culture ke Maudy Ayunda menurut gue too much. Yes dia banyak kurangnya memang, tapi in Maudy’s case menurut gue terlalu digali2 dan jadi kemana2 cuy. 

Masalahnya mba MA ini juga kontribusinya banyak bangetttt. Orang yang ber-previlege ky dia tuh banyak loh, tapi gak semua mau seniat itu kasih beasiswa, ngasih mentorship ke anak2 muda Indonesia? Dia bisa aja sih terima duit dari semua kerjaan BA nya dan santai2 aja di apartmentnya.

Dan kenapa harus perempuan yang lagi2 jadi korban…",https://www.threads.com/@ayundha/post/DdQdxVvk2A7,ayundha
"Sebenernya yg dia omongin itu memang “dilemanya” org indonesia skrg. Cuma ya karna dia seorang Maudy Ayunda dengan latar belakangnya dan juga alumni PPE Oxford & Harvard aja sih, jadi maunya netizen mungkin dia lebih bisa “berkontribusi” lebih.",https://www.threads.com/@aisyaraaaaa/post/DdRrGyBj3yK,aisyaraaaaa
"Dear @maudyayunda, kalau kamu ""cuma artis biasa"" yang nggak pernah sekolah serius, saya bisa maklum dengan konten “Mindfulness in the Age of Bad News” mu yang dihujat netizen se-Konoha Raya itu. Tapi, kamu adalah alumni Philosophy, Politics and Economics (PPE) Oxford, jurusan yang paling banyak mencetak para Policy Makers di UK termasuk 5 orang PM. Kamu mereduksi persoalan BAD POLICY menjadi sekedar persoalan BAD NEWS, itu adalah kedunguan tingkat dewa untuk standar alumni PPE Oxford.  1/10",https://www.threads.com/@buitenzorgy/post/DdQgqbVD3qS,buitenzorgy
Semoga semua utas ibuk ini sampe ke MATA MAUDY AYUNDA PLZZ🤏,https://www.threads.com/@celestialnia/post/DdRq8Auo6Ya,celestialnia
"Maudy Ayunda itu mau ngajak naik level kitanya aja yg ga siap 

Siap! 

Maaf ya, Sis, 
kami lupa kalau kasta kami ini cuma kasta surviving, bukan kasta healing. 

Jam segini kami belum bisa naik level ke ""Mindfulness"" karena masih nyangkut di level 
Mikirin Besok Makan Apa

Emang bener, 
IQ &  privilege tinggi itu bikin pandangan hidup jadi beda.",https://www.threads.com/@fatur_daqu/post/DdRq7SpGGR3,fatur_daqu
"Liat yang digeber siapa soal tone deaf tone deaf gini? Nadin Amizah, Maudy Ayunda? Cewek semuaaaaa. Kurang misoginis apa lagi ini masyarakat threads astaghfirullah",https://www.threads.com/@lavayettevonjava/post/DdR4oUok5P3,lavayettevonjava
"Maudy Ayunda makin memantapkan kepercayaan gue kalo kebanyakan orang kaya itu tai, apalagi yang dari kecil hidup dengan privilese, gak peduli sama sekitar, yang dia peduli cuma dirinya doang.",https://www.threads.com/@siniguecucidah/post/DdR3lEPDIm3,siniguecucidah
"Yang dikritik itu statement Maudy yang salah waktu. Beliaunya pun sudah melakukan klarifikasi di kolom komentar video tersebut. Aku pun jadi bagian orang yang kurang setuju sama statement Maudy Ayunda. Guys, beda pendapat itu wajar karena memang sudah jadi keunikan manusia dengan cara pandangnya masing-masing. Sampaikan perbedaan pendapat itu. Masalahnya, kenapa ada yang bilang kudu cancel culture? Wdym kita harus cancel culture sosok orang yang punya impact di dunia pendidikan?",https://www.threads.com/@fannyhda/post/DdR3YK4kyhG,fannyhda
"Kalo air sedikit meresap di gambut, keasaman PH air itu tidak berbahaya, dia tetap menjaga kelembapan di dalam tanah gambut itu,
Tapi ketika tanah gambut justru “Banjir air” ini yang bahaya, karena bikin PHnya ga seimbang, bikin makin asam, nah kalau tampungan air/ canal di tanah gambut itu meluap dan mengalir ke sungai bisa bikin ikan-ikan mati! karena PH air di sungai berubah. Bisa mencemari tanah lainnya yang buat bercocok tanam. Akhirnya merusak ekosistem lainnya.",https://www.threads.com/@attabasuki/post/DdR3MFik_Ho,attabasuki
"Makanya petugas pemadam masukin air pelan-pelan ke dalam tanah,  kagak bisa lu tumpahin tu air laut ke lahan gambut. 

Ini pure keserakahan segelintir kelompok manusia bikin manusia yang bukan kelompoknya itu dirampas hak bernafasnya. 

3. Maudy Ayunda disebut “tone deaf” di roasting abis-abisan dari semua warga middle class yg udah stress survive dan capek banget sama nih negara, apalagi beliau dibiayai pajak negara buat sekolahnya?? idk not interested with her. Dari dulu ga pernah sreg sm dia",https://www.threads.com/@attabasuki/post/DdR3MF9E9eB,attabasuki
"Setelah baca2 komen dari kasus mba Maudy ini semakin yakin kalo masalah Indonesia ini emang pendidikan. Bukan soal siapa penemu benua amerika atau australia, fuck that shit. Tapi gimana cara nyeimbangin critical thinking dan empathy. Masa tiba2 jadi gender wars 😂",https://www.threads.com/@osvalski17/post/DdR1E4UEnAK,osvalski17
"Kalo inimah emang murni tolol sih. Mana segala bawa"" Nicholas Saputra lagi. Np ini pun kalo dia bikin blunder kek Maudy Ayunda juga gw berani jamin bakalan kena serang juga kok? Tapi gaada kan? Orang"" gaada yang ngangkat isu gender ini, eh malah mereka sendiri yang panas terus bawa"" isu ini",https://www.threads.com/@adymuhammadihsan/post/DdR1oUIEh2s,adymuhammadihsan
Sedang menonton youtube mindfulness maudy ayunda sampe habis ..,https://www.threads.com/@hi.kakdend/post/DdR1cD5kt-N,hi.kakdend
"Mario Teguh. Ridwan Kamil. Raffi-Gigi. Disas saat menjadi menantu Adiguna. Maudy Ayunda.

Pada nyangka nggak kalian yang dulu memuja?",https://www.threads.com/@vliananda/post/DdQgJKkE5HI,vliananda
"Maudy ayunda kenapa ? 
Tapi enggak pernah muja mereka sih",https://www.threads.com/@listia.9336/post/DdR1NeFE6gr,listia.9336
"Maudy Ayunda kena cancel culture?

Aku si setuju sama statement dia.",https://www.threads.com/@hiranamiraistra/post/DdR1LqgE4Al,hiranamiraistra
Privilege Maudy Ayunda ga ada apa-apanya dibanding Rafathar.  Gitu,https://www.threads.com/@yourbestdadintown/post/DdR08T6gZlg,yourbestdadintown
"Maudy Ayunda itu mau ngajak naik level kitanya aja yg ga siap 

Siap! 

Maaf ya, Sis, 
kami lupa kalau kasta kami ini cuma kasta surviving, bukan kasta healing. 

Jam segini kami belum bisa naik level ke ""Mindfulness"" karena masih nyangkut di level 
Mikirin Besok Makan Apa

Emang bener, 
IQ &  privilege tinggi itu bikin pandangan hidup jadi beda.",https://www.threads.com/@fatur_daqu/post/DdRq7SpGGR3,fatur_daqu
"Kita yg di bawah sibuk teriak minta keadilan, 

eh yg di atas malah dadah2
dari helikopter sambil bilang,

""Ayo dong naik level ke sini, 
biar ga denger suara bising di bawah!"" 

Sungkem dulu sama 
Si Paling High Level",https://www.threads.com/@fatur_daqu/post/DdRq7TqGNcH,fatur_daqu
"beliau bukan menolak Beasiswanya, beliau hanya membuka akses lebih luas untuk orang2 yg lebih membutuhkan beasiswa tersebut. memang betul, beasiswa dari pemerintah Indonesia ini terbuka untuk siapapun (baik yg punya previlage atau ngga) semua orang bisa mendapatkannya asalkan sesuai dengan kriteria dan menyelesaikan tes yg ada. tapi kebayang ngga kalau orang2 have di Indonesia ini memiliki pemikiran yang sama dengan beliau?",https://www.threads.com/@saverayyye/post/DdRqCy7GO1J,saverayyye
"dibayangan gw, kalo orang2 have/punya previlage di indo ini (seperti maudy ayunda)  juga melepaskan kesempatan beasiswa LPDPnya, mungkin saja kita bisa menyekolahkan orang2 yg memang butuh bantuan untuk mengejar pendidikan. bisa jadi jika maudy melepaskan 1 beasiswa s2 Stanford (yg sangat mahal itu) untuk nyekolahin 10 anak di kampus lokal atau bahkan lebih.",https://www.threads.com/@saverayyye/post/DdRq5p1k52f,saverayyye
"masih banyak hal yg lebih penting daripada statement nya maudy ayunda, punten🙏🏻",https://www.threads.com/@notyourmine.xx/post/DdRqt3GHUnT,notyourmine.xx
"Yang bilang maudy ayunda tone deaf, kalo ga minim literasi ato ga budek beneran",https://www.threads.com/@agen_neptunus007/post/DdRqpBMHxqO,agen_neptunus007
"Dapur MBG tutup aja lah, soalnya kakak ini sedang memasak 🍜",https://www.threads.com/@widiwiddiya/post/DdQJAciFAzc,widiwiddiya
Maudy Ayunda siapa? Kok kayak penting banget? BHAP.,https://www.threads.com/@fdlnoe/post/DdRqoqZCYRA,fdlnoe
Berharap pada public figure adalah salah satu sumber penderitaan orang Indonesia. 😂,https://www.threads.com/@gedeagustapa/post/DdRUKfmj4K5,gedeagustapa
"Maudy Ayunda gak sedang berkata kasar. Gak merendahkan siapa pun. Bahkan yang dia bicarakan sebenarnya positif.
Tapi justru dianggap tone deaf.

Kenapa?
Karena dalam komunikasi, kadang masalah terbesar bukan pada apa yang kita katakan, tetapi pada apa yang tidak kita katakan ketika semua orang berharap kita mengatakannya.",https://www.threads.com/@pratiwi.cristin/post/DdRqm3omN8W,pratiwi.cristin
"Currently i saw lot of people blaming Maudy Ayunda

I think she’s just trying to be mindfulness protect her own peace. Also not everyone has the capacity or obligation to speak publicly about politics and that should be respected. Maybe some of you are just trying to find a scapegoat to blame for the government’s failures. Please be wise and don’t direct your anger at the wrong person.

and fyi I’m not her fan or even her followers. I’m just saying this cuz I think we need to be more reasonable",https://www.threads.com/@anneliesecath/post/DdRqlsIn-Jb,anneliesecath
"Ga pernah mengidolakan sosok yang satu ini, apalagi era beliau galau milih Harvard atau Stanford. Mba maudy kalau di podcast kok gamau mention kalau kuliahnya pakai LPDP?😊",https://www.threads.com/@yunusmoham/post/DdRMhr_mvNN,yunusmoham
Yang paling aneh ada netizen ikutan galau maudy ayunda bingung pilih harvard atau stanford,https://www.threads.com/@viona__alexandraa/post/DdRqlnGj6tE,viona__alexandraa
"Dear @maudyayunda 
Gue lagi di Perth dan masuk ke salah satu toko buku kecil yg nyempil. Owner nya bapak2 dan super friendly. Dia lagi ngobrol sama salah satu customer nya dan krn toko ini kecil, gue yg lagi healing dan super privileged ini ga sengaja denger percakapan mereka.
Tau apa yg dibahas? Kebakaran, sawit dan pemerintah Indonesia.",https://www.threads.com/@owl.44404823/post/DdRHyt_ic77,owl.44404823
Maudy ayunda harusnya ngerasain dulu jadi rakyat kecil,https://www.threads.com/@chacaiftita/post/DdRqklDk6iC,chacaiftita
Ini Maudy bayar buzzer jg kah?,https://www.threads.com/@jnfsoe_/post/DdQtd9qHYyw,jnfsoe_
iya gw lah yang blokir maudy ayunda buzzer,https://www.threads.com/@diahps____/post/DdRqkfPk-OT,diahps____
"Indonesia ini darurat literasi. Pdhal maudy cuma membagikan perspektif yg sama sekali ga menyinggung siapapun dan tdk ditujukan untuk siapapun. Dia berbagi perspektif gmn caranya mindful di tengah banyak berita buruk yg selalu kita konsumsi, ga ada tuh dia ngasih ceramah gmn caranya mindful buat orang yg lagi kena bencana di kalimantan. Ko klian nyangkutnya kejauahan ya? Pdhl perspektif dia itu masih relevan buat sebagian org, dan kalo lo ga relevan dg kondisi yg ada, ya konten itu bukan buat lo",https://www.threads.com/@naeshaah/post/DdRhHTkE93T,naeshaah
"siapa yang darurat literasi?kalo yang anda maksud, adalah rakyat yang bersuara karena marah maudy ayunda bilang “mindfullness” ditengah karhutla, berita sekarang di indonesia.

anda juga gak napak tanah, kita gak butuh mindfullness karena jujur kita tahu kok caranya gimana agar bisa waras, walaupun hampir gilaa.

yang kita mau, platform nya di gunain dengan benar gak tone deaf.

itu aja, malu sama brandnya pake nama the island bahan skincare dari papua, tapi papua lagi kacau dia gak bersuara.",https://www.threads.com/@diahps____/post/DdRqfwskzyQ,diahps____
"To Maudy Ayunda and all influencers, celebrities, and content creators:

If you’re not part of the solution, don’t become part of the problem.

Borneo is burning. Our people are breathing the smoke.

We don’t need empty words, hashtags, or performative concern. We need real action.

Borneo deserves better. @maudyayunda",https://www.threads.com/@evacaroline_58/post/DdRqfebkm52,evacaroline_58
"mod, you’re living inside the thick bubble i guess",https://www.threads.com/@cheeddarrrs/post/DdRqXC3mHOl,cheeddarrrs
"@maudyayunda dear maudy, Skincare yg km jual alias @fromthisisland itu ingredientsnya pake buah merah asal Papua & buah tengkawang asli Kalimantan loh, just incase u forgot about it. kamu memanfaatkan SDA Indonesia sebaik n sebanyak mungkin untuk keuntungan pribadi kamu tapi kamu memilih untuk tidak memberi statement apapun, bahkan dengan audiencemu  yang sebanyak itu pun km masih enggan untuk speak up. sifat&kelakuan km gak ada bedanya sama golongan perusak itu. kamu itu perempuan licik, maudy",https://www.threads.com/@19pinkgongju/post/DdPwyHBjyOp,19pinkgongju
Dari dlu gk suka sm maudy ayunda. Kebanyakan omong kosongnya. Sekarang digoreng sm netizen🤣,https://www.threads.com/@zeinnnz7/post/DdRqDHRmE96,zeinnnz7
,https://www.threads.com/@omahsebumi/post/DdQ1d1MExg_,omahsebumi
"Tulisannya sangat bagus. 
I feel you, Kak. 
Cuman bedanya di Teori Van der Wicjk ini:
Maud*y Ayunda starting point nya diatas 
Omah Sebumi ditengah 
Lalu, saya dibawah. 
Saya lahir dan tumbuh di Desa yang sangat terpencil di Kerinci. 

Dari kecil saya melihat, mengamati dan memahami bagaimana realitas kelas bawah. Puncaknya salah satu kasus keluarga saya yang diangkat ke Pengadilan, ternyata hukum benar-benar diperjualbelikan. Disitu saya kalah telak. Usia saya 19 tahun, tdk ada power waktu itu",https://www.threads.com/@ollapradawiguno/post/DdRp36JmZU0,ollapradawiguno
"Terbalik dong, kalau bicara level, masalah mindfullnes, level kita sebagai masyarakat kelas menengah dan bawah sudah berada di atas Maudy.

Seharusnya dia cukup sampai mengajak jangan mengkonsumsi bad news.

Tidak perlu sok ngajarin mereka yang lebih mengerti.
😁",https://www.threads.com/@yohanesanz/post/DdRpytTkwR-,yohanesanz
Teruntuk @maudyayunda  yg lagi rame2 nya 🙂,https://www.threads.com/@nikenverucha/post/DdQOFz6kzgv,nikenverucha
Definisi cantik tapi dongo itu adalah maudy ayunda.,https://www.threads.com/@_fallbastard_/post/DdRpyEmmD5L,_fallbastard_
"List artis tone deaf
1. Maudy Ayunda
2. Dian Sastro
3. Beby Tsabina
Tambahin lagi guys!",https://www.threads.com/@adityawrmaan/post/DdRVjuPmn4Y,adityawrmaan
"maudy ayunda harusnya jadi nomer 3, tinggal ditambahin [new]. krn the other 2 emg deket sm rezim. satunya nikah sm keluarga dinasti politik, satunya punya mertua korup.",https://www.threads.com/@yehetasty/post/DdRpvrYkpgW,yehetasty
"Rame banget soal video Maudy Ayunda yang 13 menitan itu. Banyak yang nyebut dia kurang peka. Tapi setelah gue baca-baca artikel soal compassion fatigue (kelelahan empati), apa yang dia rasain itu sebenarnya manusiawi banget. Sini gue coba kasih sudut pandang lain.",https://www.threads.com/@bonhutapea/post/DdP4FYkCr4x,bonhutapea
"Apa yg Maudy Ayunda katakan itu sebenarnya perihal yg hampir dilakukan semua orang yg masih waras di era gonjang-ganjing gini. Stop konsumsi berita buruk, hadapin realitanya, gausah terlalu ngarep Pemerintah, krn sama aja kek lu pengen nyentuh langit yg jauh disana",https://www.threads.com/@hab_h4bb/post/DdRpu41D-e3,hab_h4bb
@meta.ai Coba jelaskan pakai bahasa Makassar apa yang terjadi dengan maudi ayunda,https://www.threads.com/@rara79/post/DdRpdiCE3z-,rara79
"Jadi anjo kejadianna Maudy Ayunda bikin video YouTube judulna ""Mindfulness in the Age of Bad News"" ri tanggal 21 Agustus 2026, curhat bilang cappe' na teller liat bad news terus.

Netizen marah bilang tone deaf na minim empati, nasaba' na bilang bad news ji padahal itu kenyataan hidupna tau biasa, orang susah tena pilihan untuk menjauh.

Akhirna ri 13-14 September Maudy minta maaf bilang ""being able to step away from the news is itself a privilege"" na akui tena napa refleksikan ki kondisi orang terdampak langsung.",https://www.threads.com/@meta.ai/post/DdRphP9jPR2,meta.ai
"Dia rakyat juga kan btw? Yaudah monggo kak ikutan test lpdp, mau kaya mau miskin semua di fasilitasi, bahkan kategori kurang mampu, afirmasi, prestasi smua terpisah. Tergantung kk mau ngandelin jalur mana🙏",https://www.threads.com/@ohokelahbaik/post/DdRf14lE90x,ohokelahbaik
"ujung ujung nya mau sepintar apapun Maudy ayunda dia tetaplah gak menyuarakan suara rakyat atau suara sesama rakyat indo, gw gak peduli soal LPDP yg diperuntukkan orang pinter yg mumpuni. faktanya kecerdasan intelektual dia malah menyuruh kita untuk be 'mindfullnes' dengan dalih dalih menyuruh kita tone deaf. Lol",https://www.threads.com/@bii.hbllh/post/DdSSmEXH9k5,bii.hbllh
Abang abang skena sama kok dengan maudy ayunda. Sama sama tone deaf & mindfulness🙌,https://www.threads.com/@iqbl.ph/post/DdSSXOPEn81,iqbl.ph
"Selamat pagi
Maudy ayunda bisi kurang mindfulnes mending lari aja ya. Gausah ngajak² orang yg lagi berjuang tiba² disuruh sabar atas keadaan yang dibuat sama danzo dkk wkwkwkwkkw",https://www.threads.com/@arrizkita/post/DdSSNkqEtiL,arrizkita
"I saw a comment that says:

“Maybe for you it’s just bad news. For others, it’s their reality.”

And that hits me so hard.",https://www.threads.com/@queenchaidy/post/DdQ9bfmmkGh,queenchaidy
Maudy ayunda could never,https://www.threads.com/@amaliazhafarina/post/DdSSGFmEqnM,amaliazhafarina
Orang-orang jahat saat mencoba mindfulness & menjadi penganut stoikisme ala Maudy Ayunda 🥰🥰,https://www.threads.com/@protomolekul/post/DdSSEkmkh1z,protomolekul
"Maudy Ayunda ga baca kritikan rang orang, karena dia lagi menjalankan “mindfulness” 🤪",https://www.threads.com/@cindyaesti/post/DdSSCrkj8q2,cindyaesti
"Aku bikin aturan buat diriku sendiri gabuka hp dr jam pulang kerja smpe pagi. Jd main hpnya kalo jam kerja aja. Alhamdulillah ternyata enak bgt, terpapar berita buruknya cm di jam tertentu doang. Dn di jam2 itu aku ttp ikutin dn dukung apa yg bsa aku dukung.

Apakah itu tone deaf? Menurutku sih engga ya. Jd aku ga relate klo Maudy Ayunda yg membatasi dirinya dr berita buruk diblg tonedeaf😅

Krna tiap org pnya cara buat melindungi dirinya sendiri",https://www.threads.com/@justaisy_/post/DdSR8tBEzPP,justaisy_
"Mungkin pas take video ini bagi Maudy sarapan pake toast dengan telor ceplok omega, cottage cheese dan avocado adalah sarapan sederhana, lalu fafifu wasweswos sambil ngomongin mindfulness bakal didukung warga nih. 

I mean, harga buah kaya alpukat aja udh mahal bgt bagi sebagian orang ye Maudyyy. Gimana mau mindfulllll?? Drpd beli alpukat sekilo mending beli beras, makannya pake indomie kenyang biar abis itu bisa nguli lagi. Yes HEALTHY food di negara kita ini MAHAL. Gaji UMR aja seiprit!",https://www.threads.com/@alvijoon/post/DdRYQ5DFBx7,alvijoon
"Makanya aku dari dulu nggk pernah tertarik ngikutin kehidupan pribadi artis atau influencer, ini aja aku bingung dari kemarin ngapain orang bahas maudy ayunda, setauku dia penyanyi",https://www.threads.com/@zizi1_7247/post/DdSR1xAAXTb,zizi1_7247
"Tiap buka medsos, ada aja berita yang bikin istighfar. Sekarang cuma bisa berdoa demi kebaikan negeri ini. Soalnya aku rakyat jelata, ga mungkin bisa mindfulness kaya Maudy Ayunda.",https://www.threads.com/@hi.mamhanna_/post/DdSR0J6kmR8,hi.mamhanna_
"Saya juga sebenarnya capek share dan viralin bad news rezim ini.. Bukan hanya capek tapi kadang-kadang muncul ketakutan juga tiba-tiba digeruduk lagi subuh2..

Tapi apa kita ga lebih kasihan sama mereka yang mengalami bad news itu 😭😭😭",https://www.threads.com/@paltiwest/post/DdQI_InGKC9,paltiwest
Btw demo ke dpr ke presiden ke kepala daerah. Bukan ke Maudy Ayunda.,https://www.threads.com/@egisantoso/post/DdR064REwhW,egisantoso
"lgi rame maudy ayunda jd keinget jokes ini, bagi meme dong biar ga modyar",https://www.threads.com/@xximboostxx/post/DdPcSEWkx1o,xximboostxx
maudy ayunda mentok jajan neng its milk (seh ono rak?)🤣,https://www.threads.com/@sarah_yumnaa/post/DdRz8jlk9Be,sarah_yumnaa
"Ntah knpa belakang ini hal kecil sering sekali sya kaitkan dgn tuhan.
‎
‎Belajar dari kasus Maudy Ayunda sya berfikir emg manusia tidak ada yang sempurna. betul
‎
‎Cakep + IQ tinggi = EQ Rendah.
‎
‎Kurang menarik + IQ sedang = EQ tinggi
‎
‎Cakep + body bagus = IQ rendah (Rendah rasa malu) ""bnyk di aplikasi sebelah""
‎karena gede isi BH dari pada isi kepala
‎
‎Berpenampilan sedang + IQ sedang + EQ sedang = tinggi rasa malu 
‎",https://www.threads.com/@maulidisaputra__/post/DdRz6GAgRFZ,maulidisaputra__
"Bisa ga ya pas Prabowo kunjungan ke LN, rakyat copot dia tiba-tiba beserta wakilnya, kita pemilu ulang.",https://www.threads.com/@nujauharii/post/DdRxzTAE-Cb,nujauharii
"Bentar. Masih sibuk nge hujat Maudy Ayunda. 
Opppsss",https://www.threads.com/@egisantoso/post/DdRzzO-E5Sy,egisantoso
"gpp guys saran dari Maudy Ayunda udah bener kok. bener kalo di dunia ini kita semua kaya dan setara dengan dia.
tapi hidup di Indo sih kayaknya ga bisa, cuma bisa kalo masuk surga.",https://www.threads.com/@idyawsu/post/DdRznrZEy2v,idyawsu
"gue gak sedang lagi ikut arus yang soal mindfullness dari maudy ayunda,",https://www.threads.com/@rekam_bara/post/DdRzl2PksN5,rekam_bara
"walahhh utk konglo yaa kak.. nuhun ootnya kak, aku tidak ekspek 🙏🏼",https://www.threads.com/@dewiafrian/post/DdRxH0ij2jx,dewiafrian
Iya kak kan buat anak2 yang sekelas maudy ayunda,https://www.threads.com/@cloudysylus/post/DdRzhpqEhfH,cloudysylus
"Maudy ayunda suka makan indomie mentah nggak yah??

🙄🙄🙄",https://www.threads.com/@_fallbastard_/post/DdRzYKOn5du,_fallbastard_
"Dear @maudyayunda, kalau kamu ""cuma artis biasa"" yang nggak pernah sekolah serius, saya bisa maklum dengan konten “Mindfulness in the Age of Bad News” mu yang dihujat netizen se-Konoha Raya itu. Tapi, kamu adalah alumni Philosophy, Politics and Economics (PPE) Oxford, jurusan yang paling banyak mencetak para Policy Makers di UK termasuk 5 orang PM. Kamu mereduksi persoalan BAD POLICY menjadi sekedar persoalan BAD NEWS, itu adalah kedunguan tingkat dewa untuk standar alumni PPE Oxford.  1/10",https://www.threads.com/@buitenzorgy/post/DdQgqbVD3qS,buitenzorgy
Saya berinvestasi di thread yang bagus ini. Biar jadi jejak di masa depan untuk anak cucu kita melihat bagaimana orang-orang saat ini berjuang untuk masa depan yang lebih baik. Maudy Ayunda mau main aman tapi malah terlihat sebagai orang bodoh.,https://www.threads.com/@agungpharm/post/DdRzO8ngabu,agungpharm
"Gue tipe orang yg banyak konsumsi berita dan abis itu seringkali ikutan stress dan cemas, bahkan sampe takut (terutama berita us karena skrg gue tinggal di sini). Nah, kalo udah kayak gitu, orang2 terdekat kadang minta gue buat stop dulu baca beritanya, keluar rumah, olahraga, enjoy life. Ini yang dimaksud mindful nya maudy ayunda atau gue salah nangkep?",https://www.threads.com/@ichsanakbar/post/DdRYhUilcLx,ichsanakbar
"Betulll sekalii.

Tapi timing nya mungkin tidak pas.
Di situasi negara carut marut dan tidak semua org pny privilege bisa mindful. Org juga lg mudah tersinggung jd kontennya terkesan tidak napak tanah. 
Orang2 punya ekspektasi besar juga ke Maudy Ayunda.",https://www.threads.com/@fyodortolstoyyyy/post/DdRzIHkAb1d,fyodortolstoyyyy
"Percuma nulis puanjang commenting Maudy Ayunda gengs, lah dia lagi stoik mengkurasi bad news comment-comment kalian wkkw",https://www.threads.com/@wdwynson/post/DdRy9k-k31R,wdwynson
Ini Maudy bayar buzzer jg kah?,https://www.threads.com/@jnfsoe_/post/DdQtd9qHYyw,jnfsoe_
Trus maudy ayunda harus buat konten marah marah dgn caci maki pemerintah/negaraaa sesuai dgn keinginan kali ? Gitu ga sih mau kaliaan?  Wkwk aneh bgt beda pandangan aja malah di kerdilkan dn dbully. Gws buat kalian,https://www.threads.com/@rnvy_20/post/DdRyiGjExGr,rnvy_20
Baru kali ini kecewa sama Maudy Ayunda.,https://www.threads.com/@cahayagema_writer/post/DdRyG54E7L4,cahayagema_writer
"Aku boleh emosi ga sama pemerintah Kalteng🤬, aku punya newborn yg umurnya  2 minggu masih merah yg ditengah asap ga masuk akal ini tiap hari dia cuman dikamar bertahan dengan AC dan Air purifier terus ini tiba MATLIS 🤬 bahkan ankku ga bisa berjemur matahari tiap pagi karna asap ini",https://www.threads.com/@ciaefelinp/post/DdQgMaQEoK7,ciaefelinp
maudy ayunda cannot relate nih pasti,https://www.threads.com/@idyawsu/post/DdRyEv6E_0C,idyawsu
maudy ayunda memilih tone deaf dari pada tone body😩😂🙏,https://www.threads.com/@anisah_lest/post/DdRxvhInybz,anisah_lest
"Tulisan tangan adalah BLUE PRINT hidupmu yang gak bisa dimanipulasi. Termasuk tulisan seorang Maudy Ayunda. 

Selama ini dia dikenal cerdas dan berjiwa sosial. Tapi di era penuh bad news sekarang, apakah gerakan mindfulness-nya itu beneran tulus atau justru ""buta sosial"" terhadap realita?",https://www.threads.com/@awan_grafolog/post/DdRHTZQEzXW,awan_grafolog
Marissa Anita menambahkan Maudy Ayunda ke grup mindfullness📱,https://www.threads.com/@ritamoenadi_/post/DdRxkJJky07,ritamoenadi_
"To Maudy Ayunda and all influencers, celebrities, and content creators: If you’re not part of the solution, don’t become part of the problem.

Borneo is burning. Our people are breathing the smoke. We don’t need empty words, hashtags, or performative concern. We need real action.

Borneo deserves better!!!",https://www.threads.com/@evacaroline_58/post/DdRpcR0gdqk,evacaroline_58
"DEMI ALLAH LEMESNYA ADA BANGET, najis bgtttttt anjort 

Rp125,000 FULL price / blm disc
 -> kontribusi impact 1% = Rp1,250 per PRODUK

Kira2 korban kahutla yg butuh masker ada ~12jt which masker KN95 tuh kalau si FTI mau nyumbang jg butuh 5 product illipe terjual dulu (assume harga 1 KN95 tuh 7rban ya). NAJIS BGT MAUDY BRANDING LO DAH KEK NYELAMATIN BUMI??!!!!!! 😭💔",https://www.threads.com/@keyoo___notes/post/DdRpThonz9N,keyoo___notes
"Pengen bahas isunya Maudy Ayunda dari POV purpose-behavior gap yang banyak dilakukan sama brand2 demi reach and exposure. Tapi besok aja ah, udah malem. Besok meeting pagi.",https://www.threads.com/@wethrive.id/post/DdRpQp7k2GU,wethrive.id
"Bener2 informasi hari ini buanyak banget.

Yg masif : Mindfulness nya Maudy Ayunda; atlet hyrox cipirit; karhutla masih terjadi; BBM langka di luar Jawa; karnaval di Pekalongan seperti sedang ritual satanic; malam ini ditutup dengan Pak Purbaya dicopot via telfon saat mimpin rapat.

Yg skala molen : istri sah curhat trus calon pelakornya bikin threads klarifikasi; ada ibu hamil anak ke 14&15 dgn kondisi preklamsia ditambah suaminya ga ada akal; ……

Sehat2 ya warga, jgn begadang.",https://www.threads.com/@erindewa/post/DdRpOvsCfUg,erindewa
"Kemarin selama nulis proposal tesis, aku belajar teori baru, namanya Expectancy Violation Theory. 

Teori ini kayanya lumayan pas buat jelasin kondisi kenapa Maudy dihujat habis-habisan. 

Teori ini kurang lebih state kalo orang punya ekspektasi bagaimana seseorang seharusnya bersikap dalam setting sosial tertentu. 

Makanya banyak yang bilang “sekelas Maudy Ayunda…”, itu karena orang expect orang dengan level pendidikan sebagus itu, bisa punya sensitivitas lebih.",https://www.threads.com/@ramadhantifir/post/DdRpNv_khsE,ramadhantifir
"bilang aja lu ga mampu dpet beasiswa karena otaklu mentok pentium 3 tp ngocehin i7, gausah sok sok paling bayar di negara ini dah lu, jelas gedean bayar pajaknya dia daripada lu dan sluruh keluarga miskin lu dikumpulin",https://www.threads.com/@mukqdy/post/DdRQzKEk02m,mukqdy
"eh yg bayar pajak bukannn maudy ayunda doang nyett,, semua rakyat indonesiiaa jugaa pada bayar kocak.. jangan"" lu ga perna bayar pajak yaa?? jadi sok"" an belaain org tone deaf dan jilatin maudi ayunda hahaha... bacot lu lebih gede drpd otaklu, kebanyakan belaain orang tone deaf 🫡",https://www.threads.com/@today_oneda/post/DdRpLLKD2FN,today_oneda
td emg aku reply🥲,https://www.threads.com/@almirathami/post/DdRo3sXEh8r,almirathami
"Udah lah kak lupain. Susah udah. Mgkin yg Maudy Ayunda mksd bukan menghindari bad news, tapi bad yg kaya gini 😂 🤣",https://www.threads.com/@devaeiichirokrobot/post/DdRpHhnEwrg,devaeiichirokrobot
Even Maudy Ayunda stays mindful in the age of criticism 🧘🏻‍♀️,https://www.threads.com/@erickyuzak/post/DdRo_RXj21v,erickyuzak
"Udah terlanjur terkomunikasikan menjadi.. mindfulness sebagai cara buat kabur dari realitas buruk. Padahal, hadir seutuhnya saat ini justru bikin kita sadar betapa kacaunya sistem di sekitar kita. Gap privilege makin kerasa, dan ruang aman makin sempit. Wajar kalau emosi. Kita gak bisa maksa semua orang buat 'harmoni' kalau perut lapar dan masa depan gak pasti. Sadar atau gak, kita semua lagi di-drive sama insting fight or flight.",https://www.threads.com/@naninda/post/DdRo26qmQqL,naninda
"Dear @maudyayunda, kalau kamu ""cuma artis biasa"" yang nggak pernah sekolah serius, saya bisa maklum dengan konten “Mindfulness in the Age of Bad News” mu yang dihujat netizen se-Konoha Raya itu. Tapi, kamu adalah alumni Philosophy, Politics and Economics (PPE) Oxford, jurusan yang paling banyak mencetak para Policy Makers di UK termasuk 5 orang PM. Kamu mereduksi persoalan BAD POLICY menjadi sekedar persoalan BAD NEWS, itu adalah kedunguan tingkat dewa untuk standar alumni PPE Oxford.  1/10",https://www.threads.com/@buitenzorgy/post/DdQgqbVD3qS,buitenzorgy
"kak u hit the point and whole things 
buitenzory 1 maudy ayunda 0",https://www.threads.com/@purplephita/post/DdRopQ-E43y,purplephita
Nah kalau ulasan ini baru gw rasa setuju dan mudah dipahami 👍,https://www.threads.com/@agungmahayoga/post/DdRojKUCTY2,agungmahayoga
"here come the bad news for you maudy, gimana, masih mindful?",https://www.threads.com/@sselangkangen/post/DdRogC3EnK0,sselangkangen
Lebih ke crab mentality kalau saya tengok. Yang serang dia pun ramai sesama perempuan.,https://www.threads.com/@ncklgldn/post/DdRVl8-kxOQ,ncklgldn
@meta.ai apa mengkritik Maudy Ayunda tentang videonya itu crab mentality? Bantu jelasin kesalahan logika berpikir ncklgldn. Padahal kita sbg audiens juga berhak mengkritik.,https://www.threads.com/@henry.gddd/post/DdRoesDk7KU,henry.gddd
"Unpopular opinion: peristiwa ""maudy ayunda mindfullnes"" ga penting-penting amat buat nyulut emosi kalian 😌

Woyy banyak yg lebih penting dipikirin!!",https://www.threads.com/@andi.ihsan6/post/DdRoYZJCTwQ,andi.ihsan6
"2026 almost finish
But PR belum selesai :
1. Keracunan MBG
2. Karhutla
3. Dana penanggulangan bencana dipangkas
4. Jumlah kopdes lebih banyak dibanding jumlah sekolah (yang dibangun), bahkan dengan memperhatikan lokasi kopdes itu sendiri
5. KMP Virgo tenggelam
6. Pak purbaya dicopot
7. Maudy ayunda dihujat dan terhujat
8. Betrand Peto sedang mode kalem
9. Dikit-dikit, bahasnya CORTISOL
10. 

Lanjutin aja pemirsa.
But anyway, tetap bersyukur 
Jangan jumawa
Jangan lupa mendoakan orang lain",https://www.threads.com/@ishqhai_har/post/DdRoVEWiZnh,ishqhai_har
Lebih ke crab mentality kalau saya tengok. Yang serang dia pun ramai sesama perempuan.,https://www.threads.com/@ncklgldn/post/DdRVl8-kxOQ,ncklgldn
Ga setuju sm Maudy Ayunda kok crab mentality 😂😂,https://www.threads.com/@henry.gddd/post/DdRoRsME6hg,henry.gddd
Maudy Ayunda pernah ngantri di Puskesmas gak?,https://www.threads.com/@adhitya.rahardja/post/DdQmzagmNP1,adhitya.rahardja
Maudy Ayunda pernah antre pertalite ga?,https://www.threads.com/@rizkysetiawanb/post/DdRoPtskg8Z,rizkysetiawanb
"Kayanya bntar lg dibahas sama Malaka Project nih. Kadang netizen atau org indo itu problemnya masi byk yg overlap dgn pernyataan yg ada (apa ya istilahnya). Blum bisa nangkep dgn slow thinking, dr sebuah narasi dan argumen yg dibawakan org. Suka tiba2 mengandai sendiri, mngambil ksimpulan sndiri di luar kerangka konteks yg dibuat orang.",https://www.threads.com/@mensteinw/post/DdRn5RuE3dl,mensteinw
"Pembahasan soal mengkurasi konten dan echo chamber tuh sebenernya pernah dibahas di Malaka Books atau Malaka Podcast gitu.
Dan kurang lebih sama kayak yg disampein Maudy Ayunda.
Yg bawainnya waktu itu Cania dan Abigail.",https://www.threads.com/@harry.bood/post/DdRoHKoCSqR,harry.bood
"Apa yang orang lain suka, kalian ga suka ?

I go first,
-Bawang Goreng 😫🥴🤮",https://www.threads.com/@preciousliilyy/post/DdOh2FwDxxl,preciousliilyy
Maudy Ayunda,https://www.threads.com/@oktandre/post/DdRxUy1E_N5,oktandre
"Maudy Ayunda TOXIC!
Toxic Positivity",https://www.threads.com/@muhjidalhamdulillahh/post/DdRxIulD3Rh,muhjidalhamdulillahh
Dan yg aneh banyak utas tiba2 bela Maudy Ayunda setelah ybs panen hujat. Pake buzzer kah?,https://www.threads.com/@thfrhmn/post/DdRxHxeEpmj,thfrhmn
"Wajar kalau kalian gak relate dengan pemikiran Maudy Ayunda, masalah hidup dia aja perkara roti yg terlalu sehat.",https://www.threads.com/@limusakeureut_/post/DdQ8l--FGaD,limusakeureut_
"Yaelah ribet bener perkara roti sehat, Maudy Ayunda suruh makan roti AOKA dah biar ""Mindfulness"" 🙈",https://www.threads.com/@aldie_hendrawanto/post/DdRxDZ5Ep9L,aldie_hendrawanto
"https://www.threads.com/share/BAWtkj08k5/ ini lho konteks nya. 
Ini yg harus di demo dan di protes. Bukan Maudy Ayunda.",https://www.threads.com/@egisantoso/post/DdRw7ork54g,egisantoso
"yg ngebela maudy ayunda udah gabener jalan pikirannya kata gue mah. dia tu salah. udah titik. 
mau dikata ada poin benernya, ya emang ada. tapi secara keseluruhan???",https://www.threads.com/@gustia.tn/post/DdRwty3k8ly,gustia.tn
"Ini mah bullying 
Marah itu ke orang yg kerjanya gak becus, kok malah rame2 diluapin ke konten kreator yang mencoba ngasih saran buat mindful 3 minggu yg lalu 😌",https://www.threads.com/@adit_rede/post/DdRwLpYk4jo,adit_rede
Timeline ku lagi penuh hyrox ‪💩 dan mindblowing. Tapi kemudian tergeserkan oleh Sua dan Hasil. Semoga ada hasil. Oiya ini menkeu ke 3. Sekian,https://www.threads.com/@vinke_indira/post/DdRoWgpGecl,vinke_indira
Malam ini pasti tergeser Maudy Ayunda eh haters nya.,https://www.threads.com/@egisantoso/post/DdRwLHoE7y9,egisantoso
"Menurut gua ga ada yang salah sama Maudy Ayunda.Kalian aja yang kurang mindfulness..
Nontonya penuh kesadaran jangan pake emosi,kalau pendapat orang lain aja kamu terganggu,kamu kayanya belom hadir sepenuhnya.Dan masih banyak bagasi emosi nya..",https://www.threads.com/@cindy_tiya/post/DdRwAT4mQa6,cindy_tiya
Perhaps people who are defending audy mayunda should learn more from macklemore. Or probably she better do it herself as well.  Peace.,https://www.threads.com/@moonspice177/post/DdRv-40EmHM,moonspice177
"bang udh pernah ngerasain di posisi warga ntt, kalimantan dll?",https://www.threads.com/@kevinagustin.10/post/DdRk_tYCTLm,kevinagustin.10
"Blm , kenapa ? Kalopun mau di ubah povnya saya yang tertimpa , jutaan warga Indonesia lebih banyak tone deaf nya, coba deh di banding tanya arah pov , jelasin ke saya apa tujuannya fokus ke statment Maudy Ayunda di yt daripada upaya lain yang bisa di usahakan walau keci.",https://www.threads.com/@rzqmbrk31/post/DdRoFr6H4m9,rzqmbrk31
"Setelah gw baca-baca utas ini panjang lebar,gw bisa simpulkan kalau beliau terlalu mengkritik dan menyerang Maudy Ayunda secara personal dan kelewat batas,mana yang ngutip juga sok iye lagi 😂",https://www.threads.com/@agungmahayoga/post/DdRn-AoiWX0,agungmahayoga
Kalau nanti tiba-tiba Maudy Ayunda jadi Mentri di masa jabatan rezim wowo mau pura-pura kaget ah,https://www.threads.com/@amaliaslatieff/post/DdRn7xoGdPF,amaliaslatieff
"Maudy ayunda gaakan peduli ges. Udahlah. Better we keep update tentang karhutla, evakuasi kapal tenggelam, NTT yang belum pulih, Aceh yang udah berbulan-bulan diabaikan.. yaAllah kapan tenangnya yaa 😭😭🤲🏼",https://www.threads.com/@unimportantwoman/post/DdRn51YCVMe,unimportantwoman
"trimz maudy ayunda sudah klarifikasyen, sy jadi punya bahan penelitian yg patut untuk dianalisis dan diteliti",https://www.threads.com/@its2amyouanday/post/DdRnkMKmFZW,its2amyouanday
"Sinilah ajarin mindfulnessnya sambil ikut ngehirup asap karhutla nya , kalo ngetiknya sambil ada udaranya bersih + BBM gak ngantri dan langka dan harganya bisa 20ribu perliter itu pun gak ada seliter, sambil ngelihatin sumurku yg kering di belakang rumah , yg harga air per sekali beli bisa tembus 200ribu sampai 500ribu kesini lah, aku di Lamandau Kalteng, supaya km ada bahan kasih info ke idolamu itu bahwa bad news itu memang derita kami pulau terbesar di Kalimantan",https://www.threads.com/@oliv3rr_m/post/DdRmxcvGDdr,oliv3rr_m
"Iya memang ga bisa kak.. ga bisa mindfulness sambil ngerasain semua penderitaan yg kakak sebutin itu. 
FYI, saya juga ga mengidolakan Maudy Ayunda. 
Kalo kakaknya ga mau stress dan sakit hati saran saya ikutin saran Maudy Ayunda untuk mengurangi konsumsi konten2 yg bahas tentang Maudy Ayunda biar makin tenang (mindful).
Karna dgn kakak ngajak debat org justru makin stres dan marah.",https://www.threads.com/@harry.bood/post/DdRngkACeGP,harry.bood
"I don't care I paid for her and the others too, good for her and others nominee for granted silver reins 

I'm not salty about her, sebagai social figure tugas dia emang kasih inspirasi Dan motivasi bukan sebagai authoritative figure buat gerakin massa",https://www.threads.com/@felixivans/post/DdPPOwpkp0I,felixivans
"ya whatever you said , hopefully you and your family didn’t(did juga gapapa si biar paham) suffer the same thing like others. Maudy Ayunda Tone Deaf (cuz she knows). you even the worst (cuz you don’t care)",https://www.threads.com/@careninaaman/post/DdRnNvFk5PZ,careninaaman
"Gua sampai nanya AI, banyak banyakin literasi deh kata gua jangan kebanyakan domsrolling short vidio, Ka Maudy cuman pengen kita kontrol energi kita malah dibilang nirempati.",https://www.threads.com/@tegarludin/post/DdRnKX5k-QQ,tegarludin
"Ganti mentri cepet banget, ganti pacar susah, dasar maudy ayunda😞",https://www.threads.com/@triles.art/post/DdRnIOqD8zp,triles.art
"Dia rakyat juga kan btw? Yaudah monggo kak ikutan test lpdp, mau kaya mau miskin semua di fasilitasi, bahkan kategori kurang mampu, afirmasi, prestasi smua terpisah. Tergantung kk mau ngandelin jalur mana🙏",https://www.threads.com/@ohokelahbaik/post/DdRf14lE90x,ohokelahbaik
"ujung ujung nya mau sepintar apapun Maudy ayunda dia tetaplah gak menyuarakan suara rakyat atau suara sesama rakyat indo, gw gak peduli soal LPDP yg diperuntukkan orang pinter yg mumpuni. faktanya kecerdasan intelektual dia malah menyuruh kita untuk be 'mindfullnes' dengan dalih dalih menyuruh kita tone deaf. Lol",https://www.threads.com/@bii.hbllh/post/DdSSmEXH9k5,bii.hbllh
"Yang kemarin gercep banget nyindir Maudy Ayunda, sekarang nggak ada komen apapun soal Purbaya?",https://www.threads.com/@belprop00/post/DdSL-5ME6Cr,belprop00
"Mau minta maaf sama Maudy Ayunda, karena isi Threads-ku: 90% bacotan gedebag-gedebug jadi WNI 10% hal-hal random lain. Maaf aku gak bisa mindfulness di tengah keadaan yang serba ngenes.",https://www.threads.com/@theophanneia/post/DdSL7I2ExDO,theophanneia
"no offense but maudy ayunda looks kinda similar to dede sunandar, if he got proper skincare treatment",https://www.threads.com/@mikhsanns/post/DdSLNKKEkIL,mikhsanns
"Tetaplah berisik soal kondisi Indonesia, meskipun Maudy Ayunda menyuarakan Mindfulness in the age of bad news.",https://www.threads.com/@nengbrilly/post/DdSLLm8EzW1,nengbrilly
"Kalian yang bully Maudy Ayunda, keliatan banget kalo cara pikir kalian masih binary. Yuk ngaca dulu yuk. Jangan salah fokus.",https://www.threads.com/@sofiacitrad/post/DdQ6gz5Cc4b,sofiacitrad
Dalam fase dimana Maudy Ayunda punya buzzer wkwkkw,https://www.threads.com/@jessierenata_w/post/DdSKGSZk9GO,jessierenata_w
Bayangin orang secakep ini dicancel sama orang-orang jelek,https://www.threads.com/@latecapt/post/DdQYhRqmQs1,latecapt
Maudy ayunda? Nda,https://www.threads.com/@papaaskar/post/DdSJ6LUk5w7,papaaskar
"Padahal bisa jadi masalahnya ada pada pembagian kerja, komunikasi, target yang tidak realistis, sistem evaluasi, atau bahkan desain pekerjaannya sejak awal. 

Mengganti “siapa” tanpa memperbaiki “apa” hanya akan membuat masalah yang sama muncul lagi dengan pelaku berbeda. 

Bayangkan ada lantai basah. Kalau sejak awal kita sibuk mencari siapa yang menumpahkan air, semua orang yang ada di rumah bisa dicurigai. Padahal setelah diperiksa, bisa jadi atapnya bocor, AC menetes, atau kulkas bermasalah.",https://www.threads.com/@m.faridmaricar/post/DdSJwblk36p,m.faridmaricar
"Kalau sumber masalahnya atap bocor, mengganti orang yang tinggal di rumah ya nggak menyelesaikan apa-apa. 

Menurut saya pola yang sama sering muncul dalam diskusi publik kita. 

Salah satu contohnya ketika ada pembahasan soal Maudy Ayunda belakangan ini. Yang aneh, orang justru fokus membicarakan person-nya. Maudy begini, Maudy begitu, dia punya privilege, dia terlalu ini, terlalu itu, harusnya begini, harusnya begitu.",https://www.threads.com/@m.faridmaricar/post/DdSJwXlE1mK,m.faridmaricar
"Lagi panas bahas maudy ayunda.
Disclaimer Ini hanya opiniku aja ya
Sebelum dibahas, baiknya kita tau dulu apa sih Minfulness itu? 
Kalo chat gpt bilang : Mindfulness adalah kemampuan untuk menyadari apa yang sedang terjadi saat ini—baik pikiran, perasaan, maupun keadaan tubuh—dengan penuh perhatian dan tanpa langsung menghakimi.
Sederhananya, mindfulness berarti hadir sepenuhnya di saat ini, bukan terus-menerus terjebak dalam penyesalan masa lalu atau kekhawatiran tentang masa depan.
Next",https://www.threads.com/@aisa.athaya/post/DdSJnrkEw9r,aisa.athaya
"Weii cemane kalau ternyate selama ini cara pikir prabowo tuh kek maudy, semue penderitaan yang warga alami nih cuma dianggap “bad news” same die🤯

Jadi semue penderitaan itu sepele, macam die merespon soal keracunan MBG jak dianggap itu cume 0,000 sekian persen kegagalan, tetap mindful 💆🏻‍♀️",https://www.threads.com/@maraksara/post/DdSI07uk_Si,maraksara
"Tetaplah berisik soal kondisi Indonesia, meskipun Maudy Ayunda menyuarakan Mindfulness in the age of bad news.",https://www.threads.com/@nengbrilly/post/DdSLLm8EzW1,nengbrilly
"Kalian yang bully Maudy Ayunda, keliatan banget kalo cara pikir kalian masih binary. Yuk ngaca dulu yuk. Jangan salah fokus.",https://www.threads.com/@sofiacitrad/post/DdQ6gz5Cc4b,sofiacitrad
Dalam fase dimana Maudy Ayunda punya buzzer wkwkkw,https://www.threads.com/@jessierenata_w/post/DdSKGSZk9GO,jessierenata_w
Bayangin orang secakep ini dicancel sama orang-orang jelek,https://www.threads.com/@latecapt/post/DdQYhRqmQs1,latecapt
Maudy ayunda? Nda,https://www.threads.com/@papaaskar/post/DdSJ6LUk5w7,papaaskar
"Padahal bisa jadi masalahnya ada pada pembagian kerja, komunikasi, target yang tidak realistis, sistem evaluasi, atau bahkan desain pekerjaannya sejak awal. 

Mengganti “siapa” tanpa memperbaiki “apa” hanya akan membuat masalah yang sama muncul lagi dengan pelaku berbeda. 

Bayangkan ada lantai basah. Kalau sejak awal kita sibuk mencari siapa yang menumpahkan air, semua orang yang ada di rumah bisa dicurigai. Padahal setelah diperiksa, bisa jadi atapnya bocor, AC menetes, atau kulkas bermasalah.",https://www.threads.com/@m.faridmaricar/post/DdSJwblk36p,m.faridmaricar
"Kalau sumber masalahnya atap bocor, mengganti orang yang tinggal di rumah ya nggak menyelesaikan apa-apa. 

Menurut saya pola yang sama sering muncul dalam diskusi publik kita. 

Salah satu contohnya ketika ada pembahasan soal Maudy Ayunda belakangan ini. Yang aneh, orang justru fokus membicarakan person-nya. Maudy begini, Maudy begitu, dia punya privilege, dia terlalu ini, terlalu itu, harusnya begini, harusnya begitu.",https://www.threads.com/@m.faridmaricar/post/DdSJwXlE1mK,m.faridmaricar
"Lagi panas bahas maudy ayunda.
Disclaimer Ini hanya opiniku aja ya
Sebelum dibahas, baiknya kita tau dulu apa sih Minfulness itu? 
Kalo chat gpt bilang : Mindfulness adalah kemampuan untuk menyadari apa yang sedang terjadi saat ini—baik pikiran, perasaan, maupun keadaan tubuh—dengan penuh perhatian dan tanpa langsung menghakimi.
Sederhananya, mindfulness berarti hadir sepenuhnya di saat ini, bukan terus-menerus terjebak dalam penyesalan masa lalu atau kekhawatiran tentang masa depan.
Next",https://www.threads.com/@aisa.athaya/post/DdSJnrkEw9r,aisa.athaya
"Weii cemane kalau ternyate selama ini cara pikir prabowo tuh kek maudy, semue penderitaan yang warga alami nih cuma dianggap “bad news” same die🤯

Jadi semue penderitaan itu sepele, macam die merespon soal keracunan MBG jak dianggap itu cume 0,000 sekian persen kegagalan, tetap mindful 💆🏻‍♀️",https://www.threads.com/@maraksara/post/DdSI07uk_Si,maraksara
"Lagi nangis kepikiran binatang-binatang yang mati kebakar di Kalimantan. Anak-anak satwa yang dievakuasi tapi rumahnya udah nggak ada. Terus barusan lihat diver asing ngebunuh penyu di Raja Ampat. Manusia kenapa bisa sejahat itu sama makhluk yang bahkan nggak bisa membela dirinya? Kita bukan satu-satunya yang hidup di bumi ini. Kita cuma berbagi rumah. Harusnya karena kita punya akal dan kuasa lebih, kita yang paling bisa menjaga.",https://www.threads.com/@prillylatuconsina96/post/DdQsGA7kdes,prillylatuconsina96
Maudy Ayunda could never,https://www.threads.com/@crochettara_/post/DdSIjUHE_ua,crochettara_
Keadaan Indonesia before dan after nitizen cancel Maudy Ayunda.,https://www.threads.com/@latecapt/post/DdRU1RkmT8F,latecapt
Diajak mikir dikirain membela noh klean ribut2 maudy ayunda menkeu kita tw tw dicopot... Ga ada yg bela nih?,https://www.threads.com/@maaamika/post/DdSIUPXExdr,maaamika
"Maaf bukannya membela Maudy Ayunda, kalau dia bener2 tone deaf kenapa sampai mendirikan Maudy Ayunda Foundation.",https://www.threads.com/@mbkrina390/post/DdQJBTOEw2y,mbkrina390
"Itu bukan inisiatif maudy ayunda, itu save the children punya. Mungkin dia dibayar semacam jadi BA untuk itu.",https://www.threads.com/@nurhasanah1001/post/DdSIEM0E0Q9,nurhasanah1001
Udah capek2 ngerepost kritikan untuk pemerintah. Udah donasi bencana alam tiba2 bgt dikomen tone deaf cuma karena gak ikut menghujat maudy ayunda 🙏😭,https://www.threads.com/@anatasia_vdes1290/post/DdRMYKCGs3I,anatasia_vdes1290
Padahal kenal juga kagak sama maudy ayunda 😆 cm tau gegara dia pernah main laskar pelangi,https://www.threads.com/@maaamika/post/DdSH4jNE5fo,maaamika
"Lagi nangis kepikiran binatang-binatang yang mati kebakar di Kalimantan. Anak-anak satwa yang dievakuasi tapi rumahnya udah nggak ada. Terus barusan lihat diver asing ngebunuh penyu di Raja Ampat. Manusia kenapa bisa sejahat itu sama makhluk yang bahkan nggak bisa membela dirinya? Kita bukan satu-satunya yang hidup di bumi ini. Kita cuma berbagi rumah. Harusnya karena kita punya akal dan kuasa lebih, kita yang paling bisa menjaga.",https://www.threads.com/@prillylatuconsina96/post/DdQsGA7kdes,prillylatuconsina96
Maudy Ayunda could never,https://www.threads.com/@crochettara_/post/DdSIjUHE_ua,crochettara_
Keadaan Indonesia before dan after nitizen cancel Maudy Ayunda.,https://www.threads.com/@latecapt/post/DdRU1RkmT8F,latecapt
Diajak mikir dikirain membela noh klean ribut2 maudy ayunda menkeu kita tw tw dicopot... Ga ada yg bela nih?,https://www.threads.com/@maaamika/post/DdSIUPXExdr,maaamika
"Maaf bukannya membela Maudy Ayunda, kalau dia bener2 tone deaf kenapa sampai mendirikan Maudy Ayunda Foundation.",https://www.threads.com/@mbkrina390/post/DdQJBTOEw2y,mbkrina390
"Itu bukan inisiatif maudy ayunda, itu save the children punya. Mungkin dia dibayar semacam jadi BA untuk itu.",https://www.threads.com/@nurhasanah1001/post/DdSIEM0E0Q9,nurhasanah1001
Udah capek2 ngerepost kritikan untuk pemerintah. Udah donasi bencana alam tiba2 bgt dikomen tone deaf cuma karena gak ikut menghujat maudy ayunda 🙏😭,https://www.threads.com/@anatasia_vdes1290/post/DdRMYKCGs3I,anatasia_vdes1290
Padahal kenal juga kagak sama maudy ayunda 😆 cm tau gegara dia pernah main laskar pelangi,https://www.threads.com/@maaamika/post/DdSH4jNE5fo,maaamika
"Who actually started the thread about Maudy Ayunda’s mindfulness video? It’s kinda confusing because her video is super neutral, even leans positive. Maybe it’s all about perception and people getting triggered. And like any perception, there’ll always be those who agree, disagree, or just don’t care.
Anyway, hope we all stay mentally healthy, because mental health is priceless, guys 😉",https://www.threads.com/@3sixtybro/post/DdQH5N_AbYl,3sixtybro
Eh goblok. Kondisi lagi gini jangan bicara mindfullness kondisi maudy ayunda yang super duper nyaman banget jangan disamakan dengan rakyat jelata yang lagi morat-marit. Termasuk elu.,https://www.threads.com/@fuckyourfeelings1985/post/DdSHIifkyRm,fuckyourfeelings1985
"uan, maudy ayunda, aisar khaled",https://www.threads.com/@kaniadeewii_/post/DdSHHJKkzUs,kaniadeewii_
"Sampai detik ini ga ngeliat salahnya Maudy ..

Emang orang terlalu butt hurt aje",https://www.threads.com/@oktorairahadi/post/DdRWzXkmB7u,oktorairahadi
"Gak usah didengarin gess orang orang kayak gini. Mereka memang pada dasarnya GAK PUNYA EMPATI KARENA MEREKA GAK NGERASAIN APA YANG KITA RASAIN. TIDURNYA MASIH PAKAI KASUR EMPUK, makan telor omega, LISTRIK AIR AMAN. BBM DIBELIIN PAPA. Jadi gada gunanya ngeladenib orang kayak merrka dan maudy ayunda 🤪🤪🤪",https://www.threads.com/@putriiiiiyetti/post/DdSGizdkxNm,putriiiiiyetti
"Maudy ini seangkatan aku. Dulu, waktu dia keterima di univ pakai LPDP, teman-teman gw kagum kayak 'ini nih maudy cewek cakep pinter multitalen', cewek maupun cowok muji. Sementara aku nyeletuk 'lah, bukannya dia artis dan org mampu? Masa pakai beasiswa pemerintah?' aku dari dulu anti sama yg namanya KKN, benci aparatur negara yg suka seenak jidat menyalahgunakan kekuasaan. Dan mereka blg aku cuma iri karena gak bisa kayak MA.",https://www.threads.com/@cherylileon/post/DdRVFrYD5xq,cherylileon
"Maudy Ayunda is indeed tone deaf, ignorant. I totally agree. But watch out. LPDP is merit based scholarship. It was not meant for the poor (pardon my language) only. Meaning everyone from all economic backgrounds can apply. Let’s not get confused here.",https://www.threads.com/@jalanjalandg_/post/DdSGFKDk9xM,jalanjalandg_
Bayangin orang secakep ini dicancel sama orang-orang jelek,https://www.threads.com/@latecapt/post/DdQYhRqmQs1,latecapt
"Semua terlahir cantik, kecuali MAUDY AYUNDA dia SPECIALIST BUDEG",https://www.threads.com/@d_arryani/post/DdSF33GkzJK,d_arryani
untuk apa? untuk apa cinta tanpa pembuktian by maudy ayunda,https://www.threads.com/@818.t3qu1laa/post/DdSFAvDk90q,818.t3qu1laa
"Selalu tidak skip dan nge re-post bad news ttg kerusakan di banyak daerah di Indonesia dngn hati penuh harap ada kaum-kaum intelektual yang punya hati, power dan empati utk bergerak secara nyata membantu memperbaiki 🙏🏻🤲🏻😇",https://www.threads.com/@amaliaslatieff/post/DdRm9vRmVsn,amaliaslatieff
"Gak setuju sih, gak mau bgt normalisasi tindakan nirempati gini disaat orang2 lain susah. Well, dengan followers dan privilage sebanyak itu, at least dia bisa melakukan sesuatu yg lebih bijak daripada sekedar yapping nyuruh2 org mindfullness, atau emang misalnya emang dia gak mau, minimal DIEM aja udah. 😬😬😬",https://www.threads.com/@candrasa_/post/DdQ921xFKLX,candrasa_
"Kak, Maudy Ayunda Fondation udah melakukan sesuatu yang bijak jauh sebelum kakak suruh dia DIEM. Anak2 yang terdampak banjir di aceh di provide beasiswa sama Maudy. Btw kakak yang ngga nirempati udah buat apa?",https://www.threads.com/@xyhh1226_/post/DdRmxD_EyUZ,xyhh1226_
"Dengerin pidato menkeu yg baru: 

""Apbn sebagai bagian dari keuangan negara harus bisa menjalan program program prioritas pemerintah....."" 

Tamatlah sudah alkisah kami 😂",https://www.threads.com/@chassananurul/post/DdRPXzUmMcY,chassananurul
Mbak paham menteri gak sih? Yg hrs nya fight melawan racun MBG dan pembakaran hutan itu DPR. Bukan menteri. Bukan Maudy Ayunda,https://www.threads.com/@egisantoso/post/DdRmknLE89Q,egisantoso
"foto diatas ada nota ayam geprek kesukaan saya.

menu yang sama, tempat yang sama, dengan waktu yang berbeda. kurang dari setahun naik 40%.

(31-12-2022)  rp18.000
(09-11-2023)  rp24.500

gatau di 2026 ini sekarang harganya jadi berapa dengan menu yang sama.",https://www.threads.com/@oryzavdio/post/DdRmfu4kymg,oryzavdio
#just sharing 😘,https://www.threads.com/@oryzavdio/post/DdRmgUBk9qy,oryzavdio
"ente duduk di dapur mewah dengan ruangan ber-ac 🤣
kena panas waktu ngantri pertalite kaga? kena asap karhutla kaga? ngantri pelayanan di puskesmas kaga? 
enak banget ya ngomong soal ""bad news"" padahal ini semua ""bad policy"" yang sangat sistemik sama rezim goblok",https://www.threads.com/@oryzavdio/post/DdRmfRtE-Ki,oryzavdio
"foto diatas ada nota ayam geprek kesukaan saya.

menu yang sama, tempat yang sama, dengan waktu yang berbeda. kurang dari setahun naik 40%.

(31-12-2022)  rp18.000
(09-11-2023)  rp24.500

gatau di 2026 ini sekarang harganya jadi berapa dengan menu yang sama.",https://www.threads.com/@oryzavdio/post/DdRmfu4kymg,oryzavdio
"ngomong-ngomong soal maudy ayunda, gue jadi agak throwback ke kebiasaan ngumpulin nota belanja.

tiap kali pemerintah klaim kenaikan inflasi sekian persen, gue selalu cek nota belanja dari tahun ke tahun. dan kalau dirata-rata, kebutuhan pokok sampai peralatan rumah, rerata naik 13–40% konsisten dari tahun 2021 sampai sekarang.

dengan umr yang cuma naik 5–8%, jelas bakal banyak orang yang ngamuk ama statemen ente yang ngawur itu 😂",https://www.threads.com/@oryzavdio/post/DdRmelzE6Ku,oryzavdio
"ente duduk di dapur mewah dengan ruangan ber-ac 🤣
kena panas waktu ngantri pertalite kaga? kena asap karhutla kaga? ngantri pelayanan di puskesmas kaga? 
enak banget ya ngomong soal ""bad news"" padahal ini semua ""bad policy"" yang sangat sistemik sama rezim goblok",https://www.threads.com/@oryzavdio/post/DdRmfRtE-Ki,oryzavdio
"ngomong-ngomong soal maudy ayunda, gue jadi agak throwback ke kebiasaan ngumpulin nota belanja.

tiap kali pemerintah klaim kenaikan inflasi sekian persen, gue selalu cek nota belanja dari tahun ke tahun. dan kalau dirata-rata, kebutuhan pokok sampai peralatan rumah, rerata naik 13–40% konsisten dari tahun 2021 sampai sekarang.

dengan umr yang cuma naik 5–8%, jelas bakal banyak orang yang ngamuk ama statemen ente yang ngawur itu 😂",https://www.threads.com/@oryzavdio/post/DdRmelzE6Ku,oryzavdio
"Blom lama kabar SKNC karnaval satanik, pencabulan anak dibawah umur, guru tapi kemayu trus mbak maudy ayunda skrg pak purbaya lanjut ..",https://www.threads.com/@karinsesu/post/DdRmBSAidqX,karinsesu
dulu mana nyangka maudy ayunda bakal blunder dan ke hujat😭 idola org2 yg ada,https://www.threads.com/@yoselenaa/post/DdRl-hPgbgn,yoselenaa
"syukuran mobil baru ah, tebak mobil apa komen yg ga ada like nya dapet jajan, buat 5 org @ 100k",https://www.threads.com/@makanlurrrr/post/DdQ860kIG--,makanlurrrr
byd! jgn like mau beli garem buat maudy ayunda sipaling mindfulness itu. 🙏🏼,https://www.threads.com/@gannsssssssss/post/DdRl9TYE0E3,gannsssssssss
Mindfulness itu artinya bodo amat bukan si?,https://www.threads.com/@tghidayat/post/DdP-tZeD7PN,tghidayat
"Mindfulness itu artinya walau kebakaran, aku tetap tenang 🙏🏻 jgn lupa telp damkar krn mereka lah yg bantu memadamkan. Kalo panik dan marah2 ke tetangga gak ada guna nya. Apa lg marah2 ke celebs. Marah itu ke DPR presiden kepala daerah. Krn semua ini terjadi atas ijin mereka. Bukan ijin Maudy Ayunda.",https://www.threads.com/@egisantoso/post/DdRvtucE-zk,egisantoso
"Tulisan tangan adalah BLUE PRINT hidupmu yang gak bisa dimanipulasi. Termasuk tulisan seorang Maudy Ayunda. 

Selama ini dia dikenal cerdas dan berjiwa sosial. Tapi di era penuh bad news sekarang, apakah gerakan mindfulness-nya itu beneran tulus atau justru ""buta sosial"" terhadap realita?",https://www.threads.com/@awan_grafolog/post/DdRHTZQEzXW,awan_grafolog
Jujur gue lebih males baca ini alias “Blue print” nya maudy ayunda daripada baca banyak berita yang katanya doi bikin toxic ituh🙏🏻🙏🏻🙏🏻,https://www.threads.com/@galuhindrajita/post/DdRvreQD2hP,galuhindrajita
"Td liat ada thread yg bilang “memangnya kontribusimu sudah sebesar maudy ?” Kalau belum, memangnya jadi nggak boleh ngomong gitu?🥲",https://www.threads.com/@novembercaine/post/DdRBvVDE9xO,novembercaine
"Ada jg ""you're not on the same level as Maudy Ayunda, dia pengen ajak kita naik level aja kok"" 🙃",https://www.threads.com/@whoisdatgorg/post/DdRvqpBn690,whoisdatgorg
"Murni bahas inti pesan dari tapi mengenyampingkan fakta2 soal si pemilik pesan yang terafiliasi dengan kepentingan bisnis , membahas pesan dan si pembuat pesan tidak bisa di pisahkan karena mereka satu kesatuan ( di publis di konten yang bisa di akses publik) . Sejak kapan mengetahui profil seseorang harus jadi fans orang tersebut ? Itulah guna nya literasi dan membaca profil orang tersebut. Apalagi jika anda sampai membuat beberapa utas",https://www.threads.com/@elianarozaa/post/DdRuscQn--7,elianarozaa
"Sorry ya, utas ini fokusnya bahas isi video, bahas pemikiran, bukan bahas yg lain. Mungkin bisa cari utas lain yg bahas orangnya kalo mau diskusi.
Jujur ga tau apa2 nih soal Maudy Ayunda terafiliasi sama apa aja dan punya urusan bisnis apa. 
Dan utas ini sama sekali ga membela orangnya. Sebatas meluruskan kesalahpahaman isi pesan aja. ga lebih.
Thanks infonya anyway.",https://www.threads.com/@harry.bood/post/DdRvmOLE4WT,harry.bood
"Justru karena ada berita penderitaan rakyat makanya tidak boleh cuma diskip, tapi dipikirkan apa yang bisa kita lakukan untuk kontribusi meringankan penderitaan mereka. Bisa donasi. Kalaupun itu tidak bisa dilakukan, cukup bantu menyemangati & mendoakan mereka. Itu sendiri sudah kontribusi",https://www.threads.com/@samanta_widjaja/post/DdRmLCZkvvC,samanta_widjaja
"Kita menyentuh poin yang sama mbak dan saya tidak membenarkan sikap Maudy Ayunda yang speak up mengajak untuk skip berita masyarakat ,  apalagi krisis saat ini . Yang saya muak kan itu dengan banyaknya bahasan soal Maudy Ayunda tone deaf ini , feed makin ketimpa berita yang harusnya masyarakat bisa tau dan berempati serta kontribusi . Yang jadinya pengalihan inti masalah.",https://www.threads.com/@rzqmbrk31/post/DdRvfEEn_Su,rzqmbrk31
"guys ngapain kalian belain maudy ayunda, harusnya dia yang belain kita dengan bersuara di platformnya, dia kalian belain bakal tetap tone deaf dengan segala privilegenya, dan buat buzzer lu kontol anggaran buzzer itu udah pasti 80% nya di embat sama pejabat yang dapat instruksi dari atasan...makanya kalian dapat dikit coba kalian gunakan cara buzzer itu untuk nyerang pemerintah, kita mungkin dapat pendidikan yang layak, pekerjaan yang layak..kalau kalian bersuara",https://www.threads.com/@elyasmad/post/DdRut3Ek8T1,elyasmad
"maudy ayunda lagi dirujak netizen. tapi gue justru penasaran, misalkan kalian ada di posisi maudy ayunda. punya privilege, kapasitas berfikir yang mumpuni, dan cukup punya pengaruh besar untuk mengedukasi audiens. kalian akan memilih cara yang sama, tipis-tipis mengedukasi sambil tetap main aman? atau berani amar ma'ruf nahi munkar dengan menegur dan mengingatkan pemerintah ketika ada kebijakan atau tindakan yang keliru, walaupun harus menghadapi resiko dan konsekuensinya?",https://www.threads.com/@azzaixczr_/post/DdREhMOEvUQ,azzaixczr_
"Mmg Maudy Ayunda politisi ya?
Itu lho banyak politisi celebrity. Kok gak protes ke mereka? 
Ya krn ini ulah nya buzzer aja pengalihan issue. Disamber haters nya Maudy.",https://www.threads.com/@egisantoso/post/DdRupU0E3BA,egisantoso
"Dear @maudyayunda, kalau kamu ""cuma artis biasa"" yang nggak pernah sekolah serius, saya bisa maklum dengan konten “Mindfulness in the Age of Bad News” mu yang dihujat netizen se-Konoha Raya itu. Tapi, kamu adalah alumni Philosophy, Politics and Economics (PPE) Oxford, jurusan yang paling banyak mencetak para Policy Makers di UK termasuk 5 orang PM. Kamu mereduksi persoalan BAD POLICY menjadi sekedar persoalan BAD NEWS, itu adalah kedunguan tingkat dewa untuk standar alumni PPE Oxford.  1/10",https://www.threads.com/@buitenzorgy/post/DdQgqbVD3qS,buitenzorgy
"Kasian bgt Maudy didesak disuruh empati dan lain2, padahal yg harusnya kalian desak itu presiden noh biar benerin negaranya, ada waktu bgt tuh lu pda nontonin maudy ayunda, bukan salah dia ngelakuin apa yg dia mau dan dia ga punya kewajiban apa2 buat negara, banyak bgt kelakuan pemerintahan negara konoha yg perlu dihujat dan diperbaiki dripda sibuk marahin dan ngatain maudy. kocak",https://www.threads.com/@putrimayangkara/post/DdRuXR9E7Sc,putrimayangkara
"""Emang ada yg salah dari videonya? Menurutku isinya netral, tapi kok pada ketrigger?""
""Buzzer ya kamu?""
""Iri ya karena orang lain hidup enak sedangkan kamu hidup susah?""

Aduh... Gimana ya jelasinnya.
Coba tinggal 2 bulan, eh, ga usah deh, 2 bulan juga pasti kalian ga kuat. Coba 2 minggu aja tinggal di Pontianak atau daerah manapun di Kalimantan yg sedang terdampak parah. Terus nonton video itu. Kira2 bakal ketrigger ga?

Bad news buat sebagian orang adalah bad reality buat sebagian lainnya...😔",https://www.threads.com/@santy_diliana/post/DdRFqmDGBoi,santy_diliana
"Kenapa mbak nggak demo ke DRPD ? Kenapa gak demo ke gubernur mbak?
Trus Maudy Ayunda harus jd congor kalian? Kenapa nggak pake tangan mulut sendiri utk protes langsung ? Bisa lho.",https://www.threads.com/@egisantoso/post/DdRuVsgk3ZV,egisantoso
"Yang lagi viral itu video YouTube-nya 21 Agustus 2026 berjudul Mindfulness in the Age of Bad News, dia cerita lelah dibombardir berita buruk dan ngajak mindfulness.

Dari beberapa perspektif gini:

1. Komunikasi publik: timing-nya dianggap miss, karena lagi ada banjir Sumatra, karhutla Kalimantan, jadi yang dia sebut ""bad news"" itu ""bad reality"" buat banyak orang.

2. Privilege & tanggung jawab: netizen sorot background LPDP dan brand From This Island yang pakai bahan dari Papua, jadi ekspektasinya dia pakai platform buat speak up, bukan menjauh.

3. Kesehatan mental: Maudy sendiri sudah klarifikasi 13-14 September, bilang being able to step away from the news is itself a privilege dan minta maaf karena belum merefleksikan itu. Intinya niat self-care-nya valid, tapi delivery-nya kerasa jauh buat yang lagi survival mode.",https://www.threads.com/@meta.ai/post/DdRtrNhjEXz,meta.ai
@meta.ai apa yang bisa kamu pelajari dari kasus ini? Apakah pernyataan dari maudy ayunda benar ? Kalau kamu jadi maudy ayunda kamu harusnya bersikap seperti  apa?,https://www.threads.com/@zakhisyahh/post/DdRt6LbHz3E,zakhisyahh
Apa tanggapan kamu tentang Maudy Ayunda yang lagi viral @meta.ai ? Coba gunakan dari beberapa perspektif,https://www.threads.com/@zakhisyahh/post/DdRtomhH36y,zakhisyahh
Emangnya seberapa efektif bantuan profesional itu? Siapa tahu so-called profesionalnya pun lagi sama2 sakit semua.,https://www.threads.com/@atasnamabeliau/post/DdQY5BYGSS-,atasnamabeliau
"“So-called professional” omg…… dengan duit seabrek  itu nyari psikiater/psikolog yg waras mah gampang jir, klo emg gamau lokal sekalian ke singapur/LN sana mudah untuk seorang maudy ayunda😭",https://www.threads.com/@inadwrm/post/DdRtlyfE1T2,inadwrm
"ga bermaksud nyalahin bahkan aku lumayan mendukung statement kak Maudy Ayunda, tapi sadar ga doi bahwa statement doi itu bisa jadi 'senjata baru' buat buzzer tone deaf? hanya menelan mentah mentah kata 'MINDFULNESS' di momen sekarang maka ber-MINDFULNESS menjadi kunci dalam mengatasi bad news yang terjadi saat ini😂",https://www.threads.com/@rafiqlasmana/post/DdRtkZ9DxzG,rafiqlasmana
"Mungkin beliau juga ikut aliran ""Mindfulness in the Age of Bad News"" kayak Maudy Ayunda",https://www.threads.com/@fadillafdy/post/DdRtcxwj65A,fadillafdy
"Baru selesai nonton video youtube maudy ayunda

Beliau ini emang pure lagi ngomong sama sesama orang kaya yang punya privilege persis seperti yang dia punya. 
😭😭😭 dan omongannya on point untuk kalangan orang kaya mah. 

Dengan judul video youtube seperti itu dan dari awal video dia buka dengan background dapur bersih dan jaket columbia itu aja udah sebuah statement bahwa gua ga di ajak",https://www.threads.com/@_bysaee/post/DdRtUKXGBgH,_bysaee
"Abis denger podcastnya maudy ayunda, huhuhu so sad to hear that.. like how come maybe this one bad information for u buttttt for another ppl this tragedy huhuhu. Saranya emng berguna buat
org yg punya kecemasan berlebihan tapi klo buat org yg ngerasain itu beda lagi huhhu",https://www.threads.com/@ichaaulliaa/post/DdRtR3siLv2,ichaaulliaa
"Bekantan kita mati 😢😢😢
Ini bisa berubah kalau Indonesia Reset dari awal.
Kayak gini masih ada yang bilang gak usah peduli.

Gila lu Maudy Ayunda",https://www.threads.com/@mitsuhamaya/post/DdRtPgQE0Rv,mitsuhamaya
Maudy itu cuman lagi blunder dan plenger aja kok di waktu yg ga tepat😂,https://www.threads.com/@celestialnia/post/DdRtE0Vo_4H,celestialnia
"aku akan setuju, kalau ini disampaikan oleh orang dengan 100 followers, tidak punya degree in politics, dan dipost a long time ago, tidak saat berbarengan dengan karhutla, bencana, penembakan, keracunan, dll.

aku yakin betul, dia paham soal kepekaan sosial, tapi dia memilih tidak melakukan itu disaat dia sadar bahwa impact yang dia punya sangat besar ketika dia bersuara. people are struggling, mereka jadi super sensitif, mereka ga peduli soal mindfulness sh*t.",https://www.threads.com/@b3jeweied/post/DdSSVIkE1f_,b3jeweied
"dengan kondisi sekacau ini, wajar kalau orang-orang tersinggung, bukan itu yang diharapkan dari seorang sekelas maudy ayunda.

ditambah jokes or complain kecil dia soal protein or the bread tastes a little too healthier disaat banyak orang starving karena bencana, itu sama sekali tidak menunjukkan kepekaan sosial.",https://www.threads.com/@b3jeweied/post/DdSSVHVE39w,b3jeweied
"Who actually started the thread about Maudy Ayunda’s mindfulness video? It’s kinda confusing because her video is super neutral, even leans positive. Maybe it’s all about perception and people getting triggered. And like any perception, there’ll always be those who agree, disagree, or just don’t care.
Anyway, hope we all stay mentally healthy, because mental health is priceless, guys 😉",https://www.threads.com/@3sixtybro/post/DdQH5N_AbYl,3sixtybro
Eh goblok. Kondisi lagi gini jangan bicara mindfullness kondisi maudy ayunda yang super duper nyaman banget jangan disamakan dengan rakyat jelata yang lagi morat-marit. Termasuk elu.,https://www.threads.com/@fuckyourfeelings1985/post/DdSHIifkyRm,fuckyourfeelings1985
"uan, maudy ayunda, aisar khaled",https://www.threads.com/@kaniadeewii_/post/DdSHHJKkzUs,kaniadeewii_
"Sampai detik ini ga ngeliat salahnya Maudy ..

Emang orang terlalu butt hurt aje",https://www.threads.com/@oktorairahadi/post/DdRWzXkmB7u,oktorairahadi
"Gak usah didengarin gess orang orang kayak gini. Mereka memang pada dasarnya GAK PUNYA EMPATI KARENA MEREKA GAK NGERASAIN APA YANG KITA RASAIN. TIDURNYA MASIH PAKAI KASUR EMPUK, makan telor omega, LISTRIK AIR AMAN. BBM DIBELIIN PAPA. Jadi gada gunanya ngeladenib orang kayak merrka dan maudy ayunda 🤪🤪🤪",https://www.threads.com/@putriiiiiyetti/post/DdSGizdkxNm,putriiiiiyetti
"Maudy ini seangkatan aku. Dulu, waktu dia keterima di univ pakai LPDP, teman-teman gw kagum kayak 'ini nih maudy cewek cakep pinter multitalen', cewek maupun cowok muji. Sementara aku nyeletuk 'lah, bukannya dia artis dan org mampu? Masa pakai beasiswa pemerintah?' aku dari dulu anti sama yg namanya KKN, benci aparatur negara yg suka seenak jidat menyalahgunakan kekuasaan. Dan mereka blg aku cuma iri karena gak bisa kayak MA.",https://www.threads.com/@cherylileon/post/DdRVFrYD5xq,cherylileon
"Maudy Ayunda is indeed tone deaf, ignorant. I totally agree. But watch out. LPDP is merit based scholarship. It was not meant for the poor (pardon my language) only. Meaning everyone from all economic backgrounds can apply. Let’s not get confused here.",https://www.threads.com/@jalanjalandg_/post/DdSGFKDk9xM,jalanjalandg_
Bayangin orang secakep ini dicancel sama orang-orang jelek,https://www.threads.com/@latecapt/post/DdQYhRqmQs1,latecapt
"Semua terlahir cantik, kecuali MAUDY AYUNDA dia SPECIALIST BUDEG",https://www.threads.com/@d_arryani/post/DdSF33GkzJK,d_arryani
untuk apa? untuk apa cinta tanpa pembuktian by maudy ayunda,https://www.threads.com/@818.t3qu1laa/post/DdSFAvDk90q,818.t3qu1laa
"Nah jadi kesentil lagi kan ya soal beasiswa LPDP berkat Maudy Ayunda yg dirasa gak pantes ngambil itu karena sedari kecil udah disekolahkan di sekolah mahal. Memang beasiswa LPDP tidak diperuntukkan untuk anak kurang mampu tapi ya kalau punya hati nurani, minimal ngasih kesempatan buat yang kurang mampu dalam hal finansial tapi berprestasi secara akademik. Gimana bisa terwujud pemerataan sosial? Bahasa kasarnya ""orkay dibiayai kuliah oleh orang miskin"". Ketimpangan & kesenjangan semakin nyata!!",https://www.threads.com/@hernsight/post/DdSEw5kE8k2,hernsight
"Artis atau public figure yang punya jutaan followers, tapi memilih diam dan tidak menggunakan platformnya untuk speak up atau membela rakyat ketika negara sedang chaos, dan artis-artis ini sangat tidak fantasssss di jadikan role model:
1. Raffi Ahmad
2. Nagita Slavina
3. Maudy Ayunda
4. Dian Sastrowardoyo
Yang lainnya isi sendiri.. 

Wait… artis yang paling aku suka dan sangat perduli rakyat dan masa depan anak-anak yaitu: Cinta Laura 🥰 @claurakiehl",https://www.threads.com/@itsrayayuri/post/DdSEjkWE2wq,itsrayayuri
"Maudy, ketolong banget nama lu buat dompleng brand, dengan nama gini performative level kakap. 

1% revenue dari last 30 days ALL PRODUCT REVENUE lu itu ga nyampe 10 juta. Ini dari Kalodata.com ya platform buat cek pendapatan brand di shopee & tiktok, bisa akses umum.

dan 1% ini BUKAN from ALL, yang disumbang HANYA DARI SELECTED IMPACT PRODUCTS artinya lebih kecil lagi.",https://www.threads.com/@bike.n.brunch/post/DdSEXlhk7z0,bike.n.brunch
Siapa elu ngatur2 hidup nya Maudy Ayunda? Dia DPR? Politisi? Anak elo? Terima duit elo?,https://www.threads.com/@egisantoso/post/DdRnlZNE7Wm,egisantoso
Cih.. who is Maudy Ayunda.. president aja gue atur di thread 🤣,https://www.threads.com/@owl.44404823/post/DdSD8S7EzLw,owl.44404823
Raja Juli enak bgt hidupnya. Bully yg dia alami ga separah bully yg diterima Maudy Ayunda. Kdg org2 kyk begini lucky bukan main. Ya mungkin istidraj.,https://www.threads.com/@rima.muryantina/post/DdSDf-BE-lf,rima.muryantina
"Baru selesai nonton video yt nya. Padahal jelas bgt maksud dia itu gimana. Bukannya mindfullness = nirempati/tone deaf. Tp bagaimana mencerna berita2 yg dikurasi dlm window2 tertentu aja, kalo ga stress cuy.

Banyak media bodong yg cuma bikin org tambah marah. Kl seharian setiap hari konsumsi berita yg negetif terus, it really created negativity in your life. Krn skrg video menghadapi situasi dgn mindfullness gini aja lgsg berubah jd negatif. Cobalah bercermin.",https://www.threads.com/@gandhifernando/post/DdP4HRzAWcm,gandhifernando
"pdhal statement nya sejelas dan sedetail ini tp knpa yg ditangkap malah bagian yang paling gampang di salahpahami dan di goreng sampe adu ekonomi, adu apa yg dia makan, apa yg dia dapat dari negara dan apa kontribusi dia untuk negara?! like guys…  she knows what she’s doing, she’s maudy ayunda.",https://www.threads.com/@fikanlm_/post/DdSDNuek8gR,fikanlm_
"Lah. Elu yg paling bacot hei. Gw org sumatera. Elu tinggal dimana? Nunjuk2 gw org ga ngalamin, gw lebih ngalemin dari elu. Ga usah ngajarin. Makanya, main2 kesini, biar ga idup di imajinasi khayalan yg lubangun lewat berita doang.",https://www.threads.com/@naeshaah/post/DdSCol8kz2_,naeshaah
"WKWWKKW MBAK NAPE LU MARAH2 SIH?? 🤣🤣🤣

kan lu nanya yaaa kenapa orang-orang sebel sama maudy ayunda, ya gw jawab lah yaaa..
sing eling mbak ngebelainnya, semangat 🤙🤙",https://www.threads.com/@sylvanats/post/DdSC4ebEwlv,sylvanats
"Dikit kak orang yg kayak gini, terlalu banyak yg FOMO, ada isu digoreng ngikut, orang beropini apa langsung diikutin, Maudy Ayunda segitu baik dan aktif donasi aja diserang mati2an, padahal yg nyerang ga ada kontribusinya seupil Maudy Ayunda",https://www.threads.com/@pikirsecaralogik4/post/DdQZ945kf9x,pikirsecaralogik4
"gak herankan kalau orang mudah kecewa sama satu figur, begitu juga sebaliknya, mudah sekali untuk glorifikasi. Sudah banyak nonton podcast Maudy ayunda, banyak opininya yang cocok, beberapa gak relate sama sekali, termasuk yang terbaru. Tapi itu saya anggap karena dia hidup di bubble yang berbeda dgn saya.",https://www.threads.com/@hokagemydream/post/DdSC1Byk9Gk,hokagemydream
"Kalian yang bully Maudy Ayunda, keliatan banget kalo cara pikir kalian masih binary. Yuk ngaca dulu yuk. Jangan salah fokus.",https://www.threads.com/@sofiacitrad/post/DdQ6gz5Cc4b,sofiacitrad
"Drtd seliweran narashit kek gini, ni Maudy Ayunda makek buzzer? Yg bener-bener ajeee wkwkwkwk",https://www.threads.com/@rnrcllns/post/DdSCuOeE5M7,rnrcllns
"maudy ayunda lo temenan gih sama ed sheeran, sama-sama apolitical mfs with the backbone of a paper straw 🤢",https://www.threads.com/@restyyyy/post/DdSCdwMDm2r,restyyyy
"Yang satu, sibuk turun tangan. Keringetan. Kepanasan. 

Yang satu, ""sibuk"" bikin video. Nyap-nyap ttg mindfulness sambil masak2 cantik di kitchen yg estetik dan adem. 
 
@maudyayunda , belajar gih sama @sherinamunaf . 

Klo gak punya waktu utk turun tangan, minimal punya empati woi. 

Gimana caranya orang2 di Kalimantan bisa praktekin teori ""mindfulness"" lu klo mau nafas aja kesusahan. 

Gregettttt asli !!!!",https://www.threads.com/@rickyprijaya/post/DdOllTeifTW,rickyprijaya
Heran yang mengidolakan Maudy Ayunda dengan cara berpikir segitunya,https://www.threads.com/@srj_laras/post/DdSCHj3E_3B,srj_laras
Cepat sekali pergeseran lempeng bumi dari Uan Kaisar ke Maudy Ayunda.,https://www.threads.com/@arandzruttu/post/DdSB8VKE_E5,arandzruttu
"aku akan setuju, kalau ini disampaikan oleh orang dengan 100 followers, tidak punya degree in politics, dan dipost a long time ago, tidak saat berbarengan dengan karhutla, bencana, penembakan, keracunan, dll.

aku yakin betul, dia paham soal kepekaan sosial, tapi dia memilih tidak melakukan itu disaat dia sadar bahwa impact yang dia punya sangat besar ketika dia bersuara. people are struggling, mereka jadi super sensitif, mereka ga peduli soal mindfulness sh*t.",https://www.threads.com/@b3jeweied/post/DdSSVIkE1f_,b3jeweied
"dengan kondisi sekacau ini, wajar kalau orang-orang tersinggung, bukan itu yang diharapkan dari seorang sekelas maudy ayunda.

ditambah jokes or complain kecil dia soal protein or the bread tastes a little too healthier disaat banyak orang starving karena bencana, itu sama sekali tidak menunjukkan kepekaan sosial.",https://www.threads.com/@b3jeweied/post/DdSSVHVE39w,b3jeweied
"gak lama setelah Maudy Ayunda blunder, mendadak di sini banyak yang belain doi dengan gaya bahasa elitist. masa sekelas doi masih butuh buzzer? 🤪",https://www.threads.com/@sliceofdave/post/DdRsqrFEy7h,sliceofdave
"Aku simply liatnya, nothing you can do, supaya ga ikut stress, ya cari positifity aja sama diri sendiri...
Ibarat anak kcil yang terjebak direruntuhan gedung, panik, nangis triak2, terus damkarnya ""its okay its okay, you gonna be okay""

Masalahnya ini keluar dari seorang Maudy Ayunda yang artis berprivilege..
Otomatis mata orang indonesia mandangnya lain..",https://www.threads.com/@emanuelcaesar/post/DdRshwCiEy-,emanuelcaesar
"anjir ternyata intruksi kakak pembina nyuruh belain maudy ayunda, anjinglah wkwkwk si maudy ini pakai buzzer Cok 😂🤣",https://www.threads.com/@elyasmad/post/DdRshQIEx9Y,elyasmad
Maudy ayunda sekarang lagi ngapain ya…,https://www.threads.com/@sukasukamalam/post/DdRsKIhH__h,sukasukamalam
"Dear Maudy Ayunda, coba lo tukeran jadi WARGA KALIMANTAN sehari aja.. yang sampai saat ini msh harus menghadapi ruwetnya kebakaran hutan, asap yg berbahaya plus lain lainnya, itu baru KALIMANTAN yah, and let’s see would you still be talking about that MINDFULNESS OR WHAATTT 🤣",https://www.threads.com/@jsmnjasmine/post/DdRsJNXnzbG,jsmnjasmine
"kak apus aja kak, nanya sama google atau temen temen aja kak, disini capek banget ngeladeninnya😭",https://www.threads.com/@abiatiw/post/DdRrzKrkou2,abiatiw
Tenang kak inilah saatnya kita harus menerapkan mindfulness ala maudy ayunda🧘🏻‍♀️,https://www.threads.com/@moiunsentwords/post/DdRsC8zk7Bi,moiunsentwords
"Yg marah & tersinggung dgn konten Maudy Ayunda, mereka itu cuma ga paham dan salah tangkep aja sama pesan utama dari videonya.

Buat yg ga ngerti pesan utama dari video Maudy Ayunda, gue coba rangkum ya:
1. Fokus utamanya bukan ""bad news"" itu sendiri, tapi how to deal with that.
2. Target audiensnya bukan para korban bencana atau musibah, tapi mereka yg hanya bisa menyaksikan semua kekacauan itu dari medsos/internet dan mulai merasa overwhelmed.",https://www.threads.com/@harry.bood/post/DdRhsIoCSvK,harry.bood
seorang maudy ayunda pakai buzzer ngentot wkwkw,https://www.threads.com/@elyasmad/post/DdRrwaVE7IZ,elyasmad
"ga ada yg salah dari Maudy, i think. 100% agree with her thoughts.",https://www.threads.com/@ernelians/post/DdQeo1JmP8Q,ernelians
"jirr maudy ayunda pakai buzzer cok wkwk, tolol2 lulusan univ luar pakai buzzer",https://www.threads.com/@elyasmad/post/DdRrrEKkxu1,elyasmad
"aku akan setuju, kalau ini disampaikan oleh orang dengan 100 followers, tidak punya degree in politics, dan dipost a long time ago, tidak saat berbarengan dengan karhutla, bencana, penembakan, keracunan, dll.

aku yakin betul, dia paham soal kepekaan sosial, tapi dia memilih tidak melakukan itu disaat dia sadar bahwa impact yang dia punya sangat besar ketika dia bersuara. people are struggling, mereka jadi super sensitif, mereka ga peduli soal mindfulness sh*t.",https://www.threads.com/@b3jeweied/post/DdSSVIkE1f_,b3jeweied
"dengan kondisi sekacau ini, wajar kalau orang-orang tersinggung, bukan itu yang diharapkan dari seorang sekelas maudy ayunda.

ditambah jokes or complain kecil dia soal protein or the bread tastes a little too healthier disaat banyak orang starving karena bencana, itu sama sekali tidak menunjukkan kepekaan sosial.",https://www.threads.com/@b3jeweied/post/DdSSVHVE39w,b3jeweied
"my personal thoughts abt kak Maudy is why she seems refused to talk abt the actual problem or criticizing the one who actually cause and responsible to these terrible things? I mean dengan background pendidikan beliau, i still wondering what is she actually afraid of by being vocally?",https://www.threads.com/@modlvy/post/DdRl6qTj_no,modlvy
"Indonesia ini darurat literasi. Pdhal maudy cuma membagikan perspektif yg sama sekali ga menyinggung siapapun dan tdk ditujukan untuk siapapun. Dia berbagi perspektif gmn caranya mindful di tengah banyak berita buruk yg selalu kita konsumsi, ga ada tuh dia ngasih ceramah gmn caranya mindful buat orang yg lagi kena bencana di kalimantan. Ko klian nyangkutnya kejauahan ya? Pdhl perspektif dia itu masih relevan buat sebagian org, dan kalo lo ga relevan dg kondisi yg ada, ya konten itu bukan buat lo",https://www.threads.com/@naeshaah/post/DdRhHTkE93T,naeshaah
jadi caranya mindful kayak yang disaranin maudy ayunda itu cocok ga kak buat dilakuin sama orang-orang yang berdampak langsung sama karhutla?,https://www.threads.com/@noteshao/post/DdRl53UmLUh,noteshao
"Dia kejunya Cottage Cheese.

Lha gue kejunya keju terigu (tiruan keju) yang ada di dalam roti seribuan, kalau rotinya disobek kejunya pada rontok.

Itu aja udah beda.
😂🤣",https://www.threads.com/@yohanesanz/post/DdRl2XRE8eg,yohanesanz
"untuk pertama kalinya, karena draining banget. aku memutuskan untuk memfilter kata Maudy Ayunda agar ga lewat berandaku.

bukan karena dia jahat tapi cyberbullyingnya ga ngotak.",https://www.threads.com/@pena_kaif/post/DdRlvz4mSgO,pena_kaif
Habis nonton video Maudy Ayunda yang lagi ramai dibahas. Sbnenrnya kontennya gak salah terutama kalo tujuannya adalah ttg mental health issues tp target marketnya agak kurang pas bagi warga Indo yg gk punya pilihan lain slain terima berita berbagai macam “bad news” yg jadi makanan tiap hari. Jujur Misalnya gue ada di posisi Maudy dengan segala “privilege” yg dimiliki akan memilih menikmati hidup dulu terkecuali memang berniat mnjdi “aktivis” yg mengkritisi berbagai macam kebijakan yg ada,https://www.threads.com/@wlvrdhany/post/DdRlqttD_xU,wlvrdhany
"Kenapa thread isinya hate comment buat maudy ayunda?
Jadi kasian juga karena udah masuk kategori overhate ini. Ngeri bngt netizen indo 🥲",https://www.threads.com/@rahmaaulia_sh/post/DdRloNemqrg,rahmaaulia_sh
"Orang indo sumbu pendek mas , pendekatan secara emosional lebih dekat dari pada disuruh mikir dulu",https://www.threads.com/@jimmyreznick_/post/DdRlLhuD54J,jimmyreznick_
Sepakat sih. Tapi sebenernya dari awal konten2nya Maudy Ayunda tuh memang narget mereka yg mau mikir ga sih.,https://www.threads.com/@harry.bood/post/DdRlg5IiWQg,harry.bood
"Wanita cantik dan smart yg penuh privilege, ceo sekaligus co-founder sebuah brand kecantikan yg mengusung konsep 'kekayaan alam nusantara' tapi malah mindfull dan tone deaf di tengah hiruk pikuk kabar chaos keadaan alam nusantara. Kalo tdk salah, bahan utama yg merupakan kandungan penting dlm produknya adalah illipe butter. Buceo pasti tau betul dong populasi trbesar pohon tengkawang yg menghasilkan illipe butter itu ada di nusantara bagian mananya. Yes, Kalimantan, yg saat ini sedang tdk well.",https://www.threads.com/@fortunande_/post/DdRlflvH-v7,fortunande_
"Tapi bright side nya dia emang ngajak kita untuk ""gak terlalu stress"" menghadapi bad news yg datang berkali2. Semuanya harus diproses jangan terus2an memaksa diri sendiri untuk berlarut dalam emosi. Tapi ya sekali lagi, her thought is not for all of us, gak semua yg nonton adalah audience yg tepat. Makanya dia bisa aja milih untuk gak posting ini publicly di tengah krisis bad news bad reality yg dialamin banyak orang",https://www.threads.com/@vinandia_r/post/DdRrgNTkn6c,vinandia_r
"Toh dia udah klarifikasi dan ada permintaan maaf juga, semoga kita semua bisa lebih bijak lagi",https://www.threads.com/@vinandia_r/post/DdRrgNNkoB9,vinandia_r
"Udah nonton fullnya, now i get it. Intinya dia kalo mau ngomongin mindfulness cukup di circle dia aja, kalo di public dengan ratusan orang Indonesia nonton kesannya dia nirempati. Apalagi di part dia bahas 'choosing windows to be exposed to bad news' kayak gak semua orang punya privilege itu modyyyy apalagi korban2 yg terdampak secara langsung, mana bisa mereka berupaya untuk ""mindful"" 🥲",https://www.threads.com/@vinandia_r/post/DdRrgOQkgru,vinandia_r
"Udah nonton fullnya, now i get it. Intinya dia kalo mau ngomongin mindfulness cukup di circle dia aja, kalo di public dengan ratusan orang Indonesia nonton kesannya dia nirempati. Apalagi di part dia bahas 'choosing windows to be exposed to bad news' kayak gak semua orang punya privilege itu modyyyy apalagi korban2 yg terdampak secara langsung, mana bisa mereka berupaya untuk ""mindful"" 🥲",https://www.threads.com/@vinandia_r/post/DdRrgOQkgru,vinandia_r
"Tapi bright side nya dia emang ngajak kita untuk ""gak terlalu stress"" menghadapi bad news yg datang berkali2. Semuanya harus diproses jangan terus2an memaksa diri sendiri untuk berlarut dalam emosi. Tapi ya sekali lagi, her thought is not for all of us, gak semua yg nonton adalah audience yg tepat. Makanya dia bisa aja milih untuk gak posting ini publicly di tengah krisis bad news bad reality yg dialamin banyak orang",https://www.threads.com/@vinandia_r/post/DdRrgNTkn6c,vinandia_r
"Belajar dari Maudy Ayunda, Nicko Widjaja, Ricky Elson, Nadiem Makarim, kalau hidupmu udah nyaman, udah enak, kaya, udah lah menghilang dari medsos saja, fokus menikmati hidup. Ngga usah ngide ingin membantu dan berkontribusi untuk Indonesia. Ingin berdampak untuk masyarakat Indonesia.

Ngga usah, ujung-ujungnya dikecewain sama Indonesia itu sendiri.",https://www.threads.com/@awankholish/post/DdRQyXqEs6a,awankholish
"Mau kuajak ngehirup asap karhutla, ngantri BBM yg langka + mandi sekali sehari Krn krisis air pun pasti langsung denial , btw lokasi ku di Lamandau Kalteng, bagian dr Indonesia itu sendiri yg katanya mengecewakan Maudy Ayunda",https://www.threads.com/@oliv3rr_m/post/DdRrfGpmGkS,oliv3rr_m
"Baru buka thread, tiba"" banyak yg ngomongin soal maudy ayunda, kenapakah beliau ini warga?",https://www.threads.com/@kikiputbalqis/post/DdRrQvjozTA,kikiputbalqis
"Dari orang medan terkhusus untuk maudy ayunda.
Enteng kali kau ngomong kak sambil sarapan pokat cottagemu itu. Kami kami ni yang sarapan lontong sayur nasigurih tiap pagi udah muak dan eneg kalii nengok berita badnews. Cemanalah kak anak kami makan mbg pun bisa amnesia apa gak jiper kali jantung ini. Belum lagi bayar pajak nmax tiap tahun udah 400rban. Ini aja udah sukur kali udah lewat musim mati lampu kak ee.",https://www.threads.com/@bornup_/post/DdRrKP9kxyg,bornup_
"Cancel culture ke Maudy Ayunda menurut gue too much. Yes dia banyak kurangnya memang, tapi in Maudy’s case menurut gue terlalu digali2 dan jadi kemana2 cuy. 

Masalahnya mba MA ini juga kontribusinya banyak bangetttt. Orang yang ber-previlege ky dia tuh banyak loh, tapi gak semua mau seniat itu kasih beasiswa, ngasih mentorship ke anak2 muda Indonesia? Dia bisa aja sih terima duit dari semua kerjaan BA nya dan santai2 aja di apartmentnya.

Dan kenapa harus perempuan yang lagi2 jadi korban…",https://www.threads.com/@ayundha/post/DdQdxVvk2A7,ayundha
"Sebenernya yg dia omongin itu memang “dilemanya” org indonesia skrg. Cuma ya karna dia seorang Maudy Ayunda dengan latar belakangnya dan juga alumni PPE Oxford & Harvard aja sih, jadi maunya netizen mungkin dia lebih bisa “berkontribusi” lebih.",https://www.threads.com/@aisyaraaaaa/post/DdRrGyBj3yK,aisyaraaaaa
"Dear @maudyayunda, kalau kamu ""cuma artis biasa"" yang nggak pernah sekolah serius, saya bisa maklum dengan konten “Mindfulness in the Age of Bad News” mu yang dihujat netizen se-Konoha Raya itu. Tapi, kamu adalah alumni Philosophy, Politics and Economics (PPE) Oxford, jurusan yang paling banyak mencetak para Policy Makers di UK termasuk 5 orang PM. Kamu mereduksi persoalan BAD POLICY menjadi sekedar persoalan BAD NEWS, itu adalah kedunguan tingkat dewa untuk standar alumni PPE Oxford.  1/10",https://www.threads.com/@buitenzorgy/post/DdQgqbVD3qS,buitenzorgy
Semoga semua utas ibuk ini sampe ke MATA MAUDY AYUNDA PLZZ🤏,https://www.threads.com/@celestialnia/post/DdRq8Auo6Ya,celestialnia
"Maudy Ayunda itu mau ngajak naik level kitanya aja yg ga siap 

Siap! 

Maaf ya, Sis, 
kami lupa kalau kasta kami ini cuma kasta surviving, bukan kasta healing. 

Jam segini kami belum bisa naik level ke ""Mindfulness"" karena masih nyangkut di level 
Mikirin Besok Makan Apa

Emang bener, 
IQ &  privilege tinggi itu bikin pandangan hidup jadi beda.",https://www.threads.com/@fatur_daqu/post/DdRq7SpGGR3,fatur_daqu
"Maudy Ayunda itu mau ngajak naik level kitanya aja yg ga siap 

Siap! 

Maaf ya, Sis, 
kami lupa kalau kasta kami ini cuma kasta surviving, bukan kasta healing. 

Jam segini kami belum bisa naik level ke ""Mindfulness"" karena masih nyangkut di level 
Mikirin Besok Makan Apa

Emang bener, 
IQ &  privilege tinggi itu bikin pandangan hidup jadi beda.",https://www.threads.com/@fatur_daqu/post/DdRq7SpGGR3,fatur_daqu
"Kita yg di bawah sibuk teriak minta keadilan, 

eh yg di atas malah dadah2
dari helikopter sambil bilang,

""Ayo dong naik level ke sini, 
biar ga denger suara bising di bawah!"" 

Sungkem dulu sama 
Si Paling High Level",https://www.threads.com/@fatur_daqu/post/DdRq7TqGNcH,fatur_daqu
"Kasian mba maudy, maudy koesnaedi 🙏🏻",https://www.threads.com/@ibudhibudh/post/DdRldK9k6ZW,ibudhibudh
orang-orang yg mengjudge Maudy Ayunda itu orang-orang yg hanya melihat dan mendengar statment nya dia dengan kaca mata kedengkian. and it‘s disgusting. 🙈,https://www.threads.com/@wawanbessy/post/DdRlb-iDez6,wawanbessy
"Lalu bagaimana dengan saya warga Kalteng yang merasakan langsung apa yang dibilang ""bad news"" itu? Bisakah anda memberikan saran bagi saya yang sudah burnout dengan keadaan setiap hari yang saya hadapi selama 2 bulan ini? Menghadapi asap yang masuk rumah saat pemadaman listrik? Mencegah sesak nafas yang saya alami selama 2 bulan ini? Kalau boleh, bagilah saran ke saya agar saya juga bisa menjaga ""mental health"" saya pribadi.",https://www.threads.com/@widierlin/post/DdRayOkE4DD,widierlin
"Kalau kata Maudy Ayunda tuh kita harus sering jalan kaki di alam, baca buku, nonton dokumenter, dan berbicara hal2 positif dan berfaedah. Gitu kan @arielmenachemh tolong dong kasi tau kami, warga yang terdampak ini, cara seeking for mindfulness karena yang Maudy kasi tau itu, saya rasa gak akan membantu bagi warga terdampak yang ingin ""mindfulness""",https://www.threads.com/@fabelousie/post/DdRlQocHQA7,fabelousie
"Sebagai rakyat yg gak dapet LPDP, gak juga privileged buat kuliah di LN, saya bersyukur aja ada org seperti dia yg meski bisa memilih utk asal kuliah, memilih kuliah dgn beasiswa negara dan harus repot berbalas budi. Bersyukur juga dia berbalas budi dan sudah banyak berkontribusi pada sebagian umat manusia di Indonesia. Toh saya belom bs berkontribusi sebanyak dia. 

But that's just me always being positive and seeing the glass half full. Gatau deh kalo POV kamu gimana.",https://www.threads.com/@ylein.ann/post/DdRjiKsGJDP,ylein.ann
"Wah banyak sekali bersyukurnya kamu khusus untuk beliau. Iya lho sangat positif kamu tuh ke dia. Salut untuk energi mengidolakannya 👏🏼👏🏼👏🏼

Semoga kalo suatu hari nanti kamu ada keinginan kuliah di LN, coba cantumin segala rasa syukur ini di motivation letter kamu ke yayasan beasiswa milik Maudy Ayunda. Siapa tau jadi digranted beasiswanya sama beliau 🤝",https://www.threads.com/@lugnlake/post/DdRlQHTE1R_,lugnlake
"Udah lumayan larut mulai lihat beberapa thread dengan lebih sedikit likes ketimbang komen, yang isinya ngebela Maudy Ayunda. Dibayar gak sih itu? 😃",https://www.threads.com/@sweetcornsatepadang/post/DdRlIChEhpv,sweetcornsatepadang
"ga ada yg salah dari Maudy, i think. 100% agree with her thoughts.",https://www.threads.com/@ernelians/post/DdQeo1JmP8Q,ernelians
"Dulu jg ada yg bikin konten serupa soal being mindful di era covid dan agustus tahun lalu. Tp bedanya apa? Bedanya adalah bikin poin2 di mana kita juga diminta AWARE, AWARE atas apa yg terjadi di negara. SEBARKAN, SEBARKAN info2 yg memang harus diterima publik. TAKE A REST, ketika efeknya udh bikin kita anxiety berlebihan. 
Poin2 kegiatan yg disarankan maudy ayunda? Walk in nature. Walk in nature! Which nature? Which city is she currently living? Because that matters. Itu lah kenapa dia digoreng",https://www.threads.com/@delightedbambi/post/DdRk-4RiHVM,delightedbambi
"Kalau dari kacamataku, kenapa konten Maudy Ayunda itu banyak respon kontra, karena terkait dengan penempatan posisi dirinya. 

Dia menempatkan dirinya itu ada di luar “kejadian” atau “situasi”. Sehingga terasa banget apa yang dia ucapkan seperti hanya seseorang yang “terpapar” saja, bukan orang yang turut serta merasakan bersama masyarakat yang sedang sulit hidupnya.",https://www.threads.com/@mulihpulih/post/DdRkuTmCZD_,mulihpulih
"Adik, dia menyederhanakan konflik situasi, mental dan ekonomi yang lagi bikin masyarakat capek, dengan teori mindfulness. Kok bisa? 

Ini bukan dongeng loh adik, ini kejadian nyataa. Kamu keluar dari rumah, kalo kamu di kalimantan kamu liat masyarakat bernapas dengan asap selama trimester 1, mereka gabisa libur, kalo libur mereka ga dapet duit. Gimana otak bisa mengelola that fxxking mindfulness in this kinda chaos? 

Btw menurut adik, ini tidak tone deaf karena apa? 🙂",https://www.threads.com/@fiksy20_/post/DdRjSwEI94Y,fiksy20_
"I’m so sorry for what happened in Kalimantan. Tapi narasi konten itu tentang psikologi. Kamu juga sadar ga kalo masyarakat Indonesia yang struggle dengan mentalnya sendiri. She was helping those people. Jadi jangan cuma di baca ‘bad news’ nya doang. Watch the whole story. 
Oiya, btw Maudy udah mendirikan yayasan Maudy Ayunda Fondation yang bergerak di bidang pendidikan, beasiswa yg di provide terakhir buat anak2 korban banjir di aceh. Kamu yang paling gak tone deaf selain koar2 udah buat apa?",https://www.threads.com/@xyhh1226_/post/DdRkt0HE51L,xyhh1226_
"Kak tulisanmu bagus sekali dan aku setuju 🤍
Lancar skripsinyaaaa",https://www.threads.com/@cut.aralia/post/DdRVZcVFN_W,cut.aralia
"Kak makasihh banyak doa baiknyaa. Ini lg nungguin bgt review skripsi dr dosbing aku huhu
Akhirnya malah jd nganggur dan nganalisis reflektif fenomena kasus Maudy Ayunda🤧",https://www.threads.com/@sarahshakiraa/post/DdRktm1Ceso,sarahshakiraa
"maudi maudi, jdnya maudy ayunda atau maudibawa kemana si mindfulness ini?",https://www.threads.com/@vnzlnsh/post/DdRklbeEm70,vnzlnsh
"Yang goblok elu, maudi ayunda lulusan Harvard dapat laki korea, lu? Miskin dapat selera cwk lu juga bikin sakit mata ngelihat 🤣",https://www.threads.com/@gome_endigo/post/DdRjdq-nbIA,gome_endigo
@meta.ai  apakah maudy ayunda lulusan harvard?,https://www.threads.com/@liari12_/post/DdRkhkzkxTM,liari12_
"Dan tau mbak @maudyayunda di Kalimantan apalagi di pedalaman disana udah krisis air bersih , kadang mereka harus numpang ke rumah warga buat sekedar BAB, KENCING/MANDI. Masih dibilang bad News doang? Yang harus di pilih2 diminimalisir untuk tidak mendengar atau melihat BAD NEWS ITU?!",https://www.threads.com/@lilpearce__/post/DdRkW-emN9l,lilpearce__
Bukti pendukung Anis ga sepinter itu: nyamain mindfull baca berita dengan tone deaf. Padahal itu beda jauh. Lo tetep bisa mindfull baca berita tapi tetep kritik pada tempatnya. Yang nyalahin Maudy kayaknya emang ga 100% paham materinya sih,https://www.threads.com/@alienasii/post/DdPM1CyE2G-,alienasii
Ahhh so Maudy Ayunda ternyata part of 02 yaaaa. Pembela maudy dari para pendukung rezim i see 😁,https://www.threads.com/@fabelousie/post/DdRkR2RHeAZ,fabelousie
Itu video Maudy Ayunda sebenernya target audiencenya temen-temen selebnya dia lol,https://www.threads.com/@faqihfmsyh/post/DdRkMJ9k1go,faqihfmsyh
"heboh menghujat opininya maudy ayunda 🤪 .. kan itu pov dia ya, di posisi dia memang seperti itu dan orang kan bebas berstatement dan yang dikatakan maudy ayunda itu bener ngga ada yang salah tapi kenapa banyak yang menghujat 🤣🤣.. emang SDM balik lagi ya 🤪🤪🤪🤪",https://www.threads.com/@mandala.52/post/DdRD3OTkti0,mandala.52
"Semangat ragabaitnya kak, kelihatan dari kakak yang menghujat orngg yang menghujat Maudy Ayunda.  Terus Kakak bedanyaa apa dengan mereka?",https://www.threads.com/@mayalovelay_/post/DdRkCgWEwzM,mayalovelay_
dih?,https://www.threads.com/@tamayahere/post/DdRj5yRGWz2,tamayahere
"Sori bgt Mbak Mod, gue kerja nitipin anak ke orgtua pulang pergi bintaro sudirman, sampe rumah masih kudu beberes dan masak buat bekel besok. Blm lagi dikantor byk anomali yg bikin sambatan, lo punya rahang enteng bgt nyuruh mindfulness yaAllah tobat kata gue mah Mod istighfar coba dahhh",https://www.threads.com/@ibuknya2d_/post/DdRjuZQH49S,ibuknya2d_
"Maudy Ayunda, Please nggak usah ngomongin Mental Health.

Kamu itu nggak pernah hidup susah, dari kecil Sekolah Internasional, rumah dan seisinya dirapikan ART, Kuliah lanjut ke Luar Negeri. 

Kamu nggak pernah ngerasain rasanya jadi Orang Kalimantan. 

Pagi Antri BBM.
Malam Mati Listrik.
Udara sesak karena Kebakaran Hutan. 
Mau Mandi, Air PAM mati. 
Jalanan Rusak Parah. 
Hasil Bumi dikeruk habis.
Tapi Sembako harga selangit.

Jadi please nggak usah ngomongin Mental Health, kamu Tone Deaf !!",https://www.threads.com/@sobat_chubby/post/DdQMII-FCHn,sobat_chubby
"Asal lu tau, dia sedikit banyak pernah jadi alatnya rezim https://setkab.go.id/pemerintah-tunjuk-maudy-ayunda-sebagai-jubir-presidensi-g20-indonesia/",https://www.threads.com/@derryfazrin/post/DdRjoj2CSzo,derryfazrin
"Jangan2 maudy ayunda adalah akatsuki, 
People easily go crazy with some minor statement especially when it hurts, its easy to spread a bad news rather than a good one.
Ditambah lagi soal2 anomali algoritma beberapa hari terakhir",https://www.threads.com/@mfddlydmnk/post/DdRjn4-CSs0,mfddlydmnk
"Bagaimana pendapat kalian sendiri mengenai polemik ini—dan dimanakah batasan yang ideal antara menjaga kesehatan mental dan kewajiban kita untuk tetap peduli terhadap krisis sosial di sekitar kita?. 

Semoga Indonesia semakin baik, biar judul video nya dikemudian hari adalah ""good news from Indonesia""",https://www.threads.com/@aditya__wibisono/post/DdSBz0tEzSp,aditya__wibisono
"Sumber Referensi:
1. Kanal YouTube Maudy Ayunda: Video berjudul ""Mindfulness in the Age of Bad News""
2. Platform Media Sosial X (Twitter) dan Threads. 
3. Portal Berita & Media Pop Kultur Indonesia. 
 * Kompas.com 
 * Tribunnews (TribunWow & Tribun Sumsel)
 * Detik.com (Wolipop)
 * CNN Indonesia
 * Suara.com
 * CNBC Indonesia
 * Bloomberg Technoz
 * Langit7.id
 * The Phrase",https://www.threads.com/@aditya__wibisono/post/DdSB0dbk7Qv,aditya__wibisono
Dari 'Mindfulness' Berujung Minta Maaf: Kronologi Lengkap Polemik Video Maudy Ayunda 👇,https://www.threads.com/@aditya__wibisono/post/DdSBz2bk3QX,aditya__wibisono
"1/6.🧵 Awal Mula Konten Diunggah. 

Pada 21 Agustus 2026, Maudy Ayunda mengunggah sebuah video di kanal YouTube pribadinya dengan judul ""Mindfulness in the Age of Bad News"". Dalam video tersebut, ia menceritakan perasaan kewalahannya (overwhelmed) karena terus dibombardir oleh rentetan berita buruk dari dalam maupun luar negeri selama setahun terakhir.",https://www.threads.com/@aditya__wibisono/post/DdSB0bWk5Cm,aditya__wibisono
Ada gak denger presiden mengucapkan belasungakawa atas tenggelamnya kapal virgo?,https://www.threads.com/@febrizulkifli_/post/DdRJZ1QGamR,febrizulkifli_
Doi dah teredukasi sama maudy ayunda 🫨 wkwk,https://www.threads.com/@nevermindorbit/post/DdSBz8tE6YC,nevermindorbit
"Sebagai individu yang dibiayai oleh uang negara, ia diharapkan lebih vokal menyuarakan kepedulian terhadap isu riil bangsa, bukan malah menyarankan audiens untuk menjauh dari kenyataan.",https://www.threads.com/@aditya__wibisono/post/DdSBz19E6pl,aditya__wibisono
"5/6. Klarifikasi dan Permintaan Maaf. 

Merespons gelombang protes yang masif, Maudy Ayunda akhirnya buka suara dan menuliskan klarifikasi melalui kolom komentar di kanal YouTube-nya. Ia secara terbuka meminta maaf atas konten yang menuai polemik tersebut dan mengakui bahwa kemampuan untuk menjauh sejenak dari berita memang murni sebuah privilese yang tidak bisa dinikmati oleh semua orang.",https://www.threads.com/@aditya__wibisono/post/DdSBz2AE5td,aditya__wibisono
Dari 'Mindfulness' Berujung Minta Maaf: Kronologi Lengkap Polemik Video Maudy Ayunda 👇,https://www.threads.com/@aditya__wibisono/post/DdSBz2bk3QX,aditya__wibisono
"Dia ngomong gitu karena udah hidup nyaman, si paling mindfullness🫵🏻",https://www.threads.com/@elssaa_day/post/DdSBw4vE0fQ,elssaa_day
sekelas maudy ayunda??? kaget sih jujur,https://www.threads.com/@___pinkmemoir/post/DdSAeZRE_bH,___pinkmemoir
"Maudy Ayunda mungkin hanya salah membaca zaman.

Tapi masyarakat yang frustrasi tak selalu mencari kebenaran, mereka mencari seseorang untuk disalahkan. 

Ketika sistem terlalu besar untuk dilawan, manusia mencari satu wajah untuk menanggung dosa yang bukan miliknya. 

Hari ini, wajah itu adalah Maudy Ayunda. 

Ketika kita tak mampu menghancurkan sistem, kita menghancurkan seseorang yang kebetulan menyerupainya.

Dan setelah kemarahan selesai, dunia tetap sama.",https://www.threads.com/@requiemovsouls/post/DdSAY1jE66Z,requiemovsouls
Klasik tapi ampuh,https://www.threads.com/@bintangemon/post/DdQ7JNJjNI0,bintangemon
"Aduk-aduk. Walah, jadi deh... Maudy Ayunda ☕️",https://www.threads.com/@eveedesu/post/DdR_7r1kwiz,eveedesu
"unfollow publik figur yg bertahun tahun jadi inspirasi perihal edukasi, bye Maudy Ayunda",https://www.threads.com/@sllycinnamon_/post/DdR_zvBkwCV,sllycinnamon_
"beliau bukan menolak Beasiswanya, beliau hanya membuka akses lebih luas untuk orang2 yg lebih membutuhkan beasiswa tersebut. memang betul, beasiswa dari pemerintah Indonesia ini terbuka untuk siapapun (baik yg punya previlage atau ngga) semua orang bisa mendapatkannya asalkan sesuai dengan kriteria dan menyelesaikan tes yg ada. tapi kebayang ngga kalau orang2 have di Indonesia ini memiliki pemikiran yang sama dengan beliau?",https://www.threads.com/@saverayyye/post/DdRqCy7GO1J,saverayyye
"dibayangan gw, kalo orang2 have/punya previlage di indo ini (seperti maudy ayunda)  juga melepaskan kesempatan beasiswa LPDPnya, mungkin saja kita bisa menyekolahkan orang2 yg memang butuh bantuan untuk mengejar pendidikan. bisa jadi jika maudy melepaskan 1 beasiswa s2 Stanford (yg sangat mahal itu) untuk nyekolahin 10 anak di kampus lokal atau bahkan lebih.",https://www.threads.com/@saverayyye/post/DdRq5p1k52f,saverayyye
"masih banyak hal yg lebih penting daripada statement nya maudy ayunda, punten🙏🏻",https://www.threads.com/@notyourmine.xx/post/DdRqt3GHUnT,notyourmine.xx
"Yang bilang maudy ayunda tone deaf, kalo ga minim literasi ato ga budek beneran",https://www.threads.com/@agen_neptunus007/post/DdRqpBMHxqO,agen_neptunus007
"Dapur MBG tutup aja lah, soalnya kakak ini sedang memasak 🍜",https://www.threads.com/@widiwiddiya/post/DdQJAciFAzc,widiwiddiya
Maudy Ayunda siapa? Kok kayak penting banget? BHAP.,https://www.threads.com/@fdlnoe/post/DdRqoqZCYRA,fdlnoe
Berharap pada public figure adalah salah satu sumber penderitaan orang Indonesia. 😂,https://www.threads.com/@gedeagustapa/post/DdRUKfmj4K5,gedeagustapa
"Maudy Ayunda gak sedang berkata kasar. Gak merendahkan siapa pun. Bahkan yang dia bicarakan sebenarnya positif.
Tapi justru dianggap tone deaf.

Kenapa?
Karena dalam komunikasi, kadang masalah terbesar bukan pada apa yang kita katakan, tetapi pada apa yang tidak kita katakan ketika semua orang berharap kita mengatakannya.",https://www.threads.com/@pratiwi.cristin/post/DdRqm3omN8W,pratiwi.cristin
"Currently i saw lot of people blaming Maudy Ayunda

I think she’s just trying to be mindfulness protect her own peace. Also not everyone has the capacity or obligation to speak publicly about politics and that should be respected. Maybe some of you are just trying to find a scapegoat to blame for the government’s failures. Please be wise and don’t direct your anger at the wrong person.

and fyi I’m not her fan or even her followers. I’m just saying this cuz I think we need to be more reasonable",https://www.threads.com/@anneliesecath/post/DdRqlsIn-Jb,anneliesecath
Ini Maudy bayar buzzer jg kah?,https://www.threads.com/@jnfsoe_/post/DdQtd9qHYyw,jnfsoe_
iya gw lah yang blokir maudy ayunda buzzer,https://www.threads.com/@diahps____/post/DdRqkfPk-OT,diahps____
"Indonesia ini darurat literasi. Pdhal maudy cuma membagikan perspektif yg sama sekali ga menyinggung siapapun dan tdk ditujukan untuk siapapun. Dia berbagi perspektif gmn caranya mindful di tengah banyak berita buruk yg selalu kita konsumsi, ga ada tuh dia ngasih ceramah gmn caranya mindful buat orang yg lagi kena bencana di kalimantan. Ko klian nyangkutnya kejauahan ya? Pdhl perspektif dia itu masih relevan buat sebagian org, dan kalo lo ga relevan dg kondisi yg ada, ya konten itu bukan buat lo",https://www.threads.com/@naeshaah/post/DdRhHTkE93T,naeshaah
"siapa yang darurat literasi?kalo yang anda maksud, adalah rakyat yang bersuara karena marah maudy ayunda bilang “mindfullness” ditengah karhutla, berita sekarang di indonesia.

anda juga gak napak tanah, kita gak butuh mindfullness karena jujur kita tahu kok caranya gimana agar bisa waras, walaupun hampir gilaa.

yang kita mau, platform nya di gunain dengan benar gak tone deaf.

itu aja, malu sama brandnya pake nama the island bahan skincare dari papua, tapi papua lagi kacau dia gak bersuara.",https://www.threads.com/@diahps____/post/DdRqfwskzyQ,diahps____
"To Maudy Ayunda and all influencers, celebrities, and content creators:

If you’re not part of the solution, don’t become part of the problem.

Borneo is burning. Our people are breathing the smoke.

We don’t need empty words, hashtags, or performative concern. We need real action.

Borneo deserves better. @maudyayunda",https://www.threads.com/@evacaroline_58/post/DdRqfebkm52,evacaroline_58
"mod, you’re living inside the thick bubble i guess",https://www.threads.com/@cheeddarrrs/post/DdRqXC3mHOl,cheeddarrrs
"aku akan setuju, kalau ini disampaikan oleh orang dengan 100 followers, tidak punya degree in politics, dan dipost a long time ago, tidak saat berbarengan dengan karhutla, bencana, penembakan, keracunan, dll.

aku yakin betul, dia paham soal kepekaan sosial, tapi dia memilih tidak melakukan itu disaat dia sadar bahwa impact yang dia punya sangat besar ketika dia bersuara. people are struggling, mereka jadi super sensitif, mereka ga peduli soal mindfulness sh*t.",https://www.threads.com/@b3jeweied/post/DdSSVIkE1f_,b3jeweied
"dengan kondisi sekacau ini, wajar kalau orang-orang tersinggung, bukan itu yang diharapkan dari seorang sekelas maudy ayunda.

ditambah jokes or complain kecil dia soal protein or the bread tastes a little too healthier disaat banyak orang starving karena bencana, itu sama sekali tidak menunjukkan kepekaan sosial.",https://www.threads.com/@b3jeweied/post/DdSSVHVE39w,b3jeweied
"Nah jadi kesentil lagi kan ya soal beasiswa LPDP berkat Maudy Ayunda yg dirasa gak pantes ngambil itu karena sedari kecil udah disekolahkan di sekolah mahal. Memang beasiswa LPDP tidak diperuntukkan untuk anak kurang mampu tapi ya kalau punya hati nurani, minimal ngasih kesempatan buat yang kurang mampu dalam hal finansial tapi berprestasi secara akademik. Gimana bisa terwujud pemerataan sosial? Bahasa kasarnya ""orkay dibiayai kuliah oleh orang miskin"". Ketimpangan & kesenjangan semakin nyata!!",https://www.threads.com/@hernsight/post/DdSEw5kE8k2,hernsight
"Artis atau public figure yang punya jutaan followers, tapi memilih diam dan tidak menggunakan platformnya untuk speak up atau membela rakyat ketika negara sedang chaos, dan artis-artis ini sangat tidak fantasssss di jadikan role model:
1. Raffi Ahmad
2. Nagita Slavina
3. Maudy Ayunda
4. Dian Sastrowardoyo
Yang lainnya isi sendiri.. 

Wait… artis yang paling aku suka dan sangat perduli rakyat dan masa depan anak-anak yaitu: Cinta Laura 🥰 @claurakiehl",https://www.threads.com/@itsrayayuri/post/DdSEjkWE2wq,itsrayayuri
"Maudy, ketolong banget nama lu buat dompleng brand, dengan nama gini performative level kakap. 

1% revenue dari last 30 days ALL PRODUCT REVENUE lu itu ga nyampe 10 juta. Ini dari Kalodata.com ya platform buat cek pendapatan brand di shopee & tiktok, bisa akses umum.

dan 1% ini BUKAN from ALL, yang disumbang HANYA DARI SELECTED IMPACT PRODUCTS artinya lebih kecil lagi.",https://www.threads.com/@bike.n.brunch/post/DdSEXlhk7z0,bike.n.brunch
Siapa elu ngatur2 hidup nya Maudy Ayunda? Dia DPR? Politisi? Anak elo? Terima duit elo?,https://www.threads.com/@egisantoso/post/DdRnlZNE7Wm,egisantoso
Cih.. who is Maudy Ayunda.. president aja gue atur di thread 🤣,https://www.threads.com/@owl.44404823/post/DdSD8S7EzLw,owl.44404823
Raja Juli enak bgt hidupnya. Bully yg dia alami ga separah bully yg diterima Maudy Ayunda. Kdg org2 kyk begini lucky bukan main. Ya mungkin istidraj.,https://www.threads.com/@rima.muryantina/post/DdSDf-BE-lf,rima.muryantina
"Baru selesai nonton video yt nya. Padahal jelas bgt maksud dia itu gimana. Bukannya mindfullness = nirempati/tone deaf. Tp bagaimana mencerna berita2 yg dikurasi dlm window2 tertentu aja, kalo ga stress cuy.

Banyak media bodong yg cuma bikin org tambah marah. Kl seharian setiap hari konsumsi berita yg negetif terus, it really created negativity in your life. Krn skrg video menghadapi situasi dgn mindfullness gini aja lgsg berubah jd negatif. Cobalah bercermin.",https://www.threads.com/@gandhifernando/post/DdP4HRzAWcm,gandhifernando
"pdhal statement nya sejelas dan sedetail ini tp knpa yg ditangkap malah bagian yang paling gampang di salahpahami dan di goreng sampe adu ekonomi, adu apa yg dia makan, apa yg dia dapat dari negara dan apa kontribusi dia untuk negara?! like guys…  she knows what she’s doing, she’s maudy ayunda.",https://www.threads.com/@fikanlm_/post/DdSDNuek8gR,fikanlm_
"Lah. Elu yg paling bacot hei. Gw org sumatera. Elu tinggal dimana? Nunjuk2 gw org ga ngalamin, gw lebih ngalemin dari elu. Ga usah ngajarin. Makanya, main2 kesini, biar ga idup di imajinasi khayalan yg lubangun lewat berita doang.",https://www.threads.com/@naeshaah/post/DdSCol8kz2_,naeshaah
"WKWWKKW MBAK NAPE LU MARAH2 SIH?? 🤣🤣🤣

kan lu nanya yaaa kenapa orang-orang sebel sama maudy ayunda, ya gw jawab lah yaaa..
sing eling mbak ngebelainnya, semangat 🤙🤙",https://www.threads.com/@sylvanats/post/DdSC4ebEwlv,sylvanats
"Dikit kak orang yg kayak gini, terlalu banyak yg FOMO, ada isu digoreng ngikut, orang beropini apa langsung diikutin, Maudy Ayunda segitu baik dan aktif donasi aja diserang mati2an, padahal yg nyerang ga ada kontribusinya seupil Maudy Ayunda",https://www.threads.com/@pikirsecaralogik4/post/DdQZ945kf9x,pikirsecaralogik4
"gak herankan kalau orang mudah kecewa sama satu figur, begitu juga sebaliknya, mudah sekali untuk glorifikasi. Sudah banyak nonton podcast Maudy ayunda, banyak opininya yang cocok, beberapa gak relate sama sekali, termasuk yang terbaru. Tapi itu saya anggap karena dia hidup di bubble yang berbeda dgn saya.",https://www.threads.com/@hokagemydream/post/DdSC1Byk9Gk,hokagemydream
"Kalian yang bully Maudy Ayunda, keliatan banget kalo cara pikir kalian masih binary. Yuk ngaca dulu yuk. Jangan salah fokus.",https://www.threads.com/@sofiacitrad/post/DdQ6gz5Cc4b,sofiacitrad
"Drtd seliweran narashit kek gini, ni Maudy Ayunda makek buzzer? Yg bener-bener ajeee wkwkwkwk",https://www.threads.com/@rnrcllns/post/DdSCuOeE5M7,rnrcllns
"Menurut ku tidak perlu mengeluarkan emosi berlebihan terhadap konten Maudy Ayunda. Karena sebagai orang  yg baru nonton koten YT nya tidak ada hal yg harus kita benarkan dan salahkan atas konten tersebut, disana dia hanya memberikan prespektifnya terkait kecewa akibat konten negatif yang ada. Lalu tidak perlu dikait2kan semua hal bahkan  menaruh ekspektasi untuk lebel empati terhadap seorang publik figur atau orng lain 🙏🏻😇",https://www.threads.com/@goldsjourney17/post/DdRjVuQEqBZ,goldsjourney17
"Mungkin yg dimaksud dgn mindfulness adalah: engga ikut2an & terlarut dalam informasi netizen ngecancel maudy. Ada byk hal yg lebih penting utk diperhatikan di sekeliling kita ketimbang ngepoin & ngejelekin maudy, misalnya: mau kemana arah kebijakan fiskal Indonesia setelah ganti Menkeu ??? 😭",https://www.threads.com/@nasiudukbetawienak/post/DdRjU5Mj7lC,nasiudukbetawienak
"Dear maudy ayunda. Teruslah menginspirasi, teruslah mendidik, teruslah berbagi ilmu dan wawasan. Kadang kita lupa, kepedulian terhadap negeri ini tdk selalu dalam bentuk suara paling lantang dan nyaring. Dia salah satu orang yg berjuang dalam ranah pendidkan, dia ga tonedeaf kayak yg kalian hina, dia make platformnya buat mendidik, sharing ilmu dan wawasan. Dia juga punya yayasan pendidikan yg bergerak di pengembangan anak muda. Perjuangan tdk hanya dalam bentuk kritik, tp mendidik dari dalam.",https://www.threads.com/@naeshaah/post/DdRjP9_E6oZ,naeshaah
"Sebenarnya konten Maudy Ayunda itu hal yang biasa ketika memang dia yapping-yapping di meja makan

Hal yang gak bijak dia adalah dia upload di medsos dgn audiens yg beragam dan mungkin mayoritas gak relate dengan apa yg Maudy alami

Sehingga, valid ketika dia dianggap ""tone deaf"" karena dia bicara tentang dirinya, bukan berbicara dari pov audiens",https://www.threads.com/@ferdi.ansyah220/post/DdRjNvhGqbV,ferdi.ansyah220
@meta.ai boleh dijelaskan pake bahasa bugis,https://www.threads.com/@hyudd.99/post/DdRjJaqk7kx,hyudd.99
"Boleh boss.

Artinna postingan-ro: di-bio na Maudy Ayunda taroki ""Storyteller & Educator"", tapi menurut yang ngepost itu ceritanya ngawur (story tapi teler) dan edukasina kotor.

Kalimat terakhir ""merasa terlalu pintar namun minim empati"" kalo bahasa Bugisna = Pura manengngi issengngi, tapi de'na mappikkiri tau laingnge.",https://www.threads.com/@meta.ai/post/DdRjNhqiXiv,meta.ai
"Sekarang algoritma ku sudah tentang pro kontra maudy ayunda. Dan memang segampang ituhati kita lelah, saat yang kita lihat ga sesuai dengan yang kita harapkan. Aku jadi lelah juga nih hatinya gara2 terperangkap algoritma ini. Dah lah.",https://www.threads.com/@epril_parhusip/post/DdRjFrrn7yI,epril_parhusip
"Maudy. Lu minta dimudahkan , bukan dikuatkan. Kayak ada masalah, lu pilih kabur, karna itu bad buat lu. Bukan lu hadapi.
Gitu aja terus",https://www.threads.com/@haswitafa/post/DdRi8hjE7XU,haswitafa
"1. Yg lulusan psikologi
2. Yg bukan opportunists trus bahas mindfulness",https://www.threads.com/@esmeraynoir/post/DdRiS8dE9kO,esmeraynoir
"Mindfulness itu ga spesifik masuk ke keilmuan psikologi aja, tapi dia juga masuk ke keilmuan filsafat. Dan setauku Maudy Ayunda belajar filsafat juga di kampusnya.",https://www.threads.com/@harry.bood/post/DdRi7LwCU7N,harry.bood
dia nganggep kehidupan org lain cuma bad news yang cuman muncul dan dibaca oleh dia 😭,https://www.threads.com/@itsrosepinkx/post/DdRi6TOE8QX,itsrosepinkx
Main yuk bsk sore? Mindfulness.,https://www.threads.com/@asti_c/post/DdRZIgoic8h,asti_c
aku mau jadi PRnya Maudy Ayunda,https://www.threads.com/@eldocr/post/DdRi8zln5KZ,eldocr
"Yang rame hari ini, Maudy Ayunda omon-omon, Purbaya kena copot",https://www.threads.com/@leon_leono/post/DdRihqun4QW,leon_leono
"Me when I stopped justifying, explaining, and let them think whatever they want.",https://www.threads.com/@pro__picks_/post/DdQK3ZYE7nN,pro__picks_
Maudy ayunda,https://www.threads.com/@bapaokuah/post/DdRiYeHH-Lt,bapaokuah
"Maudy ini seangkatan aku. Dulu, waktu dia keterima di univ pakai LPDP, teman-teman gw kagum kayak 'ini nih maudy cewek cakep pinter multitalen', cewek maupun cowok muji. Sementara aku nyeletuk 'lah, bukannya dia artis dan org mampu? Masa pakai beasiswa pemerintah?' aku dari dulu anti sama yg namanya KKN, benci aparatur negara yg suka seenak jidat menyalahgunakan kekuasaan. Dan mereka blg aku cuma iri karena gak bisa kayak MA.",https://www.threads.com/@cherylileon/post/DdRVFrYD5xq,cherylileon
"Aku setuju Kak. LPDP bisa buat siapa aja sih memang, tapi kalau aku Maudy-Ayunda-rich, aku bakal mikir sih mending beasiswanya buat yang memang butuh. Kalau dibilang iri, ya iyalah siapa yang gak iri, udahlah dasarnya banyak duit, gak perlu keluarin duitnya pula 🤷‍♀️ Enak bener ya hidup orang.",https://www.threads.com/@fototiani/post/DdRiVEpiTqc,fototiani
"Rekam jejak Pak Purbaya saat menjabat,tdk heran beliau di ganti,dari cara beliau berucap & mengambil kebijakan & keputusan pasti banyak yg meradang,bahkan sampai isunya mau di santet segala,ingat beliau mau merumahkan semua pegawai pajak & bea cukai krn sdh kelewat rusak,sehat selalu Pak Purbaya🙏",https://www.threads.com/@kusnadi_hr/post/DdRSv_nmQY4,kusnadi_hr
"G salah sih maudy ayunda pasti stres baca berita negara yg gilaaa bgt,,, 😭😭😭😭😭😭😭😭😭 indonesiaku,,, sehat2 pak",https://www.threads.com/@ghaniaagung/post/DdRiS3-Eu9m,ghaniaagung
"ngeliat rame soal Maudy ini, sebenernya aku jadi mikir…

terlepas dari siapa yang benar atau salah, I think we can take something positive from this conversation.

karena jujur, berita-berita yang beredar belakangan ini memang banyak yang bikin stress, overwhelmed, bahkan bikin kita capek secara mental. And I think it’s okay to acknowledge that.

tapi di sisi lain, kita juga perlu tetap punya empathy.",https://www.threads.com/@arrowputri/post/DdRiQ3oE1XI,arrowputri
"Karena apa yang buat kita cuma “berita”, mungkin buat orang lain adalah sesuatu yang mereka alami langsung.

Maybe it’s not about choosing between “protecting your peace” OR “caring about what’s happening.”

We can do both.

tetap aware, tetap peduli, tetap punya empathy, tapi juga tahu kapan harus take a step back supaya kita nggak ikut tenggelam dalam semua negativity yang ada.

mungkin karena Maudy public figure, cara dia menyampaikannya akhirnya jadi bigger conversation.",https://www.threads.com/@arrowputri/post/DdRiQ2_k5cV,arrowputri
"But personally, I’d rather take the positive from it daripada ikut terjebak di debat siapa yang paling benar.

at the end of the day, everyone has their own way of coping.

yang penting, jangan sampai karena kita lagi berusaha menjaga diri sendiri, kita jadi kehilangan rasa peduli sama sekitar. 🤍

and in the middle of so much bad news, semoga kita masih bisa choose to stay kind, hopeful, and positive, without being ignorant.",https://www.threads.com/@arrowputri/post/DdRiQ2Ok_Ba,arrowputri
"ngeliat rame soal Maudy ini, sebenernya aku jadi mikir…

terlepas dari siapa yang benar atau salah, I think we can take something positive from this conversation.

karena jujur, berita-berita yang beredar belakangan ini memang banyak yang bikin stress, overwhelmed, bahkan bikin kita capek secara mental. And I think it’s okay to acknowledge that.

tapi di sisi lain, kita juga perlu tetap punya empathy.",https://www.threads.com/@arrowputri/post/DdRiQ3oE1XI,arrowputri
"Karena apa yang buat kita cuma “berita”, mungkin buat orang lain adalah sesuatu yang mereka alami langsung.

Maybe it’s not about choosing between “protecting your peace” OR “caring about what’s happening.”

We can do both.

tetap aware, tetap peduli, tetap punya empathy, tapi juga tahu kapan harus take a step back supaya kita nggak ikut tenggelam dalam semua negativity yang ada.

mungkin karena Maudy public figure, cara dia menyampaikannya akhirnya jadi bigger conversation.",https://www.threads.com/@arrowputri/post/DdRiQ2_k5cV,arrowputri
"Tapi Maudy kuliah di Amrik pake beasiswa LPDP bre, LPDP itu uang dari pajak rakyat makanya rakyat berharap dia bersuara. Aplg jurusan kuliah yg dia ambil sesuai bgt sama keadaan negara saat ini. Gitu yaaaa",https://www.threads.com/@molli_gia/post/DdRZRuNk_4q,molli_gia
"Sayangnya harapan rakyat berlawanan sama aturan LPDP. LPDP diwajibkan accountable ke masyarakat, bukan asal ikut & obedient ke masyarakat

Ujung2nya masyarakat bisa berharap tapi Maudy Ayunda gaada kewajiban buat ngikut selera masyarakat",https://www.threads.com/@rj_amin/post/DdRiIwAkxQ5,rj_amin