source_post_url,comment_id,platform,author,text,date,Views,like,reply
https://www.threads.com/@_zakwannn__/post/DeMaNcZlJpA,DeMchvLDyqc,threads,adnrmrt200,Ahhh susah sih kalo selera humornya masih nyangkut di 2016 😂😂,2026-10-07 20:16:41,,1,1
https://www.threads.com/@_zakwannn__/post/DeMaNcZlJpA,DeMdS2oj97b,threads,adi_baskra,suitable for malay😂,2026-10-07 20:23:23,,8,5
https://www.threads.com/@_zakwannn__/post/DeMaNcZlJpA,DeMe6_-GEBr,threads,nikosia357,"Wawwww amazing beli Kahf sebanyak itu dan buang nya di kloset 🤣 itu kah kelakuan warga iq tinggi ""katanya""??? 🤣🤣",2026-10-07 20:37:36,,2,1
https://www.threads.com/@_zakwannn__/post/DeMaNcZlJpA,DeMfd8mE9ef,threads,redhoxd,Tambahin nih 🤣🤣🤣,2026-10-07 20:42:23,,1,2
https://www.threads.com/@_zakwannn__/post/DeMaNcZlJpA,DeMhYCmI4yd,threads,farhanbh96,"besok² main sendirian aja ya sama bayangan, ribet!",2026-10-07 20:59:03,,1,1
https://www.threads.com/@_zakwannn__/post/DeMaNcZlJpA,DeMixoRAbjZ,threads,katipah62,Video dong minimal siram pake air biar rapet tu wc,2026-10-07 21:11:17,,1,1
https://www.threads.com/@_zakwannn__/post/DeMaNcZlJpA,DeMi2T9kjXh,threads,khotimah8663,"Berisiiiiiiiiiik banget jadi orang sekalian musik Indonesia di boikot,tantrum banget jadi orang",2026-10-07 21:11:55,,2,1
https://www.threads.com/@_zakwannn__/post/DeMaNcZlJpA,DeMi5hRE5sL,threads,pnjstya,tim brand dan PR Kahf lg jungkir balik nih nyusun strategi 🕺,2026-10-07 21:12:21,,0,1
https://www.threads.com/@_zakwannn__/post/DeMaNcZlJpA,DeMjFgZE3aJ,threads,_zakwannn__,,2026-10-07 21:13:59,,2,0
https://www.threads.com/@_zakwannn__/post/DeMaNcZlJpA,DeMjSqSE-nH,threads,sahabatmeow17,Beda beda level katanya. Boikot kahf. Kita support yg fitri yahya review pulak https://s.shopee.com.my/4VdNYt5e1E,2026-10-07 21:15:47,,4,1
https://www.threads.com/@_zakwannn__/post/DeMaNcZlJpA,DeMjsJMEvUq,threads,sumindar.joey,,2026-10-07 21:19:16,,1,1
https://www.threads.com/@_zakwannn__/post/DeMaNcZlJpA,DeMj5BMklH5,threads,sumindar.joey,Sudah di foto di ambil lgi 🤣,2026-10-07 21:21:01,,0,1
https://www.threads.com/@_zakwannn__/post/DeMaNcZlJpA,DeMkDqpAUby,threads,9._20am,Di pin dong komenannya ngakak,2026-10-07 21:22:29,,0,1
https://www.threads.com/@_zakwannn__/post/DeMaNcZlJpA,DeMkFQQCKDI,threads,_aishaaa97,Terbitlah oli samping😭,2026-10-07 21:22:42,,1,1
https://www.threads.com/@_zakwannn__/post/DeMaNcZlJpA,DeMlQlGFC4u,threads,sunsetsznluv,waw di endorse kahf ta iki wkwkwk,2026-10-07 21:32:59,,0,0
https://www.threads.com/@_zakwannn__/post/DeMaNcZlJpA,DeMlTIfEz4o,threads,aldira02achmad,,2026-10-07 21:33:20,,0,0
https://www.threads.com/@_zakwannn__/post/DeMaNcZlJpA,DeMlaK9CZJ5,threads,nwbkr.90,,2026-10-07 21:34:17,,6,0
https://www.threads.com/@_zakwannn__/post/DeMaNcZlJpA,DeMnvxKCeFb,threads,ayiddlahh,HAHAHAHA tak sumbat ke flush barangan sampah tu,2026-10-07 21:54:43,,0,0
https://www.threads.com/@_zakwannn__/post/DeMaNcZlJpA,DeMrnngk5lV,threads,agriadnan_,"Brisik banget boti malaysia.
Btw kafhnya banyak, ketahuan produk malaysia gada yg bagus wkwk",2026-10-07 22:28:33,,1,2
https://www.threads.com/@_zakwannn__/post/DeMaNcZlJpA,DeMshD_koJb,threads,fikri.wiraa,"Cuma warga yg EQ dan IQ rendah yg mau boikot, yg tinggi malah nentang krn malu hal sepele kalah sepakbola ko tantrum melebar kemana mana 🤣🤣",2026-10-07 22:36:24,,1,1
https://www.threads.com/@_zakwannn__/post/DeMaNcZlJpA,DeMuGBsk8NU,threads,amkas_propertybali,"wanjayy, dia beli sebanyak itu terus di buang ...
kan dia tetep beli produk nya yaa, kocak anak ini haha",2026-10-07 22:50:11,,0,1
https://www.threads.com/@_zakwannn__/post/DeMaNcZlJpA,DeMuU0uH7Sl,threads,theadenin,https://vt.tiktok.com/ZS9D4bvTjufYv-JgK4A/,2026-10-07 22:52:12,,0,0
https://www.threads.com/@_zakwannn__/post/DeMaNcZlJpA,DeMyZ8nk-CC,threads,mhdnhz,Utamakan Bahasa Malaysia juga. Tak perlu guna slang indon,2026-10-07 23:27:51,,4,1
https://www.threads.com/@_zakwannn__/post/DeMaNcZlJpA,DeM0jSzAbAQ,threads,chocolate_coffee,Asal Komen Indo tu kena pin 😹,2026-10-07 23:46:36,,0,0
https://www.threads.com/@_zakwannn__/post/DeMaNcZlJpA,DeM0q1midvj,threads,andrianagaf.real,"Kahf sedang menggoreng warga malay..
🤣🤣🤣",2026-10-07 23:47:38,,0,0
https://www.threads.com/@_zakwannn__/post/DeMaNcZlJpA,DeM06DRCUkh,threads,zimifahmi03,kita mesti balas balik,2026-10-07 23:49:43,,0,0
https://www.threads.com/@_zakwannn__/post/DeMaNcZlJpA,DeM11spCQYt,threads,zimifahmi03,ingat kita balas balik,2026-10-07 23:57:51,,1,0
https://www.threads.com/@_zakwannn__/post/DeMaNcZlJpA,DeM7cyBGRBt,threads,farzanananana44,"boikot jugak sinetron, lagu2, movie",2026-10-08 00:46:53,,0,0
https://www.threads.com/@_zakwannn__/post/DeMaNcZlJpA,DeNAFa8k3nx,threads,perabotsiji_,Ini kenapa s omg perkara bola ko sampe segini nya mana rame banget dimana”😭🤣,2026-10-08 01:27:23,,0,0
https://www.threads.com/@_zakwannn__/post/DeMaNcZlJpA,DeNAc78k0YY,threads,frrsmlnaa,"Guna local produk , bad lah dah bikin untuk muka muka macam beruk 😂😂",2026-10-08 01:30:36,,0,0
https://www.threads.com/@_zakwannn__/post/DeMaNcZlJpA,DeNAb6RkpvF,threads,tukanggalikubur_8,Berisik je boikot2...goyang je duluuu....,2026-10-08 01:30:50,,0,0
https://www.threads.com/@_zakwannn__/post/DeMaNcZlJpA,DeNVVXijLV3,threads,syahasyraf1,Apa ea perangai manusia yang minta maaf tapi menyindir?,2026-10-08 04:33:04,,0,0
https://www.threads.com/@_zakwannn__/post/DeMaNcZlJpA,DeNXADpkyDr,threads,malaydeshmentality,,2026-10-08 04:47:38,,0,0
https://www.threads.com/@_zakwannn__/post/DeMaNcZlJpA,DeNffRFk_AD,threads,aan.hm,,2026-10-08 06:01:48,,0,0
https://www.threads.com/@aby.dalimunthe/post/DeL27zPmJ2l,DeL3EKAGMaf,threads,aby.dalimunthe,"Semoga kegaduhan ini jadi pelajaran berharga buat tim PR & Marketing di mana pun. Jangan pernah menumbalkan brand identity demi mengejar virality murah yang berakibat pada ""Brand Alienation"". Khususnya bagi konsumen lama yang menghargai citra gentleman, hingga akhirnya merasa disgusted dan menjauh karena sudah tidak classy dan elevated.
Salam dari pengguna setia Kahf 🙏",2026-10-07 14:49:20,,33,0
https://www.threads.com/@aby.dalimunthe/post/DeL27zPmJ2l,DeL38qQk4uk,threads,mrterro3,Semoga admin social media nya tanggung kerugiannya,2026-10-07 14:57:03,,10,1
https://www.threads.com/@aby.dalimunthe/post/DeL27zPmJ2l,DeL4jxRiSAU,threads,riena_hamid,Indeed..,2026-10-07 15:02:23,,0,0
https://www.threads.com/@aby.dalimunthe/post/DeL27zPmJ2l,DeL5RqvAQI4,threads,abunawal_2026,Masih belum insaf KHAF ini.,2026-10-07 15:08:39,,6,0
https://www.threads.com/@aby.dalimunthe/post/DeL27zPmJ2l,DeL5TdPjz88,threads,pranarada,Met @meta.ai kronologinya ?,2026-10-07 15:08:54,,0,1
https://www.threads.com/@aby.dalimunthe/post/DeL27zPmJ2l,DeL6K2LE_nH,threads,arrelorenzo,Mantap bos. Macam ni yang kita nak. Orang yang bijak berfikir dan berkata2 kami pon tak memboikot sebarangan. Hanya yang buat hal je patut diboikot,2026-10-07 15:16:27,,1,0
https://www.threads.com/@aby.dalimunthe/post/DeL27zPmJ2l,DeL6XwNkwow,threads,khystagram,"orang malay kata terlajak perahu boleh undur, terlajak kataaaa……. fikirlah sendiri…..",2026-10-07 15:18:13,,26,2
https://www.threads.com/@aby.dalimunthe/post/DeL27zPmJ2l,DeL7l1wEczB,threads,asyrafabdaziz,terima kasih jadi orang yang baik,2026-10-07 15:28:53,,1,0
https://www.threads.com/@aby.dalimunthe/post/DeL27zPmJ2l,DeL81PMknAQ,threads,therootcauseanalysis,"Memula hairan kenapa minta maaf

Lepas tu hairan kenapa dia tak nk stop",2026-10-07 15:39:43,,14,0
https://www.threads.com/@aby.dalimunthe/post/DeL27zPmJ2l,DeL_0CYjyzx,threads,theshasjourney,Well said,2026-10-07 16:05:46,,0,0
https://www.threads.com/@aby.dalimunthe/post/DeL27zPmJ2l,DeMBWCEmAgw,threads,norhalim_pru,Terima kasih,2026-10-07 16:19:09,,0,0
https://www.threads.com/@aby.dalimunthe/post/DeL27zPmJ2l,DeMBrrxE0JV,threads,war15ss,Tu la. Ingatkan Islamik Kahf ni,2026-10-07 16:22:06,,0,0
https://www.threads.com/@aby.dalimunthe/post/DeL27zPmJ2l,DeMFjbhEke3,threads,syaiful.nizam.12,nasi sudah jadi bubur,2026-10-07 16:55:56,,0,0
https://www.threads.com/@aby.dalimunthe/post/DeL27zPmJ2l,DeMKjREGUVa,threads,farahanani33,"In Malaysia we have a saying:

The admin sound so rempit",2026-10-07 17:39:36,,7,0
https://www.threads.com/@aby.dalimunthe/post/DeL27zPmJ2l,DeMXRS3ktvc,threads,propertyjaksel11,Gakda urusan.mereka sudah hina pahlawan Indonesia dan hina bendera indonesia.paen minta maaf sama MALAYSIALLL tolol anjeng,2026-10-07 19:30:45,,0,3
https://www.threads.com/@aby.dalimunthe/post/DeL27zPmJ2l,DeMZzo_iSV0,threads,hisham_on,"Kahf boleh kembali ke Indonesia, marketnya lg besar berganda. Kami di Malaysia tak perlu guna Kahf, produknya biasa2 sahaja.",2026-10-07 19:52:55,,7,0
https://www.threads.com/@aby.dalimunthe/post/DeL27zPmJ2l,DeMh8-ZE6JW,threads,juraganwrites88,,2026-10-07 21:04:05,,1,1
https://www.threads.com/@aby.dalimunthe/post/DeL27zPmJ2l,DeMh-rfCUg7,threads,hajimeshinkai,"Itulah nilai mereka, 0 😌",2026-10-07 21:04:19,,0,0
https://www.threads.com/@aby.dalimunthe/post/DeL27zPmJ2l,DeMkkJ9GOjk,threads,violetviolie,I agree somehow. Kahf is kind of masculine product and quite affordable for average income earners here. Spoke person pun clean person like Alif Satar.. They just forgot they jumped into the scene by using bussiness account. Damage is done. Malaysians and other countries hurted.,2026-10-07 21:26:55,,0,1
https://www.threads.com/@aby.dalimunthe/post/DeL27zPmJ2l,DeMmZw6E7I_,threads,sundaystroller,Iya emang moronic ngapain bikin startegy advertising kaya gitu.,2026-10-07 21:42:58,,0,0
https://www.threads.com/@aby.dalimunthe/post/DeL27zPmJ2l,DeMnv40Gi9m,threads,jyounin777,,2026-10-07 21:54:44,,0,0
https://www.threads.com/@aby.dalimunthe/post/DeL27zPmJ2l,DeMpBM7CUd2,threads,lee.afiahh,jgn pula khaf malaysia yg minta maaf. kami mau dr seberang.,2026-10-07 22:05:50,,0,1
https://www.threads.com/@aby.dalimunthe/post/DeL27zPmJ2l,DeMyOdak28I,threads,norlijah13,"well said, bang👏🏻👏🏻🫶🏻🫶🏻🫶🏻",2026-10-07 23:26:17,,0,0
https://www.threads.com/@aby.dalimunthe/post/DeL27zPmJ2l,DeM2uJDE2NQ,threads,letsoo12,Peace out ✌🏼,2026-10-08 00:05:34,,0,0
https://www.threads.com/@aby.dalimunthe/post/DeL27zPmJ2l,DeNBLuuE_Mi,threads,ieykaamiranda,"Tak apa pa.. damaged has been done ✅ rakyat indon ad 280juta , mereka mampu tu beli produk",2026-10-08 01:36:59,,0,1
https://www.threads.com/@adwqstna/post/DeM-G2qEmnm,DeM-dAvH6WL,threads,ftn_ntsy,Aku tak tahan weh. Bangsa diorang suka play victim,2026-10-08 01:13:08,,2,2
https://www.threads.com/@adwqstna/post/DeM-G2qEmnm,DeM-t6Pk_YP,threads,puterinuratiera,Diorg takda brain..macam mana nak use,2026-10-08 01:15:26,,1,1
https://www.threads.com/@adwqstna/post/DeM-G2qEmnm,DeM_QmZkupe,threads,ericadenouval,"ohh patutlah, biasa mengutuk pula barua",2026-10-08 01:20:10,,1,0
https://www.threads.com/@adwqstna/post/DeM-G2qEmnm,DeM_bO4k-On,threads,__st4rdiaryyyyyy,dah laa borak macam tak belajar sejarah wei dorang ni😭,2026-10-08 01:21:38,,2,1
https://www.threads.com/@adwqstna/post/DeM-G2qEmnm,DeNAJeaD8V9,threads,kokdiangsyndrome,Suruh diorang baca tarikh. Ke tarikh pun failed untuk otak diorang? Aku ingat matematik je.,2026-10-08 01:27:56,,1,0
https://www.threads.com/@adwqstna/post/DeM-G2qEmnm,DeNB_pZE2vD,threads,zeth_hidayat,"Komen lu yang mulai, trus salahin kita kita, otak ada dipakai buat fitnah, 🤯",2026-10-08 01:44:04,,3,1
https://www.threads.com/@adwqstna/post/DeM-G2qEmnm,DeNCjQ3EtId,threads,darraaya,"Lagi demen banget ngutuk orang 🤣,",2026-10-08 01:48:56,,0,1
https://www.threads.com/@adwqstna/post/DeM-G2qEmnm,DeNEBBUEwxo,threads,mingyu_luv3,Guys drg tu kebanyakkan fomo je sbb tu xthu spe salah spe mula dlu,2026-10-08 02:01:44,,1,1
https://www.threads.com/@adwqstna/post/DeM-G2qEmnm,DeNE5M-E9UV,threads,richardlubis23,Wkwk jago amat playvictimnya makcik 🤣🤣,2026-10-08 02:09:24,,1,3
https://www.threads.com/@adwqstna/post/DeM-G2qEmnm,DeNFQNUkzvK,threads,hrleymarley,"aok sedor dok diorang bodo?sebab apa diorang bodo?sebab diorang dikelilingi orang bodo,sebab apa dikelilingi orang bodo?sebab negara diorang bodo…sebab apa negara diorang bodo?sebab pemimpin diorang bodo..sebab apa pemimpin diorang bodo?sebab memang bodoo..BODO MACAM DAUN KETAPANG,WAN AOK ITA",2026-10-08 02:12:33,,1,1
https://www.threads.com/@adwqstna/post/DeM-G2qEmnm,DeNGQi-EXQ_,threads,samosipd,"Eh tai.. Banter bola jgn sampe bully anak kecil, otak kau di kehed kah?",2026-10-08 02:21:20,,0,0
https://www.threads.com/@adwqstna/post/DeM-G2qEmnm,DeNImU8E4TA,threads,dinihusaini,diorang kan iq rendah. otak nya letak kat tapak kaki,2026-10-08 02:41:47,,1,2
https://www.threads.com/@adwqstna/post/DeM-G2qEmnm,DeNJepSE6D3,threads,eryleonardo__,,2026-10-08 02:49:28,,0,0
https://www.threads.com/@adwqstna/post/DeM-G2qEmnm,DeNL19gk2Ay,threads,ebola8484,nggak netizen nggak guru kelakuan lw sama aje tipe M..kite cuma netizen aje yg maen hina ini sekelas guru loh najis susah akhlak kalo udeh ketutup subsidi pajak kasino,2026-10-08 03:10:08,,0,0
https://www.threads.com/@adwqstna/post/DeM-G2qEmnm,DeNPOCdkymk,threads,aacjqln,depa takdak brain aih nak pikiaq 😂 meminta gift kot tt taulaa,2026-10-08 03:39:38,,0,0
https://www.threads.com/@adwqstna/post/DeM-G2qEmnm,DeNQ2IXkz42,threads,jyounin777,,2026-10-08 03:53:51,,0,0
https://www.threads.com/@adwqstna/post/DeM-G2qEmnm,DeNR0p3E1Kh,threads,mooneshinestar,"Udah gw bilang kan langsung playing victim. Lupa mereka kalo biang keroknya berawal dari mereka.
Jgn lupa soal edit foto bus parkir itu. Jen bales komen kalian langsung pada serbu Jen.
Skg bisa2nya bilang kita yg mulai duluan wkwkkw",2026-10-08 04:02:23,,2,0
https://www.threads.com/@adwqstna/post/DeM-G2qEmnm,DeNTr4pk2HP,threads,bqhrey,"Berhubung timnas mereka gak juara AFF, ngga juara Asean Cup, gak lolos piala asia, makanya mereka bahas rupiah, pasport, kahf, Indomie, kamari. Pembahasan tak penting & tak ada hubungannya sama bola. Sebab, bola timnas Malaysia tak ada yang bisa dibahas.",2026-10-08 04:18:40,,0,0
https://www.threads.com/@adwqstna/post/DeM-G2qEmnm,DeNTw4vkwDm,threads,bqhrey,"Dari awal kami bahas bola, kalian yg serang Jenifer, kamari, kait2kan sama kebakaran, Prabowo, dll. Diladeni nangis",2026-10-08 04:19:21,,0,0
https://www.threads.com/@adwqstna/post/DeM-G2qEmnm,DeNZdfYk0rm,threads,rajaebookindonesia,Malaysiadesh negara tolol,2026-10-08 05:09:07,,0,0
https://www.threads.com/@adwqstna/post/DeM-G2qEmnm,DeNaF1XiEmY,threads,farihah8080,Sehabis saudara kalian asik asik hina fisik ciptaan tuhan,2026-10-08 05:14:38,,0,0
https://www.threads.com/@adwqstna/post/DeM-G2qEmnm,DeNcAU0Evgd,threads,mouwwviee,"akak ni tengah mabuk darat ke? ade cermin tak kak dirumah? cube becermin dulu akak dengan kawanan akak tu, haa lepastu boleh tau siape yg mula dulu😘",2026-10-08 05:31:21,,0,0
https://www.threads.com/@adwqstna/post/DeM-G2qEmnm,DeNcL-9kz97,threads,accsc_29,"omaga, jadi malay mulainya pas si jen mulai tengil ya? pas rakyatnya gaduh di lapak si jen dluan gdiingat?",2026-10-08 05:32:57,,0,0
https://www.threads.com/@adwqstna/post/DeM-G2qEmnm,DeNe2-6ErpZ,threads,siewnee_1998,"They have no brain baaa
Salah org jer nampak
Salah sendiri mcm hanat nk nampak",2026-10-08 05:56:18,,0,1
https://www.threads.com/@adwqstna/post/DeM-G2qEmnm,DeNfCZmE9xN,threads,aliceiaaa__,,2026-10-08 05:57:51,,0,0
https://www.threads.com/@adwqstna/post/DeM-G2qEmnm,DeNfGEZE95T,threads,nanang_laut,"Sadarlah... Kalo indonesia yg mulai, takkan malaysia yg disebut sbg salah satu negara paling rasis dan cyberbully paling tinggi di dunia. Pasti indonesia. Tapi kan ini gak. Sekali ada yg berani lawan kalian, kalian kepanasan.",2026-10-08 05:58:21,,0,0
https://www.threads.com/@adwqstna/post/DeM-G2qEmnm,DeNgCvvEz3X,threads,menbacabucku,cringe,2026-10-08 06:06:38,,0,0
https://www.threads.com/@adwqstna/post/DeM-G2qEmnm,DeNgVcsE-ZN,threads,lijalghi,kakak tau buzzer?,2026-10-08 06:09:12,,1,0
https://www.threads.com/@adwqstna/post/DeM-G2qEmnm,DeNhEH_kuPI,threads,ellantheboys,"Ye bermula dr Stadium di sana rupanya..provokatif dgn baling botol, hina lagu Negaraku...Malaysia masih sabar sehinggalah biadap dgn arwah Tun Hasmah dan YDPA kita.. lpstu ditambah dgn bisnes mereka..MAKA KAMI ..Kesetiaan kpd Raja dan Negara kami",2026-10-08 06:15:34,,0,0
https://www.threads.com/@akramahasmad/post/DeLcqS6k4M5,DeLiAE_GhHm,threads,billnabnab_,"Ouh iya ke biar kau tau 73% lebih batu bara yang di gunakan Malaysia import dari indo, kenapa ga sekalian boykot batu Baranya biar PLTU Kelen kekurangan sumber daya",2026-10-07 11:45:16,,2,3
https://www.threads.com/@akramahasmad/post/DeLcqS6k4M5,DeLj4HNEty-,threads,yosika13,Lah memang negara kecil mkny kalian merasa sdh maju. Pdhl kalian sebesar pulau jawa pun,2026-10-07 12:01:40,,0,5
https://www.threads.com/@akramahasmad/post/DeLcqS6k4M5,DeLlDtPE9I9,threads,klchickens,,2026-10-07 12:11:59,,0,1
https://www.threads.com/@akramahasmad/post/DeLcqS6k4M5,DeLo8vFndUD,threads,aidaburnside_,Barang2 ni semua saya tak pernah guna langsung actually. Lagi senang 😂,2026-10-07 12:45:59,,1,0
https://www.threads.com/@akramahasmad/post/DeLcqS6k4M5,DeLo-nkGcF6,threads,abdullahmohdfazli,Radio kita masih lagi promot lagu2 Indonesia. Geli dgr Lagu sana,2026-10-07 12:46:14,,5,0
https://www.threads.com/@athirahh_aziz/post/DeMATU4Eza_,DeMC8HNox8c,threads,itsjustdeenaaa,"yes betul. tak kisah kalau acc biasa post, tapi ni acc business kot. ucap tahniah je cukup la",2026-10-07 16:33:05,,10,0
https://www.threads.com/@athirahh_aziz/post/DeMATU4Eza_,DeMDEE1ko-C,threads,tgh_bzzzzzz,Ye kita dah bijak tak perlu jadi bodoh. Tu masalah nya tak pandai jaga hati. Sgr teebawak budaya claim sampai bila2,2026-10-07 16:34:11,,2,0
https://www.threads.com/@athirahh_aziz/post/DeMATU4Eza_,DeMDjEiIIOt,threads,buttercremematcha,Local brand kita tak buat cheap marketing macam tu,2026-10-07 16:38:24,,29,0
https://www.threads.com/@athirahh_aziz/post/DeMATU4Eza_,DeMEJp6kxPc,threads,lala.gift4u,Biasa mydin troll isu dalam malaysia .. takat nie xpernah troll isu sensatif libatkan negara lain .. @xclqerr beria nye kau .. yakin betul ..,2026-10-07 16:43:41,,98,2
https://www.threads.com/@athirahh_aziz/post/DeMATU4Eza_,DeMFQt7iQXI,threads,username09099336al,"Kebodohan indonsial ni dy merangkumi semua.. asalkan indonsial, automatik bodoh dan sial tu install siap². Pergi mamposlah dgn bangsa sengkek takde class tu.. boikot brand, boikot kedai makan biar ada akal sikit.
😁🤙🏻",2026-10-07 16:53:23,,2,0
https://www.threads.com/@athirahh_aziz/post/DeMATU4Eza_,DeMFwcmD9u4,threads,labusayongkuale,Weh ni budak 10 thun. Report account dia please. Awal sgt masuk thread,2026-10-07 16:57:43,,52,5
https://www.threads.com/@athirahh_aziz/post/DeMATU4Eza_,DeMGlCtEsc8,threads,azrizalaziz,cukup umur ke tu? mesti beli kahf guna duit motherfather kan? 😬,2026-10-07 17:04:53,,19,0
https://www.threads.com/@athirahh_aziz/post/DeMATU4Eza_,DeMJs6IiUhS,threads,uz_hfz,"Dua ii budak, Yg bg statement nie dgn yg buat huru hara nie. Contohnya, kalau Aku dapat first place, ofc Aku Akan angkat diri Aku, takde maknanya nak caci opponents sebab Kita tahu diorg pun dah buat sebaik mungkin. Same case yg puak Indo nie. Diorg tak main pun, tapi menyibuk nak hina org.",2026-10-07 17:32:11,,1,0
https://www.threads.com/@athirahh_aziz/post/DeMATU4Eza_,DeMKPSgHwSf,threads,fitrirahman0115,Cara yang benar dan lebih profesional sepatutnya ucap terima kasih atas timnas kerana berjaya menang di final..bukan merendahkan org lain,2026-10-07 17:36:52,,1,0
https://www.threads.com/@athirahh_aziz/post/DeMATU4Eza_,DeMKfdXkhrT,threads,nucl3_arrr,"Menang and nak berbangga tu x salah pun, yg salah bila kau dah merendahkan negara"" lain. Common sense kut rasanya. Takyah la nak terplg backup brand tu.",2026-10-07 17:39:05,,0,0
https://www.threads.com/@athirahh_aziz/post/DeMATU4Eza_,DeMK2ziEyCe,threads,sitiaishah_88,"we not that low. educated, manners, sweet. that is Malaysian! 🇲🇾",2026-10-07 17:42:16,,0,0
https://www.threads.com/@athirahh_aziz/post/DeMATU4Eza_,DeMLGNNAcWa,threads,woaiisuu_,Asal aku baca nickname nya tu cila*er 😅 harap beliau tukar nickname,2026-10-07 17:44:22,,0,0
https://www.threads.com/@athirahh_aziz/post/DeMATU4Eza_,DeMMBOvFHkq,threads,nhanindrh,empati terlebih ke apa ni?,2026-10-07 17:52:26,,0,0
https://www.threads.com/@athirahh_aziz/post/DeMATU4Eza_,DeMMTijEyrw,threads,s_fyzzx,"dia nak dptkan sponsor kahf tu, layankan je budak baru nak up",2026-10-07 17:54:56,,1,0
https://www.threads.com/@athirahh_aziz/post/DeMATU4Eza_,DeMMeVwIwYI,threads,beautybutnotbeast24,Definitely they gonna celebrate the winning. Tp bukan dengan mengejek orang lain. That one real low. Common sense.,2026-10-07 17:56:24,,3,0
https://www.threads.com/@athirahh_aziz/post/DeMATU4Eza_,DeMM3IgE7Dk,threads,snowyrara,"budak sekolah lagi, tang bisnes mane dia tahu, cakap pun terpaling",2026-10-07 17:59:47,,0,0
https://www.threads.com/@athirahh_aziz/post/DeMATU4Eza_,DeMNi7KlHgO,threads,2hapiz2,budak tu umur baru 10thun memng dia tak pikir pon ekonomi apa semua dia mna faham.....tapi tulh x faham tpi nk join,2026-10-07 18:05:46,,1,1
https://www.threads.com/@athirahh_aziz/post/DeMATU4Eza_,DeMOQ99mhgD,threads,_.dearnaa,"Alhamdulillah so far tak nmpak lagi local brands kita buat cheap statements mcm tu , paling ii post ucapan tahniah utk negara sendiri je bukan perli negara lain . Even klau ada pun konfirm akan kena sound dgan netizen kita juga",2026-10-07 18:12:03,,0,0
https://www.threads.com/@athirahh_aziz/post/DeMATU4Eza_,DeMOUmVAW0K,threads,emirwafilg,Sbb tu la penting nya skolah,2026-10-07 18:12:33,,0,0
https://www.threads.com/@athirahh_aziz/post/DeMATU4Eza_,DeMPB0qk9G-,threads,yweng87,He's 17 (that's what he claims). So I will give him the benefit of doubt; he isn't aware of the standards needed for corporate marketing.,2026-10-07 18:18:44,,0,0
https://www.threads.com/@athirahh_aziz/post/DeMATU4Eza_,DeMQNqCIz9j,threads,purple_bathhouse,There's a difference between celebrating your win and undermining your fellow aseans.,2026-10-07 18:29:05,,0,0
https://www.threads.com/@athirahh_aziz/post/DeMATU4Eza_,DeMQPdOEln0,threads,mimnunya,Nak raihkan kemenangan sekali pun ..jgn sampai merendahkan2 flag negara lain apa lagi dekat gambar tu ada flag negara yang tidak terlibat ..lebih kpd tolong hormat Negara lain nak celebrate sampai tahun depan pun tak kisah 😂,2026-10-07 18:29:20,,0,0
https://www.threads.com/@athirahh_aziz/post/DeMATU4Eza_,DeMQXZ_j9h_,threads,mohz4m,Kalau dorang kalah confirm merusuh dekat stadium,2026-10-07 18:30:25,,1,0
https://www.threads.com/@athirahh_aziz/post/DeMATU4Eza_,DeMQb5BmYQm,threads,syfiqdniel_,"Setelll sis, aku dah libas pakai getah paip",2026-10-07 18:31:01,,0,0
https://www.threads.com/@athirahh_aziz/post/DeMATU4Eza_,DeMSK41EQ71,threads,nrs.yhrh_,yg bijak pndi semua dh tkde kt negara diorg tu ad pun diorg tk msuk cmpur yg komen2 merepek tu semua budak2 tk sekolah tngokla sekolah2 diorg cmne culture dgn baju seksi dgn joget2 sekolah pn mcm tk bljr,2026-10-07 18:46:11,,0,0
https://www.threads.com/@athirahh_aziz/post/DeMATU4Eza_,DeMVXJdkpzU,threads,frhn_eva,@xclqerr budak2 hingusan je jilat selagi bole,2026-10-07 19:14:04,,0,0
https://www.threads.com/@athirahh_aziz/post/DeMATU4Eza_,DeMYmj9lPJi,threads,jefp_d,dia bukan isu menang ke tak . ini isu kau untung daripada customer sini lepastu tak respect cutomer sini,2026-10-07 19:42:23,,0,0
https://www.threads.com/@athirahh_aziz/post/DeMATU4Eza_,DeMbLj4H-ue,threads,hizamimokhtar,Adik kenape buat statement cam tu . Dah pernah kene sponsor dengan kahf ke ? . Aishhhh adik tak fikir panjang .,2026-10-07 20:04:55,,0,0
https://www.threads.com/@athirahh_aziz/post/DeMATU4Eza_,DeMb8UomSF3,threads,nanariii_na,Budak sekolah lg tu. Medula oblongata tak fully develop lagi. Hmm,2026-10-07 20:11:34,,0,0
https://www.threads.com/@athirahh_aziz/post/DeMATU4Eza_,DeMfeQCGFpN,threads,adhddimaginative45,Jangan samakan brand sampah tu dengan brand Malaysia yang jauh lagi bijak tu SEKURANGNYA BRAND KITA TAK PERNAH KALAU MENANG APA II SIBUK NAK JOIN THE TRAIN NAK MENGHINA SEKALI OUR BRAND IS WAY MORE PROFESSIONAL,2026-10-07 20:42:25,,0,0
https://www.threads.com/@athirahh_aziz/post/DeMATU4Eza_,DeMh83-Ccgm,threads,muhdaliflukman,"Haih ada jugak orang kita iq78 eh, haih kecewa aku hm",2026-10-07 21:04:04,,0,0
https://www.threads.com/@athirahh_aziz/post/DeMATU4Eza_,DeMxdTcEwcM,threads,mhdnhz,pengguna tegar kahf tu. biar saja dia perhabis duit memborong,2026-10-07 23:19:34,,0,0
https://www.threads.com/@audrey.anastasiaa/post/DeMMFmxiXAg,DeMNOulE05b,threads,mohan.elsaggaf,"@nwfans2025 Hi Kak! 👋🏻 Aku Reyza, tertarik untuk bisa kerja sama sebagai talent/content creator untuk campaign dari Kakak.

Berikut profil social media aku:

🎬 TikTok: @reyza.jong
https://www.tiktok.com/@reyza.jong?_r

📸 Instagram: @reyza.j
https://www.instagram.com/reyza.j?stkn

Aku terbuka untuk paid collaboration, endorsement, maupun campaign lainnya. Kalau Kakak sedang membutuhkan talent, boleh banget info detail campaign-nya ya Kak.￼",2026-10-07 18:03:01,,3,1
https://www.threads.com/@audrey.anastasiaa/post/DeMMFmxiXAg,DeMPSHRkpOs,threads,kingmemed_,"Gasss kak , aku siap juga kak

ini my profile ya saya kak :

Instagram: https://www.instagram.com/kingmemed_/
TikTok: https://www.tiktok.com/@kingmemed_
YouTube: https://www.youtube.com/@Kingmemed

Thank you kak! 🙏🏻",2026-10-07 18:20:57,,2,1
https://www.threads.com/@audrey.anastasiaa/post/DeMMFmxiXAg,DeMWOo2kiWL,threads,iamnicooktaraaaa,Mauuuuuu,2026-10-07 19:21:39,,1,0
https://www.threads.com/@audrey.anastasiaa/post/DeMMFmxiXAg,DeMXzAcFMq-,threads,dibsscent,Klo perfume nya ada campaign gak kak 😁,2026-10-07 19:35:21,,1,0
https://www.threads.com/@audrey.anastasiaa/post/DeMMFmxiXAg,DeMZST6EkWd,threads,erlanggar,Aku udah 2x kahf masi bisa dapet lg ga ya,2026-10-07 19:48:21,,1,0
https://www.threads.com/@audrey.anastasiaa/post/DeMMFmxiXAg,DeMZeEaHxKJ,threads,tonikawelderharum,"user kahf bisa kali kak diajak 👀
tapi niche ku parfum kak 😅
tiktok.com/@tonika_prayogi",2026-10-07 19:49:58,,2,0
https://www.threads.com/@audrey.anastasiaa/post/DeMMFmxiXAg,DeMayZClIt9,threads,sarasseva,Mau dooong kak,2026-10-07 20:01:29,,1,0
https://www.threads.com/@audrey.anastasiaa/post/DeMMFmxiXAg,DeMcHGoFOVG,threads,fourtyr,Haiii kak aku tertarik yaa kak,2026-10-07 20:13:03,,1,0
https://www.threads.com/@audrey.anastasiaa/post/DeMMFmxiXAg,DeMdK9akiPI,threads,ghizerl,"Mauuuu kak

Hai kak , perkenalkan saya ghina domisili Jogja. Let's collab ✨

Instagram https://www.instagram.com/ghizerl
Tiktok

Niche Foodies, Lifestyle, Place to Go
Semoga bisa bekerjasama sama ✨✨",2026-10-07 20:22:18,,1,0
https://www.threads.com/@audrey.anastasiaa/post/DeMMFmxiXAg,DeMdYIhiZsT,threads,rizkyaudy_,letzgo,2026-10-07 20:24:06,,1,0
https://www.threads.com/@audrey.anastasiaa/post/DeMMFmxiXAg,DeMfW-7CRVP,threads,hi.ifoundyou_,"haiii kaak im interested!⭐️
kindly check my social media☺️🙌🏻

instagram: https://instagram.com/lutpi.creates
tiktok: https://tiktok.com/@papipueoo

Thankyou, i hope we can collaborate🤩",2026-10-07 20:41:25,,1,0
https://www.threads.com/@audrey.anastasiaa/post/DeMMFmxiXAg,DeMgYjxFDfY,threads,valntt__,"hi kak😊
aku tertarik untuk ikut campaign yang kka share di threads🫶
ini akun
tiktok:
https://www.tiktok.com/@hanantuy?_r=1&_t=ZS-9ALoaeMPoNZ
ig: https://www.instagram.com/valntt__?stkn=eWY5bzhwMmE5aXFp
kindly check ya kak thank u😊",2026-10-07 20:50:23,,0,0
https://www.threads.com/@audrey.anastasiaa/post/DeMMFmxiXAg,DeMg-DGEqE1,threads,sahrruls,Kak mau dong,2026-10-07 20:55:30,,1,0
https://www.threads.com/@audrey.anastasiaa/post/DeMMFmxiXAg,DeMhKj0Et-m,threads,iraoktavia7,"Hi kakkk! 👋🏻
Aku Ira Oktavia, content creator dari Bandar Lampung ✨

Tertarik banget untuk collabnya😍 reels terbaru visit ke Kahf nih kak sama suami

Aku biasa bikin konten review & lifestyle yang kebanyakan pakai voice over.

Boleh kepoin konten aku di:
💖IG: @iraoktavia7 ( www.instagram.com/iraoktavia7 )

🖤TikTok: @iraoktavia7 ( www.tiktok.com/@iraoktavia7 )

Kalau lagi cari creator untuk project kakak, I'd love to be considered! 🤍",2026-10-07 20:57:12,,1,0
https://www.threads.com/@audrey.anastasiaa/post/DeMMFmxiXAg,DeMhfRtnxXQ,threads,antik.sigit,"Hai kak, namaku Antik KOL Jogja. Tertarik untuk join kolaborasi dengan kakak. Berikut drop link saya
Link IG https://www.instagram.com/antik.sigit
Link tiktok: https://www.tiktok.com/@antiq726",2026-10-07 21:00:02,,1,0
https://www.threads.com/@audrey.anastasiaa/post/DeMMFmxiXAg,DeMj8JSk3nm,threads,vera_masary,"Hy ka mau banget bisa cek IG dan TT aku ya ka 😍🙏🏻
Link IG

https://www.instagram.com/vera_masary?igsh=MXkxM3I4NXFhbDliMQ%3D%3D&utm_source=qr
Link TT
https://www.tiktok.com/@vera_masary",2026-10-07 21:21:27,,1,0
https://www.threads.com/@audrey.anastasiaa/post/DeMMFmxiXAg,DeMpaZMk2Ug,threads,barneshadi,Mau sunscreen ama facewash nya kak😅😅😅🫰🏻gaskeun konten kahf👍🏻,2026-10-07 22:09:16,,0,0
https://www.threads.com/@audrey.anastasiaa/post/DeMMFmxiXAg,DeMqIA2jxjO,threads,ezarendra_,MAUUUUUUUUU,2026-10-07 22:15:30,,0,0
https://www.threads.com/@audrey.anastasiaa/post/DeMMFmxiXAg,DeMr0tTE6HC,threads,itsbenmarino,"Mau kak pls cek ya

https://www.tiktok.com/@benmarino_?_r=1&_t=ZS-9AMMfZYvboi

https://www.instagram.com/itsbenmarino?stkn=MWM5eGhsNnV0aDN2OA%3D%3D&utm_source=qr",2026-10-07 22:30:20,,0,0
https://www.threads.com/@audrey.anastasiaa/post/DeMMFmxiXAg,DeMtK8ak4er,threads,growpaces,Ka izin DM ig,2026-10-07 22:42:07,,0,0
https://www.threads.com/@audrey.anastasiaa/post/DeMMFmxiXAg,DeMt1nfktZF,threads,sallvann_,haii kak boleh tuh,2026-10-07 22:47:56,,0,0
https://www.threads.com/@audrey.anastasiaa/post/DeMMFmxiXAg,DeMvkohkms7,threads,its.me.marchell8wijaya,"mauuuui..
Interested 💕
Hello, I’m Shella, kindly check 💗

Link ig : https://www.instagram.com/its.me.marchell8wijaya?stkn=ZGUzdXdmOGFtYmlk
Link TT : https://www.tiktok.com/@its.me.marchell8wijaya?_r=1&_t=ZS-9AH7Oi6Z0eT
Thanks!🤗💞.",2026-10-07 23:03:06,,0,0
https://www.threads.com/@audrey.anastasiaa/post/DeMMFmxiXAg,DeMwEJ3k998,threads,kangelyan,"Hi Everyone
Salam kenal

Aku domisili Bogor
available area jabodetabek
untuk collaboration
Niche (Food & Travel)

IG https://www.instagram.com/kangelyan?igsh=YTVqNzd3NzN5aW9t

TT :

Thank you kak
Hopefully Can Collaboration 🥳",2026-10-07 23:07:24,,0,0
https://www.threads.com/@audrey.anastasiaa/post/DeMMFmxiXAg,DeMwaVSHeRW,threads,domissnow,"halo Kak! please kindly check my Instagram!

https://www.instagram.com/domissnow?stkn=cmczOXdpY3F4OGp4&utm_source=qr

thankyou !",2026-10-07 23:10:26,,0,0
https://www.threads.com/@audrey.anastasiaa/post/DeMMFmxiXAg,DeMzr_mGHOY,threads,afrezdera,@kahfeveryday bener nih ??,2026-10-07 23:39:03,,0,0
https://www.threads.com/@audrey.anastasiaa/post/DeMMFmxiXAg,DeM3V2uCRII,threads,itspaulshady,"Hi kak! Aku Paul Shady Rapper/Singer, lifestyle & entertainment creator based in Jakarta 🙌🏻

IG: @itspaulshady — 293K followers https://www.instagram.com/itspaulshady
TikTok: @itspaulshady — 221K+ followers https://www.tiktok.com/@itspaulshady

Boleh banget kak kalau di-list ke database KOL. Kalau ke depannya ada campaign yang cocok dengan profile aku, boleh banget hubungi aku yaa 🙏🏻❤️

Thank you kak! ✨",2026-10-08 00:10:59,,0,0
https://www.threads.com/@audrey.anastasiaa/post/DeMMFmxiXAg,DeM4bijk4ez,threads,senggang.ig,HMU kakss 🙌🏻,2026-10-08 00:20:30,,0,0
https://www.threads.com/@audrey.anastasiaa/post/DeMMFmxiXAg,DeM4fLQI1Hd,threads,tiandarinie,"mau daftar buat suamiku siapatau cocok yaaa instagram.com/fajarinie soalnya kami sekeluarga pengguna produk Paragon mulai dari Putri, DSE, Wardah, Labore s/d Kahf 🙌🏻",2026-10-08 00:21:00,,0,0
https://www.threads.com/@audrey.anastasiaa/post/DeMMFmxiXAg,DeM50CAn8Cu,threads,akil_galang,"Mau kak 🙌
tiktok.com/@kangkilss",2026-10-08 00:32:35,,0,0
https://www.threads.com/@audrey.anastasiaa/post/DeMMFmxiXAg,DeM6Kqpk68k,threads,lutfianzz,"gue belom pernah dapet kerja sama kahf jir, bener bener yang gue tungguin itu kahf",2026-10-08 00:35:40,,0,0
https://www.threads.com/@audrey.anastasiaa/post/DeMMFmxiXAg,DeM7ZZ1j0We,threads,jefrypriyanto,mau kakk,2026-10-08 00:46:25,,0,0
https://www.threads.com/@audrey.anastasiaa/post/DeMMFmxiXAg,DeM7qhiAUws,threads,rizky_rahmat_hidayat,"Hello, ready to collaborate

TT : https://www.tiktok.com/@rizkyrahmat200

IG : https://www.instagram.com/rizky_rahmat_hidayat",2026-10-08 00:48:46,,0,0
https://www.threads.com/@audrey.anastasiaa/post/DeMMFmxiXAg,DeNBwi1kyr1,threads,rifqiangilmi,"Hayuuk kak
www.tiktok.com/@rifqiangilmi",2026-10-08 01:42:01,,0,0
https://www.threads.com/@audrey.anastasiaa/post/DeMMFmxiXAg,DeNL3JMk3Qk,threads,dolahtimor,"Beta bisa ikut kah kaka sayang ?

https://www.tiktok.com/@kk_dull?_r=1&_t=ZS-99x7rRCIN4n",2026-10-08 03:10:18,,0,0
https://www.threads.com/@azmyn.azyz/post/DeLSKeAks0H,DeLW-ouAXQT,threads,privasirfan,"rdwanramli jawab doang, soal bola lu maju, soal iq lu mundur, dasar miskin bego",2026-10-07 10:08:57,,82,2
https://www.threads.com/@azmyn.azyz/post/DeLSKeAks0H,DeLgMb9D7d-,threads,dherieyn_,,2026-10-07 11:29:29,,1,0
https://www.threads.com/@azmyn.azyz/post/DeLSKeAks0H,DeLhG5PGfxl,threads,ammarazman,Yup. Bodoh je nak buat mcm ni.,2026-10-07 11:37:28,,1,0
https://www.threads.com/@azmyn.azyz/post/DeLSKeAks0H,DeLo47kHQJU,threads,mussaidisabirun,"dia memang bidoh bang, kalau malaysia tak beli, rupiah dia akan jatuh merudum. akan jadi macam afrika.",2026-10-07 12:45:28,,4,0
https://www.threads.com/@azmyn.azyz/post/DeLSKeAks0H,DeLpPyxFAbP,threads,_zrhjkt_,Aku risau ang tulis english depa tak faham🤣🤣🤣,2026-10-07 12:48:35,,69,1
https://www.threads.com/@bagassptra417/post/DeLFlVREq1v,DeLmBUNkx89,threads,matmin7676,Mengedar bagi kalian ketagih seperti anjing.. Woof wooff 👅👅,2026-10-07 12:20:24,,0,0
https://www.threads.com/@bagassptra417/post/DeLFlVREq1v,DeLnoUYIOhB,threads,usrrithh,"bawa dadah pulakk , org cita lain dia ckp lain 😭",2026-10-07 12:34:27,,11,0
https://www.threads.com/@bagassptra417/post/DeLFlVREq1v,DeLopMcE1gC,threads,otter.94292264,macam negara kau tak ada dadah,2026-10-07 12:43:19,,5,0
https://www.threads.com/@bagassptra417/post/DeLFlVREq1v,DeLpJFskxm7,threads,riri.4s,"Wowwww mcm negara kau tk mengedar dadah,makan dadah uwauuuuwww",2026-10-07 12:47:40,,1,0
https://www.threads.com/@bagassptra417/post/DeLFlVREq1v,DeLpkq4E0Rj,threads,luxxygaming2,dahla mata wang rendah pastu rasuah kemain banyak nak petik pasal dadah lak,2026-10-07 12:51:26,,3,0
https://www.threads.com/@bangbobreturn/post/DeMhZoEkkGm,DeMhyknE4zM,threads,pagheez_,Kalini kau menang bob. Jojo kalah,2026-10-07 21:02:40,,123,1
https://www.threads.com/@bangbobreturn/post/DeMhZoEkkGm,DeMh4XYkkut,threads,meowwganteng,,2026-10-07 21:03:28,,28,2
https://www.threads.com/@bangbobreturn/post/DeMhZoEkkGm,DeMh743E0G-,threads,aznammohdhashim,aduu bob tegak sgt bagi 😂,2026-10-07 21:03:56,,1,0
https://www.threads.com/@bangbobreturn/post/DeMhZoEkkGm,DeMh_0pD3XG,threads,haustv.my,👏😂😂 aku suka kau bob,2026-10-07 21:04:29,,1,0
https://www.threads.com/@bangbobreturn/post/DeMhZoEkkGm,DeMiA17kxmV,threads,luckyrais888,"Kau bukan KOL bob, kau tu family guy je, org buat hiburan gelak2",2026-10-07 21:04:37,,0,0
https://www.threads.com/@bangbobreturn/post/DeMhZoEkkGm,DeMiBamGnhY,threads,khairiroslin13,Kau sudah buktikan gemok is awesome bob! Kau memang padu,2026-10-07 21:04:42,,19,1
https://www.threads.com/@bangbobreturn/post/DeMhZoEkkGm,DeMiIk_kxqN,threads,palo0tokmu,"Dia tengah tunggu contract habis kot tapi tu la sembang subuh macam jumaat, tang dia kena rugi bacul!!!!!!!",2026-10-07 21:05:40,,8,0
https://www.threads.com/@bangbobreturn/post/DeMhZoEkkGm,DeMiIreiZNn,threads,ts.yat,"its okay bob, itu pilihan dia. Biar rakyat menentukan where they stance for. Telo dah kena pegang kan.",2026-10-07 21:05:41,,1,0
https://www.threads.com/@bangbobreturn/post/DeMhZoEkkGm,DeMiU_0EyB4,threads,naquibirfan,Cuba teka apa beza antara Bob dengan Jojo ? Bob tak pakai Kahf 🤣,2026-10-07 21:07:22,,54,1
https://www.threads.com/@bangbobreturn/post/DeMhZoEkkGm,DeMibRmmsVv,threads,adif2348,Jojo .,2026-10-07 21:08:14,,2,0
https://www.threads.com/@bangbobreturn/post/DeMhZoEkkGm,DeMib7LFAPN,threads,faizolghazali,💯,2026-10-07 21:08:19,,0,0
https://www.threads.com/@bangbobreturn/post/DeMhZoEkkGm,DeMip9kFJEF,threads,akmalfirdaus_435,Kali ni All In bangbobreturn,2026-10-07 21:10:14,,0,0
https://www.threads.com/@bangbobreturn/post/DeMhZoEkkGm,DeMi5cOE9lE,threads,the_jang92,"Mantap bob
Kasi payung 7 inci bob",2026-10-07 21:12:21,,0,0
https://www.threads.com/@bangbobreturn/post/DeMhZoEkkGm,DeMi5xNEgN-,threads,nic_nolimit,"Betul lah abang bob, maaf sebab perli haritu😭",2026-10-07 21:12:23,,0,0
https://www.threads.com/@bangbobreturn/post/DeMhZoEkkGm,DeMkpM8I7FA,threads,sekumpulngopi,2x5 dengan kau ja Bob hahaha pui,2026-10-07 21:27:36,,2,0
https://www.threads.com/@bangbobreturn/post/DeMhZoEkkGm,DeMkvrGn4ii,threads,mhmdbush_,jojo ah tu. duit kete juta2 pakai kahf.tak level siak haha ak sokong kau bob. ajk aku lepak dgn tawanchai bob,2026-10-07 21:28:29,,4,0
https://www.threads.com/@bangbobreturn/post/DeMhZoEkkGm,DeMlAmlE2-N,threads,mursyid_mohammad,Bob (1) - (0) Jojo Kahf,2026-10-07 21:30:48,,9,0
https://www.threads.com/@bangbobreturn/post/DeMhZoEkkGm,DeMlhsnD-7u,threads,apan_king_of_bully,Apan sedih,2026-10-07 21:35:19,,0,1
https://www.threads.com/@bangbobreturn/post/DeMhZoEkkGm,DeMnybymKnX,threads,ezanikd,Support bob,2026-10-07 21:55:05,,0,0
https://www.threads.com/@bangbobreturn/post/DeMhZoEkkGm,DeMoQyrGN98,threads,user4918394,First time setuju dgn bob,2026-10-07 21:59:13,,5,0
https://www.threads.com/@bangbobreturn/post/DeMhZoEkkGm,DeMolu3mjjj,threads,jyounin777,,2026-10-07 22:02:05,,0,0
https://www.threads.com/@bangbobreturn/post/DeMhZoEkkGm,DeMo30TCZvP,threads,hisyam.nortang,Cakap je lah kau nak fight dengan Jojo tu bob,2026-10-07 22:04:33,,0,0
https://www.threads.com/@bangbobreturn/post/DeMhZoEkkGm,DeMpGwRAao2,threads,sarpikk,kali ni aku setuju dgn kau bob !!!,2026-10-07 22:06:35,,0,0
https://www.threads.com/@bangbobreturn/post/DeMhZoEkkGm,DeMpYoDI_0Q,threads,trb.469,Bang Bob the real goat 🐐,2026-10-07 22:09:02,,0,0
https://www.threads.com/@bangbobreturn/post/DeMhZoEkkGm,DeMpoq1mcGq,threads,adiputera77,"dia pernah cakap duit tak boleh beli dia , konon dia ada prinsip macam kes ojen dgn dia dulu . Now negara kena hina , dia tak backup pun . dia siap cakap not a big deal . yes dia memang ada talent but orang2 malaysia jugak yang support dia. kalini kau menang bob",2026-10-07 22:11:13,,23,1
https://www.threads.com/@bangbobreturn/post/DeMhZoEkkGm,DeMqW7RGs8b,threads,banggek._,"aah betul, tapi support kau pon bodo gak",2026-10-07 22:17:32,,5,0
https://www.threads.com/@bangbobreturn/post/DeMhZoEkkGm,DeMq1xmEvvh,threads,cekmiey_182,mantap bob..kau nmpk matured dari jojo bob..salute 🙌🏻🙌🏻🙌🏻,2026-10-07 22:21:45,,0,0
https://www.threads.com/@bangbobreturn/post/DeMhZoEkkGm,DeMrK3VE-Le,threads,quarezmi,okay bob menang lagi kalini tahniah bob,2026-10-07 22:24:38,,0,0
https://www.threads.com/@bangbobreturn/post/DeMhZoEkkGm,DeMrvNPn9Th,threads,its.fiqqq_,"Sekarang ni tengah hangat isu boikot kan? Korang yg masih tak tahu nak beralih ke produk lokal mana? Tengok sini saya ada buatkan list🤗 semuanya lengkap tinggal pilih je🤗

https://www.threads.com/share/_-qtyPeNU/",2026-10-07 22:29:35,,0,0
https://www.threads.com/@bangbobreturn/post/DeMhZoEkkGm,DeMr1lJn6N4,threads,_bobrock89_,Dia ad thanos bob,2026-10-07 22:30:28,,0,0
https://www.threads.com/@bangbobreturn/post/DeMhZoEkkGm,DeMsyfun0oV,threads,cccap77ayammmmm,Xyah tunggu perlawanan bang bob da menang,2026-10-07 22:38:47,,0,0
https://www.threads.com/@bangbobreturn/post/DeMhZoEkkGm,DeMtFb5nyda,threads,mrdito_,Bob kau pakai product apa share sikit,2026-10-07 22:41:22,,1,1
https://www.threads.com/@bangbobreturn/post/DeMhZoEkkGm,DeMtsr4mZjG,threads,afique_8,Hidup bob,2026-10-07 22:46:43,,0,0
https://www.threads.com/@bangbobreturn/post/DeMhZoEkkGm,DeMuaTriZxw,threads,equechromezhxv,Tulatu.. billboard pun acah savage bt bt mata tajam mempromosikan produk bocah. Apebende laahai mentahan.,2026-10-07 22:52:57,,1,0
https://www.threads.com/@bangbobreturn/post/DeMhZoEkkGm,DeMvCHwEruV,threads,jjj.joundd,Kau pun teruk support fighter luar drpd fighter local babi 😂,2026-10-07 22:58:23,,0,1
https://www.threads.com/@bangbobreturn/post/DeMhZoEkkGm,DeMxZzLD2QU,threads,iszuanzainal2,Kenapa dua tiga menjak ni kau padu bob? Ada mimpi apa apa ke?,2026-10-07 23:19:06,,1,0
https://www.threads.com/@bangbobreturn/post/DeMhZoEkkGm,DeMxpLuky6S,threads,aamirhmzh_,"Hate to admit it, but you won twice",2026-10-07 23:21:12,,0,0
https://www.threads.com/@bangbobreturn/post/DeMhZoEkkGm,DeMyowyHYeV,threads,hawk.tuah1712481,Dia main waiting game wehhh🤣🤣🤣,2026-10-07 23:29:53,,0,0
https://www.threads.com/@bangbobreturn/post/DeMhZoEkkGm,DeMzhd1mKke,threads,ashrann_,Menyala terus la Bob oii . Ayat sedia paduu . Betoi lah tu,2026-10-07 23:37:37,,0,0
https://www.threads.com/@bangbobreturn/post/DeMhZoEkkGm,DeMzhqDkwQo,threads,nsara.sz,kalini bob menang,2026-10-07 23:37:39,,0,0
https://www.threads.com/@bangbobreturn/post/DeMhZoEkkGm,DeMz1HqjwBO,threads,aimn_nafis,Tapi kalau sponsor fighter luar untuk kalahkan fighter lokal kira jenis iq macam mana bob?,2026-10-07 23:40:18,,0,0
https://www.threads.com/@bangbobreturn/post/DeMhZoEkkGm,DeM0Co4E7gz,threads,shahrilfiq,Duit la tu sbb tu la hahhaha,2026-10-07 23:42:09,,0,0
https://www.threads.com/@bangbobreturn/post/DeMhZoEkkGm,DeM1xo-k4gf,threads,koyakkederrr,bijak la ko bob,2026-10-07 23:57:18,,0,0
https://www.threads.com/@bangbobreturn/post/DeMhZoEkkGm,DeM3b6GElqP,threads,diariseoranglelaki_,Nanti rupiah tukar muka kau ok ke bob,2026-10-08 00:11:49,,0,0
https://www.threads.com/@bangbobreturn/post/DeMhZoEkkGm,DeM4Z2Rk0bX,threads,snowyrara,"Ok bob, kau menang",2026-10-08 00:20:16,,0,0
https://www.threads.com/@bangbobreturn/post/DeMhZoEkkGm,DeM8Y4VE244,threads,ers.vnl,sorry do bob tak percaya kat kau dulu,2026-10-08 00:55:05,,0,0
https://www.threads.com/@bangbobreturn/post/DeMhZoEkkGm,DeM_ezpCByo,threads,daaaaaaaus,"Jojo indopride skrg bang bob , boleh dh wakil US/INDO dh",2026-10-08 01:22:07,,0,0
https://www.threads.com/@bangbobreturn/post/DeMhZoEkkGm,DeNBDaKk3jM,threads,dnl.adnan,Bob comeback di lategame,2026-10-08 01:35:51,,0,0
https://www.threads.com/@bangbobreturn/post/DeMhZoEkkGm,DeNEQM9E_KC,threads,sahabatmeow17,Beda beda level katanya. Boikot kahf. Kita support yg fitri yahya review pulak https://s.shopee.com.my/4VdNYt5e1E,2026-10-08 02:03:49,,0,0
https://www.threads.com/@bangbobreturn/post/DeMhZoEkkGm,DeNX4V3ko4a,threads,pa.eh,"Kau pakai produk apa bob kt muka
Xkn dior",2026-10-08 04:55:19,,0,0
https://www.threads.com/@barberdaily.co/post/DeLzNfXD0X1,DeLzV88CdRC,threads,oktaritasavrita,👀👀,2026-10-07 14:16:48,,1,0
https://www.threads.com/@barberdaily.co/post/DeLzNfXD0X1,DeLz3SNCcea,threads,msdm_talenta_gemilang,iyaa aku tengok,2026-10-07 14:21:21,,0,1
https://www.threads.com/@barberdaily.co/post/DeLzNfXD0X1,DeL0X42EhhE,threads,karelnesia,wkwkwk memanfaatkan keadaan pesaing yg lagi blunder 😂😂,2026-10-07 14:25:49,,1,2
https://www.threads.com/@barberdaily.co/post/DeLzNfXD0X1,DeL2DqQGmwX,threads,istanakancing.id,cek dm napa ber😩,2026-10-07 14:40:31,,1,0
https://www.threads.com/@barberdaily.co/post/DeLzNfXD0X1,DeL3yP5GhKz,threads,a_deon18,Min potong pendek rapi pinggir nya tipisin ya,2026-10-07 14:55:37,,0,1
https://www.threads.com/@barberdaily.co/post/DeLzNfXD0X1,DeL6DKREdbA,threads,moiaa.official,"kak aku ngefans, mutualan dongg",2026-10-07 15:15:24,,0,1
https://www.threads.com/@barberdaily.co/post/DeLzNfXD0X1,DeL9JpSGvmd,threads,mayar_id,gamau aaa malesss,2026-10-07 15:42:30,,0,1
https://www.threads.com/@barberdaily.co/post/DeLzNfXD0X1,DeMCJT6E-C2,threads,mister_golo,Ada mister golo juga lho hai hai haaaaiii,2026-10-07 16:26:09,,0,1
https://www.threads.com/@barberdaily.co/post/DeLzNfXD0X1,DeMCSsFD30q,threads,rdipta,Cukur botak licin berapa duit?,2026-10-07 16:27:26,,0,1
https://www.threads.com/@barberdaily.co/post/DeLzNfXD0X1,DeMEP4BFM8y,threads,depomade,Leher lagi sakit gak bisa nengok 🤣🙏,2026-10-07 16:44:31,,0,0
https://www.threads.com/@barberdaily.co/post/DeLzNfXD0X1,DeMLsigEnJR,threads,satuoperan,Moment yg pas ber,2026-10-07 17:49:36,,0,0
https://www.threads.com/@barberdaily.co/post/DeLzNfXD0X1,DeMc5gbH5x3,threads,leonidas.ole,cinta produk lokal 😍,2026-10-07 20:19:55,,11,1
https://www.threads.com/@barberdaily.co/post/DeLzNfXD0X1,DeMh3Zsmvan,threads,lapi.slegittt,Emang ngga laku?,2026-10-07 21:03:20,,0,0
https://www.threads.com/@barberdaily.co/post/DeLzNfXD0X1,DeMlWSREtEM,threads,sombong.id,,2026-10-07 21:33:45,,0,0
https://www.threads.com/@barberdaily.co/post/DeLzNfXD0X1,DeMldwrH0ld,threads,sofyantiputri,Jujur suka kahf kak maaf🙏🏻,2026-10-07 21:34:47,,3,0
https://www.threads.com/@barberdaily.co/post/DeLzNfXD0X1,DeMtE8mDKqG,threads,yimandayimanda,Udah ada di Prancis belom?,2026-10-07 22:41:18,,0,0
https://www.threads.com/@barberdaily.co/post/DeLzNfXD0X1,DeMxLcQk1aM,threads,diyyahe,tiap mau beli di indomaret kok gaada abang tukang cukurnya mint,2026-10-07 23:17:08,,0,0
https://www.threads.com/@barberdaily.co/post/DeLzNfXD0X1,DeM0QbViezy,threads,sirajfillah,Ntar dimasukin list orang malay panik kau deck wkwkkw,2026-10-07 23:44:02,,1,0
https://www.threads.com/@barberdaily.co/post/DeLzNfXD0X1,DeM8qfwk5SI,threads,afdhalfkr,Sejak kapan lau buka kajian di tempat barber? 🗿,2026-10-08 00:57:30,,0,0
https://www.threads.com/@barberdaily.co/post/DeLzNfXD0X1,DeNLjuNE1kj,threads,divaher__,min Mauu dikirim product buat ngelawan kabut asap yg tebal sekali di Jambi ini min,2026-10-08 03:07:39,,0,0
https://www.threads.com/@bruchinoy/post/DeMVqZMk0Bu,DeMWi29k7c2,threads,bruchinoy,"Don’t mess with Malaysians 🇲🇾
let’s support our local brands 😎",2026-10-07 19:24:24,,486,5
https://www.threads.com/@bruchinoy/post/DeMVqZMk0Bu,DeMWtWnE1bW,threads,askmewho_,Duit lah.. duit bruh.. 😏,2026-10-07 19:25:50,,24,0
https://www.threads.com/@bruchinoy/post/DeMVqZMk0Bu,DeMWzCViTzG,threads,buttercremematcha,Takkan jojo nak kena cancel jugak....adeeeehhhh,2026-10-07 19:26:37,,34,0
https://www.threads.com/@bruchinoy/post/DeMVqZMk0Bu,DeMXWfqlEPL,threads,bysaffri,So we should boycott si jojo ni jugak ke ??,2026-10-07 19:31:27,,39,1
https://www.threads.com/@bruchinoy/post/DeMVqZMk0Bu,DeMXyNBGvmm,threads,_.dearnaa,"I faham klau dia diam je maybe sbab tak leh breach contract dgan kahf , tpi that's statement from him , very disappointed , permintaan maaf diorang pun guna AI dh tak ikhlas kat situ, lepas tu not long after buat live , host bole lagi perli kita tak nmpak rasa bersalah . Then so sorry lah i still choose boikot sbab apa ii yg melibatkan our country i will not tolerate even if your product good or not , our local brands pun byak lagi yg berkualiti , their should be the one we supports",2026-10-07 19:35:14,,161,2
https://www.threads.com/@bruchinoy/post/DeMVqZMk0Bu,DeMYIpzD24y,threads,labusayongkuale,So brp harga Jojo eh? Just curious,2026-10-07 19:38:18,,9,1
https://www.threads.com/@bruchinoy/post/DeMVqZMk0Bu,DeMY2rtj23s,threads,matric77,Setuju bro,2026-10-07 19:44:35,,1,0
https://www.threads.com/@bruchinoy/post/DeMVqZMk0Bu,DeMZ4LgmmId,threads,nrlsofeazzz,okay… now dah faham kenapa bob t20 marah betul dekat dia😮‍💨,2026-10-07 19:53:32,,10,0
https://www.threads.com/@bruchinoy/post/DeMVqZMk0Bu,DeMaAebkxtE,threads,lynxbaobei,Semua sebab duit!!! Hamak sangat duit indog tu gamaknya,2026-10-07 19:54:40,,2,0
https://www.threads.com/@bruchinoy/post/DeMVqZMk0Bu,DeMaiY-muR2,threads,sharipatote,"Kemain mentang2 masih jadi duta, kemain back up ya….. kalau orang lain yg kena ko juga paling bising",2026-10-07 19:59:18,,14,0
https://www.threads.com/@bruchinoy/post/DeMVqZMk0Bu,DeMawUQksT1,threads,dinaladin93,It not just a mere dumb mistake. Stupid jojo,2026-10-07 20:01:12,,8,0
https://www.threads.com/@bruchinoy/post/DeMVqZMk0Bu,DeMc9uQE13i,threads,arieeeena_y,Bodoh la kalau support jgk.. serius bodoh,2026-10-07 20:20:30,,3,0
https://www.threads.com/@bruchinoy/post/DeMVqZMk0Bu,DeMdACjk3em,threads,mat_rem,Ni kali ketiga,2026-10-07 20:20:49,,33,3
https://www.threads.com/@bruchinoy/post/DeMVqZMk0Bu,DeMdS-AH5ik,threads,fizkhairul,dia apa kisah asalkan duit utk dia asyukkk... mana dia peduli pasal rakyat marhaen. dia naik pun sebab rakyat marhaen ni lah sokong dia.,2026-10-07 20:23:24,,1,0
https://www.threads.com/@bruchinoy/post/DeMVqZMk0Bu,DeMeCzkk2WQ,threads,nami.maruma,Dah buang sbb satu company,2026-10-07 20:29:56,,26,2
https://www.threads.com/@bruchinoy/post/DeMVqZMk0Bu,DeMeHYVGpVx,threads,axp.34,"Jadi kamu pun patut terima Malaysia boikot produk sial kamu ni, Dasar IndoneSIAL ANJING",2026-10-07 20:30:33,,3,0
https://www.threads.com/@bruchinoy/post/DeMVqZMk0Bu,DeMe2yIj0co,threads,ilyanaayra,Dia patut diam je la,2026-10-07 20:37:02,,3,0
https://www.threads.com/@bruchinoy/post/DeMVqZMk0Bu,DeMe5Y9gBCy,threads,farah._qq,"Aku klu lalu muka dia ni kat Mana” aku skip je.. tunggu aku balik Malaysia, produk ni aku guna untuk cuci tandas.. nasib aku tk bawa gi Lisbon, klu ada, kat sini juga aku tuang dlm lubang jamban.",2026-10-07 20:37:23,,3,0
https://www.threads.com/@bruchinoy/post/DeMVqZMk0Bu,DeMfZOQmDQK,threads,iser374018,gago jojo iya,2026-10-07 20:41:44,,0,0
https://www.threads.com/@bruchinoy/post/DeMVqZMk0Bu,DeMgKNmEnLE,threads,hapanana,"Ala, tu semua template punya statement. Tengok statement dia dengan runner lagi sorang tu, lebih kurang sama je. So obviously memang kena suruh sebab x berani lawan kontrak, lols.",2026-10-07 20:48:25,,0,0
https://www.threads.com/@bruchinoy/post/DeMVqZMk0Bu,DeMhpXaEq4C,threads,azrizalaziz,"too little, too late - jojo ✌️",2026-10-07 21:01:25,,1,0
https://www.threads.com/@bruchinoy/post/DeMVqZMk0Bu,DeMhpsXieWL,threads,username09099336al,"Jojo eh? Ko jgn sampai kteorg beli Tora plak.. ko dah laa rm2.70.. tora baru 0.60 je tau

Mana seri muka kau?",2026-10-07 21:01:27,,5,0
https://www.threads.com/@bruchinoy/post/DeMVqZMk0Bu,DeMiEu3gbBR,threads,zjuraa,Ohhh jojo backing kahf ke?sorry jojo ko pn aku cancel.,2026-10-07 21:05:09,,1,0
https://www.threads.com/@bruchinoy/post/DeMVqZMk0Bu,DeMi-QmExFB,threads,ikhwanwahidon,"Dumb, kalau sekali ya la dumb mistake, tapi lepas mohon maaf, live host dia pun buat hal, tu namanya bodoh abadi",2026-10-07 21:13:00,,4,0
https://www.threads.com/@bruchinoy/post/DeMVqZMk0Bu,DeMjBRSEzGO,threads,fareedishak,Alif satar tu pun ambassador jgk. Tapi so far dia msih stay silent. Dia tahu klau buat statement mcmni tak bagi manfaat pun dkt dia. Better dia diam jer biar official brand sendiri buat apology statement yg ikhlas,2026-10-07 21:13:25,,11,1
https://www.threads.com/@bruchinoy/post/DeMVqZMk0Bu,DeMjXaOH0EG,threads,herlen425,Hamak sebab duitla woi sok2 brand tu mamposs dia pun brentila kne byr duta🤣,2026-10-07 21:16:26,,8,1
https://www.threads.com/@bruchinoy/post/DeMVqZMk0Bu,DeMkEJzE08y,threads,uceetox,"Just bcoz ur the BA of that brand doesn’t mean u have to validate their action just like that. If i were u, i’ll withdraw myself immediately regardless of contract or whatsoever coz as for me they’re just too much.
Maka Kami! 🫡",2026-10-07 21:22:33,,7,0
https://www.threads.com/@bruchinoy/post/DeMVqZMk0Bu,DeMk4fDGUeo,threads,missheartttt,Nk selamatkan lubang juboz dia baruah,2026-10-07 21:29:41,,2,0
https://www.threads.com/@bruchinoy/post/DeMVqZMk0Bu,DeMlZTVE3ly,threads,diha_ridz,Boleh boikot,2026-10-07 21:34:10,,2,0
https://www.threads.com/@bruchinoy/post/DeMVqZMk0Bu,DeMnPaFmovP,threads,ubikeledekberhantu,"Bro, you are Malaysian first before anything else. You can become an ambassador for MALAYSIAN BRANDS instead. What a disappointment",2026-10-07 21:50:18,,3,0
https://www.threads.com/@bruchinoy/post/DeMVqZMk0Bu,DeMoSTNmqWx,threads,delizziouslaif,perangai as long as they apologise ni boleh move on ni very toxic.,2026-10-07 21:59:26,,1,0
https://www.threads.com/@bruchinoy/post/DeMVqZMk0Bu,DeMp-udkg8Y,threads,jzzminee_,Yalah. Duit right,2026-10-07 22:14:14,,0,0
https://www.threads.com/@bruchinoy/post/DeMVqZMk0Bu,DeMtq-IlHyX,threads,shaimars,"Sorry Jojo, not this time",2026-10-07 22:46:29,,0,0
https://www.threads.com/@bruchinoy/post/DeMVqZMk0Bu,DeM3HDBD0lG,threads,eyka_tykah,Jojo n elok buang negara. Orang macam ni silap haribulan boleh tergadai negara bangsa sebab duit,2026-10-08 00:08:58,,0,0
https://www.threads.com/@bruchinoy/post/DeMVqZMk0Bu,DeM-ICokxWm,threads,limapulohsen,Not a big deal? Jojo boleh dah tumar passport merah dia kpd passport hijau. Dipersilakan.,2026-10-08 01:10:16,,0,0
https://www.threads.com/@bruchinoy/post/DeMVqZMk0Bu,DeNNWH8k9N9,threads,papaean_,Jojo out~,2026-10-08 03:23:16,,0,0
https://www.threads.com/@bruchinoy/post/DeMVqZMk0Bu,DeNVJCnE-Hq,threads,notyourvelvet,dari dulu acah good2..okey la kann,2026-10-08 04:31:23,,0,0
https://www.threads.com/@bruchinoy/post/DeMVqZMk0Bu,DeNZMR3kyab,threads,mdlurve,"ntah2 minta maaf tak ikhlas , nak kan untung je. sekarang duit mmg buat kita jd hamba maruah hilang ke mana.",2026-10-08 05:06:46,,0,0
https://www.threads.com/@bulubetis/post/DeMPPAxk6OR,DeMjPqSEyca,threads,ejaiyaapa,malysia segede jawa noh,2026-10-07 21:15:23,,0,1
https://www.threads.com/@bulubetis/post/DeMPPAxk6OR,DeMy6xdkwsE,threads,jexwashere9,We do genocide? Damn,2026-10-07 23:32:20,,0,1
https://www.threads.com/@bulubetis/post/DeMPPAxk6OR,DeMzK9YE9Zw,threads,babyjasmine.polkadot,negara lo top 1 paling najis sedunia😘❤️,2026-10-07 23:34:33,,0,0
https://www.threads.com/@bulubetis/post/DeMPPAxk6OR,DeNTGR0E9we,threads,alvonmo,Malaydesh negara pemakan cow dung,2026-10-08 04:13:32,,0,0
https://www.threads.com/@bulubetis/post/DeMPPAxk6OR,DeNTirqE09h,threads,bqhrey,"Berhubung timnas mereka gak juara AFF, ngga juara Asean Cup, gak lolos piala asia, makanya mereka bahas rupiah, pasport, kahf, Indomie, kamari. Pembahasan tak penting & tak ada hubungannya sama bola. Sebab, bola timnas Malaysia tak ada yang bisa dibahas.",2026-10-08 04:17:24,,0,0
https://www.threads.com/@bulubetis/post/DeMPPAxk6OR,DeNVhawkiOX,threads,danieloktav2,Tapi Malaysia negara paling Top Rasis di dunia 😁😁 ..,2026-10-08 04:34:43,,0,1
https://www.threads.com/@bungaapiraya/post/DeMqmLcCcu_,DeMrZdVEtX5,threads,cheunwoo_fanss,INDO KONTOL! INDO KONTOL!,2026-10-07 22:26:37,,1,0
https://www.threads.com/@bungaapiraya/post/DeMqmLcCcu_,DeMvCsSGkV3,threads,lyla_ismail,genjer! genjer! daun singkong! daun singkong!,2026-10-07 22:58:28,,1,0
https://www.threads.com/@bungaapiraya/post/DeMqmLcCcu_,DeMvYwKEzqD,threads,jtbii_,Be the best dad katanya wkwk. Malu ih punya 2 anak tp ucapan kau kayak org tak sekolah. Ini ternyata best dad versi org melayu malaysia🤣,2026-10-07 23:01:29,,6,0
https://www.threads.com/@bungaapiraya/post/DeMqmLcCcu_,DeMvlrLiV31,threads,nunajw_,jengkol jengkol,2026-10-07 23:03:14,,2,0
https://www.threads.com/@bungaapiraya/post/DeMqmLcCcu_,DeMv-KjkrzR,threads,jjj.joundd,Gigi kau kenapa pak cik digigit kucing kah???,2026-10-07 23:06:35,,1,1
https://www.threads.com/@bungaapiraya/post/DeMqmLcCcu_,DeMwUXDEsqX,threads,ha4iyeyu,GEPREK GEPREKKKKK 😛,2026-10-07 23:09:37,,1,1
https://www.threads.com/@bungaapiraya/post/DeMqmLcCcu_,DeMxOrsE8Dg,threads,badger.6416132,UMPAN MRNGENA MELAYU MALAYDESH GAES KAUM LEMAH SOK JAGO,2026-10-07 23:17:35,,1,0
https://www.threads.com/@bungaapiraya/post/DeMqmLcCcu_,DeMxnkhgfvl,threads,tiara_cute88,🤣👎🏼👎🏼👎🏼,2026-10-07 23:21:20,,1,0
https://www.threads.com/@bungaapiraya/post/DeMqmLcCcu_,DeMx2VamoSB,threads,beezpopup,bang kau tak kumpau HAHAHHAHA,2026-10-07 23:23:00,,2,1
https://www.threads.com/@bungaapiraya/post/DeMqmLcCcu_,DeMx7mPGabK,threads,richardlubis23,GEPUK GEPUK GEPUK GEPUK EAAAA 🤪🤪,2026-10-07 23:23:43,,0,0
https://www.threads.com/@bungaapiraya/post/DeMqmLcCcu_,DeMycqOGbmz,threads,serifa_yz,Roti jalah mak limah biadap ahhah,2026-10-07 23:28:13,,4,1
https://www.threads.com/@bungaapiraya/post/DeMqmLcCcu_,DeMzbrKGeiH,threads,siswoon77,"Netizen Indonesia cari tempat kerja orang ini, no Whatshap, aib orang ini. Sebarkan data pribadi orang ini.",2026-10-07 23:36:50,,0,0
https://www.threads.com/@bungaapiraya/post/DeMqmLcCcu_,DeMzgT_Ei7k,threads,cloeckk,@malaysiapmo @malaysia @anwaribrahim_my,2026-10-07 23:37:28,,0,0
https://www.threads.com/@bungaapiraya/post/DeMqmLcCcu_,DeMz_NhkqGT,threads,moksu._,umpan saya pun kena ni ahahahahaha,2026-10-07 23:41:41,,1,1
https://www.threads.com/@bungaapiraya/post/DeMqmLcCcu_,DeM05JYiNt5,threads,_aishaaa97,Ini yang katanya IQ tinggi😌miris,2026-10-07 23:49:35,,0,0
https://www.threads.com/@bungaapiraya/post/DeMqmLcCcu_,DeM2rVpj4LH,threads,soniazhafirra,Bersyukur nya saya punya suami yang tak main sosmed untuk mengumpat berkata kasar😇,2026-10-08 00:05:11,,0,0
https://www.threads.com/@bungaapiraya/post/DeMqmLcCcu_,DeM3Yd3kt2e,threads,ericadenouval,"kenapa mulut orang malaysia (melayu) sentiasa memaki, racist, dan tak beradab?
1. kerajaan bagi bantuan dari duit haram (judi dan 4D) tax 8% kerajaan malaysia ambil dan bercampur dengan duit halal
2. kezaliman keatas kematian Tun Fuad Stephen yang membawa isi 20 perjanjian yang akhirnya terbunuh karena (sabotage) demi keuntungan semenanjung
jadi kena ingat, sebagaimana perbuatan dan perkataan seseorang bergantung apa yang dimakan. kaya bukan selalu berkah😊",2026-10-08 00:11:21,,0,0
https://www.threads.com/@bungaapiraya/post/DeMqmLcCcu_,DeM4nAYgZ7b,threads,msskyline_,"NASI LEMAK! NASI LEMAK! SEDAP SEDAP SEDAP😂

MURAH MURAH SEDAP SEDAP BANYAK BANYAK😂😂

PUNDEK",2026-10-08 00:22:04,,0,0
https://www.threads.com/@bungaapiraya/post/DeMqmLcCcu_,DeM6AJDku-Q,threads,andaeska,Bang @scotteshhh bisalah ini agak di apakan. 😁,2026-10-08 00:34:14,,0,0
https://www.threads.com/@bungaapiraya/post/DeMqmLcCcu_,DeNA3F5EmJP,threads,khaianuarrrrr,HAHAHA APE BENDE NI WEHH😭😭😂😂😂,2026-10-08 01:34:10,,0,0
https://www.threads.com/@bungaapiraya/post/DeMqmLcCcu_,DeNJqCWEsmu,threads,dekaksks19,Pancinh dikit,2026-10-08 02:51:02,,0,0
https://www.threads.com/@bungaapiraya/post/DeMqmLcCcu_,DeNN3YSk00z,threads,namakhairul,ngakak ngakak ngakak ( gelak low iq ) 🤣,2026-10-08 03:27:48,,0,1
https://www.threads.com/@bungaapiraya/post/DeMqmLcCcu_,DeNQNXsk30G,threads,itsnaylala,"Fuyyoohh, so ini ke ""high iQ"" your people were talking about? Gempak nyee!! 🤭",2026-10-08 03:48:17,,0,0
https://www.threads.com/@bungaapiraya/post/DeMqmLcCcu_,DeNTVqXE5EP,threads,bqhrey,"Berhubung timnas mereka gak juara AFF, ngga juara Asean Cup, gak lolos piala asia, makanya mereka bahas rupiah, pasport, kahf, Indomie, kamari. Pembahasan tak penting & tak ada hubungannya sama bola. Sebab, bola timnas Malaysia tak ada yang bisa dibahas.",2026-10-08 04:15:38,,0,0
https://www.threads.com/@bungaapiraya/post/DeMqmLcCcu_,DeNaC0-D_6z,threads,latar.putih,,2026-10-08 05:14:13,,0,0
https://www.threads.com/@bungaapiraya/post/DeMqmLcCcu_,DeNbf2FExxP,threads,chzestburen_,sumpah jadi inget abang tukang bakso yang jualan pake sound “bakso kontol bakso kontol”😭,2026-10-08 05:26:55,,0,0
https://www.threads.com/@bungaapiraya/post/DeMqmLcCcu_,DeNef-MEuiz,threads,came.isme,IYA UMPAN KALAH BOLA 🤣🤣,2026-10-08 05:53:09,,0,0
https://www.threads.com/@byshaebibi/post/DeMjSvikqPd,DeMkawikozI,threads,cheunwoo_fanss,Hahhaah bab memaki kita menang,2026-10-07 21:25:38,,13,2
https://www.threads.com/@byshaebibi/post/DeMjSvikqPd,DeMoe6gEzRd,threads,ussernametktau,kita pulak darah pahlawan...pantang dicabar yer,2026-10-07 22:01:09,,44,1
https://www.threads.com/@byshaebibi/post/DeMjSvikqPd,DeMpeAnHbay,threads,nrlyu_i,ni aq dah koyakkan sekoq,2026-10-07 22:09:46,,8,0
https://www.threads.com/@byshaebibi/post/DeMjSvikqPd,DeMp693kiOC,threads,sef.11111,Pagi sore kalian boikot tetap buka dan rame🤣🤣🤣🤣,2026-10-07 22:13:43,,1,0
https://www.threads.com/@byshaebibi/post/DeMjSvikqPd,DeMwxCvmWzA,threads,leeyshaw,Dia menulis dengan yakin lalu dia membaca dengan menangis. Gak papa konoha masih ada title king kong buat kamu,2026-10-07 23:13:32,,8,0
https://www.threads.com/@byshaebibi/post/DeMjSvikqPd,DeNJhlME5Gw,threads,_.aqiera,tau xpe🤣setakat badut sarkas wadidaw ape lah sangat,2026-10-08 02:49:52,,6,0
https://www.threads.com/@byshaebibi/post/DeMjSvikqPd,DeNJxkqE39V,threads,oxlail,"kitanya pulak pantang dicabar tapi baru cuit sikit dorang dah tukar topik berulang kali, jadi bosan macam tengah bergaduh dengan budak ii yang tak dapat icecream",2026-10-08 02:52:03,,0,0
https://www.threads.com/@byshaebibi/post/DeMjSvikqPd,DeNLMX3E1N4,threads,mizuo.str,Israel yang ni ke,2026-10-08 03:04:27,,0,1
https://www.threads.com/@byshaebibi/post/DeMjSvikqPd,DeNLO81E8hH,threads,qizbalqis,Hihang hoheng hanas pun boleh triggered 🤣,2026-10-08 03:04:48,,3,0
https://www.threads.com/@byshaebibi/post/DeMjSvikqPd,DeNNBJjE_IV,threads,karar_universe,"We are top 5 in cyber bully, remember 😭",2026-10-08 03:20:24,,17,0
https://www.threads.com/@byshaebibi/post/DeMjSvikqPd,DeNNru3E6rt,threads,putihmelati30,"sumpah diorang koyak, takde modal nak lawan, diorang edit hina gambar orang, main fizikal. semata mata nak cari topik nak berdebat🤣",2026-10-08 03:26:13,,2,0
https://www.threads.com/@byshaebibi/post/DeMjSvikqPd,DeNQyxpE3RL,threads,4yanqmbeb,Yappings,2026-10-08 03:53:23,,0,0
https://www.threads.com/@byshaebibi/post/DeMjSvikqPd,DeNSz2zk9fh,threads,bqhrey,"Berhubung timnas mereka gak juara AFF, ngga juara Asean Cup, gak lolos piala asia, makanya mereka bahas rupiah, pasport, kahf, Indomie, kamari. Pembahasan tak penting & tak ada hubungannya sama bola. Sebab, bola timnas Malaysia tak ada yang bisa dibahas.",2026-10-08 04:11:01,,0,1
https://www.threads.com/@byshaebibi/post/DeMjSvikqPd,DeNbhABkypi,threads,ssaraaaly_,dorang kalau dah koyak akan play victim and cakap kita ni jahat 😭😭🤣,2026-10-08 05:27:05,,0,0
https://www.threads.com/@byshaebibi/post/DeMjSvikqPd,DeNegZZk32u,threads,mahveen_angel11,"Lisan yang tidak dijaga dapat mendatangkan murka Allah dan menjerumuskan seseorang ke dalam neraka.
Perintah Berkata Baik: Nabi SAW memerintahkan umat Islam agar senantiasa berkata yang baik atau memilih untuk diam jika tidak bisa berkata baik (H.R. Bukhari dan Muslim",2026-10-08 05:53:13,,0,0
https://www.threads.com/@byshaebibi/post/DeMjSvikqPd,DeNeosUks7G,threads,nian.kulas,KOYAK ARTINYA APA KAMPUNGG ???,2026-10-08 05:54:21,,0,0
https://www.threads.com/@byshaebibi/post/DeMjSvikqPd,DeNfGs_k9t8,threads,normalamazlan,Setakat bangang² ni elok diperludahkan jeee...otak bebaiiii nak mampos🤣,2026-10-08 05:58:27,,0,0
https://www.threads.com/@chemurad/post/DeJuFVqiUeX,DeJu0dwkitM,threads,sazlan_sea,"Tk pasti, tp yg sy dgr antara bisnes yg mgkg drop adalah bisnes yg terlalu bergantung pd ai. Sebab beberapa tahun akan datang, orang mgkn dah mula muak dgn ai dan akan lebih cenderung kpd bisnes yg ada human touch dan genuine interaction.",2026-10-06 18:58:48,,8,3
https://www.threads.com/@chemurad/post/DeJuFVqiUeX,DeJv97Lmo9h,threads,adamxr_08,"Nah ade sikit untuk korang, doakan saye murah rezeki dan doakan ibu abah saye sihat 🤲🤲💕",2026-10-06 19:08:50,,0,1
https://www.threads.com/@chemurad/post/DeJuFVqiUeX,DeJxHwNk1BV,threads,hzrayi,"1. Anything business related to E-commerce
2. F&B without proper systems
3. FOMO Business
4. Affiliate (Not a business, tapi ada yang jadikan Affiliate sebagai main income)

Dapat fikir 4 je... Kasi chance la ek👉👈",2026-10-06 19:18:55,,6,2
https://www.threads.com/@chemurad/post/DeJuFVqiUeX,DeJxtZ5Ey6C,threads,farayhan_,Ayam Gepuk,2026-10-06 19:24:03,,1,1
https://www.threads.com/@chemurad/post/DeJuFVqiUeX,DeJx6lbmRhy,threads,emmyhazrulfull,"Kedai pakaian konvensional tanpa jenama/keunikan
Live shopping dan social commerce semakin penting.
Pengguna membandingkan harga dengan mudah.
Kedai fizikal yang hanya bergantung kepada walk-in lebih berisiko.",2026-10-06 19:25:51,,5,0
https://www.threads.com/@chemurad/post/DeJuFVqiUeX,DeJyWf3Eh0I,threads,engkuparlo,Paper printing,2026-10-06 19:29:40,,1,0
https://www.threads.com/@chemurad/post/DeJuFVqiUeX,DeJz3oGkzev,threads,aimanmutalib2,Designer mungkin sebab AI dah ambil alih.,2026-10-06 19:42:55,,1,0
https://www.threads.com/@chemurad/post/DeJuFVqiUeX,DeJ1ewREiAV,threads,kilauan.getb,Pickleball,2026-10-06 19:57:00,,1,0
https://www.threads.com/@chemurad/post/DeJuFVqiUeX,DeJ4TgqD32g,threads,azrulrshad,makanan viral,2026-10-06 20:21:41,,1,0
https://www.threads.com/@chemurad/post/DeJuFVqiUeX,DeJ7KYMmqKE,threads,aifaizal,SME trading product akan habisssss…,2026-10-06 20:46:39,,1,1
https://www.threads.com/@chemurad/post/DeJuFVqiUeX,DeNcgObEuib,threads,bebeads.me,Kahf,2026-10-08 05:35:43,,0,0
https://www.threads.com/@dadddy_zahra/post/DeME49rEtL2,DeMMOtkoBal,threads,marinagebooo,Dad joke sangat,2026-10-07 17:54:16,,24,0
https://www.threads.com/@dadddy_zahra/post/DeME49rEtL2,DeMSEClEges,threads,babyboykenjipanda,awesome joke / pun,2026-10-07 18:45:15,,2,0
https://www.threads.com/@dadddy_zahra/post/DeME49rEtL2,DeMSLQfEtXe,threads,hambikko,Kahf kahf kahf,2026-10-07 18:46:14,,3,0
https://www.threads.com/@dadddy_zahra/post/DeME49rEtL2,DeMTBB0mkZR,threads,chocheyy,Noh…i’m gonna shut u down madafakahf…kahf kahf kahf,2026-10-07 18:53:34,,3,0
https://www.threads.com/@dadddy_zahra/post/DeME49rEtL2,DeMWEw2IzHg,threads,uceeen23__,Semoga makin banyak malay laku macam ni,2026-10-07 19:20:18,,0,1
https://www.threads.com/@dadddy_zahra/post/DeME49rEtL2,DeMYrPvE1mg,threads,novanmasean,kaya bocah,2026-10-07 19:43:01,,1,0
https://www.threads.com/@dadddy_zahra/post/DeME49rEtL2,DeMbE3dkk-I,threads,fressshrcsss,ga ngefek dipihak k,2026-10-07 20:04:00,,0,0
https://www.threads.com/@dadddy_zahra/post/DeME49rEtL2,DeMbmbYE-rH,threads,vicsen85_,KAHF TETAP DI HATI 🥰 😍😘🔥,2026-10-07 20:08:35,,10,6
https://www.threads.com/@dadddy_zahra/post/DeME49rEtL2,DeMdE2ND3Oc,threads,geopa.traz,"Bahasa apa tu bng bab bab yg lengkap lah bab lab bab lab, Balab?",2026-10-07 20:21:28,,0,1
https://www.threads.com/@dadddy_zahra/post/DeME49rEtL2,DeMefHEE6SE,threads,ffyadkitty,"sebenarnya kahf ni baca dia ""kaf"" ke ""kahef"" kr ""kahfi"" ?",2026-10-07 20:33:48,,5,1
https://www.threads.com/@dadddy_zahra/post/DeME49rEtL2,DeMfg-iiWG7,threads,aan.hm,,2026-10-07 20:42:47,,2,1
https://www.threads.com/@dadddy_zahra/post/DeME49rEtL2,DeMf2jhE5oQ,threads,redhoxd,Brand berukkk 😝😝😝,2026-10-07 20:45:44,,0,0
https://www.threads.com/@dadddy_zahra/post/DeME49rEtL2,DeMkgFUH711,threads,its.fiqqq_,"Sekarang ni tengah hangat isu boikot kan? Korang yg masih tak tahu nak beralih ke produk lokal mana? Tengok sini saya ada buatkan list🤗

https://www.threads.com/share/_-qtyPeNU/",2026-10-07 21:26:21,,0,0
https://www.threads.com/@dadddy_zahra/post/DeME49rEtL2,DeMkylRiVoJ,threads,frhx20,Bad lab balas sambil jerit Fack Kahf,2026-10-07 21:28:53,,30,2
https://www.threads.com/@dadddy_zahra/post/DeME49rEtL2,DeMl2Fyk1ZA,threads,curseonzionist,"Black campaign njirrr
Manfaatin situasi utk menjatuhkan kahf
Jelas bgt produk busuknya bad lab sebusuk hati orang nya, cuihhhhhhh",2026-10-07 21:38:06,,0,0
https://www.threads.com/@dadddy_zahra/post/DeME49rEtL2,DeMmTphmQY_,threads,doradahexplorelah,HAHAHHAHAHAH fa kahf laaa,2026-10-07 21:42:08,,1,0
https://www.threads.com/@dadddy_zahra/post/DeME49rEtL2,DeMmovBAWHY,threads,shaynashaqueena,Meong 🥹👉🏻👈🏻,2026-10-07 21:45:01,,0,0
https://www.threads.com/@dadddy_zahra/post/DeME49rEtL2,DeMnA9dCe2N,threads,rhafelochthanto,"Pengen bikin kayak gini, kahf pijak bad lab, tapi gak nemu bad lab dimana-mana. Bad lab gak bisa kah masuk ke Indonesia? 🥲",2026-10-07 21:48:19,,4,5
https://www.threads.com/@dadddy_zahra/post/DeME49rEtL2,DeMn81omafN,threads,1509dpyn,BOCIL BOCIL 🤣🤣🤣🤣,2026-10-07 21:56:30,,0,0
https://www.threads.com/@dadddy_zahra/post/DeME49rEtL2,DeMoKwXDxcz,threads,yangfebyarifin,Ya 🙂‍↕️🙂‍↕️🙂‍↕️ jangan sampai berubah hewan juga mukanya,2026-10-07 21:58:24,,0,0
https://www.threads.com/@dadddy_zahra/post/DeME49rEtL2,DeMosdKj0JO,threads,salsabilaa.qr,"kek anak kecil ah, paansi😔",2026-10-07 22:03:00,,0,0
https://www.threads.com/@dadddy_zahra/post/DeME49rEtL2,DeMo97kAceu,threads,bn_rhllll,,2026-10-07 22:05:23,,0,0
https://www.threads.com/@dadddy_zahra/post/DeME49rEtL2,DeMqOrUjwEN,threads,apan_king_of_bully,"Yelah...kahf tuk manusie
Tak macam ni gambar je macam beruk
Yg pkai psti bukan manusie

Tawa je lah aku 🤣",2026-10-07 22:16:25,,5,2
https://www.threads.com/@dadddy_zahra/post/DeME49rEtL2,DeMqZ_PkyoN,threads,fachrii_rizall1112,"Pantes lah kahf laku orng packagingnya tidak menjual anjir, serem banget itu jyujyur",2026-10-07 22:17:57,,0,0
https://www.threads.com/@dadddy_zahra/post/DeME49rEtL2,DeMsJzFE4SR,threads,rk.ayu_,Hahahah kaya bocah tolol njir,2026-10-07 22:33:13,,0,0
https://www.threads.com/@dadddy_zahra/post/DeME49rEtL2,DeMsTKvH647,threads,djaimax,ambil satu,2026-10-07 22:34:30,,9,1
https://www.threads.com/@dadddy_zahra/post/DeME49rEtL2,DeMtBqgkoAc,threads,satriowidodo94,"Indonesian please mereka cari validasi bgt gausah diurusin, makin lama kelakuannya kayak bocah wkwkwk",2026-10-07 22:40:51,,0,0
https://www.threads.com/@dadddy_zahra/post/DeME49rEtL2,DeMtHB7n0y8,threads,reykanagami,,2026-10-07 22:41:35,,0,1
https://www.threads.com/@dadddy_zahra/post/DeME49rEtL2,DeMtMimI0M2,threads,nialnation08,Sangat Baddddboyyy,2026-10-07 22:42:20,,0,0
https://www.threads.com/@dadddy_zahra/post/DeME49rEtL2,DeMtRuxgddE,threads,rxxqn15,logo nya MONYET AOWKWKWK MUKA KORANG KEK MONYET KEE?,2026-10-07 22:43:02,,1,1
https://www.threads.com/@dadddy_zahra/post/DeME49rEtL2,DeMtqwMj9Ps,threads,_.pemerintah._,"menang merayakan, kalah menghina² 🤭",2026-10-07 22:46:27,,0,0
https://www.threads.com/@dadddy_zahra/post/DeME49rEtL2,DeMvrjRE_nm,threads,yeyeyaaw,"Beberapa bulan kemudian jg balik lg beli Kahf, pundungan bentar doang mereka tu 🤪😙",2026-10-07 23:04:03,,0,0
https://www.threads.com/@dadddy_zahra/post/DeME49rEtL2,DeMvxlfCY-q,threads,hidup.kadangg.kiddinggg,hahah boikot beberapa orang ajaa ngaruh apa dengan negara seluas samudra ini?,2026-10-07 23:04:52,,0,0
https://www.threads.com/@dadddy_zahra/post/DeME49rEtL2,DeMv7ZimRMM,threads,mrsaifullah_official,Hahhahaha...antara banyak2 thread...ni paling win bang!!! Maka kami🇲🇾,2026-10-07 23:06:12,,4,0
https://www.threads.com/@dadddy_zahra/post/DeME49rEtL2,DeMxtCTEhoW,threads,knownasnaraa,gambar tu dahla hewan ya untuk hewan,2026-10-07 23:21:43,,0,0
https://www.threads.com/@dadddy_zahra/post/DeME49rEtL2,DeMx9IsGXbp,threads,_norsyaaaaa,😂,2026-10-07 23:23:55,,0,0
https://www.threads.com/@dadddy_zahra/post/DeME49rEtL2,DeMzIOIGpfj,threads,yakyeayy00,kahf ke faqof,2026-10-07 23:34:10,,0,0
https://www.threads.com/@dadddy_zahra/post/DeME49rEtL2,DeMzMGrgcn3,threads,mnrkim_,lalu kahf pon berkata :,2026-10-07 23:34:42,,4,0
https://www.threads.com/@dadddy_zahra/post/DeME49rEtL2,DeMzt08CaZC,threads,bellabngaa,"caper, kahf jg kga peduli kalee",2026-10-07 23:39:18,,0,0
https://www.threads.com/@dadddy_zahra/post/DeME49rEtL2,DeMzzvhEwuo,threads,nandaoktfr,"u Keren si dadduyyy, i sampe takjub sih sama pola pikir nya, masih bisa murni belum ternodai logika dan pengetahuan🥹🥹🥹🫶🏻🫶🏻luvluvv",2026-10-07 23:40:07,,0,0
https://www.threads.com/@dadddy_zahra/post/DeME49rEtL2,DeMz52Ok4-J,threads,msfisyaaa,😭🤣🤣🤣,2026-10-07 23:40:57,,0,0
https://www.threads.com/@dadddy_zahra/post/DeME49rEtL2,DeMz_wymr6M,threads,hhnaekml,batuk ke gelak ni?,2026-10-07 23:41:45,,1,0
https://www.threads.com/@dadddy_zahra/post/DeME49rEtL2,DeM1HAyEqsM,threads,nolanfall_,kau yang beli kau yang pijak😂,2026-10-07 23:51:29,,0,0
https://www.threads.com/@dadddy_zahra/post/DeME49rEtL2,DeM1IUbD3wb,threads,fbryyyy7,"wkwkwk apa sih, kau buang begini kau yang rugi krn sdh beli😂 pihak kahf gak bakal ngaruh, mereka company besar ekspansi bukan hanya ke MY, tp ke brunei dan spore. list sini produk malay yg masuk ke indo apa aja, krn yg aku tahu cmn petronas, Mr DIY, Milo itupun peminat kurang krn banyak produk lokal yg mampu bersaing☺️",2026-10-07 23:51:40,,0,0
https://www.threads.com/@dadddy_zahra/post/DeME49rEtL2,DeM1VPQCR9c,threads,luv.fi.a_96,"Ya memang khaf tuk manusie, haiwan tak nak lah cukup pkai produk sesuai",2026-10-07 23:53:26,,1,0
https://www.threads.com/@dadddy_zahra/post/DeME49rEtL2,DeM3rITEgdz,threads,free.bin.bebas,"Lucu nyeeee, coba dibikin wayang pake narasi betumbuk trus yang kalah kahf",2026-10-08 00:13:53,,0,0
https://www.threads.com/@dadddy_zahra/post/DeME49rEtL2,DeM4REaE1g6,threads,chrbmlsm,oh so we are playing soldiers now 😭,2026-10-08 00:19:04,,0,0
https://www.threads.com/@dadddy_zahra/post/DeME49rEtL2,DeM4uRrkpaB,threads,aiinajihae,GSHAHAHA,2026-10-08 00:23:03,,0,0
https://www.threads.com/@dadddy_zahra/post/DeME49rEtL2,DeM5UPTHRfQ,threads,fxthru,sorry but i found this funny🤣🤣🤣,2026-10-08 00:28:14,,0,0
https://www.threads.com/@dadddy_zahra/post/DeME49rEtL2,DeNEGOAEhFY,threads,dadddy_zahra,Chill guys..gue bercanda aja...gacorrrr chuyyyy!! 😀,2026-10-08 02:02:27,,4,0
https://www.threads.com/@dayatpilianggg/post/DeMP6nKGow7,DeMQjCKnzg5,threads,yongki_bank,"Yasss
Memang mereka lagi cari samsak aja karena masih emosi masalah bola dan jerebu",2026-10-07 18:32:00,,0,1
https://www.threads.com/@dayatpilianggg/post/DeMP6nKGow7,DeMQ6RVj19u,threads,lq__mn,haah tersinggung bang. kenapa ada masalah hahaha. babi betul lah hari2 nak sedut udara penuh jerebu. memang ujian betul duduk berjiran dengan negara kau bang. memang sial,2026-10-07 18:35:10,,10,1
https://www.threads.com/@dayatpilianggg/post/DeMP6nKGow7,DeMRRiSj6N4,threads,aoelindriani,"ya sial memang gaada di kalender, tapi aku yakin 99% malaysia kalau menang pasti bikin meme begitu juga😔🙏 karna memang kalau konteks bola pasti ada aja yg bikin meme begitu.

cuma karna ini brand besar yang up, jadinya boomerang wkwkwkwk. harusnya akun bola aja yang up meme begitu",2026-10-07 18:38:21,,17,2
https://www.threads.com/@dayatpilianggg/post/DeMP6nKGow7,DeMR9SMiWXL,threads,pacitanku,"Justru karena lagi sensitif harusnya lebih aware bawain becandaan.

Kecuali dia akun bola. Soalnya kao liat jokes nya, banyak yang lebih offensive",2026-10-07 18:44:19,,12,1
https://www.threads.com/@dayatpilianggg/post/DeMP6nKGow7,DeMetRylMJd,threads,funloving_honey,Yeah right. Bergurau??,2026-10-07 20:35:44,,0,0
https://www.threads.com/@dayatpilianggg/post/DeMP6nKGow7,DeMgvDKlM9K,threads,yahiko5731,,2026-10-07 20:53:27,,0,0
https://www.threads.com/@dayatpilianggg/post/DeMP6nKGow7,DeMhiY8FDQK,threads,mimaafitrianaad,"meme modelan kayak gitu emang sering digunain sebenernya, konteksnya ya cuma buat lucu2an aja, tapi utk sekarang waktunya kurang pas kali ya dan tetangga sebelah lg sensitif makanya terlalu dilebih-lebihkan, mungkin jadi pelajaran juga buat admin para brand lainnya posting2 meme boleh bgt ko apalg warga indo ini punya selera humor yg another level, tapi kalau bersangkutan sama negara lain ya dipikirkan scr mateng2 dulu",2026-10-07 21:00:27,,3,2
https://www.threads.com/@dayatpilianggg/post/DeMP6nKGow7,DeMh2FGksRs,threads,badrunramli,"Mungkin anda lupa apa maksud “Professionalism”. Brand yang cari makan di negara orang tak amalkan professionalisme, itu la perbuatan berlebihan yang sebenar.",2026-10-07 21:03:09,,4,0
https://www.threads.com/@dayatpilianggg/post/DeMP6nKGow7,DeMiPedkpEa,threads,faiqh_ainia,"Sebelum kahf posting itu,warga jiran juga sudah menyuarakan boikot produk indo.indomie dan beberapa produk lain yang gak posting apa2 juga diboikot.intinya mereka benci indo,jadi apa yang berhubungan dengan indo akan di benci dan jelek dimata mereka🙏cinta dan benci itu buta",2026-10-07 21:06:37,,2,3
https://www.threads.com/@dayatpilianggg/post/DeMP6nKGow7,DeMiqWdlMP0,threads,fixyz.t,candaan giliran dibalas malah meroyan bodoh,2026-10-07 21:10:17,,2,0
https://www.threads.com/@dayatpilianggg/post/DeMP6nKGow7,DeMirAyD_9Z,threads,sunnyfars_,"terlalu baperr kakk, padahal threads sekarang terutama dari brand-brand sukaa bawa keasbunanya masing-masingg, justru di Indo dah jadi hal yang seruu buat di ikutin",2026-10-07 21:10:22,,4,0
https://www.threads.com/@dayatpilianggg/post/DeMP6nKGow7,DeMkyLzAW3L,threads,8secret_anonim8,"Soalnya ni Malay gegara gak lolos final, udah macam org mau mens. Ngamok sana sini ga jelas.",2026-10-07 21:28:50,,1,1
https://www.threads.com/@dayatpilianggg/post/DeMP6nKGow7,DeMl-qzI5t-,threads,farhanbh96,"besok² gausah diajak main, suruh main sama bayangan aja.",2026-10-07 21:39:16,,0,0
https://www.threads.com/@dayatpilianggg/post/DeMP6nKGow7,DeMmqmGn3I7,threads,antonywicaksonoo,"setuju tapi disatu sisi paham juga pov suporter malaysia, karena gua ngalamin sendiri waktu MU dibantai Liverpool 7-0 inget banget ngeliat timeline X banyak brand yang SI BOLA ikutan ngetroll MU waktu itu literally gua katain sok asik semuanya wkwk.

In the end, that's just football life on social media. You mock your rivals when you win, and you take the heat when you lose, even if it's from a corporate brand 😂",2026-10-07 21:45:16,,0,0
https://www.threads.com/@dayatpilianggg/post/DeMP6nKGow7,DeMnBJaks4U,threads,msperdana,Anak sosmed kahf kena mental.. 🤭,2026-10-07 21:48:21,,0,0
https://www.threads.com/@dayatpilianggg/post/DeMP6nKGow7,DeMp6iOFLwe,threads,helminoer12,Betul banget. Agak aneh emang pas liat reaksi orang seberang tentang hal ini. Apa mereka gapernah bercanda seumur hidupnya ?,2026-10-07 22:13:40,,9,1
https://www.threads.com/@dayatpilianggg/post/DeMP6nKGow7,DeMsStAAXJl,threads,edi.susanto.16,"Emang tipikal orang Sono suka mematikan produk luar terutama asal indo, dg berbagai cara. Bahkan cara kotor dan kampungan, terlebih memanfaatkan situasi yg menghangat akhir2 ini.. polanya sdh sangat jelas",2026-10-07 22:34:26,,0,3
https://www.threads.com/@dayatpilianggg/post/DeMP6nKGow7,DeMsxiZjx8a,threads,setiawangandy,"candaan ya jgn ga terima kalo org marah,

masih bagus satu bendera yg protes kalo sisanya ikut rame gmn becandanya? @kahfeveryday",2026-10-07 22:38:39,,2,0
https://www.threads.com/@dayatpilianggg/post/DeMP6nKGow7,DeMt2pfo93f,threads,suprian_syahriza,"Pernah terpikir tidak ini itu termasuk “Politik Marketing” secara logika,Admin Brand besar itu bukan orang sembarangan dalam sebuah Tim.
Pasti orang yg berpengaruh atau orang yg sudah layak.
Dalam pikiran saya ini bukan sekedar “Blunder” semata.
ada Pasar sebenarnya yg mereka lirik,kita tunggu kisah selanjutnya.",2026-10-07 22:48:05,,1,0
https://www.threads.com/@dayatpilianggg/post/DeMP6nKGow7,DeMvVCak4it,threads,jammmmmmmiiiiiii,Tp bagi I Kahf tidak rugi apapun. Market kami terlalu kecil dibandingkan dgn Indo. So i think Kahf will be just fine staying in Indo market.,2026-10-07 23:00:58,,6,0
https://www.threads.com/@dayatpilianggg/post/DeMP6nKGow7,DeMyC9YE6f5,threads,rania_juni,Mereka lebih biadap buat bendera kita dan pahlawan kita begitu,2026-10-07 23:24:43,,1,2
https://www.threads.com/@dayatpilianggg/post/DeMP6nKGow7,DeMzfkiH01p,threads,iamfahmemo,akaun peribadi sama akaun bisnez kena bezakan dulu.,2026-10-07 23:37:22,,0,0
https://www.threads.com/@dayatpilianggg/post/DeMP6nKGow7,DeM1O7dE0qM,threads,syonoig,"Nggak lah. Klo itu diposting akun pribadi ya gak masalah, tapi kalau aku resmi brand yang posting ya gaj perlu dan gak etis.",2026-10-07 23:52:34,,0,0
https://www.threads.com/@dayatpilianggg/post/DeMP6nKGow7,DeM1yz6Cb5L,threads,yusryepoh,,2026-10-07 23:57:28,,0,0
https://www.threads.com/@dayatpilianggg/post/DeMP6nKGow7,DeM3nk2if4Z,threads,mfmn1114,"Tak salah untuk meraikan kemenangan, tetapi perlu ke ia dilakukan dengan cara yang dilihat seperti memperlekehkan bendera negara lain? Bagi saya, ada perbezaan antara meraikan kejayaan sendiri dengan menjadikan simbol negara lain sebagai bahan untuk sindiran atau perbandingan yang boleh dianggap merendahkan.",2026-10-08 00:13:24,,0,1
https://www.threads.com/@dayatpilianggg/post/DeMP6nKGow7,DeM3rIlEz5F,threads,yeyeyaaw,"Lagian udah tau disono lg panas, makin disiram bensin bjir😭",2026-10-08 00:13:53,,0,0
https://www.threads.com/@dayatpilianggg/post/DeMP6nKGow7,DeM5G3OEhDM,threads,indigos_01,Rakyat malaysia kan besar kabupaten je lek ah. Boycot your product dont effect anything kan .,2026-10-08 00:26:25,,0,0
https://www.threads.com/@dayatpilianggg/post/DeMP6nKGow7,DeM93ank2Gi,threads,koyakkederrr,,2026-10-08 01:08:00,,0,0
https://www.threads.com/@dayatpilianggg/post/DeMP6nKGow7,DeM_4WrD1mh,threads,kokdiangsyndrome,"Ya ya, Negara paling kuat menjaga emosi dalam bolasepak adalah Indonesia bukan ? Negara paling ""chill"" kalau di""banter"" adalah Indonesia. Negara paling jaguh menjaga emosi adalah Indonesia 💪🏻🔥🔥🔥🔥 sampai ada korban nyawa , banter aja dongggggg",2026-10-08 01:25:36,,0,0
https://www.threads.com/@dayatpilianggg/post/DeMP6nKGow7,DeNAe8fk0RB,threads,harris_hamili,mcm mane dengan petronas kene boikot di indonesia??,2026-10-08 01:30:52,,0,0
https://www.threads.com/@dayatpilianggg/post/DeMP6nKGow7,DeNArIRAWB_,threads,iron_maiden36,Bencanda edit gambar raja kami?,2026-10-08 01:32:32,,0,0
https://www.threads.com/@dayatpilianggg/post/DeMP6nKGow7,DeNDk35Ez8p,threads,whatshukriesaid,"Semuanya normal bagi engkau, sampailah engkau balik yang kena macam tu. Bila kena batang hidung korang sendiri, pandai pula nak marah.",2026-10-08 01:57:54,,0,0
https://www.threads.com/@dayatpilianggg/post/DeMP6nKGow7,DeNFyoWEue5,threads,el.mondlondon,"dia ibarat mcmni lah, kau ada kawan yng suka rendah2 kan kau, then kau gaduh dengan dia sebab kau sakit hati dgn dia yang rendahkan kau.

then tetiba, ada yang lain attack kau sebab sakit hati dengan kawan yang merendahkan INSTEAD OF attack kawan kau yang MERENDAHKAN KAU tu. rasa fair tak? suruh orang lain utk jangan sakit hati? sedangkan kau sendiri merendahkan orang?

ni logik paling simple dah aku bagi ni, kalau ada yang spin/ takpaham jugak, memang benak dan otak zero",2026-10-08 02:17:15,,0,0
https://www.threads.com/@dayatpilianggg/post/DeMP6nKGow7,DeNPOo1E0TW,threads,ucapan_seorang_pendosa,,2026-10-08 03:39:43,,0,0
https://www.threads.com/@dayatpilianggg/post/DeMP6nKGow7,DeNRSy0k-4h,threads,jellypastaa,"dulu di platform sebelah ada yang pernah posting “how to be a creator nowadays”, dan salah satu poinnya kurang lebih begini:

“kalau kamu mau posting sesuatu dan menurutmu itu keren, ingat bahwa postingan tersebut bisa disalahartikan 20 kali lebih banyak dari yang kamu bayangkan”

artinya, selain kita memang harus semakin hati-hati dalam membagikan sesuatu, kita juga perlu menerima satu kenyataan tentang internet: apa pun yang kita posting berpotensi ditafsirkan berbeda dari maksud awal.",2026-10-08 03:57:46,,18,1
https://www.threads.com/@dayatpilianggg/post/DeMP6nKGow7,DeNTD0Pk3df,threads,semutsado,"iya bang betul namanya orang memang tidak boleh ditebak. sebab tulah sebagai brand yang international kena menjaga imej dan nama dengan lebih berhati hati.Pengajarannya if nak buat meme, JANGAN sentuh sensitiviti AGAMA, BANGSA & NEGARA karena your customers bukan temen nongkrong kamu. ditambah lagi dengn isu jerebu, ianya ibarat mencurah minyak ke dalam api.",2026-10-08 04:13:12,,1,0
https://www.threads.com/@dayatpilianggg/post/DeMP6nKGow7,DeNVm5oExnQ,threads,hitsfavo,Ya emng sebelah Sono lebay klo hujat caci maki udh paling waham sombong nya tp klo dia yg sensi udh brasa paling terzolimi..liat aja cm negara mrk yg bereaksi negara lain chill aja🤭seringan mrk banding2in ngerendahin cm beda mental sm org indo kebal Dan bodo amat 😅,2026-10-08 04:35:27,,0,0
https://www.threads.com/@dayatpilianggg/post/DeMP6nKGow7,DeNaDbkDzjs,threads,cahyosetiadir,"Sebelumnya sudah ada postingan yang sangat jahat, penghinaan terhadap Tun Hasmah Allahyarhamah. Jadinya begitu...",2026-10-08 05:14:18,,0,0
https://www.threads.com/@dayatpilianggg/post/DeMP6nKGow7,DeNckQPk5VA,threads,ekokuuuu,"Udah tau Malaysia lagi kalah. Orang lagi kalah tuh bakal nyari kambing hitam, apalagi sikut2an sama Indonesia udah jadi acara tahunan 🤣

Supporter Indonesia aja kalo Indonesia kalah pemain timnas kena sumpah serapah, yang gk ada kaitannya bisa kena. Apalagi lintas negara dan punya riwayat panjang. Dulu Elkan gk ngapa2in aja sampe dihujat habis2an. Untung aja dia masih cinta sama Indonesia.",2026-10-08 05:36:16,,0,0
https://www.threads.com/@dayatpilianggg/post/DeMP6nKGow7,DeNdy9XAWzd,threads,cikyuah,Bercanda tak kena masa. Raskn,2026-10-08 05:47:01,,0,0
https://www.threads.com/@dayatpilianggg/post/DeMP6nKGow7,DeNeqBNE2GP,threads,gavin_aozora,Bercandaan sama org2 yg punya anger issues emng susah sih … jokes org Indo itu ga nyampe ke mereka yg mudah meledak2 …,2026-10-08 05:54:32,,0,0
https://www.threads.com/@dayatpilianggg/post/DeMP6nKGow7,DeNfgLukzGK,threads,after_digimag,Brand segede gaban gitu masa iya pake gimmick marketing kek gitu? Ini jelas off banget lag,2026-10-08 06:01:55,,0,0
https://www.threads.com/@dayatpilianggg/post/DeMP6nKGow7,DeNg5YcAUWP,threads,tuan_zamri,"Kami negara kecil. Kalian negara besar. Diboikot negara kecil tidak beri kesan besar kan? Jadi santai aja ya. Nggak perlu utas itu ini. Biar kami boikot brand yg satu ini sehingga melingkup, sama seperti kami boikot Starbucks juga.",2026-10-08 06:14:06,,0,0
https://www.threads.com/@dzack_ko/post/DeLMHZ0E5uz,DeLNp5iElM8,threads,lbizard,Abis ini dipungut lagi ke?,2026-10-07 08:47:29,,10,4
https://www.threads.com/@dzack_ko/post/DeLMHZ0E5uz,DeLNzwMGOHT,threads,fazrulanuar,jangan ambek semula dari bakul sampah tu pulak. hahaha,2026-10-07 08:48:50,,13,2
https://www.threads.com/@dzack_ko/post/DeLMHZ0E5uz,DeLOK9zHXCV,threads,littleaei,Manteppp lepas ni support local pula bang.,2026-10-07 08:52:00,,3,0
https://www.threads.com/@dzack_ko/post/DeLMHZ0E5uz,DeLPJgtktdh,threads,ezny93,Good job ❤️Malaysia,2026-10-07 09:00:32,,4,0
https://www.threads.com/@dzack_ko/post/DeLMHZ0E5uz,DeLRODGEyza,threads,nothing7change_,I hope u kekal boikot bro as warganegara Malaysia yg ada jati diri🫡jgn support barang yg hina negara kita,2026-10-07 09:18:38,,359,0
https://www.threads.com/@dzack_ko/post/DeLNPymE-xz,DeLSsWhgojf,threads,dr.omaryunos,Ni betul tak bagi chance eh,2026-10-07 09:31:30,,1,0
https://www.threads.com/@dzack_ko/post/DeLNPymE-xz,DeLVeJ-E4PD,threads,aku.padamu79,Halah habis buat video trus diambil lagi🤣🤣🤣🤣😜😜😜😜,2026-10-07 09:55:47,,5,2
https://www.threads.com/@dzack_ko/post/DeLNPymE-xz,DeLVaaVEnoz,threads,arsamanggala,Habis itu kembalikan ke tempat semula ya dek... 😄👍,2026-10-07 09:57:18,,2,3
https://www.threads.com/@dzack_ko/post/DeLNPymE-xz,DeLXnhUn0BZ,threads,rienz.n.a,Ni mmg pengguna tegar product kahf ke cemana? Byk gilerr dok ada kt rmh..,2026-10-07 10:14:32,,0,1
https://www.threads.com/@eddyhid/post/DeMYNpImIeR,DeMaa8blO45,threads,beebee_ns,jgn dibukak live dorg. block je terus.,2026-10-07 19:58:16,,0,1
https://www.threads.com/@eddyhid/post/DeMYNpImIeR,DeMbXbPk8yU,threads,evolwithlovi,"Ada seruan boycott produk kafh dari Malaysia, tp tak de effect. Penduduk Malaysia kecil ke, hanya 35jt. Kafh kena sokong sama customer Indonesia 280 juta captive market.

Bahkan tak de produk Malaysia yg dikenal di Indonesia kecuali Siti Nurhaliza. Apa yang boleh Malaysia buat?

BELACAN JE",2026-10-07 20:06:32,,1,8
https://www.threads.com/@eddyhid/post/DeMYNpImIeR,DeMbe9BCRy7,threads,gksmdan,takutnyee 😩,2026-10-07 20:07:34,,0,0
https://www.threads.com/@eddyhid/post/DeMYNpImIeR,DeMcOpAIOt2,threads,deanna.ujg,Takde sale kot hahah,2026-10-07 20:14:04,,0,0
https://www.threads.com/@eddyhid/post/DeMYNpImIeR,DeMccnwk4pM,threads,hadwan_hafiz,Ga di respon 😂,2026-10-07 20:17:01,,1,0
https://www.threads.com/@eddyhid/post/DeMYNpImIeR,DeMdB0dkmYm,threads,fressshrcsss,ga ngefek klo di indo mah🤡,2026-10-07 20:21:04,,1,0
https://www.threads.com/@eddyhid/post/DeMYNpImIeR,DeMeCDfI6A_,threads,jue_0291,gila2 netizen bt keja..nk trgelak pun ada wei. rasain loh. bertubi2 kena non stop. mcm iran tibai israel non stop.,2026-10-07 20:29:50,,3,0
https://www.threads.com/@eddyhid/post/DeMYNpImIeR,DeMeTGeGnxm,threads,vivin_187,Jangan bodoh itu tandanya algoritma Indonesia lebih kuat. Dan pengguna market kaum Malaysia banyak ke product Indonesia mangkanya selalu masuk ke market place mu tolol😆🤭,2026-10-07 20:32:09,,1,3
https://www.threads.com/@eddyhid/post/DeMYNpImIeR,DeMeg7KGlSg,threads,merimeriwijayati,👮🏻‍♀️👮🏻‍♀️,2026-10-07 20:34:03,,0,0
https://www.threads.com/@eddyhid/post/DeMYNpImIeR,DeMeliOmoDb,threads,merimeriwijayati,👮🏻‍♀️ TNI,2026-10-07 20:34:40,,0,0
https://www.threads.com/@eddyhid/post/DeMYNpImIeR,DeMgUOmGKQd,threads,adhddimaginative45,"Kena ingat tau rakyat Malaysia ni sangat loyal KALAU DIA SUKA BRAND KAU DORANG AKAN PAKAI, SHARE DENGAN ORANG LAIN SUPAYA DORANG BELI JUGA, KALAU DIA TAK SUKA AND MENYAMPAH YOU ARE FINISH SEBAB BOIKOT DI MALAYSIA SANGAT II PARAH YA BOLEH TENGOK MCMNA BRAND II SUPPORT ISRAEL TU MERANA SEKARANG SBB TAK DAPAT CONQUER MARKET MALAYSIA DAH",2026-10-07 20:49:47,,3,0
https://www.threads.com/@eddyhid/post/DeMYNpImIeR,DeMg1qakv4L,threads,khatergy_,Yang nonton cuma 200 ekor.. coba kalau dibalik.. pasti tembus ribuan😆,2026-10-07 20:54:21,,0,0
https://www.threads.com/@eddyhid/post/DeMYNpImIeR,DeMiM25k6mk,threads,enxik_uda12,Terbaca komen CkNgahh dalam live tu. Memang padu kak. 🤣🤣🤣🤣,2026-10-07 21:06:15,,8,0
https://www.threads.com/@eddyhid/post/DeMYNpImIeR,DeMkcWnE0M-,threads,sahabatmeow17,Beda beda level katanya. Boikot kahf. Kita support yg fitri yahya review pulak https://s.shopee.com.my/4VdNYt5e1E,2026-10-07 21:25:51,,2,0
https://www.threads.com/@eddyhid/post/DeMYNpImIeR,DeMk12NCRkD,threads,aizathafiez,Nampak usaha kita dah berkesan.. dalam 1 hari mereka sudah koyak… teruskan guys !!!!!!,2026-10-07 21:29:20,,0,0
https://www.threads.com/@eddyhid/post/DeMYNpImIeR,DeMoyzrHz3j,threads,kimgyumin_97,"Minimal pake bahasa sendiri dong, kok niru2 bahasa gaul orang indo 🤡🤡🤡 klo boycott tuh harus totalitas 🐒🐒🐒",2026-10-07 22:03:52,,0,0
https://www.threads.com/@eddyhid/post/DeMYNpImIeR,DeNdeiNku_S,threads,hasnul.izam,kene kekah 🤣🤣🤣🤣🤣,2026-10-08 05:44:13,,0,0
https://www.threads.com/@evolwithlovi/post/DeLGIh6E159,DeLGjabk_wk,threads,lil.ju33,Eleh dri kecil kau tngok apa? Upin ipin kan? Klau x manala kau jadi orng skrng,2026-10-07 07:45:26,,9,6
https://www.threads.com/@evolwithlovi/post/DeLGIh6E159,DeLG8zQEvYk,threads,andhika_nanda,Boikot produk Malaysia...,2026-10-07 07:48:54,,0,2
https://www.threads.com/@evolwithlovi/post/DeLGIh6E159,DeLKW1ck4tx,threads,frq_supernova88,Memang la malaysia tak banyak hantar produk ke sana kau tengok la currency kau berapa...ape la bengap kau ni...ade market ke..korang mampu ke...produk malaysia ni banyak ke usa ke singapore n negara arab yang currency dia sepadan..takkan benda mahal kt malaysia nk jual murah kt negara kau..,2026-10-07 08:18:40,,12,1
https://www.threads.com/@evolwithlovi/post/DeLGIh6E159,DeLOlJjk8Eb,threads,slipernet,Jan lupa UPIN IPIN itu produk yang kita beli juga wkwk,2026-10-07 08:55:34,,0,0
https://www.threads.com/@evolwithlovi/post/DeLGIh6E159,DeLPJn8j4-y,threads,zolamyyy,@meta.ai berapa secara kasar average keuntungan kahf jual kat malaysia,2026-10-07 09:00:33,,0,2
https://www.threads.com/@evolwithlovi/post/DeLGM1SkwLv,DeLH6kfk3Lz,threads,moonneedsportbike04,Persoalan nya 280jt semua beli ke bang? Sbb nmpak bangga sangat dgn 280jt,2026-10-07 07:57:20,,37,5
https://www.threads.com/@evolwithlovi/post/DeLGM1SkwLv,DeLIMpOk05u,threads,m_azmanr,"On the bright side meaning produk malaysia boleh survive tak masuk langsung market diorang, meanwhile produk indon terhegeh2 nak masuk malaysia kembangkan bisnes. Tengok je la apa jadi kesan boikot indon ni.",2026-10-07 07:59:48,,2,0
https://www.threads.com/@evolwithlovi/post/DeLGM1SkwLv,DeLIgb7ky1S,threads,shahrilfiq,Yg kau pegi DIY tu pebende barua,2026-10-07 08:02:30,,0,0
https://www.threads.com/@evolwithlovi/post/DeLGM1SkwLv,DeLIj18j9e9,threads,faisal.shokri,,2026-10-07 08:02:58,,1,0
https://www.threads.com/@evolwithlovi/post/DeLGM1SkwLv,DeLIrmmjw1A,threads,eddyhid,Lain kali x payah masuk market Malaysia & Singapore..jual jer kat Indon tu..,2026-10-07 08:04:01,,1,0
https://www.threads.com/@farhnqzer/post/DeMXKl7CdY2,DeMXPnXCez_,threads,farhnqzer,BOIKOT EIGER BOIKOT PRODUCT INDONESIA,2026-10-07 19:30:31,,4,1
https://www.threads.com/@farhnqzer/post/DeMXKl7CdY2,DeMf0BYGgHP,threads,nayyaraphotography,"jadi selama ini kalian gunakan produk indonesia, negara yang katanya paspor kuat dan IQ tinggi, gk punya produk untuk di gunakan warganya, ternyata negara miskin cuuuiihhhhh🤪🤪🤪",2026-10-07 20:45:23,,6,3
https://www.threads.com/@farhnqzer/post/DeMXKl7CdY2,DeMlHGbGi_O,threads,lindalbs11,BOIKOT WALID 😎,2026-10-07 21:31:41,,0,1
https://www.threads.com/@farhnqzer/post/DeMXKl7CdY2,DeMm5Xxo7-B,threads,anti_sawit_monokultur,"Tololll,,, mentolol apa hubungannya eiger sampai diboikot ketahuan tolol nya memang asli kalian ni",2026-10-07 21:47:17,,0,0
https://www.threads.com/@farhnqzer/post/DeMXKl7CdY2,DeMqfFdEkbL,threads,beauver_bebe,"I hampir nak ter check out semalam, pastu g gugel terus tak jadi",2026-10-07 22:18:39,,3,1
https://www.threads.com/@farhnqzer/post/DeMXKl7CdY2,DeMtqQtjwA0,threads,andiaurin_,Nih ka list'a sekalian,2026-10-07 22:46:23,,2,0
https://www.threads.com/@farhnqzer/post/DeMXKl7CdY2,DeMttEJj1BK,threads,andiaurin_,,2026-10-07 22:46:46,,0,0
https://www.threads.com/@farhnqzer/post/DeMXKl7CdY2,DeMwHpvmDpZ,threads,dablemeaning,eiger xpnah dgr pon..,2026-10-07 23:07:53,,1,1
https://www.threads.com/@farhnqzer/post/DeMXKl7CdY2,DeMxCKfmf-B,threads,ginaabahia,Ketahuan pake produk indo semua yaa,2026-10-07 23:15:52,,1,1
https://www.threads.com/@farhnqzer/post/DeMXKl7CdY2,DeM22Vkkn3y,threads,lilya_leesa,JOMM BOIKOT,2026-10-08 00:06:41,,2,0
https://www.threads.com/@farhnqzer/post/DeMXKl7CdY2,DeM73ILk8Y8,threads,cappuchin_do,Perkara bola 🤣,2026-10-08 00:50:29,,0,0
https://www.threads.com/@farhnqzer/post/DeMXKl7CdY2,DeM9l8kkjnL,threads,faqihshofiyanto,Jangan lupa produk zionis nya makcik🥴,2026-10-08 01:05:37,,3,1
https://www.threads.com/@farhnqzer/post/DeMXKl7CdY2,DeNF2mGk2Eo,threads,ash_dinz,Ortueseight pn sama,2026-10-08 02:17:47,,0,1
https://www.threads.com/@farhnqzer/post/DeMXKl7CdY2,DeNJKXCE9Kc,threads,awasada.samid,KAMI TIDAK AKAN GENTAR SEKALIPUN,2026-10-08 02:52:20,,1,0
https://www.threads.com/@farhnqzer/post/DeMXKl7CdY2,DeNKANgE28O,threads,hny_kamoe,Kalah maen bola tantrumnya kemana mana ck ck ck,2026-10-08 02:54:03,,6,0
https://www.threads.com/@farhnqzer/post/DeMXKl7CdY2,DeNNlKSExo2,threads,kycxa_di,Silakan,2026-10-08 03:25:19,,0,0
https://www.threads.com/@farhnqzer/post/DeMXKl7CdY2,DeNN478k1fz,threads,matthias_von_her,"Yg salah kahf, kok merembet ke produk lain yg ga ada berbuat apa-apa, aneh bgt, katanya sdm berkualitas tinggi, ternyata kelakuan kalian sama aja gada bedanya dg warga konoha yg kalian bilang iq rendah",2026-10-08 03:28:01,,0,1
https://www.threads.com/@farhnqzer/post/DeMXKl7CdY2,DeNTXe4E0g8,threads,bertanya365,lagu Negaraku juga ciptaan orang indonesia. ga usah dinyanyikan ya 🤣,2026-10-08 04:15:53,,0,0
https://www.threads.com/@farhnqzer/post/DeMXKl7CdY2,DeNTmyFE6Vz,threads,rahmaddsaputraa,Boycot atau miskin tak de duit?🤣🤣🤣,2026-10-08 04:17:58,,0,0
https://www.threads.com/@farhnqzer/post/DeMXKl7CdY2,DeNTs_BExkY,threads,mijaaaaaaaaaaa_,Yang penting masuk final 🫠,2026-10-08 04:18:49,,0,0
https://www.threads.com/@farhnqzer/post/DeMXKl7CdY2,DeNUXQnk4rB,threads,rakhaaxx,"Wkwkwkw tantrumnya ampe boikot eiger, lucu bgt malaysia hahaha",2026-10-08 04:24:35,,0,0
https://www.threads.com/@farhnqzer/post/DeMXKl7CdY2,DeNZKy5k42_,threads,lbizard,Perasaan kemarin kita cuma say war tentang bola deh. Apa di sana memang segitu beratnya kah tekanan hidup. Sampai tantrumnya melebar kemana-mana.,2026-10-08 05:06:34,,0,0
https://www.threads.com/@farhnqzer/post/DeMXKl7CdY2,DeNZQrdEz4X,threads,jatmikohadi,"Gas, boikot penduduk kalian cuma sekabupaten kalo diindo... Dikit",2026-10-08 05:07:23,,0,0
https://www.threads.com/@farhnqzer/post/DeMXKl7CdY2,DeNaa6VkpNj,threads,donmuii,Tak usah besar mulutmu! Boykot batubara Indonesia🙌🏽,2026-10-08 05:17:31,,0,0
https://www.threads.com/@farhnqzer/post/DeMXKl7CdY2,DeNdbXrEgAc,threads,geekgadgetindo,"Bener2 speechless tengok perangai Msian nih lah. Kalah bola sepak sibuk bahas lain pasal.
Ga kebayang Msian masuk piala dunia, tiap kalah semua produk kena boikot 😂",2026-10-08 05:43:47,,0,0
https://www.threads.com/@farhnqzer/post/DeMXKl7CdY2,DeNeEYnkrks,threads,dede_sasasaaa,Ogah,2026-10-08 05:49:23,,0,0
https://www.threads.com/@farhnqzer/post/DeMXKl7CdY2,DeNemkPEieN,threads,jaticpp,"Ya boikot lah, kebnyakan nyenyenyenye",2026-10-08 05:54:03,,0,0
https://www.threads.com/@farhnqzer/post/DeMXKl7CdY2,DeNevJHkpFu,threads,muhamadsidikwiguna,,2026-10-08 05:55:14,,0,0
https://www.threads.com/@farhnqzer/post/DeMXKl7CdY2,DeNfQXvE19O,threads,kak_ryo,,2026-10-08 06:00:00,,1,0
https://www.threads.com/@farhnqzer/post/DeMXKl7CdY2,DeNfUVHk7xH,threads,e.cha11,"Ga ada tuh yg menyuarakan boikot rendang, boikot lagu🤣",2026-10-08 06:00:18,,0,0
https://www.threads.com/@farhnqzer/post/DeMXKl7CdY2,DeNf_zFk8Vv,threads,mujenggg,Manusia paling redflag ya melayu malaysia wkwkwk senggol dikit tantrum kayak kebakaran jenggot,2026-10-08 06:06:14,,0,0
https://www.threads.com/@farhnqzer/post/DeMXKl7CdY2,DeNgPKBk_o0,threads,evolwithlovi,"Ada seruan boycott produk kafh dari Malaysia, tp tak de effect. Penduduk Malaysia kecik je, hanya 35jt. Kafh kena sokong sama customer Indonesia 280 juta captive market.

Bahkan tak de produk Malaysia yg dikenal di Indonesia kecuali Siti Nurhaliza. Apa yang boleh Malaysia buat?

BELACAN JE 🤭",2026-10-08 06:08:47,,0,0
https://www.threads.com/@farhnqzer/post/DeMXKl7CdY2,DeNgzvtAe_u,threads,geradsmaengkom,Yaaah maklum aja negara malaydesh emang gitu... Kalah bola tantrum... 🤣🤣🤣malingsia....,2026-10-08 06:13:20,,0,0
https://www.threads.com/@farhnqzer/post/DeMXKl7CdY2,DeNg2NQAXWc,threads,eko_nugrohos,"Jangan lupa sepeda Polygon, produk asli Indonesia juga",2026-10-08 06:13:40,,0,0
https://www.threads.com/@faruk.hamdan_/post/DeMfrX8Enyk,DeMj_YaE5wN,threads,adoyferry,Bacot lo sama gw masih kaya gw....hanya orang miskin yg bilang dia kaya nyet,2026-10-07 21:21:54,,0,0
https://www.threads.com/@faruk.hamdan_/post/DeMfrX8Enyk,DeMkVztkyYF,threads,badger.6416132,Si kaya MONY ET😛😛,2026-10-07 21:24:57,,1,0
https://www.threads.com/@faruk.hamdan_/post/DeMfrX8Enyk,DeMmskVk9tS,threads,kaminomor11,Bener dunia sudah terbalik harusnya macam kisah2 movie...si miskin menang melawan si kaya...itu normal ny,2026-10-07 21:45:32,,0,0
https://www.threads.com/@faruk.hamdan_/post/DeMfrX8Enyk,DeMnqmDE5ex,threads,nyamuk.18,mereka ga berani njir boikot musik & film Indonesia 🤣,2026-10-07 21:54:00,,3,1
https://www.threads.com/@faruk.hamdan_/post/DeMfrX8Enyk,DeMtm3mn0UO,threads,snow_baek,minimal 30 ringgit ga minta diskon lagi yaa si paling kaya🤪🤪,2026-10-07 22:45:56,,1,0
https://www.threads.com/@faruk.hamdan_/post/DeMfrX8Enyk,DeMvSrXGtb9,threads,yourheterss5,Kaya itu kaya apa dulu? Kita kaya akan budaya iya?pulau nya bagus iya?luass juga iya?toleransi nya tinggi jg iya?lah negara luu?kaya karana rumah rumah nya bagus? Ga sebanding atuhh wkwk modal gedung tinggi tinggi mah ga geter wkwk pokonya inget kata khaf😝,2026-10-07 23:00:39,,0,0
https://www.threads.com/@faruk.hamdan_/post/DeMfrX8Enyk,DeMzNJfk51F,threads,rizal_goeltom,"Orang kaya Dateng ke Indonesia niatnya mau belanja murah, yang miskin siapa blog",2026-10-07 23:34:51,,0,0
https://www.threads.com/@faruk.hamdan_/post/DeMfrX8Enyk,DeMzYRLk47r,threads,_j.nyx,"Produksi pesawat terbang
""Harimaw Malaya"" Bisa?",2026-10-07 23:36:22,,1,0
https://www.threads.com/@faruk.hamdan_/post/DeMfrX8Enyk,DeM2jkIkzUt,threads,comunicpku,,2026-10-08 00:04:07,,0,0
https://www.threads.com/@faruk.hamdan_/post/DeMfrX8Enyk,DeM5OmXk-_W,threads,kyrozfcm,haaa kamu bilang aapaa,2026-10-08 00:27:28,,1,0
https://www.threads.com/@faruk.hamdan_/post/DeMfrX8Enyk,DeM5TwUEyK6,threads,inyourpain_,Sekaya apa sih la’u?,2026-10-08 00:28:11,,0,0
https://www.threads.com/@faruk.hamdan_/post/DeMfrX8Enyk,DeM6eXwEkpy,threads,muhamadsidikwiguna,"King Malay Anggota G7, G20. Tahniah",2026-10-08 00:38:22,,0,0
https://www.threads.com/@faruk.hamdan_/post/DeMfrX8Enyk,DeNEIKPD3NH,threads,bangemss.advertising,bantu dulu akak ini pengen makan manis manis,2026-10-08 02:02:43,,0,0
https://www.threads.com/@faruk.hamdan_/post/DeMfrX8Enyk,DeNFmJMEwvi,threads,jeromehanss,Minum bang,2026-10-08 02:15:33,,0,0
https://www.threads.com/@faruk.hamdan_/post/DeMfrX8Enyk,DeNTJv1E3oO,threads,bqhrey,"Berhubung timnas mereka gak juara AFF, ngga juara Asean Cup, gak lolos piala asia, makanya mereka bahas rupiah, pasport, kahf, Indomie, kamari. Pembahasan tak penting & tak ada hubungannya sama bola. Sebab, bola timnas Malaysia tak ada yang bisa dibahas.",2026-10-08 04:14:00,,0,0
https://www.threads.com/@faruk.hamdan_/post/DeMfrX8Enyk,DeNdsDJkjd1,threads,youthsporthub.id,Muka lo kaya orang MISKIN hahahahhaha kids.,2026-10-08 05:46:04,,0,0
https://www.threads.com/@faruk.hamdan_/post/DeMfrX8Enyk,DeNhJLjkgoS,threads,came.isme,YAHAHA KALAH BOLA MAMPUS 🤣🤣🤣,2026-10-08 06:16:15,,0,0
https://www.threads.com/@fzrlsfwn/post/DeLibyOkrvv,DeLuazfFPSj,threads,jimqiv,Nak isi angin tayar pon diorang charge,2026-10-07 13:33:47,,13,0
https://www.threads.com/@fzrlsfwn/post/DeLibyOkrvv,DeLvRBtiSe0,threads,syhmqmrsd,Lepas tuh panggil pawang stopkan hujan,2026-10-07 13:41:11,,0,0
https://www.threads.com/@fzrlsfwn/post/DeLibyOkrvv,DeLv1CTgaW_,threads,_fj.79_,,2026-10-07 13:46:06,,320,5
https://www.threads.com/@fzrlsfwn/post/DeLibyOkrvv,DeL30uiExqD,threads,aneeqsuffean,ada corner jual bakso and kopi gak,2026-10-07 14:55:58,,41,0
https://www.threads.com/@fzrlsfwn/post/DeLibyOkrvv,DeMK50aE9Ja,threads,dicaonma,"tak dan nak race, semua part kereta dah kena curi dulu",2026-10-07 17:42:41,,302,3
https://www.threads.com/@fzrlsfwn/post/DeLibyOkrvv,DeMNv_MmhP7,threads,wankimie12,Tunjuk qris lagi,2026-10-07 18:07:33,,2,0
https://www.threads.com/@fzrlsfwn/post/DeLibyOkrvv,DeMRjhbHyWS,threads,bapak_garang93,F1 nak masuk parking garage dia kena bayar ada orang tunggu jaga hahaha,2026-10-07 18:40:48,,0,0
https://www.threads.com/@fzrlsfwn/post/DeLibyOkrvv,DeMYBGxkwyi,threads,yun_nie28,"Takut belum race, tayar 4 biji dh hilang dulu",2026-10-07 19:37:16,,7,0
https://www.threads.com/@fzrlsfwn/post/DeLibyOkrvv,DeMaYuFE88H,threads,azmeer_waffa,OMG! 🤣🤣🤣,2026-10-07 19:57:58,,1,0
https://www.threads.com/@fzrlsfwn/post/DeLibyOkrvv,DeMaziBGTqC,threads,theamiroulamry,"Sambil berkata ""Sir money sir...""",2026-10-07 20:01:38,,0,0
https://www.threads.com/@fzrlsfwn/post/DeLibyOkrvv,DeMbIwhFKGi,threads,liyanaroxx,Sir money sir.. 280jt busy wadidaw... ngemis nyapu jalan 😂😂,2026-10-07 20:04:32,,36,0
https://www.threads.com/@fzrlsfwn/post/DeLibyOkrvv,DeMbQcMGuom,threads,beautyblessforyou,nanti ada pungli pulak,2026-10-07 20:05:35,,0,0
https://www.threads.com/@fzrlsfwn/post/DeLibyOkrvv,DeMdbSmE35A,threads,hamizulhafeez,Hoi ! Hahahaaahahha,2026-10-07 20:24:32,,0,0
https://www.threads.com/@fzrlsfwn/post/DeLibyOkrvv,DeMeuIbk49r,threads,am7en,Hinanya rakyat mereka dimatamu 😂,2026-10-07 20:35:51,,4,0
https://www.threads.com/@fzrlsfwn/post/DeLibyOkrvv,DeMeuqLCdou,threads,satriabuana_00,HAHAHA,2026-10-07 20:35:55,,0,0
https://www.threads.com/@fzrlsfwn/post/DeLibyOkrvv,DeMfWlvkhyW,threads,rzinnn.09,Masuk pit tiba2 ada “tukang parkir”💀🥀,2026-10-07 20:41:22,,0,0
https://www.threads.com/@fzrlsfwn/post/DeLibyOkrvv,DeMfhp2Ex4d,threads,mizzmaz8393,Sibuk org nk race sibuk plk diaorg nk berwadidaw😂😂🤣,2026-10-07 20:42:53,,8,0
https://www.threads.com/@fzrlsfwn/post/DeLibyOkrvv,DeMfiNQknPd,threads,aiman_mukhashen,Ada pungli bang minta uang parkir,2026-10-07 20:42:57,,0,0
https://www.threads.com/@fzrlsfwn/post/DeLibyOkrvv,DeMfvF8FKSe,threads,deinz76,haha..bodo laa 🤣,2026-10-07 20:44:43,,0,0
https://www.threads.com/@fzrlsfwn/post/DeLibyOkrvv,DeMgQ4iCXb7,threads,emirafh_,HAHAHAHHAHA YA ALLAH WEHHHH HAHAHAHAHAHAHAHA,2026-10-07 20:49:20,,0,0
https://www.threads.com/@fzrlsfwn/post/DeLibyOkrvv,DeMgZ8YkiZW,threads,awan_yg_hujan,,2026-10-07 20:50:34,,0,0
https://www.threads.com/@fzrlsfwn/post/DeLibyOkrvv,DeMg-FfgU1s,threads,mell.ibrhm,bongok la sekor sekor komen. korang ni lawak la,2026-10-07 20:55:30,,2,0
https://www.threads.com/@fzrlsfwn/post/DeLibyOkrvv,DeMhcziGOTI,threads,jalizul,Atau paling teruk ternampak mereka bab sembarangan kt tepi jalan,2026-10-07 20:59:42,,37,1
https://www.threads.com/@fzrlsfwn/post/DeLibyOkrvv,DeMhtdGEysu,threads,cponghazmil,"Banyak crash, sebab tetiba gojek melintas",2026-10-07 21:01:58,,3,0
https://www.threads.com/@fzrlsfwn/post/DeLibyOkrvv,DeMh7H1CY7w,threads,michicoga_,ahahahahah sial,2026-10-07 21:03:50,,0,0
https://www.threads.com/@fzrlsfwn/post/DeLibyOkrvv,DeMiakglKXz,threads,shopee_finds_my,,2026-10-07 21:08:08,,161,0
https://www.threads.com/@fzrlsfwn/post/DeLibyOkrvv,DeMiqMik5cT,threads,zarith_wawa,Hahahaha bodolahhhhh,2026-10-07 21:10:16,,0,0
https://www.threads.com/@fzrlsfwn/post/DeLibyOkrvv,DeMizL0E33p,threads,meonnn1,HAHAHAHAHAHHAHA SIOT LAH🤣🤣🤣🤣,2026-10-07 21:11:29,,0,0
https://www.threads.com/@fzrlsfwn/post/DeLibyOkrvv,DeMjOcqDw0e,threads,_.zackkk,Kewak hahaha teringt aku pergi indo setiap jalan penuh tukang parkir hahaha..kesian punya psal bgi la 5k😭😂rm1..tu pun punya happy lain mcm,2026-10-07 21:15:13,,0,0
https://www.threads.com/@fzrlsfwn/post/DeLibyOkrvv,DeMjfw0j2KK,threads,fazrulalwi,Konoha kan,2026-10-07 21:17:35,,0,0
https://www.threads.com/@fzrlsfwn/post/DeLibyOkrvv,DeMji_5k8Ou,threads,los.lonelyboy,Masuk pit kena bayar parking.,2026-10-07 21:18:01,,0,0
https://www.threads.com/@fzrlsfwn/post/DeLibyOkrvv,DeMk8v_FOP2,threads,nfatehahrosman,hahahaha siawla,2026-10-07 21:30:16,,0,0
https://www.threads.com/@fzrlsfwn/post/DeLibyOkrvv,DeMlLR4CY3K,threads,apai1979,sir.. money sir...money sir...,2026-10-07 21:32:15,,0,0
https://www.threads.com/@fzrlsfwn/post/DeLibyOkrvv,DeMmCQ5n43x,threads,ahx_yen,🤣 cilakak betui konoharorobowo,2026-10-07 21:39:46,,0,0
https://www.threads.com/@fzrlsfwn/post/DeLibyOkrvv,DeMmnDNmF7L,threads,pajhtt,Preman pun ramai 😂,2026-10-07 21:44:47,,0,0
https://www.threads.com/@fzrlsfwn/post/DeLibyOkrvv,DeMm814k_MP,threads,sahabatmeow17,Beda beda level katanya. Boikot kahf. Kita support yg fitri yahya review pulak https://s.shopee.com.my/4VdNYt5e1E,2026-10-07 21:47:46,,1,0
https://www.threads.com/@fzrlsfwn/post/DeLibyOkrvv,DeMnQ4WgZDe,threads,quekiddos_,😭,2026-10-07 21:50:30,,0,0
https://www.threads.com/@fzrlsfwn/post/DeLibyOkrvv,DeMnsfkibcJ,threads,feeyanisa,ahaahhahahahahah fresh lawak ni 🤣🤣🤣,2026-10-07 21:54:16,,0,0
https://www.threads.com/@fzrlsfwn/post/DeLibyOkrvv,DeMnvtNiZnk,threads,m1rhustler,"""MONEY SIR MONEY""

HAHAHAHAHA",2026-10-07 21:54:42,,0,0
https://www.threads.com/@fzrlsfwn/post/DeLibyOkrvv,DeMoPtWk4b_,threads,suhaimisulaiman6699,Memang ada yang dah berangan-angan,2026-10-07 21:59:04,,13,2
https://www.threads.com/@fzrlsfwn/post/DeLibyOkrvv,DeMoR8KCX5E,threads,surahaini,"Hahahahha, bongok la🤣🤣🤣🤣",2026-10-07 21:59:23,,0,0
https://www.threads.com/@fzrlsfwn/post/DeLibyOkrvv,DeMoVnICQD0,threads,frhx20,aku risau masuk kawasan kumuh diaorg 😂😂😂😂,2026-10-07 21:59:53,,0,0
https://www.threads.com/@fzrlsfwn/post/DeLibyOkrvv,DeMoreOEz-T,threads,isminurtiaraa,"Mampos tengah lumba sekali gojek lintas , abis orang sana rembat semua palang yg ada untuk tutup jalan tu sebab besi , jadi dia boleh jual 😂",2026-10-07 22:02:52,,9,0
https://www.threads.com/@fzrlsfwn/post/DeLibyOkrvv,DeMpexmkv5K,threads,xxdaaniaaxx,🤣🤣🤣🤣,2026-10-07 22:09:52,,0,0
https://www.threads.com/@fzrlsfwn/post/DeLibyOkrvv,DeMpw1Yn-Af,threads,fatinismil,"1st corner- org jual bakso, 2nd corner- mintak sedekah, 3rd corner: mbak jual jamu, pit stop- tukang parkir mintak upah 😂",2026-10-07 22:12:20,,15,0
https://www.threads.com/@fzrlsfwn/post/DeLibyOkrvv,DeMp1gqk12t,threads,fakhrulshukri,hahahahaha,2026-10-07 22:12:58,,0,0
https://www.threads.com/@fzrlsfwn/post/DeLibyOkrvv,DeMp8EsAdeu,threads,millmarisa,Sgt fresh ni bang. Sepicelesssss Sy.,2026-10-07 22:13:52,,0,0
https://www.threads.com/@fzrlsfwn/post/DeLibyOkrvv,DeMqJPAkmuG,threads,amsyah_md,Hahahaha. Minta kerja nak.. cuci taik kencing anjing pun jadi😂,2026-10-07 22:15:40,,1,0
https://www.threads.com/@fzrlsfwn/post/DeLibyOkrvv,DeMqiP8I5XU,threads,dhilamohdnasir,,2026-10-07 22:19:05,,0,0
https://www.threads.com/@fzrlsfwn/post/DeLibyOkrvv,DeMrCPcktHW,threads,cighaaaaaaaaaa,Wadidaw tepi jalan lagi hahahhah,2026-10-07 22:23:27,,0,0
https://www.threads.com/@haroqs/post/DeMCz1BAbUc,DeMC80iiYog,threads,nonamemakcik,Dan jerebu dik 😂,2026-10-07 16:33:11,,5,0
https://www.threads.com/@haroqs/post/DeMCz1BAbUc,DeMDHU2Ez31,threads,somebodyby1,Punca dri Influencer Indonesia @jenniferhubner gaslight and provok2 Malaysia. Nak backup Husband shawarma punya pasal,2026-10-07 16:34:37,,14,1
https://www.threads.com/@haroqs/post/DeMCz1BAbUc,DeMDW_VGM8M,threads,apis_nt,"Yang dari bola sepak tak kesah pun,masalahnya dorang hina negara kita siap buat ai gambar raja johor jadi haiwan lagi tu,macam ii dorang hina negara kita,dari situ baru mula gaduh besar",2026-10-07 16:36:45,,19,2
https://www.threads.com/@haroqs/post/DeMCz1BAbUc,DeMDhlZE1tM,threads,c4r4melfr4pp3_,Start dari sini https://vt.tiktok.com/ZSbqBsFjY/ .. padahal 0-0 itu pun diaorang tak puas hati 🤣,2026-10-07 16:38:12,,0,0
https://www.threads.com/@haroqs/post/DeMCz1BAbUc,DeMDiQSndGb,threads,nrlyu_i,skrng topic dia dah melencong jauh sngt tau bang 🤣,2026-10-07 16:38:18,,0,0
https://www.threads.com/@haroqs/post/DeMCz1BAbUc,DeMD4cOn9tk,threads,vavavroo,"dr kebakaran hutan dan jerebu lagi…, ke sukan, smpi la produk",2026-10-07 16:41:20,,0,0
https://www.threads.com/@haroqs/post/DeMCz1BAbUc,DeMD8SRFCq1,threads,empat_sukukata,HQ dah officially minta maaf kul 2 pagi tadi. Tup2 live 12-2ptg td live host nganjing gini,2026-10-07 16:41:51,,1,0
https://www.threads.com/@haroqs/post/DeMCz1BAbUc,DeMEC45FPNM,threads,chaerazmi,dia mcm byk benda nk marah tapi malaysia pendam. sekali dorang menang bola keluar dia punya perangai. yg dulu berlakon baik dah tunjuk belang sebenar. malaysian pun tak tahan kena tuduh dan kecam tanpa sebab. tu yg kasi letup lah satu kali. sekian utk separuh masa 45 min setakat ni.,2026-10-07 16:42:45,,5,1
https://www.threads.com/@haroqs/post/DeMCz1BAbUc,DeMEI6ciRg3,threads,hzmh___,"First dari bola lepas tu melarat dorang edit bukan2 dekat gambar Allahyarhamha Tun Hasmah,dgn agong kita lepas tu melarat la ke macam2 isu",2026-10-07 16:43:34,,1,0
https://www.threads.com/@haroqs/post/DeMCz1BAbUc,DeMElcVmiSO,threads,woundwithhonor_,"Punca dari bola 😂 tapi haroqs cam lambat sngat tanya. Skrang dah smpai beras, indomie dah ni 🤣",2026-10-07 16:47:28,,11,0
https://www.threads.com/@haroqs/post/DeMCz1BAbUc,DeMEyvQFElw,threads,saaraaaeliy4,"Pinca dorang boo lagu Negaraku. Panggil Malaysia dengan panggilan yang tak sepatutnya. ""Malaydesh"", ""Malaysia Anjing"", ""Malingsial"". Sehingga edit gambar YDPA dan arwah Tun Siti Hasmah",2026-10-07 16:49:17,,5,0
https://www.threads.com/@haroqs/post/DeMCz1BAbUc,DeMFoUJIO2Q,threads,marynnnni,,2026-10-07 16:56:36,,0,0
https://www.threads.com/@haroqs/post/DeMCz1BAbUc,DeMF1NcGACe,threads,deluxvn,izinn kak 😌🙏🏼,2026-10-07 16:58:22,,0,0
https://www.threads.com/@haroqs/post/DeMCz1BAbUc,DeMKiswEyn1,threads,aliffbun,"lagi besar dari bola.. hina negara dan agong..
bola tu tolak tepi..

sekarang ni depa. tak ngaku ranking pertama asean iq terendah.. dan apa hebat malaysia dalam sukan di peringkat dunia.. aku bagi lah.. dah kalah terus melencong isu lain.. 🤣🤣🤣",2026-10-07 17:39:31,,5,0
https://www.threads.com/@haroqs/post/DeMCz1BAbUc,DeMQTBsEqlI,threads,ain__mar,Betul...Indon punca..org Malaysia tak ckp papepon.siap mamposkan Malaysia lagi..teruk betul percakapan..so rude,2026-10-07 18:29:49,,1,0
https://www.threads.com/@haroqs/post/DeMCz1BAbUc,DeMS5ThksDM,threads,alif_sinarmujahadah,"Diorang nak troll bola tu normal lah sebagai fans bola. Tapi ni dah sampai edit menghina Agong, almarhumah Tun Hasmah, memang dah over the limit.. ini dah lebih bro. Memang dah takde simpati dah lepas ni dgn Indonesia",2026-10-07 18:52:31,,1,0
https://www.threads.com/@haroqs/post/DeMCz1BAbUc,DeMTeRmI0pg,threads,mohdsukri27,Penghinaan raja Kita roq,2026-10-07 18:57:34,,0,0
https://www.threads.com/@haroqs/post/DeMCz1BAbUc,DeMUc4YE1tJ,threads,ahmdridzwan,punca dia dri zaman soekarno slogan “ganyang malaysia” yg menjadi batu api satu sama lain,2026-10-07 19:06:07,,1,0
https://www.threads.com/@haroqs/post/DeMCz1BAbUc,DeMX3U8j4QD,threads,ikinazmann,"1. Pasal bola dia menang tapi dia yg fanatik kutuk Malaysia = Malaydesh, Singapore = Singapoor.
2. Pasal jerebu
3. X bole terima pasport kita naik no 2
4. Kahf brand Indonesia buat hal posting satu gmba ‘beda level’ - cetus boikot Msia today

💪🏻💪🏻💪🏻🇲🇾 inshaAllah semoga baik2 saja Malaysia ku",2026-10-07 19:35:56,,4,0
https://www.threads.com/@haroqs/post/DeMCz1BAbUc,DeMYZBfEuom,threads,notfoundalready001,"Punca jerebuu dorng buat buta
Pastu tuduh rakyat kita dengki sbb bola
Pastu edit gambar ktua negara kita mcm2 , hina negara kita",2026-10-07 19:40:32,,1,0
https://www.threads.com/@haroqs/post/DeMCz1BAbUc,DeMZnfvicyX,threads,ibu3mirza4,"Ye..
Dh malarat jauh dh ni..",2026-10-07 19:51:15,,0,0
https://www.threads.com/@haroqs/post/DeMCz1BAbUc,DeMa_gdE5Rh,threads,nurfarahim.yusof,Kita x heran yg Dorg menang.. kalah menang adat pertandingan.. dorg ckp macam2 sampai hina agong kita… Dorg sakit hati bila org Malaysia up passport ..,2026-10-07 20:03:16,,1,0
https://www.threads.com/@haroqs/post/DeMCz1BAbUc,DeMd1q-kvF3,threads,seraa.r,puncanya dorang ada passport paling kuat di akhirat hm,2026-10-07 20:28:08,,0,0
https://www.threads.com/@haroqs/post/DeMCz1BAbUc,DeMfeZGknsv,threads,fy_ddrst,Bola tu hal kecik je. Yg marah tu sbb letak babi kt muka arwah tun. Tak ke kurang ajar tuh.,2026-10-07 20:42:26,,1,0
https://www.threads.com/@haroqs/post/DeMCz1BAbUc,DeMgECsk8Zy,threads,nrsynztlya,"Just tak boleh terima dyorg hina agong, edit gambar arwah tun dr hasmah😭😭 i is kenot tahan",2026-10-07 20:47:35,,2,0
https://www.threads.com/@haroqs/post/DeMCz1BAbUc,DeMhGbDE3BP,threads,deosandro.id,"Susah memang punya title “Abang abangan King Indo” The King Of ASEAN.

Setiap hari pagi siang sore malam selalu lihat adek adek serumpun dari malaysia tantrum, kejap menghina, kejap klaim budaya, kejap nangis 😭😭

Jangan sad lah woy, abang abangan King Indo The King of ASEAN bersama adek adek serumpun dari malaysia. Sabar dan tabah ya adek adek malaysia 🙏🏻😄",2026-10-07 20:56:38,,0,0
https://www.threads.com/@haroqs/post/DeMCz1BAbUc,DeMk9bynRia,threads,nie.shaaaz,ye..mula dengan provoke penyokong malaysia kat stadium..tak tau la attitude macam beruk..tak reti duduk diam diam..,2026-10-07 21:30:22,,1,0
https://www.threads.com/@haroqs/post/DeMCz1BAbUc,DeMzdHNE8xp,threads,waynie92,Mereka Malaydesh kan kita dik. Perasan mereka ada rupa dan lebih kaya lah tu. Yang ada rupa tu artis dan influencer darah mix. Bukan local. Mereka tu yang Indondesh dekat Malaysia.,2026-10-07 23:37:01,,1,0
https://www.threads.com/@haroqs/post/DeMCz1BAbUc,DeM8v7rn4IN,threads,yuslida_othman,Punca ni,2026-10-08 00:58:14,,0,0
https://www.threads.com/@haroqs/post/DeMCz1BAbUc,DeNDfLgk1X7,threads,managerof_single15,"Saya tak tengok bola...tapi sakit hati sebab hinaan terhadap intitusi diraja dan paling tak boleh blah edit gambar arwah Tun Dr Hasmah...on that time, Tun betul2 baru meninggal...so disrespectful",2026-10-08 01:57:07,,0,0
https://www.threads.com/@haroqs/post/DeMCz1BAbUc,DeNGUDpk5Hk,threads,nur_tulips,Kau search jela kat tiktok . Bersepah video and acc diaorg edit gamba tun dengan benda tak elok. Benda lahai nak confuse2. Kau ingat kteorg kesah ke bola menang ke tak? Kalah tu biasa je adat perlawanan. Ni dah berlebih sgt depa ni,2026-10-08 02:21:49,,0,0
https://www.threads.com/@haroqs/post/DeMCz1BAbUc,DeNO_5Kk_v1,threads,hl00v3,awal nya dari editan gambar arwah tun kan? ke sebab bola jadi edit gambar arwah tun macam tu?,2026-10-08 03:37:42,,0,0
https://www.threads.com/@haroqs/post/DeMCz1BAbUc,DeNZ_F1E6od,threads,syzwani_1404,Ini puncanya haroq,2026-10-08 05:13:43,,0,0
https://www.threads.com/@haz.iqpriv/post/DeMlRs6DCyJ,DeMojTyDxBn,threads,eyaabeaudee.co,Kesian nyaaaaaaaaaaaaaaaaa mesti busuk semua,2026-10-07 22:01:45,,5,0
https://www.threads.com/@haz.iqpriv/post/DeMlRs6DCyJ,DeMo7QQlOwJ,threads,mkhalishm,"Kadang2 kesian juga tengok benda macam ni. Ni jela hiburan diorang, wadidaw & gaduh dengan kita setiap hari. Bagi menang gaduh tu mungkin macam sedekah dah sebab menggembirakan hati diorang",2026-10-07 22:05:01,,1,0
https://www.threads.com/@haz.iqpriv/post/DeMlRs6DCyJ,DeMqGrPCYKn,threads,bungaapiraya,Cam kandang babi,2026-10-07 22:15:19,,4,1
https://www.threads.com/@haz.iqpriv/post/DeMlRs6DCyJ,DeMsW6Xj5X9,threads,amrddn2k,Wahai indog2..piala tu da bagi kenyang belum?🤣,2026-10-07 22:35:01,,0,0
https://www.threads.com/@haz.iqpriv/post/DeMlRs6DCyJ,DeMtTIdkxSQ,threads,ikmlhkme,Miskin hina,2026-10-07 22:43:14,,0,0
https://www.threads.com/@haz.iqpriv/post/DeMlRs6DCyJ,DeMuhw-ibk-,threads,azhad.ghazi,Ni semua customer khaf.,2026-10-07 22:53:58,,0,0
https://www.threads.com/@haz.iqpriv/post/DeMlRs6DCyJ,DeMumpbmpdY,threads,dakkfarah_,Hahahhaha golongan malas kerja begini 🤣🤣🤣.,2026-10-07 22:54:38,,0,0
https://www.threads.com/@haz.iqpriv/post/DeMlRs6DCyJ,DeMvJ6wE2ce,threads,the_jang92,Yg jdi bas pun ada brader,2026-10-07 22:59:27,,0,1
https://www.threads.com/@haz.iqpriv/post/DeMlRs6DCyJ,DeMvWu0j9m3,threads,landotzy69,tumpang lalu idiotnesia mahu lewat,2026-10-07 23:01:12,,0,0
https://www.threads.com/@haz.iqpriv/post/DeMlRs6DCyJ,DeMv-u3Gmpl,threads,malaysiapepol_,,2026-10-07 23:06:40,,4,0
https://www.threads.com/@haz.iqpriv/post/DeMlRs6DCyJ,DeMwDFcD8GG,threads,byzuraibrahim,Low class,2026-10-07 23:07:15,,0,0
https://www.threads.com/@haz.iqpriv/post/DeMlRs6DCyJ,DeMwUR4idUM,threads,shopee_finds_my,🤣🤣,2026-10-07 23:09:36,,0,0
https://www.threads.com/@haz.iqpriv/post/DeMlRs6DCyJ,DeMwm06gQEv,threads,aidahxlim,dah macam negara india dah 😌,2026-10-07 23:12:08,,0,0
https://www.threads.com/@haz.iqpriv/post/DeMlRs6DCyJ,DeMwo1vGfLO,threads,mayainaaa_12,takutyeee knpe sampi mcm tu skli weyhh,2026-10-07 23:12:25,,0,0
https://www.threads.com/@haz.iqpriv/post/DeMlRs6DCyJ,DeMw8YLn8uW,threads,troll_warlord14,Satu kampung bodoh. Banyak minum susu babi kot kecik2. Itu bodoh bebal,2026-10-07 23:15:05,,0,0
https://www.threads.com/@haz.iqpriv/post/DeMlRs6DCyJ,DeMxeB7E7gq,threads,farishaamyleen,HAHAHAHAHAHAHAHAHAH,2026-10-07 23:19:40,,0,0
https://www.threads.com/@haz.iqpriv/post/DeMlRs6DCyJ,DeMxrIjCYPo,threads,alyph_37,289juta nyawa wadidaw,2026-10-07 23:21:28,,0,0
https://www.threads.com/@haz.iqpriv/post/DeMlRs6DCyJ,DeMyIeykj4G,threads,muhd4nash,,2026-10-07 23:25:28,,0,0
https://www.threads.com/@haz.iqpriv/post/DeMlRs6DCyJ,DeM3w8Wj0v1,threads,liyanaroxx,Beras pun mengemis kat live 🤪,2026-10-08 00:14:41,,0,0
https://www.threads.com/@haz.iqpriv/post/DeMlRs6DCyJ,DeM77vwkkwa,threads,rey_king619,,2026-10-08 00:51:07,,0,0
https://www.threads.com/@haz.iqpriv/post/DeMlRs6DCyJ,DeM9OSck7jI,threads,ddeena_,"dorang pulak miskinn, macam manerrrrr 😂😂",2026-10-08 01:02:23,,0,0
https://www.threads.com/@haz.iqpriv/post/DeMlRs6DCyJ,DeM9XYBH3Ht,threads,eydaaaaaaaaaaaa94,,2026-10-08 01:03:37,,0,0
https://www.threads.com/@haz.iqpriv/post/DeMlRs6DCyJ,DeM_m40E7lN,threads,strawberrymatchabloom,mula mula viral wadidaw tu aku macam okay lah maybe trend ni tak lama pun. rupanya diorang jadikan pekerjaan tetap eh 🤣 bila punya tahun da wadidaw tu tapi masih relevan dekat sana,2026-10-08 01:23:13,,0,0
https://www.threads.com/@haz.iqpriv/post/DeMlRs6DCyJ,DeNCAvLEw3y,threads,rusitaisman232,Ituuuu diàaaaa,2026-10-08 01:44:13,,0,0
https://www.threads.com/@haz.iqpriv/post/DeMlRs6DCyJ,DeNEIM1kmS5,threads,itsnovamaybe,kau nak beli bawang pun kena joget. kau rasa function 290 juta tu hahah,2026-10-08 02:02:43,,0,0
https://www.threads.com/@haz.iqpriv/post/DeMlRs6DCyJ,DeNEK-fk8a6,threads,ieykaamiranda,Wadidawwww dulu demi sbutir beras & kahf,2026-10-08 02:03:06,,0,0
https://www.threads.com/@haz.iqpriv/post/DeMlRs6DCyJ,DeNFqCcE3V8,threads,zimbawedvs,majulah indonesia ku,2026-10-08 02:16:19,,0,0
https://www.threads.com/@haz.iqpriv/post/DeMlRs6DCyJ,DeNHwNkEkUR,threads,awesome91s,,2026-10-08 02:34:24,,0,0
https://www.threads.com/@haz.iqpriv/post/DeMlRs6DCyJ,DeNU437kzc7,threads,aqiem.fazliey,,2026-10-08 04:29:10,,0,0
https://www.threads.com/@haz.iqpriv/post/DeMlRs6DCyJ,DeNZHljE4WT,threads,fariqfoxtrott,yang ni 290 juta jiwa yang tolol yang akan support membeli KAHF tu nanti? 😗,2026-10-08 05:06:08,,0,0
https://www.threads.com/@haz.iqpriv/post/DeMlRs6DCyJ,DeNdlGvE_i8,threads,syusuhaimi05,@edwardusriyanti ni org kau,2026-10-08 05:45:07,,0,0
https://www.threads.com/@haz.iqpriv/post/DeMlRs6DCyJ,DeNgdEZkhQB,threads,jehan__yang,"Ga ada beras ga khawatir, wadidaw dulu yuk, anjir 🤣🤣🤣",2026-10-08 06:10:14,,0,0
https://www.threads.com/@hazmimustafa/post/DeLkVQJCRTX,DeLlcXbid1u,threads,hazmimustafa,Kau dah hilang potential consumer seumur hidup.,2026-10-07 12:15:53,,9,1
https://www.threads.com/@hazmimustafa/post/DeLkVQJCRTX,DeLqzcFkX0C,threads,faridsuhaimi,Welcome to @badlabco Fu 😂,2026-10-07 13:02:11,,3,1
https://www.threads.com/@hazmimustafa/post/DeLkVQJCRTX,DeLro0NCfMj,threads,__sdbsa,Buy Malaysia First👍,2026-10-07 13:09:29,,3,0
https://www.threads.com/@hazmimustafa/post/DeLkVQJCRTX,DeLu_0KFP9t,threads,byzedmwah,pls welcoming our local brand!,2026-10-07 13:38:50,,3,1
https://www.threads.com/@hazmimustafa/post/DeLkVQJCRTX,DeLveiuGVeB,threads,hartanahbyaidilricco_official,Abg tukar bad lab . Sedap jugak bang,2026-10-07 13:43:02,,5,1
https://www.threads.com/@hazmimustafa/post/DeLkVQJCRTX,DeLyLJiD7gn,threads,muizshafie,Garang oo,2026-10-07 14:06:36,,1,0
https://www.threads.com/@hazmimustafa/post/DeLkVQJCRTX,DeL53QuD5VA,threads,zzz_jixx,🔥🔥🔥🔥🔥,2026-10-07 15:13:47,,0,0
https://www.threads.com/@hazmimustafa/post/DeLkVQJCRTX,DeMHFDfIHGy,threads,deemen117,"Eh sama la saya dlm proses nak collect semua series,saya baru dpt 4 series bau dia x dinafi masing2 ada keunikan..tapi isu ni membantutkan segalanya...ermmm",2026-10-07 17:09:16,,2,0
https://www.threads.com/@hazmimustafa/post/DeLkVQJCRTX,DeMLFgFGU80,threads,tar.__k,mantap bang respek,2026-10-07 17:44:17,,1,0
https://www.threads.com/@hazmimustafa/post/DeLkVQJCRTX,DeMLgBBGqhN,threads,kyleserizawa,,2026-10-07 17:47:54,,0,0
https://www.threads.com/@hazmimustafa/post/DeLkVQJCRTX,DeMYUZ8CY9b,threads,fatulz,Mantap bro. Jauhkan diri dari produk najis tu. Rkyt dia pon kata xkan ada efeknya,2026-10-07 19:39:54,,0,0
https://www.threads.com/@hazmimustafa/post/DeLkVQJCRTX,DeMZpf8DwmX,threads,eddyhid,Leh support BadLab pulak pasni,2026-10-07 19:51:31,,0,0
https://www.threads.com/@hazmimustafa/post/DeLkVQJCRTX,DeMaa5Vn1cb,threads,tea_choi,k,2026-10-07 19:58:16,,0,0
https://www.threads.com/@hazmimustafa/post/DeLkVQJCRTX,DeMb1dqGbIT,threads,m_syafiq151,Hati2 kita beda level,2026-10-07 20:10:38,,0,0
https://www.threads.com/@hazmimustafa/post/DeLkVQJCRTX,DeMf84FGXez,threads,arkito.co,"betul sangat, saya sebelumni tak pernah stick satu brand untuk cuci muka. beli bila dia paling murah je biarpun kadang bila first time guna okay, and repeat jadi breakout. lepastu cuba kahf repeat pun tetap takda breakout. elok dengan kulit muka first time lah stick dengan satu brand dah 3 tahun. tetiba gini hahahah.",2026-10-07 20:46:36,,0,0
https://www.threads.com/@hazmimustafa/post/DeLkVQJCRTX,DeMhbv1Gn2G,threads,jyounin777,,2026-10-07 20:59:33,,0,0
https://www.threads.com/@hazmimustafa/post/DeLkVQJCRTX,DeMqFvSk4ay,threads,nazsham60,Terbaik..Maka kita 🇲🇾,2026-10-07 22:15:11,,1,0
https://www.threads.com/@hazmimustafa/post/DeLkVQJCRTX,DeM1CtviZez,threads,dywan2153,mantap kali ni bang🫡🫡,2026-10-07 23:50:54,,0,0
https://www.threads.com/@hazmimustafa/post/DeLkVQJCRTX,DeM65T_j7aU,threads,honda_balikpapan30,"Tokopedia 7.5 juta pcs terjual & Shopee 2.2 juta pcs,ini belum Lazada & Tiktok dan jutaan gerai di seluruh Indonesia,semangat tetangga🇲🇾🥰",2026-10-08 00:42:03,,0,0
https://www.threads.com/@hazmimustafa/post/DeLkVQJCRTX,DeNaqRkjxdC,threads,matric77,"Tu lah tu, byk sample oracle series ni..nampak gayanya nak kena campak tong sampah",2026-10-08 05:19:37,,0,0
https://www.threads.com/@itsqhalz/post/DeMU8Y4CbUE,DeMbgxYk2Jp,threads,arumi1814,jawa behaviour terpaling entitled,2026-10-07 20:07:49,,13,1
https://www.threads.com/@itsqhalz/post/DeMU8Y4CbUE,DeMbmh1EpOp,threads,rubillaroslan_,Mana @kahfeveryday.my ?,2026-10-07 20:08:36,,4,0
https://www.threads.com/@itsqhalz/post/DeMU8Y4CbUE,DeMb6Xmk4a1,threads,mdalfags,"Apa punya orang korang kutip ni, makin menyampah aku dgn brand ni @kahfeveryday @kahfeveryday.my",2026-10-07 20:11:18,,7,0
https://www.threads.com/@itsqhalz/post/DeMU8Y4CbUE,DeMb92qn5Kg,threads,dayahsudin94,"Nak jual, jual jelah barang tu. Nak citer pasal bola buat apa",2026-10-07 20:11:47,,0,0
https://www.threads.com/@itsqhalz/post/DeMU8Y4CbUE,DeMcE5tFCaM,threads,letmedownslow_ly,@kahfeveryday tengok la perangai employee u ni kepam nya 🤣🤣,2026-10-07 20:12:44,,6,0
https://www.threads.com/@itsqhalz/post/DeMU8Y4CbUE,DeMcLTcj3VH,threads,le3y4a,"Kalau macam ni je hasil pakai Kahf, xyah pakai la guys..🤣🤣🤣🤣..",2026-10-07 20:13:37,,106,6
https://www.threads.com/@itsqhalz/post/DeMU8Y4CbUE,DeMcLYPI_qd,threads,asnananana.n,Geram nak cili cili je mulut tu,2026-10-07 20:13:38,,0,0
https://www.threads.com/@itsqhalz/post/DeMU8Y4CbUE,DeMdBkVCRhG,threads,crtvmktng,"Spam je cakap Shopee, whatsapp, Grab, darah, blood, knife, semua tu biar dia kena banned",2026-10-07 20:21:01,,11,0
https://www.threads.com/@itsqhalz/post/DeMU8Y4CbUE,DeMdHy4GtTr,threads,fzlmkhtar,Masalah nya takde siapa pun yg frust kalah bola dia yg beria. Orang marah sebab menghina siapa pulak yg peduli Malaysia kalah bola pun 😂,2026-10-07 20:21:53,,96,1
https://www.threads.com/@itsqhalz/post/DeMU8Y4CbUE,DeMdILWE-1W,threads,izwanhs,teruknya perangai. tak professional weyhh,2026-10-07 20:21:56,,2,0
https://www.threads.com/@itsqhalz/post/DeMU8Y4CbUE,DeMdRogCS8c,threads,hajimeshinkai,Muka sama buruk dengan akhlak 🤨,2026-10-07 20:23:13,,0,0
https://www.threads.com/@itsqhalz/post/DeMU8Y4CbUE,DeMeTbUE-DV,threads,ahmdzlkhri_,"tak skrg , tang mana yg kalah tu 🤣🤣🤣",2026-10-07 20:32:12,,3,0
https://www.threads.com/@itsqhalz/post/DeMU8Y4CbUE,DeMecXBk9yr,threads,arrrao1,its so funny😅😅😅 he looks like a cartoon. boleh ka tidak sebut bola dalam live???????,2026-10-07 20:33:25,,22,0
https://www.threads.com/@itsqhalz/post/DeMU8Y4CbUE,DeMeh0DkquH,threads,shinobu5886,Muka dahlah nampak bodoh,2026-10-07 20:34:10,,2,0
https://www.threads.com/@itsqhalz/post/DeMU8Y4CbUE,DeMemfpjdGA,threads,mfbyxxthex,Owner kahf ke ni? Macam siaw,2026-10-07 20:34:48,,0,0
https://www.threads.com/@itsqhalz/post/DeMU8Y4CbUE,DeMfmOwj__s,threads,zubaidahzal04,"Dia menang pon dia sakit hati,dia kalah pon sah2 dia sakit hati..sakit otak diorang ni 🤣🤣🤣🤣 aku tahan berapa hari nak komen ni..harini xtahan betull bila dgr statement ni 🤨🤨🤨🤨",2026-10-07 20:43:30,,32,2
https://www.threads.com/@itsqhalz/post/DeMU8Y4CbUE,DeMfrpPEs9g,threads,iisaaaaa_cc,Fakta terima je laa,2026-10-07 20:44:15,,2,1
https://www.threads.com/@itsqhalz/post/DeMU8Y4CbUE,DeMf9OcE5Pp,threads,happykuching27,Korg pakai Kahf jadi camni ke erm,2026-10-07 20:46:39,,0,0
https://www.threads.com/@itsqhalz/post/DeMU8Y4CbUE,DeMgdA8FJ5A,threads,namasayaprincessmayy__,dia pakai filter beauty kecikkan muka tu ke hahahaha,2026-10-07 20:50:59,,0,0
https://www.threads.com/@itsqhalz/post/DeMU8Y4CbUE,DeMg2q-FCfq,threads,_zrhjkt_,Kita semua sibuk dengan F1. Entah bila lah sibuk pasal bola🤣🤣🤣 ni nak layan F1 SG pula,2026-10-07 20:54:29,,3,0
https://www.threads.com/@itsqhalz/post/DeMU8Y4CbUE,DeMhVt2k9vz,threads,ikhafarhah,Influencer malaysia yang masih promote brand ni jangan begok,2026-10-07 20:58:44,,1,0
https://www.threads.com/@itsqhalz/post/DeMU8Y4CbUE,DeMhsl6mf-6,threads,doradahexplorelah,muka tu hasil kahf ke 💀,2026-10-07 21:01:51,,1,0
https://www.threads.com/@itsqhalz/post/DeMU8Y4CbUE,DeMhts_iRzO,threads,kyna_shariff,cm hare.. padahal dorang yg start provoke kot.. pastu playvictimmm babeng btl,2026-10-07 21:02:00,,9,1
https://www.threads.com/@itsqhalz/post/DeMU8Y4CbUE,DeMh6cGk7HR,threads,khairanikarim976,Mcm aliennnn,2026-10-07 21:03:45,,0,0
https://www.threads.com/@itsqhalz/post/DeMU8Y4CbUE,DeMh6rzEgtq,threads,symlasyrff,laaaaaa seriusly laa page official?kahf kahf kahf 🤣,2026-10-07 21:03:47,,0,0
https://www.threads.com/@itsqhalz/post/DeMU8Y4CbUE,DeMiuFKkiU8,threads,flowerpufffs_,"kemain dia adjust dagu dia , kejap besar kejap kecik .",2026-10-07 21:10:48,,0,0
https://www.threads.com/@itsqhalz/post/DeMU8Y4CbUE,DeMi0spCVqH,threads,lovelycat_0,KATAK JADIAN KE NI,2026-10-07 21:11:42,,0,0
https://www.threads.com/@itsqhalz/post/DeMU8Y4CbUE,DeMjzIACRkK,threads,rebelliousrose1993,"Badak air ni bodohnya tak dibuat2 ya. Orang marah pasal diorang hina national anthem, hina arwah Tun Hasmah, hina negara, kesultanan. All of these are unrelated to football. Entah masa bila kita kisah pasal kalah bola ni.",2026-10-07 21:20:13,,38,2
https://www.threads.com/@itsqhalz/post/DeMU8Y4CbUE,DeMj8v0kiMX,threads,thebakingbachelor,Its “let go” not “legowo”.. embahmu legowo muka filter 18 lapis ada hati jual skincare. Ishhhh najis!!,2026-10-07 21:21:32,,9,1
https://www.threads.com/@itsqhalz/post/DeMU8Y4CbUE,DeMj9QKD6x5,threads,wannsrahim.co,scary la muka dia,2026-10-07 21:21:36,,1,0
https://www.threads.com/@itsqhalz/post/DeMU8Y4CbUE,DeMkZHbGlTz,threads,aslynlr,"Serious talk, management team product ni mana wei? Dekat thread minta maaf, dekat tiktok mengutuk. Miscommunication ke apa team diaorg ni? Gila2 betul brand ni.",2026-10-07 21:25:24,,18,1
https://www.threads.com/@itsqhalz/post/DeMU8Y4CbUE,DeMkoO6kmRP,threads,dybamohdnor,Aku ngakk bisaa terima kamuu pakai lens warna muntahh ijoo itu ya. Jelekkkkk yaaaaaaa,2026-10-07 21:27:28,,0,0
https://www.threads.com/@itsqhalz/post/DeMU8Y4CbUE,DeMk0TiFB_u,threads,bellelunax,Bangsa play victim 😂,2026-10-07 21:29:07,,3,0
https://www.threads.com/@itsqhalz/post/DeMU8Y4CbUE,DeMlFqem9ir,threads,tashmong,jojo please tengok ni how to give them a chance???!,2026-10-07 21:31:29,,0,0
https://www.threads.com/@itsqhalz/post/DeMU8Y4CbUE,DeMliy-Hbr4,threads,hannahsfn_,Padia hang ni pakai filter pala besaq 😭😭😭,2026-10-07 21:35:28,,1,0
https://www.threads.com/@itsqhalz/post/DeMU8Y4CbUE,DeMl1vdkmi2,threads,sarafieza,Dah filter pun muka buruk lg,2026-10-07 21:38:03,,0,0
https://www.threads.com/@itsqhalz/post/DeMU8Y4CbUE,DeMl7DBEzpR,threads,muhaymin25,"Kadang itu, sesuatu brand @kahfeveryday @kahfeveryday.my kena menerima kalau di boikot ya sudah. Ya kalau diboikot juga bisa terima gitu yaa jadi jangan malah syirik gitu ya, harus menerima ya dengan lapang daddaaa 🤣",2026-10-07 21:38:47,,1,0
https://www.threads.com/@itsqhalz/post/DeMU8Y4CbUE,DeMmRHcE4I7,threads,hfzhhzr,Bila masa kita kalah seh.. haha. Kasian. Definisi kalah aja nggak ngerti. 🤣,2026-10-07 21:41:47,,0,0
https://www.threads.com/@itsqhalz/post/DeMU8Y4CbUE,DeMm9xUlDpi,threads,iwan_utaraa,lucu😷,2026-10-07 21:47:53,,0,0
https://www.threads.com/@itsqhalz/post/DeMU8Y4CbUE,DeMnDUwCTPI,threads,iwuimlf,Sebagai brand benda2 ni kau tak perlu sebut pon time tengah bawak or pakai baju brand sebab tkde kaitan pon dengan brand kau.. policy kau tkde langsung ke benda2 ni?,2026-10-07 21:48:39,,2,0
https://www.threads.com/@itsqhalz/post/DeMU8Y4CbUE,DeMn6_fj5Tl,threads,uncertaintychoy,Warga mereka semua ada ni ke 🤣,2026-10-07 21:56:15,,2,0
https://www.threads.com/@itsqhalz/post/DeMU8Y4CbUE,DeMpLBAD272,threads,your._rahmaa,,2026-10-07 22:07:10,,0,0
https://www.threads.com/@itsqhalz/post/DeMU8Y4CbUE,DeMpf2Cj4l9,threads,silentmajority345,,2026-10-07 22:10:01,,0,0
https://www.threads.com/@itsqhalz/post/DeMU8Y4CbUE,DeMprEwgWqh,threads,ciklilylicious,bodo... pakai filter pon nampk tololnya. konon2 minta maaf lepas tu menganjeng,2026-10-07 22:11:33,,0,0
https://www.threads.com/@itsqhalz/post/DeMU8Y4CbUE,DeMqAQemGKO,threads,irfnhrl,"Masalahnya bola lawan kita haritu pun full 90 minit main parking bus acah2 terpaling king, pelik siaa fikiran dorang ni. Memang benak dari azali ni, bukan main2 benaknye",2026-10-07 22:14:26,,0,0
https://www.threads.com/@itsqhalz/post/DeMU8Y4CbUE,DeMqKktEha3,threads,mrnf_dotmy,Mcm babi ja cakap mnyampah plak indon sembang mcm pelaq,2026-10-07 22:15:51,,0,0
https://www.threads.com/@itsqhalz/post/DeMU8Y4CbUE,DeMrBHynwpQ,threads,misshunnyalias,serupa probowo gaya berucap.. probowo yg bodo🥴🥴,2026-10-07 22:23:18,,0,0
https://www.threads.com/@itsqhalz/post/DeMU8Y4CbUE,DeMsTzDiV0g,threads,deeryzal,hamak sangat nak juara la weh ? first time ke ni juara ? lawak lah hahaha ada orang malaysia koyak sebab bola ke eh ? aku duk cari dari haritu macam takde la pulak biasa je alahai tu jela modal yang ada pon🤣,2026-10-07 22:34:35,,0,0
https://www.threads.com/@itsqhalz/post/DeMU8Y4CbUE,DeMsvQcklpF,threads,farranabilla_,"Betul la. Otak diaorg ny fikir bola je. Nak frust pasal bola, buat apa. Ingat kita ny x ada kehidupan ke nak fikir bola.",2026-10-07 22:38:20,,1,0
https://www.threads.com/@itsqhalz/post/DeMU8Y4CbUE,DeMuEVJo3kK,threads,adibah_ismail_,Terima muka sendiri dulu baru cite pasal malaysia. Menyirap aku tgk filter dia. Dah mcm muka alien jadinya,2026-10-07 22:49:57,,0,0
https://www.threads.com/@izz7asya/post/DeMa75jEwsI,DeMcizBiaeZ,threads,gksmdan,meletopp 🥵,2026-10-07 20:16:49,,0,0
https://www.threads.com/@izz7asya/post/DeMa75jEwsI,DeMcn3lkz9h,threads,vicsen85_,Beli je.. BEST TU!! 🔥🔥🔥,2026-10-07 20:17:31,,18,10
https://www.threads.com/@izz7asya/post/DeMa75jEwsI,DeMdHp4E-lx,threads,novanmasean,orang malaysia rajin banget ke store cuma buat fotokan brand indonesia. tak punya beand terkenal yaV,2026-10-07 20:21:51,,12,1
https://www.threads.com/@izz7asya/post/DeMa75jEwsI,DeMe7iTEgHz,threads,hambikko,Nak habiskan stock tu.,2026-10-07 20:37:41,,1,0
https://www.threads.com/@izz7asya/post/DeMa75jEwsI,DeMfTeNkho2,threads,fressshrcsss,lumayan nih promosi hhhhhh,2026-10-07 20:40:57,,0,1
https://www.threads.com/@izz7asya/post/DeMa75jEwsI,DeMfkNWk0jG,threads,happykuching27,Marketing ni,2026-10-07 20:43:14,,2,0
https://www.threads.com/@izz7asya/post/DeMa75jEwsI,DeMf83jkiXo,threads,muhammad_amik_,,2026-10-07 20:46:36,,5,1
https://www.threads.com/@izz7asya/post/DeMa75jEwsI,DeMhxqDj6a7,threads,ikinazmann,Boikot boikot buang buang 🇮🇩,2026-10-07 21:02:33,,41,0
https://www.threads.com/@izz7asya/post/DeMa75jEwsI,DeMihF9H1Iy,threads,nick13swk_,,2026-10-07 21:09:01,,127,1
https://www.threads.com/@izz7asya/post/DeMa75jEwsI,DeMlycuCeLM,threads,kztknsl,JANGAN BELI HAHAHAHAHAHA,2026-10-07 21:37:36,,0,0
https://www.threads.com/@izz7asya/post/DeMa75jEwsI,DeMmybLHyNs,threads,doycikubaaa_,harap harap @watsonsmy jangan ambik dah stock kahf ni sumpah semak,2026-10-07 21:46:20,,87,0
https://www.threads.com/@izz7asya/post/DeMa75jEwsI,DeMoAG1jzbE,threads,marynnnni,"diluar dari scandal nya, isi kandungan brandnya emang bagus",2026-10-07 21:56:57,,6,1
https://www.threads.com/@izz7asya/post/DeMa75jEwsI,DeMoiWOEomY,threads,nizamhrl__,Otw beli kahf hehe sbb dah discount🤣🤣,2026-10-07 22:01:37,,7,2
https://www.threads.com/@izz7asya/post/DeMa75jEwsI,DeMowsCFP1W,threads,_arif_haiqal,Kalau harga RM2.20 baru aku beli🗿,2026-10-07 22:03:35,,1,0
https://www.threads.com/@izz7asya/post/DeMa75jEwsI,DeMqXOFFKjA,threads,shahrilfiq,Pegi mam la produk timbang kilo,2026-10-07 22:17:35,,0,0
https://www.threads.com/@izz7asya/post/DeMa75jEwsI,DeMr6kQD_Fs,threads,fikq.h,Elok longkang kan je brand sampah ni 🤣 diskon pun aku tak lalu nak beli 🤣,2026-10-07 22:31:08,,9,0
https://www.threads.com/@izz7asya/post/DeMa75jEwsI,DeMtEhNkm9R,threads,lololololol.a27,Tadi cashier dah scan semua dia cakap nak tambah barang apa-apa ini ada diskaun tolak lagi ada disuka lagi tak naklah tak berminat ￼Bau asap ￼￼,2026-10-07 22:41:14,,9,0
https://www.threads.com/@izz7asya/post/DeMa75jEwsI,DeMtLg5D6Wj,threads,bunga.adriana____,Baru bagi discount dah ada yang kebuloq nak beli. Patut la negara sebelah ckp rakyat malaysia ni lemah,2026-10-07 22:42:12,,19,0
https://www.threads.com/@izz7asya/post/DeMa75jEwsI,DeMujwbElZh,threads,puan_aisha19,Beria dia intai produk bad lab hahaha sebuk jeee,2026-10-07 22:54:14,,0,0
https://www.threads.com/@izz7asya/post/DeMa75jEwsI,DeMuxWHAfAI,threads,mu4zdski_,mereka nak lari tu…nk clear stock🤣🤣,2026-10-07 22:56:06,,0,0
https://www.threads.com/@izz7asya/post/DeMa75jEwsI,DeMv7M-E501,threads,shazwanramz,Buat2 tak nampak je. Bukan bagus pun product dia 😆,2026-10-07 23:06:11,,2,0
https://www.threads.com/@izz7asya/post/DeMa75jEwsI,DeMyJwRE1Yj,threads,wolf.2574935,Badlab pun harg same je dengan menatang kahf ni. Tapi badlab jaaaauh lagi bagus,2026-10-07 23:25:39,,0,0
https://www.threads.com/@izz7asya/post/DeMa75jEwsI,DeMzh0tmgd6,threads,u.ajwad,Diorang nak habiskan stock tu pastu tak nak bawa masuk market Malaysia dah 🤭,2026-10-07 23:37:40,,0,0
https://www.threads.com/@izz7asya/post/DeMa75jEwsI,DeMz4oXE9qp,threads,asy69420,"tgk perfume sat dh murah ke, ritu member aku pakai wangi gak",2026-10-07 23:40:47,,0,0
https://www.threads.com/@izz7asya/post/DeMa75jEwsI,DeM0LczktaH,threads,rieni_ma,Memang dia jual murah pon kat indo bila sampai sini dia jual mahal sbb tu tak kisah pon buat diskaun tu,2026-10-07 23:43:21,,4,0
https://www.threads.com/@izz7asya/post/DeMa75jEwsI,DeM0maWCY75,threads,fatulz,Kasi berkulat + berhabukkk dia dkt rak tu,2026-10-07 23:47:02,,0,0
https://www.threads.com/@izz7asya/post/DeMa75jEwsI,DeM4qlACae4,threads,annrrhmt,Jom grab banyak banyakkkk,2026-10-08 00:22:33,,0,0
https://www.threads.com/@izz7asya/post/DeMa75jEwsI,DeM5oxTk3rp,threads,zewanzaris,Ni jugak yg padu..,2026-10-08 00:31:03,,10,0
https://www.threads.com/@izz7asya/post/DeMa75jEwsI,DeM6WsBEuDS,threads,l4ilasyh,laki aku ni tak up to date dgn isu semasa. ni kalau bwk pegi guardian mesti diborongnya deodorant berbotol2 😌😌,2026-10-08 00:37:19,,0,0
https://www.threads.com/@izz7asya/post/DeMa75jEwsI,DeNAtDbEwGH,threads,ftn.aimn,murahnyaaa produk dia sama murah macam rakyat negara dia🙂‍↔️ patutlaa iq rendah,2026-10-08 01:32:48,,3,1
https://www.threads.com/@izz7asya/post/DeMa75jEwsI,DeNCL-bHz-b,threads,__kolle254,Beli beli diskon cokk 🔥,2026-10-08 01:45:45,,0,0
https://www.threads.com/@izz7asya/post/DeMa75jEwsI,DeNEMOAgMPT,threads,misslucciieebelle,Diskaun wkkwkwk,2026-10-08 02:03:16,,0,0
https://www.threads.com/@izz7asya/post/DeMa75jEwsI,DeNIqkMCKZr,threads,meowtakmaleuw._,Ye nak clear stock & tak amik lagi brandnya ahhahaa,2026-10-08 02:42:22,,0,0
https://www.threads.com/@izz7asya/post/DeMa75jEwsI,DeNMphbE3hS,threads,u.cantseemii,dh boikot2 ni ada sales jgn beli pulak x pasal hujung bulan boss dia post revenue dkt Malaysia naik. kena gelak je nnt🤣🤣🤣🤣,2026-10-08 03:17:10,,0,0
https://www.threads.com/@izz7asya/post/DeMa75jEwsI,DeNR9hok10u,threads,zkwhha,,2026-10-08 04:03:36,,0,0
https://www.threads.com/@izz7asya/post/DeMa75jEwsI,DeNUKmpk4g1,threads,zamanishroud,bagi free pun aku tak nak,2026-10-08 04:22:51,,0,0
https://www.threads.com/@izz7asya/post/DeMa75jEwsI,DeNYCAjk0Mp,threads,ayiem2024,Dekat Indonesia dia jual rm5 je kalau promosi,2026-10-08 04:56:38,,0,0
https://www.threads.com/@izz7asya/post/DeMa75jEwsI,DeNfaJPEokX,threads,gabnicholee,Beli ahh mumpung diskon,2026-10-08 06:01:06,,0,0
https://www.threads.com/@izzat.norkhalim/post/DeMAElTkQSX,DeMB9oRE3jE,threads,fixrezzi,Dah habis pakai memang le ke tong sampah,2026-10-07 16:24:33,,1,1
https://www.threads.com/@izzat.norkhalim/post/DeMAElTkQSX,DeMJYEQieWE,threads,kharimkaa,bentar diambil lagi katna butuh cuci wajah nya WKWKWKWKW,2026-10-07 17:29:20,,2,1
https://www.threads.com/@izzat.norkhalim/post/DeMAElTkQSX,DeMdeAxCcZP,threads,rabbit.87974461,ini juga boikot dongg pleaseee,2026-10-07 20:24:54,,1,0
https://www.threads.com/@izzat.norkhalim/post/DeMAElTkQSX,DeMeURxk2IQ,threads,vicsen85_,BRAND PALING BEST DR TETANGGA !! 🔥🔥,2026-10-07 20:32:19,,3,0
https://www.threads.com/@izzat.norkhalim/post/DeMAElTkQSX,DeMmFWwgQI6,threads,michellekim_20,Isi nya udh habis ya di buang lah🤣,2026-10-07 21:40:11,,3,0
https://www.threads.com/@izzat.norkhalim/post/DeMAElTkQSX,DeMmky7Exlu,threads,kaminomor11,Itu dibuang dari kedai atau dah dibeli baru dibuang y?,2026-10-07 21:44:29,,0,0
https://www.threads.com/@izzat.norkhalim/post/DeMAElTkQSX,DeMnym9D9KK,threads,your._rahmaa,"iihhj buang buang barang, mubazir, tuhan marah",2026-10-07 21:55:06,,0,0
https://www.threads.com/@izzat.norkhalim/post/DeMAElTkQSX,DeMw8iXCXKx,threads,hidup.kadangg.kiddinggg,udah berdebu itu mah udah abis awoakwok,2026-10-07 23:15:06,,0,0
https://www.threads.com/@izzat.norkhalim/post/DeMAElTkQSX,DeM0HVkmRDg,threads,ginaabahia,"Dibuang tuh isinya , paling diambil dipakai lagi ~",2026-10-07 23:42:47,,0,0
https://www.threads.com/@izzat.norkhalim/post/DeMAElTkQSX,DeM-p5fE-Vx,threads,damirituch._,Malaydes pada kenapa dah panas kali😹🤣,2026-10-08 01:14:53,,1,0
https://www.threads.com/@izzat.norkhalim/post/DeMAElTkQSX,DeNCZsqE-_f,threads,khairul_azam25,🤣🤣🤣 akhirnya kelihatan juga watak2 penjilat dari negri hawimaw hawimaw penjilat pantat gajah🤣🤣🤣,2026-10-08 01:47:38,,1,0
https://www.threads.com/@izzat.norkhalim/post/DeMAElTkQSX,DeNESnkDT4T,threads,rizk.ysaputrasamsun,GUE YAKIN PASTI DI AMBIL LAGI🤣🤣🤣🤣🤣,2026-10-08 02:04:08,,0,0
https://www.threads.com/@izzat.norkhalim/post/DeMAElTkQSX,DeNNHZ_k-2y,threads,rafianamta,"Silahkan boycot produk kita!!! Produk sudah banyak yang mendunia bukan macam negara kecil Malaysia aja, masih secuil 34jt warga negara malaysia di bandingkan negara Indonesia+luar negara. Kita udah terkenal di Eropa😜",2026-10-08 03:21:15,,1,1
https://www.threads.com/@izzat.norkhalim/post/DeMAElTkQSX,DeNOzz1E7r3,threads,alifajar024_,Ya lah org udh abis tinggal buang😂,2026-10-08 03:36:03,,0,0
https://www.threads.com/@izzat.norkhalim/post/DeMAElTkQSX,DeNVjYgk5jq,threads,yilfish,,2026-10-08 04:34:59,,0,1
https://www.threads.com/@izzat.norkhalim/post/DeMAElTkQSX,DeNWLAzkj0Y,threads,ndala__,Nguk nguk,2026-10-08 04:40:23,,0,0
https://www.threads.com/@izzat.norkhalim/post/DeMAElTkQSX,DeNXM4Lk5Vy,threads,okaja4141,"Gara2 Indonesia juara FIFA Asean Cup, malaydesh benar2 kebakaran jenggot, marah gak karuan.
Titik terendah malaydesh :
Udh dibantu mafia, cuma jadi juara 3
Bukti low IQ 15 ringgit, otak keledai
😭😭😭",2026-10-08 04:49:23,,0,0
https://www.threads.com/@izzat.norkhalim/post/DeMAElTkQSX,DeNYhuIkwLF,threads,djaimax,"Ah udah sih. Udah kemana"" ini senggol""an kita.",2026-10-08 05:00:58,,0,0
https://www.threads.com/@izzat.norkhalim/post/DeMAElTkQSX,DeNYlQekt3f,threads,faqihshofiyanto,"Fomo kok bodoh

Browsing dulu istilah boycott sono",2026-10-08 05:01:27,,0,0
https://www.threads.com/@izzat.norkhalim/post/DeMAElTkQSX,DeNag-YEtGr,threads,relxwatermeon,Kamera hp lu jelek,2026-10-08 05:18:20,,0,0
https://www.threads.com/@izzat.norkhalim/post/DeMAElTkQSX,DeNbJUAk71K,threads,ahmadendryhusein,"The problem’s the bloody admin, not the products. Malaysia, have ya lot got no bloody brains or what? Boycotting the bloody products ain’t gonna fix a damn thing about the class. The real problem is blokes like you who can’t even tell the difference between a bit of footy banter and real life. Bloody embarrassing mate. And just to add to that, if ya lot start boycotting Indonesian products, remember there are factories and companies affiliated with Indonesia that employ Malaysian staff too.",2026-10-08 05:23:51,,0,1
https://www.threads.com/@izzat.norkhalim/post/DeMAElTkQSX,DeNcsZpE-Kg,threads,susi_susila26,Harus berterimakasih sama kahf lah biar muka anda glowing. Kl ga pake kahf nanti muka balik lagi ke swtelan pabrik makcik,2026-10-08 05:37:23,,0,0
https://www.threads.com/@izzat.norkhalim/post/DeMAElTkQSX,DeNdG1CkmYu,threads,seillandra,Ramaikan beli kahf guys!!! Jaya jaya jaya!!! Mereka donasi buat palestine!!! 👏🏻,2026-10-08 05:40:59,,1,0
https://www.threads.com/@izzat.norkhalim/post/DeMAElTkQSX,DeNddcDEjvK,threads,trakea91,,2026-10-08 05:44:04,,1,0
https://www.threads.com/@izzat.norkhalim/post/DeMAElTkQSX,DeNeRjRkzai,threads,arie_kenzoe,Biar tambah tantrum 😂😂😂😂,2026-10-08 05:51:11,,0,0
https://www.threads.com/@izzat.norkhalim/post/DeMAElTkQSX,DeNf4pbEyRl,threads,kristianus_suryadi,,2026-10-08 06:05:16,,0,1
https://www.threads.com/@izzat.norkhalim/post/DeMAElTkQSX,DeNf_VNE6UK,threads,ido.2350,Padahal brand itu buat kau ganteng bang kalo kau buang balik lagi wajah kau ke asal lagi tak menarik..🤣,2026-10-08 06:06:10,,0,0
https://www.threads.com/@izzat.norkhalim/post/DeMAElTkQSX,DeNgb9EE_Kn,threads,fansianakbaik,Waduhh waduhhh itu lu beli habis di pake ya terus bikin vidio sekolah olah di buang nanti juga di ambil lagi butuh buat cuci muka🤣,2026-10-08 06:10:05,,0,0
https://www.threads.com/@jaisjifli1/post/DeMrKFVD1ah,DeMuuF2E9Yn,threads,fikri_nisa03,Muke nk nagis 🤣,2026-10-07 22:55:39,,0,0
https://www.threads.com/@jaisjifli1/post/DeMrKFVD1ah,DeMxfEDEhh_,threads,jejakrempah12,"Persaingan dagang., brand malaysia x laku, kalah saing dg kahf",2026-10-07 23:19:49,,0,1
https://www.threads.com/@jaisjifli1/post/DeMrKFVD1ah,DeMzGu9nwpD,threads,alifizzuddin18,boikot,2026-10-07 23:33:58,,0,0
https://www.threads.com/@jaisjifli1/post/DeMrKFVD1ah,DeMzaRvkr3D,threads,maysaaaqq,"tapi kasian orang kau nanti hahah, yang store kau kasian nanti hahaha, tak ada kerja jadinya ahahaha",2026-10-07 23:36:38,,0,0
https://www.threads.com/@jaisjifli1/post/DeMrKFVD1ah,DeM0DcRE02s,threads,aime_sofea_hakimee,"Ada baiknye ko pakai face mask dik dr ko tutup muka separuh mcm tu , malu kan?? .. Tak pasal2 merata muka host live company bangang ni..",2026-10-07 23:42:15,,1,0
https://www.threads.com/@jaisjifli1/post/DeMrKFVD1ah,DeM1CyFGDZq,threads,reog_melayu7986,"BAHLUL KURANG KREATIF...
PINTAR LAH DIKIT MALAYSIAL....",2026-10-07 23:50:54,,0,0
https://www.threads.com/@jaisjifli1/post/DeMrKFVD1ah,DeM1NxokpUR,threads,alvnmyd8,Bayangkan kalian mau basuh muka tengok ini😹,2026-10-07 23:52:24,,0,2
https://www.threads.com/@jaisjifli1/post/DeMrKFVD1ah,DeM1t1SmTVG,threads,ginaabahia,"Mau unfollow produknya gak ngaruh , karena produknya berkualitas jadi banyak yg makee",2026-10-07 23:56:47,,0,0
https://www.threads.com/@jaisjifli1/post/DeMrKFVD1ah,DeM4nDCEvYL,threads,aldy_alexandria,Woy monyet 😌😌 klo gak mau pakai y udah abaikan tolol ! Kalah main bola TPI baperan seumur hdup 🤣🤣🤣,2026-10-08 00:22:04,,0,0
https://www.threads.com/@jaisjifli1/post/DeMrKFVD1ah,DeM4sSmEq_d,threads,abdulghonigofur,,2026-10-08 00:23:56,,0,0
https://www.threads.com/@jaisjifli1/post/DeMrKFVD1ah,DeM5opKEyTw,threads,m_afifulloh,Lagu Malaysia gak laku dinegara sendiri 🤣🤣🤣,2026-10-08 00:31:02,,0,1
https://www.threads.com/@jaisjifli1/post/DeMrKFVD1ah,DeM5rNiksXx,threads,freelraaw,tak mempan sebab rakyat kite se kabupaten je,2026-10-08 00:31:23,,0,0
https://www.threads.com/@jaisjifli1/post/DeMrKFVD1ah,DeM6h4Yn8hk,threads,kkuuaannggg,😏,2026-10-08 00:38:51,,0,0
https://www.threads.com/@jaisjifli1/post/DeMrKFVD1ah,DeM6pWVH2-t,threads,aguesjeh,"Gak ngaruh lo mau boikot2,penduduk cuma 30jt kecil.",2026-10-08 00:39:52,,0,2
https://www.threads.com/@jaisjifli1/post/DeMrKFVD1ah,DeM7RzvE3tA,threads,bulip1904,Tak pernah guna pon..,2026-10-08 00:45:23,,0,0
https://www.threads.com/@jaisjifli1/post/DeMrKFVD1ah,DeM7ycCEy-M,threads,ajiarista_14,"Iya yg gambarnya gorila dan manusia purba emang lebih cocok buat muka lo, bro",2026-10-08 00:49:50,,0,0
https://www.threads.com/@jaisjifli1/post/DeMrKFVD1ah,DeM74d2Ccwv,threads,andrianagaf.real,"Keren kahf, cuma bikin statement sedikit langsung panas 1 negara + undang mereka nonton live tiktok Kahf..
Mantapp marketingnya..
👏👏",2026-10-08 00:50:40,,0,0
https://www.threads.com/@jaisjifli1/post/DeMrKFVD1ah,DeM8hQ6Afnn,threads,damirituch._,"Cuma karna sepak bola loh ya, si malaydes ngambek 😹🤣",2026-10-08 00:56:14,,0,0
https://www.threads.com/@jaisjifli1/post/DeMrKFVD1ah,DeNUx4IkyV2,threads,khorry_m,"Yang di roasting semua negara, yang sakit hati cuma malaydes, caper amat lo tolol, sekeluarga lo mau baikot ni produk juga gak ngaruh lah bodoh, ngaku iq si paling tinggi, tapi kelakuan kek monyet..",2026-10-08 04:28:13,,0,0
https://www.threads.com/@jaisjifli1/post/DeMrKFVD1ah,DeNcaHJE_-6,threads,its_mieanna,"Boikot Kahf, support @peacemoodglobal local product👍",2026-10-08 05:34:53,,0,0
https://www.threads.com/@jamalmoreno/post/DeMfJs5j1Lw,DeMgvN3GCtl,threads,neonneutral,Park sini nak tengok ada indon tak,2026-10-07 20:53:28,,2,1
https://www.threads.com/@jamalmoreno/post/DeMfJs5j1Lw,DeMh37JCeT0,threads,cherry_blossom92,"Dari tak beli tu la tak payah beli langsung,tak payah nak serumpun sangt la org baru meninggal dibabikan kalau keluarga kau kena munkin kau pun tak serumpun kot",2026-10-07 21:03:24,,18,2
https://www.threads.com/@jamalmoreno/post/DeMfJs5j1Lw,DeMh5DeEy1r,threads,hafizjoharr,"Diorang mmg beriya bang. Beli pun tak. Tah2 layan bola pun tak.

Siap ajak Alif Satar, tu yg tak tahan tu",2026-10-07 21:03:33,,0,1
https://www.threads.com/@jamalmoreno/post/DeMfJs5j1Lw,DeMkDwhEw9-,threads,rosmiratul,"Haha tahu xpe, kalau ada pon barang free dari event run/event running club × Kahf 🤣",2026-10-07 21:22:29,,0,0
https://www.threads.com/@jamalmoreno/post/DeMfJs5j1Lw,DeMkXaCki4N,threads,kelimohammad,part so7 setuju..tp free la siap cover 30 lagu…ok boleh setel tepi🤣🤣,2026-10-07 21:25:10,,1,1
https://www.threads.com/@jamalmoreno/post/DeMfJs5j1Lw,DeMr5sKgQmT,threads,hfz_mne,Relex bro...malaysia indonesia mmg dr dulu mcm ni..dlm alam maya bergaduh berbunuh bagai..tapi kalau sentuh antara dua ni..memang dua dua turun berjihad melindungi antara satu sama lain.Dr dulu lagi mcm tu sejak zmn sultan melaka dah mcm tu,2026-10-07 22:31:01,,0,0
https://www.threads.com/@jamalmoreno/post/DeMfJs5j1Lw,DeMvpRNk6mR,threads,fakhrulzulkifli,"Tetap boikot! Ayuh Malaysia, jalankan tanggunjawab kita. ❤️🇲🇾 .",2026-10-07 23:03:44,,11,1
https://www.threads.com/@jamalmoreno/post/DeMfJs5j1Lw,DeMvwZ5lE6A,threads,man_sencai,backup member lah tuh kih kih kih kih,2026-10-07 23:04:42,,2,1
https://www.threads.com/@jamalmoreno/post/DeMfJs5j1Lw,DeMv_EGmdLS,threads,zuzulfadly,"Benda sama org ckp psl starbuck and mcd. Tgk apa jd dekat 2 brands ni. Starbuck tutup byk kedai. Mcd terpaksa labur byk duit buat kempen nk cleaning up their name. Tu brand besar.

Of course dorg boleh buat marketing concert, bagi free etc tp tu still tk menjamin org malaysia akan kembali beli product dorg. The real question berapa byk yg dorg sanggup labur nk buat benda tu semua?

Dua benda je nk ckp, jgn underestimate kuasa boikot and jgn tabur pasir kt periuk nasi sendiri.",2026-10-07 23:06:42,,4,1
https://www.threads.com/@jamalmoreno/post/DeMfJs5j1Lw,DeNYd84E2P4,threads,kalikeberapa345,Mmg berieee bang hahahaha yg komen tu nescafe sush timggl brand support israel iphonee ahhaha adidas hahahaha,2026-10-08 05:00:27,,0,0
https://www.threads.com/@jay_fadli28/post/DeLWpHcERNl,DeLZSLWAWVF,threads,usnea_8,itupun gak semua orng Melayu sana childish kayak Abang ini 🤣,2026-10-07 10:29:06,,2,0
https://www.threads.com/@jay_fadli28/post/DeLWpHcERNl,DeLZ9b0iTkR,threads,whatshukriesaid,"Engkau ingat cina dan india malaysia nak support kahf tu. Lol, jangan mimpilah. Dorang punya buying power pun still kat tangan orang melayu.",2026-10-07 10:35:00,,48,3
https://www.threads.com/@jay_fadli28/post/DeLWpHcERNl,DeLb2E6E_Q7,threads,andrispurwanto,"Itupun udah mo punah,budak2 disana lebih pandai cakap Bahasa Indonesia drpd cakap bahasa Melayu
🤭😂😂😂",2026-10-07 10:51:29,,1,1
https://www.threads.com/@jay_fadli28/post/DeLWpHcERNl,DeLb98IGSxf,threads,nizam.mokhtar86,Then kenapa @kahfeveryday.my @kahfeveryday buat statement mohon maaf kalau tak terkesan ?,2026-10-07 10:52:33,,6,0
https://www.threads.com/@jay_fadli28/post/DeLWpHcERNl,DeLcHUok5pL,threads,faizzohaimi_,"Ahahahaha kau tau tak buying power malaysia memang kat tangan bumiputera? Malu bertanya,sesat jalan😂😂😂",2026-10-07 10:53:50,,47,3
https://www.threads.com/@kajeelde/post/DeMPcjbn4-E,DeMRtb4E4Zk,threads,ikhayunus85,Yelah...ko menang..ambik la semua...,2026-10-07 18:42:24,,2,0
https://www.threads.com/@kajeelde/post/DeMPcjbn4-E,DeMSJtuj4MU,threads,chxrryb0mmb,kajeel ke dajeel?,2026-10-07 18:46:01,,0,0
https://www.threads.com/@kajeelde/post/DeMPcjbn4-E,DeMSwCLk817,threads,the_jang92,"Sendiri negara hutang
Banyak gaya😂",2026-10-07 18:51:15,,4,0
https://www.threads.com/@kajeelde/post/DeMPcjbn4-E,DeMT0cOE9Se,threads,lisssqalll10,"kau ingat bola kau tu bole padam kan api ke ?? , kesian otak nye pun sama sama terbakar 🤣",2026-10-07 19:00:35,,0,0
https://www.threads.com/@kajeelde/post/DeMPcjbn4-E,DeMVdMGiVF9,threads,aylaarissa12,,2026-10-07 19:14:53,,0,0
https://www.threads.com/@kajeelde/post/DeMPcjbn4-E,DeMXbYDHbyY,threads,nrlyu_i,,2026-10-07 19:32:07,,0,0
https://www.threads.com/@kajeelde/post/DeMPcjbn4-E,DeMXqXRknDu,threads,juliyana.nor,,2026-10-07 19:34:35,,0,0
https://www.threads.com/@kajeelde/post/DeMPcjbn4-E,DeMiYyhGA85,threads,sy4fyka_,"Waktu bola dah hbs bang, sekarang ni topik KAHF dgn JEREBU, apa bodoh sgt la otak kau ni, bola tu boleh kasi makan ke siaw, negara mana sanjung waktu kau menang? Memang beria la warga 62 ni",2026-10-07 21:07:53,,0,0
https://www.threads.com/@kajeelde/post/DeMPcjbn4-E,DeMjCYDEkLu,threads,inaralis_,,2026-10-07 21:13:34,,0,0
https://www.threads.com/@kajeelde/post/DeMPcjbn4-E,DeMjTGlCd9M,threads,arefyq,Jadi gunakan bola Dan piala mu untuk padam kebakaran di Kalimantan. Bodoh,2026-10-07 21:15:51,,0,0
https://www.threads.com/@kajeelde/post/DeMPcjbn4-E,DeMljdeFCpV,threads,cikengpop,"kajeel kajeel, kecik kecik minum susu ke minum apa yang sampai bodoh macam ni? lain kali pergi sekolah bukan buat wadidaw okay?",2026-10-07 21:35:33,,0,0
https://www.threads.com/@kajeelde/post/DeMPcjbn4-E,DeMnGUHgd4n,threads,sannieyosh,"nyenyeneye dasar negara buat masalah ,pastu sibuk dengan bola dia tahu la first time menang",2026-10-07 21:49:03,,0,0
https://www.threads.com/@kajeelde/post/DeMPcjbn4-E,DeMqBdZFAMG,threads,hlmywzz,Udah 2026 masih dijajah belanda 😂,2026-10-07 22:14:36,,0,0
https://www.threads.com/@kajeelde/post/DeMPcjbn4-E,DeMq5N0E1aw,threads,dniyinsyirh,"eh kajeelde, aku raso otok mu dengey ore ore mu hok lain meme punoh doh la. sebab kecek macey tok guno otok. mu ingat ore malaysia herey ko meney ko kaloh? jerebu negara mu tu kalu wat mati ore mu sajo takpo, ni pah ko ore lain pun buleh mati. kalau bendo lagu ni pun mu ingat ore malaysia tok habih habih nok cari baloh, kawe raso meme sek demo hok bodo ori",2026-10-07 22:22:13,,4,0
https://www.threads.com/@kajeelde/post/DeMPcjbn4-E,DeMsK0RCcoT,threads,ur.nadia27,Cakap macam mak limah biadap ye ko . Ingat pejuang kitorang ni dulu apeeeee,2026-10-07 22:33:22,,0,0
https://www.threads.com/@kajeelde/post/DeMPcjbn4-E,DeMvfm0DwZZ,threads,erycav99,"Malas je nak riakk , kaum korang sendiri speaking fact abt malay value. Kaum korangs sendiri gaduh sesama korang . But anyways . Tolong kalimantan . And move on",2026-10-07 23:02:25,,1,0
https://www.threads.com/@kajeelde/post/DeMPcjbn4-E,DeMwRJPD0AI,threads,unicorn.7051753,untuk yang terpaling berjuang 🤣🤣,2026-10-07 23:09:11,,1,0
https://www.threads.com/@kajeelde/post/DeMPcjbn4-E,DeM33yTmdaP,threads,mohdnizam_b,"Baru aja juara piala asia, habis satu kalimantan dibakar
Kalau menang piala dunia, mungkin pulau jawa dan sumatera pulak dibakar",2026-10-08 00:15:37,,0,0
https://www.threads.com/@kajeelde/post/DeMPcjbn4-E,DeM5DzIAeyI,threads,alxey7895,,2026-10-08 00:26:00,,0,0
https://www.threads.com/@kajeelde/post/DeMPcjbn4-E,DeM5L52ElfD,threads,ztyywho_,"bro, better kau guna platform kau ni untuk suarakan issue kat kalimantan tu. lagi baik daripada post benda yang boleh menimbulkan pergaduhan.",2026-10-08 00:27:06,,0,0
https://www.threads.com/@kajeelde/post/DeMPcjbn4-E,DeM5qS-EuxJ,threads,farranabilla_,Bola dah habis. Dah habis. Orang sekarang dah x borak pasal bola lagi dah.,2026-10-08 00:31:15,,0,0
https://www.threads.com/@kajeelde/post/DeMPcjbn4-E,DeM6mHTk63Y,threads,fafaliee_,kecek gapodio mu nih.,2026-10-08 00:39:25,,0,0
https://www.threads.com/@kajeelde/post/DeMPcjbn4-E,DeM6283H5wr,threads,hafizi.mohamadd,Diam la kau FIRE NATION..dasar BEBAN ASEAN 👎🏻👎🏻,2026-10-08 00:41:43,,0,0
https://www.threads.com/@kajeelde/post/DeMPcjbn4-E,DeM64kMk4xM,threads,srinilamiera,"tak sudah dengan bola jela kau ni , tah pape",2026-10-08 00:41:56,,0,0
https://www.threads.com/@kajeelde/post/DeMPcjbn4-E,DeM90asEwiO,threads,ayahngahaileron,Kemenangan dah di rancang..kalau x siapa nak masuk stadium..🤣🤣,2026-10-08 01:07:35,,1,0
https://www.threads.com/@kajeelde/post/DeMPcjbn4-E,DeM_Bniga-O,threads,imsnamr,Pasaipa nak kesian kat kami? Kesian kat negara hampa la 😂 jawi pun tk gheti bacaa apoo la,2026-10-08 01:18:08,,0,0
https://www.threads.com/@kajeelde/post/DeMPcjbn4-E,DeNAB3bE5Y6,threads,nrainimaidieh,BISA STOP GAK BERANTEM??HORMAT MEREKA YANG SEDANG BERJUANG DI KALIMANTAN PLEASE,2026-10-08 01:26:54,,0,0
https://www.threads.com/@kajeelde/post/DeMPcjbn4-E,DeNM8vvE_5W,threads,3ryy.co,"negara korupsi juga ribet, mahu membeli beras 1kg harus wadidaw dulu",2026-10-08 03:19:48,,0,0
https://www.threads.com/@kajeelde/post/DeMPcjbn4-E,DeNNDeFk8Ts,threads,azrie_baharuddin,Miskin anjirrrr,2026-10-08 03:20:43,,0,0
https://www.threads.com/@kajeelde/post/DeMPcjbn4-E,DeNOTpZk9U0,threads,vscryin_,Menyalaaaa indo ku🔥 nanti padam api guna piala tau,2026-10-08 03:31:40,,0,0
https://www.threads.com/@kajeelde/post/DeMPcjbn4-E,DeNP2gfE6RR,threads,_rxfxi,"Bocil , belajar sejarah lagi goblok.. anak pentol",2026-10-08 03:45:10,,0,0
https://www.threads.com/@kajeelde/post/DeMPcjbn4-E,DeNTgN9E10J,threads,nirzays103,,2026-10-08 04:17:04,,0,0
https://www.threads.com/@kajeelde/post/DeMPcjbn4-E,DeNUch3EwCJ,threads,elk.9801879,Kesiann... Now I know why you DESERVED probowo,2026-10-08 04:25:18,,0,0
https://www.threads.com/@kamuandri/post/DeL5j79CQne,DeL92GLlEK_,threads,zebra.10338523,ni aku s7,2026-10-07 15:48:35,,2,0
https://www.threads.com/@kamuandri/post/DeL5j79CQne,DeMBhBDo_vW,threads,anti_sawit_monokultur,Awas nanti ada odgj tantrum😂😂🤣,2026-10-07 16:20:39,,2,1
https://www.threads.com/@kamuandri/post/DeL5j79CQne,DeMByHCmqRF,threads,ran899012,"Mana ngerti mereka mas, dipikir kawasan asean cuman negara meraka saja yg ad penduduknya",2026-10-07 16:22:59,,87,1
https://www.threads.com/@kamuandri/post/DeL5j79CQne,DeMCW_uEpsz,threads,jejakrempah12,Melayu malaydesh otak otak udang,2026-10-07 16:28:01,,2,0
https://www.threads.com/@kamuandri/post/DeL5j79CQne,DeMCd4yIwhP,threads,kemasrian,"Apalagi skincare, jangankan local yg dari luar aja masuk sini bersaing 😀",2026-10-07 16:28:58,,79,0
https://www.threads.com/@kun_anif/post/DeKLpYsEwXe,DeLBak8n8qH,threads,sven_tm99,Ini maksudnya siapa yg disinggung,2026-10-07 07:00:32,,0,0
https://www.threads.com/@kun_anif/post/DeKLpYsEwXe,DeLVtjEiaWL,threads,danangsedanu_,Brand Indonesia mah udah ada di mana mana cill. Lu boikot juga ga ngaruh apa apa,2026-10-07 09:57:53,,0,0
https://www.threads.com/@kun_anif/post/DeKLpYsEwXe,DeLY9mqifeA,threads,abdlmfddd,@meta.ai apakah postingan dari Kahf itu asli,2026-10-07 10:26:17,,0,1
https://www.threads.com/@kun_anif/post/DeKLpYsEwXe,DeLjfBokrdr,threads,1011__mochammad,"Wkwkw tersinggung aku tersinggung, nah geng nak sakit hati terserah kau",2026-10-07 11:58:14,,0,0
https://www.threads.com/@kun_anif/post/DeKLpYsEwXe,DeLj1cEAawK,threads,arfan_libert,ROTI JALAK MAK MALAYSIA BIADABBB,2026-10-07 12:01:18,,0,0
https://www.threads.com/@kun_anif/post/DeKLpYsEwXe,DeLkKwhCb_6,threads,adiet.yoh,,2026-10-07 12:04:12,,0,0
https://www.threads.com/@kun_anif/post/DeKLpYsEwXe,DeLkvculJaN,threads,ardyzsky,,2026-10-07 12:09:13,,0,0
https://www.threads.com/@kun_anif/post/DeKLpYsEwXe,DeLll93EwWe,threads,stillstayhere__,Upin ipin anak anjing,2026-10-07 12:16:40,,0,0
https://www.threads.com/@kun_anif/post/DeKLpYsEwXe,DeLqniQkufZ,threads,fakk_id,"Assalamualaikum warga Malaysia, salam damai dari Indonesia 🙏🏻☺️",2026-10-07 13:00:34,,0,1
https://www.threads.com/@kun_anif/post/DeKLpYsEwXe,DeL1AN6korf,threads,akuponbingung,"Tak pernah ucap hello pergi kau melambaii, HARIMAWWW MARIMAAWW, IH TAKOTNYEEE",2026-10-07 14:31:19,,0,1
https://www.threads.com/@kun_anif/post/DeKLpYsEwXe,DeL1P6bEwYJ,threads,kun_anif,Hahaaa ayuhh garudaa,2026-10-07 14:33:27,,0,0
https://www.threads.com/@kun_anif/post/DeKLpYsEwXe,DeL9BgRkwju,threads,robert_imanuell,emang ngaruh di boikot negara kecil?,2026-10-07 15:41:24,,0,0
https://www.threads.com/@kun_anif/post/DeKLpYsEwXe,DeMGYVtCWIf,threads,rrisfaris_,"nangis, orang thailand kaga koar” kya malaydog",2026-10-07 17:03:09,,0,0
https://www.threads.com/@kun_anif/post/DeKLpYsEwXe,DeMTeVVj0Rd,threads,fathirrr_kitiw,hawimaw meow😹,2026-10-07 18:57:34,,0,0
https://www.threads.com/@kun_anif/post/DeKLpYsEwXe,DeMgRvZEvud,threads,alfauzan_0610,"kahf mah geli dong diboikot kabupaten, eh maksudnya negara kecil😹",2026-10-07 20:49:27,,0,0
https://www.threads.com/@kun_anif/post/DeKLpYsEwXe,DeMiruij2ke,threads,floerenoa,Auh ah aku tak paham perbolaan. salam dari Indonesia semoga cepat pulih hilang jerebu akibat kebakaran hutan Kalimantan 🙏🙏,2026-10-07 21:10:28,,1,1
https://www.threads.com/@kun_anif/post/DeKLpYsEwXe,DeMmBECEywE,threads,drrie49,Kasih menang biar gak tantrum,2026-10-07 21:39:36,,0,0
https://www.threads.com/@lanun.sungai/post/DeMLlehibYk,DeMRvQ4k2_f,threads,rin21jamal,Nnti susanti boleh tolong padamkan apa di indo,2026-10-07 18:42:24,,4,0
https://www.threads.com/@lanun.sungai/post/DeMLlehibYk,DeMZzjhkzrH,threads,kootoowood82,"""Tamatlah sudah... Alkisah kamiiiiii... Terima kasih dan jumpa lagiiiii. """,2026-10-07 19:52:54,,9,0
https://www.threads.com/@lanun.sungai/post/DeMLlehibYk,DeMbxQVCRXp,threads,opiegps,,2026-10-07 20:10:04,,11,1
https://www.threads.com/@lanun.sungai/post/DeMLlehibYk,DeMfI-AEu9W,threads,ryer_ryer,جادي ڤڠامين ج سنتي,2026-10-07 20:39:31,,1,0
https://www.threads.com/@lanun.sungai/post/DeMLlehibYk,DeMjkQ4HzoT,threads,farhahetty,Alhamdulillah..berita baik,2026-10-07 21:18:11,,2,0
https://www.threads.com/@lanun.sungai/post/DeMLlehibYk,DeMmpeck8Fj,threads,drrie49,Susanti mana denis jemput,2026-10-07 21:45:07,,5,2
https://www.threads.com/@lanun.sungai/post/DeMLlehibYk,DeMnlBCGVDf,threads,yeyekumis,Iya iyaaaa .. 🤣🤣 kita doakan pemimpin negara Malaysia tobat dari penyuka sesama jenis ..,2026-10-07 21:53:15,,0,0
https://www.threads.com/@lanun.sungai/post/DeMLlehibYk,DeMoqOBE6nu,threads,ayaniayub,Elok menjadi pengakhiran c susanti..bijak iq 🇲🇾,2026-10-07 22:02:42,,3,0
https://www.threads.com/@lanun.sungai/post/DeMLlehibYk,DeMpNHFibxL,threads,zimifahmi03,,2026-10-07 22:07:28,,13,1
https://www.threads.com/@lanun.sungai/post/DeMLlehibYk,DeMrSNek9Vv,threads,badger.6416132,Malaydesh sibok menyalak,2026-10-07 22:25:38,,0,0
https://www.threads.com/@lanun.sungai/post/DeMLlehibYk,DeMrWwqk8pD,threads,badger.6416132,Adab orang tua Melayu Malaydesh 🤪🤪🤪,2026-10-07 22:26:15,,0,0
https://www.threads.com/@lanun.sungai/post/DeMLlehibYk,DeMrbTXE9pn,threads,badger.6416132,Adab Guru Melayu Malaydesh,2026-10-07 22:26:52,,1,0
https://www.threads.com/@lanun.sungai/post/DeMLlehibYk,DeMrhE6k_fe,threads,badger.6416132,ADAB REMAJA MELAYU MALAYDESH,2026-10-07 22:27:40,,3,0
https://www.threads.com/@lanun.sungai/post/DeMLlehibYk,DeMy6oLmagQ,threads,alintwin,😂🤣🤣🤣,2026-10-07 23:32:19,,1,0
https://www.threads.com/@lanun.sungai/post/DeMLlehibYk,DeM6gh-kvZP,threads,rizalarghapratama,Betuah punya budak damai gak 😠😡🤬,2026-10-08 00:38:39,,1,0
https://www.threads.com/@lanun.sungai/post/DeMLlehibYk,DeM7QF2GOCA,threads,mz.airani,"Ape barang kena tangkap ngan Imigresen, buat lah cite susanti dan keluarga melancong ke Sarawak, 2 hari di Sarawak susanti dan keluarga mati sebab terlalu banyak sedut asap jerebu",2026-10-08 00:45:09,,2,0
https://www.threads.com/@lanun.sungai/post/DeMLlehibYk,DeNCHyTj4YK,threads,hnifnrb,"dan susanti dianggap sebagai rakyat kelas kedua hanya kerana lahir di Malaysia, segala hak pendidikan, kesihatan semua nya susanti tak dapat.",2026-10-08 01:45:11,,1,0
https://www.threads.com/@lanun.sungai/post/DeMLlehibYk,DeNDhOSj9VO,threads,bangemss.advertising,tolong bantu sikit akak ini nak makan manis manis,2026-10-08 01:57:24,,0,0
https://www.threads.com/@lanun.sungai/post/DeMLlehibYk,DeNHHLfDShO,threads,karl_el69,Cmtu je ending susanti?,2026-10-08 02:28:48,,1,0
https://www.threads.com/@lanun.sungai/post/DeMLlehibYk,DeNPKHektmH,threads,handsome_brat,,2026-10-08 03:39:06,,1,0
https://www.threads.com/@lanun.sungai/post/DeMLlehibYk,DeNQ6IKkxA7,threads,aacjqln,HAHAHAHAHAHAHAHAHAHAHA,2026-10-08 03:54:23,,2,0
https://www.threads.com/@lanun.sungai/post/DeMLlehibYk,DeNTPXcE9Wu,threads,bqhrey,"Berhubung timnas mereka gak juara AFF, ngga juara Asean Cup, gak lolos piala asia, makanya mereka bahas rupiah, pasport, kahf, Indomie, kamari. Pembahasan tak penting & tak ada hubungannya sama bola. Sebab, bola timnas Malaysia tak ada yang bisa dibahas.",2026-10-08 04:14:46,,0,0
https://www.threads.com/@lanun.sungai/post/DeMLlehibYk,DeNdsRtE5JR,threads,zulfaez94,Tak lengkap tanpa ayat “sir…money…sir”,2026-10-08 05:46:06,,1,0
https://www.threads.com/@logobarangan_malaysia/post/DeMTgrTH40H,DeMVTJqlH47,threads,jommalaysia_kpdn,Hi!,2026-10-07 19:13:31,,1,1
https://www.threads.com/@logobarangan_malaysia/post/DeMTgrTH40H,DeMWQ_CE0PB,threads,skifliago,Local Brand First IQ-SAMA DENGAN BABOON PALING TERAKHIR.,2026-10-07 19:21:58,,0,0
https://www.threads.com/@logobarangan_malaysia/post/DeMTgrTH40H,DeMXBu1D0wO,threads,ikinazmann,X tau…mcm mana tu cuba explain,2026-10-07 19:28:37,,1,1
https://www.threads.com/@logobarangan_malaysia/post/DeMTgrTH40H,DeMX2eblGWK,threads,plimaupurut,Tak tau min. Sila terangkan,2026-10-07 19:35:49,,3,1
https://www.threads.com/@logobarangan_malaysia/post/DeMTgrTH40H,DeMYTykkzCJ,threads,nuya_hidayah,"Ni nak pesan sama, jgn hangat hangat taik ayam ya kempen ni. Bila ada isu timbul, bila keadaan tenang2, tenggelam tak muncul2. Aktif socmed kena konsisten. Jadikan isu Kahf ni sebagai permulaan kepada engagement dgn rakyat Malaysia dan hari2 kenalkan produk2 yg ada logo Barangan Buatan Malaysia. Satu hari satu product asalkan konsisten. Jgn ada mentaliti 'alah produk sekian2 dah femes'. Share je semua produk femes atau unknown. Semoga maju jaya hendaknya aminnn",2026-10-07 19:39:49,,74,1
https://www.threads.com/@logobarangan_malaysia/post/DeMTgrTH40H,DeMY-nUlDnQ,threads,megat_sharezman,"Skrg dh tau~ 😬
•
Dihasilkan oleh tangan rakyat Malaysia.
Dimiliki sepenuhnya oleh rakyat Malaysia.
•
Handcrafted Leather Goods. 100% Made in Malaysia by Malaysians~
•
By Appointment Only.
•
Studio located in Bangsar South.
•
Each piece is crafted from scratch, with No Ready-Made stock available except for selected display samples & prototypes. All orders are made exclusively on a Pre-Order/Made-to-Order basis.
•
Prices vary depending on the design, size & selection of Full Grain Leather.",2026-10-07 19:45:40,,37,1
https://www.threads.com/@logobarangan_malaysia/post/DeMTgrTH40H,DeMZMVvk8k4,threads,_aprilpearl_,Support local. Kicap Tong Nam dari Sarawak.,2026-10-07 19:47:33,,9,1
https://www.threads.com/@logobarangan_malaysia/post/DeMTgrTH40H,DeMaRGLiSQT,threads,salma.mzain,Wujud rupanya ..hang hilang mana min .. byk ilmu berguna pd rakyat malaysia,2026-10-07 19:56:56,,18,1
https://www.threads.com/@logobarangan_malaysia/post/DeMTgrTH40H,DeMbUkSD4l2,threads,sophiamunirah,"Tau... product saya dulu ada logo "" Buatan Malaysia"" ni.",2026-10-07 20:06:09,,5,1
https://www.threads.com/@logobarangan_malaysia/post/DeMTgrTH40H,DeMbwC3H6Rf,threads,faranurfarahin,Logo ni ke min? ♥️,2026-10-07 20:09:54,,26,1
https://www.threads.com/@logobarangan_malaysia/post/DeMTgrTH40H,DeMcDVPD5DM,threads,anriadonny,Kan !!! Got goosebump bila Malaysia ni bersatu,2026-10-07 20:12:32,,1,1
https://www.threads.com/@logobarangan_malaysia/post/DeMTgrTH40H,DeMcp13ExpZ,threads,hyz_________,min jgn lupa api² kan sikit pegawai tu,2026-10-07 20:17:47,,0,1
https://www.threads.com/@logobarangan_malaysia/post/DeMTgrTH40H,DeMdVSWmQtY,threads,sixty_detik,Min.. tolong la viral kan product² buatan kita,2026-10-07 20:23:43,,3,1
https://www.threads.com/@logobarangan_malaysia/post/DeMTgrTH40H,DeMeNrdjwMs,threads,syahminohara,"min, nk apply kena ada apa2 fees ke?",2026-10-07 20:31:25,,2,1
https://www.threads.com/@logobarangan_malaysia/post/DeMTgrTH40H,DeMfrw5kwKL,threads,azzinizzad_my,Wah wah min.. laju eyy ride isu.. kena viral cara2 nak up barangan tempatan,2026-10-07 20:44:16,,3,0
https://www.threads.com/@logobarangan_malaysia/post/DeMTgrTH40H,DeMgpAMmVcx,threads,suhz.me,Untuk barang fizikal je ke?,2026-10-07 20:52:37,,1,1
https://www.threads.com/@logobarangan_malaysia/post/DeMTgrTH40H,DeMhLSdGmCz,threads,victori.malaysia,"eleh , hng pon pakai logo nike",2026-10-07 20:57:18,,0,1
https://www.threads.com/@logobarangan_malaysia/post/DeMTgrTH40H,DeMhfe3CTDr,threads,wawa.niwa,"Cuba eja betul-betul sikit. ""Nie"" tu boleh letak ni je. Sakit mata",2026-10-07 21:00:04,,0,0
https://www.threads.com/@logobarangan_malaysia/post/DeMTgrTH40H,DeMhoE9neb1,threads,threads.user.my,SOKONG 100%,2026-10-07 21:01:14,,1,0
https://www.threads.com/@logobarangan_malaysia/post/DeMTgrTH40H,DeMjkJIlIp_,threads,fakhrorrazi07,"pernah beli masa kecik, pemadam, logo buatan malaysia",2026-10-07 21:18:10,,1,0
https://www.threads.com/@logobarangan_malaysia/post/DeMTgrTH40H,DeMkSVGGlz5,threads,theadylaa,mari konsisten beli barangan malaysia 🇲🇾 buy malaysian product first,2026-10-07 21:24:29,,1,0
https://www.threads.com/@logobarangan_malaysia/post/DeMTgrTH40H,DeMlfsBGAKv,threads,adhddimaginative45,Min nak tanya apa inspirasi Kerajaan eh untuk hasilkan logo ni like dalam banyak ii kenapa logo ni yang Kerajaan kita pilih sebagai logo rasmi Buatan Malaysia,2026-10-07 21:35:03,,0,0
https://www.threads.com/@logobarangan_malaysia/post/DeMTgrTH40H,DeMmBqJE_L1,threads,dreamteddy15,Tak tahu. Ingat boleh tampal je,2026-10-07 21:39:41,,2,1
https://www.threads.com/@logobarangan_malaysia/post/DeMTgrTH40H,DeMmVZ2Epnf,threads,rojieada,"Min, please buat daily or weekly updates yang highlight brands local buatan Malaysia!!! at least account ni active and boleh gain traffic/loyal audience",2026-10-07 21:42:23,,5,1
https://www.threads.com/@logobarangan_malaysia/post/DeMTgrTH40H,DeMmhmQEz7g,threads,missaryalili,"Min, boleh listkan dlm website tak yg mana barangan Malaysia.",2026-10-07 21:44:02,,0,0
https://www.threads.com/@logobarangan_malaysia/post/DeMTgrTH40H,DeMnGiFkmP8,threads,azam24silver,Ni page asli kan? bukan AI?,2026-10-07 21:49:05,,2,1
https://www.threads.com/@logobarangan_malaysia/post/DeMTgrTH40H,DeMoB8nicSq,threads,warisanmaktokempire_,Alhamdulillah kami pun dah ada 🫰🏻🤩,2026-10-07 21:57:12,,10,1
https://www.threads.com/@logobarangan_malaysia/post/DeMTgrTH40H,DeMsV0agSTa,threads,sheikh_amirudin89,Min. Tolong promote & bagi naik balik kempen membeli barang2 buatan Malaysia shj.,2026-10-07 22:34:52,,1,2
https://www.threads.com/@logobarangan_malaysia/post/DeMTgrTH40H,DeMtP1Xgfit,threads,azym_azizi,Saya baru tau nak guna logo tu kena dapat kelulusan dulu. Hehe. Good job min sebarkan info bermanfaat ni 😁,2026-10-07 22:42:47,,1,1
https://www.threads.com/@logobarangan_malaysia/post/DeMTgrTH40H,DeMx8P-Grmh,threads,ailevspid0679,baikk,2026-10-07 23:23:48,,0,0
https://www.threads.com/@logobarangan_malaysia/post/DeMTgrTH40H,DeM4kWNE73E,threads,kathiz03,Up,2026-10-08 00:21:42,,0,0
https://www.threads.com/@lsshadow2025/post/DeLz8thE-99,DeL1X0KmX6n,threads,mebz_lyaz,Ok negara babi,2026-10-07 14:34:32,,4,2
https://www.threads.com/@lsshadow2025/post/DeLz8thE-99,DeL2a8pIxa4,threads,balqisss_suu,HAHAHHAHAHAHAHAHAHHAHAAHHAHAHAHAHAHAHHAHAHAHAHAHAHAHAHAHAHAHHAHAHAHAHAHAHAHAHAHAHHAHAHAHAHAHAHAHAHHAHAHAHAHAHAHAHAHAHAHAHAHAHAHAHAHHAHAHAHAHAHAHAHHAHAHAHAHAHAHAHAHAHAHHAHAHAHAHAHAHAHAHAHAHAHAHAHAHAHHAHAHAHAHAHAHAHAHAHAHAHHAHAHAHAHAHAHAHAHAHAHAHAHAHAHAHAHAHAHAHAHHAHAHAHAHAHAHHAHAHAHAHAHAHAHHAHAHAHAHAHAHAHAHAHAHAHAHAHAHAHAHAHAHAHHAHAAHH,2026-10-07 14:43:42,,1,0
https://www.threads.com/@lsshadow2025/post/DeLz8thE-99,DeL2vO3E6wV,threads,hvrrvz.jpg,negara besar besar pon miskin too poor too poor,2026-10-07 14:46:28,,1777,14
https://www.threads.com/@lsshadow2025/post/DeLz8thE-99,DeL3CYwgV01,threads,yudhistira9184,,2026-10-07 14:49:05,,0,0
https://www.threads.com/@lsshadow2025/post/DeLz8thE-99,DeL3_Mmn6n8,threads,flowwithyourheart,Negara hasil hadiah dari inggris tak usah banyak cakap punya power... kalian itu hanya tikuss busuk...🤪🤪🤪,2026-10-07 14:57:23,,1,2
https://www.threads.com/@malaysiabertauhidofficial/post/DeLnwmDnfir,DeLox4ykxvV,threads,cik_yaney9,Hahaahaha 🤭🤭🤭,2026-10-07 12:44:30,,71,1
https://www.threads.com/@malaysiabertauhidofficial/post/DeLnwmDnfir,DeLpZ7bmqiU,threads,dhimasalmer,"Ealah ikut ikut pula akun ini, fokus tegakkan tauhid dan syiarkan dakwah Islam saja min. Hal hal kek gini gausa diikutin.",2026-10-07 12:49:58,,84,13
https://www.threads.com/@malaysiabertauhidofficial/post/DeLnwmDnfir,DeLqaIkD-tZ,threads,xixione17,aw panas,2026-10-07 12:58:44,,0,0
https://www.threads.com/@malaysiabertauhidofficial/post/DeLnwmDnfir,DeLvknJoAVy,threads,_nrlshamila,,2026-10-07 13:43:51,,0,0
https://www.threads.com/@malaysiabertauhidofficial/post/DeLnwmDnfir,DeLwfTfEhks,threads,sofiathesecond_02,admin menyuarakn isi hati HAHAHA,2026-10-07 13:51:52,,1,0
https://www.threads.com/@mknajmiey/post/DeNVlJlk0ry,DeNWCwMEwEn,threads,okaja4141,"Gara2 Indonesia juara FIFA Asean Cup, malaydesh benar2 kebakaran jenggot, marah gak karuan.
Titik terendah malaydesh :
Udh dibantu mafia, cuma jadi juara 3
Bukti low IQ 15 ringgit, otak keledai
😭😭😭",2026-10-08 04:39:16,,0,1
https://www.threads.com/@mknajmiey/post/DeNVlJlk0ry,DeNWT6kEyxC,threads,s_giono25,😭,2026-10-08 04:41:36,,0,0
https://www.threads.com/@mknajmiey/post/DeNVlJlk0ry,DeNYvlWkuPl,threads,ihsanul_h,tak pe.tapi jangan munafik…teriak boikot.tapi masih pakai,2026-10-08 05:02:51,,0,1
https://www.threads.com/@mknajmiey/post/DeNVlJlk0ry,DeNZGHjk8eC,threads,donmuii,"Good job👍 jangan setengah2 bang, batubara juga boykot lah hehe..",2026-10-08 05:05:56,,0,1
https://www.threads.com/@mknajmiey/post/DeNVlJlk0ry,DeNZQBdk9F0,threads,arshafattan20,Beras dari Indo juga boikotlah. Jangan stengah2,2026-10-08 05:07:17,,0,1
https://www.threads.com/@mknajmiey/post/DeNVlJlk0ry,DeNZXKZE-6G,threads,christinebudiarto,,2026-10-08 05:08:16,,0,1
https://www.threads.com/@murnirarashid/post/DeLlI-xnzL3,DeMSvcIkmuf,threads,jehan__yang,😂😂😂,2026-10-07 18:51:10,,4,0
https://www.threads.com/@murnirarashid/post/DeLlI-xnzL3,DeMUJ0zkipm,threads,joemamahijo,Suruh adik cakap : dah menang kenapa nak kerja malaysia? Kan duit hadiah dah banyak 🫢,2026-10-07 19:03:31,,809,2
https://www.threads.com/@murnirarashid/post/DeLlI-xnzL3,DeMUKzzGhgv,threads,street29431,"Nasib baik dia tak ckp, saya allergies Pak kalo brand dari Indianesia.",2026-10-07 19:03:39,,321,1
https://www.threads.com/@murnirarashid/post/DeLlI-xnzL3,DeMUaqnk6wx,threads,hidayu_fa,Hahaha,2026-10-07 19:05:48,,3,0
https://www.threads.com/@murnirarashid/post/DeLlI-xnzL3,DeMW5f9DyjK,threads,ujangggg1,Jahatlah adik kau ni....🤣🤣🤣🤣🤣🤣🤣🤣🤣🤣🤣.....,2026-10-07 19:27:30,,57,1
https://www.threads.com/@murnirarashid/post/DeLlI-xnzL3,DeMeQDDEzCf,threads,aiman_aj_zul,Once KULI always KULI,2026-10-07 20:31:44,,15,0
https://www.threads.com/@murnirarashid/post/DeLlI-xnzL3,DeMelFlmxIB,threads,cinderellaabelle,hahahahahahaha,2026-10-07 20:34:37,,1,0
https://www.threads.com/@murnirarashid/post/DeLlI-xnzL3,DeMfzayAR47,threads,anjangjakka,▓,2026-10-07 20:45:18,,2,0
https://www.threads.com/@murnirarashid/post/DeLlI-xnzL3,DeMgF1kGYF2,threads,jnd.jhr_,"kalau indo tu provoke2 lagi, buang je terus",2026-10-07 20:47:49,,4,0
https://www.threads.com/@murnirarashid/post/DeLlI-xnzL3,DeMg6MAiWgn,threads,username09099336al,Esok balik naik bot wak tu... Ahahaahaahahhahahaha gabaakkkkk member kena tiaw,2026-10-07 20:54:58,,3,0
https://www.threads.com/@murnirarashid/post/DeLlI-xnzL3,DeMh17MidYi,threads,nenoahmad_,Nabati tu manis gila kot. Apa yg dia flex sangat,2026-10-07 21:03:08,,15,0
https://www.threads.com/@murnirarashid/post/DeLlI-xnzL3,DeMina5E3wB,threads,amndhzln,Tampar sekali je kakak . Dh datang negara orang cara haram ada hati nk kutuk . Lepas tampar tu kakak kata negara kau miskin sangat ke sampai mengemis dkt negara orang,2026-10-07 21:09:53,,11,0
https://www.threads.com/@murnirarashid/post/DeLlI-xnzL3,DeMkgMBE100,threads,sahabatmeow17,Beda beda level katanya. Boikot kahf. Kita support yg fitri yahya review pulak https://s.shopee.com.my/4VdNYt5e1E,2026-10-07 21:26:22,,9,0
https://www.threads.com/@murnirarashid/post/DeLlI-xnzL3,DeMrf3Pn9B-,threads,its.fiqqq_,"Sekarang ni tengah hangat isu boikot kan? Korang yg masih tak tahu nak beralih ke produk lokal mana? Tengok sini saya ada buatkan list🤗 semuanya lengkap tinggal pilih je🤗

https://www.threads.com/share/_-qtyPeNU/",2026-10-07 22:27:30,,11,1
https://www.threads.com/@murnirarashid/post/DeLlI-xnzL3,DeMu8FPmfcq,threads,bonzerwan,🤣🤣🤣🤣🤣🤣,2026-10-07 22:57:34,,0,0
https://www.threads.com/@murnirarashid/post/DeLlI-xnzL3,DeM2phUEpEi,threads,rahimanadia_pathihan,"Kalau aku lah memang kena dgn aku tu .ko cari rezeki dekat sini lagi ko nak memekak pulak..berambus sanalah pegi balik Negara ko yg menang bola tu,untung2 menang bola boleh dapat Keja baru..🙄😌",2026-10-08 00:04:56,,0,0
https://www.threads.com/@murnirarashid/post/DeLlI-xnzL3,DeM4ii1D7u_,threads,changsugaaaaaaa,Boleh consider buang/ terminate contract.sebelum kena santau dia main ilmu pukauuu. Goodbyeeeeee diorng ni main blakang hahaha,2026-10-08 00:21:27,,2,0
https://www.threads.com/@murnirarashid/post/DeLlI-xnzL3,DeM_2Yjk9_3,threads,butterflimenaugak,🤣,2026-10-08 01:25:20,,1,0
https://www.threads.com/@murnirarashid/post/DeLlI-xnzL3,DeNPIi3ExlY,threads,sicomeynono,Adik ko bakal pm Malaysia...baik ko jangan buat jahat kat dia..esok2 ko kena buang,2026-10-08 03:38:53,,4,0
https://www.threads.com/@nielrhmt_a/post/DeMgGLMEtOO,DeMiBwZCcXQ,threads,gksmdan,mane pasport kau suki,2026-10-07 21:04:44,,1,1
https://www.threads.com/@nielrhmt_a/post/DeMgGLMEtOO,DeMiLnAErZA,threads,nielrhmt_a,ouh tak faham english eh ? maklumlah kau kan bodoh,2026-10-07 21:06:05,,2,2
https://www.threads.com/@nielrhmt_a/post/DeMgGLMEtOO,DeMifhvj_k8,threads,salsabilaa.qr,abistu diambil balik ke,2026-10-07 21:08:48,,0,1
https://www.threads.com/@nielrhmt_a/post/DeMgGLMEtOO,DeMi1D4FIBx,threads,mr.bottlepackaging,"Gpp,gantilah cepat. Body care itu cocok-cocokan sama badan. Jgn lupa selfie after ganti produk lain.",2026-10-07 21:11:45,,0,0
https://www.threads.com/@nielrhmt_a/post/DeMgGLMEtOO,DeMjadnH9nd,threads,brynaaa_shaa,"Wih banyakk bangett bang, abis tu semua?🤣",2026-10-07 21:16:51,,0,1
https://www.threads.com/@nielrhmt_a/post/DeMgGLMEtOO,DeMjvZxksN-,threads,pra.tiwidinda,"halah abis di videoin di ambil lagi ga? ntr diambil lagi dipake lagi, munafik kan jatohnya🤭",2026-10-07 21:19:43,,2,1
https://www.threads.com/@nielrhmt_a/post/DeMgGLMEtOO,DeMkCmREy1H,threads,hazimmokhtar_,Tindakkan yang bijak bang 👍🏻,2026-10-07 21:22:20,,0,0
https://www.threads.com/@nielrhmt_a/post/DeMgGLMEtOO,DeMkQ_3krLp,threads,lintanghdynti,Wow lengkap tu deoderan tk sygke di buang klo dh cocok produk tu pakai2 je jgn ganti ganti produk lain 🤣🤣,2026-10-07 21:24:18,,0,0
https://www.threads.com/@nielrhmt_a/post/DeMgGLMEtOO,DeMk0s0maeA,threads,mikswildoms,"Silah pakai ni, biar muka koranf kembali ke setelan awal macam gambar",2026-10-07 21:29:10,,1,1
https://www.threads.com/@nielrhmt_a/post/DeMgGLMEtOO,DeMlIOFk02H,threads,its_me_anandiakha,"Buang Tarok tempat sampah bakar jangan cuman di vidio,vidio mati di ambil lagi nnti itu 😆🤣🤣🤣🤣🤣😆😘",2026-10-07 21:31:50,,0,0
https://www.threads.com/@nielrhmt_a/post/DeMgGLMEtOO,DeMmNyMiR4H,threads,ayiddlahh,"Yes once kau sentuh kedaulatan dan mempersendakan negara kami. That’s the end. Kata kita beda level😂 takpe tak ingin pun teruskan pakai, baik pakai produk local kami so much better. Anyway Well Done BANG😆",2026-10-07 21:41:20,,0,0
https://www.threads.com/@nielrhmt_a/post/DeMgGLMEtOO,DeMmQcYE-17,threads,melioner_67,Congratulation,2026-10-07 21:41:42,,0,0
https://www.threads.com/@nielrhmt_a/post/DeMgGLMEtOO,DeMmUvameSW,threads,vinarosmlndaaa,Buka tutupnya buang isinya palingan ntr dipake lg hahaha,2026-10-07 21:42:17,,0,0
https://www.threads.com/@nielrhmt_a/post/DeMgGLMEtOO,DeMmwyuCYgR,threads,marethasadikin,"Aw... suka sangat rupanya dgn brand kahf tu ye... sampe beli botol yg ke berapa itu kak? Makasih loh udah suka dgn produk kahf, ternyata emng sebagus itu ya brand kahf, buktinya kamu smpe dah beli banyak botol",2026-10-07 21:46:07,,1,0
https://www.threads.com/@nielrhmt_a/post/DeMgGLMEtOO,DeMnKQNCRfY,threads,marethasadikin,"Pakcik, kalau nak buang tu, buka tutup botolnya tuang semua isinya kat sampah.. jgn buang gitu aja, kelihatan bngt kalo masih dipake 🤣... btw makasih loh udh beli brand kahf lengkap haha sesuka itu ya kamu sama kahf.. bagus 👍🏻",2026-10-07 21:49:36,,2,1
https://www.threads.com/@nielrhmt_a/post/DeMgGLMEtOO,DeMnp5WlOUk,threads,raykartini00,Boikotlah tak ngaruh pun 250 juta beb rakyat indon,2026-10-07 21:53:55,,0,1
https://www.threads.com/@nielrhmt_a/post/DeMgGLMEtOO,DeMoxQLExdC,threads,theaerospace,Tak kusangka pemakai setia produk kahf banyak kali koleksinya 🤣🤣,2026-10-07 22:03:39,,0,0
https://www.threads.com/@nielrhmt_a/post/DeMgGLMEtOO,DeMpTXlGYeJ,threads,hafiz_871290,Marah nau kau ye bang..nasib la aku x penah beli x penah pakai produk ni..klau x blh buat video juga 🤣🤣🤣🤭🤭🤭,2026-10-07 22:08:19,,0,0
https://www.threads.com/@nielrhmt_a/post/DeMgGLMEtOO,DeMp_AIEg1u,threads,khatergy_,"Ahh,. Cuma konten, paling diambil lagi😆.. caper aja jatohnya",2026-10-07 22:14:16,,0,0
https://www.threads.com/@nielrhmt_a/post/DeMgGLMEtOO,DeMqQ9CD1mJ,threads,bruno.alhambra,we love you kahf 🥰🥰,2026-10-07 22:16:43,,0,0
https://www.threads.com/@nielrhmt_a/post/DeMgGLMEtOO,DeMrCTWmET_,threads,waindah79,"Die lahhh, gile ke?",2026-10-07 22:23:28,,0,0
https://www.threads.com/@nielrhmt_a/post/DeMgGLMEtOO,DeMrXMaD_ki,threads,liamitha22,Pas kamera mati di pungut ulang 😂,2026-10-07 22:26:19,,0,0
https://www.threads.com/@nielrhmt_a/post/DeMgGLMEtOO,DeMrxXvks4-,threads,alvnmyd8,Atur saja la bg,2026-10-07 22:29:53,,0,0
https://www.threads.com/@nielrhmt_a/post/DeMgGLMEtOO,DeMt7BUk81x,threads,hnintlhdyh0307,palenggg dah habesss,2026-10-07 22:48:41,,0,0
https://www.threads.com/@nielrhmt_a/post/DeMgGLMEtOO,DeMunJkDxVo,threads,its.bliko___,Ini produk khusus binatang boleh lh pakai. Binatang jenis apa boleh pilih sesuai varian🤣,2026-10-07 22:54:42,,2,0
https://www.threads.com/@nielrhmt_a/post/DeMgGLMEtOO,DeMutgtGviX,threads,cinta_zhafran,Abis di vidioin jangan diambil lagi yah,2026-10-07 22:55:34,,0,0
https://www.threads.com/@nielrhmt_a/post/DeMgGLMEtOO,DeMu1h0n3XQ,threads,dailyza.real,KALAH BOLAAAA,2026-10-07 22:56:40,,0,0
https://www.threads.com/@nielrhmt_a/post/DeMgGLMEtOO,DeMvVp9GRaV,threads,ginaabahia,"Beli produk kahf banyak banget ka? Cinta banget sama kahf kayaknya, gak ngefek kaaa",2026-10-07 23:01:03,,0,0
https://www.threads.com/@nielrhmt_a/post/DeMgGLMEtOO,DeMwJDiEoT9,threads,bangjay7736,"Bagi saya aja bang,,jgn di buang",2026-10-07 23:08:04,,0,0
https://www.threads.com/@nielrhmt_a/post/DeMgGLMEtOO,DeMw4TyDdXa,threads,atr19.97,"yg kalian boikot adalah brand yang sampe detik ini menjadi lembaga kemanusiaan untuk palestine ,kalopn kalian mau boikot warga indo akan terus support brand2 yang masuk dalam lembaga kemanusiaan untuk palestine .so boikot lah",2026-10-07 23:14:31,,0,0
https://www.threads.com/@nielrhmt_a/post/DeMgGLMEtOO,DeM1SQ6kvtp,threads,radangmulu,"Kau buang pun, company dah dapat duit duluan wkwkw",2026-10-07 23:53:01,,0,0
https://www.threads.com/@nielrhmt_a/post/DeMgGLMEtOO,DeM2cPmmZEX,threads,_onlyfourgann,Kalian hanya segelintir kutu,2026-10-08 00:03:07,,0,0
https://www.threads.com/@nielrhmt_a/post/DeMgGLMEtOO,DeM29JUknwc,threads,vivycancer30,Nnti juga diambil lgi keliatan produk indo itu terkenal bgt sampe ke seblahh🤣,2026-10-08 00:07:37,,0,0
https://www.threads.com/@nielrhmt_a/post/DeMgGLMEtOO,DeM3o-En4ty,threads,kkuuaannggg,"Keluarkan isinya sekali.
Kalo di buang gitu kan bisa di ambil lagi 🤭🤭🤭",2026-10-08 00:13:36,,0,0
https://www.threads.com/@nielrhmt_a/post/DeMgGLMEtOO,DeNBXHLE5QI,threads,sahabatmeow17,Boikot kahf. Kita support yg fitri yahya review pulak https://s.shopee.com.my/4VdNYt5e1E,2026-10-08 01:38:32,,0,0
https://www.threads.com/@nyzamferiy/post/DeMa1B7ktBk,DeMbkulCVOO,threads,gksmdan,takutnyee 😩,2026-10-07 20:08:21,,0,0
https://www.threads.com/@nyzamferiy/post/DeMa1B7ktBk,DeMb0h5k7An,threads,suhaimisulaiman6699,"Malaysians 🇲🇾 don’t boycott for a week and forget the next.
When we say boycott we mean boycott consistently, collectively and until the brand learns that Malaysians can live without it. No noise. No empty threats. Just lost customers, lost revenue and a brand brought back down to earth.
You can ignore a boycott.
You can’t ignore the numbers.",2026-10-07 20:10:30,,7,1
https://www.threads.com/@nyzamferiy/post/DeMa1B7ktBk,DeMb26xlJCR,threads,azlin_mutalib,Tu lah.. negara sendiri pun tak terurus ini kan pula nk sibuk negara org hahah kebakaran tak habis2,2026-10-07 20:10:50,,5,3
https://www.threads.com/@nyzamferiy/post/DeMa1B7ktBk,DeMb_hAEx7R,threads,zakiraris,"Nak boikot buat betul2, jgn hangat2 taikayam jerr..",2026-10-07 20:12:00,,5,0
https://www.threads.com/@nyzamferiy/post/DeMa1B7ktBk,DeMcJR8GkOR,threads,austronesianism,"Trigered sangat rakyat seberang ni, orng indo pon paham sarcasm fun only just for football
Koyak satu negara",2026-10-07 20:13:20,,2,0
https://www.threads.com/@nyzamferiy/post/DeMa1B7ktBk,DeMc3B5E-JW,threads,evolwithlovi,"Ada seruan boycott produk kafh dari Malaysia, tp tak de effect. Penduduk Malaysia kecil ke, hanya 35jt. Kafh kena sokong sama customer Indonesia 280 juta captive market.

Bahkan tak de produk Malaysia yg dikenal di Indonesia kecuali Siti Nurhaliza. Apa yang boleh Malaysia buat?

BELACAN JE 🤭",2026-10-07 20:19:35,,10,4
https://www.threads.com/@nyzamferiy/post/DeMa1B7ktBk,DeMdYink1_Z,threads,arieeeena_y,"Siyes biadap dan celaka, dh mtk maaf dlm live pin komen hina msia , mmg sial..kena siyes boikot this time..dia igt kita memain",2026-10-07 20:24:10,,10,0
https://www.threads.com/@nyzamferiy/post/DeMa1B7ktBk,DeMeIcgklYQ,threads,uastyrdzhii,"Jgn lupa boikut juga hasil bumi indo : minyak kelapa, minyak sawi, batubara tak lupa pule hasil laut : ikan segar yg masuk dalam perutmu itu dari indo wkwkw.,jgn lupa di boikot mau tau smpai mana klian bisa bertaan hidup",2026-10-07 20:30:42,,37,3
https://www.threads.com/@nyzamferiy/post/DeMa1B7ktBk,DeMfRmPFDK4,threads,le_wujie,Tolol,2026-10-07 20:40:41,,0,0
https://www.threads.com/@nyzamferiy/post/DeMa1B7ktBk,DeMfWicE5-8,threads,yanuardireviansyah,Ga ngaruh upin ipin,2026-10-07 20:41:22,,1,0
https://www.threads.com/@nyzamferiy/post/DeMa1B7ktBk,DeMfZdbE0Ec,threads,imam_alaundi,"Boikot saja, gak ngaruh..
Kalian manusia paling aneh di muka bumi.
Kalah main bola yang dibahas malah hal yang lain..
Kalian yang mulai kalian juga yang merasa tersakiti..

Playing football ❎
Playing Victim ✅

👎👎👎👎👎",2026-10-07 20:41:46,,1,0
https://www.threads.com/@nyzamferiy/post/DeMa1B7ktBk,DeMfefJicnx,threads,aan.hm,,2026-10-07 20:42:27,,3,0
https://www.threads.com/@nyzamferiy/post/DeMa1B7ktBk,DeMgT1LieAz,threads,noahabi19,aiiihhh taaakkuuttnya🤭🤭🤭 saking takutnya jadi geli🤣🤣🤣 upin ipin😂😂😂,2026-10-07 20:49:44,,1,0
https://www.threads.com/@nyzamferiy/post/DeMa1B7ktBk,DeMgrSQFFel,threads,julie_srg25,"Karena bola sampai separah ini memang kalau dah ada penyakit hati susah sembuhnya sampai merambat ke akar-akarnya.

Katanya iq tinggi tapi tak nampak pun 🤔",2026-10-07 20:52:56,,5,0
https://www.threads.com/@nyzamferiy/post/DeMa1B7ktBk,DeMhQOUFB-b,threads,puji_hartati08,Kenapa kemana-mana ini jadinya. Kok gak kelar-kelar. Kejuaraan jg uda selesai.,2026-10-07 20:57:59,,1,2
https://www.threads.com/@nyzamferiy/post/DeMa1B7ktBk,DeMhVKXHUz3,threads,smars14.official,LOL keep dreaming boy…. Even a 100% boycott from Malaysia means nothing. Kahf won't go bankrupt because of you. I bet you need kaht at least helping the rohingya stays calm 😊,2026-10-07 20:58:39,,0,0
https://www.threads.com/@nyzamferiy/post/DeMa1B7ktBk,DeMhgtQFPzy,threads,serifa_yz,"Hey @nyzamferiy kamu dengar ya setan emang negara kamu sendiri yang pkai kahf emang kahf takut jika negara kamu boikot, tapi kalau negara malaydesh boikot nanti kamu cuci muka pakai kuah nasi lemak aja ya hahahahah anjing",2026-10-07 21:00:14,,13,4
https://www.threads.com/@nyzamferiy/post/DeMa1B7ktBk,DeMh7-yk6Xw,threads,warung_melly30,Kita kencingin rame rame juga tenggelam nih negara,2026-10-07 21:03:57,,0,0
https://www.threads.com/@nyzamferiy/post/DeMa1B7ktBk,DeMiGslk-gQ,threads,wijaya.rg,"Its kinda weird, cuman karna bola sepak, yg dmana kalian yg mulai hina pahlawan nasional kami, jika mau boycot kaft ato prodak lain kami, silahkan, no worries! Ada bowo aja kami kuat bertahan, apalagi sebatas boycot prodak. Seriously??? 💪🏽💪🏽",2026-10-07 21:05:25,,30,0
https://www.threads.com/@nyzamferiy/post/DeMa1B7ktBk,DeMiNR3lBrb,threads,miszbungaraya,sekali juara dia punya berlagak memperlekeh negara lain,2026-10-07 21:06:19,,0,1
https://www.threads.com/@nyzamferiy/post/DeMa1B7ktBk,DeMiOrNFCwM,threads,roti.jagong.9,Kami muslim..percaya rezeki datang dari mana saja..silahkan di banned..ada wantunya nanti kembali seperti biasa...,2026-10-07 21:06:30,,0,0
https://www.threads.com/@nyzamferiy/post/DeMa1B7ktBk,DeMjPaik2xs,threads,ode_minha,"Boikot juga kahf kagak rugi maah,warga negara Indonesia lebih banyak,dan menggunakan produk khaft. Jadi selow aja.biarkan mereka warga Malaysia pake sabun mandi aja untuk cuci muka🤣🤣",2026-10-07 21:15:21,,2,0
https://www.threads.com/@nyzamferiy/post/DeMa1B7ktBk,DeMklR6mp5q,threads,ryu_spark_a2,"Boikot saja bro, sepuas hati untuk mengobati sakit hatinya 🫢☺️. Btw, jgn nanggung boikotnya, cume parfum ke 😅😅",2026-10-07 21:27:04,,1,1
https://www.threads.com/@nyzamferiy/post/DeMa1B7ktBk,DeMlJvEo3Pa,threads,arie_kenzoe,Mana ada Indonesia rugi kalau diboikot oleh negara kecil ini. Dalam peta dunia pun saiznya tidak sebanding dengan keluasan Indonesia. Jumlah penduduk Malaysia pun lebih sedikit daripada jumlah penduduk di Pulau Jawa. Apa sangatlah ertinya di mata Indonesia? Sedarlah diri kita sendiri.,2026-10-07 21:32:03,,0,0
https://www.threads.com/@nyzamferiy/post/DeMa1B7ktBk,DeMlRQuE0xH,threads,joimjet,"Sengaja dibakar biar ko org malaydesh mabok asap,, wkkkwkk",2026-10-07 21:33:04,,0,0
https://www.threads.com/@nyzamferiy/post/DeMa1B7ktBk,DeMlx6ZDy3h,threads,szeo.wafiiy,"5% boykot ? ah nothing..
because market share indonesia and khaf 95% hanya untuk warga bangladesh dan indian yg tinggal di malay🤣🤣 5% nya rakyat melayu bukanlah target produk2 indonesia yang ada disana... pikir pake otak, 5% mau boikot ? mana ada power 🤣🤣 cuma geli geli aja. 🤣🤣🤣",2026-10-07 21:37:32,,2,0
https://www.threads.com/@nyzamferiy/post/DeMa1B7ktBk,DeMmJNSE96Y,threads,chafidalie,Rendang juga skalian kau boikot,2026-10-07 21:40:43,,0,0
https://www.threads.com/@nyzamferiy/post/DeMa1B7ktBk,DeMmR0nk9QG,threads,mayakrida,Cintailah produk produk Indonesia,2026-10-07 21:41:53,,1,0
https://www.threads.com/@nyzamferiy/post/DeMa1B7ktBk,DeMmat_GXGZ,threads,balqeeslsbila,Ihhh takotnyeee😬😬😬,2026-10-07 21:43:06,,0,0
https://www.threads.com/@nyzamferiy/post/DeMa1B7ktBk,DeMmgGYmSkL,threads,balqeeslsbila,"Tak dapat tangkap tak dapat tangkap ha ha
Intan payong tak kesah nak marawh marawh yeee",2026-10-07 21:43:50,,0,0
https://www.threads.com/@nyzamferiy/post/DeMa1B7ktBk,DeMmjeAkvPD,threads,fhrii.ard,Aaaaaaa takutnyeeeee,2026-10-07 21:44:18,,0,0
https://www.threads.com/@nyzamferiy/post/DeMa1B7ktBk,DeMmqcbEund,threads,lamet.1980,Kalo nak boikot sekalian pengusaha kelapa sawit kalian tuh angkat kaki,2026-10-07 21:45:15,,2,0
https://www.threads.com/@nyzamferiy/post/DeMa1B7ktBk,DeMmsJ9kpBx,threads,romysiahaya_83,Mau boikot... Silahkan...we don't care😉😂🤣,2026-10-07 21:45:29,,0,0
https://www.threads.com/@nyzamferiy/post/DeMa1B7ktBk,DeMm4f6CRe3,threads,engcroot_eh_kecot,@meta.ai apa permasalahan nya ini,2026-10-07 21:47:10,,0,1
https://www.threads.com/@nyzamferiy/post/DeMa1B7ktBk,DeMm_QPGoKB,threads,susanti.pratiwi1971,,2026-10-07 21:48:05,,13,1
https://www.threads.com/@nyzamferiy/post/DeMa1B7ktBk,DeMnSioE5Mj,threads,azzamakif_ikhtiar,"Miris Liatnya
ASTAGFIRULLAH ....
DamaiLah sodaraku ....",2026-10-07 21:50:43,,0,0
https://www.threads.com/@nyzamferiy/post/DeMa1B7ktBk,DeMogqdEvx0,threads,santhoemcm,Bòykot malaysia...,2026-10-07 22:01:23,,0,1
https://www.threads.com/@nyzamferiy/post/DeMa1B7ktBk,DeMoi63E41C,threads,hadysusanto.gn10,Dari sepakbola jadi kemana mana coba yg SDMnya rendah siapa coba?? 🤣🤣🤣,2026-10-07 22:01:42,,4,0
https://www.threads.com/@nyzamferiy/post/DeMa1B7ktBk,DeMoqMSo6OR,threads,mohsahady,"Gk ngefek sama sekali, kahf itu perusahaan besar penduduk malingsia juga sebiji jagung aja sok-sok boikot. Goblok 🤣🤣🤣",2026-10-07 22:02:41,,1,0
https://www.threads.com/@nyzamferiy/post/DeMa1B7ktBk,DeMovD3k0KA,threads,donistagram,"Rakyat mu aja cuma setera kabupaten, cuma geli2 boikot2 mu😂😂",2026-10-07 22:03:21,,0,0
https://www.threads.com/@nyzamferiy/post/DeMa1B7ktBk,DeMowUdEmZG,threads,alex_dpods,"Jumlah penduduk itu berapa mau boikot, ok Hai Pemerintah Setop! export batu bara ke malaysia dong.",2026-10-07 22:03:32,,0,0
https://www.threads.com/@nyzamferiy/post/DeMa1B7ktBk,DeMpE2hlB0-,threads,algarezta,"Ga terima kekalahan malah buat gadu, sepak bola kalian memang belum pantas di kancah international, kenyataan itu memang pahit, lihay kami nnti di piala asia.",2026-10-07 22:06:20,,0,0
https://www.threads.com/@nyzamferiy/post/DeMa1B7ktBk,DeMpFJsDze1,threads,vi_khada,,2026-10-07 22:06:22,,12,1
https://www.threads.com/@nyzamferiy/post/DeMa1B7ktBk,DeMpF3UmljQ,threads,alinamahar5,Boikot je,2026-10-07 22:06:28,,0,0
https://www.threads.com/@nyzamferiy/post/DeMa1B7ktBk,DeMpOcwEiFP,threads,sabariok,punya malu sedikit kenapa bang. cuma karna kalah dalam permainan bola sampe segitunya. mental apa kalian ini. sungguh memalukan. seperti tak punya harga diri. cukup lah negara kalian di cap oleh banyak negara sebagai negara maling. jng ditambah tambah lagi jdi negara mental mati pucuk,2026-10-07 22:07:38,,30,0
https://www.threads.com/@nyzamferiy/post/DeMa1B7ktBk,DeMpYG5j9c4,threads,sw2024.8.4,CUBE LAHH. JGN CAKAP AJE PANDAI.. DARI PRODUK MAKANAN SAMPAI PRODUK LAGU SEMUA MALAYSIAL KALAH... BUKAN NYA NAK PERBAIKI PRODUK.. SKRG NAK BAIKOT PULA... APE NI... MACAM BUDAK KECIL,2026-10-07 22:08:58,,0,0
https://www.threads.com/@nyzamferiy/post/DeMa1B7ktBk,DeMpYTokxEa,threads,w4n9l1n,"Ini gk di boikot juga kehhh 😁🤣😂
Dijamin separuh negara kau kembali ke Jaman ⏳Batu 😁.",2026-10-07 22:08:59,,35,1
https://www.threads.com/@nyzamferiy/post/DeMa1B7ktBk,DeMpvUYmgkl,threads,erricktenggara,Boikot aj..terserah kelen lah..peduli setan..🤣300 juta penduduk indonesia gak kurang utk menggerakan ekonomi sendiri..buktinya negara kami sumber utama pendapatannya pajak rakyat 85 persen..🤣🤣🤣🤣🤣,2026-10-07 22:12:08,,0,0
https://www.threads.com/@nyzamferiy/post/DeMa1B7ktBk,DeMqEPsE5vD,threads,jeazahro,"Playing victim woooyyy. Kalo gamau disenggol, jangan nyenggol. Giliran disenggol balik kok playing victim. Ingat saat kalian dihujat netizen Korea Selatan??? Siapa yg bela kalian? Kami netizen Indonesia. Karena kami masih menganggap kalian adik, sodara serumpun. Tp saat Indonesia menjadi lebih baik dari berbagai aspek kenapa kalian iri dengki????",2026-10-07 22:14:59,,24,0
https://www.threads.com/@nyzamferiy/post/DeMa1B7ktBk,DeMqZabk-Le,threads,tektok_go,Kalo mo boikot boikot SEMUANYA YG DARI INDONESIA dasar anjing kurap. Bisanya lu playing victim dan menghina negara oranh dasar cuma bacot dan munafik. Jom boikot SEMUANYA jgn pilih pilih. Kami hendak balas boikot tapi produkmu gak ada dan gak laku disini hahahaa,2026-10-07 22:17:53,,0,0
https://www.threads.com/@ohbulanofficial/post/DeLfzmhmLzZ,DeLf6aeGh64,threads,afizal.azwan,Haha melingkup la kau,2026-10-07 11:27:01,,0,0
https://www.threads.com/@ohbulanofficial/post/DeLfzmhmLzZ,DeLgYwtiQuX,threads,nazrinbeta,Lingkuplah kau.,2026-10-07 11:31:10,,0,0
https://www.threads.com/@ohbulanofficial/post/DeLfzmhmLzZ,DeLgv_ZH-Qb,threads,sha.louis.718,B0ik0t,2026-10-07 11:34:20,,0,0
https://www.threads.com/@ohbulanofficial/post/DeLfzmhmLzZ,DeLg4_zEXtC,threads,mohdarifarif_,"Demi Maruah Negara🫶🇲🇾 Tamat lah sudah ,bye bye , Boikot @kahfeveryday.my @kahfeveryday",2026-10-07 11:35:34,,8,0
https://www.threads.com/@ohbulanofficial/post/DeLfzmhmLzZ,DeLg7icGWJZ,threads,saepol,Boikot dah dalam senarai,2026-10-07 11:35:55,,0,0
https://www.threads.com/@ohbulanofficial/post/DeLfzmhmLzZ,DeLhqT5CStr,threads,benjamalll,,2026-10-07 11:42:18,,5,0
https://www.threads.com/@ohbulanofficial/post/DeLfzmhmLzZ,DeLhrRvIIGw,threads,nurulmnor72,Boikot jer,2026-10-07 11:42:26,,0,0
https://www.threads.com/@ohbulanofficial/post/DeLfzmhmLzZ,DeLihaCEh5v,threads,therootcauseanalysis,"Ini analisa kami, didalam keadaan semasa. Hanya disebabkan oleh ⚽

Tq🫰",2026-10-07 11:49:49,,0,0
https://www.threads.com/@ohbulanofficial/post/DeLfzmhmLzZ,DeLilWUkfFl,threads,rastah_95,Yang main belanda kok warga Konoha yang ngaku sok jago? 😂😂🖕🏻🖕🏻🖕🏻,2026-10-07 11:50:22,,0,0
https://www.threads.com/@ohbulanofficial/post/DeLfzmhmLzZ,DeLjLofkqWB,threads,rohayaacob,Not accepted😑,2026-10-07 11:55:35,,0,0
https://www.threads.com/@ohbulanofficial/post/DeLfzmhmLzZ,DeLkpIyEwYY,threads,mizse_majid,Mereka nak beda level kita bagi kan perbedaan level yang mereka inginkan,2026-10-07 12:08:21,,0,0
https://www.threads.com/@ohbulanofficial/post/DeLfzmhmLzZ,DeLs5zEgWwg,threads,mhmdfrdnsr,"Apa lagi netizen, gunakan kuasa pembeli, kita kasi boycott 🥱",2026-10-07 13:20:32,,2,0
https://www.threads.com/@ohbulanofficial/post/DeLfzmhmLzZ,DeL5W-QCe_u,threads,dasuke_axam,Sudah Terlambat,2026-10-07 15:09:22,,0,0
https://www.threads.com/@ohbulanofficial/post/DeLfzmhmLzZ,DeL5wy5EcM-,threads,thefighter_33,Sorry do...X mau dah...setia dgn Bad Lab je skrng....brand Malaysia....🇲🇾🇲🇾🔥,2026-10-07 15:12:54,,0,0
https://www.threads.com/@ohbulanofficial/post/DeLfzmhmLzZ,DeL6AYvIwsa,threads,tunbragas,"B
O
I
K
O
T",2026-10-07 15:15:02,,0,0
https://www.threads.com/@ohbulanofficial/post/DeLfzmhmLzZ,DeL8kWUoPNw,threads,ohbulanofficial,https://ohbulan.com/kahf-mohon-maaf-isu-sindir-beberapa-negara-termasuk-malaysia-padam-hantaran-beda-level/,2026-10-07 15:37:25,,2,0
https://www.threads.com/@ohbulanofficial/post/DeLfzmhmLzZ,DeMgFqiHwVV,threads,muhammadhafizbh,Kalau semua negara yang kat bawah tu tak beli produk kahf mati lah kahf,2026-10-07 20:47:48,,0,0
https://www.threads.com/@peacemoodglobal/post/DeNIBmREs9F,DeNI-UJk2Or,threads,miss_siti98,Support local brand💯,2026-10-08 02:45:04,,8,1
https://www.threads.com/@peacemoodglobal/post/DeNIBmREs9F,DeNOAqtk-95,threads,harris_hamili,Terbaik.. Jom support local product.. Lepas ni blh la beli brand ni.. Nampak lebih meyakinkan..,2026-10-08 03:29:04,,24,1
https://www.threads.com/@peacemoodglobal/post/DeNIBmREs9F,DeNOmvWE7eh,threads,justriezal,Allahuakhbar….usaha tak pernah gagal….,2026-10-08 03:34:16,,5,1
https://www.threads.com/@peacemoodglobal/post/DeNIBmREs9F,DeNQ77YE6eg,threads,landotzy69,semoga terus maju kedepan @peacemoodglobal,2026-10-08 03:54:38,,16,1
https://www.threads.com/@peacemoodglobal/post/DeNIBmREs9F,DeNSwkEkz6f,threads,fatimahrashid17,Nanti saya beli,2026-10-08 04:10:34,,2,1
https://www.threads.com/@peacemoodglobal/post/DeNIBmREs9F,DeNTghqk6GS,threads,surieyz,Sapot local guysss.. Byk jer brand Malaysia yang org masih x. Kenal lagi saya dulu pon jual scrub sampai brand tutup 3bulan jer kat pasaran. InsyaAllah ada kekuatan nak start balik hehe.,2026-10-08 04:17:07,,14,1
https://www.threads.com/@peacemoodglobal/post/DeNIBmREs9F,DeNTxSBk0X7,threads,azzaa.firdaus,"Mantap boleh belanja suami pakai brand ni plk 🤩
nnti saya support 👍🏻",2026-10-08 04:19:24,,2,1
https://www.threads.com/@peacemoodglobal/post/DeNIBmREs9F,DeNVZyTk3lt,threads,_maszz,Sebak pulak tgk..akk phm cmne struggle nya korang..semoga bisnes makin maju..semoga produk semakin laris..jgn patah semangat..Goodluck!,2026-10-08 04:33:40,,32,1
https://www.threads.com/@peacemoodglobal/post/DeNIBmREs9F,DeNYpWRE6Pc,threads,4in44_m4shuri,Fly high @peacemoodglobal ✈️,2026-10-08 05:02:00,,0,0
https://www.threads.com/@peacemoodglobal/post/DeNIBmREs9F,DeNY3xKE_q2,threads,mnwrrr12,Mcm ni bguss,2026-10-08 05:03:59,,0,0
https://www.threads.com/@peacemoodglobal/post/DeNIBmREs9F,DeNZEYIkxw_,threads,madammadk,Semoga terus maju jaya 🤍,2026-10-08 05:05:42,,0,0
https://www.threads.com/@peacemoodglobal/post/DeNIBmREs9F,DeNZK07E5BW,threads,its_mieanna,"Boikot kahf, support Peacemood produk local👍",2026-10-08 05:06:35,,7,1
https://www.threads.com/@peacemoodglobal/post/DeNIBmREs9F,DeNZb4dEubN,threads,roslinasallehlina,oo ingat myk wangi..packaging cun sgt..ok2 blh try...jual kat mana tu ..shopee ada?,2026-10-08 05:08:54,,3,1
https://www.threads.com/@peacemoodglobal/post/DeNIBmREs9F,DeNZddbElce,threads,sshafeasyafeqah,"Apa specialnya deodorant ni, bau dia mcm mana pula? Ni khas untuk lelaki eh?
Nak try beli utk husbaby, cerr cerita details. Kasi promote 😂",2026-10-08 05:09:07,,5,2
https://www.threads.com/@peacemoodglobal/post/DeNIBmREs9F,DeNZfWwk-eg,threads,thesyaffaah_,Moga makin murah rezeki utk semua local2 product.. ✋🇲🇾🤲🏼,2026-10-08 05:09:23,,0,0
https://www.threads.com/@peacemoodglobal/post/DeNIBmREs9F,DeNZg-gExkq,threads,aairaaairin,done folo😭😭moga trus lancar urusan nye aamin,2026-10-08 05:09:36,,0,0
https://www.threads.com/@peacemoodglobal/post/DeNIBmREs9F,DeNaKH7k19f,threads,ynasarina,Good luck tau korang,2026-10-08 05:15:13,,0,0
https://www.threads.com/@peacemoodglobal/post/DeNIBmREs9F,DeNaRyykuvq,threads,norsyakila_91,Fly high @peacemoodglobal 🫶🏻,2026-10-08 05:16:16,,0,0
https://www.threads.com/@peacemoodglobal/post/DeNIBmREs9F,DeNa1_hExtq,threads,chaposbangi,"Saya tengok ni pun bergenang air mata 🥹
Semoga laris manis bang!
Chaiyokkk! Local support local! 🇲🇾🇲🇾",2026-10-08 05:21:13,,0,0
https://www.threads.com/@peacemoodglobal/post/DeNIBmREs9F,DeNa4NQE4jZ,threads,norjannatulfatanahmohamad92,👍🏻,2026-10-08 05:21:31,,0,0
https://www.threads.com/@peacemoodglobal/post/DeNIBmREs9F,DeNbHuNElBI,threads,syainabila._,Done follow dan repost . Selamat mendonia . Mari kite support org kita 🫰🏻 .,2026-10-08 05:23:38,,0,0
https://www.threads.com/@peacemoodglobal/post/DeNIBmREs9F,DeNbMsKE9-S,threads,najwanornajwa,maaf sebab lambat support bang 🫶🏻,2026-10-08 05:24:18,,3,1
https://www.threads.com/@peacemoodglobal/post/DeNIBmREs9F,DeNc6gRk4bs,threads,lighstrikeorion,Support berpanjangan guys...,2026-10-08 05:39:18,,0,0
https://www.threads.com/@peacemoodglobal/post/DeNIBmREs9F,DeNdgZik6kv,threads,nurizatieyah,ok done follow,2026-10-08 05:44:28,,0,0
https://www.threads.com/@peacemoodglobal/post/DeNIBmREs9F,DeNdtrOkj24,threads,nana69271,Usaha tidak mengkhianati hasil...semoga terus maju dik,2026-10-08 05:46:17,,0,0
https://www.threads.com/@peacemoodglobal/post/DeNIBmREs9F,DeNdweJEtpM,threads,noor.hk02,Support local brand🔥🔥❤️❤️❤️,2026-10-08 05:46:40,,0,0
https://www.threads.com/@peacemoodglobal/post/DeNIBmREs9F,DeNd22sE-2G,threads,nurizatieyah,cepat support adik ni... 👍..komisen affiliate pon ade..,2026-10-08 05:47:32,,0,0
https://www.threads.com/@peacemoodglobal/post/DeNIBmREs9F,DeNeEUREviD,threads,rezuhayr,Saya pula yang sebak. Moga murah rezeki selalu. Sukses yaa. Saya repost agar semua pakat guna lepas ni.,2026-10-08 05:49:23,,0,0
https://www.threads.com/@peacemoodglobal/post/DeNIBmREs9F,DeNeGBIE2bc,threads,alinamahar5,"Weyy knp plk aku yg terikut nangis... Hahahaha
Nk usha gak products awak nnti",2026-10-08 05:49:37,,1,0
https://www.threads.com/@peacemoodglobal/post/DeNIBmREs9F,DeNeLBBEleu,threads,aisya_umaira87,Bur malaysian 1st... Igt kta² Tun M,2026-10-08 05:50:18,,1,0
https://www.threads.com/@peacemoodglobal/post/DeNIBmREs9F,DeNeafBAdWm,threads,rosyalya90,Tahniahhh! Ada hikmah kan setiap apa jd. Byk brand lokal naik,2026-10-08 05:52:24,,0,0
https://www.threads.com/@peacemoodglobal/post/DeNIBmREs9F,DeNewe1E7D6,threads,lovely_byaishah,Alhamdulillah semoga terus maju Jaya 💝 support local 🌹,2026-10-08 05:55:25,,0,0
https://www.threads.com/@peacemoodglobal/post/DeNIBmREs9F,DeNe7IcEk40,threads,dtudung_dropships,Disebabkan abang nangis. Sy follow sekarang jugak,2026-10-08 05:56:52,,0,0
https://www.threads.com/@peacemoodglobal/post/DeNIBmREs9F,DeNe_EUE8VA,threads,just_callmebob,Kami support!!,2026-10-08 05:57:24,,0,0
https://www.threads.com/@peacemoodglobal/post/DeNIBmREs9F,DeNfWnYkRiJ,threads,alikhayss,tengok abang tu nangis..screen phone pun jadi kabur😭😭,2026-10-08 06:00:37,,2,0
https://www.threads.com/@peacemoodglobal/post/DeNIBmREs9F,DeNffDFk1n9,threads,cowaybyrshafinaz,"Alhamdulillah tahniah Tuan 🙋 dilapangkan segala urusan, dikurnia rezeki yg diberkati dan mencukupi sentiasa insya ALLAH 🤲",2026-10-08 06:01:46,,0,0
https://www.threads.com/@peacemoodglobal/post/DeNIBmREs9F,DeNf1LCE9_O,threads,suaibah_ahbar,Kenapa bila tgk je vdeo saya tertumpu kat gg dia ..elok tersusun😂,2026-10-08 06:04:47,,0,0
https://www.threads.com/@peacemoodglobal/post/DeNIBmREs9F,DeNgNr0EyRh,threads,azuan.a.h,"Alhamdulillah asbab dari satu brand seberang tu, semua rakyat Malaysia mula support brand tempatan.. semoga terus dapat perhatian dan sokongan",2026-10-08 06:08:08,,0,0
https://www.threads.com/@peacemoodglobal/post/DeNIBmREs9F,DeNgrN9k9AQ,threads,encik.jazel,moga dimurahkan rezeki selalu,2026-10-08 06:12:10,,0,0
https://www.threads.com/@peacemoodglobal/post/DeNIBmREs9F,DeNgvkYgXVP,threads,zila.fauzi,Nnti kta follow and tgk live....,2026-10-08 06:12:46,,0,0
https://www.threads.com/@pzapra/post/DeMXCiaFOMq,DeMXCiblN0a,threads,pzapra,"Would love to hear perspectives from both sides, especially from people who have actually handled situations like this.

Your replies are very much appreciated!
::",2026-10-07 19:28:44,,2,0
https://www.threads.com/@pzapra/post/DeMXCiaFOMq,DeMY_3Rkm9p,threads,irahhajerahazman,"Weh i fikir benda sama jugak. Let say la one day di takdirkan dpt staff marketing akal sedikit pendek, buat marketing chaos mcm ni. Bukan kita pun yang buat. Kita business owner pun ada kerja2 lain jugak. What if benda cam ni jadi kat kita, nak buat apa eh? Ada benda mintak maaf tak settle 😂",2026-10-07 19:45:50,,1,0
https://www.threads.com/@pzapra/post/DeMXCiaFOMq,DeMaO6ziQPL,threads,ammarbun,Simple. Minta maaf. Bagitahu punca. Stay silent for a while. Let time heals,2026-10-07 19:56:38,,1,0
https://www.threads.com/@pzapra/post/DeMXCiaFOMq,DeMaapWCS7q,threads,thesweetlifevirgo,"Kalau i care for the company,my damage control is-i am going to do a video introducing myself to apologise and explain that this isn’t the value and conduct of the brand i built but i am a human being who made mistakes,i did not supervised my marketing team enough.
Pastu orang akan google i dan tahu yg i hantar orang pi mekah dan tolong mangsa bencana alam &sedar yg tak perlu boycott product sesama islam.",2026-10-07 19:58:14,,7,2
https://www.threads.com/@pzapra/post/DeMXCiaFOMq,DeMakvUgRpU,threads,barium025,Own the mistake of hiring wrong people.,2026-10-07 19:59:37,,10,0
https://www.threads.com/@pzapra/post/DeMXCiaFOMq,DeMa1YoAeRO,threads,q.haikal.47,"Jadikan sorang kambing hitam atau org yg betul2 salah tu..admit the mistake,.minta maaf",2026-10-07 20:01:53,,1,0
https://www.threads.com/@pzapra/post/DeMXCiaFOMq,DeMbTagEx-O,threads,gadisrawi,"Minta maaf official. Bagitau tindakan tatatertib telah dikenakan setelah disiasat memang staff tu salah. Stay low & humble. Avoid any provocation, avoid reply public with gaslighting or still nak tegakkan benang dah basah. CEO or Marketing Manager sendiri buat statement video maaf pun okay. Hadapi dengan tenang. Akui kesilapan hiring wrong individu for that position, next inform that HR Dept will be more careful on hiring new staff. training berkala tentang communication & handling company acc",2026-10-07 20:05:59,,40,1
https://www.threads.com/@pzapra/post/DeMXCiaFOMq,DeMbwHJCZKa,threads,fatulz,"Minta maaf tanpa proper tindakan ibarat melepas batuk di tangga. Lps tu, mesti esok lusa akan jadi hal yg sama, & settle dgn minta maaf saje. Sy sbg pembeli mmg akan memilih produk lain.",2026-10-07 20:09:54,,2,0
https://www.threads.com/@pzapra/post/DeMXCiaFOMq,DeMcQSWCUnX,threads,rejim,"Sentimen kena kawal dengan sentimen. Seberapa pantas kena issue official public apology.

Pastu tgk sentimen nak apa? Kalau nak nampak ada org kena hukum, buat satu action yang akan memuaskan public contohnya maklumkan siasatan sedang dijalankan. Pelaku telah dipecat serta merta. Amaran untuk semua outlet dan influencer supya tidak memainkan isu spereti ini atau tindakan tegas akan diambil.

Itu cara jaga sentimen. Org nak tahu nilai diri mereka ada harga, bukan boleh diludah tanpa ada akibat.",2026-10-07 20:14:18,,0,0
https://www.threads.com/@pzapra/post/DeMXCiaFOMq,DeMckQdE3S3,threads,happykuching27,Buang staff tu. Tgk hiring proses elok ke tidak. Company punya SOP existent ke tak,2026-10-07 20:17:01,,1,0
https://www.threads.com/@pzapra/post/DeMXCiaFOMq,DeMdT5DEwTE,threads,lion.4091783,Dulu dekat company lama ada mistake macamni. The whole team kena replace. Simple.,2026-10-07 20:23:32,,5,0
https://www.threads.com/@pzapra/post/DeMXCiaFOMq,DeMey5GkmXD,threads,akmaltarmugi,Engage Advisory/PR firm. Diorg ada crisis management advisory. Mahal? Of course. Tapi tak semahal salah langkah ambil advice yang bukan ahli.,2026-10-07 20:36:30,,1,0
https://www.threads.com/@pzapra/post/DeMXCiaFOMq,DeMfZdHiX_X,threads,buttercremematcha,Minta maaf official and duduk diam lepas tu...Yg jadi admin account tu diorang boleh kenakan tatatertib or buang je sebab mencemarkan nama conpany,2026-10-07 20:41:46,,1,0
https://www.threads.com/@pzapra/post/DeMXCiaFOMq,DeMggS_k0VX,threads,nuya_hidayah,"The brand founder kena muncul dan take all the responsibility. Zahirkan integriti. Dgn video, bercakap direct dari mulut. Bukan sekadar kopipes chatgpt dan tepek kat acc threads. Lepas tu admin threads tak perlu merayau rayau dlm threads ni komen merata2 buat engagement. Diam. Branch Malaysia kena pantas take action jadi middleman bridge between HQ dan netizen Malaysia. Tapi kita ni sekadar boleh cakap je lah.depa tak kisah pun, 290 juta org Indon kata netizen sana,, Malaysia 34 juta je.",2026-10-07 20:51:26,,15,0
https://www.threads.com/@pzapra/post/DeMXCiaFOMq,DeMiTnLEvso,threads,toklobai89,"1. Aksi Cepat: Take down konten & rilis permohonan maaf resmi tanpa defensif.
2. Ketatkan SOP: Perbaiki approval matrix konten agar isu sensitif budaya/sosial terfilter.
3. Proteksi BA/Mitra: Amankan reputasi Brand Ambassador & mitra lokal dari dampak krisis.
4. Disiplin Internal: Evaluasi tim/admin terkait dan berikan crisis training secara internal.

Gitu aja sih menurut aku ya, terlepas dari gobloknya admin bego itu😁😁",2026-10-07 21:07:11,,5,0
https://www.threads.com/@pzapra/post/DeMXCiaFOMq,DeMkUaKGSEU,threads,fashilinelynn,"1. Take a proper action untuk staf yg terlibat, suspend etx,
2. Publicly apogize to all and mention that the mistake adalah due to individual mistake dan never align with the brand core value.
3. Respond with caution to the critisism, mengaku that ia mmg kesilapan brand sbab allow that kind of person to represent the brand in the wrong way etc.
4. Improve and enhance internal team PR etx
5. Stay low for a while
6. After a while, come back again with great promotion.",2026-10-07 21:24:46,,1,0
https://www.threads.com/@pzapra/post/DeMXCiaFOMq,DeMlm1Kj9kJ,threads,whooooareyouuu,Bang social media manager kahf sana baru fresh grad bang🤣🤣 apa kau expect mmg mengelupur la member nak hadap boss😭,2026-10-07 21:36:01,,0,0
https://www.threads.com/@pzapra/post/DeMXCiaFOMq,DeMl4EXk2tI,threads,farahaz_97,"As usual yg akan berlaku is take down the post, permohonan maaf secara terbuka & tertib, akan inform apa tindakan yg akan diberikan kepada staff. Staff selalunya akn dikenakan tindakan berdasarkan agreement pekerjaan. Jika tindakan dia membawa keburukan yg besar, akan dibuang kerja.",2026-10-07 21:38:22,,1,0
https://www.threads.com/@pzapra/post/DeMXCiaFOMq,DeMoxF_kg-z,threads,kakakddx,terminate team yg buat hal. betul mohon maaf n diam habis citer.,2026-10-07 22:03:38,,1,0
https://www.threads.com/@pzapra/post/DeMXCiaFOMq,DeMq1R1D8A_,threads,zurul20,"The highest person in the organisation should step up with a genuine video apology, not just a written statement. Seeing leadership take accountability humanises the brand, signals sincerity and helps rebuild trust.",2026-10-07 22:21:41,,2,0
https://www.threads.com/@pzapra/post/DeMXCiaFOMq,DeMu_LPIwXq,threads,atie_intan,"Klu saya ..kalau laaaa.

Sy buat LIVE media immediately.Tarik budak yg buat onar tu then mintak maaf betul² dan pecat terus dalam LIVE or media press!. Semua yg buat onar termasuk livehost terjelir lidah mmg baka konoha!",2026-10-07 22:57:59,,0,0
https://www.threads.com/@pzapra/post/DeMXCiaFOMq,DeMvKKBEx4X,threads,nrlshrh___,"1. Remove the problematic content and save it for internal review.
2. Activate small crisis comm team and create one approved narrative & spokeperson.
3. Do social listening & sentiment analysis to understand how the issue is evolving.
4. Do enviromental screening to go deeper especially about this issue since it is beyond product’s image dah since they put emoji of flags that symbolise “negara”.",2026-10-07 22:59:29,,0,1
https://www.threads.com/@pzapra/post/DeMXCiaFOMq,DeMwtlumfBQ,threads,thehealingroom.my,Kahf- fahk off,2026-10-07 23:13:04,,0,0
https://www.threads.com/@pzapra/post/DeMXCiaFOMq,DeM71-qncHD,threads,ameer8989,"Pendapat saya, selalunya kena ikut style Jepun. Kena take down posting. Lepas itu kena buat permohonan maaf. Lepas itu mereka yang terbabit kena sign legal binding agreement mengenai isu itu. Dan seluruh team yang terbabit mesti diganti. Tapi kadangkala damage terlalu tinggi dan pengakhirannya brand itu akan tumbang.",2026-10-08 00:50:19,,0,0
https://www.threads.com/@pzapra/post/DeMXCiaFOMq,DeNglagE3YT,threads,gheaea,"Banyak yg komen yg bilang untuk minta maaf & mau tau apakah admin dapet sanksi. Minta maaf kan udah. Tapi setauku, itu bukan paragon value tuk nyalahin orang lain. I am pretty sure paragon akan kasih sanksi tegas ke orang itu, apalagi apa yg dia posting sangat jauh berbeda dengan value kahf dan paragon. Tapi aku yakin paragon jg tidak akan blow up ke media karena admin itu tetep manusia yg punya keluarga dan perlu dilindungi. Aku harap tim PR bisa muncul dengan hal kreatif yg saling menghormati.",2026-10-08 06:11:22,,0,0
https://www.threads.com/@ranikrm/post/DeL9sB6lBpj,DeL91M1jDmN,threads,rahmanismail92,My choice is to boycott Kahf.,2026-10-07 15:48:27,,192,0
https://www.threads.com/@ranikrm/post/DeL9sB6lBpj,DeL_LRFlFpd,threads,nurul_halim,"Permisi ya. Its not about indo government, now its about how indonesia business owner especially kahf make marketing without research the sensitivity of malaysia market. Some joke is joke, but if trying to downgrade other countries is not okay. Since you said is harmless, your opinion is not same as the rest of other malaysian feel now. tQ.",2026-10-07 16:00:12,,1,0
https://www.threads.com/@ranikrm/post/DeL9sB6lBpj,DeMANlsGUo4,threads,nur.arham_,"Indo government? What’s the correlation? 😂 If we’re going to drag your government into this, then the obvious topic would be the haze and the problems it has caused us. Not some silly, thoughtless troll from a private brand (which apparently made a fortune in this particular country🤫🤫)

We’re boycotting a brand because of that brand’s own actions. Why are you suddenly bringing an entire government into it? That comparison makes zero sense.",2026-10-07 16:09:16,,21,1
https://www.threads.com/@ranikrm/post/DeL9sB6lBpj,DeMBim8FMxo,threads,aslamklauq,"Hahahahahhaa you're reallly funnyyy you said boycott for a right reason then you say we should boycott the Indo GOVERNMENT!! We don't have a commercial or business relationship with the government, what's there to boycott??",2026-10-07 16:20:52,,46,1
https://www.threads.com/@ranikrm/post/DeL9sB6lBpj,DeMB02HET9_,threads,dzulhilmihamzah,"Err boycotting Indon govt? Urm.. tell me how to do that?

Please keep your stupidity tightly neat inside your nether region.",2026-10-07 16:23:21,,21,0
https://www.threads.com/@reformist101/post/DeMgLPfFLl4,DeMgcyqE3GG,threads,azlanplayaz,Nilai bendera dan maruah lebih tinggi nilainya. Pilihan tuan sangat dihormati 🫡,2026-10-07 20:50:57,,16,1
https://www.threads.com/@reformist101/post/DeMgLPfFLl4,DeMgc3Dn32q,threads,muhdazinuddin,Akibat lantik pekerja (admin) IQ rendah.,2026-10-07 20:50:58,,2,0
https://www.threads.com/@reformist101/post/DeMgLPfFLl4,DeMhkAIEgrJ,threads,incheonkitchen,💪🏻💪🏻💪🏻💪🏻💪🏻,2026-10-07 21:00:41,,1,0
https://www.threads.com/@reformist101/post/DeMgLPfFLl4,DeMiDqZkzot,threads,veri.natural,"ish3 nanti dah habis deodorant tu boleh cuba natural deodorant kami plak

https://theverinatural.com/collections/bundle-deals-1",2026-10-07 21:05:00,,3,1
https://www.threads.com/@reformist101/post/DeMgLPfFLl4,DeMiNaNkzD5,threads,juraganwrites88,@kahfeveryday.my,2026-10-07 21:06:20,,0,0
https://www.threads.com/@reformist101/post/DeMgLPfFLl4,DeMikssk1tX,threads,dzulfiqkayrs,Ramai dah buang,2026-10-07 21:09:31,,2,3
https://www.threads.com/@reformist101/post/DeMgLPfFLl4,DeMjjZPk26t,threads,iamzazahamzah,👏🏻👏🏻well done En Azri,2026-10-07 21:18:04,,1,1
https://www.threads.com/@reformist101/post/DeMgLPfFLl4,DeMrRD2mjIK,threads,farhanaziz.z,Telajar perahu boleh di undur tapi dekat threads kita sekeringshot,2026-10-07 22:25:28,,1,0
https://www.threads.com/@reformist101/post/DeMgLPfFLl4,DeMxA8yk0Iu,threads,redhoxd,"COBA PAKAI BRAND KALIAN SENDIRI YG ADA GAMBAR BERUKNYA BANG BIAR MIRIP ,BTW GA NGARUH YA DI BOIKOT WARGA ROHIGNYA 🤣",2026-10-07 23:15:42,,0,1
https://www.threads.com/@reformist101/post/DeMgLPfFLl4,DeMzI58mdnh,threads,ginaabahia,"Abis diposting paling dipakai lagi , terbukti berkualitas kan?",2026-10-07 23:34:16,,0,1
https://www.threads.com/@reformist101/post/DeMgLPfFLl4,DeNDzQJE_Al,threads,sahabatmeow17,Terlajak perahu boleh diundur..Beda beda level katanya. Boikot kahf. Kita support yg fitri yahya review pulak https://s.shopee.com.my/4VdNYt5e1E,2026-10-08 01:59:51,,0,0
https://www.threads.com/@rxoxo18/post/DeMJyZbk-cy,DeMOYKqCePg,threads,soundsoftheroadatnight,"Awak graduate from UiTM. That’s a very good university, dan saya percaya awak mempunyai kemahiran critical thinking.

Baik ibu, kakak, adik perempuan, atau isteri, (mahupun girlfriend) golongan wanita ini secara tak langsung boleh bagi pendedahan jika ada ahli keluarga lelaki mereka yang tak faham/tak mengikuti isu semasa.",2026-10-07 18:13:02,,279,1
https://www.threads.com/@rxoxo18/post/DeMJyZbk-cy,DeMQTBJDxVm,threads,talalulalit,aik pastu nak boikot ada pembahagian gender juga ke ? stupid,2026-10-07 18:29:49,,31,0
https://www.threads.com/@rxoxo18/post/DeMJyZbk-cy,DeMQv3WlIYR,threads,nanamin_404,Nohhh hahhaha. Sampai issue ni pun nak digender war kan. Bitter dengan sapa ni ?? 😂,2026-10-07 18:33:45,,146,1
https://www.threads.com/@rxoxo18/post/DeMJyZbk-cy,DeMYrUMlDwk,threads,aynaazyn__,"Ada yang beli untuk suami, adik beradik lelaki. So dekat mana salah tu?",2026-10-07 19:43:02,,54,0
https://www.threads.com/@rxoxo18/post/DeMJyZbk-cy,DeMaGV6E7BH,threads,lilgbril,guna ‘pp’ as perempuan pun dah tahu dah iq level mana,2026-10-07 19:55:28,,74,1
https://www.threads.com/@rxoxo18/post/DeMJyZbk-cy,DeMatynEwKG,threads,lion.4091783,Sama company dgn Wardah. Jangan IQ sama rendah dgn konoha pls,2026-10-07 20:00:51,,14,0
https://www.threads.com/@rxoxo18/post/DeMJyZbk-cy,DeMclAFk_Db,threads,that.reve,pernah je beli stick sunscreen dia so tu untuk lelaki ke,2026-10-07 20:17:07,,0,0
https://www.threads.com/@rxoxo18/post/DeMJyZbk-cy,DeMeXI8lAyh,threads,aedan.xxiv,"Sebab yang tentukan deodorant, perfume suami. Isterinya 😂",2026-10-07 20:32:42,,19,1
https://www.threads.com/@rxoxo18/post/DeMJyZbk-cy,DeMiCaBCaLs,threads,afiannur,Perempuan takda bapak takda adik beradik lelaki takda suami ke? Perempuan buluh betong ke?,2026-10-07 21:04:50,,34,1
https://www.threads.com/@rxoxo18/post/DeMJyZbk-cy,DeMj5OQEwIa,threads,yanaahumairaaa,Waktu diorang sindir kita tu diorang ada mention gender for their products tak? tak mention pun kan lagipun product diorang unisex.,2026-10-07 21:21:03,,4,0
https://www.threads.com/@rxoxo18/post/DeMJyZbk-cy,DeMj_UemkCF,threads,nita_sapian,Sbb aku da hampir2 Belikan tuk laki aku ! And mostly wallet Tok laki kat bini lepas da kawin🤣🤣🤣 kawin dulu dik baru comment atau x payah kawin.,2026-10-07 21:21:53,,0,0
https://www.threads.com/@rxoxo18/post/DeMJyZbk-cy,DeMnaIykjDR,threads,ninaanash,Awat yg hang terkeluaq topik ni,2026-10-07 21:51:46,,0,0
https://www.threads.com/@rxoxo18/post/DeMJyZbk-cy,DeMoF1jk6J7,threads,ohmaiwani,adik aku jantan guna produk ni. noktah,2026-10-07 21:57:44,,1,0
https://www.threads.com/@rxoxo18/post/DeMJyZbk-cy,DeMtaJFEuAw,threads,achekynzxki,"Yang pakai laki aku , bukan laki kauu . .

Yang kecam akuuu. . Bukan laki akuu

Eahhh . . Hahhaha sama la tuu yang pentinggg apaaa ????? Laki akuuuu",2026-10-07 22:44:11,,0,0
https://www.threads.com/@rxoxo18/post/DeMJyZbk-cy,DeMyryxk2Cx,threads,naddyrahim,mesti takde gf/wife/family member yang care enough to buy for you kan,2026-10-07 23:30:17,,2,0
https://www.threads.com/@rxoxo18/post/DeMJyZbk-cy,DeMy_8aExC4,threads,syuhazman96,"Rumah aku semua brg aku yg beli, apahal aku tak boleh masuk campur?🥱",2026-10-07 23:33:03,,2,0
https://www.threads.com/@rxoxo18/post/DeMJyZbk-cy,DeM4hoRE-jT,threads,aunty.zue,hmm ..,2026-10-08 00:21:20,,0,0
https://www.threads.com/@rxoxo18/post/DeMJyZbk-cy,DeM9xs2EhoS,threads,hneojf,Boycot lah sebab hampir nak beli one set tau buat hantaran dulang untuk pihak laki. But nahh i found better one,2026-10-08 01:07:13,,2,0
https://www.threads.com/@rxoxo18/post/DeMJyZbk-cy,DeM_ZjsE5uP,threads,rzsfr02,Do you know the connection of man and woman? what about husband and wife??? bro think bro. woman influence man in any decision making.,2026-10-08 01:21:24,,4,0
https://www.threads.com/@rxoxo18/post/DeMJyZbk-cy,DeNCHo2k6wU,threads,cutie.ninimo,ketepikan dulu gender war boleh tak? bongok betul. Kafh memang la produk untuk lelaki tapi dia satu company dengan Wardah. bongok.,2026-10-08 01:45:10,,0,0
https://www.threads.com/@rxoxo18/post/DeMJyZbk-cy,DeNCYrjEwLk,threads,snowyrara,"Ape bodoh sangat ko ni ? Bab ni pun masih nak main gender, otak level tanah sebelah agaknye",2026-10-08 01:47:29,,1,0
https://www.threads.com/@rxoxo18/post/DeMJyZbk-cy,DeNQ752k2dV,threads,falishaa.amnii,sy penah beli ntuk suami cerdik pandai . why nk pertikai . mesti kau xkawin lg kn,2026-10-08 03:54:38,,0,0
https://www.threads.com/@rxoxo18/post/DeMJyZbk-cy,DeNXfQlkzYB,threads,eykiennnn_,Hello perempuan pon beli untuk laki dia. Atau adik beradik laki. Engko dah kenapa.,2026-10-08 04:51:53,,0,0
https://www.threads.com/@rxoxo18/post/DeMJyZbk-cy,DeNao0DkiVn,threads,loves.aint,"nthlah dik, pencuci muka ngn deodarant , or senang cakap bodycare/skincare tunang pun akak yang belikan 😭, apo takde kena mengena",2026-10-08 05:19:25,,0,0
https://www.threads.com/@rxoxo18/post/DeMJyZbk-cy,DeNbfkFkzR2,threads,syzwani_1404,Budak budak bangang dilarang masuk campur 🤣,2026-10-08 05:26:53,,0,0
https://www.threads.com/@rxoxo18/post/DeMJyZbk-cy,DeNdPY0gcLy,threads,pontigenzburnout,"Aku perempuan dah berbotol2 beli Kahf Revered Oud.
Ohhhhh grad uni pepel ka ?",2026-10-08 05:42:09,,2,0
https://www.threads.com/@rxoxo18/post/DeMJyZbk-cy,DeNdahsE4eF,threads,_intanrazali,Betul la tu. Memang dlm malaysia ni semua pompuan je yg hidup.,2026-10-08 05:43:40,,0,0
https://www.threads.com/@rxoxo18/post/DeMJyZbk-cy,DeNehq2kpip,threads,analilli06,Ko dah kenapa. Dalam family perempuan tu takde lelaki ke? Benda la. Perempuan mana lukakan hati ko ni nak bitter sgt,2026-10-08 05:53:23,,0,0
https://www.threads.com/@rxoxo18/post/DeMJyZbk-cy,DeNexVFEll0,threads,_shafiqsalman,pekat naw,2026-10-08 05:55:31,,0,0
https://www.threads.com/@rxoxo18/post/DeMJyZbk-cy,DeNf9S4E0p1,threads,wh0ssyhn,yakin eh graduate from uitm sebab ada nampak a few comments macam orang tak belajar and luc*h 💀. minta simpang jumpa engineer macam dalam industry,2026-10-08 06:05:54,,0,0
https://www.threads.com/@rxoxo18/post/DeMJyZbk-cy,DeNhEtpEnCt,threads,izzahahha,Kesiann kena kecam,2026-10-08 06:15:39,,0,0
https://www.threads.com/@rziershd/post/DeLDs9Zkh6m,DeLkKi9EpGA,threads,zanye,member senyap je tu,2026-10-07 12:04:11,,3,2
https://www.threads.com/@rziershd/post/DeLDs9Zkh6m,DeLnMe7k3PV,threads,hilmy_syafiq,What happened,2026-10-07 12:30:39,,0,1
https://www.threads.com/@rziershd/post/DeLDs9Zkh6m,DeLqkHlmZZr,threads,acem23,"Kalau aliff tak boikot, kita boikot alif pulak. Hahaha",2026-10-07 13:00:06,,191,8
https://www.threads.com/@rziershd/post/DeLDs9Zkh6m,DeLsjJyGUYI,threads,nrslndv,Rasanya alif ni kalau dia buat own product pun memang akan laku..,2026-10-07 13:17:27,,220,4
https://www.threads.com/@rziershd/post/DeLDs9Zkh6m,DeLtwaOk2jl,threads,fairushers,dah itu jalan yang dia pilih kan nak buat camne bang,2026-10-07 13:27:59,,0,1
https://www.threads.com/@shahriduanr/post/DeMfa9ckxfp,DeMhVQbFLUZ,threads,zebra.10338523,kasi fahammm bang,2026-10-07 20:58:40,,0,1
https://www.threads.com/@shahriduanr/post/DeMfa9ckxfp,DeMiZSak2CT,threads,leocompanion,Kasian. Pakailah produk sndir,2026-10-07 21:07:57,,12,1
https://www.threads.com/@shahriduanr/post/DeMfa9ckxfp,DeMjjMxklZ-,threads,rezeki2find,"Malaysian im genuinely asking

Please dont get triggered, I come in peace

Is Romano & safi is considered local brand?

the main company is wizpro Malaysia and wizpro Malaysia is sub company of Wizpro India is and its owned by India",2026-10-07 21:18:03,,6,2
https://www.threads.com/@shahriduanr/post/DeMfa9ckxfp,DeMj0COH5jX,threads,its.fiqqq_,"Sekarang ni tengah hangat isu boikot kan? Korang yg masih tak tahu nak beralih ke produk lokal mana? Tengok sini saya ada buatkan list🤗

https://www.threads.com/share/_-qtyPeNU/",2026-10-07 21:20:21,,2,1
https://www.threads.com/@shahriduanr/post/DeMfa9ckxfp,DeMk6iPmezL,threads,mikswildoms,"Silah pakai produk lokal, biar muka kembali ke setelan awal macam gambar",2026-10-07 21:29:58,,48,20
https://www.threads.com/@shahriduanr/post/DeMfa9ckxfp,DeMlENwE5eT,threads,curseonzionist,,2026-10-07 21:31:17,,0,1
https://www.threads.com/@shahriduanr/post/DeMfa9ckxfp,DeMmEBFE_Dk,threads,bagindo_fadli22,"Gpp, pake aja kahf
Gak ada yang larang kok
😇",2026-10-07 21:40:00,,0,0
https://www.threads.com/@shahriduanr/post/DeMfa9ckxfp,DeMmtPVkwaM,threads,curseonzionist,Monyet rabun monyet rabun,2026-10-07 21:45:38,,0,0
https://www.threads.com/@shahriduanr/post/DeMfa9ckxfp,DeMmwO_kn5l,threads,jejakrempah12,Buroknye jari,2026-10-07 21:46:02,,0,0
https://www.threads.com/@shahriduanr/post/DeMfa9ckxfp,DeMm0HHk9aH,threads,sahabatmeow17,Beda beda level katanya. Boikot kahf. Kita support yg fitri yahya review pulak https://s.shopee.com.my/4VdNYt5e1E,2026-10-07 21:46:34,,0,0
https://www.threads.com/@shahriduanr/post/DeMfa9ckxfp,DeMnfCiCYPA,threads,stepgjy,Ingat juga Kalau demam jangan minum Panadol ya krn Panadol klean itu made in indonesia.,2026-10-07 21:52:26,,1,2
https://www.threads.com/@shahriduanr/post/DeMfa9ckxfp,DeMpmWzk_-3,threads,its_me_anandiakha,Awhhhhh Abang awhhh MANGEAKKKKKKKK RAWRRRRRRRRRRR,2026-10-07 22:10:54,,0,0
https://www.threads.com/@shahriduanr/post/DeMfa9ckxfp,DeMqDpfmoKf,threads,albazzlightyear,,2026-10-07 22:14:54,,0,0
https://www.threads.com/@shahriduanr/post/DeMfa9ckxfp,DeMqIZRkueR,threads,ferdiana.17,"Lagian ada produk lokal ngga pada dipake, harus banget ribut begini biar kalian pada pake produk kalian sendiri, heran banget, katanya cinta produk sendiri 🥱",2026-10-07 22:15:33,,26,2
https://www.threads.com/@shahriduanr/post/DeMfa9ckxfp,DeMqzuiEng0,threads,agengn,Kondisi Netizen Malasiya saat ini,2026-10-07 22:21:28,,10,1
https://www.threads.com/@shahriduanr/post/DeMfa9ckxfp,DeMrhAFn-Tp,threads,pendustakataa,Sekalian ka,2026-10-07 22:27:39,,5,3
https://www.threads.com/@shahriduanr/post/DeMfa9ckxfp,DeMsFmjD0tp,threads,apan_king_of_bully,"Nak tanye,,,
Yg beli manusie apa bukan?

Tawa je lah aku
😆",2026-10-07 22:32:39,,0,1
https://www.threads.com/@shahriduanr/post/DeMfa9ckxfp,DeMtS_pmfsL,threads,ginaabahia,Cuma one regular customer gak ngefek lah,2026-10-07 22:43:13,,0,0
https://www.threads.com/@shahriduanr/post/DeMfa9ckxfp,DeMuFVlk1cv,threads,usekrenyah,"Abang nya masih pakai produk affiliated Israel kan? 🤣🤣🤣
What a shame 🫣
Coba bisa ganti Kahf ke Israel affiliated product kak 😊",2026-10-07 22:50:05,,0,0
https://www.threads.com/@shahriduanr/post/DeMfa9ckxfp,DeMuiwikt2V,threads,tukanggalikubur_8,Haha lu mau boikot juga ga ngaruh...banyak2 in boikot sekalian batubara jangan nanggung pokoknya gw dukung 🤣🤣🤣🤣🤣🤣🤣🤣🤣🤣🤣,2026-10-07 22:54:06,,1,0
https://www.threads.com/@shahriduanr/post/DeMfa9ckxfp,DeMulYHk4Br,threads,roslani_abd_manaf,"Sedang elok nak habis, cari brand lokal pula.",2026-10-07 22:54:28,,2,4
https://www.threads.com/@shahriduanr/post/DeMfa9ckxfp,DeMvSk-E9tN,threads,tukank_aer,Bodoh. Emang kamu engga baca itu produk indonesia? Apa memang kalian ga ada produk dalam.negeri? Monyet monyet,2026-10-07 23:00:38,,0,0
https://www.threads.com/@shahriduanr/post/DeMfa9ckxfp,DeMvvf-mgic,threads,mufasnf,Boykot juga tak?,2026-10-07 23:04:35,,12,5
https://www.threads.com/@shahriduanr/post/DeMfa9ckxfp,DeMv-hqH3Cg,threads,nakishey,,2026-10-07 23:06:38,,0,0
https://www.threads.com/@shahriduanr/post/DeMfa9ckxfp,DeMwAQwk9vM,threads,yeyeyaaw,"Biarin aja guys, beberapa bulan kedepan jg balik lg beli Kahf.
Pundungan doang mereka tu 🤪🤭",2026-10-07 23:06:52,,0,0
https://www.threads.com/@shahriduanr/post/DeMfa9ckxfp,DeMwHIgiQr9,threads,hidup.kadangg.kiddinggg,awoakwoh dah kempes jugaa apa yg mau dipake,2026-10-07 23:07:49,,0,0
https://www.threads.com/@shahriduanr/post/DeMfa9ckxfp,DeMwRaNn0wg,threads,ekasr05_,omakkk pakai jga ya hhhha malu si kalau kata ku,2026-10-07 23:09:13,,0,0
https://www.threads.com/@shahriduanr/post/DeMfa9ckxfp,DeMwsdlEmUD,threads,cheries.stuff,"jgn lupa ambil balik produk ini jgn jualan di Indonesia, kasian disini ga laku followers 23,8K tpi postingan seminggu yg lalu pun yg like cuma 1 husss husss sana",2026-10-07 23:12:54,,0,2
https://www.threads.com/@shahriduanr/post/DeMfa9ckxfp,DeMw7ahCWYf,threads,dhoniarifin,"Kalau ini jangan diboikot ye, karena prodak asli perangai orang2 malay macam ni lah, jadi patot dijage",2026-10-07 23:16:30,,2,1
https://www.threads.com/@shahriduanr/post/DeMfa9ckxfp,DeMxd7IiWtb,threads,damirituch._,Wkwk baper sama sepak bola,2026-10-07 23:19:40,,0,0
https://www.threads.com/@shahriduanr/post/DeMfa9ckxfp,DeMxjMMkvrG,threads,cloeckk,@malaysiapmo @malaysia @anwaribrahim_my,2026-10-07 23:20:23,,0,0
https://www.threads.com/@shahriduanr/post/DeMfa9ckxfp,DeMxnNqEyZa,threads,heyitsfinnn___,Nama aja udah BAD LAB pastilah bad product awokwkwk,2026-10-07 23:20:56,,0,0
https://www.threads.com/@shahriduanr/post/DeMfa9ckxfp,DeMyCRJny6M,threads,frrsmlnaa,Di fu in tapi beli nya banyak 😜😜,2026-10-07 23:24:37,,0,0
https://www.threads.com/@shahriduanr/post/DeMfa9ckxfp,DeMyDuzE6pD,threads,nandaoktfr,"U Keren si pakcik , i sampe takjub sih sama pola pikir nya, masih bisa murni belum ternodai logika dan pengetahuan🥹🥹🥹🫶🏻🫶🏻",2026-10-07 23:24:49,,1,0
https://www.threads.com/@shahriduanr/post/DeMfa9ckxfp,DeMyFQRk1C_,threads,nur_shamimie90,Jari tu taklama lgi kena lahanatullah..,2026-10-07 23:25:02,,0,0
https://www.threads.com/@shahriduanr/post/DeMfa9ckxfp,DeMyEVQk4tQ,threads,evolwithlovi,"Ada seruan boycott produk kafh dari Malaysia, tp tak de effect. Penduduk Malaysia kecik je, hanya 35jt. Kafh kena sokong sama customer Indonesia 280 juta captive market.

Bahkan tak de produk Malaysia yg dikenal di Indonesia kecuali Siti Nurhaliza. Apa yang boleh Malaysia buat?

BELACAN JE 🤭",2026-10-07 23:25:37,,7,0
https://www.threads.com/@shahriduanr/post/DeMfa9ckxfp,DeMyQDOD8zZ,threads,amina_0206,"Yaudah sih ga usah dipake, beres kan?
Ga perlu berisik, pake aja lokal brand kalian.",2026-10-07 23:26:30,,6,1
https://www.threads.com/@shahriduanr/post/DeMfa9ckxfp,DeMyo9gGWd8,threads,ydyyy47,alolo sakit hati ke😹,2026-10-07 23:29:54,,0,0
https://www.threads.com/@shahriduanr/post/DeMfa9ckxfp,DeMzHJVD1to,threads,fauzaaannmohmmddd,Abis foto langsung basuh muka ke tandas ya bang 🤣🤣🤣,2026-10-07 23:34:02,,0,0
https://www.threads.com/@shahriduanr/post/DeMfa9ckxfp,DeM0dGBia6e,threads,mrizkyfauzi04,"Gua yang orang indo aja ga pernah pake Kahf 🤣, se fomonya ini juga kah warga malah 😅",2026-10-07 23:45:46,,0,0
https://www.threads.com/@shahriduanr/post/DeMfa9ckxfp,DeM0eKGkzri,threads,putsiput392,dari pada boycot skincare tapi muka gitu gitu aja mending ciptain lagu kebangsaan sendiri 🥰,2026-10-07 23:45:54,,7,2
https://www.threads.com/@shahriduanr/post/DeMfa9ckxfp,DeM0gxxidZ4,threads,mr_odinnn,@meta.ai berapa banyak distributor kafh di Malaysia??,2026-10-07 23:46:16,,0,1
https://www.threads.com/@shahriduanr/post/DeMfa9ckxfp,DeM0iCak_2S,threads,wil_kader14,,2026-10-07 23:46:26,,1,0
https://www.threads.com/@shahriduanr/post/DeMfa9ckxfp,DeM0oAun2ys,threads,zaimzuraidi,Aku pun stop beli produk kafh ni,2026-10-07 23:47:15,,0,0
https://www.threads.com/@shahriduanr/post/DeMfa9ckxfp,DeM04pImWiL,threads,langitlilac,Silahkan pindah produk lain,2026-10-07 23:49:31,,0,0
https://www.threads.com/@shahriduanr/post/DeMfa9ckxfp,DeM1N9SklbK,threads,kumnying,,2026-10-07 23:52:26,,0,0
https://www.threads.com/@shahriduanr/post/DeMfa9ckxfp,DeM1fhcCeuJ,threads,fpfrhna_,"sok sok an boikot kahf,lu aja pakai nivea,lu ga boikot israel dongg(bhaappp) kalo masih penting barang nya ga usah membebel boikot ini boikot itu,nanti ga cocok sama produk lokal,pindah lagii ke kahf",2026-10-07 23:54:50,,0,0
https://www.threads.com/@shahriduanr/post/DeMfa9ckxfp,DeM1iCemUwW,threads,ndnksw,"Lu giliran nivea sama gillete aja kaga boycot, produk zionist itu woy!!",2026-10-07 23:55:10,,0,0
https://www.threads.com/@shahriduanr/post/DeMfa9ckxfp,DeM2BXsEmF3,threads,miesure.co,Aku nampak bran Israel tuuu 🫣,2026-10-07 23:59:27,,0,0
https://www.threads.com/@shahriduanr/post/DeMfa9ckxfp,DeM3GPyj5tJ,threads,masnamarmirza,"Sila pakai mesran bwangg,biar wajah abang kencang dan racing🤝",2026-10-08 00:08:51,,4,0
https://www.threads.com/@shaqm55/post/DeLkSbxGrvr,DeLpcIrkmkx,threads,azeemyousofit,Takde,2026-10-07 12:50:16,,1,0
https://www.threads.com/@shaqm55/post/DeLkSbxGrvr,DeLu16LCVXz,threads,norita.amber,Tak pernah beli 🫢,2026-10-07 13:37:29,,0,0
https://www.threads.com/@shaqm55/post/DeLkSbxGrvr,DeLxAmbn1Cx,threads,lora_dash,@puanritarahman apesal tau ke kes ni ?,2026-10-07 13:56:25,,2,1
https://www.threads.com/@shaqm55/post/DeLkSbxGrvr,DeLxFU2k3EX,threads,baked.benn,Kenapa kena boikot @meta.ai,2026-10-07 13:57:04,,0,3
https://www.threads.com/@shaqm55/post/DeLkSbxGrvr,DeLyRPggeIK,threads,nr.hsyx,Nasib baik tak pernah beli,2026-10-07 14:07:26,,0,0
https://www.threads.com/@shaqm55/post/DeLkSbxGrvr,DeL8IEOjcFp,threads,dnarsofficialhq,"Dnars pun ada facewash lelaki,lokal brand tau dah 17tahun di malaysia🇲🇾",2026-10-07 15:33:33,,2,1
https://www.threads.com/@shaqm55/post/DeLkSbxGrvr,DeL-M_Ykmve,threads,thriftware_,,2026-10-07 15:51:42,,0,1
https://www.threads.com/@shaqm55/post/DeLkSbxGrvr,DeMBBI1iSrP,threads,danangsedanu_,Tapi bagus loh gw aja cocok,2026-10-07 16:16:18,,0,0
https://www.threads.com/@shaqm55/post/DeLkSbxGrvr,DeMLADeGgDJ,threads,odhe_62,"IA itu,, masa bisa tersusun rapi di bak sampah...",2026-10-07 17:43:32,,3,2
https://www.threads.com/@shaqm55/post/DeLkSbxGrvr,DeMMHZomMHF,threads,apisazizz,done boikot,2026-10-07 17:53:16,,1,0
https://www.threads.com/@shaqm55/post/DeLkSbxGrvr,DeMML9GmeZn,threads,sai_crown10,"Buang lah pada tempatnya, klo sudah habis jangan lupa beli lagi ya, Stock masih Tersedia, dan ada Varian Baru loh..... Penasaran ?? Cek di market terdekat...",2026-10-07 17:53:54,,0,1
https://www.threads.com/@shaqm55/post/DeLkSbxGrvr,DeMMw7Mk54z,threads,roslani_abd_manaf,,2026-10-07 17:58:57,,1,2
https://www.threads.com/@shaqm55/post/DeLkSbxGrvr,DeMYwyfmK65,threads,nikosia357,Banyak nya kau punya Kahf sebanyak itu 🤣,2026-10-07 19:43:47,,0,0
https://www.threads.com/@shaqm55/post/DeLkSbxGrvr,DeMZFfUj4sc,threads,negara_kesatuan_babinesia,Ipin merajoook kalah main bola sepak 🤣,2026-10-07 19:46:36,,12,1
https://www.threads.com/@shaqm55/post/DeLkSbxGrvr,DeMZUB3H1hy,threads,abe_danial_09,Aku pakai kan kahf dekat lembu..lembu terus lari🐂💨,2026-10-07 19:48:36,,0,0
https://www.threads.com/@shaqm55/post/DeLkSbxGrvr,DeMZ4iECUQS,threads,deryardians,"Keliatan ga modal,foto AI 🤣🤣🤣🤣",2026-10-07 19:53:35,,9,1
https://www.threads.com/@shaqm55/post/DeLkSbxGrvr,DeMZ_XFDwu9,threads,eanexotic,done syukur sangt sebb beli 1 je🤣 tu pun msih bnyk lgi dhla bau pun buat aku jdi pening,2026-10-07 19:54:31,,0,1
https://www.threads.com/@shaqm55/post/DeLkSbxGrvr,DeMcZz_kn8H,threads,fressshrcsss,ade gambar asli tak pakcik,2026-10-07 20:15:36,,0,0
https://www.threads.com/@shaqm55/post/DeLkSbxGrvr,DeMcv7JEslf,threads,mzrakbr._,RODOKAN PEMBOIKOT SABUN CUCI MUKA😹,2026-10-07 20:18:37,,6,0
https://www.threads.com/@shaqm55/post/DeLkSbxGrvr,DeMd068E2Y-,threads,vicsen85_,AI kampung wkwkwk,2026-10-07 20:28:02,,0,0
https://www.threads.com/@shaqm55/post/DeLkSbxGrvr,DeMd-I9AfdT,threads,risandi.mm,"Hahaha kami menang atas thailand,kenapa kalian yg merajuk,Negara aneh,kalau tidak bisa menang dengan cara curang ya sudah akui lah 🤣🤣🤣🤣",2026-10-07 20:29:18,,2,2
https://www.threads.com/@shaqm55/post/DeLkSbxGrvr,DeMeJ39E0c6,threads,novanmasean,AI 😍,2026-10-07 20:30:54,,0,0
https://www.threads.com/@shaqm55/post/DeLkSbxGrvr,DeMfDecD6br,threads,acebembeng_,,2026-10-07 20:38:46,,0,0
https://www.threads.com/@shaqm55/post/DeLkSbxGrvr,DeMfL-sk5dk,threads,oxy_dsg,Terimakasih telah membeli Produk2 Khaf 😁,2026-10-07 20:39:55,,13,2
https://www.threads.com/@shaqm55/post/DeLkSbxGrvr,DeMf879E7Ob,threads,evolwithlovi,"Ada seruan boycott produk kafh dari Malaysia, tp tak de effect. Penduduk Malaysia kecik je, hanya 35jt. Kafh kena sokong sama customer Indonesia 280 juta captive market.

Bahkan tak de produk Malaysia yg dikenal di Indonesia kecuali Siti Nurhaliza. Apa yang boleh Malaysia buat?

BELACAN JE 🤭",2026-10-07 20:46:36,,0,1
https://www.threads.com/@shaqm55/post/DeLkSbxGrvr,DeMgCXaE22X,threads,redhoxd,Tak mampu beli ke? Miskin,2026-10-07 20:47:21,,0,0
https://www.threads.com/@shaqm55/post/DeLkSbxGrvr,DeMgEzuj3IK,threads,azzahrashbr,umm oke dia menebar kebencian dengan foto AI wkwkwk,2026-10-07 20:47:41,,0,0
https://www.threads.com/@shaqm55/post/DeLkSbxGrvr,DeMitp6n3oa,threads,alhudayusuf,AI aja dibanggain,2026-10-07 21:10:44,,0,0
https://www.threads.com/@shaqm55/post/DeLkSbxGrvr,DeMiwJLk9fF,threads,rdoxcl,Jgn lupa boikot juga sinetron dan music kami 🤣,2026-10-07 21:11:04,,0,1
https://www.threads.com/@shaqm55/post/DeLkSbxGrvr,DeMkQxnmTne,threads,sandy81289,"Haha foto ai
@meta.ai",2026-10-07 21:24:16,,0,1
https://www.threads.com/@shaqm55/post/DeLkSbxGrvr,DeMkaQPEyxE,threads,drrie49,Sudah malay jangan tantrum ini sudah di kasih menang,2026-10-07 21:25:34,,0,0
https://www.threads.com/@shaqm55/post/DeLkSbxGrvr,DeMkmoBk6w9,threads,rachmanyanli,Kita akan mulai juga dengam ploduk ploduk malaydesh. Yuk mulai kita hindari gerai gerai malaydesh di sekitar anda,2026-10-07 21:27:15,,0,2
https://www.threads.com/@shaqm55/post/DeLkSbxGrvr,DeMko7jkzRr,threads,viki_djoker,Wihhhh secinta itu sama kahf.setoknya banyak nih 😂😂😂,2026-10-07 21:27:34,,0,0
https://www.threads.com/@shaqm55/post/DeLkSbxGrvr,DeMksA4kuPm,threads,sumindar.joey,,2026-10-07 21:27:59,,3,0
https://www.threads.com/@shaqm55/post/DeLkSbxGrvr,DeMkzCMkvuw,threads,sumindar.joey,"Gak bisa move on merajuk anak kecil ,Ig rendah kalau tinggi tak macam ini",2026-10-07 21:28:57,,0,0
https://www.threads.com/@shaqm55/post/DeLkSbxGrvr,DeMlCermUau,threads,gabnicholee,,2026-10-07 21:31:03,,0,0
https://www.threads.com/@shaqm55/post/DeLkSbxGrvr,DeMlYZgk7GF,threads,aldira02achmad,,2026-10-07 21:34:03,,0,1
https://www.threads.com/@shaqm55/post/DeLkSbxGrvr,DeMldGjEqDi,threads,komenrider_x,Guna Kahf saja muka awak masih maghrib apalagi tak.,2026-10-07 21:34:41,,1,0
https://www.threads.com/@shaqm55/post/DeLkSbxGrvr,DeMloAbE9kJ,threads,curseonzionist,,2026-10-07 21:36:11,,0,0
https://www.threads.com/@shaqm55/post/DeLkSbxGrvr,DeMlyZqE1p5,threads,namakuhendra98,Iya lah dibuang orang udah habis 😂,2026-10-07 21:37:36,,0,0
https://www.threads.com/@shaqm55/post/DeLkSbxGrvr,DeMl5m9GR2D,threads,ferii25_,"Minimal modal bang,jangan pake AI kalo mau boikot",2026-10-07 21:38:35,,0,0
https://www.threads.com/@shaqm55/post/DeLkSbxGrvr,DeMmBB6Dwak,threads,apan_king_of_bully,"Kau tuh suka kali tipu tipu
Macem tak berpendidikan.

Tawa je lah aku
🤭",2026-10-07 21:39:36,,1,1
https://www.threads.com/@shaqm55/post/DeLkSbxGrvr,DeMmkKCGizr,threads,vivin_187,Ternyata banyak juga lu beli kahf wow thank you loh thank you 🤣🤭,2026-10-07 21:44:23,,0,0
https://www.threads.com/@shaqm55/post/DeLkSbxGrvr,DeMngvQlN03,threads,abanglaptop12,Serah kau lahh .malaysial,2026-10-07 21:52:40,,0,0
https://www.threads.com/@shaqm55/post/DeLkSbxGrvr,DeMnhzkCULl,threads,javanesekaisar,"Yg kalah main bola, yg di buang kahf 😁 apa kemampuan kalian hanya itu kakakkaak",2026-10-07 21:52:48,,0,0
https://www.threads.com/@shaqm55/post/DeLkSbxGrvr,DeMnrpniVP1,threads,ayiddlahh,"Ada deodorant dorang, dah la tak tahan lama bila outdoor for 6 hours😂 now kita switch local hehehe",2026-10-07 21:54:09,,0,0
https://www.threads.com/@shaqm55/post/DeLkSbxGrvr,DeMnt8wiceD,threads,4rkn._.defg,malu la.. AI tu,2026-10-07 21:54:28,,0,0
https://www.threads.com/@shaqm55/post/DeLkSbxGrvr,DeMn9e6o9-G,threads,thank_you_05,Dimana niii bakul sampahnya .... Nak sayye ambil... Karena kahf product yang sangat baikk dan bagoss,2026-10-07 21:56:35,,0,0
https://www.threads.com/@shaqm55/post/DeLkSbxGrvr,DeMoExvnR5G,threads,achenamono,"AI banget ngga tuh???

🤣🤣🤣🤣🤣🤣🤣🤣🤣🤣🤣🤣🤣🤣🤣🤣🤣",2026-10-07 21:57:35,,0,0
https://www.threads.com/@shaqm55/post/DeLkSbxGrvr,DeMotcGmsyi,threads,poseidonnnn__,,2026-10-07 22:03:08,,0,0
https://www.threads.com/@snipersss97_/post/DeLJc6bj6tV,DeLNslVkvJ-,threads,dmitry_snegurovich,Boikot mulu kayak kafir Quraisy,2026-10-07 08:47:51,,2,0
https://www.threads.com/@snipersss97_/post/DeLJc6bj6tV,DeLRM9yknH-,threads,iwankusuma91,"TOLONG BOIKOT BATUBARA NY JUGE PAK CIK 🤣🤣🤣 KSIAN BANGSA MALAYDESH ,",2026-10-07 09:18:29,,8,1
https://www.threads.com/@snipersss97_/post/DeLJc6bj6tV,DeLSuF4kpFM,threads,akuprinces19,boikot beras juga,2026-10-07 09:31:45,,1,0
https://www.threads.com/@snipersss97_/post/DeLJc6bj6tV,DeLUUDkFAC3,threads,ikuir,"Kemaren PASSPORT sekarang BOYKOT,, emang lucu ini warga negara GIVEAWAY 😅",2026-10-07 09:45:40,,1,0
https://www.threads.com/@snipersss97_/post/DeLJc6bj6tV,DeLWNV3GgGM,threads,al_viiiyyy,Kok cuma kahf? Gak mau tambah batubara juga? Berani gak malesia boikot batubara?,2026-10-07 10:02:13,,10,1
https://www.threads.com/@snipersss97_/post/DeLJc6bj6tV,DeLWSfOibw5,threads,suryaa.612,gila perkara bola doang sampe segininya wk,2026-10-07 10:02:56,,1,1
https://www.threads.com/@snipersss97_/post/DeLJc6bj6tV,DeLYJeZD7Uq,threads,qelqelaaa,tar gada cuci muka pake aer doang,2026-10-07 10:19:10,,2,1
https://www.threads.com/@snipersss97_/post/DeLJc6bj6tV,DeLaXBuGTTp,threads,azzahra.resha,,2026-10-07 10:38:30,,24,0
https://www.threads.com/@snipersss97_/post/DeLJc6bj6tV,DeMNFaJGfkw,threads,cupsss_07,Kalah mah kalah aja kaga usah boikot boikot bego bego tolol,2026-10-07 18:01:44,,15,1
https://www.threads.com/@snipersss97_/post/DeLJc6bj6tV,DeMSKzwknpt,threads,alpawww_,dihh,2026-10-07 18:46:29,,0,1
https://www.threads.com/@snipersss97_/post/DeLJc6bj6tV,DeMau01j_NG,threads,kuanzy924,Hadeh gada habis habis nya ni drama saling hina,2026-10-07 20:00:59,,2,0
https://www.threads.com/@snipersss97_/post/DeLJc6bj6tV,DeMfTFJE79E,threads,angga_fly_7,Sett dah baperan,2026-10-07 20:40:54,,0,0
https://www.threads.com/@snipersss97_/post/DeLJc6bj6tV,DeMfVVeH8gv,threads,m44tzzz,"Eh monyet banyak bacot lu Indonesia masuk eropa juga pada ga seneng, lu iri Indonesia masuk eropa sampe sampe owner kahf di boikot? Hah?",2026-10-07 20:41:12,,0,0
https://www.threads.com/@snipersss97_/post/DeLJc6bj6tV,DeMgOZxifcn,threads,salimnahdii,santai santai,2026-10-07 20:49:24,,8,1
https://www.threads.com/@snipersss97_/post/DeLJc6bj6tV,DeMlfWfn_sN,threads,apoyyy7777,,2026-10-07 21:35:00,,0,0
https://www.threads.com/@snipersss97_/post/DeLJc6bj6tV,DeMmI_XIzcr,threads,ghal_cool,"Boikot la boikot, cam budak² je buat hal macam ni",2026-10-07 21:40:41,,0,0
https://www.threads.com/@snipersss97_/post/DeLJc6bj6tV,DeMtHsEE1Rl,threads,wil_kader14,,2026-10-07 22:41:40,,5,0
https://www.threads.com/@snipersss97_/post/DeLJc6bj6tV,DeMtYzQk6jE,threads,4mor.fati__,terlalu diboikot-boikotkan😅,2026-10-07 22:44:00,,1,0
https://www.threads.com/@snipersss97_/post/DeLJc6bj6tV,DeM3Y7Mmngv,threads,usernamesakau2222_,"kahf
kahfir",2026-10-08 00:11:24,,0,0
https://www.threads.com/@snipersss97_/post/DeLJc6bj6tV,DeNANlEn_y7,threads,divvir22,tumben boikot biasanya ngeclaim jangan lupa rendang juga di boikot ya.,2026-10-08 01:28:30,,1,0
https://www.threads.com/@snipersss97_/post/DeLJc6bj6tV,DeNAYEkE3Wp,threads,mhd_jaka_,"Idihhh baperan ,cuma gitu doang ,tapi tumben di boikot biasanya claim",2026-10-08 01:29:56,,1,0
https://www.threads.com/@snipersss97_/post/DeLJc6bj6tV,DeNWSeXkwlU,threads,sirulh47335,Tak function cakap Ngan dorng ni. Macam banyak sangat pahala sampai lupa dosa. Tu pun kalau ada,2026-10-08 04:41:24,,0,0
https://www.threads.com/@snipersss97_/post/DeLJc6bj6tV,DeNcfjNk_U-,threads,mayakrida,,2026-10-08 05:35:37,,1,0
https://www.threads.com/@steviathalita/post/DeMXpQDE85C,DeMYn4Lk4_0,threads,steviathalita,"Memang saya gak pakai brand paragon, kebanyakan Huda, LM, dan Rare. Lokalnya MOP & BS. Gak pernah gonta ganti/coba lain. Malah di katain orang Malaysia aku miskin bakal ga bisa beli kahf wkwk",2026-10-07 19:42:34,,13,4
https://www.threads.com/@steviathalita/post/DeMXpQDE85C,DeMdZo-j1Ol,threads,azzahraamhrn_,"kaa kalau kamu biasa pake product high end, mungkin bisa coba coba produk dari make over kaa, dia jg ga kalah bagusss",2026-10-07 20:24:19,,15,2
https://www.threads.com/@steviathalita/post/DeMXpQDE85C,DeMeYrXkzoM,threads,kycxa_di,Skincare pakai Emina. Make up pakai OMG.,2026-10-07 20:32:55,,2,0
https://www.threads.com/@steviathalita/post/DeMXpQDE85C,DeMekbMH_2B,threads,comfychubby,Kaka pakai produk Huda Beauty yang apa kalau boleh tau?,2026-10-07 20:34:31,,0,1
https://www.threads.com/@steviathalita/post/DeMXpQDE85C,DeMfOswlOTM,threads,rizsvin,Aku skincare full Labore,2026-10-07 20:40:18,,4,1
https://www.threads.com/@steviathalita/post/DeMXpQDE85C,DeMghy3E4dO,threads,whoscicilia,"jangan paragon aja kak, produk avo group juga ya huhu, support local product smua jgn pilih pilih🫰🏻",2026-10-07 20:51:38,,3,1
https://www.threads.com/@steviathalita/post/DeMXpQDE85C,DeMgk6dCWpI,threads,ulufunna,"Aku lagi suka OMG sekarang, mulai dari foundi, cushion, sunscreen, liptint, tinted lipbalm, setting spray",2026-10-07 20:52:04,,3,0
https://www.threads.com/@steviathalita/post/DeMXpQDE85C,DeMhSGMH9hh,threads,dailyza.real,Jujur deodoran kahf yg cooling power aku langganan secinta itu sama produk kahf,2026-10-07 20:58:14,,4,1
https://www.threads.com/@steviathalita/post/DeMXpQDE85C,DeMhxqjHa37,threads,_uanuen,"/

Ini yaaa semua paragon🫶🏻",2026-10-07 21:02:33,,1,0
https://www.threads.com/@steviathalita/post/DeMXpQDE85C,DeMipU7CZD8,threads,chintia_as17,aku pakai wardah bagus bangat,2026-10-07 21:10:09,,1,1
https://www.threads.com/@steviathalita/post/DeMXpQDE85C,DeMjYB-kpc9,threads,dewifitriana07,Saya user labore x Wardah...,2026-10-07 21:16:31,,0,0
https://www.threads.com/@steviathalita/post/DeMXpQDE85C,DeMjnVylGPl,threads,dheanurjanahw,Wardah & make over 🫶,2026-10-07 21:18:37,,1,0
https://www.threads.com/@steviathalita/post/DeMXpQDE85C,DeMjrxTDwbM,threads,auojem8,Gas kakkkk tenang @kahfeveryday kita borong,2026-10-07 21:19:13,,21,1
https://www.threads.com/@steviathalita/post/DeMXpQDE85C,DeMk3dkj0lW,threads,nia.ip,"Salam , pecinta product Paragon.corp Hampir full makeup pakai @instaperfect",2026-10-07 21:29:33,,3,0
https://www.threads.com/@steviathalita/post/DeMXpQDE85C,DeMlQwICLD5,threads,_aishaaa97,Tenang ka aku biarpun di luar negri slalu pake kahf,2026-10-07 21:33:00,,1,0
https://www.threads.com/@steviathalita/post/DeMXpQDE85C,DeMlzmciZf4,threads,namanyawitapia,"Omg makeupnya hampirnya semuanya aku suka, karna budget ramah lingkungan eh kantong",2026-10-07 21:37:46,,0,0
https://www.threads.com/@steviathalita/post/DeMXpQDE85C,DeMl0zIGiZW,threads,abigailtataa,"Produk dr paragon yg aku pernah dan lagi ak pake diantaranya micellar waternya wardah yg biru, wardah colorfit cloud, wardah lite plus, make over hydrastay cushion, instaperfect cushion + loose powder, loose powder makeover buat kl kondangan sm gereja, makeover glazed, warna lipcream, wardah staylock, omg cushion, wardah loosepowder, emina lipcream, emina cushion jg pernah yg wadahnya ijo, labore jg lagi make.

Ahhhh banyak deh 💛",2026-10-07 21:37:55,,1,0
https://www.threads.com/@steviathalita/post/DeMXpQDE85C,DeMl9ABn_md,threads,nabilalifia,Kak wajib cobain skincare labore!! Best bgt dupe LRP,2026-10-07 21:39:03,,0,0
https://www.threads.com/@steviathalita/post/DeMXpQDE85C,DeMmmP7GdjO,threads,risfah_fhaturami,Hayu ka. Kita harus kompak sebagai warga Indonesia.,2026-10-07 21:44:41,,3,0
https://www.threads.com/@steviathalita/post/DeMXpQDE85C,DeMmtokCcj0,threads,kamuandri,Gas Paragon 🔥,2026-10-07 21:45:41,,1,0
https://www.threads.com/@steviathalita/post/DeMXpQDE85C,DeMmuKrkzJu,threads,peaaanutbutter__,"Anw, aku emg selalu pake produk paragon karena best!",2026-10-07 21:45:45,,1,0
https://www.threads.com/@steviathalita/post/DeMXpQDE85C,DeMmypTkl6Z,threads,oriin_,"Labore sunscreennya best
Makeover gincunya bagus",2026-10-07 21:46:22,,1,0
https://www.threads.com/@steviathalita/post/DeMXpQDE85C,DeMm4qrCaN4,threads,myrairmaputri,Ini case apa ya? Yg admin kafh blunder itu kah?,2026-10-07 21:47:11,,0,1
https://www.threads.com/@steviathalita/post/DeMXpQDE85C,DeMnlEgk_VS,threads,hny_kamoe,@kahfeveryday kami tetep dukung kokkk,2026-10-07 21:53:15,,19,2
https://www.threads.com/@steviathalita/post/DeMXpQDE85C,DeMn50ZiYhV,threads,shanti_eka,Deodorant kahf is the best,2026-10-07 21:56:05,,1,0
https://www.threads.com/@steviathalita/post/DeMXpQDE85C,DeMoWtIH33u,threads,meirina.nrj,tenang kak suami gue setia pake kahf🤭,2026-10-07 22:00:02,,1,0
https://www.threads.com/@steviathalita/post/DeMXpQDE85C,DeMoYObicBv,threads,syahiranabl,"Aduh nggak dulu deh. Admin paragon ini sering banget blunder, gak cuma @kahfeveryday. Dulu OMG juga sempet kontroversial gara-gara ngundang Lisa KW. Biarin aja mereka berbenah. Suruh siapa sok asik. Kenapa juga kita jadi ikut tanggung jawab wkwk gak profesional",2026-10-07 22:00:14,,17,0
https://www.threads.com/@steviathalita/post/DeMXpQDE85C,DeMpJ3Vk2yn,threads,fredoyordantabangun,Saya malah setia sll pakai Kahf,2026-10-07 22:07:01,,1,0
https://www.threads.com/@steviathalita/post/DeMXpQDE85C,DeMpWvPk2Yu,threads,rasyid_ega,Peralatan perang anak remaja ku 🥇,2026-10-07 22:08:46,,7,0
https://www.threads.com/@steviathalita/post/DeMXpQDE85C,DeMpnNNk0jh,threads,prasetiyo__,Udah gonta ganti warna kahf cuma ga cocok 😩,2026-10-07 22:11:01,,0,0
https://www.threads.com/@steviathalita/post/DeMXpQDE85C,DeMpueIH9Us,threads,almahira_id,Dear @kahfeveryday don't worry beratus-ratus rakyat Indonesia tetap bersama mu. Keep shining ! Bulan ini suami gw insyaAllah pake @kahfeveryday,2026-10-07 22:12:01,,6,0
https://www.threads.com/@steviathalita/post/DeMXpQDE85C,DeMp-Vakiw-,threads,dearmarintan,Sebagian koleksiku dari Paragon Corp 🩷,2026-10-07 22:14:11,,15,0
https://www.threads.com/@steviathalita/post/DeMXpQDE85C,DeMqLF1AYua,threads,yanii_yn02,"Hampir semua makeup dan skincare ku dari Paragon corp🥰 wardah, make over, emina, omg, labore, dan kahf buat suamii 🥳🥳",2026-10-07 22:15:55,,1,0
https://www.threads.com/@steviathalita/post/DeMXpQDE85C,DeMqh2sE0Fg,threads,aqsawb,"Ka, aku pengguna produk paragon garis keras 😭 dari body care, skincare, sampe ke makeup 👀",2026-10-07 22:19:02,,5,0
https://www.threads.com/@steviathalita/post/DeMXpQDE85C,DeMqoXOD3tr,threads,ranimitasari,cintak banget sama cushion wardah plus glasting tapi kemarin lagi coba skintint nya Wardah..Loh kok nyamaan,2026-10-07 22:19:55,,2,0
https://www.threads.com/@steviathalita/post/DeMXpQDE85C,DeMrHNVm9o7,threads,ivy_yahya,"Ini kasusnya kan kena boikot di Malaysia, bukan kasus di Indonesia, penjualan di Malaysia yang terdampak krn sosmed adminnya menyinggung masyarakat malaysia",2026-10-07 22:24:08,,1,1
https://www.threads.com/@steviathalita/post/DeMXpQDE85C,DeMrZRYI5ye,threads,coffemix91,"@kahfeveryday tenang kak gua gk pernah skip pake produklu dan istri sampe ortu gua semua pake produk @paragoncorp santai aja kak jngn sampe ngerendahin diri demi buyer sombong yg sakit hati gara” jokes bola
I love your product",2026-10-07 22:26:36,,3,0
https://www.threads.com/@steviathalita/post/DeMXpQDE85C,DeMrvFKkqeo,threads,snmoonrse,"Tenang kak, aku pencinta brand wardah kok",2026-10-07 22:29:34,,1,0
https://www.threads.com/@steviathalita/post/DeMXpQDE85C,DeMr0s8EmJk,threads,travelerien,"Dari dulu sampai sekarang dan seterusnya saya pakai produk Wardah ❤️ Ini bukan link afiliate ya, ini link video saya lagi liatin produk Wardah yang saya pakai https://www.instagram.com/reel/DMK-HW7v39V/?stkn=d3N6ZGFhNnFhdDV2",2026-10-07 22:30:20,,1,0
https://www.threads.com/@steviathalita/post/DeMXpQDE85C,DeMsBF_ktPj,threads,__9cantikaa6__,"Haircare-ku Putri, Make up banyak pakai OMG. Skincare nih yang bagus apa buat oily skin? Masih sering gonta-ganti soalnya",2026-10-07 22:32:02,,0,0
https://www.threads.com/@steviathalita/post/DeMXpQDE85C,DeMsd-Rkpm4,threads,travelerien,Tadi siang pesenan Lipstick Colorfit Ultralight Matte Wardah saya baru sampai. Langsung cobain. Suka banget sama 05 Blossom Pink nya ini,2026-10-07 22:35:58,,1,2
https://www.threads.com/@steviathalita/post/DeMXpQDE85C,DeMssnyD-JZ,threads,rafikaswr,Kak pakeee wardah lips glasting no 7 dan cushion Make over yg powerstay or hydrastay. BEST bangetttt!,2026-10-07 22:37:58,,2,0
https://www.threads.com/@steviathalita/post/DeMXpQDE85C,DeMtM7OEofN,threads,travelerien,Skincare anak saya sejak SMA sampe sekarang kuliah pake Emina 😃 Kapan-kapan saya balik sini lagi buat susulin fotonya,2026-10-07 22:42:23,,1,0
https://www.threads.com/@steviathalita/post/DeMXpQDE85C,DeMtTSnmoAR,threads,arndcsn,Laboreeeee masuk kaan ta?,2026-10-07 22:43:15,,1,1
https://www.threads.com/@steviathalita/post/DeMXpQDE85C,DeMtXnUEqKy,threads,mhidayatjr_,"Andai jadi Kahf, pindahkan market aja dari 🇲🇾 ke SG, TH, VN, PH, JPN, KOR, HKG.

Btw, saya udah punya kahf",2026-10-07 22:43:51,,30,2
https://www.threads.com/@steviathalita/post/DeMXpQDE85C,DeMtuQBk6zo,threads,devinarzky_s,"Aku tim wardah kok kak, seserahanku jg pake wardah",2026-10-07 22:46:56,,1,0
https://www.threads.com/@steviathalita/post/DeMXpQDE85C,DeMuGqlk7e-,threads,jiwa_malaysia,Hahahah bercerita mcm 287 juta tu berduit semuanya.. syiballl. Rakyat kau pn kene luar negeri kerja n kawin dgn org asing nk lari kemiskinan. Yg makan daun singkong sebagainlauk lagi pn ade. Piraahhh,2026-10-07 22:50:16,,1,0
https://www.threads.com/@steviathalita/post/DeMXpQDE85C,DeMuRXnj5o8,threads,hidupku6996,Wkwkwkwk… Rakyat nya makan saja perlu wadidaw dulu apa lagi mau beli kosmetik… ya udah jadi Hantu aja kalian wlwkwkwkwkkwkw,2026-10-07 22:51:44,,0,0
https://www.threads.com/@steviathalita/post/DeMXpQDE85C,DeMug_lgXr3,threads,mllynz_,suami gue aja pencinta kahf sllu pake itu krna sebaguss ituu luvvv💙💙,2026-10-07 22:53:52,,1,0
https://www.threads.com/@steviathalita/post/DeMXpQDE85C,DeMvBXXGYUe,threads,nabelarf,"tenang kak, aku luv bgt sm wardah🫶🏻",2026-10-07 22:58:17,,1,0
https://www.threads.com/@watsonsmy/post/DbXfRdViVxb,DbXfzMOE7ho,threads,rackzone,🫡,2026-07-29 13:42:44,,0,0
https://www.threads.com/@watsonsmy/post/DbXfRdViVxb,DbYfbByku0Y,threads,suhailahharis_,Banyak kali dh lalu kat saya tapi xpe saya dh keeja watson dah🤣,2026-07-29 22:58:41,,1,0
https://www.threads.com/@watsonsmy/post/DbXfRdViVxb,Db5HuhziU1L,threads,watsonsmy,Hati-hati dengan iklan ni yaaa. Jangan percaya sumber tak sahih.,2026-08-11 15:06:34,,44,14
https://www.threads.com/@watsonsmy/post/DbXfRdViVxb,DcNezQxD26Q,threads,richhovrritch,Teman watson @vanessagohsy_,2026-08-19 12:53:00,,1,0
https://www.threads.com/@watsonsmy/post/DbXfRdViVxb,DcfvlnmE5QS,threads,cnisriiiii,bukan main yee scammer niiiii. dia ingat kita nak percaya HAHAHAHAHAHA,2026-08-26 15:06:01,,1,0
https://www.threads.com/@watsonsmy/post/DbXfRdViVxb,Dc36AOPkmip,threads,rahmankacaksangatlah,,2026-09-05 00:18:48,,0,0
https://www.threads.com/@watsonsmy/post/DbXfRdViVxb,DdQwGhCmAe0,threads,sayajuuuu,Yang byk kakak2 post kerja Watson tu btul ke,2026-09-14 15:53:18,,0,0
https://www.threads.com/@watsonsmy/post/DbXfRdViVxb,Ddi7-eKCiYL,threads,glittergremlin88,They’re scamming massively 😭,2026-09-21 17:23:23,,0,0
https://www.threads.com/@watsonsmy/post/DbXfRdViVxb,Dd3WnF3CZM5,threads,kakkorynyor,Yang ni scam ke betul2 risau plak 🤭,2026-09-29 15:40:56,,0,0
https://www.threads.com/@watsonsmy/post/DbXfRdViVxb,DeELC3fEfZV,threads,ummuaisyah_ismail,@watsonsmy @imigresen @kpdnhep,2026-10-04 15:10:00,,20,0
https://www.threads.com/@watsonsmy/post/DbXfRdViVxb,DeKDEB3o6BQ,threads,faezs75,Watson tolong buang brand indonesia ini kerana brand ini telah menghina negara kita di thread,2026-10-06 21:55:41,,32,0
https://www.threads.com/@watsonsmy/post/DbXfRdViVxb,DeK_Z12j7vT,threads,nzrnrdhi7,Please remove the kaft products or Malaysian will boycott Watson same as Israel products. Thank you.,2026-10-07 06:42:57,,23,0
https://www.threads.com/@watsonsmy/post/DbXfRdViVxb,DeLlz8FEQSP,threads,alxianechong,Remove KAHF BRAND!!!!!,2026-10-07 12:18:34,,8,0
https://www.threads.com/@watsonsmy/post/DbXfRdViVxb,DeLygn5Ehaj,threads,atnlhn,Remove all product from indonesia,2026-10-07 14:09:31,,6,0
https://www.threads.com/@watsonsmy/post/DbXfRdViVxb,DeMGl7elI5N,threads,imranwazhere,"Please remove product ni dkat shelve korg, kalau tak korg yg kita boikot skali",2026-10-07 17:05:01,,2,0
https://www.threads.com/@watsonsmy/post/DbXfRdViVxb,DeMLW8igY-S,threads,sagu_gula_melaka677,BUANG KAHF,2026-10-07 17:46:39,,2,0
https://www.threads.com/@watsonsmy/post/DbXfRdViVxb,DeMLY4pgYGR,threads,sagu_gula_melaka677,BUANG KAHF SEBELUM WATSON PON KAMI BOIKOT,2026-10-07 17:46:55,,4,0
https://www.threads.com/@watsonsmy/post/DbXfRdViVxb,DeMPB7qkwg2,threads,kitajagakita_my,"Bolehkah Produk Karf Dibuang Dari Watson ?
.
Jawapanya : Tidak Boleh Tetapi Boleh ( Jika Tiada Jualan )
.
Tidak Boleh - Perjanjian Pembekal (Supplier Agreement), penarikan keluar produk secara serta-merta biasanya tertakluk kepada terma kontrak, perjanjian komersial undang-undang antara pihak pengurusan Watsons dan pihak pengeluar jenama karf . ( Sambungan di Thread saya )",2026-10-07 18:18:44,,3,0
https://www.threads.com/@watsonsmy/post/DbXfRdViVxb,DeMPKisH6cV,threads,shiniichi6,"Please remove @kahfeveryday @kahfeveryday.my from all your stores. Otherwise, Malaysians will have no choice but to boycott Watsons too ☺️",2026-10-07 18:19:55,,0,0
https://www.threads.com/@watsonsmy/post/DbXfRdViVxb,DeMb1ZKGTf2,threads,amzayhj,Remove kahf brand !,2026-10-07 20:10:37,,0,0
https://www.threads.com/@watsonsmy/post/DbXfRdViVxb,DeMdMztmUI_,threads,nonameeeeeee54,Selagi watson tak remove @kahfeveryday saya akan support GUARDIAN balik,2026-10-07 20:22:34,,0,0
https://www.threads.com/@watsonsmy/post/DbXfRdViVxb,DeNIsOlkkhf,threads,moonbearrr_grr,NO MORE KAHF IN WATSON...terasa jijik ada brand ini di skincare store kesayangan Malaysia..sila buang,2026-10-08 02:42:35,,0,0
https://www.threads.com/@xandrazxzxz/post/DeLxiy_k4Gz,DeL9OwpgXmD,threads,misseubora,Sebab murah la giler..sapa taknak barang murah..,2026-10-07 15:43:12,,79,7
https://www.threads.com/@xandrazxzxz/post/DeLxiy_k4Gz,DeMEzsznxN9,threads,mimaismanis,jastip tu apeee,2026-10-07 16:49:25,,2,0
https://www.threads.com/@xandrazxzxz/post/DeLxiy_k4Gz,DeMGcvDE2be,threads,fr.re_,Jastip tu orang bangsa kau sendiri yang kirim. Rindu dengan kampung halaman.,2026-10-07 17:03:45,,4,0
https://www.threads.com/@xandrazxzxz/post/DeLxiy_k4Gz,DeMIieVm5ea,threads,sarah.raidah,Wtf is jastip? Ckp english boleh?,2026-10-07 17:22:01,,19,2
https://www.threads.com/@xandrazxzxz/post/DeLxiy_k4Gz,DeMOkvXlN1E,threads,__rifhanafifidia,"orang indo pun bersepah jastip kat malaysia, genting lagi tu 🤣",2026-10-07 18:14:45,,0,0
