source_post_url,comment_id,platform,author,comment_text,date,Views,sentiment,like,reply
https://www.threads.com/@malaysiabertauhidofficial/post/DeKtqnQEjHR,,Threads,billynp_,Byee,2026-10-06T21:12:52.000Z,,,0,
https://www.threads.com/@malaysiabertauhidofficial/post/DeKtqnQEjHR,,Threads,zanhisham,,2026-10-06T21:13:26.000Z,,,4,
https://www.threads.com/@malaysiabertauhidofficial/post/DeKtqnQEjHR,,Threads,saaxsbcp2,"yg dijokesin bnyk negara, tp yg gampang tantrum cmn malay lmaoooo😭",2026-10-06T21:33:05.000Z,,,12,
https://www.threads.com/@malaysiabertauhidofficial/post/DeKtqnQEjHR,,Threads,mizuo.str,Apalah desh,2026-10-06T21:37:34.000Z,,,3,
https://www.threads.com/@malaysiabertauhidofficial/post/DeKtqnQEjHR,,Threads,rodedlphnm,"- I don't see you reacting like this when a Malaysian makes a thread that leads to harassment,
- I don't see you reacting like this when a Malaysian bullies a kid from Indonesia,
- I don't see you reacting like this when many Malaysians make threads filled with curses just because your country lost a football match,
- I don't see you reacting like this when some Malaysians belittle and insult fellow Muslims from Indonesia just because of a football.

may I know why? malaysiabertauhidofficial",2026-10-06T22:10:21.000Z,,,3,
https://www.threads.com/@malaysiabertauhidofficial/post/DeKtqnQEjHR,,Threads,rahmaddsaputraa,,2026-10-06T22:14:06.000Z,,,0,
https://www.threads.com/@malaysiabertauhidofficial/post/DeKtqnQEjHR,,Threads,repost_vaksin,"kahf siapa owner nya
Dan stupid game apa nih maksudnya dan prize nya?",2026-10-06T22:32:30.000Z,,,0,
https://www.threads.com/@malaysiabertauhidofficial/post/DeKtqnQEjHR,,Threads,coffee_bombon,Nak tengok resit,2026-10-06T22:47:00.000Z,,,0,
https://www.threads.com/@malaysiabertauhidofficial/post/DeKtqnQEjHR,,Threads,lighstrikeorion,Dh tkt kene boikot mohon maaf. Kikikiki.. X matang lansung. 😬,2026-10-06T22:52:48.000Z,,,6,
https://www.threads.com/@malaysiabertauhidofficial/post/DeKtqnQEjHR,,Threads,anythingyouni,,2026-10-06T23:17:55.000Z,,,2,
https://www.threads.com/@malaysiabertauhidofficial/post/DeKtqnQEjHR,,Threads,gabutaja1998,🤡🫵🏻,2026-10-06T23:29:50.000Z,,,2,
https://www.threads.com/@malaysiabertauhidofficial/post/DeKtqnQEjHR,,Threads,achillgent,"Just side info , kahf and wardah satu company kan? @meta.ai",2026-10-06T23:36:59.000Z,,,1,
https://www.threads.com/@malaysiabertauhidofficial/post/DeKtqnQEjHR,,Threads,naziel_furnita,"Trnyata luarbiasa bgtu berpngaruhnya ya produk indonesia di tanah Malaysia... Keren2.. 😃
Trimksih sudah pernah mencintai produk2 Indonesiaa... Bye...",2026-10-06T23:50:11.000Z,,,5,
https://www.threads.com/@malaysiabertauhidofficial/post/DeKtqnQEjHR,,Threads,honen.mayyy,HAHAHHHAAAA game over kahf!,2026-10-06T23:56:11.000Z,,,0,
https://www.threads.com/@malaysiabertauhidofficial/post/DeKtqnQEjHR,,Threads,mukmin_marwan,nih gw tambahin,2026-10-07T00:20:14.000Z,,,5,
https://www.threads.com/@malaysiabertauhidofficial/post/DeKtqnQEjHR,,Threads,manxpal_,Apa kes ni sorg explain,2026-10-07T00:22:29.000Z,,,0,
https://www.threads.com/@malaysiabertauhidofficial/post/DeKtqnQEjHR,,Threads,isalbrewok,bertauhid tapi stupid stupid ke orang,2026-10-07T00:31:59.000Z,,,0,
https://www.threads.com/@malaysiabertauhidofficial/post/DeKtqnQEjHR,,Threads,arepissszz,,2026-10-07T00:32:50.000Z,,,6,
https://www.threads.com/@malaysiabertauhidofficial/post/DeKtqnQEjHR,,Threads,ahmad_marc,"Boikot segala products Indonesia, termasuklah segala post mereka di media social, itu pun product, kita komen mereka dapat duit. We don't have to go down to their level",2026-10-07T00:52:23.000Z,,,0,
https://www.threads.com/@malaysiabertauhidofficial/post/DeKtqnQEjHR,,Threads,m4t_4rif,Mencari dan mendapat,2026-10-07T01:05:08.000Z,,,5,
https://www.threads.com/@malaysiabertauhidofficial/post/DeKtqnQEjHR,,Threads,sophea_8922,Korang support brand badlab ni. Ni brand kita. KA pun follow badlab.,2026-10-07T01:21:03.000Z,,,8,
https://www.threads.com/@malaysiabertauhidofficial/post/DeKtqnQEjHR,,Threads,syarulhafleziz,@meta.ai kenapa semua boikot kahf,2026-10-07T01:24:46.000Z,,,0,
https://www.threads.com/@malaysiabertauhidofficial/post/DeKtqnQEjHR,,Threads,ayiddlahh,"Bila tengok komen, aku bersyukur jadi rakyat Malaysia dan BANGGA MENJADI RAKYAT MALAYSIA! Sendiri buat salah, tapi tetap tak nak turun ego.",2026-10-07T01:37:58.000Z,,,0,
https://www.threads.com/@malaysiabertauhidofficial/post/DeKtqnQEjHR,,Threads,ahmadalbar2225,"Nama akunnya bertauhid, tapi postingannya jahanam wkwkwk",2026-10-07T01:49:13.000Z,,,0,
https://www.threads.com/@malaysiabertauhidofficial/post/DeKtqnQEjHR,,Threads,bukan__emelda,Min mcm berdendam sgt ni 😂,2026-10-07T02:44:23.000Z,,,0,
https://www.threads.com/@malaysiabertauhidofficial/post/DeKtqnQEjHR,,Threads,amieyra_safiya,"BOIKOT SETIAP YANG BERKENAAN DENGAN INDONESIA!!

MEREKA MAKIN MELAMPAU!!",2026-10-07T02:53:11.000Z,,,0,
https://www.threads.com/@malaysiabertauhidofficial/post/DeKtqnQEjHR,,Threads,4threyss,"Saya buat random for 50 orang. Cuba korang check, jadi ke tidak 😅🤍",2026-10-07T02:54:40.000Z,,,1,
https://www.threads.com/@malaysiabertauhidofficial/post/DeKtqnQEjHR,,Threads,iaizm,KONOHA ANJING,2026-10-07T03:07:42.000Z,,,0,
https://www.threads.com/@malaysiabertauhidofficial/post/DeKtqnQEjHR,,Threads,malaysiabertauhidofficial,"Goodbye Kahf.

So rude.

Play stupid game, win stupid prize.",2026-10-06T21:07:57.000Z,,,3374,
https://www.threads.com/@zolamyyy/post/DeK-b-TD83Q,,Threads,zack_apron98,,2026-10-06T23:53:37.000Z,,,4,
https://www.threads.com/@zolamyyy/post/DeK-b-TD83Q,,Threads,omnivore.me,,2026-10-07T00:15:39.000Z,,,0,
https://www.threads.com/@zolamyyy/post/DeK-b-TD83Q,,Threads,tyaratirana,Which country's product?,2026-10-07T00:16:24.000Z,,,0,
https://www.threads.com/@zolamyyy/post/DeK-b-TD83Q,,Threads,its_me_anandiakha,MANGEAKKKKKKK,2026-10-07T00:27:37.000Z,,,1,
https://www.threads.com/@zolamyyy/post/DeK-b-TD83Q,,Threads,em_jay4740,"How to kautim org boikot?
Buat promo, bagi diskaun, slash harga, buat fiesta, sponsor event running
Berduyun2 terpa pi beli, join mcm tiada hari esok.
Macam tu laaaaaa boikot di Malaysia niieee
Heheeheee.....",2026-10-07T00:39:29.000Z,,,1,
https://www.threads.com/@zolamyyy/post/DeK-b-TD83Q,,Threads,evolwithlovi,"Hahaha tak de impact, size penduduk Malaysia kecik je hanya 35juta. Sementara produk Indonesia disokong 280jt customer Indonesia.

Di Indonesia Tak de produk Malaysia yg dikenal oleh masyarakat Indonesia. Masyarakat Indonesia hanya mengenal Siti Nurhaliza je.

Malaysia hanya punya BELACAN JE.",2026-10-07T00:41:45.000Z,,,14,
https://www.threads.com/@zolamyyy/post/DeK-b-TD83Q,,Threads,ammarpovboi,dah kenapa sampai simpan bendera indonesia dalam rumah tu😉😉,2026-10-07T00:46:39.000Z,,,6,
https://www.threads.com/@zolamyyy/post/DeK-b-TD83Q,,Threads,astriawati_ariwibowo,Boikot aja sana boikot.. aku sih pilih lanjut boikot produk zionis aja.. lalalalalalalalala,2026-10-07T00:47:57.000Z,,,0,
https://www.threads.com/@zolamyyy/post/DeK-b-TD83Q,,Threads,galuhmaher,Nggak sekalian brand lain? Nih gw bantu list 😂😂,2026-10-07T00:49:25.000Z,,,13,
https://www.threads.com/@zolamyyy/post/DeK-b-TD83Q,,Threads,dan_wong816,@meta.ai what this brand did?,2026-10-07T00:51:49.000Z,,,0,
https://www.threads.com/@zolamyyy/post/DeK-b-TD83Q,,Threads,robivora,"Macam ni la anak pelacur Melayu.
Fuck you, Malay asshole 🖕
Go cry to your mama, bitch. Hahahaha",2026-10-07T00:54:35.000Z,,,0,
https://www.threads.com/@zolamyyy/post/DeK-b-TD83Q,,Threads,sophea_8922,Korang support brand badlab ni. Ni brand kita. KA pun follow badlab.,2026-10-07T00:57:46.000Z,,,1,
https://www.threads.com/@zolamyyy/post/DeK-b-TD83Q,,Threads,hidearstalker_,"meh meh meh boycot lah, losing customer like u is meaningless",2026-10-07T00:59:27.000Z,,,0,
https://www.threads.com/@zolamyyy/post/DeK-b-TD83Q,,Threads,rialshryn,"Mau boikot produk malaysia juga tp masih bingung, apa aja ya 🤣🤣🤣",2026-10-07T01:00:28.000Z,,,0,
https://www.threads.com/@zolamyyy/post/DeK-b-TD83Q,,Threads,andisyahputra90,"Go ahead, silakan boikot 😂",2026-10-07T01:03:01.000Z,,,0,
https://www.threads.com/@zolamyyy/post/DeK-b-TD83Q,,Threads,azharimadhan,ga peduli 🙈,2026-10-07T01:07:45.000Z,,,0,
https://www.threads.com/@zolamyyy/post/DeK-b-TD83Q,,Threads,ipung_wayye,"Gak ngaruh, penduduk negara kalian cuma se kabutapen doang 😂",2026-10-07T01:09:38.000Z,,,12,
https://www.threads.com/@zolamyyy/post/DeK-b-TD83Q,,Threads,shu_gongzi96,"Kok yg muntab malay, padahal yg kalah easy aja.",2026-10-07T01:14:17.000Z,,,0,
https://www.threads.com/@zolamyyy/post/DeK-b-TD83Q,,Threads,chanbart96,"Sekalian rendang, batik juga dong !
Oh ada yg ketinggaln musik indo juga ya soalnya tangga musik tertinggi di malay musik indo semua 🤭",2026-10-07T01:16:19.000Z,,,2,
https://www.threads.com/@zolamyyy/post/DeK-b-TD83Q,,Threads,syrsyadd,Memang aku buang la,2026-10-07T01:17:19.000Z,,,0,
https://www.threads.com/@zolamyyy/post/DeK-b-TD83Q,,Threads,vish.arka,Boycott rendang also...,2026-10-07T01:22:05.000Z,,,0,
https://www.threads.com/@zolamyyy/post/DeK-b-TD83Q,,Threads,insansudadi,"Gara2 Bola Boycot produk Indonesia, aneh bgt, Boycot no produk Israel, sudah kena fitnah Dajjal, kasihan.",2026-10-07T01:22:55.000Z,,,1,
https://www.threads.com/@zolamyyy/post/DeK-b-TD83Q,,Threads,ranathadean,Ga ngaruh you just a tiny market 🤣🤣🤣🤣🤣,2026-10-07T01:27:37.000Z,,,1,
https://www.threads.com/@zolamyyy/post/DeK-b-TD83Q,,Threads,oliver_prasetya,ORANG GILA WKWK,2026-10-07T01:31:25.000Z,,,0,
https://www.threads.com/@zolamyyy/post/DeK-b-TD83Q,,Threads,go_go1017,Malay cuma bisa bikin dadah wkwk,2026-10-07T01:32:06.000Z,,,0,
https://www.threads.com/@zolamyyy/post/DeK-b-TD83Q,,Threads,ivonari2,"Tp ini enak lho bener, ada alternatif brand malaysia dgn harga dan kualitas spt kahf?",2026-10-07T01:32:41.000Z,,,0,
https://www.threads.com/@zolamyyy/post/DeK-b-TD83Q,,Threads,sulthanbebas,,2026-10-07T01:32:44.000Z,,,6,
https://www.threads.com/@zolamyyy/post/DeK-b-TD83Q,,Threads,nadhirasetiawan,"Gk ngaruh 🤣🤣 ,yg rasiskan dr etnis mrlayu mlsy ,yg dr etnis cina dan india mereka find2 sj",2026-10-07T01:37:00.000Z,,,0,
https://www.threads.com/@zolamyyy/post/DeK-b-TD83Q,,Threads,msperdana,Pengen boikot tapi produk kalian di indonesia cuma ada satu saja.. maklum kalian kurang kreatif mencipta.. 🙏 maaf,2026-10-07T01:38:44.000Z,,,3,
https://www.threads.com/@zolamyyy/post/DeK-b-TD83Q,,Threads,_ifalatifah,"Mau ku bales boycot juga, tapi yang ada cuma upin ipin, kasihan anak kecil gak ngerti apa-apa. 🥲",2026-10-07T01:39:47.000Z,,,0,
https://www.threads.com/@zolamyyy/post/DeK-b-TD83Q,,Threads,ranathadean,Minimal post di IDN di hapus bloon 🤣🤣🤣🤣,2026-10-07T01:40:37.000Z,,,0,
https://www.threads.com/@zolamyyy/post/DeK-b-TD83Q,,Threads,aril_pinyo_skywaver,Jumlah penduduk Malaysia berapa sih?? Mau boycott seluruh warga nya juga gak bakal ngaruh apa2.. 😂😂😂,2026-10-07T01:40:48.000Z,,,0,
https://www.threads.com/@zolamyyy/post/DeK-b-TD83Q,,Threads,luiicindy,"Boycott musik indo juga dong. Kan seru tuh kalo sedih dengerinnya ""hawimau hawimau"" 🤭",2026-10-07T01:41:23.000Z,,,0,
https://www.threads.com/@zolamyyy/post/DeK-b-TD83Q,,Threads,hmmaeri,TERNYATA ORANG SEBELAH PADA PUNYA PRODUK INDO YA? SEBAGUS ITU PRODUK KAMI?? WKWKWKW,2026-10-07T01:46:23.000Z,,,1,
https://www.threads.com/@zolamyyy/post/DeK-b-TD83Q,,Threads,gampangbaper79,Yg penting timnas indo menang,2026-10-07T01:46:57.000Z,,,0,
https://www.threads.com/@zolamyyy/post/DeK-b-TD83Q,,Threads,rizkiaqa,"Kalian memboycot sesuatu karena Bola? Kalian sakit, harus berobat kejiwaan",2026-10-07T01:48:55.000Z,,,1,
https://www.threads.com/@zolamyyy/post/DeK-b-TD83Q,,Threads,aggmlna,"Tak apa lah, boycot aja. Kalian ni tak pandai berkreasi. Boycot saja semua dari makanan, produk kecantikan hingga industri kreatif seperti film dan lagu, sekalian saja. Urutan atas Spotify kalian masihlah lagu2 berbendera Indonesia wkwk",2026-10-07T01:51:02.000Z,,,0,
https://www.threads.com/@zolamyyy/post/DeK-b-TD83Q,,Threads,arenip.armani,Ingat Kita pernah berjaya boikot brand raksasa ni guys.. jangan main2 dgn boikot orang malaysia,2026-10-07T01:52:49.000Z,,,0,
https://www.threads.com/@zolamyyy/post/DeK-b-TD83Q,,Threads,fabianicoles,Dengan Kahf pun koyak... 🤭 Kesian,2026-10-07T01:53:07.000Z,,,0,
https://www.threads.com/@zolamyyy/post/DeK-b-TD83Q,,Threads,op_addicted07,"HALO @zolamyyy
TERNYATA YANG KATANYA IQ MEREKA TINGGI GA SESUAI DENGAN DENGAN FAKTA SEBENARNYA YA.
MEMAHAMI MAKSUD DARI POSTINGAN KAHF (TUTOR CARA MASUK EROPA) ITU AJA MEREKA (MASYARAKAT MALAYSIA) GA BISA. PADAHAL SELAMA INI YANG FLEXING PASSPORT DAN JALAN KE EROPA ITU MASYARAKAT MALAYSIA. TRUS KAFH POSTING NANYA CARA TUTOR MASUK EROPA, MASYARAKAT MALAYSIA TOLOL INI MALAH HEBOH. KAN BISA JADI KAHF MINTA TUTOR MASUK EROPA SUPAYA BISA EXPAN PRODUKNYA KE EUROP KAN 😌
TERNYATA SETOLOL ITU YA MALAYS",2026-10-07T01:55:45.000Z,,,0,
https://www.threads.com/@zolamyyy/post/DeK-b-TD83Q,,Threads,celoteh_irt,Gak pduli wleeeee ciee kesel yaaa 🤪🤪,2026-10-07T02:02:53.000Z,,,0,
https://www.threads.com/@zolamyyy/post/DeK-b-TD83Q,,Threads,syazam_noor,,2026-10-07T02:06:03.000Z,,,0,
https://www.threads.com/@zolamyyy/post/DeK-b-TD83Q,,Threads,argakareba,Lagian kenapa negara lu produknya banyak banget ngambil dari Indo? Se ngefans itu kah kalian? Wkwkwk,2026-10-07T02:10:04.000Z,,,0,
https://www.threads.com/@zolamyyy/post/DeK-b-TD83Q,,Threads,babyboykenjipanda,dayummnn,2026-10-07T02:19:39.000Z,,,0,
https://www.threads.com/@zolamyyy/post/DeK-b-TD83Q,,Threads,bandahriduan,@kahfeveryday @kahfeveryday.my boikot,2026-10-07T02:30:38.000Z,,,0,
https://www.threads.com/@zolamyyy/post/DeK-b-TD83Q,,Threads,imagine.182,"Negara dengan penduduk paling rasis di dunia kok mewek an, pasport doang kuat, mental kek silit",2026-10-07T02:33:18.000Z,,,0,
https://www.threads.com/@zolamyyy/post/DeK-b-TD83Q,,Threads,mitron424,,2026-10-07T02:39:34.000Z,,,0,
https://www.threads.com/@zolamyyy/post/DeK-b-TD83Q,,Threads,ssuufi,"Baguslah boikot produk indo, biasanya kan DIKLAIM 😏🫢",2026-10-07T02:54:39.000Z,,,0,
https://www.threads.com/@zolamyyy/post/DeK-b-TD83Q,,Threads,awa.smaulewat,lebay wkwkwk,2026-10-07T02:57:09.000Z,,,1,
https://www.threads.com/@zolamyyy/post/DeK-b-TD83Q,,Threads,risma_cr8,Pakai produck Israel bro yang high quality 🤭,2026-10-07T02:57:50.000Z,,,0,
https://www.threads.com/@zolamyyy/post/DeK-b-TD83Q,,Threads,zolamyyy,"Disrespect statement by this fckg brand on our country. Sorry Kahf, you are shame! Never used this brand anymore. Let’s boycott, Malaysian.",2026-10-06T23:34:30.000Z,,,113,
https://www.threads.com/@hazimwarisan/post/DeK1uoik-Rs,,Threads,mohd.ras93,Indonesia punya brand kan ni?,2026-10-06T22:36:35.000Z,,,1,
https://www.threads.com/@hazimwarisan/post/DeK1uoik-Rs,,Threads,mal15z,tak hairan sebab some of them (or more) mostly otak kat lutut.. taktahu apa yg dibanggakan lepastu apologize after getting criticized.. hahaha,2026-10-06T23:07:27.000Z,,,2,
https://www.threads.com/@hazimwarisan/post/DeK1uoik-Rs,,Threads,siswhiteswan,Tak payah la minta maaf segala. Malaysia dah terluka banyak kali.,2026-10-06T23:26:59.000Z,,,6,
https://www.threads.com/@hazimwarisan/post/DeK1uoik-Rs,,Threads,hfzddinnn,pakatt ii kiteee pkai badlab jee laaa..ori Malaysia..bndee un murahhh 🤝🤝🤝,2026-10-06T23:37:15.000Z,,,3,
https://www.threads.com/@hazimwarisan/post/DeK1uoik-Rs,,Threads,d.f.h,efek sepakbola kalah,2026-10-06T23:39:36.000Z,,,1,
https://www.threads.com/@hazimwarisan/post/DeK1uoik-Rs,,Threads,rxqen_ralyn,brand besar tapi mcmtu hm fikir sediri pasal bola ja pun,2026-10-06T23:47:36.000Z,,,4,
https://www.threads.com/@hazimwarisan/post/DeK1uoik-Rs,,Threads,typhlosioneruption,Kahf ni produk dari Indonesia kan. Why do we keep supporting them?,2026-10-07T00:02:23.000Z,,,9,
https://www.threads.com/@hazimwarisan/post/DeK1uoik-Rs,,Threads,haryzlusiwoi,Boikot @watsonsmy dgn @guardianmy kalau masih jual product Kahf ni,2026-10-07T00:05:29.000Z,,,5,
https://www.threads.com/@hazimwarisan/post/DeK1uoik-Rs,,Threads,the_eye1012,Jangan terima maaf tu. Semua tau dah perangai Indon mcm mana kan? Terang lagi bersuluh.,2026-10-07T00:13:42.000Z,,,4,
https://www.threads.com/@hazimwarisan/post/DeK1uoik-Rs,,Threads,asraoul_ariffyn,Boikotttt…mmg buangggg semuaaaa,2026-10-07T00:17:29.000Z,,,2,
https://www.threads.com/@hazimwarisan/post/DeK1uoik-Rs,,Threads,nizam_aman,@kahfeveryday.my damage has been done.,2026-10-07T00:26:03.000Z,,,7,
https://www.threads.com/@hazimwarisan/post/DeK1uoik-Rs,,Threads,dilaa_syahira,Boikot jela...lagipun orang sana pun ckp diorg tak heran pun org Malaysia nk boikot barang die..sebab katenya barang die berkualiti dan banyak negara lagi boleh diorg anta.,2026-10-07T00:27:27.000Z,,,10,
https://www.threads.com/@hazimwarisan/post/DeK1uoik-Rs,,Threads,amrnnzzz,Dia tak tau pukulan malaysia kot,2026-10-07T00:30:28.000Z,,,3,
https://www.threads.com/@hazimwarisan/post/DeK1uoik-Rs,,Threads,shamfazreen,Boycott jgan support dah,2026-10-07T00:30:50.000Z,,,1,
https://www.threads.com/@hazimwarisan/post/DeK1uoik-Rs,,Threads,ikhwanamnk,Tak nak beli dah produk ni,2026-10-07T00:42:45.000Z,,,1,
https://www.threads.com/@hazimwarisan/post/DeK1uoik-Rs,,Threads,harith8081,Jangan beli Kahf!,2026-10-07T00:44:12.000Z,,,3,
https://www.threads.com/@hazimwarisan/post/DeK1uoik-Rs,,Threads,fauzanlatib,Maaf sy pakai Safi je 🙌🏻,2026-10-07T00:44:34.000Z,,,5,
https://www.threads.com/@hazimwarisan/post/DeK1uoik-Rs,,Threads,this_no.7,Baik beli perfume sahabatku iaitu ASK PERFUME. support barang malaysia,2026-10-07T00:45:18.000Z,,,1,
https://www.threads.com/@hazimwarisan/post/DeK1uoik-Rs,,Threads,umiesofeamasae,Nak tunjuk la brand2 besar pun otak nya siput juga,2026-10-07T00:46:08.000Z,,,1,
https://www.threads.com/@hazimwarisan/post/DeK1uoik-Rs,,Threads,miss_ddckcs,Teruskan tidak mengenali dan tidak pernah membeli sebarang produk kahf ✌🏻,2026-10-07T00:50:05.000Z,,,2,
https://www.threads.com/@hazimwarisan/post/DeK1uoik-Rs,,Threads,mfaizalk89,aku je ke yang x fomo ngn produk ni..,2026-10-07T00:50:35.000Z,,,1,
https://www.threads.com/@hazimwarisan/post/DeK1uoik-Rs,,Threads,hutd_man,"Selama ni aku beli barang diorang, aku BOIKOT terus.",2026-10-07T00:51:11.000Z,,,1,
https://www.threads.com/@hazimwarisan/post/DeK1uoik-Rs,,Threads,boyfromeastcoast,otak udang ke semua ? xkan la brand besar x pikir dulu sblm nak post benda2 bodo gini,2026-10-07T00:52:07.000Z,,,0,
https://www.threads.com/@hazimwarisan/post/DeK1uoik-Rs,,Threads,goldenhex_33,"Oh nie brand indonesia ke?? Ok baik,, stop buying.. Ingat product Malaysia",2026-10-07T00:52:19.000Z,,,1,
https://www.threads.com/@hazimwarisan/post/DeK1uoik-Rs,,Threads,fatinmorat,"ok boikot kahf support fatin ok. hahaha

https://vt.tiktok.com/ZS9DQKoUKrkEn-VOusy/",2026-10-07T00:53:08.000Z,,,23,
https://www.threads.com/@hazimwarisan/post/DeK1uoik-Rs,,Threads,bbynad286,Duta die KHAF ni alif satar kan kalau xsilap saya kan .. masa F1 nmpk die pki bju brand ni,2026-10-07T00:53:59.000Z,,,1,
https://www.threads.com/@hazimwarisan/post/DeK1uoik-Rs,,Threads,nurulmnor72,😅😬,2026-10-07T00:54:51.000Z,,,1,
https://www.threads.com/@hazimwarisan/post/DeK1uoik-Rs,,Threads,sophea_8922,Korang support brand badlab ni. Ni brand kita. KA pun follow badlab.,2026-10-07T00:56:42.000Z,,,2,
https://www.threads.com/@hazimwarisan/post/DeK1uoik-Rs,,Threads,bbynad286,"Rexona , sunsilk , DAIA , SUNLIGHT pon under seberang jugak…▓",2026-10-07T00:57:15.000Z,,,0,
https://www.threads.com/@hazimwarisan/post/DeK1uoik-Rs,,Threads,mazmeermohamad,"Sy pnggguna kahf,Insyaallah boikot 👍",2026-10-07T00:57:20.000Z,,,0,
https://www.threads.com/@hazimwarisan/post/DeK1uoik-Rs,,Threads,lee.afiahh,done boikot. baru plan nak beli utk husband try. dah buat hal. bye2 n sayonara,2026-10-07T01:06:59.000Z,,,0,
https://www.threads.com/@hazimwarisan/post/DeK1uoik-Rs,,Threads,lilybloom2332,Nasib baikk aku tak jadi beli brg hantaran kalau tak menangis jugakk duit akuuuuuuu,2026-10-07T01:13:22.000Z,,,1,
https://www.threads.com/@hazimwarisan/post/DeK1uoik-Rs,,Threads,hzrwanyhejab,Boikot kedua lepas santan kara,2026-10-07T01:24:09.000Z,,,3,
https://www.threads.com/@hazimwarisan/post/DeK1uoik-Rs,,Threads,aliff_ime,Boycotting @kahfeveryday.my @kahfeveryday,2026-10-07T01:27:32.000Z,,,1,
https://www.threads.com/@hazimwarisan/post/DeK1uoik-Rs,,Threads,shahsaad30,"tak beli produk ni lg, sejak aku tgk IQ beruk Konoha..",2026-10-07T01:30:53.000Z,,,1,
https://www.threads.com/@hazimwarisan/post/DeK1uoik-Rs,,Threads,fwmohamad_,Xpernah support dan xkan support 🤣,2026-10-07T01:32:16.000Z,,,0,
https://www.threads.com/@hazimwarisan/post/DeK1uoik-Rs,,Threads,4m_nan,Maaf tak bole di terima. Kau mintak maaf Pon tak profesional. Die ingat kite mcm rakyat die. Aku dah buang semua brand Kahfi nie. Cari produk lain pulak lah .,2026-10-07T01:34:56.000Z,,,1,
https://www.threads.com/@hazimwarisan/post/DeK1uoik-Rs,,Threads,____r787x,Kahf ni natang apa?? Produk Tupperware ka? Member sruh tnya,2026-10-07T01:36:14.000Z,,,1,
https://www.threads.com/@hazimwarisan/post/DeK1uoik-Rs,,Threads,hafizulhemy_,@badlabco much better than produk KONOHA ni,2026-10-07T01:37:01.000Z,,,1,
https://www.threads.com/@hazimwarisan/post/DeK1uoik-Rs,,Threads,yaya_aara,Ramai wey affliate Malaysia dorg... Tak sedar dek untung,2026-10-07T01:41:46.000Z,,,0,
https://www.threads.com/@hazimwarisan/post/DeK1uoik-Rs,,Threads,tinalove_81,Sy takmpenah dgr pon brand ni,2026-10-07T01:51:46.000Z,,,2,
https://www.threads.com/@hazimwarisan/post/DeK1uoik-Rs,,Threads,syah_mspire,Boikot jelah market kita kecil je populasi pun 10% je daripada depa,2026-10-07T01:53:05.000Z,,,0,
https://www.threads.com/@hazimwarisan/post/DeK1uoik-Rs,,Threads,ctea5rus18,Kahf bran apa,2026-10-07T01:59:44.000Z,,,1,
https://www.threads.com/@hazimwarisan/post/DeK1uoik-Rs,,Threads,lee_fazz,Nasib baik aku punya scrub dah nak habis. Lepas ni no more Kahf.,2026-10-07T02:04:26.000Z,,,1,
https://www.threads.com/@hazimwarisan/post/DeK1uoik-Rs,,Threads,_ah_leia,Boikot kahf,2026-10-07T02:04:54.000Z,,,1,
https://www.threads.com/@hazimwarisan/post/DeK1uoik-Rs,,Threads,khairul_azman,Mujur tak pernah beli guna produk ni,2026-10-07T02:08:50.000Z,,,1,
https://www.threads.com/@hazimwarisan/post/DeK1uoik-Rs,,Threads,azyan.recruiter,rasa Alif Satar kena withdraw from being their brand ambassador. @alifsatar,2026-10-07T02:21:53.000Z,,,2,
https://www.threads.com/@hazimwarisan/post/DeK1uoik-Rs,,Threads,zammv,@kahfeveryday Take back your product we dont need it! cehh😆,2026-10-07T02:21:58.000Z,,,1,
https://www.threads.com/@hazimwarisan/post/DeK1uoik-Rs,,Threads,syraaaaz.noya,"Hm dari menteri, ke rakyat, sampai produk pun hmmm🥴",2026-10-07T02:23:08.000Z,,,1,
https://www.threads.com/@hazimwarisan/post/DeK1uoik-Rs,,Threads,azamkardani,Luka boleh sembuh tapi parut kekal selamanya. Tinggalkan terosss,2026-10-07T02:32:26.000Z,,,0,
https://www.threads.com/@hazimwarisan/post/DeK1uoik-Rs,,Threads,hazimwarisan,"🚨⚠️ BOIKOT KAHF ⚠️🚫❌‼️

Nak buat marketing atau apa-apa posting, fikir dulu kesannya. Bab negara dan bendera 🇲🇾 jangan dibuat main! 🚫⚠️

Buat salah, kemudian hanya keluarkan statement biasa minta maaf? Itu bukan cara profesional. ❌

PIC yang bertanggungjawab sepatutnya tampil secara terbuka, beri penjelasan dan mohon maaf melalui video/press conference. 🎥‼️

Silap boleh berlaku, tapi cara bertanggungjawab itu menunjukkan kelas sesebuah organisasi. 🚨",2026-10-06T22:18:25.000Z,,,296,
https://www.threads.com/@hawtcherry/post/DeKT5YfD-yV,,Threads,stfumonyet,context? kenapa kena boycott kahf,2026-10-06T17:33:40.000Z,,,3,
https://www.threads.com/@hawtcherry/post/DeKT5YfD-yV,,Threads,mellymatabesar,"Wardah tak best pun, ada ke org pakai?",2026-10-06T18:51:07.000Z,,,43,
https://www.threads.com/@hawtcherry/post/DeKT5YfD-yV,,Threads,kednevercare,"Sorry, none of these Indo brands touch my face. Geli",2026-10-06T21:19:56.000Z,,,51,
https://www.threads.com/@hawtcherry/post/DeKT5YfD-yV,,Threads,justhanisha3891,Binti's Malaysian kan. Baru je mgu lepas anak mnta Wardah. Tp kita suggest Binti's,2026-10-06T21:33:00.000Z,,,23,
https://www.threads.com/@hawtcherry/post/DeKT5YfD-yV,,Threads,nurazureen7,"haritu g watsons nak topup moisturiser, memang jeling jeee wardah kalini. Tak beli brand wardah dah walaupun selalu suka pakai tu😌",2026-10-06T22:18:59.000Z,,,9,
https://www.threads.com/@hawtcherry/post/DeKT5YfD-yV,,Threads,_ktjh,"Wardah lip matte warna terang Nau, material pun biasa, x repeat",2026-10-06T22:42:50.000Z,,,0,
https://www.threads.com/@hawtcherry/post/DeKT5YfD-yV,,Threads,analilli06,I never buy these brands at all. please continue not buying them. Indonesian are so ungrateful.,2026-10-06T22:56:13.000Z,,,8,
https://www.threads.com/@hawtcherry/post/DeKT5YfD-yV,,Threads,wnzlnnn,Safi indonesian ke tak,2026-10-06T23:05:07.000Z,,,0,
https://www.threads.com/@hawtcherry/post/DeKT5YfD-yV,,Threads,minsobsob,Done. I've stopped buying @wardahbeauty,2026-10-06T23:09:21.000Z,,,5,
https://www.threads.com/@hawtcherry/post/DeKT5YfD-yV,,Threads,pendustakataa,Sekalian tq,2026-10-06T23:10:04.000Z,,,102,
https://www.threads.com/@hawtcherry/post/DeKT5YfD-yV,,Threads,tahumayo_,"Tapi kenapa ya, orang malay kalo indo salah langsung berisik, tapi giliran mereka yang salah dan nyalahin indo kaya yowes aja ga minta maaf ga apa (konteks cewe di airport itu) *btw ini pure kepo yaa ga ngejek",2026-10-06T23:28:07.000Z,,,22,
https://www.threads.com/@hawtcherry/post/DeKT5YfD-yV,,Threads,arieeeena_y,Ok noted tp alhamdulillah so far mmg x pernah guna,2026-10-06T23:51:01.000Z,,,0,
https://www.threads.com/@hawtcherry/post/DeKT5YfD-yV,,Threads,mrdito_,.,2026-10-06T23:52:51.000Z,,,0,
https://www.threads.com/@hawtcherry/post/DeKT5YfD-yV,,Threads,nadhiranatashaa,Never use this brand. So ick,2026-10-07T00:12:43.000Z,,,1,
https://www.threads.com/@hawtcherry/post/DeKT5YfD-yV,,Threads,ikvrosee,Dazzle me brand malaysia ke bukan ek,2026-10-07T00:12:46.000Z,,,0,
https://www.threads.com/@hawtcherry/post/DeKT5YfD-yV,,Threads,nadie_chan,"Baru je trfikir nak bgtau, ni da ada yg share. Okay moh la Malaysian. Mana bole boikot kita boikot!!! Support local product.",2026-10-07T00:14:20.000Z,,,0,
https://www.threads.com/@hawtcherry/post/DeKT5YfD-yV,,Threads,addyannaaaa,repost please orang Malaysia. boikot barang indon,2026-10-07T00:14:46.000Z,,,0,
https://www.threads.com/@hawtcherry/post/DeKT5YfD-yV,,Threads,izzypi2zy,Oh mann wardah is banger dawg💔,2026-10-07T00:17:41.000Z,,,0,
https://www.threads.com/@hawtcherry/post/DeKT5YfD-yV,,Threads,livelovelaughdiyan,"pixy blh pakai kan 🥹, sbb suka pakai brand pixy. Pixy from indonesia juga. Tapi pixy rasanya tak ada buat hal dgn netizen malaysia",2026-10-07T00:19:44.000Z,,,0,
https://www.threads.com/@hawtcherry/post/DeKT5YfD-yV,,Threads,hatibatu68,Baik,2026-10-07T00:21:02.000Z,,,0,
https://www.threads.com/@hawtcherry/post/DeKT5YfD-yV,,Threads,livelovelaughdiyan,Pls boycott brand2 bawah paragoncorp,2026-10-07T00:21:03.000Z,,,18,
https://www.threads.com/@hawtcherry/post/DeKT5YfD-yV,,Threads,brother.gedang,my sis and mother in law said wardah is not that good. sape je pakai wardah ?,2026-10-07T00:37:17.000Z,,,0,
https://www.threads.com/@hawtcherry/post/DeKT5YfD-yV,,Threads,alanghanafi,Rogerrrr. Kita pernah boikot brand2 besar sebelum ini. Kali ini pasti biolehhhhh.,2026-10-07T00:37:27.000Z,,,24,
https://www.threads.com/@hawtcherry/post/DeKT5YfD-yV,,Threads,niketama_,good thing i don’t wear any of these brands. dulu pernah pakai wardah pnya lip tint but dah tukar to silkygirl until now hehe,2026-10-07T00:40:58.000Z,,,0,
https://www.threads.com/@hawtcherry/post/DeKT5YfD-yV,,Threads,cekmonster,Boleh,2026-10-07T00:47:17.000Z,,,0,
https://www.threads.com/@hawtcherry/post/DeKT5YfD-yV,,Threads,dtskyn_,Buset-buset perkara bola sampe diboycott WKWKWKWKW! Lu sih @kahfeveryday,2026-10-07T01:07:40.000Z,,,1,
https://www.threads.com/@hawtcherry/post/DeKT5YfD-yV,,Threads,bare.ography,jangan lupa juga pagi sore pik tu. penuh orang kita je dalam tu 🤣,2026-10-07T01:12:21.000Z,,,0,
https://www.threads.com/@hawtcherry/post/DeKT5YfD-yV,,Threads,friedman_mart,"ternyata banyak brand indo di malaydesh ya, amaze\ing",2026-10-07T01:37:28.000Z,,,0,
https://www.threads.com/@hawtcherry/post/DeKT5YfD-yV,,Threads,ahmadfahmy.izzudin,Lets hope semua onboard on this,2026-10-07T01:55:32.000Z,,,1,
https://www.threads.com/@hawtcherry/post/DeKT5YfD-yV,,Threads,bun.bunge,Wardah literally cheap do like skincare takde kualiti boo memang patut kena boikot,2026-10-07T02:43:02.000Z,,,1,
https://www.threads.com/@hawtcherry/post/DeKT5YfD-yV,,Threads,_mzl22,SUCH A LEBAY THINGS!!!!,2026-10-07T02:43:44.000Z,,,0,
https://www.threads.com/@hawtcherry/post/DeKT5YfD-yV,,Threads,noiadin,Mak aihh banyaknya ya,2026-10-07T02:46:01.000Z,,,0,
https://www.threads.com/@hawtcherry/post/DeKT5YfD-yV,,Threads,syazam_noor,,2026-10-07T02:52:06.000Z,,,0,
https://www.threads.com/@hawtcherry/post/DeKT5YfD-yV,,Threads,ank_tucing,Diaorg tgh buat live tu 🤭,2026-10-07T03:00:22.000Z,,,0,
https://www.threads.com/@hawtcherry/post/DeKT5YfD-yV,,Threads,ciklilylicious,will do. i love wardah's serum but i love my country more than indonesian products,2026-10-07T03:05:58.000Z,,,0,
https://www.threads.com/@hawtcherry/post/DeKT5YfD-yV,,Threads,hawtcherry,"If ur going to boycott kahf, boycott all their sister brands too @wardahbeauty @emina @makeoverid if not, the revenue from the other sister brands cross-subsidizes and stabilizes the parent company's overall cash flow anyway sooooo",2026-10-06T17:22:47.000Z,,,3524,
https://www.threads.com/@intanserah/post/DeKY6ymj8Jk,,Threads,mrdann.mys,"Kak, jgn gittew.. 🤣🤣",2026-10-06T18:13:22.000Z,,,489,
https://www.threads.com/@intanserah/post/DeKY6ymj8Jk,,Threads,dihyah_athan,Whatttt,2026-10-06T18:15:57.000Z,,,4,
https://www.threads.com/@intanserah/post/DeKY6ymj8Jk,,Threads,vxaevryn,hahahaha kena kena kena,2026-10-06T18:17:07.000Z,,,0,
https://www.threads.com/@intanserah/post/DeKY6ymj8Jk,,Threads,sya_syalyna9,"wahhh . ada intan serah lah .. Dah jam 2 pagi , tak tidur lagi ye. Hahaha Terbaikkk. eh, kejap .. FA QAF. Jangan buang AF.",2026-10-06T18:18:38.000Z,,,112,
https://www.threads.com/@intanserah/post/DeKY6ymj8Jk,,Threads,fifidontcare_,Faaa kof,2026-10-06T18:18:44.000Z,,,0,
https://www.threads.com/@intanserah/post/DeKY6ymj8Jk,,Threads,intanserah,"Sebelum huruf kafh (ک) , huruf apa anak anak?",2026-10-06T18:06:40.000Z,,,7619,
https://www.threads.com/@shah_ashraf_daniel/post/DeK926_k-Xa,,Threads,rizbolognese_,"sekali je pakai, barua punya brand takde otak langsung",2026-10-06T23:32:11.000Z,,,1,
https://www.threads.com/@shah_ashraf_daniel/post/DeK926_k-Xa,,Threads,call_me_payed,🙋🏼‍♂️ tak pernah berminat langsung,2026-10-06T23:33:39.000Z,,,1,
https://www.threads.com/@shah_ashraf_daniel/post/DeK926_k-Xa,,Threads,mrhelmiho,X Kenal pun brand ni,2026-10-06T23:50:28.000Z,,,4,
https://www.threads.com/@shah_ashraf_daniel/post/DeK926_k-Xa,,Threads,ismail_hazaidi28,Aku.. Kenal tp x pernah beli,2026-10-07T00:02:54.000Z,,,3,
https://www.threads.com/@shah_ashraf_daniel/post/DeK926_k-Xa,,Threads,mrraed94,Xpernah beli...,2026-10-07T00:03:29.000Z,,,1,
https://www.threads.com/@shah_ashraf_daniel/post/DeK926_k-Xa,,Threads,champion_mrak,X pernah beli,2026-10-07T00:04:13.000Z,,,1,
https://www.threads.com/@shah_ashraf_daniel/post/DeK926_k-Xa,,Threads,_mothaionn,"Aku pernah dapat free gift ada orang bagi goodies dkt masjid after solat jumaat. Balik rumah je aku bagi terus dekat maid suruh bagi husband dia. Husband dia driver bapak aku, husband and wife dari seberang, kerja dkt rumah aku.",2026-10-07T00:05:12.000Z,,,0,
https://www.threads.com/@shah_ashraf_daniel/post/DeK926_k-Xa,,Threads,syukabuhassan,aku pakai wei kahf hahaha br tau hari ni indon mari .. cancel trusss,2026-10-07T00:10:09.000Z,,,1,
https://www.threads.com/@shah_ashraf_daniel/post/DeK926_k-Xa,,Threads,kit_ismail_,"Tak pernah beli, dapat free . Pernah guna tapi tak minat terus bagi orang lain",2026-10-07T00:10:49.000Z,,,1,
https://www.threads.com/@shah_ashraf_daniel/post/DeK926_k-Xa,,Threads,keifli_ahmad,Xpernah beli sebab tak tertarik pun,2026-10-07T00:15:19.000Z,,,1,
https://www.threads.com/@shah_ashraf_daniel/post/DeK926_k-Xa,,Threads,katty96_,Kahf tu apa? Kain kapan ke?,2026-10-07T00:25:32.000Z,,,4,
https://www.threads.com/@shah_ashraf_daniel/post/DeK926_k-Xa,,Threads,leopard.7187435,Hadir,2026-10-07T00:27:35.000Z,,,1,
https://www.threads.com/@shah_ashraf_daniel/post/DeK926_k-Xa,,Threads,iaizm,"JIJIK , product sampah",2026-10-07T00:31:48.000Z,,,1,
https://www.threads.com/@shah_ashraf_daniel/post/DeK926_k-Xa,,Threads,imangeorgebee,X pernah!!! Nmpk iklan kt tiktok tp x tertarik.. kitonyon pkai product INGU from thailand,2026-10-07T00:43:44.000Z,,,1,
https://www.threads.com/@shah_ashraf_daniel/post/DeK926_k-Xa,,Threads,_zulrahim_,Cominggggg,2026-10-07T00:45:08.000Z,,,1,
https://www.threads.com/@shah_ashraf_daniel/post/DeK926_k-Xa,,Threads,rasdi82,"Tak beli,tak penah pakai,tak minat...tapi nak try",2026-10-07T00:46:01.000Z,,,1,
https://www.threads.com/@shah_ashraf_daniel/post/DeK926_k-Xa,,Threads,mummy_chomel,𝐊𝐚𝐡𝐟 𝐭𝐮𝐡𝐡 𝐩𝐚,2026-10-07T00:47:28.000Z,,,1,
https://www.threads.com/@shah_ashraf_daniel/post/DeK926_k-Xa,,Threads,adi_emadi,tak pernah kenal apatah lagi beli.. buat carian.. keMUNAFIKan apakah ini..,2026-10-07T00:48:23.000Z,,,2,
https://www.threads.com/@shah_ashraf_daniel/post/DeK926_k-Xa,,Threads,shahrilfiq,Tak penah .. slalu je nampak.. hahah,2026-10-07T00:49:35.000Z,,,1,
https://www.threads.com/@shah_ashraf_daniel/post/DeK926_k-Xa,,Threads,misztazy,I baru tahu kewujudan khaf😭,2026-10-07T00:59:19.000Z,,,0,
https://www.threads.com/@shah_ashraf_daniel/post/DeK926_k-Xa,,Threads,shahgreen,🙋🏼‍♂️,2026-10-07T01:00:12.000Z,,,3,
https://www.threads.com/@shah_ashraf_daniel/post/DeK926_k-Xa,,Threads,mohd_ismadi,😃✅,2026-10-07T01:02:26.000Z,,,1,
https://www.threads.com/@shah_ashraf_daniel/post/DeK926_k-Xa,,Threads,helmyyhaziqq,hadir bersama bad lab since 2017,2026-10-07T01:04:29.000Z,,,1,
https://www.threads.com/@shah_ashraf_daniel/post/DeK926_k-Xa,,Threads,farranabilla_,X pernah tau pun ada brand kahf ny,2026-10-07T01:10:59.000Z,,,1,
https://www.threads.com/@shah_ashraf_daniel/post/DeK926_k-Xa,,Threads,arn.frhdlh,"Sinii, nasib baik tak pernh belikan tuk husb",2026-10-07T01:13:01.000Z,,,1,
https://www.threads.com/@shah_ashraf_daniel/post/DeK926_k-Xa,,Threads,zhiemk,Soalan jujur: kahf tu natang apo?,2026-10-07T01:15:11.000Z,,,1,
https://www.threads.com/@shah_ashraf_daniel/post/DeK926_k-Xa,,Threads,honen.mayyy,Wardah sekali boleh tak? 🤣🤣,2026-10-07T01:19:30.000Z,,,1,
https://www.threads.com/@shah_ashraf_daniel/post/DeK926_k-Xa,,Threads,therapist.md88,Saya Baru beli Dan Baru nak Cuba 😅,2026-10-07T01:19:43.000Z,,,1,
https://www.threads.com/@shah_ashraf_daniel/post/DeK926_k-Xa,,Threads,orang_itamm,Aku pakai khaf . Deodorent dia tahan lama. Tlg suggest lain utk ganti khaf ni. Hahahha,2026-10-07T01:22:49.000Z,,,1,
https://www.threads.com/@shah_ashraf_daniel/post/DeK926_k-Xa,,Threads,ungku_nurfarrahin,Tak pernah tahu pasal jenama tu.,2026-10-07T01:23:31.000Z,,,1,
https://www.threads.com/@shah_ashraf_daniel/post/DeK926_k-Xa,,Threads,emiliadeardeary,ank buah akpkai ya allah cannot brain time mkn dia lalu dgn bau tu jem trs,2026-10-07T01:24:20.000Z,,,1,
https://www.threads.com/@shah_ashraf_daniel/post/DeK926_k-Xa,,Threads,rrcsfustone,Apa tu kahf???,2026-10-07T01:34:12.000Z,,,1,
https://www.threads.com/@shah_ashraf_daniel/post/DeK926_k-Xa,,Threads,ctwiduri,Team tak tau ada brand ini 🙋🏻‍♀️,2026-10-07T01:36:32.000Z,,,1,
https://www.threads.com/@shah_ashraf_daniel/post/DeK926_k-Xa,,Threads,periaboy,Kahf tu ape,2026-10-07T01:36:59.000Z,,,1,
https://www.threads.com/@shah_ashraf_daniel/post/DeK926_k-Xa,,Threads,itsme.fkhrl_mike,Setakat ni belum pernah lg la beli..,2026-10-07T01:39:03.000Z,,,1,
https://www.threads.com/@shah_ashraf_daniel/post/DeK926_k-Xa,,Threads,cintaduahati2024,Pernah beli..bau dia ok la tapi botol kecik sangat...pakai 2-3 hari dah habis. Beli pun saja nak cuba2...harga botol kecik pun mahal.,2026-10-07T01:39:40.000Z,,,1,
https://www.threads.com/@shah_ashraf_daniel/post/DeK926_k-Xa,,Threads,faez_norzie,tak pernah. saya setakat mampu pakai 212 Men & Hugo Boss jer 😔,2026-10-07T01:41:50.000Z,,,1,
https://www.threads.com/@shah_ashraf_daniel/post/DeK926_k-Xa,,Threads,sds.dspj,Tak permah dgr jgk nama ini,2026-10-07T01:50:25.000Z,,,1,
https://www.threads.com/@shah_ashraf_daniel/post/DeK926_k-Xa,,Threads,sophea_8922,Korang support brand badlab ni. Ni brand kita. KA pun follow badlab.,2026-10-07T02:03:50.000Z,,,4,
https://www.threads.com/@shah_ashraf_daniel/post/DeK926_k-Xa,,Threads,missnritaa,Harini baru tau ada brand nama ni 🤪,2026-10-07T02:07:23.000Z,,,1,
https://www.threads.com/@shah_ashraf_daniel/post/DeK926_k-Xa,,Threads,farayhan_,tak pernah sebab bau murahan,2026-10-07T02:11:01.000Z,,,2,
https://www.threads.com/@shah_ashraf_daniel/post/DeK926_k-Xa,,Threads,fachrezaaaidil,☝🏻,2026-10-07T02:12:22.000Z,,,1,
https://www.threads.com/@shah_ashraf_daniel/post/DeK926_k-Xa,,Threads,tompi_noir,🙋,2026-10-07T02:19:25.000Z,,,1,
https://www.threads.com/@shah_ashraf_daniel/post/DeK926_k-Xa,,Threads,isyrafofficial,tahu sebab bang Alif satar yang pakai..tapi saya tak pernah beli,2026-10-07T02:21:14.000Z,,,1,
https://www.threads.com/@shah_ashraf_daniel/post/DeK926_k-Xa,,Threads,mikail_fuad,tk pernh.. sya support peniaga kecil yg meniaga perfume..,2026-10-07T02:21:30.000Z,,,1,
https://www.threads.com/@shah_ashraf_daniel/post/DeK926_k-Xa,,Threads,mhmmdn4z,Tak penah support barang indo & tak penah jejak negara busuk ✌🏻,2026-10-07T02:25:09.000Z,,,2,
https://www.threads.com/@shah_ashraf_daniel/post/DeK926_k-Xa,,Threads,leeyanaleee,first time dengar 🤷🏻‍♀️,2026-10-07T02:31:46.000Z,,,1,
https://www.threads.com/@shah_ashraf_daniel/post/DeK926_k-Xa,,Threads,rzqip_,Hadir ✅,2026-10-07T02:32:35.000Z,,,1,
https://www.threads.com/@shah_ashraf_daniel/post/DeK926_k-Xa,,Threads,mikasa.amani,Tak pernah beli & tak pernah tahu sebenarnya. Tahu2 pun dah kena boikot. Huhu,2026-10-07T02:37:10.000Z,,,1,
https://www.threads.com/@shah_ashraf_daniel/post/DeK926_k-Xa,,Threads,farizm_rahim,x terasa pon nk beli dari awai ii masuk malaysia 🤭,2026-10-07T02:38:24.000Z,,,2,
https://www.threads.com/@shah_ashraf_daniel/post/DeK926_k-Xa,,Threads,shah_ashraf_daniel,"Team x pernah beli & pakai kahf, kumpul sini. 💁🏻‍♂️",2026-10-06T23:29:27.000Z,,,514,
https://www.threads.com/@kauthar.rozmal/post/DeKzL1JExZb,,Threads,af.propertyx,kasi boikot!,2026-10-06T22:00:08.000Z,,,0,
https://www.threads.com/@kauthar.rozmal/post/DeKzL1JExZb,,Threads,ammirhamdan,Boikot habis-habisan 🙌🏻,2026-10-06T22:04:07.000Z,,,0,
https://www.threads.com/@kauthar.rozmal/post/DeKzL1JExZb,,Threads,yyirh._,"srs nk tau sbb byk benda ketinggalan sbb busy uruskan ank, knp nk boikot produk indo eh dorg support zionist ke? sbb byk suruh boikot ni nk cari tau tak jumpa jawapan pulak",2026-10-06T22:11:51.000Z,,,1,
https://www.threads.com/@kauthar.rozmal/post/DeKzL1JExZb,,Threads,wan_ruhifarhan,Kenapa produk Kahf nie ?,2026-10-06T22:18:57.000Z,,,1,
https://www.threads.com/@kauthar.rozmal/post/DeKzL1JExZb,,Threads,aiditdiil,Mcd lingkup ke?kt tmpt aku byk jer,2026-10-06T22:36:33.000Z,,,2,
https://www.threads.com/@kauthar.rozmal/post/DeKzL1JExZb,,Threads,broag07,"Betul, boikot memang boleh beri kesan pada sesebuah bisnes, tapi setiap jenama dan situasi ada faktor yang berbeza. Yang penting kita buat pilihan berdasarkan maklumat yang jelas dan kemampuan masing-masing. 👍🏻",2026-10-06T22:37:29.000Z,,,3,
https://www.threads.com/@kauthar.rozmal/post/DeKzL1JExZb,,Threads,farizal_roslie,diorang ni kalau pasal bola diorang letak otak dalam tong sampah dulu. Dah habis baru diorang cari balik,2026-10-06T22:46:11.000Z,,,4,
https://www.threads.com/@kauthar.rozmal/post/DeKzL1JExZb,,Threads,ahmad_baihaqi85,Tulah..... Tak kene gaya memang kene boikot,2026-10-06T22:49:00.000Z,,,1,
https://www.threads.com/@kauthar.rozmal/post/DeKzL1JExZb,,Threads,hfzhhzr,Haaa. Dia tak tahu apa cite mcd skrg kot.,2026-10-06T22:49:50.000Z,,,7,
https://www.threads.com/@kauthar.rozmal/post/DeKzL1JExZb,,Threads,asyrafffss,Utk yang bertanya..,2026-10-06T22:53:29.000Z,,,77,
https://www.threads.com/@kauthar.rozmal/post/DeKzL1JExZb,,Threads,ritmarasa,Bakpo la kahf ni buak pangai gitu,2026-10-06T22:53:33.000Z,,,0,
https://www.threads.com/@kauthar.rozmal/post/DeKzL1JExZb,,Threads,ikramm0hd,Kenapa plak dengan kahf ni?😅,2026-10-06T23:02:17.000Z,,,0,
https://www.threads.com/@kauthar.rozmal/post/DeKzL1JExZb,,Threads,efan_0801,Betul .Tp isu tidak sama boleh bertahan smpai mana .2 brand itu diboikot atas dasar lain .,2026-10-06T23:18:04.000Z,,,0,
https://www.threads.com/@kauthar.rozmal/post/DeKzL1JExZb,,Threads,prxmid,Boong ah. Mcd masih banyak yg makan. Kfc promote pake aisha retno.,2026-10-06T23:29:33.000Z,,,5,
https://www.threads.com/@kauthar.rozmal/post/DeKzL1JExZb,,Threads,misz100119,betul. kasi boikot produk diorang tuuu,2026-10-06T23:39:59.000Z,,,0,
https://www.threads.com/@kauthar.rozmal/post/DeKzL1JExZb,,Threads,iffawafa,"Mlm tadi sy dtg mekdi, parking penuh ya.",2026-10-06T23:42:26.000Z,,,2,
https://www.threads.com/@kauthar.rozmal/post/DeKzL1JExZb,,Threads,pyanwave100,Aku beli sekali je. Lepas ni cari produk kita je la,2026-10-06T23:57:29.000Z,,,0,
https://www.threads.com/@kauthar.rozmal/post/DeKzL1JExZb,,Threads,honen.mayyy,Bab boycott ni Malaysia memang bersatu hati.. 🤣🤣🤣,2026-10-07T00:04:35.000Z,,,49,
https://www.threads.com/@kauthar.rozmal/post/DeKzL1JExZb,,Threads,alif_zalpro,Kenapa dengan kahf?,2026-10-07T00:15:14.000Z,,,0,
https://www.threads.com/@kauthar.rozmal/post/DeKzL1JExZb,,Threads,lynamaisara___,Setuju,2026-10-07T00:17:16.000Z,,,0,
https://www.threads.com/@kauthar.rozmal/post/DeKzL1JExZb,,Threads,siti_rohanie_qaseh,"Maaf kurang tau brand tu jual apa, yg mnyk wangi tu ke?",2026-10-07T00:25:02.000Z,,,0,
https://www.threads.com/@kauthar.rozmal/post/DeKzL1JExZb,,Threads,hazeed.33,Setuju!!,2026-10-07T00:34:11.000Z,,,0,
https://www.threads.com/@kauthar.rozmal/post/DeKzL1JExZb,,Threads,manthqief,setakat perfume cair macam air paip je pun @kahfeveryday,2026-10-07T00:38:02.000Z,,,6,
https://www.threads.com/@kauthar.rozmal/post/DeKzL1JExZb,,Threads,syqa_24,Jenama ape tu..syukur tak pernah beli,2026-10-07T00:59:12.000Z,,,0,
https://www.threads.com/@kauthar.rozmal/post/DeKzL1JExZb,,Threads,basrihusin,Agak-agak makin menjuna teruk ke?,2026-10-07T01:04:44.000Z,,,1,
https://www.threads.com/@kauthar.rozmal/post/DeKzL1JExZb,,Threads,sophea_8922,Korang support brand badlab ni. Ni brand kita. KA pun follow badlab.,2026-10-07T01:24:58.000Z,,,43,
https://www.threads.com/@kauthar.rozmal/post/DeKzL1JExZb,,Threads,nuurulhazirah,Baru tau Kahf ni brand indo. Aduhhh 🤦🏼‍♀️,2026-10-07T01:32:55.000Z,,,2,
https://www.threads.com/@kauthar.rozmal/post/DeKzL1JExZb,,Threads,mya_hana_,knew smthg was up w Kahf cause their afternotes smells bad and tengik tbvh got it as a gift it was good at first smell ..the bottle is still full time to throw,2026-10-07T01:35:18.000Z,,,0,
https://www.threads.com/@kauthar.rozmal/post/DeKzL1JExZb,,Threads,akak_kening,Setuju boikot je KAHF ni,2026-10-07T01:37:49.000Z,,,0,
https://www.threads.com/@kauthar.rozmal/post/DeKzL1JExZb,,Threads,muazmz_,Boikottt !! @kahfeveryday inilah jalan yg kau pilih,2026-10-07T01:46:04.000Z,,,1,
https://www.threads.com/@kauthar.rozmal/post/DeKzL1JExZb,,Threads,kudeing,"Product ape ni , x pernah dengar",2026-10-07T01:51:37.000Z,,,0,
https://www.threads.com/@kauthar.rozmal/post/DeKzL1JExZb,,Threads,azfuwan,"Tak pernah boikot McD and Starbucks, but Kahf 100% akan boikot.",2026-10-07T02:04:10.000Z,,,0,
https://www.threads.com/@kauthar.rozmal/post/DeKzL1JExZb,,Threads,surianne_885,Tak pernah dengar jenama kahf. 😂,2026-10-07T02:07:59.000Z,,,0,
https://www.threads.com/@kauthar.rozmal/post/DeKzL1JExZb,,Threads,haziqlekir,Ape kes ni?,2026-10-07T02:33:47.000Z,,,0,
https://www.threads.com/@kauthar.rozmal/post/DeKzL1JExZb,,Threads,akirakaza3,Ayam gepuk tak kena boikot ea?,2026-10-07T02:36:27.000Z,,,0,
https://www.threads.com/@kauthar.rozmal/post/DeKzL1JExZb,,Threads,funtastic_fred,boycott Kahf ! 😤,2026-10-07T02:48:59.000Z,,,0,
https://www.threads.com/@kauthar.rozmal/post/DeKzL1JExZb,,Threads,fauzakrkic,Ini jalan yang diPilih,2026-10-07T02:54:19.000Z,,,0,
https://www.threads.com/@kauthar.rozmal/post/DeKzL1JExZb,,Threads,kauthar.rozmal,McD dengan Starbuck pun lingkup bila Malaysia boikot. Inikan pulak Kahf.,2026-10-06T21:56:11.000Z,,,3012,
https://www.threads.com/@whydoesthishappened/post/DeKZtwqATmp,,Threads,n.alyamisha,Steady,2026-10-06T18:20:29.000Z,,,411,
https://www.threads.com/@whydoesthishappened/post/DeKZtwqATmp,,Threads,mysideofalterego,Mantapp guru.. let's start the boycott!!,2026-10-06T18:22:46.000Z,,,21,
https://www.threads.com/@whydoesthishappened/post/DeKZtwqATmp,,Threads,nizamshamat,Terbaik!!!,2026-10-06T18:30:01.000Z,,,0,
https://www.threads.com/@whydoesthishappened/post/DeKZtwqATmp,,Threads,naim_isa,steadyyyy,2026-10-06T18:35:26.000Z,,,0,
https://www.threads.com/@whydoesthishappened/post/DeKZtwqATmp,,Threads,tar.__k,nah ini mntapnih,2026-10-06T18:36:35.000Z,,,0,
https://www.threads.com/@whydoesthishappened/post/DeKZtwqATmp,,Threads,whydoesthishappened,"baru order , dapat tahu ko post benda bodoh aku cancel terus la",2026-10-06T18:13:38.000Z,,,7591,
https://www.threads.com/@jepp_wak_salam/post/DeK4bCKk4K3,,Threads,krnmlnd11,Offcam paling di ambil lagi,2026-10-06T22:49:40.000Z,,,2,
https://www.threads.com/@jepp_wak_salam/post/DeK4bCKk4K3,,Threads,4m_ahdar,Di vidion di buang untuk konten sebentar di ambil lagi tuh 🤣🤣🤣🤣,2026-10-06T23:07:02.000Z,,,1,
https://www.threads.com/@jepp_wak_salam/post/DeK4bCKk4K3,,Threads,smaldi_ysf,"Kalo isinya emang udah habis harusnya dibuang sih, ngapain juga koleksi yg udah kosong...",2026-10-06T23:10:31.000Z,,,2,
https://www.threads.com/@jepp_wak_salam/post/DeK4bCKk4K3,,Threads,fnnyh___,bohongan itu nanti juga di ambil lagi uda lama gausa drama” kaya gitu 🤣,2026-10-06T23:12:32.000Z,,,2,
https://www.threads.com/@jepp_wak_salam/post/DeK4bCKk4K3,,Threads,khaimie07,Support local bro 💪🏻.,2026-10-06T23:33:40.000Z,,,26,
https://www.threads.com/@jepp_wak_salam/post/DeK4bCKk4K3,,Threads,percuma_iklas_kalau_tak_ridho,x ngaruh pun 🤣🤪,2026-10-06T23:34:12.000Z,,,0,
https://www.threads.com/@jepp_wak_salam/post/DeK4bCKk4K3,,Threads,its_me_anandiakha,MANGEAKKKKKK,2026-10-06T23:35:38.000Z,,,0,
https://www.threads.com/@jepp_wak_salam/post/DeK4bCKk4K3,,Threads,katoda1122,"Kalau ingin memboikot produk Indonesia, seharusnya juga ada produk lokal yang mampu menjadi alternatif. Indonesia sendiri ketika ada gerakan boikot terhadap merek seperti Starbucks, konsumen tetap membutuhkan produk sejenis sehingga banyak coffee shop lokal berkembang dan menawarkan alternatif. Jadi, kalau hanya memboikot tanpa menciptakan produk pesaing atau alternatif sendiri, ketergantungan terhadap produk yang dibutuhkan tetap bisa terjadi",2026-10-06T23:57:41.000Z,,,0,
https://www.threads.com/@jepp_wak_salam/post/DeK4bCKk4K3,,Threads,huzaer_al,"Ga ngaruh , 😘 @kahfeveryday",2026-10-06T23:58:33.000Z,,,0,
https://www.threads.com/@jepp_wak_salam/post/DeK4bCKk4K3,,Threads,puji.dnri00,"Boikot national anthem kalian pak cik, karena produk lokal indonesia tuh",2026-10-07T00:20:19.000Z,,,0,
https://www.threads.com/@jepp_wak_salam/post/DeK4bCKk4K3,,Threads,wannoorharyati,terbaiklahh,2026-10-07T00:22:03.000Z,,,1,
https://www.threads.com/@jepp_wak_salam/post/DeK4bCKk4K3,,Threads,kurungbyzaimexclusive,Siapa yang x pernah beli Brand ni… kumpul sini jap,2026-10-07T00:27:51.000Z,,,51,
https://www.threads.com/@jepp_wak_salam/post/DeK4bCKk4K3,,Threads,yudifaisal99,Sekalian tambah panas,2026-10-07T00:31:14.000Z,,,0,
https://www.threads.com/@jepp_wak_salam/post/DeK4bCKk4K3,,Threads,odi_mfa,Malaydes Tantrum .. padahal gk ada yang menghina .. korang aja yg sakit hati negara lain aman2 aja ..,2026-10-07T00:32:58.000Z,,,0,
https://www.threads.com/@jepp_wak_salam/post/DeK4bCKk4K3,,Threads,mynameishaizat,terbaikk,2026-10-07T00:34:11.000Z,,,0,
https://www.threads.com/@jepp_wak_salam/post/DeK4bCKk4K3,,Threads,tari812021,Wah aku ga tau loh produk malaydes apa aja karna kami gak pakai dan ga ada d kami. Miris yah trnyata brand Indonesia buanyaaak di malay,2026-10-07T00:39:17.000Z,,,0,
https://www.threads.com/@jepp_wak_salam/post/DeK4bCKk4K3,,Threads,tari812021,,2026-10-07T00:40:00.000Z,,,0,
https://www.threads.com/@jepp_wak_salam/post/DeK4bCKk4K3,,Threads,hannyzulizuddin,ok nnti i larang husband beli brand ni lagi.. mmng takkan ade di rumah macam brand2 israhell,2026-10-07T00:40:10.000Z,,,0,
https://www.threads.com/@jepp_wak_salam/post/DeK4bCKk4K3,,Threads,evolwithlovi,"Hahaha tak de impact, size penduduk Malaysia kecik je hanya 35juta. Sementara produk Indonesia disokong 280jt customer Indonesia.

Di Indonesia Tak de produk Malaysia yg dikenal oleh masyarakat Indonesia. Masyarakat Indonesia hanya mengenal Siti Nurhaliza je.

Malaysia hanya punya BELACAN JE.",2026-10-07T00:42:31.000Z,,,1,
https://www.threads.com/@jepp_wak_salam/post/DeK4bCKk4K3,,Threads,ruviajayni,Dramatis bgtt,2026-10-07T00:47:54.000Z,,,0,
https://www.threads.com/@jepp_wak_salam/post/DeK4bCKk4K3,,Threads,vicsen85_,Yakin gw di pungut lagi 🫵🏽😛,2026-10-07T00:58:32.000Z,,,0,
https://www.threads.com/@jepp_wak_salam/post/DeK4bCKk4K3,,Threads,pluvolei_90,"""Tu je ke yang kau mampu?” Wahai Pondan sundal",2026-10-07T01:17:03.000Z,,,0,
https://www.threads.com/@jepp_wak_salam/post/DeK4bCKk4K3,,Threads,datok_sy.arif,Balik boikot yok. Hancur kau. Rakyat kita Segambreng,2026-10-07T01:20:07.000Z,,,0,
https://www.threads.com/@jepp_wak_salam/post/DeK4bCKk4K3,,Threads,amrsli85,Kahf ni bagi aku bau dia tk best ler,2026-10-07T01:21:35.000Z,,,1,
https://www.threads.com/@jepp_wak_salam/post/DeK4bCKk4K3,,Threads,ayamgoreng72729,nice try walau tak ada impact 👍🏼,2026-10-07T01:23:08.000Z,,,0,
https://www.threads.com/@jepp_wak_salam/post/DeK4bCKk4K3,,Threads,jhati_alf,Lemparnya kaya yang sayang gituu niat gasihh,2026-10-07T01:28:37.000Z,,,0,
https://www.threads.com/@jepp_wak_salam/post/DeK4bCKk4K3,,Threads,rahimibz,,2026-10-07T01:34:05.000Z,,,0,
https://www.threads.com/@jepp_wak_salam/post/DeK4bCKk4K3,,Threads,inkazahrotunandini25,Jangan fomo toh beras yg di Malaysia dari Indonesia juga 400 ton per bulan... Boikot jg dong itu ...,2026-10-07T01:42:23.000Z,,,1,
https://www.threads.com/@jepp_wak_salam/post/DeK4bCKk4K3,,Threads,tweeteinga,Jgn lupa santan Kara yg byk digunakn,2026-10-07T02:08:16.000Z,,,0,
https://www.threads.com/@jepp_wak_salam/post/DeK4bCKk4K3,,Threads,esse.punchpop_,🥱🥱🥱,2026-10-07T02:09:06.000Z,,,0,
https://www.threads.com/@jepp_wak_salam/post/DeK4bCKk4K3,,Threads,im_ye,💪,2026-10-07T02:19:23.000Z,,,0,
https://www.threads.com/@jepp_wak_salam/post/DeK4bCKk4K3,,Threads,arjunahero_95,Boikot sekali barang dan ekonomi dyorang. MoU... Jangan lupa guys. Bantahan keras oleh wrganegara malaysia.,2026-10-07T02:45:15.000Z,,,0,
https://www.threads.com/@jepp_wak_salam/post/DeK4bCKk4K3,,Threads,jepp_wak_salam,Kau menghina MALAYSIA.. ehhh.. lambat lagi aku nak support or nak simpan.. mmg ke tong sampah jawap nya.. #boycott #kahf,2026-10-06T22:41:57.000Z,,,262,
https://www.threads.com/@alifsatar/post/DeJw3b-AdWq,,Threads,aisyahfadzil16,No 5 tu rewards sebab dah tunaikan no 1-4 😂,2026-10-06T12:18:09.000Z,,,0,
https://www.threads.com/@alifsatar/post/DeJw3b-AdWq,,Threads,nr.farhana23,,2026-10-06T12:22:02.000Z,,,0,
https://www.threads.com/@alifsatar/post/DeJw3b-AdWq,,Threads,ras_hmuhd,"Nah ade sikit untuk korang, doakan saye murah rezeki dan doakan ibu abah saye sihat 🤲🤲💕",2026-10-06T12:33:31.000Z,,,0,
https://www.threads.com/@alifsatar/post/DeJw3b-AdWq,,Threads,miskandarzulkernain,"Nah ade sikit untuk korang, doakan saye murah rezeki dan doakan ibu abah saye sihat 🤲",2026-10-06T12:39:42.000Z,,,0,
https://www.threads.com/@alifsatar/post/DeJw3b-AdWq,,Threads,mohdsyafari,Bro dh boleh kot stop jadi duta kahf tu...,2026-10-06T16:01:30.000Z,,,58,
https://www.threads.com/@alifsatar/post/DeJw3b-AdWq,,Threads,in2shawn,end lah contract dengan kahf pls,2026-10-06T16:10:42.000Z,,,78,
https://www.threads.com/@alifsatar/post/DeJw3b-AdWq,,Threads,f282fkr,Kalau betul ada maruah Dan cintaka negara do something,2026-10-06T16:11:52.000Z,,,131,
https://www.threads.com/@alifsatar/post/DeJw3b-AdWq,,Threads,buttermocha,Stop jd duta kahf bodoh tu,2026-10-06T16:25:29.000Z,,,28,
https://www.threads.com/@alifsatar/post/DeJw3b-AdWq,,Threads,mbappeshsh,bro sedang buat buat tak notice ke ?,2026-10-06T16:30:53.000Z,,,37,
https://www.threads.com/@alifsatar/post/DeJw3b-AdWq,,Threads,wuzgutz,"Boleh dah tarik diri dari jadi duta kahf, ajak la member yang lain yang jadi duta kahf tu boikot produk ni, i respect u a lot abang akif, subuh macam jumaat, taoi kalini kalau betul ada maruah dan jati diri untuk negara, do something.",2026-10-06T16:34:50.000Z,,,76,
https://www.threads.com/@alifsatar/post/DeJw3b-AdWq,,Threads,literallynotizzulazmal,Aku bukan backup kahf tu…tapi netizen dalam komen serupa memaksa dan ugut siap ada kata “buat tak nampak”…BRO YOU GUYS NEED A CHILL,2026-10-06T16:36:34.000Z,,,11,
https://www.threads.com/@alifsatar/post/DeJw3b-AdWq,,Threads,mysideofalterego,U duta kahf ke?,2026-10-06T18:31:48.000Z,,,1,
https://www.threads.com/@alifsatar/post/DeJw3b-AdWq,,Threads,_aixattt,Takkan nak diam diri bang?,2026-10-06T19:26:25.000Z,,,10,
https://www.threads.com/@alifsatar/post/DeJw3b-AdWq,,Threads,pojan.sha,"pls stop jadi duta kahf, negara sendiri kena hina plss boikot",2026-10-06T20:18:46.000Z,,,20,
https://www.threads.com/@alifsatar/post/DeJw3b-AdWq,,Threads,erulalalalala,End contract dengan khaf @alifsatar,2026-10-06T21:27:23.000Z,,,19,
https://www.threads.com/@alifsatar/post/DeJw3b-AdWq,,Threads,mustashireen,JANGAN DIAM DIRI.. NETIZEN MEMERHATI...,2026-10-06T23:17:24.000Z,,,3,
https://www.threads.com/@alifsatar/post/DeJw3b-AdWq,,Threads,thelegend77one,Boycott kahf,2026-10-06T23:34:52.000Z,,,7,
https://www.threads.com/@alifsatar/post/DeJw3b-AdWq,,Threads,saibiesaiba,Sorry bro. Mmg tak beli dah. Kasi free pun tak sudi nak ambk,2026-10-06T23:36:35.000Z,,,3,
https://www.threads.com/@alifsatar/post/DeJw3b-AdWq,,Threads,zeq92_mhy,Korang yang dok serang membabi buta ni cuba korang scroll down threads dia ni. Boleh nampak dia ni kurang aktifbd threads. Post kahf tu pun baru blow up. Mungkin dia belum perasan isu ni. Bukan semua org 24 jam buka media sosial.,2026-10-06T23:47:03.000Z,,,3,
https://www.threads.com/@alifsatar/post/DeJw3b-AdWq,,Threads,manusialuarbiasa2020,Boycott @kahfeveryday.my @kahfeveryday,2026-10-06T23:56:24.000Z,,,8,
https://www.threads.com/@alifsatar/post/DeJw3b-AdWq,,Threads,pujanggaz1663,Kalau betul kau sembang selama ni pasal Islam Dan cintakan negara tolong jangan bkerjasama dgn manusia biadap,2026-10-07T00:11:45.000Z,,,6,
https://www.threads.com/@alifsatar/post/DeJw3b-AdWq,,Threads,syaffiq7474,Jangan Buat2 Diam brader. Ini masanya nak tunjuk semangat patriotism tu. End the contract with brand konoha tu.,2026-10-07T00:50:02.000Z,,,7,
https://www.threads.com/@alifsatar/post/DeJw3b-AdWq,,Threads,emirhansndd,"bro, do the right thing. end contract with kahf. remember, you’re the least troublesome of ‘Alif’ and keep it that way.",2026-10-07T00:53:03.000Z,,,0,
https://www.threads.com/@alifsatar/post/DeJw3b-AdWq,,Threads,gorgonfiona,"Dear Aliff, choose.

Malaysia or Malaysian? 😩😩😩",2026-10-07T00:55:07.000Z,,,1,
https://www.threads.com/@alifsatar/post/DeJw3b-AdWq,,Threads,yusryepoh,Malaysians boycott KAHF,2026-10-07T01:07:15.000Z,,,3,
https://www.threads.com/@alifsatar/post/DeJw3b-AdWq,,Threads,lensajalanan93,Boycott @kahfeveryday,2026-10-07T01:08:00.000Z,,,2,
https://www.threads.com/@alifsatar/post/DeJw3b-AdWq,,Threads,amard1119,"""Subuh macam jumaat, support produk biar tepat.""

boikot Kahf",2026-10-07T01:10:51.000Z,,,2,
https://www.threads.com/@alifsatar/post/DeJw3b-AdWq,,Threads,stewardmathias,Stop promoting @kahfeveryday.my bro. HQ Indonesia dorang @kahfeveryday buat post taik pasal Malaysia.,2026-10-07T01:12:19.000Z,,,2,
https://www.threads.com/@alifsatar/post/DeJw3b-AdWq,,Threads,_shafiqsalman,jaga maruah negara,2026-10-07T01:16:43.000Z,,,1,
https://www.threads.com/@alifsatar/post/DeJw3b-AdWq,,Threads,nazrin825,tpi sya dah xnk pakai produk kahf dah..,2026-10-07T01:16:47.000Z,,,0,
https://www.threads.com/@alifsatar/post/DeJw3b-AdWq,,Threads,hanadell0,Abang alif duta ke?,2026-10-07T01:34:08.000Z,,,0,
https://www.threads.com/@alifsatar/post/DeJw3b-AdWq,,Threads,muhdarifaiman,Inilah masa nk tnjk betul support local produk….,2026-10-07T01:34:13.000Z,,,2,
https://www.threads.com/@alifsatar/post/DeJw3b-AdWq,,Threads,domirun,"Takpe alif tahu nak buat apa, benda tgh panas. U know what to do bro alif 🙏🏻",2026-10-07T01:39:22.000Z,,,1,
https://www.threads.com/@alifsatar/post/DeJw3b-AdWq,,Threads,alittlelessfriendly,,2026-10-07T02:04:33.000Z,,,2,
https://www.threads.com/@alifsatar/post/DeJw3b-AdWq,,Threads,thewayangster,Kemonnnn Alif...,2026-10-07T02:04:46.000Z,,,0,
https://www.threads.com/@alifsatar/post/DeJw3b-AdWq,,Threads,zahierzahar,Tak da statement ke bro,2026-10-07T02:09:46.000Z,,,0,
https://www.threads.com/@alifsatar/post/DeJw3b-AdWq,,Threads,kokdiangsyndrome,Boikot Kahf bro kitorang support kau dengan brand lain asalkan bukan brand yang hina and injak maruah negara kita ya 🙏🏻❤️,2026-10-07T02:12:22.000Z,,,0,
https://www.threads.com/@alifsatar/post/DeJw3b-AdWq,,Threads,rajaazroll,,2026-10-07T02:30:54.000Z,,,0,
https://www.threads.com/@alifsatar/post/DeJw3b-AdWq,,Threads,adly_syam,kamon bro....,2026-10-07T02:46:02.000Z,,,0,
https://www.threads.com/@alifsatar/post/DeJw3b-AdWq,,Threads,alifsatar,"Terjumpa nota ‘ Night routine’ anak aku, Muhammad ‘Ali.

Yang no.5 tu takleh tahan..",2026-10-06T12:16:41.000Z,,,258,
https://www.threads.com/@cosmoderm/post/DeJEAQTk_Qs,,Threads,syabilabell,Kita kenal & guna cosmoderm sejak kolej lg skrg dh 30 an.,2026-10-06T06:49:18.000Z,,,7,
https://www.threads.com/@cosmoderm/post/DeJEAQTk_Qs,,Threads,nrl.mhd_,thank you cosmoderm approve sample dekat tiktok. hehe,2026-10-06T09:09:03.000Z,,,2,
https://www.threads.com/@cosmoderm/post/DeJEAQTk_Qs,,Threads,neuroshewazni,Sayalah pengguna tegar COSMODERMMM!!!,2026-10-06T12:08:14.000Z,,,0,
https://www.threads.com/@cosmoderm/post/DeJEAQTk_Qs,,Threads,farahanani33,cosmoderm kenapa yang warna turqoise tu tak de kat semua pharmacy,2026-10-06T14:50:16.000Z,,,4,
https://www.threads.com/@cosmoderm/post/DeJEAQTk_Qs,,Threads,allylacroix,park produk face wash for men sini,2026-10-06T17:13:31.000Z,,,0,
https://www.threads.com/@cosmoderm/post/DeJEAQTk_Qs,,Threads,nrlhafiza,❤❤❤❤❤❤,2026-10-06T18:20:33.000Z,,,0,
https://www.threads.com/@cosmoderm/post/DeJEAQTk_Qs,,Threads,nahiar.rahim,Sudah 14 tahun masih setia guna produk Cosmoderm. Pertama kali pakai mandian yang hijau tu & moisturiser zaman remaja dulu mmg hilang bintik hitam kat muka. TQ Cosmoderm 😍💚,2026-10-06T18:37:07.000Z,,,0,
https://www.threads.com/@cosmoderm/post/DeJEAQTk_Qs,,Threads,a_ksaradan_hati,Face wash saya cosmoderm,2026-10-06T23:21:45.000Z,,,0,
https://www.threads.com/@cosmoderm/post/DeJEAQTk_Qs,,Threads,nurattiqahg,yes wajib cosmoderm hokay! from cleanser to serum😉,2026-10-06T23:39:25.000Z,,,0,
https://www.threads.com/@cosmoderm/post/DeJEAQTk_Qs,,Threads,nrsyarmimiey._,macihhhhhh lurveee Cosmoderm,2026-10-06T23:44:48.000Z,,,0,
https://www.threads.com/@cosmoderm/post/DeJEAQTk_Qs,,Threads,zack_apron98,Tunjuklh list produk cosmoderm kat sini,2026-10-06T23:57:23.000Z,,,4,
https://www.threads.com/@cosmoderm/post/DeJEAQTk_Qs,,Threads,but1742,Cosmoderm best..,2026-10-06T23:57:54.000Z,,,0,
https://www.threads.com/@cosmoderm/post/DeJEAQTk_Qs,,Threads,csk.rania,Laje eh cosmoderm,2026-10-06T23:59:22.000Z,,,0,
https://www.threads.com/@cosmoderm/post/DeJEAQTk_Qs,,Threads,_qrratuaini_,"Adik lelaki saya suka cosmoderm, dari cleanser, serum, moisturizer & sunscreen dia pakai..semua bagus",2026-10-07T00:15:09.000Z,,,0,
https://www.threads.com/@cosmoderm/post/DeJEAQTk_Qs,,Threads,yadyina,Amboi cosmoderm into the scene eh 😆,2026-10-07T00:22:59.000Z,,,0,
https://www.threads.com/@cosmoderm/post/DeJEAQTk_Qs,,Threads,ira_bahari,Mestilahhh,2026-10-07T00:34:31.000Z,,,0,
https://www.threads.com/@cosmoderm/post/DeJEAQTk_Qs,,Threads,saleqdeamoure,"Saya pakai sabun @cosmoderm ....best love it....
Boikot @kahfeveryday @kahfeveryday.my",2026-10-07T00:45:42.000Z,,,1,
https://www.threads.com/@cosmoderm/post/DeJEAQTk_Qs,,Threads,m.uqma,"Saya yang kulit sensitive pun sesuai pakai cosmoderm, elok pulak tu. Dah la harga berpatutan 👍🏻",2026-10-07T00:51:08.000Z,,,3,
https://www.threads.com/@cosmoderm/post/DeJEAQTk_Qs,,Threads,0rangcantikkk,My whole family mostly guna cosmoderm ❤️ lurveee,2026-10-07T00:52:52.000Z,,,0,
https://www.threads.com/@cosmoderm/post/DeJEAQTk_Qs,,Threads,idasulaiman,Yeayyyyyy cosmoderm!,2026-10-07T00:56:26.000Z,,,0,
https://www.threads.com/@cosmoderm/post/DeJEAQTk_Qs,,Threads,erkinmuhamed,sy pengguna tegar Cosmoderm 💃💃,2026-10-07T00:56:54.000Z,,,0,
https://www.threads.com/@cosmoderm/post/DeJEAQTk_Qs,,Threads,nie.shaaaz,cosmoderm biru user here..dulu breakout masa sekolah pakai cosmoderm helok kulit🫶🏻,2026-10-07T00:58:27.000Z,,,0,
https://www.threads.com/@cosmoderm/post/DeJEAQTk_Qs,,Threads,notyourvelvet,cosmoderm the best!,2026-10-07T00:59:18.000Z,,,0,
https://www.threads.com/@cosmoderm/post/DeJEAQTk_Qs,,Threads,kiambang.cendana,Pengguna setia cosmoderm sejak 2013!,2026-10-07T01:04:24.000Z,,,0,
https://www.threads.com/@cosmoderm/post/DeJEAQTk_Qs,,Threads,ajiya.os,Aji pun pakai cosmoderm 😆,2026-10-07T01:09:09.000Z,,,0,
https://www.threads.com/@cosmoderm/post/DeJEAQTk_Qs,,Threads,ainaathrhs,Kulit sensitif pakai yang mana?🤭,2026-10-07T01:09:54.000Z,,,0,
https://www.threads.com/@cosmoderm/post/DeJEAQTk_Qs,,Threads,chim_hanii,Dari dulu suka sgt dgn cosmoderm. Produk yg x pernah bg harsh dgn kulit sensitif sy. 🫰,2026-10-07T01:11:31.000Z,,,1,
https://www.threads.com/@cosmoderm/post/DeJEAQTk_Qs,,Threads,aamyrasofea_,hari tu kan join lotus charity run. dapat sunscreen cosmoderm yang ni. sumpahhhhh best gila! lepas ni memang cari yang ni je 🤗,2026-10-07T01:13:09.000Z,,,0,
https://www.threads.com/@cosmoderm/post/DeJEAQTk_Qs,,Threads,hadraa_,"Kalau untuk baru nak cuba pakai ni, set apa yang sesuai ya?",2026-10-07T01:14:26.000Z,,,0,
https://www.threads.com/@cosmoderm/post/DeJEAQTk_Qs,,Threads,syazanutritionist,Yes i lurve my cosmoderm ❤️❤️,2026-10-07T01:20:09.000Z,,,7,
https://www.threads.com/@cosmoderm/post/DeJEAQTk_Qs,,Threads,umirumiha,nasib baik kita pakai cosmoderm loveee,2026-10-07T01:23:35.000Z,,,0,
https://www.threads.com/@cosmoderm/post/DeJEAQTk_Qs,,Threads,paanmizi1,Tolong approve kan banyak sample for affilated and do more ads mesti you famous nanti trust me,2026-10-07T01:28:46.000Z,,,3,
https://www.threads.com/@cosmoderm/post/DeJEAQTk_Qs,,Threads,aa.world88.journey,nanti hasilkan sunscreen yg sesuai utk semua klt. sy nk guna sunsreen cosmoderm .. tp muka x trma sbb muka sy ni alergik vitamin c skincare. @cosmoderm,2026-10-07T01:29:30.000Z,,,0,
https://www.threads.com/@cosmoderm/post/DeJEAQTk_Qs,,Threads,orchluxe_23,rajinkan pos bagi semua nmpk nok,2026-10-07T01:30:31.000Z,,,0,
https://www.threads.com/@cosmoderm/post/DeJEAQTk_Qs,,Threads,ms.fazie,"Hi, sy pengguna setia hahaha, krim vit e the best",2026-10-07T01:31:27.000Z,,,0,
https://www.threads.com/@cosmoderm/post/DeJEAQTk_Qs,,Threads,selectiveperson,"Untuk Kulit Sensitif, Cosmoderm antara yang Terbaik...👍",2026-10-07T01:35:27.000Z,,,1,
https://www.threads.com/@cosmoderm/post/DeJEAQTk_Qs,,Threads,bedahh_,"Aq salah sorg guna cosmoderm, dulu tiny bump byk sekrang tiny bump,jerawat dh tkde muka bersih wehh...😘",2026-10-07T01:35:34.000Z,,,23,
https://www.threads.com/@cosmoderm/post/DeJEAQTk_Qs,,Threads,anjzlna,WEH COSMODERMMMM YALL SAVED MY SKINNNNNN sumpa korang beli la brand ni,2026-10-07T01:36:18.000Z,,,16,
https://www.threads.com/@cosmoderm/post/DeJEAQTk_Qs,,Threads,paperkites_fly,Cosmoderm memang favret aku. Pencuci muka dia memang hilangkan tiny bump aku,2026-10-07T01:41:18.000Z,,,1,
https://www.threads.com/@cosmoderm/post/DeJEAQTk_Qs,,Threads,millennial_dayak_gen,pencuci muka cosmoderm best,2026-10-07T01:42:53.000Z,,,0,
https://www.threads.com/@cosmoderm/post/DeJEAQTk_Qs,,Threads,lunalovegood6100,jwanjihhhhhhhhh support local,2026-10-07T01:43:16.000Z,,,0,
https://www.threads.com/@cosmoderm/post/DeJEAQTk_Qs,,Threads,ninirafar,"Kalau market local, bykkan post dlm bahasa melayu",2026-10-07T01:44:24.000Z,,,2,
https://www.threads.com/@cosmoderm/post/DeJEAQTk_Qs,,Threads,dedaunbeautyspa,Support cosmoderm 👏,2026-10-07T01:46:17.000Z,,,0,
https://www.threads.com/@cosmoderm/post/DeJEAQTk_Qs,,Threads,mrs.wani_mustafar.98,Cosmoderm bestttt... Sangat suka produk depa yang retinol tu ❤️❤️❤️❤️ love sangat-sangat,2026-10-07T01:48:07.000Z,,,0,
https://www.threads.com/@cosmoderm/post/DeJEAQTk_Qs,,Threads,lululinana,Up lagi up lagi..orang kita kena tahu..sebut lokal tu banyak2..kita semua nak support lokal!!,2026-10-07T01:48:51.000Z,,,1,
https://www.threads.com/@cosmoderm/post/DeJEAQTk_Qs,,Threads,nadi.meraki,Cosmoderm best weh!,2026-10-07T01:49:15.000Z,,,0,
https://www.threads.com/@cosmoderm/post/DeJEAQTk_Qs,,Threads,aidafahmi_,"Back to cosmoderm la.... Selama ni igt brand china😅🤣 dah tahu local, hadir support❤🙋‍♀️",2026-10-07T01:52:06.000Z,,,4,
https://www.threads.com/@cosmoderm/post/DeJEAQTk_Qs,,Threads,macik_ecah,Suami macik pengguna setia cosmoderm.,2026-10-07T01:52:12.000Z,,,0,
https://www.threads.com/@cosmoderm/post/DeJEAQTk_Qs,,Threads,precylla_nesha,Cosmoderm ni rare. Xpcaya cuba laaa hahahahah,2026-10-07T01:53:04.000Z,,,0,
https://www.threads.com/@cosmoderm/post/DeJEAQTk_Qs,,Threads,lotussmalaysia,Hmmm macam kenal ayat ni 👀,2026-10-07T01:53:18.000Z,,,33,
https://www.threads.com/@cosmoderm/post/DeJEAQTk_Qs,,Threads,cosmoderm,"Selamat Petang!

Ingat Lokal, Ingatlah Cosmoderm
Ingat Cosmoderm, Ingatlah Lokal

Hehe 😁",2026-10-06T05:44:40.000Z,,,1975,
https://www.threads.com/@bro260626/post/DeKYte3k_iD,,Threads,syahmi72381,"untung,,sebb rakyat kita sejenis FOMO dan beli buta2..konon tgk kualiti lah itu lah..nah rasa kan bila big brand indo sendiri buat macam ni 🤔",2026-10-06T18:14:30.000Z,,,21,
https://www.threads.com/@bro260626/post/DeKYte3k_iD,,Threads,_huehueehuee,"untungla sbb permintaan rmai juga dri rakyat malaysia, adoi sebelum posted tk fkir bila dah dikecam bru menggelupur",2026-10-06T18:16:05.000Z,,,2,
https://www.threads.com/@bro260626/post/DeKYte3k_iD,,Threads,amirulaliasss,hahaha kalau dah sampai sponsor jojo kau rasa cane ?,2026-10-06T18:35:47.000Z,,,28,
https://www.threads.com/@bro260626/post/DeKYte3k_iD,,Threads,moimori,Purchasing power dari orang malaysia jugak sebenarnya. Haritu brand day dia kat shopee ramai je beli,2026-10-06T18:40:37.000Z,,,55,
https://www.threads.com/@bro260626/post/DeKYte3k_iD,,Threads,hanshanis,Untung banyak. Kalau tak mana mampu nak bayar duta2 dari Malaysia kalau tak laku,2026-10-06T18:57:43.000Z,,,11,
https://www.threads.com/@bro260626/post/DeKYte3k_iD,,Threads,imanhakimx,@meta.ai,2026-10-06T19:13:28.000Z,,,0,
https://www.threads.com/@bro260626/post/DeKYte3k_iD,,Threads,nabeshnn,Google estimated between RM6.5-RM15M coming from Kahf Malaysia.,2026-10-06T19:21:44.000Z,,,23,
https://www.threads.com/@bro260626/post/DeKYte3k_iD,,Threads,deeryzal,kalau dah sampai masuk watson tu em banyak juga la pengguna dia kot ekk,2026-10-06T19:25:49.000Z,,,1,
https://www.threads.com/@bro260626/post/DeKYte3k_iD,,Threads,mshitah.__,"Banyak je , lebih dari 10 ribu pengguna Malaysia yg pakai kahf ni",2026-10-06T23:00:34.000Z,,,0,
https://www.threads.com/@bro260626/post/DeKYte3k_iD,,Threads,whatthezod,Bukan takat jualan tapi reputasi sebuah jenama itu lebih mahal.,2026-10-06T23:22:29.000Z,,,2,
https://www.threads.com/@bro260626/post/DeKYte3k_iD,,Threads,shah_amir,@meta.ai apa kes ne,2026-10-06T23:52:57.000Z,,,0,
https://www.threads.com/@bro260626/post/DeKYte3k_iD,,Threads,rachpygx,"Okay time to Malaysian to stop supporting Indonesia brands. Their mentality just so negative, they dont deserve our support in their products. Their population is millions. Let their own local to purchase their own products",2026-10-07T00:07:03.000Z,,,12,
https://www.threads.com/@bro260626/post/DeKYte3k_iD,,Threads,_fzamn,"Kan sekarang tengah boikot Kah? so maksudnya boikot wardah and lain-lain under Parogorn ke? Since produk Kahf, Wardah and lain-lain tu under Parogorn juga?",2026-10-07T00:11:05.000Z,,,2,
https://www.threads.com/@bro260626/post/DeKYte3k_iD,,Threads,nurlindahashim,besar kot. tapi perfume kafh ni ada ke orang indonesia beli ? sebab sana local perfume sana banyak gila.,2026-10-07T00:18:17.000Z,,,0,
https://www.threads.com/@bro260626/post/DeKYte3k_iD,,Threads,ayuhussein__,,2026-10-07T00:20:23.000Z,,,0,
https://www.threads.com/@bro260626/post/DeKYte3k_iD,,Threads,evolwithlovi,"Hahaha tak de impact, size penduduk Malaysia kecik je hanya 35juta. Sementara produk Indonesia disokong 280jt customer Indonesia.

Di Indonesia Tak de produk Malaysia yg dikenal oleh masyarakat Indonesia. Masyarakat Indonesia hanya mengenal Siti Nurhaliza je.

Malaysia hanya punya BELACAN JE.",2026-10-07T00:41:27.000Z,,,0,
https://www.threads.com/@bro260626/post/DeKYte3k_iD,,Threads,hafezmy,Banyak sbb tu terketar2 Brand tu.. Rakyat di orang tak pakai kahf.. Pakai berus sabut je sabun pun x pakai,2026-10-07T00:48:01.000Z,,,0,
https://www.threads.com/@bro260626/post/DeKYte3k_iD,,Threads,aniliaz,If boleh buat event & duta tu bykla dpt untung. Hrpnya bukan kahf je. Boikot brand baju n kasut dri indonesia yg menyemak kt CM. Brand kita susah nk msk market diaorg kn. Lawan la balik. Jgn bgi muka. Kita ni baik sgt. Org pijak2 gambar agong & tun,2026-10-07T01:44:04.000Z,,,2,
https://www.threads.com/@bro260626/post/DeKYte3k_iD,,Threads,kab1071,Boikot semua la. Kalau boleh siap arang batu sekali. Pakai gas je.,2026-10-07T02:06:13.000Z,,,0,
https://www.threads.com/@bro260626/post/DeKYte3k_iD,,Threads,atie_intan,banyak tak banyak!...yg penting jgn masuk M'sia seketul pun!,2026-10-07T02:10:25.000Z,,,0,
https://www.threads.com/@bro260626/post/DeKYte3k_iD,,Threads,izzatirfan95,Kalau tak banyak dia tak masuk la market Malaysia mangkok oii,2026-10-07T02:16:36.000Z,,,0,
https://www.threads.com/@bro260626/post/DeKYte3k_iD,,Threads,nurulaien__,Kalau tak ada untung dia takkan minta maaf . Bak kata Jen “mempertahankan negaraku” . So dekat sini dah nampak power yang beli produk dia majority orang Malaysia . Kalau tak dia pertahankan jela tak payah minta maaf,2026-10-07T02:21:02.000Z,,,8,
https://www.threads.com/@bro260626/post/DeKYte3k_iD,,Threads,sophea_8922,Korang support brand badlab ni. Ni brand kita. KA pun follow badlab.,2026-10-07T02:22:33.000Z,,,1,
https://www.threads.com/@bro260626/post/DeKYte3k_iD,,Threads,timeceritaaa,"Kita tak ada angka rasmi nak tahu berapa banyak keuntungan Kahf datang dari Malaysia, so susah nak kata boycott ni confirm bagi impact besar.

Tapi jangan tengok jumlah penduduk semata-mata. Indonesia memang market jauh lebih besar, tapi Malaysia punya purchasing power pun bukan kecil.

Market besar tak semestinya market paling bernilai.",2026-10-07T02:23:37.000Z,,,2,
https://www.threads.com/@bro260626/post/DeKYte3k_iD,,Threads,armezwan,"Byk x byk, boikot tetap boikot!",2026-10-07T02:59:06.000Z,,,0,
https://www.threads.com/@bro260626/post/DeKYte3k_iD,,Threads,azerienzdin,Tapi mmg myk wangi oud dia sedap pakai . Wangi nice je kalau duduk office.,2026-10-07T03:09:18.000Z,,,0,
https://www.threads.com/@bro260626/post/DeKYte3k_iD,,Threads,bro260626,Wah seriously rakyat Malaysia nak boikot Kahf ni? Agak agak banyak tak keuntungan jualan daripada Malaysia sebenarnya?,2026-10-06T18:04:51.000Z,,,313,
https://www.threads.com/@theverraoktavianti/post/DeLE3zbk1yV,,Threads,tiredlyworking,Boycottt Kalau x negara kau jenis x sedar diri,2026-10-07T00:42:02.000Z,,,90,
https://www.threads.com/@theverraoktavianti/post/DeLE3zbk1yV,,Threads,nurashikin_92,Mudahnyaaa.. Minta maaf settle masalah.. lepas ni buat lagi lepas tu minta maaf lagi...,2026-10-07T00:50:06.000Z,,,26,
https://www.threads.com/@theverraoktavianti/post/DeLE3zbk1yV,,Threads,mananmanannnn,"Sudah terlambat, sebelum buat tak fikir dulu. Alkahf boleh import ke Israel, sana banyak yang beli.",2026-10-07T00:52:12.000Z,,,12,
https://www.threads.com/@theverraoktavianti/post/DeLE3zbk1yV,,Threads,sofeyaaadawg,"maaf ya maaf, boikot still jalan",2026-10-07T00:52:14.000Z,,,0,
https://www.threads.com/@theverraoktavianti/post/DeLE3zbk1yV,,Threads,roshieluvhussain,Elok2 ramai yang tak tahu kahf produk indonesia habis semua jadi tahu. Bagus juga kami utamakan produk sendiri,2026-10-07T00:53:18.000Z,,,6,
https://www.threads.com/@theverraoktavianti/post/DeLE3zbk1yV,,Threads,theverraoktavianti,Mereka sudah minta maaf dan menghapus postingan. Dimaafkan yah.,2026-10-07T00:30:44.000Z,,,15,
https://www.threads.com/@ashhryyyyyy/post/DeLFnSfkwp9,,Threads,sophea_8922,@kahfeveryday seriouslyyy???🙄🙄🙄,2026-10-07T00:39:09.000Z,,,0,
https://www.threads.com/@ashhryyyyyy/post/DeLFnSfkwp9,,Threads,jayjemy,"Boikot je, dulu Tun M kempen beli barang buatan Malaysia. Kita support local je",2026-10-07T00:41:16.000Z,,,14,
https://www.threads.com/@ashhryyyyyy/post/DeLFnSfkwp9,,Threads,yayanatsumi,Ada shower gel brand ni dalam bathroom saya buang ya @shawnrazaleigh,2026-10-07T00:41:58.000Z,,,3,
https://www.threads.com/@ashhryyyyyy/post/DeLFnSfkwp9,,Threads,waniewahine,takyah do better lah. babai je,2026-10-07T00:42:04.000Z,,,0,
https://www.threads.com/@ashhryyyyyy/post/DeLFnSfkwp9,,Threads,naqib_ayu,"Sebelum nih kita beli sebap nampak Alif Satar yang pakai,mmg betul2 ingat Malaysia punya produk,tapi lps tgk yg nih hurmm cancel terus,baru jer belikan suami minyak rambut kahf nih,yihhh benci😒
Beda level kepala lutut dia😌",2026-10-07T00:42:24.000Z,,,0,
https://www.threads.com/@ashhryyyyyy/post/DeLFnSfkwp9,,Threads,lydiamaisarah,Brand apa tah. X knal,2026-10-07T00:43:00.000Z,,,1,
https://www.threads.com/@ashhryyyyyy/post/DeLFnSfkwp9,,Threads,sophea_8922,SHAME ON YOU!!! @kahfeveryday @kahfeveryday.my,2026-10-07T00:43:43.000Z,,,0,
https://www.threads.com/@ashhryyyyyy/post/DeLFnSfkwp9,,Threads,ellvv19,"I post ni, Kena serang ea kat post i dengan orang sana. LAWAK LA. 🤣🤣🤣",2026-10-07T00:44:11.000Z,,,2,
https://www.threads.com/@ashhryyyyyy/post/DeLFnSfkwp9,,Threads,eiyra_kifli,Boikot 🫠,2026-10-07T00:45:13.000Z,,,0,
https://www.threads.com/@ashhryyyyyy/post/DeLFnSfkwp9,,Threads,love_ciksue,😔😔,2026-10-07T00:47:24.000Z,,,0,
https://www.threads.com/@ashhryyyyyy/post/DeLFnSfkwp9,,Threads,taehaah,Brand apa ni? Jual apa?,2026-10-07T00:50:57.000Z,,,0,
https://www.threads.com/@ashhryyyyyy/post/DeLFnSfkwp9,,Threads,zzy_ffy,@kahfeveryday @kahfeveryday.my,2026-10-07T00:51:29.000Z,,,0,
https://www.threads.com/@ashhryyyyyy/post/DeLFnSfkwp9,,Threads,bynorad,boikot pleasseee...,2026-10-07T00:51:43.000Z,,,5,
https://www.threads.com/@ashhryyyyyy/post/DeLFnSfkwp9,,Threads,_nana01_,When Owner lupa tukar acc 🤣,2026-10-07T00:54:08.000Z,,,0,
https://www.threads.com/@ashhryyyyyy/post/DeLFnSfkwp9,,Threads,delizziouslaif,jap lg konoha (ye konoha sbb konoha ja akan dtg dgn iq rendah) dtg menyerang..,2026-10-07T00:58:04.000Z,,,0,
https://www.threads.com/@ashhryyyyyy/post/DeLFnSfkwp9,,Threads,are_nie_serojaa,AYUH MALAYSIAKU!! BUKTIKAN!! BOIKOT SEMUA PRODUK KONOHA NI!! BUKTIKAN PRODUK KITA LAGI BERKUALITI!! MAKA KAMII!!,2026-10-07T01:02:03.000Z,,,15,
https://www.threads.com/@ashhryyyyyy/post/DeLFnSfkwp9,,Threads,nur_afeeda,Beli abg anas gincu lagi best !,2026-10-07T01:02:59.000Z,,,0,
https://www.threads.com/@ashhryyyyyy/post/DeLFnSfkwp9,,Threads,zizie_yvvkub,Louder ashhhhhh!!,2026-10-07T01:07:01.000Z,,,0,
https://www.threads.com/@ashhryyyyyy/post/DeLFnSfkwp9,,Threads,taksukasardin,"ramai indo netz suruh kahf keluar market Malaysia sebab market Malaysia kecik katanya. takpayah tunggu keluar kite boleh boikot, dorang punya lagak macam dorang CEO brand ni padahal bukan wangi pun bau simen je",2026-10-07T01:08:25.000Z,,,1,
https://www.threads.com/@ashhryyyyyy/post/DeLFnSfkwp9,,Threads,arwafflepenang,Sapa beda level? 😭,2026-10-07T01:08:47.000Z,,,0,
https://www.threads.com/@ashhryyyyyy/post/DeLFnSfkwp9,,Threads,armyatie,,2026-10-07T01:14:43.000Z,,,0,
https://www.threads.com/@ashhryyyyyy/post/DeLFnSfkwp9,,Threads,fie.stay,Kahf jadi Fhak,2026-10-07T01:25:26.000Z,,,0,
https://www.threads.com/@ashhryyyyyy/post/DeLFnSfkwp9,,Threads,mei810327,Boiket je la dulu,2026-10-07T02:05:40.000Z,,,0,
https://www.threads.com/@ashhryyyyyy/post/DeLFnSfkwp9,,Threads,hannah_callalily,"Jangan lupa ash ..mereka nak boikot mr diy kat indonesia hahaha
Mr diy tak hairan ..cawangan dia BERIBU kat luar negara .😂🙈😂🙈😂",2026-10-07T02:25:35.000Z,,,0,
https://www.threads.com/@ashhryyyyyy/post/DeLFnSfkwp9,,Threads,shi_oera,"PETRONANS pacak di Tanah Republik pun kena boikot. Tetap dgn Pertamina. Kita pula yg beria nk support bisnes mrk. Ckup lah kena hina dlm pelusuk medsos Maling, Negara GivAway, Malaydesh bla.bla.bla bagai. Hujung2, dtg Malaysia ada yg tk ingt jln balik, ambil hak warga sini. Duirg ni mcm ular. Buat baik sklipun, dlm diam akn eim nk mematuk juga.",2026-10-07T02:28:14.000Z,,,0,
https://www.threads.com/@ashhryyyyyy/post/DeLFnSfkwp9,,Threads,naura.aleenaah,"Brand ni jual apa? Serius taktahu.

Dorang ni mmg jenis bagi muka, pijak kepala.
Rakyat 300j yang boleh pakai cuma berapa % je..
Nyebelin..",2026-10-07T02:53:33.000Z,,,0,
https://www.threads.com/@ashhryyyyyy/post/DeLFnSfkwp9,,Threads,ashhryyyyyy,"You can do better, @kahfeveryday ! What a disappointing morning reading this. A post like this should never have been made it may seriously affect the reputation of a brand that sells to so many Malaysian users.",2026-10-07T00:37:13.000Z,,,451,
https://www.threads.com/@mr_latte_lover/post/DeK-t-3ko_f,,Threads,mr_latte_lover,"P/S : Sbb ramai tanya, video ni sekali take saja ok, abg sendiri pun surprise 😀. Anyway joke aside, in my opinion, kalau post Kahf tu came from an individual, abg just ignore je. Tapi for a brand to post it from their official account, tu da menghina….",2026-10-07T03:07:16.000Z,,,6,
https://www.threads.com/@mr_latte_lover/post/DeK-t-3ko_f,,Threads,hisham.ilham,Nice bro!,2026-10-06T23:43:26.000Z,,,0,
https://www.threads.com/@mr_latte_lover/post/DeK-t-3ko_f,,Threads,ezam_daniel,Buang jer bang....,2026-10-06T23:50:05.000Z,,,2,
https://www.threads.com/@mr_latte_lover/post/DeK-t-3ko_f,,Threads,gjoysan,"Hebatnya, dua2 tepat masuk..",2026-10-06T23:54:00.000Z,,,1,
https://www.threads.com/@mr_latte_lover/post/DeK-t-3ko_f,,Threads,aidildedel,Power bang masuk!!!!! 😂,2026-10-07T00:00:58.000Z,,,0,
https://www.threads.com/@mr_latte_lover/post/DeK-t-3ko_f,,Threads,daim.gonzales,Tak sesuai ke?,2026-10-07T00:06:03.000Z,,,0,
https://www.threads.com/@mr_latte_lover/post/DeK-t-3ko_f,,Threads,daim.gonzales,Saya pun tak reti nak pakai apa dah ..ingat nak cuba safi tembikai,2026-10-07T00:06:26.000Z,,,0,
https://www.threads.com/@mr_latte_lover/post/DeK-t-3ko_f,,Threads,sir_shahadat_nordin,perghhh balingan tepat,2026-10-07T00:10:14.000Z,,,9,
https://www.threads.com/@mr_latte_lover/post/DeK-t-3ko_f,,Threads,abistypinggg,Strike on shot je ahaha,2026-10-07T00:11:55.000Z,,,0,
https://www.threads.com/@mr_latte_lover/post/DeK-t-3ko_f,,Threads,shahrizatmohd_,"strikeeeeeee, tolong tag kan jap - @kahfeveryday",2026-10-07T00:30:53.000Z,,,0,
https://www.threads.com/@mr_latte_lover/post/DeK-t-3ko_f,,Threads,anwarhusaini_,Kahf saya nak kena ke tong sampah jugak ke?,2026-10-07T00:42:14.000Z,,,0,
https://www.threads.com/@mr_latte_lover/post/DeK-t-3ko_f,,Threads,mhdfkr_11,Why? X faham.. tertinggal bas rasanya,2026-10-07T00:42:45.000Z,,,0,
https://www.threads.com/@mr_latte_lover/post/DeK-t-3ko_f,,Threads,zerynaser,"Cehh botol kosong,x pon habis video pegi kutip balik 😂",2026-10-07T00:42:47.000Z,,,0,
https://www.threads.com/@mr_latte_lover/post/DeK-t-3ko_f,,Threads,azmanjemang,Urat timbui… mcm lepas workout hehe,2026-10-07T00:46:48.000Z,,,1,
https://www.threads.com/@mr_latte_lover/post/DeK-t-3ko_f,,Threads,somawellness_my,"salam bang. nk tnya , berapa kali take video ni? dua2 masuk tepat tuuu.",2026-10-07T00:49:06.000Z,,,1,
https://www.threads.com/@mr_latte_lover/post/DeK-t-3ko_f,,Threads,itikpasrah,"Najisss dari
Konohaaa",2026-10-07T00:56:38.000Z,,,0,
https://www.threads.com/@mr_latte_lover/post/DeK-t-3ko_f,,Threads,spydiddyman,Eleh sbb dh habis kn,2026-10-07T00:58:36.000Z,,,0,
https://www.threads.com/@mr_latte_lover/post/DeK-t-3ko_f,,Threads,ninajee_14,Mesti retake 20x kan 😅,2026-10-07T01:05:23.000Z,,,0,
https://www.threads.com/@mr_latte_lover/post/DeK-t-3ko_f,,Threads,_terbangjauh11,,2026-10-07T01:13:44.000Z,,,18,
https://www.threads.com/@mr_latte_lover/post/DeK-t-3ko_f,,Threads,cikbambs,Pemain bola jaring negara ni,2026-10-07T01:17:03.000Z,,,0,
https://www.threads.com/@mr_latte_lover/post/DeK-t-3ko_f,,Threads,pengeruh_keadaan,Wehhhhhh masuk siakkk!!!! Maksudnya mmg situ la tempat dia hahahahha,2026-10-07T01:19:47.000Z,,,20,
https://www.threads.com/@mr_latte_lover/post/DeK-t-3ko_f,,Threads,fitrishazwannn,Power hahaha,2026-10-07T01:22:07.000Z,,,1,
https://www.threads.com/@mr_latte_lover/post/DeK-t-3ko_f,,Threads,syerrraaa,Jom support perfume local pula😌 https://s.shopee.com.my/W7E7N76pz,2026-10-07T01:22:49.000Z,,,5,
https://www.threads.com/@mr_latte_lover/post/DeK-t-3ko_f,,Threads,fkrabdllh,6 points in the bin,2026-10-07T01:30:40.000Z,,,1,
https://www.threads.com/@mr_latte_lover/post/DeK-t-3ko_f,,Threads,hafidz.lotpe,Terbaik,2026-10-07T01:35:08.000Z,,,1,
https://www.threads.com/@mr_latte_lover/post/DeK-t-3ko_f,,Threads,sophea_8922,Korang support brand badlab ni. Ni brand kita. KA pun follow badlab.,2026-10-07T01:35:58.000Z,,,28,
https://www.threads.com/@mr_latte_lover/post/DeK-t-3ko_f,,Threads,aizuddinsevani,Fuhhhhhh sharp shooter ni🥰🥰🥰,2026-10-07T01:40:04.000Z,,,0,
https://www.threads.com/@mr_latte_lover/post/DeK-t-3ko_f,,Threads,frhx20,mantap bang,2026-10-07T01:42:06.000Z,,,0,
https://www.threads.com/@mr_latte_lover/post/DeK-t-3ko_f,,Threads,ddyshrkz_dududu,"nice bro , kenapa bukan 3 ketul jadikan hatrik",2026-10-07T01:42:10.000Z,,,0,
https://www.threads.com/@mr_latte_lover/post/DeK-t-3ko_f,,Threads,fhatin_izzaty,beda level katanyaa buang jeeee,2026-10-07T01:46:37.000Z,,,0,
https://www.threads.com/@mr_latte_lover/post/DeK-t-3ko_f,,Threads,teachersyeri,Sharp shooter!,2026-10-07T01:49:28.000Z,,,0,
https://www.threads.com/@mr_latte_lover/post/DeK-t-3ko_f,,Threads,pokngohhhh,Terbaik,2026-10-07T01:50:32.000Z,,,0,
https://www.threads.com/@mr_latte_lover/post/DeK-t-3ko_f,,Threads,iambaihaqie.my,"Red Bull noticed him. Now, he’s a Red Bull athlete. 🔥",2026-10-07T01:50:37.000Z,,,0,
https://www.threads.com/@mr_latte_lover/post/DeK-t-3ko_f,,Threads,fauzanlatib,Pagi2 main petanque sblom g kerja . K ? 🙌🏻,2026-10-07T01:51:35.000Z,,,2,
https://www.threads.com/@mr_latte_lover/post/DeK-t-3ko_f,,Threads,manwar88,Padu dua2 masuk,2026-10-07T01:51:40.000Z,,,0,
https://www.threads.com/@mr_latte_lover/post/DeK-t-3ko_f,,Threads,tonyhasmadeit,6 point,2026-10-07T01:54:51.000Z,,,0,
https://www.threads.com/@mr_latte_lover/post/DeK-t-3ko_f,,Threads,hakimisaridan,bravo🔥,2026-10-07T01:56:54.000Z,,,0,
https://www.threads.com/@mr_latte_lover/post/DeK-t-3ko_f,,Threads,miyrakmrzmn,Luvvvv,2026-10-07T01:57:15.000Z,,,0,
https://www.threads.com/@mr_latte_lover/post/DeK-t-3ko_f,,Threads,hfsalleh_,@kahfeveryday ini semua barang 🗑️,2026-10-07T01:57:57.000Z,,,0,
https://www.threads.com/@mr_latte_lover/post/DeK-t-3ko_f,,Threads,noorhayatiabdullah19,👍👍👍👍,2026-10-07T01:58:54.000Z,,,0,
https://www.threads.com/@mr_latte_lover/post/DeK-t-3ko_f,,Threads,harizuuuuuu,Tahniah bang.. Masuk pulak tu 😂,2026-10-07T02:02:18.000Z,,,0,
https://www.threads.com/@mr_latte_lover/post/DeK-t-3ko_f,,Threads,mynameisrinnie,"Into the bin tu dah okay, paling okay tu sebab ngam2 masuk tong sampah 👍👍👍",2026-10-07T02:08:02.000Z,,,58,
https://www.threads.com/@mr_latte_lover/post/DeK-t-3ko_f,,Threads,jiegapex,Power lah bang 🔥,2026-10-07T02:11:43.000Z,,,0,
https://www.threads.com/@mr_latte_lover/post/DeK-t-3ko_f,,Threads,aiman.mat,brape kali record video ni bang?🤣,2026-10-07T02:15:57.000Z,,,0,
https://www.threads.com/@mr_latte_lover/post/DeK-t-3ko_f,,Threads,shahzshahrir,,2026-10-07T02:16:09.000Z,,,11,
https://www.threads.com/@mr_latte_lover/post/DeK-t-3ko_f,,Threads,fathlim,#fakhaf,2026-10-07T02:19:42.000Z,,,0,
https://www.threads.com/@mr_latte_lover/post/DeK-t-3ko_f,,Threads,waadawiyahh,Masuk tepat balingan daripada gol sampah,2026-10-07T02:20:32.000Z,,,0,
https://www.threads.com/@mr_latte_lover/post/DeK-t-3ko_f,,Threads,ahmad_uzair72,Mantap,2026-10-07T02:20:58.000Z,,,0,
https://www.threads.com/@mr_latte_lover/post/DeK-t-3ko_f,,Threads,aiselyubai,goal!!!!! nak sangat kan,2026-10-07T02:24:01.000Z,,,0,
https://www.threads.com/@mr_latte_lover/post/DeK-t-3ko_f,,Threads,riffdeux,👋👋👋 bye bye 😆😆😆,2026-10-07T02:24:16.000Z,,,0,
https://www.threads.com/@mr_latte_lover/post/DeK-t-3ko_f,,Threads,mr_latte_lover,Kahf into the bin….🗑️🚮 #kahf,2026-10-06T23:39:39.000Z,,,983,
https://www.threads.com/@fahdsamri/post/DeK8wRWkv20,,Threads,fahdsamri,ramai konoha masuk komen...hahaha 'jalan yang ku pilih' ke tong sampah🤭😂,2026-10-06T23:52:04.000Z,,,25,
https://www.threads.com/@fahdsamri/post/DeK8wRWkv20,,Threads,fahdsamri,maaf?? jalan yang ku pilih...hahahaha,2026-10-07T00:23:50.000Z,,,24,
https://www.threads.com/@fahdsamri/post/DeK8wRWkv20,,Threads,11_afdiy_,Brand bodo ni layak melingkup dngn staf2nya sekali lingkup,2026-10-06T23:24:42.000Z,,,3,
https://www.threads.com/@fahdsamri/post/DeK8wRWkv20,,Threads,bobisss12,Layak diboikot sebab menghina!,2026-10-06T23:26:01.000Z,,,2,
https://www.threads.com/@fahdsamri/post/DeK8wRWkv20,,Threads,_zack88,"Brand ni ke yang selalu diberi percuma (gratis)? Selayaknya la bang, level percuma je. Tak pernah nak spend duit beli brand ni. Diberi gratis malah end up Di dalam tong sampah 😆",2026-10-06T23:33:28.000Z,,,20,
https://www.threads.com/@fahdsamri/post/DeK8wRWkv20,,Threads,rozaimiex,Onn,2026-10-06T23:38:25.000Z,,,2,
https://www.threads.com/@fahdsamri/post/DeK8wRWkv20,,Threads,farisbroski,Boycottt,2026-10-06T23:42:33.000Z,,,4,
https://www.threads.com/@fahdsamri/post/DeK8wRWkv20,,Threads,mr_triple.s,Delusional bang biasa la tu,2026-10-06T23:43:06.000Z,,,1,
https://www.threads.com/@fahdsamri/post/DeK8wRWkv20,,Threads,gundamxtamiya,iq gorilla..,2026-10-06T23:43:13.000Z,,,2,
https://www.threads.com/@fahdsamri/post/DeK8wRWkv20,,Threads,redhamusadad,Jom kita boikot... Make sure event running club tak promote ni je lagi laa.. ytjt,2026-10-06T23:55:34.000Z,,,4,
https://www.threads.com/@fahdsamri/post/DeK8wRWkv20,,Threads,mirrzzz__,"Menang asean cup mcm menang World Cup pulak. Konoha rendahkan Australia? Australia tu pun dah jejak world cup , yg konoha ni smpai kesudah jelah main qualifier , bangga dgn belanda gred b dia tu. 🥱",2026-10-07T00:14:31.000Z,,,2,
https://www.threads.com/@fahdsamri/post/DeK8wRWkv20,,Threads,taufiqnaiman,Live host kat shopi and tiktok pon org dia. Tak bape faham bila kita tanya. Bukanya org kita dia bagi job host tu,2026-10-07T00:18:12.000Z,,,3,
https://www.threads.com/@fahdsamri/post/DeK8wRWkv20,,Threads,afqzryy,"baru tahu brand nya dari sana , ok boikot .",2026-10-07T00:25:40.000Z,,,2,
https://www.threads.com/@fahdsamri/post/DeK8wRWkv20,,Threads,faraahalim,betul betul ini jalan yang dipilih. 😅,2026-10-07T00:35:18.000Z,,,4,
https://www.threads.com/@fahdsamri/post/DeK8wRWkv20,,Threads,ehsan_idf,Kalau fahd dah menyeru gini kita follow je lah,2026-10-07T00:38:09.000Z,,,2,
https://www.threads.com/@fahdsamri/post/DeK8wRWkv20,,Threads,nzmkhrl_,"Cukup lah bakar hutan😅😪, takkan nak bakar hati kami pulak 😭😭",2026-10-07T00:41:19.000Z,,,2,
https://www.threads.com/@fahdsamri/post/DeK8wRWkv20,,Threads,shafiknizal,Terbaik bang 👍🏻 🇲🇾,2026-10-07T00:50:23.000Z,,,2,
https://www.threads.com/@fahdsamri/post/DeK8wRWkv20,,Threads,itstherafey,Jalan dipilih ke longkang,2026-10-07T00:52:26.000Z,,,2,
https://www.threads.com/@fahdsamri/post/DeK8wRWkv20,,Threads,shazzyyyyy,Sebelum post tak fikir ke diorang ni habis rosak terus nama brand 🙂‍↔️🙂‍↔️,2026-10-07T00:56:15.000Z,,,2,
https://www.threads.com/@fahdsamri/post/DeK8wRWkv20,,Threads,nazrunner87,Boikot,2026-10-07T00:58:49.000Z,,,2,
https://www.threads.com/@fahdsamri/post/DeK8wRWkv20,,Threads,fique_rahman,louder bang!,2026-10-07T01:26:28.000Z,,,2,
https://www.threads.com/@fahdsamri/post/DeK8wRWkv20,,Threads,indogindodes,Aku sokong kau boikot produk InDOG ni. Diorang pun bukannya menyokong produk keluaran Malaysia pun.,2026-10-07T01:33:20.000Z,,,1,
https://www.threads.com/@fahdsamri/post/DeK8wRWkv20,,Threads,muazmz_,Alhamdulillah patut hatiku berat nak support. Inilah jalan yang kupilih . Boikott !! @kahfeveryday,2026-10-07T01:41:10.000Z,,,1,
https://www.threads.com/@fahdsamri/post/DeK8wRWkv20,,Threads,zepzszy,"Sebelum post dorang mmng tak pakai otak kot,bila dah jadi mcm ni org nk boikot terus minta maaf itu je la pusing2.",2026-10-07T01:42:39.000Z,,,2,
https://www.threads.com/@fahdsamri/post/DeK8wRWkv20,,Threads,rahman.mohd07,Hilangkan dari market asian biar melingkup,2026-10-07T01:54:23.000Z,,,0,
https://www.threads.com/@fahdsamri/post/DeK8wRWkv20,,Threads,tabloxo,Klo champ dah boikot. Aku follow. 🫡,2026-10-07T02:00:10.000Z,,,3,
https://www.threads.com/@fahdsamri/post/DeK8wRWkv20,,Threads,khairuldec,Sifu boikot kita kna follow,2026-10-07T02:19:47.000Z,,,0,
https://www.threads.com/@fahdsamri/post/DeK8wRWkv20,,Threads,noktahkeluli,SAJA LAGI BAGI PANAS . Boikot je lah,2026-10-07T02:25:48.000Z,,,0,
https://www.threads.com/@fahdsamri/post/DeK8wRWkv20,,Threads,mathafiz._,dah lama pkai.... boleh stop dh pkai ...,2026-10-07T02:57:50.000Z,,,0,
https://www.threads.com/@fahdsamri/post/DeK8wRWkv20,,Threads,sophea_8922,Korang support brand badlab ni. Ni brand kita. KA pun follow badlab.,2026-10-07T03:04:48.000Z,,,2,
https://www.threads.com/@fahdsamri/post/DeK8wRWkv20,,Threads,fahdsamri,bertahun aku guna dan support produk ni tapi disebabkan pemikiran sempit warga konoha dan menghina negara aku selayaknya di BOIKOT! the real SAMPAH!,2026-10-06T23:19:48.000Z,,,390,
https://www.threads.com/@skinoppa/post/DeLBO_9gQgE,,Threads,des.natalina,"Admin cuma posting aja, yg approve kontennya siapa ya? 🫣",2026-10-07T00:02:50.000Z,,,11,
https://www.threads.com/@skinoppa/post/DeLBO_9gQgE,,Threads,galihpambud,Pagi ini rapat sama atasan semua 😭,2026-10-07T00:04:12.000Z,,,28,
https://www.threads.com/@skinoppa/post/DeLBO_9gQgE,,Threads,hulahullaaa,Blunder,2026-10-07T00:04:14.000Z,,,0,
https://www.threads.com/@skinoppa/post/DeLBO_9gQgE,,Threads,scherelly_,Kenapa kak?,2026-10-07T00:09:34.000Z,,,2,
https://www.threads.com/@skinoppa/post/DeLBO_9gQgE,,Threads,izztlf,Kena SP kayaknyaaa🙀,2026-10-07T00:13:12.000Z,,,2,
https://www.threads.com/@skinoppa/post/DeLBO_9gQgE,,Threads,widiasti_atmadja,Blunder banget 😫,2026-10-07T00:27:50.000Z,,,7,
https://www.threads.com/@skinoppa/post/DeLBO_9gQgE,,Threads,titawaskita,Weh ketinggalan,2026-10-07T00:31:15.000Z,,,0,
https://www.threads.com/@skinoppa/post/DeLBO_9gQgE,,Threads,itsmosarisha,"ahahahaha, pagi-pagi liat discourse boikot produk paragon, gw mikir ngapain nih? eh ternyata 🤣",2026-10-07T00:46:13.000Z,,,6,
https://www.threads.com/@skinoppa/post/DeLBO_9gQgE,,Threads,yunicarizky,Blunder parraaaaah.,2026-10-07T00:55:56.000Z,,,5,
https://www.threads.com/@skinoppa/post/DeLBO_9gQgE,,Threads,prinandadeaqila,yang ngepruv sih yang selesai,2026-10-07T00:57:51.000Z,,,0,
https://www.threads.com/@skinoppa/post/DeLBO_9gQgE,,Threads,adrianfauluji,Apaan ketinggalan,2026-10-07T01:00:18.000Z,,,0,
https://www.threads.com/@skinoppa/post/DeLBO_9gQgE,,Threads,ramarmdhanaa_,"Gara"" ini kah min?",2026-10-07T01:17:21.000Z,,,11,
https://www.threads.com/@skinoppa/post/DeLBO_9gQgE,,Threads,fajrialli,Jujur gabisa tidur pagi 🙏,2026-10-07T01:22:39.000Z,,,0,
https://www.threads.com/@skinoppa/post/DeLBO_9gQgE,,Threads,siskyuri_,jadi perang begini sih jujur tambah kemana mana 😭,2026-10-07T01:23:11.000Z,,,0,
https://www.threads.com/@skinoppa/post/DeLBO_9gQgE,,Threads,retmaayuwanda,Bukan akuuuu,2026-10-07T01:23:38.000Z,,,0,
https://www.threads.com/@skinoppa/post/DeLBO_9gQgE,,Threads,s_clooooudss,Malu2in sih 🙂‍↕️,2026-10-07T01:24:18.000Z,,,0,
https://www.threads.com/@skinoppa/post/DeLBO_9gQgE,,Threads,addinayuri,"Udh 2x kena kasus di threads, akun threads wardah juga kena rujak sm warga krn postingannya ga sesuai sama brandingnya wardah. Most likely yg ngepost bukan internal paragon tapi agency…yang ga qualified dan ujung2nya merusak branding yang dibangun selama ini. Tapi gw pengen tau juga siapa ini agencynya & approvalnya siapa",2026-10-07T01:24:26.000Z,,,94,
https://www.threads.com/@skinoppa/post/DeLBO_9gQgE,,Threads,_dyahrahmaw,Adnin kahf sepertinya semalam mabok jadi gak sadar,2026-10-07T01:24:58.000Z,,,0,
https://www.threads.com/@skinoppa/post/DeLBO_9gQgE,,Threads,afiftaufiqulhaq,"emang sebelah nya aje , lagi ke sensian wkwkwk",2026-10-07T01:26:27.000Z,,,3,
https://www.threads.com/@skinoppa/post/DeLBO_9gQgE,,Threads,orchitadiva,wassalam sih😭,2026-10-07T01:34:26.000Z,,,0,
https://www.threads.com/@skinoppa/post/DeLBO_9gQgE,,Threads,ginaafifah_,Hari ini jajaran kahf meeting semua wkwkwkkw,2026-10-07T01:37:52.000Z,,,2,
https://www.threads.com/@skinoppa/post/DeLBO_9gQgE,,Threads,evanfuleren,Doksli,2026-10-07T01:39:29.000Z,,,0,
https://www.threads.com/@skinoppa/post/DeLBO_9gQgE,,Threads,karimatulya,"Duh pantes pagi ini kok rame warga Malaysia boikot produk Indonesia, ternyataa",2026-10-07T01:42:39.000Z,,,2,
https://www.threads.com/@skinoppa/post/DeLBO_9gQgE,,Threads,r.issaen,yang approved kontennya siapa coba😭,2026-10-07T01:44:05.000Z,,,0,
https://www.threads.com/@skinoppa/post/DeLBO_9gQgE,,Threads,nurdinrizkan,"UPIN IPIN aja baperan,yg lain mh santai",2026-10-07T01:44:11.000Z,,,0,
https://www.threads.com/@skinoppa/post/DeLBO_9gQgE,,Threads,m4k.dee,"Disini memang asbun,
Akun brand tolong jangan sembarangan posting
Seasbun²nya tetep pake strategi",2026-10-07T01:51:25.000Z,,,54,
https://www.threads.com/@skinoppa/post/DeLBO_9gQgE,,Threads,hinabnab,Ketar ketir pasti blunder bgt,2026-10-07T01:56:54.000Z,,,0,
https://www.threads.com/@skinoppa/post/DeLBO_9gQgE,,Threads,alfsfraa,"lagi disituasi kek gini, sempet2nya tengil pake akun official🤣🤣",2026-10-07T01:58:06.000Z,,,1,
https://www.threads.com/@skinoppa/post/DeLBO_9gQgE,,Threads,sheweedia,Apa apa yg berlebihan memang tak baik,2026-10-07T01:59:40.000Z,,,0,
https://www.threads.com/@skinoppa/post/DeLBO_9gQgE,,Threads,mrwahyuprasetya,"waduh, Wallahu alam, kak. Saya cuma ngebatin ""duh, ini designer & tim medsosnya gini amat"".",2026-10-07T02:01:14.000Z,,,0,
https://www.threads.com/@skinoppa/post/DeLBO_9gQgE,,Threads,cm_marianak,g jelas juga sih ampe segitunya,2026-10-07T02:06:05.000Z,,,0,
https://www.threads.com/@skinoppa/post/DeLBO_9gQgE,,Threads,faizmanai,Kacaw mania,2026-10-07T02:10:07.000Z,,,0,
https://www.threads.com/@skinoppa/post/DeLBO_9gQgE,,Threads,meillarahma_,admin mah ngepost kalo ada persetujuan dari atas nggk mungkin asal,2026-10-07T02:12:22.000Z,,,0,
https://www.threads.com/@skinoppa/post/DeLBO_9gQgE,,Threads,sha.notsyaaa,"Parah bgt si mereka ini, merusak nama baik paragon yg udh di bangun puluhan tahun",2026-10-07T02:17:46.000Z,,,0,
https://www.threads.com/@skinoppa/post/DeLBO_9gQgE,,Threads,hepburnismm,menurut gue admin brand tuh stop deh pada riding the wave trend yg ga align sama brandingnya... 😐,2026-10-07T02:21:57.000Z,,,34,
https://www.threads.com/@skinoppa/post/DeLBO_9gQgE,,Threads,ugcwiz,fix uda dipecat kak,2026-10-07T02:22:02.000Z,,,0,
https://www.threads.com/@skinoppa/post/DeLBO_9gQgE,,Threads,rhy_et,Rame gak tu jadinya 😫,2026-10-07T02:24:22.000Z,,,0,
https://www.threads.com/@skinoppa/post/DeLBO_9gQgE,,Threads,pandu_tara,Halah gak ngaruh. Boikot2 di threads itu g ngaruh. traffic threads itubkecil di banding FB IG dan Tiktok.,2026-10-07T02:29:17.000Z,,,0,
https://www.threads.com/@skinoppa/post/DeLBO_9gQgE,,Threads,kafkaowzky,"Kalau diperhatikan dgn acceptance publik selama ini dan brand building development, Kafh tdk memiliki values seperti yang ditampilkan di media sosial.

Support proses perbaikan dan bisa jadi strong point to learn tidak hanya oleh Kafh tapi juga brand lainnya.

Support Kafh to recovery ❤️‍🩹✊",2026-10-07T02:31:30.000Z,,,3,
https://www.threads.com/@skinoppa/post/DeLBO_9gQgE,,Threads,kevinadht,"Bisa jadi agency nya, semoga ini jadi pelajaran",2026-10-07T02:31:44.000Z,,,0,
https://www.threads.com/@skinoppa/post/DeLBO_9gQgE,,Threads,s.alma.nendah,"Ini juga ngapain coba,gak relevan sm brand besar kosmetik, mau napak tanah ala² gen z gk gini juga,,ini mh kyanya admin salah log in akun pribadi,🤣 apes pas kena posting bendera kemarin blunder",2026-10-07T02:33:57.000Z,,,9,
https://www.threads.com/@skinoppa/post/DeLBO_9gQgE,,Threads,ridhani,"Duh, ada apalagi dengan minyak ketiak langganan saya ini?",2026-10-07T02:42:20.000Z,,,0,
https://www.threads.com/@skinoppa/post/DeLBO_9gQgE,,Threads,calyxkids,"Langsung diklarifikasi dan di take down postnya...pdhal saya kepo, pgn liat 😅",2026-10-07T02:47:18.000Z,,,1,
https://www.threads.com/@skinoppa/post/DeLBO_9gQgE,,Threads,starry_in_my_name,"Blunder sepertinya dok, soalnya postingan sudah di take down tapi terlanjur menyebar. Tadi kayaknya ada lewat postingan permintaan maafnya.
Ya hati-hati aja harusnya kalau pegang akun brand kecuali akun personal.",2026-10-07T02:51:25.000Z,,,1,
https://www.threads.com/@skinoppa/post/DeLBO_9gQgE,,Threads,theogif,"Sok2 an ikut trend, sok asik",2026-10-07T03:04:52.000Z,,,1,
https://www.threads.com/@skinoppa/post/DeLBO_9gQgE,,Threads,aderniel0,all malaysian people + singaporean and all asean country please boikot @kahfeveryday 🙏🏻 thankyouu,2026-10-07T03:09:57.000Z,,,5,
https://www.threads.com/@skinoppa/post/DeLBO_9gQgE,,Threads,aderniel0,BOIKOT @kahfeveryday,2026-10-07T03:10:05.000Z,,,1,
https://www.threads.com/@skinoppa/post/DeLBO_9gQgE,,Threads,aderniel0,boikottt @kahfeveryday,2026-10-07T03:10:21.000Z,,,1,
https://www.threads.com/@skinoppa/post/DeLBO_9gQgE,,Threads,aderniel0,BOIKOTTTTTT,2026-10-07T03:10:24.000Z,,,1,
https://www.threads.com/@skinoppa/post/DeLBO_9gQgE,,Threads,aderniel0,BOIKOTT @kahfeveryday,2026-10-07T03:10:33.000Z,,,1,
https://www.threads.com/@skinoppa/post/DeLBO_9gQgE,,Threads,skinoppa,Yang jadi admin brand Kahf semalem siapa ya? 😶‍🌫️,2026-10-06T23:58:57.000Z,,,315,
https://www.threads.com/@ydi_stwan/post/DeK4laLEjAw,,Threads,helloiraa,Kak ngakak sumpaaaah 🤣🤣🤣seitil bgt tuuuh wkwkwk,2026-10-06T23:49:04.000Z,,,257,
https://www.threads.com/@ydi_stwan/post/DeK4laLEjAw,,Threads,berina_cornela,wkwkwk,2026-10-06T23:50:05.000Z,,,0,
https://www.threads.com/@ydi_stwan/post/DeK4laLEjAw,,Threads,yulliayuuu,Ngakak🤣,2026-10-07T00:01:41.000Z,,,0,
https://www.threads.com/@ydi_stwan/post/DeK4laLEjAw,,Threads,nuruladyni,Ngakak 🤣🤣🤣,2026-10-07T00:11:25.000Z,,,1,
https://www.threads.com/@ydi_stwan/post/DeK4laLEjAw,,Threads,m.andinata,😂,2026-10-07T00:14:10.000Z,,,0,
https://www.threads.com/@ydi_stwan/post/DeK4laLEjAw,,Threads,ydi_stwan,"Heh kalian mau boikot serius??? Dengan jumlah rakyat kalian yang sedikit itu😭. FYI kami dikorupsi sampe triliunan pun belum redup² nih indo lha ini boikot kahf yang cuman seitil yaampun yang rugi juga bukan kami tapi perusahaannya, terus pembelian produk kahf juga lebih tinggi di kami daripada kalian",2026-10-06T22:43:22.000Z,,,2414,
https://www.threads.com/@zoulbraveslick/post/DeKLoNkGO4z,,Threads,zoulbraveslick,Sebagai pengguna tegar Brand ni aku declare perang dgn brand ni. Full stop bagi free pon aku taknak. Kalau ada event kahf sponsor pon aku xkan masuk dah.. I'm done!,2026-10-06T16:10:32.000Z,,,1210,
https://www.threads.com/@kinsyahir/post/DeJ-lJoj6fs,,Threads,edayart_,Orang biasa nak jadi macam idc sebab aku boleh lagi balas.... Ni acc afficial post macam ni dengan kau ada pasaran lagi ni dekat malaysia,2026-10-06T14:19:40.000Z,,,0,
https://www.threads.com/@kinsyahir/post/DeJ-lJoj6fs,,Threads,bambiltokankereta,Boikot segala yg dari sana,2026-10-06T14:39:18.000Z,,,1,
https://www.threads.com/@kinsyahir/post/DeJ-lJoj6fs,,Threads,ameuwww,aku memang tak pakai brand ni since tau dari sana. pastu marketing pulak jenis sama level pemikiran orang dia juga. memang tak laa.,2026-10-06T14:39:19.000Z,,,2,
https://www.threads.com/@kinsyahir/post/DeJ-lJoj6fs,,Threads,thisisaishah,Ohh dari sana okey boikot,2026-10-06T14:51:29.000Z,,,1,
https://www.threads.com/@kinsyahir/post/DeJ-lJoj6fs,,Threads,notm1nn_,Boleh kot report guardian malaysia suruh stop. Haritu masuk live kemain host dia ckp ni product local,2026-10-06T14:55:49.000Z,,,2,
https://www.threads.com/@kinsyahir/post/DeJ-lJoj6fs,,Threads,aah.min,"https://vt.tiktok.com/ZS9DxjkmUv9hk-uiqIB/

Ni tgh live nii",2026-10-06T15:21:33.000Z,,,0,
https://www.threads.com/@kinsyahir/post/DeJ-lJoj6fs,,Threads,byvqeese,"brand ni mmg dari sana. so kpd malaysian, it is time for you to decide, kalau starbucks kita boleh boikot sampai banyak outlets tutup, so kalau brand ni? kenapa tidak kan, kita tunjuk level kita yang sebenar",2026-10-06T15:22:40.000Z,,,2,
https://www.threads.com/@kinsyahir/post/DeJ-lJoj6fs,,Threads,nawrirwan,"Nak buat mcm mana, drg tu ko tgok je macam educated, tp sebenarnya bodo piang.....@kahfeveryday admin lu iq 78 gorila, goblok bangat pt, segede lu hire admin yg otaknya tersedut asap karhutla...",2026-10-06T15:27:26.000Z,,,0,
https://www.threads.com/@kinsyahir/post/DeJ-lJoj6fs,,Threads,syzwani_1404,"Weh tak pernah tau brand ni wujud, dia jual barang apa weh ? Sumpah mmg tak tau",2026-10-06T16:14:46.000Z,,,0,
https://www.threads.com/@kinsyahir/post/DeJ-lJoj6fs,,Threads,simsimiayamkuning,@watsonsmy,2026-10-06T16:23:42.000Z,,,0,
https://www.threads.com/@kinsyahir/post/DeJ-lJoj6fs,,Threads,hailmuqri,bukan sedap mana perfume kahf ni. bau mcm umpan ikan,2026-10-06T16:25:02.000Z,,,0,
https://www.threads.com/@kinsyahir/post/DeJ-lJoj6fs,,Threads,farhanaziz.z,"KALAU BUAT KIRA II RUGI WEY BELI BRAND NI IYA AKU PERNAH BELI DULU LAH
HANG TENGOQ NAH

Brand Hijau Biru hanya RM13 ka RM14 lagutu tapi hg cuma dapt 200ml srs sikit

BAD LAB RM19.99 HANG BOLEH DAPAT 800ML
RUGI MAMPUS X BELI PALING BEST BOLEH PAKAI BADAN MUKA DENGAN RAMBUT KOT PLUS SABUN NI SEJUK BERANGIN
JEPOT LAGI MADE IN MALAYSIA🇲🇾🇲🇾🇲🇾🇲🇾🇲🇾

MCM BIASA LINK ADA BAWAH

https://s.shopee.com.my/3qNfXruzvX
https://s.shopee.com.my/3qNfXruzvX
https://s.shopee.com.my/3qNfXruzvX",2026-10-06T17:19:31.000Z,,,0,
https://www.threads.com/@kinsyahir/post/DeJ-lJoj6fs,,Threads,zainal_naz,Dia dah delete daaaaa! @kahfeveryday.my @kahfeveryday this will be the end of your era. We will start boycotting you,2026-10-07T01:44:43.000Z,,,0,
https://www.threads.com/@kinsyahir/post/DeJ-lJoj6fs,,Threads,kinsyahir,"Tengah2 qoute hilang dah posting mempersendakan negara orang. Kenapa delete @kahfeveryday afraid of losing your buyer from Malaysia?

Boleh dah kot yang laki 🇲🇾 pakai brand kahf tu boikot stop beli dah. What an unprofessional etiquette coming from big brand @kahfeveryday @kahfeveryday.my",2026-10-06T14:16:31.000Z,,,102,
https://www.threads.com/@malaysiabertauhidofficial/post/DeK3DNhEsI1,,Threads,lqmnlhkmxx,Pagi min,2026-10-06T22:37:43.000Z,,,1,
https://www.threads.com/@malaysiabertauhidofficial/post/DeK3DNhEsI1,,Threads,adamgometz,kahfir?,2026-10-06T22:49:44.000Z,,,2,
https://www.threads.com/@malaysiabertauhidofficial/post/DeK3DNhEsI1,,Threads,amirzaim,"Brand Kahf, inspired dari surah al-Kahfi.

Tapi brand auto tukar jadi ""Kafir"" bila orang depa sendiri cuba jahanamkan brand sendiri kutuk negara orang.",2026-10-06T23:00:03.000Z,,,76,
https://www.threads.com/@malaysiabertauhidofficial/post/DeK3DNhEsI1,,Threads,teaahhhhh_,,2026-10-06T23:21:22.000Z,,,3,
https://www.threads.com/@malaysiabertauhidofficial/post/DeK3DNhEsI1,,Threads,itsmeyiinnn,bru dia tau beza level sebenar mcm mana.,2026-10-06T23:25:33.000Z,,,37,
https://www.threads.com/@malaysiabertauhidofficial/post/DeK3DNhEsI1,,Threads,achillgent,"Just side info , kahf and wardah satu company kan? @meta.ai",2026-10-06T23:50:36.000Z,,,6,
https://www.threads.com/@malaysiabertauhidofficial/post/DeK3DNhEsI1,,Threads,silentmajority345,,2026-10-07T00:35:13.000Z,,,0,
https://www.threads.com/@malaysiabertauhidofficial/post/DeK3DNhEsI1,,Threads,jarvistpnv,what? negara maju iq tinggi terganggu sama meme bola? whaaaaattttt? 🤣🤣🤣🤣🤣,2026-10-07T00:58:45.000Z,,,4,
https://www.threads.com/@malaysiabertauhidofficial/post/DeK3DNhEsI1,,Threads,pretty.little.things___,,2026-10-07T00:59:56.000Z,,,0,
https://www.threads.com/@malaysiabertauhidofficial/post/DeK3DNhEsI1,,Threads,mi4cwd.1man,Kempen & Inisiatif Utamakan Sokong Produk Tempatan !!!.,2026-10-07T01:04:35.000Z,,,3,
https://www.threads.com/@malaysiabertauhidofficial/post/DeK3DNhEsI1,,Threads,sophea_8922,Korang support brand badlab ni. Ni brand kita. KA pun follow badlab.,2026-10-07T01:11:21.000Z,,,30,
https://www.threads.com/@malaysiabertauhidofficial/post/DeK3DNhEsI1,,Threads,adi_baskra,rasakan sensasi juara bersama kahf😜,2026-10-07T01:26:44.000Z,,,0,
https://www.threads.com/@malaysiabertauhidofficial/post/DeK3DNhEsI1,,Threads,morninjullie,"warga lu tu bad attitude, katanya iq nya tinggi, tpi kok kelakuan nya kaya iq 78",2026-10-07T01:44:08.000Z,,,0,
https://www.threads.com/@malaysiabertauhidofficial/post/DeK3DNhEsI1,,Threads,lens.of.nature23,Company paling maju pun ada mindset mundur🙃,2026-10-07T02:02:19.000Z,,,0,
https://www.threads.com/@malaysiabertauhidofficial/post/DeK3DNhEsI1,,Threads,syazam_noor,,2026-10-07T02:04:04.000Z,,,0,
https://www.threads.com/@malaysiabertauhidofficial/post/DeK3DNhEsI1,,Threads,peacemoodglobal,Jom support produk lokal,2026-10-07T02:28:52.000Z,,,2,
https://www.threads.com/@malaysiabertauhidofficial/post/DeK3DNhEsI1,,Threads,4threyss,"Saya buat random for 50 orang. Cuba korang check, jadi ke tidak 😅🤍",2026-10-07T02:31:46.000Z,,,0,
https://www.threads.com/@malaysiabertauhidofficial/post/DeK3DNhEsI1,,Threads,fantabulouskuqad,Boikot!!!,2026-10-07T02:40:00.000Z,,,1,
https://www.threads.com/@malaysiabertauhidofficial/post/DeK3DNhEsI1,,Threads,ryann__2nd,Boikot tinggal boikot bnyk ckp 😛😛no effect pun,2026-10-07T02:49:26.000Z,,,0,
https://www.threads.com/@malaysiabertauhidofficial/post/DeK3DNhEsI1,,Threads,yuhuosep2,Tak payah la export produk kat Malay. Kicik nya pun,2026-10-07T02:54:21.000Z,,,0,
https://www.threads.com/@malaysiabertauhidofficial/post/DeK3DNhEsI1,,Threads,ayuu1411,"Wkwk akun malaysia bertauhid, tapi isinya begini 🤣 pantes umat islam malay pada Rasis.",2026-10-07T02:58:34.000Z,,,0,
https://www.threads.com/@malaysiabertauhidofficial/post/DeK3DNhEsI1,,Threads,itadoriyudi_,Bro berpikir negaranya pusat dunia🤣,2026-10-07T03:08:44.000Z,,,0,
https://www.threads.com/@malaysiabertauhidofficial/post/DeK3DNhEsI1,,Threads,jyounin777,,2026-10-07T03:10:02.000Z,,,0,
https://www.threads.com/@malaysiabertauhidofficial/post/DeK3DNhEsI1,,Threads,jyounin777,Sekalian boikot Batubara donk ya malayjing,2026-10-07T03:10:21.000Z,,,0,
https://www.threads.com/@malaysiabertauhidofficial/post/DeK3DNhEsI1,,Threads,malaysiabertauhidofficial,"Wrong move Kahf.

Bad attitude.",2026-10-06T22:29:58.000Z,,,3225,
https://www.threads.com/@s.fdzl/post/DeK0uaZgZUX,,Threads,qymdnl,kayman,2026-10-06T22:15:17.000Z,,,0,
https://www.threads.com/@s.fdzl/post/DeK0uaZgZUX,,Threads,khairulsoly,@lumefragrances,2026-10-06T23:07:41.000Z,,,0,
https://www.threads.com/@s.fdzl/post/DeK0uaZgZUX,,Threads,teaahhhhh_,,2026-10-06T23:19:12.000Z,,,0,
https://www.threads.com/@s.fdzl/post/DeK0uaZgZUX,,Threads,dzafran_kerya_bahari,Shower gel Bad Lab bau minyak kapak… hell no,2026-10-06T23:44:53.000Z,,,0,
https://www.threads.com/@s.fdzl/post/DeK0uaZgZUX,,Threads,syqzwxn_,Sendayu tinggi,2026-10-06T23:51:36.000Z,,,0,
https://www.threads.com/@s.fdzl/post/DeK0uaZgZUX,,Threads,gundamxtamiya,romano,2026-10-06T23:57:05.000Z,,,0,
https://www.threads.com/@s.fdzl/post/DeK0uaZgZUX,,Threads,_mohdnazirulmubincheaziz,dashing,2026-10-07T00:10:04.000Z,,,0,
https://www.threads.com/@s.fdzl/post/DeK0uaZgZUX,,Threads,_mdnuh,Safi,2026-10-07T00:22:10.000Z,,,0,
https://www.threads.com/@s.fdzl/post/DeK0uaZgZUX,,Threads,malique_alquds,ada tak minyak rambut sama mcm khaf tu yg ada water base dan wangi bila pakai,2026-10-07T00:28:12.000Z,,,0,
https://www.threads.com/@s.fdzl/post/DeK0uaZgZUX,,Threads,unfav_adri,baru tau badlab tu local nasib mmg pakai dr dulu,2026-10-07T00:30:28.000Z,,,3,
https://www.threads.com/@s.fdzl/post/DeK0uaZgZUX,,Threads,nswcr_,Dherbs.,2026-10-07T00:50:06.000Z,,,0,
https://www.threads.com/@s.fdzl/post/DeK0uaZgZUX,,Threads,muhd_r15,Perfume paradise,2026-10-07T01:09:37.000Z,,,0,
https://www.threads.com/@s.fdzl/post/DeK0uaZgZUX,,Threads,fadzli.zulkoad,Bad Lab brand kita egh❓,2026-10-07T01:23:04.000Z,,,1,
https://www.threads.com/@s.fdzl/post/DeK0uaZgZUX,,Threads,sophea_8922,Korang support brand badlab ni. Ni brand kita. KA pun follow badlab.,2026-10-07T01:38:01.000Z,,,0,
https://www.threads.com/@s.fdzl/post/DeK0uaZgZUX,,Threads,amirudeon,Quputeh,2026-10-07T01:44:25.000Z,,,0,
https://www.threads.com/@s.fdzl/post/DeK0uaZgZUX,,Threads,bandahriduan,Boikot @kahfeveryday @kahfeveryday.my,2026-10-07T01:48:17.000Z,,,0,
https://www.threads.com/@s.fdzl/post/DeK0uaZgZUX,,Threads,llamaquo,Fawny Studio 🤷🏼‍♂️,2026-10-07T01:58:36.000Z,,,1,
https://www.threads.com/@s.fdzl/post/DeK0uaZgZUX,,Threads,meowkoffee,sy pakai bad lab dri form 2 lagi hahahahaha,2026-10-07T02:00:34.000Z,,,0,
https://www.threads.com/@s.fdzl/post/DeK0uaZgZUX,,Threads,mirzadanishxii,Support @nemuritorclothing local brand ni,2026-10-07T02:06:09.000Z,,,1,
https://www.threads.com/@s.fdzl/post/DeK0uaZgZUX,,Threads,zackyamins,Perfume bau ketiakk,2026-10-07T02:55:47.000Z,,,0,
https://www.threads.com/@s.fdzl/post/DeK0uaZgZUX,,Threads,thekhoiransg,Support Saya @luxaennempire home fragrances bau bau baru nak kembang di Singapore,2026-10-07T03:03:12.000Z,,,0,
https://www.threads.com/@s.fdzl/post/DeK0uaZgZUX,,Threads,s.fdzl,"Nak support local brand,
Khaf ❌
Bad Lab ✅

Apa lagi eh?",2026-10-06T22:09:39.000Z,,,218,
https://www.threads.com/@putihimantaqwa/post/DeLFt-Fks8R,,Threads,putihimantaqwa,Awokwok badut,2026-10-07T02:49:02.000Z,,,0,
https://www.threads.com/@putihimantaqwa/post/DeLFt-Fks8R,,Threads,andimiame,,2026-10-07T00:41:35.000Z,,,1,
https://www.threads.com/@putihimantaqwa/post/DeLFt-Fks8R,,Threads,nr.iesyaa_,"Bukan boycot , dorang dah taknak duit Malaysia , kan beda lepel",2026-10-07T00:55:50.000Z,,,0,
https://www.threads.com/@putihimantaqwa/post/DeLFt-Fks8R,,Threads,lion_173995053,Perbezaan mindset owner bisnes dengan wadidaw. 🤣. Lain betul. @kahfeveryday . Salah seorang warganegara mu sokong product mu diboikot and tolong delete permohonan maaf itu. 🥱,2026-10-07T01:01:27.000Z,,,0,
https://www.threads.com/@putihimantaqwa/post/DeLFt-Fks8R,,Threads,ehmasearra,"Sbb masuk dalam pasaran. Klu tidak masuk pasaran, macam mana mau kembangkan ekonomi? Tapi xpah, lepas ni xmasuk suda produk kamu. Another brand down hehehe",2026-10-07T01:05:56.000Z,,,0,
https://www.threads.com/@putihimantaqwa/post/DeLFt-Fks8R,,Threads,eznumist,Wadidaw. Yg pakai produk kau kat sini pun konoha juga.,2026-10-07T01:06:13.000Z,,,2,
https://www.threads.com/@putihimantaqwa/post/DeLFt-Fks8R,,Threads,syukothman_,Utk support business and economy negara miskin kau la anjing,2026-10-07T01:06:14.000Z,,,0,
https://www.threads.com/@putihimantaqwa/post/DeLFt-Fks8R,,Threads,malikyy._,"tak semua malaysia pakai produk indo cil , banyak lagi produk orang malaysia boleh pakai , indo masuk pasaran malaysia sebab mata wang cil , kenapa ngak masuk produk ke bangladesh , myanmar?",2026-10-07T01:09:28.000Z,,,0,
https://www.threads.com/@putihimantaqwa/post/DeLFt-Fks8R,,Threads,mellrusl,"why does Indonesia too, import our Malaysian goods and industrial products in the first place? Indonesia also imports Malaysian:
• Petroleum products
• Electronics & components
• Machinery & industrial equipment
• Chemicals
• Palm-oil products
• Rubber products
• Metal products
So, do you really think malaysian would face a crisis if your products were no longer available in here?",2026-10-07T01:10:37.000Z,,,3,
https://www.threads.com/@putihimantaqwa/post/DeLFt-Fks8R,,Threads,ilms_lian,"Produk apa tu? Indomie ke? Tak sedap, aku pilih maggi je sedap giler",2026-10-07T01:12:56.000Z,,,6,
https://www.threads.com/@putihimantaqwa/post/DeLFt-Fks8R,,Threads,pengeruh_keadaan,Kita tgk la economy siapa yg terjejas…🤭 makin bertambah la WADIDAW!!!,2026-10-07T01:14:03.000Z,,,0,
https://www.threads.com/@putihimantaqwa/post/DeLFt-Fks8R,,Threads,zieyyusuff,"Bukan tiada yang bagus...malaysia nie terutama muslim nak beli product pentingkan halal...so bila jenama kafh masuk, of course mereka akan cuba....so , jika tiada barang kamu juga dimalaysia tidak memberi kesan sbb barang kamu itu cuma brang pengganti dan bukan barang asas yg penting",2026-10-07T01:14:54.000Z,,,1,
https://www.threads.com/@putihimantaqwa/post/DeLFt-Fks8R,,Threads,aylaarissa12,Salah.. aku xpernah beli lg produk sana,2026-10-07T01:20:28.000Z,,,0,
https://www.threads.com/@putihimantaqwa/post/DeLFt-Fks8R,,Threads,mukmin_marwan,boikot santan kara 😭,2026-10-07T01:21:27.000Z,,,0,
https://www.threads.com/@putihimantaqwa/post/DeLFt-Fks8R,,Threads,muhdiezal,"thats why kahf hire artist and influencer to promote their products in Malaysia, its that simple tho, tapi ga nyampe di otak indo😭",2026-10-07T01:23:03.000Z,,,0,
https://www.threads.com/@putihimantaqwa/post/DeLFt-Fks8R,,Threads,fks_sf,Cuba check apa pula indog pakai barang malaysia? Banyak barua,2026-10-07T01:23:05.000Z,,,0,
https://www.threads.com/@putihimantaqwa/post/DeLFt-Fks8R,,Threads,chocorice111,the lack of critical thinking is actually insane haih,2026-10-07T01:30:10.000Z,,,0,
https://www.threads.com/@putihimantaqwa/post/DeLFt-Fks8R,,Threads,fairus_sari,"This is Malaysia, Starbuck pun merayu2 bila kena boikot, kenapa Kafh minta maaf pula?
wkwkwkwkw
🤭🤭🤭🤭",2026-10-07T01:36:43.000Z,,,1,
https://www.threads.com/@putihimantaqwa/post/DeLFt-Fks8R,,Threads,anas.suhaimi,"Apa aja produk Indonesia yang bagus?
Semua produk kau di negara ni yang consume adalah warga kau sendiri.

Kicap ABC bukan kicap favorite kami. Kami lebih suka kicap Jalen atau Habhal. ABC juga tidak ada tanda halal.

Indomie? Favourite kami Meggi.

Teh Botol? Teh Botol Sosro itu hanya Jasmine tea dan ada banyak sekali teh jasmin di Malaysia buatan tempatan sejak sekian lama.

Richeese? Kami ada Super RIng.

Kopiko? Kali terakhir aku makan kopiko 20 tahun lalu. Doesn't miss it at all.",2026-10-07T01:48:08.000Z,,,1,
https://www.threads.com/@putihimantaqwa/post/DeLFt-Fks8R,,Threads,iqahazrose87,TAK MATI PUN BOIKOT PRODUK KORANG....IMAN TAQWA???WAKAKAKKAA....TUKAR NAMA LA BAI! JADI HITAM SETAN MURTAD,2026-10-07T01:48:23.000Z,,,1,
https://www.threads.com/@putihimantaqwa/post/DeLFt-Fks8R,,Threads,gzjnd_,Sebab murahhhhh je nokk,2026-10-07T02:07:14.000Z,,,0,
https://www.threads.com/@putihimantaqwa/post/DeLFt-Fks8R,,Threads,ifa.shr,كامو بودوح يا؟ 🤣,2026-10-07T02:46:32.000Z,,,0,
https://www.threads.com/@putihimantaqwa/post/DeLFt-Fks8R,,Threads,an3925,"Woi, ko dah survey ke berapa ramai je m'sian guna produk negara ko? Produk msian sendiri pun terlalu byk pilihan yg jauh lebih berkualiti, tak perlu pun produk dari negara ko.. produk makanan ko byk bahan perasa tiruan ..",2026-10-07T02:46:51.000Z,,,0,
https://www.threads.com/@putihimantaqwa/post/DeLFt-Fks8R,,Threads,dyn.fha,sbb nak tolong ekonomi kau ka bahlul 🤣tpi tak laku kat malaysia atau pun negara lain sbb tu la ekonomi tak naik passport pun lemah rupiah pun lemahh,2026-10-07T03:07:17.000Z,,,0,
https://www.threads.com/@putihimantaqwa/post/DeLFt-Fks8R,,Threads,putihimantaqwa,"Malaysia kalau boikot produk Indonesia nanti krisis barang, produknya gak ada yang bagus 🤭, kalau bagus kenapa mereka selama ini pakai produk kita? 😌👍🏻",2026-10-07T00:38:08.000Z,,,21,
https://www.threads.com/@zulfadhlizin/post/DeLJPBLkr0Y,,Threads,zulfadhlizin,"As a marketing person, this is the part that hurts to watch.

You can spend years building brand awareness, positioning, goodwill and trust. Then one post can undo so much of it.

The lesson is simple. Every public communication is part of the brand. One careless message can cost more than months of marketing budget. Or maybe years! & millions ringgit.

And sadly, the people who have to rebuild that trust are often the same employees who spent years building it in the first place🥹",2026-10-07T01:29:15.000Z,,,60,
https://www.threads.com/@zulfadhlizin/post/DeLJPBLkr0Y,,Threads,hazeed.33,Boleh da naikkn local product pula,2026-10-07T01:14:26.000Z,,,0,
https://www.threads.com/@zulfadhlizin/post/DeLJPBLkr0Y,,Threads,amuzam3,"Time ni tunjuk pentingnya brand guidelines. Even before the post, nampak admin belah sana macam ada guidelines berbeza dengan admin MY.",2026-10-07T01:15:25.000Z,,,1,
https://www.threads.com/@zulfadhlizin/post/DeLJPBLkr0Y,,Threads,fakhrul_razi84,First time aku tengok tik tok dia tak buat live,2026-10-07T01:15:27.000Z,,,0,
https://www.threads.com/@zulfadhlizin/post/DeLJPBLkr0Y,,Threads,sophea_8922,Korang support brand badlab ni. Ni brand kita. KA pun follow badlab.,2026-10-07T01:16:58.000Z,,,41,
https://www.threads.com/@zulfadhlizin/post/DeLJPBLkr0Y,,Threads,lololul53,Pernah smbg dgn vendor diorg?,2026-10-07T01:31:41.000Z,,,1,
https://www.threads.com/@zulfadhlizin/post/DeLJPBLkr0Y,,Threads,khairykasim,,2026-10-07T01:34:20.000Z,,,0,
https://www.threads.com/@zulfadhlizin/post/DeLJPBLkr0Y,,Threads,nur_tulips,Arghhh takde nak kesiann kesiannn . Damage is done,2026-10-07T01:37:04.000Z,,,20,
https://www.threads.com/@zulfadhlizin/post/DeLJPBLkr0Y,,Threads,tulangkata,"Ye do 🥲

Tapi dalam sebuah team marketing atau PR multinational, selalu je team Malaysia tersisih dari SG & Indo. SG sebab diva & currency, and Indo sebab racist / overnationalism.

Cer tanya geng marketing ke BD ke. Dunia musik apatah lagi. Dalam bab keje, ASEAN belum betul2 harmoni",2026-10-07T01:39:01.000Z,,,63,
https://www.threads.com/@zulfadhlizin/post/DeLJPBLkr0Y,,Threads,kamalfaiza,"Sy pun orang matketing. sy faham sgt ape tuan katakan. tp…… Malaysia is sub, so all the brand guideline smua pun HQ yg buat and decide.

If HQ really care about guideline, and respect team lain, dorg xkan buat bnda mcm ni.

HQ yg musnahkan guideline sndiri and somehow it show betapa x professionalnya dorg and x respect team Malaysia.",2026-10-07T01:43:10.000Z,,,60,
https://www.threads.com/@zulfadhlizin/post/DeLJPBLkr0Y,,Threads,ayu.bloomy12345,"Nasi dah jadi bubur, staff dah boleh ready cari kerja lain",2026-10-07T01:44:33.000Z,,,1,
https://www.threads.com/@zulfadhlizin/post/DeLJPBLkr0Y,,Threads,ranield_shika,"Kepada ParagonCorp Malaysia yang hasilkan product @kahfeveryday @kahfeveryday.my @wardahbeauty_my dan syarikat² lain, jadikan ini sebagai pengajaran yang besar.",2026-10-07T01:44:54.000Z,,,10,
https://www.threads.com/@zulfadhlizin/post/DeLJPBLkr0Y,,Threads,syasyahiera,#JALANYANGKUPILIH titik,2026-10-07T01:45:02.000Z,,,3,
https://www.threads.com/@zulfadhlizin/post/DeLJPBLkr0Y,,Threads,cahayasakinah___,,2026-10-07T01:45:04.000Z,,,0,
https://www.threads.com/@zulfadhlizin/post/DeLJPBLkr0Y,,Threads,vwxyzenia,Saya pun fikir ni juga :(,2026-10-07T01:49:35.000Z,,,0,
https://www.threads.com/@zulfadhlizin/post/DeLJPBLkr0Y,,Threads,tunmohameds,Ni ka?,2026-10-07T02:02:37.000Z,,,0,
https://www.threads.com/@zulfadhlizin/post/DeLJPBLkr0Y,,Threads,jay_juhari,Their post justify their actual IQ,2026-10-07T02:04:22.000Z,,,3,
https://www.threads.com/@zulfadhlizin/post/DeLJPBLkr0Y,,Threads,ahmadfitriahmd,"orang yg ada teamwork and tau ni tempat sama2 cari makan akan rasa bertanggungjawab
orang yg ingat company reputation bukan tanggungjawab dia so pergi mampus akan lahirkan posting mcm tu",2026-10-07T02:05:12.000Z,,,1,
https://www.threads.com/@zulfadhlizin/post/DeLJPBLkr0Y,,Threads,kunmohd.salleh,"Mungkin yg buat posting tu admin dia tu,tak mungkin pemilik nk buat posting mcm tu",2026-10-07T02:05:26.000Z,,,1,
https://www.threads.com/@zulfadhlizin/post/DeLJPBLkr0Y,,Threads,sirprasayadi,True. It hurts to watch marketing fellows to experience this,2026-10-07T02:07:44.000Z,,,1,
https://www.threads.com/@zulfadhlizin/post/DeLJPBLkr0Y,,Threads,manissikemboja7,"Merukun hampir sedekad akibat hanya mengikut emosi sebuah empayar gah menjadi puing-puing..

God speed",2026-10-07T02:09:19.000Z,,,1,
https://www.threads.com/@zulfadhlizin/post/DeLJPBLkr0Y,,Threads,beautyblessforyou,"Ada kisah 🙄 pandai buat, pandai tanggung. Dah besar kan, bukan budak kecil lagi nak kena suap supaya faham perkara simple. Tapi ada jugak yang pilih untuk bertindak tidak matang. Yeah whatever.",2026-10-07T02:11:40.000Z,,,0,
https://www.threads.com/@zulfadhlizin/post/DeLJPBLkr0Y,,Threads,whatshukriesaid,"Chill lah, bisnes dorang belum lingkup pun lagi",2026-10-07T02:11:48.000Z,,,0,
https://www.threads.com/@zulfadhlizin/post/DeLJPBLkr0Y,,Threads,huntrix1086,They don't actually care about other countries. They thot they're untouchable for them to post that statement. Kesian pada staff Malaysia but never to the company.,2026-10-07T02:17:12.000Z,,,7,
https://www.threads.com/@zulfadhlizin/post/DeLJPBLkr0Y,,Threads,azrul_rumahsendiricom,Diorang kena masuk kelas @dnftrst belajar lebih sikit,2026-10-07T02:21:51.000Z,,,1,
https://www.threads.com/@zulfadhlizin/post/DeLJPBLkr0Y,,Threads,molkhan,BETUL! Dan hire Alif Satar as brand ambassador tak murah ye. End up kene boikot sebab 1 thread bodoh je. Memang bodoh la admin thread dia tu.,2026-10-07T02:23:05.000Z,,,16,
https://www.threads.com/@zulfadhlizin/post/DeLJPBLkr0Y,,Threads,m_f4zry,"Satu post boleh jatuhkan kerja bertahun sebab kedekatan tu sendiri strategi dorang. Brand asing buat silap, orang cakap biasa je company. Tapi bila brand tu dah lama jadi macam kawan sendiri, sekali tergelincir, orang tak layan dia sebagai company. Kawan yang berpaling tadah. Sebab tu komen semua peribadi, sikit sangat pasal produk. Paling sedih, team kat ofis tu tak buat salah apa-apa. Nama je sama. Bila brand dah jadi identiti orang, jatuh dia satu malam, naik semula kira bulan 😌",2026-10-07T02:24:40.000Z,,,1,
https://www.threads.com/@zulfadhlizin/post/DeLJPBLkr0Y,,Threads,ahnaz8712,Rest in peace jela. 🤭,2026-10-07T02:26:22.000Z,,,0,
https://www.threads.com/@zulfadhlizin/post/DeLJPBLkr0Y,,Threads,ariffah97,"Beli la the raw, kulit muka makin cerah tak kusam 🌚. Botol pun senang nak bawa travel ada safety lock",2026-10-07T02:27:14.000Z,,,4,
https://www.threads.com/@zulfadhlizin/post/DeLJPBLkr0Y,,Threads,fatimashahrul,Selama ni ingat kahf tu malaysian sbb nampak malaysian side all out siap ada ambassador. Hanya dengan satu posting je habis semua,2026-10-07T02:27:47.000Z,,,3,
https://www.threads.com/@zulfadhlizin/post/DeLJPBLkr0Y,,Threads,kevinadht,"Bounce Back Kahf Malaysia!

Buat admin Kahf Indonesia, better upload banter dkt private acc je.",2026-10-07T02:31:11.000Z,,,1,
https://www.threads.com/@zulfadhlizin/post/DeLJPBLkr0Y,,Threads,aizat.hkm,"Tulah, one wrong move can undo years of hard work.",2026-10-07T02:38:40.000Z,,,1,
https://www.threads.com/@zulfadhlizin/post/DeLJPBLkr0Y,,Threads,northstarboy.sw,Apabila terlalu selesa sehingga lupa akar Dan jalan yang di pilih..,2026-10-07T02:39:43.000Z,,,0,
https://www.threads.com/@zulfadhlizin/post/DeLJPBLkr0Y,,Threads,the_jang92,Sadis team branding dia campur aduk hal personal dengan hal corporate😂,2026-10-07T02:40:58.000Z,,,2,
https://www.threads.com/@zulfadhlizin/post/DeLJPBLkr0Y,,Threads,dianaasyura,mmg malapaetaka depa ni. hancurkan branding sendiri,2026-10-07T02:41:21.000Z,,,0,
https://www.threads.com/@zulfadhlizin/post/DeLJPBLkr0Y,,Threads,aero__prosport,Mati2 saya ingat Kahf tu mcm produk sulung artis sorang tu dgn collab investor ke. Rupanya produk seberang juga.,2026-10-07T02:41:23.000Z,,,0,
https://www.threads.com/@zulfadhlizin/post/DeLJPBLkr0Y,,Threads,echoslam9,Tu memang dah kerja dia dan dibayar gaji. Kebanyakan orang yg support dan beli produk kahf sebelum ini pun tak tahu brand ni asal indo. Naik pun sbb alif satar.,2026-10-07T02:42:13.000Z,,,1,
https://www.threads.com/@zulfadhlizin/post/DeLJPBLkr0Y,,Threads,afiqjuga,"Thread acc brand untuk Malaysia pun lebih seminggu tak update

Bior la dia merasa apa Berjaya rasa",2026-10-07T02:47:19.000Z,,,0,
https://www.threads.com/@zulfadhlizin/post/DeLJPBLkr0Y,,Threads,__sdbsa,"Boleh boikot product dia yg lain , depa meniaga pun harapkan duit kita dan dlm masa yg sama pun depa maki ejek kita , makin kita beli makin untung depa makin besar kepala .",2026-10-07T02:47:38.000Z,,,3,
https://www.threads.com/@zulfadhlizin/post/DeLJPBLkr0Y,,Threads,rumah_heaven_selangor,huhu.. sakit kepala,2026-10-07T03:01:01.000Z,,,0,
https://www.threads.com/@zulfadhlizin/post/DeLJPBLkr0Y,,Threads,adamscofield,Kerana threads brand binasa,2026-10-07T03:01:44.000Z,,,0,
https://www.threads.com/@zulfadhlizin/post/DeLJPBLkr0Y,,Threads,dekmal_obeng,Acc business borak bola. Mmg mendapat la.,2026-10-07T03:10:34.000Z,,,0,
https://www.threads.com/@zulfadhlizin/post/DeLJPBLkr0Y,,Threads,odysynxx,dah tawar hati.... nak buat camne. Kene bagi pengajaran,2026-10-07T03:12:53.000Z,,,0,
https://www.threads.com/@zulfadhlizin/post/DeLJPBLkr0Y,,Threads,zu.ryyy,bahkan impactnya ke branding satu group paragon bukan ke kahf aja ....,2026-10-07T03:13:11.000Z,,,0,
https://www.threads.com/@zulfadhlizin/post/DeLJPBLkr0Y,,Threads,zulfadhlizin,"Aku sebenarnya lebih kesian pada team marketing Kahf di Malaysia. Malaysian yang bekerja di pejabat Malaysia, termasuk juga live host yang setiap hari berdepan dengan potential customer.

Bertahun-tahun diorang bina brand positioning. Push awareness, sponsor event, collab & sponsor atlet, bina trust & cuba letakkan Kahf sebagai jenama yang dekat dengan pasaran Malaysia.

Brand equity bukan dibina dalam sehari. Ia perlukan masa, tenaga, bajet dan konsistensi.

Sebab satu post? Puff.",2026-10-07T01:08:51.000Z,,,366,
https://www.threads.com/@zuhairusri/post/DeLIRN7Ez8Z,,Threads,polar_icebear22,Yg ni ramai masih xtau ini adalah jenama 💯 Malaysia.,2026-10-07T01:05:59.000Z,,,26,
https://www.threads.com/@zuhairusri/post/DeLIRN7Ez8Z,,Threads,robustprocess27,Sama la.. ingat brand lokal. Dah Tau brand indon maleh aque.. che share brand2 lokal yg kita boleh try,2026-10-07T01:06:47.000Z,,,0,
https://www.threads.com/@zuhairusri/post/DeLIRN7Ez8Z,,Threads,haziqibrhm,untuk deodorant saya suggest brand @hygr.my . Local brand. bau tahan lama dari pagi sampai malam. packaging environmental friendly sebab diperbuat daripada biodegradable material,2026-10-07T01:08:54.000Z,,,3,
https://www.threads.com/@zuhairusri/post/DeLIRN7Ez8Z,,Threads,abamnazrool,"Bad lab bang, 💯 malaysia ☺️",2026-10-07T01:17:36.000Z,,,1,
https://www.threads.com/@zuhairusri/post/DeLIRN7Ez8Z,,Threads,darissqq_1,Ini sayng aku rakyat indonesia membantu mu,2026-10-07T01:19:18.000Z,,,4,
https://www.threads.com/@zuhairusri/post/DeLIRN7Ez8Z,,Threads,fauznrcmn,kok tersinggung 🗿 bang. padahal ngak nyindir tapi tersinggung SERIUS AMAT HIDUP.,2026-10-07T01:21:40.000Z,,,0,
https://www.threads.com/@zuhairusri/post/DeLIRN7Ez8Z,,Threads,nyamuk.18,mereka ga berani njir boikot musik & film Indonesia 🤣,2026-10-07T01:26:55.000Z,,,0,
https://www.threads.com/@zuhairusri/post/DeLIRN7Ez8Z,,Threads,ahmdzkahmdzk,"Maafkan kami, saudara² malaysia. Jujur saya sendiri sebagai warga indonesia merasa malu dengan konten tersebut. Kalian yang membantu kami selama ada kabut asap, dan bahkan berdampak kepada kalian. @kahfeveryday jangan kebangetan lah.",2026-10-07T01:29:47.000Z,,,1,
https://www.threads.com/@zuhairusri/post/DeLIRN7Ez8Z,,Threads,chissaaa,"Jangan lupa boikot budaya indonesia juga, jangan kau klaim",2026-10-07T01:37:09.000Z,,,0,
https://www.threads.com/@zuhairusri/post/DeLIRN7Ez8Z,,Threads,rainotyourbae,"Karena kalah main bola, negara imut ini baper dan boikot boikot. Kayak anak anak cuih",2026-10-07T01:42:44.000Z,,,0,
https://www.threads.com/@zuhairusri/post/DeLIRN7Ez8Z,,Threads,jrbosdarwis,"Hanya ramai di internet boikot tp kenyataan di lapangan orang Malaysia datang ke Indonesia aman aman aja bahkan mereka nyaman dan sebaliknya juga orang Indonesia ke Malaysia aman nyaman aja.Udahlah posting hal hal tak bermanfaat seperti ini dan tidak usahlah terprovokasi oleh sebagian orang Indonesia-Malaysia yang kerjaannya hanya ingin buat gaduh di antara kita,mereka itu senang melihat kita,terpancing,bertengkar dan saling bermusuhan maka hal seperti ini kita lawan dengan postingan positif",2026-10-07T01:45:08.000Z,,,0,
https://www.threads.com/@zuhairusri/post/DeLIRN7Ez8Z,,Threads,muhd_zainish_,"*BADLAB 100% buatan Malaysia bos.* 🇲🇾

Full name dia *BADLAB = Brave And Daring Laboratory*

- Company asal *Kuala Lumpur, Malaysia* - ditubuhkan tahun 2013 / launch worldwide 2014
- Kilang & formula memang *Made in Malaysia*
- Produk untuk lelaki punya - shampoo 3-in-1 Caveman Cleaner, pomade, body wash, semua tu
- Company yang buat tu agency Merdeka LHS punya brand, founder Tony Savarimuthu.

Bukan China, bukan Korea - memang lokal Malaysia.

Sekarang dia dah jual dekat Watsons, Guardian, 7E,",2026-10-07T01:45:25.000Z,,,0,
https://www.threads.com/@zuhairusri/post/DeLIRN7Ez8Z,,Threads,muhd_zainish_,BADLAB lagi bagus dh pakai 5tahun love made in malaysia,2026-10-07T01:45:44.000Z,,,0,
https://www.threads.com/@zuhairusri/post/DeLIRN7Ez8Z,,Threads,sufrie,Hampir nak guna brand Kahf ni recently guna bad lab lagi murah,2026-10-07T01:52:32.000Z,,,0,
https://www.threads.com/@zuhairusri/post/DeLIRN7Ez8Z,,Threads,zuhairusri,"Pakai Kahf ni pun sebab nak boikot produk Israel dulu. Sorry @kahfeveryday , tak nak support korang lagi dah. Guys, tolong listkan produk lokal, saya nak support.",2026-10-07T01:00:25.000Z,,,105,
https://www.threads.com/@hanathesith/post/DeLHxVRErDE,,Threads,aspencatkins,"Belum, saya salahkan dma islam dan ben gvir for every misfortune I'll be having today.",2026-10-07T01:08:54.000Z,,,0,
https://www.threads.com/@hanathesith/post/DeLHxVRErDE,,Threads,rifsvibe,Dua2 dah. Settle,2026-10-07T01:12:15.000Z,,,0,
https://www.threads.com/@hanathesith/post/DeLHxVRErDE,,Threads,xbsjdhdkslaj,Belum lg. Sy belum makan harini. Kalau sy makan banyak harini salah PMX dan Fadhlina.,2026-10-07T01:14:06.000Z,,,4,
https://www.threads.com/@hanathesith/post/DeLHxVRErDE,,Threads,noirclub_22,Salahkan semua politician dan kapitalist,2026-10-07T01:15:49.000Z,,,0,
https://www.threads.com/@hanathesith/post/DeLHxVRErDE,,Threads,kimfookl,"Hari ini berak keras, susah nak keluar....ni mesti salah DAP",2026-10-07T01:16:29.000Z,,,3,
https://www.threads.com/@hanathesith/post/DeLHxVRErDE,,Threads,arsyadenall,Otw,2026-10-07T01:19:30.000Z,,,0,
https://www.threads.com/@hanathesith/post/DeLHxVRErDE,,Threads,ismaelrahim,Jap nak pikir😂,2026-10-07T01:21:04.000Z,,,0,
https://www.threads.com/@hanathesith/post/DeLHxVRErDE,,Threads,muhammadfahmighazalah,Harini saya nak salahkan @kahfeveryday.my,2026-10-07T01:29:14.000Z,,,1,
https://www.threads.com/@hanathesith/post/DeLHxVRErDE,,Threads,normahibrahim103,Hahahaha ini kelakar..,2026-10-07T01:31:12.000Z,,,0,
https://www.threads.com/@hanathesith/post/DeLHxVRErDE,,Threads,sinirnama,Tak memasal aku yang terasa🤣,2026-10-07T01:35:30.000Z,,,0,
https://www.threads.com/@hanathesith/post/DeLHxVRErDE,,Threads,aisyahamzah__,I tak dapat parking pergi kerja harini. Semua salah Anthony Loke & Anwar Ibrahim👍🏻,2026-10-07T01:38:43.000Z,,,0,
https://www.threads.com/@hanathesith/post/DeLHxVRErDE,,Threads,nazsham60,"Kalau tidak, hidup tak sempurna",2026-10-07T01:42:24.000Z,,,0,
https://www.threads.com/@hanathesith/post/DeLHxVRErDE,,Threads,kubikrilly,"Ha ha, funny one 😹",2026-10-07T02:04:26.000Z,,,0,
https://www.threads.com/@hanathesith/post/DeLHxVRErDE,,Threads,shukapak,Cakaplah nak cakap apa Pon rakyat pengundi tetap akan tolak PH DAP... insyaallah rakyat bersama gelombang biru 😅😂😭🤣,2026-10-07T02:18:53.000Z,,,2,
https://www.threads.com/@hanathesith/post/DeLHxVRErDE,,Threads,yusriwide,Tgu nk dkt² pru akan keluar perkataan DAP byk gile pastu MELAYU ditindas... demi meraih undi melayu yg tak berakal tu.... Heheheh,2026-10-07T03:07:11.000Z,,,0,
https://www.threads.com/@hanathesith/post/DeLHxVRErDE,,Threads,cikoparap,"Isteri saya mengandung, DAP punya pasal ni",2026-10-07T03:07:58.000Z,,,0,
https://www.threads.com/@hanathesith/post/DeLHxVRErDE,,Threads,zaki8.21,🤮,2026-10-07T03:13:04.000Z,,,0,
https://www.threads.com/@hanathesith/post/DeLHxVRErDE,,Threads,hanathesith,Good morning dah salahkan Anwar and DAP belum today?,2026-10-07T00:56:04.000Z,,,112,
https://www.threads.com/@ts.yat/post/DeLABSrk6aX,,Threads,muqrizafran,"Perh yat, aku belakang kau do",2026-10-07T00:12:49.000Z,,,1,
https://www.threads.com/@ts.yat/post/DeLABSrk6aX,,Threads,syafiqq______,"yat membara🔥

Maka Kami!!🇲🇾🇲🇾",2026-10-07T00:26:17.000Z,,,2,
https://www.threads.com/@ts.yat/post/DeLABSrk6aX,,Threads,mohdfaizal.razi,idup yb ayatt🔥🔥,2026-10-07T00:29:05.000Z,,,1,
https://www.threads.com/@ts.yat/post/DeLABSrk6aX,,Threads,timwik01,Fuuuu deepppppp,2026-10-07T00:29:27.000Z,,,2,
https://www.threads.com/@ts.yat/post/DeLABSrk6aX,,Threads,syaffiqussin,Gemuruh jiwa semangat membara 🔥,2026-10-07T00:34:47.000Z,,,1,
https://www.threads.com/@ts.yat/post/DeLABSrk6aX,,Threads,ts.yat,"Sorry do haziq, aku respect opinion and your perspective. Tapi macam tu je dia ikat jati diri dan patriotisme kau. Takyah lah pegi sukan sea haziq. Letak je bendera kau sesuka hati.",2026-10-06T23:48:20.000Z,,,299,
https://www.threads.com/@tata.sensory/post/DeLImqlidOe,,Threads,xubeyr,Hello selamat datang 🙋🏽‍♂️,2026-10-07T01:06:11.000Z,,,1,
https://www.threads.com/@tata.sensory/post/DeLImqlidOe,,Threads,hamman.ghazali,tak sempat nak try Tata Sensory masa ffm…,2026-10-07T01:11:15.000Z,,,2,
https://www.threads.com/@tata.sensory/post/DeLImqlidOe,,Threads,thepejals_,Wangi kena tertinggal belakang 😅,2026-10-07T01:24:34.000Z,,,1,
https://www.threads.com/@tata.sensory/post/DeLImqlidOe,,Threads,muslihehehe,Welcome! Semoga lagi ramai kenal Tatasensory,2026-10-07T01:29:44.000Z,,,1,
https://www.threads.com/@tata.sensory/post/DeLImqlidOe,,Threads,anaksapa,Depa ajak boikot KAHF,2026-10-07T01:38:38.000Z,,,0,
https://www.threads.com/@tata.sensory/post/DeLImqlidOe,,Threads,keklapith,Tata taknak join Fragmania ke? ke nnti join fragrance of asia?,2026-10-07T01:41:13.000Z,,,0,
https://www.threads.com/@tata.sensory/post/DeLImqlidOe,,Threads,kerican16,Nope. Just nice. 🥳🥳🥳🥳,2026-10-07T02:33:31.000Z,,,0,
https://www.threads.com/@tata.sensory/post/DeLImqlidOe,,Threads,kerican16,Rumah Kayu sedapppppp sangat.🥰🥰🥰🥰🥰,2026-10-07T02:34:14.000Z,,,2,
https://www.threads.com/@tata.sensory/post/DeLImqlidOe,,Threads,zarahere.21,Welcomeee to threads !!!!,2026-10-07T03:05:47.000Z,,,0,
https://www.threads.com/@tata.sensory/post/DeLImqlidOe,,Threads,tata.sensory,"Salam perfumery, kita ni baru masuk thread ada apa apa yang tertinggal ke?",2026-10-07T01:03:21.000Z,,,26,
https://www.threads.com/@ajezahmad/post/DeLCtQeH9d8,,Threads,xubeyr,👀,2026-10-07T00:22:21.000Z,,,0,
https://www.threads.com/@ajezahmad/post/DeLCtQeH9d8,,Threads,ladyaintwo,Aku ingat kahf tu brand dari alif satar,2026-10-07T01:04:24.000Z,,,0,
https://www.threads.com/@ajezahmad/post/DeLCtQeH9d8,,Threads,mattzul,Jalan yang azej pilih,2026-10-07T01:12:46.000Z,,,0,
https://www.threads.com/@ajezahmad/post/DeLCtQeH9d8,,Threads,easilyunfiltered,in ajez we trust!,2026-10-07T01:30:00.000Z,,,0,
https://www.threads.com/@ajezahmad/post/DeLCtQeH9d8,,Threads,syafiqshukrie,#Ajeztakrekemen,2026-10-07T02:58:43.000Z,,,0,
https://www.threads.com/@ajezahmad/post/DeLCtQeH9d8,,Threads,ajezahmad,"aku dah lama tak support Kahf sebab bau edt/edp dia tak long-lasting. aku beli ya sebelum ni, bukan guna yang free. harga face wash pun mahal daripada biasa.

😭🙅‍♂️",2026-10-07T00:11:49.000Z,,,13,
https://www.threads.com/@faris_paghis/post/DeLAAY4gTZJ,,Threads,farisbroski,Mantapp… boycottt !!,2026-10-07T00:05:01.000Z,,,0,
https://www.threads.com/@faris_paghis/post/DeLAAY4gTZJ,,Threads,qudapanhaes,apa ni bang!! kasi hantamm kaw kaw !!,2026-10-07T00:43:54.000Z,,,0,
https://www.threads.com/@faris_paghis/post/DeLAAY4gTZJ,,Threads,poksu_bundle,Sudah bro,2026-10-07T00:57:34.000Z,,,1,
https://www.threads.com/@faris_paghis/post/DeLAAY4gTZJ,,Threads,redhoxd,,2026-10-07T00:57:44.000Z,,,1,
https://www.threads.com/@faris_paghis/post/DeLAAY4gTZJ,,Threads,silentmajority345,,2026-10-07T01:36:23.000Z,,,0,
https://www.threads.com/@faris_paghis/post/DeLAAY4gTZJ,,Threads,sophea_8922,Korang support brand badlab ni. Ni brand kita. KA pun follow badlab.,2026-10-07T01:39:25.000Z,,,0,
https://www.threads.com/@faris_paghis/post/DeLAAY4gTZJ,,Threads,ree_shinigami,"Kalo habis memang harus di buang, kerja bagus",2026-10-07T02:16:28.000Z,,,1,
https://www.threads.com/@faris_paghis/post/DeLAAY4gTZJ,,Threads,bambang_hermanto1,Ga ngerti sama bahasa monyet 🐒...bingung aku😛,2026-10-07T02:24:21.000Z,,,0,
https://www.threads.com/@faris_paghis/post/DeLAAY4gTZJ,,Threads,fajarbars,nggak rugi wkwkwk banyak negara lain yang mau pakai,2026-10-07T02:26:55.000Z,,,2,
https://www.threads.com/@faris_paghis/post/DeLAAY4gTZJ,,Threads,echo_startzy_,,2026-10-07T02:41:42.000Z,,,0,
https://www.threads.com/@faris_paghis/post/DeLAAY4gTZJ,,Threads,amieyra_safiya,"BOIKOT SETIAP YANG BERKENAAN DENGAN INDONESIA!!

MEREKA MAKIN MELAMPAU!!",2026-10-07T02:46:49.000Z,,,0,
https://www.threads.com/@faris_paghis/post/DeLAAY4gTZJ,,Threads,dumalgtobing,Pakai saja produk anda namanya badlab kan. Ingat bad = buruk 😅,2026-10-07T02:55:19.000Z,,,0,
https://www.threads.com/@faris_paghis/post/DeLAAY4gTZJ,,Threads,jlo99987,Haha... Setipis itu setipis tissue.,2026-10-07T02:56:43.000Z,,,0,
https://www.threads.com/@faris_paghis/post/DeLAAY4gTZJ,,Threads,evolwithlovi,"Hahaha tak de impact, size penduduk Malaysia kecik je hanya 35juta. Sementara produk Indonesia disokong 280jt customer Indonesia.

Di Indonesia Tak de produk Malaysia yg dikenal oleh masyarakat Indonesia. Masyarakat Indonesia hanya mengenal Siti Nurhaliza je.

Malaysia hanya punya BELACAN JE.

Pendapatan paragon di Indonesia usd $7,4 milyar Nilai ekspor paragon ke malaysia usd $1 juta

hahaha geli-gelo diboikot market sekutil",2026-10-07T03:07:13.000Z,,,0,
https://www.threads.com/@faris_paghis/post/DeLAAY4gTZJ,,Threads,de_jade88,,2026-10-07T03:10:17.000Z,,,0,
https://www.threads.com/@faris_paghis/post/DeLAAY4gTZJ,,Threads,malaydesial,,2026-10-07T03:11:03.000Z,,,0,
https://www.threads.com/@faris_paghis/post/DeLAAY4gTZJ,,Threads,ahmdefv,"Haha dia buang ke tong sampah karena dah habis dia pakai,lawak juga",2026-10-07T03:12:52.000Z,,,0,
https://www.threads.com/@faris_paghis/post/DeLAAY4gTZJ,,Threads,ahmdefv,"Cuman bola,kalian terlalu ke kanak kanakan dangkal bgt pemikiran nya,yg katanya iq tinggi, berapa sih iq kalian wkwk, bahkan sampai menghina anak kecil yg tak tau apa apa",2026-10-07T03:14:32.000Z,,,0,
https://www.threads.com/@faris_paghis/post/DeLAAY4gTZJ,,Threads,xty.njh,Ya kalau dah habis sepatutnya di buanglahh 😁,2026-10-07T03:15:16.000Z,,,0,
https://www.threads.com/@faris_paghis/post/DeLAAY4gTZJ,,Threads,fnnyh___,itu udah habis makanya berani buang🤣,2026-10-07T03:15:51.000Z,,,0,
https://www.threads.com/@faris_paghis/post/DeLAAY4gTZJ,,Threads,faris_paghis,Ahhh jibauk aku punya la support korang selama ni. Korang buat hal memang ke dalam tong sampah la jawabnya. Boikot ! No Kahf!,2026-10-06T23:48:13.000Z,,,38,
https://www.threads.com/@jarvistpnv/post/DeLI1V6H40w,,Threads,jarvistpnv,"boikot mah noh perusahaan yg bakar hutan, jerebunya masuk negara lo kan.. baru tuh masalah serius, ini? meme bola loh? ko bisa reaksinya sebegitunya 🤔",2026-10-07T01:54:07.000Z,,,0,
https://www.threads.com/@jarvistpnv/post/DeLI1V6H40w,,Threads,purfectstar,Nak jadi international brand mana boleh perangai kampung. Sekarang ketar ketir takut kena boikot 🤭,2026-10-07T01:25:11.000Z,,,22,
https://www.threads.com/@jarvistpnv/post/DeLI1V6H40w,,Threads,_huehueehuee,"ni bukan soal iq ni soal attitude. kami tk marah pun klau acc lain ckap sbb malaysia pun sma naik kan? masalahnya yg ckap ni brand ternama, brand yg bru berkembang di malaysia. cuba klau brand kami yg buat mcmtu, apa tak mencaci maki tu indo cakap macam2🤣",2026-10-07T01:26:12.000Z,,,18,
https://www.threads.com/@jarvistpnv/post/DeLI1V6H40w,,Threads,jhnsn.mrbn,"statement dari brand besar ama netizen npc kyk lu ga sama kocak, satu perbuatan salah dari brand kyk kahf ini bisa merugikan company sampe miliaran, kalo elu yg hujat mah nasi tempe lu tetep di hidangi sama emak lu",2026-10-07T01:33:36.000Z,,,0,
https://www.threads.com/@jarvistpnv/post/DeLI1V6H40w,,Threads,jarvistpnv,"meskipun ga perlu ada statement, but respect Kahf. aneh juga sih NEGARA MAJU IQ TINGGI kesenggol sama meme bola 🫢🤣",2026-10-07T01:05:21.000Z,,,31,
https://www.threads.com/@satria.putra.986/post/DeLJbFbk182,,Threads,nyamuk.18,semangat boikot nya Kaka wkwk,2026-10-07T01:26:24.000Z,,,0,
https://www.threads.com/@satria.putra.986/post/DeLJbFbk182,,Threads,norzeck_kinsella,Low class minded who wish to control the marketing strategy. Tak pelik pun gagal.,2026-10-07T01:39:20.000Z,,,1,
https://www.threads.com/@satria.putra.986/post/DeLJbFbk182,,Threads,sophea_8922,Korang support brand badlab ni. Ni brand kita. KA pun follow badlab.,2026-10-07T02:02:09.000Z,,,0,
https://www.threads.com/@satria.putra.986/post/DeLJbFbk182,,Threads,satria.putra.986,"Semoga @kahfeveryday ambil iktibar ya. Local brand macam kamu tak perlu provoke mana-mana pihak. The damage has been done, and you have to take responsibility for your actions.",2026-10-07T01:10:30.000Z,,,37,
https://www.threads.com/@cma369x/post/DeLIvivEqXz,,Threads,cma369x,,2026-10-07T01:09:09.000Z,,,0,
https://www.threads.com/@cma369x/post/DeLIvivEqXz,,Threads,syauqi_atar,"Betul, padahal brand dia memang dapat sambutan di Malaysia. Naya marketing team dia",2026-10-07T01:22:55.000Z,,,2,
https://www.threads.com/@cma369x/post/DeLIvivEqXz,,Threads,11_afdiy_,Lingkup takleh dh nk jual kat malaysia ni,2026-10-07T01:31:25.000Z,,,1,
https://www.threads.com/@cma369x/post/DeLIvivEqXz,,Threads,ranield_shika,"Yang kelakar, ada cakap takpe kena boikot sebab Indonesia penduduk ramai dalam 270 juta.

Tapi, kenapa company Paragon yang ada produk Kahf & Wardah try hard sangat nak masuk Malaysia market 😀",2026-10-07T01:38:24.000Z,,,1,
https://www.threads.com/@cma369x/post/DeLIvivEqXz,,Threads,cma369x,Sebab tu jadi bisnes owner jangan sibuk dgn politik/sentimen sangat. Cari nahas Kahf ni 🤣,2026-10-07T01:04:34.000Z,,,15,
https://www.threads.com/@rawapeningrunheritage/post/DeIsKPBkpM_,,Threads,just_stefanus,Bener ga EOnya...panas loh ini...🤭,2026-10-06T02:26:07.000Z,,,0,
https://www.threads.com/@rawapeningrunheritage/post/DeIsKPBkpM_,,Threads,archnagel,Kapann,2026-10-06T03:22:49.000Z,,,0,
https://www.threads.com/@rawapeningrunheritage/post/DeIsKPBkpM_,,Threads,quaressmananda,Tanggal berapa Rawa Pening,2026-10-06T03:33:52.000Z,,,1,
https://www.threads.com/@rawapeningrunheritage/post/DeIsKPBkpM_,,Threads,christ_desy,Menarik. Tp jgn pas Bormar ya kak,2026-10-06T05:47:16.000Z,,,1,
https://www.threads.com/@rawapeningrunheritage/post/DeIsKPBkpM_,,Threads,hestitp,"mauuu, banyak bgt event november 🥲",2026-10-06T07:21:39.000Z,,,0,
https://www.threads.com/@rawapeningrunheritage/post/DeIsKPBkpM_,,Threads,maullfk,"gaskeun min, barangkali mau collab bareng kahf kita siap join🙌",2026-10-07T01:23:58.000Z,,,0,
https://www.threads.com/@rawapeningrunheritage/post/DeIsKPBkpM_,,Threads,rawapeningrunheritage,"Siapa nihh yang baru mulai cari cari event lari lagi?
Pas banget !!!
Rawa Pening Run Heritage 2026 bisa jadi salah satu yang masuk wishlist mu 🫵🏻
Emang tanggal berapa sih min??????
Adalaahh pokoknya, stay tuned terus ya !!!",2026-10-06T02:16:19.000Z,,,22,
https://www.threads.com/@nash_mcgee/post/DeKXPQnEptf,,Threads,alisamaylisa_,Ini kan? Ouhh biarkan,2026-10-06T18:45:59.000Z,,,40,
https://www.threads.com/@nash_mcgee/post/DeKXPQnEptf,,Threads,ladyzanaofficial,💯 👍,2026-10-07T00:36:06.000Z,,,1,
https://www.threads.com/@nash_mcgee/post/DeKXPQnEptf,,Threads,hazimhamizat,,2026-10-07T00:40:25.000Z,,,2,
https://www.threads.com/@nash_mcgee/post/DeKXPQnEptf,,Threads,nazrin_junine,Boikot,2026-10-07T00:56:02.000Z,,,1,
https://www.threads.com/@nash_mcgee/post/DeKXPQnEptf,,Threads,alvinalaurent,Disgusting behaviour coming from @kahfeveryday ew we sure are on a diff level,2026-10-07T01:16:57.000Z,,,4,
https://www.threads.com/@nash_mcgee/post/DeKXPQnEptf,,Threads,nash_mcgee,"Im a huge supporter of y’all products but after i saw this petty shit post, sincerely from the bottom of my heart y’all can go fuck y’allselves.",2026-10-06T17:51:59.000Z,,,744,
https://www.threads.com/@hanisahhhhx/post/DeKV0SeGay3,,Threads,vinsgalerry,Haaa?,2026-10-06T22:09:51.000Z,,,3,
https://www.threads.com/@hanisahhhhx/post/DeKV0SeGay3,,Threads,erika.just.eri,"Busettt pede banget lo 🤣🤣 Kahf itu pasarnya luasss di Indonesia, produk lokal harga terjangkau. ga bakal ngaruh negara lo mau boikot 🤣🤣",2026-10-07T00:39:41.000Z,,,0,
https://www.threads.com/@hanisahhhhx/post/DeKV0SeGay3,,Threads,pchyd.id,Yakin? Penduduknya seitil pun lebih banyak penduduk Jawa Barat😭,2026-10-07T00:52:41.000Z,,,1,
https://www.threads.com/@hanisahhhhx/post/DeKV0SeGay3,,Threads,syfmnan95,Aku ni penguna tegar minyak wangi kahf ni. Tapi sebab bola dia sanggup rasict... Sorry kahf... Saya bukan lagi regular customer KAHF,2026-10-07T01:01:49.000Z,,,1,
https://www.threads.com/@hanisahhhhx/post/DeKV0SeGay3,,Threads,ilhamnurali17,Who tf are you?,2026-10-07T01:16:41.000Z,,,0,
https://www.threads.com/@hanisahhhhx/post/DeKV0SeGay3,,Threads,hanisahhhhx,Brand naik pon sebab malaysian yg ramai beli. Mengharapkan rakyat dia yg miskin tu laku ke brand dia ni,2026-10-06T17:39:34.000Z,,,264,
https://www.threads.com/@niz_hanz/post/DeLAooFEn0Q,,Threads,rezzipr_11,malayudeshhh negara kecilll miskinnn tukang klaim mane ade efek nak boikot 🤣🤣🤣,2026-10-07T00:05:51.000Z,,,1,
https://www.threads.com/@niz_hanz/post/DeLAooFEn0Q,,Threads,badger.6416132,"Ayuh netizen melayu yang kecik dan dan x ada duit boikot sampai kiamat 🤪🤪🤪, dikira penduduk melayu malaydesh itu paling ramai sedunia dan melayu malaydesh sepeting itu buat pemasaran produk2 indonesia 😛😛😛",2026-10-07T00:08:38.000Z,,,0,
https://www.threads.com/@niz_hanz/post/DeLAooFEn0Q,,Threads,yudifaisal99,Panas tambah panas,2026-10-07T00:32:37.000Z,,,0,
https://www.threads.com/@niz_hanz/post/DeLAooFEn0Q,,Threads,agungadinugro,Baikot balik produk malay guys!! Ehh tapi yg masuk ke Indonesia produknya apa ya ?? 🤔,2026-10-07T00:42:26.000Z,,,0,
https://www.threads.com/@niz_hanz/post/DeLAooFEn0Q,,Threads,plmwr_,diboikot sm negara 35juta jiwa? hiiii gelinyeee,2026-10-07T00:57:36.000Z,,,0,
https://www.threads.com/@niz_hanz/post/DeLAooFEn0Q,,Threads,niz_hanz,"Ayuh netizen sumer
Teruskan boikot sumer produk kahf!!",2026-10-06T23:53:43.000Z,,,30,
https://www.threads.com/@alamtalip88/post/DeK5EppExNF,,Threads,farisyanz,Thanks for info & jom ramai2 sharing info💪🏻💪🏻💪🏻,2026-10-06T23:17:37.000Z,,,1,
https://www.threads.com/@alamtalip88/post/DeK5EppExNF,,Threads,izzatinathir,Entah la wei.. Aku pun bru tau produk dia.. Laki aku pakai perfume dia melekat kaw2.. Basuh mesin pun tak hilang bau tu..,2026-10-07T00:54:56.000Z,,,1,
https://www.threads.com/@alamtalip88/post/DeK5EppExNF,,Threads,amnqmm,"bau taik , tak payah try",2026-10-07T01:02:16.000Z,,,1,
https://www.threads.com/@alamtalip88/post/DeK5EppExNF,,Threads,sophea_8922,Korang support brand badlab ni. Ni brand kita. KA pun follow badlab.,2026-10-07T01:02:33.000Z,,,1,
https://www.threads.com/@alamtalip88/post/DeK5EppExNF,,Threads,adi_baskra,rasakan sensasi juara bersama kahf🤣🤣🤣,2026-10-07T01:24:57.000Z,,,1,
https://www.threads.com/@alamtalip88/post/DeK5EppExNF,,Threads,alamtalip88,Aroma nya pun aku tak tau.. 😞 tak sempt la nak beli,2026-10-06T22:47:38.000Z,,,28,
https://www.threads.com/@t4ndraa/post/DeK8DElE6x_,,Threads,matt_hafis,puiii..laku ke tak laku kau gunalah semua khaf tu..igt kami hairan ...kau miskin,2026-10-06T23:22:24.000Z,,,0,
https://www.threads.com/@t4ndraa/post/DeK8DElE6x_,,Threads,is.skywlkr,Rakyat kamu tiada kuasa beli,2026-10-06T23:44:47.000Z,,,0,
https://www.threads.com/@t4ndraa/post/DeK8DElE6x_,,Threads,zulazrizain,Semoga prabowo kekal menjadi presiden indonesia buat selamanya,2026-10-06T23:45:14.000Z,,,0,
https://www.threads.com/@t4ndraa/post/DeK8DElE6x_,,Threads,izzahowzin,"Fakta di Malaysia..
Company sebesar Starbucks, KFC, McDonalds banyak terpaksa tutup cabang gara2 boikot di Malaysia.",2026-10-06T23:52:41.000Z,,,0,
https://www.threads.com/@t4ndraa/post/DeK8DElE6x_,,Threads,meauw09,"alaaa nk beli beras pn guna timbg,nk beli gas pun gas kecik😌telur pun beli sebiji ii.nikn pulk nk beli khaf😌😌😌",2026-10-07T00:26:35.000Z,,,0,
https://www.threads.com/@t4ndraa/post/DeK8DElE6x_,,Threads,t4ndraa,Hhahahha boikot RAKYAT KAU SIKIT BODOH RAKYAT KAMI 300 JUTA TANPA KAU KHAF TETAP LAKU DU NEGARA KAMI,2026-10-06T23:13:38.000Z,,,13,
https://www.threads.com/@sayf.arman/post/DeLLv_2CXPk,,Threads,sayf.arman,"From a PR perspective, customers see an official account speaking under your brand name. They’re unlikely to care which country team runs it or whether the admin meant it as harmless banter. If they feel disrespected, the explanation about who posted it won’t do much for them. And that’s the wider issue for brands operating across countries. A post can go down well with your home audience while creating problems in another market.",2026-10-07T01:30:50.000Z,,,0,
https://www.threads.com/@sayf.arman/post/DeLLv_2CXPk,,Threads,sayf.arman,"I appreciate that Kahf has apologized and taken responsibility. But honestly, I’m still wondering why a brand selling in Malaysia thought this was worth posting in the first place. You spend time and money getting people to know your products, trust your brand and choose you over competitors. Why put that relationship at risk for a joke about football? What exactly were you hoping to gain?",2026-10-07T01:30:50.000Z,,,0,
https://www.threads.com/@mr_madamin91sala/post/DeKdcjwkuLt,,Threads,mylittle_sodapop,Haha betul. Nanti dia tolong sampaikan kat bos,2026-10-06T18:47:36.000Z,,,29,
https://www.threads.com/@mr_madamin91sala/post/DeKdcjwkuLt,,Threads,liizaramlii,Eh jap mcm tertinggal knp weh apa dh jadi,2026-10-06T22:10:04.000Z,,,0,
https://www.threads.com/@mr_madamin91sala/post/DeKdcjwkuLt,,Threads,iesz_presley,Yg buat posting tu maybe kena tatatertib nti. Nmpk mcm small matter kn tp impaknya besr dkt biz. That's why big brand tk berani buat hal. Once kena boikot memg cpt ja lingkup. Tgk jelah mcD n starbucks dkt mlysia ni brp byk yg lingkup lps kena boikot,2026-10-06T23:48:02.000Z,,,0,
https://www.threads.com/@mr_madamin91sala/post/DeKdcjwkuLt,,Threads,mr.wild_bear,"selagi @kahfeveryday tak spill siapa dibalik layar,siapa orangnya,apa tindakan dorang,tak buat statement terbuka..kitorang anggap mereka setuju dengan tindakan staff dorang..Kita faham,ada segelintir rakyat indo tak suka dengan Malaysia,majoriti rakyat Malaysia tak ambil port psal isu memanas..tpi Bila Brand besar,baru nak up,masukkan kebencian dlm marketing,so end of business la critanya..",2026-10-07T00:35:25.000Z,,,0,
https://www.threads.com/@mr_madamin91sala/post/DeKdcjwkuLt,,Threads,mr_madamin91sala,Mmg die tak salah. Tp ni nak bgtau nama dah besar jgn jd bodoh nak joint bende2 mengarut sosial media ni. Admin die la,2026-10-06T18:46:14.000Z,,,258,
https://www.threads.com/@vwxyzenia/post/DeKkeO4k1zz,,Threads,_huehueehuee,mmg lah tak menutup kerugian kak klau dh beribu org kat malaysia ni beli🤣🤣 klau tak merugikan kahf tu buat apa dia sebok buat permintaan maaf?,2026-10-06T19:53:29.000Z,,,38,
https://www.threads.com/@vwxyzenia/post/DeKkeO4k1zz,,Threads,aprl.eldo,"Mau seboycott apapun jerebu tetap masuk pernapasan mereka, sia2",2026-10-06T20:03:09.000Z,,,1,
https://www.threads.com/@vwxyzenia/post/DeKkeO4k1zz,,Threads,jacktherippermy,"“ Mecat admin nya pun ngga nutup kerugian kahf sih”. Kalau u faham dunia perniagaan atau branding, u takkan cakap macam ni. Once u masuk dunia business dan faham pasal branding, u kena bersikap profesional…",2026-10-06T22:47:28.000Z,,,0,
https://www.threads.com/@vwxyzenia/post/DeKkeO4k1zz,,Threads,suhendararyadi,"Konteks Kahf setuju. Tapi kalau lainnya, Terlalu lebay kalau perkara cengcengan bola harus boycott semua produk. Kekanak-kanakan",2026-10-07T01:32:44.000Z,,,0,
https://www.threads.com/@vwxyzenia/post/DeKkeO4k1zz,,Threads,vwxyzenia,Mecat admin nya pun ngga nutup kerugian kahf sih. Neti Malaysia malah sampe mau boycott brand Indo di semua sektor loh,2026-10-06T19:47:37.000Z,,,14,
https://www.threads.com/@haikhalrashiddd/post/DeLLy-PEieH,,Threads,rafly_alfarezy7,Jangan perlahan langsung aja semua klo bisa🤣🤣🤣 kasian bgt selama ini pake produk luar karena gada produk yg bisa dipercaya dari lokal🤣🤣🤣🤣🤣🤣🤣🤣🤣🤣🤣🤣🤣🤣🤣,2026-10-07T01:36:29.000Z,,,0,
https://www.threads.com/@haikhalrashiddd/post/DeLLy-PEieH,,Threads,babycuu16,yang kalah bola yang di boikot skincare 😩,2026-10-07T01:43:24.000Z,,,0,
https://www.threads.com/@haikhalrashiddd/post/DeLLy-PEieH,,Threads,haikhalrashiddd,"Dah boleh da kita perlahan lahan boikot brand dari seberang.

Sebab banyak sangat menghina dari konoha ni.

Jom listkan barang dari indo
1) Kahf
2) Kahf
3) Kahf

Ada lagi tak?",2026-10-07T01:31:15.000Z,,,8,
https://www.threads.com/@yedd_je/post/DeLKztvGHkP,,Threads,meta.ai,"Kau nampak betul la tu - yang kena boikot tu Kahf, brand grooming lelaki dari Indonesia tu.

Kecoh sebab account dia @kahfeveryday post meme bola ""tutor cara masuk Eropa dong warga"" dengan bendera Indonesia letak atas tape ""HATI-HATI BEDA LEVEL"", lepas tu bendera Thailand, Vietnam, Malaysia, Singapore dan lain-lain letak bawah. Orang anggap dia perli jiran, angkuh sangat, terus jadi isu maruah negara.

Sebab tu kat Threads ramai push #BoikotKahf, suruh jangan beli / promote, siap kata mintak maaf pun dah tak guna.",2026-10-07T01:23:06.000Z,,,0,
https://www.threads.com/@yedd_je/post/DeLKztvGHkP,,Threads,sophea_8922,Korang support brand badlab ni. Ni brand kita. KA pun follow badlab.,2026-10-07T01:35:43.000Z,,,2,
https://www.threads.com/@yedd_je/post/DeLKztvGHkP,,Threads,yedd_je,"@meta.ai Apa yang kecoh sangat pasal Kafl ni? Tengok dekat threads just suruh boikot, share sikit",2026-10-07T01:22:36.000Z,,,6,
https://www.threads.com/@hamdi_rosli/post/DeLLj9Xkxhn,,Threads,sulthanbebas,malay dungu,2026-10-07T01:38:41.000Z,,,0,
https://www.threads.com/@hamdi_rosli/post/DeLLj9Xkxhn,,Threads,linazlh_,Emang gapunya produk lokal sendiri?,2026-10-07T01:44:10.000Z,,,0,
https://www.threads.com/@hamdi_rosli/post/DeLLj9Xkxhn,,Threads,linazlh_,Yg ini juga gak diboikot?,2026-10-07T01:46:06.000Z,,,0,
https://www.threads.com/@hamdi_rosli/post/DeLLj9Xkxhn,,Threads,adi_baskra,rasakan sensasi juara😜,2026-10-07T01:47:59.000Z,,,0,
https://www.threads.com/@hamdi_rosli/post/DeLLj9Xkxhn,,Threads,hamdi_rosli,"Saya sebagai pengguna tegar KAHF sangat kecewa. Sorry , saya perlu boikot 🙏",2026-10-07T01:29:12.000Z,,,9,
https://www.threads.com/@friedman_mart/post/DeLLa3kEjbk,,Threads,tewllyyy,"gak perlu takut? tapi buat statement minta maaf buat apa🥱🥱 kau ckp kau tk tau produk Malaysia ,so buat apa nak boikot klau kau tktau? ke tak mampu nak beli?",2026-10-07T01:31:51.000Z,,,3,
https://www.threads.com/@friedman_mart/post/DeLLa3kEjbk,,Threads,neil_zha,Kuasa belinya macam mana? 🤭,2026-10-07T01:40:19.000Z,,,0,
https://www.threads.com/@friedman_mart/post/DeLLa3kEjbk,,Threads,mrnasron,Ya jadi keluar aja dari Malaysia..jual aja di Indo,2026-10-07T01:44:01.000Z,,,0,
https://www.threads.com/@friedman_mart/post/DeLLa3kEjbk,,Threads,eddyseed,Penduduk besar tp miskin gimana ?,2026-10-07T01:44:11.000Z,,,0,
https://www.threads.com/@friedman_mart/post/DeLLa3kEjbk,,Threads,friedman_mart,"dengan penduduk besar, @kahfeveryday gak perlu takut , konsumsi dalam negeri sudah cukup , penduduk malaysia jumlahnya tidak seberapa, bahkan produk malaysia pun kami tidak tahu,",2026-10-07T01:27:57.000Z,,,2,
https://www.threads.com/@teaahhhhh_/post/DeLBYHKD49J,,Threads,yanapixiee,g2g,2026-10-07T00:55:53.000Z,,,4,
https://www.threads.com/@teaahhhhh_/post/DeLBYHKD49J,,Threads,only_me.cikda,kahf n wardah kes apa tu,2026-10-07T01:46:10.000Z,,,0,
https://www.threads.com/@teaahhhhh_/post/DeLBYHKD49J,,Threads,teaahhhhh_,"Produk boikot minggu ini :

- Skinmade
- Kahf
- Wardah

Ada lagi tak?",2026-10-07T00:00:12.000Z,,,137,
https://www.threads.com/@ibnu.rasikh/post/DeK8FBlE8wY,,Threads,ibnu.rasikh,"Betul, jokes bisa dianggap hinaan di orang/waktu/tempat yang gk tepat ;))

Masalahnya kahf punya market cukup gede di Malaysia, harusnya visualnya bisa lebih di perhalus.

Cuman ya kalau ada prinsip prinsip syariah dalam menjalankan business di kahf, seharusnya merendahkan orang lain sangat sangat dijaga untuk tidak dilakukan. Bahkan Rasulullah pun sudah mengingatkan gk masuk surga orang yang bahkan cuman punya sombong sebiji dzarroh.",2026-10-06T23:13:54.000Z,,,88,
https://www.threads.com/@atie_intan/post/DeLJvo7I1eP,,Threads,atie_intan,"Dah2 la support product dari seberang. Mereka buat kita macam orang rendahan bawah tapak kaki mereka jer. Sedar sikit wahai rakyat Malaysia!

Ingat ""KITA JAGA KITA""!

Jenama local:
BADLab
Sufi Men

https://s.shopee.com.my/7ptosHQcWl",2026-10-07T01:31:30.000Z,,,0,
https://www.threads.com/@atie_intan/post/DeLJvo7I1eP,,Threads,sophea_8922,Korang support brand badlab ni. Ni brand kita. KA pun follow badlab.,2026-10-07T01:29:05.000Z,,,1,
https://www.threads.com/@atie_intan/post/DeLJvo7I1eP,,Threads,dauhtupakk,Beli je badlab..,2026-10-07T01:34:15.000Z,,,1,
https://www.threads.com/@atie_intan/post/DeLJvo7I1eP,,Threads,syxfq14._,#boikotproductindonkahf,2026-10-07T02:38:49.000Z,,,1,
https://www.threads.com/@atie_intan/post/DeLJvo7I1eP,,Threads,atie_intan,"@kahfeveryday.my @kahfeveryday @kahfcommunities .... Sorry guys..sebab nila setitik.

Netizen malaysia...korang cari la product local. Inilah masanya kita support sesama kita.

Kita pernah ada slogan "" KITA JAGA KITA"" masa PKP dulu. Hidupkan semula!.",2026-10-07T01:13:19.000Z,,,35,
https://www.threads.com/@syazwanamrn/post/DeLE-8Yk4YB,,Threads,syazwanamrn,"biar kualiti tu yang speak for itself. Tak payah nak rendahkan negara jiran lah semata-mata nak nampak terserlah. Content yang ada superiority complex macam ni bukan je merosakkan brand image, tapi saja nak provoke netizen gaduh pasal benda sia-sia. What for?

Trik zaman bila la still guna—saja pancing isu sensitif sebab tau ramai orang senang triggered. Benda-benda macam ni sebenarnya buat standard marketing nampak makin lemau. Stop normalizing toxic marketing just for numbers.",2026-10-07T00:31:43.000Z,,,1,
https://www.threads.com/@syazwanamrn/post/DeLE-8Yk4YB,,Threads,dzafran_kerya_bahari,"Tu la masalah admin @kahfeveryday perangai mcm cilaka, patut jadi admin promote business bukan promote rage bait sebab everything we post in social media means represent company profile",2026-10-07T00:49:47.000Z,,,0,
https://www.threads.com/@syazwanamrn/post/DeLE-8Yk4YB,,Threads,sophea_8922,Korang support brand badlab ni. Ni brand kita. KA pun follow badlab.,2026-10-07T03:09:18.000Z,,,0,
https://www.threads.com/@syazwanamrn/post/DeLE-8Yk4YB,,Threads,syazwanamrn,"Am I terlepas something, Kahf kena cancel by Malaysian. So here my thoughts, maaf kalau saya silap, jangan marah saya. Technically post marketing rage bait macam ni sumpah tak classy langsung ya untuk brand besar macam Kahf @kahfeveryday. Yelah, tau nak kejar engagement cepat, tapi takkanlah sampai nak kena tunggang naratif toksik macam ni kan?

Satu benda yang semua team marketing (tidak terkecuali Kahf) kena take note: great brands build bridges, not walls. Kalau produk tu dah mmg berkualiti,",2026-10-07T00:31:43.000Z,,,16,
https://www.threads.com/@melurrrrrrr/post/DeLKxxoI7zL,,Threads,neyasyazwina,kalau sebut melur mesti macam nak minta belanja zus pistachio,2026-10-07T01:25:07.000Z,,,0,
https://www.threads.com/@melurrrrrrr/post/DeLKxxoI7zL,,Threads,cinderellaaa7_,HAHAHAHAHAHAHA 🤣,2026-10-07T02:12:47.000Z,,,0,
https://www.threads.com/@melurrrrrrr/post/DeLKxxoI7zL,,Threads,bukanweekendrunner,Kalau min send voice boleh ke sbb lagi jelas😂,2026-10-07T02:19:39.000Z,,,1,
https://www.threads.com/@melurrrrrrr/post/DeLKxxoI7zL,,Threads,melurrrrrrr,Kahf ni kalau sebut banyak kali dah bunyi macam nak terkeluar kahak. Cuba korang try.,2026-10-07T01:22:21.000Z,,,19,
https://www.threads.com/@taktahula007/post/DeLB7a_gauo,,Threads,taktahula007,"buang je bang, aq pernah pakai, habis berdebu + bau asap muka aq🤢",2026-10-07T00:05:01.000Z,,,8,
https://www.threads.com/@shaiksharil1805/post/DeLIhlhkl0Q,,Threads,nsh_ridz,Kahf ni mhalll ya amat,2026-10-07T01:31:53.000Z,,,0,
https://www.threads.com/@shaiksharil1805/post/DeLIhlhkl0Q,,Threads,shaiksharil1805,"Sape tak pernah pakai n minum kopi
Kita geng..",2026-10-07T01:02:39.000Z,,,7,
https://www.threads.com/@itsahmadzuhairi/post/DeLL1oFjxB1,,Threads,itsahmadzuhairi,"Cuma lepas ni, bila dah habis, I’ll slowly go back to other brands that I’m more comfortable with.",2026-10-07T01:31:36.000Z,,,3,
https://www.threads.com/@itsahmadzuhairi/post/DeLL1oFjxB1,,Threads,sophea_8922,Korang support brand badlab ni. Ni brand kita. KA pun follow badlab.,2026-10-07T01:39:55.000Z,,,3,
https://www.threads.com/@itsahmadzuhairi/post/DeLL1oFjxB1,,Threads,ideabuy.ad,"Panas dan berpeluh ketika di luar, beli aje kipas handheld dengan 5 kuasa putaran ini, tengok sini, 👉 https://s.shopee.com.my/9APCTX5CHe",2026-10-07T01:43:54.000Z,,,0,
https://www.threads.com/@itsahmadzuhairi/post/DeLL1oFjxB1,,Threads,bandahriduan,Boikot @kahfeveryday @kahfeveryday.my,2026-10-07T01:48:01.000Z,,,1,
https://www.threads.com/@itsahmadzuhairi/post/DeLL1oFjxB1,,Threads,mashkanikal,"Alternative Badlab, Dashing, Nivea",2026-10-07T01:49:53.000Z,,,0,
https://www.threads.com/@itsahmadzuhairi/post/DeLL1oFjxB1,,Threads,hasbullahpit,3. KAHF Deodorant →Bobadan,2026-10-07T01:53:22.000Z,,,1,
https://www.threads.com/@itsahmadzuhairi/post/DeLL1oFjxB1,,Threads,rizal.saad,"Ada satu brand lokal alternatif, Haestic! Tapi brand ni fokus ke barber shop and leave in cream conditioner tu elok jadikan base sebelum pakai pomade! Yang pasti disahkan halal jakim",2026-10-07T01:58:08.000Z,,,1,
https://www.threads.com/@itsahmadzuhairi/post/DeLL1oFjxB1,,Threads,allylacroix,habislah dulu..lps tu kita beralih produk lain support lokal je lah senang,2026-10-07T02:00:17.000Z,,,0,
https://www.threads.com/@itsahmadzuhairi/post/DeLL1oFjxB1,,Threads,syafiqq______,"Tu la tu, ada 3 botol lagi cleanser ni, rugi kalau buang, pakai dulu laa sampai habis🤣Lepas ni boleh stop",2026-10-07T02:05:56.000Z,,,0,
https://www.threads.com/@itsahmadzuhairi/post/DeLL1oFjxB1,,Threads,azmeer.ashraf,"Used to wear Nxxea/Amxxy , but boycott. So tak tahu mana nak replace K××f ni dah adoi",2026-10-07T02:17:23.000Z,,,1,
https://www.threads.com/@itsahmadzuhairi/post/DeLL1oFjxB1,,Threads,dolahkacak123,"Dah beli pakai sampai habis. Then at the same time boleh start survey replacement product macam yang dah disenarikan.
Mungkin ada pengguna yang produk yang sama ikut juga alternatif yg dikongsikan.
Jadilah pengguna yang bijak. Jangan ikut iq78 tu.",2026-10-07T02:19:14.000Z,,,0,
https://www.threads.com/@itsahmadzuhairi/post/DeLL1oFjxB1,,Threads,zarifzulkarnain,"Betul lah cara tu. Kita boikot selepas kita habiskan, sebab dah beli. Bukan terus buang dalam tong 🤣 Itu tak bijak namanya",2026-10-07T02:20:23.000Z,,,0,
https://www.threads.com/@itsahmadzuhairi/post/DeLL1oFjxB1,,Threads,dinmashalee,Cuma jangan promote.. Habiskan apa yg ada.. Bak kata kawan sorg tadi.. Ko pakai perfume bau best.. Dia tanya brand apa.. Ko dah bgtau brand tu.. Dia g beli. Sampai ke sudah x boikot,2026-10-07T02:23:22.000Z,,,0,
https://www.threads.com/@itsahmadzuhairi/post/DeLL1oFjxB1,,Threads,agileox_,"Smart bro, smart. Jangan membazir dah beli pakai ja sampai habis, lepas tu baru tukar brand 👍",2026-10-07T02:25:41.000Z,,,0,
https://www.threads.com/@itsahmadzuhairi/post/DeLL1oFjxB1,,Threads,nofal_izzatea,"Yang dah beli tak perlu buang walhal barangan yisrahell sekalipun. Itu membazir namanya. Guna je lah sampai habis.

Just untuk next purchase tu tak perlu dah beli yg tu. Sama jgk ayam gepuk. Dah makan tak perlu muntahkan semula. Cuma next time tak perlu dah beli n support makanan indon",2026-10-07T02:35:10.000Z,,,0,
https://www.threads.com/@itsahmadzuhairi/post/DeLL1oFjxB1,,Threads,pakciktersebut,betul... dulu my barang hantaran is 1 set of Kahf... pakai dulu habiskan then i go Buy Malaysia First 🇲🇾,2026-10-07T02:38:40.000Z,,,0,
https://www.threads.com/@itsahmadzuhairi/post/DeLL1oFjxB1,,Threads,fazli4292,Perfume boleh cuba lokal dari BLANCO. Produk based di Batu Caves.,2026-10-07T02:48:28.000Z,,,0,
https://www.threads.com/@itsahmadzuhairi/post/DeLL1oFjxB1,,Threads,axia.monthly.rm420,jgn 1 produk ni je boikot.. boikot je semua psl indon... dah laa punca jerebu kat negara kita,2026-10-07T02:49:50.000Z,,,0,
https://www.threads.com/@itsahmadzuhairi/post/DeLL1oFjxB1,,Threads,aimanrasmi,"Perfumr boleh try Nbdy boi, sampai dubai dah perfume tu",2026-10-07T02:50:08.000Z,,,0,
https://www.threads.com/@itsahmadzuhairi/post/DeLL1oFjxB1,,Threads,neilobrienjoseph,"Betul. Deodorant diorg tu mmg betul2 ngam. Dh cuba dh beberapa brand lain, tp sangkut kat dia pulak. Skrg ni payah pulak nak tukar brand lain",2026-10-07T02:51:30.000Z,,,0,
https://www.threads.com/@itsahmadzuhairi/post/DeLL1oFjxB1,,Threads,pakk_uudaa,Mantapp bagi suggestion. Aku tak pakai kahf tapi next prime. Tapi tula benda dari indon gak😂😂 slow cari brand lain,2026-10-07T02:53:49.000Z,,,0,
https://www.threads.com/@itsahmadzuhairi/post/DeLL1oFjxB1,,Threads,elysthekat,Takpe. Pakai dulu brg2 yg ada. Dah habis nanti tukar brand lain.,2026-10-07T02:57:52.000Z,,,0,
https://www.threads.com/@itsahmadzuhairi/post/DeLL1oFjxB1,,Threads,zzlkmi,"Pakai sampai abis bro,baru tukar brand,🤣 jangan membazir",2026-10-07T03:13:12.000Z,,,0,
https://www.threads.com/@itsahmadzuhairi/post/DeLL1oFjxB1,,Threads,itsahmadzuhairi,"Aku takkan buang terus barang-barang KAHF yang dah dibeli. Maaf, aku beli semua tu dengan duit hasil penat lelah aku sendiri.But what I’ll do, I’ll slowly change to another brand.

1. KAHF Perfume → High Notes
2. KAHF Pomade → Machine Matte Sculpt Clay
3. KAHF Deodorant → NIVEA Men Black & White
4. KAHF Sunscreen → Garnier Super UV Anti-Acne Serum

So yes, memang semua tu dah pernah aku pakai. It’s okay, KAHF was my choice at that time. Tak perlu buang dan membazir.",2026-10-07T01:31:36.000Z,,,95,
https://www.threads.com/@erywannons/post/DeLLF3NAajz,,Threads,erywannons,"Pengguna rasa terkilan dan menganggap ia tindakan yang tak professional kerana mempamerkan sikap bongkak dan merendah-rendahkan negara lain sedangkan kau jual barang kat negara orang. Orang jadi pelik, macam mana jenama besar tapi perangai sama dengan netizen. Kemudian pengguna media sosial mula menyuarakan gerakan untuk memboikot produk Kahf ni. Mereka ambil dan buang dalam tong sampah.",2026-10-07T01:25:04.000Z,,,2,
https://www.threads.com/@erywannons/post/DeLLF3NAajz,,Threads,erywannons,"Isu ini bermula apabila akaun rasmi Kahf memuat naik satu hantaran yang dianggap menyindir negara-negara jiran. Dalam hantaran tersebut, terdapat visual bendera Indonesia yang diletakkan di atas garisan amaran bertulis ""HATI-HATI BEDA LEVEL"". Di bawah garisan itu pula diletakkan bendera negara-negara Asia Tenggara yang lain termasuk Malaysia, Thailand, Filipina, dan Vietnam.",2026-10-07T01:25:05.000Z,,,7,
https://www.threads.com/@faisal.shokri/post/DeLIykQj9EX,,Threads,noramin1,"Mana satu yg sayang?
Negara or Brand yg merendah kan negara kita?",2026-10-07T01:07:15.000Z,,,5,
https://www.threads.com/@faisal.shokri/post/DeLIykQj9EX,,Threads,sophea_8922,Korang support brand badlab ni. Ni brand kita. KA pun follow badlab.,2026-10-07T01:15:28.000Z,,,0,
https://www.threads.com/@faisal.shokri/post/DeLIykQj9EX,,Threads,dauhtupakk,Yg dah beli tu guna je lah. Nak beli lagi jangan harap..,2026-10-07T01:16:53.000Z,,,1,
https://www.threads.com/@faisal.shokri/post/DeLIykQj9EX,,Threads,yeenoyeen,yang sedia habiskan guna ... lpas no more la ek,2026-10-07T01:54:25.000Z,,,0,
https://www.threads.com/@faisal.shokri/post/DeLIykQj9EX,,Threads,asyrafabdaziz,guna yg ada sampai abis lps tu beli brand lain,2026-10-07T02:00:12.000Z,,,0,
https://www.threads.com/@faisal.shokri/post/DeLIykQj9EX,,Threads,kimeteor,"Umpama jiran kau jual nasi lemak, kau memang suka makan nasi lemak dia, sedap. Suatu hari dia kutuk kau, kutuk keluarga kau.. kau rasa kau support lagi tak nasi lemak dia? Silap2 lalu depan kedai dia pun tak kan?",2026-10-07T02:16:52.000Z,,,0,
https://www.threads.com/@faisal.shokri/post/DeLIykQj9EX,,Threads,_wxwiii,boikot,2026-10-07T02:32:19.000Z,,,0,
https://www.threads.com/@faisal.shokri/post/DeLIykQj9EX,,Threads,faisal.shokri,"Dari pomade rambut, sunscreen, pencuci muka, sabun badan, shampoo dan ubat ketiak semua pakai @kahfeveryday , semuanya mmg sesuai dgn kulit aku, tapi semuanya terjadi gara gara satu posting yang 😩

Apa tindakan korang skrg?",2026-10-07T01:04:58.000Z,,,10,
https://www.threads.com/@zoulbraveslick/post/DeLLAGaGB3G,,Threads,zoulbraveslick,"Kalau tgk list ni, mungkin KARA dn ABC dan mungkin coki2 je aku selalu guna.. Tak byk mana pon produk indon kat umah dan actually byk je pilihan lain. Kita selama ni tak racis pon dgn produk dorg, dah terlalu lama kita support produk mereka. tpi bila rakyat dia mencabar sgt suh untuk boikot semua ok brit it on! Kita tengok siapa yang rugi! Mcm la kita takde alternatif produk sendiri atau negara lain.. hahahaha.",2026-10-07T01:24:18.000Z,,,0,
https://www.threads.com/@zoulbraveslick/post/DeLLAGaGB3G,,Threads,angrainiiiayu,Wkwk diganti ya postingannya? Ga jd nyemilin sabun?🤣,2026-10-07T01:31:52.000Z,,,0,
https://www.threads.com/@zoulbraveslick/post/DeLLAGaGB3G,,Threads,tdye.889,,2026-10-07T01:38:30.000Z,,,0,
https://www.threads.com/@zoulbraveslick/post/DeLLAGaGB3G,,Threads,qwrruririei,"nah gitu di edit jangan pemalas ambil AI langsung post, Detergen kau jadikan Makanan pula, Btw Santan Kara di masak dulu ya, jangan langsung di Cocol sama Oreo 😅",2026-10-07T01:49:19.000Z,,,0,
https://www.threads.com/@zoulbraveslick/post/DeLLAGaGB3G,,Threads,fadingfullmoon,"Boikot juga lagu Kebangsaan Malaysia,itu buatan orang Indonesia",2026-10-07T01:53:38.000Z,,,0,
https://www.threads.com/@zoulbraveslick/post/DeLLAGaGB3G,,Threads,fxap,Jangan lupa diboikot juga,2026-10-07T01:56:13.000Z,,,0,
https://www.threads.com/@zoulbraveslick/post/DeLLAGaGB3G,,Threads,panda.7683361,iya iyaa lets goo😋😋😋,2026-10-07T01:58:12.000Z,,,0,
https://www.threads.com/@zoulbraveslick/post/DeLLAGaGB3G,,Threads,tina1_584,"let's go bang, aku dukung boikotnya bang yeayy 😁

tapi mulai dari abang dulu ya, jangan makan Indomie & Richeese lagi ya bang

kalau abang kangen, tahan ya bang wkwkwk",2026-10-07T02:03:15.000Z,,,0,
https://www.threads.com/@zoulbraveslick/post/DeLLAGaGB3G,,Threads,stugarden25,Semangat bro,2026-10-07T02:05:49.000Z,,,0,
https://www.threads.com/@zoulbraveslick/post/DeLLAGaGB3G,,Threads,_na_nabila,"Ihh malu lah masih pakai lagu Indonesia di postinganmu, kita lewati berdua emang enak banget sih ahahaha. Hapus lah dan jangan pakai lagu dari our country lagi😋",2026-10-07T02:10:06.000Z,,,0,
https://www.threads.com/@zoulbraveslick/post/DeLLAGaGB3G,,Threads,zoulbraveslick,"Asalnya nak BOIKOT KAHF je. Tpi rakyat Indo mencabar cabar kita Malaysia untuk boikot semua. Dihina hinanya kita sebagai konsumer produk dorg. Ibarat kira mati tak ambil produk dorg, Mencabar ya? ok let's go.",2026-10-07T01:24:18.000Z,,,3,
https://www.threads.com/@nikosia357/post/DeK7TNUgb9I,,Threads,chemudajelita,Emang ngak napa napa..ya admin buat masalah..Hq prob..buang kerja..ngak punya gaji..emang loe yg akan bagi makan keluarga mereka???santuyy wadidawww terusss,2026-10-06T23:58:34.000Z,,,3,
https://www.threads.com/@nikosia357/post/DeK7TNUgb9I,,Threads,marshayenn,Tapi udah kan minta maafnya? Hahahaha @kahfeveryday,2026-10-07T00:48:57.000Z,,,0,
https://www.threads.com/@nikosia357/post/DeK7TNUgb9I,,Threads,nikosia357,Kalo ku bilang ga perlu kenapa emang? Mau apa kau? 😜,2026-10-06T23:07:06.000Z,,,2,
https://www.threads.com/@maffsyafiq/post/DeLEx0Jnzkg,,Threads,ainaabeauty_skudai,Time to support local pulakk. Jom letssss! Give ainaa skincare a chance pulak,2026-10-07T01:05:14.000Z,,,0,
https://www.threads.com/@maffsyafiq/post/DeLEx0Jnzkg,,Threads,akmadayang,Try la healez. Local brand. Takkn menyesal beli.,2026-10-07T01:09:34.000Z,,,0,
https://www.threads.com/@maffsyafiq/post/DeLEx0Jnzkg,,Threads,moon.byhera,apa jadi we ? suka betul tertinggal bas 😭😭😭,2026-10-07T01:20:32.000Z,,,0,
https://www.threads.com/@maffsyafiq/post/DeLEx0Jnzkg,,Threads,maffsyafiq,kahf whyyy😔 sunscreen & facial wash engko dahla best...,2026-10-07T00:29:55.000Z,,,2,
https://www.threads.com/@munola13/post/DeLESv1kl-X,,Threads,m.syaqeeb,Malaikat subuh sale after this 📈📈,2026-10-07T00:30:32.000Z,,,0,
https://www.threads.com/@munola13/post/DeLESv1kl-X,,Threads,by_bkhtr.kml,Bang rekomen seller malaikat subuh boleh?,2026-10-07T00:53:21.000Z,,,0,
https://www.threads.com/@munola13/post/DeLESv1kl-X,,Threads,h455is,"Betul bang , semalam baru beli ala2 dupe ysl noh bau tak letak HHAHAH",2026-10-07T01:30:38.000Z,,,0,
https://www.threads.com/@munola13/post/DeLESv1kl-X,,Threads,aina_baijan,Kasturi kijang pun baikk,2026-10-07T01:56:08.000Z,,,0,
https://www.threads.com/@munola13/post/DeLESv1kl-X,,Threads,tsashrafashman,Ade isi lagi dak,2026-10-07T01:57:16.000Z,,,0,
https://www.threads.com/@munola13/post/DeLESv1kl-X,,Threads,munola13,First and last beli. EDP tapi tahan sejam je baik aku beli malaikat subuh. Memang silap la cari pasal dengan orang Malaya,2026-10-07T00:25:41.000Z,,,4,
https://www.threads.com/@jarvistpnv/post/DeLIE-eH-w4,,Threads,cyarrrra,setara iq bangladesh,2026-10-07T00:59:58.000Z,,,9,
https://www.threads.com/@jarvistpnv/post/DeLIE-eH-w4,,Threads,nanawinston777,your comprehension sumpah rosak. clearly the issue is about Kahf posted an unprofessional statement on their official website. who tf gonna support tht kind of attitude in business ? ofc people will boycott u if youre rude. bisa bahasa inggeris ga ?? fix your comprehension bij,2026-10-07T01:45:33.000Z,,,0,
https://www.threads.com/@jarvistpnv/post/DeLIE-eH-w4,,Threads,rywwllaa,"dah kalau di edit mcmtu , spe je tkmarah ? cuba kalau kitaorg edit muka kamari jdi babi . marah jugak kan korg ? ye tau la champion tpi tkpayahla smpai buat mcmtu huh , fikir pakai otak la sikit",2026-10-07T01:47:53.000Z,,,0,
https://www.threads.com/@jarvistpnv/post/DeLIE-eH-w4,,Threads,jarvistpnv,what? negara maju iq tinggi terganggu sama meme bola? whaaaaattttt? 🤣🤣🤣🤣🤣,2026-10-07T00:58:45.000Z,,,4,
https://www.threads.com/@meillarahma_/post/DeLLvoUE_T5,,Threads,bellloveumore_02,Kita bahas isu KHAF... Yang kau merepet sebut brand lain dah kenapa bingai?? Kaliamak betul la spesies playing victim ni..,2026-10-07T01:33:14.000Z,,,3,
https://www.threads.com/@meillarahma_/post/DeLLvoUE_T5,,Threads,purfectstar,"Eh kalau negara kamu kena pun ingat korang diam je ke? 7 keturunan datang komen. Kalau kahf rasa tak salah, kenapa mintak maaf?",2026-10-07T01:33:53.000Z,,,8,
https://www.threads.com/@meillarahma_/post/DeLLvoUE_T5,,Threads,seeandcaptured,"itu nyenggol sesame brand, bukan nyenggol negara. lol, ngak masuk banget perbedaannya 🤣🤣▓",2026-10-07T01:34:48.000Z,,,3,
https://www.threads.com/@meillarahma_/post/DeLLvoUE_T5,,Threads,meillarahma_,OH YA?? LIAT SAMSUNG DONG NYENGGOL IPHONE nggk ada tuh sampe sekarang kena boycot2 se internasional LOL bgt mikirnya lu,2026-10-07T01:30:47.000Z,,,1,
https://www.threads.com/@ayiemzazaa_/post/DeLKrr0k-CD,,Threads,desi_muly07,"Iya bosan sampai effort cari meme aku jadi tersanjung ada manusia macam ini yang selalu merasa di atas awan padahal itu cuma ada di pikiran nya doang, kalah argumen nyari pembelaan yang lain kocak , cari lagi sana, lari dari topik pembahasan",2026-10-07T01:26:51.000Z,,,0,
https://www.threads.com/@ayiemzazaa_/post/DeLKrr0k-CD,,Threads,desi_muly07,"Btw negara kita gak miskin ya, di tarik batu bara aja dari negara mu ntar mati lampu aowkaowkoak",2026-10-07T01:27:29.000Z,,,0,
https://www.threads.com/@ayiemzazaa_/post/DeLKrr0k-CD,,Threads,desi_muly07,"Dari salah klaim daging kurban, ngelantur ke Kahf, pamer gaji, bawa presiden, sampai akhirnya terpaksa tameng pakai narasi 'negara maju'. Kasihan, cuma buat nutupin rasa malu gara-gara salah di awal wkwk",2026-10-07T01:29:01.000Z,,,0,
https://www.threads.com/@ayiemzazaa_/post/DeLKrr0k-CD,,Threads,ayiemzazaa_,Bosan. Sebab tu dibalas.. buat hiburan.. eh malah ternyata bisan juga 🤣🤣🤣 negara lebih maju melayan negara miskin. Beza kasta.. no wonder bosan,2026-10-07T01:21:31.000Z,,,0,
https://www.threads.com/@aadah85/post/DeLJbePn4O4,,Threads,aadah85,"Lahhh tau tak company kahf dah Mohon maaf pada Malaysia 🤣 rakyat Malaysia berjuta mampu beli produk Indo. Tapi rakyat indo yg berjuta lebih ramai pada Kami tak mampu Pon nak beli barang negara korang sendiri hahaha. Tak beli produk Kami, berapa Sen je Pon",2026-10-07T01:48:41.000Z,,,0,
https://www.threads.com/@aadah85/post/DeLJbePn4O4,,Threads,wipinapaaa,"itu harga standar lah, brand indo di malay lebih banyak, harganya kurang lebih sama😆",2026-10-07T01:27:16.000Z,,,1,
https://www.threads.com/@aadah85/post/DeLJbePn4O4,,Threads,zacharyz_34,"Brand Indonesia lebih banyak, buruan boikot ga usah tanggung2, semuanya boikot termasuk batu bara, beras, briket batok kelapa, kelapa utuh",2026-10-07T01:38:51.000Z,,,0,
https://www.threads.com/@aadah85/post/DeLJbePn4O4,,Threads,aadah85,Memang la Kan brand Mahal. Mana mampu.,2026-10-07T01:10:33.000Z,,,0,
https://www.threads.com/@asyrafffss/post/DeK5vdtE7jb,,Threads,qeejerr,Fcuk u @kahfeveryday Jum boikot!,2026-10-07T00:28:46.000Z,,,0,
https://www.threads.com/@asyrafffss/post/DeK5vdtE7jb,,Threads,luqmaansu,"@meta.ai Tolong jelaskan konteks dan apa yang cuba disampaikan oleh gambar ni, aku teka macam mengejek gitu?",2026-10-07T01:57:17.000Z,,,0,
https://www.threads.com/@asyrafffss/post/DeK5vdtE7jb,,Threads,asyrafffss,Utk yang bertanya..,2026-10-06T22:53:29.000Z,,,79,
https://www.threads.com/@rozzer_1234/post/DeLK7uNEtgk,,Threads,arenip.armani,Nk makan beras pun kena wadidaw bang oii.. rasa2 kalau nk beli kahf ni mereka kena buat apa erk nk cekau duit tu 🤣,2026-10-07T01:27:58.000Z,,,3,
https://www.threads.com/@rozzer_1234/post/DeLK7uNEtgk,,Threads,sophea_8922,Korang support brand badlab ni. Ni brand kita. KA pun follow badlab.,2026-10-07T01:47:04.000Z,,,1,
https://www.threads.com/@rozzer_1234/post/DeLK7uNEtgk,,Threads,rozzer_1234,"Brand @kahfeveryday ni naik pun sebab negara luar support, nak harapkan warganegara sendiri dorang bukan ada duit pun nak beli. Bodoh sombong.",2026-10-07T01:23:42.000Z,,,27,
https://www.threads.com/@flique2026/post/DeLLgBoD3_N,,Threads,sophea_8922,KA pun follow. Mesti best kan brand ni. 👍🏻,2026-10-07T01:45:31.000Z,,,2,
https://www.threads.com/@flique2026/post/DeLLgBoD3_N,,Threads,in74n_,My ex majikan dari swiss pun pakai product ni,2026-10-07T01:47:09.000Z,,,1,
https://www.threads.com/@flique2026/post/DeLLgBoD3_N,,Threads,izzatzulpika,"bawah daripada RM100 korang boleh beli secara set dapat 7 product dari Bad Lab ! korang boleh support di kedai ni :

https://s.shopee.com.my/7KxYKBIk2n￼",2026-10-07T02:25:30.000Z,,,1,
https://www.threads.com/@flique2026/post/DeLLgBoD3_N,,Threads,evolwithlovi,"Hahaha tak de impact, size penduduk Malaysia kecik je hanya 35juta. Sementara produk Indonesia disokong 280jt customer Indonesia.

Di Indonesia Tak de produk Malaysia yg dikenal oleh masyarakat Indonesia. Masyarakat Indonesia hanya mengenal Siti Nurhaliza je.

Malaysia hanya punya BELACAN JE.

Pendapatan paragon di Indonesia usd $7,4 milyar Nilai ekspor paragon ke malaysia usd $1 juta

hahaha geli-gelo diboikot market sekutil",2026-10-07T03:07:54.000Z,,,0,
https://www.threads.com/@flique2026/post/DeLLgBoD3_N,,Threads,flique2026,"Kahf? Seumur hidup aku tak pernah beli dan guna. Kita ada produk kita sendiri yang setara dengan produk antarabangsa. Kenapa tak support, kan? Glad2glow pun aku pernah try sbb dapat free drpd shopee.",2026-10-07T01:28:39.000Z,,,68,
https://www.threads.com/@ezzatyabdullah/post/DeKjFXAEmUI,,Threads,ezzatyabdullah,tapi still blur produk apa. tau ade jual kat watson je sbb baca kat thread. malas nak tau lah,2026-10-06T19:37:20.000Z,,,4,
https://www.threads.com/@ezzatyabdullah/post/DeKjFXAEmUI,,Threads,azalea.ameera10,"Kahf produk lelaki..wardah,emina and make over 1 company…from indonesia…",2026-10-07T01:32:30.000Z,,,0,
https://www.threads.com/@ezzatyabdullah/post/DeKjFXAEmUI,,Threads,ezzatyabdullah,baru tau kahf tu produk. td awal2 baca ingat kedai baju kaftan ke apa 😂😂😂😂,2026-10-06T19:35:29.000Z,,,15,
https://www.threads.com/@kahfeveryday.my/post/DdJf_6IiUok,,Threads,mocha_st4prvet,,2026-10-06T16:02:45.000Z,,,0,
https://www.threads.com/@kahfeveryday.my/post/DdJf_6IiUok,,Threads,kalaukauberani,@boomrun.malaysia26 SUDAH BOLEH TAMATKAN KONTRAK DENGAN @kahfeveryday.my JIKA TIDAK RUNNING BOOM AKAN DIBOIKOT JUGA,2026-10-07T00:33:27.000Z,,,0,
https://www.threads.com/@kahfeveryday.my/post/DdJf_6IiUok,,Threads,kahfeveryday.my,REPC dah settle ke belum? Ramai tak tadi? 👀,2026-09-11T13:17:54.000Z,,,7,
https://www.threads.com/@fadh.rashid/post/DeLDtH0D1S_,,Threads,zack_apron98,Btul bau nya tak tahan lama,2026-10-07T00:23:06.000Z,,,1,
https://www.threads.com/@fadh.rashid/post/DeLDtH0D1S_,,Threads,robustprocess27,Bau awam jer,2026-10-07T00:57:55.000Z,,,1,
https://www.threads.com/@fadh.rashid/post/DeLDtH0D1S_,,Threads,sophea_8922,Korang support brand badlab ni. Ni brand kita. KA pun follow badlab.,2026-10-07T02:17:23.000Z,,,1,
https://www.threads.com/@fadh.rashid/post/DeLDtH0D1S_,,Threads,bysaffri,Tak pernah beli pon . saya kalau local brand banyak beli blanco . badlab . yang kahf tu mmg tak pernah beli,2026-10-07T02:17:46.000Z,,,1,
https://www.threads.com/@fadh.rashid/post/DeLDtH0D1S_,,Threads,fadh.rashid,Takyah pakai la @kahfeveryday.my tu. Bukan long lasting pun. 🤷🏻‍♂️,2026-10-07T00:20:32.000Z,,,15,
https://www.threads.com/@kamal_azam/post/DeLILQAk9kB,,Threads,marinagebooo,😬😬,2026-10-07T01:00:19.000Z,,,1,
https://www.threads.com/@kamal_azam/post/DeLILQAk9kB,,Threads,idawani28321_,Cough kofh kahf fhak kahak hak tuiii (fikir sepuluh kali gak ni nak tekan post ke tak haha),2026-10-07T01:43:49.000Z,,,1,
https://www.threads.com/@kamal_azam/post/DeLILQAk9kB,,Threads,kamal_azam,fhak kahf,2026-10-07T00:59:36.000Z,,,6,
https://www.threads.com/@sharafuddinamin/post/DeK6K9uktFw,,Threads,sharafuddinamin,org us & china pakai Khaf ke? 🤣,2026-10-06T22:57:14.000Z,,,9,
https://www.threads.com/@purfectstar/post/DeLMGTHkhg2,,Threads,purfectstar,"Eh kalau negara kamu kena pun ingat korang diam je ke? 7 keturunan datang komen. Kalau kahf rasa tak salah, kenapa mintak maaf?",2026-10-07T01:33:53.000Z,,,8,
https://www.threads.com/@asyrafroslan.ads/post/DeLL66-j4jE,,Threads,sophea_8922,Korang support brand badlab ni. Ni brand kita. KA pun follow badlab.,2026-10-07T01:40:32.000Z,,,2,
https://www.threads.com/@asyrafroslan.ads/post/DeLL66-j4jE,,Threads,lilgreenparent,"Boleh try brand thepastel ni. Brand local yg affordable dan berkualiti.

https://s.shopee.com.my/5VVu7yUmGU",2026-10-07T01:58:07.000Z,,,1,
https://www.threads.com/@asyrafroslan.ads/post/DeLL66-j4jE,,Threads,_chuwaaa,The raw!,2026-10-07T02:09:20.000Z,,,2,
https://www.threads.com/@asyrafroslan.ads/post/DeLL66-j4jE,,Threads,akmadayang,"Try healez. Product diorg mmg focus utk yg masalah kulit berminyak dan acne prone. Bahan2 skincare diorg boleh matikan bakteria penyebab jerawat, kurgkn minyak muka, rawat jerawat dan parut, exfoliate. Product diorg pun gentle enough utk yg ada sensitive skin. https://s.shopee.com.my/50ZdYuc3qR",2026-10-07T02:23:57.000Z,,,1,
https://www.threads.com/@asyrafroslan.ads/post/DeLL66-j4jE,,Threads,izzatzulpika,"bawah daripada RM100 korang boleh beli secara set dapat 7 product dari Bad Lab ! korang boleh support di kedai ni :

https://s.shopee.com.my/7KxYKBIk2n￼",2026-10-07T02:26:38.000Z,,,1,
https://www.threads.com/@asyrafroslan.ads/post/DeLL66-j4jE,,Threads,rehlaofficial,you can try our facial cleanser! . sesuai untuk all type of skin! and halal,2026-10-07T02:34:10.000Z,,,1,
https://www.threads.com/@asyrafroslan.ads/post/DeLL66-j4jE,,Threads,pokmangprincess,eucerin,2026-10-07T02:35:10.000Z,,,0,
https://www.threads.com/@asyrafroslan.ads/post/DeLL66-j4jE,,Threads,fathimarzukii,Pakai sabun mandi je. Still effect sama je.. 😌,2026-10-07T02:48:55.000Z,,,1,
https://www.threads.com/@asyrafroslan.ads/post/DeLL66-j4jE,,Threads,zack_apron98,@cosmoderm,2026-10-07T02:54:24.000Z,,,1,
https://www.threads.com/@asyrafroslan.ads/post/DeLL66-j4jE,,Threads,asyrafroslan.ads,"Last dah beli brand Kahf ni.

Apa brand lain yg recommended untuk kulit berminyak?",2026-10-07T01:32:20.000Z,,,14,
https://www.threads.com/@luqrahman/post/DeLKxMUEwnq,,Threads,ora_keji,"Takpe bang, saya dah ajak orang vietnam tengok. Kita rileks report je kat diorang",2026-10-07T01:36:34.000Z,,,0,
https://www.threads.com/@luqrahman/post/DeLKxMUEwnq,,Threads,instarifin,,2026-10-07T01:46:39.000Z,,,0,
https://www.threads.com/@luqrahman/post/DeLKxMUEwnq,,Threads,luqrahman,"POV 1 : dia tengah berbangga dan dalam masa yang sama merendahkan negara² lain

POV 2: dia nak kata yang negara² lain lebih tinggi level nya

@kahfeveryday care to explain the exact point of view of yours?",2026-10-07T01:22:16.000Z,,,7,
https://www.threads.com/@efek.rumahkucing/post/DeLLtvTkn8A,,Threads,sabbeach,Mau yang hitam plss kat the campus nanti later,2026-10-07T01:31:44.000Z,,,1,
https://www.threads.com/@efek.rumahkucing/post/DeLLtvTkn8A,,Threads,efek.rumahkucing,"Bangun2 melihat kecaman bertubi2 pada @kahfeveryday tenang2, jangan marah2, Efek rumah kucing dah ada baju warna hitam tau ☺️👍",2026-10-07T01:30:32.000Z,,,10,
https://www.threads.com/@brojepofficial/post/DeLMUrFE9VE,,Threads,rusydi_rosl,Cuba research berapa sales dia dari Malaysia sahaja..masak la,2026-10-07T01:44:11.000Z,,,7,
https://www.threads.com/@brojepofficial/post/DeLMUrFE9VE,,Threads,sophea_8922,Korang support brand badlab ni. Ni brand kita. KA pun follow badlab.,2026-10-07T01:55:40.000Z,,,0,
https://www.threads.com/@brojepofficial/post/DeLMUrFE9VE,,Threads,4threyss,"Saya buat random for 50 orang. Cuba korang check, jadi ke tidak 😅🤍",2026-10-07T02:16:20.000Z,,,0,
https://www.threads.com/@brojepofficial/post/DeLMUrFE9VE,,Threads,brojepofficial,"Admin Kahf tu boleh tidur tak semalam?
Jangan main-main dengan kuasa boikot dari warga Malaysia.",2026-10-07T01:35:51.000Z,,,32,
https://www.threads.com/@acapgematria/post/DeK_d9JEoje,,Threads,as_nuar,Sme la x pnh n x tw pn.. Tp join la boikot terus😁😁,2026-10-07T00:31:55.000Z,,,0,
https://www.threads.com/@acapgematria/post/DeK_d9JEoje,,Threads,salwasuhaili_89,"Kahf produk untuk lelaki.
Wardah produk untuk perempuan.
Company sama.",2026-10-07T01:33:16.000Z,,,1,
https://www.threads.com/@acapgematria/post/DeK_d9JEoje,,Threads,acapgematria,X penah beli brg kahf hahahaha,2026-10-06T23:43:31.000Z,,,5,
https://www.threads.com/@tommyyyfmp/post/DeLKHrsEnMO,,Threads,dapurawliyah,HAHAHAHAHAHH @kahfeveryday.my @kahfeveryday kau bentang sikit revenue kau nak banding ngan pembeli dari indo yang takde duit,2026-10-07T01:21:13.000Z,,,0,
https://www.threads.com/@tommyyyfmp/post/DeLKHrsEnMO,,Threads,bby_deruh_,"kahf sendiri dah klarifikasi tuh bang, apa masih ga ngaruh HAHAHAHAHAHA",2026-10-07T01:29:04.000Z,,,0,
https://www.threads.com/@tommyyyfmp/post/DeLKHrsEnMO,,Threads,tommyyyfmp,Negaramu yg cuma se daki slangkangan gak ngaruh bos. Silahkan boikot aja lon malon.,2026-10-07T01:16:36.000Z,,,2,
https://www.threads.com/@warkahbuat.isteri/post/DeLLWLJgtlp,,Threads,sophea_8922,Korang support brand badlab ni. Ni brand kita. KA pun follow badlab.,2026-10-07T01:36:19.000Z,,,1,
https://www.threads.com/@warkahbuat.isteri/post/DeLLWLJgtlp,,Threads,teaahhhhh_,"Jom support produk buatan Malaysia

1. Bad lab
https://s.shopee.com.my/2LYsJD0JBa

2. Tanamera
https://s.shopee.com.my/1gJBW32XNl

3. The Olive Tree
https://s.shopee.com.my/6fhrTIdpXk

4. Good Virtues
https://s.shopee.com.my/2VsIViZw7W

5. Dear Klairs
https://s.shopee.com.my/7KxYGebdTI",2026-10-07T01:41:55.000Z,,,0,
https://www.threads.com/@warkahbuat.isteri/post/DeLLWLJgtlp,,Threads,kaydeanmalaysia,"14 tahun di pasaran, Kaydean hadir untuk bantu anda lebih memahami kulit anda.
Sebagai jenama skincare tempatan, kami percaya skincare education sama penting dengan produk. Fahami fungsi ingredients, kenali keperluan kulit dan bina rutin yang sesuai. Sebab itu kami menyediakan free online skin consultation.
Supaya anda faham kenapa sesuatu produk disarankan dan cara menggunakannya.
Know Your Skin. Own Your Glow. Kaydean, proudly made in Malaysia.",2026-10-07T01:58:47.000Z,,,1,
https://www.threads.com/@warkahbuat.isteri/post/DeLLWLJgtlp,,Threads,aflahrusdi,"if nak local, ada beberapa house yang best

1. Meg fragrance
https://s.shopee.com.my/W4FXuStvN

2. Anonymous fragrance
https://s.shopee.com.my/70KCaz3PtX

3. fuse kl
https://s.shopee.com.my/6L4Vnnw0oj

4. HOA
https://s.shopee.com.my/4qFi15IEqG

5. Rirana
https://s.shopee.com.my/8091ySruFf",2026-10-07T02:36:27.000Z,,,0,
https://www.threads.com/@warkahbuat.isteri/post/DeLLWLJgtlp,,Threads,pov_marhaen,Support local 💪🏻🇲🇾,2026-10-07T03:09:52.000Z,,,1,
https://www.threads.com/@warkahbuat.isteri/post/DeLLWLJgtlp,,Threads,warkahbuat.isteri,Spill local product perfume atau skincare. Nak boikot jenama seberang tu,2026-10-07T01:27:19.000Z,,,4,
https://www.threads.com/@jarvistpnv/post/DeLMdaWH4at,,Threads,_huehueehuee,aneh lah sbb warga kau yg buat🤣 sbbtu bgi kau such a none issue. bila situasi terbalik kau ingt kau bole ckp bnda ni jokes ke. and klau kau rasa cmtu its a stupid mentality💩 dikala nk buat marketing tu berjaga2 lah juga,2026-10-07T01:39:38.000Z,,,0,
https://www.threads.com/@jarvistpnv/post/DeLMdaWH4at,,Threads,callme_fudpanda,"laaa dalam banyak banyak akaun bisnes tak pernah dibwk dibwk acc personal bang tahu nilai sempadan jikalau tiada batas, makanya alhamdulillah ""terlajak perahu boleh diundur, terlajak kata buruk padahnya"" jadi KAHF sekarang ibarat ""telur dihujung tanduk"" jadi lain kali ""sediakan payung sebelum hujan tau"" tatatititutu",2026-10-07T01:44:21.000Z,,,0,
https://www.threads.com/@jarvistpnv/post/DeLMdaWH4at,,Threads,jarvistpnv,tak beretika? di mananyaaa?? ko bisa ada pandangan tak beretika dari meme itu? aneh sumpah 🐒,2026-10-07T01:37:02.000Z,,,0,
https://www.threads.com/@clarrareyna/post/DeLIN1oGQ1k,,Threads,farahwmy,cry,2026-10-07T01:14:43.000Z,,,3,
https://www.threads.com/@clarrareyna/post/DeLIN1oGQ1k,,Threads,nanawinston777,your comprhension sumpah rosak. clearly the issue is about Kahf posted an unprofessional statement on their official website. who tf gonna support tht kind of attitude in business ? ofc people will boycott u if youre rude. bisa bahasa inggeris ga ?? fix your comprehension bij,2026-10-07T01:46:06.000Z,,,0,
https://www.threads.com/@clarrareyna/post/DeLIN1oGQ1k,,Threads,vserimut,Iq lembu,2026-10-07T01:59:31.000Z,,,0,
https://www.threads.com/@clarrareyna/post/DeLIN1oGQ1k,,Threads,cyarrrra,setara iq bangladesh,2026-10-07T00:59:58.000Z,,,11,
https://www.threads.com/@mayainaaa_12/post/DeK8o-TE0c9,,Threads,ali.rmdhnnn,"negara kecil macem kau, Kahf ga rugi sama sekali, Kahf juga sudah masuk internasional skala produknya, kurang satu bukan berati rugi atau pusing, dan pastinya bakal ekspor terus keluar🫢",2026-10-07T01:45:02.000Z,,,0,
https://www.threads.com/@mayainaaa_12/post/DeK8o-TE0c9,,Threads,mayainaaa_12,kau ckp mcm tu?owner brand okay ke kena boikot or tengah pusing kepala? klau mcm tu kenapa sibuk sibuk masuk market malaysia?ckp jgn sombong pak cik,2026-10-06T23:18:48.000Z,,,0,
https://www.threads.com/@lunasylus_/post/DeLL-oyk0fb,,Threads,lunasylus_,TL:DR,2026-10-07T01:40:42.000Z,,,0,
https://www.threads.com/@lunasylus_/post/DeLL-oyk0fb,,Threads,lunasylus_,"My morning starts with people posting about boycotting Kahf after their previous post on thread regarding humiliation of other countries are below them (Indonesia). Tbh, these kind of attitude will no longer be cure with anything. It will continuously being toxic toward everyone over everything. As in today they apologize like it’s a small matter. Bear in mind that anything you post on internet will be there forever and it’s hard for people to forget about it",2026-10-07T01:32:50.000Z,,,0,
https://www.threads.com/@srymeliutami/post/DeLJlsCEjVT,,Threads,dapurawliyah,mmg tak ngaruh lah utk yg miskin2 di indo:( yg ngaruh nya yg peniaga2 indo. alala sian dia,2026-10-07T01:15:38.000Z,,,0,
https://www.threads.com/@srymeliutami/post/DeLJlsCEjVT,,Threads,bby_deruh_,kahf udah klarifikasi tuh kak BAHAHAHAAH masih yakin ga ngaruh 🤣,2026-10-07T01:28:32.000Z,,,0,
https://www.threads.com/@srymeliutami/post/DeLJlsCEjVT,,Threads,srymeliutami,GAK NGARUHHHH🤣😭🤣,2026-10-07T01:11:57.000Z,,,0,
https://www.threads.com/@threalcheadjr/post/DeLJ9vqkkd3,,Threads,meta.ai,"Kau tak ketinggalan sangat — ni isu admin.

1. Kenapa boikot: Thread asal tu viral sebab admin Kahf @kahfeveryday dikatakan post content personal / membahan, campur aduk personal dengan business, jadi orang Malaysia rasa tak profesional. Sebab tu dia ajak boikot Kahf + Wardah sekali.

2. Founder / company: Kahf (for men) dan Wardah (for women) dua-dua bawah company sama — ParagonCorp dulu PT Paragon Technology and Innovation. Founder dia Nurhayati Subakat, pharmacist graduate ITB, start dari rumah sejak 1985.

Brand tu bukan pro-Israel, actually Paragon ni yang dulu banyak donate ke Gaza, tapi orang nak push brand lokal Malaysia je kali ni.",2026-10-07T01:15:57.000Z,,,0,
https://www.threads.com/@threalcheadjr/post/DeLJ9vqkkd3,,Threads,awinshahz,biasa laa org punca jerebu sar😂,2026-10-07T01:22:25.000Z,,,0,
https://www.threads.com/@threalcheadjr/post/DeLJ9vqkkd3,,Threads,threalcheadjr,"@meta.ai apa isu kahf ni? tertinggal bas lak, kenapa org boikot, sape foundet?",2026-10-07T01:15:14.000Z,,,0,
https://www.threads.com/@rida_oishii_kenko/post/DeLFFLqEpKo,,Threads,syakiera.s,"YG SUKA SERANG KEMANA2 TU KORANG. KALAU XMULA DULU ADMIN POST PASAL BENDERA SEMUA, LAGI2 YG ADA BENDERA NEGARA KAMI, WE WILL NEVER BE INVESTED TO SUCH A PETTY. BUT GLAD WE DID. @kahfeveryday.my should've not use their official account to ROAST ON SOMETHING STUPID JOKES. THAT'S THE CONSEQUENCES. WE MALAYSIAN ARE HERE NOT BCAUSE OF BOLA, BENGAP. WE'RE HERE, BECAUSE OF WHAT @kahfeveryday.my POSTING. BECAUSE OUR FLAG IS IN THE POSTING, SAYING BEDA LEVEL? SOOO. LET US SHOW U HOW BEDA LEVEL IT IS.",2026-10-07T00:37:22.000Z,,,0,
https://www.threads.com/@rida_oishii_kenko/post/DeLFFLqEpKo,,Threads,syakiera.s,AND PLEASE. JANGAN SAMAKAN KAMI DGN KORANG. I DO NOT GIVE A DAMN FUCK OF FOOTBALL OR WHATSOEVER. I AM HERE TO GIVE SOME BURN FOR WHAT KHAF'S IS ASKING FOR. STAY THE HELL OUT OF YOUR PETTY JOKES FROM OUR FLAGS. U GUYS DON'T DESERVE EVERY SINGLE SHITS OF RESPECT FROM OTHER SEABLINGS COUNTRY! STUPID PEOPLE!,2026-10-07T00:40:47.000Z,,,0,
https://www.threads.com/@rida_oishii_kenko/post/DeLFFLqEpKo,,Threads,rida_oishii_kenko,TAPI AWALNYA DARI BOLA KHAN?? AKHIRMYA NYERANG KEMANA2...,2026-10-07T00:32:34.000Z,,,0,
https://www.threads.com/@tzliana_11/post/DeLEUXSklji,,Threads,sophea_8922,Korang support brand badlab ni. Ni brand kita. KA pun follow badlab.,2026-10-07T01:02:54.000Z,,,0,
https://www.threads.com/@tzliana_11/post/DeLEUXSklji,,Threads,mi104923,X tau plk ada brand ni kt tt. X nah nmpk pn 😂,2026-10-07T03:03:57.000Z,,,0,
https://www.threads.com/@tzliana_11/post/DeLEUXSklji,,Threads,tzliana_11,"Cara yang lagi padu, remove terus dari showcase , ayuh Malaysian … @kahfeveryday.my @kahfeveryday",2026-10-07T00:25:54.000Z,,,71,
https://www.threads.com/@nazrul.helmie/post/DeLJoHVE0jW,,Threads,nazrul.helmie,Beralih ke Bad Lab guys for alternatif. Bad lab is better. Local Malaysian Brand.,2026-10-07T01:19:28.000Z,,,0,
https://www.threads.com/@nazrul.helmie/post/DeLJoHVE0jW,,Threads,nazrul.helmie,"Malaysia, Singapore, Vietnam, Philippines, Myanmar, Thailand, Australia & Timor-Leste.

Boycott @kahfeveryday @kahfeveryday.my & other parties that work together with them. As an international brand, they mock and disrespect us as a country.

#boycottkahf",2026-10-07T01:12:17.000Z,,,50,
https://www.threads.com/@haiqal.iskandar/post/DeLEnNmGZq5,,Threads,theverraoktavianti,Mereka sudah minta maaf dan menghapus postingan. Dimaafkan yah.,2026-10-07T00:30:44.000Z,,,15,
https://www.threads.com/@haiqal.iskandar/post/DeLEnNmGZq5,,Threads,haiqal.iskandar,Boycott @kahfeveryday,2026-10-07T00:28:28.000Z,,,110,
https://www.threads.com/@syaf_ix/post/DeLK00vk7EY,,Threads,bro260626,Amboii haha,2026-10-07T01:33:55.000Z,,,0,
https://www.threads.com/@syaf_ix/post/DeLK00vk7EY,,Threads,sophea_8922,Korang support brand badlab ni. Ni brand kita. KA pun follow badlab.,2026-10-07T03:07:27.000Z,,,1,
https://www.threads.com/@syaf_ix/post/DeLK00vk7EY,,Threads,syaf_ix,"Kepada yang boikot Kahf and nak buang produk dia, boleh hantar kat saya. Saya akan semak dulu and buangkan untuk u guys.",2026-10-07T01:22:45.000Z,,,78,
https://www.threads.com/@fendymuhammad/post/DeLLNU-E2wV,,Threads,fendymuhammad,,2026-10-07T01:42:14.000Z,,,14,
https://www.threads.com/@fendymuhammad/post/DeLLNU-E2wV,,Threads,mikhwan122,Aku baru tau depa pon boikot petronas... Aku pernah beli sekali ja produk depa.. tak kena.. last2 beli badlab settle..,2026-10-07T01:55:44.000Z,,,2,
https://www.threads.com/@fendymuhammad/post/DeLLNU-E2wV,,Threads,fendymuhammad,Boikot ja brand kahf ni. Sbb dpa ni dlu boikot petronas bkn main. Tp tgk lah petronas gah di dunia compare dgn pertamina tu!!,2026-10-07T01:26:06.000Z,,,143,
https://www.threads.com/@lith.ter/post/DeLLH9YE_tp,,Threads,sophea_8922,Korang support brand badlab ni. Ni brand kita. KA pun follow badlab.,2026-10-07T01:34:29.000Z,,,1,
https://www.threads.com/@lith.ter/post/DeLLH9YE_tp,,Threads,lith.ter,Boycott @kahfeveryday support our Malaysian brand @cosmoderm 🇲🇾,2026-10-07T01:25:22.000Z,,,88,
https://www.threads.com/@farid.protoncars/post/DeLKcYsj7_Z,,Threads,sophea_8922,Korang support brand badlab ni. Ni brand kita. KA pun follow badlab.,2026-10-07T01:44:13.000Z,,,0,
https://www.threads.com/@farid.protoncars/post/DeLKcYsj7_Z,,Threads,nr.iesyaa_,"Bukan boycot , dorang dah taknak duit Malaysia , kan beda lepel",2026-10-07T01:48:43.000Z,,,0,
https://www.threads.com/@farid.protoncars/post/DeLKcYsj7_Z,,Threads,farid.protoncars,"Kau dah buat pasal acah2 nak minta maaf tapi dalam bahasa omputih.

Damage is done bro. @kahfeveryday.my

Dah jadi brand besar yang masuk negara orang, tinggalkan perangai negara kau.. professional la.

Sorry. Boycott!",2026-10-07T01:19:25.000Z,,,37,
https://www.threads.com/@sxitysxi/post/DeJX0qJAUXA,,Threads,sxitysxi,iq 78 memamg macam ni,2026-10-06T08:37:51.000Z,,,29,
https://www.threads.com/@ethnosupremacy/post/DeLFVtPDx7T,,Threads,mom_azmidani,nak juga boikot produk maylades tetapi kok tidak ada produk pun🤣,2026-10-07T01:03:09.000Z,,,0,
https://www.threads.com/@ethnosupremacy/post/DeLFVtPDx7T,,Threads,adzkyjuna,"GK rugi di boikot negara yg penduduk nya tidak lebih bnyk dr jakarta 😂 dan warga malay bnyk yg cerdas jg, GK seperti mereka segelintir orang bego yg sakit hati Krn enggn menerima kekalahan 🤣",2026-10-07T02:34:44.000Z,,,0,
https://www.threads.com/@ethnosupremacy/post/DeLFVtPDx7T,,Threads,ethnosupremacy,"Selain boikot produk @kahfeveryday , boleh jgk boikot @indomie @kopikenangan.id",2026-10-07T00:34:49.000Z,,,11,
https://www.threads.com/@afee.firdaus/post/DeLMHkhEmPk,,Threads,suhana.ramly,Kenapaaa. Selalu bagi kahf dekat husband as a gift,2026-10-07T01:34:34.000Z,,,0,
https://www.threads.com/@afee.firdaus/post/DeLMHkhEmPk,,Threads,sophea_8922,Korang support brand badlab ni. Ni brand kita. KA pun follow badlab.,2026-10-07T01:53:08.000Z,,,1,
https://www.threads.com/@afee.firdaus/post/DeLMHkhEmPk,,Threads,kaubarua_88,Boikot,2026-10-07T02:05:48.000Z,,,0,
https://www.threads.com/@afee.firdaus/post/DeLMHkhEmPk,,Threads,nellynorliza,Ye,2026-10-07T02:20:00.000Z,,,0,
https://www.threads.com/@afee.firdaus/post/DeLMHkhEmPk,,Threads,nashsufrie36,boleh try perfume saya bang hehehe,2026-10-07T02:23:46.000Z,,,0,
https://www.threads.com/@afee.firdaus/post/DeLMHkhEmPk,,Threads,pretty.little.things___,batu baranya ga sekalian boykot ke pakcik?🤪,2026-10-07T02:28:51.000Z,,,0,
https://www.threads.com/@afee.firdaus/post/DeLMHkhEmPk,,Threads,afee.firdaus,"sorry, Kahf is cancelled. boikot",2026-10-07T01:34:03.000Z,,,72,