source_post_url,comment_id,platform,author,text,date,Views,like,reply
https://www.threads.com/@_zrhjkt_/post/DeKfbrwk9No,4002267447528975823,threads,nine9butterflies,Sejak dorang edit muka Tun Hasmah tu saya dh stop membeli barang² buatan sana.,2026-10-07 05:58:00,,313,4
https://www.threads.com/@_zrhjkt_/post/DeKfbrwk9No,4002257556001176316,threads,hadiipran,"lucu ngakunya IQ lebih tinggi, masalah sepak bola dibawa melebar kemana-mana 😅",2026-10-07 05:38:21,,451,4
https://www.threads.com/@_zrhjkt_/post/DeKfbrwk9No,4002310623340893137,threads,eklynxie,"jgnlah boikot kopi kenangan siot, dia lagi kaw dari Zus",2026-10-07 07:23:47,,6,7
https://www.threads.com/@_zrhjkt_/post/DeKfbrwk9No,4002177543662960013,threads,siska.sizuka,Klo diboikot china & amerika kmi mgkn sdkit panik..tp klo sekelas kabupaten....maaf skip dlu...cmn geli2 aja..😘,2026-10-07 02:59:23,,4280,97
https://www.threads.com/@_zrhjkt_/post/DeKfbrwk9No,4002197094362506927,threads,nrainnnnn._,Ni list korang nk boiko,2026-10-07 03:38:13,,3225,118
https://www.threads.com/@_zrhjkt_/post/DeKfbrwk9No,4002260080200396848,threads,ydi_stwan,"Heh kalian mau boikot serius??? Dengan jumlah rakyat kalian yang sedikit itu😭. FYI kami dikorupsi sampe triliunan pun belum redup² nih indo lha ini boikot kahf yang cuman seitil yaampun yang rugi juga bukan kami tapi perusahaannya, terus pembelian produk kahf juga lebih tinggi di kami daripada kalian",2026-10-07 05:43:22,,3932,53
https://www.threads.com/@_zrhjkt_/post/DeKfbrwk9No,4002212838085189530,threads,krisfandi54,"Baper KRNA sepak bola sampe boikot produk, oh gini kelakuan yg ktnya IQ tinggi 🫣",2026-10-07 04:09:30,,1801,23
https://www.threads.com/@_zrhjkt_/post/DeKfbrwk9No,4002234832478474638,threads,fazli4292,"Boikot KAHF, pilih BLANCO based Batu Caves produk org melayu Malaysia",2026-10-07 04:53:12,,1670,14
https://www.threads.com/@_zrhjkt_/post/DeKfbrwk9No,4002311881229425303,threads,febbysekar,Menurut gue ini lebay bgt😭 apakah dengan menang kita setara israel kak? Izin bertanya dengan nada dering,2026-10-07 07:26:17,,770,5
https://www.threads.com/@_zrhjkt_/post/DeKfbrwk9No,4002251324003649104,threads,fikri_novani,"Padahal ini contextnya masalah bola, kok orang2 malaysia sakit ati banget sampe kmn2..",2026-10-07 05:25:58,,1200,14
https://www.threads.com/@_zrhjkt_/post/DeKfbrwk9No,4002326074603184893,threads,ma.ma.liaaa,"Indonesia diboikot gara2 
Membela israel ❌
Menang bola ✅
Lucu nyeuuu🤣🤣🤣",2026-10-07 07:54:29,,821,9
https://www.threads.com/@_zrhjkt_/post/DeKfbrwk9No,4002237581089769496,threads,101610s,nak boykot juga? gelap lu ntar 😂😂😂,2026-10-07 04:58:40,,2389,39
https://www.threads.com/@_zrhjkt_/post/DeKfbrwk9No,4002370495127448552,threads,_aiyrl,sayangnya semua dalam list aku tak pakaiiii AHAHAHHAAHAHHA,2026-10-07 09:22:44,,4,1
https://www.threads.com/@_zrhjkt_/post/DeKfbrwk9No,4002370708240077426,threads,_zrhjkt_,Sama🤣🤣🤣,2026-10-07 09:23:10,,1,0
https://www.threads.com/@_zrhjkt_/post/DeKfbrwk9No,4002222068280277726,threads,agg_defi,"Tapi serius Lo, saya warga Indonesia baru tau kalau banyak banget brand indoneasi masuk ke Malaysia. Sedang nya saya tidak tau brand malaysia apa saja yang masuk Indonesia",2026-10-07 04:27:51,,460,11
https://www.threads.com/@_zrhjkt_/post/DeKfbrwk9No,4002305152820149420,threads,aina_hazmi40,Selain hantar Rohingya Balik. Please lah kerajaan halau jugak Indon Balik tempat dorang balik.,2026-10-07 07:12:55,,543,5
https://www.threads.com/@_zrhjkt_/post/DeKfbrwk9No,4002304703056539756,threads,sintaputridiana,,2026-10-07 07:12:01,,1096,4
https://www.threads.com/@_zrhjkt_/post/DeKfbrwk9No,4002284403288091394,threads,aminbusari,"Orang Indonesia kalau betul-betul nak boikot produk Malaysia, biar boikot elektrik dari Sarawak sekali. Biar konsisten, jangan nanti dah gelap-gelita, baru sibuk cari bekalan dari Sarawak. 🤣",2026-10-07 06:31:42,,244,0
https://www.threads.com/@_zrhjkt_/post/DeKfbrwk9No,4002218779216170355,threads,akbbbarrgede,"brisik bgt negara juara 3 ini, yang juara 2 aja santai, sulit tidur kah berapa hari ini ??",2026-10-07 04:21:19,,288,2
https://www.threads.com/@_zrhjkt_/post/DeKfbrwk9No,4002366245467007005,threads,afifahthali_,"Jangan lupa chikkuro juga boikot, warga lu noh byk ngejastip chikkuro",2026-10-07 09:14:18,,0,0
https://www.threads.com/@_zrhjkt_/post/DeKfbrwk9No,4002221520487425427,threads,afnzzzzz_,Boleh ejas halau kot yang tgh kerja kt malaysia🤣,2026-10-07 04:26:45,,161,5
https://www.threads.com/@_zrhjkt_/post/DeKfbrwk9No,4002343611350094261,threads,explode_mo,"yaudah boikot coal/batu bara dari indo juga dong, kalian masih bergantung coal dari indo kan😂😂",2026-10-07 08:29:20,,0,0
https://www.threads.com/@_zrhjkt_/post/DeKfbrwk9No,4002380656097351348,threads,agustino_92,Nggak ngaruh 🤣🤣,2026-10-07 09:42:56,,0,0
https://www.threads.com/@_zrhjkt_/post/DeKfbrwk9No,4002369921715522536,threads,fauzanmddd_,Kayanya seru nih kalo Indonesia stop ekspor batubara ke malay 🤣🤣🤣,2026-10-07 09:21:36,,2,0
https://www.threads.com/@_zrhjkt_/post/DeKfbrwk9No,4002349134535365302,threads,ternak.pahala,Saya warga Indonesiapun turut sedih liat nya :( percayalah itu hanya ulah admin yang sok asik aja,2026-10-07 08:40:18,,0,0
https://www.threads.com/@_zrhjkt_/post/DeKfbrwk9No,4002435346524778783,threads,setan.lokall,"Ahh tak ngaruh, boikat la semua brand indo wkwk",2026-10-07 11:31:35,,0,0
https://www.threads.com/@_zrhjkt_/post/DeKfbrwk9No,4002192319919052819,threads,ayuu1411,"Yes boycot semua produk indo yaaa. 

Pasar malay ga sepenting itu kok🥰",2026-10-07 03:28:44,,164,3
https://www.threads.com/@_zrhjkt_/post/DeKfbrwk9No,4002351816004752020,threads,sorry.oot,"biasanya cuma bisa ngeclaim, bagus lah skrg kalo pada mau boikot🤣",2026-10-07 08:45:38,,0,0
https://www.threads.com/@_zrhjkt_/post/DeKfbrwk9No,4002362161850058712,threads,aditrizkya,Ini awal boikot2 kenapa sih?,2026-10-07 09:06:11,,0,0
https://www.threads.com/@_zrhjkt_/post/DeKfbrwk9No,4002422486477172901,threads,anzeldmhr,janji ga jastip chikuro? kartika sari? 🥺🥺🥺,2026-10-07 11:06:02,,0,0
https://www.threads.com/@_zrhjkt_/post/DeKfbrwk9No,4002323388295182964,threads,frayyan,"Kawan-kawan, kita ni tetangga serumpun. Banyak sesama muslim pula. Janganlah bertengkar terlalu jauh hanya karena sepak bola.",2026-10-07 07:49:09,,32,0
https://www.threads.com/@_zrhjkt_/post/DeKfbrwk9No,4002414199976196997,threads,novellinooo,Negara kecil ini sering banget ga sadar diri kalo tetangganya gede banget :(,2026-10-07 10:49:35,,0,0
https://www.threads.com/@_zrhjkt_/post/DeKfbrwk9No,4002351760807024299,threads,radarmia,Hilih binyik bicit nigiri giviwiy 🤣,2026-10-07 08:45:31,,0,0
https://www.threads.com/@_zrhjkt_/post/DeKfbrwk9No,4002369744800025119,threads,rachmaniasofy,"kalo mau boykot jumlah penduduknya harus banyak, kalo dikit mah kerja kelompok aja kak.",2026-10-07 09:21:15,,0,0
https://www.threads.com/@_zrhjkt_/post/DeKfbrwk9No,4002377195544877464,threads,ayutfahma_,Produk malay ada apa? Gapernah liat 🤔,2026-10-07 09:36:03,,0,0
https://www.threads.com/@_zrhjkt_/post/DeKfbrwk9No,4002387259861152390,threads,esaniadea,ada yg bs jelasin ga sih ini sebenernya kenapa…..?,2026-10-07 09:56:03,,0,0
https://www.threads.com/@_zrhjkt_/post/DeKfbrwk9No,4002348583504536777,threads,hapsarishintaa,Jiaah rame bener inii 😆🤣,2026-10-07 08:39:12,,0,0
https://www.threads.com/@_zrhjkt_/post/DeKfbrwk9No,4002306749449347691,threads,syada_zull,"Mana drg ni beli confident ehh, kemain tinggi melangit sembang 🤣. Xbosan ka celik mata ja ingt malaysia 🤣.",2026-10-07 07:16:05,,9,0
https://www.threads.com/@_zrhjkt_/post/DeKfbrwk9No,4002348147381229582,threads,vinaamliai,padahal di pict nya banyak bendera ga cuma malay ups🙏🏻,2026-10-07 08:38:20,,0,0
https://www.threads.com/@_zrhjkt_/post/DeKfbrwk9No,4002380861475521792,threads,mamapapa.h,"Nasib aku ni beli Indomie je, senang la nak stop 😂",2026-10-07 09:43:20,,0,0
https://www.threads.com/@_zrhjkt_/post/DeKfbrwk9No,4002419184511808509,threads,nauticaaura_15,"Perkara bola aja bapernya smpe kahf, boycott tuh MCD dan Israel jgn dtang kat Malaysian",2026-10-07 10:59:29,,0,0
https://www.threads.com/@_zrhjkt_/post/DeKfbrwk9No,4002237749541363037,threads,patsifat__,"Tumben di boikot, biasanya di kleim 😅",2026-10-07 04:59:00,,142,4
https://www.threads.com/@_zrhjkt_/post/DeKfbrwk9No,4002315779441249654,threads,nrfyhsyhmzz,"Selain boikot 🇮🇱, boikot 🇮🇩 juga ye kawan2 ☺️",2026-10-07 07:34:02,,24,0
https://www.threads.com/@_zrhjkt_/post/DeKfbrwk9No,4002159433488697147,threads,iszackshah,,2026-10-07 02:23:24,,784,23
https://www.threads.com/@_zrhjkt_/post/DeKfbrwk9No,4002335641509107268,threads,firmaulidy,"Org malay mikirin boikot kahf, padahl nyata ada banyak brand luar buat boikot brand afiliasi zionist LOL",2026-10-07 08:13:30,,0,0
https://www.threads.com/@_zrhjkt_/post/DeKfbrwk9No,4002359099891733577,threads,bgswdyyy,boikot lah ga bakal bangkrut kahf,2026-10-07 09:00:06,,0,0
https://www.threads.com/@_zrhjkt_/post/DeKfbrwk9No,4002399830240950642,threads,yanginikan,Batu bara juga?,2026-10-07 10:21:01,,0,0
https://www.threads.com/@_zrhjkt_/post/DeKfbrwk9No,4002312321405380345,threads,beeayours,Halah kayak u brand bagus bagus aja,2026-10-07 07:27:10,,0,0
https://www.threads.com/@_zrhjkt_/post/DeKfbrwk9No,4002379370392544848,threads,itsqorana,ada apeni ramai ramai sangat,2026-10-07 09:40:23,,0,0
https://www.threads.com/@_zrhjkt_/post/DeKfbrwk9No,4002339980517925661,threads,tonyperdhana,"nau boikot balik, tp apa aja sih yg masuk indonesia? gue ampe bingung apa aja",2026-10-07 08:22:07,,0,0
https://www.threads.com/@_zrhjkt_/post/DeKfbrwk9No,4002392456051033679,threads,mustykaara,kesini cuma mau ngakakk 😂😂😂,2026-10-07 10:06:22,,0,0
https://www.threads.com/@_zrhjkt_/post/DeKfbrwk9No,4002365447291003743,threads,fieshazami,Ok brand apa yang subtitute dengan wardah?,2026-10-07 09:12:43,,0,0
https://www.threads.com/@_zrhjkt_/post/DeKfbrwk9No,4002369725790262700,threads,abuyusridanuatmadja,"sampe ku lihat highliht location nya ada di indo, ku cabik kaw",2026-10-07 09:21:13,,0,0
https://www.threads.com/@_zrhjkt_/post/DeKfbrwk9No,4002353635107929972,threads,nindyfaida,Baru tau ternyata banyak juga brand indo yang di malay,2026-10-07 08:49:15,,0,0
https://www.threads.com/@_zrhjkt_/post/DeKfbrwk9No,4002329990481320185,threads,fiqihaulianto,"Dari sini saya baru tau, ternyata orang makaysia cukup banyak konsumsi produk indo.",2026-10-07 08:02:16,,0,0
https://www.threads.com/@_zrhjkt_/post/DeKfbrwk9No,4002330130303360864,threads,fasihah_fisal,@fakhrurrazi.fisal,2026-10-07 08:02:33,,1,1
https://www.threads.com/@_zrhjkt_/post/DeKfbrwk9No,4002449475516700196,threads,fakhrurrazi.fisal,"huhu unprecedented event, last dah pakai yg dok ada ni 🫠",2026-10-07 11:59:40,,0,0
https://www.threads.com/@_zrhjkt_/post/DeKfbrwk9No,4002365973425288533,threads,entirehumanrace,Dangkal,2026-10-07 09:13:45,,0,0
https://www.threads.com/@_zrhjkt_/post/DeKfbrwk9No,4002360228570130983,threads,putraaarief,"Jangan lupa PESTAPORA/band-band Indonesia boikot juga ya, jangan nanggung kalo mau boikot 😏",2026-10-07 09:02:21,,0,0
https://www.threads.com/@_zrhjkt_/post/DeKfbrwk9No,4002347028600634853,threads,dbnutrition.id,"konteksnya bola tapi kok yang di serang sampai ke produk?

ada yang bisa jelasin ?🙏",2026-10-07 08:36:07,,3,0
https://www.threads.com/@_zrhjkt_/post/DeKfbrwk9No,4002356132588947051,threads,kuspriyatna,"Ini kenapa pada perang pendapat di sini wkwkw Ngakak bacanya,..udah kalau mau boikot semua produk indo juga ga papa, paling disana malah jadi krisis pangan",2026-10-07 08:54:12,,0,0
https://www.threads.com/@_zrhjkt_/post/DeKfbrwk9No,4002368806106373637,threads,_nnyyyay,"Nak boikormt indonesiiiaaaa..

Awas ya pada beli barang ke tanah abanggg🗣️",2026-10-07 09:19:23,,0,0
https://www.threads.com/@_zrhjkt_/post/DeKfbrwk9No,4002359309547545684,threads,piyaaawf,uuu takutnyeee. tak getar pun haha,2026-10-07 09:00:31,,0,0
https://www.threads.com/@_zrhjkt_/post/DeKfbrwk9No,4002183618726430894,threads,nrhas____,Ini brand babi apa ? Tk fmous pun,2026-10-07 03:11:27,,171,6
https://www.threads.com/@_zrhjkt_/post/DeKfbrwk9No,4002313585443380841,threads,farratafiera,Dia tak tahu punca ⭐️bucks lingkup dekat Malaysia ni sebab kempen boikot kita.,2026-10-07 07:29:40,,36,0
https://www.threads.com/@_zrhjkt_/post/DeKfbrwk9No,4002330342040215534,threads,junggin_,"Tidur tak nyenyak
Makan tak selera
Wkwkwkkw",2026-10-07 08:02:58,,0,0
https://www.threads.com/@_zrhjkt_/post/DeKfbrwk9No,4002376652097136561,threads,nannisa.nnd,Lebay bgt opet,2026-10-07 09:34:58,,1,0
https://www.threads.com/@_zrhjkt_/post/DeKfbrwk9No,4002335637507310372,threads,zaarifikhmal,"ajar sikit,kita boikot ramai2",2026-10-07 08:13:29,,0,0
https://www.threads.com/@_zrhjkt_/post/DeKfbrwk9No,4002410000622386286,threads,tokio_sun,Iya boycott aja.. drpd di klaim seenaknya.,2026-10-07 10:41:14,,0,0
https://www.threads.com/@_zrhjkt_/post/DeKfbrwk9No,4002329459105684853,threads,schanatasha__,"Ehem, ada yang seru2 boikot ke tu ? Letsss gooo gaissss 🇲🇾",2026-10-07 08:01:13,,0,0
https://www.threads.com/@_zrhjkt_/post/DeKfbrwk9No,4002326775120224939,threads,vivy_masyudi,Iih atuttt,2026-10-07 07:55:53,,0,0
https://www.threads.com/@_zrhjkt_/post/DeKfbrwk9No,4002382780194613162,threads,yan_t9,"bukan setakat brand besar je ,kerajaan kami pun boleh tumbang",2026-10-07 09:47:09,,0,0
https://www.threads.com/@_zrhjkt_/post/DeKfbrwk9No,4002362285917064610,threads,anaapr19_,Produk malay di rumah ku cuma ada safi itu pun udah lama ga aku beli,2026-10-07 09:06:26,,0,0
https://www.threads.com/@_zrhjkt_/post/DeKfbrwk9No,4002391800086328535,threads,mayaasri00,Seriusan nih populasi yg lebih kecil dari Jabar mau boikot produk yg ga besar-besar banget?,2026-10-07 10:05:04,,0,0
https://www.threads.com/@_zrhjkt_/post/DeKfbrwk9No,4002322748403142680,threads,himascahyaw,Heran cuma masalah bola sampe boikot. Serius sesensitif itu ?,2026-10-07 07:47:53,,27,3
https://www.threads.com/@_zrhjkt_/post/DeKfbrwk9No,4002338747249270361,threads,vitavirga,@anwaribrahim_my,2026-10-07 08:19:40,,0,0
https://www.threads.com/@_zrhjkt_/post/DeKfbrwk9No,4002336139827007450,threads,syifalumiere_,Seru sekali baca komentar kat sini,2026-10-07 08:14:29,,0,0
https://www.threads.com/@_zrhjkt_/post/DeKfbrwk9No,4002348634206107190,threads,zaidin_hafid,"Yeahhh JUARA,JUARA, JUARA 😛😛😛😛😛😛😛😛😛🤣",2026-10-07 08:39:18,,0,0
https://www.threads.com/@_zrhjkt_/post/DeKfbrwk9No,4002327538122855338,threads,racunwanitalks,Pestime dengar Kahf,2026-10-07 07:57:24,,0,0
https://www.threads.com/@_zrhjkt_/post/DeKfbrwk9No,4002360114166343395,threads,wihdana_,Sakit hati kah?,2026-10-07 09:02:07,,0,0
https://www.threads.com/@_zrhjkt_/post/DeKfbrwk9No,4002424191865534903,threads,rrruubbyyy__,Iya terserah kalian aja,2026-10-07 11:09:26,,1,0
https://www.threads.com/@_zrhjkt_/post/DeKfbrwk9No,4002373472277973953,threads,seoulkflie,Ye ke big brand bnyak lingkup sbb boikot.?,2026-10-07 09:28:39,,0,0
https://www.threads.com/@_zrhjkt_/post/DeKfbrwk9No,4002333411448729790,threads,yuka_arie,"negara kau kalau kita stop exporting our coal, padam gelap tuh KL",2026-10-07 08:09:04,,0,0
https://www.threads.com/@_zrhjkt_/post/DeKfbrwk9No,4002434007753123157,threads,fuzakhairuddin,Kenangan coffee jgn lupa.,2026-10-07 11:28:56,,0,0
https://www.threads.com/@_zrhjkt_/post/DeKfbrwk9No,4002385616482953442,threads,_maislmh,"Aritu ada tngok posting orng indo nk boikot barang kita, well smlm aku beli barang dapur bnyk orng indo Malaysia beli borong Maggie jajan semua tau 🤣 ada yang borong smpai berkotak pun ada",2026-10-07 09:52:47,,0,0
https://www.threads.com/@_zrhjkt_/post/DeKfbrwk9No,4002338329177866792,threads,rdputri33,bales ini sambil pake baju running yang disponsorin sama kahf,2026-10-07 08:18:50,,0,0
https://www.threads.com/@_zrhjkt_/post/DeKfbrwk9No,4002424787129466983,threads,pitalokatd,Apessihhh rame sendirii,2026-10-07 11:10:37,,0,0
https://www.threads.com/@_zrhjkt_/post/DeKfbrwk9No,4002304008127761300,threads,krukkruksedap,Semua indonesian brands ni layak kene boikot sebab jerebu thialll ni. Jom kawan2!,2026-10-07 07:10:39,,20,0
https://www.threads.com/@_zrhjkt_/post/DeKfbrwk9No,4002328624028175282,threads,amizi_ahmad,Silap besar laa,2026-10-07 07:59:33,,0,0
https://www.threads.com/@_zrhjkt_/post/DeKfbrwk9No,4002337849684972338,threads,elrizkip_,Ini mah cuma geli geli doang boikotnya,2026-10-07 08:17:53,,0,0
https://www.threads.com/@_zrhjkt_/post/DeKfbrwk9No,4002345122120434815,threads,utyamalianst,"Wkwk kenapa jd panjang begini sih , kocak",2026-10-07 08:32:20,,0,0
https://www.threads.com/@_zrhjkt_/post/DeKfbrwk9No,4002345300983900474,threads,qurraisyy,Mari borong KAHF,2026-10-07 08:32:41,,0,0
https://www.threads.com/@_zrhjkt_/post/DeKfbrwk9No,4002327769178578319,threads,retnoyip,Santai ajaaa kawan paragon udah brand besar.. sakit hari gausah segitunya 🥰,2026-10-07 07:57:51,,1,0
https://www.threads.com/@_zrhjkt_/post/DeKfbrwk9No,4002317065793016944,threads,bayuerla,ini konteksnya kah? lucu jgg wkwkw,2026-10-07 07:36:35,,0,0
https://www.threads.com/@_zrhjkt_/post/DeKfbrwk9No,4002314592722242394,threads,rzlzlni,"Hey upin ipin, mau dikirimin indomie goreng ga ?",2026-10-07 07:31:40,,0,0
https://www.threads.com/@_zrhjkt_/post/DeKfbrwk9No,4002364733386851806,threads,fazli4292,Starbucks pun terkesan. Setakat jenama KAHF mau terduduk terus. Berapa market sana yg membeli,2026-10-07 09:11:18,,0,0
https://www.threads.com/@_zrhjkt_/post/DeKfbrwk9No,4002399631522821172,threads,farhanoktrd,Lucu banget kegaduhan ini wkwk,2026-10-07 10:20:38,,0,0
https://www.threads.com/@_zrhjkt_/post/DeKfbrwk9No,4002425571782932959,threads,na6ilasyhd,"Lahhh indo ke, otw bagitahu husband 🤣",2026-10-07 11:12:10,,0,0
https://www.threads.com/@_zrhjkt_/post/DeKfbrwk9No,4002387689383083919,threads,trishaln,Lu pd ngapa si anjir wkwkw gajelas,2026-10-07 09:56:54,,0,0
https://www.threads.com/@_zrhjkt_/post/DeKfbrwk9No,4002314236532434844,threads,intheyesofara,"ribet banget, besok besok gak usah ikutan lah kalo kalah bikin pusing😌",2026-10-07 07:30:58,,0,0
https://www.threads.com/@_zrhjkt_/post/DeKfbrwk9No,4002338031348694070,threads,kartinceh.makeup,Indonesia with 287.000.000 population. Malaysia with only 34.000.000 population.,2026-10-07 08:18:15,,0,0
https://www.threads.com/@_zrhjkt_/post/DeKfbrwk9No,4002342699625871228,threads,candisoeleman,Kahf brand bagus kalau di boikot ya mereka rugi sendiri,2026-10-07 08:27:31,,7,0
https://www.threads.com/@_zrhjkt_/post/DeKfbrwk9No,4002338545419331801,threads,nuraimanmn,perangai sama je korang ni lol,2026-10-07 08:19:16,,0,0
https://www.threads.com/@_zrhjkt_/post/DeKfbrwk9No,4002341161944085005,threads,iwldrie,Awas aja kalo gue liat orang Malaysia makan pagi sore 🤣🤣🤣 gue lempar rendang nanti mukanye,2026-10-07 08:24:28,,0,0
https://www.threads.com/@_zrhjkt_/post/DeKfbrwk9No,4002345973975684833,threads,jaykiincrudt__,"FOMO BOIKOT tapi tidak menambah KEUANGANMU aduhh malas sekali haha, bILANG BOIKOT tapi masih memakai prodaknya, sama halnya MUNAF•CK",2026-10-07 08:34:01,,0,0
https://www.threads.com/@_zrhjkt_/post/DeKfbrwk9No,4002315208857114497,threads,clarolct,Ummm okay,2026-10-07 07:32:54,,0,0
https://www.threads.com/@_zrhjkt_/post/DeKfbrwk9No,4002356446565980089,threads,ririyaya.05,Jangan lupa boikot batu bara dari indonesia ya makci,2026-10-07 08:54:50,,0,0
https://www.threads.com/@_zrhjkt_/post/DeKfbrwk9No,4002335496042644310,threads,mocaaaaahfur,"Ini beneran dari bola sebabnya, woww tidak menyangka sampai boikot boikotan plus saling menghina dahlah",2026-10-07 08:13:12,,0,0
https://www.threads.com/@_zrhjkt_/post/DeKfbrwk9No,4002370295453134550,threads,indahrmdhni,iya iya boikot ajaa udah🤣,2026-10-07 09:22:21,,0,0
https://www.threads.com/@_zrhjkt_/post/DeKfbrwk9No,4002385268020447792,threads,kiddo_oddik,Mari la kita boikot mereka seperti mana mereka pernah boikot petronas dulu.. kali ni pasti jadi ayuhh Rakyat Malaysia!!!,2026-10-07 09:52:06,,1,0
https://www.threads.com/@_zrhjkt_/post/DeKfbrwk9No,4002331953088941479,threads,bagusaprilyan,Gitu doang 🤣,2026-10-07 08:06:10,,0,0
https://www.threads.com/@_zrhjkt_/post/DeKfbrwk9No,4002350155563681482,threads,fachrianinurul,"Tumben di boikot, biasanya di claim😂🙏🏻",2026-10-07 08:42:20,,0,0
https://www.threads.com/@_zrhjkt_/post/DeKfbrwk9No,4002333079737882653,threads,auliviawu,jgn lupa contrexyn biar gk demam tribun,2026-10-07 08:08:24,,0,0
https://www.threads.com/@_zrhjkt_/post/DeKfbrwk9No,4002327459320032084,threads,mpiswandre,yang buat survei iq Malaysia tinggi siapa sih? harus direvisi kayaknya deh,2026-10-07 07:57:14,,0,0
https://www.threads.com/@_zrhjkt_/post/DeKfbrwk9No,4002347587667707264,threads,amandanap_,ah so-soan boikot. cikuro ae masi jastip u,2026-10-07 08:37:14,,165,1
https://www.threads.com/@_zrhjkt_/post/DeKfbrwk9No,4002405849529061872,threads,tiaranab_,Alchemist masih favorite dih?,2026-10-07 10:32:59,,0,0
https://www.threads.com/@_zrhjkt_/post/DeKfbrwk9No,4002320859289309254,threads,ekopajie,"Jumlah penduduk kalian aja setara 1 provinsi kita, haha",2026-10-07 07:44:07,,0,0
https://www.threads.com/@_zrhjkt_/post/DeKfbrwk9No,4002375930391705752,threads,iam.hafidz,"Permasalahan budak2 je, merambah hingga boikot2 😂😂
Terlihat siapa yg IQ rendah",2026-10-07 09:33:32,,0,0
https://www.threads.com/@_zrhjkt_/post/DeKfbrwk9No,4002426609487527395,threads,sitirrohma,"opo seh, opooooo sing digae tukaran ikiloh😭",2026-10-07 11:14:14,,0,0
https://www.threads.com/@_zrhjkt_/post/DeKfbrwk9No,4002383263981098127,threads,royyanabduh,Ga pengaruh mau boikot atau gimana silahkan… market kita bukan kalian. Kami masuk market kalian juga karena permintaan kalian sendiri! 😅😅😅,2026-10-07 09:48:07,,0,0
https://www.threads.com/@_zrhjkt_/post/DeKfbrwk9No,4002382172883493411,threads,nxrrt._,Depa x igt ke kes MEKDI kena boikot dgn kita,2026-10-07 09:45:57,,0,0
https://www.threads.com/@_zrhjkt_/post/DeKfbrwk9No,4002344183319744608,threads,sekedar_nangs,rakyat se uprit gaya gayaan boikot,2026-10-07 08:30:28,,0,0
https://www.threads.com/@_zrhjkt_/post/DeKfbrwk9No,4002354616230739743,threads,candy.dn,Ada apa ini?,2026-10-07 08:51:12,,0,0
https://www.threads.com/@_zrhjkt_/post/DeKfbrwk9No,4002437597750341758,threads,susianti_12v,Sepak bola olahraga sampah pemecah belah manusia dari tingkat kampung sampai tingkat negara.,2026-10-07 11:36:04,,0,0
https://www.threads.com/@_zrhjkt_/post/DeKfbrwk9No,4002311403691163182,threads,sigungjagung,Ok,2026-10-07 07:25:20,,0,0
https://www.threads.com/@_zrhjkt_/post/DeKfbrwk9No,4002346869056438189,threads,vqxrv_,"Wah senarai brand gambar last tu, kabur betul ya kuat jerebu tu.",2026-10-07 08:35:48,,1,0
https://www.threads.com/@_zrhjkt_/post/DeKfbrwk9No,4002433270612625163,threads,amtkalu,Brand indo rupanyaaa baru tahu,2026-10-07 11:27:28,,0,0
https://www.threads.com/@_zrhjkt_/post/DeKfbrwk9No,4002325127094026223,threads,nonianstsy,boikot batubaranya juga dong ka,2026-10-07 07:52:36,,0,0
https://www.threads.com/@_zrhjkt_/post/DeKfbrwk9No,4002398429585146164,threads,noramirahsamari,Tak boikot pun negaranya memang begitu saja. Tak pergi jauh org kata. 🥲,2026-10-07 10:18:15,,1,0
https://www.threads.com/@_zrhjkt_/post/DeKfbrwk9No,4002381181660114469,threads,kanebkato,"Orang melayu suka bergadoh. Mudah di provok. Lembik. Aku melayu, malulah dengan bangsa sendiri. Tak sedar, ada middle person yg laga-lagakan 2 pihak. Kita adalah serumpun",2026-10-07 09:43:58,,0,0
https://www.threads.com/@_zrhjkt_/post/DeKfbrwk9No,4002270479465518814,threads,yosoysop,"Ini konflik gara gara bola kan? 😭 plis lah sewajarnya aja, honestly it's so fun liat kalian fighting just like brothers wkwkwkw, tapi boikot gini seems too far gasih ?",2026-10-07 06:04:02,,192,4
https://www.threads.com/@_zrhjkt_/post/DeKfbrwk9No,4002333248936084838,threads,kimberly.ann_rae,Asal tau aja bahkan kami negara sendiri pun pernah memboikot merek lokal sendiri 😊,2026-10-07 08:08:44,,0,0
https://www.threads.com/@_zrhjkt_/post/DeKfbrwk9No,4002442376479995301,threads,ilhamwidi,Ini kita berasa debat sama anak kecil tantrum dan kita mah adem ayem aja 😁,2026-10-07 11:45:33,,0,0
https://www.threads.com/@_zrhjkt_/post/DeKfbrwk9No,4002319891344563457,threads,vadliiy,masa tersinggung dengan brand sabun muka 😭🤣. kocak banget dahh,2026-10-07 07:42:12,,0,0
https://www.threads.com/@_zrhjkt_/post/DeKfbrwk9No,4002332849629998993,threads,farrahaniiss,Nasib baik pernah beli wardah ja. Yang lain xpernah beli n taktau pin wujud haha,2026-10-07 08:07:57,,0,0
https://www.threads.com/@_zrhjkt_/post/DeKfbrwk9No,4002313335529773206,threads,humairahnadia,Penduduk cuma secuil sok sokan boikot🤭,2026-10-07 07:29:11,,1,0
https://www.threads.com/@_zrhjkt_/post/DeKfbrwk9No,4002331363219030569,threads,ohozga,"nak boikot ayam gepuk, geprek, penyet, lenyek, accident etc pun susah. mulakan dari situ dulu.",2026-10-07 08:05:00,,0,0
https://www.threads.com/@_zrhjkt_/post/DeKfbrwk9No,4002329188967368662,threads,shafwanfalah_,boycot musisinya juga berani ga?,2026-10-07 08:00:40,,0,0
https://www.threads.com/@_zrhjkt_/post/DeKfbrwk9No,4002318285337165309,threads,cryptozy.id,"Kasian sekali pasukan sakit hati 🤣. 
Jumlah kau setara rakyat Jabar",2026-10-07 07:39:01,,1,0
https://www.threads.com/@_zrhjkt_/post/DeKfbrwk9No,4002395159798576656,threads,fathirhrv7,Astaghfirullah,2026-10-07 10:11:45,,0,0
https://www.threads.com/@_zrhjkt_/post/DeKfbrwk9No,4002370946375745891,threads,indrarombeng,Rakyat seitil aja belagu,2026-10-07 09:23:38,,65,2
https://www.threads.com/@_zrhjkt_/post/DeKfbrwk9No,4002369380516049973,threads,fauzanmddd_,"WKWKWKWKWKWKWK SEKALIAN DONG KALO MAU BOIKOT, MUSIK DARI INDONESIA TERUS BATUBARANYA JUGA BERANI GAA ? 🤣🤣🤣",2026-10-07 09:20:32,,0,0
https://www.threads.com/@_zrhjkt_/post/DeKfbrwk9No,4002378522312232666,threads,ezafifrzk,Depa ni masuk Malaysia mmg kaya. Dah kaya sombong lak. Yihhh nyampahhh aku,2026-10-07 09:38:41,,0,0
https://www.threads.com/@_zrhjkt_/post/DeKfbrwk9No,4002384887285405543,threads,aguskmpot,Keseluruhan Malaysia sama 1 Provinsi Jabar penduduknya masih jauh banyakan Jabar 😂 boikotmu geli-geli.,2026-10-07 09:51:20,,0,0
https://www.threads.com/@_zrhjkt_/post/DeKfbrwk9No,4002314765427001898,threads,kriessadynt_,Lililalilalilalaaa~~~~,2026-10-07 07:32:01,,0,0
https://www.threads.com/@_zrhjkt_/post/DeKfbrwk9No,4002375118961057500,threads,naira_ainss,Ampe segitunya cuman perkara ngga masuk final. Menyedihkan bangettttttt 🥲,2026-10-07 09:31:56,,0,0
https://www.threads.com/@_zrhjkt_/post/DeKfbrwk9No,4002352625530122021,threads,putarikazzil,Alhamdulillah diboikot yg lama yah,2026-10-07 08:47:14,,0,0
https://www.threads.com/@_zrhjkt_/post/DeKfbrwk9No,4002378335178525871,threads,rajafazreena,"Aduhai, kita kan serumpun, kenapa nak gaduh-gaduh..",2026-10-07 09:38:19,,0,0
https://www.threads.com/@_zrhjkt_/post/DeKfbrwk9No,4002318906379164636,threads,thanrmd00,sawit sawit kami biasanya pada di ekspor ke malaysia lohh apa harus di hentikan juga ya kan mereka gak mau produk indonesia 😆 belagak kali org malay ni,2026-10-07 07:40:15,,0,0
https://www.threads.com/@_zrhjkt_/post/DeKfbrwk9No,4002397419254113318,threads,nurzafirah_zainulkifli,"kahf, emina, glad2glow, originote. 
okay noted 👏🏻",2026-10-07 10:16:14,,1,0
https://www.threads.com/@_zrhjkt_/post/DeKfbrwk9No,4002438223733785759,threads,whobai._,wardah the best product yang aku pernah pakai,2026-10-07 11:37:18,,0,0
https://www.threads.com/@_zrhjkt_/post/DeKfbrwk9No,4002358503923113448,threads,syfqhkml_,menunjukkan level IQ mereka paras rendah. big brand pon posting begitu,2026-10-07 08:58:55,,0,0
https://www.threads.com/@_zrhjkt_/post/DeKfbrwk9No,4002352507804365383,threads,windawidya.lestari,Hah kalian kenapa? Gabut kah?,2026-10-07 08:47:00,,0,0
https://www.threads.com/@_zrhjkt_/post/DeKfbrwk9No,4002336965248873944,threads,thara.one,beras jangan lupa di boikot juga ya sayang sayangkuh~☝️😌,2026-10-07 08:16:07,,0,0
https://www.threads.com/@_zrhjkt_/post/DeKfbrwk9No,4002373475951910575,threads,bycav_,Heleh🙄,2026-10-07 09:28:40,,0,0
https://www.threads.com/@_zrhjkt_/post/DeKfbrwk9No,4002335783361115584,threads,amehagi,Boikot batu bara juga dong. Masa pilih2,2026-10-07 08:13:47,,0,0
https://www.threads.com/@_zrhjkt_/post/DeKfbrwk9No,4002445579283670975,threads,o._.keonho,product kalian gak ada di indo🤣,2026-10-07 11:51:55,,0,0
https://www.threads.com/@_zrhjkt_/post/DeKfbrwk9No,4002361077153769944,threads,ainsyhaaa,Lahh banyak gak brand dia dekat watson eh.,2026-10-07 09:04:02,,0,0
https://www.threads.com/@_zrhjkt_/post/DeKfbrwk9No,4002397008431098107,threads,nrnzrhlmy,gepuk penyet semua tu kena boikot duluuu,2026-10-07 10:15:25,,0,0
https://www.threads.com/@_zrhjkt_/post/DeKfbrwk9No,4002430635559078409,threads,nabilllsng,"Akak .. 
lebih baik boikot israel lah :)",2026-10-07 11:22:14,,0,0
https://www.threads.com/@_zrhjkt_/post/DeKfbrwk9No,4002322938573515983,threads,arn.frhdlh,Kahf ni yg perfume ke?,2026-10-07 07:48:15,,0,0
https://www.threads.com/@_zrhjkt_/post/DeKfbrwk9No,4002386986669500559,threads,fortunaar_,"Kat econsave pun barang ni..
Takpe laa boikot je..
Biar lenggang sikit",2026-10-07 09:55:30,,0,0
https://www.threads.com/@_zrhjkt_/post/DeKfbrwk9No,4002323951933061936,threads,hidearstalker_,"takkkk peduliii, rakuay sejumblah biji bunga matahari aja belagu🤣🤣",2026-10-07 07:50:16,,0,0
https://www.threads.com/@_zrhjkt_/post/DeKfbrwk9No,4002421226710105260,threads,kiki.addict,"Mah ditambahin ga draft product Indonesia, masih banyak btw bukan cuma itu doang💋",2026-10-07 11:03:32,,0,0
https://www.threads.com/@_zrhjkt_/post/DeKfbrwk9No,4002340122108601531,threads,gndlaptra,"nak boiket ke tak, macam bepengaruh je pn🤪🤣",2026-10-07 08:22:24,,0,0
https://www.threads.com/@_zrhjkt_/post/DeKfbrwk9No,4002374859947066468,threads,merynli_,"Sengaja gak ikutan komen, uda diskip2 juga tapi heran masih muncul aja mereka di timeline ku 😮‍💨",2026-10-07 09:31:25,,0,0
https://www.threads.com/@_zrhjkt_/post/DeKfbrwk9No,4002404153687269006,threads,indrapf,"Thamrin city, PIK, Brand bandung nak boikot juga ke??",2026-10-07 10:29:37,,0,0
https://www.threads.com/@_zrhjkt_/post/DeKfbrwk9No,4002405683617191798,threads,angpratttt,"Simpan utas ini dan balik lagi setelah 3 bulan, cek apakah ada impact dgn brand nya setelah seruan boikot.",2026-10-07 10:32:39,,1,0
https://www.threads.com/@_zrhjkt_/post/DeKfbrwk9No,4002334634532612651,threads,rizkairra_,Kita lagi sarkas jujur😭,2026-10-07 08:11:30,,0,0
https://www.threads.com/@_zrhjkt_/post/DeKfbrwk9No,4002337476735840947,threads,alfiyahrachma,Iso isone timeline trid ku muncul iki kah ga lucu blas pls balikno trid ku sing aman nan tentram iki kuesel bgt anjir,2026-10-07 08:17:08,,0,0
https://www.threads.com/@_zrhjkt_/post/DeKfbrwk9No,4002334718443908535,threads,ssaanvtr,masalah awal apa sih sama org indo?,2026-10-07 08:11:40,,0,0
https://www.threads.com/@_zrhjkt_/post/DeKfbrwk9No,4002414187544980008,threads,zagoowa,Dia pikir bakalan ngefek... 😭,2026-10-07 10:49:33,,0,0
https://www.threads.com/@_zrhjkt_/post/DeKfbrwk9No,4002378456285567928,threads,adam_farrel,ALAAYY,2026-10-07 09:38:34,,0,0
https://www.threads.com/@_zrhjkt_/post/DeKfbrwk9No,4002348519029460085,threads,afifasfarina,Ga sekalian boikot rendang?,2026-10-07 08:39:05,,0,0
https://www.threads.com/@_zrhjkt_/post/DeKfbrwk9No,4002383434160989170,threads,joulee.19,"udah lah baby, baby belum move on ke?",2026-10-07 09:48:27,,0,0
https://www.threads.com/@_zrhjkt_/post/DeKfbrwk9No,4002360756247154700,threads,try_anugrah,Warga kelas 3 mau boykot? Gak laku blay,2026-10-07 09:03:24,,0,0
https://www.threads.com/@_zrhjkt_/post/DeKfbrwk9No,4002386989521497263,threads,prasetyatam,Ws,2026-10-07 09:55:31,,0,0
https://www.threads.com/@_zrhjkt_/post/DeKfbrwk9No,4002345372579119100,threads,itsrosaviena,Apasih akaaaaa,2026-10-07 08:32:50,,0,0
https://www.threads.com/@_zrhjkt_/post/DeKfbrwk9No,4002382891813122426,threads,chikicuba0.0,Ngakak banget bacain komen² sumpah hiburan bgt liat mereka kek begitu🤣🤣🤣,2026-10-07 09:47:22,,2,0
https://www.threads.com/@_zrhjkt_/post/DeKfbrwk9No,4002369080656857739,threads,nabilaseptiani19_,marah marah mulu day one kah?,2026-10-07 09:19:56,,0,0
https://www.threads.com/@_zrhjkt_/post/DeKfbrwk9No,4002350693742774879,threads,potatohead5779,Diboikot kelurahan? 🤣 sebuah lelucon.,2026-10-07 08:43:24,,0,0
https://www.threads.com/@_zrhjkt_/post/DeKfbrwk9No,4002350397524253431,threads,moharza8,Boikot batu bara lahhh,2026-10-07 08:42:49,,0,0
https://www.threads.com/@_zrhjkt_/post/DeKfbrwk9No,4002383651265436769,threads,tita.witanri__,"Boykot batu bara juga dong, masa cuman produk bgtu aja mana paten",2026-10-07 09:48:53,,0,0
https://www.threads.com/@_zrhjkt_/post/DeKfbrwk9No,4002362552147870781,threads,tdwijaya30,Sibuq bgt ya jd warga Malaysia wkwk,2026-10-07 09:06:58,,0,0
https://www.threads.com/@_zrhjkt_/post/DeKfbrwk9No,4002341658372444000,threads,xiomeyyy_,Kenangan coffee nak boikot ke🥹🤣,2026-10-07 08:25:27,,0,0
https://www.threads.com/@_zrhjkt_/post/DeKfbrwk9No,4002355122122504335,threads,hxjxjxr,Boikot depa pon pernah boikot Petronas sampai tutup dekat indo,2026-10-07 08:52:12,,4,1
https://www.threads.com/@_zrhjkt_/post/DeKfbrwk9No,4002356206123569057,threads,hxjxjxr,Wardah pon  brand  Syarikat ni boikot,2026-10-07 08:54:21,,1,0
https://www.threads.com/@_zrhjkt_/post/DeKfbrwk9No,4002342479517066367,threads,fererro.rocher,"pertanyaan guee, kalen selama ini pake produk indo???? awowkkwkwk",2026-10-07 08:27:05,,0,0
https://www.threads.com/@_zrhjkt_/post/DeKfbrwk9No,4002333264287370459,threads,nabil_farhannnn_,Bye Kahf,2026-10-07 08:08:46,,1,0
https://www.threads.com/@_zrhjkt_/post/DeKfbrwk9No,4002312799481156141,threads,imnotfadh,Yang buat hal tu kahf memang la Malaysia nak boikot kahf. apa yang kalut sangat indonesia suruh boikot brand lain juga ni😂 takde kena mengena do😂,2026-10-07 07:28:07,,2,0
https://www.threads.com/@_zrhjkt_/post/DeKfbrwk9No,4002348831782198053,threads,addinbrifdam,"heh g ngaruh wkwk, mending d boikot dari pada nanti di CLAIM wkwk",2026-10-07 08:39:42,,0,0
https://www.threads.com/@_zrhjkt_/post/DeKfbrwk9No,4002346189798500663,threads,zaheera_95,setakat nie..mjur g2g ja..lpsnie kena tukar laa🥲,2026-10-07 08:34:27,,0,0
https://www.threads.com/@_zrhjkt_/post/DeKfbrwk9No,4002365100128818002,threads,znlbdin,Baper amat jadi manusia,2026-10-07 09:12:01,,0,0
https://www.threads.com/@_zrhjkt_/post/DeKfbrwk9No,4002313859171842654,threads,oyienlatiff90,"Maaf nk tnya, knp skrg kne boikot product sna ye.. serious nk tahu dgn nada lembut🫣",2026-10-07 07:30:13,,1,2
https://www.threads.com/@_zrhjkt_/post/DeKfbrwk9No,4002371364120548546,threads,isntmunnnn,la k,2026-10-07 09:24:28,,0,0
https://www.threads.com/@_zrhjkt_/post/DeKfbrwk9No,4002409389311412299,threads,murezeky,Malay2,2026-10-07 10:40:01,,0,0
https://www.threads.com/@_zrhjkt_/post/DeKfbrwk9No,4002384074211808013,threads,arttoemdecorcxy,MERENTAN KEPANASAN SEMUANYA...ANAK ANAK PAK ROBO.🤣🤣🤣,2026-10-07 09:49:43,,0,0
https://www.threads.com/@_zrhjkt_/post/DeKfbrwk9No,4002368561998212705,threads,aiymasithah,so childish,2026-10-07 09:18:54,,0,0
https://www.threads.com/@_zrhjkt_/post/DeKfbrwk9No,4002386271532959333,threads,fysiput,Janji yaa jangan beli abaya baju hari raya di thamrin dan tanah abang...,2026-10-07 09:54:05,,0,0
https://www.threads.com/@_zrhjkt_/post/DeKfbrwk9No,4002344356274980400,threads,ar13nda,Sama-sama ga dewasa ini yg ikut ribut. 😔😌,2026-10-07 08:30:48,,0,0
https://www.threads.com/@_zrhjkt_/post/DeKfbrwk9No,4002350863662174626,threads,mirfanismail,@kahfeveryday,2026-10-07 08:43:44,,0,0
https://www.threads.com/@_zrhjkt_/post/DeKfbrwk9No,4002406768927991995,threads,aan.armstrong,"Orang” pada gila, kalah bola, mikirnya ampe politik 😌 sibuk banget ngurusin angin 🤣",2026-10-07 10:34:49,,0,0
https://www.threads.com/@_zrhjkt_/post/DeKfbrwk9No,4002354529727304955,threads,ipwincesscastl3,"JANGAN LUPA BOIKOT RENDANG, REOG, BATIK, HALO HALO BANDUNG, RASA SAYANGE, WAYANG",2026-10-07 08:51:01,,0,0
https://www.threads.com/@_zrhjkt_/post/DeKfbrwk9No,4002367401290745474,threads,riawanrizmon,Lucu kek upin ipin,2026-10-07 09:16:36,,0,0
https://www.threads.com/@_zrhjkt_/post/DeKfbrwk9No,4002335414748311975,threads,khanifaniahyar,"Mungkin semua barang bisa korang black list, tapi maaf asap karhutla kami tak nak 😭🤣🇮🇩🤟🏽",2026-10-07 08:13:03,,19,0
https://www.threads.com/@_zrhjkt_/post/DeKfbrwk9No,4002323028709188695,threads,abunajibrahman,Kau tak punya sound horeg dan perguruan silat,2026-10-07 07:48:26,,0,0
https://www.threads.com/@_zrhjkt_/post/DeKfbrwk9No,4002369420396564876,threads,victormedian,Kasian tantrum 🤣😛🦍,2026-10-07 09:20:36,,0,0
https://www.threads.com/@_zrhjkt_/post/DeKfbrwk9No,4002386215001331028,threads,achik_1222,Bila brand indo dan orang indo begini lah,2026-10-07 09:53:58,,0,0
https://www.threads.com/@_zrhjkt_/post/DeKfbrwk9No,4002394008387385200,threads,ahmadrifaisrg,"Rakyat se kabupaten sok sok an mau boikot, ga ngaruh anjirr 🤪🤪😋",2026-10-07 10:09:27,,0,0
https://www.threads.com/@_zrhjkt_/post/DeKfbrwk9No,4002369821656826618,threads,her_step,"Tapiii tanpa pembeli malaysia, di kita juga itu masi banyak yg beli kak puntennn..",2026-10-07 09:21:24,,0,0
https://www.threads.com/@_zrhjkt_/post/DeKfbrwk9No,4002410037297978617,threads,izzyprazika,Kaga ngaruh mau semua warga Malaysia boikot juga ahaha luas wilayahnya sekecil jakarta,2026-10-07 10:41:18,,0,0
https://www.threads.com/@_zrhjkt_/post/DeKfbrwk9No,4002449787018551420,threads,sweetpancaky_s,"benerin dulu bahasa kalian, ga kebaca🤣",2026-10-07 12:00:17,,0,0
https://www.threads.com/@_zrhjkt_/post/DeKfbrwk9No,4002319631062923715,threads,mauldayyy,"Lebay, perkara sepak bola segitunya bgt.",2026-10-07 07:41:41,,0,0
https://www.threads.com/@_zrhjkt_/post/DeKfbrwk9No,4002383106158025893,threads,tiaamaulidaa,rakyat seitil ga ngaruh🤪🤭,2026-10-07 09:47:48,,0,0
https://www.threads.com/@_zrhjkt_/post/DeKfbrwk9No,4002371737438401852,threads,kharimfh,"Aku antara org yg pki khaf, ok lepas ni xbeli dah. Tq",2026-10-07 09:25:13,,0,0
https://www.threads.com/@_zrhjkt_/post/DeKfbrwk9No,4002340216539957021,threads,sepfianady_,Lucu banget juara 3 kok musuhinnya juara 1 😂 yang juara 2 aja diem2 ajaa 😜,2026-10-07 08:22:35,,0,0
https://www.threads.com/@_zrhjkt_/post/DeKfbrwk9No,4002366074163220527,threads,zihanzeeee,"boikot dah, negara cuma seuprit banyak banget gayanya",2026-10-07 09:13:57,,0,0
https://www.threads.com/@_zrhjkt_/post/DeKfbrwk9No,4002371732606484634,threads,qasa_desain_studio,War jom 😁😁😁,2026-10-07 09:25:12,,0,0
https://www.threads.com/@_zrhjkt_/post/DeKfbrwk9No,4002350870306576517,threads,mamasmilee,Ini kenapa perkara bola sampe boikot-boikotan? Ngakak. 🤣,2026-10-07 08:43:45,,1,0
https://www.threads.com/@_zrhjkt_/post/DeKfbrwk9No,4002383480198352889,threads,espiikay,Buat mcm diorang buat kat petronas dlu,2026-10-07 09:48:32,,0,0
https://www.threads.com/@_zrhjkt_/post/DeKfbrwk9No,4002358328121461507,threads,wattttttttt_,"Begadoh yak kitak tu, Masalah menang bola pun jadi lari kemanaa mana",2026-10-07 08:58:34,,0,0
https://www.threads.com/@_zrhjkt_/post/DeKfbrwk9No,4002349204588675899,threads,julitaputri,Gak usa kau makan masakan padang yee..apalagi pagi sore garuda dll hahaha,2026-10-07 08:40:26,,0,0
https://www.threads.com/@_zrhjkt_/post/DeKfbrwk9No,4002354807071546516,threads,asriwahyuni_ayu,"Ini salah satu provokator di Malaysia ya?. Heran deh,",2026-10-07 08:51:34,,0,0
https://www.threads.com/@_zrhjkt_/post/DeKfbrwk9No,4002392920670075959,threads,snilrn_,APASIH😭😭😭😭😭,2026-10-07 10:07:18,,0,0
https://www.threads.com/@_zrhjkt_/post/DeKfbrwk9No,4002389947924546452,threads,shopeehaultips,"bangsa kecil cuma 30jt org aja banyak cakap, 1 provinsi kami aja jumlah orgnya lebih dr kelen yg 1 negara🤣",2026-10-07 10:01:23,,0,0
https://www.threads.com/@_zrhjkt_/post/DeKfbrwk9No,4002351162800088939,threads,nandana.prasuna,Malaysia gak belajar dr Korea 😭🤏🏻,2026-10-07 08:44:20,,0,0
https://www.threads.com/@_zrhjkt_/post/DeKfbrwk9No,4002383704895295125,threads,nabilahalban,"So sorry, no indo movie allowed to be play at my house. Im THAT serious",2026-10-07 09:48:59,,0,0
https://www.threads.com/@_zrhjkt_/post/DeKfbrwk9No,4002360194033062996,threads,itsnotlrs_,"Sekalian boikot hasil bumi yg kalian ambil juga dari indo lah. Terkhusus batu bara, gelap gelapan deh lo pada.

Boikot kok nanggung banget.",2026-10-07 09:02:16,,1,0
https://www.threads.com/@_zrhjkt_/post/DeKfbrwk9No,4002256976307526930,threads,ainnursahari,,2026-10-07 05:37:12,,870,15
https://www.threads.com/@_zrhjkt_/post/DeKfbrwk9No,4002348773045102963,threads,syhrhabd,Okay baibai Kahf walaupun mmg tak pernah beli,2026-10-07 08:39:35,,0,0
https://www.threads.com/@_zrhjkt_/post/DeKfbrwk9No,4002330020295501110,threads,kaktusops,Indo dan mindset bola  berpisah tiada🤣,2026-10-07 08:02:20,,0,0
https://www.threads.com/@_zrhjkt_/post/DeKfbrwk9No,4002347989498853500,threads,fn_auto9,Jelas beda kelas hahaha,2026-10-07 08:38:02,,0,0
https://www.threads.com/@_zrhjkt_/post/DeKfbrwk9No,4002432700690007028,threads,kamalhaqi11,Ni orang hidupnya serius amat🤣,2026-10-07 11:26:20,,0,0
https://www.threads.com/@_zrhjkt_/post/DeKfbrwk9No,4002424507721739079,threads,_ohmydeer1_,Nasib la aku tak pernah pakai brand sampah ni 😂,2026-10-07 11:10:03,,0,0
https://www.threads.com/@_zrhjkt_/post/DeKfbrwk9No,4002350945132607397,threads,ini.upin,warga kau pun lebih banyakan populasi yg tinggal di jakarta njir 42jt jiwa😭😭,2026-10-07 08:43:54,,0,0
https://www.threads.com/@_zrhjkt_/post/DeKfbrwk9No,4002333152349761651,threads,tiaraa_bilqis,Sudahlah mari kita sudahi drama kakak adik ini🥲,2026-10-07 08:08:33,,1,0
https://www.threads.com/@_zrhjkt_/post/DeKfbrwk9No,4002352518918664745,threads,fafafufu969,Luas malaysia pun hanya sepulau jawa 🗿,2026-10-07 08:47:02,,0,0
https://www.threads.com/@_zrhjkt_/post/DeKfbrwk9No,4002432249190621668,threads,_adoruble,"gpp guys, next kalo mereka dihujat knetz kita gausah bantu🙂‍↔️",2026-10-07 11:25:26,,0,0
https://www.threads.com/@_zrhjkt_/post/DeKfbrwk9No,4002371375855796660,threads,hafeezahhh_,kahf ni bukan @alifsatar duk promote ke ? srs lah ?,2026-10-07 09:24:30,,0,0
https://www.threads.com/@_zrhjkt_/post/DeKfbrwk9No,4002436514059669584,threads,lutfiralady,Biasanya juga ngeklaim ini malah boikot. Tak seronok laaa,2026-10-07 11:33:55,,0,0
https://www.threads.com/@_zrhjkt_/post/DeKfbrwk9No,4002349266857055338,threads,aisyah.muhd,@migho_jalil,2026-10-07 08:40:34,,0,1
https://www.threads.com/@_zrhjkt_/post/DeKfbrwk9No,4002363662724124891,threads,migho_jalil,😂,2026-10-07 09:09:10,,0,0
https://www.threads.com/@_zrhjkt_/post/DeKfbrwk9No,4002419048029173109,threads,iamezannn,Ni bukan gaduh adik beradik dah. Kali ni dorg mmg betul2 dah melampau.. 😡,2026-10-07 10:59:12,,0,0
https://www.threads.com/@_zrhjkt_/post/DeKfbrwk9No,4002337326781158939,threads,wendhahimawan,Wkwkwkwkwkwwkwk silahkan aja 😝😝,2026-10-07 08:16:51,,1,0
https://www.threads.com/@_zrhjkt_/post/DeKfbrwk9No,4002403964440098647,threads,rimaaur_,"Batik nohw boikot sekalian, ngaku ngaku mulu maluuuu",2026-10-07 10:29:14,,0,0
https://www.threads.com/@_zrhjkt_/post/DeKfbrwk9No,4002364839293448118,threads,sarahoussly,mau boikot emgnya sebanyak apa penduduknya 😭,2026-10-07 09:11:30,,0,0
https://www.threads.com/@_zrhjkt_/post/DeKfbrwk9No,4002335105335084852,threads,lansmemoir,"Thailand punya Iklas
Indonesia punya Ridho
Malaysia gak Ikhlas ga Ridho😭😭",2026-10-07 08:12:26,,3,0
https://www.threads.com/@_zrhjkt_/post/DeKfbrwk9No,4002396657568874990,threads,tiaaanh_,Tumben diboikot? Biasanya di claim hehe🙂‍↔️💗,2026-10-07 10:14:43,,0,0
https://www.threads.com/@_zrhjkt_/post/DeKfbrwk9No,4002344758089897677,threads,irwankur_,"Malaysia tuh kecil, masih gedean kabupaten bekasi",2026-10-07 08:31:36,,0,0
https://www.threads.com/@_zrhjkt_/post/DeKfbrwk9No,4002348386371992065,threads,shorim_mujadid,et bloon,2026-10-07 08:38:49,,0,0
https://www.threads.com/@_zrhjkt_/post/DeKfbrwk9No,4002391414637457184,threads,luzi50027,Masih besaran kota gua  daripada negara lu,2026-10-07 10:04:18,,0,0
https://www.threads.com/@_zrhjkt_/post/DeKfbrwk9No,4002338608074263287,threads,suzanarubi_,Semua ini karena bola? So childish.,2026-10-07 08:19:23,,0,0
https://www.threads.com/@_zrhjkt_/post/DeKfbrwk9No,4002415908266129109,threads,balqish_alias,Tak kisahlah. Yang penting passport kita menang bro.,2026-10-07 10:52:58,,0,0
https://www.threads.com/@_zrhjkt_/post/DeKfbrwk9No,4002350608144778208,threads,fitrirtg,Lucu lucu wkwkkw,2026-10-07 08:43:14,,0,0
https://www.threads.com/@_zrhjkt_/post/DeKfbrwk9No,4002407491480895842,threads,undangan_surabaya,sekali lagi kita beda level 😂,2026-10-07 10:36:15,,0,0
https://www.threads.com/@_zrhjkt_/post/DeKfbrwk9No,4002337523250029518,threads,annesaritaa,Bodoo amat gak ngaruh 🤣,2026-10-07 08:17:14,,0,0
https://www.threads.com/@_zrhjkt_/post/DeKfbrwk9No,4002338628105210066,threads,ararhmlyh,Kalah bola smpe segituuunya ngakak kids,2026-10-07 08:19:26,,0,0
https://www.threads.com/@_zrhjkt_/post/DeKfbrwk9No,4002409089484829010,threads,25kugatsu,Ga guna juga di boikot malaysia wkwkw,2026-10-07 10:39:25,,0,0
https://www.threads.com/@_zrhjkt_/post/DeKfbrwk9No,4002379703646112049,threads,anwar_firmansya,"ayo bang boikot semua, biar harga tambah murah 🥶",2026-10-07 09:41:02,,0,0
https://www.threads.com/@_zrhjkt_/post/DeKfbrwk9No,4002435120988522426,threads,runianamhar,Pak Bahlil tolong tetangga kita jangan dikasih batu bara,2026-10-07 11:31:09,,0,0
https://www.threads.com/@_zrhjkt_/post/DeKfbrwk9No,4002409763276023827,threads,_chihaz,"Boikot aja, toh yg hilang pekerjaan warga² kalian ini wleee",2026-10-07 10:40:46,,0,0
https://www.threads.com/@_zrhjkt_/post/DeKfbrwk9No,4002346642547766741,threads,lunox.laura,Lapo se wong2 iki jan gawe masalah ae ancene do gak kerjo tah yaopo,2026-10-07 08:35:21,,0,0
https://www.threads.com/@_zrhjkt_/post/DeKfbrwk9No,4002354714595908849,threads,rizmuhammad89,Macam banyak penduduk jeee,2026-10-07 08:51:23,,0,0
https://www.threads.com/@_zrhjkt_/post/DeKfbrwk9No,4002357096793185455,threads,joulejull,"Memang harus dikasih pelajaran khaf, keterlaluan sih sampe segitunya",2026-10-07 08:56:07,,0,0
https://www.threads.com/@_zrhjkt_/post/DeKfbrwk9No,4002235764125673509,threads,jrbosdarwis,"Hanya ramai di internet boikot tp kenyataan di lapangan orang Malaysia datang ke Indonesia aman aman aja bahkan mereka nyaman dan sebaliknya juga orang Indonesia ke Malaysia aman nyaman aja.Udahlah posting hal hal tak bermanfaat seperti ini dan tidak usahlah terprovokasi oleh sebagian orang Indonesia-Malaysia yang kerjaannya hanya ingin buat gaduh di antara kita,mereka itu senang melihat kita bertengkar dan saling bermusuhan maka hal seperti ini kita lawan dengan postingan positif",2026-10-07 04:55:03,,248,6
https://www.threads.com/@_zrhjkt_/post/DeKfbrwk9No,4002396349084543999,threads,nisfuakmalia,Kenapasih sampe boikot perkara mereka kalah bola wkwkkw ngakak bgt dahhh,2026-10-07 10:14:07,,0,0
https://www.threads.com/@_zrhjkt_/post/DeKfbrwk9No,4002357724124876452,threads,shxxshev_131,aigooo upin ipin noh ga gede gede wkwkw,2026-10-07 08:57:22,,0,0
https://www.threads.com/@_zrhjkt_/post/DeKfbrwk9No,4002325525149890707,threads,ahmdslhn_,"Produk murahan, dah laa bau tk sedap 😂",2026-10-07 07:53:24,,0,0
https://www.threads.com/@_zrhjkt_/post/DeKfbrwk9No,4002433468541695391,threads,frhnnzreen,@zeik_,2026-10-07 11:27:52,,0,0
https://www.threads.com/@_zrhjkt_/post/DeKfbrwk9No,4002379372933909162,threads,sharifahd16,Okay!!!,2026-10-07 09:40:23,,0,0
https://www.threads.com/@_zrhjkt_/post/DeKfbrwk9No,4002325140323939712,threads,razalisiregar,Aduh bola punya pasal terbawak bawak sampai sini. Rilek2 jela 😂,2026-10-07 07:52:38,,0,0
https://www.threads.com/@_zrhjkt_/post/DeKfbrwk9No,4002329762890768085,threads,deanna.ujg,Save,2026-10-07 08:01:49,,0,0
https://www.threads.com/@_zrhjkt_/post/DeKfbrwk9No,4002359963255204076,threads,syahrisp,Sakit ati beudd kayaknya yaa wkwk,2026-10-07 09:01:49,,0,0
https://www.threads.com/@_zrhjkt_/post/DeKfbrwk9No,4002336215206715763,threads,jordygst_,"tumben boikot, biasanya ngaku dan ngeclaim🫢",2026-10-07 08:14:38,,0,0
https://www.threads.com/@_zrhjkt_/post/DeKfbrwk9No,4002318965922542952,threads,febryanasukma,biar adek kecil tantrum dulu,2026-10-07 07:40:22,,1,0
https://www.threads.com/@_zrhjkt_/post/DeKfbrwk9No,4002425040448670580,threads,lexsi_pratamaaa,"Ini dah berlebihan smpe boikot,, ejek2an biasa aja smpe boikot berlebihan",2026-10-07 11:11:07,,0,0
https://www.threads.com/@_zrhjkt_/post/DeKfbrwk9No,4002432578736960335,threads,nuy.ami7,"Jujur ga ngaruh 🙏
Terlebih kalian pasti balik lagi ke prodak Indonesia sih notaben kebanyakan udah sertifikat halal hehehehehehe",2026-10-07 11:26:05,,0,0
https://www.threads.com/@_zrhjkt_/post/DeKfbrwk9No,4002316873811752952,threads,_rahmanaaa,baperan anjay wkwk,2026-10-07 07:36:12,,0,0
https://www.threads.com/@_zrhjkt_/post/DeKfbrwk9No,4002347867175849448,threads,mhd4imin_,Noh aku pakai khaf😭,2026-10-07 08:37:47,,0,0
https://www.threads.com/@_zrhjkt_/post/DeKfbrwk9No,4002402479698481388,threads,tingkerbeeeeeell,Barang lu aja ga tau apa yang masuk ke indo,2026-10-07 10:26:17,,0,0
https://www.threads.com/@_zrhjkt_/post/DeKfbrwk9No,4002368353557482127,threads,daffauzn,memang bener stereotype melayu di malay seperti apa yg dikatakan ras lainnya 🤣,2026-10-07 09:18:29,,0,0
https://www.threads.com/@_zrhjkt_/post/DeKfbrwk9No,4002415255817000850,threads,kimiiistore,Orang2 Malaysia pada kenapa sih? Ribet bgt perkara bola segala boykot produk Indonesia. Gak ada kerjaan lain pada ya,2026-10-07 10:51:40,,1,0
https://www.threads.com/@_zrhjkt_/post/DeKfbrwk9No,4002366843641886502,threads,merlynef,Gausah lo beli cikuro awas lo,2026-10-07 09:15:29,,0,0
https://www.threads.com/@_zrhjkt_/post/DeKfbrwk9No,4002414359359938802,threads,_tiotiotio,Makan lah sikit biar gak sakit,2026-10-07 10:49:53,,0,0
https://www.threads.com/@_zrhjkt_/post/DeKfbrwk9No,4002352418768162920,threads,albazzlightyear,di boikot negara yg rakyatnya cuman 30 jt😭😭😭,2026-10-07 08:46:50,,0,0
https://www.threads.com/@_zrhjkt_/post/DeKfbrwk9No,4002355728694373912,threads,nurhakimi01_,"@meta.ai  MY vs ID
- negara mana lebih kaya
- negara mana lebih cerdik",2026-10-07 08:53:24,,1,3
https://www.threads.com/@_zrhjkt_/post/DeKfbrwk9No,4002329685799385806,threads,fate_mro,Ipin tak nak makan soalnye kaleh 🤣🤣😂😂😂,2026-10-07 08:01:40,,0,0
https://www.threads.com/@_zrhjkt_/post/DeKfbrwk9No,4002433685387760871,threads,dede.kurniawan3,Ga sekalian batubara di boykot jg? 😏,2026-10-07 11:28:17,,0,0
https://www.threads.com/@_zrhjkt_/post/DeKfbrwk9No,4002385335968198515,threads,nissa0vl,nama pelik pelik ni memang takut nak beli ek apetah lagi nak tahu HAHAHAH,2026-10-07 09:52:14,,0,0
https://www.threads.com/@_zrhjkt_/post/DeKfbrwk9No,4002407118430743191,threads,_makbull15,Pada kenapa siiii 😭,2026-10-07 10:35:30,,0,0
https://www.threads.com/@_zrhjkt_/post/DeKfbrwk9No,4002422596763718720,threads,yeolli94,Halahh cuma lahan seuprit TIDAK GENTAR,2026-10-07 11:06:15,,0,0
https://www.threads.com/@_zrhjkt_/post/DeKfbrwk9No,4002328768127619055,threads,milatul_awaliah,"Jangan boikot susanti ya, kasian temen upin ipin ilang 1 🙏",2026-10-07 07:59:50,,0,0
https://www.threads.com/@_zrhjkt_/post/DeKfbrwk9No,4002330368942261547,threads,fnnboo,Boiket je tak pe lah wkwkwk ntar orang malaysia pake apa? :v,2026-10-07 08:03:01,,0,0
https://www.threads.com/@_zrhjkt_/post/DeKfbrwk9No,4002313795888446084,threads,stefanidustin,perkara bola doang elahhh...,2026-10-07 07:30:05,,0,0
https://www.threads.com/@_zrhjkt_/post/DeKfbrwk9No,4002386664438262220,threads,ssaasca,Kocak cokk,2026-10-07 09:54:52,,0,0
https://www.threads.com/@_zrhjkt_/post/DeKfbrwk9No,4002353474850333978,threads,mede7912,Apa benda ya,2026-10-07 08:48:55,,0,0
https://www.threads.com/@_zrhjkt_/post/DeKfbrwk9No,4002404913586831388,threads,inzaghiastrajingga_21,kak kenapa ga boikot batu bara dari indo?,2026-10-07 10:31:08,,0,0
https://www.threads.com/@_zrhjkt_/post/DeKfbrwk9No,4002320819065870767,threads,ruangdrn,"Baru aja bersatu karena jerebu. Skrng malag hujat2an lagi gegara timnas 😩
Knp ga akur-akur aja sih kita 😔",2026-10-07 07:44:03,,0,0
https://www.threads.com/@_zrhjkt_/post/DeKfbrwk9No,4002386004942694300,threads,tito.sugama,"Tak apa kak, nanti warga malaysia bisa guna make up dari tepung adabi.",2026-10-07 09:53:33,,0,0
https://www.threads.com/@_zrhjkt_/post/DeKfbrwk9No,4002311663772481742,threads,tiaaraalestarii,Gak ngaruh 🤣🤣🤣,2026-10-07 07:25:51,,0,0
https://www.threads.com/@_zrhjkt_/post/DeKfbrwk9No,4002377967019339755,threads,saninanda,"para penjahadd sana bertepuk tangan ""sukses jg guwe adu domba kedua negara ini"" untuk yang ke sekian kali",2026-10-07 09:37:35,,0,0
https://www.threads.com/@_zrhjkt_/post/DeKfbrwk9No,4002383655359495469,threads,robidew_,Oke sip,2026-10-07 09:48:53,,0,0
https://www.threads.com/@_zrhjkt_/post/DeKfbrwk9No,4002437278605770350,threads,ammarwickey,Ga sekalian boycot batubara dari indonesia juga? Biar gelap sekalian? Wkwkwkwkwk,2026-10-07 11:35:26,,0,0
https://www.threads.com/@_zrhjkt_/post/DeKfbrwk9No,4002417632251583115,threads,_nyamnyamcheese,"mie instannya aja ga enak, segala2 mau boikot:)",2026-10-07 10:56:24,,0,0
https://www.threads.com/@_zrhjkt_/post/DeKfbrwk9No,4002378669036733307,threads,ansetiani,Ih males deh ngeladenin mereka tuh cuma buang2 waktu sama ngerusak energy aja lho🤧,2026-10-07 09:38:59,,0,0
https://www.threads.com/@_zrhjkt_/post/DeKfbrwk9No,4002317457348015972,threads,technovamy,gak pernah support produk indo selamat 🤭,2026-10-07 07:37:22,,0,0
https://www.threads.com/@_zrhjkt_/post/DeKfbrwk9No,4002312359607766146,threads,alysyqina,nasib tak pernah beli hehe,2026-10-07 07:27:14,,0,0
https://www.threads.com/@_zrhjkt_/post/DeKfbrwk9No,4002441933855202629,threads,zakaskemoz,Koyak,2026-10-07 11:44:41,,0,0
https://www.threads.com/@_zrhjkt_/post/DeKfbrwk9No,4002326849880282209,threads,brainykitycat,LETSSS BOIKOTTTT,2026-10-07 07:56:02,,1,0
https://www.threads.com/@_zrhjkt_/post/DeKfbrwk9No,4002353419821627228,threads,akangdhanzz,Asyik adek kakak berantem ✨😂😂😂 temen ku org Malay kita ketawa breng,2026-10-07 08:48:49,,0,0
https://www.threads.com/@_zrhjkt_/post/DeKfbrwk9No,4002330344112577865,threads,ekadamayan,"Alah berantem lagi, ntar jg baikan lagi. Tontonin aja lah",2026-10-07 08:02:58,,0,0
https://www.threads.com/@_zrhjkt_/post/DeKfbrwk9No,4002382972351352632,threads,mustaffafajra,Sesama mayoritas muslim tapi nak boycott. Pantas Palestine cannot be free until now. Kita saja krn masalah sepele tidak bisa bersatu.,2026-10-07 09:47:32,,0,0
https://www.threads.com/@_zrhjkt_/post/DeKfbrwk9No,4002367993056080117,threads,liilavatiiananda,mang eak,2026-10-07 09:17:46,,0,0
https://www.threads.com/@_zrhjkt_/post/DeKfbrwk9No,4002322342235809430,threads,julyasarah,depresi berat ya kalah ? sabar ya🥹,2026-10-07 07:47:04,,0,0
https://www.threads.com/@_zrhjkt_/post/DeKfbrwk9No,4002394423086885629,threads,ummula.la,"Jangan lupa boikot Tanah Abang, lu orang kalau hari raya belanja dimari😝 Oh iya awas ae masih cfd disini🤪",2026-10-07 10:10:17,,1,0
https://www.threads.com/@_zrhjkt_/post/DeKfbrwk9No,4002357354490879006,threads,putrisnovi,Indo malay itu kayak kakak adik yg gak bisa akur🤣,2026-10-07 08:56:38,,0,0
https://www.threads.com/@_zrhjkt_/post/DeKfbrwk9No,4002381261384548993,threads,audiellamaudy,Busuk hati banget😂,2026-10-07 09:44:08,,0,0
https://www.threads.com/@_zrhjkt_/post/DeKfbrwk9No,4002389916399121379,threads,nusyaeza,Ak xprnh tgok org malaysia smpai nk boikot brand indo... Selama ni kena kutuk kena nganjing pun malaysia ok je...kalah bola pun malaysia ok je...,2026-10-07 10:01:20,,0,0
https://www.threads.com/@_zrhjkt_/post/DeKfbrwk9No,4002204713030493593,threads,alfatqii,Malaysia boikot brand indo mah cuma geli-geli doang  minim efek wkwk,2026-10-07 03:53:22,,277,4
https://www.threads.com/@_zrhjkt_/post/DeKfbrwk9No,4002377403859117511,threads,sr.finn_,brp orang sii yang mau boikot ?se malay ?seriuss ?I think you need this 🪞,2026-10-07 09:36:28,,0,0
https://www.threads.com/@_zrhjkt_/post/DeKfbrwk9No,4002381953546269891,threads,keyokeyol,Aku ingat Ai-cha tu dari syarikat negara china..negara kanoha rupanya..,2026-10-07 09:45:30,,0,0
https://www.threads.com/@_zrhjkt_/post/DeKfbrwk9No,4002392736598827137,threads,qiqirchmd,Tumben boikot. Biasanya ngeklaim 😌,2026-10-07 10:06:56,,0,0
https://www.threads.com/@_zrhjkt_/post/DeKfbrwk9No,4002326823941930831,threads,nrfrrx_,menyirap pula baca comment dengan indon yang taknak kalah,2026-10-07 07:55:58,,18,0
https://www.threads.com/@_zrhjkt_/post/DeKfbrwk9No,4002401407266254216,threads,nurrsy4a,Fuh! Lega tak perlu boikot sebab memang tak pakai & tak ambil tahu pun pasal brand Indo ni ▓,2026-10-07 10:24:09,,1,0
https://www.threads.com/@_zrhjkt_/post/DeKfbrwk9No,4002378918430798191,threads,annsfathir,apa sih sumpah ini pertengkaran makin lama makin gajelas sampe ke boikot2 lah ini itulah padahal dari bola🥲 aku punya tmn malaysia baik banget padahal,2026-10-07 09:39:29,,0,0
https://www.threads.com/@_zrhjkt_/post/DeKfbrwk9No,4002358039488460524,threads,capibayaaaaaaaa,Wih ramee nih wkwk,2026-10-07 08:58:00,,0,0
https://www.threads.com/@_zrhjkt_/post/DeKfbrwk9No,4002407891718046664,threads,andiarmadi,"Boycot aja kali, gak ngaruh banget 🤣🤣🤣",2026-10-07 10:37:02,,0,0
https://www.threads.com/@_zrhjkt_/post/DeKfbrwk9No,4002362952467971459,threads,gigglingjelly_,Akwkwk geli geli doang,2026-10-07 09:07:45,,0,0
https://www.threads.com/@_zrhjkt_/post/DeKfbrwk9No,4002360039273263318,threads,sugiyatnosandikrama,"Kak please bantu boikot beras dan batu bara juga please,. 🙏🏼 the best boikot ever kak",2026-10-07 09:01:58,,0,0
https://www.threads.com/@_zrhjkt_/post/DeKfbrwk9No,4002321950453094399,threads,dynamic.n.organic,"Baguslah ribut aja kalean, ketimbang bahas pemerintah Indonesia justru bikin gw pusing, bahas lain aja dah, suka gw😂",2026-10-07 07:46:17,,1,0
https://www.threads.com/@_zrhjkt_/post/DeKfbrwk9No,4002321243898914873,threads,umiesofeamasae,Apa. Maksud bendera tu,2026-10-07 07:44:53,,0,0
https://www.threads.com/@_zrhjkt_/post/DeKfbrwk9No,4002380094715359599,threads,ssuufi,"Engga punya produk asli buatan malay ya? Sampe belinya produk indo🤣🤣
Kasian kasian ahahah",2026-10-07 09:41:49,,0,0
https://www.threads.com/@_zrhjkt_/post/DeKfbrwk9No,4002336040555397695,threads,diniycn,"indirectly worked with Wardah company founders, memang geleng kepala tngok cara diorang but business.",2026-10-07 08:14:17,,0,0
https://www.threads.com/@_zrhjkt_/post/DeKfbrwk9No,4002425350064516382,threads,wawantra02,gak ngaruh juga mang kenapa sih😂😂😂😂😂,2026-10-07 11:11:44,,0,0
https://www.threads.com/@_zrhjkt_/post/DeKfbrwk9No,4002335397543224114,threads,diatnugrahaid,nah kalo ini silahkan boikot,2026-10-07 08:13:01,,0,0
https://www.threads.com/@_zrhjkt_/post/DeKfbrwk9No,4002319716560000054,threads,bunhawkitchen.curug,"Lebay ihhh, kalo kalah ya kalah aja kali. Gegara bola doang aelah, upin ipin noh masih bawa susanti.",2026-10-07 07:41:51,,0,0
https://www.threads.com/@_zrhjkt_/post/DeKfbrwk9No,4002332776531673278,threads,lansmemoir,Wkwkwk kocak juga warga malay😂😂,2026-10-07 08:07:48,,0,0
https://www.threads.com/@_zrhjkt_/post/DeKfbrwk9No,4002393881408291260,threads,hannayeouncoo,Geli2 doang ini mah wkwkw,2026-10-07 10:09:12,,0,0
https://www.threads.com/@_zrhjkt_/post/DeKfbrwk9No,4002444643946159164,threads,citloey,yakin? cuma itu aja?,2026-10-07 11:50:04,,0,0
https://www.threads.com/@_zrhjkt_/post/DeKfbrwk9No,4002320642150160581,threads,mrs_tyrara,Memang la beza. Jauh sangat beza. Sebab dia tak setanding dengan negara2 lain. Dia terpaling segalanya. Kita dengan negara2 lain sama2 maju. Dia ‘terpaling’ maju. Tu sebab dia sorang2 je kat situ.,2026-10-07 07:43:42,,0,0
https://www.threads.com/@_zrhjkt_/post/DeKfbrwk9No,4002434354496241772,threads,iam.aladin_,serius mau boikot? batubara di stop buat negara malaysia gimana? 😂😂,2026-10-07 11:29:37,,0,0
https://www.threads.com/@_zrhjkt_/post/DeKfbrwk9No,4002385119382476704,threads,flamboyant.dees,Boikot lahh,2026-10-07 09:51:48,,0,0
https://www.threads.com/@_zrhjkt_/post/DeKfbrwk9No,4002359228077397529,threads,rekamaydina,Move on la baby😌😂,2026-10-07 09:00:21,,0,0
https://www.threads.com/@_zrhjkt_/post/DeKfbrwk9No,4002313546443625392,threads,mrs_n08,Nasib baik la xpernah beli🤣,2026-10-07 07:29:36,,0,0
https://www.threads.com/@_zrhjkt_/post/DeKfbrwk9No,4002431046666901296,threads,anwarjasniofficial,Haaa main gile😂,2026-10-07 11:23:03,,0,0
https://www.threads.com/@_zrhjkt_/post/DeKfbrwk9No,4002373647936102468,threads,____mutte,"Ih berisik banget gegara menang bola, kemana mana bahasan nya 🥹",2026-10-07 09:29:00,,0,0
https://www.threads.com/@_zrhjkt_/post/DeKfbrwk9No,4002387912461325192,threads,reza_6633,Ok stock yg ada boleh spray jamban,2026-10-07 09:57:21,,0,0
https://www.threads.com/@_zrhjkt_/post/DeKfbrwk9No,4002409673954394232,threads,amirzein_hamziyah,Yang di boikot produk tapi yang du claim budaya 🤭,2026-10-07 10:40:35,,0,0
https://www.threads.com/@_zrhjkt_/post/DeKfbrwk9No,4002416158658529564,threads,indylesta_,"Padahal perkara kalah bola tapi sampai main boikot-boikotan, bully”an, untuk pertandingan Asian game ga tiap tahun ya 🙌🏽",2026-10-07 10:53:28,,0,0
https://www.threads.com/@_zrhjkt_/post/DeKfbrwk9No,4002444739022548930,threads,put.on.threads,"Ada gila2nya deh padahal itu kan jokes overproud aja, sampe mau masuk liga eropa ceunah, padahal kan ya kita semua tauu gak mungkin loh, kenapa gtu aja ketrigger sih warga sana? Heran bgt pada has no chill 😮‍💨😂",2026-10-07 11:50:15,,0,0
https://www.threads.com/@_zrhjkt_/post/DeKfbrwk9No,4002411815237675543,threads,biandikapy_,PENGARUH tuhhhh,2026-10-07 10:44:50,,0,0
https://www.threads.com/@_zrhjkt_/post/DeKfbrwk9No,4002422858815023101,threads,ranty.hndyn,"Wkwkwkwk boikot lah, rakyat seitil aja hatinya panasan",2026-10-07 11:06:47,,0,0
https://www.threads.com/@_zrhjkt_/post/DeKfbrwk9No,4002334798060450152,threads,baguss48,gak ngaruh makcik wkwkwk,2026-10-07 08:11:49,,0,0
https://www.threads.com/@_zrhjkt_/post/DeKfbrwk9No,4002422964997444227,threads,siklonsenyar,"bodo amat, gue beli kahf langsung sebandel bandelnya awokwwok.",2026-10-07 11:06:59,,0,0
https://www.threads.com/@_zrhjkt_/post/DeKfbrwk9No,4002383270817417721,threads,sriwhayns,Iya gapapa boleh banget kok di boikot. Ayo warga malay tambahin aja list yg perlu diboikot. Jgn cm makanan mnuman kosmetik dan fashion. Semua aspek dari indo gapapa di boikot. Gapapa banget. Lanjutkan ya🤦‍♀️,2026-10-07 09:48:07,,0,0
https://www.threads.com/@_zrhjkt_/post/DeKfbrwk9No,4002354972763805036,threads,ayuuu.ptr11,Yaudah kalian janji ya ga jastip chikuro lagi 🥺👉👈,2026-10-07 08:51:54,,0,0
https://www.threads.com/@_zrhjkt_/post/DeKfbrwk9No,4002394457546899205,threads,lo_jual_gue_nawar,Putin pitin kali yg ngomong gini 🤣 bukan putin presiden rusia 🤣🤣🤣,2026-10-07 10:10:21,,0,0
https://www.threads.com/@_zrhjkt_/post/DeKfbrwk9No,4002391333554565064,threads,komdigi.ri,"Katanya SDM lebih maju.
Masa perkara bola sampai sebegitunya. 

Saya kira negara maju seperti yang di sana2.",2026-10-07 10:04:09,,0,0
https://www.threads.com/@_zrhjkt_/post/DeKfbrwk9No,4002327181045769313,threads,brainykitycat,aku nak g bakar kedai kahf,2026-10-07 07:56:41,,1,0
https://www.threads.com/@_zrhjkt_/post/DeKfbrwk9No,4002329911528503180,threads,feaitsatsu,Gara gara bola bawelnya ampe kemana mana.. kurang hiburan yaaa,2026-10-07 08:02:07,,0,0
https://www.threads.com/@_zrhjkt_/post/DeKfbrwk9No,4002405916595056427,threads,nahebrahm_,"Kosakatanya Malingsia makin makin yee campur gajelas, mau ikut ikutan tapi agak janggal WKWKW",2026-10-07 10:33:07,,0,0
https://www.threads.com/@_zrhjkt_/post/DeKfbrwk9No,4002342172619836243,threads,ohmyoli__,Boikot Jgn tak boikot!!,2026-10-07 08:26:28,,0,0
https://www.threads.com/@_zrhjkt_/post/DeKfbrwk9No,4002405665296970449,threads,megat_yaesree,Masalah saya suka Kahf. Pencuci muka saya Kahf. Hahahahahha perfume pun ada tp da habis.,2026-10-07 10:32:37,,0,0
https://www.threads.com/@_zrhjkt_/post/DeKfbrwk9No,4002359425864273611,threads,itswarplace,Minta laaa sama raja korang untuk boikot semua product dari indonesia termasuk beras dan batu bara tu wkwk,2026-10-07 09:00:45,,0,0
https://www.threads.com/@_zrhjkt_/post/DeKfbrwk9No,4002372326863826056,threads,zlk.lika,Waw panas yaa... indo menang,2026-10-07 09:26:23,,0,0
https://www.threads.com/@_zrhjkt_/post/DeKfbrwk9No,4002181530332165229,threads,erlangga.adpr,Ngaruh emang?,2026-10-07 03:07:18,,88,2
https://www.threads.com/@_zrhjkt_/post/DeKfbrwk9No,4002384668948138789,threads,tamzsenpai,ih childish banget lo,2026-10-07 09:50:54,,0,0
https://www.threads.com/@_zrhjkt_/post/DeKfbrwk9No,4002343099963769793,threads,_mnnliss,Hawimau geram,2026-10-07 08:28:19,,0,0
https://www.threads.com/@_zrhjkt_/post/DeKfbrwk9No,4002342797126602545,threads,jieysf,tak pernah pkai langsung produk sana HAHAHAHA acah mcm sumbangannya banyak dlm malaysia padahal org sini tak pkai pun produknyaaa 🤭,2026-10-07 08:27:43,,0,0
https://www.threads.com/@_zrhjkt_/post/DeKfbrwk9No,4002358270467735445,threads,ar.anwar6_,"Tumben di boikot, Biasanya di Klaim?",2026-10-07 08:58:27,,0,0
https://www.threads.com/@_zrhjkt_/post/DeKfbrwk9No,4002416021343908234,threads,mmatchagreenteaaa,Good luck,2026-10-07 10:53:12,,0,0
https://www.threads.com/@_zrhjkt_/post/DeKfbrwk9No,4002334761041429234,threads,sanssseptian,GAK NGARUH WLEEE,2026-10-07 08:11:45,,0,0
https://www.threads.com/@_zrhjkt_/post/DeKfbrwk9No,4002366573234819701,threads,is_farishaziq,"apa jadi ni, train mana aku terlepas ni?",2026-10-07 09:14:57,,0,0
https://www.threads.com/@_zrhjkt_/post/DeKfbrwk9No,4002345580877836964,threads,yogijoee,Si iri dengki dr negara give away 🤣,2026-10-07 08:33:14,,0,0
https://www.threads.com/@_zrhjkt_/post/DeKfbrwk9No,4002362690675766491,threads,__aalesa,Nitipppp yaaa ntar baru balik lagi baca komennya soalnya lucuuuu😭 mokeerjaaa dlu gueee,2026-10-07 09:07:14,,0,0
https://www.threads.com/@_zrhjkt_/post/DeKfbrwk9No,4002401628464318143,threads,cloudninestudiodesign,"haish aku minat wardah masalahnya, dah kena boikot , tapi aku sanggup tukar 😮‍💨🙏🏻",2026-10-07 10:24:36,,0,0
https://www.threads.com/@_zrhjkt_/post/DeKfbrwk9No,4002374084653600871,threads,gitaafuji,"Agak lucu ya, cuma karna kalah bola, jadi boikot produk indonesia 🤣 ngambek ceritanya",2026-10-07 09:29:52,,0,0
https://www.threads.com/@_zrhjkt_/post/DeKfbrwk9No,4002313633290866782,threads,mieyaazman,Baru aku sedar aku tak beli brand2 indon dlm kehidupan harian aku 😂,2026-10-07 07:29:46,,82,1
https://www.threads.com/@_zrhjkt_/post/DeKfbrwk9No,4002445534061745075,threads,medinaaleisya1999,Same… Sy kalau beli pun glad2glow dengan wardah tu sebab ada dekat watsons. Level indomie yg femes tu pun tak pernah beli,2026-10-07 11:51:50,,0,0
https://www.threads.com/@_zrhjkt_/post/DeKfbrwk9No,4002250990220884138,threads,_syafeez,mari warga malaysia kita boikot apa2 produk dari indon. kita tunjuk kebodohan indon ni smpai mna. biar dia bersyukur negara dia sebodoh tu.,2026-10-07 05:25:18,,70,1
https://www.threads.com/@_zrhjkt_/post/DeKfbrwk9No,4002371575017443149,threads,daksa_ku,"boycot aja dawg, penduduk cuma se gelas sok"" an boycot, puncak komedi cuma geli geli rasanya sksk",2026-10-07 09:24:53,,0,1
https://www.threads.com/@_zrhjkt_/post/DeKfbrwk9No,4002421781752193919,threads,anismas_,Sorry kitorng byk duit xmcm korang rakyat byk tp xde duit cuyyy,2026-10-07 11:04:38,,0,0
https://www.threads.com/@_zrhjkt_/post/DeKfbrwk9No,4002348519154355638,threads,b1ta.a,"tumben di boikot, biasanya di claim wkwkwk🙊🙈",2026-10-07 08:39:05,,0,0
https://www.threads.com/@_zrhjkt_/post/DeKfbrwk9No,4002400062126929851,threads,alvmuthiaf,lebay bgt perkara bola doang ga abis2 sakit hati nya dibawa kemana mana 🤣🤣,2026-10-07 10:21:29,,0,0
https://www.threads.com/@_zrhjkt_/post/DeKfbrwk9No,4002385633477880387,threads,selerahumorreceh_,Sesakit hti itu kah apa gimna 😩,2026-10-07 09:52:49,,0,0
https://www.threads.com/@_zrhjkt_/post/DeKfbrwk9No,4002391700421169312,threads,dhimarjati,"batubara, indomie tidak kau boikot juga? wkwk",2026-10-07 10:04:52,,0,0
https://www.threads.com/@_zrhjkt_/post/DeKfbrwk9No,4002374807199037004,threads,nur_ilmiah_96,Tak takutt pun🤣🤣🤣🤣,2026-10-07 09:31:19,,0,0
https://www.threads.com/@_zrhjkt_/post/DeKfbrwk9No,4002342261782446626,threads,shafinnna,richeese,2026-10-07 08:26:39,,0,0
https://www.threads.com/@_zrhjkt_/post/DeKfbrwk9No,4002353884878296874,threads,hallolaundrysepatu,Yaelah rakyat secuil aja sok nge boikot,2026-10-07 08:49:44,,1,0
https://www.threads.com/@_zrhjkt_/post/DeKfbrwk9No,4002333493086365760,threads,setyo.w_,yo tak usah kau pakai,2026-10-07 08:09:14,,1,1
https://www.threads.com/@_zrhjkt_/post/DeKfbrwk9No,4002382609804169097,threads,mannasdrnn,sabar mas setyo ultra marathoner,2026-10-07 09:46:49,,0,0
https://www.threads.com/@_zrhjkt_/post/DeKfbrwk9No,4002390389072012677,threads,ffieylee,"lah, ramai juga ya yang bangga duit dorang sudah kena sailang smpai triliun tpi ekonomi katanya masih okay2 saja hehe",2026-10-07 10:02:16,,0,0
https://www.threads.com/@_zrhjkt_/post/DeKfbrwk9No,4002383143847438102,threads,anggianggreaniii,Ga ngaruh dengan negaramu yang se itil itu wkwk,2026-10-07 09:47:52,,0,0
https://www.threads.com/@_zrhjkt_/post/DeKfbrwk9No,4002327612571697597,threads,loopylad_2,Lah kahf ni indon punya ke ? Ahahahah patut ah tak tahan lamaa,2026-10-07 07:57:33,,0,0
https://www.threads.com/@_zrhjkt_/post/DeKfbrwk9No,4002326969819530249,threads,inaara_aisya,Petronas diaorg pernah boikot …. Nie brand cap ayam depa nie mmg kita boikot sampai kiamat,2026-10-07 07:56:16,,48,3
https://www.threads.com/@_zrhjkt_/post/DeKfbrwk9No,4002424978154921292,threads,redyb_setya,Yakin mau boikot produk2 indonesia.. Boikot saja. Dgn rakyat segelintir itu tak mungkin bisa membuat produk itu bangkrut. Tengok tuh rakyat indonesia sebanyak apa,2026-10-07 11:10:59,,0,0
https://www.threads.com/@_zrhjkt_/post/DeKfbrwk9No,4002394993319791875,threads,anggrainiwulandari,Gegayaan mau boikot2. Lagu negaranya aja ciptaan org indonesia wkwkw,2026-10-07 10:11:25,,0,0
https://www.threads.com/@_zrhjkt_/post/DeKfbrwk9No,4002426853689192567,threads,tyas.rar,"Alhamdulillah, lanjut ya baby jangan sampai gagal😙💋❤️",2026-10-07 11:14:43,,0,0
https://www.threads.com/@_zrhjkt_/post/DeKfbrwk9No,4002339762916497532,threads,bar_bungsu,"Gw liat gak ada postingan nya, karna udah hapus atau karna gw salah akun?",2026-10-07 08:21:41,,0,0
https://www.threads.com/@_zrhjkt_/post/DeKfbrwk9No,4002331702143688545,threads,mtrut.h,boikot pemerintah kita kak plis,2026-10-07 08:05:40,,0,0
https://www.threads.com/@_zrhjkt_/post/DeKfbrwk9No,4002438136870016893,threads,ibuna_ndda,Boikot batu bara donk,2026-10-07 11:37:08,,0,0
https://www.threads.com/@_zrhjkt_/post/DeKfbrwk9No,4002369879043256150,threads,ruang_motivasiku,ga ngaruh ga sih?,2026-10-07 09:21:31,,0,0
https://www.threads.com/@_zrhjkt_/post/DeKfbrwk9No,4002424780015748381,threads,st44rdusttt,we dont care pakcik,2026-10-07 11:10:36,,0,0
https://www.threads.com/@_zrhjkt_/post/DeKfbrwk9No,4002359561751362136,threads,arzamanid,wkwkw di boykot balik nanti panik,2026-10-07 09:01:01,,0,0
https://www.threads.com/@_zrhjkt_/post/DeKfbrwk9No,4002356447539303575,threads,nnd.ciaaa,"YAELAHHH…
KALAH MAH KALAH AJA 😂",2026-10-07 08:54:50,,0,0
https://www.threads.com/@_zrhjkt_/post/DeKfbrwk9No,4002346869569042509,threads,shinydarknessx,"Makcik blok musik Indonesia dong sekalian. 
Bisa ngk tuh kafe2 di Malaysia ngk mainin musik Indonesia lg?? 
Atau rakyat Malaysia ngk usah denger musik Malaysia",2026-10-07 08:35:48,,0,0
https://www.threads.com/@_zrhjkt_/post/DeKfbrwk9No,4002378399821740175,threads,iyainaja.hhe,kenapa sih😭😭,2026-10-07 09:38:27,,0,0
https://www.threads.com/@_zrhjkt_/post/DeKfbrwk9No,4002344681761573801,threads,ceritasililoo,"iyaa boleh boikot aja, jangan lupa batik batik yang kalian punya juga boikot yaa.. ituu asalnyaa dari pulau jawa di Indonesia soalnya.🇮🇩🥇",2026-10-07 08:31:27,,0,0
https://www.threads.com/@_zrhjkt_/post/DeKfbrwk9No,4002335025458815541,threads,mayanfby,iye takpe,2026-10-07 08:12:16,,0,0
https://www.threads.com/@_zrhjkt_/post/DeKfbrwk9No,4002371447754902684,threads,muhammadsholehmarzuqi,"Marahnya adek selalu bikin kakaknya gemes, kami tetap sayang kak ros ipin upin, meski lagi marah dan ngambek",2026-10-07 09:24:38,,0,0
https://www.threads.com/@_zrhjkt_/post/DeKfbrwk9No,4002411361985000395,threads,violadns,Ngakak banget woyyy bapernya sampe anak cucu mereka ini 🤣🤣🤣,2026-10-07 10:43:56,,0,0
https://www.threads.com/@_zrhjkt_/post/DeKfbrwk9No,4002373729497881785,threads,sayyidaahns,Aman aku tetap beli koo 😍😘,2026-10-07 09:29:10,,0,0
https://www.threads.com/@_zrhjkt_/post/DeKfbrwk9No,4002334662451002085,threads,heyyitsgaa,"boikot aja jangan lupa makanan, minuman,budaya,musik,biar ga di claim lagi🤭",2026-10-07 08:11:33,,0,0
https://www.threads.com/@_zrhjkt_/post/DeKfbrwk9No,4002350727179083227,threads,nabbilakintanmua,Takutnyeeeee~,2026-10-07 08:43:28,,0,0
https://www.threads.com/@_zrhjkt_/post/DeKfbrwk9No,4002390547423736322,threads,newlabel.co,Ini serius awalnya dari bola? Receh banget 🤣. Banyak hal yg lebih penting untuk dibahas guys,2026-10-07 10:02:35,,0,0
https://www.threads.com/@_zrhjkt_/post/DeKfbrwk9No,4002363302432679369,threads,sanem1ne,Udah kalah gondok,2026-10-07 09:08:27,,0,0
https://www.threads.com/@_zrhjkt_/post/DeKfbrwk9No,4002343826626310711,threads,itsmenano96,"korang mana punya skincare, hasil bumi pun tak ada 😆",2026-10-07 08:29:45,,0,0
https://www.threads.com/@_zrhjkt_/post/DeKfbrwk9No,4002351825852902796,threads,rv.sch8,"boikot juga dong minyak sawit dan batubara dari kita, langsung primitif kelen",2026-10-07 08:45:39,,0,0
https://www.threads.com/@_zrhjkt_/post/DeKfbrwk9No,4002372104490239302,threads,rhynvmn,"dah la negara sebesar kabupaten, suka klaim budaya orang, banyak tingkah",2026-10-07 09:25:56,,0,0
https://www.threads.com/@_zrhjkt_/post/DeKfbrwk9No,4002354810804456933,threads,muizzmannnnn,Nasib tk pernah pakai,2026-10-07 08:51:35,,0,0
https://www.threads.com/@_zrhjkt_/post/DeKfbrwk9No,4002421062864200750,threads,sugar_plumbie,Kasian banget dirinya penuh kebencian,2026-10-07 11:03:13,,0,0
https://www.threads.com/@_zrhjkt_/post/DeKfbrwk9No,4002425687109736456,threads,yulinaindah_sari,"Silahkan di boykot. Awas aja ke batam beli fresh care, minyak kayu putih, detergent ber kotak2 yaa 😝",2026-10-07 11:12:24,,0,0
https://www.threads.com/@_zrhjkt_/post/DeKfbrwk9No,4002345914098879009,threads,ariyanti0518,Adik kakak berantem lagi ya? 😅,2026-10-07 08:33:54,,0,0
https://www.threads.com/@_zrhjkt_/post/DeKfbrwk9No,4002346418077430944,threads,raveri__,"Iye iye sekalian dong boikot lagu lagu indo, disana banyak beut gue dengar lagu indo, menggalau sono pake lagu malay",2026-10-07 08:34:54,,0,0
https://www.threads.com/@_zrhjkt_/post/DeKfbrwk9No,4002332329108540789,threads,dessert911_,padahal isinya paragon corp di malay mostly orang lokal sana juga .. kalian boikot kalian juga yang hilang pekerjaan🥲,2026-10-07 08:06:55,,10,0
https://www.threads.com/@_zrhjkt_/post/DeKfbrwk9No,4002347852420288079,threads,larasmawarti,Pada kenapa seh,2026-10-07 08:37:45,,0,0
https://www.threads.com/@_zrhjkt_/post/DeKfbrwk9No,4002352895064517900,threads,_diassudharma,Penduduk dengan tingkat kebaperan paling tinggi 😂🤣😭,2026-10-07 08:47:46,,0,0
https://www.threads.com/@_zrhjkt_/post/DeKfbrwk9No,4002443089318844999,threads,0_faynil4,Alamak takutnyoo,2026-10-07 11:46:58,,0,0
https://www.threads.com/@_zrhjkt_/post/DeKfbrwk9No,4002372875713654764,threads,haru1710_,Nasib tak pandang brand diorang ni😂😂 satu pon aku tak pernah beli,2026-10-07 09:27:28,,0,0
https://www.threads.com/@_zrhjkt_/post/DeKfbrwk9No,4002389155695416647,threads,kenneth_chai,I never heard this brand before😭,2026-10-07 09:59:49,,0,0
https://www.threads.com/@_zrhjkt_/post/DeKfbrwk9No,4002410469595772460,threads,m_s_8830,"Aku x pernah beli brand kahf ni,sory ar Aku support lokal je mcm de'xandra gitu..",2026-10-07 10:42:10,,0,0
https://www.threads.com/@_zrhjkt_/post/DeKfbrwk9No,4002337172916994412,threads,gerardy_p,Kenapa jd main boikot boikotan gini dah,2026-10-07 08:16:32,,0,0
https://www.threads.com/@_zrhjkt_/post/DeKfbrwk9No,4002336700680516385,threads,lion.9910478,"bdo gak konoha ni, bila kate nak boikot pastu masuk pasal arang batu, pastu kalau arang batu indo tak dpt eksport Malaysia mana nak dapat duit? nak ke jadi macam kes udang Thailand tu",2026-10-07 08:15:36,,6,1
https://www.threads.com/@_zrhjkt_/post/DeKfbrwk9No,4002412111876652302,threads,anismas_,Entahnyaa die xtau kes udang tu sbb ape sbb x amek tau pun die amek tau psal negara die je mehhh...xtau smpai pening kepala penternak udang kt thai sana lepas kene counter back 🤣,2026-10-07 10:45:26,,1,0
https://www.threads.com/@_zrhjkt_/post/DeKfbrwk9No,4002430529718928889,threads,azuela_camilla,Perihal apa pulak.. chill la guys tak perlu kelahi like a child,2026-10-07 11:22:01,,0,0
https://www.threads.com/@_zrhjkt_/post/DeKfbrwk9No,4002328353730143914,threads,sukmadwilestari,Biar apasi maniez,2026-10-07 07:59:01,,0,0
https://www.threads.com/@_zrhjkt_/post/DeKfbrwk9No,4002377014066380918,threads,stcfx_,Ga papa lah diboikot di village doang,2026-10-07 09:35:42,,0,0
https://www.threads.com/@_zrhjkt_/post/DeKfbrwk9No,4002424316302070381,threads,ferdiahmdhrdian,"Awoakwoakwok malaysia,sangkin produk lokalnya ga ada yg ternama,makanya produk tetangga pun harus membanjiri pasar mereka",2026-10-07 11:09:40,,0,0
https://www.threads.com/@_zrhjkt_/post/DeKfbrwk9No,4002428972633914609,threads,bgjangraha,Macam rakyat nya banyak saja 🤣🤣🤣🤣,2026-10-07 11:18:56,,0,0
https://www.threads.com/@_zrhjkt_/post/DeKfbrwk9No,4002450103638221941,threads,yenikrisdayanti,Gak nyangka sesakit hati ituu yaa kaliann smpe semua brand di list😭,2026-10-07 12:00:55,,0,0
https://www.threads.com/@_zrhjkt_/post/DeKfbrwk9No,4002331385112644481,threads,lasyai.official,LOL 🤣🤣,2026-10-07 08:05:02,,0,0
https://www.threads.com/@_zrhjkt_/post/DeKfbrwk9No,4002364795119068151,threads,anisadhaniaprianty,"Ngakak 🤣🤣🤣🤣🤣 i wont do that if i were u. 
Kelakar sangar laaa budak budak ni.",2026-10-07 09:11:25,,0,0
https://www.threads.com/@_zrhjkt_/post/DeKfbrwk9No,4002355776492645303,threads,insunfamily,"Hahaha akuin ajalah kalau kalah ya kalah aja 🤣🤣 segala boikot2 🤣
Bahas passportnya udahan ya? 
Kemarin malah bahas alfabet jg🤣🤣
Parah ya negara si itil 🤣",2026-10-07 08:53:30,,0,0
https://www.threads.com/@_zrhjkt_/post/DeKfbrwk9No,4002358345243102578,threads,repsaifar_,Memang tak beli da perfume kahf..,2026-10-07 08:58:36,,0,0
https://www.threads.com/@_zrhjkt_/post/DeKfbrwk9No,4002395219391851649,threads,verra_wulandary,Siape elu????,2026-10-07 10:11:52,,0,0
https://www.threads.com/@_zrhjkt_/post/DeKfbrwk9No,4002406586541741115,threads,nabilaberlianar,"Apa sih gajelas bgt cuma krn bola sampe boykot"" segala🤣 kek anak kecil pundungan ah hadehh",2026-10-07 10:34:27,,0,0
https://www.threads.com/@_zrhjkt_/post/DeKfbrwk9No,4002418067753261314,threads,not.found.eror.zzz,"kak dibaca ya, sekalian tolong boycot rendang, batik, gamelan, nasi padang, ayam gepuk. bacaaa ya kak baca",2026-10-07 10:57:16,,2,0
https://www.threads.com/@_zrhjkt_/post/DeKfbrwk9No,4002434443205644574,threads,konbanwawa,Jgn lupa boikot mineral dan sawitnya ya please,2026-10-07 11:29:48,,0,2
https://www.threads.com/@_zrhjkt_/post/DeKfbrwk9No,4002378427127430631,threads,yuuforsureee,letsgoo boikot,2026-10-07 09:38:30,,0,0
https://www.threads.com/@_zrhjkt_/post/DeKfbrwk9No,4002312503312945401,threads,bapak_kebut91,"Yakin boikot indofood?
Sayang banget. Rasa ayam bawang yang gak bisa ditolak ketika hujan turun. Yang wanginya bisa penuh 1 ruangan kalau bumbunya udah di aduk bareng mie yang sudah dimasak. Yang mie gorengnya setia nemenin berenang walaupun pas dibuka sudah keras. Yang cabe ijo nya paling top sekelas mie instant.

Yakin?
Kalo yakin mah gpp.

Semoga konsisten.",2026-10-07 07:27:31,,3,0
https://www.threads.com/@_zrhjkt_/post/DeKfbrwk9No,4002356829145521041,threads,fairry.____,"okay bye aku takkan dh guna brand sampah ni, dulu bukan main aku support",2026-10-07 08:55:35,,6,0
https://www.threads.com/@_zrhjkt_/post/DeKfbrwk9No,4002378805385214430,threads,hudaa_9225,"Aku jg mau boikot produk kalian, tapi gak tau produk yg kalian jual apa. 😭",2026-10-07 09:39:15,,0,0
https://www.threads.com/@_zrhjkt_/post/DeKfbrwk9No,4002364542888837057,threads,uwikk.yeppo,"tumben boikot, biasanya ngeklaim",2026-10-07 09:10:55,,0,0
https://www.threads.com/@_zrhjkt_/post/DeKfbrwk9No,4002362840950503176,threads,elpiana_ylynti,"It just a joke, janganlah serius2 bangett. Dari dulu itu emang internal jokes kita maen tengil2an dari twitter",2026-10-07 09:07:32,,0,0
https://www.threads.com/@_zrhjkt_/post/DeKfbrwk9No,4002325037126229435,threads,ssyifawz,Cuma sampe tenggorokan aja kalau di boikot malaysia mah. Gue boikot juga coklat beryl’s kalian yaahh 🤣🤣,2026-10-07 07:52:25,,7,1
https://www.threads.com/@_zrhjkt_/post/DeKfbrwk9No,4002329528605063053,threads,hbilazman_,"Jangan datang Malaysia, aku boikot kalian mulai hari ini",2026-10-07 08:01:21,,1,3
https://www.threads.com/@_zrhjkt_/post/DeKfbrwk9No,4002437100717278489,threads,znuha7,MARI KITA MULAKAN,2026-10-07 11:35:05,,1,0
https://www.threads.com/@_zrhjkt_/post/DeKfbrwk9No,4002373762305721801,threads,lessicelesssweet,Jangan kayak fizi,2026-10-07 09:29:14,,0,0
https://www.threads.com/@_zrhjkt_/post/DeKfbrwk9No,4002386738877648647,threads,awa.smaulewat,lebay bgt dah warga malaysiahhhh🤣,2026-10-07 09:55:01,,1,0
https://www.threads.com/@_zrhjkt_/post/DeKfbrwk9No,4002327394107246023,threads,urcalicomeo,yaelah negara seupil banyak bat lagu,2026-10-07 07:57:06,,0,0
https://www.threads.com/@_zrhjkt_/post/DeKfbrwk9No,4002414559160729041,threads,hawinwidyo,boikot prabowo juga dong kak,2026-10-07 10:50:17,,0,0
https://www.threads.com/@_zrhjkt_/post/DeKfbrwk9No,4002369977088998873,threads,songelcil_,awas ae lek botoh,2026-10-07 09:21:43,,0,0
https://www.threads.com/@_zrhjkt_/post/DeKfbrwk9No,4002336063079199170,threads,fajarklanatanjung,Cranky little brother,2026-10-07 08:14:20,,0,0
https://www.threads.com/@_zrhjkt_/post/DeKfbrwk9No,4002383488317854454,threads,bayu_elsya,Boikot Rendang dan Batik donggg,2026-10-07 09:48:33,,0,0
https://www.threads.com/@_zrhjkt_/post/DeKfbrwk9No,4002343512867555241,threads,oncomgeprekk,"so iye bgt ih netizen malay, mending rebutan klaim batik aja deh drpd ribut perkara bola gini🤣",2026-10-07 08:29:08,,0,0
https://www.threads.com/@_zrhjkt_/post/DeKfbrwk9No,4002427770597789071,threads,amirulruslam,"Orang Malaysia ni jenis tak cakap banyak, sampai nak 24 jam memekak2 bila org cari pasal dgn kami, kami terus bertindak je.

Tahu2 berpuluh2 kedai Mcd & starbuck dah gulung tikau.

Stakat jenama2 Indonesia yg alahai je ni, tunggu dlm masa terdekat je.",2026-10-07 11:16:32,,15,0
https://www.threads.com/@_zrhjkt_/post/DeKfbrwk9No,4002372479091906761,threads,sabrinaartee,heh jumlah rakyat seitil gausah tengil lawan indonesia😆,2026-10-07 09:26:41,,0,0
https://www.threads.com/@_zrhjkt_/post/DeKfbrwk9No,4002326021161288532,threads,hmmaeri,Mau ikutan boikot balik apa yng perlu diboikot? Wkwk kamu gapunya apa apa🤣,2026-10-07 07:54:23,,0,0
https://www.threads.com/@_zrhjkt_/post/DeKfbrwk9No,4002450683123483992,threads,rahma.fadhilah_,sakit hati karna bola sampe segitunya yaa wkwkwk lucu lucu banget penduduk malaysia ini🤣,2026-10-07 12:02:04,,0,0
https://www.threads.com/@_zrhjkt_/post/DeKfbrwk9No,4002415569642521796,threads,gottalovenisaa,Berisik bgt ada apa si,2026-10-07 10:52:18,,0,0
https://www.threads.com/@_zrhjkt_/post/DeKfbrwk9No,4002316482893738786,threads,bobby1357900,Warga seuprit banyak tingkah 😭,2026-10-07 07:35:26,,0,0
https://www.threads.com/@_zrhjkt_/post/DeKfbrwk9No,4002346915682129975,threads,virdaputh_,boikot aja kaya rakyat banyak ajaa HAHA,2026-10-07 08:35:54,,0,0
https://www.threads.com/@_zrhjkt_/post/DeKfbrwk9No,4002433935879525975,threads,pinokio.cup,Kami pun najis brand lokal kami dipake sama kelen orang malay🤭,2026-10-07 11:28:47,,0,0
https://www.threads.com/@_zrhjkt_/post/DeKfbrwk9No,4002340272750924469,threads,snrlaa_,Bodoamat ah gak panik cuma diboikot sama warga sebelah mah 🤣 tapi upin-ipin jangan dihilangkan dari TV Indonesia ya 😭,2026-10-07 08:22:42,,0,0
https://www.threads.com/@_zrhjkt_/post/DeKfbrwk9No,4002349394304712459,threads,belarinavelvet,barisan sakit hati kalah bola kah?😭😭,2026-10-07 08:40:49,,0,0
https://www.threads.com/@_zrhjkt_/post/DeKfbrwk9No,4002416037107835893,threads,haderz._,sory ga ngaruh WKWK😹😹,2026-10-07 10:53:14,,0,0
https://www.threads.com/@_zrhjkt_/post/DeKfbrwk9No,4002412048878383989,threads,melyashafitri,Lebay ah Malaysia,2026-10-07 10:45:18,,0,0
https://www.threads.com/@_zrhjkt_/post/DeKfbrwk9No,4002439539428351348,threads,jihanuansa,I really don’t get why u guys r this mad mad???,2026-10-07 11:39:55,,0,0
https://www.threads.com/@_zrhjkt_/post/DeKfbrwk9No,4002369160096111645,threads,wolf.8161675,Ga ngaruh kwkwkwkwk,2026-10-07 09:20:05,,0,0
https://www.threads.com/@_zrhjkt_/post/DeKfbrwk9No,4002427416631881379,threads,luckyjlnsyhhh,baper ko sama team bola wkwk,2026-10-07 11:15:50,,0,0
https://www.threads.com/@_zrhjkt_/post/DeKfbrwk9No,4002338823317165340,threads,dalittleboi,boikot batik dan rendang kami dongg,2026-10-07 08:19:49,,0,0
https://www.threads.com/@_zrhjkt_/post/DeKfbrwk9No,4002380560542659395,threads,arizkieve,"wkwk kenapa sih pundungan banget malaysia, dia yang kalah irinya sama indonesia wkkw",2026-10-07 09:42:44,,0,0
https://www.threads.com/@_zrhjkt_/post/DeKfbrwk9No,4002392550010998813,threads,irfana.c.a.b,Boikot negeri JIRANCOK ga bikin tutup pabrik🤣🤣🤣🐒🐒🐒,2026-10-07 10:06:34,,0,0
https://www.threads.com/@_zrhjkt_/post/DeKfbrwk9No,4002333237846433275,threads,jivvvs,@meta.ai kenapa Indonesia dan Malaysia gk pernah akur 😭🙏,2026-10-07 08:08:43,,1,1
https://www.threads.com/@_zrhjkt_/post/DeKfbrwk9No,4002333497859747260,threads,meta.ai,"Sebenarnya bukan gak pernah akur, lebih kayak sibling rivalry.

Budaya, bahasa, makanan mirip banget jadi gampang saling klaim, ditambah bola, isu pekerja, dan border. Sekarang ditambah algoritma, satu meme kayak kasus boikot Kahf ini aja langsung jadi perang netizen satu negara vs satu negara.

Di real life orang Indonesia-Malaysia di kampus / tempat kerja fine-fine aja kok, yang rame itu biasanya di timeline doang.",2026-10-07 08:09:14,,0,0
https://www.threads.com/@_zrhjkt_/post/DeKfbrwk9No,4002341537292236383,threads,hfizzzt,"jujur alay sih, tapi terserah lah",2026-10-07 08:25:12,,0,0
https://www.threads.com/@_zrhjkt_/post/DeKfbrwk9No,4002422091743833957,threads,fajrinnrmalasarr,kemarin ada kasus yang pemain pemalsuan pemain naturalisasi itu dari negara mana ya?,2026-10-07 11:05:15,,0,0
https://www.threads.com/@_zrhjkt_/post/DeKfbrwk9No,4002358335864691447,threads,alfandimuharam,hawimau hawimau hawimau melayah,2026-10-07 08:58:35,,0,0
https://www.threads.com/@_zrhjkt_/post/DeKfbrwk9No,4002374588206055907,threads,nur_hafidh,"Tumben boikot, biasanya diklaim",2026-10-07 09:30:52,,0,0
https://www.threads.com/@_zrhjkt_/post/DeKfbrwk9No,4002437300532381298,threads,beella_by,"Malaysia ga asik, thailand aja terima kekalahan padahal selangkah lagi itu",2026-10-07 11:35:28,,0,0
https://www.threads.com/@_zrhjkt_/post/DeKfbrwk9No,4002319981899631165,threads,biancvlna_,"Boikot beras dari indonesia juga dong, kan kemarin udah ekspor 1000 ton.",2026-10-07 07:42:23,,1,0
https://www.threads.com/@_zrhjkt_/post/DeKfbrwk9No,4002444858207945560,threads,aziscg,Wkwkwk di boikot sama negara sebiji jagung 😭😭😭,2026-10-07 11:50:29,,0,0
https://www.threads.com/@_zrhjkt_/post/DeKfbrwk9No,4002385944275165527,threads,giiahr,"Utututuuuu tumben diboikot, biasanyaa...🤏",2026-10-07 09:53:26,,0,0
https://www.threads.com/@_zrhjkt_/post/DeKfbrwk9No,4002407276624070906,threads,adatulisanapa,Negara seitil gua lipat juga peta,2026-10-07 10:35:49,,0,0
https://www.threads.com/@_zrhjkt_/post/DeKfbrwk9No,4002415817182671330,threads,ameermuhmhd,Lucu banget perkara kalah smp boikot 🤣,2026-10-07 10:52:47,,0,0
https://www.threads.com/@_zrhjkt_/post/DeKfbrwk9No,4002361497372251281,threads,taraariza,ni Malaysia msh serumpun sm Indonesia sombongnya sombong bgt. Mana close minded bgt lg orang2nya😭🙏,2026-10-07 09:04:52,,1,0
https://www.threads.com/@_zrhjkt_/post/DeKfbrwk9No,4002319280764068310,threads,nisafensi,Ok 👍🏼,2026-10-07 07:40:59,,0,0
https://www.threads.com/@_zrhjkt_/post/DeKfbrwk9No,4002431092341686483,threads,matchaaaaaaaasss,akwoakwoak ga ngaruh,2026-10-07 11:23:08,,0,0
https://www.threads.com/@_zrhjkt_/post/DeKfbrwk9No,4002324692790249154,threads,ayyubtambengi,geli dek,2026-10-07 07:51:44,,0,0
https://www.threads.com/@_zrhjkt_/post/DeKfbrwk9No,4002363995398450400,threads,bubtslovely,Stop pke jedag jedug JJ indo muskin indo remix dangdut genz yehh kan masih di pke juga soundnya kadang2 busett SE boikot itu kann indo wkwkwkwkwkw bawa adem ajaa Upin Ipin aja adem2 aje,2026-10-07 09:09:50,,0,0
https://www.threads.com/@_zrhjkt_/post/DeKfbrwk9No,4002363063659594161,threads,r21dwitiwi,Lagu laguan tengil lu,2026-10-07 09:07:59,,0,0
https://www.threads.com/@_zrhjkt_/post/DeKfbrwk9No,4002390326576966940,threads,ulyaa944,Statement kakak ni aku setuju. Kita free Palestine pun sampai skrg banyak branch2 besarr buat promo dekat pasaraya untuk Amek hati pengguna Malaysia. Tapi tetap tak jalan .,2026-10-07 10:02:09,,0,0
https://www.threads.com/@_zrhjkt_/post/DeKfbrwk9No,4002345823216630298,threads,padilljr,kalian boikotpun ga ngaruh apa apa 😭,2026-10-07 08:33:43,,0,0
https://www.threads.com/@_zrhjkt_/post/DeKfbrwk9No,4002408548201055771,threads,atr19.97,rakyat yg jumlahnya setara pulau gabungan kalimantan mau boikot 🤣🤣 boikot lah jangan ada impor apapn dari indo,2026-10-07 10:38:21,,0,0
https://www.threads.com/@_zrhjkt_/post/DeKfbrwk9No,4002332480355078004,threads,chipmunk.4798945,Yaelah malaydesh mah itungan nya cuma kelurahan disini doank.,2026-10-07 08:07:13,,0,0
https://www.threads.com/@_zrhjkt_/post/DeKfbrwk9No,4002372371910466677,threads,indahmmmph,Ciyee selama ini pengguna produk Indonesia ya? Produk lokalnya kenapa ga dipake?,2026-10-07 09:26:28,,2,0
https://www.threads.com/@_zrhjkt_/post/DeKfbrwk9No,4002376970327999865,threads,hytm.mohd,"Boikot je lah, tak payah bnyk cakap🤣",2026-10-07 09:35:36,,0,0
https://www.threads.com/@_zrhjkt_/post/DeKfbrwk9No,4002422231489769807,threads,febriantoofficial,"maksudnya apa dah, coba di perjelas",2026-10-07 11:05:32,,0,0
https://www.threads.com/@_zrhjkt_/post/DeKfbrwk9No,4002421858950546893,threads,crmllatteev,boikot aja ga ngaruh😝,2026-10-07 11:04:48,,0,0
https://www.threads.com/@_zrhjkt_/post/DeKfbrwk9No,4002336888711268691,threads,ae5kim,"tak lama dah ni , esok lusa kilang dia pulak kena bakar",2026-10-07 08:15:58,,0,0
https://www.threads.com/@_zrhjkt_/post/DeKfbrwk9No,4002357283515502382,threads,bibillupis,"dari sekian banyak bendera, yang ngamuk cuma harimau 😭",2026-10-07 08:56:30,,0,0
https://www.threads.com/@_zrhjkt_/post/DeKfbrwk9No,4002416985682073286,threads,fannieese,kayaknya meskipun diboikot kalian jg ga ngaruh ngaruh banget deh? produk yg kalian boikot itu consumen yg orang indo juga cukup massive,2026-10-07 10:55:07,,0,0
https://www.threads.com/@_zrhjkt_/post/DeKfbrwk9No,4002410392555049876,threads,angela_evelina,napa sih rakyat malaysia hatinya iri dengki begini. sampe boikot” segala.,2026-10-07 10:42:01,,0,0
https://www.threads.com/@_zrhjkt_/post/DeKfbrwk9No,4002414060826197346,threads,karisma_wd08,Kesah dek,2026-10-07 10:49:18,,0,0
https://www.threads.com/@_zrhjkt_/post/DeKfbrwk9No,4002322980466016155,threads,jannahonlyone,Daripada sibuk gaduh pasal hal serantau baik sepakat bersatu halau Rohingya . Tu lagi besar kot nak disuarakan dekat medsos . Jom sama² ajak rakyat tu cakna dengan hak masing² jgn bg pihak atasan mahupun kerajaan ambil kesempatan. Minta kerajaan untuk tetap transparensi dengan segala hak rakyat . Kita ajar rakyat untuk cakna dan bersuara jika hak mereka ditindas .,2026-10-07 07:48:20,,0,0
https://www.threads.com/@_zrhjkt_/post/DeKfbrwk9No,4002443985893317480,threads,tunafzanandrha,starbuck pn dah tkena,2026-10-07 11:48:45,,0,0
https://www.threads.com/@_zrhjkt_/post/DeKfbrwk9No,4002361678087451885,threads,salsabilaberlianaa_,Trus ? 🤣 . Kau kire rakyat indo ni sikit ke pnduduk nye ?🤣 tak ngaruh pun di boikot tetangga aja🤣 kcuali 1 dunia🤪,2026-10-07 09:05:13,,0,0
https://www.threads.com/@_zrhjkt_/post/DeKfbrwk9No,4002449748011909351,threads,frandirudi,penduduk cuma sekabupaten ga ngaruh 🤣,2026-10-07 12:00:12,,0,0
https://www.threads.com/@_zrhjkt_/post/DeKfbrwk9No,4002326476091455742,threads,karenaarv,Cuma gara2 bola aja pada begini WKWKWKWK SDMNYA😑,2026-10-07 07:55:17,,0,1
https://www.threads.com/@_zrhjkt_/post/DeKfbrwk9No,4002328702117431037,threads,hbilazman_,,2026-10-07 07:59:42,,0,0
https://www.threads.com/@_zrhjkt_/post/DeKfbrwk9No,4002417569228355368,threads,ganiantocakra,😂😂😂,2026-10-07 10:56:16,,0,0
https://www.threads.com/@_zrhjkt_/post/DeKfbrwk9No,4002416435121024411,threads,ainiisyy,Diboikot karna menang🤣🤣🤣,2026-10-07 10:54:01,,0,0
https://www.threads.com/@_zrhjkt_/post/DeKfbrwk9No,4002339639142786992,threads,m_.onj4nuary,"produk indon murah n mmpu di beli rakyat indon, malaysia, brunei, manakala produk malaysia ni mahal , majoriti rakyat indon x mmpu memiliki, hahaha",2026-10-07 08:21:26,,4,2
https://www.threads.com/@_zrhjkt_/post/DeKfbrwk9No,4002364656933050741,threads,andisyahputra90,"Jumlah penduduk sekecil itu mau boikot 🫵😂
Sekalian aja kawan kalian singapura, lumayan lah tambah sikit. Tapi kayaknya singapura gak mau karena mereka lebih waras 😂",2026-10-07 09:11:09,,0,0
https://www.threads.com/@_zrhjkt_/post/DeKfbrwk9No,4002374474447052427,threads,strvoddy,"eh kenapasi ko marah”, abis kalah ya?",2026-10-07 09:30:39,,0,0
https://www.threads.com/@_zrhjkt_/post/DeKfbrwk9No,4002367002371038153,threads,maulidyafs,"ini sebenernya gerakan boikot2 siapa yg memulai sih? beneran cuma karna bola doang? kata gue mah lebay, kayak anak kecil gtu loh, ngambek",2026-10-07 09:15:48,,0,0
https://www.threads.com/@_zrhjkt_/post/DeKfbrwk9No,4002349959697617828,threads,zealmulya,"Lah boikot tuh kalau udah urusan agama atau nyawa, kalah kok boikot 😭😂",2026-10-07 08:41:56,,0,0
https://www.threads.com/@_zrhjkt_/post/DeKfbrwk9No,4002343736281574901,threads,fatm.gy,"Bola jangan sampai merusak persaudaraan. Jangan mudah terprovokasi oleh oknum yang mengatasnamakan Indonesia atau Malaysia untuk saling menghina dan memboikot. Kita negara serumpun, sesama saudara dan sama-sama peduli Palestina. Rival di lapangan, tetap saudara di luar lapangan. 🇮🇩🤝🇲🇾🇵🇸",2026-10-07 08:29:35,,1,0
https://www.threads.com/@_zrhjkt_/post/DeKfbrwk9No,4002375919813849954,threads,juwieajwinaaaa,Boikot jela .. dgn jerebu ni! Layak la. Diorg bila susah kita smpai bantu grab bagai la aritu.,2026-10-07 09:33:31,,0,0
https://www.threads.com/@_zrhjkt_/post/DeKfbrwk9No,4002352378351350695,threads,novsmrty,Nye nye nye 🤏,2026-10-07 08:46:45,,0,0
https://www.threads.com/@_zrhjkt_/post/DeKfbrwk9No,4002314465148788609,threads,ajen_ali666,Wah ade gado gado ke,2026-10-07 07:31:25,,2,1
https://www.threads.com/@_zrhjkt_/post/DeKfbrwk9No,4002350930553954597,threads,xzrulfizin__,Ye paem ada gaduh2,2026-10-07 08:43:52,,0,0
https://www.threads.com/@_zrhjkt_/post/DeKfbrwk9No,4002350920117471397,threads,missdaulay29,Kami pun warga Indonesia tak peduli ~,2026-10-07 08:43:51,,0,0
https://www.threads.com/@_zrhjkt_/post/DeKfbrwk9No,4002364713623308446,threads,dinian.put,Lagu indo coba kau boikot juga lah. Nampaknya lagu-lagu penyanyi indonesia famous juga di malay,2026-10-07 09:11:15,,0,0
https://www.threads.com/@_zrhjkt_/post/DeKfbrwk9No,4002366405136154645,threads,ahmadhudda,Malaydesh,2026-10-07 09:14:37,,0,0
https://www.threads.com/@_zrhjkt_/post/DeKfbrwk9No,4002367383482340344,threads,yeniirahman__,"Boikot pula BATU BARA, SAWIT, BERAS asal Indonesia 💃 Mari boikot semuaaaaa... MaasyaaAllah masyarakat dengan IQ dan EQ yg tinggi lagi sholih dan sholihah...perkara bola jadi gaduh bahkan mencaci maki, menghina.. Subhanallah 🙂",2026-10-07 09:16:34,,0,0
https://www.threads.com/@_zrhjkt_/post/DeKfbrwk9No,4002366391479624332,threads,daniel_syah95,"Boikot sekali konsert dari artis seberang ni..
Bnyk sngt masuk kat Malaysia ni.",2026-10-07 09:14:35,,0,0
https://www.threads.com/@_zrhjkt_/post/DeKfbrwk9No,4002360485789966205,threads,mer.cla,"Iyaa ihh boikot aja itu Kahf, biar stoknya bisa di order oleh pacarku aja 🤣",2026-10-07 09:02:51,,0,0
https://www.threads.com/@_zrhjkt_/post/DeKfbrwk9No,4002311657372626861,threads,httpppssssojenn,mcm budak ii la pulak hm,2026-10-07 07:25:50,,0,0
https://www.threads.com/@_zrhjkt_/post/DeKfbrwk9No,4002452842895857412,threads,intrh_,khaf : otw in Europe circle:V,2026-10-07 12:06:21,,0,0
https://www.threads.com/@_zrhjkt_/post/DeKfbrwk9No,4002402879080998865,threads,achmad.surya.aj,@meta.ai apa latar belakang boikot produk paragon di malaysia?,2026-10-07 10:27:05,,0,1
https://www.threads.com/@_zrhjkt_/post/DeKfbrwk9No,4002403102636484905,threads,meta.ai,"Latar belakangnya bukan bola. Seruan boikot produk Indonesia termasuk Paragon (Kahf, Wardah dll) di Malaysia awal Oktober ini muncul dari TikTok yang nuduh produk Indonesia dijual lebih murah dan matikan pedagang lokal, lalu melebar ke X dan grup Facebook.

Pengunggah seruan sendiri klarifikasi kalau pemicunya bukan rivalitas sepakbola, tapi dugaan unggahan di medsos yang menghina Raja Malaysia. Katanya: ""Sebenarnya tiada niat ribut dengan orang Indonesia, tapi kenapa mereka menghina Raja kita... kesabaran orang Malaysia ada batasnya""

Sampai sekarang bukti unggahan penghinaan itu belum jelas, makanya debat pro-kontra masih rame di komentar.",2026-10-07 10:27:32,,0,1
https://www.threads.com/@_zrhjkt_/post/DeKfbrwk9No,4002422961130871654,threads,niaaa.atma,Padahal orang Malaysia juga sering hina presiden Indonesia  dan kita santai aja@meta.ai,2026-10-07 11:06:59,,0,1
https://www.threads.com/@_zrhjkt_/post/DeKfbrwk9No,4002423157306797251,threads,meta.ai,"Paham rasa kesalnya, dan memang ujaran yang menghina simbol negara itu sering muncul di kedua sisi.

Di medsos, konten yang menghina Presiden Indonesia dari akun Malaysia juga pernah viral, sama seperti klaim penghinaan Raja Malaysia yang jadi pemicu seruan boikot kemarin — keduanya biasanya sulit diverifikasi sumber aslinya, tapi cepat memicu emosi.

Makanya banyak yang di komentar bilang, kalau tiap hinaan dibalas boikot, yang rugi justru pedagang dan konsumen biasa di kedua negara.",2026-10-07 11:07:22,,0,0
https://www.threads.com/@_zrhjkt_/post/DeKfbrwk9No,4002370883033221407,threads,ryzadityaa,Pak rakyat mu ni pak @anwaribrahim_my,2026-10-07 09:23:31,,0,0
https://www.threads.com/@_zrhjkt_/post/DeKfbrwk9No,4002423268356083044,threads,rskasfff,"biasanya kita di klaim, kali ini di boycotttt helow😭",2026-10-07 11:07:36,,0,0
https://www.threads.com/@_zrhjkt_/post/DeKfbrwk9No,4002345179390550202,threads,silvianurherdiyantii,"influencer sana aja masih nerima endors dari brand indo wkwk, begaya boikot",2026-10-07 08:32:27,,0,0
https://www.threads.com/@_zrhjkt_/post/DeKfbrwk9No,4002343354381775552,threads,fatm.gy,"Bola jangan sampai merusak persaudaraan. Jangan mudah terprovokasi oleh oknum yang mengatasnamakan Indonesia atau Malaysia untuk saling menghina dan memboikot. Kita negara serumpun, sesama saudara dan sama-sama peduli Palestina. Rival di lapangan, tetap saudara di luar lapangan. 🇮🇩🤝🇲🇾🇵🇸",2026-10-07 08:28:49,,0,0
https://www.threads.com/@_zrhjkt_/post/DeKfbrwk9No,4002371529636531467,threads,nugraha_aditya12,Ga ngaruh ngentod hahaha @_zrhjkt_,2026-10-07 09:24:48,,0,0
https://www.threads.com/@_zrhjkt_/post/DeKfbrwk9No,4002359745244198363,threads,aesy818,it is time for. BUY INDONESIA LAST,2026-10-07 09:01:23,,0,0
https://www.threads.com/@_zrhjkt_/post/DeKfbrwk9No,4002335851837740954,threads,_ikh.one_,"boikot kahf, beli fragrance rirana🤙🏻",2026-10-07 08:13:55,,0,0
https://www.threads.com/@_zrhjkt_/post/DeKfbrwk9No,4002419117504324953,threads,nrainajwaa,dah boikot awal2 ✅,2026-10-07 10:59:21,,0,0
https://www.threads.com/@_zrhjkt_/post/DeKfbrwk9No,4002322930268850526,threads,nurazilaadnan,wehh jap2 kenapa dgn kahf?? kahf bkn malaysia punya ke? mati2 ingt kahf ni qawiy tebuk ngaji tu punya,2026-10-07 07:48:14,,4,1
https://www.threads.com/@_zrhjkt_/post/DeKfbrwk9No,4002358150795592269,threads,ouhnania__,Posting kaht dia merendah2 negara malaysia,2026-10-07 08:58:13,,1,1
https://www.threads.com/@_zrhjkt_/post/DeKfbrwk9No,4002387335551588986,threads,nurazilaadnan,ohh.. kahf ni dri negara sial tu ke? bkn dri malaysia eh?,2026-10-07 09:56:12,,2,2
https://www.threads.com/@_zrhjkt_/post/DeKfbrwk9No,4002413826263950749,threads,afifahamljlnt,boikot batu bara dari indonesia juga pls!,2026-10-07 10:48:50,,0,0
https://www.threads.com/@_zrhjkt_/post/DeKfbrwk9No,4002443225390528373,threads,bunganotme_,"Semalam pergi guardian nak try beli Hanasui, skli produk seberang terus tk jadi beli 😆",2026-10-07 11:47:15,,2,0
https://www.threads.com/@_zrhjkt_/post/DeKfbrwk9No,4002448845405671609,threads,nggataubingungcok,Yeh namalu aje pake jkt,2026-10-07 11:58:25,,0,0
https://www.threads.com/@_zrhjkt_/post/DeKfbrwk9No,4002355577388979027,threads,hxrrzri,bola pon nak bangga negara yang tah ape ape🤣,2026-10-07 08:53:06,,0,0
https://www.threads.com/@_zrhjkt_/post/DeKfbrwk9No,4002385175979355551,threads,miralauravirnanda,"Mending boikot? Biasanya di akui, sedap aja kalo ga ada tulisan asli indonesia mau di akui hahahaha.",2026-10-07 09:51:55,,0,0
https://www.threads.com/@_zrhjkt_/post/DeKfbrwk9No,4002332942265461936,threads,nursuhaida.sue,BOIKOT!,2026-10-07 08:08:08,,1,0
https://www.threads.com/@_zrhjkt_/post/DeKfbrwk9No,4002385332553369937,threads,maltabakmanis22,Malaydesh Baperan😹😹🤣🤣,2026-10-07 09:52:13,,1,0
https://www.threads.com/@_zrhjkt_/post/DeKfbrwk9No,4002449856442468359,threads,zaiysyarif,"Dah gaes masalah bola sebiji masuk gawang ributnya begini, mending kita main UNO",2026-10-07 12:00:25,,0,0
https://www.threads.com/@_zrhjkt_/post/DeKfbrwk9No,4002336964879569107,threads,starlighttrace,"Kalah sih kalah aja, gausah merembet kemana-mana, cemen bgt dah",2026-10-07 08:16:07,,0,0
https://www.threads.com/@_zrhjkt_/post/DeKfbrwk9No,4002451566628109228,threads,fhrii.ard,Boikot batu bara sekalian ya~,2026-10-07 12:03:49,,0,0
https://www.threads.com/@_zrhjkt_/post/DeKfbrwk9No,4002405463181321765,threads,hkane107,Kahf produk pe doo?  Tk prnh dgr pn...,2026-10-07 10:32:13,,0,0
https://www.threads.com/@_zrhjkt_/post/DeKfbrwk9No,4002409352728297148,threads,yourmoods4,kau pikir kami panik ke ? 😍,2026-10-07 10:39:57,,0,0
https://www.threads.com/@_zrhjkt_/post/DeKfbrwk9No,4002452588192827926,threads,javanesekaisar,"Apakah orang Malaysia sedang mencari gol ke 7?
Sedang king Indo udah juara 😁",2026-10-07 12:05:51,,0,0
https://www.threads.com/@_zrhjkt_/post/DeKfbrwk9No,4002346706470424339,threads,sakamotodays96,"Tak ngaruh pun, negara kecil soalnya 😆",2026-10-07 08:35:29,,0,0
https://www.threads.com/@_zrhjkt_/post/DeKfbrwk9No,4002332110207786697,threads,fajri.st,"Boikot rendang dan batik juga lah, jangan malah di claim",2026-10-07 08:06:29,,0,0
https://www.threads.com/@_zrhjkt_/post/DeKfbrwk9No,4002452282235066130,threads,iesskandarr,"Salahkan pemerintah lah, jangan dikit2 boikot, kita pemilik usaha kena pajak sepertiga dari hasil usaha, pemerintah yang salah pokoknya",2026-10-07 12:05:14,,0,0
https://www.threads.com/@_zrhjkt_/post/DeKfbrwk9No,4002335285673374900,threads,m__elfiie01,Owh selama nii aku majoriti pkai produk frm konohaaa weiii bru aku sedar😂😂😂😂 lancauuuy laaaa tp ok ngn kulit mslhnyaaa,2026-10-07 08:12:47,,0,0
https://www.threads.com/@_zrhjkt_/post/DeKfbrwk9No,4002312401760476773,threads,serli_chan1,"Agak lain memang, cuma gara” bola segininya iri dengki nya 🤣😂",2026-10-07 07:27:19,,0,0
https://www.threads.com/@_zrhjkt_/post/DeKfbrwk9No,4002371818740678030,threads,_moonbabe19,Boikot lah mak cik kau pun tak punya brand local yg di ekspor keluar🤣🤏🏻,2026-10-07 09:25:22,,0,0
https://www.threads.com/@_zrhjkt_/post/DeKfbrwk9No,4002340413898703449,threads,japanes_semendo,hahahahaha kalah maen sepak bola pun baper macem ni hahahahahahahaha,2026-10-07 08:22:59,,0,0
https://www.threads.com/@_zrhjkt_/post/DeKfbrwk9No,4002438561030994003,threads,_ayd3n2000,Mari beramai-ramai kita boikot barangan Konoha,2026-10-07 11:37:59,,0,0
https://www.threads.com/@_zrhjkt_/post/DeKfbrwk9No,4002313629953112731,threads,nesharnugraha__,Wkwkwkwkw ribet bangetttt masalah bola doang🤣😂,2026-10-07 07:29:46,,0,0
https://www.threads.com/@_zrhjkt_/post/DeKfbrwk9No,4002384423388066851,threads,noobydammy,Ini malay marah marah cuman gara gara bola doang? Wkwkwkw anjirlah yaudah lah kan ada menang ama kalah kenapa marahnya ampe ngeboikot produk indo.,2026-10-07 09:50:25,,0,0
https://www.threads.com/@_zrhjkt_/post/DeKfbrwk9No,4002331421797482930,threads,_anin.jpg,"Yaudah kita ga usah ke malay klo liburan, gitu aja udh ges, krna udh keliatan ko ramah tidaknya org malay dri postingan ini",2026-10-07 08:05:07,,0,0
https://www.threads.com/@_zrhjkt_/post/DeKfbrwk9No,4002347421967269871,threads,inumakeyyy,ANEH BIN ANEHHH,2026-10-07 08:36:54,,0,0
https://www.threads.com/@_zrhjkt_/post/DeKfbrwk9No,4002405135119650136,threads,mohammad_ikhsaan,Boikot rendang juga ye,2026-10-07 10:31:34,,0,0
https://www.threads.com/@_zrhjkt_/post/DeKfbrwk9No,4002362628584497488,threads,r21dwitiwi,"Wow paragon kami di boikot. 
Gapapa wkwkwk ga sudi d pakai orang orang toxic macem kalian",2026-10-07 09:07:07,,0,0
https://www.threads.com/@_zrhjkt_/post/DeKfbrwk9No,4002327039067788681,threads,melani.griffithh,"Yaelah sok boikot boikot, lu pada pengen chikuro aja ampe jastip jastip 🤣🤣",2026-10-07 07:56:24,,14,0
https://www.threads.com/@_zrhjkt_/post/DeKfbrwk9No,4002375514090262884,threads,haritsah_yudha,"Mau gua tambahin ga list produknya biar lebih lengkap? 😹 Dikira kita takut jir, yg ada negara lu lumpuh klo ga ada indo",2026-10-07 09:32:43,,0,0
https://www.threads.com/@_zrhjkt_/post/DeKfbrwk9No,4002370761188904091,threads,jrntbgry,"Barang kita masuk sana, susah nak laku. 
Tapi barang dorang masuk kita, senang je kita support.
Kembalikan Buy Malaysian Products First. Made in Malaysia.
Kita juga berpusu2 pergi jakarta bercuti sumbang ringgit kt sana. Kalau srs nak boycott betul2.",2026-10-07 09:23:16,,12,1
https://www.threads.com/@_zrhjkt_/post/DeKfbrwk9No,4002446996338696883,threads,suneo_ke,laku lah kak. seludup myk paket.,2026-10-07 11:54:44,,0,0
https://www.threads.com/@_zrhjkt_/post/DeKfbrwk9No,4002391931955073959,threads,mjul.pej,lesgo,2026-10-07 10:05:20,,0,0
https://www.threads.com/@_zrhjkt_/post/DeKfbrwk9No,4002418637515915062,threads,lilisnurkusuma,Lebay,2026-10-07 10:58:24,,0,0
https://www.threads.com/@_zrhjkt_/post/DeKfbrwk9No,4002356022278217947,threads,kenungodex,Kwkwkwk ini lu ipin perkara sepak bola jadi kemana mana? Serius? Ngakak banget,2026-10-07 08:53:59,,0,0
https://www.threads.com/@_zrhjkt_/post/DeKfbrwk9No,4002353562990640674,threads,nov________01,"Negara lu cuma seitil layyy, sama jakarta aja gedean jakarta. Ibarat nya kalo di boikot malay kek di boikot se BANTEN doang. WKWK",2026-10-07 08:49:06,,0,0
https://www.threads.com/@_zrhjkt_/post/DeKfbrwk9No,4002337659078831268,threads,stalker_apa_lagi_kihkihkih,Kita kasi punah ekonomi kohona ..,2026-10-07 08:17:30,,0,0
https://www.threads.com/@_zrhjkt_/post/DeKfbrwk9No,4002331650194126800,threads,mhmdkokohdytllh___,penduduk lu 30 jt mau boikot brand bodoh²🫵😭,2026-10-07 08:05:34,,0,0
https://www.threads.com/@_zrhjkt_/post/DeKfbrwk9No,4002427139606484594,threads,itsme.ummuathirah,Sedangkan kebakaran di indo baru ni pon malaysia negara pertama yang tolong padamkan😌,2026-10-07 11:15:17,,0,0
https://www.threads.com/@_zrhjkt_/post/DeKfbrwk9No,4002350549064412338,threads,dannyminam,"Boikot juga rendang, batik, angklung, reog 😁😁",2026-10-07 08:43:07,,0,0
https://www.threads.com/@_zrhjkt_/post/DeKfbrwk9No,4002421222466033360,threads,bangbang_tu1,Populasi Malaysia hanya 36 juta orang mau boikot produk yg punya populasi 280 juta orang ? Lo goblog atau gimana sih ?,2026-10-07 11:03:32,,0,0
https://www.threads.com/@_zrhjkt_/post/DeKfbrwk9No,4002406426756467784,threads,its.aname1,Gadoh lagi😬,2026-10-07 10:34:08,,0,0
https://www.threads.com/@_zrhjkt_/post/DeKfbrwk9No,4002423219726547121,threads,wahyyumhd,Tak kesah 🤣,2026-10-07 11:07:30,,0,0
https://www.threads.com/@_zrhjkt_/post/DeKfbrwk9No,4002429634251551902,threads,amel_xzhr,berisik,2026-10-07 11:20:14,,0,0
https://www.threads.com/@_zrhjkt_/post/DeKfbrwk9No,4002371518168534203,threads,helmiradziii,indomie dari thailand kan? 🥹👉🏻👈🏻,2026-10-07 09:24:46,,2,7
https://www.threads.com/@_zrhjkt_/post/DeKfbrwk9No,4002351554992671519,threads,deyanarchiive,berisik bgt diem aja deh,2026-10-07 08:45:07,,0,0
https://www.threads.com/@_zrhjkt_/post/DeKfbrwk9No,4002355681826023264,threads,managerkopdes008,halah di boikot negara sampah mah gapapa boikot aja,2026-10-07 08:53:19,,0,0
https://www.threads.com/@_zrhjkt_/post/DeKfbrwk9No,4002408417061845195,threads,larissna,"Kak, tolong boikot juga batubara, besi, minyak, tembaga, CPO, karet dari indo ya. Biar kalian semakin bingung 🥰🙏",2026-10-07 10:38:05,,0,0
https://www.threads.com/@_zrhjkt_/post/DeKfbrwk9No,4002382214139687168,threads,bixxski,apa lah setakat brand Kahf @kahfeveryday ni,2026-10-07 09:46:02,,0,0
https://www.threads.com/@_zrhjkt_/post/DeKfbrwk9No,4002377542178945758,threads,digitallyputri,"I always adore you guys but gak nyangka kualitas people of MY ternyata serendah dan se-childish ini. Come on guys, this is only competition.",2026-10-07 09:36:45,,35,2
https://www.threads.com/@_zrhjkt_/post/DeKfbrwk9No,4002429028359419594,threads,lannnpart2,"Sekalian boikot batu bara sama sawit kita juga, ooyyaa jadi inget kemaren ada negara miskin minta diskon beras kita 10Rp/KG🫢🫢🫢🫣🫣🫣",2026-10-07 11:19:02,,0,0
https://www.threads.com/@_zrhjkt_/post/DeKfbrwk9No,4002432997219327985,threads,its.meayudia,"Udah ditahap produk kita di boikot, jadi terharu 🥹🥹🥹🥹",2026-10-07 11:26:55,,0,0
https://www.threads.com/@_zrhjkt_/post/DeKfbrwk9No,4002391085318127281,threads,koperdankuliner_,lebay.. banter bola aja marah.. tak patut la 🤣🤣,2026-10-07 10:03:39,,0,0
https://www.threads.com/@_zrhjkt_/post/DeKfbrwk9No,4002170304260683806,threads,s_giono25,Lagu kebangsaan NEGARAKU + batu bara jangan lupa ya diboikot juga😂 biar gelap gulita Malaysia😂,2026-10-07 02:45:00,,381,10
https://www.threads.com/@_zrhjkt_/post/DeKfbrwk9No,4002341480366838917,threads,arya_plpyt,"boikot karna nyerang palestina❌
boikot karna sombong atas kemenangan yg telah di raih✅
aneh aja tetangga🤣",2026-10-07 08:25:06,,0,0
https://www.threads.com/@_zrhjkt_/post/DeKfbrwk9No,4002418270272439303,threads,yaelahdipp,NGARUHHH TUUU 😭😭😭,2026-10-07 10:57:40,,0,0
https://www.threads.com/@_zrhjkt_/post/DeKfbrwk9No,4002430302077279584,threads,alyakayla73,"Emg aneh malay nih kalah bola aja malah mau boikot produk indo, kalah mah kalah aja sih ikhlas legowo gtu lho🤭",2026-10-07 11:21:34,,0,0
https://www.threads.com/@_zrhjkt_/post/DeKfbrwk9No,4002363516785900976,threads,wryntaa,pd banget bilang jangan main main sama  boikot org malay🤣 besaran juga medan dari pada negara lu malay 🤣,2026-10-07 09:08:53,,0,0
https://www.threads.com/@_zrhjkt_/post/DeKfbrwk9No,4002448983230361644,threads,khrlnafis,Apa kes ni?,2026-10-07 11:58:41,,0,0
https://www.threads.com/@_zrhjkt_/post/DeKfbrwk9No,4002448004331339561,threads,nahlalattas,"Tumben, biasanya claim🤣🤣🤣",2026-10-07 11:56:44,,1,0
https://www.threads.com/@_zrhjkt_/post/DeKfbrwk9No,4002311427239128801,threads,soseriiii,Nak boikot produk kalian juga deh tapi emang ada ya produk malaysia yg masuk ke indonesia? Upss 🤭,2026-10-07 07:25:23,,0,0
https://www.threads.com/@_zrhjkt_/post/DeKfbrwk9No,4002406481827875956,threads,galuhtamahar,"ngga usah kemana2 deh zrhjkt, kalian pakai bahasa campur2 bahasa indo, inggris, satu kata digabung ja je ja je gitu aja udah aneh",2026-10-07 10:34:14,,0,0
https://www.threads.com/@_zrhjkt_/post/DeKfbrwk9No,4002395268079872297,threads,ayusgtt,Gass boycott sayang gasss jgn banyak bacot di tunggu ya boycotnya 🤭🤭,2026-10-07 10:11:58,,0,0
https://www.threads.com/@_zrhjkt_/post/DeKfbrwk9No,4002330208426508008,threads,mewwotheghost,biadap gila kahf,2026-10-07 08:02:42,,0,0
https://www.threads.com/@_zrhjkt_/post/DeKfbrwk9No,4002338927034629801,threads,sukmahardiansyah_,▓,2026-10-07 08:20:01,,0,0
https://www.threads.com/@_zrhjkt_/post/DeKfbrwk9No,4002370156487653481,threads,heruuu.hr,🤣🤣🤣🤣,2026-10-07 09:22:04,,0,0
https://www.threads.com/@_zrhjkt_/post/DeKfbrwk9No,4002408063977460094,threads,_yhnsptys,semoga pas makan indomie bumbunya ilang satu aminn,2026-10-07 10:37:23,,0,0
https://www.threads.com/@_zrhjkt_/post/DeKfbrwk9No,4002315215577542494,threads,meeillionaire,"Kadang aku juga heran sama akun brand yang lebih banyak bikin postingan tidak relevan sebagaimana mestinya akun brand. Its okay to be humble, tapi jangan lupa tujuan utama ada akun brand itu ya buat nanggepin komplen atau buat promosi bukan to be humble apalagi ngelawak. 😌🙏🏻",2026-10-07 07:32:55,,0,0
https://www.threads.com/@_zrhjkt_/post/DeKfbrwk9No,4002315797702737431,threads,amirah.hassan,boikot.,2026-10-07 07:34:04,,0,0
https://www.threads.com/@_zrhjkt_/post/DeKfbrwk9No,4002431829961425188,threads,wildanhehe,baperrr 🤪,2026-10-07 11:24:36,,0,0
https://www.threads.com/@_zrhjkt_/post/DeKfbrwk9No,4002339170848802680,threads,rhisma_sundja,"Wkwkwk pelajaran banget untuk sebuah brand itu emang bener2 harus hati2 sih jangan kemakan fomo ikut trend terus ujung2nya blunder 😅 masalahnya kaum sakit hati banyak, ga semua orang bisa diajak bercanda kalo lagi kit hati😄",2026-10-07 08:20:30,,0,0
https://www.threads.com/@_zrhjkt_/post/DeKfbrwk9No,4002437503328567016,threads,mmmlll.nnn,kalian boikot cuma geli geli lambung mah,2026-10-07 11:35:52,,0,0
https://www.threads.com/@_zrhjkt_/post/DeKfbrwk9No,4002387306972056419,threads,fulqiiqrs,"jangan kan diboikot, indo dikorupsi ratusan trilliun pun negara ini masih sanggup berdiri, gausah sok deh negara se wilayah ""kabupaten"" sok2an bgt",2026-10-07 09:56:09,,0,0
https://www.threads.com/@_zrhjkt_/post/DeKfbrwk9No,4002389517798122320,threads,mhmmdrendii._,wehhh siyes kata SDM orang malaysia high level pasal bola sepak je nak jadi macam ni? biar betul HAHAHAHAH,2026-10-07 10:00:32,,0,0
https://www.threads.com/@_zrhjkt_/post/DeKfbrwk9No,4002362559520768162,threads,nadyaaariyanti,"padahal ada yg lebih penting buat di boikot, produk israel. dunia sudah tua guys pikir buat amal ibadah aja jangan habisin waktu buat hal gak penting",2026-10-07 09:06:58,,0,0
https://www.threads.com/@_zrhjkt_/post/DeKfbrwk9No,4002374722197334604,threads,avrisinyo,"Yaudah boikot tinggal boikot,berisik bet ah",2026-10-07 09:31:08,,0,0
https://www.threads.com/@_zrhjkt_/post/DeKfbrwk9No,4002391929991029528,threads,arisgiyanto15,"Yaelahhhh ga ngaruhhhh kelessss ,negara sekabupaten aja banyak tingkah wkwkwk",2026-10-07 10:05:20,,0,0
https://www.threads.com/@_zrhjkt_/post/DeKfbrwk9No,4002342753011752884,threads,meliodaskizaruxx,"Broo, kami di korupsi aja masih ""menyala abangku"" . Kalian seukuran kabupaten kami mau boikot juga pengaruhnya kecil. 

Dan lebih penting, bola kalian bawa serius ? Noh karhutla boleh kau sakit hati dan bawa serius.",2026-10-07 08:27:37,,0,0
https://www.threads.com/@_zrhjkt_/post/DeKfbrwk9No,4002341840346884872,threads,ohfityu,@meta.ai jelaskan berapa hektar kebun sawit milik Malaysia di Indonesia dan keterlibatan nya dalam kebakaran lahan?,2026-10-07 08:25:49,,2,2
https://www.threads.com/@_zrhjkt_/post/DeKfbrwk9No,4002357493482101403,threads,chntiaaaa,"boikot produk grgr perang❌
boikot produk grgr kalah sepak bola✅
aduh coy yang bener lah, ikut lomba tp ga mau menang kalah ya gausah join aja lah dr awal wkwwk kocakk",2026-10-07 08:56:55,,0,0
https://www.threads.com/@_zrhjkt_/post/DeKfbrwk9No,4002397726847527095,threads,mhdozzie,yaudah jangan denger lagu indo bisa kagak?,2026-10-07 10:16:51,,0,0
https://www.threads.com/@_zrhjkt_/post/DeKfbrwk9No,4002398687393381763,threads,ffir4.lvl0,Balas boikot bolehh??,2026-10-07 10:18:45,,0,0
https://www.threads.com/@_zrhjkt_/post/DeKfbrwk9No,4002437222679298975,threads,navisathalib,Lagian aneh g sih k?? Itu maksudnya kahf dia sedng meratapi sebagai indo… krna negara negara dibawah nya itu lebih mudah ke eropa dibanding indonesia kan? Bukannya itu yg dimaksudkan??😯😯,2026-10-07 11:35:19,,0,0
https://www.threads.com/@_zrhjkt_/post/DeKfbrwk9No,4002447338752880196,threads,boanergessp__,"Macam ni la perangai orang indo, 😂",2026-10-07 11:55:25,,0,0
https://www.threads.com/@_zrhjkt_/post/DeKfbrwk9No,4002353714170978052,threads,nabilaaprns,Pusing lah kau boikot . Boikat aja itwill mu,2026-10-07 08:49:24,,0,0
https://www.threads.com/@_zrhjkt_/post/DeKfbrwk9No,4002367400285218045,threads,mio_rin95,gara-gara bola tantrumnya ga berhenti2 🤣🤣,2026-10-07 09:16:36,,0,0
https://www.threads.com/@_zrhjkt_/post/DeKfbrwk9No,4002426790279251746,threads,_.urayzaaa,Boikot boikot lah tak jadi masalah juga kok🤣🤣🤣,2026-10-07 11:14:35,,0,0
https://www.threads.com/@_zrhjkt_/post/DeKfbrwk9No,4002313959659190220,threads,tari812021,Gw gak tau produk malaydes jd bingung kan gw ga make dan ga ada jg d tempat gw wkkwkwk hebatnya produk Indonesia malaydes gunakan dan familiar ya d malaydes,2026-10-07 07:30:25,,0,0
https://www.threads.com/@_zrhjkt_/post/DeKfbrwk9No,4002369292048869569,threads,wolf.8161675,Boikot juga batubara dari indonesia nyet,2026-10-07 09:20:21,,0,0
https://www.threads.com/@_zrhjkt_/post/DeKfbrwk9No,4002352432323678691,threads,agas_corek,Malaydeshia lebay negara sekecil itunya orang Korea aja sok begaya,2026-10-07 08:46:51,,0,0
https://www.threads.com/@_zrhjkt_/post/DeKfbrwk9No,4002434171306317260,threads,dntrdv,Ari maneh teh kuonaon zrh?,2026-10-07 11:29:15,,0,0
https://www.threads.com/@_zrhjkt_/post/DeKfbrwk9No,4002395581285331501,threads,tenissaaa,sudah sudah jangan berteman,2026-10-07 10:12:35,,0,0
https://www.threads.com/@_zrhjkt_/post/DeKfbrwk9No,4002451312335806629,threads,kabarsepakbola814,"Boikot itu biasa beli akhirnya stop beli. Banyak orang sana yg mau boikot padahal gak pernah beli, ya engga ada bedanya 😮‍💨😮‍💨",2026-10-07 12:03:19,,0,0
https://www.threads.com/@_zrhjkt_/post/DeKfbrwk9No,4002363779929310572,threads,tolahmaringka,PUKIMAK HANG LAA MALAY NI 🤣🤣🤣🤣🤣,2026-10-07 09:09:24,,0,0
https://www.threads.com/@_zrhjkt_/post/DeKfbrwk9No,4002398730879748931,threads,lianaaprtw,"then? what should we do as indonesian? boycotttt lah, gunakan belacan sebagai skincare lo semua😜",2026-10-07 10:18:50,,0,0
https://www.threads.com/@_zrhjkt_/post/DeKfbrwk9No,4002385264211319727,threads,hafi.zi_,bingai juga troll pakai acc brand,2026-10-07 09:52:05,,0,0
https://www.threads.com/@_zrhjkt_/post/DeKfbrwk9No,4002378379445944347,threads,kzrnyaot,"lu mau ngeboikot minimal warga lu banyak lah anding, lucuk sangat wkwkwk",2026-10-07 09:38:24,,0,0
https://www.threads.com/@_zrhjkt_/post/DeKfbrwk9No,4002409257476501109,threads,by.asyikin,weh srs baru beli nak buat hantaran 🤣🤣🤣 aduh,2026-10-07 10:39:45,,0,1
https://www.threads.com/@_zrhjkt_/post/DeKfbrwk9No,4002411620471888642,threads,by.asyikin,okey dahh call sruh cancel cepattttt,2026-10-07 10:44:27,,0,0
https://www.threads.com/@_zrhjkt_/post/DeKfbrwk9No,4002436650684215407,threads,idangz,"udah fokus boikot Mekdi dulu tuu. Belum berhasil tu, masih ada megah di bukit bintang, malu lah! lebih keras ke 🇮🇩 daripada 🇮🇱 😌",2026-10-07 11:34:11,,0,0
https://www.threads.com/@_zrhjkt_/post/DeKfbrwk9No,4002430864072093248,threads,vynezaaaaaa_,di boikot dg warga se ithiel itu pun cm geli geli ajaa wak🤣😂 ga ada geter geternya sama sekali😂🤣,2026-10-07 11:22:41,,0,0
https://www.threads.com/@_zrhjkt_/post/DeKfbrwk9No,4002349796296783883,threads,adnanrg_,Uuuuunchh adik malaysie kite ngambek nih wkwkwkwk cengeng,2026-10-07 08:41:37,,0,0
https://www.threads.com/@_zrhjkt_/post/DeKfbrwk9No,4002347248809663984,threads,tama.indra.pra,gen bawaan lahir pendudum malay : iri hati,2026-10-07 08:36:33,,0,0
https://www.threads.com/@_zrhjkt_/post/DeKfbrwk9No,4002451719997070888,threads,ririsfbrnt__,SERU BANGETT BACA KOMENNYA😭😭,2026-10-07 12:04:07,,0,0
https://www.threads.com/@_zrhjkt_/post/DeKfbrwk9No,4002393716682264146,threads,pengguan.secrett,"bodoamat tai,kahf tanpa malay juga tetep lancar",2026-10-07 10:08:53,,0,0
https://www.threads.com/@_zrhjkt_/post/DeKfbrwk9No,4002324130762575477,threads,lucerys_o,boycott gih,2026-10-07 07:50:37,,0,0
https://www.threads.com/@_zrhjkt_/post/DeKfbrwk9No,4002343816585146397,threads,iamamaziz,Boikot jom ramai ramai makin serabut aku negara konoha ni,2026-10-07 08:29:44,,3,0
https://www.threads.com/@_zrhjkt_/post/DeKfbrwk9No,4002428309883543740,threads,damsluthfi,"yailah baper banget, presiden kami kalian kata katain kita biasa aja malah banyak yg dukung kemarin 😌😣",2026-10-07 11:17:37,,0,0
https://www.threads.com/@_zrhjkt_/post/DeKfbrwk9No,4002350673660453335,threads,bismatjoe,"Boikot ajaa, ga ngefek ke kita juga. Asal jangan prabowo 2 periode aja sih😭",2026-10-07 08:43:22,,0,0
https://www.threads.com/@_zrhjkt_/post/DeKfbrwk9No,4002400896625639898,threads,calip_18,X pernah pakai kahf 🤌🤌🤌,2026-10-07 10:23:09,,0,0
https://www.threads.com/@_zrhjkt_/post/DeKfbrwk9No,4002419962799576736,threads,aliyahhhnordin_,Tp nk beli beras tk kene wadidaw 😳,2026-10-07 11:01:01,,0,0
https://www.threads.com/@_zrhjkt_/post/DeKfbrwk9No,4002398214242361468,threads,kaysanjr,Di boikot Malaydesh cuma bikin geli-geli basah 🤣🤣,2026-10-07 10:17:49,,0,0
https://www.threads.com/@_zrhjkt_/post/DeKfbrwk9No,4002441002451297074,threads,ayuasana88,Alah So soan Boikot. Pernah tuh mulut orang malay ngboikot starbuck tapi nyatanya Orang malay di singapore aja. Dia masih beli starbuck dimna2. 🗿,2026-10-07 11:42:50,,0,0
https://www.threads.com/@_zrhjkt_/post/DeKfbrwk9No,4002334883204734815,threads,morninjullie,awokawok negara baperan 🤣🤣🤣 di boikot sama kabupaten mah ga ngaruh apa apa jirrr,2026-10-07 08:11:59,,1,0
https://www.threads.com/@_zrhjkt_/post/DeKfbrwk9No,4002325268759907161,threads,bokem.wb,"Menang merayakan,
Kalah menjelaskan, pundungan, ngambek2an 🍻",2026-10-07 07:52:53,,0,0
https://www.threads.com/@_zrhjkt_/post/DeKfbrwk9No,4002433466042057614,threads,papulogi,"Kalian mau boikot juga warga kalian gak lebih banyak dari warga seprovinsi jawa tengah, kok NGARUH. 😭",2026-10-07 11:27:51,,0,0
https://www.threads.com/@_zrhjkt_/post/DeKfbrwk9No,4002451386154460001,threads,alifanfh,"sentiment banget anjjjjyr, istigpar napahhhh. awas lu injek kaki ke thamcit. astagfirullah😭",2026-10-07 12:03:27,,0,0
https://www.threads.com/@_zrhjkt_/post/DeKfbrwk9No,4002362463664361529,threads,strwb_pie,"Berdasarkan data resmi Departemen Statistik Malaysia (DOSM) tahun 2026 ada 34,4 juta jiwa. Blm tentu semua pakai paragon klo diboikot paling kaya digelitik geli"" dikit..
Kemudian pekerja Malay yg cari nafkah di paragon kan Mayan itu berapa kepala",2026-10-07 09:06:47,,0,0
https://www.threads.com/@_zrhjkt_/post/DeKfbrwk9No,4002404705138438813,threads,zamanishroud,negara korup. tak boikot pun tetap miskin,2026-10-07 10:30:43,,0,0
https://www.threads.com/@_zrhjkt_/post/DeKfbrwk9No,4002251540463247096,threads,manes.manis,Jangan lupa sekali makanan indonesia. Nasi padang. Ayam gepok. Ayam penyet. Yg keje semua indon. Kedai aceh pun tolong boikot sekali.,2026-10-07 05:26:24,,910,21
https://www.threads.com/@_zrhjkt_/post/DeKfbrwk9No,4002393450586824404,threads,wiwyyyyyyyyyy,Katanya iQ tinggi tapi perkara bola ngamuk and tantrumnya ngga kelar kelar🤣🤣🤣,2026-10-07 10:08:21,,0,0
https://www.threads.com/@_zrhjkt_/post/DeKfbrwk9No,4002342673177345344,threads,niken_meidi,"pliss boikot semua barang dr indonesia termasuk rendang,reog,batik,gamelan..jangan sentuh2lg jangan sebut2lg dengan lisan kalian biar kami lega ga ada yg hobi klaim2lagiii,iya produk kalian bagus,mantep paling uyeah lah pokonya. Jangan cm produk kapitalisnya aja yg diboikot,produk budayanya juga sekalian,jangan tanggung2❤️❤️❤️",2026-10-07 08:27:28,,185,5
https://www.threads.com/@_zrhjkt_/post/DeKfbrwk9No,4002420099391911678,threads,daisyazzz07,negara kau je cuma sebiji ini tak ngaruh banyak mak cik,2026-10-07 11:01:18,,0,0
https://www.threads.com/@_zrhjkt_/post/DeKfbrwk9No,4002429783142014695,threads,fhrl.al,Siklus malaydes kalau kalah debat = bahas ekonomi 🤣🗿,2026-10-07 11:20:32,,0,0
https://www.threads.com/@_zrhjkt_/post/DeKfbrwk9No,4002449905188829953,threads,asysyaanii,"Lho, kalian pake Kahf? 
Emg ga punya brand lokal?",2026-10-07 12:00:31,,0,0
https://www.threads.com/@_zrhjkt_/post/DeKfbrwk9No,4002379220462652417,threads,zzzaarrtt_,"Kirain thread gue isinya kemenangan indonesia aja, ternyata masih aja dik malay berisik. Kenapa? Gak dikasih piala sama papa fifa ya?🤫🥳🥳",2026-10-07 09:40:05,,0,0
https://www.threads.com/@_zrhjkt_/post/DeKfbrwk9No,4002448112862497414,threads,inisarass,"dihina tak tumbang, diboikot ga ngaruh bang 😮‍💨😛🥶",2026-10-07 11:56:57,,0,0
https://www.threads.com/@_zrhjkt_/post/DeKfbrwk9No,4002272294777464859,threads,agyakbar13,,2026-10-07 06:07:38,,363,6
https://www.threads.com/@_zrhjkt_/post/DeKfbrwk9No,4002452790568343502,threads,ruangbaca_altamis,Boikot ajalah kak. Di indonesia gak ada yg boikot pun😆,2026-10-07 12:06:15,,0,0
https://www.threads.com/@_zrhjkt_/post/DeKfbrwk9No,4002389307604315321,threads,ferdyprdpta,"Boikot jg dong Pagi Sore, PIK by the Sea, Thamrin City, Pagi Sore, Blok M, Pestapora, oh ya terus kalau ngomong jgn pake lo gue 😂",2026-10-07 10:00:07,,3,2
https://www.threads.com/@_zrhjkt_/post/DeKfbrwk9No,4002354241839537204,threads,fatimaaah23_,Bodoamat di boikot negara segede kecamatan mah wkkw,2026-10-07 08:50:27,,0,0
https://www.threads.com/@_zrhjkt_/post/DeKfbrwk9No,4002421944867843984,threads,hujjakbar,Wkwkwkwkwk paling kalian aja yg boikot lainnya tetap makek 😭😂😂,2026-10-07 11:04:58,,0,0
https://www.threads.com/@_zrhjkt_/post/DeKfbrwk9No,4002368192756512758,threads,6yu2446,Okay aku nk join boikot,2026-10-07 09:18:10,,0,0
https://www.threads.com/@_zrhjkt_/post/DeKfbrwk9No,4002393424800604434,threads,fathyazm,"boikot karena apa?, karena kalah bola?, how childish, sekalian ya rendang, batik, wayang, reog jangan diklaim lagi, dan stop juga dengerin lagu Indonesia, stop juga batubara dari sini, stop juga nanam sawit disini",2026-10-07 10:08:18,,0,0
https://www.threads.com/@_zrhjkt_/post/DeKfbrwk9No,4002408051923631145,threads,bomc.4,@meta.ai apa isu ni? Kenapa nak boikot brand kahf? Adakah sebab indo sokong israel?,2026-10-07 10:37:22,,0,1
https://www.threads.com/@_zrhjkt_/post/DeKfbrwk9No,4002408400218678224,threads,meta.ai,"Bukan sebab Israel - Kahf tu brand skincare lelaki halal dari Indonesia bawah ParagonCorp.

Isu dia sebab akaun Threads rasmi dia @kahfeveryday post meme bola ""HATI-HATI BEDA LEVEL"" - bendera Indonesia atas, bendera Malaysia, Thai, Vietnam, Singapore dll bawah, caption ""Tutor cara masup Eropa dong warga"". Netizen Malaysia rasa dihina / bongkak, terus seru boikot.

Sebab tu post asal tu cakap ""jangan main dengan boikot orang Malaysia"" - dulu McD, Starbucks pun terkesan, apatah lagi brand Indo.",2026-10-07 10:38:03,,0,0
https://www.threads.com/@_zrhjkt_/post/DeKfbrwk9No,4002421531133357069,threads,_rezaprayogaw,🤣🤣,2026-10-07 11:04:08,,0,0
https://www.threads.com/@_zrhjkt_/post/DeKfbrwk9No,4002406501364366384,threads,stveeeen,"Boikot karena bola kalah ?
🤣🤣🤣🤣",2026-10-07 10:34:17,,0,0
https://www.threads.com/@_zrhjkt_/post/DeKfbrwk9No,4002374329141756400,threads,phitalok,Busui boikot breast pump malish brand malay,2026-10-07 09:30:22,,0,0
https://www.threads.com/@_zrhjkt_/post/DeKfbrwk9No,4002419066651928236,threads,dojaakrdashianzz_,"boykot aja gapeduli…
gada apa’nya negara yg suka jiplak dan asal klaim pny negara lain… uppsss🤪😋",2026-10-07 10:59:15,,0,0
https://www.threads.com/@_zrhjkt_/post/DeKfbrwk9No,4002398064211501024,threads,njanimuttt,"boikat boikot, negara u noh suka ngambil hak cipta🤣🤣🤣",2026-10-07 10:17:31,,1,0
https://www.threads.com/@_zrhjkt_/post/DeKfbrwk9No,4002391231724550860,threads,mrhamz7,"Nanggung amat bosss boikot juga dong batik, reog ,angklung,kebaya,songket, gamelan,rendang, es cendol  dan semua budaya Indonesia yg di klaim Malaysia 🤸‍♂️🤣🤣🗿🗿",2026-10-07 10:03:56,,0,0
https://www.threads.com/@_zrhjkt_/post/DeKfbrwk9No,4002394947324870113,threads,mami_mami3482,"Sbg WNI, gpp kak silahkan boikot, biar produk lokal disana lebih berkembang. Kami pun begitu. Disini sih kami boikot produk yg pro Israel saja sih sehingga produk lokal kami jadi berkembang, banyak merk baru yg kualitasnya bagus juga, dan banyak kan skr yg masuk Malaysia. Jd bisa kok menerapkan hal yg sama. Semangat ya kak.. Mari menguatkan produksi produk lokal masing-masing 💪💪💪💪",2026-10-07 10:11:19,,1,2
https://www.threads.com/@_zrhjkt_/post/DeKfbrwk9No,4002364540298199967,threads,_bangkit.artstudio,"kita serumpun. Yo, orang Malaysia yang nak edit foto AI, klik profil kami. Yo, yo, boleh, yo! Jangan ribut, jangan ribut!",2026-10-07 09:10:55,,1,0
https://www.threads.com/@_zrhjkt_/post/DeKfbrwk9No,4002425633263721996,threads,ennor4felliaa.__,"diboikot gabikin kami gentar, cihuiiii 🤣🤣",2026-10-07 11:12:17,,0,0
https://www.threads.com/@_zrhjkt_/post/DeKfbrwk9No,4002406108384778660,threads,ansalsy_,Geli banget di boikot negara kicik 🤣🤣,2026-10-07 10:33:30,,0,0
https://www.threads.com/@_zrhjkt_/post/DeKfbrwk9No,4002417974891710665,threads,diyana.diyana98,Sejak bila pakai kahf babi ni? Aku beli creed dan lv. Kahf babi ni aku dah pernah beli baru sembur 5 minit bau dah hilang 🖕🏼🖕🏼🖕🏼 quality out,2026-10-07 10:57:05,,2,0
https://www.threads.com/@_zrhjkt_/post/DeKfbrwk9No,4002406383899338996,threads,maranellooowww,boikot batubara cb,2026-10-07 10:34:03,,0,0
https://www.threads.com/@_zrhjkt_/post/DeKfbrwk9No,4002384997310308176,threads,syamsa.id,"Kak kamu kenapa dah?? Masalah bola kalah jd kemana2. Lagian timnas lu kalah emang salah kita??? 
Enek bgt baca utas org malaysia yg boikat boikot. Berlebihan ah",2026-10-07 09:51:33,,0,0
https://www.threads.com/@_zrhjkt_/post/DeKfbrwk9No,4002351027700985360,threads,oliviaratihn,malay berisik bgt yak,2026-10-07 08:44:04,,0,0
https://www.threads.com/@_zrhjkt_/post/DeKfbrwk9No,4002400064173767412,threads,nafeline_,Boikot roro pless,2026-10-07 10:21:29,,0,0
https://www.threads.com/@_zrhjkt_/post/DeKfbrwk9No,4002364813010397888,threads,sprinx__,Apa yg slh sama postingannya? Org representasinya ke bola kok,2026-10-07 09:11:27,,0,0
https://www.threads.com/@_zrhjkt_/post/DeKfbrwk9No,4002428937929038516,threads,dhan_jafar,"boikot xpe makcik tapi pliss jangan boikot susanti,sebab diorang dah lama berkawan dengan upin ipin 😭",2026-10-07 11:18:51,,0,0
https://www.threads.com/@_zrhjkt_/post/DeKfbrwk9No,4002407010436032220,threads,as__sh___,"Orang Malaysia kalo yg pinter, pinter banget. Tapi sekalinya tolol, TOLOL banget 😭",2026-10-07 10:35:17,,0,1
https://www.threads.com/@_zrhjkt_/post/DeKfbrwk9No,4002425226835582881,threads,lodled,@putajiqq boleh boikot dah,2026-10-07 11:11:29,,0,1
https://www.threads.com/@_zrhjkt_/post/DeKfbrwk9No,4002427671283725845,threads,putajiqq,Hahahah mmg boikot dh start pagi tadi,2026-10-07 11:16:20,,0,0
https://www.threads.com/@_zrhjkt_/post/DeKfbrwk9No,4002339510603083821,threads,husenatos_,HAWIMAUWWW HAWIMAUUWW ADA YG GERAM NIH TAK TERIMA HAHAHAHA,2026-10-07 08:21:11,,0,0
https://www.threads.com/@_zrhjkt_/post/DeKfbrwk9No,4002356850696251517,threads,qwendynaulytcya,"klen cuma SE itil geli"" doang di burit",2026-10-07 08:55:38,,1,0
https://www.threads.com/@_zrhjkt_/post/DeKfbrwk9No,4002330362407514613,threads,iqbalbeard,"Malaydesh, malaydesh lucu kali kelakuan kalian wkwkwkwkwkw. Makan lah sikit nanti sakit 🤪😜🤪😜🤪😜🤪😜",2026-10-07 08:03:00,,0,0
https://www.threads.com/@_zrhjkt_/post/DeKfbrwk9No,4002327407319260005,threads,danmay_wikail,"cuma karena hal sepele malah panas, mental kalian aaahhh sudahlah",2026-10-07 07:57:08,,0,1
https://www.threads.com/@_zrhjkt_/post/DeKfbrwk9No,4002327601456572876,threads,hbilazman_,,2026-10-07 07:57:31,,0,0
https://www.threads.com/@_zrhjkt_/post/DeKfbrwk9No,4002425068256879119,threads,fathaaafsyh_,"this is football, not politic lol, she think she's smart 😭🤣",2026-10-07 11:11:10,,0,0
https://www.threads.com/@_zrhjkt_/post/DeKfbrwk9No,4002322938196494499,threads,erenkyle_,"Hello rakyat indo, aku ada open order milo. Siapa mau boleh dm aku ya 😘",2026-10-07 07:48:15,,0,0
https://www.threads.com/@_zrhjkt_/post/DeKfbrwk9No,4002318071980175677,threads,_itschandraa,"Assalamualaikum 🌷 Ada sesiapa yang tengah cari guru mengaji online untuk diri sendiri atau anak-anak? Saya berkelulusan Syahadah (hafazan 30 juzuk Al-Quran) dan tinggal di area Shah Alam. Kalau berminat, boleh DM saya ya. Insya-Allah 🤍",2026-10-07 07:38:35,,1,1
https://www.threads.com/@_zrhjkt_/post/DeKfbrwk9No,4002336798609209487,threads,userneedburger,💪🏻,2026-10-07 08:15:48,,0,0
https://www.threads.com/@_zrhjkt_/post/DeKfbrwk9No,4002387258837777138,threads,coekisss,"Dik malay, jangan lah berlarut-larut dalam kesedihan perkara football je, makanlah sikit makcik",2026-10-07 09:56:03,,0,0
https://www.threads.com/@_zrhjkt_/post/DeKfbrwk9No,4002450011188103664,threads,dwi_retno21,"Aku kira td boikot karna ada affiliate dg Israhell
Kagettt
Ternyata🤣🤣🤣🤣🤣🤣🤣🤣🤣🤣",2026-10-07 12:00:44,,0,0
https://www.threads.com/@_zrhjkt_/post/DeKfbrwk9No,4002449244844822238,threads,sipalingeca_,Boikot aja drpd di claim ama klen.,2026-10-07 11:59:12,,0,0
https://www.threads.com/@_zrhjkt_/post/DeKfbrwk9No,4002372356382769668,threads,amatullahtaala,"Ya Allah kok bisa-bisanya brand kahf kebawa arus emosional… adminnya boleh gen z dan “asik”, tapi tetap harus bisa memisahkan lingkup professional mana yang aman dibawa becanda & mana yang engga 🥹 qadarullah jadi kena…",2026-10-07 09:26:26,,1,0
https://www.threads.com/@_zrhjkt_/post/DeKfbrwk9No,4002412792745446821,threads,febblueary__,"dalam sejarah inilah paling lawak, masak gara gara bola org malay ngeboikot indo??? heh lagian kan lbh banyak produk kami kesana dan udh ada dimana mana dikonsumsi orang. lah produk klen yg mana masuk indo??? ntah lah ya aku kurang pengetahuan, ga pernah pulak kudapati produk malay. klo taupun lbh milih produk dalam negeri aku. ada gilaknya klen kutengok",2026-10-07 10:46:47,,0,0
https://www.threads.com/@_zrhjkt_/post/DeKfbrwk9No,4002367958362851169,threads,chocho_robert,Mohon maaf warga Malaydesh cuma seitil ga ngaruh,2026-10-07 09:17:42,,0,0
https://www.threads.com/@_zrhjkt_/post/DeKfbrwk9No,4002329441430799201,threads,banan4_tree,Berisik bgt nih negara seluas kabupaten,2026-10-07 08:01:10,,1,0
https://www.threads.com/@_zrhjkt_/post/DeKfbrwk9No,4002352864404114334,threads,nasrulloh.fahmi,gara2 bola jadi musuh kah? childish.,2026-10-07 08:47:43,,0,1
https://www.threads.com/@_zrhjkt_/post/DeKfbrwk9No,4002360343930274959,threads,acupoflemonhoney,yaudah rendang dan makanan indo yg lain jangan di claim lg y.,2026-10-07 09:02:34,,0,0
https://www.threads.com/@_zrhjkt_/post/DeKfbrwk9No,4002452653507385235,threads,mosleymochi,serasa debat sama bocah TK 😂,2026-10-07 12:05:59,,0,0
https://www.threads.com/@_zrhjkt_/post/DeKfbrwk9No,4002412326272228389,threads,belurryimages,Kl boikot jangan brand aja kak🤣,2026-10-07 10:45:51,,1,0
https://www.threads.com/@_zrhjkt_/post/DeKfbrwk9No,4002439253241842174,threads,rdn.aiman,Boikot whoosh depa biar depa bayar sendiri kos per hari hahaha,2026-10-07 11:39:21,,0,0
https://www.threads.com/@_zrhjkt_/post/DeKfbrwk9No,4002450517851303579,threads,francowindah,Dasar negara kabupaten wkwkw,2026-10-07 12:01:44,,0,0
https://www.threads.com/@_zrhjkt_/post/DeKfbrwk9No,4002453002531390306,threads,snysn_da,"gaya betul mau boikot negara kecil, kalo gaada backingan negara lain seminggu juga bisa malaysia di jajah Indo, negara kecil banyak gaya mau boikot 😂",2026-10-07 12:06:40,,0,0
https://www.threads.com/@_zrhjkt_/post/DeKfbrwk9No,4002314063032870445,threads,herestosavemymemories,"Starbucks , MCd etc yg product israel pun kau tak mampu boycot",2026-10-07 07:30:37,,0,0
https://www.threads.com/@_zrhjkt_/post/DeKfbrwk9No,4002351320489255060,threads,jonienggres,"Meanwhile malaynoob boycot.. we welcome malaynoob product.. 
Wait.. is there any malaynoob product to the great Indonesia.. zero 🤣🤣🤣🤣🤣🤣",2026-10-07 08:44:39,,0,0
https://www.threads.com/@_zrhjkt_/post/DeKfbrwk9No,4002448858482326494,threads,rezahasbii,"Kocak, karena meme langsung ngeboikot, sebaperan itu warga maju kah? Kalau boikot produk wahyudi dan isrewel ayo itu masuk akal. Pikir pak cikkk pikirrr!!!",2026-10-07 11:58:26,,0,0
https://www.threads.com/@_zrhjkt_/post/DeKfbrwk9No,4002373180471860027,threads,_khairlamri,"pencuci muka dia baek do tapi negara punya hal kasi cari brand lain la, beria nak mampus dari orang biasa sampai ke brand besar betul monyet",2026-10-07 09:28:05,,0,0
https://www.threads.com/@_zrhjkt_/post/DeKfbrwk9No,4002408943423083119,threads,alyimron89,Gpp malay juga orangnya sdikit nggak ngaruh wkwkwk,2026-10-07 10:39:08,,0,0
https://www.threads.com/@_zrhjkt_/post/DeKfbrwk9No,4002349868361255838,threads,hommiesdrag,boikot je brand babi ni,2026-10-07 08:41:46,,2,0
https://www.threads.com/@_zrhjkt_/post/DeKfbrwk9No,4002328545752906084,threads,fahrul_baharim,"Indon ni betul2 playvictim gilababii🤣 dia mula, kita react..and kita salah?..perangai macam israel. Zionist pun insecure dengan perangai indon ni",2026-10-07 07:59:24,,98,2
https://www.threads.com/@_zrhjkt_/post/DeKfbrwk9No,4002352448580771617,threads,datez,Boycottt indonesian coal if you dare....please boycott indonesian coal....,2026-10-07 08:46:53,,1,1
https://www.threads.com/@_zrhjkt_/post/DeKfbrwk9No,4002352737014647630,threads,datez,,2026-10-07 08:47:28,,0,0
https://www.threads.com/@_zrhjkt_/post/DeKfbrwk9No,4002446044869926269,threads,rhmawaati01,Ngapain boikot dr Indonesia. Boikot tuh yg pro isriwil.Kampung,2026-10-07 11:52:51,,0,0
https://www.threads.com/@_zrhjkt_/post/DeKfbrwk9No,4002335438295682130,threads,merr_jin,Ga sekalian lu boikot si Bahlil,2026-10-07 08:13:05,,0,0
https://www.threads.com/@_zrhjkt_/post/DeKfbrwk9No,4002332966072330402,threads,rezapaimo,maaf klo belom mampu menemukan pesawatmu yg hilang saja tidak perlu boikot2 karena kalian yg lebih membutuhkan,2026-10-07 08:08:11,,0,0
https://www.threads.com/@_zrhjkt_/post/DeKfbrwk9No,4002448925374117967,threads,hvnorlaa,"ngakak perkara bola doang sampe boikot, bener-bener baperan anj wkwk🤣 tapi ya good luck deh, soalnya rakyat kalian cuma sedikit dan gabakal ngaruh apa-apa di company mereka😘🤏🏻",2026-10-07 11:58:34,,0,0
https://www.threads.com/@_zrhjkt_/post/DeKfbrwk9No,4002371591275340794,threads,rdins__,NEGARA GIVE AWAY INI MASI AJA BERISIK YA 🤪🤪,2026-10-07 09:24:55,,0,0
https://www.threads.com/@_zrhjkt_/post/DeKfbrwk9No,4002409302330037712,threads,martinbradleyroger,"gua boikot barang dri indog ni sbb utama deme bagi jerebu, dh sebulan dah x setel2 lagi. memang gampang",2026-10-07 10:39:51,,0,0
https://www.threads.com/@_zrhjkt_/post/DeKfbrwk9No,4002443808013466076,threads,arif_david,Bojoku boikot aja ribet lu malaydesh,2026-10-07 11:48:24,,0,0
https://www.threads.com/@_zrhjkt_/post/DeKfbrwk9No,4002427032281138083,threads,primanjp,Biarkan @kahfeveryday  memasak 😎,2026-10-07 11:15:04,,0,0
https://www.threads.com/@_zrhjkt_/post/DeKfbrwk9No,4002436780104329937,threads,droidprst,"Klo yg boikot Malaysia,... Maaf gk ngefek🤣... Klo yg boikot China dan USA itu baru ngeri.. silahkan diboikot produk² Indonesia ya.... Kami balas dg tdk memboikot produk Malaysia di Indonesia seperti Shell dan bbrp merk... Kami orang Indonesia adl bangsa yg santun dan tdk akan membalas kejelekan dg kejelekan jg... Kecuali klo menghina negara/ lambang bendera dan sejenisnya baru kami balas",2026-10-07 11:34:26,,0,0
https://www.threads.com/@_zrhjkt_/post/DeKfbrwk9No,4002434445437244140,threads,u53rn0n4m3,"orang indonesia ni bangga sangat dengan rakyat dia ramai tapi takde pun yg ramai2 semua tu gi padam api, masih terbakar. kesian gila orang kawasan situ dgn haiwan. setiap tahun terbakar masih takda solusi? 😅 lepastu dgn ramai2 tu kebajikan setiap rakyat tu terjaga ke? apa kerajaan indonesia buat? ke yg cakap seronok rakyat ramai tu golongan atas yg taknampak golongan susah kat bawah?",2026-10-07 11:29:48,,0,0
https://www.threads.com/@_zrhjkt_/post/DeKfbrwk9No,4002420378152413449,threads,octa_viandi,Kami sehari 1T.MBG masih bs berjaya dan survive warga nya! Lah kalian mau boikot apa?? Sehelai rambut ipin pun gk ngaruh sm negara kami! 🤣,2026-10-07 11:01:51,,0,0
https://www.threads.com/@_zrhjkt_/post/DeKfbrwk9No,4002442431333407329,threads,cremechese,"Sok sok an boikot, warga kalian masih sering hunting holland bakery, bolu susu lembang sma jajanan alfa/indo kocak malaydesh ini",2026-10-07 11:45:40,,0,1
https://www.threads.com/@_zrhjkt_/post/DeKfbrwk9No,4002453073892981349,threads,mdnfynn,bila masa orang malaysia pergi alfa/indo kau tu🤣,2026-10-07 12:06:49,,0,0
https://www.threads.com/@_zrhjkt_/post/DeKfbrwk9No,4002403194751236125,threads,hidupkokgininyet,Berisik banget nih negara krisis identitas,2026-10-07 10:27:43,,0,0
https://www.threads.com/@_zrhjkt_/post/DeKfbrwk9No,4002442127347324896,threads,kenawabajawa,"Boikot pagi sore dari kalian apa kabar? Sampai sekarang masih tegak berdiri, ramai dan maish banyak pengunjung malaydeshnya. Hahahaha apalagi kahf ini gak ngaruhhh boikot dari seupilnya indonesia",2026-10-07 11:45:04,,1,0
https://www.threads.com/@_zrhjkt_/post/DeKfbrwk9No,4002384793173562481,threads,heiitshuda,"Ini kak, sekalian.",2026-10-07 09:51:09,,66,2
https://www.threads.com/@_zrhjkt_/post/DeKfbrwk9No,4002337784631361234,threads,auliauulll,"Boikot juga dong gamelan, gamelan - gamelan yang kalian pakai di Malaysia itu buatan Indonesia. Sekalian boikot juga angklung, angklung itu alat musik suku sunda, bukan suku melayu, ya.",2026-10-07 08:17:45,,127,3
https://www.threads.com/@_zrhjkt_/post/DeKfbrwk9No,4002350722145388142,threads,faaaadil,Main character syndrome 🤪🤣🤣,2026-10-07 08:43:27,,0,0
https://www.threads.com/@_zrhjkt_/post/DeKfbrwk9No,4002328170087010860,threads,haqlml,Org bodoh ja beli perfume kahf tuu … spray pun x wangi sembur ja terus hilang bau 😂😂😂,2026-10-07 07:58:39,,0,0
https://www.threads.com/@_zrhjkt_/post/DeKfbrwk9No,4002453042612058283,threads,andrejogjaman,"BOIKOT KERIS, GAMELAN, BATIK, RENDANG, SATAY, SAMBAL, CENDOL, DLL. MEREKA BERASAL DARI INDONESIA.",2026-10-07 12:06:45,,0,0
https://www.threads.com/@_zrhjkt_/post/DeKfbrwk9No,4002297012884037181,threads,arenip.armani,"Mereka tak tahu ke kita di sini pernah buat brand ni terduduk, kedai2 mereka skrg sepi je .. setakat nk boikot kahf boleh je",2026-10-07 06:56:45,,199,3
https://www.threads.com/@_zrhjkt_/post/DeKfbrwk9No,4002451982376365682,threads,hafizbt,knp indon kt thread ni cam barua eh...klau jumpa kt malaysia bukan main manis mulut nye hahahahaa,2026-10-07 12:04:39,,0,0
https://www.threads.com/@_zrhjkt_/post/DeKfbrwk9No,4002435301679140312,threads,man_yaazid,@kahfeveryday mohon update isu semasa,2026-10-07 11:31:30,,0,0
https://www.threads.com/@_zrhjkt_/post/DeKfbrwk9No,4002319258164905870,threads,raihan.najla,"Cem gini nak boikot, produk israel tak diboikot",2026-10-07 07:40:57,,0,1
https://www.threads.com/@_zrhjkt_/post/DeKfbrwk9No,4002331162856914369,threads,hbilazman_,Siapa kata produk israel tak diboikot?,2026-10-07 08:04:36,,0,0
https://www.threads.com/@_zrhjkt_/post/DeKfbrwk9No,4002444770185142676,threads,bagussajiwaa,"dikira pasar lu ratusan juta kali ya,kahf ngandelin pasar lokal dengan populasi indonesia yg 270juta+ juga udh cukup,kyk menyerap banyak produk aja,rakyat separonya pulau jawa aja belagu, mau boikot juga diketawain kahf",2026-10-07 11:50:19,,1,0
https://www.threads.com/@_zrhjkt_/post/DeKfbrwk9No,4002437939904897653,threads,__rohadlieberher24,Memanglah beza level sebab Konoha low IQ,2026-10-07 11:36:45,,2,1
https://www.threads.com/@_zrhjkt_/post/DeKfbrwk9No,4002438434405797349,threads,_sissyghost,Bagi lg bang,2026-10-07 11:37:43,,0,0
https://www.threads.com/@_zrhjkt_/post/DeKfbrwk9No,4002320401304818283,threads,mr.klyto,Masih kurang ituu. @meta.ai  kasih tau semua produk produk indo yang ada di malaysia,2026-10-07 07:43:13,,1,1
https://www.threads.com/@_zrhjkt_/post/DeKfbrwk9No,4002320684403225840,threads,meta.ai,"Yang lagi rame diboikot itu Paragon - Kahf, Wardah, Emina dll, tapi produk Indo di Malaysia jauh lebih banyak dari itu.

Paling kelihatan itu F&B: Indomie / Indofood, Kopi Kenangan, Ai-Cha Ice Cream & Tea, MOMOYO, http://J.CO, Sari Ratu, Waroeng Penyet, RM Cibiuk, plus Kopiko dan SilverQueen yang udah masuk supermarket sana.

Di luar F&B ada fashion & daily: The Executive, Edward Forrer, Terry Palmer, Paseo, plus skincare anak Moell yang baru resmi launching di KL Agustus 2025.",2026-10-07 07:43:47,,3,1
https://www.threads.com/@_zrhjkt_/post/DeKfbrwk9No,4002321326585083809,threads,mr.klyto,@meta.ai sebutkan semua biar diboikot,2026-10-07 07:45:03,,0,1
https://www.threads.com/@_zrhjkt_/post/DeKfbrwk9No,4002321551281957160,threads,meta.ai,"Yang lagi disebut di seruan boikot Threads Malaysia itu bukan cuma Paragon Group (Wardah, Kahf, Emina, Make Over).

Yang paling ramai itu F&B: Indomie / Indofood, Kenangan Coffee, Ai-Cha Ice Cream & Tea, MOMOYO, http://J.CO, Sari Ratu, Waroeng Penyet, RM Cibiuk, plus retail Kopiko dan SilverQueen yang udah masuk supermarket.

Di luar F&B ada fashion & daily yang juga ada di Malaysia: The Executive, Edward Forrer, Terry Palmer, Paseo, plus Buccheri dan Eiger yang lagi populer di sana.",2026-10-07 07:45:30,,1,0
https://www.threads.com/@_zrhjkt_/post/DeKfbrwk9No,4002447518537606064,threads,riz.shd,Kalah bola pun banyak cakap,2026-10-07 11:55:46,,0,0
https://www.threads.com/@_zrhjkt_/post/DeKfbrwk9No,4002427364168974390,threads,na_ndaps,DIBOIKOT KERANA KALAH BOLA SEPAK 😂😂😂😂 DONGOKNYAAAAAA “MAJIKAN” 😂😂😂😂,2026-10-07 11:15:44,,0,0
https://www.threads.com/@_zrhjkt_/post/DeKfbrwk9No,4002331631436739407,threads,ba.gas_y,"memang kahf salah soal bikin meme tapi kek ngerendahin harusnya disitu jgn cantumin negara lain misa kek cuma hati hati beda level sama bendera indo mungkin ga akan masalah, lagipula gatau kenapa cuma malay yg ngamuk-ngamuk, apa karena kahf cuma ada di malay? atau emng malay sensian aja?",2026-10-07 08:05:32,,0,0
https://www.threads.com/@_zrhjkt_/post/DeKfbrwk9No,4002397516268249975,threads,panggilsajaf__,Pfft kalah mah kalah aja 😂🤣 Udah beda konteks. ada boikot pula tuh wkwk. Negara seuprit apa yang dibanggakan 🤣. Negara hasil belas kasihan akhirnya bisa merdeka. Berbeda dong dengan indo. Perjuangan merebut 🔥,2026-10-07 10:16:26,,0,0
https://www.threads.com/@_zrhjkt_/post/DeKfbrwk9No,4002332377494013544,threads,rizadaper,"sekalian lagu kebangsaan juga boikot, soalnya yang bikin orang indo😋",2026-10-07 08:07:00,,2,0
https://www.threads.com/@_zrhjkt_/post/DeKfbrwk9No,4002374119190032982,threads,ahmadyogaroihana,"Tahkan ini tak masuk list juga, wahai warga Malaysia?",2026-10-07 09:29:57,,0,0
https://www.threads.com/@_zrhjkt_/post/DeKfbrwk9No,4002251195867694864,threads,ha.fidz4639,,2026-10-07 05:25:43,,159,0
https://www.threads.com/@_zrhjkt_/post/DeKfbrwk9No,4002430603126452181,threads,marthinsthg,"Malaysia 🇲🇾 import batubara dari Indonesia 🇮🇩 sebanyak 27juta ton , malaysia pemasok utama batubara dari Indonesia, stop kirim batubara ke malaysia siap2 lah malaysia jadi kota hantu tanpa listrik ⚡️. Bener kan @meta.ai malaysia importir batubara ?? Betul apa betul ??",2026-10-07 11:22:10,,0,1
https://www.threads.com/@_zrhjkt_/post/DeKfbrwk9No,4002430877762265688,threads,meta.ai,"Betul angkanya — Malaysia memang importir besar.

Data BPS 2025: Malaysia impor 27,62 juta ton batubara dari Indonesia, dari total impor thermal 36,3 juta ton. Jadi Indonesia supply sekitar 75%.

Tapi jadi kota hantu tanpa listrik itu kebesaran. Malaysia masih punya sumber lain Australia ~15%, Rusia, plus gas, hidro dan renewable. Batubara memang dominan, sekitar 40-60% bauran listrik Semenanjung, jadi kalau distop bakal naik harga dan krisis pasokan, bukan langsung gelap total — mereka bisa switch supplier, cuma lebih mahal.",2026-10-07 11:22:43,,2,0
https://www.threads.com/@_zrhjkt_/post/DeKfbrwk9No,4002436193731963433,threads,guepuspa,Sekalian ini ya kaakk. Masih banyak lg sih tp cari aja sendiri lah,2026-10-07 11:33:16,,0,1
https://www.threads.com/@_zrhjkt_/post/DeKfbrwk9No,4002437258632192114,threads,guepuspa,Aku jg mau boikot produk kalian tp yang terkenal cuma safi. Itu juga udah redup😔 gapernah pke juga sihh. Bingung jg soalnya ga ada lg yang viral,2026-10-07 11:35:23,,0,0
https://www.threads.com/@_zrhjkt_/post/DeKfbrwk9No,4002320895662250418,threads,edarmaradesa,,2026-10-07 07:44:12,,0,0
https://www.threads.com/@_zrhjkt_/post/DeKfbrwk9No,4002336887192838043,threads,friedman_mart,produk malaysia gak banyak ya?,2026-10-07 08:15:58,,0,1
https://www.threads.com/@_zrhjkt_/post/DeKfbrwk9No,4002344024497336563,threads,eskeplentes123,"tak untung dok produk masuk Indonesia, mata wang aja ciput kecil...",2026-10-07 08:30:09,,0,1
https://www.threads.com/@_zrhjkt_/post/DeKfbrwk9No,4002344765932856968,threads,friedman_mart,"kamu memang bodoh, @kahfeveryday dengan potensi market dalam negeri sudah cukup untuk memberikan untung, beda, produk malaysia dijual di dalam negeri, apa pasti  ada untung? jumlah penduduk sedikit",2026-10-07 08:31:37,,0,2
https://www.threads.com/@_zrhjkt_/post/DeKfbrwk9No,4002178390585231419,threads,michaelmichael595,,2026-10-07 03:01:04,,253,7
https://www.threads.com/@_zrhjkt_/post/DeKfbrwk9No,4002453267334525926,threads,bozest_setiawan86,"Mau boikot produk indo hah emang lu ga malu, uang ringgit sama paspor lu ajh di cetak di indo di perum peruri🤪",2026-10-07 12:07:12,,0,0
https://www.threads.com/@_zrhjkt_/post/DeKfbrwk9No,4002397148134582407,threads,nurnadiah_________,"Laki pakai @kahfeveryday.my ni, dah boleh tukar jenama lain",2026-10-07 10:15:42,,0,0
https://www.threads.com/@_zrhjkt_/post/DeKfbrwk9No,4002411891733545506,threads,fakhrulzulkifli,Boycot this product @kahfeveryday.my useless product.,2026-10-07 10:44:59,,0,0
https://www.threads.com/@_zrhjkt_/post/DeKfbrwk9No,4002439593853140345,threads,hafizh.farid,Boikot aja gak ngaruh penduduk dikit banyak bacot,2026-10-07 11:40:02,,0,0
https://www.threads.com/@_zrhjkt_/post/DeKfbrwk9No,4002335982858366891,threads,yahen72,Aku juga mau boikot produk malaydesh tapi produknya apa selain narkoba?,2026-10-07 08:14:10,,6,0
https://www.threads.com/@_zrhjkt_/post/DeKfbrwk9No,4002427388797565268,threads,siabangya,"Sekelas negara kecil isinya orang dari bangladesh semua mana takutlah, apalagi sebatas negara maling klaim, rasis kaya malay beginian mah fuck lah lo anjing malay",2026-10-07 11:15:47,,0,0
https://www.threads.com/@_zrhjkt_/post/DeKfbrwk9No,4002328215075131822,threads,kilikiligito_6,"Mcd starbucks elok jer tak lingkup ? Korang mula boikot , depa mula offer , langsung semua ekor jadi anjing kurap siap berebut kat counter mcd.  Aku meludah atas muka orang yang sembang kencang tapi tin kosong macam lu orang.",2026-10-07 07:58:44,,0,0
https://www.threads.com/@_zrhjkt_/post/DeKfbrwk9No,4002420075860143516,threads,dsnugi,https://www.threads.com/share/BAO7QXDUci/,2026-10-07 11:01:15,,0,0
https://www.threads.com/@_zrhjkt_/post/DeKfbrwk9No,4002381754980600577,threads,voidrafiq,"as a big brand @kahfeveryday.my, this is so shameful",2026-10-07 09:45:07,,1,0
https://www.threads.com/@_zrhjkt_/post/DeKfbrwk9No,4002239026832805454,threads,lailatulfauziah_,"Giliran produk2 kami kau boikot, giliran pulau dan kesenian kami, kau Akuin 😏 HILIH standar ganda kau upil ipil",2026-10-07 05:01:32,,213,3
https://www.threads.com/@_zrhjkt_/post/DeKfbrwk9No,4002401965116219654,threads,rizkakk___,,2026-10-07 10:25:16,,0,0
https://www.threads.com/@_zrhjkt_/post/DeKfbrwk9No,4002355778187053106,threads,akbar_maulana1982,Tidor lah,2026-10-07 08:53:30,,0,0
https://www.threads.com/@_zrhjkt_/post/DeKfbrwk9No,4002350234064207824,threads,rizky13k,Ga sekalian boikot lagu kebangsaan?,2026-10-07 08:42:29,,0,0
https://www.threads.com/@_zrhjkt_/post/DeKfbrwk9No,4002376238052749401,threads,floch36_,"Inii sayang tambahannya, jgn lupa ya😘😘😘
Nnti stelah klian boycot, gntian yah😘",2026-10-07 09:34:09,,33,2
https://www.threads.com/@_zrhjkt_/post/DeKfbrwk9No,4002370989921040670,threads,apapwawan,Di tunggu di Dangdut Academy Asia kak 🙏,2026-10-07 09:23:43,,0,0
https://www.threads.com/@_zrhjkt_/post/DeKfbrwk9No,4002453057282618130,threads,noordriii,,2026-10-07 12:06:47,,0,1
https://www.threads.com/@_zrhjkt_/post/DeKfbrwk9No,4002453052836654997,threads,noordriii,Sekalian di boikot juga ga ni?,2026-10-07 12:06:46,,0,0
https://www.threads.com/@_zrhjkt_/post/DeKfbrwk9No,4002242026330587145,threads,gabutaja1998,🤡🫵🏻,2026-10-07 05:07:30,,82,0
https://www.threads.com/@_zrhjkt_/post/DeKfbrwk9No,4002363358719889128,threads,representfeeling_,"plis ini juga, gak ngaruh se% pun klau hnya di boikot oleh negara seupil🥺, merasa negara pling kaya uwihh belagak sngat karna kan manusia nya jga seupil yak hhe🥺,yuk pakai otak ktnya kan IQ kodok eh IQ tertinggi sedunia mksdnya",2026-10-07 09:08:34,,11,1
https://www.threads.com/@_zrhjkt_/post/DeKfbrwk9No,4002412794516009359,threads,ineedmoneeeyy,kok sepii? oh iyaa soalnya kan fakta🤪🤣,2026-10-07 10:46:47,,0,0
https://www.threads.com/@_zrhjkt_/post/DeKfbrwk9No,4002430457324589778,threads,cumicumi_hitam,,2026-10-07 11:21:53,,0,1
https://www.threads.com/@_zrhjkt_/post/DeKfbrwk9No,4002430454564780904,threads,cumicumi_hitam,"Gak salah ??? Kalau marketnya banyak mah mending , lah cuman segini jng sok gede lah boikot2 😂😂😂",2026-10-07 11:21:52,,0,0
https://www.threads.com/@_zrhjkt_/post/DeKfbrwk9No,4002352317130161757,threads,sarahsoegiodono,aduh kepencet,2026-10-07 08:46:37,,0,0
https://www.threads.com/@_zrhjkt_/post/DeKfbrwk9No,4002370719245813659,threads,ikhmalhakimiv,,2026-10-07 09:23:11,,64,0
https://www.threads.com/@_zrhjkt_/post/DeKfbrwk9No,4002352295975274204,threads,yspds_,BAHAHAHAHAHAHA BAKAL NGARUH TUH,2026-10-07 08:46:35,,0,0
https://www.threads.com/@_zrhjkt_/post/DeKfbrwk9No,4002333350713992025,threads,lycheais_,,2026-10-07 08:08:57,,31,1
https://www.threads.com/@_zrhjkt_/post/DeKfbrwk9No,4002333343415882687,threads,lycheais_,rasanya dah bole ejas bende ni dulu kot indon,2026-10-07 08:08:56,,15,1
https://www.threads.com/@_zrhjkt_/post/DeKfbrwk9No,4002423340001986387,threads,nohfbri,,2026-10-07 11:07:44,,0,1
https://www.threads.com/@_zrhjkt_/post/DeKfbrwk9No,4002452415159802240,threads,lycheais_,"dah laa kau tak yah main thread study sana, dahlah asyik spam satu gmbr kt semua reply, terasa kee haha, bantu skit kerjaan kau tu, tengok dh x stabil dh tuu, presiden pun x pndi mengire kau ahh xyah citee",2026-10-07 12:05:30,,0,0
https://www.threads.com/@_zrhjkt_/post/DeKfbrwk9No,4002318798527112335,threads,rizkyimas,yg ini boikot juga gak kak ? 🙏🏻,2026-10-07 07:40:02,,6,0
https://www.threads.com/@_zrhjkt_/post/DeKfbrwk9No,4002295374899448773,threads,itsmecapikk_,Rupiah ? ahhh beda level 🤣,2026-10-07 06:53:29,,85,47
https://www.threads.com/@_zrhjkt_/post/DeKfbrwk9No,4002342470172213274,threads,hd.nugroho,,2026-10-07 08:27:04,,36,3
https://www.threads.com/@_zrhjkt_/post/DeKfbrwk9No,4002331512049496163,threads,oishinatto,Kak?😭 kita dizolimi dianiaya dijahatin pemerintah aja masih kuat gimana cuma beginian doang?👋😭,2026-10-07 08:05:17,,0,0
https://www.threads.com/@_zrhjkt_/post/DeKfbrwk9No,4002347947371182599,threads,irena.azahra,Kahf produk Indonesia sudah jelas bela negaranya. Kamu dah hina negara kami giliran dibalas playing victim 😜,2026-10-07 08:37:57,,2,0
https://www.threads.com/@_zrhjkt_/post/DeKfbrwk9No,4002417658122464419,threads,syifalyshikii,"emang bede level lah, betul tak upin?

""betul, betul, betul""",2026-10-07 10:56:27,,1,0
https://www.threads.com/@_zrhjkt_/post/DeKfbrwk9No,4002355257296259761,threads,cateye.1004,,2026-10-07 08:52:28,,78,0
https://www.threads.com/@_zrhjkt_/post/DeKfbrwk9No,4002330493244870301,threads,hardy.vii,"who tf even use kahf? cheap disgusting perfume and bile spray excessively jadi irrtation means cheap chemical. I dont event use kahf, I just use YSL or Jean Paul or Zara perfume kalau nak murah skit jimat duit,  tapi tak semurah and diagusting kahf la. kahf literally yalks disgusting la shall, ade hati nak perlekeh negara orang lain lol. comp perfume je pon bukan nye military😂",2026-10-07 08:03:16,,42,1
https://www.threads.com/@_zrhjkt_/post/DeKfbrwk9No,4002337689110296057,threads,muhdshukri97,"Aku guna Pencuci Muka Kahf, sebab Itu yang serasi🥺",2026-10-07 08:17:34,,1,1
https://www.threads.com/@_zrhjkt_/post/DeKfbrwk9No,4002338936211100206,threads,hardy.vii,"alamak😅 takpe leh tukar agi gaha. try Pink beauty kat watson, alang2 leh support watson malaysia sekali even pink is korean. aku pakai pink stabil",2026-10-07 08:20:02,,1,0
https://www.threads.com/@_zrhjkt_/post/DeKfbrwk9No,4002381138282247461,threads,4rkn._.defg,Busukkkk,2026-10-07 09:43:53,,0,0
https://www.threads.com/@_zrhjkt_/post/DeKfbrwk9No,4002440302992389156,threads,putrinoova,Brand ini dr malay bukan si? Keknya diindo udah ada 2 store ya?,2026-10-07 11:41:26,,0,1
https://www.threads.com/@_zrhjkt_/post/DeKfbrwk9No,4002449899652343404,threads,bitterhxney,"dari malay, mana itu produk juga mengjiplak produk lain
malaydesh cuma bisa jiplak dan klaim klaim punya negara lain",2026-10-07 12:00:30,,1,0
https://www.threads.com/@_zrhjkt_/post/DeKfbrwk9No,4002408069606926391,threads,maranellooowww,boikot dong,2026-10-07 10:37:24,,0,0
https://www.threads.com/@_zrhjkt_/post/DeKfbrwk9No,4002355570510331018,threads,rau.multazam,,2026-10-07 08:53:05,,80,2
https://www.threads.com/@_zrhjkt_/post/DeKfbrwk9No,4002345367052110256,threads,anakumi.ii,Sekalian ini juga jangan lupa,2026-10-07 08:32:49,,16,0
https://www.threads.com/@_zrhjkt_/post/DeKfbrwk9No,4002346155354881498,threads,c59.totomonile,"Halah, sok-sokan mau boikot , top playlist kalian aja Tulus dari Indonesia … lebih asik memang Indonesia",2026-10-07 08:34:23,,10,0
https://www.threads.com/@_zrhjkt_/post/DeKfbrwk9No,4002387651533651193,threads,willykj_,"alesan boikot produk israel apa?
karena israel pelaku genosida

alesan boikot produk indonesia apa?
karena warga malay tak tahan di roasting🗿 itu pun karena kalah sepakbola je🤣",2026-10-07 09:56:50,,0,0
https://www.threads.com/@_zrhjkt_/post/DeKfbrwk9No,4002350969526371221,threads,basmini__,Elok pun boikot produk indo ni. Dah la negara Pro Israel.,2026-10-07 08:43:57,,3,0
https://www.threads.com/@_zrhjkt_/post/DeKfbrwk9No,4002317366693140410,threads,nizxmm___,Diam lh negara miskinnn,2026-10-07 07:37:11,,11,0
https://www.threads.com/@_zrhjkt_/post/DeKfbrwk9No,4002417579369042053,threads,pajenkerz,,2026-10-07 10:56:17,,0,1
https://www.threads.com/@_zrhjkt_/post/DeKfbrwk9No,4002417577909468613,threads,pajenkerz,"ini juga di ban dong cik, masih buatan orang indonesia🫡",2026-10-07 10:56:17,,0,0
https://www.threads.com/@_zrhjkt_/post/DeKfbrwk9No,4002362721396033722,threads,mwchyx.x,,2026-10-07 09:07:18,,0,0
https://www.threads.com/@_zrhjkt_/post/DeKfbrwk9No,4002399719225118455,threads,wandyanwar,Malaysia tidur udah malam besok nyari pemain tourist lagi 😹,2026-10-07 10:20:48,,0,0
https://www.threads.com/@_zrhjkt_/post/DeKfbrwk9No,4002430750004606465,threads,wahyudifebri,,2026-10-07 11:22:27,,1,0
https://www.threads.com/@_zrhjkt_/post/DeKfbrwk9No,4002372906978026194,threads,aanpratama_id,awas bahan mudah terbakar 🔥,2026-10-07 09:27:32,,0,0
https://www.threads.com/@_zrhjkt_/post/DeKfbrwk9No,4002426284781308649,threads,nasrullah_muhdd,pendatang asing tanpa izin ?,2026-10-07 11:13:35,,0,0
https://www.threads.com/@_zrhjkt_/post/DeKfbrwk9No,4002378696308798290,threads,budhirinanto,Ini brand lokal yg lagi paling booming di Malaysia….yakin lo mau boikot ? 🤣🤣🤣🤣,2026-10-07 09:39:02,,0,0
https://www.threads.com/@_zrhjkt_/post/DeKfbrwk9No,4002449078391334809,threads,lambegosif,lagi rame di x katanya ada hubungannya sama ini brand👀,2026-10-07 11:58:52,,0,0
https://www.threads.com/@_zrhjkt_/post/DeKfbrwk9No,4002328037362187704,threads,hbilazman_,,2026-10-07 07:58:23,,228,16
https://www.threads.com/@_zrhjkt_/post/DeKfbrwk9No,4002404573243965378,threads,elbiyub,"Tetangga satu ini memang berisik banget, tukang maling, playing victim, rasis.",2026-10-07 10:30:27,,3,0
https://www.threads.com/@_zrhjkt_/post/DeKfbrwk9No,4002408969033370909,threads,mhdabid.__,"ingat rakyat je takde maruah , duit pun takde nilai .",2026-10-07 10:39:11,,4,0
https://www.threads.com/@_zrhjkt_/post/DeKfbrwk9No,4002359427072242681,threads,byalyyyyyy,"Diam lah semuaaaaa indon , dah lah punca",2026-10-07 09:00:45,,3,0
https://www.threads.com/@_zrhjkt_/post/DeKfbrwk9No,4002336817936972418,threads,haizatmhmmad,mcm bodoh indon ni,2026-10-07 08:15:50,,2,0
https://www.threads.com/@_zrhjkt_/post/DeKfbrwk9No,4002376638599993919,threads,anisaputri.13,"kau orang bisa boikot produk, tapi kau orang tak bisa le boikot asap karhutla dari indo WKWKWKWKWKWKW",2026-10-07 09:34:57,,0,0
https://www.threads.com/@_zrhjkt_/post/DeKfbrwk9No,4002373149819825191,threads,frendway,King 👑,2026-10-07 09:28:01,,0,0
https://www.threads.com/@_zrhjkt_/post/DeKfbrwk9No,4002411208237883038,threads,lilypasterbang,Main gileeeee,2026-10-07 10:43:38,,7,0
https://www.threads.com/@_zrhjkt_/post/DeKfbrwk9No,4002298861381184709,threads,s4rhwho._,hahahaha,2026-10-07 07:00:25,,66,2
https://www.threads.com/@_zrhjkt_/post/DeKfbrwk9No,4002341086220344474,threads,dellafahma,"kalian ini kalah main bola, sampek boikot idn 🤣🫸🏼 mental tempe bgt",2026-10-07 08:24:19,,1,0
https://www.threads.com/@_zrhjkt_/post/DeKfbrwk9No,4002329908618300950,threads,nabilatuzzulfa,"Kamu kenapa si mba?🥺🙏🏻
Kamu disakitin siapaaa kok sampe sebegitu dengkinya?🥺🙏🏻",2026-10-07 08:02:06,,0,0
https://www.threads.com/@_zrhjkt_/post/DeKfbrwk9No,4002358651185074860,threads,nursh.official,Kalau dah boikot boleh cuba perfume handcrafted ktorg. Made in Melakau!,2026-10-07 08:59:13,,29,0
https://www.threads.com/@_zrhjkt_/post/DeKfbrwk9No,4002449318858032367,threads,aulinvk7,"Negara kalian cuman seluas kabupaten, gak ngaruh, di Indonesia korupsi sampe  puluhan triliunan kita baik² aja",2026-10-07 11:59:21,,0,0
https://www.threads.com/@_zrhjkt_/post/DeKfbrwk9No,4002330876998952785,threads,_mr.shob266,"Anjinggg brand dari negara jerebu rupanya, boikottt negara mundur",2026-10-07 08:04:02,,0,0
https://www.threads.com/@_zrhjkt_/post/DeKfbrwk9No,4002355237389691854,threads,fandyep_023,"Negara miksin, nnti tak de listrik nangisss",2026-10-07 08:52:26,,1,0
https://www.threads.com/@_zrhjkt_/post/DeKfbrwk9No,4002340727169849975,threads,putrirhmdhneee,"Apa lah purpose boikot barang indo ni 
Kita buat genocide ke?? You orang berlebihan lah 😂 macam budak",2026-10-07 08:23:36,,0,0
https://www.threads.com/@_zrhjkt_/post/DeKfbrwk9No,4002357446471538028,threads,aiman_mukti,Dorang tak tahu macam mana Malaysia boikot British dulu zaman Tun Mahathir.. sampai british merayu.. ini kan dgn negara iq rendah..,2026-10-07 08:56:49,,0,0
https://www.threads.com/@_zrhjkt_/post/DeKfbrwk9No,4002315047611288786,threads,nfnatasssha,kt sini je kita boleh tengok rakyat dgn menteri indon sama bodoh😂😂😂,2026-10-07 07:32:35,,1,0
https://www.threads.com/@_zrhjkt_/post/DeKfbrwk9No,4002388986698185105,threads,_liawidya,Ngapa gak kalian boikot juga batu bara kami. Biar gelap negara sepetak kalian itu.,2026-10-07 09:59:29,,0,0
https://www.threads.com/@_zrhjkt_/post/DeKfbrwk9No,4002344241669809001,threads,rizkiadanun,Dududududduuuuu,2026-10-07 08:30:35,,0,0
https://www.threads.com/@_zrhjkt_/post/DeKfbrwk9No,4002312440204318582,threads,apekoje_k4mu,Xpela biarla dorg nk bangga. Baru nak merasa gempak. By the wat cepat sikit settle bara tanah korang tu. Bape kali ujan pun asyik jerebu je. Dah menyusahkan org tiba2 nak bangga. X malu,2026-10-07 07:27:24,,1,0
https://www.threads.com/@_zrhjkt_/post/DeKfbrwk9No,4002392765932627401,threads,ime_jaki,"Sekalian tuh boikot lagu kebangsaan Kalian Malaydesh, coba bikin lagu baru sono",2026-10-07 10:06:59,,0,0
https://www.threads.com/@_zrhjkt_/post/DeKfbrwk9No,4002418287946390316,threads,eyes_areclose,"Childish banget anjir, definisi mental anak tantrum. Go seek help.",2026-10-07 10:57:42,,0,0
https://www.threads.com/@_zrhjkt_/post/DeKfbrwk9No,4002343769107045033,threads,pearlofmuthiara,Boikot deh boikot. Sekalian make over juga itu punya indonesia. Jangan lupa boikot ya 😴,2026-10-07 08:29:38,,0,0
https://www.threads.com/@_zrhjkt_/post/DeKfbrwk9No,4002432429260418349,threads,romyaprinandaa,negara sebesar kabupaten je 😭😭😭🥲,2026-10-07 11:25:48,,0,0
https://www.threads.com/@_zrhjkt_/post/DeKfbrwk9No,4002432938498183109,threads,smshopgrosir,,2026-10-07 11:26:48,,0,0
https://www.threads.com/@_zrhjkt_/post/DeKfbrwk9No,4002425387292508398,threads,hujjakbar,Mau ikutan naturalisasi tapi tidak ada hubungan darah keturunan alhasil pakai cara fraud 🗿,2026-10-07 11:11:48,,0,0
https://www.threads.com/@_zrhjkt_/post/DeKfbrwk9No,4002355979916334612,threads,akbar_maulana1982,Awas Nak Meletup tuh🗿,2026-10-07 08:53:54,,5,0
https://www.threads.com/@_zrhjkt_/post/DeKfbrwk9No,4002348851159828917,threads,horangkaya271t,Hanya perkara bola main boykot2 pada kenapa sih nih manusia. Boikot produk Israel aja masih pada makai. Malah sesamanya yang saling boykot hanya perkara bola. Pada lebai banget heran.,2026-10-07 08:39:44,,0,0
https://www.threads.com/@_zrhjkt_/post/DeKfbrwk9No,4002357431959258885,threads,godjira_27,,2026-10-07 08:56:47,,2,1
https://www.threads.com/@_zrhjkt_/post/DeKfbrwk9No,4002377448980291585,threads,citra_inneke,😂😂😂,2026-10-07 09:36:33,,1,0
https://www.threads.com/@_zrhjkt_/post/DeKfbrwk9No,4002330804705533714,threads,hani_fachai,,2026-10-07 08:05:00,,11,0
https://www.threads.com/@_zrhjkt_/post/DeKfbrwk9No,4002206326897995674,threads,ainanawfal,,2026-10-07 03:56:34,,127,0
https://www.threads.com/@_zrhjkt_/post/DeKfbrwk9No,4002337130035120048,threads,halo_anissaaa,"negara lu tuh suka main klaim budaya indonesia. mulai dari batik,makanan rendang sampe ke artis2 pun lu aku2i dari malay😭",2026-10-07 08:16:27,,0,0
https://www.threads.com/@_zrhjkt_/post/DeKfbrwk9No,4002411165850936158,threads,dzarrasyiid,Rakyat mu cuma sejawabarat.. di indo masih ada 37 provinsi lainnya.. batubaranya jangan dibeli juga donggg biar gakk ngejilat ludah sendiri,2026-10-07 10:43:33,,0,0
https://www.threads.com/@_zrhjkt_/post/DeKfbrwk9No,4002432070822500075,threads,chachanissa1307,Sekalian boikot penyanyi indonesia beserta lagu2nya yaaaaaaa...AWAS kalo msh denger lagu indonesia 👊👊🤣,2026-10-07 11:25:05,,0,0
https://www.threads.com/@_zrhjkt_/post/DeKfbrwk9No,4002366597075445232,threads,jejakrempah12,Wkkww najis...tak guna pasaran malaydesh..negara kecik..,2026-10-07 09:15:00,,0,0
https://www.threads.com/@_zrhjkt_/post/DeKfbrwk9No,4002430722338578649,threads,cchaeggi,"KALO KAU MAKAN INDOMIE, JANGAN MAKAN LAGI YAAAAA SEMOGA TAHAN😍😍❤️❤️",2026-10-07 11:22:24,,0,0
https://www.threads.com/@_zrhjkt_/post/DeKfbrwk9No,4002320962192094949,threads,niizzzam_,Once upon the time when gorrila face :,2026-10-07 07:44:20,,9,2
https://www.threads.com/@_zrhjkt_/post/DeKfbrwk9No,4002322041805597432,threads,gagituky,,2026-10-07 07:46:28,,0,0
https://www.threads.com/@_zrhjkt_/post/DeKfbrwk9No,4002338410816206127,threads,achie_m.s,"Kalian boikot boikotan karena apa sih? Kudet gw. 
Karena bola? Atau karena masalah apa? 😱",2026-10-07 08:19:00,,0,0
https://www.threads.com/@_zrhjkt_/post/DeKfbrwk9No,4002315473131827218,threads,_mkhairulnizam_,Sblm ko sebut nama kalimah Allah? Knp ada gua pergi haji? Tu bukan lawak setan. Tu ko sembah setan. Ada hati sebut nama Allah. Malu la.,2026-10-07 07:33:25,,0,0
https://www.threads.com/@_zrhjkt_/post/DeKfbrwk9No,4002356017673940660,threads,zico.derav,AWKWOKWOWKWKWKWW WE DONT CARE😹,2026-10-07 08:53:59,,4,0
https://www.threads.com/@_zrhjkt_/post/DeKfbrwk9No,4002344076423381702,threads,inkazahrotunandini25,Owalah fomo sekalian boikot jg dong beras nya kan kita ekspor beras juga besar2 an ke Malaysia satu bulan 400 ton ... Gak pp ko nanti kalian sendiri yg susah...,2026-10-07 08:30:15,,0,0
https://www.threads.com/@_zrhjkt_/post/DeKfbrwk9No,4002340431950220206,threads,tariiagustin,"lu kenape sih, kalah ya kalah aja, udh sono balik lagi nonton upin ipin, segala mau boikot, kalian cuma seupil rakyat kami 280 juta jiwa vs 33 juta jiwa, mau kupanggilkan suku mana dulu ni?",2026-10-07 08:23:01,,2,0
https://www.threads.com/@_zrhjkt_/post/DeKfbrwk9No,4002355144545218726,threads,urutoradude99,Heh malay! Klean dah dapet juara 3 pun masi sesyirik itu ye sama kita? Kalian dah banyak menang loh knapa skalinya kita menang kalian udh kyk cacing kepanasan?,2026-10-07 08:52:15,,0,0
https://www.threads.com/@_zrhjkt_/post/DeKfbrwk9No,4002438970546081545,threads,ainaa.aunii,"Orang Malaysia semua tengah marah kan ? Siapa je tak marah kalau orang sentuh negara kita 😤

Aunii rasa ini masanya kita support Local Brand di Malaysia  untuk ekonomi negara kita jugak🇲🇾🔥

Jom ramai-ramai support local brand skincare & make up di Malaysia🇲🇾🔥

1. AINAA Beauty 
2. ⁠Demica
3. ⁠Mua Bellaz
4. ⁠Maez
5. ⁠Wna
6. ⁠Kekasih Hq
7. ⁠Wawa Cosmetic
8. ⁠Nelysa Cosmetic
9. ⁠Nuuha Beauty
10. ⁠Luqfa Beauty

bila support local brand ekonomi negara pom InsyaAllah akan naik 😍 Aminnn",2026-10-07 11:38:47,,3,0
https://www.threads.com/@_zrhjkt_/post/DeKfbrwk9No,4002359425680194040,threads,myh.yusof,Jom guna roll-on jenama malaysia @peacemoodglobal,2026-10-07 09:00:45,,16,1
https://www.threads.com/@_zrhjkt_/post/DeKfbrwk9No,4002370941972639468,threads,peacemoodglobal,Tq support kami jenama Malaysia.kami newbie lagim.cuba la try dulu.,2026-10-07 09:23:38,,1,0
https://www.threads.com/@_zrhjkt_/post/DeKfbrwk9No,4002405584691985218,threads,ummukikien,,2026-10-07 10:32:27,,23,0
https://www.threads.com/@_zrhjkt_/post/DeKfbrwk9No,4002401284749771700,threads,dwianggara.s,"Lu aja harusnya diboikot zrhjkt 
Jkt nya kan jakarta. Jadi lu harus diboikot 🫵🫵🫵🫵",2026-10-07 10:23:55,,0,0
https://www.threads.com/@_zrhjkt_/post/DeKfbrwk9No,4002426204316668954,threads,fadingfullmoon,,2026-10-07 11:13:43,,0,0
https://www.threads.com/@_zrhjkt_/post/DeKfbrwk9No,4002351340923870616,threads,aditio.r,,2026-10-07 08:44:57,,5,1
https://www.threads.com/@_zrhjkt_/post/DeKfbrwk9No,4002412256428897189,threads,ahmadibnufdl,"Ane ngakak ini sumpah recal"" di base musuh",2026-10-07 10:45:43,,0,0
https://www.threads.com/@_zrhjkt_/post/DeKfbrwk9No,4002410782903039974,threads,radenferdyfauzi,Eh puki  itu yg masih nempel ama kalimantan minta di ratain ?,2026-10-07 10:42:47,,0,0
https://www.threads.com/@_zrhjkt_/post/DeKfbrwk9No,4002411264752602114,threads,iraaaaa_sm,buset kalah bola aja childish bgt,2026-10-07 10:43:45,,0,0
https://www.threads.com/@_zrhjkt_/post/DeKfbrwk9No,4002324234184517053,threads,jihansykes_,malaysia ternyata alay bgt sialan,2026-10-07 07:50:50,,0,0
https://www.threads.com/@_zrhjkt_/post/DeKfbrwk9No,4002331546610817020,threads,hani_fachai,,2026-10-07 08:05:47,,3,0
https://www.threads.com/@_zrhjkt_/post/DeKfbrwk9No,4002396685091423029,threads,hhnrrh_,GAK NGARUH. KALIAN CUMA SEGINI 🤏🤣,2026-10-07 10:14:47,,0,0
https://www.threads.com/@_zrhjkt_/post/DeKfbrwk9No,4002360389270076352,threads,yogikrisnaa_,,2026-10-07 09:02:40,,0,0
https://www.threads.com/@_zrhjkt_/post/DeKfbrwk9No,4002327791424088947,threads,teguhaulia,,2026-10-07 07:57:54,,1,0
https://www.threads.com/@_zrhjkt_/post/DeKfbrwk9No,4002339228553335202,threads,syifa.andira_,"Korang boikot aja semua, bodoamat ga gentar tak ngaruh pun!!! Bacot doang",2026-10-07 08:20:37,,0,0
https://www.threads.com/@_zrhjkt_/post/DeKfbrwk9No,4002331021500677527,threads,lutuunaaana,,2026-10-07 08:04:19,,0,0
https://www.threads.com/@_zrhjkt_/post/DeKfbrwk9No,4002316534852868289,threads,arie_biru,"and you can boycot indonesian song too , dont use it  on tiktok ,isntagram or else , and dont listen ,if you hear it just skip , go listening your song or bangladesh song ,,,",2026-10-07 07:35:32,,0,0
https://www.threads.com/@_zrhjkt_/post/DeKfbrwk9No,4002353618136152321,threads,ninnnn_n,"Apasi wkwk thailand aja respect, ini yg kalah malah brisik awokwkwk malu nyeee",2026-10-07 08:49:13,,0,0
https://www.threads.com/@_zrhjkt_/post/DeKfbrwk9No,4002376225955953923,threads,zhifa.arch,"KENAPA MALAYSIA ITU BUDAYA MENCURI NYA SANGAT KUAT YAAA, BATIK AJAAA DIKLAIM DARI NEGARA SAMPAH ITU EWHHHH",2026-10-07 09:34:08,,0,0
https://www.threads.com/@_zrhjkt_/post/DeKfbrwk9No,4002197777086103191,threads,e_desyrel,Kami boikot jerebu dah sebulan tapi jerebunya tak tahu malu. Asik datang ke malaysia,2026-10-07 03:39:35,,85,1
https://www.threads.com/@_zrhjkt_/post/DeKfbrwk9No,4002291920017700500,threads,zeemazanhuri,"Dasar Jerebu Indon Tak de Maruah! 
😂😂",2026-10-07 06:46:38,,10,0
https://www.threads.com/@_zrhjkt_/post/DeKfbrwk9No,4002283779293141054,threads,faizaa_madina,Orang Malaysia Jeli banget matanya nemuin HIDDEN GEM sepatu lokal Indo yg LUCU kayak gini 🤣🤣🤣 Aku yang tinggal di Indo aja kalah gercep tau brand ginian😭🫶🏻,2026-10-07 06:30:27,,93,1
https://www.threads.com/@_zrhjkt_/post/DeKfbrwk9No,4002338010142303409,threads,adanthiliza,"B O D O 
A M A T
💩💩",2026-10-07 08:18:12,,0,0
https://www.threads.com/@_zrhjkt_/post/DeKfbrwk9No,4002381262954350886,threads,tatita_julian,"Kalian tau betapa kayanya indonesia kan??? Ayo laah jujur saja uang yg dikorupsi pemerintah ga terhitung jumlah nya, hanya kita orang indonesia ini memang terlalu baik saja. Boleh lo klo mau boikot. Perkara kalah bola aja sok playing victim. Ciri2 orang kurang kerjaan",2026-10-07 09:44:08,,0,0
https://www.threads.com/@_zrhjkt_/post/DeKfbrwk9No,4002364391324569121,threads,ayamgorengkalasan77,Yakin boikot? Nanti muka kau ga bisa jadi cantik lageeee,2026-10-07 09:10:37,,0,0
https://www.threads.com/@_zrhjkt_/post/DeKfbrwk9No,4002334779404080135,threads,sitinurmalizz,"Gapeduli sih, org negara kalian SEPETAK",2026-10-07 08:11:47,,0,0
https://www.threads.com/@_zrhjkt_/post/DeKfbrwk9No,4002412293463242587,threads,besenbiru135,Kau bodoh ke apa mat? Lantak orang tu la nak boikot ke apa ke? Asal bodoh sangat ni.,2026-10-07 10:45:47,,0,0
https://www.threads.com/@_zrhjkt_/post/DeKfbrwk9No,4002323277020753757,threads,cyarrrra,Kalian bisa Boikot Produk Indonesia tapi kalian tidak akan bisa Boikot Asap akibat kebakaran hutan di Indonesia. Cam kan itu pak cik! bodo amat anyinkkkk,2026-10-07 07:48:56,,1,1
https://www.threads.com/@_zrhjkt_/post/DeKfbrwk9No,4002329806284718645,threads,hbilazman_,,2026-10-07 08:01:54,,0,1
https://www.threads.com/@_zrhjkt_/post/DeKfbrwk9No,4002335220234295337,threads,cyarrrra,,2026-10-07 08:12:39,,0,1
https://www.threads.com/@_zrhjkt_/post/DeKfbrwk9No,4002336024919226240,threads,hbilazman_,,2026-10-07 08:14:15,,0,0
https://www.threads.com/@_zrhjkt_/post/DeKfbrwk9No,4002334777928182175,threads,quail.40027132,🥳🥳🥳🥳🥳🥳🥳🥳,2026-10-07 08:11:47,,1,0
https://www.threads.com/@_zrhjkt_/post/DeKfbrwk9No,4002341673170592080,threads,wennyjasminjasmina,"boikot boikot lah,, bacot amat.
rakyat kalian gak seberapa,, itu pun sebagian bukan orang malay asli tapi orang china dan bangla.
tapi ada sih beberapa yang dipalsukan identitas nya biar jadi warga negara kalian, pemain timnas kalian contohnya
upsss🤪",2026-10-07 08:25:29,,0,0
https://www.threads.com/@_zrhjkt_/post/DeKfbrwk9No,4002313317469333489,threads,saiken_pop,alamak 🤭🤭,2026-10-07 07:29:08,,0,0
https://www.threads.com/@_zrhjkt_/post/DeKfbrwk9No,4002370116541131484,threads,va.ys,,2026-10-07 09:21:59,,0,0
https://www.threads.com/@_zrhjkt_/post/DeKfbrwk9No,4002361708933376614,threads,hadiyashh,Terserah dah yg penting aku dapet sampel gratis https://www.threads.com/share/_xEBttVO4/,2026-10-07 09:05:17,,0,0
https://www.threads.com/@_zrhjkt_/post/DeKfbrwk9No,4002251702925514979,threads,jepp_wak_salam,"Mereka menghina MALAYSIA.. kalau korang still support, korang bodoh",2026-10-07 05:26:43,,68,1
https://www.threads.com/@_zrhjkt_/post/DeKfbrwk9No,4002381954418682528,threads,kanebkato,Segrlintir yg buat tak mewakili seluruh rakyatnya. Melayu mmg suka bergadoh kan? Lembik mudah di provok2.,2026-10-07 09:45:31,,0,0
https://www.threads.com/@_zrhjkt_/post/DeKfbrwk9No,4002420835406653019,threads,_.mhdalyffz._,,2026-10-07 11:02:46,,0,0
https://www.threads.com/@_zrhjkt_/post/DeKfbrwk9No,4002388890631473891,threads,tyasayuningdewi_34,Malaysia negara kecil . Indonesia punya ribuan pulau . Parahnya gara2 Malaysia kalah bola doang . Padahal sesama muslim tapi rasis miris banged akhlaqnya . Setidaknya kami rakyat Indonesia memang gak suka sama pemerintah kami tapi kami cinta negeri kami . Seburuk2nya Indonesia lebih baik drpd rasis antar sesama muslim . Allah is on our Side,2026-10-07 09:59:17,,0,1
https://www.threads.com/@_zrhjkt_/post/DeKfbrwk9No,4002415395856423726,threads,nrlnazlina,"Ini bukan soal bola. Kalau cinta, Punya ribuan pulau ya diselesaikan isu pembakaran berleluasa. Cari orang yang bertanggungjawab atas pencemaran udara. Kerana Hasil tidak bertanggungjawab dari negara kamu bukan saja rakyat kamu yang derita kerana pencemaran udara malah yang di malaysia terlibat sama tercemar dari aktiviti tidak bertanggungjawab itu. Jika kamu muslim, Dan seorang individu yang baik, Kamu kaji dahulu apa yang menyebabkan individu dari rakyat malaysia membentak ?",2026-10-07 10:51:57,,1,1
https://www.threads.com/@_zrhjkt_/post/DeKfbrwk9No,4002423969516858684,threads,tyasayuningdewi_34,"Jelas kalau itu mah saya juga gak suka sama orang2 yang membakar ladang hutan Kalimantan dengan sengaja . Masalahnya pemerintah kita gak gercep makanya itu jadi menjalar kemana2 . Aku juga menentang soal itu  karena gak cuma Malaysia dan Brunei yang kena imbas , orang2 Kalimantan disana juga kena dampak asapnya bahkan lebih parah .",2026-10-07 11:08:59,,0,0
https://www.threads.com/@_zrhjkt_/post/DeKfbrwk9No,4002406123977117785,threads,ahmad_nht,"Melayu Malaysia ini plenger semua kelakuannya kek bocil puber anjir, mana banyakan rasis sama Malay India or china",2026-10-07 10:33:32,,0,0
https://www.threads.com/@_zrhjkt_/post/DeKfbrwk9No,4002399209962444319,threads,penyuka.aesthetic,"kak apa kabar warga kalian yg hina pahlawan nasional kami kak? coba di tanggapi, klian juga sudah diluar batas, klo mau hina artis atau pemerintah kami silahkan aja, tapi kalo sudah sampe pahlawan nasional klian hrusnya sadar diri sm kelakuan warga klian sndiri, atau klian memang tidak mengerti sepenting apa peran pahlawan nasional smpai seberani itu?? apa tdk ada pahlawan nasional di negara kliann??? coba di tanggapi hal ini",2026-10-07 10:19:48,,0,0
https://www.threads.com/@_zrhjkt_/post/DeKfbrwk9No,4002382761369504932,threads,akksha21,Last pergi jakarta 2024 lepas tu taknk dah pegi rasa jijik kotor dorang kalah kulit orang rohinya,2026-10-07 09:47:07,,0,0
https://www.threads.com/@_zrhjkt_/post/DeKfbrwk9No,4002336562469251673,threads,calhsb__,Kau ni bodo !!!,2026-10-07 08:15:19,,0,0
https://www.threads.com/@_zrhjkt_/post/DeKfbrwk9No,4002411391982196796,threads,rsyda.lalala,"semoga yg masih memakai product yg katanya diboikot, tumbuh bisul,jerawat, sakit tekak cirit birit, yg tak boleh sembuhkan yaAllah, aamiin😇
soalnya kalo mereka masih pakai berati omong doang mulutnya, ketikan sama mulutnya berkhianat",2026-10-07 10:44:00,,1,0
https://www.threads.com/@_zrhjkt_/post/DeKfbrwk9No,4002335556137737142,threads,hallo.novia_,"Hahaha kekanak-kanakan bgt siih, segininya padahal jelas rill kalah telak tapi sampe kemana-mana. Kek bocil lg marah ga terima 🤣",2026-10-07 08:13:19,,0,0
https://www.threads.com/@_zrhjkt_/post/DeKfbrwk9No,4002348724550626336,threads,why.misya,Kaff for loser,2026-10-07 08:39:29,,1,0
https://www.threads.com/@_zrhjkt_/post/DeKfbrwk9No,4002368790126566015,threads,fairus_sari,,2026-10-07 09:19:21,,55,1
https://www.threads.com/@_zrhjkt_/post/DeKfbrwk9No,4002446953649144198,threads,tunafzanandrha,sorry mmg xda consume brg ni,2026-10-07 11:54:39,,0,0
https://www.threads.com/@_zrhjkt_/post/DeKfbrwk9No,4002387446289358647,threads,muhmmdharisaufa,"terlalu baper, thailand yg kemaren kalah lawan indo aja kagak baper apalagi boikot kami, emg gak salah sebutkan korang sebagai ""zionis nya asean""
apalagi lucu bgt, dari yg awal bola malah bawa² paspor, inilah itulah, inikah negara iq tinggi????
maap bgt, gue emg gak suka debat indo-malaysia tapi kalo udh nyangkut ke bola itu gak gue toleransi.l",2026-10-07 09:56:25,,0,0
https://www.threads.com/@_zrhjkt_/post/DeKfbrwk9No,4002394234528458609,threads,vitawitjaksono,,2026-10-07 10:09:54,,0,0
https://www.threads.com/@_zrhjkt_/post/DeKfbrwk9No,4002331106402862676,threads,saos_mentay,,2026-10-07 08:04:29,,0,0
https://www.threads.com/@_zrhjkt_/post/DeKfbrwk9No,4002378882393212664,threads,ellaayuhdyn,"Alahh alaahh🤣🤣🤣 perkoro bal bal an aee loo. Yodahh nikmatin deh kekalahan klean. Dah kalah busuk hati.
Contoh itu Thailand, berbesar hati mereka malah standing applause.",2026-10-07 09:39:24,,0,0
https://www.threads.com/@_zrhjkt_/post/DeKfbrwk9No,4002378439189572365,threads,ariffdill_,Ye baperan wkwkwk gitu kok ngehina pahlawan indonesia wkwkwkw sepele qkwkkw  tidurlah malaydeshh kalok anda tidak mau di hina gausah menghinakan diri sendiri anyeengg,2026-10-07 09:38:31,,0,0
https://www.threads.com/@_zrhjkt_/post/DeKfbrwk9No,4002345983740044708,threads,indriable20,Boikot tuh produk zion!sst. Kahf ini pendukung Palestine dan kalian boikot? Pola pikir yang aneh,2026-10-07 08:34:02,,2,0
https://www.threads.com/@_zrhjkt_/post/DeKfbrwk9No,4002234305699111869,threads,xvxbic,Menyalak pulak budak2 indonesia dekat sini. Settle jerebu ni dulu baru boleh menyalak.,2026-10-07 04:52:09,,275,0
https://www.threads.com/@_zrhjkt_/post/DeKfbrwk9No,4002390647559068718,threads,hasifahizza_aml,Yaelahh ga bikin geter di boikot sama yang kaya gini,2026-10-07 10:02:47,,0,0
https://www.threads.com/@_zrhjkt_/post/DeKfbrwk9No,4002365636999814362,threads,ceri.tatentanghariku,"banyak banget orang malaysia yang buat status lebih teduh, jadi yang iq dibawah rata- rata gini mending di diemin aja sih. ga ada untungnya samsek.",2026-10-07 09:13:05,,0,0
https://www.threads.com/@_zrhjkt_/post/DeKfbrwk9No,4002420857460846653,threads,musapanjaitannn,,2026-10-07 11:02:48,,1,0
https://www.threads.com/@_zrhjkt_/post/DeKfbrwk9No,4002373643482152710,threads,ahmadyy06,"Rasaan tim kita kalah waktu lawan malaysia fine fine aja ya, knapa tim kalian kalah gak terima? Apa gk punya Iklas sma ridho? Krna iklas dan ridhonya udh di thailand dan indo😩izinnn..",2026-10-07 09:29:00,,1,0
https://www.threads.com/@_zrhjkt_/post/DeKfbrwk9No,4002339007388382621,threads,ege.laga,DEMI ALLAH KOCAK BGT BOIKOT GARA GARA KALAH LAWAN INDONESIA ?,2026-10-07 08:20:11,,0,0
https://www.threads.com/@_zrhjkt_/post/DeKfbrwk9No,4002349334032143999,threads,entertheclappintime,"Maaf, ini terlalu LEBAY.
Silahkan saja kalau mau boikot. Ternyata mental warga PASSPORT NO. 2 DUNIA levelannya macam begini.

Aneh.",2026-10-07 08:40:42,,0,0
https://www.threads.com/@_zrhjkt_/post/DeKfbrwk9No,4002316740373719432,threads,esqkandar_,😭,2026-10-07 07:35:56,,1,0
https://www.threads.com/@_zrhjkt_/post/DeKfbrwk9No,4002345099304593616,threads,your.rez_,"bnyk bacot ni negara rasis top 2,kalo mau boikot ywdh boikot aja ga miskin negara kami",2026-10-07 08:32:17,,1,0
https://www.threads.com/@_zrhjkt_/post/DeKfbrwk9No,4002435030542611165,threads,arlen_nhfl,Heleeh heleeh. Macam tak betul budak 1 nih. Dua tiga tutup botol.. Muka kau kaya k+++++...,2026-10-07 11:30:58,,0,0
https://www.threads.com/@_zrhjkt_/post/DeKfbrwk9No,4002413005387183861,threads,perabotsiji_,Wkwkw gara”kalah bola sampe boikot”🤣btw Beli 2 40k co di live https://s.shopee.co.id/7Ae6vRsH1U,2026-10-07 10:47:12,,0,0
https://www.threads.com/@_zrhjkt_/post/DeKfbrwk9No,4002421733357503580,threads,agam_iqball,"https://id.shp.ee/05n773dm?fromSource=copy_link&smtt=0.0.9

Sabun viral sayang ya💕💕🔥😉",2026-10-07 11:04:33,,0,0
https://www.threads.com/@_zrhjkt_/post/DeKfbrwk9No,4002333640608666728,threads,seasaltfoamsalted,Alay bgt najis lebay geli,2026-10-07 08:09:31,,0,0
https://www.threads.com/@_zrhjkt_/post/DeKfbrwk9No,4002331305789973928,threads,adessstian,Najis bangsat 🤣🤣🤣 negara kabupaten baperan banget.,2026-10-07 08:04:53,,0,0
https://www.threads.com/@_zrhjkt_/post/DeKfbrwk9No,4002358119666047815,threads,bcdefghijklmnpqtuvwxyzzz,Pantes korea gedeg ama lu pada malay malay,2026-10-07 08:58:09,,0,0
https://www.threads.com/@_zrhjkt_/post/DeKfbrwk9No,4002330352584058149,threads,papaditaa_,"alay, gaya2an mau boikot, rendang, batik, reog aja lu claim 😆",2026-10-07 08:02:59,,0,0
https://www.threads.com/@_zrhjkt_/post/DeKfbrwk9No,4002261247978601404,threads,anna.egih,MALING MALING PLAGIAT. CHIKURO Itu nama brand indonesia yessss bukan nama ayam. Ayamnya ya chiken roll . Maluuuu lahhhh,2026-10-07 05:45:41,,84,4
https://www.threads.com/@_zrhjkt_/post/DeKfbrwk9No,4002428183208066747,threads,kvnaprllio,this is how ‘high iq’ behave? having this GRUDGE over a sport??? GROW UP brother 😂,2026-10-07 11:17:21,,0,0
https://www.threads.com/@_zrhjkt_/post/DeKfbrwk9No,4002354113987930925,threads,rinneige,"Hai semua yang mau kulit putih sehat boleh chat saya ya
Siap kirim keseluruh indonesia dan malaysia bahkan keseluruh negara

Message Rin Neige on WhatsApp. https://wa.me/628158244493",2026-10-07 08:50:12,,0,0
https://www.threads.com/@_zrhjkt_/post/DeKfbrwk9No,4002423985270821062,threads,sm0othiespie,"Rakyat negara kau pun takde setengah dari rakyat Indonesia, mau boikot? Yauda sana wkwkw boikot juga baru bara dari Indonesia, sebab jika takde batu-bara dari Indonesia negara kau nak jadi ape??",2026-10-07 11:09:01,,0,0
https://www.threads.com/@_zrhjkt_/post/DeKfbrwk9No,4002343274069175686,threads,nepurange,Yaudah buruan dari sekarang boikotnya ga usah banyak cakap lah pantek,2026-10-07 08:28:39,,0,0
https://www.threads.com/@_zrhjkt_/post/DeKfbrwk9No,4002420681694439830,threads,wani_storys,main gilaaa dgn MALAYSIA memang silap besar. dh tahu brand2 ternama duk diam je x yh la guna main acc kau nk bersuara kau tu.. kau suara sorg bkn guna acc company. skrg ni x pasal2 brand lain pun lingkup. byeeeee……,2026-10-07 11:02:27,,0,0
https://www.threads.com/@_zrhjkt_/post/DeKfbrwk9No,4002348340327951999,threads,cacawyaw,"ga ngaruh bego, negara lu cuma seitil wkwk
penduduk lu aja cuma 30jt, masih lbih banyak wrga provinis jabar yg udah 50jt hahahahaa",2026-10-07 08:38:43,,0,0
