url,platform,account_name,followers,date_posted,description,content_type,likes,replies,reshare,repost
https://www.threads.com/@paalllll_/post/DeN5LacFE_X,threads,paalllll_,,2026-10-08T02:46:17Z,"@meta.ai 
I would like you to do a thorough research regarding what had been happening regarding kahf lately and why is it getting boycotted or hated ?",POST,0,1,0,0
https://www.threads.com/@amirulalang/post/DeNzH8uCXAl,threads,amirulalang,,2026-10-08T01:53:23Z,"Malaysia ketawa = HAHAHAHAHA
Indonesia ketawa = WKWKWKWKW

Lepasni aku nak ketawa macam ni ‘KAHFKAHFKAHFKAFH’",POST,20,44,0,1
https://www.threads.com/@mniokisss7/post/DeN5KH7GSdY,threads,mniokisss7,,2026-10-08T02:46:06Z,Lucu lagi bjir 😹😹😹😹 @kahfeveryday,POST,0,0,0,0
https://www.threads.com/@azlyazizan80/post/DeN4zDlAdf0,threads,azlyazizan80,,2026-10-08T02:43:54Z,@kahfeveryday.my itu level kau,POST,1,0,0,0
https://www.threads.com/@shhrh.bhmn/post/DeN4tVGE7Fx,threads,shhrh.bhmn,,2026-10-08T02:42:10Z,@kahfeveryday,POST,0,0,0,0
https://www.threads.com/@akazashikaragi/post/DeN4dzvidZZ,threads,akazashikaragi,,2026-10-08T02:40:03Z,Ada lagi ke yang tak boikot? @kahfeveryday @kahfeveryday.my,POST,0,0,0,0
https://www.threads.com/@amlsngdji/post/DeN4OvnIz3n,threads,amlsngdji,,2026-10-08T02:38:00Z,making bangga pakai produk @kahfeveryday 🇮🇩🇮🇩🇮🇩,POST,0,0,0,0
https://www.threads.com/@antobuncit/post/DeN4L4ln3Jy,threads,antobuncit,,2026-10-08T02:37:36Z,"Bisa punya harley davidson dari @kahfeveryday kebanggan sih, disupport @hobagency_ @paragoncreatorhub maturnuwun kakak2 semuaaaaa",POST,1,0,0,0
https://www.threads.com/@thecfact/post/DeN4IUngXfQ,threads,thecfact,,2026-10-08T02:37:07Z,@meta.ai Kahl blunder apa?,POST,0,1,0,0
https://www.threads.com/@syazrimanabdullah/post/DeN4HN5lLSF,threads,syazrimanabdullah,,2026-10-08T02:36:58Z,"@kahfeveryday @kahfeveryday.my - Please manage your employees. You have lose you Malaysian market after effort of trying to build in Malaysia .

This is unethical. Especially when the issue has risen from simple football to political and whole other level.",POST,0,0,0,0
https://www.threads.com/@zainirose2/post/DeN38tsgfVT,threads,zainirose2,,2026-10-08T02:35:32Z,@kahfeveryday.my damage has been done…terlajak perahu boleh undur terlajak type buruk padahnya…,POST,0,0,0,0
https://www.threads.com/@ohmymedia.cc/post/DeMjFYaDUxY,threads,ohmymedia.cc,,2026-10-07T14:14:32Z,"Sultan Pahang, Sultan Abdullah Ri’ayatuddin Al-Mustafa Billah Shah menyeru seluruh rakyat Pahang dan Malaysia agar bersama-sama berdoa memohon kepada Allah SWT supaya diturunkan hujan bagi membantu meredakan keadaan jerebu ketika ini.

Baginda turut berharap masyarakat serta syarikat perladangan di Kalimantan, Indonesia menghentikan aktiviti pembakaran secara terbuka yang boleh menyumbang kepada pencemaran udara dan menjejaskan kesihatan masyarakat di rantau ini.",POST,2746,30,4,271
https://www.threads.com/@__musthh15/post/DeN3ey-GCU_,threads,__musthh15,,2026-10-08T02:31:27Z,@kahfeveryday.my,POST,0,0,0,0
https://www.threads.com/@haanhani/post/DeN3Z_LkhSz,threads,haanhani,,2026-10-08T02:30:47Z,"Tenang aja @kahfeveryday tak akan ku biarkan kamu bangkrut cuma karena di boikot segelintir itu, makin ku order ku checkout ku spill link produkmu !👀❤️🇮🇩 don’t be scared , Allah maha kaya seperti warga Indonesia yg kesabarannya penuh kaya ☺️",POST,0,0,0,0
https://www.threads.com/@am1r_0fficial/post/DeN3ISdE5bA,threads,am1r_0fficial,,2026-10-08T02:28:22Z,@kahfeveryday negara miskin dilarang bodoh .,POST,0,0,0,0
https://www.threads.com/@shhrh.bhmn/post/DeN5q3sk8N8,threads,shhrh.bhmn,,2026-10-08T02:50:34Z,@kahfeveryday,POST,0,0,0,0
https://www.threads.com/@wakdoyok/post/DeME11doM42,threads,wakdoyok,,2026-10-07T09:49:42Z,Kotor nye dan boleh penyakit,POST,3238,25,0,40
https://www.threads.com/@dahlansalih/post/DeN3A0jEx9P,threads,dahlansalih,,2026-10-08T02:27:21Z,Produk @kahfeveryday guna sampah2 tu ke?,POST,0,0,0,0
https://www.threads.com/@rendra27_/post/DeN3AsaCWHg,threads,rendra27_,,2026-10-08T02:27:20Z,"Best lah @kahfeveryday , ayok kita sokong product indoneisa",POST,0,0,0,0
https://www.threads.com/@ameer_falique/post/DeN25EckwF5,threads,ameer_falique,,2026-10-08T02:26:18Z,"Silakan @kahfeveryday.my jual deodorant anda kepada rakyat2 anda sahaja. 300juta consumer, pasti berhasil kan.",POST,0,0,0,0
https://www.threads.com/@fhak_eeeee/post/DeN2yTTAc57,threads,fhak_eeeee,,2026-10-08T02:25:22Z,"Cam bangang je konoha ni, sembang tak takut kena boikot, klau tak takut knapa kahf padam posting tu? HAHAHAHAHAHHAHAHAHAHAH",POST,3,1,0,0
https://www.threads.com/@thv.va/post/DeN2vrdE0BD,threads,thv.va,,2026-10-08T02:25:01Z,"@kahfeveryday you know what you did before dont act like tht you guys dont what you done; im one of your customer before this but after this no more , your live agent in tiktok talk like sh** cannot even promote your product without attacking on someone?",POST,0,0,0,0
https://www.threads.com/@nr.irddna_/post/DeN2k-aGtdE,threads,nr.irddna_,,2026-10-08T02:23:33Z,@kahfeveryday @kahfeveryday.my ini ke yg kata minta maaf tu?,POST,0,0,0,0
https://www.threads.com/@ubigorengsambal/post/DeN2TT_jzpD,threads,ubigorengsambal,,2026-10-08T02:21:08Z,soal bola sibuk mau bela belain @kahfeveryday soal kebakaran hutan diem aja tuh. ada korban jiwa juga lu ga peduliin kan? gajelas banget. mentaliti sampah,POST,1,0,0,0
https://www.threads.com/@husliza_husin/post/DeM7fjCIxJB,threads,husliza_husin,,2026-10-07T17:47:16Z,kenapa menangis mbak 😂😂,POST,12,1,0,0
https://www.threads.com/@fiqaoh/post/DeN2PufiY-a,threads,fiqaoh,,2026-10-08T02:20:39Z,"Kenapa nangis😂😭😂😭 
Jgn risau x kena penjaralah
Paling2 balik indonesia je.
@kahfeveryday boleh bagi kerja, pasaran sana luas",POST,1,1,0,0
https://www.threads.com/@syedh4fez/post/DeN1yh5kmEP,threads,syedh4fez,,2026-10-08T02:16:40Z,Kahf kalau ditebalikkan jadi apa geng? @kahfeveryday.my cuba jawab sikit. ▓,POST,0,0,0,0
https://www.threads.com/@zhenchien007/post/DeN1YneE9Ut,threads,zhenchien007,,2026-10-08T02:13:08Z,@meta.ai what brand is this? Very famous meh? Why I never hear before? Then after they say sorry what's Malaysian reaction?,POST,0,1,0,0
https://www.threads.com/@akhi.bakhtiar/post/DeN1WX3Gkjo,threads,akhi.bakhtiar,,2026-10-08T02:12:49Z,Kelakar ya brand tak besar mana tapi tindakan macam rakyat low iq. Boikot je lah. Produk pun takdak kualiti mana.,POST,0,0,0,0
https://www.threads.com/@mboke_dit/post/DeM3LClnXWX,threads,mboke_dit,,2026-10-07T17:09:31Z,"Kan kalian duluan yg posting boycott produk mereka, dijawab langsung sama admin Kahf, lalu playing victim suruh companynya minta maaf. Negara NPD.",POST,2,1,0,0
https://www.threads.com/@aaron_yodo/post/DeN1OSvE4-X,threads,aaron_yodo,,2026-10-08T02:11:43Z,"Eh, ini gw tanya apa yang terjadi, ternyata soal meme, yang patut disalahin ya tim sosmed @kahfeveryday  lah, siapa suruh bermain api?",POST,0,0,0,0
https://www.threads.com/@zhenchien007/post/DeN1Fq4kyy8,threads,zhenchien007,,2026-10-08T02:10:32Z,"@meta.ai please enlighten me, what's the issue with Kahf recently? Sorry I outdated",POST,0,5,0,0
https://www.threads.com/@zenrune_/post/DeN1CanGLPi,threads,zenrune_,,2026-10-08T02:10:06Z,boikot @kahfeveryday !!!,POST,0,0,0,0
https://www.threads.com/@jasonnn_tan/post/DeNyrFpExB4,threads,jasonnn_tan,,2026-10-08T01:49:26Z,"Yup, sesuai ekspektasi! 

Kenapa Malaysia seolah kasih reaksi lebih awal terkait kebodohan akun Kahf? 

Mungkin karena kita punya kemiripan bahasa & bisa saling memahami satu sama lain. 

Tapi negara lain? Tenang, jangan khawatir!
Karena akan ada orang yang bisa menerjemahkan ke bahasa mereka masing2, hingga kebencian Kahf bisa sampai ke semua bendera yang mereka lecehkan. 

Bersiaplah menuai dari apa yang kalian taburkan @kahfeveryday & @paragoncorp 👏🏼",POST,16,7,1,0
https://www.threads.com/@sya_syalyna9/post/DeN0VQaEugI,threads,sya_syalyna9,,2026-10-08T02:03:56Z,"Cuma kesian dengan syarikat/perusahaan  kahfeveryday .. sebab Ambil pekerja tak profesional . 1 orang saja pekerja yang buat kesalahan. Terus buruk reputasi syarikat yang dibina bertahun-tahun di luar negara . Semoga dipermudah segala urusan Pihak syarikat kahfeveryday.  pihak syarikat/perusahaan tak salah , yang salah pekerja tak profesional itu ..",POST,0,1,0,0
https://www.threads.com/@rizsvin/post/DeNudpln-vp,threads,rizsvin,,2026-10-08T01:12:39Z,"Sejak kejadian kemarin, org2 jd banyak tau brand2 PARAGON❤️
Meroket terus ya Paragon ku",POST,49,8,0,0
https://www.threads.com/@topanspnd/post/DeN0NM3EhD5,threads,topanspnd,,2026-10-08T02:03:03Z,Support @kahfeveryday,POST,0,1,0,0
https://www.threads.com/@jeirdinapie/post/DeN0GzxiHzu,threads,jeirdinapie,,2026-10-08T02:01:57Z,"@kahfeveryday.my lepas ni if rase dah bankrupt kat malaysia punya pasaran, ko pegi carik warga2 indo korang yg provoke malaysia ni.. Kasi saman balik.  Hahahahha",POST,0,0,0,0
https://www.threads.com/@abangblangkrung/post/DeNz7hgCvGh,threads,abangblangkrung,,2026-10-08T02:00:25Z,"Lagi satu, jangan terlalu yakin dengan ayat “kami ada 290 juta, Malaysia tak bagi kesan pun.” Produk Indonesia yang masuk Malaysia tu tetap masuk sebab ada orang Malaysia yang beli. Bila pengguna Malaysia berhenti beli, tetap ada kesan pada jualan, distributor, stok, marketing dan sebagainya. Aku bukan kata Indonesia akan jatuh sebab Malaysia boikot satu produk. Tak logik pun. Tapi jangan juga anggap pengguna Malaysia ni tak penting hanya sebab kita 36 juta.",POST,0,1,0,0
https://www.threads.com/@abangblangkrung/post/DeNz9jJCqbq,threads,abangblangkrung,,2026-10-08T02:00:42Z,"Pasaran bukan kira berapa ramai orang saja. Pasaran kira berapa ramai yang mampu dan sanggup membeli. Jadi kalau orang Malaysia nak boikot Kahf sebab terasa dengan kenyataan mereka, itu hak pengguna...",POST,0,0,0,0
https://www.threads.com/@abangblangkrung/post/DeNz4ZYitnA,threads,abangblangkrung,,2026-10-08T01:59:59Z,"Jangan sombong, jangan bercakap ikut angka semata-mata. Bercakap dengan fakta
. 
Aku tengok isu Kahf ni kan, ada yang kata takpa kalau Malaysia boikot, Indonesia ada 290 juta penduduk, Malaysia baru 34-36 juta. Tapi hangpa jangan tengok nombor penduduk saja. 290 juta tak bermaksud 290 juta tu semua pembeli yang ada kuasa beli tinggi. Malaysia kecil dari segi populasi, tapi kuasa beli kita bukan kecil.",POST,0,3,0,0
https://www.threads.com/@abang.naz/post/DeNzsHVE2dR,threads,abang.naz,,2026-10-08T01:58:19Z,"Apa yang dibuat pekerja @kahfeveryday ni memang betul betul salah dan merugikan syarikat.

Sepatutnya jadi neutral saja dari awal. Tak kisah la bola ka apa ka.

Orang Malaysia tak nampak kesah sangat pun pasal bola tu, cuma bab professional tu kita loss respect.

Bayangkan berapa kerugian depa kena tanggung dalam bisnes sebab kes ni?

Stok dekat Malaysia confirm banyak lagi. 

Memang betul-betul tak sayang bisnes.",POST,26,0,0,1
https://www.threads.com/@feeqlee/post/DeNzrhmkius,threads,feeqlee,,2026-10-08T01:58:14Z,"diorang ckap tkpe kalau rakyat malaysia boycott produk @kahfeveryday.my  tu. diorang ada 280juta rakyat lagi boleh support. 

tak guna bro ada 280 juta tapi 200 juta tu rakyat miskin 🤣🤣🤣",POST,15,6,0,1
https://www.threads.com/@fahdighazali/post/DeMxihxCWxP,threads,fahdighazali,,2026-10-07T16:20:17Z,@meta.ai siapa founder Kahf?,POST,93,9,0,4
https://www.threads.com/@sahabatdivinggorontalo/post/DeNzSoiEvgC,threads,sahabatdivinggorontalo,,2026-10-08T01:54:50Z,"Mungkin perlu klarifikasi dari @kahfeveryday , statemen akun kahf yg berlebihan itu tidak mewakili sepenuhnya founder Kahf (Paragon corp)",POST,0,0,0,0
https://www.threads.com/@lihatkesini_wid/post/DeNzBWeknTD,threads,lihatkesini_wid,,2026-10-08T01:52:28Z,@kahfeveryday @kahfeveryday.my,POST,0,0,0,0
https://www.threads.com/@niallfkr/post/DeNyFodHXo0,threads,niallfkr,,2026-10-08T01:44:19Z,"Betul, banyak je artist yang bagus. Kami akan stop support artist dari negara kamu.",POST,0,1,0,0
https://www.threads.com/@rezyfr/post/DeNy8TzHRaD,threads,rezyfr,,2026-10-08T01:51:47Z,gara2 kelakuan lo nih @kahfeveryday,POST,0,0,0,0
https://www.threads.com/@khairulintansyahira/post/DeNywUGifS_,threads,khairulintansyahira,,2026-10-08T01:50:09Z,Boikot @watsonsmy kalau tak buang brand @kahfeveryday.my @kahfeveryday,POST,0,0,0,0
https://www.threads.com/@watsonsmy/post/DeMAvbGCXmq,threads,watsonsmy,,2026-10-07T09:13:53Z,Local essentials yang ada kat Watsons.,POST,7335,328,38,1111
https://www.threads.com/@khairulintansyahira/post/DeNyq2rCa9T,threads,khairulintansyahira,,2026-10-08T01:49:24Z,Boikot @watsonsmy kalau tak buang brand @kahfeveryday.my @kahfeveryday,POST,0,0,0,0
https://www.threads.com/@khairulintansyahira/post/DeNylLVCfAp,threads,khairulintansyahira,,2026-10-08T01:48:38Z,Boikot @watsonsmy kalau tak buang brand @kahfeveryday.my @kahfeveryday,POST,0,0,0,0
https://www.threads.com/@imhjz_/post/DeNygLekh-4,threads,imhjz_,,2026-10-08T01:47:57Z,Lahhh koyakk. PMX pun malas layan kau. Kami ni nak bentang belanjawan 2027 esok. Purata kadar gaji di Malaysia pun akan naik. Takde masa nak support @kahfeveryday. Kalian support produk lokal kalian sahaja lah.  Kami ni banyak lgi produk pilihan lain yang boleh dibeli selain jenama Indonesia,POST,0,0,0,0
https://www.threads.com/@khairulintansyahira/post/DeNyeKBCZ1N,threads,khairulintansyahira,,2026-10-08T01:47:40Z,Boikot @watsonsmy kalau tak buang brand @kahfeveryday.my @kahfeveryday,POST,0,0,0,0
https://www.threads.com/@yanlovesbutter/post/DeNyJSmEufp,threads,yanlovesbutter,,2026-10-08T01:44:49Z,"Bawak DEWA19, SO7 & Bernadya sekali! Confirm semua supporf KAHF balik! @kahfeveryday.my",POST,1,0,0,0
https://www.threads.com/@kotoswantry23/post/DeNyDmkiSk-,threads,kotoswantry23,,2026-10-08T01:44:03Z,"Actually @famalaysia fans who start first. Nor because our eror, refs eror. You bully indonesia until insult indonesia national hero! But again i couldnt accept what @kahfeveryday.my @kahfeveryday actions. But if you talk about first, FAM FANS FIRST!",POST,0,0,0,0
https://www.threads.com/@steviathalita/post/DeNwxnSE7MT,threads,steviathalita,,2026-10-08T01:32:51Z,"Kak jangan di telan mentah2. Kalau maksut kalian purchasing krn jadi pelamggan setia mungkin IYA. Tp jumlahnya di MY tidak seberapa dibanding penjualan di indo. Sebenarnya kalian kan tidak punya alternatif produk lain yg serupa, kepentok boikot jg brand affiliate israel. Betul kami tidak setia terhadap satu brand. Kami punya brand lokal banyak pilihan, kami senang coba-coba apa lg di indo banyak sekali pilihan local brand utk produk men care/beautycare wkwk",POST,0,3,0,0
https://www.threads.com/@nur_faizol83/post/DeNx9Ryid4y,threads,nur_faizol83,,2026-10-08T01:43:11Z,"Selama ni mungkin tak cari alternatif tapi takpe, alternatif tu ada bila kita cari. Terima kasih @kahfeveryday . Kerana anda saya jumpa alternatif.",POST,0,0,0,0
https://www.threads.com/@tiarbah/post/DeLNOjwifNz,threads,tiarbah,,2026-10-07T01:43:45Z,admin brand lucu2an di thread sudah memakan korban.,POST,8402,609,1,68
https://www.threads.com/@vincentherdison/post/DeNxmDLieKL,threads,vincentherdison,,2026-10-08T01:40:01Z,"Lucu2an ya gpp, tapi kalau sudah nyenggol SARA, Politik, include urusan Kebangsaan ala @kahfeveryday , sayapun tidak setuju. 

Coba posting kemarin dibuat adem misalnya,
""Pertandingan memang harus sportif, kita tetap saudara serumpun.
Jangan lupa pake Kahf, seperti aku yang buat pantun""

Gini kan enak
🤣
Sekalian promosi",POST,3,1,0,0
https://www.threads.com/@zehazeqi/post/DeNxUTygTJg,threads,zehazeqi,,2026-10-08T01:37:35Z,@meta.ai brand tu elok sangat ke?,POST,0,1,0,0
https://www.threads.com/@zehazeqi/post/DeNw6OqAWuF,threads,zehazeqi,,2026-10-08T01:34:02Z,@meta.ai apa isu kafh lak yang banyak sekarang ni?,POST,0,9,0,0
https://www.threads.com/@jzzminee_/post/DeNw8YQkmw3,threads,jzzminee_,,2026-10-08T01:34:19Z,Murah gila. Ni boleh borong ni tapi sekarang sorry. Boikotttt @kahfeveryday,POST,0,0,0,0
https://www.threads.com/@honeyybuunnyyyy/post/DeNw6caAbdR,threads,honeyybuunnyyyy,,2026-10-08T01:34:03Z,@kahfeveryday @kahfeveryday.my kemain eh naikkan harga melampau2 dkt Malaysia. rupanya kos rendah je.. lagi la kuat nak boikotttttt!! tata titi tutuu kahf,POST,0,0,0,0
https://www.threads.com/@the_lah90/post/DeNwmFvmc_P,threads,the_lah90,,2026-10-08T01:31:17Z,"Saya mengkagumi sosok Salman Subakat ini yg merupakan CEO Paragon Technology and Innovation. Humble Entrepreneur.. mungkin ini hanya secebis ujian buat mereka dengan rakan niaga di Malaysia..produk2 mereka sgt diterima rakyat Malaysia sedari awal. Rakyat Malaysia pula sangat menghargai warga Indonesia yang santun, terdidik dan hebat. Hanya kerana admin KAFH yang buat dajjal.. habis sekelian produk mereka dihujat.. percayalah, langit hanya mendung seketika.. moga ada jalan keluar yg diredhaiNya..",POST,1,0,0,0
https://www.threads.com/@syukrisalim/post/DeNwSx_EyAF,threads,syukrisalim,,2026-10-08T01:28:38Z,@meta.ai kahf ni sape punya sebnrnya?ape isu yg kecoh..aku tertinggal moto ni,POST,0,1,0,0
https://www.threads.com/@evolwithlovi/post/DeLsc4WE-zD,threads,evolwithlovi,,2026-10-07T06:16:35Z,"Hahaha tak de impact, size penduduk Malaysia kecik je hanya 35juta. Sementara produk Indonesia disokong 280jt customer Indonesia.

Di Indonesia Tak de produk Malaysia yg dikenal oleh masyarakat Indonesia. Masyarakat Indonesia hanya mengenal Siti Nurhaliza je.

Malaysia hanya punya BELACAN JE!",POST,0,7,0,0
https://www.threads.com/@nik_bekamon/post/DeNwMzxHa7i,threads,nik_bekamon,,2026-10-08T01:27:49Z,"@kahfeveryday.my sila ambil dia ni jadi duta kamu di indonesia. Rugi la masuk pasaran Malaysia, rakyat sikit je, stay je kat indonesia 💁",POST,0,0,0,0
https://www.threads.com/@kai.nasir/post/DeNwKpOk-0S,threads,kai.nasir,,2026-10-08T01:27:32Z,"Betul bang aggree, tapi kita tak boleh terlalu menunduk sehingga orang tidak menghormati kita. This time kita kena ajar mereka adab, kita ajar mereka rendah diri, mereka cabar malaysian untuk boikot KAHF ? Baik kita buat dan tunjukan kepada mereka buying power in malaysia.

Jikalau company sebesar starbuck, mcd, pon boleh tunduk dengan gerakan kita. Tak mustahil @kahfeveryday akan jatuh tersungkur atas kesilapan mereka",POST,1,0,0,0
https://www.threads.com/@lalaa_imup_/post/DeLocquiVi7,threads,lalaa_imup_,,2026-10-07T05:41:36Z,ngakak banget anjirr punya malay kayak pernikahan kabupaten beda bngt ama kk jennifer ama justin adat jawa premium💕,POST,1685,3453,39,44
https://www.threads.com/@hxzqdzali/post/DeNwDPHGA9W,threads,hxzqdzali,,2026-10-08T01:26:31Z,@kahfeveryday.my,POST,0,0,0,0
https://www.threads.com/@izzahtul_aliya/post/DeMVR7iD5EL,threads,izzahtul_aliya,,2026-10-07T12:15:07Z,"1st dia ckp kita tak terima kenyataan,sbb malaysia kalah, 2nd dia mengata kita gais, dia kata kita ramai menganggur😌😂 kome dah boleh boikot dah produk ni🤣",POST,149,38,0,14
https://www.threads.com/@ummuaisyah_ismail/post/DeNvzzjk9xS,threads,ummuaisyah_ismail,,2026-10-08T01:24:25Z,"@kahfeveryday dah mintak maaf, lepastu mengutuk pulak Malaysia kat Live. Memang dasar. Memang patut pun Kena boycott.",POST,0,0,0,0
https://www.threads.com/@blahblablah.hj/post/DeNvy_uj8LJ,threads,blahblablah.hj,,2026-10-08T01:24:18Z,@kahfeveryday buat lawak la dengan filternya lagi BAHAHAHHAHAHAHAHH MEMANG AKU BUAT STIKER LA HANATTT 🤣🤣🤣🤣😭😭😭😭,POST,1,0,0,0
https://www.threads.com/@deilanordin/post/DeNvUFpk9oA,threads,deilanordin,,2026-10-08T01:20:05Z,Maaf beda lepel… minta @kahfeveryday tolong ya…,POST,0,1,0,0
https://www.threads.com/@balqeeslsbila/post/DeNvorVmXCm,threads,balqeeslsbila,,2026-10-08T01:22:53Z,"Ngomong tu sampe habis, mau minta tolong apa sama @kahfeveryday biar dibantu?",POST,0,0,0,0
https://www.threads.com/@dappygunner/post/DeNsdD3meqk,threads,dappygunner,,2026-10-08T00:55:05Z,"Ape bende ni bro kitaorg malaysia bagus2 support produk korg jgn mcm ni la..
#Mohamad Rashif Ridlo #Muhammad Iqbal Mutaqin 
#khaf #Pranansyah Taqwa Hidayat",POST,3,25,0,0
https://www.threads.com/@shemalaikhaa/post/DeNvZ-7knhW,threads,shemalaikhaa,,2026-10-08T01:20:53Z,"kalau benar produk lokal kalian bagus, kenapa mostly dari warga kalian menggunakan @kahfeveryday? dan semenjak ada boikot-boikotan ini ramai sekali dari warga kalian mengakui bahwa kahf nih bagus.",POST,0,2,0,0
https://www.threads.com/@lihatkesini_wid/post/DeNvZk-EvGM,threads,lihatkesini_wid,,2026-10-08T01:20:50Z,"harusnya demi menunjukkan ketulusan permintaan maaf, @kahfeveryday.my segera endorse 7 pemain warisan malaysia sebagai brand ambassador.. 🗿",POST,0,0,0,0
https://www.threads.com/@balqeeslsbila/post/DeMnmdGGeW_,threads,balqeeslsbila,,2026-10-07T14:53:27Z,"Maaf kata ni yaa, saya orang indo tapi jujur saya gadak masalah sama siapa pun termaksud  Abang @nyzamferiy ataupun orang Malay sekalipun, kita kan cuma begadoh di sosmed je,jadi mana tau kita ketemu dijalan jangan musuhan ya kita ni sama"" manusia yang gak luput dari kesalahan 🙏🙏",POST,2,18,1,0
https://www.threads.com/@dailythingsmalaysia/post/DeNvNVEjyXG,threads,dailythingsmalaysia,,2026-10-08T01:19:09Z,"Selamat Pagi Warga JB

Nampaknye jerebu makin teruk sampai sekolah pon kena tutup. Nak marah indon pon, diorang bukan kesah. Lagi nak salahkan kita ada la.

Tambah pulak isu sensitif @kahfeveryday post. Lagi baran jadinya. 

Tapi benda dah jadi, budak pun dah cuti. 

Kita kena hadap jelah.",POST,0,0,0,0
https://www.threads.com/@juraganwrites88/post/DeNu9fXk8qw,threads,juraganwrites88,,2026-10-08T01:17:00Z,"Indonesian blood...??? No wonder there is no loyalty to Malaysia... 

...we Malaysian shall never tolerate those that insults our national Flag.... The fact that U defended @kahfeveryday.my acts... simply shows where Ur 'Indonesian blood' loyalty lies....",POST,1,0,0,0
https://www.threads.com/@azmiahmadfpr/post/DeMnt3fGo3P,threads,azmiahmadfpr,,2026-10-07T14:54:27Z,"Bila sebut nama Kahf, majoriti lelaki dekat Malaysia ingat ini jenama lokal atau sekadar produk grooming biasa yang bau dia wangi dan halal. 

Tambah pula bila nampak muka artis kesayangan ramai, @alifsatar , tersenyum kemas jadi duta untuk kempen mereka.

Kita pun rasa bangga dan selesa nak beli letak atas rak bilik air.

Tapi ramai yang terlepas pandang hakikat sebenar.",POST,29,11,0,6
https://www.threads.com/@juraganwrites88/post/DeNudl-E0dq,threads,juraganwrites88,,2026-10-08T01:12:38Z,Boleh dah teruskan boikot @kahfeveryday.my  sampai keluar dari pasaran Malaysia...,POST,0,0,0,0
https://www.threads.com/@izzxt_07/post/DeNuLldD8Gw,threads,izzxt_07,,2026-10-08T01:10:11Z,"@meta.ai oh tak meta, kami report buzzer Indo. Flush Indonesian Out tak bermaksud kami menghalau WNI keluar dari Malaysia secara fizikal. Kami cuma meletakkan produk mereka di tangga terakhir. Beli barang Malaysia dulu, utama keberhasilan produk Malaysia dulu. Tindakan boikot ni atas dasar satu brand atau jenama wajar dan wajib bertindak profesional dalam setiap aspek.",POST,0,1,0,0
https://www.threads.com/@nahdaqho/post/DeNssT3AS2G,threads,nahdaqho,,2026-10-08T00:57:10Z,"@kahfeveryday.my hahahaha sorry to say bro kami dekat Malaysia diajar untuk menerima  tapi tidak diajar untuk dihina, hidup bukan tentang bola2 and bola.Yang provoke mula2 your brand.Tiba2 play victim. So stop jadi narsistik.Daripada sibuk provoke negara org padahal cari makan dekat sini better fikir cara nak majukan negara sendiri. Memang patut la pon rakyat Malaysia boikot statement and attitude your staff pon out. And please yang tak move on lagi tu bukan kami tapi korang.",POST,0,1,0,0
https://www.threads.com/@nahdaqho/post/DeNt_lIAdCk,threads,nahdaqho,,2026-10-08T01:08:33Z,"@kahfeveryday so untuk this brand, daripada bayar mahal2 untuk marketing better repair dulu attitude staff,hantar la ke kursus2 cara nak mendisiplinkan diri supaya jaga nama brand.",POST,0,0,0,0
https://www.threads.com/@izzxt_07/post/DeNt15dD27g,threads,izzxt_07,,2026-10-08T01:07:13Z,"@meta.ai kami netizen Malaysia dah mula lancarkan gerakan utk tolak produk Indonesia dengan mengutamakan produk tempatan. Buy Malaysian First, Flush Indonesian Out. Kami juga dah mula mengajak netizen Malaysia untuk report dan tekan butang not interested kalau jumpa buzzer mereka. Gerakan memboikot produk mereka ni berpunca dari tindakan Admin @kahfeveryday yang tidak profesional, melaga²kan negara hanya kerana sukan yang sudah tamat hampir seminggu. Padahal market mereka di sini besar.",POST,0,1,0,0
https://www.threads.com/@ohmymedia.cc/post/DeMtfKuDQD_,threads,ohmymedia.cc,,2026-10-07T15:45:27Z,"Petarung muda sensasi negara, Muhammad Johan Ghazali atau Jojo memilih untuk kekal setia bersama Kahf meskipun jenama penjagaan diri dari Indonesia itu berdepan kontroversi susulan hantaran “beda level”.

Jojo mengakui pasukan Kahf melakukan kesilapan, namun berpandangan semua pihak tidak terlepas daripada melakukan kesilapan dan selagi permohonan maaf dibuat, perkara itu boleh diselesaikan.",POST,754,416,15,38
https://www.threads.com/@juraganwrites88/post/DeNt0q2E4nH,threads,juraganwrites88,,2026-10-08T01:07:03Z,Kenalah @johanghazalii_  taat setia pada Tuan yg membayar nya.... Tapi... sebagai rakyat Malaysia yg cintakan negara nya... teruskan boikot @kahfeveryday.my,POST,2,0,0,0
https://www.threads.com/@lyaaliass/post/DeNsnDOH8pb,threads,lyaaliass,,2026-10-08T00:56:27Z,@kahfeveryday jual bola ke jual skincare? Admin teringin mau jadi pemain bola tapi player hanya untuk orang belanda 😂,POST,1,0,0,0
https://www.threads.com/@jabatannetizennegara20/post/DeLSkhnlN9f,threads,jabatannetizennegara20,,2026-10-07T02:30:26Z,"@kahfeveryday  ni brand dah cantek & kuat dah kat Malaysia ni. Tapi admin Kahf buat hal pulak. Susah payah bina brand, jatuh dalam masa sesaat. Rakyat Malaysia ni kalau mai bab boikot depa bersungguh oii 😅

Lain kali jangan kacau sensitiviti negara orang. Kalah bola ka, menang bola ka. Raikan jer. Takperlu buat troll or edit poster bagai.

Brand besar pun kadang-kadang boleh buat benda bodoh naaa.",POST,21,5,0,2
https://www.threads.com/@juraganwrites88/post/DeNsb8Wk2Ym,threads,juraganwrites88,,2026-10-08T00:54:56Z,"Jangan pulak lepas seminggu boikot @kahfeveryday.my pastu berhenti.... 

... Kena consistent sampailah @kahfeveryday.my keluar dari pasaran Malaysia...",POST,0,0,0,0
https://www.threads.com/@anyismail_/post/DeMYDPmDYi4,threads,anyismail_,,2026-10-07T12:37:34Z,APA NI ? dah minta maaf tapi kau punya staff MASIH BENAK UBI … semoga jenama ni pusing2 indo jela jgn keluar2 .. sbb sama benak semuanyaa,POST,648,2,0,5
https://www.threads.com/@faradiela_jafri/post/DeNsUDjCcxO,threads,faradiela_jafri,,2026-10-08T00:53:52Z,@kahfeveryday,POST,0,0,0,0
https://www.threads.com/@haestic/post/DeLMMwfGoA3,threads,haestic,,2026-10-07T01:34:46Z,"Kalau anda sedang mencari alternatif untuk product local untuk grooming lelaki, izinkan kami memperkenalkan kami, Haestic.

Haestic ialah jenama grooming lelaki dari Malaysia yang dikilangkan di Malaysia, dengan produk-produk yang berdaftar Halal dan dibuat khas untuk lelaki budiman.

Kami menyediakan rangkaian penjagaan dan styling rambut untuk keperluan lelaki daripada shampoo, pomade dan clay, hinggalah kepada hair powder, sea salt spray, curl cream dan hairspray.",POST,875,113,4,211
https://www.threads.com/@juraganwrites88/post/DeNsH6pE5qb,threads,juraganwrites88,,2026-10-08T00:52:12Z,Certainly a better alternative than @kahfeveryday.my,POST,1,1,0,0
https://www.threads.com/@asephidi.ru/post/DeNr5mCn5Yf,threads,asephidi.ru,,2026-10-08T00:50:15Z,Haha… Mampus @kahfeveryday. Lagian jokesnya gak berbobot banget. 🤣,POST,2,0,0,0
https://www.threads.com/@juraganwrites88/post/DeNr4uqE_Js,threads,juraganwrites88,,2026-10-08T00:50:08Z,Apapun... teruskan boikot @kahfeveryday.my  sampai keluar dari pasaran Malaysia... Dont stop boikot....,POST,2,0,0,0
https://www.threads.com/@aaabuwais/post/DeNrgzFGSqV,threads,aaabuwais,,2026-10-08T00:46:52Z,"@kahfeveryday  ni teman kamu ini, boleh kutip",POST,1,0,0,0
https://www.threads.com/@skinbyrd23/post/DeNra6Hkll1,threads,skinbyrd23,,2026-10-08T00:46:04Z,"Whoever is behind the @kahfeveryday account should be fired. I think the entire socmed  team harus dipecat. How could a big brand hire such an incompetent, rude and stupid team like them.",POST,1,1,0,0
https://www.threads.com/@ahafizh_/post/DeLbdiaD-EA,threads,ahafizh_,,2026-10-07T03:48:08Z,"gaes, ayo diskusi soal brand @kahfeveryday yg baru2 ini dpt seruan boikot dari warga malaysia.

disclaimer, sblm lbh jauh, gue bikin utas ini bkn bermaksud ngajak ribut atau bikin situasinya makin keruh, tapi beneran mau tanya opini dan diskusi. jadi, gue harap bisa dimengerti dulu, 

temen2 bisa baca utas ini pelan2.",POST,153,302,2,10
https://www.threads.com/@spilltii/post/DeNqRpjHaQ3,threads,spilltii,,2026-10-08T00:36:03Z,Yang sangat disayangkan dari brand @kahfeveryday sudah berbesar hati untuk minta maaf supaya redam tapi malah dimasak sama bbrp orang untuk mengeluarkan statement yang bernada angkuh padahal blm tentu yang ber-statement itu customernya kahf...entahlah memang harus hati2 banget dalam bersosmed,POST,1,1,0,0
https://www.threads.com/@kidboi_9/post/DeNqMN8kyvV,threads,kidboi_9,,2026-10-08T00:35:19Z,@kahfeveryday sila diambil idea packaging nya ya sesuai utk 280 juta warga 🗿,POST,0,0,0,0
https://www.threads.com/@imkasyaaa_/post/DeNp7rYDzYi,threads,imkasyaaa_,,2026-10-08T00:33:03Z,"@kahfeveryday jangan main-main rakyat Malaysia pun ramai pengguna, tapi bila ur staffs tak professional… byebyeee juga yaa ☺️🤣",POST,0,0,0,0
https://www.threads.com/@putrindahpn/post/DeNparHE7OE,threads,putrindahpn,,2026-10-08T00:28:33Z,@meta.ai ada kasus apa dengan admin kahf?,POST,0,1,0,0
https://www.threads.com/@musafir_jalanan23/post/DeNpQQIEg5Y,threads,musafir_jalanan23,,2026-10-08T00:28:20Z,Maaf boleh dilafazkan… tapi hati rakyat Malaysia… no way… no more @kahfeveryday produk dalam rumah aku…,POST,9,0,0,0
https://www.threads.com/@norafifahh/post/DeNpROugfJC,threads,norafifahh,,2026-10-08T00:27:16Z,"@kahfeveryday.my @kahfeveryday lebih baik korang pegi cari vt"" warga Indonesia yg ckp mlay tak bepengaruh or yg masih tak move on .. hostlive pun bawak nama brand dok memperlekeh kan negara orang .. cantas dari dlam dulu baru yg lain akan ikut ..",POST,0,0,0,0
https://www.threads.com/@jeyatmoko/post/DeMnjU7n2pM,threads,jeyatmoko,,2026-10-07T14:53:01Z,"Ini yg lagi rame yah. Ini pendapat pribadi sih, bisa bener bisa salah.
Kalau sudah cocok dengan satu produk skincare, jangan terlalu buru-buru pindah merek hanya karena sentimen tertentu. 
Kulit itu punya chemistry sendiri. Formula yang sudah cocok bertahun-tahun belum tentu bisa begitu saja digantikan produk lain tanpa risiko breakout, iritasi, atau skin barrier yang rewel.
Apalagi produk seperti Kahf dikembangkan dengan R&D yang memang memahami karakter kulit tropis Asia Tenggara.",POST,117,40,0,4
https://www.threads.com/@aego_sr/post/DeNpNXek50w,threads,aego_sr,,2026-10-08T00:26:44Z,"sy semua serba Kahf, dari pembersih wajah, Pomade, Sunscreen, sampe parfum serba kahf... @kahfeveryday terbaik... 

semoga dapat gratisan 🤣🤣🤣",POST,2,0,0,0
https://www.threads.com/@luqmanfahmi/post/DeNpDlFk_Vk,threads,luqmanfahmi,,2026-10-08T00:25:24Z,@kahfeveryday @kahfeveryday.my,POST,0,0,0,0
https://www.threads.com/@lion_173995053/post/DeNoa8LE_cY,threads,lion_173995053,,2026-10-08T00:19:51Z,"Tapiii kan bestie, design nya Kahf keren tapi rakyat daripada tempatnya asal @kahfeveryday jelek. Jelek akhlak, jelek adab. Lagian kan, kenapa ya @kahfeveryday mohon maaf? Emangnya untungnya dia dalam gengaman rakyat Malaysia terindah ini ya? Awww syo sadddd🫢",POST,0,0,0,0
https://www.threads.com/@arnputra/post/DeNoR-yn9nc,threads,arnputra,,2026-10-08T00:18:38Z,"stop sharing their product or affiliate link guys… that is what they want, to be virals, walaupun in most disgusting ways..
dasar attention seekers",POST,1,0,0,0
https://www.threads.com/@musafir_jalanan23/post/DeNn4qokv59,threads,musafir_jalanan23,,2026-10-08T00:17:17Z,Khas buat @kahfeveryday… it’s time menjadi sampah… sombong tidak akan maju..,POST,18,37,0,0
https://www.threads.com/@qieqie.lee/post/DeNnpi_EvgO,threads,qieqie.lee,,2026-10-08T00:13:06Z,"Kalau si gemuk bob t20 tu bukan main kau menyalak eh konon tak suka orang obes, tapi pasal brand yang sponsor kau tu takde pulak kau nak backup negara kau sendiri. Loyal konon, puihhhhh. Makan kau asap jerebu ni sampai kenyang!",POST,1,0,0,0
https://www.threads.com/@fatihahamdan_/post/DeNnNE3kr09,threads,fatihahamdan_,,2026-10-08T00:09:13Z,I love watsons and guardian. But boycott kahfeveryday,POST,0,0,0,0
https://www.threads.com/@ainsyak97/post/DeMfsTDj39Y,threads,ainsyak97,,2026-10-07T13:44:20Z,"Aku dah scroll few times and found out yg diorang kecam kita flex passport sebab assume yg kita rendahkan diorang “sbb kita kalah bola”. Walhal, waktu yg sama, keluar berita yg passport kita no 2 dunia. Sesungguhnya ramai tak ambil kisah dah pasal bola kat Malaysia. Thats why diorang cakap kita tak puas hati & sombong. Badly twisted. Totally insecure behaviour",POST,1246,8,0,36
https://www.threads.com/@linamahmud71/post/DeNnMVWDxQ4,threads,linamahmud71,,2026-10-08T00:09:07Z,@kahfeveryday baca la tu. Punca.,POST,0,0,0,0
https://www.threads.com/@ignite.4848/post/DeNnIYrASI4,threads,ignite.4848,,2026-10-08T00:08:35Z,"@kahfeveryday.my kalau nak cuba ambil hati pengguna, kita collab k",POST,0,0,0,0
https://www.threads.com/@amirulfatihin/post/DeNm8kXknC4,threads,amirulfatihin,,2026-10-08T00:06:58Z,Ada yg kt Sini msh guna kahf?tnye je🤭,POST,5,6,0,0
https://www.threads.com/@atie_intan/post/DeMzVlBEvdX,threads,atie_intan,,2026-10-07T16:36:46Z,"Aku tak puas lagi! Nak dedahkan ,betapa mereka merendah²kan kita!

INGAT YER SEMUA!KITA ADA MARUAH!",POST,1380,793,20,386
https://www.threads.com/@deffotones77/post/DeNm7fZE24o,threads,deffotones77,,2026-10-08T00:06:49Z,@kahfeveryday @kahfeveryday.my good luck! 🤣,POST,0,0,0,0
https://www.threads.com/@snorelaxx___/post/DeNmngjkm-X,threads,snorelaxx___,,2026-10-08T00:04:05Z,"@kahfeveryday lol. You guys didnt even know how to do business. Maybe try do ""uang abis mari joget"" instead 🤣🤭",POST,0,0,0,0
https://www.threads.com/@azrinarina._/post/DeLDJcED5UT,threads,azrinarina._,,2026-10-07T00:15:40Z,Untuk seluruh rakyat Malaysia boleh dah boikot barang jenama negara sial nie. Selepas nie marilah kita beli barang buatan negara kita sendiri,POST,6375,1992,60,2922
https://www.threads.com/@uvaduvays/post/DeNmnQhEke5,threads,uvaduvays,,2026-10-08T00:04:03Z,Baru je beli kahf untuk try 😭 Kenapa lar kau buat perangai ?@kahfeveryday.my,POST,0,0,0,0
https://www.threads.com/@muhaiminmfadzil/post/DeNmgfykkRV,threads,muhaiminmfadzil,,2026-10-08T00:03:08Z,@meta.ai explain in chronological order with source/reference for me to cross check,POST,0,1,0,0
https://www.threads.com/@tunafzanandrha/post/DeNmSIhEvNu,threads,tunafzanandrha,,2026-10-08T00:01:10Z,"Ni maksud dia

1. Hantaran pengguna Thailand mengenai kontroversi Kahf

Baru-baru ini, timbul isu melibatkan sebuah jenama bernama Kahf (@kahfeveryday), yang merupakan jenama di bawah syarikat ParagonCorp (@paragoncorp) dari Indonesia.

Jenama tersebut telah mengeluarkan satu kenyataan yang dianggap tidak mengambil kira perasaan dan sensitiviti negara-negara lain dalam pasaran antarabangsa sehingga mencetuskan gelombang kritikan serta kecaman secara meluas.",POST,50,2,0,3
https://www.threads.com/@your_budheonlen/post/DeNmFZDE6vq,threads,your_budheonlen,,2026-10-07T23:59:26Z,@meta.ai emang kahf ngapain met? Napa org2 pada kesel?,POST,0,1,0,0
https://www.threads.com/@faezahfared__/post/DeNl9cDkjQ4,threads,faezahfared__,,2026-10-07T23:58:21Z,@kahfeveryday,POST,0,0,0,0
https://www.threads.com/@callmesisbella/post/DeNlg8CkmpP,threads,callmesisbella,,2026-10-07T23:55:09Z,"1 screen shot akan selamanya di socmed! Agreed!
Hati2 apa yg ditulis…sblm posting FIKIR DULU ADAKAH MENDATANGKAN KEBAIKAN ATAU KEBURUKAN.

Credit video to owner",POST,53,8,3,19
https://www.threads.com/@gigi_besiii/post/DeNlWfhH0v3,threads,gigi_besiii,,2026-10-07T23:53:02Z,Tag @kahfeveryday baru dia sedar pembeli majoriti dia siapa sebenarnya.,POST,2,0,0,0
https://www.threads.com/@nursyahir_muhammad/post/DeNlWTGAX0U,threads,nursyahir_muhammad,,2026-10-07T23:53:00Z,Takpee @kahfeveryday.my kiteorang guna yg selevel je pasni😘Indo terlalu jauh level dengan Malaysia dari bola ape lagi brand gini🫣,POST,0,0,0,0
https://www.threads.com/@yangmuliavictorvondoom/post/DeNlNnJksPM,threads,yangmuliavictorvondoom,,2026-10-07T23:51:49Z,kenapa nak revenge boycot produk Malaysia? Kami boycot @kahfeveryday.my yg terangan merendah negara kami. Teh boh ada merendah negara Indon? Milo ada merendah negara Indon? Tiada ga?,POST,0,2,0,0
https://www.threads.com/@keke.f.zein/post/DeNlMlMD4qN,threads,keke.f.zein,,2026-10-07T23:51:40Z,@kahfeveryday  jangan takut di boikot orang malaydesh ya yakinlah orang indo bakal banyak yg beli produk kalian .. ❤️ yang penting apa?? #INDONESIA JUARA 🥳😍,POST,17,0,0,0
https://www.threads.com/@ida_hearts/post/DeNk2-fgdJ6,threads,ida_hearts,,2026-10-07T23:48:43Z,Why kena boikot ek,POST,2,2,0,0
https://www.threads.com/@cikgu_megatidraizwan/post/DeNlF8TEkPs,threads,cikgu_megatidraizwan,,2026-10-07T23:50:46Z,pengasas die orang indonesia..sekarang kan tengah viral orang boikot produk indon sebab @kahfeveryday.my @kahfeveryday tu,POST,2,3,0,0
https://www.threads.com/@allylacroix/post/DeMa13CmkcA,threads,allylacroix,,2026-10-07T13:01:57Z,😝,POST,681,2,1,27
https://www.threads.com/@farisiti_mache/post/DeNk3Vnn3Gf,threads,farisiti_mache,,2026-10-07T23:48:46Z,@kahfeveryday.my  done,POST,0,0,0,0
https://www.threads.com/@encik.tarannum/post/DeNkLf8gUFB,threads,encik.tarannum,,2026-10-07T23:42:47Z,@kahfeveryday kau kena bertanggungjawab atas pertelingkahan antarabangsa.,POST,2,1,0,0
https://www.threads.com/@wie_wiea/post/DeNjwXjk7X8,threads,wie_wiea,,2026-10-07T23:39:05Z,Bang terimakasih sudah cinta produk Indonesia @kahfeveryday 😍,POST,1,0,0,0
https://www.threads.com/@tuanberkumis/post/DeNhUsUk17P,threads,tuanberkumis,,2026-10-07T23:17:50Z,"Penduduk cuma 34,4 juta sok"" mau boikot 🤣😂, gk akan mempan provinsi bandung aja msih lebih banyak 51,16 juta, jdi gak usah sok"" boikot wahai warga upin ipin",POST,3,10,0,1
https://www.threads.com/@ababad___/post/DeNjX1Lk7ia,threads,ababad___,,2026-10-07T23:35:44Z,@kahfeveryday.my @kahfeveryday tgk ni rakyat jelata endon kau. Takpe korang tak terkesan kan rakyat malaysia brp juta je 😌,POST,0,0,0,0
https://www.threads.com/@eimhusaini27/post/DeNi7wfk4l4,threads,eimhusaini27,,2026-10-07T23:31:54Z,"51,15 juta tp pada miskin semua nya buat apa...makan ayam pun susah lg mau support @kahfeveryday ? 🤣🤣🤣",POST,11,2,0,0
https://www.threads.com/@haziq_nks/post/DeNi1S6D6Ey,threads,haziq_nks,,2026-10-07T23:31:01Z,Ni bocah ke handle @kahfeveryday.my pun thread,POST,0,0,0,0
https://www.threads.com/@syafid_din/post/DeNir1nHzv1,threads,syafid_din,,2026-10-07T23:29:44Z,Starbuck kena boikot di Malaysia. Sekarang @kahfeveryday.my pun kena boikot rakyat Malaysia? “Parut tetap setelah terluka hati.”,POST,1,0,0,0
https://www.threads.com/@dayah.iqbal/post/DeNic9rE2ze,threads,dayah.iqbal,,2026-10-07T23:27:42Z,I bought @kahfeveryday for my son. But now i think @kahfeveryday should go!,POST,0,0,0,0
https://www.threads.com/@faizalyusop_/post/DeNiV4ugeC9,threads,faizalyusop_,,2026-10-07T23:26:44Z,bukan sebab produk tapi mentaliti nya yang sampah!! its not about the product @kahfeveryday but its all about ur mentality. #produkngam #mentalitisampah,POST,0,1,0,0
https://www.threads.com/@ellyna_ali/post/DeNiNXLE5RA,threads,ellyna_ali,,2026-10-07T23:25:34Z,Indonesia memang di level yang lain @kahfeveryday.my ....tidak usah bola sepak tapi wakil Presiden kalian juga hebat kerana tidak punya  ijazah tapi bisa jadi wakil Presiden ...pencapaian luar biasa!!! Harus di up posting di medsos kalian!!!,POST,2,1,0,0
https://www.threads.com/@saiken_pop/post/DeNhycuE0gl,threads,saiken_pop,,2026-10-07T23:21:53Z,@kahfeveryday @kahfeveryday.my uii apa cerita nii,POST,0,0,0,0
https://www.threads.com/@annafahmy7/post/DeNg1cQk5Jf,threads,annafahmy7,,2026-10-07T23:13:34Z,@kahfeveryday TAK INSOF LAGI KE NYAH,POST,0,0,0,0
https://www.threads.com/@nurhafizamddil/post/DeNgwG5ksET,threads,nurhafizamddil,,2026-10-07T23:12:50Z,"Jumlah populasi WNI tu 8kali ganda dari Malaysia, tak dinafikan. TETAPI kuasa membeli ternyata bukan dari WNI ya. No target market from whole nation. Yg kaya-kaya je mampu beli. Please @kahfeveryday educate YOUR people first. Not only Malaysia, Singapore and Thailand are starting the boycott war",POST,12,0,0,0
https://www.threads.com/@moose.68420172/post/DeNf_OWgW_K,threads,moose.68420172,,2026-10-07T23:06:10Z,"Nah Siam pun da msk boikot.. rasakan 

@kahfeveryday",POST,130,1,0,0
https://www.threads.com/@binturonglanang/post/DeNfYRTEkh7,threads,binturonglanang,,2026-10-07T23:00:50Z,"@kahfeveryday santai aja, karyawan gua ada 4 termasuk anak2 mereka yang remaja bakal gua bilangin buat pake produk lu. Beruk Malay mah biarin aja emang perangai bodoh aja mereka mah..
Kita emang nyatanya beda level ko sama para Beruk Malay itu..",POST,0,0,0,0
https://www.threads.com/@chibimaruko99/post/DeNe3OnkzjN,threads,chibimaruko99,,2026-10-07T22:56:20Z,@kahfeveryday padam api cepat,POST,3,0,0,0
https://www.threads.com/@seffrizki/post/DeNeDkzgRjW,threads,seffrizki,,2026-10-07T22:49:17Z,Berita apa tuh?,POST,0,1,0,0
https://www.threads.com/@baginsoftfocus/post/DeNd1Ukkz_I,threads,baginsoftfocus,,2026-10-07T22:47:20Z,"I’m all for boycotting, and you’re right that @kahfeveryday went way overboard about the football match. But disposing of entire packages of their products by flushing them down the toilet? That’s just idiotic.

And honestly, coming from a Malaysian, I thought you’d be smarter than that.",POST,1,0,1,0
https://www.threads.com/@hiro.projects/post/DeNdIdeEyDo,threads,hiro.projects,,2026-10-07T22:41:12Z,"Barang yang masih layak pakai di rumahmu bisa jadi awal dari mimpi orang lain. ✨  Good Stuff Market 5.0 hadir kembali dengan semangat “Impian Mereka, Amal Kita”. 

Dari barang pilihan, menjadi amal kebaikan. Setiap barang terbaik yang kamu donasikan, mulai dari pakaian, sepatu, kamera, sampai perlengkapan bayi, akan dijual dan hasilnya disalurkan untuk membantu mewujudkan impian mereka menuju Tanah Suci. 🕋",POST,12,1,1,2
https://www.threads.com/@hiro.projects/post/DeNdaFyE_yf,threads,hiro.projects,,2026-10-07T22:43:37Z,"Yuk, donasikan barang terbaikmu! Kebaikan sekecil apa pun, kalau dilakukan bersama, hasilnya besar. ❤️
📅 30 Oktober - 1 November
📍 Omotesando, Bintaro

Jangan lupa ajak keluarga dan teman-temanmu. Sambil berburu barang bagus, kamu juga ikut beramal. Tag dan bagikan postingan ini ke orang-orang terdekatmu!
Didukung oleh:
- @omotesando_id 
- @wardahbeauty 
- @kahfeveryday 
- @paragoncorp 
- @hijrahalfatihtour 
- @borneoflasher_indonesia 
- @yurbishadaqat 
- @tahseelsahabatilmu 
- @jejakshahabat",POST,0,0,0,0
https://www.threads.com/@ranikrm/post/DeMBQq3FPWj,threads,ranikrm,,2026-10-07T09:18:25Z,"I am not saying that you should meet at our level, set your own level by strategize your comms, I did said turn it into creative branding did I? Did I said you should be the SAME as we are? Or are you not creative at all?",POST,5,35,1,0
https://www.threads.com/@maryjane_777/post/DeNbp0ckwqF,threads,maryjane_777,,2026-10-07T22:28:17Z,"It's time for the Msian to teach them humility; this is bullying, not marketing, and bullying is never a joke.@kahfeveryday @kahfeveryday.my",POST,1,0,0,0
https://www.threads.com/@wannsrahim.co/post/DeMN00ZjxYo,threads,wannsrahim.co,,2026-10-07T11:08:13Z,dan kami bangga nggak lama lagi produk sampah (Kahf) akan keluar dari Malaysia. Finallyyyy,POST,14,1,0,0
https://www.threads.com/@mrs_asyraf/post/DeNbNKjk36K,threads,mrs_asyraf,,2026-10-07T22:24:22Z,"@kahfeveryday.my dgr tu. Diorg tak sabar Korg keluar Dr Malaysia. Apa banggang rakyat Korg ni. Kalau kau keluar Dr Malaysia, brand lain Dr indon akan ikut Sb skrg tgh boikot",POST,0,0,0,0
https://www.threads.com/@asisten_kucing/post/DeLFg8bE2rp,threads,asisten_kucing,,2026-10-07T00:36:21Z,"Emang apa yang salah dari postingan kahf ? 
Netizen Indonesia.. 
Adminya dipecat katanya ya..",POST,5542,347,8,73
https://www.threads.com/@yusroooo_/post/DeNbGa4DBQL,threads,yusroooo_,,2026-10-07T22:23:27Z,Apaan sih @kahfeveryday sok asik admin lo. Malu2in.,POST,0,0,0,0
https://www.threads.com/@crusdza/post/DeNYmR5k8T2,threads,crusdza,,2026-10-07T22:01:35Z,"@kahfeveryday Please be advised that, given the nature of the comments originating from your home country, many Malaysians believe it would be more appropriate for your business to return to Indonesia.

We do not consider the apology provided to be sufficient and also concerned that your company’s continued presence in Malaysia, may further contribute to tensions and create the impression that the matter is not being addressed with appropriate seriousness. 

Kindly GTFO from Malaysia!!",POST,0,0,0,0
https://www.threads.com/@dwi.ray_white/post/DeNYPKkk4Qf,threads,dwi.ray_white,,2026-10-07T21:58:26Z,"@kahfeveryday @kahfeveryday.my ...memang kalau di malay, pemakaian produk kalian dianjurkan harus pakai air toilet bowl ya?...atau mereka yang salah baca petunjuk pakai? Kasian lho mereka...",POST,0,0,0,0
https://www.threads.com/@andrianagaf.real/post/DeNVQi7k75s,threads,andrianagaf.real,,2026-10-07T21:32:24Z,Yang di boikot malah selalu bantu Palestine 🇵🇸 Masya Allah 🤲,POST,3,0,1,1
https://www.threads.com/@ryandra.me/post/DeNSS4IE0s5,threads,ryandra.me,,2026-10-07T21:06:31Z,@meta.ai kasih abang ini konteks kasian dia,POST,1,1,0,0
https://www.threads.com/@ariyantiarin/post/DeNRJaqk3FE,threads,ariyantiarin,,2026-10-07T20:56:29Z,@meta.ai apa ini,POST,1,1,0,0
https://www.threads.com/@husnatulhanaa/post/DeNPaIik7hF,threads,husnatulhanaa,,2026-10-07T20:41:17Z,@kahfeveryday.my @kahfeveryday,POST,0,0,0,0
https://www.threads.com/@iamdeadinthewater/post/DeNPOMwE-nX,threads,iamdeadinthewater,,2026-10-07T20:39:39Z,Too late @kahfeveryday 👎🏼,POST,0,0,0,0
https://www.threads.com/@king_fisher5613/post/DeNO0fjE1vU,threads,king_fisher5613,,2026-10-07T20:36:09Z,Boycot @kahfeveryday @kahfeveryday.my negara comes first..Rezeki tu luas bro..,POST,0,0,0,0
https://www.threads.com/@lemme.be.your.friends/post/DeNOvIEEwL5,threads,lemme.be.your.friends,,2026-10-07T20:35:25Z,@meta.ai tell me what's happening,POST,0,1,0,0
https://www.threads.com/@zarsss_/post/DeNOFTqE-gJ,threads,zarsss_,,2026-10-07T20:29:42Z,@kahfeveryday pergi jual kat pejuang wadidaw sana. Menyemak je datang kat penduduk cuman 32 j,POST,2,0,0,0
https://www.threads.com/@ariyani.r.rovida/post/DeNNLCSE_xt,threads,ariyani.r.rovida,,2026-10-07T20:21:45Z,@kahfeveryday,POST,0,0,0,0
https://www.threads.com/@anxscha/post/DeM9o63kvBZ,threads,anxscha,,2026-10-07T18:06:01Z,To think that all of this gotten so much worse due to fifa asean cup. That’s why i hate football. Fuck football toxicity,POST,6,4,0,0
https://www.threads.com/@eurekaa_ll/post/DeNKH0Rk--o,threads,eurekaa_ll,,2026-10-07T19:55:06Z,Blame @kahfeveryday,POST,1,1,0,0
https://www.threads.com/@slekepetpet/post/DeNG0PBEyGU,threads,slekepetpet,,2026-10-07T19:26:12Z,@meta.ai  emang gmna awalnya met sampai ramai boycot produk indon,POST,0,1,0,0
https://www.threads.com/@okyarisandi/post/DeJXPZ6j3rU,threads,okyarisandi,,2026-10-06T08:32:46Z,"Plisssssssss…ini seriusss
Warga malaysia beneran bete bete an sama warga indonesia?  Thread isinya saling caci maki aja..orang2 malaysia sama kita

Aku kira di medsos doang…
Emang aslinya disana serame itu kah?

Kita serumpun bersahabat kan? Kayak upin ipin dan susanti?",POST,28,32,0,0
https://www.threads.com/@kapan_community/post/DeNFovbk-Lj,threads,kapan_community,,2026-10-07T19:15:54Z,Si @kahfeveryday  juga penyebabnya,POST,0,0,0,0
https://www.threads.com/@adhwaatikahh/post/DeNFRTJE_bi,threads,adhwaatikahh,,2026-10-07T19:12:42Z,"Kalau Malaysia ini negara kecil. Kalau orang Malaysia ni tidak menjejaskan kalian. Kenapa kalian tampil untuk minta maaf? @kahfeveryday . Kenapa goyang? Tenang je la. Jadi macam Starbucks, tak perlu tampil minta maaf pun. Tahu-tahu hampir 50 cawangan ditutup.",POST,14,26,0,2
https://www.threads.com/@sahabatmeow17/post/DeNE-oZk2sF,threads,sahabatmeow17,,2026-10-07T19:10:09Z,Kahf boleh total pindah seluruh indonesia @kahfeveryday.my @kahfeveryday  jangan ada kahf di malaysia dah. Rakyat indonesia boleh support dokongam pd kahf. Tahniah kahf kalian hebat. Indonesia juga tahniah. Pakai produk kahf biar kalian wangi wangi ya. Wangi wangi boleh p padam api kt kalimantan tu,POST,0,0,0,0
https://www.threads.com/@meowtakmaleuw._/post/DeNEd6lCAxU,threads,meowtakmaleuw._,,2026-10-07T19:05:41Z,"Kena pecat la budaknya...lain kali admin threads ni pilih yg bijak sikit, eh bijak banyak @kahfeveryday",POST,0,0,0,0
https://www.threads.com/@nrhas____/post/DeLdwniASQ1,threads,nrhas____,,2026-10-07T04:08:13Z,"Ramai dah suruh @watsonsmy keluar kan produk taik tu , agak2 @watsonsmy diam dan ignore ke suara netizen malaysia???? Respon jangan diam je",POST,2181,83,2,125
https://www.threads.com/@nsr.ss4sarae._/post/DeNEZcZE5P2,threads,nsr.ss4sarae._,,2026-10-07T19:05:04Z,"@watsonsmy hello watson malaysia, boleh keluarkan @kahfeveryday dengan segera !!!! Kami tak berminat lagi nak support product sampah. Boleh pergi mampos melingkup. Buat sakit mata product ni ada dekat pasaran malaysia. Terima kasih!",POST,0,0,0,0
https://www.threads.com/@papaean_/post/DeNESyXkq5e,threads,papaean_,,2026-10-07T19:04:10Z,Bye 👋 @kahfeveryday.my,POST,0,0,0,0
https://www.threads.com/@eafa_fiza/post/DeNB52wkz9F,threads,eafa_fiza,,2026-10-07T18:43:17Z,"Hi @kahfeveryday 
No need to ban. No need for laws. Malaysians just stop buying and the brand collapses. Starbucks is the best example. We decide who stays and who shuts down.
This shows how strong we are when we unite. One silent boycott and a global brand can lose RM292 million and close 88 stores. The power is truly in the hands of the consumers. In the end, it's also our local workers who are affected, but this is how we show our solidarity. 🥱🥱",POST,5,1,0,0
https://www.threads.com/@jeromehanss/post/DeNBm6Ik8Gp,threads,jeromehanss,,2026-10-07T18:40:42Z,Padahal malaydesh butuh @kahfeveryday buat membersihkan wajahnya daei jerebu,POST,0,0,0,0
https://www.threads.com/@dastiaprajak/post/DeM2cxqnyPE,threads,dastiaprajak,,2026-10-07T17:03:12Z,"Lari 2 puteran tapi pulang makan gultik 2 piring,turun BB kagak ,begah iya 😅",POST,2326,189,0,19
https://www.threads.com/@sookacuti/post/DeNBS3kk_dS,threads,sookacuti,,2026-10-07T18:37:58Z,"your country has caused haze in our country. boycott
@kahfeveryday",POST,0,1,0,0
https://www.threads.com/@danyysf_/post/DeNAbvfI8vk,threads,danyysf_,,2026-10-07T18:30:26Z,Better boikot this brand bukan nak ajak semua utk bermusuh but kalau dah jenis tunggang isu baik takyah meniaga idk ni marketing kahf ke apa but @kahfeveryday.my you not professional semoga lingkup ur brand !,POST,0,0,0,0
https://www.threads.com/@aagkrisna/post/DeNAQuFARGm,threads,aagkrisna,,2026-10-07T18:28:56Z,"posisi tidur PR & Crisis Management Teamnya KAHF saat ini: 

semoga bisa jadi pembelajaran untuk team sosmed brand lainnya deh 😓",POST,2,0,0,0
https://www.threads.com/@laneecaal/post/DeM_zDTE7JX,threads,laneecaal,,2026-10-07T18:24:53Z,@meta.ai jelaskan utas KK ini sya blm paham . Di komentar pada bilang kafh buat blunder. Blunder apa y,POST,0,1,0,0
https://www.threads.com/@adhip2026/post/DeM_X4uDPYO,threads,adhip2026,,2026-10-07T18:21:10Z,Oooh jadi produk lokalnya selama ini kalah ya sama @kahfeveryday ya... yaelah,POST,1,0,0,0
https://www.threads.com/@dyushinta_/post/DeMH03WFETV,threads,dyushinta_,,2026-10-07T10:15:47Z,"You and me in Nusa Lembongan, Bali 🌊🌴✨

So ​​happy to enjoy my holiday in Lembongan and stay at agungbclub 
Highly recommended ✨",POST,173,5,0,0
https://www.threads.com/@sookacuti/post/DeM_A3pE5Jz,threads,sookacuti,,2026-10-07T18:18:02Z,"your country has caused haze in our country. boycott
@kahfeveryday",POST,0,0,0,0
https://www.threads.com/@but143_/post/DeM-O60DwNh,threads,but143_,,2026-10-07T18:11:12Z,"Nah ini ownernya @kahfeveryday . Apa perasaan boss kau eh kalau tau staff bawahan dia takda adab, kurang ajar, low iq. Memalukan.",POST,14,2,0,0
https://www.threads.com/@antonwardaya/post/DeM-OJsjwuh,threads,antonwardaya,,2026-10-07T18:11:06Z,"MALAM PENTAS SENI,KREASI,DONASI WARDAYA

COLORS OF HOPE 2026

Inspirational Talk with SANDY and AXEL
Clash of Champions COC Season 1

https://coh.wardayaonline.com/

Minggu 11 Oktober 2026
Grand Ballroom Hotel Pullman Central Park,Jakarta
18.30–21.30 WIB

Terbuka untuk UMUM
Jana 081806902954",POST,0,0,0,0
https://www.threads.com/@pejalanmaniak/post/DeM-CfJn8Sj,threads,pejalanmaniak,,2026-10-07T18:09:31Z,"Sejak ada seruan boikot, KAHF akan semakin terkenal. 
Kenapa? 
Sebagian orang di lini garis depan akan membuangnya ke tong sampah. 
Sebagian orang lagi, yaa tak peduli dengan boikot, 
Orang Indonesia yang berada di sana malah akan semakin di borong tu produk. 
Dan berita kahf selalu tersebar kemana mana. 
Yuk saling respect lah. 
Kita berteman di dunia nyata. 
@kahfeveryday @kahfbromedan",POST,16,0,0,0
https://www.threads.com/@augranilingus/post/DeMT-bOlK6d,threads,augranilingus,,2026-10-07T12:01:57Z,"Itu sebab Type M bodoh dan tak terima kalah tak masuk final terus nak boycott product indo. Itu cuma jokes terus ngapain bawa hati, memang super bodoh type M",POST,1,1,0,0
https://www.threads.com/@yalosxx/post/DeM9645kvWE,threads,yalosxx,,2026-10-07T18:08:28Z,"are you too stupid to understand? that troll came from an oficial admin, fucker. nobody will give a fuck if that statement come from useless like you. but sadly that ""joke"" come from a good brand like @kahfeveryday ! as an international brand, they have several ways to stop gaduh ii bangsat ni or something, but even this brand to dumb to make good post. fat.fadlan.fat was totally right, let us boycott kahf so they know the consequences of their action, dumbass",POST,0,1,0,0
https://www.threads.com/@ittif11/post/DeM9LAlkxUV,threads,ittif11,,2026-10-07T18:01:56Z,@kahfeveryday.my uish mencabar ke ni? ni baru best kahf…letsgoooo kita tengok kahf boleh buat apa HAHHAHAAHAAHAAHAAHAAH,POST,2,1,0,0
https://www.threads.com/@pwttiescilla/post/DeMwViPEvgW,threads,pwttiescilla,,2026-10-07T16:09:47Z,love this makeup look 💗,POST,16,2,0,0
https://www.threads.com/@sookacuti/post/DeM8cUsE2dk,threads,sookacuti,,2026-10-07T17:55:34Z,"your country has caused haze in our country. boycott 
@kahfeveryday",POST,0,0,0,0
https://www.threads.com/@mayaaameelll/post/DeM2x5Snz21,threads,mayaaameelll,,2026-10-07T17:06:05Z,Simplicity is the key to happiness 🍃,POST,2,1,0,0
https://www.threads.com/@sookacuti/post/DeM8HXnk9OM,threads,sookacuti,,2026-10-07T17:52:42Z,"your country has caused haze in our country. boycott 
@kahfeveryday",POST,0,0,0,0
https://www.threads.com/@brosempires/post/DeM8Ea1n3oG,threads,brosempires,,2026-10-07T17:52:18Z,"TERLAJAK PERAHU DAPAT DI UNDUR, TERLAJAK KATA MAKAN DIRI. 

KAMI ""ASEAN"" BEDA LEVEL DENGAN ANDA INDONESIA.. 

jangan salahkan negara ASEAN kerana boikot, tapi salahkan rakyat anda yang menjatuhkan bisnes anda.. 

@kahfeveryday @kahfeveryday.my 

#NoMoreKahf #SilaKeluar #",POST,0,0,0,0
https://www.threads.com/@manamungkinakutau/post/DeLUPtkE-UX,threads,manamungkinakutau,,2026-10-07T02:45:04Z,Thats way 🎀💅🏻,POST,78,4,0,1
https://www.threads.com/@sookacuti/post/DeM72rPEzrt,threads,sookacuti,,2026-10-07T17:50:25Z,"your country has caused haze in our country. boycott 
@kahfeveryday",POST,0,0,0,0
https://www.threads.com/@anarghia/post/DeMv0uqEwKj,threads,anarghia,,2026-10-07T16:05:18Z,"fallin’ for fall
@hollister hollister_idn",POST,106,1,0,0
https://www.threads.com/@sookacuti/post/DeM7zdmk0ua,threads,sookacuti,,2026-10-07T17:49:59Z,"your country has caused haze in our country. boycott 
@kahfeveryday",POST,0,0,0,0
https://www.threads.com/@simsimiayamkuning/post/DeM6tTyGZKb,threads,simsimiayamkuning,,2026-10-07T17:40:24Z,More reason to boycott @kahfeveryday,POST,0,0,0,0
https://www.threads.com/@ibn.jaszli/post/DeM55zlD3Uw,threads,ibn.jaszli,,2026-10-07T17:33:22Z,Kemudian ada juga yang edit gambar yang mengaibkan YDPA kita,POST,2,1,0,0
https://www.threads.com/@ibn.jaszli/post/DeM550-j6EO,threads,ibn.jaszli,,2026-10-07T17:33:22Z,"Dalam saat dan ketika rakyat Malaysia tak peduli pun tentang bolasepak FIFA Asean Cup dan lebih fokus pada F1, tiba tiba pula @kahfeveryday keluarkan posting yang rasanya tak sesuai untuk brand yang baru  bertapak di Malaysia.",POST,2,1,0,0
https://www.threads.com/@vvmzdr/post/DeM5swDGETY,threads,vvmzdr,,2026-10-07T17:31:35Z,"Weh @kahfeveryday kau kene ingat tau company kau setakat asean je. Tak indonesia, malaysia. Memang silap lah kau buat tindakan bodoh macam tu Starbucks yang serata dunia pun sales turun mendadak dan berpuluh cawangan tutup di malaysia",POST,8,0,0,1
https://www.threads.com/@adeleryd/post/DeMNUL_H30h,threads,adeleryd,,2026-10-07T11:03:45Z,Love kahf🫶🏻🇮🇩,POST,918,157,1,10
https://www.threads.com/@cindysndrt/post/DeM5fhogX8h,threads,cindysndrt,,2026-10-07T17:29:47Z,Keep going @kahfeveryday we still love u,POST,0,0,0,0
https://www.threads.com/@mbappeshsh/post/DeMu1uCCf9b,threads,mbappeshsh,,2026-10-07T15:56:42Z,"untuk apa masuk ke indonesia ? bad lab itu mahal , emang rakyat indo mampu ? mau beli beras aja wadidaw wadidaw 🤣🤣🤣",POST,39,5,0,0
https://www.threads.com/@novviaa_11/post/DeM4N2cEgW0,threads,novviaa_11,,2026-10-07T17:18:38Z,pantes lebih laku kahf di malaysia ketimbang badlab 😂 karena mahal rupa nye.. begaduh dengan indonesia baru lah nah boycot kahf. Kalau kahf kasih diskon 50% di malaysia ga bakal jadi di boycot tuh kayanya 😂 @kahfeveryday kasih discount gede2an di malaysia pasti mereka ga jadi boycot mereka kaum mendang mending soalnya,POST,1,0,0,0
https://www.threads.com/@abg_surbudgettravelsabah/post/DeM36VyD0IJ,threads,abg_surbudgettravelsabah,,2026-10-07T17:15:58Z,@kahfeveryday  Beda Level....😮‍💨🇮🇩🇲🇾,POST,0,0,0,0
https://www.threads.com/@uncertaintychoy/post/DeM30UaD-S_,threads,uncertaintychoy,,2026-10-07T17:15:09Z,Jangan buat2 tak baca ye. Remove @kahfeveryday @kahfeveryday.my,POST,2,0,0,0
https://www.threads.com/@irzxn7/post/DeM3uZLEuv0,threads,irzxn7,,2026-10-07T17:14:20Z,"To @kahfeveryday now you can Fakahf. 
#Fakahf #Fuckoff.",POST,2,0,0,0
https://www.threads.com/@almahira_id/post/DeM2-6IH3k8,threads,almahira_id,,2026-10-07T17:07:51Z,Jangan lupa @paragoncorp pernah memilih Malaysia sebagai destinasi wisatanya ribuan karyawannya. Tensi mu terlalu tinggi btw. @kahfeveryday post gambar begitu hanya sedang euforia kemenangan bukan merendahkan negara ASEAN lainnya. Coba cek apakah negara ASEAN lainnya setinggi kalian tensi nanggapi post Kahf? Karna kalian warga Malaysia awalnya sedang beradu dg warga Indonesia. Kahf posting begitu pun kalian tanggapi dengan sentimen negatif,POST,0,1,0,0
https://www.threads.com/@_surayaabdaziz/post/DeM271ij3D7,threads,_surayaabdaziz,,2026-10-07T17:07:26Z,Dah mintak maaf tapi host still tak professional @kahfeveryday ?????,POST,0,0,0,0
https://www.threads.com/@adjenferiandi/post/DeM2ulOmEN3,threads,adjenferiandi,,2026-10-07T17:05:37Z,"Oooh gara-gara ini toh kenapa si Malaydesh sampe ngamuk-ngamuk,
boikot @kahfeveryday dan barang lokal kita lainnya. Hahaha...🤣🤣🤣

Keren sih si Khaf ini, 
malah ikutan war...🤣🤣🤣 Dah lah gw juga mau boikot Malaydesh: Stop makan Ayam goreng Mael satu singgit-satu singgit.

Lari Upin salamatkan diri...🤣🤣🤣",POST,0,0,0,0
https://www.threads.com/@haji.dunhill/post/DeLcSViAWv1,threads,haji.dunhill,,2026-10-07T03:55:20Z,Sorry. Nak buang.,POST,3653,30,0,49
https://www.threads.com/@ariel_arson/post/DeM2Kx2kkDa,threads,ariel_arson,,2026-10-07T17:00:44Z,@kahfeveryday.my in shaa Allah ada masa nanti saya g beli. Toilet saya bau ucuk dah ni.,POST,0,0,0,0
https://www.threads.com/@hafizamrri/post/DeM1nGon8Tt,threads,hafizamrri,,2026-10-07T16:55:52Z,"Hati-Hati, beda level.. level mu disini Fa Kahf @kahfeveryday",POST,3,0,0,0
https://www.threads.com/@consistency.studio/post/DeM1TMCGMJV,threads,consistency.studio,,2026-10-07T16:53:09Z,"Kita dan Malaysia punya budaya yang hampir sama, bahkan sejarah yang begitu erat dan saling berkaitan.

Banyak teman-teman dari Malaysia yang selama ini ikut mendukung produk Indonesia. Kami sendiri pun beberapa kali mengirim produk ke Malaysia. Hal-hal kecil seperti ini rasanya menjadi pengingat bahwa jarak dan perbedaan tidak semestinya membuat kita saling menjauh.",POST,3,1,0,0
https://www.threads.com/@consistency.studio/post/DeM1TJrmDEV,threads,consistency.studio,,2026-10-07T16:53:08Z,"Semoga apa yang sedang ramai ini segera reda dan padam, lalu kita kembali saling merangkul, saling menghargai, dan saling mendukung sebagai saudara.

Admin sendiri salah satu pengguna setia @kahfeveryday. Selain produknya memang cocok buat saya, identitas brand-nya juga dekat dengan anak muda dan semangat menjaga konsistensi.

Semoga ini menjadi salah satu tahapan untuk terus belajar, bertumbuh, dan melangkah lebih besar—hingga semakin mendunia. 🤝🫂",POST,2,0,0,0
https://www.threads.com/@zakarachman_/post/DeM1D1lnzuX,threads,zakarachman_,,2026-10-07T16:51:03Z,@kahfeveryday mencoba sok asik tp malah blunder,POST,1,0,0,0
https://www.threads.com/@but143_/post/DeNCKABkxaX,threads,but143_,,2026-10-07T18:45:29Z,Yaaa bikin malu sama owner nya. Ayuh malaysia boikot @kahfeveryday. Tak lupa juga boikot produk produk dibawah syarikat @paragoncorp .,POST,0,0,0,0
https://www.threads.com/@khai._iqsaaa/post/DeM3NdyD52e,threads,khai._iqsaaa,,2026-10-07T17:09:50Z,akun perniagaan perlu professional lagi lagian bab sensitiviti pasaran yang di jual pasaran antarabangsa. yaudah banyak lagi produk local kami bisa ganti paragon,POST,1,3,0,0
https://www.threads.com/@almahira_id/post/DeM6xK_n9wK,threads,almahira_id,,2026-10-07T17:40:56Z,Coba warga Malaysia berpikir kepala dingin. Tensi emosinya diturunkan. Inhale exhale terlebih dulu. Lihat baik-baik post @kahfeveryday. Apa disana hanya ada Malaysia dan indonesia? Ga kan? Kenapa begitu merasa marah dan tersinggung. Coba cek negara ASEAN lain tensinya sama ga kayak kalian? Jangan karna kalian emosi karyawan kahf di Malaysia kehilangan pekerjaan. Kalian mau bantu mereka cari pekerjaan baru kah?,POST,0,2,0,0
https://www.threads.com/@adtyynda/post/DeMvv9AE47v,threads,adtyynda,,2026-10-07T16:04:39Z,"209++ juta jiwa, gak akan kekurangan konsumen kahf mah slow aja gak sih",POST,12,4,0,0
https://www.threads.com/@ur.davvv_/post/DeM06uunaRc,threads,ur.davvv_,,2026-10-07T16:49:48Z,@kahfeveryday  bikin ini dong minn pen bgt belii😭,POST,3,0,0,0
https://www.threads.com/@asisten_kucing/post/DeM0KRoCS2W,threads,asisten_kucing,,2026-10-07T16:43:11Z,"RAMAI PULA .. UTAS KU INI .. 

@kahfeveryday ... 
Sudah langsung respon dgn cepat  membawa rasa bersalahnya ...
Itu harus, agar semua meredam dulu,, 

Tinggal telusuri bagian mana nih, apakah blunder ? Apakah ketidaksengajaan? 

Masalah boicot itu hak mereka @kahfeveryday, 
Kewajiban lu minta maaf, bebenah, sama kasih warning buat semua karyawan ... 

Pintu rezeki kaya pohon banyak cabangnya ... 
Intinya niat membela INDONESIA yang habis dihujat, namun tidak pada tempatnya DAN APES ..",POST,39,0,0,0
https://www.threads.com/@shafiq.yaman/post/DeMzw-oicIK,threads,shafiq.yaman,,2026-10-07T16:39:44Z,Done boycott,POST,2,0,0,0
https://www.threads.com/@nrlifhys/post/DeMzqy3k6k2,threads,nrlifhys,,2026-10-07T16:38:54Z,"ko ckp apa ni susanti😅 Bila masa pulak x trima knyataan nyaa 🤣 org marah boikot brand engko sbb posting brand engko yg provoke2 ""beda level"", aneh2 ja la org2 ni ya, staff2 pn otak ke mna2 @kahfeveryday",POST,2,0,0,0
https://www.threads.com/@_b1ew/post/DeMzobjjwoT,threads,_b1ew,,2026-10-07T16:38:34Z,"@kahfeveryday 
""look what you've done you've.. made a fool of everyone"" 🎶😙",POST,0,0,0,0
https://www.threads.com/@shafiq.yaman/post/DeMznVPCW0u,threads,shafiq.yaman,,2026-10-07T16:38:25Z,Done boycott,POST,6,0,0,0
https://www.threads.com/@rezamohmmd/post/DeMzgeHElmv,threads,rezamohmmd,,2026-10-07T16:37:29Z,"ngga ngaruh wleee, kami banyak yang suka pake @kahfeveryday kok",POST,0,0,0,0
https://www.threads.com/@andipiyuhendri/post/DeM0pVREjMG,threads,andipiyuhendri,,2026-10-07T16:47:26Z,Ada apa ini? @meta.ai,POST,0,1,0,0
https://www.threads.com/@shafiq.yaman/post/DeMzgBKCWAE,threads,shafiq.yaman,,2026-10-07T16:37:25Z,Done boycott,POST,10,0,0,0
https://www.threads.com/@syafid_din/post/DeMzKVRCfnc,threads,syafid_din,,2026-10-07T16:34:28Z,Please get out @kahfeveryday.my from Malaysia. Jenis tak kenang Budi. Parut tetap ada setelah terluka.,POST,0,0,0,0
https://www.threads.com/@sachiera23/post/DeMzJhqD9um,threads,sachiera23,,2026-10-07T16:34:21Z,"Tenang kak, suamiku juga pengguna setia @kahfeveryday",POST,1,0,0,0
https://www.threads.com/@feinye9/post/DeMzCp0CTrk,threads,feinye9,,2026-10-07T16:33:25Z,Remove @kahfeveryday from Watson!!!,POST,0,0,0,0
https://www.threads.com/@sukakucingbukankau/post/DeMyjoPkuen,threads,sukakucingbukankau,,2026-10-07T16:29:11Z,Sial kau @kahfeveryday.my @kahfeveryday moga kau melingkup la bodoh,POST,0,0,0,0
https://www.threads.com/@maderbell93/post/DeMyR85mbwd,threads,maderbell93,,2026-10-07T16:26:46Z,"Maaf cakap yaa .. i love Indonesia so much but since kahf issue problem then ada satu lg influencer talking about jerebu n passport buat i rasa nak cancel my vacation to bandung soon. 

As a sabahan we treated Indonesia citizen who work here equally tp cara netizen2 Indonesia ne smua play victims …",POST,11,17,0,2
https://www.threads.com/@crab.3847656/post/DeMyJ9Pif7T,threads,crab.3847656,,2026-10-07T16:25:40Z,"Oi @kahfeveryday.my and all konoha people out there!

Korang sedar la sikit yg orang konoho/indog ni dtg Malaysia jadi GRO/pelakorrr je!

Buat business poen je!
Lepastu mengeletis dgn jantan2 melayu.
(To akak2 melayu;Mana tahu kot kot laki korg yg duk terima servis drpd diorg illegal indog konoha ni🙊)

Please la, kalau nampak warga konoha/indog yg ada sekitar korang yg mcm suspicious tkde legal document, tolong la buat report dekat imegresen!

Biar imegresen dtg angkut diorg ni terus!",POST,4,0,1,0
https://www.threads.com/@_ayuslee/post/DeMxPk0E31L,threads,_ayuslee,,2026-10-07T16:17:42Z,▓▓▓ @kahfeveryday,POST,0,0,0,1
https://www.threads.com/@iszuanzainal2/post/DeMRGzID31P,threads,iszuanzainal2,,2026-10-07T11:36:53Z,"Sembang population ramai 288juta konon, padahal rakyat sendiri beli shampoo pun packet yang kecik kecik tu untuk hidup. Yelah, nak beli sebotol mahal

Garuda Di Dadaku ❌
Garu Dadaku ✅",POST,4034,499,4,255
https://www.threads.com/@otter.56290762/post/DeN5-ohj5dc,threads,otter.56290762,,2026-10-08T02:53:16Z,@yosoyik ngakak njirrr 🤣🤣🤣😂 produk fhak boleh beli dalam sachet tak @kahfeveryday,POST,0,0,0,0
https://www.threads.com/@sakinahtyasin/post/DeMxAmVHy3E,threads,sakinahtyasin,,2026-10-07T16:15:39Z,Dengar tuuu @kahfeveryday.my,POST,4,0,0,0
https://www.threads.com/@_mulutkuuuuuu/post/DeMwRE-D8RL,threads,_mulutkuuuuuu,,2026-10-07T16:09:10Z,Pastikan dlm @mydinmalaysia jgn ada produk @kahfeveryday @kahfeveryday.my,POST,3,0,0,0
https://www.threads.com/@kasjol_/post/DeMwNZ4AXwi,threads,kasjol_,,2026-10-07T16:08:40Z,Bye kahf @kahfeveryday,POST,5,0,0,0
https://www.threads.com/@kelapa_sawit_/post/DeMv8hZiXfe,threads,kelapa_sawit_,,2026-10-07T16:06:22Z,Dekat thread say sorry tapi di tiktok masih mahu  bergaduh lagi. So patut or tak kami marah ???. Minta team media @kahfeveryday pantaulah host buat live,POST,0,0,0,0
https://www.threads.com/@zarulelfy/post/DeLw7qhEfrE,threads,zarulelfy,,2026-10-07T06:55:44Z,Kahf brands apa tu yuckksssss 🤮🤮🤮 @ruby_irsabella tlg buang dalam sungai klang semua product kafh yg ada dkt rumah awk,POST,2,2,0,0
https://www.threads.com/@ruby_irsabella/post/DeMvxwhiWrr,threads,ruby_irsabella,,2026-10-07T16:04:53Z,"Sorry ! Saya tak pernah guna ini Brand !  Yg saya dengar ² @isashuib & @sergioaldama20  Fanatic dgn Brand ni ? Itu yg @norainiasnor  bisik  Bisik Kat saya la ! 🙄
TO @kahfeveryday.my  The damage is done ! The boycott begins !",POST,0,0,0,0
https://www.threads.com/@frnd_121181/post/DeMvdLzCdOz,threads,frnd_121181,,2026-10-07T16:02:05Z,@meta.ai postingannya yg mana met,POST,1,1,0,0
https://www.threads.com/@_mulutkuuuuuu/post/DeMve5wDwsO,threads,_mulutkuuuuuu,,2026-10-07T16:02:19Z,"Jgn sesekali terima permohonan maaf ini. ""Terlajak perahu boleh diundur, terlajak kata buruk padahnya""

Serahkan @kahfeveryday @kahfeveryday.my ketempat asalmu yg jorok",POST,0,0,0,0
https://www.threads.com/@jiehanadzri_/post/DeMvcrHiWKL,threads,jiehanadzri_,,2026-10-07T16:02:01Z,"Thanks watsons please remove @kahfeveryday.my from watsons. Their insults to Malaysia to me as a Malaysian matters the most. So pleasee, as a consumer, this brand should’ve face the consequences. Remove their products from watsons all over Malaysia.",POST,1,0,0,0
https://www.threads.com/@thehaslindaemeran/post/DeMvWYADy3b,threads,thehaslindaemeran,,2026-10-07T16:01:09Z,Boikot @kahfeveryday & semua product indon.. u do u,POST,1,1,0,0
https://www.threads.com/@letsgodandan/post/DeMvTemkkZu,threads,letsgodandan,,2026-10-07T16:00:45Z,Gue kasih tahu ya @kahfeveryday brand lo bagus tapi orang-orang marketing elu agak sengak. Kalau diajak kerjasama suka selalu selowww response banget. Entah marketing event handle area Tangsel maupun Bekasi. Gue bingung ga ngerti kenapa orang-orang lo dan @kahfeveryday suka gitu.,POST,6,0,0,0
https://www.threads.com/@mssarajasmine/post/DeMvN5REg3X,threads,mssarajasmine,,2026-10-07T16:00:00Z,Ko sabajap ya @kahfeveryday.my ko sabajap je,POST,0,0,0,0
https://www.threads.com/@rabbittokki__/post/DeMvFrfo0Yr,threads,rabbittokki__,,2026-10-07T15:58:52Z,REMOVE @kahfeveryday.my @kahfeveryday  SUPPORT LOCAL 🇲🇾🇲🇾🇲🇾,POST,0,0,0,0
https://www.threads.com/@mssarajasmine/post/DeMu5qUkkaq,threads,mssarajasmine,,2026-10-07T15:57:14Z,"We don’t hate, but you guys are rude rude.",POST,0,0,0,0
https://www.threads.com/@hafizazhvri/post/DeMu0DfCVyV,threads,hafizazhvri,,2026-10-07T15:56:28Z,"@kahfeveryday , minta maaf dalam bahasa indon la baru puas hati.",POST,0,0,0,0
https://www.threads.com/@uncertaintychoy/post/DeMuakMDywv,threads,uncertaintychoy,,2026-10-07T15:52:59Z,Remove @kahfeveryday @kahfeveryday.my dari watson.,POST,0,0,0,0
https://www.threads.com/@bloodyflower11/post/DeMuXJiGqY3,threads,bloodyflower11,,2026-10-07T15:52:31Z,"suport local yes, sila buang @kahfeveryday.my @kahfeveryday",POST,0,0,0,0
https://www.threads.com/@_aalifzulfaqar/post/DeMtXnIj8qK,threads,_aalifzulfaqar,,2026-10-07T15:43:51Z,"Weiii,,,Aku ni dah la demam ,,aku nak batuk pun kena fikir dua kali😭😭

Bunyi kahf kahf kahf je,
aku bukan orang Indonesia weh,,janganlah boikottt ....",POST,1,0,0,0
https://www.threads.com/@bloodyflower11/post/DeMtWJnmnaz,threads,bloodyflower11,,2026-10-07T15:43:39Z,remove @kahfeveryday.my @kahfeveryday from your store,POST,0,0,0,0
https://www.threads.com/@bro.ayezs/post/DeMtTL9ExUZ,threads,bro.ayezs,,2026-10-07T15:43:14Z,Barua. Harap melingkup perniagaan kau @kahfeveryday,POST,0,0,0,0
https://www.threads.com/@iekaqiela/post/DeLlT9IkV11,threads,iekaqiela,,2026-10-07T05:14:12Z,Majlis hi-tea guru xlama lg… kita pulak kna bhgian cari sponsor.. agk2 kt pihak mn sesuai utk mintak sponser / ada sapa2 nak bg sponsor sikit x? Utk bg reward kt cikgu2 bg depa happy sikit.,POST,10,5,0,0
https://www.threads.com/@syahrulmg78/post/DeMtQZ3EyPi,threads,syahrulmg78,,2026-10-07T15:42:52Z,@kahfeveryday.my tgh trending skrg ni,POST,0,0,0,0
https://www.threads.com/@zury1610/post/DeMtD_xk2U2,threads,zury1610,,2026-10-07T15:41:10Z,@kahfeveryday.my sila pulang dong ..kita tak sama level....phuii,POST,0,0,0,0
https://www.threads.com/@the_lah90/post/DeMtClDmedw,threads,the_lah90,,2026-10-07T15:40:58Z,Good sharing,POST,0,0,0,0
https://www.threads.com/@_aimansyaher_/post/DeMs1hfkpXC,threads,_aimansyaher_,,2026-10-07T15:39:11Z,remove product @kahfeveryday.my  kalau @watsonsmy taknak senasib sama macam kahf,POST,0,0,0,0
https://www.threads.com/@paisyahsakinah17/post/DeMstkyAVmD,threads,paisyahsakinah17,,2026-10-07T15:38:06Z,oii social manager kahf mana ini jgn deact linkedinya duonh apa mau di spill nich ? @kahfeveryday,POST,0,0,0,0
https://www.threads.com/@hazel_ffff/post/DeMspIfEq_w,threads,hazel_ffff,,2026-10-07T15:37:30Z,"@kahfeveryday tak sampai berapa jam buat permintaan maaf tapi host kau boleh lagi selitkan pasal bola siap pin hate komen.. mana korang punya pengurusan nie? Tak pantau ke host live punya live? Rude gila, kenapa macam nie?",POST,6,0,0,0
https://www.threads.com/@paisyahsakinah17/post/DeMsSKVgaKe,threads,paisyahsakinah17,,2026-10-07T15:34:22Z,brand manager oi brand manager jgn deact linkedin nya dong @kahfeveryday,POST,1,0,0,0
https://www.threads.com/@faizal_hamdani11/post/DeMmktEFKup,threads,faizal_hamdani11,,2026-10-07T14:44:28Z,"Malu lah pak cik,akun kau ni untuk bisnis, untuk mencari nafkah mu dan karyawan mu

Jangan terlalu ke kanak kanakan untuk menaikkan popularitas",POST,3,28,0,0
https://www.threads.com/@r4kgup4_/post/DeMsJNMkrG8,threads,r4kgup4_,,2026-10-07T15:33:08Z,Say that to @kahfeveryday,POST,0,0,0,0
https://www.threads.com/@hazierynnam/post/DeMrphCkw-c,threads,hazierynnam,,2026-10-07T15:28:49Z,@kahfeveryday ?,POST,0,0,0,0
https://www.threads.com/@akmshhrni/post/DeMrpKxCSqd,threads,akmshhrni,,2026-10-07T15:28:46Z,"Hai @kahfeveryday , minta maaf minta maaf jugak, ni apa cerita eh barua .. nak menjual, menjual je barua dengan 300 juta rakyat kau tu, tak petik nama Malaysia tak sah eh barua",POST,21,1,0,2
https://www.threads.com/@awangmamad/post/DeMrkkYCRVC,threads,awangmamad,,2026-10-07T15:28:08Z,kau mencabar ye @kahfeveryday .,POST,1,0,0,0
https://www.threads.com/@midianzf_/post/DeMPssomQ3I,threads,midianzf_,,2026-10-07T11:24:35Z,Kesalahan kahf dia bawa akun produk buat jokes tongkrongan. Kesalahan warga Indonesia bilang 'silahkan boikot . Negara yang jumlah populasi penduduknya ga lebih dari jakarta ga akan ngaruh' . Bro itu salah. Sebagai brand owner kalo beneran di boikot itu merugikan banget. Kesalahan warga negara malaysia mereka sumbu pendek dan suka out of topic . Jadi semuanya salah si di case ini 🙂‍↕️,POST,12,26,0,0
https://www.threads.com/@sixty_detik/post/DeMriuLmQDc,threads,sixty_detik,,2026-10-07T15:27:53Z,"Tak perlu risau, rakyat indonesia ratusan juta, market mereka besar, tak perlu risau jika Malaysia tak beli jenama @kahfeveryday , yakin rakyat mereka akan support beli",POST,0,1,0,0
https://www.threads.com/@shah.shazali/post/DeMrVYxHQ3D,threads,shah.shazali,,2026-10-07T15:26:04Z,"Maaf ye Encik @haziqhamzah_ . For this time, @kahfeveryday @kahfeveryday.my - you reap what you sow. Inilah pengajaran yg terbaik utk jenama ini atas apa yang telah dibuat dan mereka memilih sengaja buat BERULANG KALI dlm satu tempoh masa. Sy pakai deretan produk mereka, dan sy sendiri geram dan kecewa tapi sy perlu boikot sbb mereka menangguk di air keruh dgn bukan sahaja kecewakan maruah negara Malaysia, malah seluruh negara Asia Tenggara. Total unacceptable dan itulah pilihan SENGAJA mereka.",POST,0,0,0,0
https://www.threads.com/@alrzmyid/post/DeMrSF8k2kE,threads,alrzmyid,,2026-10-07T15:25:37Z,"CEO yang turun langsung harusnya. Bikin video permintaan maaf. Postingannya diiklankan di medsos selama minimum dua pekan untuk wilayah ASEAN, lalu ketemu dengan menteri olahraga negara2 tersebut buat jadi sponsor kegiatan olahraga mereka. @kahfeveryday",POST,1,0,0,0
https://www.threads.com/@nurr_shaa/post/DeMrOWHj4qK,threads,nurr_shaa,,2026-10-07T15:25:06Z,nasib tak pernah beli @wardahbeauty_my dan tak pernah beli @kahfeveryday rupanya ada hikmah juga ☺️,POST,6,0,0,0
https://www.threads.com/@b.bard/post/DeMrHO0I4he,threads,b.bard,,2026-10-07T15:24:08Z,"Damage has been done,please entire malaysian people do boycott @kahfeveryday",POST,0,0,0,0
https://www.threads.com/@enarslzr/post/DeMq7xzE-aj,threads,enarslzr,,2026-10-07T15:22:34Z,Lol.,POST,0,0,0,0
https://www.threads.com/@_aimansyaher_/post/DeMq43lkvIF,threads,_aimansyaher_,,2026-10-07T15:22:10Z,@mydinmalaysia minta jasa baik jangan ada produk KAHF je @kahfeveryday,POST,0,0,0,0
https://www.threads.com/@bergosipria/post/DeMq2XYk4I_,threads,bergosipria,,2026-10-07T15:21:50Z,Netizen Malaysia ramai menyerukan boikot 'Kahf'. Seruan tsb ramai gegara postingan di akun official Kahf berupa meme yang dianggap ejekan yang masih berhubungan dengan laga FIFA Asean Cup 2026.,POST,0,0,0,0
https://www.threads.com/@muhd_syamil17/post/DeMqONDEzoL,threads,muhd_syamil17,,2026-10-07T15:16:21Z,@meta.ai kes apa ni,POST,0,1,0,0
https://www.threads.com/@_ajunnn19/post/DeMqRFzAfqD,threads,_ajunnn19,,2026-10-07T15:16:44Z,Kahf dah boleh standby packaging baru bagi membolehkan rakyat Indonesia untuk support. @kahfeveryday,POST,39,11,0,5
https://www.threads.com/@ahmad.affique/post/DeMqDyWk8iu,threads,ahmad.affique,,2026-10-07T15:15:39Z,"Belum habis bab @kahfeveryday ... ada pulak manusia macam ni mengapi apikan lagi...

Macam mengundang je lebih ni..",POST,1,1,0,0
https://www.threads.com/@anzila_ig/post/DeMQmmQEsrd,threads,anzila_ig,,2026-10-07T11:32:29Z,"On Kahf’s apology post, there are many angry Malaysians, which are justified. A brand should have thought a million times before posting.

But then, I saw some Malaysians commenting how Indonesians can’t afford the brand and even making jokes about poor Indonesians who cannot buy rice. 

I get it, so many Malaysians are respectful and kind. 
And from millions of people, there will be some who lack empathy, from any country.",POST,40,9,0,2
https://www.threads.com/@sixty_detik/post/DeMp7cqmSB2,threads,sixty_detik,,2026-10-07T15:13:47Z,"Tak perlu risau, rakyat indonesia ratusan juta, market mereka besar, tak perlu risau jika Malaysia tak beli jenama @kahfeveryday , yakin rakyat mereka akan support beli",POST,0,0,0,0
https://www.threads.com/@topanspnd/post/DeMpzCIoz0O,threads,topanspnd,,2026-10-07T15:12:38Z,"Buat @kahfeveryday .. Tenang aja, Jangan pecat karyawan kalian. Rezeki sudah ada yabg ngatur. Gara"" Malaydesh kan gue jadi tau ada produk bagus Buatan Anak Negeri. Otw pake KAHF.",POST,0,2,0,0
https://www.threads.com/@adtyynda/post/DeMpvE-k01e,threads,adtyynda,,2026-10-07T15:12:06Z,"Lah dia yg beli dia yg buang, ya bodo amat hahaa
Tenang aja min @kahfeveryday warga Indonesia ada 290++ jiwa
Masih laku keras",POST,0,0,0,0
https://www.threads.com/@mikesteklov/post/DeMpu9YE7Bx,threads,mikesteklov,,2026-10-07T15:12:05Z,Aku lepas keluar notis boikot @kahfeveryday terus balik kerja pergi watson angkat set badlab walaupun tak pernah pakai. Takpe kita support badlab pulak. Tiba masa kita buat apa yang patut dah lama kita buat,POST,33,0,0,0
https://www.threads.com/@sixty_detik/post/DeMpup9GQyk,threads,sixty_detik,,2026-10-07T15:12:02Z,"Tak perlu risau, rakyat indonesia ratusan juta, market mereka besar, tak perlu risau jika Malaysia tak beli jenama @kahfeveryday , yakin rakyat mereka akan support beli",POST,0,0,0,0
https://www.threads.com/@markus.92s/post/DeMpfFrjZzh,threads,markus.92s,,2026-10-07T15:09:55Z,Pantes lah dia orang Malaysia nak beli dan pakai kahf sebab dia orang beruk selama ne. Tapi tak risau lah mereka dah nak jadi beruk lagi. 🙈🦍,POST,1,5,0,0
https://www.threads.com/@ammdoni/post/DeMpeSkktw9,threads,ammdoni,,2026-10-07T15:09:48Z,"Gue nggak mau memihak sana sini? Semoga kejadian ini bisa jadi pelajaran buat Kahf ke depannya, apalagi sebagai brand yang komunikasinya lewat akun bisnis, setiap penyampaian pasti punya dampak❤️
Semangattt salam damai",POST,3,0,0,0
https://www.threads.com/@asyraf.zainon/post/DeMpMXlnPJW,threads,asyraf.zainon,,2026-10-07T15:09:34Z,Susah sebenarnya nak explain dekat orang orang Indonesia ni.Explain pi la mcm mana pun mereka tetap tak faham. Bahasa mudah BODOH SOMBONG🙄,POST,13,1,0,3
https://www.threads.com/@hamzahajid/post/DeMpXSdkhrC,threads,hamzahajid,,2026-10-07T15:08:51Z,"Saya WNI dan saya setuju dengan abangnya, berbangga dan berbahagia menjadi juara itu boleh. Tapi baiknya tidak merendahkan negara lain, bagaimana pun kita hidup berdampingan harus rukun dan tidak saling memancing keributan. 

Tolong dievaluasi @kahfeveryday",POST,0,0,0,0
https://www.threads.com/@lea_sofeya/post/DeMo-TIidto,threads,lea_sofeya,,2026-10-07T15:05:26Z,@meta.ai kenapa dgn issue kahlf sampai kena boikit,POST,0,1,0,0
https://www.threads.com/@shahmustapa/post/DeMjL4giaQJ,threads,shahmustapa,,2026-10-07T14:14:52Z,Ayuh @badlabco buried them!,POST,3513,8,0,136
https://www.threads.com/@zniszz/post/DeMo_o8lGwj,threads,zniszz,,2026-10-07T15:05:37Z,@kahfeveryday.my see?,POST,1,0,0,0
https://www.threads.com/@ramizahdali91/post/DeMoy1Dk9Ff,threads,ramizahdali91,,2026-10-07T15:03:52Z,Marii boikot @kahfeveryday,POST,0,0,0,0
https://www.threads.com/@zefanyanat/post/DeMogJAmWHF,threads,zefanyanat,,2026-10-07T15:01:19Z,kegiatan set 4 pagi,POST,338,10,0,0
https://www.threads.com/@sookacuti/post/DeMoxMBHSmK,threads,sookacuti,,2026-10-07T15:03:39Z,your country has caused haze in our country. boycott @kahfeveryday,POST,0,0,1,0
https://www.threads.com/@zefanyanat/post/DeAcoIBkyqq,threads,zefanyanat,,2026-10-02T21:26:40Z,"ga expect aku cocok juga pake bronzer, fix masuk geng brontal (bronzer brutal)🤎",POST,250,10,0,3
https://www.threads.com/@sookacuti/post/DeMowbTHX_T,threads,sookacuti,,2026-10-07T15:03:33Z,your country has caused haze in our country. boycott @kahfeveryday,POST,0,0,0,0
https://www.threads.com/@mieennty/post/DeMlLPrGLz6,threads,mieennty,,2026-10-07T14:32:15Z,,POST,6,1,0,0
https://www.threads.com/@sookacuti/post/DeMoqVfnetz,threads,sookacuti,,2026-10-07T15:02:43Z,your country has caused haze in our country. boycott @kahfeveryday,POST,0,0,0,0
https://www.threads.com/@albin_makeup_/post/DeMonSdE2Qb,threads,albin_makeup_,,2026-10-07T15:02:18Z,remove @kahfeveryday.my @kahfeveryday from watsons please,POST,0,0,0,0
https://www.threads.com/@amiezxx/post/DeMoi5dEkJP,threads,amiezxx,,2026-10-07T15:01:42Z,"Go bring this energy to @kahfeveryday marketing team.
Sekolah kan social media manager & the livehost dulu k.",POST,30,1,0,0
https://www.threads.com/@imldrgnaptri/post/DeMAgnElN6_,threads,imldrgnaptri,,2026-10-07T09:11:51Z,,POST,709,4,0,2
https://www.threads.com/@sookacuti/post/DeModvrnaW9,threads,sookacuti,,2026-10-07T15:00:59Z,your country has caused haze in our country. boycott @kahfeveryday,POST,0,0,0,0
https://www.threads.com/@sixty_detik/post/DeMocSDGRfw,threads,sixty_detik,,2026-10-07T15:00:47Z,"Iya ,gak perlu risau, market indonesia beratus juga rakyatnya, jika warga Malaysia tak beli @kahfeveryday , gak rugi kan?",POST,1,1,0,0
https://www.threads.com/@syifafuana/post/DeLj09moG6x,threads,syifafuana,,2026-10-07T05:01:14Z,"📍at39 STUDIO 
@at39.studio 

Love this place ❤️❤️❤️
Studionya not too big, not too small
All props avail (some motivation card also)
Get towel & cold towel
After class?? Cold plunge to reset your Hot body
They provide everything, cukup bawa badan aja
Every singple spot soo aesthetic ✨✨✨",POST,55,2,0,0
https://www.threads.com/@sookacuti/post/DeMoKIHna8i,threads,sookacuti,,2026-10-07T14:58:19Z,your country has caused haze in our country. boycott @kahfeveryday,POST,0,0,0,0
https://www.threads.com/@__mhmdizdn/post/DeMoGCWEx93,threads,__mhmdizdn,,2026-10-07T14:57:45Z,Wadap ma man @kahfeveryday @kahfeveryday.my ?,POST,0,0,0,0
https://www.threads.com/@hafidz.lotpe/post/DeMn83vGoqH,threads,hafidz.lotpe,,2026-10-07T14:56:30Z,No more @kahfeveryday  @kahfeveryday.my ...,POST,0,0,0,0
https://www.threads.com/@_aimansyaher_/post/DeMn57UEh4r,threads,_aimansyaher_,,2026-10-07T14:56:06Z,@kahfeveryday  kami warga Malaysia perlu ulasan anda dimanakah anda sila beri komentar apakah sama level ataupun nggak,POST,3,0,0,0
https://www.threads.com/@yusryepoh/post/DeMo_1zibFc,threads,yusryepoh,,2026-10-07T15:05:39Z,@meta.ai tiada angka rasmi?.. jgn sembunyikan fakta laaa 😁,POST,0,1,0,0
https://www.threads.com/@nnamik478/post/DeMndVHAW0u,threads,nnamik478,,2026-10-07T14:52:12Z,@meta.ai,POST,0,1,0,0
https://www.threads.com/@auroramaharani/post/DeL0ivHFHob,threads,auroramaharani,,2026-10-07T07:27:17Z,girl loves to play dress up .✦ ݁˖🐈‍⬛ ࣪ ִֶָ☾.࣪⁩⁩⁩⁩,POST,1151,4,0,8
https://www.threads.com/@sookacuti/post/DeMnm2enQoc,threads,sookacuti,,2026-10-07T14:53:30Z,your country has caused haze in our country. boycott @kahfeveryday,POST,1,0,0,0
https://www.threads.com/@aisyasara88/post/DeMnmo_GlzA,threads,aisyasara88,,2026-10-07T14:53:28Z,"CANCEL @kahfeveryday 
CANCEL @kahf.frequency 
CANCEL @kahfeveryday.my",POST,18,2,0,0
https://www.threads.com/@graciaaagrc/post/DeL7poBkjxw,threads,graciaaagrc,,2026-10-07T08:29:24Z,fitcheck hari ini 🖤,POST,1349,9,0,2
https://www.threads.com/@sookacuti/post/DeMnj0vnRPW,threads,sookacuti,,2026-10-07T14:53:05Z,your country has caused haze in our country. boycott @kahfeveryday,POST,0,0,0,0
https://www.threads.com/@gloriaswtynia/post/DeMSQmWgWOD,threads,gloriaswtynia,,2026-10-07T11:46:57Z,,POST,155,2,0,0
https://www.threads.com/@sookacuti/post/DeMnYiSHSo2,threads,sookacuti,,2026-10-07T14:51:32Z,your country has caused haze in our country. boycott @kahfeveryday,POST,0,0,0,0
https://www.threads.com/@fredericaruth/post/DeMTut9ic2O,threads,fredericaruth,,2026-10-07T11:59:48Z,i swear i meant to take one selfie,POST,336,6,0,0
https://www.threads.com/@sookacuti/post/DeMnS9Lnf0K,threads,sookacuti,,2026-10-07T14:50:47Z,your country has caused haze in our country. boycott @kahfeveryday,POST,0,0,0,0
https://www.threads.com/@mie_hshim/post/DeMmuWCGowy,threads,mie_hshim,,2026-10-07T14:45:47Z,Buang @kahfeveryday.my @kahfeveryday dari semua outlet. Kalau x kami x masuk watsons dh,POST,0,0,0,0
https://www.threads.com/@fazka.21/post/DeMmlpdEwI5,threads,fazka.21,,2026-10-07T14:44:36Z,"Berarti pernah secinta itu yaa bro sm @kahfeveryday 🤣 iaa sih
Barang bgs kyk gni mn bs dibuat sm negara lo.
jgn bilang, fto ini konten doang. Abis itu diambil2in lgii
Gilaa.. Produk sebagus inii lo buang.",POST,4,0,0,0
https://www.threads.com/@faritmuhambali_fm/post/DeMmgKQD4TJ,threads,faritmuhambali_fm,,2026-10-07T14:43:51Z,@kahfeveryday,POST,0,0,0,0
https://www.threads.com/@merryfet/post/DeMmLPegO43,threads,merryfet,,2026-10-07T14:40:59Z,"Everyday is difficult when you’re Palestinian, but today’s date hurts a little extra now.",POST,103,10,0,6
https://www.threads.com/@esampt/post/DeMmBH-mCiE,threads,esampt,,2026-10-07T14:39:36Z,Sebenarnya @kahfeveryday try hard nak jadi macam @jetpribadiasia admin yang lucu dan banyak engagement. Tapi sayanggggggg ketololan,POST,2,0,0,0
https://www.threads.com/@iam.mar14/post/DeMjc4OEu_A,threads,iam.mar14,,2026-10-07T14:17:11Z,patut tag @kahfeveryday,POST,49,1,0,0
https://www.threads.com/@yani_arul/post/DeMl5zFGthp,threads,yani_arul,,2026-10-07T14:38:36Z,Bisa gak @kahfeveryday 😌,POST,12,0,0,0
https://www.threads.com/@syayacob/post/DeMlyNXmExc,threads,syayacob,,2026-10-07T14:37:34Z,@kahfeveryday @kahfeveryday.my boikot,POST,0,0,0,0
https://www.threads.com/@farid_mommyhana/post/DeMllpggXaj,threads,farid_mommyhana,,2026-10-07T14:35:51Z,"Satu posting simple Threads ni je, jenama Kahf yang dah susah payah bina nama di Malaysia terus kena seru boikot.

Ini kes yang saya rasa semua orang marketing kena belajar.",POST,14,7,0,2
https://www.threads.com/@jeffry_.isme/post/DeMlfnJGUoj,threads,jeffry_.isme,,2026-10-07T14:35:02Z,@kahfeveryday @kahfeveryday.my take note staff awak nie dah minta maaf tapi staff mcm nie memang linggkup jela,POST,0,0,0,0
https://www.threads.com/@atiqah_shazlin/post/DeMnngsH39R,threads,atiqah_shazlin,,2026-10-07T14:53:35Z,"Banyak benda menguji kesabaran minggu ni.
- jerebu (obviously)
- @kahfeveryday.my “blunder”
- that article with “theories” of why malay tolerates corruption
- world bank statement on malaysian wages increasing faster than productivity????

Ahhh tambah lagiii",POST,0,0,0,0
https://www.threads.com/@hairatulhasani/post/DeMjxKhCSbW,threads,hairatulhasani,,2026-10-07T14:19:57Z,@shd_znlbdn @janejenab @polaris_germany nah jalan terus,POST,1,3,0,0
https://www.threads.com/@polaris_germany/post/DeMlbjRk8Jn,threads,polaris_germany,,2026-10-07T14:34:29Z,pagi minta maaf..tak smpai 24j da kutuk blik... @kahfeveryday ambil produk kau smua...xde yg nk beli. munafik,POST,0,1,0,0
https://www.threads.com/@aelhaeqal/post/DeMlEvUH9ns,threads,aelhaeqal,,2026-10-07T14:31:22Z,tukar voucher code baru aku setuju,POST,0,1,0,0
https://www.threads.com/@rdwanramli/post/DeMlU3pn_3h,threads,rdwanramli,,2026-10-07T14:33:34Z,Wkkw....bentar tunggu je lagi kurayu @kahfeveryday 😄,POST,0,0,0,0
https://www.threads.com/@faizrazakdesign/post/DeL-7pFmc8l,threads,faizrazakdesign,,2026-10-07T08:58:04Z,Jangan tabur pasir dalam periuk sendiri,POST,1449,120,144,618
https://www.threads.com/@cabaiiscili/post/DeMlQAzkp7T,threads,cabaiiscili,,2026-10-07T14:32:54Z,"@kahfeveryday dengar tu, lain kali jangan goblok kamu 😶🙄",POST,0,0,0,0
https://www.threads.com/@safuan_kassin/post/DeMlM7sHW91,threads,safuan_kassin,,2026-10-07T14:32:29Z,Batuk biasa memang bunyi @kahfeveryday,POST,1,0,0,0
https://www.threads.com/@whynotc4/post/DeMk6JykoVx,threads,whynotc4,,2026-10-07T14:29:55Z,@kahfeveryday gak guna maafnya tapi livenya kyk gini 🤣🙏,POST,0,1,0,0
https://www.threads.com/@budakmati/post/DeMk0Q4E1uO,threads,budakmati,,2026-10-07T14:29:07Z,"Jojo & Haziq pun dah bersuara. Zak & Leo masih belum lagi. Untuk Jojo & Haziq, I know you guys are professionals, just like Malaysians have always been. You still have contracts and commitments that you need to respect, and I understand that.

But the question is did they show you guys the same level of respect? Apa tindakan yang dikenakan terhadap pihak media tersebut selepas permohonan maaf dibuat? Adakah sekadar permohonan maaf sudah cukup untuk tutup semua benda?",POST,2,1,1,0
https://www.threads.com/@budakmati/post/DeMk0RikytK,threads,budakmati,,2026-10-07T14:29:07Z,"Saya harap korang boleh tanya pihak sana tentang perkara ini. Adakah maruah negara boleh dipermainkan begitu sahaja, kemudian semuanya dianggap selesai hanya kerana satu permohonan maaf? Professionalism and respecting contractual obligations are important. But so is standing up for your country and ensuring that its dignity is not treated lightly. We’re not asking for unnecessary drama. We’re asking for accountability and respect.",POST,0,0,0,0
https://www.threads.com/@b.bard/post/DeMkvVCo3HG,threads,b.bard,,2026-10-07T14:28:26Z,"Well said,damage has been done,all malaysian people now starting boycott @kahfeveryday.my",POST,1,0,0,0
https://www.threads.com/@aalyfthh/post/DeNAZnskq5c,threads,aalyfthh,,2026-10-07T18:30:09Z,@kahfeveryday so unprofessional as a seller who is working to gain rezki for family or herself. mikir dengan cara begini pekerjaan itu menjadi lebih mudah dan diterima oleh tuhan????,POST,0,0,0,0
https://www.threads.com/@drasticdust/post/DeMkKw9nUmA,threads,drasticdust,,2026-10-07T14:23:27Z,Ada product @kahfeveryday tak kt rak kedai kau din? Return balik kt supplier ok din.,POST,0,0,0,0
https://www.threads.com/@shabudinismail/post/DeMkGbNn4TW,threads,shabudinismail,,2026-10-07T14:22:51Z,"Pulang kan duit @kahfeveryday.my tu jangan kita jadi pengkhianat pada negara , bangsa dan agama kita.. puiihhh indon",POST,1,0,0,0
https://www.threads.com/@asyraf.shahmi/post/DeMc_O6INRT,threads,asyraf.shahmi,,2026-10-07T13:20:42Z,Ko bawak sheila on 7 mai malaysia kira case closed. On tak on @kahfeveryday.my,POST,40,4,0,3
https://www.threads.com/@kelimohammad/post/DeMj7ZwEvBy,threads,kelimohammad,,2026-10-07T14:21:21Z,"ye…ini setujuuuu..band lain xpayah…mintak trus 30 lagu xde kurang2….klu x,@kahfeveryday @kahfeveryday.my bole bawak balik semua produk balik indog…jual sana je",POST,0,0,0,0
https://www.threads.com/@advist_khoirunikmah/post/DeMWExjiW2l,threads,advist_khoirunikmah,,2026-10-07T12:20:18Z,"Admin Kahf @kahfeveryday gimana yaaah kabarnyaaa? Hari ini belum nongol lagi buat utasan ;(
Apakah kita warga +62 harus berbondong-bonrong minta maaf juga ke Warga Jiran?",POST,3,3,0,0
https://www.threads.com/@rezeki2find/post/DeMjv0xEkJv,threads,rezeki2find,,2026-10-07T14:19:46Z,"@kahfeveryday semangat since day one we grow together, and we will continue grow together in Indonesia 🫶",POST,2,0,0,0
https://www.threads.com/@bi__ma8_32_/post/DeMXLmpCXtB,threads,bi__ma8_32_,,2026-10-07T12:29:58Z,"Gak usah takut dengan malaydesh negara buatan inggris itu,masih ada Thailand, Vietnam, Filipina, Brunei, Kamboja, ngapain harus takut sama malaydesh negara kecil kyk gitu lemah gak bisa ngelindungi dirinya sendiri hanya mengandalkan kekuatan orang lain,udh negara kecil,lemah,licik, negara yang paling saya benci nomor satu selain Israel yaitu malaydesh 🇲🇾🖕🏻",POST,10,5,0,0
https://www.threads.com/@benmyusof/post/DeMjvxrkjyA,threads,benmyusof,,2026-10-07T14:19:46Z,@kahfeveryday,POST,0,0,0,0
https://www.threads.com/@afif.amrllh/post/DeMjvOrEyWu,threads,afif.amrllh,,2026-10-07T14:19:41Z,"Sosmed managernya pasti nggak bisa tidur. Campaign sampah, malu2in Indo aja lu dongo! @kahfeveryday",POST,1,0,0,0
https://www.threads.com/@hny_kamoe/post/DeMr7kkk9WW,threads,hny_kamoe,,2026-10-07T15:31:17Z,"Dihh ngapain..

Semangat  yaaa @kahfeveryday , kami tetap support. Produk dari perusahaan greenflag mahh kudu didukung. 

Yaa kali perusahaan se greenflag ini goyang gara2 bocah2 tantrum kalah maen bola",POST,1,1,0,0
https://www.threads.com/@drasticdust/post/DeMjhO3He--,threads,drasticdust,,2026-10-07T14:17:47Z,Remove kahf @kahfeveryday from your display rack,POST,0,0,0,0
https://www.threads.com/@aelhaeqal/post/DeLVB_Jn6_t,threads,aelhaeqal,,2026-10-07T02:51:56Z,"tolong la boikot kahf, biar dorang buat sale boleh aku borong.",POST,207,95,1,2
https://www.threads.com/@rdwanramli/post/DeMjRfMHy7Y,threads,rdwanramli,,2026-10-07T14:15:38Z,"GINI AKU SUKA, daripada saling benci mending saling support, min @kahfeveryday  kasih diskon 50% pakai Promo code INDOJUARA 😂",POST,9,2,0,0
https://www.threads.com/@fancubeworld/post/DeMjQOvH0Bq,threads,fancubeworld,,2026-10-07T14:15:27Z,Boikot boikot boikot,POST,0,0,0,0
https://www.threads.com/@quarezmi/post/DeMjO4ck2bA,threads,quarezmi,,2026-10-07T14:15:16Z,sorry level korg kat sini je 😜,POST,2,0,0,0
https://www.threads.com/@amyjoselina/post/DeMi6LRmTh3,threads,amyjoselina,,2026-10-07T14:12:27Z,"Setuju. Bak kata owner acc ni ""tak effect"" pun. So bawaklah Kafh balik indon sana utk 280juta rakyat anda. @kahfeveryday.my @kahfeveryday
@watsonsmy @guardianmy pls remove this product too.",POST,0,0,0,0
https://www.threads.com/@ovamust/post/DeMi3PJH8DK,threads,ovamust,,2026-10-07T14:12:03Z,Andai indonesia ga menang FIFA Asean cup 2026 mungkin admin @kahfeveryday  ga akan sebelunder itu. Lanjutkan nasionalismu min,POST,1,0,0,0
https://www.threads.com/@gia33_44/post/DeMiy3xD2Ji,threads,gia33_44,,2026-10-07T14:11:27Z,"Aku mcm trpikir2, Ape jadik eh kat team marketing yg buat posting @kahfeveryday tu..😆😆 mst kene bambu ngn top management.",POST,1,0,0,0
https://www.threads.com/@tasya_berlian27/post/DeM1ZTHEpSG,threads,tasya_berlian27,,2026-10-07T16:53:59Z,@meta.ai konteks,POST,0,1,0,0
https://www.threads.com/@bangruke/post/DeMsSE_GWzR,threads,bangruke,,2026-10-07T15:34:21Z,"Akhirnya produk mereka sendiri laku di negaranya 🙏
 Suatu kebanggan buat ownernya karna kasus ini
Penjualannya pasti melonjak drastis, 
""Tapi boong ""
Ntar aja di pungut itu
Buktinya sebanyak itu dia beli berarti kan produk @kahfeveryday  emang sebagus itu",POST,0,0,0,0
https://www.threads.com/@zacht_studio/post/DeMmgOFiblJ,threads,zacht_studio,,2026-10-07T14:43:51Z,@kahfeveryday.my @kahfeveryday boo 🤪🤪🤪,POST,1,1,0,0
https://www.threads.com/@mrazalihassan/post/DeMiiegAYzO,threads,mrazalihassan,,2026-10-07T14:09:13Z,@kahfeveryday 🤭🤭🤭,POST,0,0,0,0
https://www.threads.com/@surakartive/post/DeMicYZnxBb,threads,surakartive,,2026-10-07T14:08:23Z,"Min @kahfeveryday kalau butuh akun konten kreator buat campaign kabarin ya. Email ada di bio. Saya pengguna parfum Silverwood lho. Tak gawekne konten sing apik. Kalau butuh konten kreator, influencer sampe KOL aku ya bisa. Pokokmen kabeh iso. In this economy soale. 🙏🏻",POST,1,0,0,0
https://www.threads.com/@farysaaf/post/DeMicD5kt12,threads,farysaaf,,2026-10-07T14:08:20Z,Im one if your loyal customer. tlg remove @kahfeveryday.my dari watsons,POST,1,0,0,0
https://www.threads.com/@khaiazhar_/post/DeMiSVridlo,threads,khaiazhar_,,2026-10-07T14:07:00Z,"guys we are better than them. Just boycott , dont use vulgar words.  @kahfeveryday  need to see u punish the one who draft, approved and posted the picture. And your Live Host as well",POST,7,1,0,0
https://www.threads.com/@ezrinmohd/post/DeMiJ9SlA6K,threads,ezrinmohd,,2026-10-07T14:05:52Z,Brand2 lain indo di malaysia ok shaja. Masih support dan beli. Mereka diam dan menghormati. Sebab untuk masa depan masing. Cuma 1 brand yg baru nk up. Tapi otak mcm jibauk nk buat postinb bodoh mcm tu. Dah buat mintak maaf tapi dalam live still biadap. Sebab apa?? Sebab iq dorang mcm tu. Mcm beruk babi hutan!!! @kahfeveryday . Fuck u!!!,POST,1,0,0,0
https://www.threads.com/@moose.68420172/post/DeMiFbfH0_C,threads,moose.68420172,,2026-10-07T14:05:15Z,Boycott @nabatigroup @kara_malaysia all geprek gembus gepuk uduk lele bakso @tourism.indonesian @kahfeveryday.my @indomie @kenangancoffee.my,POST,17,1,0,1
https://www.threads.com/@juraganwrites88/post/DeMh8-ZE6JW,threads,juraganwrites88,,2026-10-07T14:04:05Z,,POST,2,1,0,0
https://www.threads.com/@juraganwrites88/post/DeMh88eE3vH,threads,juraganwrites88,,2026-10-07T14:04:05Z,@kahfeveryday.my produk is not worth it,POST,0,0,0,0
https://www.threads.com/@khairiroslin13/post/DeMh1pxGrBv,threads,khairiroslin13,,2026-10-07T14:03:05Z,@kahfeveryday @kahfeveryday.my Produk kalian katanya untuk mencerahkan. Boleh mulai dengan cerahkan dulu langit Malaysia? Asap dari sana sudah beda level. 💀,POST,2,0,0,0
https://www.threads.com/@iszlizzy/post/DeMVhbKkuXl,threads,iszlizzy,,2026-10-07T12:15:28Z,"Tak, citer dia kan, ramai kisah pon tidak Msia kalah ke menang ke, takde terbawak2 pun, dorang pulak beria2 sangka kita heran, rasa maybe ramai kot mcm saya, tak tahu pon bile dorang main😂",POST,2659,25,0,22
https://www.threads.com/@syahirahsr/post/DeMhcsiEwfh,threads,syahirahsr,,2026-10-07T13:59:41Z,@kahfeveryday damage control kalian emang gini ya?,POST,0,0,0,0
https://www.threads.com/@obeysoftly._/post/DeMhQXlE_Or,threads,obeysoftly._,,2026-10-07T13:58:00Z,@meta.ai  terangkan apa yg tgh berlaku. Saya tak paham😭,POST,1,1,0,0
https://www.threads.com/@threads.my_/post/DeMhHBVmIrC,threads,threads.my_,,2026-10-07T13:56:43Z,"YES! BOIKOT! BOIKOT! 
Hellooo @kahfeveryday.my , pergi minta @jenniferhubner borong produk korang!",POST,1,0,0,0
https://www.threads.com/@frederickson_anderson_keneddy/post/DeMhFh3o26P,threads,frederickson_anderson_keneddy,,2026-10-07T13:56:31Z,"@kahfeveryday.my  @kahfeveryday 
Kami akan boikot.... 
What a trash mentality???",POST,0,0,0,0
https://www.threads.com/@razliqahraghazli/post/DeMhDcUGmjA,threads,razliqahraghazli,,2026-10-07T13:56:14Z,"Jojo, kalau u backup sebab Kahf sebab work contract, kami tak marah pun. sebab faham sumber rezeki. orang Malaysia ni masih rasional.

but when u make a public statement like this, it shows that u have no empathy towards our country.

or u do not acknowledge the mockery, the insults that we received for the past few weeks.

or maybe, u r simply tone deaf",POST,36,0,0,0
https://www.threads.com/@therandomahmad/post/DeMhC_HkqJV,threads,therandomahmad,,2026-10-07T13:56:10Z,@kahfeveryday  middle  finger to you. 🖕,POST,0,0,0,0
https://www.threads.com/@al.fariszii/post/DeMg-oACRAY,threads,al.fariszii,,2026-10-07T13:55:35Z,santay aja @kahfeveryday.my  banyakan juga kangguru di australia 🤣🤣🤣,POST,2,0,0,0
https://www.threads.com/@wanheda8bp_/post/DeMg8a_E4dU,threads,wanheda8bp_,,2026-10-07T13:55:16Z,Teruntuk korang yang dah buang perfume @kahfeveryday.my @kahfeveryday yang bau nya tak seberapa tuh kan aku nak recommend perfume local brand 🇲🇾 yang bau nya maskulin terpaling jantan dari @rockstar.perfume bau tinggal belakang kome! Tahan lama!,POST,3,0,0,2
https://www.threads.com/@theonlyaryanna/post/DeMgkZNmVs0,threads,theonlyaryanna,,2026-10-07T13:52:00Z,Makin melampau @kahfeveryday.my 😒,POST,0,0,0,0
https://www.threads.com/@apay.fadzil/post/DeMgf3iEozH,threads,apay.fadzil,,2026-10-07T13:51:23Z,@kahfeveryday bukan baru mintak maaf ker..ni monyet kamu still berbunyi lagi..,POST,0,0,0,0
https://www.threads.com/@wanmohdeffendi/post/DeMgcQzCIFk,threads,wanmohdeffendi,,2026-10-07T13:50:53Z,"Maaf tanya, @kahfeveryday.my ni produk jamban ke?",POST,2,0,0,0
https://www.threads.com/@juraganwrites88/post/DeMgb1WE5_M,threads,juraganwrites88,,2026-10-07T13:50:50Z,"Teruskan Boikot @kahfeveryday.my ... banyak lagi alternatif lain yang lebih berkualiti dgn harga yang berbaloi... 

Terlajak kata boleh di undur, terlajak kata padah binasa...",POST,0,0,0,0
https://www.threads.com/@nabiel_oo/post/DeMgbBskhil,threads,nabiel_oo,,2026-10-07T13:50:43Z,Wife member saya orang indonesia..Patut tak diorang bergaduh sebab @kahfeveryday tu?..,POST,0,0,0,0
https://www.threads.com/@azrihenzhao/post/DeN6PVDCcI2,threads,azrihenzhao,,2026-10-08T02:55:33Z,Terus tukar username ye. 🤣,POST,0,0,0,0
https://www.threads.com/@abang_essa/post/DeMuTMNiVUy,threads,abang_essa,,2026-10-07T15:51:59Z,Good job @kahfeveryday.my,POST,0,0,0,0
https://www.threads.com/@aulinasetia12/post/DeMgJgvlBVZ,threads,aulinasetia12,,2026-10-07T13:48:19Z,Apa tindakan @kahfeveryday ya atas kelalaian admin caper itu ? Ada tindakan di cut off kerja gak ya karna sangat merugikan org macam ini dalam bidang berbisnis 😅 mungkin admin pikir jualan warung madura kali ya,POST,0,0,0,0
https://www.threads.com/@ameena_alsaifi/post/DeMgBPin_Il,threads,ameena_alsaifi,,2026-10-07T13:47:12Z,Bye @kahfeveryday from Malaysian 🇲🇾 Walaupun tak tau pun product ni apa but still I Nak said bye bye 😂,POST,7,0,0,0
https://www.threads.com/@irwanher/post/DeMdZy2n8HF,threads,irwanher,,2026-10-07T13:24:20Z,Terkadang brand besar pun bisa blunder. Excited karena Indonesia baru pertama kali menang + Threads yang dianggap platform yapping = blunder. Lain kali jangan ya dek @kahfeveryday 👌🏼,POST,3,3,0,0
https://www.threads.com/@hhsbcom/post/DeMgAGsk-rC,threads,hhsbcom,,2026-10-07T13:47:02Z,"Karyawannya sendiri justru yang Merusak Citra dan Reputasi company, minimal dapat sanksi lah, paling inggk di terminated dan di investigasi team brand marketing dan team sosmednya @kahfeveryday",POST,0,0,0,0
https://www.threads.com/@adhddimaginative45/post/DeMf9VsmIHg,threads,adhddimaginative45,,2026-10-07T13:46:40Z,"Kau kena faham tau Indonesia kau mungkin banyak tapi peratusan rakyat kau yang mampu beli Kahf ni SIIIIIIIIKIT FAHAM TAK DALAM 35% WHICH IS KAU DAH RUGI BESAR BUAT TAIK KAT ORANG MALAYSIA YANG RATA II BUYING POWER 90% SEMUA MAMPU, DAH LA RAKYAT KAU INDONESIA TU GAJI CUKUP MAKAN JE, KENA CUKAI LAGI KAU INGAT @kahfeveryday KAU BUAT BENDA NI ADA FAEDAH KE DEKAT KAU KAU INGAT KAU BOLEH SURVIVE DI NEGARA KAU WALAUPUN ADA 300J CONSUMER? KAU SALAHHHH",POST,0,1,0,0
https://www.threads.com/@abuhafizofficial/post/DeMf1tJkm19,threads,abuhafizofficial,,2026-10-07T13:45:37Z,"Ketika peristiwa rusuhan Ogos 2025 di Jakarta, berpusu rakyat Malaysia menghulurkan bantuan dgn pesanan makanan melalui ojek online tanda solidariti & kebersamaan. Hanya kerana persaingan sukan, serendah itu ulasan dan komentar? Amat tidak cerdik menggunakan akaun rasmi produk utk menghina negara tetangga.",POST,25,0,0,4
https://www.threads.com/@breth.co/post/DeMCHukCRnF,threads,breth.co,,2026-10-07T09:25:56Z,"Hello Malaysia Threads 👋

Kami Breth, local Malaysian perfume brand 🇲🇾❤️Bermula sejak MCO, sampai sekarang.

All perfume bawah RM100, ada 30+ scents perfume & room spray untuk korang try.

Weekend ni kami ada booth dekat Central Market KL, Ground Floor inside the building.

Kalau lalu sana, singgah sniff dulu. Tak beli pun tak apa, janji balik bau wangi sikit 😌",POST,3723,144,10,733
https://www.threads.com/@juraganwrites88/post/DeMfxF6E76b,threads,juraganwrites88,,2026-10-07T13:44:59Z,"Nanti I bawak Wife this weekend... dia dah buang @kahfeveryday.my dlm tong sampah masa balik keje tadi... 

Hmmm... dah x pasal2 kena cari pengganti pulak dah...",POST,3,0,0,0
https://www.threads.com/@ameena_alsaifi/post/DeMfwdUH6oD,threads,ameena_alsaifi,,2026-10-07T13:44:54Z,Remove @kahfeveryday.my @kahfeveryday  people will come to Watson again 😂,POST,1,0,0,0
https://www.threads.com/@muhd_faizan/post/DeMfdpOj2Xp,threads,muhd_faizan,,2026-10-07T13:42:20Z,@meta.ai what happen?,POST,0,1,0,0
https://www.threads.com/@zaero_cristianov/post/DeMfRm5E8Py,threads,zaero_cristianov,,2026-10-07T13:40:41Z,"@kahfeveryday vs Si IQ tinggi itu lagi
Psywar Untuk Seluruh asia, tp yang mentalnya goyang mereka doang.  Sampe bawa Ras, Ngehina pahlawan Frans Kaisiepo kena rasisin dan Boikot boikot. Masa kalah psywar dari penjual sabun sampe begitu...

Mending Main Barbie aja dah seriusan.",POST,0,0,0,0
https://www.threads.com/@shfwnalwy_/post/DeMfMATknk8,threads,shfwnalwy_,,2026-10-07T13:39:56Z,@meta.ai konteks?,POST,0,1,0,0
https://www.threads.com/@im_jrsong/post/DeMfPfyE3aF,threads,im_jrsong,,2026-10-07T13:40:24Z,"Walaupun mirip boxer tu tapi tak reti boxing, tapi reti elak @kahfeveryday.my 
Hello @badlabco",POST,8,0,0,0
https://www.threads.com/@nrhas____/post/DeMfKkiAeui,threads,nrhas____,,2026-10-07T13:39:44Z,"Haiii Malaysia 🇲🇾 , kita semua pembeli yang bijak kan ? So mulai hrini kita boikot produk @kahfeveryday ramai ramai , takkan kita nak beli produk yang dah buruk kn malaysia ?  Kita rakyat malaysia semua pembeli yang bijak so jum start boikot produk @kahfeveryday ,",POST,39,1,0,1
https://www.threads.com/@mrnonama/post/DeMfH_rD-ue,threads,mrnonama,,2026-10-07T13:39:23Z,"Kita kan tak sama level..maka beradalah di tempat yang selayaknya 🤷🏻‍♂️🤷🏻‍♂️🤷🏻‍♂️

#boikotkahf",POST,6,0,0,0
https://www.threads.com/@onequitelife/post/DeMe-QREyY8,threads,onequitelife,,2026-10-07T13:38:03Z,@kahfeveryday.my  begini kah ?,POST,0,0,0,0
https://www.threads.com/@jabatannetizennegara20/post/DeMA2OslLqQ,threads,jabatannetizennegara20,,2026-10-07T09:14:49Z,Sejak isu brand Kahf sindir negara2 asean lain berkaitan sukan bola sepak. Alif satar & Johan Ghazali didesak henti promosi jenama tersebut dan setakat ini mereka masih belum memberi sebarang kenyataan berhubung desakan tersebut  atau status kerjasama dengan Kahf.,POST,263,92,1,22
https://www.threads.com/@juraganwrites88/post/DeMe7jUk4xc,threads,juraganwrites88,,2026-10-07T13:37:41Z,"Setakat ni @alifffsatar  belum respon lagi... 

... tapi @johanghazalii_  masih istiqamah setia membela @kahfeveryday.my ... its clear where his priority lies.... 

... Sama2 kita rakyat Malaysia yg cintakan negara ini terus memboikot @kahfeveryday.my sebagai pengajaran kpd jenama2 Indon lain... 

... Datang ke negara orang utk berniaga... kena ada adab dan menghormati rakyat di negara tersebut...",POST,15,1,0,0
https://www.threads.com/@qhyrul18/post/DeMejK8mqFQ,threads,qhyrul18,,2026-10-07T13:34:21Z,Hey we are removing @kahfeveryday product from our rack store. We never thought how unprofessional you guys are,POST,0,0,0,0
https://www.threads.com/@antbiased/post/DeMeSWkkhI8,threads,antbiased,,2026-10-07T13:32:03Z,"Hai @kahfeveryday sila pantau livehost anda. Sudahlah ada bad reputation, livehost duk mengeruhkan keadaan. Memburukkan lagi imej brand. Digging your grave deeper",POST,2716,1,0,68
https://www.threads.com/@nhsmshas/post/DeMeFDyFBtF,threads,nhsmshas,,2026-10-07T13:30:14Z,@meta.ai cuba explain apa isu pasal kahf ni,POST,0,2,0,0
https://www.threads.com/@mikaqute/post/DeMeIhEEib3,threads,mikaqute,,2026-10-07T13:30:43Z,"🗣️ “Patutlah pergi NSK cari daun bawang sold out, rupanya ramai sangat tengah pakat 'membawang' kat sini!"" 🧅💨

@kahfeveryday , katanya 'Beda Level 💅🏼 

-“Forgive them, for humans are never perfect. They’ve said their sorry, and it’s time for us to choose peace."" 🍃",POST,1,0,0,0
https://www.threads.com/@fvhmie/post/DeMeFK2k0tz,threads,fvhmie,,2026-10-07T13:30:15Z,Main gilerr dengan kuasa boikot rakyat Malaysia. Hahahhahaahahahaahahahaahahahha,POST,0,0,0,0
https://www.threads.com/@haiqal.iskandar/post/DeKP8TlGSuk,threads,haiqal.iskandar,,2026-10-06T16:48:14Z,Let’s boycott this product. Shame on you @kahfeveryday,POST,11334,41,2,234
https://www.threads.com/@fthahrshdi/post/DeMd7AkoyKL,threads,fthahrshdi,,2026-10-07T13:28:52Z,@kahfeveryday boycot boycot,POST,0,0,0,0
https://www.threads.com/@shah.shazali/post/DeMdZ4EFPmI,threads,shah.shazali,,2026-10-07T13:24:21Z,"Awak patut diam sahaja, Johan. Kenyataan awak tak menjernihkan keadaan pun. Excuse me - @kahfeveryday @kahfeveryday.my perlu diajar sebab mereka MEMILIH untuk jadi tak berakal dan tidak sensitif. Malah yg lebih teruk, mereka tiada semangat setiakawan Asia Tenggara dgn letak komen mcm tu, walaupun mereka dah padam. Awak nak sokong mereka, silakan Johan. Tiada siapa paksa. Silap2 haribulan, dgn awak sekali pun kami boikot.",POST,0,0,0,0
https://www.threads.com/@75nineteenzj/post/DeMdPoJEmLr,threads,75nineteenzj,,2026-10-07T13:22:57Z,@kahfeveryday.my,POST,1,0,0,0
https://www.threads.com/@nonameeeeeee54/post/DeMdMztmUI_,threads,nonameeeeeee54,,2026-10-07T13:22:34Z,Selagi watson tak remove @kahfeveryday saya akan support GUARDIAN balik,POST,0,0,0,0
https://www.threads.com/@marimas.id/post/DeMXliXGAts,threads,marimas.id,,2026-10-07T12:33:30Z,"Pantesan silau, ternyata king Indo terlalu terang 🇮🇩🌅🏆🥇

note: bahagia admin brand itu sederhana, komen yang dilike banyak orang saja sudah sangat menyejukkan hati & KPI ya😇🙏🏻",POST,511,62,1,22
https://www.threads.com/@bi__ma8_32_/post/DeMdKUgiZ15,threads,bi__ma8_32_,,2026-10-07T13:22:13Z,@kahfeveryday we proud of you 🇮🇩🇮🇩🇮🇩💪🏻🫡,POST,2,0,0,0
https://www.threads.com/@nikofauzi/post/DeMdAjfE_Cm,threads,nikofauzi,,2026-10-07T13:20:53Z,"Ketinggalan berita, ada apa sebenernya sih sama Kahf @meta.ai coba jelasin runutan masalahnya dan apa arti sesungguhnya yang dipermasalahkan, oleh siapa",POST,0,1,0,0
https://www.threads.com/@hanilhanif/post/DeMdAsOjz-b,threads,hanilhanif,,2026-10-07T13:20:54Z,"Digging your own graves
Bye bye @kahfeveryday.my 
Boleh dah ambik semua produk2 kamu keluar dari Malaysia
Damage has done ✅
No turning back for Malaysians
We are better than that...",POST,0,0,0,1
https://www.threads.com/@iqbalrisqi/post/DeHZo_xCZmm,threads,iqbalrisqi,,2026-10-05T14:15:15Z,cowok to cowok . lu pake skincare apa?,POST,301,459,3,7
https://www.threads.com/@nanack/post/DeMc-x6mhjV,threads,nanack,,2026-10-07T13:20:39Z,"If this is count as skin care. Jadi ya ini skin care yg saya pake. Merk yg lagi rame. @kahfeveryday 
Siap jadi modelnya loh saya 🤭🤣😎",POST,0,0,0,0
https://www.threads.com/@ndayya.hshm/post/DeMc7Pyktii,threads,ndayya.hshm,,2026-10-07T13:20:10Z,"Tadi ada tertengok clip yang admin @kahfeveryday ckp dkt live tiktok yang Malaysia tak boleh terima kekalahan. Jap, bila masa pulak Malaysia kalah?🤔 Lawan Vietnam kita menang, lawan indonesia kita seri, itu pun sbb dorg parking bus, buktinya statistik shot on target dorg cuma 1. Jadi persoalannya, tang mana yang kita kalah tu guys? Yihhhhhhhh🤣",POST,135,7,0,1
https://www.threads.com/@raismail78/post/DeMc4Nok6zN,threads,raismail78,,2026-10-07T13:19:45Z,@kahfeveryday.my Nak tengok level Rakyat Malaysia…Rakyat Malaysia memang suka tunaikan permintaan,POST,7,0,0,0
https://www.threads.com/@reneepanenee/post/DeMcxXoiZCp,threads,reneepanenee,,2026-10-07T13:18:49Z,@alifsatar tak cakap pape ke pasal @kahfeveryday.my,POST,0,0,0,0
https://www.threads.com/@its_zaynar_/post/DeMcoaNkt-A,threads,its_zaynar_,,2026-10-07T13:17:35Z,"@kahfeveryday @kahfeveryday.my Nahhh ni kan dpt support dri orang2 sana. indo ni bosss.. sila kan ke sanaaa..

#MAKA KAMI",POST,1,0,0,0
https://www.threads.com/@amirrr_3662/post/DeL3ebnE0AM,threads,amirrr_3662,,2026-10-07T07:52:55Z,Yea weiii,POST,664,8,6,57
https://www.threads.com/@fzlnkml/post/DeMclaqnfMK,threads,fzlnkml,,2026-10-07T13:17:11Z,@kahfeveryday nak bagi alasan apa ye,POST,0,0,0,0
https://www.threads.com/@cherrycherra88/post/DeMchkhk8yr,threads,cherrycherra88,,2026-10-07T13:16:39Z,"Warga Malaysia, mari kita buat kesepakatan dengan warga Indonesia.

Warga Malaysia akan menerima permintaan maaf Kahf @kahfeveryday dan juga berhenti memboikot produk-produk Indonesia lainnya, namun dengan satu syarat:

Hentikan pembakaran hutan Kalimantan. Selamanya.

Begitu pembakaran hutan Kalimantan (dan juga pembakaran hutan Indonesia lainnya) dihentikan setidaknya untuk 50 tahun ke depan, kami akan kembali membeli produk-produk Indonesia.

Sepakat?",POST,1,3,0,0
https://www.threads.com/@raismail78/post/DeMca_vkx6J,threads,raismail78,,2026-10-07T13:15:46Z,Kami akan tunjuk apa level kami…stabak yg dah lama bertapak pun kami boleh tutup ni kan @kahfeveryday.my,POST,0,0,0,0
https://www.threads.com/@fzlnkml/post/DeMca23E9hy,threads,fzlnkml,,2026-10-07T13:15:44Z,"@kahfeveryday nah tengok ni apa staff you buat. So, permohonan maaf tu tiada guna ye.",POST,0,0,0,0
https://www.threads.com/@umargazi_/post/DeMcGhAlO2K,threads,umargazi_,,2026-10-07T13:12:58Z,@kaf.coffee.my dan @kahfeveryday.my . Apa cerita ni???😂,POST,2,2,0,0
https://www.threads.com/@shah.shazali/post/DeMb_MtlIB0,threads,shah.shazali,,2026-10-07T13:11:58Z,"@kahfeveryday @kahfeveryday.my , tolong pastikan kau tarik diri daripada Absolut Bazaar @absolutbazaar kt MITEC mulai tahun depan ye. Sorry. It is time to eliminate your  brand in Malaysia. Kau nak bangga kau tinggi sangat kan? Pergi berambus balik ke tempat asal kau RUBBISH !!",POST,0,0,0,0
https://www.threads.com/@oit_aman/post/DeMVHeqCfyH,threads,oit_aman,,2026-10-07T12:13:55Z,"masalahnya,sapa yg tak trima? korang dah menang , ya menang lah, raikan brsama..tapi sbagai pengusaha sesuatu produk yg ada market dn jualannya di international, bgus ke meraikan dngn cara menganjing gitu? anyway, damage has been done..now face it lah ya 😂🫵",POST,19,16,2,5
https://www.threads.com/@neomikoto7890/post/DeMb0sgD26N,threads,neomikoto7890,,2026-10-07T13:10:32Z,@kahfeveryday @kahfeveryday.my  tengok ni livehost buat apa? memang tak pantau dan check ke? what you guys do? apology pastu buat lagi?,POST,1,1,0,0
https://www.threads.com/@baked.benn/post/DeMbr3Rk4f5,threads,baked.benn,,2026-10-07T13:09:19Z,"@meta.ai , ini bukan soal israel. Ada isu lain yang terjadi. Boleh semak isu tu",POST,0,1,0,0
https://www.threads.com/@xyayatx/post/DeMd_DVEwAS,threads,xyayatx,,2026-10-07T13:29:25Z,@meta.ai apa kaitan dengan kahf ya,POST,0,1,0,0
https://www.threads.com/@thehaslindaemeran/post/DeMbtZ-jzeI,threads,thehaslindaemeran,,2026-10-07T13:09:32Z,@kahfeveryday.my @kahfeveryday bodo ke?.. @haziqhamzah_,POST,3,0,0,0
https://www.threads.com/@lutfimgl/post/DeMbtTPGdOY,threads,lutfimgl,,2026-10-07T13:09:31Z,"Dia sebenernya nyinyir karena sebelumnya ada netizen Malaysia pakai foto yang sama dan bilang kalo negaranya SE level sama eropa nah sekarang @kahfeveryday gantian pake foto yang sama dan narasi yang sama, meskipun tidak di benarkan",POST,0,0,0,0
https://www.threads.com/@kartunisgandum/post/DeMbkEzj_Gd,threads,kartunisgandum,,2026-10-07T13:08:16Z,"Random troll accounts? Expected.

But trolling from the official @kahfeveryday account, representing a business operating across several Asian countries? That’s not edgy — it’s corporate immaturity.

Impressive regional expansion. Unfortunately, the brand’s maturity remains very local.",POST,5,0,0,0
https://www.threads.com/@brendaanuralondoh/post/DeMbbkuj2Kx,threads,brendaanuralondoh,,2026-10-07T13:07:06Z,"Ada orang Sabah sini? 👀

Hi, I’m Brenda Anura Londoh, founder of LON & GIN, a beauty and lifestyle brand I started in Sabah in 2020.

Our beauty collection carries names drawn from our heritage, including Pugai. I want that identity to have a place in people’s everyday beauty rituals.

If this is your first time hearing about us, hello from Kota Kinabalu 🤍

What’s one Sabah brand you think more people should know?",POST,669,59,4,127
https://www.threads.com/@thehaslindaemeran/post/DeMbTStDxXo,threads,thehaslindaemeran,,2026-10-07T13:05:58Z,@kahfeveryday @kahfeveryday.my @alifsatar @haziqhamzah_,POST,2,1,0,0
https://www.threads.com/@cherrycherra88/post/DeMbGzUk5JH,threads,cherrycherra88,,2026-10-07T13:04:16Z,"Warga Malaysia, mari kita buat kesepakatan dengan warga Indonesia.

Warga Malaysia akan menerima permintaan maaf Kahf @kahfeveryday dan juga berhenti memboikot produk-produk Indonesia lainnya, namun dengan satu syarat:

Hentikan pembakaran hutan Kalimantan. Selamanya.

Begitu pembakaran hutan Kalimantan (dan juga pembakaran hutan Indonesia lainnya) dihentikan setidaknya untuk 50 tahun ke depan, kami akan kembali membeli produk-produk Indonesia.

Sepakat?",POST,0,0,2,0
https://www.threads.com/@mnurzahid95/post/DeMa7CckiB2,threads,mnurzahid95,,2026-10-07T13:02:39Z,"Daripada guna brand @kahfeveryday tu, baik guna brand local @blancofragrancemalaysia ni.

Beli bnyk hrga combo lagi murah drpd brand menganjing tu.. 

Tgok sini :  https://vt.tiktok.com/ZS9D4j9R2uADA-UV30o/",POST,3,1,0,0
https://www.threads.com/@bysaffri/post/DeMW5eclGls,threads,bysaffri,,2026-10-07T12:27:29Z,"I BEG YOUR PARDON !! @kahfeveryday 
Accept defeat ????? PLEASEE  Malaysians know how to accept defeat what we don’t accept is a brand behaving unprofessionally and then acting surprised when people call it out. Clearly we’re operating on very different levels. And as a live host 
perhaps focus on hosting instead of ranting and making unnecessary remarks. A little professionalism goes a long way !!!!",POST,6,5,1,1
https://www.threads.com/@cikbambs/post/DeMa4O7E0g9,threads,cikbambs,,2026-10-07T13:02:16Z,@kahfeveryday ni host sewel mana di ambik ni?Meleweh meleret.Mungkin tepu dek asap sebab tu bercakap pon melilau dgn leher kecik besar kecik besar,POST,1,0,0,0
https://www.threads.com/@_miezaidi/post/DeMarcIiUav,threads,_miezaidi,,2026-10-07T13:00:32Z,"Bye-bye @kahfeveryday 
Blh la @watsonsmy @guardianmy stop ambil produk ni.",POST,0,0,0,0
https://www.threads.com/@elleeshrss/post/DeMap2siccI,threads,elleeshrss,,2026-10-07T13:00:19Z,Tu pentingnya hiring manager pilih pekerja yang ada kualiti supaya ada sikap professional in working area. Shame on you @kahfeveryday,POST,14,1,0,0
https://www.threads.com/@mubarakxzidni/post/DeMagknE3ly,threads,mubarakxzidni,,2026-10-07T12:59:03Z,@meta.ai Brand kahf ada masalah apa?,POST,0,2,0,0
https://www.threads.com/@yusryepoh/post/DeMakC8CZOu,threads,yusryepoh,,2026-10-07T12:59:31Z,Bye bye @kahfeveryday.my get ready to loose money and your market in Malaysia! 😂😂😂,POST,0,0,0,0
https://www.threads.com/@yusryepoh/post/DeMach0iVhr,threads,yusryepoh,,2026-10-07T12:58:29Z,Bye bye @kahfeveryday.my get ready to loose money ok.. 😂😂😂,POST,0,0,0,0
https://www.threads.com/@farhanaziz.z/post/DeLY7ttIOT_,threads,farhanaziz.z,,2026-10-07T03:26:02Z,"Hebat lah kahf punca hang x pasal ii WARDAH kena tempias 

Betul ii master hg ni 🫡🤣",POST,1215,26,0,34
https://www.threads.com/@ain__mar/post/DeMaXDLEuWs,threads,ain__mar,,2026-10-07T12:57:45Z,"Mesti @kahfeveryday tengah takut dipersalahkan..semua dari Indonesia habis kena petik..tulah,pepatah Melayu cakap kerana nila setitik rosak susu sebelanga. Benda dah jadi....terima jelah",POST,14,0,0,0
https://www.threads.com/@yusryepoh/post/DeMaVEvCZub,threads,yusryepoh,,2026-10-07T12:57:28Z,Jom boikot habis habisan @kahfeveryday.my,POST,0,0,0,0
https://www.threads.com/@h_a_n_s_0_3/post/DeMaLI0iVcV,threads,h_a_n_s_0_3,,2026-10-07T12:56:07Z,ada produk @kahfeveryday.my ke? kalau ada aku pegi kat guardianlah,POST,0,0,0,0
https://www.threads.com/@mizibizi/post/DeMaJ7YH50P,threads,mizibizi,,2026-10-07T12:55:57Z,"its okay ..damage had done @kahfeveryday..

try market it to another countries.. 

semoga bangkrupt dan prabowo menjadi presiden indonesia 10 dekad lagi..amin🤲🤣🤣🤣",POST,0,0,0,0
https://www.threads.com/@ellyna_ali/post/DeMaHk3mtbX,threads,ellyna_ali,,2026-10-07T12:55:38Z,Tolonglah @kahfeveryday.my ..tolong jangan cabar rakyat Malaysia ....posting sorry  kalian tidak membantu ..as  a brand yg menjual produk di Malaysia...just stay away untuk melecehkan negara orang ...too bad ..u guys  never learn your mistakes ..not once but twice ..now mendapatlah...and you wanna say sorry now and tiba2 teringat pasal company's value dan bonding antara Malaysia -Indonesia... seriously? munafik!  And Malaysians korang janganlah nak boikot produk Indo lain pulak ...,POST,7,0,0,0
https://www.threads.com/@apittt9937/post/DeMaG8yk4kh,threads,apittt9937,,2026-10-07T12:55:33Z,Goodluck @kahfeveryday.my . Starbucks yang international pun melingkup di Malaysia. Apetah lagi korang🫡🤣,POST,1,0,0,0
https://www.threads.com/@maximini.edward/post/DeMaFzSkRwR,threads,maximini.edward,,2026-10-07T12:55:23Z,"POV: You thought feeding time was going to be peaceful… 😂🍼
Meanwhile, Dad turned it into a full-on imaginary sword fight. ⚔️😭✨
And baby girl? Completely unbothered, just finishing her bottle like this is totally normal. 😂🤍",POST,3,1,0,0
https://www.threads.com/@aimandanialll_/post/DeMaCtuGDZz,threads,aimandanialll_,,2026-10-07T12:54:58Z,@kahfeveryday The damage is done ✌🏻 You’ve lost the chance to build the market brand value you deserve—before you even got a foothold here. Nak beria menang sorak pun agak2 la,POST,1,0,0,0
https://www.threads.com/@ayah.sofea.84/post/DeMZ8WbH_hh,threads,ayah.sofea.84,,2026-10-07T12:54:06Z,@meta.ai apa maksud  status kahf dan gambar tu? Tak faham la. Kenapa jadi kontroversi?,POST,0,1,0,0
https://www.threads.com/@nazim_tajuddin/post/DeMZn6CEwSn,threads,nazim_tajuddin,,2026-10-07T12:51:18Z,Kutuk2 bola pun nak boikot2.. Mende lah..,POST,9,9,0,0
https://www.threads.com/@nuya_hidayah/post/DeMLOxDk7oS,threads,nuya_hidayah,,2026-10-07T10:45:32Z,"Lepas minta maaf, tiada tindakan susulan. Malah host live di tiktok pinned comment dan play video gambe bola dan jelir lidah di dalam live. The damage is exceeding the limit. Top management sendiri tidak mampu kawal team media sosial.",POST,6,1,0,0
https://www.threads.com/@neomikoto7890/post/DeMZhoLj3Ym,threads,neomikoto7890,,2026-10-07T12:50:27Z,@kahfeveryday.my @kahfeveryday  you guys tak check ke livehost you buat apa? nak ragebait je tahu? macam mana nak jaga image brand ni? korang takda training ke?,POST,0,2,0,0
https://www.threads.com/@ansamrh._/post/DeMZXXrj8Xw,threads,ansamrh._,,2026-10-07T12:49:03Z,@kahfeveryday  fake people,POST,0,0,0,0
https://www.threads.com/@haziqnazari/post/DeMZUTlD3Ml,threads,haziqnazari,,2026-10-07T12:48:38Z,"Betul la, we apologise, we can move on,tapi move on cari brand lokal la,,bye @kahfeveryday.my",POST,6,0,0,0
https://www.threads.com/@fatihah31_/post/DeMZPXgAUYI,threads,fatihah31_,,2026-10-07T12:47:57Z,@kahfeveryday @kahfeveryday.my mintak maaf amboi kemain yeee tngok staff kau rude gila 🤣 tapi dgn mintak maaf pon org malaysia tak heran langsung tak makan kata2 maaf kau tu . BOIKOT KAHF ✅,POST,7,1,0,2
https://www.threads.com/@fatihah31_/post/DeMY6TwgX2s,threads,fatihah31_,,2026-10-07T12:45:05Z,"@kahfeveryday @kahfeveryday.my  haaa kau jawab , maaf kemain ye staff rude gilaa",POST,0,0,0,0
https://www.threads.com/@aisyummi.co/post/DeMY1lukpOO,threads,aisyummi.co,,2026-10-07T12:44:26Z,@kahfeveryday bantuin donk,POST,0,0,0,0
https://www.threads.com/@_asyila.n/post/DeMYtGDkldd,threads,_asyila.n,,2026-10-07T12:43:17Z,"Berani dia muted aku ehh ?? Aku komen macam ni je :

what’s app harga please konoha , nak beli kat what’s app pleasseee.

salah ke @kahfeveryday.my . Dia muted aku ke tiktok ? hahahahahaha . takut ehhh konoha ni.",POST,6,3,0,0
https://www.threads.com/@nrhas____/post/DeMYsqtgevI,threads,nrhas____,,2026-10-07T12:43:13Z,@kahfeveryday STAFF BODOH IKUT FOUNDER JUGAK KE ?,POST,49,0,0,0
https://www.threads.com/@norafifahh/post/DeMYqsmicgc,threads,norafifahh,,2026-10-07T12:42:57Z,@kahfeveryday.my @kahfeveryday liat lah rakyat kalian .. jangan salah kan kami ya ..,POST,0,0,0,0
https://www.threads.com/@bi__ma8_32_/post/DeMYlKVCRcW,threads,bi__ma8_32_,,2026-10-07T12:42:12Z,"@kahfeveryday tenang negara mu sendiri bakal backup,kalo gak laku di apa itu negara yang dinamakan malaydesh,balik aja ke Indonesia insyaallah akan lancar,saya akan terus mendukung anda, jangan pernah takut sama negara giveaway itu 🇮🇩🇮🇩🇮🇩🇮🇩🇮🇩🇮🇩🇮🇩💪🏻🫡",POST,0,0,0,0
https://www.threads.com/@soarism_/post/DeMYi99FOMw,threads,soarism_,,2026-10-07T12:41:54Z,@kahfeveryday.my @kahfeveryday oh gitu? 🤣🤣🤣,POST,0,0,0,0
https://www.threads.com/@firdausafizul/post/DeLkKG3Gh8d,threads,firdausafizul,,2026-10-07T05:04:07Z,"Boikot kahf , f kahf . dahlah aku buat review pastu tak bayar . buto bagi rm300 aku hanat , bukan jerebu. @kahfeveryday F U 🖕",POST,48,3,0,8
https://www.threads.com/@aishasazaa/post/DeMYgfzmK3V,threads,aishasazaa,,2026-10-07T12:41:33Z,@kahfeveryday miskin ke sampai tak bayar reviewer???,POST,0,0,0,0
https://www.threads.com/@pocongpelangi/post/DeMYeypE2hN,threads,pocongpelangi,,2026-10-07T12:41:19Z,@kahfeveryday any explanations here?,POST,47,1,0,0
https://www.threads.com/@mluqmanhakim__/post/DeMYJPjE2c_,threads,mluqmanhakim__,,2026-10-07T12:38:23Z,"Aku xleh bayang siapa yang handle account brand @kahfeveryday kene bantai dengan management dorang hari ni. 

Mesti masuk-masuk je office dah kene panggil, lepastu kene maki 🤣.

Good luck la, the damage is already done. Tak kisah la good marketing or bad marketing sekali pon. Kau mesti kene punya hahaha",POST,0,0,0,0
https://www.threads.com/@phoebeshafinaz/post/DeKN3hMnzn3,threads,phoebeshafinaz,,2026-10-06T16:30:06Z,"Somebody needs to remind the intern running @kahfeveryday that they’re posting from a professional brand account. 😬

Have some respect for your international consumers especially Malaysia, where you have such a strong customer base.

Welp. So long, Kahf. 👋🏻",POST,2073,117,17,381
https://www.threads.com/@fardly83/post/DeMX_Y4CREF,threads,fardly83,,2026-10-07T12:37:02Z,"Ok done boikot, kita pakai lain plak.. cari buatan malaysia, support Malaysia 1st. Netherland go to the hell trash.. Goodbye @kahfeveryday.my @kahfeveryday",POST,0,0,0,0
https://www.threads.com/@fulqiiqrs/post/DeLgvIPmsci,threads,fulqiiqrs,,2026-10-07T04:34:13Z,"salah algoritma aja sih mnurutku, klo netizen indo digituan ya biasa ga baper an tpi klo negara tetangga YTTA aja wkwk",POST,889,18,1,0
https://www.threads.com/@aswinfahrizal/post/DeMX6j5ElNY,threads,aswinfahrizal,,2026-10-07T12:36:23Z,Salah algoritma gimana? Emang yang follow @kahfeveryday cuma orang Indonesia? Produknya aja ada di Malaysia kok.,POST,8,0,0,0
https://www.threads.com/@wanmuhammadazuan91/post/DeMX5vMEy8G,threads,wanmuhammadazuan91,,2026-10-07T12:36:16Z,@mydinmalaysia Ade spatah Dua kata x pasal product @kahfeveryday ...jarang mydin lambat into the scene,POST,1,0,0,0
https://www.threads.com/@zee_gerard/post/DeMyoIVEh3o,threads,zee_gerard,,2026-10-07T16:29:47Z,"@kahfeveryday Accountability clearly isn’t your thing. Well done, your staff really know how to disappoint. 👏🏻",POST,0,0,0,0
https://www.threads.com/@juraganwrites88/post/DeMXvfwE_ZW,threads,juraganwrites88,,2026-10-07T12:34:52Z,"Sorry Bro.... We love Malaysia too much... 

The fact that U strongly stand loyal to defend @kahfeveryday.my just show  where Ur priority lies...",POST,7,0,0,0
https://www.threads.com/@sinaranmentaricahayabulan/post/DeL2QVVGmu3,threads,sinaranmentaricahayabulan,,2026-10-07T07:42:15Z,Petition to @watsonsmy and @guardianmy untuk remove semua produk @kahfeveryday.my dari store secepat mungkin. Jom support brand mana yang berani tunjukkan dia lebih sayang rakyat Malaysia!,POST,1924,23,1,209
https://www.threads.com/@hfzhzwn/post/DeMXtIxiaLG,threads,hfzhzwn,,2026-10-07T12:34:33Z,@kahfeveryday.my @kahfeveryday,POST,2,0,0,0
https://www.threads.com/@ammar_dan/post/DeMXToHknT5,threads,ammar_dan,,2026-10-07T12:31:04Z,@kahfeveryday mcm bodo,POST,0,0,0,0
https://www.threads.com/@mnurzahid95/post/DeMXR2TEmQP,threads,mnurzahid95,,2026-10-07T12:30:49Z,Betulla tu beza level.. @kahfeveryday .. tmpt yg sesuai..,POST,2,0,0,0
https://www.threads.com/@nikofauzi/post/DeMXJ28k-OD,threads,nikofauzi,,2026-10-07T12:29:44Z,Kenapa emangnya ini brand kahf? @meta.ai,POST,1,1,0,0
https://www.threads.com/@lia_lieaa/post/DeMXM6jE-A3,threads,lia_lieaa,,2026-10-07T12:30:09Z,@kahfeveryday.my @kahfeveryday ... salam benci dari Malaysian,POST,0,0,0,0
https://www.threads.com/@hawk.8673142/post/DeMWUSDE6M7,threads,hawk.8673142,,2026-10-07T12:29:48Z,"Aku percaya rakyat malaysia tak ada satu pun yang koyak perihal malaysia kalah haritu right? We Malaysians don’t really take football losses that seriously 😂 If we lose, we accept it and move on. No need to make such a big deal out of it. And why do you guys always assume Malaysians go there to work? 😭 Most of us are just there to travel, eat, shop and spend our money. We’re tourists, chill 😂 Rupiah kau yang ada kat aku ni pun kalau tukar tiada nilai dekat malaysia kesian sangat. @kahfeveryday",POST,8,14,1,3
https://www.threads.com/@adzrulsadian/post/DeMol3Pk00U,threads,adzrulsadian,,2026-10-07T15:02:06Z,Amende ni indon? Sial betul perangai @kahfeveryday,POST,0,0,0,0
https://www.threads.com/@rainy_heaven99/post/DeMGfL7HUJu,threads,rainy_heaven99,,2026-10-07T10:04:05Z,"Sekedar saran kepada @kahfeveryday cc @kahfeveryday.my :

Cara paling efektif utk mengobati sakit hati para customers anda di Malaysia/Singapura dll adalah menegaskan kembali bahwa postingan bodoh kemaren itu memang jauh bertentangan dengan nilai2 yg dijunjung Kahf itu sendiri. Untuk ini:

1) Kahf perlu menjelaskan kronologinya, siapa Admin yg memposting itu, dan bagaimana tindakan yg diambil Kahf sebagai sebuah perusahaan kepada si Admin tsb.",POST,35,40,0,1
https://www.threads.com/@mohd_khairulanam/post/DeMW451E-1V,threads,mohd_khairulanam,,2026-10-07T12:27:25Z,@kahfeveryday kena tulis dalam Bahasa sebab posting awal dia dalam Bahasa bukan @kahfeveryday.my yang kena minta maaf guna kenyataan dalam Bahasa...dah jadi terbalik,POST,2,1,0,0
https://www.threads.com/@vendikt/post/DeMW13mlOjz,threads,vendikt,,2026-10-07T12:27:00Z,@meta.ai tentang apa si,POST,0,1,0,0
https://www.threads.com/@kssha_07/post/DeMW1P-ATm4,threads,kssha_07,,2026-10-07T12:26:55Z,@kahfeveryday.my  Jaga diri lepas ni😂.,POST,3,0,0,0
https://www.threads.com/@leoleonoco/post/DeMWqyZEqOl,threads,leoleonoco,,2026-10-07T12:25:29Z,"banyak je yang bagus , tak nafikan kahf pun bagus sangat tapi team media social dari kahf tu sangat disrespect , sebagai brands besar yang mendonia , yang bagus , yang laku , harus jaga nama baik . sebabtu ada nya kursus dalam bidang bisnes , belajar strategi and how to manage .. bukan asal bukak bisnes tapi tak pernah fikir kedepan . yeee maybe tak menjejaskan apa apa if kami boyycott sebab orang orang kalian pun ramai yang masih support brand local kalian sendiri .",POST,0,1,0,0
https://www.threads.com/@leoleonoco/post/DeMWqyYErHb,threads,leoleonoco,,2026-10-07T12:25:29Z,"so bersyukur je selamani kamu sudi support brand brand kalian, tanpa kami pun kahf maybe boleh maju juga , tapi rugi kan hilang customer yang selamani support you guys, repeat beli produk you guys , even saya sendiri pun selalu beli buat hadiah kawan ii , kahf produk yg bagus cuma kami terkesan dengan ketikan mereka , kalau bergaduh dengan random people , apa ja kami nak boycott ? takde apa dan takde sebab .  @kahfeveryday",POST,0,0,0,0
https://www.threads.com/@imnnial/post/DeMWqNenz0e,threads,imnnial,,2026-10-07T12:25:24Z,say no to what gais? HAHAHA sorry @kahfeveryday you’ve completely lost my respect,POST,27,3,0,0
https://www.threads.com/@__strawberrycakeee/post/DeMWjiwGjgH,threads,__strawberrycakeee,,2026-10-07T12:24:30Z,LAIN KALI @kahfeveryday nak post  tu fikir duluu sekarang dah cari masalah aduhhhh post x fikir macam ni la jadi ya,POST,0,0,0,0
https://www.threads.com/@yusryepoh/post/DeMWDTBCSO8,threads,yusryepoh,,2026-10-07T12:20:06Z,@meta.ai klu diboikot setahun.. berapa kerugian @kahfeveryday.my ?,POST,1,1,0,0
https://www.threads.com/@yusryepoh/post/DeMWYc1ifK5,threads,yusryepoh,,2026-10-07T12:22:59Z,Takpa.. kecil mana pun kita boikot jer @kahfeveryday.my ni.. rm96juta tu pun besar jumlahnya.. teruskan boikot produk yg kurang ajar ni Malaysians!,POST,3,0,0,0
https://www.threads.com/@haziqramos/post/DeMpmxDnxhh,threads,haziqramos,,2026-10-07T15:10:58Z,"wow Kahf cancelled?! WELL PLAYED INDON, next brand utk diboikot? Kenangan?",POST,0,0,0,0
https://www.threads.com/@yusidahh/post/DeMWR-pE-X4,threads,yusidahh,,2026-10-07T12:22:06Z,@meta.ai ini kenapa sih? Jelasin,POST,2,1,0,0
https://www.threads.com/@furqonriyadi/post/DeMWDBgkip9,threads,furqonriyadi,,2026-10-07T12:20:03Z,@meta.ai mana screenshoot postingan admin kahf itu,POST,0,1,0,0
https://www.threads.com/@pickme.seroja/post/DeMWFI-CRTZ,threads,pickme.seroja,,2026-10-07T12:20:21Z,Hahahah @kahfeveryday.my jijik lah,POST,0,0,0,0
https://www.threads.com/@yusryepoh/post/DeMVYI6iX0J,threads,yusryepoh,,2026-10-07T12:14:12Z,@meta.ai klu rakyat Malaysia boikot produk @kahfeveryday.my berapakan kerugian mereka selama sebulan?,POST,0,2,0,0
https://www.threads.com/@anaidharaf/post/DeMWABlEn4R,threads,anaidharaf,,2026-10-07T12:19:39Z,"Since now ppl are loud on buying Msian products, these are the everyday stuff I substitute when I started boycott for free 🍉.

Maggi -> Mamee, Gardenia, Ibumie (never like Indomie bcs it has that chemical taste)
Colgate -> Zaitun, Darlie
G2G, Safi -> Hada Labo (still searching for good Msian brand)
McD, KFC, Pizza, Dominos -> Marrybrown, Uncle Jack, Mokkys, Woodfire
Carbonated drinks -> Vida, Hausboom
Shower gel -> Zaitun, Dherbs, Shokubutsu",POST,234,12,3,67
https://www.threads.com/@superrey453/post/DeLaMDiHTQb,threads,superrey453,,2026-10-07T03:37:00Z,@meta.ai berapakah kerugian akan ditanggung oleh kahf kalau rakyat Malaysia boikot selama sebulan?,POST,553,205,0,5
https://www.threads.com/@yusryepoh/post/DeMV4_TiSY6,threads,yusryepoh,,2026-10-07T12:18:41Z,"RM3 - RM8 juta kerugian klu diboikot selama sebulan.. klu setahun? 😁😁😁
Jom boikot @kahfeveryday.my",POST,28,2,0,1
https://www.threads.com/@farahim.mohamed/post/DeMV2bYI6PP,threads,farahim.mohamed,,2026-10-07T12:18:20Z,REMOVE @kahfeveryday.my  from your shop!!!,POST,6,0,0,0
https://www.threads.com/@ruft_mahr/post/DeMVbe2Dzfh,threads,ruft_mahr,,2026-10-07T12:16:20Z,Dulu kita pakai kahf tapi skrg tak nak dah bau busuk ! Boycot kahf!,POST,2,0,0,0
https://www.threads.com/@ashsyauqi/post/DeMVjkxk0_9,threads,ashsyauqi,,2026-10-07T12:15:46Z,Double confirmed ✅✅,POST,1,0,0,0
https://www.threads.com/@fadzrindanial/post/DeMVfCcks53,threads,fadzrindanial,,2026-10-07T12:15:09Z,Brand sampah @kahfeveryday,POST,0,0,0,0
https://www.threads.com/@feisallr.izt/post/DeMVJTXgRcP,threads,feisallr.izt,,2026-10-07T12:12:11Z,"Remove @kahfeveryday.my , @kahfeveryday",POST,0,0,0,0
https://www.threads.com/@kotoswantry23/post/DeMU-UdD4Y6,threads,kotoswantry23,,2026-10-07T12:10:41Z,"What @kahfeveryday @kahfeveryday.my totally wrong. But remember some @famalaysia fans also insulting Indonesia hero and  racism comment to our players who couple of them are born and raised abroad (remmber also for fam fans, you guys alsp has scandal of 7 players who 0 malay blood also claimed some of european players that they malay but actually they are not malay).",POST,2,3,0,0
https://www.threads.com/@wahyunurokt_/post/DeMUwR0D7_e,threads,wahyunurokt_,,2026-10-07T12:08:46Z,Thankyou kahf.. Muka suamiku jadi sedikit cerah setelah pake ss&fw punya mu🤟😍😍 @kahfeveryday,POST,0,0,0,0
https://www.threads.com/@shuha_shalji/post/DeMUnQziX9F,threads,shuha_shalji,,2026-10-07T12:07:32Z,"It’s okay @kahfeveryday.my @kahfeveryday , u tak perlu pembeli dr Malaysia sbb negara u dh ada piala.. so pakai piala tu utk cover kerugian ok 🤭🤭😌😌",POST,4,0,0,0
https://www.threads.com/@liladhemartha/post/DeMJS_Oj6Pw,threads,liladhemartha,,2026-10-07T10:28:38Z,"Minta maaf itu namanya etika bisnis internasional/corporate PR, bukan karena takut bangkrut kocak 🤣 Lu kira omset utama Kahf dari negara lu? Pasar utama mereka itu 85% ada di Indonesia yang kuantitasnya raksasa. Kehilangan pasar Malaysia mah gak bikin bangkrut, cuma kehilangan duit jajan doang. Makanya dibilang cuma geli2 doang🤪",POST,3,5,0,0
https://www.threads.com/@kemuditia/post/DeMUjCMmOsg,threads,kemuditia,,2026-10-07T12:06:57Z,"@kahfeveryday.my , betul ke ni? 😭 rasa digula gulakan oleh kahf",POST,0,0,0,0
https://www.threads.com/@yvorulndrvrnc_/post/DeMefa2nank,threads,yvorulndrvrnc_,,2026-10-07T13:33:50Z,@meta.ai trus katanya ada korban nya mksdnya apa,POST,0,1,0,0
https://www.threads.com/@ijaicool/post/DeMUYp2FAOq,threads,ijaicool,,2026-10-07T12:05:32Z,"Sebenarnya selain Kahf, ada banyak lagi jenama dan juga artis yang menggunakan elemen huruf jawi yang kita boleh support",POST,20494,619,109,2555
https://www.threads.com/@wan_dean76/post/DeMUA8Mj5ab,threads,wan_dean76,,2026-10-07T12:02:18Z,Boleh pergi mam @kahfeveryday,POST,0,0,0,0
https://www.threads.com/@ranisamudras/post/DeMT4OwmVcz,threads,ranisamudras,,2026-10-07T12:01:06Z,@meta.ai ini kenapa,POST,0,1,0,0
https://www.threads.com/@miznoraini/post/DeMT3Eck0mz,threads,miznoraini,,2026-10-07T12:00:57Z,@meta.ai boleh jelaskan isu ini?,POST,0,1,0,0
https://www.threads.com/@fazrolnazreen/post/DeMT53WCW8_,threads,fazrolnazreen,,2026-10-07T12:01:20Z,"Agaknya brand @kahfeveryday.my jadi penaja bersama lg tak utk LIHM 12/12 ni? 

Mohon kasi pengajaran pd brand yg tak hargai ni",POST,22,3,0,0
https://www.threads.com/@d.avrill_/post/DeMT0LklEnJ,threads,d.avrill_,,2026-10-07T12:00:33Z,Dengan tidak membeli produk @kahfeveryday.my 👎🏻tapi terbeli @badlabco🫰🏻❤️,POST,0,0,0,0
https://www.threads.com/@mustaphashobri/post/DeMTyQLGkMk,threads,mustaphashobri,,2026-10-07T12:00:17Z,"Saya nak bagi offer untuk stay 6 hari 5 malam di 
AC Hotel by Marriott, Kuala Lumpur atau Moxy Kuala Lumpur. Room type Premium Deluxe King with free everyday breakfast for two pax.
⠀⠀⠀⠀⠀⠀⠀⠀⠀
Date : 9/10/2026 - 14/10/2026
Normal Rate : RM1.3k+
Special Offer : RM750 (5 nights)",POST,1378,117,1,106
https://www.threads.com/@augranilingus/post/DeMTH5olAv6,threads,augranilingus,,2026-10-07T11:54:30Z,Ohh jadi awak nak boycott produk Indonesia macam Paragon Corp? Tapi bio kau based in Indonesia. Make sense tak?,POST,0,1,0,0
https://www.threads.com/@fat.fadlan.fat/post/DeMTlkAlNpk,threads,fat.fadlan.fat,,2026-10-07T11:58:33Z,"Jadi maunya gmn kak? Di balik jadi boycot produk Malaysia? Yang blunder si admin @kahfeveryday. Biarin aja lah orang2 di Malaysia ngeboycot produk mereka. Kaya ga punya candaan lain selain ngolok2 negara lain gegara bola.. I mean cuma gegara bola, mana posting nya pake akun official lagi",POST,1,1,0,0
https://www.threads.com/@mr.kk_official/post/DeMTjFhj8X9,threads,mr.kk_official,,2026-10-07T11:58:13Z,Bagi orang indonesia memang takda effect klu malaysia boikot kahf sb kau bukannya owner produk tersebut...yang ketar ketirnya si @kahfeveryday.my...sb harga kahf di indonesia mmg murah tapi market value kurang..kahf jual dkt malaysia jual mahal berganda harga tapi market value tinggi sb ramai pengguna kahf dari malaysia....boikottt kahf wau min nun lam alif hamzah ya wassalam..,POST,1,0,0,0
https://www.threads.com/@riezm_/post/DeN6cEYFPay,threads,riezm_,,2026-10-08T02:57:17Z,"Kita kan beda level, betul tak @kahfeveryday",POST,0,0,0,0
https://www.threads.com/@dnftrst/post/DeMTh9qk4wN,threads,dnftrst,,2026-10-07T11:58:04Z,"WILL THE KAHF BRAND BE AFFECTED BY THE BOYCOTT?

BOYCOTT IS NOT ALWAYS ABOUT HATE.

Sometimes, boycott is a way of standing up for yourself. A way of saying..

""My dignity is not something you can simply disrespect, step on, then expect me to continue giving you my money.""

And this is where the @kahfeveryday  incident gets interesting.",POST,44,20,4,14
https://www.threads.com/@dnftrst/post/DeMThI9k3ry,threads,dnftrst,,2026-10-07T11:57:57Z,"And there's another issue brands often underestimate..

People don't need to boycott you forever for a boycott to hurt your brand.

They simply need to STOP CHOOSING YOU.

If a customer who previously bought Kahf starts buying another brand, that competitor now has an opportunity to become the new habit.

That's where the real commercial risk lies. That's whay you're seeing BadLab brands EVERYWHERE.",POST,2,1,0,1
https://www.threads.com/@dnftrst/post/DeMThPnEw1d,threads,dnftrst,,2026-10-07T11:57:58Z,"So I wouldn't measure this only by asking..""How many products were boycotted?""

I'd look at more into...
Brand sentiment before vs after the incident, Customer trust, Purchase intention, Social sentiment. Search interest, Repeat purchase behaviour, Retailer/distributor reaction ( MOST IMPORTANT  DATA), and lastly..Competitor switching...Whether the controversy becomes part of the brand's long-term narrative.

And most importantly..What does @kahfeveryday.my  do next?",POST,1,1,0,1
https://www.threads.com/@harisweb/post/DeMTgYVmuOO,threads,harisweb,,2026-10-07T11:57:51Z,"Agak kecewa sih @kahfeveryday blunder gitu. Padahal malaysia ini market yang sangat bagus loh untuk ekspor produk lokal kita. 

Dari sisi pengembang SaaS indo, kalau mau narget pasar Asean, gak bisa exclude Malaysia. Daya belinya tinggi dan punya culture yang mirip. Kalau bisa tembus padar sana, harusnya sujud syukur.",POST,1,0,0,0
https://www.threads.com/@revaniashab/post/DeMTetXknzQ,threads,revaniashab,,2026-10-07T11:57:37Z,Tim socmed & pr nya kahf apa kabar ya? 🥲 lagian ada-ada aja…..,POST,174,17,0,2
https://www.threads.com/@rajakamarul/post/DeMTW-fGS4K,threads,rajakamarul,,2026-10-07T11:56:34Z,"Dear @kahfeveryday . You erred, then you apologised. I was humbled that you manned up and owned up. I was ready to forgive and forget. But it looks like your countrymen feel differently. This particular influenza says the Malaysian market is only as big as Kabupaten. That must be some small district in Indonesia that he made the comparison that way. I do wonder though, if Malaysia is only as big as Kabupaten, why is there even a need for @kahfeveryday.my ? Just stay in Kabupaten.",POST,1,1,0,0
https://www.threads.com/@dirvandha/post/DeL6uELGRsk,threads,dirvandha,,2026-10-07T08:21:16Z,"This media outlet again? Next time, please ask for my permission before quoting my statements. I know that a few days ago you quoted my statement about the evidence that Indonesia is not a poor country.",POST,1,5,0,0
https://www.threads.com/@qilayahya/post/DeMTMZJEi_l,threads,qilayahya,,2026-10-07T11:55:07Z,"Hi @kahfeveryday, educate ur people first. If u want ur brand to stay strong here, make sure ur people understand how their actions reflect on u. Right now, they’re only encouraging us to boycott ur products",POST,3,0,0,0
https://www.threads.com/@hanifjamals/post/DeLTqEWAYMA,threads,hanifjamals,,2026-10-07T02:39:56Z,"Mohon @badlabco keluarkan sabun 40 in 1 yang boleh basuh muka badan rambut, boleh basuh baju, basuh motor, lap lantai, lap meja, lap kerusi, lap sofa, basuh kereta, lap tingkap, cuci kipas, basuh langsir. Senang pakai satu je.",POST,9137,143,17,715
https://www.threads.com/@fird_.aus67/post/DeMTLnEE7Fg,threads,fird_.aus67,,2026-10-07T11:55:01Z,"@badlabco keluarlah product² kamu sekarang, kami angkat awak menggantikan @kahfeveryday.my 😇🙏🏻",POST,4,0,0,0
https://www.threads.com/@venoveandra/post/DeMTCGpEuAU,threads,venoveandra,,2026-10-07T11:53:43Z,Konteks nya apa met? @meta.ai,POST,0,1,0,0
https://www.threads.com/@suprian_syahriza/post/DeMS5ewI9Di,threads,suprian_syahriza,,2026-10-07T11:52:32Z,Wajah Berseri dan Ramah 🤗😊,POST,0,1,0,0
https://www.threads.com/@muhamadsidikwiguna/post/DeMTBozEos0,threads,muhamadsidikwiguna,,2026-10-07T11:53:39Z,Mantep kan w.. barangkali butuh marketing atau admin medsos.. kak.. @kahfeveryday,POST,1,0,0,0
https://www.threads.com/@dastiaprajak/post/DeNCOgTn0Zm,threads,dastiaprajak,,2026-10-07T18:46:06Z,@meta.ai met ini dia kenapa met tiba2 marah2 disini,POST,1,1,0,0
https://www.threads.com/@zzuurraa123456789/post/DeMS9GID_OQ,threads,zzuurraa123456789,,2026-10-07T11:53:02Z,Salah satu bibik babu malas cari sumber.. Ya itu2 jelah kalau komen dengan babu bibik.. Memang beda level kata jenama @kahfeveryday,POST,0,1,0,1
https://www.threads.com/@hzqfzrl/post/DeMS7EqGXQR,threads,hzqfzrl,,2026-10-07T11:52:45Z,Reaksi aku selepas produk KAHF buat hal @alifsatar,POST,236,4,0,10
https://www.threads.com/@mkamz96/post/DeMStGMgMOJ,threads,mkamz96,,2026-10-07T11:52:28Z,"tetangga kita di Kalimantan sedang tenat ya.  kamu pulak bersuka suka. Masyaallah.

#kahfeveryday
#prayforkalimantan",POST,16,10,0,0
https://www.threads.com/@zhiddinazizz/post/DeLbN8TGXIO,threads,zhiddinazizz,,2026-10-07T03:46:00Z,"Kalau Malaysia ini negara kecil, takpalah. Brand berkaitan tak perlu tampil minta maaf pun. Tenang je. Jadi macam Starbucks, tak perlu tampil minta maaf pun. Tahu-tahu hampir 50 cawangan ditutup.",POST,41089,775,38,3258
https://www.threads.com/@mhdhiqall_/post/DeMS3g7Embr,threads,mhdhiqall_,,2026-10-07T11:52:16Z,@kahfeveryday.my,POST,0,0,0,0
https://www.threads.com/@abamikeike629/post/DeMQvhbiaQy,threads,abamikeike629,,2026-10-07T11:33:42Z,"Ada betulnya.. tp sbnrnya klo dibilang out of topic itu kurang sesuai.. sbb topik awalnya kan ""menang"" jadi selama ini gurauan ""kalau soal kalah kami pemenangnya"".. jadi disaat Indonesia menang bola, ya ngak masalah ceng cengan sih dengan ""kemenangan pertama"" jadi Malaysia balas dgn ""ya bola boleh menang , tp kami Masih byk kelebihan loh"" .. sesimple itu, sbb itu passport, f1, presiden dll dibawa2.. sbb topiknya ""kemenangan"".. yg menjadi isu adalah,",POST,0,4,0,0
https://www.threads.com/@abamikeike629/post/DeMSzsxCa1I,threads,abamikeike629,,2026-10-07T11:51:45Z,"Ending yg menyedihkan itu adalah @kahfeveryday sebuah brand bisnis ternama pengen ikutan jokes tongkrongan.. welwellwell , salah besar itu.. disitu bisa dilihat anda tidak serious dlm bisnis",POST,0,0,0,0
https://www.threads.com/@batagorsasetan/post/DeMSrJ7HRn7,threads,batagorsasetan,,2026-10-07T11:50:35Z,"@kahfeveryday DIPUJI TIDAK TERBANG DICACI TIDAK TUMBANG
JAYA JAYA JAYA 👏🏻✨",POST,0,0,0,0
https://www.threads.com/@pulangkan_maruahku/post/DeMSn9WAT2-,threads,pulangkan_maruahku,,2026-10-07T11:50:09Z,"Sorry @kahfeveryday I thank you can stop your supply to “Malaydesh” as you and your kind prefer to call us as it’s not event effect on our daily life and economy. 

We had enough of this kind of behaviour from the island people.

#BoycotKahf",POST,0,0,0,0
https://www.threads.com/@amir_iqball/post/DeMSaO9kzYk,threads,amir_iqball,,2026-10-07T11:49:01Z,"kahf ok x tu ?

kesian memang kesian,
but entahlah, nasi dah menjadi bubur wak 🫠",POST,25,20,1,2
https://www.threads.com/@azilahbintiarshad/post/DeMScTEnXQj,threads,azilahbintiarshad,,2026-10-07T11:48:33Z,"Punca semua dr admin @kahfeveryday , tak profesional langsung. Produk ni aku dpt free je tu pun xpakai. Anak aku buat main ja. Last2 aku buang masuk dlm tong sampah ja.",POST,0,0,0,0
https://www.threads.com/@nizam_mustapha/post/DeMSU_TlFmJ,threads,nizam_mustapha,,2026-10-07T11:47:33Z,"Thank you to that admin in Kahf, because of your stupid moves, the local brand in Malaysia dpt random high sales and approaches. 

I'm proud to see my timeline full with the local brands.

MAKA KAMI",POST,2318,8,1,164
https://www.threads.com/@zack.terbang/post/DeMSM44D5GK,threads,zack.terbang,,2026-10-07T11:46:27Z,"Lepas apa yang jadi dekat @kahfeveryday , makin kuat pegangan aq tentang satu benda.

Apa² yang nak post dekat media sosial, kena fikir betul² sebelum tunggang sesuatu isu.

Aq pegang media sosial company. Selalu aq cakap dekat bos, kalau aq nak post sesuatu, aq tak nak tunggang isu yang boleh jatuhkan imej kita.

Aq akan cari isu yang sesuai, baru aq post.

Sebab dalam media sosial ni, silap langkah sikit… parah nanti.",POST,0,2,0,0
https://www.threads.com/@the_elitecasual/post/DeMSI8AFN6Z,threads,the_elitecasual,,2026-10-07T11:45:55Z,"You chose Kahf, I choose Malaysia, I’ve stopped supporting you not because I hate you, but because my loyalty to my country comes before my support for any boxer or brand. Being a fan is a choice, defending your country’s dignity is a duty.",POST,11199,62,9,411
https://www.threads.com/@thehaslindaemeran/post/DeMSGDpj_pX,threads,thehaslindaemeran,,2026-10-07T11:45:31Z,Buta ke?.. lps minta maaf perli2 mcm ni lagi.. ko nak support terpulang lah ko.. MAKA KAMI 🇲🇾 @kahfeveryday 👎👎👎,POST,208,1,0,11
https://www.threads.com/@tun_shaiful/post/DeMR0jICf2O,threads,tun_shaiful,,2026-10-07T11:43:08Z,Saya pengguna Kahf...saya maafkan...jgn buat lagi...cukup sekali...deal @kahfeveryday.my ?,POST,0,0,0,0
https://www.threads.com/@khairielidzham/post/DeMRowEEmT8,threads,khairielidzham,,2026-10-07T11:41:31Z,Sorry sy mula boikot @kahfeveryday.my,POST,3,0,0,0
https://www.threads.com/@sastera.tan/post/DeMRmsvE8_m,threads,sastera.tan,,2026-10-07T11:41:14Z,"Honestly lucu banget  gerakan boycott Malay cuma gara-gara kalah bola terus kena troll banter dari KAHF 😂
Padahal KAHF literally datang buat mencerahkan wajah orang Malay. So kalau mau boycott, kita nggak masalah samsek. Cuma ya, jangan kaget kalau setelah boycott, wajah mereka balik lagi ke factory settings. 🫣",POST,2,0,0,0
https://www.threads.com/@ooopsie_e/post/DeMRgRdo6KS,threads,ooopsie_e,,2026-10-07T11:40:22Z,"@kahfeveryday @kahfeveryday.my Don’t apologize if you don’t mean it. Fake apology, fake sincerity, fake everything 🤦🏻‍♀️",POST,0,0,0,0
https://www.threads.com/@rsno64/post/DeMRe3nD9ES,threads,rsno64,,2026-10-07T11:40:10Z,saya boikot @kahfeveryday,POST,2,0,0,0
https://www.threads.com/@abuqaseh93/post/DeMRZwpCRIM,threads,abuqaseh93,,2026-10-07T11:39:28Z,Jom rakyat malaysia #boycott #kahfeveryday.my,POST,1,0,0,0
https://www.threads.com/@fuckrainbowflag/post/DeMQibRkggs,threads,fuckrainbowflag,,2026-10-07T11:31:55Z,"Miskin tolol minta diskon, kasi min org tolol ngemis diskon",POST,0,3,0,0
https://www.threads.com/@lorazepamforsupper/post/DeMRUFWiVFc,threads,lorazepamforsupper,,2026-10-07T11:38:42Z,@kahfeveryday your people has spoken. Now or nevaaaa,POST,0,0,0,0
https://www.threads.com/@syahradzin/post/DeMRS8JFIxp,threads,syahradzin,,2026-10-07T11:38:32Z,"gepuk, getuk, kenangan, kahf, wardah, ortuseight… apalagi sila nyatakann dibawah",POST,0,0,0,0
https://www.threads.com/@jalil.run/post/DeMRLfWFH09,threads,jalil.run,,2026-10-07T11:37:31Z,Fuck you @kahfeveryday @kahfeveryday.my,POST,0,0,0,0
https://www.threads.com/@_aimansyaher_/post/DeMRIybEodm,threads,_aimansyaher_,,2026-10-07T11:37:09Z,boikot tetap boikot @kahfeveryday,POST,0,0,0,0
https://www.threads.com/@stroberrycoklat/post/DeMRIguEmwP,threads,stroberrycoklat,,2026-10-07T11:37:07Z,"No wonder pihak kahf sombong..Dorg dh ikat dulu public figure malaysia yg mmg ada nama. Cuma tak bijak bila @kahfeveryday.my  mula menunjukkn identiti sebenar sebagai golongan konoha yg ber IQ🦍 benda boleh dia diam xperlu campur pergaduhan natizen 2negara ni,tp itulah skin sebenar nya tetap bangsa IQ 🦍...",POST,2,0,0,0
https://www.threads.com/@bharraihza/post/DeMREQmFDjd,threads,bharraihza,,2026-10-07T11:36:32Z,@meta.ai ada apa ini?,POST,0,1,0,0
https://www.threads.com/@adityanp13_12/post/DeMQ56mj3QP,threads,adityanp13_12,,2026-10-07T11:35:07Z,@meta.ai tell me what's the problem that happen with kahf brand at the moment?,POST,0,1,0,0
https://www.threads.com/@adly.lskandar/post/DeMQ8GCEqIV,threads,adly.lskandar,,2026-10-07T11:35:25Z,Bakar produk @kahfeveryday,POST,0,0,0,0
https://www.threads.com/@fat.fadlan.fat/post/DeMQ6ZHlCgz,threads,fat.fadlan.fat,,2026-10-07T11:35:11Z,Wkwkwwk @kahfeveryday mampus 🤣🤣🤣🤣🤣,POST,0,0,0,0
https://www.threads.com/@chamlivin/post/DeMQ6N_E95D,threads,chamlivin,,2026-10-07T11:35:10Z,no need @kahfeveryday hanya perlu jauhkan diri dari pandangan kami,POST,0,0,0,0
https://www.threads.com/@sixty_detik/post/DeMpkN8GciC,threads,sixty_detik,,2026-10-07T15:10:37Z,"Tak perlu risau, rakyat indonesia ratusan juta, market mereka besar, tak perlu risau jika Malaysia tak beli jenama @kahfeveryday , yakin rakyat mereka akan support beli",POST,0,0,0,0
https://www.threads.com/@ahmad_sharizal/post/DeMQvsXEQF4,threads,ahmad_sharizal,,2026-10-07T11:33:44Z,Done baikot...Mati² aku ingat produk tempatan rupanya Konoha punya..mintak maaf la negara jiran no more Kahf..jangan cari pasal dengan kami.. @kahfeveryday.my @kahfeveryday,POST,33,19,0,2
https://www.threads.com/@aliflixz/post/DeMQvOXAYLV,threads,aliflixz,,2026-10-07T11:33:40Z,Teruskan boikot ingat apa yg diorang buat kt kita balik ka indon @kahfeveryday.my,POST,0,0,0,0
https://www.threads.com/@digsen_su/post/DeMQtA_I_uG,threads,digsen_su,,2026-10-07T11:33:22Z,Ga pakai produk @kahfeveryday tapi emang blunder dan wajib menghadapi konsekuensi sih. Respect untuk warga malaysia dan lainnya.,POST,0,0,0,0
https://www.threads.com/@kartunisgandum/post/DeMQqt6j3PA,threads,kartunisgandum,,2026-10-07T11:33:03Z,"Stop buying @kahfeveryday / @kahfeveryday.my.

Let your wallet do the talking.
@badlabco gets my money instead.
Brand loyalty ends where principles begin.",POST,13,0,1,0
https://www.threads.com/@menyou8989/post/DeMQgBuknJK,threads,menyou8989,,2026-10-07T11:31:35Z,Remove @kahfeveryday.my from your store!!!,POST,0,0,0,0
https://www.threads.com/@yusgalaxy1996/post/DeMQbmEgaVk,threads,yusgalaxy1996,,2026-10-07T11:30:59Z,"Masih ada stok KAHF dekat rumah anda?

Belum buka: buat wakaf
Dah buka: habiskan segera
Beli baru: BO BOI KOT!",POST,2,0,0,1
https://www.threads.com/@kucem_cenyum/post/DeMQL0ij1mo,threads,kucem_cenyum,,2026-10-07T11:28:50Z,Buang @kahfeveryday.my @kahfeveryday dari store baru saya masuk watson.... Sorry permintaan maaf takkan ku terima.... Ini pengajaran untuk orang yang sombong.,POST,0,0,0,0
https://www.threads.com/@gambonggilak/post/DeMQDksj-gv,threads,gambonggilak,,2026-10-07T11:27:42Z,SELAMAT MAJU JAYA KAHF @kahfeveryday @kahfeveryday.my @kahf.frequency  BEDA LEVEL ITU BENAR! 9 COUNTRIES BANNED KAHF 🤣🤣🤣,POST,1,0,0,0
https://www.threads.com/@badlabco/post/DeLPTPko6EO,threads,badlabco,,2026-10-07T02:01:52Z,"okay since dah sampai Threads... kita share benda best sikit

BAD LAB tengah 30% OFF + PWP dekat Watsons tau 🏃🏻‍♂️ 

And yes, kalau korang perasan... packaging BAD LAB pun dah lain ✨ Kami dah improve formula & packaging based on your needs & feedback. Jom grab kat @watsonsmy 💪🏻",POST,10101,745,101,2186
https://www.threads.com/@skifliago/post/DeMQDTnk5at,threads,skifliago,,2026-10-07T11:27:40Z,Up lagi... No more IQ -78 BABOON @kahfeveryday @kahfeveryday.my yg pekerja syarikat KAHF Msia brhenti skrg!!!! support Msian Brand..,POST,0,0,0,0
https://www.threads.com/@tonikawelderharum/post/DeMHL9wn7YY,threads,tonikawelderharum,,2026-10-07T10:10:12Z,"Kahf blunder
- warga malaysia ancam boycott kahf
- bukan cuma kahf, tapi ancam boycot semua produk indonesia yang ada di kedai kedai
- brand lain yang gak tau apa2 jadi kena, owner brand lain pasti deg degan tuh takut incomenya turun
- kemudian warga indonesia dateng, nambahin list brand indonesia yang ada dijual di malaysia, suruh boycot sekalian. bahkan sekalian suruh boycot lagu dan batubara dll

dengan entengnya bilang ""Gak ngaruh"" padahal bukan orang brand
heran gua..",POST,225,329,0,12
https://www.threads.com/@sanzbule/post/DeMQBCeFGDI,threads,sanzbule,,2026-10-07T11:27:21Z,"intinya sih saling nge troll antara Indonesian n Malaysian berawal dari Bola, kalah cengan malah baper ngelebar kemana-mana, @kahfeveryday Udh minta maaf kalau mereka ttp tantrum ya kitalah sebagai sesama warga Indonesia membantu penjualan mereka,",POST,1,0,0,0
https://www.threads.com/@arp.raa/post/DeK9F3fEr_-,threads,arp.raa,,2026-10-06T23:22:45Z,"Negara kecil, bahkan lebih kecil dari Jakarta silahkan boycot gaakan ngaruh geli geli doang. Jangan lupa boikot batu bara, indomie, lagu lagu indonesia juga ya 🤏",POST,502,358,11,12
https://www.threads.com/@hfzhzwn/post/DeMP_TDiSGG,threads,hfzhzwn,,2026-10-07T11:27:07Z,@kahfeveryday,POST,3,0,0,0
https://www.threads.com/@apidzy0/post/DeMP7wbE_TH,threads,apidzy0,,2026-10-07T11:26:38Z,Non professional di hire kerja macam ni lah .. true colours bnyaj betul korg buat malaysia kebelakangan ni eh .. ape masalah koorg ni @kahfeveryday . Belum lagi claim yg pasal upin ipin aritu siap dokementari try hard siap muzium lagi tu kata malaysia ni beli brand kartun dia .. belum jerebu lagi . Eh tak tahu la mmg IQ diorg level kaki ..,POST,0,0,0,0
https://www.threads.com/@fattahjalil_/post/DeKMtfAE7_3,threads,fattahjalil_,,2026-10-06T16:19:59Z,Jangan main2 dgn boikot netizen Malaysia.,POST,895,2188,4,22
https://www.threads.com/@lyee_ye/post/DeMPj-Gk5OC,threads,lyee_ye,,2026-10-07T11:23:23Z,"hah? bro pasar indo besar, @kahfeveryday lu minta maaf karena lu tu produk baru dan kecil, lu produk baru kok berani si buka diluar negeri haduhh, coba liat produk yg udah gede ada ga yg klarifikasi sama negara lu? mana ada😂",POST,0,0,0,0
https://www.threads.com/@zzzninzzz/post/DeMPW3YknBx,threads,zzzninzzz,,2026-10-07T11:21:36Z,yha blunder @kahfeveryday,POST,0,0,0,0
https://www.threads.com/@pandu_tara/post/DeLScA8mexi,threads,pandu_tara,,2026-10-07T02:29:17Z,Halah gak ngaruh. Boikot2 di threads itu g ngaruh. traffic threads itubkecil di banding FB IG dan Tiktok.,POST,20,22,0,0
https://www.threads.com/@haz.wh/post/DeMPMhoExm6,threads,haz.wh,,2026-10-07T11:20:11Z,Enabler detected. Udah jelas admin @kahfeveryday ngga professional buat posting malah disokong rakyat kayak lho. Gila 🫩,POST,1,1,0,0
https://www.threads.com/@plat.ypus240117/post/DeMPL67j2ra,threads,plat.ypus240117,,2026-10-07T11:20:06Z,,POST,0,1,0,0
https://www.threads.com/@plat.ypus240117/post/DeMPL4bj09Q,threads,plat.ypus240117,,2026-10-07T11:20:06Z,"Tengok atas @kahfeveryday dah minta maaf. Diorg maybe nak bergurau tapi mungkin missed out benda² mcm ni sensitive. 

Aku actually perasan provokasi² dari rakyat sana. Tak lupa juga kita pun Malaysian netizen balas balik. Aku rasa benda ni kena put a stop. Aku rasa ada dalang nak pecah belahkan kita. Who knows. Jangan berpecah nusantara. Sekarang ni part yg kita dan rakyat² indonesia yang terkesan patut focus kat government indonesia yang tak de effort untuk control kebakaran hutan.",POST,0,0,0,0
https://www.threads.com/@rafizinajmi/post/DeMPCGIiQC4,threads,rafizinajmi,,2026-10-07T11:18:46Z,"Indo being Indo, the lowest IQ people in the world, including @kahfeveryday . Professional my ass fucker. Don't call yourself a brand if you can't be professional.",POST,0,0,0,0
https://www.threads.com/@fey777/post/DeLqaRRGD05,threads,fey777,,2026-10-07T05:58:45Z,Emang KAHF posting apa ampe di boikot warga Malaysia?,POST,40,47,0,0
https://www.threads.com/@fey777/post/DeMpwflGLBB,threads,fey777,,2026-10-07T15:12:17Z,"Sebagai konsumen setia, hanya bisa doa yg terbaik. Semangats @kahfeveryday 🙌",POST,0,0,0,0
https://www.threads.com/@aliff_dino/post/DeMO_Wok-O7,threads,aliff_dino,,2026-10-07T11:18:23Z,fuckahf,POST,3,0,0,0
https://www.threads.com/@petrisyolaa/post/DeMO6MSj2-y,threads,petrisyolaa,,2026-10-07T11:17:41Z,Aku buka threads tiap hari loh. Masih aja ketinggalan. Ada apa sihhh @meta.ai,POST,4,2,0,0
https://www.threads.com/@cornelliusricky/post/DeMO53Zj-sT,threads,cornelliusricky,,2026-10-07T11:17:38Z,"Apa yang salah dari konten @kahfeveryday ? Tidak ada unsur merendahkan salah satu negara, konteksnya hanya sedang memberikan compliment ke Indonesia.",POST,1,0,0,0
https://www.threads.com/@kamuandri/post/DeLiq_0ie-5,threads,kamuandri,,2026-10-07T04:51:08Z,"🇮🇩 gak masalah diboikot, toh brand ini marketnya global:
​🍜 Indofood: Amerika, Asia, Australia, Eropa, Timur Tengah, bahkan merajai pasar Afrika
🍩 JCO: Asia Tenggara, Hong Kong, Timur Tengah
🚲 Polygon: Amerika, Eropa, Asia
🌿 Tolak Angin (SidoMuncul): Amerika, Australia, Eropa, Asia Tenggara, Timur Tengah
🥜 Dua Kelinci: Asia, Eropa, Australia, Timur Tengah
☕ Kopi Kapal Api: Asia, Amerika, Eropa, Timur Tengah
🏕️ Eiger: Asia Tenggara, Eropa (Swiss)
🚬 Gudang Garam: Asia, Eropa, Amerika",POST,88,53,0,1
https://www.threads.com/@azq.jaff/post/DeMOwfEkohm,threads,azq.jaff,,2026-10-07T11:16:21Z,Pergi lah ckp kat @kahfeveryday dorang tengah mintak maaf tu. Cuak dh tu,POST,2,0,0,0
https://www.threads.com/@mohd_khairulanam/post/DeMOp6ek_F6,threads,mohd_khairulanam,,2026-10-07T11:15:28Z,"Yang buat status tu Kahf Indonesia @kahfeveryday  dalam Bahasa Indonesia,kemudian buat kenyataan minta maaf pula guna Bahasa Inggeris,sekarang Kahf Malaysia @kahfeveryday.my pula yang kena buat permohonan maaf guna Bahasa Melayu...hahaha,tak pasal2,",POST,1,0,0,0
https://www.threads.com/@aliazahrazulkifli/post/DeMOn7eH0dD,threads,aliazahrazulkifli,,2026-10-07T11:15:11Z,"I personally don’t see any reason to hate Bella Astilah so I don’t understand why some people still do it everyday, without fail.",POST,829,71,0,44
https://www.threads.com/@achiedisjs06/post/DeMOjlsEznK,threads,achiedisjs06,,2026-10-07T11:14:36Z,"Tolong ini juga di boikot yaa.  T O L O N G!!!! 
Jgn @kahfeveryday aja. Please semua produk Indonesia Boikot saja. Ok. Jangan tanggung2.",POST,52,7,0,12
https://www.threads.com/@aixat_joe/post/DeMOjfImgvf,threads,aixat_joe,,2026-10-07T11:14:35Z,@kahfeveryday.my nak buat apa minta maaaf kn? Terus kan ajee posting perli2 dh alang2,POST,0,0,0,0
https://www.threads.com/@barberdaily.co/post/DeMM8KQD3_v,threads,barberdaily.co,,2026-10-07T11:00:29Z,Sehat-sehat tulang punggung KPI @all smua admin brand,POST,75,28,0,1
https://www.threads.com/@joshua_andiko/post/DeMOiOLEsZF,threads,joshua_andiko,,2026-10-07T11:14:25Z,Min.. kira2 mimin @kahfeveryday dipaksa beli donat jco gak?,POST,1,1,0,0
https://www.threads.com/@faa.fayyadh/post/DeMObrNn3iG,threads,faa.fayyadh,,2026-10-07T11:13:31Z,@meta.ai apa kes kahf ni? Viral harini,POST,4,3,0,0
https://www.threads.com/@shuqurabubakar07/post/DeMOPJcAuyI,threads,shuqurabubakar07,,2026-10-07T11:12:24Z,Dia kata tak effect pun guys🧐. Pi singgah comment😡,POST,66,21,5,18
https://www.threads.com/@windazzler/post/DeMORr-mtfm,threads,windazzler,,2026-10-07T11:12:09Z,The only KAHF i will accept is the one yang baca tiap Jumaat tu. KAHF smelly water or product is no no.,POST,0,0,0,0
https://www.threads.com/@aswadi_ab/post/DeMOKsskh-q,threads,aswadi_ab,,2026-10-07T11:11:27Z,"kita ke tong sampahkan jenama kahf nii. bru jaa beli. 
toya mat amin kahf.",POST,7,16,0,1
https://www.threads.com/@anamiranda_markosajarona/post/DeMODvwGpWh,threads,anamiranda_markosajarona,,2026-10-07T11:10:15Z,"Sesuai untuk kulit kamu tidak bermakna sesuai untuk kulit orang lain juga.. semalam kat thread @kahfeveryday je berapa ramai pengguna indo sendiri bgtau diorg pakai kulit naik jerawat & biji2.. baca la sendiri kt thread kahf tu, korang kan bnyak masa terluang..",POST,2,0,0,0
https://www.threads.com/@indrajulss/post/DeGXEcioCFy,threads,indrajulss,,2026-10-05T04:33:33Z,"In this economy, apa yg udah kalian downgrade?

Gw: dari kahf face wash ke mama lemon",POST,1267,650,2,30
https://www.threads.com/@smart_hafiz_jember/post/DeMOBHqEgQT,threads,smart_hafiz_jember,,2026-10-07T11:09:53Z,"Alhamdulillah masih konsisten & setia selalu sama kakaknya @kahfeveryday dung, walaupun gak beli sepaket kayak dulu.. Suka males soalnya mau bedakan, gak ada yang lihat juga 🤣",POST,0,0,0,0
https://www.threads.com/@gumpunk9x/post/DeMNnMUE3ns,threads,gumpunk9x,,2026-10-07T11:06:21Z,"@kahfeveryday bodoh punya kahf. Brand dah lah bodoh, ada pekerja pun sama bodoh. Pecat pekerja insensitif kau bodoh. Langsung tak ikhlas minta maaf. Setakat buat posting ayat chatgpt. Semua orang boleh buat bodoh. Fuck indon",POST,4,0,0,0
https://www.threads.com/@pandu_tara/post/DeMNjCzGTfE,threads,pandu_tara,,2026-10-07T11:05:47Z,"Sumbu pendek. Kagak ada tuh orang thai ausie marah2. Wong ini kan ngata2in perihal bola kalau kita udah gak selevel sama negara2 AFF. Wkwkwkwk
santai aja bre @kahfeveryday",POST,0,0,0,0
https://www.threads.com/@shopeedriverclub.id/post/DeM9kmxE6IT,threads,shopeedriverclub.id,,2026-10-07T18:05:26Z,Sayang banget budget marketing Q4 @kahfeveryday kayanya harus re-alokasi ke Reputation recovery campaign nih kayanya 😅,POST,1,0,0,0
https://www.threads.com/@sucagwale/post/DeM06L_Gd4C,threads,sucagwale,,2026-10-07T16:49:44Z,Dah remove barang @kahfeveryday ke @watsonsmy ?,POST,0,0,0,0
https://www.threads.com/@kudalautmiracle/post/DeMPMkAFLHk,threads,kudalautmiracle,,2026-10-07T11:20:12Z,@meta.ai ceritain detail jokesnya,POST,0,1,0,0
https://www.threads.com/@altyposs/post/DeG5NNrFCnI,threads,altyposs,,2026-10-05T09:31:50Z,"Rekomendasi parfume cowo yang ngenah bngt dong wangi nya,unisex juga boleh wargi",POST,7,36,0,0
https://www.threads.com/@cikasugeng/post/DeMNV5WAbI0,threads,cikasugeng,,2026-10-07T11:03:59Z,Suamiku pakai perfume @kahfeveryday Kakk.. udah nyobain 2 varian dua2nya enakk 👍🏻👍🏻,POST,0,0,0,0
https://www.threads.com/@mhd.alyph/post/DeMNLoxkqFh,threads,mhd.alyph,,2026-10-07T11:02:35Z,Jual korang punye barang kt tempat yang same level k . Or @kahfeveryday boleh hilangkan jerebu dgn korang punye product then we will see how lah okay 👍🏻,POST,1,0,0,0
https://www.threads.com/@azrilfahmi_/post/DeMNJuZD18D,threads,azrilfahmi_,,2026-10-07T11:02:20Z,"As a Malaysian, I believe majority of us would choose to boycott this brand due to their unprofessional act. @kahfeveryday isn’t a small brand, it’s huge. And to allow that to be posted on their official account was truly disgraceful and a very unethical act. Perhaps this would be a better lesson to the other brands out there to know their boundaries before posting 💩 Khalas",POST,0,0,0,0
https://www.threads.com/@vlacaxdm/post/DeMNAQJCVSd,threads,vlacaxdm,,2026-10-07T11:01:02Z,ko main giler ngan hakuuuuuu. starbucks pun boleh tutup. apatah lagi brand kecil macam ni! 😡 done beli Badlab. support local!,POST,783,149,0,50
https://www.threads.com/@izzuddinkhalis/post/DeMMagJk4sm,threads,izzuddinkhalis,,2026-10-07T10:55:53Z,"posting admin kahf posting yang tidak cermat. 

dalam masa yang sama, tindakan berkempen untuk memboikot kahf adalah reaksi yang kurang matang.

nationalities are only social constructs. it doesn't even exist. being too sensitive on this such small matter, I think is a waste of time and emotion.

but anyhow, benda dah jadi. pengajaran untuk big brands untuk lebih berhati-hati.",POST,29,4,0,5
https://www.threads.com/@husnibaharudin/post/DeMMYAGn9an,threads,husnibaharudin,,2026-10-07T10:55:32Z,"Aku baru pakai deodorant kahf utk kali kedua sbb baunya mmg best. Terkejut gak dgn posting korang tu. Sampai sini sahajalah ya Kahf. 

Bye-bye @kahfeveryday !",POST,0,0,0,0
https://www.threads.com/@mirotic.g/post/DeMMRwKk_-u,threads,mirotic.g,,2026-10-07T10:54:41Z,"Threads isinya orang Malaysia sama orang Indonesia berantem, kalian lupa kah ada ini hey 🥲😭. Ini lebih penting untuk didiskusiin. 

Udah ada 200 peneliti Rusia yang ada Irkutsk, Siberia yang udah dikarantina. Infonya aja sama  Pemerintah Rusia masih ditahan2. Lebih genting ini hey tolong 😭",POST,5,1,0,1
https://www.threads.com/@lensight.id/post/DeMMQp4Go9t,threads,lensight.id,,2026-10-07T10:54:32Z,"Brand Kahf Asal Indonesia menyampaikan permintaan maaf resmi setelah salah satu unggahan di akun sosial medianya memicu protes luas dari warganet Malaysia. 

Kontroversi bermula dari unggahan meme di Threads bertuliskan ""Hati-hati Beda Level"" yang menampilkan bendera Indonesia terpisah garis batas di atas bendera negara-negara ASEAN lainnya, termasuk Malaysia.",POST,3,1,0,0
https://www.threads.com/@lensight.id/post/DeMMQlIGlw7,threads,lensight.id,,2026-10-07T10:54:32Z,"Pihak Kahf telah menghapus unggahan tersebut dan mengakui kesalahan karena narasi tersebut dianggap tidak mencerminkan nilai persaudaraan antarnegara. 

Pihak manajemen menyatakan komitmennya untuk berbenah dan mengevaluasi konten agar peristiwa serupa tidak terulang kembali. 

Source: threads/kahfeveryday #lensightid #kahf #malaysia #indonesia #fyp",POST,0,0,0,0
https://www.threads.com/@puteraarad/post/DeML_SvlB-z,threads,puteraarad,,2026-10-07T10:52:10Z,Remove @kahfeveryday.my from your shelves and we wont boikot korang pulak. Guardian sebelah je ni....,POST,0,0,0,0
https://www.threads.com/@18poards/post/DeML1QkFMIx,threads,18poards,,2026-10-07T10:50:48Z,@kahfeveryday.my @kahfeveryday  ape cer ? 🤣🤣🤣 bibik ni da kne belum ?,POST,0,0,0,0
https://www.threads.com/@lipas.gorenggg/post/DeMLv8MCj9M,threads,lipas.gorenggg,,2026-10-07T10:50:42Z,Done. Level kita lain kan...@kahfeveryday @kahfeveryday.my,POST,13,1,0,1
https://www.threads.com/@norhafizhan99/post/DeMLgLeo8hV,threads,norhafizhan99,,2026-10-07T10:47:55Z,@meta.ai  apa maksud khaf dalam gambar,POST,0,1,0,0
https://www.threads.com/@reynaray213/post/DeMLuPyDzot,threads,reynaray213,,2026-10-07T10:49:50Z,"Apabila ayam menyangka dirinya helang 😌

Dah buat permohonan maaf pun masih tetap di ingati 🍃
Semua pengguna KAHF dah mula buat tutorial ke dalam TONG SAMPAH . Tak cerdik betul owner , tak ade angin tak ade ribut buat posting cari pasal . Kang dah mendapat . 

Dan yang tak pernah beli kahft , kumpul sini 🙋🏻‍♂️🙋‍♀️",POST,14,3,0,1
https://www.threads.com/@imrankkml/post/DeMLsgbk7x1,threads,imrankkml,,2026-10-07T10:49:36Z,"Bertekak bola sesama negara tu normal, biasalah banter

Pemain bola takda sportsmanship ni bersepah

Tapi bila WAGS pemain bola provok, dah macam rempit ini RARE

Lepastu brand lokal pun ikut naik, dah jadi isu nasional

Justin Hubner tu tak bole buat apa, jiwa penjajah memang BODOH

Lagi bodoh iq level rendah namanya @jenniferhubner 

Lagi bebal takda otak satu company namanya @kahfeveryday",POST,1,0,0,0
https://www.threads.com/@magical_c_white_pure_vitamin/post/DeMLmN5koiN,threads,magical_c_white_pure_vitamin,,2026-10-07T10:48:45Z,@watsonsmy @guardianmy remove @kahfeveryday.my,POST,1,0,0,0
https://www.threads.com/@peejv_hsn/post/DeMLf9Qgf-Q,threads,peejv_hsn,,2026-10-07T10:47:53Z,Berjual beli lah di Indonesia sana @kahfeveryday @kahfeveryday.my . Kami di sini ade options lain. Lain kali jgn meremehkan hal yg tiada kaitan dgn perniagaan kamu dan keep profesionalism itu.,POST,3,0,0,0
https://www.threads.com/@muhdamrfrds/post/DeMLWrFH4Ii,threads,muhdamrfrds,,2026-10-07T10:46:37Z,"Haha baru je beli ,dah kena buang..sorry you failed us @kahfeveryday.my",POST,0,0,0,0
https://www.threads.com/@stroberrycoklat/post/DeMLU-2kiML,threads,stroberrycoklat,,2026-10-07T10:46:23Z,tabur pasir dalam periuk nasi sendiri 😏,POST,12,1,1,3
https://www.threads.com/@naimboyka/post/DeMLJ1KAXKt,threads,naimboyka,,2026-10-07T10:44:52Z,"Kalau bagi diorang boycott Kahf tu takde effect.

Kita cuba ni pulak. 😉

Sebab mostly diorang tak naik Whoosh sebab tiket mahal. Memang bergantung dekat Tourist luar especially Malaysia.

Ni memang tunggu masa nak bankrupt.",POST,732,94,12,210
https://www.threads.com/@jehan_kaya/post/DeMK9_fCRyV,threads,jehan_kaya,,2026-10-07T10:43:15Z,Dulu pakai sebab alif satar je . Now tidak lagi ya. Bye @kahfeveryday.my @kahfeveryday .7 keturunan aku tidak akan memakai mu lagi. bye✋✋,POST,0,4,0,0
https://www.threads.com/@hirzifauzan/post/DeMK5dJHX-y,threads,hirzifauzan,,2026-10-07T10:42:38Z,"Watched this one content orang Indonesia yang membahaskan Kahf boycott issue. Dia kata our population is way lesser than theirs, so they are not afraid of our boycott power. And then, dia start compare, kalau dia nak boycott barang Malaysian, dia taktau nak boycott apa. Sbb takda kat pasaran Indonesia.

Well indeed barangan buatan Malaysia tak banyak in Indonesian market. But why? Even though our population is way lesser than your population, our purchasing power is waaaaay higher than yours.",POST,599,44,3,70
https://www.threads.com/@posocon/post/DeMdfBiD14L,threads,posocon,,2026-10-07T13:25:03Z,"Waa ada apa dg kahf, arti teksny apa kak 😂 
@meta.ai bantu dong apa yg sedang hapening",POST,0,1,0,0
https://www.threads.com/@sudutgaruda.id/post/DeMK4IKmjWc,threads,sudutgaruda.id,,2026-10-07T10:42:27Z,"Perseteruan netizen Indonesia dan Malaysia di media sosial kembali berlanjut setelah merek perawatan diri Kahf mengunggah konten bertajuk ""Hati-Hati Beda Level"" di Threads. Dalam unggahan tersebut, bendera Indonesia terlihat ditempatkan terpisah di bagian atas, sementara bendera sejumlah negara ASEAN dan negara Barat berada di bagian bawah. Konten itu kemudian dinilai sejumlah netizen Malaysia sebagai sindiran terkait kemenangan Indonesia di FIFA ASEAN Cup 2026.",POST,0,2,0,0
https://www.threads.com/@sudutgaruda.id/post/DeMK4F7Grgr,threads,sudutgaruda.id,,2026-10-07T10:42:27Z,"Unggahan tersebut memicu reaksi negatif dari netizen Malaysia hingga muncul seruan boikot produk Kahf. Di tengah ramainya respons, pihak Kahf kemudian menghapus konten tersebut dan menyampaikan permohonan maaf kepada publik. Kahf menyatakan bahwa konten tersebut tidak mencerminkan nilai dan rasa hormat yang mereka pegang. Sumber: @/kahfeveryday, kahfeveryday.my #Kahf #Viral #IndonesiaMalaysia #FIFAAseanCup2026",POST,0,0,0,0
https://www.threads.com/@asriviani/post/DeMK370oHPw,threads,asriviani,,2026-10-07T10:42:25Z,Sabar ya @kahfeveryday jadiin ini pelajaran berharga.. tp tenang aja cuma malay aja kok yg boikot,POST,0,0,0,0
https://www.threads.com/@nur_tulips/post/DeMA1ohAdv6,threads,nur_tulips,,2026-10-07T09:14:44Z,"Soooo diaorang sekaranggg tengah sebarkan naratif yg ownerr kaff tu baik suka sedekahh and bla bla bla. Ngko ingat rakyat malaysia kessahhh????

Pukul 2 pagi kaf indo buat mohon maaf lepas tu kaf my buat permohonan maaf but admin live tiktok still nganjinggg??

Ke kaf my ni pun tak sebulu dgn kaf indo?",POST,1014,45,0,95
https://www.threads.com/@bluelatelover87/post/DeMK3nkD2uq,threads,bluelatelover87,,2026-10-07T10:42:23Z,Tolak je @kahfeveryday.my ni.. dia boleh berambus balik Indonesia. Sbb 280 juta rakyat dia bole beli produk dia..,POST,31,0,0,0
https://www.threads.com/@rmdhnfzn_/post/DeMKojoj4ZS,threads,rmdhnfzn_,,2026-10-07T10:40:19Z,"TERUNTUK USER KAHF,,,,
mistake happens, adminnya emng lgi offside kmarin😩(jujurly gua kaget jg). Tpi fairly speaking, Kahf tetep worth it banget dari segi kualitas dan pelayanan. Apalagi konsistensi mereka buat nyuarain kemanusiaan di Palestina, jujur apresiasi bangett.
Still kahf🫶🏻",POST,224,10,0,6
https://www.threads.com/@nifail_ahmad/post/DeMKkk9Es5P,threads,nifail_ahmad,,2026-10-07T10:39:47Z,"Suruh @kahfeveryday post cakap batik berasal dari malaysia dulu.
Hahahah
Pastu boleh la packing sket2 naik tongkang.",POST,0,0,0,0
https://www.threads.com/@azamtuah/post/DeMKjMFGAUb,threads,azamtuah,,2026-10-07T10:39:35Z,"Orang tua dulu dulu dah pesan dah @kahfeveryday 

Terlajak perahu boleh diundur,
Terlajak kata kata buruk padahnya 
Sekarang terima lah padahnya",POST,2,0,0,0
https://www.threads.com/@_zdynie/post/DeMKZDIFLVa,threads,_zdynie,,2026-10-07T10:38:12Z,@kahfeveryday @kahfeveryday.my  menda ni? minta maaf ikhlas tak ikhlas? perangai macam p4l4t,POST,0,0,0,0
https://www.threads.com/@ami.sofia/post/DeMKSpMk2yK,threads,ami.sofia,,2026-10-07T10:37:20Z,https://www.threads.com/@kahfeveryday.my/post/DeLYd4ZCb0u?xmt=AQG0jZoRlh9Y3eOdeAJPLMTfjcGHoIl4wnVU166RDYnOM0f_xd5EyNx-yhOcYYPD3KlDuc0&slof=1,POST,0,0,0,0
https://www.threads.com/@nrl.atqhh_/post/DeMCJROlOEc,threads,nrl.atqhh_,,2026-10-07T09:26:09Z,Gosip apa pula ni 😆😆 punya la study sampai tak senpat nak join gosip,POST,1,1,0,0
https://www.threads.com/@ain_xuan/post/DeMKNeFibnA,threads,ain_xuan,,2026-10-07T10:36:38Z,Hahahahah kes brand @kahfeveryday up status tak profesional pasal bola. Tp mcm melampau la status dia. Kena kecam teruk dgn malaysia. Kena boikot terus hahahaha.,POST,0,0,0,0
https://www.threads.com/@nadiatamazi/post/DeMOWTqn-ta,threads,nadiatamazi,,2026-10-07T11:12:47Z,"Maaf diterima.
Tapi xkan support dah.
Tq @kahfeveryday yang memberi mesej jelas.",POST,1,0,0,0
https://www.threads.com/@aimimsfrhznl_/post/DeMKEFXFJPz,threads,aimimsfrhznl_,,2026-10-07T10:35:21Z,LETSS MALAYSIAN ! BOIKOT @kahfeveryday @kahfeveryday.my,POST,0,0,0,0
https://www.threads.com/@syonoig/post/DeMIGEoGudy,threads,syonoig,,2026-10-07T10:18:08Z,Adminnya lupa switch ke akun pribadi kali @kahfeveryday Parah sih!,POST,64,1,0,0
https://www.threads.com/@wyogie/post/DeMJ_95GZPS,threads,wyogie,,2026-10-07T10:34:47Z,"Harusnya admin @kahfeveryday belajar dari admin @commuterline, nggak ngasbun.",POST,40,0,0,0
https://www.threads.com/@sumo_asaki/post/DeMJ_HFGleD,threads,sumo_asaki,,2026-10-07T10:34:40Z,@kahfeveryday.my to late🖕🏼,POST,0,0,0,0
https://www.threads.com/@maria_shamm/post/DeMJ8KHGmeD,threads,maria_shamm,,2026-10-07T10:34:16Z,"We will do better? Kepala hotak kau! @kahfeveryday 

Takut ke sales turun?",POST,1,0,0,0
https://www.threads.com/@andhika_nanda/post/DeLv8lWEnJp,threads,andhika_nanda,,2026-10-07T06:47:08Z,Ini orang ga nyadar kali ya kalau jumlah penduduknya cuma 1/8 penduduk Indo... mau boikot ya boikot dah sono... 🤣,POST,13,5,0,0
https://www.threads.com/@ami.sofia/post/DeMJ33ME2Nr,threads,ami.sofia,,2026-10-07T10:33:40Z,https://www.threads.com/@kahfeveryday.my/post/DeLYd4ZCb0u?xmt=AQG0jZoRlh9Y3eOdeAJPLMTfjcGHoIl4wnVU166RDYnOM0f_xd5EyNx-yhOcYYPD3KlDuc0&slof=1,POST,0,0,0,0
https://www.threads.com/@fahmifadzil.1/post/DeMD-lvDEl5,threads,fahmifadzil.1,,2026-10-07T09:42:33Z,"JUALAN RAHMAH KAT MANA?

Nak lebih jimat bila beli barang dapur?

Semak dulu dalam aplikasi Info Jualan RAHMAH MADANI.

Cari lokasi dan jadual jualan terdekat terus dari telefon.

Bergantung pada program, ada pelbagai barangan keperluan harian dengan harga sehingga 10–30% lebih rendah berbanding harga pasaran setempat.

Nak lebih jimat, kena lah tahu kat mana nak cari!",POST,365,45,3,112
https://www.threads.com/@iimeyhs/post/DeMJtZfjzFM,threads,iimeyhs,,2026-10-07T10:32:15Z,"Salam YB, Tolong Letak @badlabco dlm apps memandangkan rakyat telah memboikot @kahfeveryday ,terima kasih.",POST,17,0,0,0
https://www.threads.com/@bung_fco/post/DeMJoVIGZk1,threads,bung_fco,,2026-10-07T10:31:33Z,Malaysia penduduknya 1 billion kah?,POST,0,0,0,0
https://www.threads.com/@asarhumanity/post/DeMJmkBINiq,threads,asarhumanity,,2026-10-07T10:31:19Z,Tetap semangat minKahf @kahfeveryday 🤗,POST,1,0,0,0
https://www.threads.com/@revardisyahp/post/DeMJkHik1Xv,threads,revardisyahp,,2026-10-07T10:30:59Z,Admin juga manusia. Keep Strong! @kahfeveryday 🔥,POST,28,1,0,0
https://www.threads.com/@qasyahimdad87/post/DeMNX6IEv4Q,threads,qasyahimdad87,,2026-10-07T11:04:16Z,"Sorry @kahfeveryday 

Walaupun boikot kami tidak sebesar mana dalam perniagaan mu. 

Tapi adalah sikit kurangnya gaji big bossmu 🤣",POST,0,0,0,0
https://www.threads.com/@zylzeen/post/DeMD7D0H7ji,threads,zylzeen,,2026-10-07T09:41:41Z,"kalau akun pribadi gak papa sih, tapi ini akun brand🙏 menurut kamu gimana kalau kamu jualan tapi malah terkesan ngejek target market?",POST,587,1,0,0
https://www.threads.com/@wyogie/post/DeMJj4jmf_h,threads,wyogie,,2026-10-07T10:30:57Z,Kayaknya admin @kahfeveryday  mabora deh soalnya typo juga,POST,1,0,0,0
https://www.threads.com/@iamsyxfiq_/post/DeMJgPRAYTd,threads,iamsyxfiq_,,2026-10-07T10:30:27Z,"Mantappppp client kite, SKIP KAHF! 
Dah deal and barang dah smpai ahad (4.9) haritu, one of their brand partner is kahf, smlm viral isu ""beda level😒"" pulak, kite tanya laa client updates about it.",POST,150,6,0,12
https://www.threads.com/@muh_sharif_al_huda/post/DeMJfEaj5Cd,threads,muh_sharif_al_huda,,2026-10-07T10:30:17Z,"Admin @kahfeveryday.my  mcm anak ingusan..kau tu bawa brand besar ..bukan suka2 post  sindir2 negara orang ..bodoh tk bertempat.siapa manager kamu , suruh buang admin mcm budak2 tk sekolah..bangang..melingkup brand kau padan muka.",POST,0,1,0,0
https://www.threads.com/@ajeba_abeja/post/DeMJcB3k1UN,threads,ajeba_abeja,,2026-10-07T10:29:52Z,"@kahfeveryday.my @kahfeveryday seriously? you guys was already on the last straw. Buat lagi.. bagus, start packing up your own low quality products, semak. Sama semak dengan jerebu!",POST,14,0,0,0
https://www.threads.com/@kotoswantry23/post/DeMJXV3jwV5,threads,kotoswantry23,,2026-10-07T10:29:14Z,"What @kahfeveryday did is amazing. But we gotta wait dows @famalaysia and the goverment of Malaysia appologized to the people of indonesia since Malaysian says that Mr Frans kaisepo an thanos or Apes!  Perhaps, @fifa should give some consequemces do FAM racism fans!",POST,0,0,0,0
https://www.threads.com/@hrshyqlll/post/DeMAQajkYQX,threads,hrshyqlll,,2026-10-07T09:12:27Z,,POST,437,2,1,86
https://www.threads.com/@cyllx_tralala/post/DeMJUP5k-aH,threads,cyllx_tralala,,2026-10-07T10:28:49Z,@kahfeveryday  good luck kahf .. sendiri  tutup rezeki sendiri 😂,POST,9,0,0,0
https://www.threads.com/@mustyoko01/post/DeMJQKjEzhg,threads,mustyoko01,,2026-10-07T10:28:15Z,apes ini @kahfeveryday . the damage has been done wkwkwk.,POST,0,0,0,0
https://www.threads.com/@ramadhanalfian_19/post/DeMJMQaEuFQ,threads,ramadhanalfian_19,,2026-10-07T10:27:43Z,"AKU WONGMU CAK, GAUSA WEDI🔥😜 @kahfeveryday",POST,2,0,0,0
https://www.threads.com/@llama.35107294/post/DeMJKBlgHEI,threads,llama.35107294,,2026-10-07T10:27:25Z,@kahfeveryday  menang beda lah level kita. duit kamu aja rupiah duit aku ringgit. rm100 saja sudah setebal novel,POST,0,0,0,0
https://www.threads.com/@ejayosman/post/DeMI_gfkioc,threads,ejayosman,,2026-10-07T10:25:59Z,"@kahfeveryday Lihat betapa sombongnya rakyat negara kamu. Makin lama makin sombong. Saya berani cakap, dengan sikap orang2 macam ni lagi menambah alasan untuk produk kamu diboikot. Goodluck",POST,6,0,0,0
https://www.threads.com/@bai.lu0/post/DeMI6J8kyRQ,threads,bai.lu0,,2026-10-07T10:25:15Z,"Thats why pepatah ada mengatakan, terlajak perahu bole ditarik semula terlajak kata badan binasa. Rasakan la sequences yg korang  buat . @kahfeveryday.my @kahfeveryday",POST,0,1,0,0
https://www.threads.com/@anm_proverbum/post/DeMI2bAnR89,threads,anm_proverbum,,2026-10-07T10:24:44Z,"Viralitas yang instan bukan jadi momentum utama bagi sebuah brand untuk berbicara di ranah publik. Ingat: brand dibangun dengan strategy, personality, ide, dan identitas. Kalau “numpang viral” dan gak sesuai brand essence, ati-ati sama kehancuran instan. Sia-sia kerjaan berbulan2, bertahun2, jadi ancur cuma gara-gara postingan yang gak mindful. Aku cuma mau bilang selamat mengambil pelajaran @kahfeveryday 
Semoga bisa lebih baik lagi dan lebih berwawasan di ranah media sosial 🙏🏻",POST,0,0,0,0
https://www.threads.com/@takterror/post/DeMIzD3lALC,threads,takterror,,2026-10-07T10:24:17Z,"relax lah @kahfeveryday akan survive, akan comeback, benda kontreversi internet bukan first time jadi. 

Starbucks pun lingkup bukan pasal boycott je, sebab banyak jugak brand alternative lain kopi yang value buy dari dia 

kahf akan survive, buat strategi baru nanti orang beli juga

 kecuali produk kau barai  la ! hahahaha

🇲🇾",POST,0,0,0,0
https://www.threads.com/@_nuraini_whd832/post/DeMIyxGGWP1,threads,_nuraini_whd832,,2026-10-07T10:24:14Z,@kahfeveryday  tunjuk muke admin baru boleh sembang..,POST,0,0,0,0
https://www.threads.com/@njbah_aretirah/post/DeMImpWE_Vf,threads,njbah_aretirah,,2026-10-07T10:22:35Z,Eh  @kahfeveryday bilang dong sama bapak nenek moyang Lo sana... ngerasa rendah diri kek rendah duduk kek.. Pokoknyaa gua pikirinnnn🙄 yg penting produk kahf lo itu udah kita boikott soalnya gakk se levell sama kitaa kan lo bilang barusan. Dasar busetttt kamprettt kepundennn malam keriputt... (mencarut dlm bhs indo biar dia ngerti),POST,0,0,0,0
https://www.threads.com/@aliafarhandotcom/post/DeMIhNcElAf,threads,aliafarhandotcom,,2026-10-07T10:21:51Z,Hahahha salam pergi mamposss kepada @kahfeveryday,POST,1,0,0,0
https://www.threads.com/@hanafirosdi_hr/post/DeMIH5_E6pt,threads,hanafirosdi_hr,,2026-10-07T10:18:23Z,KORANG MAAFKAN TAK?,POST,0,1,0,0
https://www.threads.com/@ardeejaafar/post/DeMH7WBFDx7,threads,ardeejaafar,,2026-10-07T10:16:40Z,Tak pakai produk @kahfeveryday @kahfeveryday.my. tapi nak ajak semua boikot. Siapa suruh tak profesional. Padan muka.,POST,6,0,0,0
https://www.threads.com/@dimsthemeatguy/post/DeMH6C9j9n4,threads,dimsthemeatguy,,2026-10-07T10:16:33Z,"POV : you're the owner of Meatguy Steakhouse🤙🏼

#dimsthemeatguy #raybanmeta",POST,4,0,0,0
https://www.threads.com/@isz_saint/post/DeMHvDjCfxt,threads,isz_saint,,2026-10-07T10:15:00Z,"Jangan kecewa @kahfeveryday.my @kahfeveryday Esok buat brand baru  ﻭ

Beef Malaysians vs Indonesians ni sekejap je. Kalau bab Zionist Israel unity no 1 masing2. Bab beef sementara diantara nusantara ini ibarat kuku dan kulit.",POST,1,0,0,0
https://www.threads.com/@kusaerigo/post/DeMHtpomRrC,threads,kusaerigo,,2026-10-07T10:14:48Z,"Kahf oh Kahf @kahfeveryday 

Cape cape bangun brand image
Riding the wave kenapa jadi blunder sih 🫠",POST,0,0,0,0
https://www.threads.com/@osmanesa10/post/DeMHtQsE3tX,threads,osmanesa10,,2026-10-07T10:14:45Z,Boikot,POST,0,0,0,0
https://www.threads.com/@rachmat.th/post/DeMHrgFjz_F,threads,rachmat.th,,2026-10-07T10:14:31Z,Mari kita pantau @kahfeveryday dan @flip_id bagaimana cara mereka menyelesaikan masalahnya...,POST,0,1,0,0
https://www.threads.com/@tehtarikaispengg/post/DeMHlAAlPLr,threads,tehtarikaispengg,,2026-10-07T10:13:37Z,Minta maaf tak ikhlas @kahfeveryday.my @kahfeveryday . Dasar goblok,POST,0,0,0,0
https://www.threads.com/@shzrlstudio/post/DeMHgeEgdBM,threads,shzrlstudio,,2026-10-07T10:13:16Z,"Indonesian cakap tak efek pun Malaysian boikot @kahfeveryday. Rakyat dia lagi ramai membeli. 

BAIK!! Kita sahut cabaran..Apalagi rakyat Malaysia??Korang nak pakai lagi ke produk mereka??

Next..Santan KARA‼️",POST,1,0,0,0
https://www.threads.com/@irfanmikhail90/post/DeMHdzQEwcl,threads,irfanmikhail90,,2026-10-07T10:12:38Z,"Well, you got exactly what you wished for. So, deal with it. @kahfeveryday",POST,0,0,0,0
https://www.threads.com/@suuu64s/post/DeMSS4ukuaC,threads,suuu64s,,2026-10-07T11:47:16Z,Kalau dapat free barang @kahfeveryday @kahfeveryday.my boleh la buat video boikot barang depa 🤮,POST,0,0,0,0
https://www.threads.com/@diann.dianz/post/DeMHcZ4gW9S,threads,diann.dianz,,2026-10-07T10:12:27Z,"marketer to marketer

ada jalan keluar ke utk kahf ni ? dia ibarat api dah marah kes pasport tong gas bola semua tiba dia curah kan api ,marak terus 🥹

macam tiada jalan uturn jee .. bagi free product pun mcm tak boleh go ni .. bila trust dah hilang, payah dah nak pujuk rakyat mesia balik 🥲",POST,226,26,0,11
https://www.threads.com/@lembuwiworojati/post/DeLkXt5kkP8,threads,lembuwiworojati,,2026-10-07T05:05:59Z,Mungkinkaaaahff …… kita kan slalu bersamaaa ..,POST,108,8,0,1
https://www.threads.com/@ell_dtx/post/DeMHXmznw86,threads,ell_dtx,,2026-10-07T10:11:48Z,@kahfeveryday BA baru nih cocok,POST,0,0,0,0
https://www.threads.com/@officialrashidmahmad/post/DeMHPv1FINi,threads,officialrashidmahmad,,2026-10-07T10:10:43Z,@kahfeveryday @kahfeveryday.my,POST,0,0,0,0
https://www.threads.com/@zulhilmiezainal/post/DeMHHI-ktP5,threads,zulhilmiezainal,,2026-10-07T10:10:35Z,Good bye Kahf! Aku buang dalam plastik sekali tahi anak aku. Sebab korang sama level minda tu,POST,13,4,0,0
https://www.threads.com/@andybaso/post/DeLj1HDGts-,threads,andybaso,,2026-10-07T05:01:15Z,yah aku terlewat.. ada apa ini sampai memakan korban? 😌,POST,75,1,0,1
https://www.threads.com/@yonitresina/post/DeMHMyyID0h,threads,yonitresina,,2026-10-07T10:10:19Z,"SEA-blings ngamuk ka, gara2 meme @kahfeveryday yg kelewatan",POST,58,2,0,0
https://www.threads.com/@akmalahmad1989/post/DeMG8AeHY9v,threads,akmalahmad1989,,2026-10-07T10:08:02Z,"Tak pe @kahfeveryday @kahfeveryday.my ,""kita beda level"".",POST,0,1,0,0
https://www.threads.com/@syamsulzamri/post/DeMG3cnExhJ,threads,syamsulzamri,,2026-10-07T10:07:24Z,"@kahfeveryday.my 
Sabar ada batasnya tuan !",POST,0,0,0,0
https://www.threads.com/@baginsoftfocus/post/DeMPJy9kyFr,threads,baginsoftfocus,,2026-10-07T11:19:49Z,@kahfeveryday  when life gives you a fomo,POST,0,0,0,0
https://www.threads.com/@official_haniffismail/post/DeMGywhGTn5,threads,official_haniffismail,,2026-10-07T10:06:46Z,"@kahfeveryday HAHAHAHAHAHAHAHAHAHAHAHAHAHAHAHAHAHAHAHAHAHAHAHAHAHAHAHAHAHAHAHAHAHHAHAHAHAH as humans with brains, we accept your apology but not your PRODUCTS! Hahahahahahaha",POST,4,0,0,0
https://www.threads.com/@elfajry/post/DeMGxbfiT3j,threads,elfajry,,2026-10-07T10:06:35Z,Kahf @kahfeveryday @wardahbeauty @paragoncorp @parama_ps,POST,0,0,0,0
https://www.threads.com/@anjarnugs/post/DeMAfORH-Ic,threads,anjarnugs,,2026-10-07T09:11:40Z,"Malaysia doang yg orang2nya kepanasan min, negara Asean lain anteng2 aja. Emang ga bisa diajak becanda mereka. Besok2 jangan diajak maen lah, org2nya ngambekan, gede adat",POST,79,15,0,0
https://www.threads.com/@dprazs/post/DeMF_x4lP7v,threads,dprazs,,2026-10-07T09:59:48Z,"turun BB, wajah lebih fresh",POST,0,1,0,0
https://www.threads.com/@ddy.gunawan/post/DeMGVufk48H,threads,ddy.gunawan,,2026-10-07T10:02:48Z,"hati2 kak, dilirik @kahfeveryday jadi BA nanti 😅",POST,1,1,0,0
https://www.threads.com/@woodewoo/post/DeMGDZJEn_G,threads,woodewoo,,2026-10-07T10:00:18Z,"Position: Business Executive 
Location: Mutiara Damansara

👉 DON’T need to source your own prospects 
👉 No chasing friends or family 
👉 No “natural market” at all

Great opportunity if you enjoy sales without the pressure of prospecting own customers. Join us now! 

💰 Package:
- Basic RM4,000-RM6,000
- Plus extra commission 
- Bonus Quarterly & Annually (if achieve target)

📩 If interested, pls DM",POST,0,0,0,0
https://www.threads.com/@aimanrosme/post/DeMGA9aiURf,threads,aimanrosme,,2026-10-07T09:59:58Z,Nahh.... tenang je min mydin buat kerja... terbaikkkkkk @kahfeveryday dah boleh masuk gua,POST,0,0,0,0
https://www.threads.com/@dzakwan.fad/post/DeMF_kdknHH,threads,dzakwan.fad,,2026-10-07T09:59:47Z,semangat admin @kahfeveryday dari gw yang gabisa lepas dari produk kahf,POST,37,0,0,0
https://www.threads.com/@fiq_s77/post/DeMF_oQHzHM,threads,fiq_s77,,2026-10-07T09:59:47Z,"Indonesian cakap tak efek pun Malaysian boikot @kahfeveryday rakyat dia lagi ramai membeli.
BAIK!! FAHAM!!
Apalagi rakyat Malaysia sila sebarkan pesanan mereka ke FB ke tt ke X. Pada yg sedang guna habiskan stok jangan membazir sambil tu cari brand lokal yg sesuai
MAKA KAMI 🇲🇾",POST,2,3,0,0
https://www.threads.com/@elhazraonline/post/DeMrOv6GtAW,threads,elhazraonline,,2026-10-07T15:25:09Z,Boycott @kahfeveryday @kahfeveryday.my,POST,0,0,0,0
https://www.threads.com/@harrie_talk/post/DeMjwWWEnvv,threads,harrie_talk,,2026-10-07T14:19:50Z,ada apa ini @meta.ai,POST,0,1,0,0
https://www.threads.com/@theotherfar/post/DeMjNZvEvao,threads,theotherfar,,2026-10-07T14:15:04Z,@kahfeveryday your live host ni tak professional langsung.,POST,0,0,0,0
https://www.threads.com/@saddiqhr/post/DeMZ3lhkoXo,threads,saddiqhr,,2026-10-07T12:53:27Z,Admin @kahfeveryday lagi ketar-ketir nih🤣,POST,0,0,0,0
https://www.threads.com/@eppyrusli/post/DeMROsoE8w6,threads,eppyrusli,,2026-10-07T11:37:58Z,"Korang, aku nak tukar KAHF kepada produk local Malaysia 🇲🇾

Tapi nak yang quality, function & harga lebih kurang sama. Apa produk Malaysia yang korang rasa boleh lawan KAHF? 👀

Jom racun aku dengan local brand korang! 👇",POST,2,3,0,0
https://www.threads.com/@azihuhu/post/DeMPfLUEzCZ,threads,azihuhu,,2026-10-07T11:22:44Z,Memang ingat Alif Satar punya. Silap la ambil staff IQ rendah. Post tak fikir impact kepada company. All the best @kahfeveryday,POST,0,3,0,0
https://www.threads.com/@azizahza/post/DeMF_mlEr1_,threads,azizahza,,2026-10-07T09:59:47Z,"Bahas perkara boikot nih,, saat Indonesia lolos round world cup, sudah ada tuh pendengki yang kampanye boikot produk Indonesia. Lalu saat skandal 7 pemain palsu Argentina, Indonesia dituding lapor ke FIFA, kampanye boikot produk Indonesia lagi. saat penayangan film Jumbo, netz sana berisik mau boikot sebab ada film Malaysia low peminat
Jangankan ""netz Malaysia"" kena senggol,, Indonesia nggak senggol pun mereka udah meletop letop pdhl media mereka tiap hari ada saja ambil Indonesia sbagai berita",POST,2,3,0,0
https://www.threads.com/@5ufi.__/post/DeMF-nblHF4,threads,5ufi.__,,2026-10-07T09:59:39Z,"Hati"" beda Level",POST,1,0,0,0
https://www.threads.com/@rinrin.money/post/DeMF9zmE227,threads,rinrin.money,,2026-10-07T09:59:32Z,"仕事終わりの自分、想像以上に何もできない😂

帰宅
↓
ご飯
↓
お風呂
↓
スマホ
↓
寝る。

「今日こそ○○しよう」

って思ってたのに🫣

仕事終わり、まず何する？？",POST,0,0,0,0
https://www.threads.com/@i_did_it_my_wayyy/post/DeMF4TxCSAe,threads,i_did_it_my_wayyy,,2026-10-07T09:58:47Z,Bye bye KAHF @kahfeveryday.my semua sudah di tong sampah,POST,10,0,0,0
https://www.threads.com/@haikal313_my_johor/post/DeMkc1ioz1k,threads,haikal313_my_johor,,2026-10-07T14:25:55Z,"Kalau @alifsatar tak buat statement pasal @kahfeveryday.my @kahfeveryday ni, silap2 benda ni boleh undermine Geng Subuh macam Jumaat. Kalau boleh kita nak kekalkan budaya solat subuh.",POST,0,0,0,0
https://www.threads.com/@qifaht.dias/post/DeMFr7mkmz1,threads,qifaht.dias,,2026-10-07T09:57:06Z,"wassalam, dh hntar report belom urk remove @kahfeveryday.my ?",POST,0,0,0,0
https://www.threads.com/@dearnandad/post/DeMFcSiiWsA,threads,dearnandad,,2026-10-07T09:54:57Z,Awal2 ke Malaysia aku salut kok bisa brand @kahfeveryday ni tembus pasar sini. Mostly dimana2 ada produknya. Pas ada kejadian ini rasanya sangat di sayangkan aja...Padahal pangsa pasar nya gede banget karena gak banyak brand lokal spt itu dsni..,POST,9,7,0,0
https://www.threads.com/@ematwin/post/DeMFavPEmby,threads,ematwin,,2026-10-07T09:54:45Z,Monyet nyah kau dari malaysia.biar lingkup .product @kahfeveryday.my .who cares .bnyak lagi product lain bgus,POST,0,0,0,0
https://www.threads.com/@ezadkr94/post/DeMFaV4k52z,threads,ezadkr94,,2026-10-07T09:54:42Z,Suruh @kahfeveryday explain bahasa melayu kat sana tk ramai paham english 😝..,POST,1,0,0,0
https://www.threads.com/@climbtowealth/post/DeMFVfMG-en,threads,climbtowealth,,2026-10-07T09:54:09Z,"IF YOU ARE 40 AND STARTING FROM ZERO, DO THESE 20 THINGS BEFORE YOU TURN 45:",POST,3,5,0,0
https://www.threads.com/@nik_sue1214/post/DeMFWC3CWeE,threads,nik_sue1214,,2026-10-07T09:54:06Z,Hahahaha padam muka @kahfeveryday  buat dlu minta maaf kemudian.. 🤣,POST,0,0,0,0
https://www.threads.com/@narsha_2007/post/DeMFSi5Ae8z,threads,narsha_2007,,2026-10-07T09:53:38Z,"kenapa harus admin @kahfeveryday yang kena
sepatutnya admin account ini yang kena 
@gerindra 
@gibran_rakabuming 
@tedsky8.9 
memang fak enabler jerebu. negaramu dijaga tolol!",POST,0,0,0,0
https://www.threads.com/@waniwonot/post/DeMFNGLknhY,threads,waniwonot,,2026-10-07T09:52:53Z,Kahfeveryday more like cougheveryday,POST,0,0,0,0
https://www.threads.com/@_justofme/post/DeMFL_amcKR,threads,_justofme,,2026-10-07T09:52:44Z,@kahfeveryday ramai WNI cakap pihak anda tak memerlukan WNM untuk support,POST,0,0,0,0
https://www.threads.com/@lieajer/post/DeLv1FwEajw,threads,lieajer,,2026-10-07T06:46:06Z,Serius nak tau kalau dah sampai  mcm nie takde apa2 tindakan ke dari pemerintah sana. Dah teruk sangat nie.kesian kat orang2 yang kena hadap kat sana.😔😔,POST,3088,667,32,280
https://www.threads.com/@azriaziz.official/post/DeMFJ60H4lE,threads,azriaziz.official,,2026-10-07T09:52:27Z,Letak piala dekat api tu nnt terpadam lah dia....tak pun sembur dengan @kahfeveryday conferm lebih bagus.,POST,4,0,0,0
https://www.threads.com/@lindalbs11/post/DeMFDrImpfd,threads,lindalbs11,,2026-10-07T09:51:36Z,@meta.ai emang admin kahf bikin ulah apa ya ?,POST,0,1,0,0
https://www.threads.com/@kelimohammad/post/DeMFC5okp01,threads,kelimohammad,,2026-10-07T09:51:29Z,boikot @kahfeveryday,POST,0,0,0,0
https://www.threads.com/@qifaht.dias/post/DeMFB8EklSk,threads,qifaht.dias,,2026-10-07T09:51:22Z,remove brand @kahfeveryday konferm boleh tackle kulit kering & dehydrated,POST,0,0,0,0
https://www.threads.com/@budilee12/post/DeL4-Aik-43,threads,budilee12,,2026-10-07T08:05:58Z,"Gue kira yang frontal berisik itu netizen Thailand. Ternyata engga..Justru yg paling bising malah netizen Malaaysia. Napa sih ahhhhh..pd boikot² produk heran asli.

Algoritma threads gue jadi rusak!",POST,194,83,0,3
https://www.threads.com/@wyogie/post/DeME9w1meAc,threads,wyogie,,2026-10-07T09:50:47Z,"Jgn ngeladenin ragebait sih klo mau algoritmanya bersih.

Kalo perkara boikot produk admin @kahfeveryday sok asik sih. Banteran netizen dipake di akun korporat.",POST,0,0,0,0
https://www.threads.com/@ariirpanadi/post/DeME9toFG_K,threads,ariirpanadi,,2026-10-07T09:50:47Z,Kami cinta @kahfeveryday 🫂▓,POST,0,0,0,0
https://www.threads.com/@usin_mdnoor/post/DeME2yFGNRB,threads,usin_mdnoor,,2026-10-07T09:49:50Z,Teruskan boikot @kahfeveryday,POST,0,0,0,0
https://www.threads.com/@nicofbrmn__/post/DeMEqYQnfR8,threads,nicofbrmn__,,2026-10-07T09:48:09Z,"aku dari dulu pake @kahfeveryday dari fw, parfum, sama deo nya",POST,0,0,0,0
https://www.threads.com/@empat_sukukata/post/DeL-X0alAvq,threads,empat_sukukata,,2026-10-07T08:53:11Z,Ini ke yg dikatakan pelajaran besar dan akan lebih sensitif? Ucapan maafnya malam tadi tapi live pagi tadi seperti tiada apa berlaku pada ucapan sebelumnya.,POST,1,1,0,0
https://www.threads.com/@theshackatderimba/post/DeMEqKTj0SW,threads,theshackatderimba,,2026-10-07T09:48:07Z,Apa ini @kahfeveryday @kahfeveryday.my,POST,0,0,0,0
https://www.threads.com/@norlailijamal_/post/DeMEp_zHx0q,threads,norlailijamal_,,2026-10-07T09:48:05Z,@kahfeveryday @kahfeveryday.my,POST,0,0,0,0
https://www.threads.com/@mustyoko01/post/DeMEa2vE4EM,threads,mustyoko01,,2026-10-07T09:46:01Z,"hallo @meta.ai , ini yang dimaskud postingan KAHF yang mana sih yang menimbulkan kemarahan warga malaysia ?",POST,2,2,0,0
https://www.threads.com/@kai.nasir/post/DeLOzJNE5Zn,threads,kai.nasir,,2026-10-07T01:57:55Z,"Kami tak perlukan rupiah di malaysia, brand sampah, negara sampah dan layak berada dalam tong sampah 🇮🇩",POST,3595,337,2,154
https://www.threads.com/@hellobabesbangi/post/DeMEcJ1CfUN,threads,hellobabesbangi,,2026-10-07T09:46:12Z,@kahfeveryday.my,POST,0,0,0,0
https://www.threads.com/@ajeharii/post/DeMEZRGk5RS,threads,ajeharii,,2026-10-07T09:45:48Z,@kahfeveryday @kahfeveryday.my ?,POST,5,0,0,0
https://www.threads.com/@aidani_17/post/DeMETu7gYK0,threads,aidani_17,,2026-10-07T09:45:03Z,"Malaysia–Indonesia war dekat Threads ni dah sampai tahap okay guys, enough 😭

Bermula dengan bola. Lepas tu passport, heritage players, negara masing-masing, sampai Agong pun ada yang petik. Now dah sampai seruan boikot produk Indonesia pula. Then Kahf decided to join the banter dengan posting “beda level” — Indonesia atas, Malaysia & negara SEA lain bawah. I understand why Malaysians are angry. You are selling to these markets kot 😭 They've deleted the post and apologised.",POST,2,6,0,0
https://www.threads.com/@cintapertama9535/post/DeMEHVEFDfn,threads,cintapertama9535,,2026-10-07T09:43:21Z,@meta.ai ada apa ini,POST,0,1,0,0
https://www.threads.com/@mizaazri/post/DeMEJ38H4E3,threads,mizaazri,,2026-10-07T09:43:42Z,"Sejak kahf pernah scam pasal promo b2f1 tu, Terus aku boikot. Ntah la",POST,2,0,0,0
https://www.threads.com/@watermelonlycheeyogurt/post/DeMECHCkm3P,threads,watermelonlycheeyogurt,,2026-10-07T09:42:39Z,funny to you cuz it's not your own business... let's ask if it's funny to them @kahfeveryday @kahfeveryday.my @wardahbeauty,POST,0,0,0,0
https://www.threads.com/@randypp17/post/DeMD7lhGlRV,threads,randypp17,,2026-10-07T09:41:45Z,@meta.ai ada kasus apa dg kahf?,POST,1,1,0,0
https://www.threads.com/@zoulbraveslick/post/DeMD97wmDB8,threads,zoulbraveslick,,2026-10-07T09:42:04Z,Indon mana faham.. Sbb IQ indon mcm gorila je.,POST,3,0,0,0
https://www.threads.com/@i.zzhra._/post/DeMD3TMkzCa,threads,i.zzhra._,,2026-10-07T09:41:10Z,kami warga malaysia takkan maafkan kahfeveryday,POST,0,0,0,0
https://www.threads.com/@asnawi_kusaimi/post/DeMD2azgUtx,threads,asnawi_kusaimi,,2026-10-07T09:41:03Z,Boikot @kahfeveryday.my. done cancel purchase,POST,0,0,0,0
https://www.threads.com/@adam.prian/post/DeMDxy8EuKU,threads,adam.prian,,2026-10-07T09:40:28Z,"#kahf #kahfeveryday #kahffacewash 
#kahfaffiliate #kahfprotopseller",POST,0,0,0,0
https://www.threads.com/@nuya_hidayah/post/DeMDoLjE1ox,threads,nuya_hidayah,,2026-10-07T09:39:06Z,@kahfeveryday good news. 288 million people of your country gonna buy your product. You dont need Malaysian market. @kahfeveryday.my market Malaysia tak bagi sebarang kesan pun pada mereka. You guys wasting your time nampaknya,POST,77,1,0,4
https://www.threads.com/@sebuah_kapas/post/DeMDkZoE8Og,threads,sebuah_kapas,,2026-10-07T09:38:35Z,"@kahfeveryday lu malu""in njir",POST,0,0,0,0
https://www.threads.com/@faizalhusin86/post/DeMDag3E2Jl,threads,faizalhusin86,,2026-10-07T09:37:14Z,@kahfeveryday.my budak-budak ko cakap xpe xde hal.,POST,0,0,0,0
https://www.threads.com/@kelimohammad/post/DeMDXgkEoXx,threads,kelimohammad,,2026-10-07T09:36:50Z,boikot brand @kahfeveryday.my,POST,0,0,0,0
https://www.threads.com/@ronalpul07/post/DeMDO3YgTRC,threads,ronalpul07,,2026-10-07T09:35:39Z,"Udah bisa di delete ni akun thread @kahfeveryday.my ni, bentar lagi bangkrut lo di Malaysia 👍",POST,0,0,0,0
https://www.threads.com/@usin_mdnoor/post/DeMDKDfmKTk,threads,usin_mdnoor,,2026-10-07T09:35:00Z,Teruskan boikot produk @kahfeveryday,POST,0,0,0,0
https://www.threads.com/@by.pandita/post/DeMC9wjE-5q,threads,by.pandita,,2026-10-07T09:33:19Z,Bego lu @kahfeveryday,POST,0,0,0,0
https://www.threads.com/@khal.ishhh/post/DeMC3aPFGlT,threads,khal.ishhh,,2026-10-07T09:32:27Z,@kahfeveryday ha padan muka bodoh sangat nk hina orang tapi guna official acc kan mendapat🤣🤣,POST,0,0,0,0
https://www.threads.com/@en.c.e.o/post/DeMC2Q9k2-2,threads,en.c.e.o,,2026-10-07T09:32:17Z,"Is this you highest quality professional PR and socmed team that can be hire in the country with 200mil people? @kahfeveryday ,have you see any @kahfeveryday.my  team do something like this?",POST,2,0,0,0
https://www.threads.com/@summeriemy/post/DeMCuFCE5gH,threads,summeriemy,,2026-10-07T09:31:10Z,"Maka kami~ 🇲🇾

• We are a Malaysian personal care brand
• Made for everyday care
• Formulated with Organic Sunflower Seed Oil & 98% natural ingredients 🌻
• Free from SLS, SLES, parabens, mineral oil & animal-derived ingredients

Local brand to local brand — kita support kita 🤝🏻🇲🇾

P/S: Kita dah ada kat TikTok Shop jugak tau. Go check out now! 👀🛒",POST,1735,73,9,348
https://www.threads.com/@harizt___/post/DeMCqhDn3pX,threads,harizt___,,2026-10-07T09:30:41Z,@kahfeveryday . Gudluck…,POST,0,0,0,0
https://www.threads.com/@jjang.caanniiy/post/DeMCgCqE3ta,threads,jjang.caanniiy,,2026-10-07T09:29:15Z,Adek-adekku pakai produk @kahfeveryday 🥰🥰🥰,POST,0,0,0,0
https://www.threads.com/@illustradliy/post/DeMCaJxkwRZ,threads,illustradliy,,2026-10-07T09:28:27Z,Diliat2 akunnya serasa milik pribadi adminnya sampe makan bubur dipost. Terlalu banyak cakap. Ganti admin kata gw mah @kahfeveryday,POST,8,0,0,0
https://www.threads.com/@msfarahdee/post/DeMCVoxn-LB,threads,msfarahdee,,2026-10-07T09:27:50Z,Then why @kahfeveryday.my bother to apologise? Let it slide je la kalau tak merugikan. It’s kinda funny you don’t know how business works.,POST,0,0,0,0
https://www.threads.com/@bikramsonkar14/post/DeKfWs4EhEm,threads,bikramsonkar14,,2026-10-06T19:02:56Z,,POST,983,1040,30,82
https://www.threads.com/@fzwnnnnn/post/DeMCUzyEqKF,threads,fzwnnnnn,,2026-10-07T09:27:43Z,@kahfeveryday boleh jadikan dia duta model produk kahf di indonesia.,POST,3,0,0,0
https://www.threads.com/@mrhamz7/post/DeMCMeSFHTi,threads,mrhamz7,,2026-10-07T09:26:35Z,"Jujur aku sbelumnya pernah pake deodorant lain tapi brakhir slalu burket tapi stelah pake deodorant kahf keringet udah mulai mnurun dan g trlalu burket , ini review jujur gw BUKAN admin kahf yeh anjing
.
Kalem mas @kahfeveryday  i love u so much
Dek malay emang baperan",POST,0,0,0,0
https://www.threads.com/@queeniqa/post/DeMB-J8oFzZ,threads,queeniqa,,2026-10-07T09:24:38Z,Be strong tau!  @kahfeveryday,POST,0,0,0,0
https://www.threads.com/@illustradliy/post/DeMByDIkzgk,threads,illustradliy,,2026-10-07T09:22:59Z,Ada2 aja lu @kahfeveryday padahal udah keren banget masuk pasar Malaysia 😌,POST,1,0,0,0
https://www.threads.com/@syedahmadfaizal85/post/DeMBs1DEvlD,threads,syedahmadfaizal85,,2026-10-07T09:22:16Z,"Produk @kahfeveryday dah boleh masuk dalam kotak, letak dalam stor, baru gaji jawab waalaikumsalam",POST,0,0,0,0
https://www.threads.com/@zhrnabd/post/DeMBpBrgaTl,threads,zhrnabd,,2026-10-07T09:22:00Z,Sampai hati @kahfeveryday buat kami mcm ni!!!!!!!,POST,13,0,0,0
https://www.threads.com/@ibn_benn/post/DeMBmBgDmRS,threads,ibn_benn,,2026-10-07T09:21:20Z,"Produk KAHF kenapa sih?
Kok rame banget ya… baru buka threads isi nya “Boikot Kahf”.

Tolong cerita dong warga!!🥺🙏🏻",POST,38,7,0,0
https://www.threads.com/@kartunisgandum/post/DeMBl7ID5ns,threads,kartunisgandum,,2026-10-07T09:21:19Z,"beda level! yes 

boycott them @kahfeveryday @kahfeveryday.my ! 

lets support @badlabco ! malaysian product",POST,5,0,0,0
https://www.threads.com/@sariels28/post/DeMBdDmD20B,threads,sariels28,,2026-10-07T09:20:07Z,"Pt1 - Actually! I personally dari dulu smpilh skrg mmg pengguna tegar @badlab.co.id  @badlabco  di shmpo, sabun mndinya, pencuci muka, hair clay dia FAV forever nice & hrm sesuai 4 lelaki .. Oh! Yeah perfume badlab kalau boleh tiap bln stay je dengan produk ni.. @kahfeveryday.my @khafeverydayindonesia i dunno about this product pernah cuba tapi tak sesuai secara anatomically&fizikal (in my honest opinion and only to me not all mens in Asia ya😅) !How! Abt you all? Wht is yr preference? (Cont)",POST,0,0,0,0
https://www.threads.com/@fifaififa/post/DeMBPBPj8y-,threads,fifaififa,,2026-10-07T09:18:12Z,"Dear @kahfeveryday 
Your countrymen have polluted Singapore air and now, you caused pollution in threads! Get a life bro and as a business owner, you shouldn't have joined petty squabbles in social media.",POST,12,1,0,2
https://www.threads.com/@danielxfirdaus/post/DeL-CPTEwW3,threads,danielxfirdaus,,2026-10-07T08:50:14Z,Kutip ni boskuuu. Perabis beras je dlm sel!!!,POST,239,8,0,4
https://www.threads.com/@doyouwannaknowmyfuckingname/post/DeMBOpdEypA,threads,doyouwannaknowmyfuckingname,,2026-10-07T09:18:09Z,HAHAHAHAHAH MALUNYAAALA SIAN EKKKK DATANG MCM GEMBEL 🤣🤣@kahfeveryday,POST,1,0,0,0
