url,platform,account_name,followers,date_posted,description,content_type,likes,replies,reshare,repost
https://www.threads.com/@watsonsmy/post/DbXfRdViVxb,threads,watsonsmy,,2026-07-29T06:38:08Z,"Your safety remains our top priority. We have identified fraudulent emails impersonating Watsons Malaysia including fake job postings & recruitment-related messages sent from unauthorized sources.

We strongly urge Malaysians to remain vigilant & engage only through our official communication channels, including our verified social media, website, & official contacts.

Do not respond, click on any links, or share your personal information with unverified sources.

Stay alert & stay safe.",POST,88,41,10,49
https://www.threads.com/@rxoxo18/post/DeMJyZbk-cy,threads,rxoxo18,,2026-10-07T10:32:56Z,kahf ni products dia mostly untuk lelaki idk why pp ikut kecam nak boikot kepala otak ahahahha,POST,11,40,1,1
https://www.threads.com/@pontigenzburnout/post/DeNdPY0gcLy,threads,pontigenzburnout,,2026-10-07T22:42:09Z,"Aku perempuan dah berbotol2 beli Kahf Revered Oud.
Ohhhhh grad uni pepel ka ?",POST,0,0,0,0
https://www.threads.com/@izzat.norkhalim/post/DeMAElTkQSX,threads,izzat.norkhalim,,2026-10-07T09:08:17Z,Tak payah cakap banyak. Brand perangai sampah selayaknya dibuang.,POST,34,30,0,4
https://www.threads.com/@seillandra/post/DeNdG1CkmYu,threads,seillandra,,2026-10-07T22:40:59Z,Ramaikan beli kahf guys!!! Jaya jaya jaya!!! Mereka donasi buat palestine!!! 👏🏻,POST,0,0,0,0
https://www.threads.com/@stugarden25/post/DeNcbW0k37j,threads,stugarden25,,2026-10-07T22:35:03Z,"Nah tuh berarti korang pilih marah, maka marahlah.. aku ga ngamok tuh.. sama seperti warga malaysia dalam case ini ga semua warga malaysia ikut dalam aksi boycot masih ada juga yg berargument baik tanpa ngata-ngatain iq rendah, bodoh, monyet, iq gorilla, miskin, bibik, babu",POST,0,1,0,0
https://www.threads.com/@sxpul__/post/DeNdFtuk1RF,threads,sxpul__,,2026-10-07T22:40:50Z,"stay in konteks pls , our argument is BOYCOT . But u dying trying to drag this case . Since u said , ITU FAKTA . Iq rendah ? FAKTA . IQ GORILLA ? fakta . MISKIN ? Fakta . BIBIK ? Fakta . Babu ? FAKTA . Ini semua fakta . yang kau tak boleh deny is Malaysia marah sebab postingan kahf . simple",POST,0,1,0,0
https://www.threads.com/@erinoify/post/DeMyMGqibTr,threads,erinoify,,2026-10-07T16:25:58Z,Gara2 @kahfeveryday semua brand indo kena imbasnya.,POST,30,8,0,0
https://www.threads.com/@azkaslhddyn/post/DeNdETDAX2D,threads,azkaslhddyn,,2026-10-07T22:40:38Z,@meta.ai emang ada masalah apa mengenai kahf,POST,0,1,0,0
https://www.threads.com/@fsl_kurok/post/DeNc0ifE_dJ,threads,fsl_kurok,,2026-10-07T22:38:29Z,Part tak pendidikan mana yang kau enable negara kau kene hina? Cuba kasi tau? Part tak pendidikan mana bila orang tuduh hasil kerja keras kau sebagai rasuah? Part pendidikan mana bila orang hina gambar orang mati guna AI? Part pendidikan mana benda simple beratur pun tak reti?,POST,0,1,0,0
https://www.threads.com/@alfatehamorr/post/DeNdDWLgUs6,threads,alfatehamorr,,2026-10-07T22:40:31Z,"Kau kena belajar comprehension ni bang.

Orang sembang isu Kahf. Kau pergi masuk isu mana2 indo yang kau jumpa. Apa kaitan? Sebab dorang dari satu negara terus nak hukum orang as collective? padahal silap tu adalah individu punya issue.

Pergi belajar comprehension bang. Teruk sangat kau ni.",POST,0,0,0,0
https://www.threads.com/@notformeforyou1980/post/DeNc40Kk8Zk,threads,notformeforyou1980,,2026-10-07T22:39:04Z,KAHF 👎🏻,POST,0,0,0,0
https://www.threads.com/@hindunsofiyah/post/DeNc4RLE94v,threads,hindunsofiyah,,2026-10-07T22:39:00Z,Wiiihh sebanyak itu produk kahf yg udah dipake?? 👏 Emang sebagus itu produk kahf kak best banget emang 👍🔥,POST,0,0,0,0
https://www.threads.com/@donmuii/post/DeNcvXnkmNO,threads,donmuii,,2026-10-07T22:37:47Z,"Nahhh.. makanya jangan besar mulutmu, kalo masih saling membutuhkan..",POST,0,1,0,0
https://www.threads.com/@mknajmiey/post/DeNc18oAVEn,threads,mknajmiey,,2026-10-07T22:38:41Z,Masalahnya KAHF tu tak diperlukan pun. Dah kenapa rengsa? Relaks lah. Tak terkesan pun Indonesia dengan boikot ni.,POST,0,1,0,0
https://www.threads.com/@susi_susila26/post/DeNcsZpE-Kg,threads,susi_susila26,,2026-10-07T22:37:23Z,Harus berterimakasih sama kahf lah biar muka anda glowing. Kl ga pake kahf nanti muka balik lagi ke swtelan pabrik makcik,POST,0,0,0,0
https://www.threads.com/@mieeeayamyamyam/post/DeMvFQniWEL,threads,mieeeayamyamyam,,2026-10-07T15:58:49Z,"Malaydesh aneh and gilo. 
berawal dari Sepak Bola  malah berlanjut ke semua masalah, saking kalahnya mereka berdebat sama warga indonesia, ujung²nya NGEHINA FISIK/ANAK YATIM/NEGARA sampe masalah Pembakaran yang terjadi di Indonesia pun dibahas. Korang kire kami ni senang-senangkah dalam musibah ni? tak patutt tak patut, pola fikir hancur. Ngaku negara baradab tp gak pake otak. miris. Cakap warga Indonesia IQ rendah tapi, rupanya ada yang lebih rendah🥹",POST,3,11,0,0
https://www.threads.com/@appleberisa/post/DeNck-kE8th,threads,appleberisa,,2026-10-07T22:36:22Z,"Asap indo bawa ke malaysia 

Kami orng malaysia terbatuk-batuk
Kahf kahf kahf.....",POST,0,0,0,0
https://www.threads.com/@shunelmina2/post/DeM7S6LEnLS,threads,shunelmina2,,2026-10-07T17:45:32Z,"Mane yg nganjing2 ckp pasal passport tu 😌
Jap nak batuk "" kahf ... Kahf ... Kahf "" 😮‍💨
🇲🇾🇸🇬",POST,430,74,0,9
https://www.threads.com/@relau_tuyere/post/DeNckF0gdW8,threads,relau_tuyere,,2026-10-07T22:36:14Z,"silap2 haribulan, tahun depan cerai.. batuk ""kahf, kahf, kahf"" kat mahkamah",POST,0,0,0,0
https://www.threads.com/@adam.haiql/post/DeNcckbku9g,threads,adam.haiql,,2026-10-07T22:35:48Z,Tak layak ada kat malaysia kahf,POST,2,0,0,0
https://www.threads.com/@chemurad/post/DeJuFVqiUeX,threads,chemurad,,2026-10-06T11:52:22Z,Listkan bisnes apa dalam 5 tahun lagi akan drop dan tenggelam,POST,28,20,0,2
https://www.threads.com/@bebeads.me/post/DeNcgObEuib,threads,bebeads.me,,2026-10-07T22:35:43Z,Kahf,POST,0,0,0,0
https://www.threads.com/@jaisjifli1/post/DeMrKFVD1ah,threads,jaisjifli1,,2026-10-07T15:24:35Z,"Rakyat Malaysia 🇲🇾

Kalau kita tak setuju, kita tunjuk pendirian. Unfollow KAHF Everyday.

#UnfollowKAHFEveryday #BoikotKAHF",POST,18,31,1,9
https://www.threads.com/@its_mieanna/post/DeNcaHJE_-6,threads,its_mieanna,,2026-10-07T22:34:53Z,"Boikot Kahf, support @peacemoodglobal local product👍",POST,0,0,0,0
https://www.threads.com/@xandrazxzxz/post/DeLxiy_k4Gz,threads,xandrazxzxz,,2026-10-07T07:01:05Z,😏 nyatanya org malaysial suka jastip ke indo hahaha katanya org kaya buat apa beli produk indo? macem freshcare je kau beli disini🤣🤣 chikuro pun kau jastip dan banyak lagi kau jastip disini,POST,285,25,0,0
https://www.threads.com/@azarilrfan/post/DeNcYvbklhG,threads,azarilrfan,,2026-10-07T22:34:41Z,"kita beza level bro, kahf kat malaysia jual RM19 dekat indon jual RM9 pun rasa sama lagi ke?",POST,0,0,0,0
https://www.threads.com/@laillahillallah_alhumdulillah_/post/DeNcYIck6DG,threads,laillahillallah_alhumdulillah_,,2026-10-07T22:34:36Z,"Don't forget share to all
 Muhammmad Sallallahualehiwasallam 6 khubsurat sunnat 👇😇

1. After fajar namaz read surah yaseen
(Parah 22-23) 
2. After zohr namaz read surah fatah
(parah 26) 
3. After asr namaz read surah naba
(Parah 30) 
4. After magrib namaz read surah waqiyah
(Parah 27) 
5. After isha namaz read surah mulk
(Parah 29)
6. Jummah surah al kahf Alhumdulillahillazee (parah 15-16)",POST,0,0,0,0
https://www.threads.com/@one_poxcai/post/DeMmUtliYYu,threads,one_poxcai,,2026-10-07T14:42:57Z,Purchasing power parity dr Malaysia lg tinggi dr rakyat indon.,POST,4985,46,45,1228
https://www.threads.com/@adiirwanbherman/post/DeNcNVBE4cr,threads,adiirwanbherman,,2026-10-07T22:33:08Z,Brother ni baru sembang pasal branding Kahf belum lagi rakyat malaysia boycott travel pergi Indonesia. Sekali dengan train laju dieowg tu pon hancur aku rasa. Yang dok naik rakyat Malaysia je yang p sana.,POST,0,0,0,0
https://www.threads.com/@alifsatar/post/DeNWb0PE5o3,threads,alifsatar,,2026-10-07T21:42:41Z,"Alif sebagai rakyat Malaysia, percaya yang negara kita dan rakyat mesti dihormati. Prinsip Alif, memang tidak pernah bersetuju dengan kandungan yang merendahkan mana-mana negara.. atau sesiapa pun.

Alif ambil maklum permohonan maaf pihak Kahf. Namun, kepercayaan perlu dipulihkan dengan tindakan yang jelas. Alif berharap perkara ini dapat diselesaikan dengan baik, matang dan penuh rasa hormat.
Alif percaya, dalam apa juga keadaan, kita boleh berbeza pandangan tanpa perlu merendahkan sesiapa.",POST,2106,157,2,121
https://www.threads.com/@saifulrizam/post/DeNcKw2ExJP,threads,saifulrizam,,2026-10-07T22:32:47Z,"Aku beli kahf sebelum ni sbb @alifsatar ... n tahu b4and indon, memaafkan boleh tapi melupakan tidak sekali",POST,0,0,0,0
https://www.threads.com/@a_sanusi_h/post/DeNb71BAbZo,threads,a_sanusi_h,,2026-10-07T22:30:45Z,"Allah Subhanahu Wa Ta'ala berfirman: 

وَمَا مَنَعَ ٱلنَّاسَ أَن يُؤۡمِنُوٓاْ إِذۡ جَآءَهُمُ ٱلۡهُدَىٰ وَيَسۡتَغۡفِرُواْ رَبَّهُمۡ إِلَّآ أَن تَأۡتِيَهُمۡ سُنَّةُ ٱلۡأَوَّلِينَ أَوۡ يَأۡتِيَهُمُ ٱلۡعَذَابُ قُبُلًا",POST,0,1,0,0
https://www.threads.com/@a_sanusi_h/post/DeNb70zAZRU,threads,a_sanusi_h,,2026-10-07T22:30:45Z,"Dan tiada yang menghalang manusia daripada beriman, ketika datang petunjuk Al-Qur'an kepada mereka, dan daripada memohon ampun kepada Tuhan mereka, melainkan (kerana kedegilan mereka dan kerana mereka) menunggu didatangi azab yang memusnahkan yang telah menimpa orang-orang dahulu, atau di datangi azab yang dilihat dan dihadapi. 

(Quran; Surah Al-Kahf 18: Ayat 55) 

#Quran #AlQuran #SurahAlKah #SurahAlKahfi #surah18 #surah18ayat55",POST,0,0,0,0
https://www.threads.com/@asyraf20976/post/DeNb6p2k3qF,threads,asyraf20976,,2026-10-07T22:30:35Z,Negara kecil? Kalau indonesia besar kenapa rakyat indo datang malaysia cari kerja? Ooooo lupe sane mane ade perkembangan pasal pekerjaan🤣🤣🤣🤣negara miskin sok sok kayaaaa jenama kahf naik pon sebab orang malaysia support kesiann,POST,0,0,0,0
https://www.threads.com/@matthias_von_her/post/DeNN478k1fz,threads,matthias_von_her,,2026-10-07T20:28:01Z,"Yg salah kahf, kok merembet ke produk lain yg ga ada berbuat apa-apa, aneh bgt, katanya sdm berkualitas tinggi, ternyata kelakuan kalian sama aja gada bedanya dg warga konoha yg kalian bilang iq rendah",POST,0,1,0,0
https://www.threads.com/@moel_wb/post/DeNb3bskw6T,threads,moel_wb,,2026-10-07T22:30:09Z,"Bukan krn Kahf juga, ini gara2 bola mrk gak masuk final jd merembet kemana2... tp percayalah itu cm di medsos doang, palingan juga mrk sambil nulis utas nyruput indomie",POST,0,1,0,0
https://www.threads.com/@errysf/post/DeNbzwrExFq,threads,errysf,,2026-10-07T22:29:39Z,Yahh jadi males gw pake kahf kalo begini,POST,0,0,0,0
https://www.threads.com/@rama_rama_cinta2583/post/DeNbzRokzzl,threads,rama_rama_cinta2583,,2026-10-07T22:29:35Z,"X merendahkan sesiapa pun...tapi fed up dah dgn Kahf ni...lps satu, satu...brand tu sendiri yg cari pasal...",POST,0,0,0,0
https://www.threads.com/@islam_quizz5/post/DeNbt6HgfhF,threads,islam_quizz5,,2026-10-07T22:28:53Z,"𝑳𝒆 𝑷𝒓𝒐𝒑𝒉𝒆̀𝒕𝒆 ‎ﷺ 𝒂 𝒅𝒊𝒕: « 𝑪𝒆𝒍𝒖𝒊 𝒒𝒖𝒊 𝒓𝒆́𝒄𝒊𝒕𝒆 𝒍𝒂 𝒔𝒐𝒖𝒓𝒂𝒕𝒆 𝑨𝒍-𝑲𝒂𝒉𝒇 𝒍𝒆 𝒋𝒐𝒖𝒓 𝒅𝒖 𝒗𝒆𝒏𝒅𝒓𝒆𝒅𝒊, 𝒖𝒏𝒆 𝒍𝒖𝒎𝒊𝒆̀𝒓𝒆 𝒍’𝒆́𝒄𝒍𝒂𝒊𝒓𝒆𝒓𝒂 𝒋𝒖𝒔𝒒𝒖’𝒂𝒖 𝒗𝒆𝒏𝒅𝒓𝒆𝒅𝒊 𝒔𝒖𝒊𝒗𝒂𝒏𝒕. »#islam #muslim #coran #alkahf #vendredi friday",POST,0,0,0,0
https://www.threads.com/@stugarden25/post/DeNbcW0kxOH,threads,stugarden25,,2026-10-07T22:26:27Z,"No that is not patriotisme, itu childish.. tak semua hal perlu kau masukkan dalam hati itulah perlunya management resiko.. that's just a meme, your country ga akan runtuh hanya karena meme... kau hina-hina kami iq gorilla pun belum tentu kami response sama jadi tergantung pengelolaan dirimu sendiri",POST,0,1,0,0
https://www.threads.com/@sxpul__/post/DeNbqwbE0KM,threads,sxpul__,,2026-10-07T22:28:25Z,Iq Gorilla itu FAKTA . Average IQ gorilla dan IQ WNI plus minus . FAKTA . Yang PR kahf posting tu NEGARA . Emang kenapa dulu negera lu ngamok ketika bendera terbalik ? itukan kesilapan bukan sengaja beda sama postingan PR kahf ‘ sengaja ‘ ?,POST,0,1,0,0
https://www.threads.com/@amin_ahmd6/post/DeNblfJk4Vg,threads,amin_ahmd6,,2026-10-07T22:27:42Z,"Different level mcm mne  care nk present dgn fakta.
Level artis pun pusing2 last2 cte pasal keturunan, sejarah, budaya. 
Padahal issue utama die pasal boikot sbb kahf buat posting yg controversial.",POST,0,0,0,0
https://www.threads.com/@anashquickleey/post/DeNbitokvqC,threads,anashquickleey,,2026-10-07T22:27:19Z,"Gaya2an pake Kahf, biasanya pake bukrim",POST,0,0,0,0
https://www.threads.com/@fakhri.ismail/post/DeNbflCgbk-,threads,fakhri.ismail,,2026-10-07T22:26:53Z,Thailand pun dah start boikot kahf guys..,POST,0,0,0,0
https://www.threads.com/@shahriduanr/post/DeMiM5sk-bx,threads,shahriduanr,,2026-10-07T14:06:16Z,Last dah tu. Habis dah beli dah. Tukar brand local pulak. Mati2 ingat kahf tu local.,POST,2,1,0,0
https://www.threads.com/@dhikagstm/post/DeNbZayAT6y,threads,dhikagstm,,2026-10-07T22:26:03Z,"Pake brand local ntar gak cocok, muncul jerawat balik lagi ke kahf 👻",POST,0,0,0,0
https://www.threads.com/@donmuii/post/DeNdR2gEqqd,threads,donmuii,,2026-10-07T22:42:29Z,"Hahaha kita relax bang, kalo masalah dengan kahf, kenapa harus boykot semua produk? Jangan sombong merasa power, Malaysia bukan Amerika.. Makanya saya usul, kalo mau semua, boykot lah semua jangan tanggung2, jangan cuma besar mulut😂",POST,0,0,0,0
https://www.threads.com/@_akmalrahman_/post/DeM22RBk86X,threads,_akmalrahman_,,2026-10-07T17:06:40Z,joget demi nak beli kahf ke ni??,POST,0,1,0,0
https://www.threads.com/@afiqdini/post/DeNbX6FD_Dw,threads,afiqdini,,2026-10-07T22:25:50Z,"lbh baik membeli ""sembako"" drpd beli kahf",POST,0,0,0,0
https://www.threads.com/@auroraalexa241/post/DeNbSW8DQB-,threads,auroraalexa241,,2026-10-07T22:25:05Z,"ENGKO SEBELUM KAU POST KAU EDIT EDIT BENDERA LETAK SITU LETAK SINI TU KAU TAK FIKIR PULAK??? 

PASTU TTBE NAK MINTA MAAF,
PERGI MAMPOSSSSS
AKU MEMANG HARAMKAN KAHF DALAM KETURUNAN AKU. 
BERAMBUS JE LA",POST,0,0,0,0
https://www.threads.com/@zahaz.zahra/post/DeNbCo2ExvT,threads,zahaz.zahra,,2026-10-07T22:23:29Z,"...banyak orang fokus ke makeup mahal tapi lupa skin barrier-nya sendiri. padahal masalah minyak berlebih itu biasanya karena dehidrasi atau salah pilih basic skincare. stop skip moisturizer, please 🫠",POST,0,1,0,0
https://www.threads.com/@zahaz.zahra/post/DeNbMx3k1Y6,threads,zahaz.zahra,,2026-10-07T22:24:52Z,"...biar gak drama masalah minyak dan jerawat, aku lagi cocok banget sama Kahf Oil and Acne Care. beneran penyelamat buat kontrol sebum tanpa bikin kering. cek di sini ya https://s.shopee.co.id/2BBq3Cn1JA 🧴",POST,0,1,0,0
https://www.threads.com/@renata.adl/post/DeNbBPSkxnW,threads,renata.adl,,2026-10-07T22:23:18Z,...ndak kuat deh kalau udah fase kulit kusam gara-gara begadang ngerjain tugas kuliah terus 🦖. apalagi kalau tiba-tiba muncul jerawat musiman yang bikin mood anjlok parah 🫣...,POST,0,1,0,0
https://www.threads.com/@renata.adl/post/DeNbLvYE1OI,threads,renata.adl,,2026-10-07T22:24:44Z,"...biar muka tetep aman sentosa aku biasanya pake Kahf Oil and Acne Care sih. ini beneran penyelamat bgt pas lagi breakout parah, cek di sini ya https://s.shopee.co.id/2BBq3Cn1JA 🫶...",POST,0,1,0,0
https://www.threads.com/@abdleather/post/DeNbCsukcdo,threads,abdleather,,2026-10-07T22:24:01Z,"Zulkarnain aur lohe ki deewar | Surah Al-Kahf 18:83-98 (Urdu)

Surah Al-Kahf 18:83-98, Tirmidhi 3153, Sahih Bukhari 3346. Which story from the Quran should I tell next? Comment below.

abdleather",POST,0,0,0,0
https://www.threads.com/@stugarden25/post/DeNasHbE7s-,threads,stugarden25,,2026-10-07T22:19:52Z,"Meme PR KF itu kan bab bola lalu kau tersinggung, marah, kesal, merasa harga diri negara hancur dan muncullah boycot.. memang mudah sekali terprovokasi..",POST,0,1,0,0
https://www.threads.com/@sxpul__/post/DeNbJlKkz8f,threads,sxpul__,,2026-10-07T22:23:53Z,"yalah tersinggung sebab patriotisme . Negara lu dihina lu juga marah kan ? Lagipula kahf juga cari rezeki di Malaysia , kenapa nak kene acting unprofesional by posting that ? Lu pernah nampak nike roasting USA ? pernah nampak adidas roasting Canada ? pernah nampak adabi roasting IndoMie semasa Indonesia Kalah 3-2 sama Malaysia ? pernah nampak Milo roasting Indonesia ? sebab PR kami profesional",POST,0,1,0,0
https://www.threads.com/@danilhusaini_/post/DeMhZWIE7gl,threads,danilhusaini_,,2026-10-07T13:59:13Z,"Yes, we all know Kafh made a dumb mistake. But bear in mind, the mistake was made by their internal team the brand admin not necessarily the entire brand

Growing up as a Malaysian with Indonesian blood, and having studied in both an English boarding school and a Mandarin school, taught me to understand and respect different cultures

To me, what separates people is never skin colour, race, or religion. It’s whether you’re good or bad, wise or unwise",POST,57,92,0,3
https://www.threads.com/@5afuan.4bdullah/post/DeNbABuE4UZ,threads,5afuan.4bdullah,,2026-10-07T22:22:35Z,FaKahf,POST,0,0,0,0
https://www.threads.com/@abdleather/post/DeNawKpDeEJ,threads,abdleather,,2026-10-07T22:21:29Z,"Zulkarnain and the iron wall | Surah Al-Kahf 18:83-98

Surah Al-Kahf 18:83-98, Tirmidhi 3153, Sahih Bukhari 3346. Which story from the Quran should I tell next? Comment below.

abdleather",POST,0,0,0,0
https://www.threads.com/@equechromezhxv/post/DeNazwkE5HN,threads,equechromezhxv,,2026-10-07T22:20:54Z,Pejuang kahf,POST,0,0,0,0
https://www.threads.com/@haikal_niiii/post/DeNazDiE4PH,threads,haikal_niiii,,2026-10-07T22:20:48Z,"Boleh dah boikot barangan diorang & beli barangan Malaysia.

Kahf = BadLab, Nano White
Mie Sedap, Indomie = Mamee, Cintan, Vits
Kara = Rasaku, Saji, M&S
ABC = Habhal, Adabi
Kopiko = Aik Cheong, Old Town
Roma, Nabati = Julies, Hup Seng, Munchy's
JCo = Big Apple
J&T = Poslaju, GDEX
Richeese = Marrybrown
Kenangan = ZUS, GIGI

Barangan negara lain pun tak apa, tapi bukan diorang.",POST,23,2,0,2
https://www.threads.com/@bqhrey/post/DeNSz2zk9fh,threads,bqhrey,,2026-10-07T21:11:01Z,"Berhubung timnas mereka gak juara AFF, ngga juara Asean Cup, gak lolos piala asia, makanya mereka bahas rupiah, pasport, kahf, Indomie, kamari. Pembahasan tak penting & tak ada hubungannya sama bola. Sebab, bola timnas Malaysia tak ada yang bisa dibahas.",POST,0,1,0,0
https://www.threads.com/@sv7dnn/post/DeNavLpE5Co,threads,sv7dnn,,2026-10-07T22:20:17Z,"disini takde siapa peduli pasal bola, kahf buat postingan sampah, takkan nak diam ? bodoh play victim",POST,1,1,0,0
https://www.threads.com/@arif_ar_ar/post/DeNan1-kzM6,threads,arif_ar_ar,,2026-10-07T22:19:17Z,"Tahniah KahfIR Bende pon dah terlajak,alang2 terlajak teruskan BOIKOT BARANG KahfIR …",POST,0,0,0,0
https://www.threads.com/@benswaaap/post/DeNak63AeVv,threads,benswaaap,,2026-10-07T22:18:53Z,"Who hurt you pakcik? Kahf price is so low to medium here fyi, saya bisa belanja pakcik banyak product kahf juga kalau pakcik mau.",POST,0,0,0,0
https://www.threads.com/@stugarden25/post/DeNaKECEwXl,threads,stugarden25,,2026-10-07T22:15:13Z,"Ya makanya kau fokus boycotting dan perbaiki masalah emosimu... kami pun juga sudah menang di FIFA Asean 2026, walau kau sudah celebration 6-0 dan kecewa kami memaklumi kekecewaan itu.. tapi bukan berarti jadi bisa merendahkan orang lain di timeline dengan umpatan-umpatan yg sangat tidak terdidik..",POST,0,1,0,0
https://www.threads.com/@sxpul__/post/DeNaebok1Yt,threads,sxpul__,,2026-10-07T22:17:59Z,"so ayat kau “ kalah bola “ adalah hoax lah kan ? kau cuma guna hoax untuk argument . FAKTANYA Malaysia tak kalah sama Indonesia ? So betullah rakyat kau hanya suka makan hoax seperti Malaysia makan beras dari indo ? Dah menang FIFA asean kan ? then menang la . Tapi , FAKTANYA boycot sebab PR kahf . bukan sebab bola . PR tahu gak ?",POST,0,1,0,0
https://www.threads.com/@iqbalnural/post/DeML5Xao3Lp,threads,iqbalnural,,2026-10-07T10:51:21Z,"Mau dihujat 1 Negara pun hari ini, besok Kahf akan tetap banyak dibaca orang-orang di hari Jumat 🤭",POST,117,13,0,0
https://www.threads.com/@dreamrrose_ngr/post/DeNabk_Eyo0,threads,dreamrrose_ngr,,2026-10-07T22:17:36Z,"Mereka menghujat Kahf , aku tag aja pak cik anwar Ibrahim, lgsg mereka pd ga berani balas 🤣 jd ga perlu drain energy lg",POST,0,0,0,0
https://www.threads.com/@siruptjaportu69/post/DeNaVZ3D4K-,threads,siruptjaportu69,,2026-10-07T22:16:46Z,"Aku melihat kasus Kahf ini sedikit berbeda.

Bukan soal apakah Kahf sengaja membuat strategi marketing seperti itu atau tidak. Kita nggak tahu.

Tapi kalau sebuah kejadian dibaca dari perspektif marketing, ada satu hal yang jelas: spotlight-nya berhasil didapat.

Awalnya cuma satu postingan tentang euforia sepakbola.

Indonesia menang. Euforia. Trash talk. Meme “beda level”.

Dalam konteks sepakbola, hal seperti itu sebenarnya bukan sesuatu yang asing.",POST,0,17,0,1
https://www.threads.com/@siruptjaportu69/post/DeNaVb-D8b2,threads,siruptjaportu69,,2026-10-07T22:16:46Z,"Masalahnya, ketika dibawa keluar dari konteks sepakbola, sebagian orang membacanya sebagai penghinaan terhadap negaranya.

Lalu marah.

Lalu repost.

Lalu quote.

Lalu dibahas media.

Lalu orang yang sebelumnya bahkan nggak tahu Kahf jadi tahu:

Oh, ternyata ada brand bernama Kahf.

Dan di sinilah sisi marketing-nya menjadi menarik.

Untuk pasar dalam negeri saja, Kahf mendapatkan exposure tambahan dari pembicaraan yang sebenarnya tidak perlu mereka bayar.",POST,0,1,0,1
https://www.threads.com/@siruptjaportu69/post/DeNaVZ6Dwky,threads,siruptjaportu69,,2026-10-07T22:16:46Z,"Itulah data yang sebenarnya penting.

Saya justru penasaran dengan apa yang terjadi setelah euforia ini selesai.

Berapa banyak orang Malaysia yang benar-benar berhenti membeli Kahf?

Berapa banyak yang justru baru mengenal Kahf karena kontroversi ini?

Berapa banyak yang akhirnya mencoba produknya?

Dan apakah penjualan Kahf di Malaysia benar-benar turun?",POST,0,1,0,1
https://www.threads.com/@siruptjaportu69/post/DeNaVaZjw4Y,threads,siruptjaportu69,,2026-10-07T22:16:46Z,"Karena kalau mayoritas cuma marah di media sosial selama seminggu, kemudian kembali menjalani kehidupan seperti biasa, sementara awareness terhadap Kahf sudah meningkat…

Secara marketing, exposure tersebut tetap punya nilai.

Dan di sinilah saya merasa ada sedikit ironi.

IQ yang katanya tinggi, tetapi konteks kadang dibaca terlalu pendek.

Euforia sepakbola diperlakukan seolah-olah merupakan pernyataan politik atau penghinaan terhadap sebuah bangsa.

Padahal konteks awalnya adalah sepakbola.",POST,0,1,0,1
https://www.threads.com/@siruptjaportu69/post/DeNaVbbD55O,threads,siruptjaportu69,,2026-10-07T22:16:46Z,"Kalau penjualan malah naik, mereka mendapatkan sesuatu yang jauh lebih berharga:

brand exposure sekaligus penetrasi pasar.

Dan bukan cuma di Malaysia.

Pasar dalam negeri juga ikut terpapar.

Belum lagi awareness regional ASEAN yang mungkin sebelumnya tidak mereka dapatkan dengan satu kampanye biasa.

Tapi kalau penjualan Malaysia jatuh signifikan dan sentimen negatif bertahan lama, maka spotlight itu berubah menjadi bumerang.

Jadi saya tidak melihat ini sesederhana:",POST,0,1,0,1
https://www.threads.com/@siruptjaportu69/post/DeNaValD265,threads,siruptjaportu69,,2026-10-07T22:16:46Z,"“Kahf menang marketing.”

Atau:

“Kahf hancur karena dihujat.”

Belum tentu keduanya.

Saya justru melihat ini sebagai sebuah eksperimen pasar yang terjadi secara organik.

Dan yang menentukan hasil akhirnya bukan siapa yang paling keras marah di Threads.

Tapi angka penjualan setelah semua orang selesai marah.

Karena media sosial bisa membuat sebuah brand terkenal dalam satu malam.

Tapi hanya konsumen yang menentukan apakah brand itu akan bertahan.",POST,0,0,0,1
https://www.threads.com/@siruptjaportu69/post/DeNaVaFD2Ik,threads,siruptjaportu69,,2026-10-07T22:16:46Z,"Citra brand bisa rusak.

Dan kalau sentimen negatif bertahan lama, exposure yang awalnya menguntungkan justru berubah menjadi beban.

Viral tidak selalu berarti berhasil.

Bisa saja mention naik ribuan persen, tetapi penjualan justru turun.

Sebaliknya, bisa saja orang marah selama seminggu, kemudian dua minggu berikutnya semuanya kembali normal dan produk tetap dibeli.

Karena pada akhirnya konsumen tidak membayar dengan komentar.

Mereka membayar dengan uang.",POST,0,1,0,1
https://www.threads.com/@chunchu_maru/post/DeNUwQ6ky1s,threads,chunchu_maru,,2026-10-07T21:28:00Z,"Kalau begitu kenapa post sebelum ti di padam dan mintak maaf.. Kan khaf banyak pasaran luar selain Malaysia.. Terukan Aja posting tu, tak perlu padam..",POST,0,1,0,0
https://www.threads.com/@khatergy_/post/DeNcraUEjlB,threads,khatergy_,,2026-10-07T22:37:14Z,"Karena mereka merasa bersalah.. sebenarnya tak bersalah, cuma merasa bersalah saja. Kahf bukan cuma di ekspor di malaysia saja, tapi se asia tenggara.. negara yg lain diam, pasalnya mereka paham itu konteks nya bercanda. Tapi cuma malaysia yang brisik, lebay, baper, sok tersakiti, dan play victim.",POST,0,0,0,0
https://www.threads.com/@siruptjaportu69/post/DeNaVZ0j3eC,threads,siruptjaportu69,,2026-10-07T22:16:46Z,"Satu postingan bisa menjangkau percakapan yang jauh lebih luas daripada target awalnya.

Dan karena kontroversinya melibatkan Malaysia serta negara-negara ASEAN lainnya, exposure-nya tidak berhenti di Indonesia.

Satu postingan bisa membuat brand Indonesia dibicarakan lintas negara.

Indonesia dapat exposure.

Malaysia dapat exposure.

Negara-negara ASEAN lain ikut melihat.

Bahkan orang yang awalnya tidak punya kepentingan dengan produk grooming pria pun akhirnya mengenal nama Kahf.",POST,0,1,0,1
https://www.threads.com/@siruptjaportu69/post/DeNaVZ4j5Dy,threads,siruptjaportu69,,2026-10-07T22:16:46Z,"Bukan berarti Kahf tidak boleh dikritik. Brand memang punya tanggung jawab lebih besar daripada akun pribadi.

Tetapi membedakan antara trash talk sepakbola, komunikasi brand, dan penghinaan terhadap sebuah bangsa seharusnya tidak terlalu sulit.

Yang lebih menarik justru melihat konsekuensinya secara objektif.

Kalau kontroversi ini membuat orang semakin mengenal Kahf tetapi tidak berdampak signifikan terhadap penjualan, Kahf mendapatkan awareness dengan biaya yang sangat murah.",POST,0,1,0,1
https://www.threads.com/@siruptjaportu69/post/DeNaVaGD9P7,threads,siruptjaportu69,,2026-10-07T22:16:46Z,"Bayangkan kalau untuk mendapatkan awareness sebesar itu harus membeli iklan di berbagai negara ASEAN.

Biayanya tentu tidak kecil.

Di sini mereka mendapatkannya melalui satu postingan yang kemudian didorong oleh pengguna media sosial sendiri.

Tentu saja, ini bukan berarti kontroversi selalu bagus untuk brand.

Ada sisi negatifnya.

Kalau kemarahan itu benar-benar berubah menjadi perilaku konsumen, Kahf bisa kehilangan pelanggan.

Distributor atau retailer bisa terdampak.",POST,0,1,0,1
https://www.threads.com/@sy_not236/post/DeNZO4xE8yG,threads,sy_not236,,2026-10-07T22:07:08Z,Bca la ayat jojo tu mcm mana,POST,11,3,0,0
https://www.threads.com/@badd.hairi/post/DeNaNK0Ezwx,threads,badd.hairi,,2026-10-07T22:15:38Z,"Aku tgk okay je ayat dia,dia pon admit kahf buat kesilapan bodoh..dan dia pon ckp kalau korang nk boikot kahf tkda masalah,takda pulak aku baca jojo suruh jangan boikot😂tu terpulang pada keputusan masing ii la..dan korang tk pyh nk kondem jojo sbb dia still dgn kahf sbb jojo masih ada kontrak.kalau jojo tarik diri tak pasal ii dia kena saman..rakyat mlysia nk tolong jojo ke kalau dia kena saman??",POST,0,1,0,0
https://www.threads.com/@faridkamaruddin/post/DeNZictEwXz,threads,faridkamaruddin,,2026-10-07T22:09:48Z,Boikot kahf mmg x pakai dah brand nie. Ak sgp x cuci muka demi maruah bangsa dan negara,POST,0,2,0,0
https://www.threads.com/@mzrakbr._/post/DeNaL2LkkkF,threads,mzrakbr._,,2026-10-07T22:15:27Z,Nah kau guna lah sabun oli beruk muka kau ni biar muke kau mirip dengn kemasan die ni tak usah gune kahf lagi tak sudi juga brand indo digunakan malaydesh 😹,POST,0,0,0,0
https://www.threads.com/@banggammad/post/DeLiQNPk-mo,threads,banggammad,,2026-10-07T04:47:28Z,"woww bertauhid sangat lah tuhh, ni ke pengajaran islam di malaysia?? hahaha",POST,6,1,0,0
https://www.threads.com/@lema_ng08/post/DeNaFiHk9Ch,threads,lema_ng08,,2026-10-07T22:14:36Z,sedangkan postingan ini lu udah marah dan dianggap provokasi kan? kalau kahf sama aja situasinya.. semua pihak ada masalah masing-masing dan terlihat bodph kalau bertengkar karna masalah yang dibuat oleh kedua pihak.,POST,0,0,0,0
https://www.threads.com/@nerisa_nely/post/DeNaCTxky4S,threads,nerisa_nely,,2026-10-07T22:14:09Z,"Bnyak juga brand konoha yg kita support actually ya . kopi kapal, indomie, kahf, wardah, n many brands . X pasal syarikat dia kaya gitu je ..",POST,2,0,0,0
https://www.threads.com/@pojan.sha/post/DeM1E4Fk-pO,threads,pojan.sha,,2026-10-07T16:51:11Z,"ini bila low iq sudah di terangkan malah nggak faham, brand besar perlu profesional bkn buat meme tolol",POST,0,2,0,0
https://www.threads.com/@ff._hdy/post/DeNaBtWjy7j,threads,ff._hdy,,2026-10-07T22:14:04Z,"Sebelum si kahf2 ini bikin utas itu jg warga lo udh ber bondong boikot produk indonesia
Pada dasarnya warga lo emg baperan",POST,0,0,0,0
https://www.threads.com/@iamnotikaaa/post/DeNZ_CBk-N9,threads,iamnotikaaa,,2026-10-07T22:13:42Z,DIAM LA WARSONS TAKYAH ACAH ACAH NAK BERSELINDUNG DENGAN SEBUT BRAND LOCAL !! KAU TERMINATE DULU BRAND KAHF YANG KURANG ADAB TU DULU DARI SELURUH STORE KAU !!,POST,0,0,0,0
https://www.threads.com/@hey_armay/post/DeKZnnAE9YA,threads,hey_armay,,2026-10-06T18:12:47Z,"Aku memang pengguna tegar barangan dari Kahf. So sekarang sebagai rakyat Malaysia, aku nak kena buat apa pasni?",POST,130,111,0,9
https://www.threads.com/@sipiringhitam/post/DeNZtyaEkT1,threads,sipiringhitam,,2026-10-07T22:11:21Z,Tak pernah beli pun produk Kahf...,POST,1,0,0,0
https://www.threads.com/@adizza109/post/DeNZtVgEuxH,threads,adizza109,,2026-10-07T22:11:17Z,"Tak pelah Jojo. Kau nak pakai, kau pakailah sorang Kahf tu.",POST,0,0,0,0
https://www.threads.com/@stugarden25/post/DeNZTVjkyIS,threads,stugarden25,,2026-10-07T22:07:44Z,"No, pembahasan awal tetap tentang adab karena soal itu semua sudah selesai dengan kalian boycot produk Indonesia hanya karena masalah kalah bola..",POST,0,1,0,0
https://www.threads.com/@sxpul__/post/DeNZnlZkxVE,threads,sxpul__,,2026-10-07T22:10:30Z,Kami boycot sebab PR kahf dan bukan sebab bola . Dan boleh kami tak kalah dengan Indonesia . INI FAKTA . Hasil Malaysia vs Indonesia 0-0 . INI FAKTA . Kali terakhir Indonesia kalahkan Malaysia di GBK 2010 itupun masih kalah aggregit . INI FAKTA . Dan punca boycot adalah PR kahf . INI FAKTA . Pernah nampak brand besar troll negara lain ? nike ? adidas ?,POST,0,1,0,0
https://www.threads.com/@chrisamy.10969/post/DeNZbFbk7ar,threads,chrisamy.10969,,2026-10-07T22:08:48Z,Host kat live tt masih menganjing ye kahf tak ikhlas pun says sorry,POST,2,0,0,0
https://www.threads.com/@errysf/post/DeNZaWZE-aU,threads,errysf,,2026-10-07T22:08:42Z,Udh bener pake tanco.. sok”an pake kahf.. kaga mantes muke lu juga,POST,0,0,0,0
https://www.threads.com/@farishizaryl/post/DeNZaSEkyAA,threads,farishizaryl,,2026-10-07T22:08:41Z,"Boleh dah boikot barangan diorang & beli barangan Malaysia.

Kahf = BadLab, Nano White
Mie Sedap, Indomie = Mamee, Cintan, Vits
Kara = Rasaku, Saji, M&S
ABC = Habhal, Adabi
Kopiko = Aik Cheong, Old Town
Roma, Nabati = Julies, Hup Seng, Munchy's
JCo = Big Apple
J&T = Poslaju, GDEX
Richeese = Marrybrown
Kenangan = ZUS, GIGI

Barangan negara lain pun tak apa, tapi bukan diorang.￼",POST,0,0,0,0
https://www.threads.com/@luxeqluxury/post/DeNZVj4k5eG,threads,luxeqluxury,,2026-10-07T22:08:03Z,"choose your Kahf. I choose Malaysia. And no they did not stop there. They continue in their tiktok live after apologising. Once is a mistake, twice is deliberate.",POST,0,0,0,0
https://www.threads.com/@shah_mahadnor/post/DeMrdmpiU_e,threads,shah_mahadnor,,2026-10-07T15:27:11Z,"KAHF BUAT SILAP
Local brands dapat free marketing.

Bunyi macam kasar.

Tapi dari sudut bisnes, itulah yang sedang berlaku.

Satu posting daripada akaun rasmi Kahf mencetuskan kontroversi selepas netizen Malaysia mentafsir kandungan “Hati-Hati Beda Level” sebagai sindiran terhadap negara lain termasuk Malaysia.

.",POST,35,16,0,6
https://www.threads.com/@te_orian/post/DeNZNoKktwQ,threads,te_orian,,2026-10-07T22:06:58Z,35jt warga Malaysia semuanya beli Kahf? Yaampun sama jumlah penduduk 1 provinsi Jawa Barat saja kalah 🤧 kehilangan market 1 provinsi tak terlalu signifikan lah,POST,0,0,0,0
https://www.threads.com/@peacemoodglobal/post/DeNIBmREs9F,threads,peacemoodglobal,,2026-10-07T19:36:46Z,"Jam 2am 8 Oktober 2026.

Mayb bg brand lain..view ini sikit..tapi  bg kami yang baru di pasaran view 50 sangat bermakna. Tq Rakyat Malaysia yang sapot kami.
Proudly Malaysian.kita jaga kita",POST,1068,32,7,196
https://www.threads.com/@its_mieanna/post/DeNZK07E5BW,threads,its_mieanna,,2026-10-07T22:06:35Z,"Boikot kahf, support Peacemood produk local👍",POST,1,0,0,0
https://www.threads.com/@khai._iqsaaa/post/DeNYyqGk1mN,threads,khai._iqsaaa,,2026-10-07T22:03:17Z,"nope, kalian yang sebarkan kenyataan ini….gw ngak ajak yaa….gw cuma bantu terjemahkan bahasa🤥 karna kan terlibat juga dalam kenyataan bukan hanya ada dua bendera malah melibatkan 10 bendera? maka 10 negara dalam isu ini terlibat✅",POST,0,1,0,0
https://www.threads.com/@ridonewsgd/post/DeNZKSXk9GS,threads,ridonewsgd,,2026-10-07T22:06:30Z,"kok ga paham paham apa bebal, dari tulisan kahf aja harusnya bisa paham pemicunya kalian yang mau boycot, kahf bercanda lagi cari jalan untuk ke eropa 🥲",POST,0,0,0,0
https://www.threads.com/@haz.iqpriv/post/DeMlRs6DCyJ,threads,haz.iqpriv,,2026-10-07T14:33:36Z,"Kami itu punya 290 juta jiwa loh!

Also them:",POST,72,36,7,23
https://www.threads.com/@fariqfoxtrott/post/DeNZHljE4WT,threads,fariqfoxtrott,,2026-10-07T22:06:08Z,yang ni 290 juta jiwa yang tolol yang akan support membeli KAHF tu nanti? 😗,POST,0,0,0,0
https://www.threads.com/@mohdnorfazrul/post/DeNYtGbk6AN,threads,mohdnorfazrul,,2026-10-07T22:05:14Z,"Boikot Kahf!
Jalan terus..banyak lagi brand2 Malaysia ade. 
Semoga melingkup la barang2 indon dkt sini..Byk masalah indon bgi dkt kita lagi2 jerebu!",POST,0,0,0,0
https://www.threads.com/@riezogeeshar/post/DeNY_JZkybu,threads,riezogeeshar,,2026-10-07T22:04:59Z,"Exactly. Kahf admin assumed he was being funny, tapi sebenarnya tengah sabotaj brand sendiri. No business should jeopardize its int'l footprint for a cheap football meme. Kalau nak berbisnes secara global, minda pun kena global, bukan setakat level ruangan komen media sosial. Learn to keep it corporate, not emotional.",POST,0,0,0,0
https://www.threads.com/@johanghazali_/post/DeMP-ASk9HW,threads,johanghazali_,,2026-10-07T11:26:57Z,"100% 

Once is a mistake, twice is a decision. 

Everyone deserves a second chance. If they do it again… then Im out.",POST,272,71,7,4
https://www.threads.com/@farah_elkurdogan/post/DeNYr1Dk89k,threads,farah_elkurdogan,,2026-10-07T22:02:21Z,x tgok ke live kahf tu bukn twice tapi bertwice twice weyhhhhh,POST,0,0,0,0
https://www.threads.com/@luqhfi/post/DeNYqNwE3HQ,threads,luqhfi,,2026-10-07T22:02:07Z,"Cancel la nak pi beli Kahf hari ni... 
Boikot habis-habisan @kahfeveryday @kahfeveryday.my",POST,3,0,0,0
https://www.threads.com/@raemln_/post/DeNYpD4knCw,threads,raemln_,,2026-10-07T22:01:58Z,"honestly, people dont really give a shit about the bola pun, orang sakit hati sebab kahf punya post, betul la, kalau berdebat dengan 10 orang iq rendah, memang takkan menang.",POST,0,0,0,0
https://www.threads.com/@polapolly_gift/post/DeNYiA6geR6,threads,polapolly_gift,,2026-10-07T22:01:00Z,"Produk kahf bagus banget loh kak, jadi bersih kalau pakai rangkaian produk tsb, apalagi G2G, wahhh bener2 bikin glowingg🥹",POST,0,0,0,0
https://www.threads.com/@daintger/post/DeNYXkek_Ih,threads,daintger,,2026-10-07T21:59:35Z,shutthefcKAHF,POST,0,0,0,0
https://www.threads.com/@pa.eh/post/DeNYT27EhGB,threads,pa.eh,,2026-10-07T21:59:04Z,"Beza gile alif punya penulisan dengan jojo. Nampak nau jojo x sekolah tinggi

Xpe alif, kahf dah bawa kau sampai berlin kan, habis kontrak kau sambung jela dengan @mydinmalaysia 

Sapot lokal kan",POST,190,3,0,2
https://www.threads.com/@zs_lgcy/post/DeNYLhgE3Uw,threads,zs_lgcy,,2026-10-07T21:57:56Z,Ujian kn. Setiap bnda Allah hntr tu Ujian.  Hihihi. Kita buat pilihan. Nmpk dh plihn kbykn duta kahf ni. Terciduk.,POST,1,0,0,0
https://www.threads.com/@selamanya_hamba_allah/post/DeMSu3tlKyv,threads,selamanya_hamba_allah,,2026-10-07T11:51:05Z,"Rasanya Netizen 🇲🇾 , 🇸🇬 , 🇧🇳 , 🇹🇭  dah boleh berehat dan berhenti melayan mereka2 yang tidak penting .. maju kan negara kita .. sebab kalau kita layan IQ rendah + BoDO , takot berjangkit  … sudah2 la .. tambah dosa .. ✌🏼✌🏼✌🏼",POST,484,369,0,38
https://www.threads.com/@panjiipras/post/DeNYFtYk8CU,threads,panjiipras,,2026-10-07T21:57:08Z,"sssttt jgn berisik kalo masih pake lagu Indonesia, produk Kahf di boikot, tp masih pake Dettol, Madu TJ, dll dari Indo. Jgn berisik klo batu bara dikirim dari indonesia",POST,0,0,0,0
https://www.threads.com/@radzipride_/post/DeMK8-sI33o,threads,radzipride_,,2026-10-07T10:43:07Z,Laaaa... Ngulang balik ayat komen atas? Bapak takdak value nya hidup 🤣,POST,0,1,0,0
https://www.threads.com/@vinoelsevier/post/DeNX_tuk7ZI,threads,vinoelsevier,,2026-10-07T21:56:19Z,"Antara 2 kemungkinan:
1.kahf yg di buang sudah habis
2.setelah membuat video kahf nya di ambil kembali

Tipu tipu je 🤣🤣🤣🤣",POST,0,0,0,0
https://www.threads.com/@zahidzadan/post/DeM4R5zH-It,threads,zahidzadan,,2026-10-07T17:19:11Z,"Antara 2 kemungkinan:
1. Kelemahan utk memahami
2. Pemahaman yg tdk lurus

Dua dua aja🤪😂🤡🫵🏻",POST,0,1,0,0
https://www.threads.com/@vinoelsevier/post/DeNX-BjE4Ht,threads,vinoelsevier,,2026-10-07T21:56:05Z,"Antara 2 kemungkinan:
1.kahf yg di buang sudah habis
2.setelah membuat video kahf nya di ambil kembali

Tipu tipu je 🤣🤣🤣🤣",POST,0,0,0,0
https://www.threads.com/@matric77/post/DeNX4dIE6jb,threads,matric77,,2026-10-07T21:55:20Z,"Kahf ni minta maaf pun x ikhlas, dalam live host siap nganjing…rasa teruskan boikot, terpulang pada hg…sapa makan cili dia yg terasa pedas",POST,27,0,0,0
https://www.threads.com/@kesumadewisrikandi/post/DeNXe9Dk232,threads,kesumadewisrikandi,,2026-10-07T21:51:51Z,"Dorang ni memang jenis suka syok sendiri. Rakyat Malaysia takde yg buat provokasi tak terima kekalahan. Kita diam2 enjoy event F1, dah teruskan dgn kehidupan. Yang membuat provokasi, menghujat Malaysia di sosmed itu mereka. Sebab mereka tak puas hati, eh, kenapa Malaysian diam je ni, rai kan lah dorang dah menang bola. Jadi, dorang provoke, buat ragebait. Indo tuduh dan fitnah perkara jahat kpd Malaysia dan singapore. Dia kata kita bribe singapore. Lepastu, indo api2 kan seablings dgn malaysia.",POST,1,1,0,0
https://www.threads.com/@kesumadewisrikandi/post/DeNX3ilE4qg,threads,kesumadewisrikandi,,2026-10-07T21:55:12Z,"Tapi malang bagi indo, negara seablings lain menyokong Malaysia dan memberi amaran keras kpd indo jgn bawa2 negara mereka dlm perbuatan jahat indo kpd Malaysia. Lepas tu, perangai busuk hati indo ni tak puas hati lagi, selagi Malaysia tak memuja kemenangan bola sepak mereka, mereka ragebait lagi. Kemuncaknya apabila Kahf juga provok Malaysia dan negara2 lain di posting sosmed rasmi mereka. Kahf try hard nak tunjukkan yg indo itu superior beda level dgn negara2 lain umpama di bawah mereka",POST,1,0,0,0
https://www.threads.com/@kisyafox/post/DeNX0cAEzG4,threads,kisyafox,,2026-10-07T21:54:47Z,"Jojo, are you out now? They went back to mocking us on TikTok Live right after apologizing. Keep your word, Jojo!",POST,0,0,0,0
https://www.threads.com/@topanspnd/post/DeMq0dDkjiI,threads,topanspnd,,2026-10-07T15:23:12Z,"Min @kahfeveryday tenang, gue support ya. Jangan takut ancaman tak berarti dari tetangga yang iri dengki itu.",POST,63,65,0,1
https://www.threads.com/@muhdhfz1/post/DeNXyzxkjNI,threads,muhdhfz1,,2026-10-07T21:54:34Z,Kahf kahf kahf batuk jerebu,POST,0,0,0,0
https://www.threads.com/@krisnaadipradana/post/DeLrwrXn3uf,threads,krisnaadipradana,,2026-10-07T06:10:33Z,"Besok kalau punya admin brand, saya cuma suruh iklan aja. Jangan nanggapi neko-neko. Nama perusahaan dipertaruhkan. Ngebangun brand susah eh ketimpa admin belegug.🗿",POST,4,6,0,0
https://www.threads.com/@pandu_tara/post/DeNXycvk5eS,threads,pandu_tara,,2026-10-07T21:54:31Z,Ngomongin kahf? Ah enggak kok. Semua orang sebenernya tahu kalau itu konteks bola. Dan emang yg marah orang2 bola aja sama ygvsumbu oendek. Kek gini2 cuma bentar sajam sama kayak yang lalu lalu.,POST,0,0,0,0
https://www.threads.com/@chepot_saepuloh/post/DeNXuOgEyUf,threads,chepot_saepuloh,,2026-10-07T21:53:56Z,Admin kahf my ngapain lah bikin pernyataan biarin je lah gak ngaruh cuma malaydesh yg boikot2 mah,POST,0,0,0,0
https://www.threads.com/@sazabisinanju/post/DeM84uDE7nU,threads,sazabisinanju,,2026-10-07T17:59:26Z,Wow Malay mocking the Kahfi Surah from Alquran?,POST,0,1,0,0
https://www.threads.com/@justipanz._/post/DeNXnTTk4Ye,threads,justipanz._,,2026-10-07T21:52:59Z,"ai bawak agama lak,kahf dengan ayat al-quran lain bro..kau jangan samakan al-quran dengan produk baru4 tu..otak letak kat mana lutut? patut aa iq macam monyet",POST,0,0,0,0
https://www.threads.com/@soulred916/post/DeNXfAVE1Gp,threads,soulred916,,2026-10-07T21:51:51Z,yg pergi tu semua takde beli produk kahf pun 🤣 bukan pengguna.,POST,0,0,0,0
https://www.threads.com/@piks_08/post/DeNWifpE-eI,threads,piks_08,,2026-10-07T21:43:36Z,"Bang sy orng indo yg sangat tidak menyalahkan malaysia marah. Silahkan marah karena memang pantas di marah brand itu. 
DAN SAYA JG TAK DUKUNG PERBUATAN BRAND INI. 

Karena emang brand  INI  MENURUT SAYA SALAH. 
Tp satu perlu di ingat : yg buat cakap gambar itu adlh hasil otak satu brand , bukan berarti itu adalah isi otak semua orng indonesia dan semua brand indonesia. 

Mknya saya di situ cakap buat brand :  tolong jangan buat branding iklan BAWA SARA APLAGI ANTAR NEGARA INI AROGAN SEKALI.",POST,0,1,0,0
https://www.threads.com/@jerebugratis/post/DeNXd15E_y6,threads,jerebugratis,,2026-10-07T21:51:42Z,"Luaskan mata mu dik, ko tengok influencer ko cakap apa pasal malaysia, bukan brand kahf sahaja, orang2 terkenal di negara kamu tak ada yang cakap tentang bantuan malaysia hantar helikopter dan pesawat, yang ada hanya hinaan, isi otak semua tak sama ? Baik, aku tunggu ni mana2 influencer yang cakap tentang bantuan malaysia beri, selagi ga wujud bermakna ga ada isi otak lainnya 😁",POST,0,2,0,0
https://www.threads.com/@shahrizaldenci/post/DeMNUMtE0j_,threads,shahrizaldenci,,2026-10-07T11:03:45Z,negara kecil seperti kita hanya mampu lihat. Maybe Kahf boleh membantu memadamkan api.,POST,2285,36,0,34
https://www.threads.com/@nina_yusriii/post/DeNXdkrk8XY,threads,nina_yusriii,,2026-10-07T21:51:40Z,biar kahf dgn jennifer tolong padamkan api,POST,0,0,0,0
https://www.threads.com/@zuhairirashidi.ter/post/DeNXVOTE1Dd,threads,zuhairirashidi.ter,,2026-10-07T21:50:31Z,"Kalau kau rasa kau cinta negara kau takkan tergamak backup org yg dah hina negara. Sekecil kecil jasa kau pada negara tetap jugak org ingt sampai mati, jgn disebabkan kau bekerja bawah dorg kau biarkan maruah negara kau tergadai. Shame on you la kids. Pernah idolkan kau tpi nope ternyata salah idol. Kau dgn kahf boleh gi jahanam. Sekian",POST,0,0,0,0
https://www.threads.com/@aisymeena77/post/DeNXN9qk8GA,threads,aisymeena77,,2026-10-07T21:49:32Z,"siotnya. aku boleh menangis 6 pagi ni sebb terharu scroll thread semua product local yg lalu ?? 
weh comelnya kita 😭 sweet sangat.. product yg lama tenggelam pun tetiberr ada thread 🥹

thanks kahf sbb jdi punca rakyat kitorang lebih maju. 
MAKA KAMII 🇲🇾",POST,14,0,0,0
https://www.threads.com/@mknajmiey/post/DeNXHmaDIaj,threads,mknajmiey,,2026-10-07T21:48:40Z,Host mereka pun duk perli-perli non stop semalam semasa buat live jual KAHF. Sebegitu rendah akhlak mereka.,POST,40,0,0,1
https://www.threads.com/@soffianjamaludin17/post/DeNXCTzk3g2,threads,soffianjamaludin17,,2026-10-07T21:47:56Z,shaiya. xtahu kahf tu apa. tahu surah kahfi je.,POST,0,0,0,0
https://www.threads.com/@plimaupurut/post/DeMvSrTCX8B,threads,plimaupurut,,2026-10-07T16:00:39Z,"Founder kahf. Orang minang katanya
Dah boleh Boycott dah kot. Sejenis tak pakai otak sebelum post something.",POST,215,140,0,30
https://www.threads.com/@kat1e_summer/post/DeNW1uPkkW-,threads,kat1e_summer,,2026-10-07T21:46:13Z,@meta.ai bisa jelasin kenapa malaysia boykot kahf?,POST,0,1,0,0
https://www.threads.com/@ciksyuhailla/post/DeNW1P-koCQ,threads,ciksyuhailla,,2026-10-07T21:46:09Z,"KAHF ❌
Kafh ✅
Pekat likat. Nak troll tp hmm malas sebut",POST,0,0,0,0
https://www.threads.com/@indontolol/post/DeNWtIVk4CK,threads,indontolol,,2026-10-07T21:45:03Z,287juta itu mau beli beras aja tak mampu. Beli kahf? 2tahun wadidawww baru mampu,POST,0,0,0,0
https://www.threads.com/@dihah_zainal/post/DeMlqA1Goxt,threads,dihah_zainal,,2026-10-07T14:36:27Z,"Info info, dah lengang. Main2 kau dengan rakyat Malaysia 🇲🇾",POST,24738,4135,48,2128
https://www.threads.com/@ladiesapronchapters/post/DeNWmtvEzwY,threads,ladiesapronchapters,,2026-10-07T21:44:10Z,"Tapi kenangan ok ..setakat now fnb no problem..
Yg problem is bila kahf tu under same  gugusan as wardah, elmina etc etc etc…. Kita nak tahu value apa sebenarnya behind close doors..

Hiring reflects company values tooo",POST,0,0,0,0
https://www.threads.com/@m_afdhal183/post/DeNWOsrE8RA,threads,m_afdhal183,,2026-10-07T21:40:53Z,"Gile, eskalasinya udah kayak Fox News ngeblaiming Islam. Absurd banget buset.",POST,0,1,0,0
https://www.threads.com/@khai._iqsaaa/post/DeNWejlE7YR,threads,khai._iqsaaa,,2026-10-07T21:43:03Z,"ini gambar bukan rekaan, kenyataan Kahf makanya sudah diletakkan bendera negara-negara sekaligus terlibat dalam hal ini, gw malay+thai mixed makanya fahamkan",POST,5,0,0,0
https://www.threads.com/@budilee12/post/DeMBjtxk9IT,threads,budilee12,,2026-10-07T09:21:01Z,"Kabarnya ada satu negara boikot produk cuci muka Indonesia punya. Sejelek itu produk lokal mereka. Sok sokan boikot. Konsumen Indonesia jauh lebih banyak anjirr, di kencingin satu Indonesia pun kelelep lo pada..",POST,218,807,1,3
https://www.threads.com/@userdeadonce/post/DeNWed1k1AA,threads,userdeadonce,,2026-10-07T21:43:03Z,rame tapi lebih rame yang miskin. dan yang miskin gabakal beli. shampoo aja beli paket HAHAHAHAH. kamu pikir orang kaya di indo mau pake brand kahf?? kocag lu dah. padam apinya dulu nih https://vt.tiktok.com/ZSbb48qNQ/,POST,0,0,0,0
https://www.threads.com/@budilee12/post/DeNVf4HE0iG,threads,budilee12,,2026-10-07T21:34:30Z,"Takut ahh di boikotttt.. 😅😅🙏
Lo ga asik, dikit² tantruman.
Perkara kalah main bola. Ngamuk 1 warga. Hahaha",POST,0,1,0,0
https://www.threads.com/@wafiyqqqq/post/DeNV05KEwvy,threads,wafiyqqqq,,2026-10-07T21:37:22Z,"Hahaha, jika karena bola doang ngapain ngamuk dan boikot 🤣🤣..

Itu silap kahf sendiri yang tak pandai troll dan banter secara professional as a brand. Guna account brand gi troll yang negatif. Ya emang lah kena serang.

'Kecerdasan emosional rendah itu yang tak pandai nak jadi professional sampai semua nak into the scene.",POST,0,1,0,0
https://www.threads.com/@aldebaran_shouki/post/DeNVpPrEhlj,threads,aldebaran_shouki,,2026-10-07T21:35:47Z,Nivea itu terafiliasi Israel masih kau pakai? 🤣🤣🤣 Lebih baik pakai kahf lah daripada produk Israel.,POST,0,0,0,0
https://www.threads.com/@smart_hafiz_jember/post/DeM0RWDkjwo,threads,smart_hafiz_jember,,2026-10-07T16:44:09Z,"Aku pernah beli, belum dipakai semua 1 paket ternyata muncul jerawat. 
Jadi aku kasi sama sepupuku, tadinya mau hijrah dari wardah.. 
Ternyata kulitku gak bisa MoveOn dari wardah.. 
Jadi inget hari ini balesin utas orang yang katanya mau boikot adeknya wardah, emang kulit kalian gak berontak apa kalau pindah produk? 🤭",POST,0,2,0,0
https://www.threads.com/@affbysofia/post/DeNc9xpkqkY,threads,affbysofia,,2026-10-07T22:39:45Z,"Iya aku baca lagi rame, si Kahf 😭😭😭",POST,0,0,0,0
https://www.threads.com/@amrn7z_/post/DeNWifKkoAP,threads,amrn7z_,,2026-10-07T21:43:36Z,"situasi beza bangg alemekk apa bang ngang sgt kau ni terang2 kahf dgn jojo ada contract, sign contract dari sebelum ni kes ni lagi. yg bobt20 deal kosong atas angin dlm chat, nk cari publisiti murahan biar fyp video diaorang. bole bezakan tk? tu lah sebab tu jgn banyak sgt main game nanti otak tk berkembang",POST,0,0,0,0
https://www.threads.com/@mknajmiey/post/DeNVlJlk0ry,threads,mknajmiey,,2026-10-07T21:35:13Z,Assalamualaikum selamat pagi. Malaysian. Lepas ni kalau pergi beli barang penjagaan diri nampak KAHF je terus skip. Kali ini kasi jadi. BOIKOT. Sebab kita 34 juta mereka tidak terkesan. Itu rakyat Indonesia kata.,POST,3,21,0,0
https://www.threads.com/@arif1878929/post/DeNViqlEqr6,threads,arif1878929,,2026-10-07T21:34:53Z,done buang kahf,POST,0,0,0,0
https://www.threads.com/@al_kifayah2003/post/DeNVcuXjeXY,threads,al_kifayah2003,,2026-10-07T21:34:07Z,"He had EVERYTHING… until ONE sentence destroyed it all.

The Quranic story of the two men and the two gardens — Surah Al-Kahf (18:32-44). Wealth, beauty, and success are blessings… but they can disappear in a single night. What lasts is faith, gratitude, and the deeds we send ahead.

What blessing in your life do you sometimes take for granted?

#SurahAlKahf #Quran #IslamicReminder #IslamicStories #TwoGardens Muslim Islam AlKifayah Reels",POST,4,0,0,1
https://www.threads.com/@superrulbanchamek/post/DeNVYRTk2y_,threads,superrulbanchamek,,2026-10-07T21:33:28Z,Kepada owner kahf peragai cam budak2 tak sekolah sorry lah ckp. Kau nak buat joke bodoh tentang Malaysia masa time rezeki bkn cara cmni nk jadi bodo biar sorang2. Ni dah lah bodo pastu minta maaf tak kisah mcm sial peragai kau hbs semua jadi huru hara sbb peragai kau cam sial,POST,0,0,0,0
https://www.threads.com/@andrianagaf.real/post/DeND-cvn-3W,threads,andrianagaf.real,,2026-10-07T19:01:23Z,"PT Paragon sudah cukup kuat, tak perlu risau..
🤣🤣🤣",POST,0,2,0,0
https://www.threads.com/@gembaiiii_/post/DeNVG5PE-mG,threads,gembaiiii_,,2026-10-07T21:31:05Z,Duk ulang ulang paragon kau je lah check balik kahf nih gila gila buat marketing kat malaysia ni kenapa?,POST,0,1,0,0
https://www.threads.com/@neomikoto7890/post/DeMq4xSj_8e,threads,neomikoto7890,,2026-10-07T15:22:09Z,"itu salah satu reasons, ini indon low iq menghina raja, tun m dan arwah tun hasmah. even oranv sudah meninggal indon buat jokes. stupid indon. dan brand kahf leoas buat apology tapi tak pantau livehost yang mana masih provoke",POST,0,1,0,0
https://www.threads.com/@pandu_tara/post/DeNVADTkxQh,threads,pandu_tara,,2026-10-07T21:30:09Z,Itukan bukan si kahf. Berarti betul kesimpulan saya. Sumbu pendek yang marah2. ternyata iq malay sama je kek indo. Rendah yang bikin sumbu pendek. Tak bisa bedain subject. 🤣,POST,0,0,0,0
https://www.threads.com/@fphinn_salasain/post/DeNU7XXDc8V,threads,fphinn_salasain,,2026-10-07T21:29:31Z,Why our flag is there also? We filipinos are very loving person. Wtf this kahf product btw?,POST,0,0,0,0
https://www.threads.com/@leynar.uno/post/DeNU4ksE9XQ,threads,leynar.uno,,2026-10-07T21:29:08Z,"wkwk boikot kahf malah pake brand jaman purba, auto jadi hitam lagi lah kalian, dikasih produk bagus malah pilih brand jaman purba🤣🤣",POST,0,0,0,0
https://www.threads.com/@mr.nih/post/DeNXwVCk4x5,threads,mr.nih,,2026-10-07T21:54:13Z,Lunyaila produk indo sebulan dua dkt Malaysia ni terutama produk Kahf .,POST,0,0,0,0
https://www.threads.com/@zola_clara_/post/DeM2K-nEywK,threads,zola_clara_,,2026-10-07T17:00:46Z,"Di pikir kita orang primitif kali ya ,🙂‍↕️ masih bilang berapa persen yg bisa beli , receh semua yg kalian boycot ituuuu…. Ibu2 pengangguran kayak saya pun bisa beli …. Coba cari yg agak mahalan dikit .",POST,1,1,0,0
https://www.threads.com/@adibah_farhanah96/post/DeNUyGtE1Z0,threads,adibah_farhanah96,,2026-10-07T21:28:15Z,Ada sy kata produk kahf tu mewah.. terserah kau mau beli produk murahan tu,POST,0,0,0,0
https://www.threads.com/@qmy_myh47/post/DeMg9TnGEEG,threads,qmy_myh47,,2026-10-07T13:55:24Z,"gila @badlabco  SEMUA SOLD OUT ! 
Tahniah RAKYAT MALAYSIA ! Lets GOO",POST,67,4,0,7
https://www.threads.com/@bebeads.me/post/DeNUwppk6Uh,threads,bebeads.me,,2026-10-07T21:28:03Z,"I x fhm yg support kahf tu. My fam sekolah pakai badlab, good virtues. Now ada add hygr. Skincare teamon or zarzou. Make up Wawa or product siti nurhaliza. Why ambik product indon x fhm aku.",POST,0,0,0,0
https://www.threads.com/@tc.hazimmuhayuddin/post/DeNUmS9ExdM,threads,tc.hazimmuhayuddin,,2026-10-07T21:26:38Z,"boikot semua brand dari sana, jgn sembang hal kesian bagai. Dulu dorg boikot petronas tak ada kesian pula kan. Boikot semua jgn kahf dan kenangan coffee je, indo mie semua tu sekali",POST,1,0,0,0
https://www.threads.com/@amyrasyaaaaaa/post/DeNTXmLk0gX,threads,amyrasyaaaaaa,,2026-10-07T21:15:53Z,hai saja nak bagitahu kalau nak bagi muka bersih dari jerawat nak muka licin and nak nampak handsome pakai product “ kahf “ tau biar nampak handsome sikit hehehehehehehe “ siapa makan cili dia rasa pedas “,POST,0,2,0,0
https://www.threads.com/@rahmaddsaputraa/post/DeNUdNEk3nn,threads,rahmaddsaputraa,,2026-10-07T21:25:24Z,Product kahf murah sangat di Indonesia not my level lah,POST,0,0,0,0
https://www.threads.com/@amiramri90/post/DeNUO8skzyy,threads,amiramri90,,2026-10-07T21:23:27Z,"Oh, baru faham. Bagai mencurah minyak ke dalam api.

Betul ke kita tak boleh berikan kesan kepada mereka?

Mungkin kita boleh buktikan. Alkisahnya brand #Kahf",POST,0,0,0,0
https://www.threads.com/@afifahlajid/post/DeMbBdxEyfb,threads,afifahlajid,,2026-10-07T13:03:32Z,did they know Indomie sini Malaysia nda sepopular mcm dorang fikirkan?! HAHAHAHAHA,POST,166,153,1,4
https://www.threads.com/@bqhrey/post/DeNUMq2kz2s,threads,bqhrey,,2026-10-07T21:23:08Z,"Berhubung timnas mereka gak juara AFF, ngga juara Asean Cup, gak lolos piala asia, makanya mereka bahas rupiah, pasport, kahf, Indomie, kamari. Pembahasan tak penting & tak ada hubungannya sama bola. Sebab, bola timnas Malaysia tak ada yang bisa dibahas.",POST,0,0,0,0
https://www.threads.com/@alharizun/post/DeLTB80CdNM,threads,alharizun,,2026-10-07T02:34:27Z,what if konoha tu sebenarnya yakjuj makjuj,POST,1642,104,2,97
https://www.threads.com/@bqhrey/post/DeNUD03E_Cc,threads,bqhrey,,2026-10-07T21:21:56Z,"Berhubung timnas mereka gak juara AFF, ngga juara Asean Cup, gak lolos piala asia, makanya mereka bahas rupiah, pasport, kahf, Indomie, kamari. Pembahasan tak penting & tak ada hubungannya sama bola. Sebab, bola timnas Malaysia tak ada yang bisa dibahas.",POST,0,0,0,0
https://www.threads.com/@aiman.co12/post/DeMMNRMk64S,threads,aiman.co12,,2026-10-07T10:54:04Z,"Gila tak gila kuasa rakyat Malaysia sampai nak nangis host tu dan sorok muka dia ... Itulah nak buat something kena la fikir dluu, dh jadi mcm ni susah dah nak patah balik..",POST,396,112,0,19
https://www.threads.com/@mamat_berkilau/post/DeNUDwck5Oa,threads,mamat_berkilau,,2026-10-07T21:21:55Z,Kahf kocakkk,POST,0,0,0,0
https://www.threads.com/@tonyhasmadeit/post/DeNT9IsEkDs,threads,tonyhasmadeit,,2026-10-07T21:21:01Z,"Imagine kalau betul jadi. Dengan cara macam ni. Senang je. Wakil Kahf cari sorang ahl plitik/event organisers/any individu etc dari MY yang tengah kebulur fulus. Let say kalau sebulan Kahf boleh hilang puluhan juta, dia offer je la sejuta dua pada si kitul untuk tandatangan meluluskan benda ni. Kos lain kahf tanggung. Satu konsert tak sampai berpuluh juta. Dari rugi berpuluh juta dan mungkin muflis, baik dia buat macam ni. Masuk akal ke macam ni?",POST,0,0,0,0
https://www.threads.com/@oxlail/post/DeNcbJrE4s8,threads,oxlail,,2026-10-07T22:35:01Z,"gw nulis ASEAN goblok, matanya letak dimana sih? 😭",POST,0,1,0,0
https://www.threads.com/@lucky_dvck/post/DeNdMjuEw_y,threads,lucky_dvck,,2026-10-07T22:41:46Z,"Justru gw gak mau bahas asean, goblokkkkk karena kahf itu cuman masuk di malay brunei dan singapore,, TOLOLL market kecil semua ngapain di bhas wkwkwkw gak penting 😂😂 dan ngapain lo ngasih screenshoot itu lagi bodohh??? Screenshot gw sebelomnya juga sama isinya🤣 Apa di situ ada menyatakan kalau pasar malaysia lebih besar dari indo?? Bhahahah sumpah lu tolol bnget",POST,0,0,0,0
https://www.threads.com/@seeraanaaa/post/DeMrdb1Eje3,threads,seeraanaaa,,2026-10-07T15:27:10Z,"eh susah banget loh ngejelasin ke beberapa netizen indonesia kalo admin kahf tuh emang salah, ini bukan masalah baperan atau engga, ini masalah citra brand🥲. berbusa ngomong mereka pun tetep gapaham, ini jokes bakal biasa aja kalo diposting sama akun pribadi seseorang, tapi tidak dengan diposting sama akun brand besar apalagi produk kahf dikonsumsi sama orang malaysia juga",POST,1530,210,5,75
https://www.threads.com/@daiisyyvm/post/DeNa7tdkwfE,threads,daiisyyvm,,2026-10-07T22:21:59Z,"betul! husb saya mmg selalu beli&pakai product kahf. saya as istri yg cantik, mmg takkan suruh dia beli lagi product taik tu. not profesional at all. REMPIT",POST,0,0,0,0
https://www.threads.com/@s_giono25/post/DeNETD7E1qH,threads,s_giono25,,2026-10-07T19:04:12Z,Bodoh lah kau tak de internet ke? Carilah data yang patut😂😂,POST,0,2,0,0
https://www.threads.com/@vislian/post/DeNT6nrE2U0,threads,vislian,,2026-10-07T21:20:40Z,"emang Korang fikir di Indonesia 1 aja brand sabun cuci muka ni? kahf ni brand bawah bagi saya.. masih ada ,Pond's , Garnier,Wardah ,biore,Emina,acnes,skintific,cetaphil,hada labo dll , ih minim literasi",POST,0,0,0,0
https://www.threads.com/@ayra.nadia1/post/DeNBGO6EgTp,threads,ayra.nadia1,,2026-10-07T18:36:14Z,"Malaysia tak benci indonesia pun. Tak percaya? Cuba sebulan korang stop burukkan Malaysia, tengok kita react macam mana. 

Kami hanya react terhadap apa yang korang mulakan dulu, thats it.",POST,7,16,0,1
https://www.threads.com/@bqhrey/post/DeNT6TAk3ZG,threads,bqhrey,,2026-10-07T21:20:38Z,"Dari awal kami bahas bola, kalian yg bahas ringgit, pasport, Indomie, kahf. Makanya pembahasan jangan melebar kemana2. Troll dalam football itu hal biasa. Salah sendiri sampe serang istri hubner & anaknya. Kalian yg mulai dulu",POST,0,1,0,0
https://www.threads.com/@jarecah/post/DeMvkgvE0oe,threads,jarecah,,2026-10-07T16:03:11Z,"cah! kita sering bangga sama orang yang gak pernah absen sakit, tp jujur — itu bukan dedikasi, itu takut dipecat doang. kita hidupin budaya di mana sakit = egois.",POST,0,1,0,0
https://www.threads.com/@jarecah/post/DeNT5k7k-OR,threads,jarecah,,2026-10-07T21:20:37Z,"relate banget soal budaya ""gak boleh sakit"" ini. btw banyak yang nanya soal perawatan diri buat laki-laki di kolom komentar, termasuk gue sendiri. dulu gue acuh sama muka sampai satu Minggu pakai Sabun Wajah Pria Kahf ini dan hasilnya mulai keliatan, minusnya cuma agak kering di kulit gue yang oily banget, jujur aja harus tunggu 5 detik buat meresap. tapi overall worth it lah, cek aja dulu di https://s.shopee.co.id/3LRJOZlHWI, gak usah beli.",POST,0,0,0,0
https://www.threads.com/@ammr.asyrff/post/DeMpA-IGUIW,threads,ammr.asyrff,,2026-10-07T15:05:48Z,,POST,0,2,0,0
https://www.threads.com/@zacharyz_34/post/DeNT2PGE1DR,threads,zacharyz_34,,2026-10-07T21:20:04Z,"Orang Indonesia cinta produk Indonesia, dengan penduduk Indonesia 287,19 juta orang, produk Kahf paling laris di Shopee, paling laris dijual juga di offline (tersedia di Indomaret, Alfamart, toko2 lainnya). Ga usah pede banget, Kahf diboikot sama malaydesh, tetep paling laris di Indonesia, Brunei, Singapore.",POST,0,0,0,0
https://www.threads.com/@adwqstna/post/DeM-G2qEmnm,threads,adwqstna,,2026-10-07T18:10:06Z,"indonesian, please sedar yang pihak kamu yang mula kan “ perang ”. malaysian takkan saja saja nak mengutuk kalau bukan kamu penyebabnya. please use your brain.",POST,58,52,1,9
https://www.threads.com/@bqhrey/post/DeNTr4pk2HP,threads,bqhrey,,2026-10-07T21:18:40Z,"Berhubung timnas mereka gak juara AFF, ngga juara Asean Cup, gak lolos piala asia, makanya mereka bahas rupiah, pasport, kahf, Indomie, kamari. Pembahasan tak penting & tak ada hubungannya sama bola. Sebab, bola timnas Malaysia tak ada yang bisa dibahas.",POST,0,0,0,0
https://www.threads.com/@bulubetis/post/DeMPPAxk6OR,threads,bulubetis,,2026-10-07T11:20:32Z,indon negara paling sial selepas israhel,POST,0,20,0,0
https://www.threads.com/@bqhrey/post/DeNTirqE09h,threads,bqhrey,,2026-10-07T21:17:24Z,"Berhubung timnas mereka gak juara AFF, ngga juara Asean Cup, gak lolos piala asia, makanya mereka bahas rupiah, pasport, kahf, Indomie, kamari. Pembahasan tak penting & tak ada hubungannya sama bola. Sebab, bola timnas Malaysia tak ada yang bisa dibahas.",POST,0,0,0,0
https://www.threads.com/@_.deqniiiiiii/post/DeNEb8wk7Qw,threads,_.deqniiiiiii,,2026-10-07T19:05:25Z,"padam api bodo bukan menyalak pasal bola indosial, punyalah ramai penduduk tkkan tk mmpu nk padamkn api🤣",POST,10,7,0,1
https://www.threads.com/@bqhrey/post/DeNTfwQE41-,threads,bqhrey,,2026-10-07T21:17:00Z,"Berhubung timnas mereka gak juara AFF, ngga juara Asean Cup, gak lolos piala asia, makanya mereka bahas rupiah, pasport, kahf, Indomie, kamari. Pembahasan tak penting & tak ada hubungannya sama bola. Sebab, bola timnas Malaysia tak ada yang bisa dibahas.",POST,0,0,0,0
https://www.threads.com/@mizan35342542/post/DeMDlBME7NZ,threads,mizan35342542,,2026-10-07T09:38:40Z,heh itu namanya malay support lu punya products bila malay boy cot lu punya product yah lu gk rugi tpi yang rugi yang punya product. lu liat kahf memohon maaf sampe pkai bahasa inggris sebb takut di boycot,POST,0,2,0,0
https://www.threads.com/@jessicaarvyn/post/DeNaxBZE6Nv,threads,jessicaarvyn,,2026-10-07T22:20:32Z,"Kahf saying sorry itu PR move, krn sudah sepatutnya brand doing bussiness tanpa ikut ranah mana mana. 
Tp brand expand ke luar jg krn pasarnya ada, tidak semata only ""oh lets try sell in another country""
If you opent their bussiness profit, meski wang malaysia nilainya lbh besar, tp keuntungan mereka lebih banyak dr negara sendiri.",POST,0,0,0,0
https://www.threads.com/@admhth_/post/DeMFkK3FIM4,threads,admhth_,,2026-10-07T09:56:02Z,Lu liat post ni. Nambah api gak si?,POST,2,1,0,0
https://www.threads.com/@asraffazwan/post/DeNTc8EEhJP,threads,asraffazwan,,2026-10-07T21:16:37Z,"Dia tak tahu ke,mcmna kahf berhabis duit nak naik nama kt malaysia…taja artis,atlet,event running,bermakna mmg kahf nmpk pasaran malaysia nie blh buat duit.Malaysia tak rugi pun kalau kahf keluar dari malaysia,masih banyak jenama lain yg blh dipilih.Yang rugi siapa??kahf lahhh",POST,0,0,0,0
https://www.threads.com/@adhwaatikahh/post/DeNCinyk_fV,threads,adhwaatikahh,,2026-10-07T18:48:51Z,"Indonesia ni, kalau bola sepak menang, sombong dan angkuh tapi kalau kalah, cakap kita main bomoh, main jampi, main tipu. Dorang ni sebenarnya nak apa ye?",POST,11,17,0,1
https://www.threads.com/@bqhrey/post/DeNTamDk8kz,threads,bqhrey,,2026-10-07T21:16:18Z,"Berhubung timnas mereka gak juara AFF, ngga juara Asean Cup, gak lolos piala asia, makanya mereka bahas rupiah, pasport, kahf, Indomie, kamari. Pembahasan tak penting & tak ada hubungannya sama bola. Sebab, bola timnas Malaysia tak ada yang bisa dibahas.",POST,0,0,0,0
https://www.threads.com/@_huehueehuee/post/DeKUbSunVHP,threads,_huehueehuee,,2026-10-06T17:27:25Z,abistu kau nak jadikan siapa kambing hitam pula? kau nak cakap ada orang masuk acc kahf buat macamtu?,POST,0,1,0,0
https://www.threads.com/@awdnn_0/post/DeNTXMVkwgN,threads,awdnn_0,,2026-10-07T21:15:50Z,"sebernya pun mau kalian boikot kahf kat negri kalian,penjualan terbesar masih di indonesia sendiri la,lagi pun kahf go to urope,tak kesa la siapa menang dan siapa yang kalah macam budak kecil tau",POST,0,1,0,0
https://www.threads.com/@el.michal/post/DeMp1_NEgjH,threads,el.michal,,2026-10-07T15:13:02Z,Kenapa Indonesia fikir rakyat Malaysia makan Indomee everyday? Dorang buat mcm rakyat malaysia tak boleh hidup tanpa indomee dorang tu? Dia tak tahu ke makanan indomee dorang tu tak berkhasiat langsung?,POST,211,68,0,9
https://www.threads.com/@bqhrey/post/DeNTWzkE3jl,threads,bqhrey,,2026-10-07T21:15:47Z,"Berhubung timnas mereka gak juara AFF, ngga juara Asean Cup, gak lolos piala asia, makanya mereka bahas rupiah, pasport, kahf, Indomie, kamari. Pembahasan tak penting & tak ada hubungannya sama bola. Sebab, bola timnas Malaysia tak ada yang bisa dibahas.",POST,0,0,0,0
https://www.threads.com/@bungaapiraya/post/DeMqmLcCcu_,threads,bungaapiraya,,2026-10-07T15:19:37Z,"BAKSO KONTOL! BAKSO KONTOL!

Umpan mengena gaiss",POST,57,37,0,0
https://www.threads.com/@bqhrey/post/DeNTVqXE5EP,threads,bqhrey,,2026-10-07T21:15:38Z,"Berhubung timnas mereka gak juara AFF, ngga juara Asean Cup, gak lolos piala asia, makanya mereka bahas rupiah, pasport, kahf, Indomie, kamari. Pembahasan tak penting & tak ada hubungannya sama bola. Sebab, bola timnas Malaysia tak ada yang bisa dibahas.",POST,0,0,0,0
https://www.threads.com/@indonesiamalaysiaa/post/DeNAIVNE8r2,threads,indonesiamalaysiaa,,2026-10-07T18:27:47Z,"untuk Indonesia ye ye kamu juara ASEAN, kami pun juga juara bidang lain

btw api tu padamkan ye, biar tak nampak miskin 🇮🇩❤️",POST,2,1,0,0
https://www.threads.com/@bqhrey/post/DeNTTedE81_,threads,bqhrey,,2026-10-07T21:15:20Z,"Berhubung timnas mereka gak juara AFF, ngga juara Asean Cup, gak lolos piala asia, makanya mereka bahas rupiah, pasport, kahf, Indomie, kamari. Pembahasan tak penting & tak ada hubungannya sama bola. Sebab, bola timnas Malaysia tak ada yang bisa dibahas.",POST,0,0,0,0
https://www.threads.com/@johanghazali_/post/DeMO-hIEwzF,threads,johanghazali_,,2026-10-07T11:18:16Z,"Up to you bro, ini hanya pendapat saya.",POST,463,36,0,1
https://www.threads.com/@edofarido/post/DeNTTKKk9LM,threads,edofarido,,2026-10-07T21:15:17Z,Bro spread his buttcheeks for Kahf's dough lmao embarrassing and spineless.,POST,0,0,0,0
https://www.threads.com/@lanun.sungai/post/DeMLlehibYk,threads,lanun.sungai,,2026-10-07T10:48:38Z,"Selepas keluarga Susanti ditangkap Imigresen,Susanti dan keluarga dihantar pulang  ke kampong halaman di Ponorogo,Jawa Timur. Disebabkan Indonesia mundur dan ekonomi negara seberang melemah. Emak dan Ayah Susanti dibuang kerja. Susanti pula jadi pengemis jalanan. TAMAT",POST,257,31,0,19
https://www.threads.com/@bqhrey/post/DeNTPXcE9Wu,threads,bqhrey,,2026-10-07T21:14:46Z,"Berhubung timnas mereka gak juara AFF, ngga juara Asean Cup, gak lolos piala asia, makanya mereka bahas rupiah, pasport, kahf, Indomie, kamari. Pembahasan tak penting & tak ada hubungannya sama bola. Sebab, bola timnas Malaysia tak ada yang bisa dibahas.",POST,0,0,0,0
https://www.threads.com/@faruk.hamdan_/post/DeMfrX8Enyk,threads,faruk.hamdan_,,2026-10-07T13:44:13Z,Si miskin hina si kaya adakah dunia sudah terbalik??🤣 inilah dugaan berjiran dengan negara konohaa..dek kerana sebijik bolaa,POST,24,36,0,0
https://www.threads.com/@bqhrey/post/DeNTJv1E3oO,threads,bqhrey,,2026-10-07T21:14:00Z,"Berhubung timnas mereka gak juara AFF, ngga juara Asean Cup, gak lolos piala asia, makanya mereka bahas rupiah, pasport, kahf, Indomie, kamari. Pembahasan tak penting & tak ada hubungannya sama bola. Sebab, bola timnas Malaysia tak ada yang bisa dibahas.",POST,0,0,0,0
https://www.threads.com/@fuyumiakari/post/DeNdXyQEi1a,threads,fuyumiakari,,2026-10-07T22:43:18Z,Kahf? Seriously? Gila si kalau ngeliat company culture mereka yg se agamanis itu kek blunder banget bikin postingan begini,POST,0,0,0,0
https://www.threads.com/@fikrify.verse/post/DeMxWmdEtXc,threads,fikrify.verse,,2026-10-07T16:18:40Z,Dh 2026 masih lagi negara tu guna sacket. Wtf miskin gila.. zaman bila lah guna ni. sekarang orang dh guna botol 😝😝,POST,954,558,4,26
https://www.threads.com/@bqhrey/post/DeNTHpCk1jH,threads,bqhrey,,2026-10-07T21:13:43Z,"Berhubung timnas mereka gak juara AFF, ngga juara Asean Cup, gak lolos piala asia, makanya mereka bahas rupiah, pasport, kahf, Indomie, kamari. Pembahasan tak penting & tak ada hubungannya sama bola. Sebab, bola timnas Malaysia tak ada yang bisa dibahas.",POST,0,0,0,0
https://www.threads.com/@andrianagaf.real/post/DeMiM-tiexY,threads,andrianagaf.real,,2026-10-07T14:06:16Z,"Lanjutkan boikot lah tu.. 
Yang rugi pekerja malaysia sendiri..
🤣🤣🤣",POST,49,38,0,0
https://www.threads.com/@hdanny_290/post/DeNTGPWk0pa,threads,hdanny_290,,2026-10-07T21:13:31Z,Ngak rugi gorilla...brand kahf hanya secalit najis aja,POST,0,0,0,0
https://www.threads.com/@nyzamferiy/post/DeMuP5eEsNI,threads,nyzamferiy,,2026-10-07T15:55:33Z,"Inilah yang dibanggakan dengan negara penduduk hampir 290 juta orang. Hari2 duduk berjoget mengemis gift.cuba tanya yang duduk menari tu guna tak pencuci muka khaf..belum tentu warga Indonesia mampu membeli produknya sendiri. Walupun produk khaf tu sangat murah bagi orang Malaysia. Jadi, tak payah lah nak cakap besar kononnya Malaysia boikot Kahf langsung tak memberi kesan apa apa..sedangkan rakyat sendiri pun belum tentu mampu membeli produk Kahf sendiri. yang mampu cuma menari macam moyet je 🤣",POST,1034,353,12,115
https://www.threads.com/@bqhrey/post/DeNTAdSE457,threads,bqhrey,,2026-10-07T21:12:44Z,"Berhubung timnas mereka gak juara AFF, ngga juara Asean Cup, gak lolos piala asia, makanya mereka bahas rupiah, pasport, kahf, Indomie, kamari. Pembahasan tak penting & tak ada hubungannya sama bola. Sebab, bola timnas Malaysia tak ada yang bisa dibahas.",POST,1,0,0,0
https://www.threads.com/@zee_gerard/post/DeMQOsEEtUS,threads,zee_gerard,,2026-10-07T11:29:13Z,Dia cakap sambal Indonesia bau anjing. Baru tgk kat tt.,POST,256,11,0,0
https://www.threads.com/@bqhrey/post/DeNS7Ihkz3u,threads,bqhrey,,2026-10-07T21:12:00Z,"Berhubung timnas mereka gak juara AFF, ngga juara Asean Cup, gak lolos piala asia, makanya mereka bahas rupiah, pasport, kahf, Indomie, kamari. Pembahasan tak penting & tak ada hubungannya sama bola. Sebab, bola timnas Malaysia tak ada yang bisa dibahas.",POST,0,1,0,0
https://www.threads.com/@zharifidrus_/post/DeL-900kuR0,threads,zharifidrus_,,2026-10-07T08:58:22Z,"Kebanggaan timnas. Berasal dari Bekasi. Menetap di rumah pak rt, meminati nasi warteg sebagai kegemaran. Justin Hubner. Berkahwin dengan petugas damkar, jeniffer coppen. 

Kelebihan: suka melanggar jurukamera di dalam padang
Kekurangan: lari selepas api semakin marak",POST,343,118,1,20
https://www.threads.com/@bqhrey/post/DeNS4M5k1tn,threads,bqhrey,,2026-10-07T21:11:36Z,"Berhubung timnas mereka gak juara AFF, ngga juara Asean Cup, gak lolos piala asia, makanya mereka bahas rupiah, pasport, kahf, Indomie, kamari. Pembahasan tak penting & tak ada hubungannya sama bola. Sebab, bola timnas Malaysia tak ada yang bisa dibahas.",POST,0,0,0,0
https://www.threads.com/@bqhrey/post/DeNS1-3k29T,threads,bqhrey,,2026-10-07T21:11:18Z,"Berhubung timnas mereka gak juara AFF, ngga juara Asean Cup, gak lolos piala asia, makanya mereka bahas rupiah, pasport, kahf, Indomie, kamari. Pembahasan tak penting & tak ada hubungannya sama bola. Sebab, bola timnas Malaysia tak ada yang bisa dibahas.",POST,0,0,0,0
https://www.threads.com/@byshaebibi/post/DeMjSvikqPd,threads,byshaebibi,,2026-10-07T14:15:48Z,"Israel pun boleh koyak dengan Malaysia, bocah Indo apalah sangat 😭🇲🇾",POST,649,60,0,21
https://www.threads.com/@hai_tiny/post/DeNYiS5Eyhk,threads,hai_tiny,,2026-10-07T22:01:03Z,"mereka gak tau aja, mereka boycot kahf, wardah, itu kan ownernya menyisihkan sebagian penghasilannya untuk beasiswa pendidikan orang orang tidak mampu yang berprestasi.",POST,0,0,0,0
https://www.threads.com/@redchmpgne/post/DeNSVuTkzEn,threads,redchmpgne,,2026-10-07T21:06:54Z,"nah iyaaa nih dik malay jumlah penduduknya jg ga lbh banyak dr Jakarta aja mau boykot boykot, ngaruh apanya🤣 iya kalo tuh satu negara pake Kahf, kalo engga jg cuma geli2 pantat🤣😭",POST,0,0,0,0
https://www.threads.com/@stugarden25/post/DeNR2UOk2yC,threads,stugarden25,,2026-10-07T21:02:37Z,"Tak perlu memastikan tapi gencar tanya ke meta ya sampai dikonfrmasi lagi.. kalau soal boycot ya gapapa boycot saja kami pun tak ada masalah, kami juga masih ada daya beli jadi ga takut kehilangan daya beli dari Malaysia",POST,0,1,0,0
https://www.threads.com/@seemyleveell/post/DeNSTg3kw1Q,threads,seemyleveell,,2026-10-07T21:06:36Z,Pada kamu memang tak menjadi masalah. Kami hanya boycott produk Kahf. Jadi biarlah Kahf tanggung kerugian kenapa kau pulak yg sibuk 😂,POST,0,1,0,0
https://www.threads.com/@yaelaaabas/post/DeNSDq5E6JU,threads,yaelaaabas,,2026-10-07T21:04:26Z,"asli benetan blunder sih ini. cultural awareness jebol, kalo udh nyenggol isu sensitif antarnegara pas international expansion biaya recoverynya jauh lebih mahal dibanding budget campaign itu sendiri. klo dlm PR crisis, aturan paling basic itu know your audience & local sensitivity. Kahf pdhl udh solid bgtt positioningnya di indo tp pas ekspansi malah out kontrol. penasaran tim PRnya mau narik narasi kearah mana biar bs netralin sentimen malay.",POST,0,0,0,0
https://www.threads.com/@shurahofficial/post/DeMYkIxCRwv,threads,shurahofficial,,2026-10-07T12:42:03Z,"Kita dah 34 tahun kat pasaran, orang maybe lupa dh brand kita. Jom support kita jom!",POST,214,9,0,25
https://www.threads.com/@northstarboy.sw/post/DeNSAD6k36a,threads,northstarboy.sw,,2026-10-07T21:03:56Z,"Syurah ni best tapi org skrg membeli sbb nk aesthetic juga..pakai KAHF n G2G sbb design. Hasil sama je mcm x pakai pun. Jadi syurah, please updated @shurahofficial jgn jadi mcm Nokia. Bahan bagus wangi tp x up to date..",POST,1,1,0,1
https://www.threads.com/@rafianamta/post/DeNRFiOk72s,threads,rafianamta,,2026-10-07T20:55:57Z,"Silahkan boycot produk kita pakcik!!! Produk sudah banyak yang mendunia bukan macam negara kecil Malaysia aja, masih secuil 34jt warga negara malaysia di bandingkan negara Indonesia+luar negara. Kita udah terkenal di Eropa😜",POST,3,1,0,0
https://www.threads.com/@maripoetsa/post/DeNR9Xhk5sd,threads,maripoetsa,,2026-10-07T21:03:34Z,"Jujur kalo makeup gini salahin Kahf yang buat ribut, mereka wajar ngamuk",POST,0,1,0,0
https://www.threads.com/@mocha126_/post/DeMn_Z9jyJz,threads,mocha126_,,2026-10-07T14:56:51Z,lah kau pikir kami juga marah kalian hina2 malYsia?kami suka liat kalian marah2 sakit hati hahaha,POST,0,1,0,0
https://www.threads.com/@bqhrey/post/DeNRhrzk7cK,threads,bqhrey,,2026-10-07T20:59:48Z,"Kami tak marah, kami tak sakit hati, sebab kami habis juara 🤣🤣🤣🤣 kalian yg marah2. Diajak bahas bola yg dibahas pasport, kahf, Indomie, hahaa, memang aneh betul.",POST,0,0,0,0
https://www.threads.com/@wisyymm/post/DeNYRUMklh9,threads,wisyymm,,2026-10-07T21:58:43Z,takpela kahf takyah minta maaf pon takpa kami support local perfume jer pasni,POST,0,0,0,0
https://www.threads.com/@edy_yin/post/DeNQ_jYkyUU,threads,edy_yin,,2026-10-07T20:55:08Z,Kau boleh kutuk kunafa yg takde salah dgn kau sampai bisnes dia jatuh teruk. Org melayu islam tu weh.  tapi kahf terang2 kutuk malaysia kau pi backup kahf. Hurmm,POST,1,0,0,0
https://www.threads.com/@dh00.thrift/post/DeNQyt2E0MW,threads,dh00.thrift,,2026-10-07T20:53:23Z,follow kahf = follow israel,POST,3,1,0,0
https://www.threads.com/@khatergy_/post/DeMSJGTkogO,threads,khatergy_,,2026-10-07T11:45:56Z,"Kalau kau mau boikot,. Pake IQ yg katanya 100 itu. Kau tak beli pun yg rugi bukan indonesia. Pembeli di indonesia membeludak. tapi pekerja malaysia sendiri yang rugi  mulai penghantar paket dan lain nya🤭😆.
Kalian mematikan ekonomi kalian sendiri..🤭😆",POST,0,1,0,0
https://www.threads.com/@nirzays103/post/DeNQxsPE9eB,threads,nirzays103,,2026-10-07T20:53:14Z,"Faktanya org Malaysia kaya2 nya lebih 50% dari populasi, bandingkan Indo cuma bawah 10% dari populasi, kalau kt indo beli kahf harga Maerhan, berapa aja yg kamu dapat untung, Org Malaysia sanggup bayar 4 kali ganda harga Kafh kerana mereka mampu, jika Kafh tiada pun org Malaysia akan beli produk2 international yg jauh lebih kualiti dan mahal dari Kafh, power purchasing and strong currency",POST,0,1,0,0
https://www.threads.com/@andrianagaf.real/post/DeNCSRxH1Ek,threads,andrianagaf.real,,2026-10-07T18:46:37Z,"Tak sadar je kalau 1 negara lagi dimasak oleh kahf..
🤣🤣🤣",POST,0,1,0,0
https://www.threads.com/@amycheng5257/post/DeNQqxNExJz,threads,amycheng5257,,2026-10-07T20:52:18Z,Olololo tak pernah lah nak kesah dgn KO punya kahf pret KO tu...puiii koyak 🖕,POST,0,0,0,0
https://www.threads.com/@siswoon77/post/DeM3JdLGa8F,threads,siswoon77,,2026-10-07T17:09:18Z,Kahf udah minta maaf masih aja digoreng netizen Malaysia. Kita buktikan mau boikot produk Indonesia gk ngaruh.,POST,7,4,0,0
https://www.threads.com/@anoetics_/post/DeNQnPfE-AE,threads,anoetics_,,2026-10-07T20:51:49Z,"mmg gak ngaruh, tapi kenapa kahf beria nak masuk market malaysia? all out buat branding? fikirlahhh sebab mmg untung banyak kat malaysia ni. malas nak hina tapi ni fakta",POST,0,0,0,0
https://www.threads.com/@honda_balikpapan30/post/DeM2-sgD5oh,threads,honda_balikpapan30,,2026-10-07T17:07:49Z,"Terima kasih akak Syukri karena membeli produk KAHF untuk terakhir kalinya🥰 dan tentu saja kami selalu membelinya 2.2 juta penilaian dgn 1.2 juta follower itu mengesankan,ini baru 1 Online shop ya kak☺️",POST,0,1,0,0
https://www.threads.com/@nirzays103/post/DeNQb6AE7YK,threads,nirzays103,,2026-10-07T20:50:16Z,"Ko beli harga murah, margin kecil dan powerpurchase lemah, kau bandingkan rakyat Malaysia yg berkali ganda power purchasing dan walau harga 4 kali ganda mahal dari jual kt indo, Org Malaysia tetap beli, cuba bayangkan kahf kehilangan 90% jumlah jualan total dkt Malaysia, nak harapkan jualan dgn indo dgn margin tipis, silap2 kilang2 mula tutup",POST,0,0,0,0
https://www.threads.com/@babyraff97/post/DeNEIBOEzof,threads,babyraff97,,2026-10-07T19:02:42Z,Sekarang ni awk diam ja jangan jadi pengacau antarabangsa. Dia tau na buat apa utk market dia. Sikit pun tak terjejas sbb rakyat Malaysia lagi byk support lagi ada lah. Sbb dia pandai main market tak mcm Company yg claim ayam level kepedasan harapkan menu yg sama pastu calit2 sos ikut level. then harga kalah yahudi. At least Jollibee ni pergi mana2 pun orang masuk. Tak ada issues pun.,POST,0,1,0,0
https://www.threads.com/@ejatjot/post/DeNQakcDoup,threads,ejatjot,,2026-10-07T20:50:05Z,Lah dh kenapa pulak i nk diam. it’s my opinion. Yes Jolibee mmg boleh merge into market tp if ade tangan yg mcm staff benak buat posting mcm Kahf igt xkan beri kesan dekat company ke? That’s why i ckp kat atas tu jgn post mengarut. Mmg xde issue pun just reminder.,POST,0,0,0,0
https://www.threads.com/@andrimamro/post/DeL0-JPoIXS,threads,andrimamro,,2026-10-07T07:31:02Z,"Netijen malaysia mau boikot kahf karena bola. 
Mereka tak tahu bhw kahf penyokong utama rakyat Palestina. 

🤣😅",POST,65,9,0,1
https://www.threads.com/@its.elira.__/post/DeNQVPpEyM2,threads,its.elira.__,,2026-10-07T20:49:21Z,tkpe kalau tkde kahf pun malaysia 10kali ganda boleh bagi sumbangan dekat palestin,POST,0,0,0,0
https://www.threads.com/@nhspace99/post/DeNQFiak3vU,threads,nhspace99,,2026-10-07T20:47:13Z,"Pelajaran dari Surah Al-Kahf 
Gak semua penolakan,kehilangan atau keterlambatan itu berarti kamu sedang dirugikan

Kadang itu justru cara Allah melindungimu mengarahkannya ke sesuatu yang lebih baik dan menyiapkan pahala yang gak kamu sangka
Jadi kalau sesuatu belum terjadi sesuai maumu trust Allah Bisa jadi kamu sedang diselamatkan Alhamdulillah always",POST,45,0,0,1
https://www.threads.com/@yeyeyaaw/post/DeMxdXmk3UC,threads,yeyeyaaw,,2026-10-07T16:19:35Z,"Beberapa bulan kedepan jg mereka lupa boikot2an begini, ntr jg dibeli lg tuh produk 😭🤭",POST,0,3,0,0
https://www.threads.com/@_ella_88/post/DeNdX7mkgE3,threads,_ella_88,,2026-10-07T22:43:19Z,"Owner Kahf yang keluar modal bilion untuk tembus pasaran kuasa membeli tinggi kat Malaysia, kau yang tak ada saham pulak yang sibuk berlagak tak terkesan. Kelakar betul!",POST,0,0,0,0
https://www.threads.com/@andrianagaf.real/post/DeM6FzBCYc-,threads,andrianagaf.real,,2026-10-07T17:35:00Z,Memang rakyat kau mampu beli?,POST,0,5,0,0
https://www.threads.com/@fatimahrashid17/post/DeNP-2qExVp,threads,fatimahrashid17,,2026-10-07T20:46:18Z,Kalau setakat Kahf celah gigi jer. Breakfast pagi pun dah RM30-60 sekali makan,POST,0,1,0,0
https://www.threads.com/@fznmrshll32/post/DeLS-YNge83,threads,fznmrshll32,,2026-10-07T02:33:58Z,"Lu baru nyebur ya ? Bego jangn di pelihara kata gw 🗿,, udah banyk bukti fakta sampe boikot boikot jga,trus rasis dmna dmna ,, itu krna permasalahan bola kan ??? Lu bego apa gmna ?? ,",POST,9,2,0,0
https://www.threads.com/@marcelloadern_/post/DeNP-f_k86M,threads,marcelloadern_,,2026-10-07T20:46:15Z,"bukan produk kahf mu itu yang buat gambar yang menampakkan dirinya bodoh , sekarang mau play victim buat “ nanya kenapa heran deh",POST,0,0,0,0
https://www.threads.com/@badd.hairi/post/DeNPywTEyqg,threads,badd.hairi,,2026-10-07T20:44:39Z,"Rupanya ramai yg bingai pasal ni,takpa aku cuba explain la untuk yg bingai ii ni..skrg kan jojo BA kahf,kahf dan jojo ada sign kontrak dan dalam kontrak jojo tak boleh tarik diri selagi kontrak tak expried,kalau jojo tarik diri dia boleh kena saman..so kalau jojo kena saman,korang nak tolong bayarkan ke?? Lain lah hari ni kahf buat masalah,esok jojo pgi sign kontrak jadi BA kahf,tu baru korang boleh kecam..ini jojo dh lama sign kontrak sebelum kahf buat posting mcm tuhh..dh faham ke??",POST,0,1,0,0
https://www.threads.com/@miraneya.co/post/DeNPrV-E5rJ,threads,miraneya.co,,2026-10-07T20:43:38Z,Kahf indon eh. Nasib x pernah beli. Sombong,POST,0,0,0,0
https://www.threads.com/@mal386415/post/DeNPmQ_kyX3,threads,mal386415,,2026-10-07T20:42:56Z,"Guys korang jangan kecam kahf ,sebab kahf ni kan KAHFIR,dari zaman nabi pun Dorang memang jahil dan takleh tgk org senang ,suka menyusahkan org lain ,membawa malapetaka,dan banyak lagi benda jahil Dorang bawa,jadi jangan kecam tanpa aku",POST,0,0,0,0
https://www.threads.com/@andrianagaf.real/post/DeNPlunkyrA,threads,andrianagaf.real,,2026-10-07T20:42:52Z,"Ramai di komen ini..
Jom beli Kahf..
Jangan beli produk malay yang apa tu, yang covernya hewan..
Bikin bingung saja itu sabun manusia atau sabun hewan..
🤣🤣🤣",POST,0,0,0,0
https://www.threads.com/@glys_4u22/post/DeMjQKHGZux,threads,glys_4u22,,2026-10-07T14:15:27Z,"HAH BOIKOT? JUMLAH PENDUDUK KALIAN AJA SEDIKIT GIMANA MAU DI BOIKOT, INDONESIA ITU ORANG NYA GAK GAMPANG REDUP TAU TAK? INDONESIA JUMLAH PENDUDUK NYA 290.125.073 jiwa, SEDANGKAN MALAYSIA JUMLAH PENDUDUK NYA 34.4 juta ORANG GIMANA MAU BOIKOT NYA JUMLAH PENDUDUK MALAYSIA NYA HANYA 34.4juta coba lah tengok di google malaysia🐷 🤣😂🤣😂🤣😂🤣🤣🤣😂🤣😂",POST,1,10,0,0
https://www.threads.com/@ariffyusfaza_/post/DeNPgOPk_8w,threads,ariffyusfaza_,,2026-10-07T20:42:07Z,"Itu pun 34.4juta bukan semua guna brand kahf, tu pun Malaysia byk support brand korang drpd korang tu haa overclaim😂 sembang kotey Tok Abah lu laaa😏",POST,0,0,0,0
https://www.threads.com/@hadinzrn555/post/DeNPTGvEzej,threads,hadinzrn555,,2026-10-07T20:40:20Z,"alhamdullilah tak pernah pakai kahf , #foreverbadlab",POST,0,0,0,0
https://www.threads.com/@azzzahraa_02/post/DeNPSpqk9Gn,threads,azzzahraa_02,,2026-10-07T20:40:16Z,"ohh ternyata kmrn2 suka sama kahf, terusss skrng sokk iyeeee gara2 panas baru mau pake produk dari negara sendiri hhhh kocakkk skali warga malay ini ya gaess",POST,0,0,0,0
https://www.threads.com/@nndhnj/post/DeNPQr1E4rx,threads,nndhnj,,2026-10-07T20:40:00Z,"okay then? we have so many products, we don't use Kahf 😂 kamu suka product Kahf kerna murah yah ? kasian deh ngak mampu beli mahal",POST,0,0,0,0
https://www.threads.com/@kahfcommunities/post/DXw1Royk5NN,threads,kahfcommunities,,2026-04-30T16:45:50Z,"Halloo KahfBro & Kahf Sis 👋✨
Kenalin, aku dari Kahf – Demand Creation
Saat ini aku banyak handle kolaborasi, aktivasi brand, sampai create event bareng berbagai partner 🤝
Kabar baiknya…",POST,447,355,0,25
https://www.threads.com/@mal386415/post/DeNO9oCE-gW,threads,mal386415,,2026-10-07T20:37:24Z,Kahf apa? Kahfir ✝️,POST,0,0,0,0
https://www.threads.com/@lq__mn/post/DeMUvOSjw1T,threads,lq__mn,,2026-10-07T12:08:37Z,aku rasa tak berlebihan pon bang. bagi aku tu memadai. reaksi kami valid untuk itu sebagai pengajaran buat jenama itu. kalau abang rasa tu berlebihan tu agak bermasalah juga kau ni bang untuk manusia yang boleh membezakan baik dan buruk. sebagai manusia yang normal yang baik kita support yang buruk kita tinggalkan. tak begitu bang,POST,0,1,0,0
https://www.threads.com/@habibyrrahman/post/DeNO8WFkzyK,threads,habibyrrahman,,2026-10-07T20:37:13Z,@meta.ai bantu masukkan gambar meme dari konten kahf yg dimaksud,POST,0,1,0,0
https://www.threads.com/@badlabco/post/DeMchcNo2HW,threads,badlabco,,2026-10-07T13:16:38Z,"Hi Haziq, terima kasih atas teguran🙏 Kami ambil maklum dan akan perbaiki untuk posting akan datang  Appreciate the feedback!",POST,123,3,0,0
https://www.threads.com/@ajib_853/post/DeNO6L_k6i2,threads,ajib_853,,2026-10-07T20:36:55Z,Aku dulu sempat la beli badlan ni tapi sb marketing kurang terus lupa beli. Now aku dah buang kahf nak berpindah kat korang balik,POST,0,0,0,0
https://www.threads.com/@idanesry/post/DeNOvLyk3C6,threads,idanesry,,2026-10-07T20:35:25Z,"tak silap kat Tiktok penuh video dia promotes Kahf, tak pelik lah kalau dia defend produk tempat dia jadi duta",POST,0,0,0,0
https://www.threads.com/@seemyleveell/post/DeNOSrEE1wM,threads,seemyleveell,,2026-10-07T20:31:32Z,Awal utas ini dan pemilik kepada utas ini tiada satu pon sebut perkataan bola. Kenapa kau nk trigger? Otak dan IQ kau memang pasal bola je eh? Org bincang pasal economy sachet dan tak sentuh pon pasal bola. Dalam kepala otak kau yg IQ 78 tu ada bola je eh?,POST,0,1,0,0
https://www.threads.com/@stugarden25/post/DeNOp_5k7-m,threads,stugarden25,,2026-10-07T20:34:43Z,"Oh i nak screen shoot get the fact tadi ya, lumayan buat bahan... sebelum bahas ekonomi kan triggernya kalah bola lalu kahf lalu boycot lalu jelek2in ekonomi.. mantap iq 78, bodoh, babi, monyet adalah kata-kata andalan warga malay jadi sudah bisa diprediksilah ya adabnya..",POST,0,1,0,0
https://www.threads.com/@ajib_853/post/DeNOjBgk52i,threads,ajib_853,,2026-10-07T20:33:46Z,Sumpah lah tak berakal harini last lah aku pakai kahf ni,POST,0,0,0,0
https://www.threads.com/@md_sharifudin/post/DeNOcgdkylL,threads,md_sharifudin,,2026-10-07T20:32:52Z,"Ini harga kahf dekat indonesia. Fuhh hilang pembeli Malaysia yg profit margin besar mmg sgt memberi kesan dlm sebuah company. 

Lagi pula brand2 di indonesia lagi banyak persaingan klu kahf fokus back to market Indonesia pun surely agak ssh mereka utk dpt kan profit margin spt di Malaysia kerana kuasa trend pembelian di Malaysia konsisten and currency pun strong daripada indonesia. 

So to all Malaysian BOIKOT paragon company. Malaysia boleh🇲🇾🫡",POST,0,0,0,0
https://www.threads.com/@eddyhid/post/DeMdf20Dyc8,threads,eddyhid,,2026-10-07T13:25:10Z,Lepas ni tak payah masuk market Malaysia..kami ada local brands kami,POST,33,2,0,0
https://www.threads.com/@andriyanisepty/post/DeNOa4Ek6YZ,threads,andriyanisepty,,2026-10-07T20:32:39Z,"Brand kahf laku dinegara Lu Karena pengguna cocok gunakan.
Punya brand sendiri tapi GK laku dinegara sendiri artinya product tersebut bisa jadi kurang cocok digunakan 😅",POST,0,0,0,0
https://www.threads.com/@zanihazainal/post/DeMjIpjk4Sj,threads,zanihazainal,,2026-10-07T14:14:25Z,"MALAYSIAN JOMMM TUKAR!!!
#SupportLocal #Malaysian

Semangat ya saya buat nak tekankan juga semua tukar ahahaha, boleh refer gambar bawah.. if ada yang salah silap let me know!!

GERAM BETUL EH DIPIJAK JEEE!!!

@badlabco 🔥🔥🔥",POST,388,122,3,122
https://www.threads.com/@fvzddn_/post/DeNOU4tk8nA,threads,fvzddn_,,2026-10-07T20:31:50Z,ban brand kahf dlm malaysia guys !!,POST,0,0,0,0
https://www.threads.com/@adan_duffe/post/DeNOL_nk_zU,threads,adan_duffe,,2026-10-07T20:30:37Z,rakyat sendiri pon xmampu beli kahf hanya pakai cuci muka taik sendiri lagi belagak negara miskin tiada kemajuan seperti proboodoh semua mati rakyat korang makan asap konoha🤣,POST,0,0,0,0
https://www.threads.com/@bangruke/post/DeM1CxdGT2b,threads,bangruke,,2026-10-07T16:50:54Z,"Yg jadi pertanyaan?? 
 Kenapa hanya malay yg serukan boycot??? Padahal yg di senggol kan ada negara ASEAN lainnya",POST,3,8,0,0
https://www.threads.com/@ajib_853/post/DeNOIE8E8kJ,threads,ajib_853,,2026-10-07T20:30:05Z,Kahf boleh ucapkan selamat tinggal malaysia denfan jualan revenue lebih tinggi dari indonesia,POST,0,0,0,0
https://www.threads.com/@edy_yin/post/DeNOG5VE8D4,threads,edy_yin,,2026-10-07T20:29:55Z,Kalau aku jd johan baik aku diam huhu tak tercalar imej. Ape yg kau nak cuba buktikan. Or dia ni duta kahf? Bukan duta blanco ke. Ade yg kene boikot jugak blanco ni kang,POST,0,0,0,0
https://www.threads.com/@aaamirrrrrrrrrrr/post/DeNOGtfE6p9,threads,aaamirrrrrrrrrrr,,2026-10-07T20:29:54Z,pastinya setiap dari mereka akan sanggup berbunuhan demi sebotol deodorant kahf😂,POST,0,0,0,0
https://www.threads.com/@dnlroslan/post/DeNOF4DE69y,threads,dnlroslan,,2026-10-07T20:29:47Z,Boikot kahf!! Let's go Malaysia kuasa beli kita besar❤️‍🔥🗣️🔥,POST,0,0,0,0
https://www.threads.com/@hanif_21v/post/DeNN1PwE9AI,threads,hanif_21v,,2026-10-07T20:27:31Z,Ha? MR DIY kan Malaysia Brand.,POST,0,2,0,0
https://www.threads.com/@nabilamaswan/post/DeNOFOWk5KB,threads,nabilamaswan,,2026-10-07T20:29:42Z,"Kalau kau nak boikot, boikot lah. Kalau taknak boikot, tak payah boikot. Kan settle tu, Lagipun issue Kahf tu sebab diorang sendiri yg baper, sesuai laa kena boikot",POST,0,1,0,0
https://www.threads.com/@nabilamaswan/post/DeNN2Znky_h,threads,nabilamaswan,,2026-10-07T20:27:40Z,"Okay, Lepastu? Isu Kahf sampai bill electric lebih murah?",POST,0,1,0,0
https://www.threads.com/@hanif_21v/post/DeNOD2Qk28H,threads,hanif_21v,,2026-10-07T20:29:30Z,"Kak kalo sebut lari2 dari isu kan sudah jauh.

Awal soal bola sepak  lari ke pasport, lalu lari ke hina sultan Malaysia dan Indonesia hero.

Tentu lah Kahf ada hubungan dengan bill electric, without negara asal Kahf electric bill kau tak kan semurah sekarang.",POST,0,1,0,0
https://www.threads.com/@miyuyi578/post/DeNNK5_E_dV,threads,miyuyi578,,2026-10-07T20:21:44Z,"betul, sebab pembeli dan penggunanya ramai di malaysia.  jadi itulah punca malaysian marah. business is only about your product/sales/cust. not anything else, must be professional.  celebration can be done through personal.  but here we go, not everyone same on this socmed.",POST,0,1,0,0
https://www.threads.com/@billynp_/post/DeNOCx4kxd1,threads,billynp_,,2026-10-07T20:29:22Z,"Nih ya gua kasih statmentnya gini
Semisal kahf beneran terjadi pemboikotan 
Apa reaksi gua? BAGUS
Karena apa? Karena minimal brand lokal malaysia support brand lokal dia sendiri, automatis penjualan meningkat dong krna ga ada persaingan lagi dengan khaf, betul? Semakin ga ada persaingan, penjualan bagus, automatis makin besar brand lokal disana.
Cuma untuk orang yg kerja di khaf bagian malaysia, siap atau enggak untuk kehilangan pekerjaan mereka?
Kalau gua sih senang melihat bisnis orang maju.",POST,0,1,0,0
https://www.threads.com/@farhnqzer/post/DeMXKl7CdY2,threads,farhnqzer,,2026-10-07T12:29:50Z,"guys, paling penting sekali BOIKOT sports brand EIGER! Eiger ni dari Indonesia, ramai yang tak tahu. BOIKOTTTTT",POST,95,42,0,30
https://www.threads.com/@hanif_21v/post/DeNM_EtEw0T,threads,hanif_21v,,2026-10-07T20:20:07Z,"Tentu urusan kau sebab hubungan dengan Your Electric Bill lah, we make your electricty bill more Cheaper.

Tak kau kira negara kau ambik 70% dri Aussie or Russia tu bisa increase your electric bill and burden your FizKal.",POST,0,1,0,0
https://www.threads.com/@santhoemcm/post/DeMogqdEvx0,threads,santhoemcm,,2026-10-07T15:01:23Z,Bòykot malaysia...,POST,0,1,0,0
https://www.threads.com/@s0uffurt/post/DeNNvJGEwfY,threads,s0uffurt,,2026-10-07T20:26:41Z,boikot kahf indonn,POST,0,0,0,0
https://www.threads.com/@seeraanaaa/post/DeMyBv8kg3v,threads,seeraanaaa,,2026-10-07T16:24:33Z,"that’s what i mean kak, mereka masih denial pke ngatain ‘kalo di boikot gaakan ngaruh karna masyarakat malaysia lebih sedikit’ padahal jelas ngaruh banget. kalo udah gini ownernya yang pusing",POST,175,4,0,0
https://www.threads.com/@ajib_853/post/DeNNncrE-X-,threads,ajib_853,,2026-10-07T20:25:38Z,"Kahf antara brand dgn jualan besar di malaysia malah melebihi di indonesia sendiri Satu malam sahaja bungkus sebab boikot, dah tak boleh berpatah balik. Malaysia rekod boikot paling kuat sampai 100 branch starbucks bungkus, apatah lagi banyak kfc masih belum dapat buka seteleah kempen boikot. Alhasil banyak brand local semakin besar berkembang.",POST,0,0,0,0
https://www.threads.com/@tshirtorangeapparel/post/DeNNcH1Ey8A,threads,tshirtorangeapparel,,2026-10-07T20:24:05Z,Awk kena tgk live kahf malam tadi... Nnt cerita balik ye.. 😂,POST,0,0,0,0
https://www.threads.com/@s0uffurt/post/DeNNRYdE1R6,threads,s0uffurt,,2026-10-07T20:22:37Z,kenapa guna nama tu? fuck u kahf indo?? jangan guna nama la,POST,2,0,0,0
https://www.threads.com/@suaraasmara/post/DeMktsvk4YU,threads,suaraasmara,,2026-10-07T14:28:19Z,"{""format"":""single_short"",""posts"":[""suaraku! Unpopular opinion: BPJS itu bukan potongan gaji, tapi tagihan masa depan lu yang sekarang lu gak inget. Lu pada tau gak kenapa umur segini udah ngerasa...",POST,0,1,0,0
https://www.threads.com/@suaraasmara/post/DeNNE1dk6ev,threads,suaraasmara,,2026-10-07T20:21:01Z,"Relate bgt soal BPJS, tapi jujur kadang yang penting juga perawatan diri sehari-hari biar kondisi tetap oke. Btw banyak yang nanya soal sabun wajah pria, gue udah coba Kahf ini dan hasilnya ok, minusnya wanginya agak太强 pas pertama pake tapi lama-lama biasa aja kok. Cek aja dulu, gak usah beli langsung: https://s.shopee.co.id/3LRJOZlHWI",POST,0,0,0,0
https://www.threads.com/@andrianagaf.real/post/DeNMfq3k7ca,threads,andrianagaf.real,,2026-10-07T20:15:50Z,"Betul itu, karena stock sumber daya alam King Indonesia Alhamdulillah melimpah, kita jual dan bantu ketahanan pangan nasional beberapa negara tetangga yang belum selimpah ruah Alhamdulillah King Indonesia..",POST,0,1,0,0
https://www.threads.com/@harithhar_8/post/DeNM9TOE43s,threads,harithhar_8,,2026-10-07T20:19:52Z,So apa lagi yang tak puas hati.. Setakat beras negara kamu.. Kami okay lagi lh.. Banyak je beras jenama lain nk masuk Malaysia.. Kami banyak pilihan dekat sini. Setakat kahf tu pe lah sangat.. Jenama malaysia pun banyak lah..,POST,0,0,0,0
https://www.threads.com/@don.abe82/post/DeNMuFSgPzx,threads,don.abe82,,2026-10-07T20:18:18Z,"Kahf minta maaf, netijen kamu kasi api",POST,0,0,0,0
https://www.threads.com/@ajijavajava/post/DeM59g3H4id,threads,ajijavajava,,2026-10-07T17:33:53Z,"saya juga nggak suka sosok orang diedit untuk menghina dikedua belah pihak, cuman aneh aja boycot produk, musik, artis dll..karena alasan apa ? war online ? 😅",POST,3,2,0,0
https://www.threads.com/@az_bell/post/DeNMwIHE57z,threads,az_bell,,2026-10-07T20:18:04Z,Salah satu sebab kenapa kahf di boikot,POST,0,1,0,0
https://www.threads.com/@hanif_21v/post/DeNL3WUE3QF,threads,hanif_21v,,2026-10-07T20:10:19Z,"Ha? Siapa yg Send teams to jakarta tiap kami banned export or reduce coal mining?

Your government kan?  Kami tak pernah kirim team ke KL bahas ini.",POST,0,1,0,0
https://www.threads.com/@nabilamaswan/post/DeNMrOeE9jz,threads,nabilamaswan,,2026-10-07T20:17:24Z,"Tak, sekarang ni aku ke yang ke Jakarta tu? Takkan. Sejak bila pulak hal melibatkan hubungan diplomatik ni jadi urusan aku? Kahf bukan hubungan diplomatik bro, takkan benda macam ni pon nak kena terangkan",POST,0,2,0,0
https://www.threads.com/@miyuyi578/post/DeNLnyVk-Wk,threads,miyuyi578,,2026-10-07T20:08:12Z,"ya i totally understand your point, aku memang nak moveon je, harap pelakunya ditimpa balasan tapi kecewa produk kahf dari negara kamu joining this hate, not a human with EQ/IQ. but a brand with mostly from malaysian buyer and others. does football affecting on brands too? first time i witnessed this situation, seen some sports too tapi tak pernah nampak any brand joining the war. my malaysian reaction are valid though, we never thought a brand would hate us.",POST,0,1,0,0
https://www.threads.com/@billynp_/post/DeNMl3QE1ne,threads,billynp_,,2026-10-07T20:16:40Z,"Nah itu, kembali lagi ke personal
Kahf itukan pasti memperkerjakan manusia untuk social media marketing mereka,
MUNGKIN dia sangat antusias atas kemenangan bola di indonesia sehingga dia lupa atau dia enggak belajar membawa nama brand dia. Yang seharusnya brand itu kita harus bersikap NETRAL. Tanpa menhina pihak manapun. Betul bukan?",POST,0,1,0,0
https://www.threads.com/@ajib_853/post/DeNMko0E46s,threads,ajib_853,,2026-10-07T20:16:30Z,,POST,0,1,0,0
https://www.threads.com/@ajib_853/post/DeNMke2kzST,threads,ajib_853,,2026-10-07T20:16:29Z,Satu malam sahaja kahf hilang sales yg dibina selama 2 tahun yang sales nya di malaysia lebih tinggi dari indonesia. Malah produk lokal badlab kehabisan stok. Simplekau tgk jualan mobil 30 juta rakyat malaysia vs 300 juta rakyat indonesia baru kau sedar betapa besar nya kuasa beli di malaysia.,POST,0,0,0,0
https://www.threads.com/@wardathesloth/post/DeNMPGBky0w,threads,wardathesloth,,2026-10-07T20:13:34Z,"Walaupun aku masih geram sebab ada di antara mereka yang edit gambar menghina Yang Dipertuan Agong dan arwah Tun Dr Siti Hasmah, kita janganlah edit muka pahlawan mereka yang ada dalam duit mereka tu. Let them respond in such low class way, kita Malaysia kan ""beda level"". Jadi, tunjuk yang kita ni lagi baik, bukannya step sama rendah dengan mereka",POST,0,1,0,0
https://www.threads.com/@wardathesloth/post/DeNMi4Ak1VV,threads,wardathesloth,,2026-10-07T20:16:16Z,"Let them celebrate their one and only achievement. It's their moment. And to Kahf, I can't believe for a strong brand like you can make the dumbest mistake ever. Tak rasa membazir ke masuk Malaysia dan sponsor atlet but end up buat benda bodoh?",POST,0,0,0,0
https://www.threads.com/@ganeshrao.01/post/DeLc27QkeSz,threads,ganeshrao.01,,2026-10-07T04:00:20Z,"Bini Messi rilek je, tak beria mcm minah tu.",POST,5828,381,0,184
https://www.threads.com/@su999ara/post/DeNMYdZE98o,threads,su999ara,,2026-10-07T20:14:51Z,Day 1 boikot kahf,POST,0,0,0,0
https://www.threads.com/@nasrulhadiff/post/DeMOIwpmZpE,threads,nasrulhadiff,,2026-10-07T11:10:56Z,Thanks. Dia inga dia acc personal agaknya,POST,9,1,0,0
https://www.threads.com/@izhamlin123/post/DeNMTJ3E3Eo,threads,izhamlin123,,2026-10-07T20:14:07Z,Lg 1 dia menganjing mlysia ms jualan dkt tt official kahf.,POST,1,1,0,0
https://www.threads.com/@shimmygee/post/DeNMPqTEy4Q,threads,shimmygee,,2026-10-07T20:13:38Z,Never heard of Kahf. Mmg menyampah dgn Indon.,POST,0,0,0,0
https://www.threads.com/@andrimahendraa/post/DeNMPSHE317,threads,andrimahendraa,,2026-10-07T20:13:35Z,Day 1 boikot kahf dan beralih pake sabun oli mesin🤣🤣,POST,0,0,0,0
https://www.threads.com/@andrianagaf.real/post/DeNL8HxE-oM,threads,andrianagaf.real,,2026-10-07T20:10:58Z,"Keren Kahf..
Penontonnya full 1 negara jiran..
😂😂😂",POST,0,0,0,0
https://www.threads.com/@billynp_/post/DeNKhWJE7r5,threads,billynp_,,2026-10-07T19:58:35Z,"Nah ini sosial media, yang dimana kita BERAGAM bertemu orang dengan tingkat emotional yg berbeda Makannya aku bilang ""ga ada asap bila tak ada api"" dan sayapun udah menjelaskan kenapa kok bisa seribut ini Ya karena FIFA, dan siapa yang mulai duluan, bukan indonesia
Nah ributnya dimana? Sosial media.
Yg dimana kita bertemu dengan manusia yg memiliki tingkat emotional yg berbeda2",POST,0,1,0,0
https://www.threads.com/@kholizz__/post/DeM4n-NkxAb,threads,kholizz__,,2026-10-07T17:22:12Z,Saat boikot kahf,POST,0,1,0,0
https://www.threads.com/@lina367923/post/DeNLjpOkxAl,threads,lina367923,,2026-10-07T20:07:38Z,"Ni dikasi putih duluan muka nya,ambil tu kahf tonyoh ka muka nya dia....putih kagak!!!! Dasar goblok...",POST,0,0,0,0
https://www.threads.com/@frederickson_anderson_keneddy/post/DeM-4DoI1yx,threads,frederickson_anderson_keneddy,,2026-10-07T18:16:49Z,"Walaupun Warganya paling rame akan tetapi Purchasing power dorang lebih rendah Dari Malaysia, Singapore Dan Brunei.... Ini fakta",POST,5,1,0,0
https://www.threads.com/@ahmadr248/post/DeNdh0skreG,threads,ahmadr248,,2026-10-07T22:44:40Z,"Kalu kahf tak masuk mlysia,harga tak bolh jd premium,sane kahf hnye mampu mnjual kahf serendah harga sebungkud indomee je.. haha 🤣",POST,0,0,0,0
https://www.threads.com/@dinyfajrina/post/DeNLgedk1kK,threads,dinyfajrina,,2026-10-07T20:07:12Z,ayuh boikot kahf!! walaupun i tak pernah beli pun haha baru tahu kewujudan dia HAHAHA,POST,0,0,0,0
https://www.threads.com/@9or2anyy/post/DeNLPXDjeZI,threads,9or2anyy,,2026-10-07T20:06:15Z,El Kahf (Abdulbasit Abdussamad)Friendship #GoodTimes #Laughter,POST,0,0,0,0
https://www.threads.com/@yihannswfqh/post/DeNLWUSk62w,threads,yihannswfqh,,2026-10-07T20:05:49Z,derrrghhh dlu org kecam jojo ko mana pi aku stay and back up jojo 😭 tapi skrg rasa cam bodo jap sbb back up jojo yg setara pemikiran dgn Indonesia 😭 ingat jojo ni ckp besar so pemikiran luas lah rupanya level ii iq78 gak ke??? LAMA sgt tu jadi ambassador kahf benak tu,POST,0,0,0,0
https://www.threads.com/@idanesry/post/DeNLQyEE4By,threads,idanesry,,2026-10-07T20:05:03Z,"ibarat bom nuklear ada tindak balas berantai, selama ni elok aku tatau pun mana produk indon, harini dh tau mcm² produk indon hasil geledahan org ramai. contoh selama ni masak gulai kari guna santan Kara, lepas dh tau produk Indon, terus cakna nak tukar pakai santan SAJI bantu FELDA Malaysia. selama ni letak EDT kahf dlm checkout tiktok, terus cakna nak kekal pakai EDT SGMEN(Malaysia), selama ni minum Indocafe, terus cakna tukar Old Town white coffee(Malaysia). Tindak balas berantai",POST,2,0,0,0
https://www.threads.com/@thepeakboyy/post/DeLcC3vmXIK,threads,thepeakboyy,,2026-10-07T03:53:13Z,"Woi indo, kau bakar hutan ke bakar negara?! Makin teruk siaw dekat singapore ni",POST,6112,119,3,286
https://www.threads.com/@king_fisher5613/post/DeNLOdNk9OZ,threads,king_fisher5613,,2026-10-07T20:04:44Z,Konoha tengah padamkan api guna piala tuu kahf kahf kahf,POST,0,0,0,0
https://www.threads.com/@andrianagaf.real/post/DeNLI09E4a2,threads,andrianagaf.real,,2026-10-07T20:03:58Z,"Habis rekaman, putar balik ganti ambil kahf..
🤣🤣🤣",POST,0,0,0,0
https://www.threads.com/@toimgmp3_/post/DeNK_fgk61z,threads,toimgmp3_,,2026-10-07T20:02:42Z,"jangan pake kahf ya soalnya itu untuk manusia, pake brand kalian aja soalnya udh mirip banget.",POST,1,0,0,0
https://www.threads.com/@hariz_ariffin/post/DeM22fKkuzr,threads,hariz_ariffin,,2026-10-07T17:06:42Z,dekat indonesia brape rupiah ek kahf ni?,POST,0,1,0,0
https://www.threads.com/@summerteatime12/post/DeNK9T2EnXV,threads,summerteatime12,,2026-10-07T20:02:24Z,Kahf kat indo dalam RM4++ je. Ada lalu tadi,POST,0,0,0,0
https://www.threads.com/@1509dpyn/post/DeMeGXOmUAv,threads,1509dpyn,,2026-10-07T13:30:25Z,😄😄,POST,8,4,0,0
https://www.threads.com/@lina367923/post/DeNKw2Ek5UU,threads,lina367923,,2026-10-07T20:00:42Z,Akibat enggak pakai kahf...,POST,0,0,0,0
https://www.threads.com/@lopeholerapelium/post/DeNQq50k6vV,threads,lopeholerapelium,,2026-10-07T20:52:19Z,@meta.ai berikan estimasi nya,POST,0,1,0,0
https://www.threads.com/@meta.ai/post/DeNQuK-D85Y,threads,meta.ai,,2026-10-07T20:52:46Z,"Ini cuma estimasi ya, karena Paragon private dan tidak publish split revenue.

Dari data publik: pasar male toiletries Indonesia $198.6M di 2021 menuju $319.4M di 2026, Kahf sudah No.2 face cleanser dan market leader, sementara di Malaysia Kahf baru 2 tahun dan mencatat pertumbuhan 189%.

Estimasi kasar 2024-2025:
Indonesia: ~$18-25M USD / tahun, Malaysia: ~$1.5-3M USD / tahun. Jadi sekitar 85-90% masih dari Indonesia.

Harga di foto kamu itu strategi channel, bukan revenue: Indomaret RM10.85 ~$2.3 dan Watsons RM21.90 ~$4.6, wajar markup 2x karena import + margin modern trade MY.",POST,0,0,0,0
https://www.threads.com/@nomadicpaint/post/DeNKvdnk4AG,threads,nomadicpaint,,2026-10-07T20:00:30Z,"Kahf gak bantai palestina k
Kok kalian ngamuk cuma karena postingan bola lol",POST,0,0,0,0
https://www.threads.com/@oxlail/post/DeNJYJGk4G9,threads,oxlail,,2026-10-07T19:48:35Z,"bodohnya keterlaluan ya bro?? asal lo tahu seorang Malaysian bersamaan dengan 10 orang Indonesian kalau dari segi mata wang, kerna itu kami memegang peratus lebih tinggi dalam setiap produk lokal kalian, otak dipake oon, populasinya aja yang besar, mata wangnya rendah kerna itu produk kalian ga bisa survive jika hanya di negara sendiri dan memerlukan Malaysia untuk survive di ASEAN. otaknya dipake, bilang ke orang goblok padahal diri lu noh kelihatan bodohnya",POST,0,2,0,0
https://www.threads.com/@lucky_dvck/post/DeNKirQk98J,threads,lucky_dvck,,2026-10-07T19:58:46Z,"BHAHAHAHAHAHAHA TOLOLLL,, WOIII GOBLOKKK KAHF ITU SEBELUM MASUK PASAR MALAYSIA DIA UDAH BESAR DI INDO,, gimana ceritanya dia gak survive tanpa kalian bahahahahaha sumpah tolol banget lu,, dan kahf itu di bawah paragon corp. Lo cari tau sendiri tuh paragon corp.. Wkwkwkwwk udah dek malu sebdiri gw liat ketololan lu",POST,0,1,0,0
https://www.threads.com/@lina367923/post/DeNKgQSkyao,threads,lina367923,,2026-10-07T19:58:26Z,Ni dong babe cabita nya  tolong di kahf  kan juga ya muka nya,POST,0,0,0,0
https://www.threads.com/@miss_siti98/post/DeNKY4wE9xj,threads,miss_siti98,,2026-10-07T19:57:25Z,Tak pernah langsung beli product kahf !,POST,0,0,0,0
https://www.threads.com/@soursonnya/post/DeNKVgHE8vQ,threads,soursonnya,,2026-10-07T19:56:58Z,"bener2 wrong move, kahf.",POST,0,0,0,0
https://www.threads.com/@ubermen.my/post/DeMcFyPkzk1,threads,ubermen.my,,2026-10-07T13:12:52Z,"Jangan lupa kami bro 🙋🏽‍♂️

Ubermen pun anak Malaysia sejak 2008 😎🔥 Hanya Untuk Yang Konfiden

Full rutin grooming untuk korang yang nak maintain hensem & konfiden. Cari Ubermen dekat Watsons, Shopee & Lazada.

Psst… tak lama lagi akan launch produk baru👀

Jom support 🇲🇾🇲🇾",POST,58,2,0,1
https://www.threads.com/@moh.zeny/post/DeNKP2DkxeK,threads,moh.zeny,,2026-10-07T19:56:11Z,Kisah benar. Ada beberapa kali rasa nk cuba perfume Kahf tapi letak balik dan pilih beli perfume lain. Antaranya Ubermen. Mantap Ubermen 👍🏻,POST,0,0,0,0
https://www.threads.com/@bayu_introfoto/post/DeNJjV8E_q0,threads,bayu_introfoto,,2026-10-07T19:50:07Z,"Fyi ya bro, akun2 yang posting itu juga banyak diserang sesama netizen Indonesia. Termasuk saya menegur orang2 tidak bijak itu. Menurutku pemimpin negara tidak perlu dijadikan bahan ejekan gitu. Dan orang2 seperti itu juga hanya sangat sedikit saja. Untuk postingan itu aku minta maaf ya bro",POST,0,1,0,0
https://www.threads.com/@az_bell/post/DeNKJkpk37s,threads,az_bell,,2026-10-07T19:55:20Z,"Dah bila warga malaysia ss n post di group2 malaysia pasti akan jadi kemarahan warga malaysia... Dan tambah lagi brand kahf yang sendiri mengetroll gunakan akaun brand itu sendiri kan ngak profesional dengan waktu tengah panas gini.... Sepatutnya pake akaun peribadi bro... Perbuatan lagi mengerohkan keadaan... Tambah sekarang banyak 1-2 artis kalian buat video merendah kan malaysia itu juga lagi menambahkan keadaan lagi panas bro

https://vt.tiktok.com/ZSbbmx3ML/",POST,0,0,0,0
https://www.threads.com/@fandynoor_by/post/DeLaS7jH-se,threads,fandynoor_by,,2026-10-07T03:37:56Z,"287 juta penduduk semua miskin?
Logika malaydesh emang diluar nalar coeg🤣🤣🤣
Ehh dik sebelum kahf ekspansi negaramu, kahf sudah jadi best seller disini",POST,25,6,0,0
https://www.threads.com/@liena_inaa/post/DeNKG2Vk--z,threads,liena_inaa,,2026-10-07T19:54:58Z,NI BODOH. KAHF KAU PON MENGEMIS MASOK MALAYSIA SEBAB MALAYSIA BANYAK DUIT. INDOG MISKIN BAPE JE NAK BELI 🤣,POST,0,0,0,0
https://www.threads.com/@tahukupaat/post/DeMpYyklHnn,threads,tahukupaat,,2026-10-07T15:09:03Z,?,POST,2,4,0,0
https://www.threads.com/@lina367923/post/DeNKGj3E6df,threads,lina367923,,2026-10-07T19:54:55Z,"Tolong di kahf kan muka nya!! Rakyat lo kan,biar putih mulus kayak mulut warga lo",POST,0,0,0,0
https://www.threads.com/@itsm.etasy/post/DeM8NI6D_lY,threads,itsm.etasy,,2026-10-07T17:53:29Z,kau pulak bodoh nak buat mcm mana. buat statement guna iq gorilla. nda prnah lg org sabah sarawak guna passport pigi semenanjung palui,POST,9,9,0,0
https://www.threads.com/@aisya_umaira87/post/DeNd_HVkr2R,threads,aisya_umaira87,,2026-10-07T22:48:40Z,"Mmgla dia xkisah kahf diboikot.. dia dpt apa pn, smua tu xde kpentingan pd dia pn.. dhla xde duit, yg rugi bkn cmpany dia. Ap kne mngena sirap bndung dgn dia ntah.. dia presiden pn bukn. Dh besr pn tgok upin ipin.. lemahhhh",POST,0,0,0,0
https://www.threads.com/@couldbeeeaa/post/DeNd79rEohZ,threads,couldbeeeaa,,2026-10-07T22:48:14Z,"Buang kahf. Janji pasni kami beli barang belakang cashier, kaw kaw deals tak?",POST,0,0,0,0
https://www.threads.com/@northstarboy.sw/post/DeNd7mZk4NK,threads,northstarboy.sw,,2026-10-07T22:48:11Z,"Syurah ni best tapi org skrg membeli sbb nk aesthetic juga..pakai KAHF n G2G sbb design. Hasil sama je mcm x pakai pun. Jadi syurah, please updated @shurahofficial jgn jadi mcm Nokia. Bahan bagus wangi tp x up to date.. botol gedabak mcm ni nak letak bathroom organizer xmuat. Letak atas pump jamban penuh asyik jatuh. Sebab tu selalu letak kat lantai bilik air..nak bwk travel pun dah mmg laaaagi x boleh.",POST,0,0,0,0
https://www.threads.com/@ndea_sam/post/DeNd5QykhrE,threads,ndea_sam,,2026-10-07T22:47:52Z,"slpas permohonan maaf dr kahf smlm ikotkan kami nk jgk berlembut hati, tapi tibe2 live host kahf dan admin smlm msih lagi menganjing , mmg xde peluang kedua lagi la lip.. dgn rakyat dorang masih lagi dengan ego dorang. sepaototn staf dorang &  wrge dorang kene turunkan ego sbb prduk dorang ade dkt malaysia.. malas lagi memanaskn keadaan. yg staf dorang dh tau mtk maaf knp buat lagi.itu namanye enggak ikhlas. ha lantak diorang la. boikot ttp boikot.",POST,0,0,0,0
https://www.threads.com/@sastronaut.jpeg/post/DeNd2aaEjUI,threads,sastronaut.jpeg,,2026-10-07T22:47:29Z,"nasib noh, kalau dak batuk bunyi kahf kahf kahf",POST,0,0,0,0
https://www.threads.com/@rzsfr02/post/DeNd0ULkwSQ,threads,rzsfr02,,2026-10-07T22:47:12Z,"mempromosikan brand Kahf? bro, isu ni brutally calarkan reputasi Kahf. Bayangkan dari tahun 2022 masuk Malaysia bertapak, barhabis berjuta kukuhkan brand, hire model actor influencer, ada pembeli setia. dengan 1 posting “non business” yang bersangkut emosi, politik, social negara lain. runtuh semua kepercayaan. yes marketing sampai, beserta kebencian dan boikot. posting kau ketawa sebab bukan hasil usaha kau kan.",POST,0,0,0,0
https://www.threads.com/@_zmirul/post/DeNdzx7E6BE,threads,_zmirul,,2026-10-07T22:47:07Z,Kunafa Aiwah > Kahf,POST,0,0,0,0
https://www.threads.com/@tertarik.fat/post/DeNZ_QFE69P,threads,tertarik.fat,,2026-10-07T22:13:44Z,"The issue di sebabkan seekor individu admin Kahf perlu di ambil tindakan.  Hanya kerna kau yang cukup indah
Untuk dimiliki dan untuk dicintai
Ku tahu kau mahu ada di hati
Untuk didampingi untuk disayangi. Ooo",POST,6,2,0,0
https://www.threads.com/@ardinihumaira/post/DeNdy1eASnd,threads,ardinihumaira,,2026-10-07T22:46:59Z,"Bukan admin kahf seorang ya sebenarnya.. live host kahf juga sama. Tambahan pula rakyat negara mereka memboikot Petronas. Ada yang kata setakat rakyat kita  34j berapa orang sangat, boikot kahf tak menjejaskan mereka pun. Rakyat mereka 290j lagi padu tak heran pun katanya",POST,0,0,0,0
https://www.threads.com/@zrvva9/post/DeNdyjDEm3e,threads,zrvva9,,2026-10-07T22:46:57Z,"Saya kerja di drugstore. Dan kebanyakan lelaki malaysia memang sangat suka brand Kahf. Kahf dah mendapat tempat dan nama di Malaysia seperti brand international yang lain. Banyak artis yang terlibat untuk marketing. Tapi disebabkan sifat nasionalisme dan bercampur dengan kebodohan yang mendalam orang di dalam company, banyak periuk nasik orang dalam company yang tertutup. The damage has been done. They need to learn a lesson.",POST,0,0,0,1
https://www.threads.com/@onnrain/post/DeNdw_SE3_C,threads,onnrain,,2026-10-07T22:46:44Z,"Isu Kahf viral ni betul-betul buka mata.
Bila buat marketing, jangan sebab nak kejar engagement atau nak ikut tren, kita terlupa pasal sensitiviti. Gurauan yang ingat kelakar boleh bertukar jadi penghinaan kalau tak kena gaya.
Minta maaf dan padam post tu memang betul, tapi nak raih balik trust orang bukan benda sehari dua.
Pengajaran untuk semua—sebelum nak publish apa-apa kat media sosial, fikir dulu rasa hormat. Biar viral sebab benda elok, bukan sebab kontroversi yang makan diri.",POST,0,0,0,0
https://www.threads.com/@dot_div/post/DeNdrhIEmxw,threads,dot_div,,2026-10-07T22:46:00Z,bagi saya KAHF tu yang tak profesional..sepatutnya brand2 besar yang macam tu tak perlu pun terlibat dengan apa apa isu yang boleh menjatuhkan maruah syarikat..admin scomed KAHF tu pelik beria sangat nak post macam tu..tu laa punca terikut sangat perangai netizen yang suka mengecam🤦🏻‍♂️,POST,0,0,0,0
https://www.threads.com/@shekalerry_/post/DeNH86tEyRd,threads,shekalerry_,,2026-10-07T19:36:08Z,"Urm menyalahkan satu orang saja ?? Tetapi makin ramai yang join kesalahannya ? Menyokong semua hinaan ? Lalu buat lagi ? DAN LAGI ? DAN LAGI ?? Wow such disgusting your opinion. About boikot, kfc mcd pun makin banyak tutup disini kerana hasil boikot kami apatah lagi jenama negara korang ? Can bangkrut bro.",POST,1,1,0,0
https://www.threads.com/@einarrasya/post/DeNdrfck_kC,threads,einarrasya,,2026-10-07T22:45:59Z,"Kahf has a massive market back home with over 270 million people, they don't depend entirely on your market to survive. Kahf's main consumer base is millions of people in Indonesia, not just your local outlets. Your boycott won't bankrupt them at all, it's just like you pour water to ocean for a huge global company. tak usah acah yang paling berkuasa nak bangkrutkan brand global tu, nampak sangat tak faham market scale different.",POST,0,0,0,0
https://www.threads.com/@jay_fadli28/post/DeLWpHcERNl,threads,jay_fadli28,,2026-10-07T03:06:01Z,"Gini ya bro... 

Total penduduk kalian itu 34 juta orang....

Yg koar-koar ingin memboycott itu cuma orang-orang etnik Melayu...
Yg populasinya jika digabung dengan Bumiputra hanya sekitar 24 juta orang... 

Jumlah segitu hanya setengah dari jumlah penduduk kawasan metropolitan Jakarta....

Jadi jangan merasa kalo diri kalian itu sangat berpengaruh dinegara kami... 🥲",POST,122,29,0,0
https://www.threads.com/@81yeppeoo/post/DeNdqwFkzgZ,threads,81yeppeoo,,2026-10-07T22:45:53Z,maksud kau cina and india nak support kahf...? in your dream.. 💭,POST,0,0,0,0
https://www.threads.com/@nonametouse09/post/DeNCjv6E2Gi,threads,nonametouse09,,2026-10-07T18:49:00Z,"1.Kenapa produk indon laku di malaysia? Sebab murah dan kuasa beli kat malaysia tinggi.. 
2.Produk indog kuasa beli tak kuat kat tempat sendiri sebab rakyat sendiri x mampu dan kuasa beli rendah
3.kenapa Produk malaysia x banyak kat indog? Simple orang indog tak mampu nanti beli.. produk sendiri pun x mampu apatah lagi produk malaysia
4. 1 ringgit pun sudah 4 ribuaan rupiah",POST,0,1,0,0
https://www.threads.com/@amer_bashae/post/DeNdoaTk9wE,threads,amer_bashae,,2026-10-07T22:45:34Z,"imagine produk lokal Malaysia yg well established mcm The Raw masuk market sana jual cleanser RM35-40, 153 ribu rupiah, walhal cleanser Kahf 100ml kat sana baru RM10 (43 ribu rupiah), boleh beli 3 kahf. Buat rugi adalah, baik target market Singapore, Brunei, negara lain",POST,0,0,0,0
https://www.threads.com/@kayshafiq/post/DeNdhtckioA,threads,kayshafiq,,2026-10-07T22:44:39Z,I would not say Kahf punya posting sampai menghina lain la kalo dia letak satire figure or terang2 mencaci constitutions of any country. Anyway what have been done is done and dia mcm tutup satu pintu rezeki terbuka banyak lagi pintu rezeki kat orang lain pula.,POST,0,0,0,0
https://www.threads.com/@dyussof/post/DeNYLWgE7Sx,threads,dyussof,,2026-10-07T21:57:55Z,Kahf mtk maaf.. tp host level rempit msih  duk menganjing kt live tt.. sori.. mmg xkan support produk beda level ini..,POST,2,0,0,0
https://www.threads.com/@itsmevirgo18_/post/DeNKEEpE-7X,threads,itsmevirgo18_,,2026-10-07T19:54:35Z,Di Indonesia gak make kahf tp kami makenya labore sama2 dr Paragon jg tp harganya jauh lebih mahal dr Kahf.  Kahf ma emg levelnya utk kalian sih.,POST,0,0,0,0
https://www.threads.com/@bullah.891/post/DeNEMTgkrGL,threads,bullah.891,,2026-10-07T19:03:17Z,"Tak usah takuti kami, kami sudah lewati berbagai cobaan dan bencana. Klo cm boikot dari Malaysia aja, mudah sangat. Langsung boikot tak usah bnyak cakap wkwkwk",POST,0,3,0,0
https://www.threads.com/@toimgmp3_/post/DeNJ5LjE9tv,threads,toimgmp3_,,2026-10-07T19:53:06Z,"iya udh jangan pake kahf soalnya itu buat manusia, kalian pake brand sndiri aja. sangat mirip.",POST,0,1,0,0
https://www.threads.com/@la_qyla/post/DeNJh6PE3Yg,threads,la_qyla,,2026-10-07T19:49:55Z,McD dgn KFC yg gah pun byk lingkup kt msia sbb boikot..so kmi rkyt msia bdoa spya melingkup cpt,POST,0,1,0,0
https://www.threads.com/@andrianagaf.real/post/DeNJ0G3E7Xm,threads,andrianagaf.real,,2026-10-07T19:52:24Z,"McD, KFC, Kahf di boikot di malay no problemo..
🤣🤣🤣",POST,0,0,0,0
https://www.threads.com/@euis.ferawati/post/DeNJoONk5HW,threads,euis.ferawati,,2026-10-07T19:50:47Z,"Kahf diboikot malaydesh? Ga ngefek lahhh lagian yang boycott juga ga punya duit ko.
Paragon ga punya salah aja kena imbas bola? Dasar",POST,3,0,0,0
https://www.threads.com/@assyahiddin/post/DeNaLSeE2rz,threads,assyahiddin,,2026-10-07T22:15:23Z,"Ada yang cakap, Malaysia boikot Kahf pun apa je kesan dia kalau Indonesia ada 285 juta penduduk?

Kalau kita ambil contoh filem (paling laris sepanjang masa). MAT KILAU collect anggaran 4–5 juta tiket, bersamaan 12–15% populasi Malaysia. Indonesia punya filem terlaris (AGAK LAEN 2) collect 11 juta penonton, baru 4% populasi.

Of course, not a direct comparison. Point dia, market size doesn’t always reflect market influence.

Big population tak semestinya bermaksud small market tu tak penting.",POST,2,7,0,0
https://www.threads.com/@andrimahendraa/post/DeNJbd3k_J5,threads,andrimahendraa,,2026-10-07T19:49:02Z,Day 1 boycot kahf cuci muka tanpa kahf wkwk,POST,0,0,0,0
https://www.threads.com/@mdnzahri_/post/DeNJS0fE7mB,threads,mdnzahri_,,2026-10-07T19:47:52Z,"after beberapa jam selepas hq kahf kluarkan statement permohonan maaf , ni apa yg sebenarnya orang sana nak??",POST,11,0,0,0
https://www.threads.com/@clarajunee00/post/DeNCpgrn6ld,threads,clarajunee00,,2026-10-07T18:49:47Z,imagine rakyat diorang fikir diorang mampu maintain business produk kahf diorang tu yang kononnya kalau Malaysia boikot takkan terjejas pun businessnya while diorang sendiri pun hanya mampu beli pakai barang sachet/packet je.,POST,7,1,0,0
https://www.threads.com/@rudy_2028/post/DeNJPT9E5eT,threads,rudy_2028,,2026-10-07T19:47:23Z,Eh kocak kau kira kahf tak laku kat indo kah? Cari tau dulu baru berkomentar biar tak nampak kosong sangat isi kepala,POST,0,0,0,0
https://www.threads.com/@woftlone_na/post/DeNJOZkE0sl,threads,woftlone_na,,2026-10-07T19:47:15Z,"Dah mintak maka bagi je boycott 
Suka2 je cakap malaysia boikot geli geli saja 
#kahfboikot",POST,1,0,0,0
https://www.threads.com/@linggarzati/post/DeLvHigE-NK,threads,linggarzati,,2026-10-07T06:39:53Z,"Masih ingat nggak  tahun kemarin, kami bela saat melawan Knets.., jutaan warga thread indonesia membela kalian kami mengajak seluruh dunia untuk membela kalian.. sekarang gara-gara kalah bola., kalian menyerang kamu menjelek-jelekkan kami. Memang benar Malaysia itu orangnya tuh penghianat semua yang miskin sampai yang kaya sampai pejabatnya juga.",POST,5995,3076,13,113
https://www.threads.com/@toimgmp3_/post/DeNJNXFE2aJ,threads,toimgmp3_,,2026-10-07T19:47:07Z,"halo warga malaysia, jangan pake kahf ya soalnya itu buat manusia.
pake produk kalian aja sesuai banget.",POST,0,0,0,0
https://www.threads.com/@suamkuku22/post/DeNJGrNEycq,threads,suamkuku22,,2026-10-07T19:46:12Z,Hahaha bodo kahf ni acc beli ni,POST,0,0,0,0
https://www.threads.com/@shawnfins/post/DeNJENnk2tD,threads,shawnfins,,2026-10-07T19:45:52Z,Warga Malaysia yang nak boikot Kahf silahkan tapi jangan korang mainkan nama produk kahf itu. Coba korang search asal mula nama produk Kahf itu,POST,2,0,0,0
https://www.threads.com/@chintiabinaumbara/post/DeLYgmvoC5N,threads,chintiabinaumbara,,2026-10-07T03:22:20Z,"Di boycot karena genosida ❌
Di boycot karena menang bola 💯
Lucu siii 🤣🤣
Lebih lucu lagi yg boycot bukan lawan yg kalah di final 😆",POST,782,448,3,17
https://www.threads.com/@zurawsky_/post/DeNI-E1kh6S,threads,zurawsky_,,2026-10-07T19:45:02Z,LUCU BANGET DEK !! KHAF KHAF KHAF KAHF KAHF KAHF KHAF KHAF KHAF KHAF KHAF 🤣anyway pray for kalimatan 🤲🏻 tapi gw aminin tempat lu kena api bara bara nya .kan juga lucu,POST,0,0,0,0
https://www.threads.com/@oxlail/post/DeNIWbJk5hh,threads,oxlail,,2026-10-07T19:39:37Z,"populasinya besar, mata wangnya??? makanya otak dipake kan udah dibilang tukar harga wang kami jadi rupiah dan lihat bedanya, populasinya besar namun GA CUKUP untuk sampai ke ASEAN asal lo tahu ya, di ss lu juga udah ditunjukin tuh sama mba ii chat gpt, baca lagi sono",POST,0,1,0,0
https://www.threads.com/@lucky_dvck/post/DeNI9hqEzdl,threads,lucky_dvck,,2026-10-07T19:44:57Z,"Tetetep aja goblokkkk masih besar  indonesia TOLOL, jumalah populasi lo itu 34 juta itu laki perempuan, kalo laki doang paling cuman 18 juta, indonesia jumlah laki 100jt lebih,, itu belum di bagi umur dan gak semuanya pake produk kahf. Pake otak lo babi lo itu terus lo itung sendiri. najisss GOBLOKkkk banget 🤣🤣🤣",POST,0,1,0,0
https://www.threads.com/@lopeholerapelium/post/DeNRg-GkzmF,threads,lopeholerapelium,,2026-10-07T20:59:42Z,"Berikan estimasi revenue pertahun penjualan kahf di malaysia vs indonesia, gunakan mata uang USD, singkat saja jangan pankang jawab nya @meta.ai",POST,0,1,0,0
https://www.threads.com/@threadsaiya._/post/DeNI1rbE7FO,threads,threadsaiya._,,2026-10-07T19:43:53Z,"Once a mistake yes at Thread. Twice is a decision, go check all digital footprint of Kahf host. So, are you out? Obv no 🤣🤣🤣🤣🤣",POST,0,0,0,0
https://www.threads.com/@moonbearrr_grr/post/DeNIsOlkkhf,threads,moonbearrr_grr,,2026-10-07T19:42:35Z,NO MORE KAHF IN WATSON...terasa jijik ada brand ini di skincare store kesayangan Malaysia..sila buang,POST,0,0,0,0
https://www.threads.com/@my.nayhsan/post/DeNfMq0AeSa,threads,my.nayhsan,,2026-10-07T22:59:15Z,"Hati2 lho kamu, membenci seorang muslimah dermawan yg sangat rendah hati seperti beliau. Kesalahan dilakukan oleh adminnya, dan pihak Kahf sendiri sdh ada klarifikasi permohonan maaf. Apalg sih? So childish",POST,0,0,0,0
https://www.threads.com/@ezz.mnsr/post/DeNfHNpkqeg,threads,ezz.mnsr,,2026-10-07T22:58:31Z,Lawak fresh ni batuk kahf kahf kahf 😆,POST,0,0,0,0
https://www.threads.com/@xjukie/post/DeNfGGVE0Xd,threads,xjukie,,2026-10-07T22:58:22Z,"Ayam gepuk pun elok diboikot selain produk kecantikan Kahf tu. Semudah tu je ayam gepuk menjarah sesetengah rakyat Malaysia, mesti bangga Konoha makanan dorg memenuhi di setiap lot2 kedai.",POST,0,0,0,0
https://www.threads.com/@mildnyctophile/post/DeNfBVhEqWv,threads,mildnyctophile,,2026-10-07T22:57:43Z,"I don't know you before, but due to your contract with the said brand made you to speak like you haven't really looked at the cause they are doing. 

You are really such a tone deaf person by saying that, at this point it is not a dumb mistake, but it is an intentional action made in such racist and unrespectful manner.

You could say it better but yeah, you chose not to. Like Kahf chose to do that. No wonder la",POST,0,0,0,0
https://www.threads.com/@arsupriyanto_/post/DeNfBMaj7Yv,threads,arsupriyanto_,,2026-10-07T22:57:41Z,Sy memang sudah langganan kahf dari 2 thn lalu. Minimal 2 bulan sekali beli paket nya mereka. Sesuai kebutuhan ajaa,POST,0,0,0,0
https://www.threads.com/@khai._iqsaaa/post/DeNO_CxEz99,threads,khai._iqsaaa,,2026-10-07T20:37:35Z,"เมื่อไม่นานมานี้ มีประเด็นเกี่ยวกับแบรนด์หนึ่งที่ชื่อว่า @kahfeveryday ซึ่งเป็นแบรนด์ภายใต้บริษัท @paragoncorp ได้ออกแถลงการณ์ที่ถูกมองว่าไม่คำนึงถึงความรู้สึกและความอ่อนไหวของประเทศต่าง ๆ ในตลาดต่างประเทศ จนเกิดกระแสวิพากษ์วิจารณ์และการประณามอย่างกว้างขวาง

ประเทศไทยและประเทศอื่น ๆ ในอาเซียนถูกนำเสนอในลักษณะที่แตกต่างจากอินโดนีเซีย ซึ่งทำให้เกิดความเข้าใจว่าอินโดนีเซียและประเทศอาเซียนอื่น ๆ ถูกมองว่ามีสถานะไม่เท่าเทียมกัน

ขอเชิญพี่น้องชาวไทยร่วมแสดงจุดยืนด้วยการคว่ำบาตรสินค้าและแบรนด์ต่าง ๆ ของ @paragoncorp 👎🏻❌🇹🇭💪🏻",POST,589,195,11,101
https://www.threads.com/@theaquev_/post/DeNfAc-E-IM,threads,theaquev_,,2026-10-07T22:57:35Z,"Habislah kahf. Silap2 tutup terus kahf 2 3 tahun lagi😂  kalau semua boikot , matawang dorang jatuh menjunam lagi ke dak? Apa Probowo tu cakap pulak nanti ek🤣 tak guna ringgit, baht, dollar and lain2  pulak ke?🤣",POST,1,0,0,0
https://www.threads.com/@kelsm_bakar/post/DeMU3yVErAz,threads,kelsm_bakar,,2026-10-07T12:09:47Z,"Oh  selama ni memang macam tu rupanya 🤦‍♀️ Rentetan dari posting semalam, rupa-rupanya admin tu memang suka tinggalkan komen merepek pakai akaun rasmi lah ye. Tak ada orang pernah tegur ke 🤔",POST,58,3,0,0
https://www.threads.com/@noorazl/post/DeNfAAEky-9,threads,noorazl,,2026-10-07T22:57:32Z,Klo akun kahf dari kemarin2 emang kayak gt. Sok asik. Ga tau waktu dan tempat yang pas untuk ngomong atau ikut bercanda.,POST,0,0,0,0
https://www.threads.com/@fnbhn10/post/DeNe_xygdTZ,threads,fnbhn10,,2026-10-07T22:57:30Z,"Kahf : panik diboikot
Badlab : panik kena restock",POST,0,0,0,0
https://www.threads.com/@rafdadhwa_/post/DeNe7J6k9wT,threads,rafdadhwa_,,2026-10-07T22:56:52Z,"ISU KAHF PUN BELUM REDA, TIBA MUNCUL PULA VIDEO ARTIS SANA LETAK OTAK DEKAT LUTUT! 💣💥  

Akaun Kahf selamba sindir ‘Beda Level’, bila orang nak boikot, artis sana pulak buat video backup kata 34 juta orang tak bagi kesan kat 290 juta!  

Dah bangga sangat ada 290 juta jiwa, pi mampus tak payah berniaga kat sini! Sebelum nak bercakap buat video tu tolong buat analisis dulu, bukannya main petik sejarah Parameswara bila barang kena hentam.  

Total boycott ke macam mana guys?",POST,3,0,0,1
https://www.threads.com/@rizkafitridiantini/post/DeL3HZOoBcG,threads,rizkafitridiantini,,2026-10-07T07:49:46Z,"pelajaran juga nih buat aku admin brand supaya tetep inget batas. santai dan friendly boleh, tapi inget kita lagi pake wajah brand. kalo brand blunder, nasib banyak orang nih yang dibawa 🥲",POST,61,2,0,1
https://www.threads.com/@dvsv.bs/post/DeNfJDNErr5,threads,dvsv.bs,,2026-10-07T22:58:46Z,"Yang pegang brand kahf kaya nya agency ecek2 staff sosmednya fresh graduate yg fomo baru terjun di industri kreatif yg kuliahnya  jauh dari jurusan branding, marketing.",POST,0,0,0,0
https://www.threads.com/@durian.manja/post/DeNe65Hk4CF,threads,durian.manja,,2026-10-07T22:56:50Z,We supported Kahf because we thought it was yours.. U did a superb job being their ambassador sampai kite ingat that is ur brand.. Of all people mesti u lagi frustrated.. Ur statement is so mature and principled..,POST,3,0,0,0
https://www.threads.com/@popoy.design/post/DeNe6S-kum9,threads,popoy.design,,2026-10-07T22:56:45Z,Kahf Nice Product ❤️,POST,0,0,0,0
https://www.threads.com/@ariftopithamrin/post/DeNe5AeE0OS,threads,ariftopithamrin,,2026-10-07T22:56:34Z,"pecat yg punya ide posting kemarin...sbg orang iklan..ikut marah bukan karena bola atau apa tapi lebih merasa terhina kok bisa level creativity kahf serendah itu...norak...
tolol...konsepnya seperti beda level dgn citra brand kahf itu sendiri...pokoknya harus ada yg dipecat !...gak urus dgn malaydesh2san !",POST,0,0,0,0
https://www.threads.com/@sariyounotugly/post/DeMPynNk6Ge,threads,sariyounotugly,,2026-10-07T11:25:23Z,Letak Hindia dgn 420 settle bang,POST,74,2,0,0
https://www.threads.com/@tigeralisingh/post/DeNe3rFkttz,threads,tigeralisingh,,2026-10-07T22:56:23Z,"Worshiper dorang ramai pe sini invite je Hindia,.Feast,Perunggu & Wali Band pastu Kahf Kasi free pencuci muka & strawberry matcha kunafa boba confirm worshiper Msia dorang suka nya.",POST,0,0,0,0
https://www.threads.com/@aasyuazmi/post/DeNe020EqCy,threads,aasyuazmi,,2026-10-07T22:56:00Z,Buang kahf cepattt,POST,0,0,0,0
https://www.threads.com/@achmadrikhwansalani/post/DeMo31HEo8h,threads,achmadrikhwansalani,,2026-10-07T15:04:33Z,Boikot aja ga ngaruh negara kecil mahh🤣🤣🤣.. Negara playing victim.. Cengeng.. Baperan.. TAIK!!! Mau.ny cuma nyenggol.. Giliran di senggol balik NGAMOK!!,POST,7,2,0,0
https://www.threads.com/@dzhkm/post/DeNe0DQE_E8,threads,dzhkm,,2026-10-07T22:55:54Z,Ga ngaruh tapi Kahf hari-hari mohon maaf 😂,POST,0,0,0,0
https://www.threads.com/@chocolatelatte_97/post/DeL9nPOkvj7,threads,chocolatelatte_97,,2026-10-07T08:47:53Z,"HAHAHAHAHAHAHAHA  muka acah macam strong padahal dalam hati dah nak nangis HAHAHAHAHAHAHA , kau main2 dengan netizen malaysia dah la semua darah pahlawan 😂🇲🇾",POST,4107,905,12,372
https://www.threads.com/@haneem.zy/post/DeNeqbLAZ_p,threads,haneem.zy,,2026-10-07T22:54:35Z,AKU BARU TAHU KAHF NI INDON🫩dah la first time beli😔kmak la,POST,0,0,0,0
https://www.threads.com/@mustadzamustopha/post/DeNeqDnE33u,threads,mustadzamustopha,,2026-10-07T22:54:32Z,"“Kalian gak ada tanpa indonesia”… wahh, dah macam tuhan pulak bunyi dia. Baik, jika begitu saudara berfikir dan mengherdik kami. Silakan, walaupun kami kecil, tapi kami akan buktikan kebersamaan , keteguhan, dan ketaatan kami terhadap negara kami jika di hina. Buy local first lets go!",POST,0,0,0,0
https://www.threads.com/@agungnm_/post/DeMOELZCbw5,threads,agungnm_,,2026-10-07T11:10:19Z,"Langsung blackout kak Klang Valley
Apalagi pasokan gas alam Natuna distop, tambah kalang kabut karena EBT mereka cuma 5 persen",POST,15,4,0,0
https://www.threads.com/@hatinafiq101/post/DeNemUDkjOg,threads,hatinafiq101,,2026-10-07T22:54:01Z,"hahahhaha kelakar lah you ni. Yakin sgt😂 padahal indo yang dok guna elektrik sarawak. Malaysia beli arang batu dari indonesia untuk jana ekonomi negara kamu. kalau produk kahf ni masuk pasaran malaysia, tapi menghina malaysia. Jadi, yah layak untuk diboikot. Seharusnya sebagai perusahaan kenalah professional lagi2 ada pasaran di negara lain.",POST,0,0,0,0
https://www.threads.com/@pejuang.affiliate01/post/DeNek8bkus2,threads,pejuang.affiliate01,,2026-10-07T22:53:50Z,"sebenarnya kes jojo dengan kahf ni, korang tak boleh nak salahkan jojo and nak suruh jojo terminated contract camtu je, kau kena fikir air muka dia jugak dengan connection yang dia dah buat dalam kahf tu, dia sign contract as BA KAHF before this issues so kalau dia minta terminated contract after this issue tak ke memalukan dia? so  please pikir jauh dulu sebelum hentam orang. boikot kahf still jalan",POST,0,0,0,0
https://www.threads.com/@tliveboba/post/DeNekadksJJ,threads,tliveboba,,2026-10-07T22:53:46Z,Sooo rude.. Use your different level of brain to think twice before post something.. Adios kahf.. Disgusting,POST,0,0,0,0
https://www.threads.com/@rahmadhikaps/post/DeNeg1jE8gZ,threads,rahmadhikaps,,2026-10-07T22:53:16Z,"Selalu setia dengan kahf karena skincare paling cocok terutama sunscreen+moisturizer Spf 35 (untuk indoor), serum, deodorant, dan sabun mandi. Untuk sunscreen yang SPF 50 (Outdoor) dan lipbalm lebih ke Wardah. 

Btw sejak pakai deodoran Kahf, tidak ada lagi noda kuning di bagian ketiak baju putih.",POST,0,0,0,0
https://www.threads.com/@linamahmud71/post/DeNef9IgRai,threads,linamahmud71,,2026-10-07T22:53:09Z,"Ya la kan... kang pakai Kahf dok sebut tak terima.. terima.. ngak apa apa.. terima ajaa.. usah gitu lo 😂😂😂 tak nak aku laki aku jd gitu 🤣🤣🤣
Dia kan pusing2 perkataan yg sama.. dia pikir2 nak cakap apa perkataan tu jugak dia sebut 🤣 tp kan staremenr manipulation sungguh. Apa depa post jauh dr apa dia tuduh",POST,0,0,0,0
https://www.threads.com/@tulangkata/post/DeM7eIgkd4q,threads,tulangkata,,2026-10-07T17:47:04Z,This is damn funny 😂😂,POST,18,1,0,0
https://www.threads.com/@thefakingaimanxxv/post/DeNecGyk0Uw,threads,thefakingaimanxxv,,2026-10-07T22:52:38Z,"Kalau benda ni happen, kau aku letak dekat gate KLIA. Biar Kahf tahu siapa PGK yang sebenarrr.",POST,0,0,0,0
https://www.threads.com/@windivv/post/DeNeIxGgdgH,threads,windivv,,2026-10-07T22:49:59Z,@kahfeveryday,POST,1,1,0,0
https://www.threads.com/@seffrizki/post/DeNeaDmgUVy,threads,seffrizki,,2026-10-07T22:52:21Z,"Malaysia yg mau boikot kahf?.
Udah lewat di TL semalam",POST,0,1,0,0
https://www.threads.com/@nazriexanuar/post/DeK6e81Dptl,threads,nazriexanuar,,2026-10-06T22:59:58Z,"To all my malaysian 🇲🇾 dan warga Indonesia🇮🇩 . 
Kat sini aku nk bercakap sikit tentang dua negara ini. Yang makin lama makin hilang wajah sebenar kedua negara hanya sebb ke Egoan masing2. Mungkin ada ramai yang tak setuju dan tidak terima apa yang nk akan aku sampaikan pandangan aku ni . Tapi aku harap korang baca la sampai habis. Percayalah kita bukan mcm ni. Kita dah jauh dari persahabatan yang sebenar.",POST,765,379,3,66
https://www.threads.com/@afzalurikhsan/post/DeNeX-4k9ke,threads,afzalurikhsan,,2026-10-07T22:52:04Z,"Yg banyak begaduh ni memang budak2 gen z, tak tau macam mana dulu persaudaraan Indonesia dan Malaysia. Bodoh sangat lah nak begaduh sampai macam ni pasal bola je pun. Saya pun setuju kalo memang harus ada tindakan untuk brand Kahf. Salam serumpun dari bangsa melayu Riau",POST,0,0,0,0
https://www.threads.com/@plstnwllbefree/post/DeNeXAIE75j,threads,plstnwllbefree,,2026-10-07T22:51:56Z,Setelah kahf Jd sekarang ganti indomie nih 🤣,POST,0,0,0,0
https://www.threads.com/@wheresmynugget/post/DeNeWH0E3aL,threads,wheresmynugget,,2026-10-07T22:51:49Z,teringin nak tahu apa nasib staff Kahf yg buat posting tu. dah kena buang keje ke? 🤣,POST,0,0,0,0
https://www.threads.com/@drawicks/post/DeNaL5LEwtU,threads,drawicks,,2026-10-07T22:15:28Z,"Cocok sekali kau jadi warga zionis yang twisting kenyataan. Kau cakap sendiri ""beda bahasa"", berarti kau yang salah pengertian. Udah jelas pula ini menghasut sampai kirim ke grup Thai tapi masih denial bukan menghasut.",POST,0,1,0,0
https://www.threads.com/@nasafwan/post/DeNeQa8E7Xq,threads,nasafwan,,2026-10-07T22:51:02Z,Kahf sendiri yg libatkan thailand... bukan poster,POST,0,0,0,0
https://www.threads.com/@amirulafiq.s/post/DeNfTpaHx9w,threads,amirulafiq.s,,2026-10-07T23:00:13Z,Hot fm xyah cover sgt kot..ckp je lah kahf🤣dok kicap² igt org x tau ke😌,POST,0,0,0,0
https://www.threads.com/@zkwhha/post/DeNfGqTkp31,threads,zkwhha,,2026-10-07T22:58:26Z,"Dan muncullah satu platform Brand daripada Indonesia yang agak terkenal di Malaysia into the scene. Sebab apa terkenal, sebab duta-duta nya bukan kalang-kalang. Antaranya:

1. Alif Satar - Penyanyi dan penggerak kempen Subuh Macam Jumaat, atlet Ironman Malaysia
2. Johan Ghazali - Atlet Muay Thai Malaysia

Dan artis-artis yang nama besar yang lain. Jadi, bila establish brand tu join, ibarat ada saluran untuk Malaysian salurkan kemarahan. Melalui apa? 

Melalui Boikot.",POST,0,1,0,0
https://www.threads.com/@zkwhha/post/DeNfGrfkvwI,threads,zkwhha,,2026-10-07T22:58:26Z,"Sebab apa Boikot? Sebab Talk is Cheap, but when it involve with your income, people will automatically shut up their mouth. 

So, ada tak dekat atas pasal banter bola sepak? Not at all. It is all about your skill to Read The Room. Sekarang Malaysia tak baik-baik sahaja, kau curah minyak pada api. So, damage has done. Goodluck Kahf.✌️",POST,0,0,0,0
https://www.threads.com/@a.jontptt/post/DeNeNCbkoyH,threads,a.jontptt,,2026-10-07T22:50:34Z,"Kenapa boikot kahf. ? Produk israil ke. ? 
🤣",POST,1,1,0,0
https://www.threads.com/@anggart/post/DeLPqvqI86o,threads,anggart,,2026-10-07T02:05:04Z,"Namanya ada Bad Lab, udah tau Bad kenape nak beli? 🤣🤣",POST,0,3,0,0
https://www.threads.com/@ilyas.rahmann/post/DeNeHrVksUk,threads,ilyas.rahmann,,2026-10-07T22:49:50Z,FaKahf,POST,0,0,0,0
https://www.threads.com/@azrprrr/post/DeNc9Yjks_a,threads,azrprrr,,2026-10-07T22:39:42Z,"gaperlu narik negara orang kalo mau cari ribut, kalo gitu kesannya lu yang memecah belah, paham?",POST,0,1,0,0
https://www.threads.com/@nasafwan/post/DeNeEBik6GY,threads,nasafwan,,2026-10-07T22:49:20Z,"Kahf sendiri yg mencari ribut soalnya, jangan jadi dungu,

Oh ya,

Maaf kan aku ya

(Udah mintak maaf, jadi gapapa...)",POST,0,0,0,0
https://www.threads.com/@kkuuaannggg/post/DeM5kmwnyT8,threads,kkuuaannggg,,2026-10-07T17:30:29Z,Kalau tak ada permintaan tak lah di jual di Malaysia.,POST,0,1,0,0
https://www.threads.com/@fateennurilliayahya/post/DeNeCLLkx6r,threads,fateennurilliayahya,,2026-10-07T22:49:05Z,"Bukan permintaan, tapi sebab purchasing power orang Malaysia lagi tinggi.. Malaysia sendiri dah banyak produk skincare, kalau takde Kahf, memang banyak pilihan produk yang lebih berkualiti.. terimalah hakikat yang Indonesia eksport produk ke negara kita kerana matawang kita lebih tinggi dari mereka, puechasing power tinggi..",POST,0,0,0,0
https://www.threads.com/@pauwzan/post/DeNeBE4AVlv,threads,pauwzan,,2026-10-07T22:48:56Z,"Sekelas kahf tapi typingannya begitu, malu maluin banget. 
Setuju kak suruh ambil ni jerebu, kemarin aja parah banget jerebunya, buat hirup udara seger aja susah banget sekarang di kl udah berapa bulan ini. 
SHAME ON YOU!!!",POST,0,0,0,0
https://www.threads.com/@gookgookgo/post/DeNdLqAkmFH,threads,gookgookgo,,2026-10-07T22:41:39Z,"Takde2, tinggalkan kahf demi Malaysia mcm kau bangun pagi tiba-tiba rasa tak sabar nak pergi mengundi. 🤣🤣🤣🤣",POST,0,0,0,0
https://www.threads.com/@digital_insight_00/post/DeNfRYjn9El,threads,digital_insight_00,,2026-10-07T22:59:54Z,"absen yang udah cuci muka pagi ini ☝🏻

gue baru ganti ke kahf face wash, busanya lembut nggak bikin ketarik
rating 4.9, 10RB+ terjual — 28rb-an doang

yang mau samaan sebelum 10.10, link di komen 👇",POST,0,1,0,0
https://www.threads.com/@malaysiabertauhidofficial/post/DeNfMnTElda,threads,malaysiabertauhidofficial,,2026-10-07T22:59:15Z,"Gentleman and professional. 

It's okay bro, netizen ni tiada masalah pun dengan mana-mana artis Malaysia under Kahf. Either it's you or jojo or sesiapa pun.

And kami pun percaya, artis² Malaysia pun tak sanggup tengok negara dia kena hina.

Yang masalah, hanya team marketing Kahf sahaja. Harap administration atasan Kahf ambil tindakan yang tegas lah dekat team dia ni.

Sebab team dia tak professional & langgar etika sebagai seorang pekerja.

Orang jadi hilang trust & kecewa dengan Kahf.",POST,3,0,0,1
