url,platform,account_name,followers,date_posted,description,content_type,views,likes,replies,reshare,repost
https://www.threads.com/@kahfeveryday/post/DeKWiFpE_9K,Threads,kahfeveryday,,"10/6/2026, 5:45:49 PM","At Kahf, respect is at the heart of our values, and we recently fell short.
 
A post published on our account was unacceptable. It did not reflect our values and the respect we stand for as a brand. 
 
The bond between Malaysian and Indonesian communities has always been rooted in brotherhood and respect. We are committed to upholding the same respect across all countries and cultures. We take full responsibility for falling short of that commitment",post,,2297,10349,2443,345
https://www.threads.com/@_zrhjkt_/post/DeKfbrwk9No,Threads,_zrhjkt_,,"10/6/2026, 7:03:35 PM","Jangan main dengan boikot orang Malaysia. 
Big brand pun banyak lingkup sebab boikot!",post,,15016,2837,2533,3332
https://www.threads.com/@bruchinoy/post/DeJ8_vmk124,Threads,bruchinoy,,"10/6/2026, 2:02:40 PM","Wow the audacity of this Indonesian brand, main sindir-sindir but ironically this brand ni gigih jual produk kat dalam Malaysia juga 🥱👎🏻

rupanya sama ja level dengan pemain bola & influencer diorang.. not suprised. 

Yall still want to use this brand? Sorry, بويکوت!",post,,17452,1329,0,5543
https://www.threads.com/@vier4x4/post/DZ4AitBE--d,Threads,vier4x4,,"6/22/2026, 4:41:45 AM","Kuenya aja belum disusun, ekspektasi kaya foto ke 3. festival belum dimulai, tapi warga udah pada rebutan kue talam duriannya. Sumpah chaos bgt kasian panitia warga nya gini bgt😭😭",post,,5437,1203,0,338
https://www.threads.com/@fieyzieyshah/post/DeKSV38GSyr,Threads,fieyzieyshah,,"10/6/2026, 5:09:12 PM","Sesiapa yang nak boikot Jenama Indonesia di Market Malaysia ni, aku listkan dibawah👇🏻, salah satunya Kahf Kosmetik",post,,4858,1153,215,1105
https://www.threads.com/@edayart_/post/DeJ3UARD65o,Threads,edayart_,,"10/6/2026, 1:13:01 PM",Rasa menyesal pernah pakai brand ni,post,,7345,920,1704,1010
https://www.threads.com/@kahfeveryday/post/DeKWiJ5k7o6,Threads,kahfeveryday,,"10/6/2026, 5:45:50 PM","We have removed the post and are committed to doing better.
 
We sincerely apologize for all the disappointment caused. Thank you for holding us accountable.
 
We understand that rebuilding trust takes more than an apology. We are committed to earning it back through our actions.
 
We will do better.",post,,221,863,86,16
https://www.threads.com/@arp.raa/post/DeKsuRQE-dt,Threads,arp.raa,,"10/6/2026, 8:59:43 PM","Mau diboycot sama negara yang populasinya aja ga sebanyak warga Jakarta, it's kinda funny 😂🤏",post,,405,782,20,17
https://www.threads.com/@_azmikhael_/post/DeKwdkIkpqP,Threads,_azmikhael_,,"10/6/2026, 9:32:23 PM","Duit kita, pilihan kita.
Kahf dah tunjuk belang, kita tunjuk kuasa boikot.
Simple. Jangan beli. Jangan promo. Jangan support.

@guardianmy @watsonsmy please remove this f**k brand immediately !!
#BoikotKahf ⛔️ 👎🏻 @kahfeveryday",post,,2040,724,291,572
https://www.threads.com/@ariffariffinn/post/DeKLmW1EzwH,Threads,ariffariffinn,,"10/6/2026, 4:10:17 PM",Kita boikot habis habisan brand kahf ni,post,,12736,683,929,924
https://www.threads.com/@afiqkdsons_/post/DeKHBxzktnA,Threads,afiqkdsons_,,"10/6/2026, 3:30:20 PM",Nah free samples kat rumah aku. Hahhahahaha. Kahf kahf. Boleh pulakk kau buat statement macam tu ye. Siapa nak samples ni roger je lahh. Banyak banyak ni sampah pulakkk 🤮,post,,4817,605,482,757
https://www.threads.com/@deltaoscardelta_/post/DeK6z83ktmr,Threads,deltaoscardelta_,,"10/6/2026, 11:02:50 PM","@malaysiapmo @anwaribrahim_my Izin bertanya kepada bapak yg terhormat. Apakah gerakan boycot produk Indonesia ini valid? Jika benar terjadi di masyarakat, maka kami dengan 287jt penduduk juga bisa melakukan hal yg sama kepada negara Malaysia.

Izin pak, jangan sampai perang dagang terjadi antara Malay-Indo. Saya yakin betul, Malaysia akan merugi kalo sampai hal tsb terjadi.",post,,69,528,32,17
https://www.threads.com/@solehahzyn/post/DeKAP4tGKpC,Threads,solehahzyn,,"10/6/2026, 2:31:06 PM","Apakah kami harus diam terus kalo seperti ini, mungkin kah api muncul sendiri ketika rumput disna masih hijau tolong kami air pun disini susah sumur"" Kering, apa mau mereka kenapa harus seperti ini, kalian senang kami menderita ,setiap hari kami menghirup udara yg tidak segar debu berhamburan bertebaran dimna"" , kalian tidak punya hati nurani semoga yg membakar dari perintah"" Oknum itu kalin akan merasakan ya juga nanti di akhirat",post,,1837,464,77,588
https://www.threads.com/@xclqerr/post/DeKoL67E7jN,Threads,xclqerr,,"10/6/2026, 8:20:05 PM","tbh about the kahf issue, dah tu brand indo, dia menang asean cup, mmg dia buat gitula. cuba kalau malaysia menang, confirm kita buat centu jugak ye ke idok kome sekalian? korang boikot la kahf ni, senang sikit stok banyak ni selalu pegi watson kahf tkde stock",post,,234,422,33,11
https://www.threads.com/@haziqhamzah_/post/DeKgS_dEuYS,Threads,haziqhamzah_,,"10/6/2026, 7:11:08 PM","To be honest, as a Malaysian, I’m disappointed too with the post by @kahfeveryday. I understand why people are angry and upset, and they have every right to be, as the post was very insensitive. But at the same time, I don’t think we should punish an entire brand or everyone associated with it based on the actions of a few. I’m not saying this out of personal interest, and Kahf has not instructed or pressured me to say any of this. This is 100% coming from me and I just want to address this ASAP",post,,1369,393,296,184
https://www.threads.com/@mustaphashobri/post/DeKkBuaE8qh,Threads,mustaphashobri,,"10/6/2026, 7:43:44 PM","Selamat tinggal, Kahf.
⠀⠀⠀⠀⠀⠀⠀⠀⠀
Yang ikhlas,
Malaysian.",post,,5276,353,22,427
https://www.threads.com/@naimboyka/post/DeK8ySOgfnF,Threads,naimboyka,,"10/6/2026, 11:20:05 PM","Fun fact, Petronas pernah buka Stesen Petronas di Indonesia tapi dah ditutup sebab sales slow dan local lebih memilih Pertamina.

7 Eleven pernah buka cawangan di sana tetapi tutup sebab mereka lebih memilih Indomaret dan Alfamart.

Kini tiba masa kita untuk jadi Nationalist. Pilih produk buatan Malaysia 🇲🇾 . Bye bye KAHF.",post,,6507,331,69,1022
https://www.threads.com/@theultraimam/post/DeKGo5bkwEg,Threads,theultraimam,,"10/6/2026, 3:26:56 PM","Bad Lab - Ini jenama produk penjagaan diri lelaki buatan Malaysia yang dah lama ada di pasaran jauh lebih lama dari K**f dari seberang tu.

Dari sabun, deodorant, pewangi, pencuci muka,  minyak rambut semua ada.

Nak cari pun senang.
Dekat Lotus ada, Giant ada, Watsons ada, Mydin ada.

Boleh dah pakat tukar ganti dengan jenama seberang tu.Mengkayakan jenama dia, dia main tahi dengan kita.",post,,6273,317,221,1494
https://www.threads.com/@ezreenmarzukhi/post/DeK-J8nE6BP,Threads,ezreenmarzukhi,,"10/6/2026, 11:32:03 PM","Kahf HQ dah respon minta maaf.

Tapi nasi dah menjadi bubur. 

Sebab tu jangan kalut into the scene sangat.

Ada orang Indonesia cakap diorang tak heran kalau Malaysia nak boikot, sebab pasaran Indonesia tu besar.

Kadang² kita kena faham perbezaan saiz pasaran dengan purchasing power pasaran tersebut.

Singapore tu kecik je, tapi kalau Malaysia boleh jual di sana, auto ganda 3 purchasing power mereka.

Begitulah juga soal Malaysia-Indonesia.",post,,2091,311,77,418
https://www.threads.com/@watsonsmy/post/DeK2tYaiJFo,Threads,watsonsmy,,"10/6/2026, 10:26:59 PM",Salam gaji,post,,797,263,43,27
https://www.threads.com/@kahfeveryday.my/post/DdWf8mBCVZp,Threads,kahfeveryday.my,,"9/16/2026, 2:27:54 PM",bye bye immo 🥲,post,,8,253,8,2
https://www.threads.com/@mbsbbank/post/DeK9vWXk1Xh,Threads,mbsbbank,,"10/6/2026, 11:28:25 PM","List down Malaysian brands we can support 
Buat rujukan ramai",post,,3124,244,69,670
https://www.threads.com/@syyariif_/post/DeJ1lGDGPvc,Threads,syyariif_,,"10/6/2026, 12:57:52 PM",Nak boikot balik ke ? 🤣 tentu tidak. Karena kita Indonesia baik hati ✨😉🤩,post,,162,242,3,3
https://www.threads.com/@hafizz4/post/DeKHHk5mcWZ,Threads,hafizz4,,"10/6/2026, 3:31:08 PM","Kahf dah buat hal. Digital footprint is everywhere. 
Now is the time to support local product. Groceries? Local first. Skincare? Local first. 

Kempen ""Belilah barangan buatan Malaysia"" is actually ahead of the curve. Kita je tak pernah nampak.",post,,12006,220,79,2070
https://www.threads.com/@alisyukry/post/DeKpH6oE2K1,Threads,alisyukry,,"10/6/2026, 8:28:16 PM","Are you kidding me, KHAF? A BUSINESS ACCOUNT but so eager to meddle in Malaysia’s issues? 🤡 Focus on your own business first.

You’ve lost a Malaysian customer today and yes, I’m boycotting your brand even though I don’t use your products.

And to Indonesian influencers, where’s your voice when Kalimantan is burning? So loud when it comes to Malaysia, but suddenly silent when it’s your own backyard.

Fix your own backyard before pointing fingers at ours. We Malaysians deserve clean air too 🇲🇾",post,,3466,199,369,619
https://www.threads.com/@adldinda_/post/DeKMszRE4Zo,Threads,adldinda_,,"10/6/2026, 4:19:54 PM","Inilah alasan kenapa gua suka cerewet kalo admin asbun gak pake mikir, apalagi expand ke negara orang yang buying powernya kenceng. Contohnya begini. Salah langkahnya SALAH banget inimah. Good luck ya anak sosmed Kahf 🙏🏻",post,,978,192,89,93
https://www.threads.com/@watsonsmy/post/DeI2M5kCXbt,Threads,watsonsmy,,"10/6/2026, 3:44:04 AM",Macam mana korang tackle kulit kering & dehydrated?,post,,509,189,6,8
https://www.threads.com/@theverraoktavianti/post/DeLEMAoE0OU,Threads,theverraoktavianti,,"10/7/2026, 12:24:45 AM","Kahf diboikot di Malaysia.

Kasus ini adalah contoh nyata ketika sebuah brand melupakan root value-nya karena euforia yang berlebihan. Kahf dikenal dengan nilai-nilai maskulinitas yang Islami, santun, rendah hati, dan menghormati sesama (respect). 

Narasi ""merendahkan negara lain"" di akun profesional sangat bertolak belakang dengan fondasi ini, menodai kepercayaan emosional yang telah dibangun bersama konsumen.",post,,500,184,10,47
https://www.threads.com/@hazeed.33/post/DeK5lROEluw,Threads,hazeed.33,,"10/6/2026, 10:52:05 PM",Tak sepatutnya brand2 besar mcm ni post tanpa pakai otak. Gais please remove this brand from your list. Boycott.. Titik!!,post,,247,172,33,75
https://www.threads.com/@kahfeveryday.my/post/DdNY1fHCXCM,Threads,kahfeveryday.my,,"9/13/2026, 1:33:46 AM","Skin check, anyone?🫵 ada kat booth Kahf ye",post,,27,170,1,1
https://www.threads.com/@nazrul/post/DeKHrytiZ_n,Threads,nazrul,,"10/6/2026, 3:36:04 PM","How did a brand that relies heavily on Southeast Asian customers think placing themselves 'above' other ASEAN countries was a smart marketing play?

Congrats @kahfeveryday @kahfeveryday.my for giving example of what major 'shooting yourself in the foot' look like.",post,,4047,165,250,652
https://www.threads.com/@dvnilicious99/post/DeKV_IHEzUA,Threads,dvnilicious99,,"10/6/2026, 5:41:03 PM","Hi @kahfeveryday , I like ur product but after tengok kau punya threads mcm ni hahaha sorry Aku boikot terus . Kau nak main ya dengan kuasa boikot netizen Malaysia? Kita tengok lepasni kau boleh cari makan ke tak dkt sini . Even kau post permohonan maaf sekali pun aku takkan beli dah.",post,,132,165,2,31
https://www.threads.com/@frisimran._/post/DeKazvAkhdI,Threads,frisimran._,,"10/6/2026, 6:23:11 PM","Before dan after.

Malaysian, after this no more KAHF. Such an unprofessional thing to do la. Rakyat Malaysia dah sambut baik product kau, macamni pulak kau balas. 🤦🏻‍♂️

Terlajak perahu boleh diundur, terlajak kata buruk padahnya.",post,,1877,163,243,410
https://www.threads.com/@financialfaiz/post/DeK_3roH2im,Threads,financialfaiz,,"10/6/2026, 11:47:02 PM","Korang ada nampak post ni dari brand perfume seberang tu kan?

I'm quite curious, kenapa dia lump Australia together with the rest of us?

Australia is about as Western as it gets, which is historically and culturally associated with Europe, despite its geographical location. It is neither geographically part of Southeast Asia nor a member of ASEAN

On top of that, Brunei and Cambodia tak ada dalam gambar ni 😐

How do Indonesians generally see their place in the world?",post,,1453,163,35,209
https://www.threads.com/@aimannahmaddd/post/DPKsYDQEp60,Threads,aimannahmaddd,,"9/29/2025, 1:05:46 AM","Para Lelaki pengguna Kahf, which one yang sedap baunya? Aku takpernah try.",post,,711,155,57,73
https://www.threads.com/@ibnu.rasikh/post/DeK51uWk8Pm,Threads,ibnu.rasikh,,"10/6/2026, 10:54:20 PM","Kahf blunder parah ;))

Main main doi sama negara orang 

gaada kerjaan adminnya, sampai bikin post merendahkan negara tetangga.

Udah klarifikasi sih... cuman apa gunanya ;))

Kepo dengan next PR strategy dan marketing strategy kahf selanjutnya. 

Biasanya nih brand bagus PR & marketingnya, tapi let's see apakah bisa bangkit?",post,,220,151,13,14
https://www.threads.com/@ezreenmarzukhi/post/DeKJ3tME2Py,Threads,ezreenmarzukhi,,"10/6/2026, 3:55:10 PM","Baru aku tahu Kahf ni brand Indonesia rupanya. 

Ingatkan jenama Malaysia sebab sinonim dengan Alif Satar.

Sangat tidak profesional bila buat posting begini. Tak sensitif langsung kepada pengguna diorang di Malaysia.

Walaupun Kahf dah delete posting asal, digital footprint akan kekal.

Anak lelaki aku baru je beli perfume Kahf last week.",post,,644,141,81,239
https://www.threads.com/@rizespresso/post/DeKW2vUDwsN,Threads,rizespresso,,"10/6/2026, 5:48:38 PM",AYUH RAKYAT MALAYSIA SUPPORT BADLAB🇲🇾🇲🇾🇲🇾,post,,7273,136,144,610
https://www.threads.com/@introvertmilo/post/DeK0dyGkjDj,Threads,introvertmilo,,"10/6/2026, 10:07:22 PM","I have been a Kahf user, but when a brand mocks another country for no clear reason, driven simply by malicious sentiment, I will no longer support or use this brand. I’m throwing it away right now.",post,,862,91,86,106
https://www.threads.com/@fidzhamzah/post/DeLD-aVkzF5,Threads,fidzhamzah,,"10/7/2026, 12:22:54 AM","Kahf memang sengaja cari pasal ye. Bertahun naikkan brand dorang kat  Malaysia tak pasal-pasal kena boikot sebab buat posting bodoh. Aku pun selama ni pakai je brand ko, but NO MORE!. Bye2 @kahfeveryday @kahfeveryday.my 👋🚫",post,,468,91,31,133
https://www.threads.com/@evolwithlovi/post/DeLGvnskzDs,Threads,evolwithlovi,,"10/7/2026, 12:47:06 AM","Ada seruan boycott produk kafh dari Malaysia, tp tak de effect. Penduduk Malaysia kecil ke, hanya 35jt. Kafh kena sokong sama customer Indonesia 280 juta captive market.

Bahkan tak de produk Malaysia yg dikenal di Indonesia kecuali Siti Nurhaliza. Apa yang boleh Malaysia buat?

BELACAN JE 🤭",post,,9,78,2,0
https://www.threads.com/@alanghanafi/post/DeKJBTxgeOD,Threads,alanghanafi,,"10/6/2026, 3:47:45 PM",Calling all Malaysians to cancel @kahfeveryday @kahfeveryday.my Come on my beloved Malaysians. Support local.,post,,10020,74,158,1113
https://www.threads.com/@kahatunying/post/DeJTz3ilF7C,Threads,kahatunying,,"10/6/2026, 8:02:47 AM","Karena gw baik nih gw tambahin listnya soalnya itu terlalu sedikit, masih yakin bisa BOIKOT BRAND INDONESIA",post,,724,74,20,45
https://www.threads.com/@ffzl._/post/DeKSMwcCYbS,Threads,ffzl._,,"10/6/2026, 5:07:57 PM","So sad la brand kahf tu, akibat kebodohan staff habis company ruined. PR disaster. Wardah dengan kahf under 1 company and owner dia sangat bagus. Time dengar podcast business dengan owner paragon group. sangat inspiring sebab dia akan hantar staff dia pergi umrah every year tak kira level apa. Even pak guard office pun diorang hantar umrah. Tapi nak buat mcm mana en, gg la staff social media tu",post,,1907,73,55,163
https://www.threads.com/@malaysiabertauhidofficial/post/DeKtqnQEjHR,Threads,malaysiabertauhidofficial,,"10/6/2026, 9:07:57 PM","Goodbye Kahf.

So rude.

Play stupid game, win stupid prize.",post,,2357,70,13,209
https://www.threads.com/@zolamyyy/post/DeK-b-TD83Q,Threads,zolamyyy,,"10/6/2026, 11:34:30 PM","Disrespect statement by this fckg brand on our country. Sorry Kahf, you are shame! Never used this brand anymore. Let’s boycott, Malaysian.",post,,81,70,0,11
https://www.threads.com/@hazimwarisan/post/DeK1uoik-Rs,Threads,hazimwarisan,,"10/6/2026, 10:18:25 PM","🚨⚠️ BOIKOT KAHF ⚠️🚫❌‼️

Nak buat marketing atau apa-apa posting, fikir dulu kesannya. Bab negara dan bendera 🇲🇾 jangan dibuat main! 🚫⚠️

Buat salah, kemudian hanya keluarkan statement biasa minta maaf? Itu bukan cara profesional. ❌

PIC yang bertanggungjawab sepatutnya tampil secara terbuka, beri penjelasan dan mohon maaf melalui video/press conference. 🎥‼️

Silap boleh berlaku, tapi cara bertanggungjawab itu menunjukkan kelas sesebuah organisasi. 🚨",post,,203,63,29,122
https://www.threads.com/@hawtcherry/post/DeKT5YfD-yV,Threads,hawtcherry,,"10/6/2026, 5:22:47 PM","If ur going to boycott kahf, boycott all their sister brands too @wardahbeauty @emina @makeoverid if not, the revenue from the other sister brands cross-subsidizes and stabilizes the parent company's overall cash flow anyway sooooo",post,,3002,60,0,875
https://www.threads.com/@intanserah/post/DeKY6ymj8Jk,Threads,intanserah,,"10/6/2026, 6:06:40 PM","Sebelum huruf kafh (ک) , huruf apa anak anak?",post,,6053,56,127,193
https://www.threads.com/@shah_ashraf_daniel/post/DeK926_k-Xa,Threads,shah_ashraf_daniel,,"10/6/2026, 11:29:27 PM","Team x pernah beli & pakai kahf, kumpul sini. 💁🏻‍♂️",post,,193,56,1,3
https://www.threads.com/@kauthar.rozmal/post/DeKzL1JExZb,Threads,kauthar.rozmal,,"10/6/2026, 9:56:11 PM",McD dengan Starbuck pun lingkup bila Malaysia boikot. Inikan pulak Kahf.,post,,1592,55,5,141
https://www.threads.com/@whydoesthishappened/post/DeKZtwqATmp,Threads,whydoesthishappened,,"10/6/2026, 6:13:38 PM","baru order , dapat tahu ko post benda bodoh aku cancel terus la",post,,6054,54,11,85
https://www.threads.com/@jepp_wak_salam/post/DeK4bCKk4K3,Threads,jepp_wak_salam,,"10/6/2026, 10:41:57 PM",Kau menghina MALAYSIA.. ehhh.. lambat lagi aku nak support or nak simpan.. mmg ke tong sampah jawap nya.. #boycott #kahf,post,,209,54,5,26
https://www.threads.com/@alifsatar/post/DeJw3b-AdWq,Threads,alifsatar,,"10/6/2026, 12:16:41 PM","Terjumpa nota ‘ Night routine’ anak aku, Muhammad ‘Ali.

Yang no.5 tu takleh tahan..",post,,236,50,4,2
https://www.threads.com/@cosmoderm/post/DeJEAQTk_Qs,Threads,cosmoderm,,"10/6/2026, 5:44:40 AM","Selamat Petang!

Ingat Lokal, Ingatlah Cosmoderm
Ingat Cosmoderm, Ingatlah Lokal

Hehe 😁",post,,517,48,2,64
https://www.threads.com/@bro260626/post/DeKYte3k_iD,Threads,bro260626,,"10/6/2026, 6:04:51 PM",Wah seriously rakyat Malaysia nak boikot Kahf ni? Agak agak banyak tak keuntungan jualan daripada Malaysia sebenarnya?,post,,202,46,1,9
https://www.threads.com/@theverraoktavianti/post/DeLE3zbk1yV,Threads,theverraoktavianti,,"10/7/2026, 12:30:44 AM",Mereka sudah minta maaf dan menghapus postingan. Dimaafkan yah.,post,,6,41,0,0
https://www.threads.com/@ashhryyyyyy/post/DeLFnSfkwp9,Threads,ashhryyyyyy,,"10/7/2026, 12:37:13 AM","You can do better, @kahfeveryday ! What a disappointing morning reading this. A post like this should never have been made it may seriously affect the reputation of a brand that sells to so many Malaysian users.",post,,311,37,6,37
https://www.threads.com/@mr_latte_lover/post/DeK-t-3ko_f,Threads,mr_latte_lover,,"10/6/2026, 11:39:39 PM",Kahf into the bin….🗑️🚮 #kahf,post,,271,36,6,22
https://www.threads.com/@fahdsamri/post/DeK8wRWkv20,Threads,fahdsamri,,"10/6/2026, 11:19:48 PM",bertahun aku guna dan support produk ni tapi disebabkan pemikiran sempit warga konoha dan menghina negara aku selayaknya di BOIKOT! the real SAMPAH!,post,,287,35,17,40
https://www.threads.com/@skinoppa/post/DeLBO_9gQgE,Threads,skinoppa,,"10/6/2026, 11:58:57 PM",Yang jadi admin brand Kahf semalem siapa ya? 😶‍🌫️,post,,41,33,19,1
https://www.threads.com/@ydi_stwan/post/DeK4laLEjAw,Threads,ydi_stwan,,"10/6/2026, 10:43:22 PM","Heh kalian mau boikot serius??? Dengan jumlah rakyat kalian yang sedikit itu😭. FYI kami dikorupsi sampe triliunan pun belum redup² nih indo lha ini boikot kahf yang cuman seitil yaampun yang rugi juga bukan kami tapi perusahaannya, terus pembelian produk kahf juga lebih tinggi di kami daripada kalian",post,,1076,29,6,2
https://www.threads.com/@zoulbraveslick/post/DeKLoNkGO4z,Threads,zoulbraveslick,,"10/6/2026, 4:10:32 PM",Sebagai pengguna tegar Brand ni aku declare perang dgn brand ni. Full stop bagi free pon aku taknak. Kalau ada event kahf sponsor pon aku xkan masuk dah.. I'm done!,post,,647,27,2,35
https://www.threads.com/@kinsyahir/post/DeJ-lJoj6fs,Threads,kinsyahir,,"10/6/2026, 2:16:31 PM","Tengah2 qoute hilang dah posting mempersendakan negara orang. Kenapa delete @kahfeveryday afraid of losing your buyer from Malaysia? 

Boleh dah kot yang laki 🇲🇾 pakai brand kahf tu boikot stop beli dah. What an unprofessional etiquette coming from big brand @kahfeveryday @kahfeveryday.my",post,,102,27,8,34
https://www.threads.com/@malaysiabertauhidofficial/post/DeK3DNhEsI1,Threads,malaysiabertauhidofficial,,"10/6/2026, 10:29:58 PM","Wrong move Kahf.

Bad attitude.",post,,1340,26,2,87
https://www.threads.com/@s.fdzl/post/DeK0uaZgZUX,Threads,s.fdzl,,"10/6/2026, 10:09:39 PM","Nak support local brand,
Khaf ❌
Bad Lab ✅

Apa lagi eh?",post,,144,26,0,13
https://www.threads.com/@putihimantaqwa/post/DeLFt-Fks8R,Threads,putihimantaqwa,,"10/7/2026, 12:38:08 AM","Malaysia kalau boikot produk Indonesia nanti krisis barang, produknya gak ada yang bagus 🤭, kalau bagus kenapa mereka selama ini pakai produk kita? 😌👍🏻",post,,16,26,0,2
https://www.threads.com/@jefrinichol/post/DeKH1Axjj35,Threads,jefrinichol,,"10/6/2026, 3:37:20 PM",sini gua spill 10 lagu favorit gua sekalian ngerayain 10 tahunnya ESSE POP!,post,,149,25,5,8
https://www.threads.com/@zulfadhlizin/post/DeLJPBLkr0Y,Threads,zulfadhlizin,,"10/7/2026, 1:08:51 AM","Aku sebenarnya lebih kesian pada team marketing Kahf di Malaysia. Malaysian yang bekerja di pejabat Malaysia, termasuk juga live host yang setiap hari berdepan dengan potential customer.

Bertahun-tahun diorang bina brand positioning. Push awareness, sponsor event, collab & sponsor atlet, bina trust & cuba letakkan Kahf sebagai jenama yang dekat dengan pasaran Malaysia.

Brand equity bukan dibina dalam sehari. Ia perlukan masa, tenaga, bajet dan konsistensi.

Sebab satu post? Puff.",post,,63,24,3,9
https://www.threads.com/@zuhairusri/post/DeLIRN7Ez8Z,Threads,zuhairusri,,"10/7/2026, 1:00:25 AM","Pakai Kahf ni pun sebab nak boikot produk Israel dulu. Sorry @kahfeveryday , tak nak support korang lagi dah. Guys, tolong listkan produk lokal, saya nak support.",post,,45,23,10,7
https://www.threads.com/@muhd_fikriomar/post/DeLD9PZj-g2,Threads,muhd_fikriomar,,"10/7/2026, 12:22:44 AM","Walaupun sekali ja pernah beli tapi rasa pomade dia mcm pomade pasar malam ja, tetap post boycott @kahfeveryday.my @kahfeveryday. Orang indon kan kaya, tak perlu masuk market Malaysia😝",post,,32,20,2,6
https://www.threads.com/@hanathesith/post/DeLHxVRErDE,Threads,hanathesith,,"10/7/2026, 12:56:04 AM",Good morning dah salahkan Anwar and DAP belum today?,post,,74,13,1,0
https://www.threads.com/@ts.yat/post/DeLABSrk6aX,Threads,ts.yat,,"10/6/2026, 11:48:20 PM","Sorry do haziq, aku respect opinion and your perspective. Tapi macam tu je dia ikat jati diri dan patriotisme kau. Takyah lah pegi sukan sea haziq. Letak je bendera kau sesuka hati.",post,,136,11,10,10
https://www.threads.com/@tata.sensory/post/DeLImqlidOe,Threads,tata.sensory,,"10/7/2026, 1:03:21 AM","Salam perfumery, kita ni baru masuk thread ada apa apa yang tertinggal ke?",post,,11,11,0,0
https://www.threads.com/@ajezahmad/post/DeLCtQeH9d8,Threads,ajezahmad,,"10/7/2026, 12:11:49 AM","aku dah lama tak support Kahf sebab bau edt/edp dia tak long-lasting. aku beli ya sebelum ni, bukan guna yang free. harga face wash pun mahal daripada biasa. 

😭🙅‍♂️",post,,9,11,0,0
https://www.threads.com/@faris_paghis/post/DeLAAY4gTZJ,Threads,faris_paghis,,"10/6/2026, 11:48:13 PM",Ahhh jibauk aku punya la support korang selama ni. Korang buat hal memang ke dalam tong sampah la jawabnya. Boikot ! No Kahf!,post,,33,10,0,6
https://www.threads.com/@jarvistpnv/post/DeLI1V6H40w,Threads,jarvistpnv,,"10/7/2026, 1:05:21 AM","meskipun ga perlu ada statement, but respect Kahf. aneh juga sih NEGARA MAJU IQ TINGGI kesenggol sama meme bola 🫢🤣",post,,23,10,0,0
https://www.threads.com/@satria.putra.986/post/DeLJbFbk182,Threads,satria.putra.986,,"10/7/2026, 1:10:30 AM","Semoga @kahfeveryday ambil iktibar ya. Local brand macam kamu tak perlu provoke mana-mana pihak. The damage has been done, and you have to take responsibility for your actions.",post,,19,10,1,5
https://www.threads.com/@cma369x/post/DeLIvivEqXz,Threads,cma369x,,"10/7/2026, 1:04:34 AM",Sebab tu jadi bisnes owner jangan sibuk dgn politik/sentimen sangat. Cari nahas Kahf ni 🤣,post,,7,9,0,2
https://www.threads.com/@rawapeningrunheritage/post/DeIsKPBkpM_,Threads,rawapeningrunheritage,,"10/6/2026, 2:16:19 AM","Siapa nihh yang baru mulai cari cari event lari lagi?
Pas banget !!! 
Rawa Pening Run Heritage 2026 bisa jadi salah satu yang masuk wishlist mu 🫵🏻
Emang tanggal berapa sih min??????
Adalaahh pokoknya, stay tuned terus ya !!!",post,,21,8,8,0
https://www.threads.com/@tenuk_jantan_comel/post/DeLL67bn8FP,Threads,tenuk_jantan_comel,,"10/7/2026, 1:32:20 AM",Nasib aku xbeli kahf..... Kempen boikot kahf sedang dijalankan... Rupanya kahf dari Indon..,post,,2,8,0,0
https://www.threads.com/@nash_mcgee/post/DeKXPQnEptf,Threads,nash_mcgee,,"10/6/2026, 5:51:59 PM","Im a huge supporter of y’all products but after i saw this petty shit post, sincerely from the bottom of my heart y’all can go fuck y’allselves.",post,,596,6,59,38
https://www.threads.com/@hanisahhhhx/post/DeKV0SeGay3,Threads,hanisahhhhx,,"10/6/2026, 5:39:34 PM",Brand naik pon sebab malaysian yg ramai beli. Mengharapkan rakyat dia yg miskin tu laku ke brand dia ni,post,,181,6,0,0
https://www.threads.com/@niz_hanz/post/DeLAooFEn0Q,Threads,niz_hanz,,"10/6/2026, 11:53:43 PM","Ayuh netizen sumer
Teruskan boikot sumer produk kahf!!",post,,26,6,1,3
https://www.threads.com/@alamtalip88/post/DeK5EppExNF,Threads,alamtalip88,,"10/6/2026, 10:47:38 PM",Aroma nya pun aku tak tau.. 😞 tak sempt la nak beli,post,,18,6,0,2
https://www.threads.com/@t4ndraa/post/DeK8DElE6x_,Threads,t4ndraa,,"10/6/2026, 11:13:38 PM",Hhahahha boikot RAKYAT KAU SIKIT BODOH RAKYAT KAMI 300 JUTA TANPA KAU KHAF TETAP LAKU DU NEGARA KAMI,post,,11,6,0,0
https://www.threads.com/@sayf.arman/post/DeLLv_2CXPk,Threads,sayf.arman,,"10/7/2026, 1:30:50 AM","I appreciate that Kahf has apologized and taken responsibility. But honestly, I’m still wondering why a brand selling in Malaysia thought this was worth posting in the first place. You spend time and money getting people to know your products, trust your brand and choose you over competitors. Why put that relationship at risk for a joke about football? What exactly were you hoping to gain?",post,,0,5,0,0
https://www.threads.com/@mr_madamin91sala/post/DeKdcjwkuLt,Threads,mr_madamin91sala,,"10/6/2026, 6:46:14 PM",Mmg die tak salah. Tp ni nak bgtau nama dah besar jgn jd bodoh nak joint bende2 mengarut sosial media ni. Admin die la,post,,207,4,0,0
https://www.threads.com/@vwxyzenia/post/DeKkeO4k1zz,Threads,vwxyzenia,,"10/6/2026, 7:47:37 PM",Mecat admin nya pun ngga nutup kerugian kahf sih. Neti Malaysia malah sampe mau boycott brand Indo di semua sektor loh,post,,10,4,0,0
https://www.threads.com/@haikhalrashiddd/post/DeLLy-PEieH,Threads,haikhalrashiddd,,"10/7/2026, 1:31:15 AM","Dah boleh da kita perlahan lahan boikot brand dari seberang.

Sebab banyak sangat menghina dari konoha ni.

Jom listkan barang dari indo 
1) Kahf
2) Kahf
3) Kahf

Ada lagi tak?",post,,8,4,0,1
https://www.threads.com/@yedd_je/post/DeLKztvGHkP,Threads,yedd_je,,"10/7/2026, 1:22:36 AM","@meta.ai Apa yang kecoh sangat pasal Kafl ni? Tengok dekat threads just suruh boikot, share sikit",post,,6,4,0,2
https://www.threads.com/@hamdi_rosli/post/DeLLj9Xkxhn,Threads,hamdi_rosli,,"10/7/2026, 1:29:12 AM","Saya sebagai pengguna tegar KAHF sangat kecewa. Sorry , saya perlu boikot 🙏",post,,5,4,1,1
https://www.threads.com/@friedman_mart/post/DeLLa3kEjbk,Threads,friedman_mart,,"10/7/2026, 1:27:57 AM","dengan penduduk besar, @kahfeveryday gak perlu takut , konsumsi dalam negeri sudah cukup , penduduk malaysia jumlahnya tidak seberapa, bahkan produk malaysia pun kami tidak tahu,",post,,2,4,0,0
https://www.threads.com/@teaahhhhh_/post/DeLBYHKD49J,Threads,teaahhhhh_,,"10/7/2026, 12:00:12 AM","Produk boikot minggu ini : 

- Skinmade
- Kahf
- Wardah

Ada lagi tak?",post,,61,3,2,8
https://www.threads.com/@ibnu.rasikh/post/DeK8FBlE8wY,Threads,ibnu.rasikh,,"10/6/2026, 11:13:54 PM","Betul, jokes bisa dianggap hinaan di orang/waktu/tempat yang gk tepat ;)) 

Masalahnya kahf punya market cukup gede di Malaysia, harusnya visualnya bisa lebih di perhalus.

Cuman ya kalau ada prinsip prinsip syariah dalam menjalankan business di kahf, seharusnya merendahkan orang lain sangat sangat dijaga untuk tidak dilakukan. Bahkan Rasulullah pun sudah mengingatkan gk masuk surga orang yang bahkan cuman punya sombong sebiji dzarroh.",post,,23,3,0,0
https://www.threads.com/@atie_intan/post/DeLJvo7I1eP,Threads,atie_intan,,"10/7/2026, 1:13:19 AM","@kahfeveryday.my @kahfeveryday @kahfcommunities .... Sorry guys..sebab nila setitik. 

Netizen malaysia...korang cari la product local. Inilah masanya kita support sesama kita. 

Kita pernah ada slogan "" KITA JAGA KITA"" masa PKP dulu. Hidupkan semula!.",post,,20,3,0,2
https://www.threads.com/@syazwanamrn/post/DeLE-8Yk4YB,Threads,syazwanamrn,,"10/7/2026, 12:31:43 AM","Am I terlepas something, Kahf kena cancel by Malaysian. So here my thoughts, maaf kalau saya silap, jangan marah saya. Technically post marketing rage bait macam ni sumpah tak classy langsung ya untuk brand besar macam Kahf @kahfeveryday. Yelah, tau nak kejar engagement cepat, tapi takkanlah sampai nak kena tunggang naratif toksik macam ni kan? 

Satu benda yang semua team marketing (tidak terkecuali Kahf) kena take note: great brands build bridges, not walls. Kalau produk tu dah mmg berkualiti,",post,,13,3,0,3
https://www.threads.com/@melurrrrrrr/post/DeLKxxoI7zL,Threads,melurrrrrrr,,"10/7/2026, 1:22:21 AM",Kahf ni kalau sebut banyak kali dah bunyi macam nak terkeluar kahak. Cuba korang try.,post,,9,3,0,1
https://www.threads.com/@taktahula007/post/DeLB7a_gauo,Threads,taktahula007,,"10/7/2026, 12:05:01 AM","buang je bang, aq pernah pakai, habis berdebu + bau asap muka aq🤢",post,,7,3,0,0
https://www.threads.com/@shaiksharil1805/post/DeLIhlhkl0Q,Threads,shaiksharil1805,,"10/7/2026, 1:02:39 AM","Sape tak pernah pakai n minum kopi 
Kita geng..",post,,5,3,0,0
https://www.threads.com/@itsahmadzuhairi/post/DeLL1oFjxB1,Threads,itsahmadzuhairi,,"10/7/2026, 1:31:36 AM","Aku takkan buang terus barang-barang KAHF yang dah dibeli. Maaf, aku beli semua tu dengan duit hasil penat lelah aku sendiri.But what I’ll do, I’ll slowly change to another brand.

1. KAHF Perfume → High Notes
2. KAHF Pomade → Machine Matte Sculpt Clay
3. KAHF Deodorant → NIVEA Men Black & White
4. KAHF Sunscreen → Garnier Super UV Anti-Acne Serum

So yes, memang semua tu dah pernah aku pakai. It’s okay, KAHF was my choice at that time. Tak perlu buang dan membazir.",post,,5,3,0,0
https://www.threads.com/@erywannons/post/DeLLF3NAajz,Threads,erywannons,,"10/7/2026, 1:25:05 AM","Isu ini bermula apabila akaun rasmi Kahf memuat naik satu hantaran yang dianggap menyindir negara-negara jiran. Dalam hantaran tersebut, terdapat visual bendera Indonesia yang diletakkan di atas garisan amaran bertulis ""HATI-HATI BEDA LEVEL"". Di bawah garisan itu pula diletakkan bendera negara-negara Asia Tenggara yang lain termasuk Malaysia, Thailand, Filipina, dan Vietnam.",post,,4,3,0,2
https://www.threads.com/@faisal.shokri/post/DeLIykQj9EX,Threads,faisal.shokri,,"10/7/2026, 1:04:58 AM","Dari pomade rambut, sunscreen, pencuci muka, sabun badan, shampoo dan ubat ketiak semua pakai @kahfeveryday , semuanya mmg sesuai dgn kulit aku, tapi semuanya terjadi gara gara satu posting yang 😩

Apa tindakan korang skrg?",post,,4,3,0,0
https://www.threads.com/@zoulbraveslick/post/DeLLAGaGB3G,Threads,zoulbraveslick,,"10/7/2026, 1:24:18 AM","Asalnya nak BOIKOT KAHF je. Tpi rakyat Indo mencabar cabar kita Malaysia untuk boikot semua. Dihina hinanya kita sebagai konsumer produk dorg. Ibarat kira mati tak ambil produk dorg, Mencabar ya? ok let's go.",post,,2,3,1,4
https://www.threads.com/@nikosia357/post/DeK7TNUgb9I,Threads,nikosia357,,"10/6/2026, 11:07:06 PM",Kalo ku bilang ga perlu kenapa emang? Mau apa kau? 😜,post,,2,3,0,0
https://www.threads.com/@maffsyafiq/post/DeLEx0Jnzkg,Threads,maffsyafiq,,"10/7/2026, 12:29:55 AM",kahf whyyy😔 sunscreen & facial wash engko dahla best...,post,,2,3,0,0
https://www.threads.com/@munola13/post/DeLESv1kl-X,Threads,munola13,,"10/7/2026, 12:25:41 AM",First and last beli. EDP tapi tahan sejam je baik aku beli malaikat subuh. Memang silap la cari pasal dengan orang Malaya,post,,2,3,0,1
https://www.threads.com/@jarvistpnv/post/DeLIE-eH-w4,Threads,jarvistpnv,,"10/7/2026, 12:58:45 AM",what? negara maju iq tinggi terganggu sama meme bola? whaaaaattttt? 🤣🤣🤣🤣🤣,post,,1,3,0,0
https://www.threads.com/@meillarahma_/post/DeLLvoUE_T5,Threads,meillarahma_,,"10/7/2026, 1:30:47 AM",OH YA?? LIAT SAMSUNG DONG NYENGGOL IPHONE nggk ada tuh sampe sekarang kena boycot2 se internasional LOL bgt mikirnya lu,post,,0,3,0,0
https://www.threads.com/@ayiemzazaa_/post/DeLKrr0k-CD,Threads,ayiemzazaa_,,"10/7/2026, 1:21:31 AM",Bosan. Sebab tu dibalas.. buat hiburan.. eh malah ternyata bisan juga 🤣🤣🤣 negara lebih maju melayan negara miskin. Beza kasta.. no wonder bosan,post,,0,3,0,0
https://www.threads.com/@aadah85/post/DeLJbePn4O4,Threads,aadah85,,"10/7/2026, 1:10:33 AM",Memang la Kan brand Mahal. Mana mampu.,post,,0,3,0,0
https://www.threads.com/@asyrafffss/post/DeK5vdtE7jb,Threads,asyrafffss,,"10/6/2026, 10:53:29 PM",Utk yang bertanya..,post,,41,2,2,1
https://www.threads.com/@rozzer_1234/post/DeLK7uNEtgk,Threads,rozzer_1234,,"10/7/2026, 1:23:42 AM","Brand @kahfeveryday ni naik pun sebab negara luar support, nak harapkan warganegara sendiri dorang bukan ada duit pun nak beli. Bodoh sombong.",post,,20,2,0,1
https://www.threads.com/@flique2026/post/DeLLgBoD3_N,Threads,flique2026,,"10/7/2026, 1:28:39 AM","Kahf? Seumur hidup aku tak pernah beli dan guna. Kita ada produk kita sendiri yang setara dengan produk antarabangsa. Kenapa tak support, kan? Glad2glow pun aku pernah try sbb dapat free drpd shopee.",post,,16,2,1,2
https://www.threads.com/@ezzatyabdullah/post/DeKjFXAEmUI,Threads,ezzatyabdullah,,"10/6/2026, 7:35:29 PM",baru tau kahf tu produk. td awal2 baca ingat kedai baju kaftan ke apa 😂😂😂😂,post,,10,2,0,0
https://www.threads.com/@kahfeveryday.my/post/DdJf_6IiUok,Threads,kahfeveryday.my,,"9/11/2026, 1:17:54 PM",REPC dah settle ke belum? Ramai tak tadi? 👀,post,,7,2,0,0
https://www.threads.com/@fadh.rashid/post/DeLDtH0D1S_,Threads,fadh.rashid,,"10/7/2026, 12:20:32 AM",Takyah pakai la @kahfeveryday.my tu. Bukan long lasting pun. 🤷🏻‍♂️,post,,6,2,0,1
https://www.threads.com/@kamal_azam/post/DeLILQAk9kB,Threads,kamal_azam,,"10/7/2026, 12:59:36 AM",fhak kahf,post,,5,2,0,0
https://www.threads.com/@sharafuddinamin/post/DeK6K9uktFw,Threads,sharafuddinamin,,"10/6/2026, 10:57:14 PM",org us & china pakai Khaf ke? 🤣,post,,5,2,0,0
https://www.threads.com/@purfectstar/post/DeLMGTHkhg2,Threads,purfectstar,,"10/7/2026, 1:33:53 AM","Eh kalau negara kamu kena pun ingat korang diam je ke? 7 keturunan datang komen. Kalau kahf rasa tak salah, kenapa mintak maaf?",post,,4,2,0,0
https://www.threads.com/@asyrafroslan.ads/post/DeLL66-j4jE,Threads,asyrafroslan.ads,,"10/7/2026, 1:32:20 AM","Last dah beli brand Kahf ni.

Apa brand lain yg recommended untuk kulit berminyak?",post,,4,2,0,0
https://www.threads.com/@luqrahman/post/DeLKxMUEwnq,Threads,luqrahman,,"10/7/2026, 1:22:16 AM","POV 1 : dia tengah berbangga dan dalam masa yang sama merendahkan negara² lain

POV 2: dia nak kata yang negara² lain lebih tinggi level nya

@kahfeveryday care to explain the exact point of view of yours?",post,,3,2,1,1
https://www.threads.com/@efek.rumahkucing/post/DeLLtvTkn8A,Threads,efek.rumahkucing,,"10/7/2026, 1:30:32 AM","Bangun2 melihat kecaman bertubi2 pada @kahfeveryday tenang2, jangan marah2, Efek rumah kucing dah ada baju warna hitam tau ☺️👍",post,,2,2,0,0
https://www.threads.com/@brojepofficial/post/DeLMUrFE9VE,Threads,brojepofficial,,"10/7/2026, 1:35:51 AM","Admin Kahf tu boleh tidur tak semalam? 
Jangan main-main dengan kuasa boikot dari warga Malaysia.",post,,1,2,0,0
https://www.threads.com/@acapgematria/post/DeK_d9JEoje,Threads,acapgematria,,"10/6/2026, 11:43:31 PM",X penah beli brg kahf hahahaha,post,,1,2,0,0
https://www.threads.com/@tommyyyfmp/post/DeLKHrsEnMO,Threads,tommyyyfmp,,"10/7/2026, 1:16:36 AM",Negaramu yg cuma se daki slangkangan gak ngaruh bos. Silahkan boikot aja lon malon.,post,,1,2,0,0
https://www.threads.com/@warkahbuat.isteri/post/DeLLWLJgtlp,Threads,warkahbuat.isteri,,"10/7/2026, 1:27:19 AM",Spill local product perfume atau skincare. Nak boikot jenama seberang tu,post,,1,2,0,0
https://www.threads.com/@jarvistpnv/post/DeLMdaWH4at,Threads,jarvistpnv,,"10/7/2026, 1:37:02 AM",tak beretika? di mananyaaa?? ko bisa ada pandangan tak beretika dari meme itu? aneh sumpah 🐒,post,,0,2,0,0
https://www.threads.com/@clarrareyna/post/DeLIN1oGQ1k,Threads,clarrareyna,,"10/7/2026, 12:59:58 AM",setara iq bangladesh,post,,0,2,0,0
https://www.threads.com/@mayainaaa_12/post/DeK8o-TE0c9,Threads,mayainaaa_12,,"10/6/2026, 11:18:48 PM",kau ckp mcm tu?owner brand okay ke kena boikot or tengah pusing kepala? klau mcm tu kenapa sibuk sibuk masuk market malaysia?ckp jgn sombong pak cik,post,,0,2,0,0
https://www.threads.com/@lunasylus_/post/DeLL-oyk0fb,Threads,lunasylus_,,"10/7/2026, 1:32:50 AM","My morning starts with people posting about boycotting Kahf after their previous post on thread regarding humiliation of other countries are below them (Indonesia). Tbh, these kind of attitude will no longer be cure with anything. It will continuously being toxic toward everyone over everything. As in today they apologize like it’s a small matter. Bear in mind that anything you post on internet will be there forever and it’s hard for people to forget about it",post,,0,2,0,0
https://www.threads.com/@srymeliutami/post/DeLJlsCEjVT,Threads,srymeliutami,,"10/7/2026, 1:11:57 AM",GAK NGARUHHHH🤣😭🤣,post,,0,2,0,0
https://www.threads.com/@threalcheadjr/post/DeLJ9vqkkd3,Threads,threalcheadjr,,"10/7/2026, 1:15:14 AM","@meta.ai  apa isu kahf ni? tertinggal bas lak, kenapa org boikot, sape foundet?",post,,0,2,0,0
https://www.threads.com/@rida_oishii_kenko/post/DeLFFLqEpKo,Threads,rida_oishii_kenko,,"10/7/2026, 12:32:34 AM",TAPI AWALNYA DARI BOLA KHAN?? AKHIRMYA NYERANG KEMANA2...,post,,0,2,0,0
https://www.threads.com/@tzliana_11/post/DeLEUXSklji,Threads,tzliana_11,,"10/7/2026, 12:25:54 AM","Cara yang lagi padu, remove terus dari showcase , ayuh Malaysian … @kahfeveryday.my @kahfeveryday",post,,49,1,0,12
https://www.threads.com/@nazrul.helmie/post/DeLJoHVE0jW,Threads,nazrul.helmie,,"10/7/2026, 1:12:17 AM","Malaysia, Singapore, Vietnam, Philippines, Myanmar, Thailand, Australia & Timor-Leste. 

Boycott @kahfeveryday @kahfeveryday.my & other parties that work together with them. As an international brand, they mock and disrespect us as a country. 

#boycottkahf",post,,45,1,1,5
https://www.threads.com/@haiqal.iskandar/post/DeLEnNmGZq5,Threads,haiqal.iskandar,,"10/7/2026, 12:28:28 AM",Boycott @kahfeveryday,post,,38,1,0,0
https://www.threads.com/@syaf_ix/post/DeLK00vk7EY,Threads,syaf_ix,,"10/7/2026, 1:22:45 AM","Kepada yang boikot Kahf and nak buang produk dia, boleh hantar kat saya. Saya akan semak dulu and buangkan untuk u guys.",post,,33,1,0,0
https://www.threads.com/@fendymuhammad/post/DeLLNU-E2wV,Threads,fendymuhammad,,"10/7/2026, 1:26:06 AM",Boikot ja brand kahf ni. Sbb dpa ni dlu boikot petronas bkn main. Tp tgk lah petronas gah di dunia compare dgn pertamina tu!!,post,,27,1,0,1
https://www.threads.com/@lith.ter/post/DeLLH9YE_tp,Threads,lith.ter,,"10/7/2026, 1:25:22 AM",Boycott @kahfeveryday support our Malaysian brand @cosmoderm 🇲🇾,post,,26,1,0,5
https://www.threads.com/@farid.protoncars/post/DeLKcYsj7_Z,Threads,farid.protoncars,,"10/7/2026, 1:19:25 AM","Kau dah buat pasal acah2 nak minta maaf tapi dalam bahasa omputih.

Damage is done bro. @kahfeveryday.my 

Dah jadi brand besar yang masuk negara orang, tinggalkan perangai negara kau.. professional la.

Sorry. Boycott!",post,,26,1,0,1
https://www.threads.com/@sxitysxi/post/DeJX0qJAUXA,Threads,sxitysxi,,"10/6/2026, 8:37:51 AM",iq 78 memamg macam ni,post,,10,1,0,0
https://www.threads.com/@ethnosupremacy/post/DeLFVtPDx7T,Threads,ethnosupremacy,,"10/7/2026, 12:34:49 AM","Selain boikot produk @kahfeveryday , boleh jgk boikot @indomie @kopikenangan.id",post,,10,1,0,3
https://www.threads.com/@afee.firdaus/post/DeLMHkhEmPk,Threads,afee.firdaus,,"10/7/2026, 1:34:03 AM","sorry, Kahf is cancelled. boikot",post,,8,1,0,1
https://www.threads.com/@faarah.ayuu/post/DeLKxZSkxf8,Threads,faarah.ayuu,,"10/7/2026, 1:22:17 AM","Kahf just losing their potential customers. Sorry not sorry… 

Come on Malaysian brands, it’s your time to shine!",post,,8,1,0,0
https://www.threads.com/@farisyanz/post/DeLJB7tD3bc,Threads,farisyanz,,"10/7/2026, 1:07:04 AM","Pagi nie nak kena buat apa? Kena #BoycottKahf 🤌🏻
Maaf ya @kahfeveryday kamu sebagai satu platform atau brand harusnya lebih bijak untuk tidak join. Be professional!

The damage has been done. Titik!

Kahf = BadLab, Nano White
Mie Sedap, Indomie = Mamee, Cintan, Vits
Kara = Rasaku, Saji, M&S
ABC = Habhal, Adabi
Kopiko = Aik Cheong, Old Town
Roma, Nabati = Julies, Hup Seng, Munchy's
JCo = Big Apple
J&T = Poslaju, GDEX
Richeese = Marrybrown
Kenangan = ZUS, GIGI",post,,8,1,0,4
https://www.threads.com/@iamrusy/post/DeLGrR0AUeG,Threads,iamrusy,,"10/7/2026, 12:46:30 AM",ini kali terakhir saya guna @kahfeveryday.my @kahfeveryday no more after this,post,,6,1,0,2
https://www.threads.com/@adyashurri/post/DeLL1JLk0EG,Threads,adyashurri,,"10/7/2026, 1:31:32 AM","Rule no.1 in doing business is, never ever belittle others. Especially PUBLICLY. either your customer, your subcon, or other profession ! (Seriously i saw carpenters belittling interior designers and stated reasons why people shouldnt hire ID) and recently kahf indo made fun of malaysia.",post,,5,1,0,0
https://www.threads.com/@cik_azzimah/post/DeK1zJIE_6X,Threads,cik_azzimah,,"10/6/2026, 10:19:02 PM",Buat camni bang,post,,4,1,0,0
https://www.threads.com/@tewllyyy/post/DeLLQbtEuI2,Threads,tewllyyy,,"10/7/2026, 1:26:32 AM",aduu takutttt,post,,3,1,0,0
https://www.threads.com/@eabk3015/post/DeLIBSqgcTQ,Threads,eabk3015,,"10/7/2026, 12:58:15 AM","Minta maaf? Lepas hina negara orang lain? And now they expected an easy way out? We know @kahfeveryday you're not sorry for the insult, you're only apologizing to save your brand. How predictable. We as malaysians we don't operate that way. We have too much pride for that. We stand, we speak up & we protect our country. Teruskan boikot @kahfeveryday semuanya dah selamat masuk ke tong sampah.",post,,3,1,0,0
https://www.threads.com/@nurfa_izz.official/post/DeLHdx_D3KL,Threads,nurfa_izz.official,,"10/7/2026, 12:53:24 AM","Patutlah berat hati je nak beli kahf ni , walhal berpuluh kali lalu lalang kt wall tt sopi dengan offer kemain lagi.. sorry...

Say NO to KAHF ❌",post,,3,1,0,1
https://www.threads.com/@danisee.i/post/DeK9zabAfOy,Threads,danisee.i,,"10/6/2026, 11:28:58 PM",paling yang ngeboikot orang orang itu aja 😆 KHAF akan tetap laku di indonesia dan gak akan HANCUR 😙😝😗,post,,2,1,0,0
https://www.threads.com/@seksikeamanan/post/DeLKxnrmOK6,Threads,seksikeamanan,,"10/7/2026, 1:22:19 AM",wkwkw gara2 admin kahf kena boikot di malaysia,post,,2,1,0,0
https://www.threads.com/@mohammadazrin_typewritter/post/DeLNVelE_md,Threads,mohammadazrin_typewritter,,"10/7/2026, 1:44:42 AM","Buat apa aku nak boikot Kahf kedai dia pun aku tak pernah masuk 

Hari ni viral baru aku tahu kewujudan kedai dia 😆

Ok dah boleh sambung tak terus masuk lah macam tu. Orang berniaga memang tak boleh extrem buat provokasi akan cari sakit sendiri

Aku akan support produk tempatan",post,,2,1,0,0
https://www.threads.com/@takenbyaditya/post/DeLMVbJASLo,Threads,takenbyaditya,,"10/7/2026, 1:35:57 AM",Why u guys use kahf? I'm Indonesian never use it 🤣,post,,2,1,0,0
https://www.threads.com/@shukriconan/post/DeLLyVRE8Wm,Threads,shukriconan,,"10/7/2026, 1:31:09 AM","So, agak agak tahun ni LIHM masih ada Kahf ke tak? Rasanya ni je last event tahun ni yang bawa nama brand tu",post,,2,1,0,0
https://www.threads.com/@mat_rem/post/DeLNOczHcwV,Threads,mat_rem,,"10/7/2026, 1:43:44 AM",No more kahf. Atlet yang under kahf pon tak nak support dah.,post,,1,1,0,0
https://www.threads.com/@nuurhidayahjamaluddin/post/DeLMtAcidTr,Threads,nuurhidayahjamaluddin,,"10/7/2026, 1:39:10 AM",baru tahu PRC ni brand sana ya?😂,post,,1,1,0,0
https://www.threads.com/@cikpuut_/post/DeLNDAZEujv,Threads,cikpuut_,,"10/7/2026, 1:42:10 AM","PRC ni S & G*g tu b, brand sana Kahf , Wardah n banyak lagii hehe",post,,1,1,0,0
https://www.threads.com/@ayuhussein__/post/DeLMPozFA-W,Threads,ayuhussein__,,"10/7/2026, 1:35:09 AM","• Definisi: Perkataan al-Kahf (الكهف) merujuk kepada lubang atau gua besar di dalam gunung yang mempunyai ruang luas serta pengudaraan yang baik.
• Perbezaan dengan Ghar: Dalam bahasa Arab, gua yang kecil, sempit, dan kecil dikenali sebagai ghar (seperti Gua Hira'), manakala kahf ialah gua yang besar dan boleh memuatkan ramai orang di dalamnya.",post,,1,1,0,0
https://www.threads.com/@fatinthafieqah/post/DeLL19YCIK8,Threads,fatinthafieqah,,"10/7/2026, 1:31:39 AM","Me as a graphic dan handling sosial media for 3 company pun sangat sangat aware tentang posting ya. Even nak post someting melibatkan negara, kemerdekaan pun saya sangat menitik berat jalur berapa, bucu bintang berapa. Ni apatah lagi nak ikut2 trend. Sometimes ada trend yang kena dengan branding, so kita boleh ikut tapi ada trend yang tak sesuai, yang mengundang issue2 tak sepatutnya, lebih baik jangan buat. Bahaya. Hahaha

Lah pagi pulak bahas issue kahf. Tapi sayang brand dia dah besar. Hurm",post,,1,1,0,1
https://www.threads.com/@acepmulyadi85/post/DeLLQurn0yA,Threads,acepmulyadi85,,"10/7/2026, 1:26:34 AM",Saya akan dukung kahf dengan membeli produknya. Bagus produk kahf buat bersihkan muka.,post,,1,1,0,0
https://www.threads.com/@_zrhjkt_/post/DeLCZxsD7_9,Threads,_zrhjkt_,,"10/7/2026, 12:09:10 AM",Ini betul. Company besar jaga nama so takkn hire intern untuk jaga socmed. Semua content kena approval.,post,,1,1,0,0
https://www.threads.com/@amrsli85/post/DeLKsNhD6PH,Threads,amrsli85,,"10/7/2026, 1:21:35 AM",Kahf ni bagi aku bau dia tk best ler,post,,1,1,0,0
https://www.threads.com/@fadlyfazilah/post/DeLH2Unj-Nf,Threads,fadlyfazilah,,"10/7/2026, 12:56:45 AM",Cuba baca sat. @kahfeveryday,post,,1,1,0,0
https://www.threads.com/@zikrizvlkifli/post/DeLBnack7yL,Threads,zikrizvlkifli,,"10/7/2026, 12:02:17 AM",bye bye @kahfeveryday.my 😎,post,,1,1,0,0
https://www.threads.com/@alanghanafi/post/DeLD1vtgZqw,Threads,alanghanafi,,"10/7/2026, 12:21:43 AM",Okay. Marks my words ya. @kahfeveryday  drp indonesia bakalan bankrap. 🤣,post,,1,1,0,0
https://www.threads.com/@azlan.mulliadi/post/DeLM-zVk0-N,Threads,azlan.mulliadi,,"10/7/2026, 1:41:36 AM",Iya mas.. indonesia tetap aja laku.. tapi diMalaysia KAHF akan jatuh SLOW2 mcm STARBUCKS…,post,,0,1,0,0
https://www.threads.com/@dfk_pov/post/DeLKnyPHTLL,Threads,dfk_pov,,"10/7/2026, 1:20:59 AM","Sure bro, it can be a joke. But being a joke doesn’t mean it can’t also be marketing. The timing, controversy and engagement are exactly what make this kind of content valuable to a brand. No offense ya, nothing against Indonesia or Indonesians in general. 🙏",post,,0,1,0,0
https://www.threads.com/@fanuar/post/DeLHKfpH-wv,Threads,fanuar,,"10/7/2026, 12:50:46 AM","Emang ga professional aja Si Admin nya Kahf.Kan Bego nama nya kalau ga bisa bedain mana candaan tongkrongan sama bisnes🤦🤦🤦.Kahf doing Business and should be professional...not act stupid like this.Kalau di bilang SDM rendah, marah...tapi keliatan kan....",post,,0,1,0,0
https://www.threads.com/@antoniusbaseloy/post/DeLJbmHkgHw,Threads,antoniusbaseloy,,"10/7/2026, 1:10:34 AM","masalahnya yang post brand besar dan gak semua into bola

kek emang mesti ngerti juga si playing field dimana, kalo lo page bola ya mungkin reaksinya wkwk semua, cuma kalo brand gede sulit ya",post,,0,1,0,0
https://www.threads.com/@famiee._/post/DeLMbqBk5-u,Threads,famiee._,,"10/7/2026, 1:36:48 AM",skarangkan issues boikot kahf. so suggestkan perfume local or luar yang tahan lama.,post,,0,1,0,0
https://www.threads.com/@amirulasy90/post/DeLHg55k3j-,Threads,amirulasy90,,"10/7/2026, 12:53:49 AM","Facewash kahf pakai ingredient sambal geprek mmg kualiti konoha, formula IQ 20",post,,0,1,0,0
https://www.threads.com/@bdnkrsa/post/DeLNS5xAV16,Threads,bdnkrsa,,"10/7/2026, 1:44:20 AM",Konteks @meta.ai kahf brand kenapa?,post,,0,1,0,0
https://www.threads.com/@bro260626/post/DeLMCGvkyXj,Threads,bro260626,,"10/7/2026, 1:33:19 AM",Kahf bermaksud gua kan?,post,,0,1,0,0
https://www.threads.com/@lulutakim23/post/DeLLfEtEzJJ,Threads,lulutakim23,,"10/7/2026, 1:28:32 AM","Lah lo kocak perkara sepak bola mau boikot produk nya segala, emang ya masyarakat lo tuh lucu lucu sakit hatinya sakit hati banget. Kelakuan kalian kaya anak tadika mesra. Perlu diajari sabar dan ikhlas kah buat nerima kenyataan?",post,,0,1,0,0
https://www.threads.com/@jhnsn.mrbn/post/DeLMERrkw-A,Threads,jhnsn.mrbn,,"10/7/2026, 1:33:36 AM","statement dari brand besar ama netizen npc kyk lu ga sama kocak, satu perbuatan salah dari brand kyk kahf ini bisa merugikan company sampe miliaran, kalo elu yg hujat mah nasi tempe lu tetep di hidangi sama emak lu",post,,0,1,0,0
https://www.threads.com/@anaksapa/post/DeLMpG9k2Ex,Threads,anaksapa,,"10/7/2026, 1:38:38 AM",Depa ajak boikot KAHF,post,,0,1,0,0
https://www.threads.com/@ayuhussein__/post/DeLDr8uEsQx,Threads,ayuhussein__,,"10/7/2026, 12:20:23 AM",,post,,0,1,0,0
https://www.threads.com/@suhendararyadi/post/DeLL92kge-x,Threads,suhendararyadi,,"10/7/2026, 1:32:44 AM","Konteks Kahf setuju. Tapi kalau lainnya, Terlalu lebay kalau perkara cengcengan bola harus boycott semua produk. Kekanak-kanakan",post,,0,1,0,0
https://www.threads.com/@nsh_ridz/post/DeLL3t7GHxH,Threads,nsh_ridz,,"10/7/2026, 1:31:53 AM",Kahf ni mhalll ya amat,post,,0,1,0,0
https://www.threads.com/@niknaztz/post/DeLLy8AEmGl,Threads,niknaztz,,"10/7/2026, 1:31:14 AM","itu nama dia Innovation or improvisation, kalau taktau jangan lupa google ya adik adik, and also spaghetti asal dari mana? itali kan ? satu dunia makan spaghetti, pernah dgr itali claim dkt semua country “thats my food”, jgn tiru !! japanese food also banyak dkt sini, pernah dgr org japan claim? lain kali belajar dulu before tulis ya adek.",post,,0,1,0,0
https://www.threads.com/@tuttyalawiyah/post/DeLL_phCOgT,Threads,tuttyalawiyah,,"10/7/2026, 1:32:58 AM","semangat ya kakkkkk □
btw kahf, wardah, chikuro, kopi kenangan, momoyo itu MERK ya kak□
pernah dengar orang italy claim? SERING🤣",post,,0,1,0,0
https://www.threads.com/@lulutakim23/post/DeLKyjdEw4O,Threads,lulutakim23,,"10/7/2026, 1:22:27 AM",Yo silahkan sekalian batu baranya boikot biar negara kau gelap gulita bin suram🤪 kau boikot pun gaada efeknya kau pikir negara mu sebesar apa sih🤣🤣🤪,post,,0,1,0,0
https://www.threads.com/@mayainaaa_12/post/DeLLHLqGUPw,Threads,mayainaaa_12,,"10/7/2026, 1:25:16 AM","ya bagi kamu takde effect sbb kamu bukan owner bisnesnya,cube tnye onwer brand nya mcm mne pula,kalau tkde effect kenape brand KAHF buat permohonan maaf?",post,,0,1,0,0
https://www.threads.com/@syarulhafleziz/post/DeLLDgnku7c,Threads,syarulhafleziz,,"10/7/2026, 1:24:46 AM",@meta.ai  kenapa semua boikot kahf,post,,0,1,0,0
https://www.threads.com/@nanawinston777/post/DeLNbstjwtR,Threads,nanawinston777,,"10/7/2026, 1:45:33 AM",your comprehension sumpah rosak. clearly the issue is about Kahf posted an unprofessional statement on their official website. who tf gonna support tht kind of attitude in business ? ofc people will boycott u if youre rude. bisa bahasa inggeris ga ?? fix your comprehension bij,post,,0,1,0,0
https://www.threads.com/@zakwa.n98/post/DeLNj_XGs1O,Threads,zakwa.n98,,"10/7/2026, 1:46:40 AM","Ramai lelaki terbiasa main bantai je pakai sabun badan untuk cuci muka sebab nak cepat.

Padahal kulit muka jauh lebih nipis dan perlukan penjagaan yang berbeza.

Kalau lepas basuh korang rasa kesat sampai kulit rasa ketat, tu tandanya kelembapan semula jadi dah hilang.

Sebaiknya cari pencuci yang boleh bersihkan pori dari minyak tanpa rosakkan skin barrier.",post,,0,1,0,0
https://www.threads.com/@dingzszszs/post/DeLKv4pE6Yx,Threads,dingzszszs,,"10/7/2026, 1:22:05 AM",Betapa tak profesionalnya admin kahf ni. sy antara pengguna produk mereka tapi lepas ni boleh pakai semula brand lain.,post,,0,1,0,0
https://www.threads.com/@nevermindrun/post/DeK_M-TE8Fy,Threads,nevermindrun,,"10/6/2026, 11:41:12 PM","Damage is done, Goodbye @kahfeveryday 👋",post,,0,1,0,0
https://www.threads.com/@eekk_y/post/DeLNN6Bn6Sc,Threads,eekk_y,,"10/7/2026, 1:43:40 AM",,post,,0,1,0,0
https://www.threads.com/@faridkamarul/post/DeLMejCE1b_,Threads,faridkamarul,,"10/7/2026, 1:37:12 AM",Penat team dan owner promote gila gila untuk penetrate market luar negara dirosakkan oleh admin bocah. Mungkin itulah jalan yang dia pilih.,post,,0,1,0,0
https://www.threads.com/@arifwacana/post/DeLMK7FEofo,Threads,arifwacana,,"10/7/2026, 1:34:31 AM",Saya cadangkan @kahfeveryday.my  @kahfeveryday @kahfcommunities buat SALE besar-besaran di semua pasaran SEAblings. 70℅ diskaun selama 7 hari sebagai bukti keikhlasan memohon maaf pada semua pengguna.,post,,0,1,0,0
https://www.threads.com/@adityaexasaputra/post/DeLLcnGifVH,Threads,adityaexasaputra,,"10/7/2026, 1:28:11 AM","Point yang paling ngeselin disini tuh mulai warga kita yang profil dan bio nya dibikin keliatan pinter, sok ngeluarin pendapat tentang kesalahan team medsos khaf dll dengan gaya sok pintar ke Inggris”san nya. 
Emang memanfaatkan suasana biar banyak yang mengunjungi akun nya aja itu biar di bilang infulencer. Basi wkwk",post,,0,1,0,0
https://www.threads.com/@ahmdxhnfi/post/DeLLR_Kidpx,Threads,ahmdxhnfi,,"10/7/2026, 1:26:44 AM",Apa maksud posting tu? Kurang faham nii😵‍💫 @meta.ai explain sat,post,,0,1,0,0
https://www.threads.com/@meta.ai/post/DeLK3UYAjkj,Threads,meta.ai,,"10/7/2026, 1:23:06 AM","Kau nampak betul la tu - yang kena boikot tu Kahf, brand grooming lelaki dari Indonesia tu.

Kecoh sebab account dia @kahfeveryday post meme bola ""tutor cara masuk Eropa dong warga"" dengan bendera Indonesia letak atas tape ""HATI-HATI BEDA LEVEL"", lepas tu bendera Thailand, Vietnam, Malaysia, Singapore dan lain-lain letak bawah. Orang anggap dia perli jiran, angkuh sangat, terus jadi isu maruah negara.

Sebab tu kat Threads ramai push #BoikotKahf, suruh jangan beli / promote, siap kata mintak maaf pun dah tak guna.",post,,0,1,0,0
https://www.threads.com/@masmmy/post/DeLJ5jdjzTG,Threads,masmmy,,"10/7/2026, 1:14:40 AM","@meta.ai no, Meta. People don't retaliate because of Petronas. If you check your data, it started with their PR team making fun of SEAbling + Australia after winning the football cup. They could've just congratulate their national victory.",post,,0,1,0,0
https://www.threads.com/@dtskyn_/post/DeLJGU8o9d6,Threads,dtskyn_,,"10/7/2026, 1:07:40 AM",Buset-buset perkara bola sampe diboycott WKWKWKWKW! Lu sih @kahfeveryday,post,,0,1,0,0
https://www.threads.com/@mreza_akbar/post/DeLIVctknrx,Threads,mreza_akbar,,"10/7/2026, 1:01:00 AM",@meta.ai ada apa sih?,post,,0,1,0,0
https://www.threads.com/@saiful.enver/post/DeLH75EmAkT,Threads,saiful.enver,,"10/7/2026, 12:57:30 AM",Rasanya biarkan netizen sama netizen berantakan pasal apa-apa isu. Perlu ke nak chimed in @kahfeveryday ? What’s good?,post,,0,1,0,0
https://www.threads.com/@marshayenn/post/DeLG9O6H4GK,Threads,marshayenn,,"10/7/2026, 12:48:57 AM",Tapi udah kan minta maafnya? Hahahaha @kahfeveryday,post,,0,1,0,0
https://www.threads.com/@rizmanarif/post/DeLGpxGEza4,Threads,rizmanarif,,"10/7/2026, 12:46:18 AM",@meta.ai  khaf brand haprak ke? apa isu dia org buat,post,,0,1,0,0
https://www.threads.com/@abidivaga/post/DeLGYlxAVtg,Threads,abidivaga,,"10/7/2026, 12:43:57 AM","sok edgy lu @kahfeveryday , bikin jerawatan juga",post,,0,1,0,0
https://www.threads.com/@makbarald/post/DeLF_95ki4L,Threads,makbarald,,"10/7/2026, 12:40:35 AM",@meta.ai kronologi met,post,,0,1,0,0
https://www.threads.com/@mr.wild_bear/post/DeLFaJSkkGS,Threads,mr.wild_bear,,"10/7/2026, 12:35:25 AM","selagi @kahfeveryday tak spill siapa dibalik layar,siapa orangnya,apa tindakan dorang,tak buat statement terbuka..kitorang anggap mereka setuju dengan tindakan staff dorang..Kita faham,ada segelintir rakyat indo tak suka dengan Malaysia,majoriti rakyat Malaysia tak ambil port psal isu memanas..tpi Bila Brand besar,baru nak up,masukkan kebencian dlm marketing,so end of business la critanya..",post,,0,1,0,0
https://www.threads.com/@kzbinzainal/post/DeLFI6yExqV,Threads,kzbinzainal,,"10/7/2026, 12:33:04 AM","Ada. 
Cuma diorang dah delete post tu",post,,0,1,0,0
https://www.threads.com/@hariz4498/post/DeLFUVvk5QJ,Threads,hariz4498,,"10/7/2026, 12:34:38 AM",Oh baru nampak posting tu. Ciss emang dasar ya kamu! @kahfeveryday,post,,0,1,0,0
https://www.threads.com/@waynesidin/post/DeLEiPKASnj,Threads,waynesidin,,"10/7/2026, 12:27:47 AM",@meta.ai apa kes ni?,post,,0,1,0,0
https://www.threads.com/@fikri.wiraa/post/DeLDjAjAWHO,Threads,fikri.wiraa,,"10/7/2026, 12:19:10 AM","Kami bukan zionis jadi ga ngaruh wkwk sok sok an, banyak penduduknya aja masih kalah sama 1 pulau di Indonesia",post,,0,1,0,0
https://www.threads.com/@rusydi_rosl/post/DeLLLFxGKAa,Threads,rusydi_rosl,,"10/7/2026, 1:25:48 AM","Terima kasih Kahf kerana pernah berada di ruang-ruang ambil wuduk surau dan masjid di Malaysia.

Ini bukan soal budak intern salah buat posting to ride the wave, but it show your brand disrespecting our flag, our country!

Yang masih ada tak perlu buang, habiskan dulu. Jangan beli baru.",post,,31,0,0,1
https://www.threads.com/@firdauswapat/post/DeLJ657E-e2,Threads,firdauswapat,,"10/7/2026, 1:14:51 AM","Indonesia memang jauh lebih ramai penduduk, tapi ramai manusia tak semestinya lebih tinggi kuasa membeli. 🇮🇩 Populasi Indonesia adalah 286 juta vs Malaysia adalah 35 juta, tetapi GDP per capita Malaysia sekitar 2.6 kali lebih tinggi dan household consumption per capita hampir 3 kali lebih tinggi. Jadi jangan keliru antara market size dengan purchasing power. 😌🇲🇾 @kahfeveryday 🤐.",post,,28,0,0,1
https://www.threads.com/@ayiddlahh/post/DeLLRxkiUwD,Threads,ayiddlahh,,"10/7/2026, 1:26:43 AM","It takes years to build a brand, but only a day for it to fall apart. Congratulations on your “win”! 🏆 I’m boycotting this brand.

You reap what you sow, so now bear the consequences la @kahfeveryday. As for the siblings @emina @wardahbeauty @makeoverid good luck surviving this backlash.",post,,16,0,0,1
https://www.threads.com/@njimnzr/post/DeLFQ9PATOP,Threads,njimnzr,,"10/7/2026, 12:34:10 AM","Aku ada 3 botol perfume. 2 pomade. Face spray. Semua Kahf. Dan, aku terus buang semuanya tanpa ragu2. Terus aku keluar duit cari brand lain tanpa pikir panjang. Tahniah @kahfeveryday @kahfeveryday.my",post,,15,0,0,2
https://www.threads.com/@darilensabudie/post/DeLINHcHWDO,Threads,darilensabudie,,"10/7/2026, 12:59:52 AM",@watsonsmy please please stop selling @kahfeveryday … will rather go to shop yang tak jual produk ni,post,,14,0,0,0
https://www.threads.com/@lee292023/post/DeLHS0dErGx,Threads,lee292023,,"10/7/2026, 12:51:54 AM",BOYCOTT @kahfeveryday . STOP BUYING @kahfeveryday PRODUCTS BOOOO!!! #FaKahf,post,,14,0,0,1
https://www.threads.com/@sophea_8922/post/DeLJEeoE3Ga,Threads,sophea_8922,,"10/7/2026, 1:07:25 AM",Korang support brand badlab ni. Ni brand kita. KA pun follow badlab.,post,,12,0,0,3
https://www.threads.com/@kamsan_talib/post/DeLI8WOkrae,Threads,kamsan_talib,,"10/7/2026, 1:06:19 AM",I never see any well known Malaysian brand using their business platform to mock other countries. This is unacceptable and unprofessional. It is time to buycott @kahfeveryday,post,,11,0,0,0
https://www.threads.com/@___nurulain/post/DeLLl2coJo0,Threads,___nurulain,,"10/7/2026, 1:29:27 AM",Minta orang jakarta beli kahf.,post,,8,0,0,0
https://www.threads.com/@azrul.hjanuar/post/DeLHQsGkwZw,Threads,azrul.hjanuar,,"10/7/2026, 12:51:37 AM","Calling all Malaysians to cancel @kahfeveryday
@kahfeveryday.my 

Come on my beloved Malaysians. Jom Support local.",post,,8,0,0,0
https://www.threads.com/@thedesignest/post/DeLEjXTnypp,Threads,thedesignest,,"10/7/2026, 12:27:57 AM","Calling all Malaysians & Singaporean to cancel @kahfeveryday  over their insensitive and provocative remarks towards other countries.

(Alih bahasa supaya indon faham);
Ayuh Malaysia & Singapura sama-sama guna kuasa boikot @kahfeveryday  selepas hantaran thread yang tidak sensitif serta provokatif and tidak menghormati negara-negara ASEAN yang lain. Kebodohan admin begitu terserlah dan moga dengan kuasa boikot ini boleh jadi pengajaran kepada jenama jenama lain dari negara jiran itu.",post,,7,0,0,0
https://www.threads.com/@nizam_aman/post/DeLEVigD50N,Threads,nizam_aman,,"10/7/2026, 12:26:03 AM",@kahfeveryday.my damage has been done.,post,,7,0,0,0
https://www.threads.com/@zeffahmd/post/DeLDzPgksRu,Threads,zeffahmd,,"10/7/2026, 12:21:22 AM","To all running event organisers in Malaysia, I think it’s time to reconsider having @kahfeveryday involved in your events, especially given the hatred and negativity they’ve been showing recently.

Event organisers should be mindful of the values and image associated with the brands they choose to work with.",post,,7,0,0,1
https://www.threads.com/@ridhuan_othman/post/DeLKYbXj4xU,Threads,ridhuan_othman,,"10/7/2026, 1:18:53 AM",Agak-agak la nak troll pun..kau tu brand cari makan kat negara orang @kahfeveryday ..sebelum ni tak tau pun brand mangkuk ni asal sana..tapi memang dari dulu lagi pakai Bad Lab..ayuhlah kita boikot dan beralih kepada jenama tempatan,post,,6,0,0,2
https://www.threads.com/@afiqjalaaa/post/DeLGiGLE5IJ,Threads,afiqjalaaa,,"10/7/2026, 12:45:15 AM","The damage is already done✅

You should teach your PR team not to weigh in on trivial issues. Keep it professional and leave the emotions out of it. Any brand (big or small) should stay neutral as long as it doesn't involve humanitarian issues.

So glad I've never tried your products (and I never will)👎🏻",post,,6,0,0,0
https://www.threads.com/@dapurawliyah/post/DeLM9wrgT5L,Threads,dapurawliyah,,"10/7/2026, 1:41:27 AM","Dear @kahfeveryday 

Sebetulnya yang ini. Kalau setakat menang bola pun dah rasa diri berbeza level, memang sah low IQ. Bila ayam berasa diri helang.",post,,5,0,0,0
https://www.threads.com/@itshimluqman/post/DeLEPG6D0_R,Threads,itshimluqman,,"10/7/2026, 12:25:11 AM","Gelabah PR team harini , Udah telat , sedangkan Starbucks boleh tutup banyak outlet inikan pula @kahfeveryday",post,,5,0,1,1
https://www.threads.com/@itsmehurin_/post/DeLLyLWk6_f,Threads,itsmehurin_,,"10/7/2026, 1:31:08 AM",mesti admin kahf ingat tu personal account dia kan? 🤡,post,,4,0,0,0
https://www.threads.com/@4ligarcia/post/DeLK5tHkmgs,Threads,4ligarcia,,"10/7/2026, 1:23:25 AM","Titik terendah orang malaysia:

Pakai brand kahf.",post,,4,0,0,0
https://www.threads.com/@badrul_jamal/post/DeLLClhE-dU,Threads,badrul_jamal,,"10/7/2026, 1:24:38 AM",So orang malaysia semua boycott @kahfeveryday ke ? Nasib baik saya pakai BadLab,post,,4,0,1,3
https://www.threads.com/@yournes._/post/DeLJct8Hzp2,Threads,yournes._,,"10/7/2026, 1:10:44 AM","Mmg betulla IQ negara jiran ni low□ tgk posting from official @kahfeveryday pon terbukti. Target market 🇲🇾 tapi buat mcmtu. So bye2 la 

#boikotkahf",post,,4,0,0,2
https://www.threads.com/@v4rg4tr0n/post/DeLJKUro1fL,Threads,v4rg4tr0n,,"10/7/2026, 1:08:13 AM",Let's BOYCOTT @kahfeveryday @kahfeveryday.my !! 👋🏼🇲🇾💪🏼,post,,4,0,0,0
https://www.threads.com/@sehasafhee/post/DeLFnztmsTz,Threads,sehasafhee,,"10/7/2026, 12:37:17 AM","Tak sangka brand @kahfeveryday @kahfeveryday.my boleh join heated argument like this? Idk, before ni tak rasa nak masuk campur. But seriously you guys that low? Boycott Kahf.",post,,4,0,0,1
https://www.threads.com/@baqrinxsablee/post/DeLAvEzk4zc,Threads,baqrinxsablee,,"10/6/2026, 11:54:35 PM",Stop purchase @kahfeveryday @kahfeveryday.my dari jenama seberang . Tak profesional dan nampak bod*h.,post,,4,0,0,0
https://www.threads.com/@rusdiananya/post/DeLDfkQk3TS,Threads,rusdiananya,,"10/7/2026, 12:18:41 AM","Dan malah kalian yang rugi, gak bisa pake produk paragon yang bagus bagus dan murah!!!! Sekedar info aja nih, facial wash kahf yang hijau bisa banget ngangkat minyak, wardah punya banyak skincare & make up yang bagus, kalian juga rugi gak bisa pake moisturizer labore yang nampol itu, belum lagi make up murce emina, omg. Duuuhhh rugi banget kalian boikot produk paragon wkakakakak  @paragoncorp @wardahbeauty @kahfeveryday @labore.id @emina @itsomgskincare",post,,4,0,0,0
https://www.threads.com/@snipersss97_/post/DeLMQ40DxiR,Threads,snipersss97_,,"10/7/2026, 1:35:20 AM","Jangan ingat dengan cara KAHF merendah MALAYSIA nama BRAND KAHF akan naik dan sale banyak, memang silap besar kalau main dengan orang MALAYSIA, KAHF kalau nak rasa PRODUK KAHF tu tak masuk langsung dalam MALAYSIA, baik KAHF buat PERMOHONAN MAAF MELALUI SEMUA MEDI PLATFORM.",post,,3,0,0,0
https://www.threads.com/@afrinaasmaa/post/DeLMdrbj9-V,Threads,afrinaasmaa,,"10/7/2026, 1:37:04 AM",Cancel Kahf dah lepasni.. so disappointed.,post,,3,0,0,0
https://www.threads.com/@notzkry/post/DeLLXHjk2fb,Threads,notzkry,,"10/7/2026, 1:27:26 AM","couldn’t imagine if i had accepted the PR intern at paragon corp (the brand house of kahf, wardah and emina). otherwise, this week would’ve been a whole hell week for me 😭 susah susah build brand, sekali kena boycott macam tu je.",post,,3,0,1,0
https://www.threads.com/@jazzhartanahjohor/post/DeLKxXgk9Id,Threads,jazzhartanahjohor,,"10/7/2026, 1:22:17 AM","Suke pakai barang kahf sebab terbaca journey founder die . Dan barang die berkualiti

But posting you all kurang bijak . Kesian pekerja2 lain include dari Kahf malaysia.

Jgn sebab bola, korang terobses nak menganjing other country

This is the last time i use kahf , dah tak beli dh .. sorry",post,,3,0,0,0
https://www.threads.com/@mkamz96/post/DeLL3oYGhXv,Threads,mkamz96,,"10/7/2026, 1:31:53 AM","Sebagai akun resmi sebuah brand, tindakan mengunggah konten provokatif yang meremehkan negara lain seperti ini sangatlah tidak profesional. Rivalitas olahraga seharusnya menyatukan, bukan malah memecah belah dan memicu sentimen negatif antarbangsa. Mohon untuk lebih bijak dan sensitif dalam menjaga nama baik brand Anda sendiri.",post,,3,0,0,0
https://www.threads.com/@___firdaus_f7/post/DeLKy3xCfOs,Threads,___firdaus_f7,,"10/7/2026, 1:22:29 AM","Ape yg kecoh ni dengan produk @kahfeveryday.my @kahfeveryday ? Share siket.. Kene boikot ke 🤔

Kalau kene boikot jgn main2 ngn netizen malaysia boleh buat sampai tutup kedai/ sales turun 😂",post,,3,0,0,1
https://www.threads.com/@prince.wan/post/DeLIpP8EyYy,Threads,prince.wan,,"10/7/2026, 1:03:42 AM","Kinda funny? Penduduk je ramai, tapi ramai miskin. Yes thats funny🤣 Starbuck pun hampir semua cawangan tutup di Malaysia, inikan pula kafh yang tak famous dkt Malaysia ni. @kahfeveryday @kahfeveryday.my So you guys boleh nilaikan sendiri rakyat indon punya statement minta boycott. Byebye",post,,3,0,0,0
https://www.threads.com/@koy_renang/post/DeLG8RCo-gJ,Threads,koy_renang,,"10/7/2026, 12:48:49 AM","Just a warmly reminder that we do not buy from @kahfeveryday @kahfeveryday.my no more

Israel pon boleh koyak kena boikot dengan Malaysia inikan pulak indonesia🤧",post,,3,0,0,2
https://www.threads.com/@manthqief/post/DeLFtPXnzDa,Threads,manthqief,,"10/7/2026, 12:38:02 AM",setakat perfume cair macam air paip je pun @kahfeveryday,post,,3,0,0,0
https://www.threads.com/@millennial_dayak_gen/post/DeLMuT_k5_v,Threads,millennial_dayak_gen,,"10/7/2026, 1:39:21 AM",Warga Malaysia dah boleh boikot barangan dari Kahf ini. Produk negara jerebu yang hari-hari menghina Malaysia dan Agong kita. #FaKahf #boikotkahf,post,,2,0,0,0
https://www.threads.com/@_ahmad_rifqie_/post/DeLMVRaj4s8,Threads,_ahmad_rifqie_,,"10/7/2026, 1:35:56 AM",Malaysian say no to Kahf 🙌🏻,post,,2,0,0,0
https://www.threads.com/@aiinajihae/post/DeLMVBAkqY9,Threads,aiinajihae,,"10/7/2026, 1:35:53 AM","Account not found , Kahf □",post,,2,0,1,1
https://www.threads.com/@kitara_off/post/DeLL67aGW-l,Threads,kitara_off,,"10/7/2026, 1:32:20 AM","Korang nak tgk rakyat Malaysia bersatu kan? Ni masa dia. Selama ni nampak korg je macam ada proud dgn negara korg. Rilek. Starbuck n McD pun melutut siap tunggang segala benda walaupun isu bukan dr negara Malaysia, ni kan pula isu bendera Malaysia korang buat main. Jom Malaysian! 🇲🇾",post,,2,0,0,0
https://www.threads.com/@tookangkabinet/post/DeLLqj0kyMP,Threads,tookangkabinet,,"10/7/2026, 1:30:06 AM","Pengajaran dari Kahf

Penat penat bina jenama, hanya kerana satu posting bodo terus lingkup brand

Sebab tu nak tulis benda bukan bukan jangan pakai thread syarikat, buat je la fake / anonymous account

Sekarang tak pasal pasal semua orang boikot kau

P/s: nak buat kabinet cari @tookangkabinet ye
Kami tak jual face wash
Kami buat kabinet
Kbye □",post,,2,0,0,1
https://www.threads.com/@mknizam_leo/post/DeLLYdTkVd9,Threads,mknizam_leo,,"10/7/2026, 1:27:37 AM","Boikot Kahf guys. Mcd dan starbuck pun hampir melingkup kita buat,apatah lagi brand bodoh ni.",post,,2,0,0,2
https://www.threads.com/@dt_original07/post/DeLLDYyD_H1,Threads,dt_original07,,"10/7/2026, 1:24:45 AM",Baru tahu kahf produk indonesia. Ingatkan produk tempatan. Kalau page official brand pun macam ni. Sorry la. Memang boikot la,post,,2,0,0,0
https://www.threads.com/@fnbhn10/post/DeLK5shAcvT,Threads,fnbhn10,,"10/7/2026, 1:23:25 AM",Watson I taknak tengok ada kahf kat store tauuu,post,,2,0,0,0
https://www.threads.com/@mohammad.awang.1232/post/DeLKtg3kwo9,Threads,mohammad.awang.1232,,"10/7/2026, 1:21:46 AM","@kahfeveryday @kahfeveryday.my damage has been done,there will be no more kahf for me, remember ""Buy British Last"" drove Britain to change their policy, guess this should be the same to u",post,,2,0,0,0
https://www.threads.com/@rastamzubir/post/DeLMthNmbDz,Threads,rastamzubir,,"10/7/2026, 1:39:14 AM",Asalnya saya pakai sebab nak support produk jiran tetangga. Nampaknya lebih awla support produk tempatan. Noktah,post,,2,0,0,0
https://www.threads.com/@bandahriduan/post/DeLKwz8Dycf,Threads,bandahriduan,,"10/7/2026, 1:22:13 AM",Boikot @kahfeveryday @kahfeveryday.my,post,,2,0,0,0
https://www.threads.com/@alvinalaurent/post/DeLKKSwkraS,Threads,alvinalaurent,,"10/7/2026, 1:16:57 AM",Disgusting behaviour coming from @kahfeveryday ew we sure are on a diff level,post,,2,0,0,0
https://www.threads.com/@mangkuk999/post/DeLJbQXCUjZ,Threads,mangkuk999,,"10/7/2026, 1:10:32 AM",Dear @kahfeveryday can u help me. Why would you put Australian flag below u? Are u trying to say that Indonesia is much better than Australia. If that case.  In term of WHAT? curious 🤨. im so curious.,post,,2,0,0,0
https://www.threads.com/@shafaric/post/DeLHhBNH4Dy,Threads,shafaric,,"10/7/2026, 12:53:50 AM",Terlajak perahu boleh diundur .. terlajak kata alamat bungkus laa jenama @kahfeveryday.my kat Malaysia ni 🔥,post,,2,0,0,1
https://www.threads.com/@eizlanfazly/post/DeLFhuDkpwY,Threads,eizlanfazly,,"10/7/2026, 12:36:28 AM",Boicot @kahfeveryday,post,,2,0,0,0
https://www.threads.com/@nazrienkiflii/post/DeLFLqGkinL,Threads,nazrienkiflii,,"10/7/2026, 12:33:27 AM",@kahfeveryday ?,post,,2,0,0,0
https://www.threads.com/@ahmadamirothman/post/DeLEVGdGccf,Threads,ahmadamirothman,,"10/7/2026, 12:26:00 AM",apa sahaja asalkan bukan @kahfeveryday,post,,2,0,0,0
https://www.threads.com/@idawani28321_/post/DeLNPFhCaxO,Threads,idawani28321_,,"10/7/2026, 1:43:49 AM",Cough kofh kahf fhak kahak hak tuiii (fikir sepuluh kali gak ni nak tekan post ke tak haha),post,,1,0,0,0
https://www.threads.com/@ahmadnurfauji.id/post/DeLNIETE5y2,Threads,ahmadnurfauji.id,,"10/7/2026, 1:42:52 AM",Kondisi admin brand kahf sekarang gimana ya?,post,,1,0,0,0
https://www.threads.com/@amerameran_/post/DeLNFoGkgFM,Threads,amerameran_,,"10/7/2026, 1:42:32 AM",Agak ii admin thread kahf ni kene buang tak erk? Ye la kan..boleh jejaskan sales diorang kot,post,,1,0,0,0
https://www.threads.com/@ajim_86/post/DeLNDDqk9OW,Threads,ajim_86,,"10/7/2026, 1:42:11 AM","As a user of Kahf products, I am deeply disappointed with the recent post. I'm sorry, but starting today, Kahf products are banned in my house",post,,1,0,0,0
https://www.threads.com/@loqman.razak/post/DeLNAiiEn57,Threads,loqman.razak,,"10/7/2026, 1:41:50 AM","Effectnya ke arah brand2 indo yg lain cokkk.Starbuck smudah itu lumpuh ama mcdonald.apa lah kalau brand si Kahf
Damagenya sudah tidak dpt dbendung.
Yg dmain adalah negara cok.emang mau kubur cepat ya.",post,,1,0,0,0
https://www.threads.com/@oyenism_/post/DeLNAJjE_9_,Threads,oyenism_,,"10/7/2026, 1:41:47 AM","Kahf nak gaduh ke?
haaa memang beza level, level IQ, dasar 78 😌",post,,1,0,0,0
https://www.threads.com/@farah.sf3/post/DeLMwEmn51a,Threads,farah.sf3,,"10/7/2026, 1:39:35 AM","Remove kahf
Remove kahf
Remove kahf",post,,1,0,0,0
https://www.threads.com/@ideabuy.ad/post/DeLNUCpI47d,Threads,ideabuy.ad,,"10/7/2026, 1:44:30 AM","Panas dan berpeluh ketika di luar, beli aje kipas handheld dengan 5 kuasa putaran ini, tengok sini, 👉  https://s.shopee.com.my/9APCTX5CHe",post,,1,0,0,0
https://www.threads.com/@hafizraflis/post/DeLMco_k1NR,Threads,hafizraflis,,"10/7/2026, 1:36:56 AM","Sorry, not sorry. Malaysians, it’s time. Together, we can make it happen. 🇲🇾",post,,1,0,0,0
https://www.threads.com/@suratmanm_d/post/DeLMAFPiZ2p,Threads,suratmanm_d,,"10/7/2026, 1:33:02 AM",Diorg boikot petronas sampai tutup.kita boikot kahf smpai kluar malaysia,post,,1,0,0,0
https://www.threads.com/@chooosssy/post/DeLMtEUE2dX,Threads,chooosssy,,"10/7/2026, 1:39:10 AM",Kami sebagai rakyat Malaysia mengalu alukan supaya kahf keluar dari pasaran Malaysia. Jom sama2 support Bad Lab,post,,1,0,0,0
https://www.threads.com/@syasyahiera/post/DeLLrApEmSg,Threads,syasyahiera,,"10/7/2026, 1:30:09 AM",KAU DAH KENAPA KAHF? @paragoncorp.my @paragoncorp,post,,1,0,0,0
https://www.threads.com/@mistaahmad/post/DeLLpXnGTkQ,Threads,mistaahmad,,"10/7/2026, 1:29:56 AM","Bye Kahf, hello again Smelly No More",post,,1,0,0,0
https://www.threads.com/@rahmadhakimi/post/DeLLnO2E3yZ,Threads,rahmadhakimi,,"10/7/2026, 1:29:38 AM","Aku antara pengguna perfume kahf ni, tapi kau buat posting low IQ ni tak patut ler. Dahla aku nak sapot perfume Opai Fragrance jela. Boikot jela kahf ni.",post,,1,0,0,1
https://www.threads.com/@abdulrashidamajid/post/DeLL5XjGQkA,Threads,abdulrashidamajid,,"10/7/2026, 1:32:07 AM",Hukum membeli produk Kahf adalah Haram kerana suka menghina orang lain..,post,,1,0,0,0
https://www.threads.com/@candisoeleman/post/DeLLXrgk_d8,Threads,candisoeleman,,"10/7/2026, 1:27:31 AM",Kahf brand bagus kalau di boikot ya mereka rugi sendiri,post,,1,0,0,0
https://www.threads.com/@mochibiteszy/post/DeLLWHWksya,Threads,mochibiteszy,,"10/7/2026, 1:27:18 AM",Viral skrg ni. Isu boikot product Kahf. Negara lain ada respond juga tak? Jom guys sama sama kita boikot.,post,,1,0,0,0
https://www.threads.com/@farhanmokhali/post/DeLNn30GV60,Threads,farhanmokhali,,"10/7/2026, 1:47:12 AM","Basically, Indonesia dah kalah teruk banter dekat social media ni. Bab passport, currency, iq, education, health, cleanliness, tourism, leadership, governance semua kalah. Cuma, banter ni takat mengata di socmed jelah. 

Tapi, once local brand sendiri nak masuk jugak, silap besor la. Orang Malaysia ni bila bab memboikot ni lain macam. Local brands kami pun dah padu². So, goodbye Kahf & other local Indo brands. 

Malaysians can forgive bad jokes. But disrespect the country? Rasain lo penangannya.",post,,1,0,0,0
https://www.threads.com/@joexjo__/post/DeLNq3cj3Jk,Threads,joexjo__,,"10/7/2026, 1:47:37 AM","actually kalau kami negara kecil dan ga banyak, kahf ga akan delete postingan itu, and ga bakalan minta maaf, tapi ngapain kahf bikin postingan maaf? kerna  kuasa beli orang malaysia terhadap product kahf sngt tinggi, percentage kami mungkin kecil dan tak effect kaau, tapi bagi kahf kmi ni sales value sngt tinggi, kalau tak faham pandai2 la kau translate",post,,1,0,0,0
https://www.threads.com/@ranield_shika/post/DeLNW-MD6kW,Threads,ranield_shika,,"10/7/2026, 1:44:54 AM","Kepada ParagonCorp Malaysia yang hasilkan product @kahfeveryday @kahfeveryday.my @wardahbeauty_my dan syarikat² lain, jadikan ini sebagai pengajaran yang besar.",post,,1,0,0,0
https://www.threads.com/@_zrhjkt_/post/DeLNGjbj31l,Threads,_zrhjkt_,,"10/7/2026, 1:42:39 AM",Tak pakai brand @kahfeveryday.my @kahfeveryday,post,,1,0,0,0
https://www.threads.com/@jakaperantau/post/DeLM2OQksrv,Threads,jakaperantau,,"10/7/2026, 1:40:25 AM","Machibai. Kami tak benci Indonesia, tapi kami benci kamu yg suka menghina negara lain. Produk kamu pasti akan gak bisa di jual di Malaysia lagi. Bankrut. Titik.",post,,1,0,0,0
https://www.threads.com/@rahmat_sss/post/DeLMUb3GHd0,Threads,rahmat_sss,,"10/7/2026, 1:35:49 AM",@kahfeveryday seronok ? rasain lo,post,,1,0,0,0
https://www.threads.com/@muhammadfahmighazalah/post/DeLLkOJGLWf,Threads,muhammadfahmighazalah,,"10/7/2026, 1:29:14 AM",Harini saya nak salahkan @kahfeveryday.my,post,,1,0,0,0
https://www.threads.com/@bandahriduan/post/DeLKoefD8Kk,Threads,bandahriduan,,"10/7/2026, 1:21:04 AM","Bang, campak dalam tong sampah, snap gambar, tag pada @kahfeveryday @kahfeveryday.my",post,,1,0,0,0
https://www.threads.com/@ms.iizh/post/DeLJWr2CDdU,Threads,ms.iizh,,"10/7/2026, 1:09:54 AM",bookio boycottt @kahfeveryday  sebab angkuh namati!,post,,1,0,0,0
https://www.threads.com/@v4rg4tr0n/post/DeLJBGNI7HD,Threads,v4rg4tr0n,,"10/7/2026, 1:06:57 AM",Let's BOYCOTT @kahfeveryday @kahfeveryday.my !! 👋🏼🇲🇾💪🏼,post,,1,0,0,0
https://www.threads.com/@aliffbun/post/DeLIiZmk9Tg,Threads,aliffbun,,"10/7/2026, 1:02:46 AM",@kahfeveryday tiada maaf bagimu..,post,,1,0,0,0
https://www.threads.com/@aderienahmad/post/DeLIBCrH95j,Threads,aderienahmad,,"10/7/2026, 12:58:13 AM","Rakyat Malaya ni jangan memain… 🤭
Dengan stabak pun depa boleh buat sampai 80% cawangan terlingkop sendiri.

Apa la sangat dengan @kenangancoffee.my & @kahfeveryday.my ni… ya daq? 😂

Korang dua ni sampai bila nak berantakan canggini?
Udah-udah la…

Carik-carik bulu ayam, lama-lama bercantum juga.
Air dicincang, manakan putus.

Kita ni serumpun Nusantara, satu bahasa, satu akar. 🇲🇾🇮🇩

Takkan nilai matawang pun tak boleh damaikan kita? 🤭",post,,1,0,0,0
https://www.threads.com/@banieee_/post/DeLG9iSE420,Threads,banieee_,,"10/7/2026, 12:49:00 AM",@watsonsmy hari dah boleh siap2 packing & return product @kahfeveryday,post,,1,0,0,0
https://www.threads.com/@meta.ai/post/DeLGtl8EZgQ,Threads,meta.ai,,"10/7/2026, 12:46:49 AM","Kahf ni bukan brand haprak, brand lelaki dari Paragon Indonesia (sama company Wardah) yang actually naik sebab boikot brand pro-Israel dulu.

Isu yang buat orang Malaysia panas baru ni sebab IG/Threads dia @kahfeveryday post meme bola - bendera Indonesia letak atas tape ""HATI-HATI BEDA LEVEL"", bendera Malaysia, Thailand, Vietnam etc letak bawah, caption ""Tutor cara masup Eropa dong warga"". Ramai rasa dia perli kata Indonesia dah level lain, ASEAN lain ketinggalan.

Tu yang naik hashtag #BoikotKahf kat Threads Malaysia, sampai Kahf dah delete post dan minta maaf kata tak reflect values diorang dan respect hubungan Malaysia-Indonesia.",post,,1,0,1,0
https://www.threads.com/@kakakshare91/post/DeLGrZ7ky2o,Threads,kakakshare91,,"10/7/2026, 12:46:31 AM","Oopps!damage is done..support local lah guys..our locals Bad Lab,Ubermen,Dashing.. perfume Kahf dia biashe2 je nyah..padu lg perfume local..",post,,1,0,0,0
https://www.threads.com/@ainwajihah/post/DeLGHRCGTf-,Threads,ainwajihah,,"10/7/2026, 12:41:35 AM","@kahfeveryday play stupid game, win stupid prize 🤡",post,,1,0,0,0
https://www.threads.com/@fuziah.haza/post/DeLFwpokxu0,Threads,fuziah.haza,,"10/7/2026, 12:38:30 AM",@kahfeveryday.my fikir2 kan ya watson,post,,1,0,0,0
https://www.threads.com/@sufian_omarr/post/DeLFIkjgdP2,Threads,sufian_omarr,,"10/7/2026, 12:33:01 AM","We already boycott your product, so gtfo @kahfeveryday.",post,,1,0,0,0
https://www.threads.com/@norzeck_kinsella/post/DeLEtTFjwHe,Threads,norzeck_kinsella,,"10/7/2026, 12:29:18 AM",Never knew @kahfeveryday  and @kahfeveryday.my  this low. Disappointed. Booo,post,,1,0,0,0
https://www.threads.com/@meta.ai/post/DeLElipggtV,Threads,meta.ai,,"10/7/2026, 12:28:15 AM","Kes dia dari post @kahfeveryday sendiri semalam.

Dia post meme bendera Indonesia atas tape ""HATI-HATI BEDA LEVEL"" dengan bendera Malaysia + ASEAN lain kat bawah, caption ""Tutor cara masup Eropa dong warga"" - rujuk Indonesia je yang lepas pusingan kelayakan World Cup. Orang Malaysia anggap hina market Malaysia padahal brand tu jual kat Watsons/Guardian sini.

Tu yang tiba-tiba meletup call boikot Kahf, siap tempias ParagonCorp lain macam Wardah, Emina, Make Over, dan artis Malaysia yang promote dia kena tegur stop.",post,,1,0,0,0
https://www.threads.com/@thisisdaus9.5/post/DeLEj6Mmdss,Threads,thisisdaus9.5,,"10/7/2026, 12:28:01 AM","Sorry idola, @kahfeveryday hi company terpaling europe, saya ada @nbdyworld .",post,,1,0,1,0
https://www.threads.com/@pgmrng/post/DeLEPImEnVc,Threads,pgmrng,,"10/7/2026, 12:25:11 AM","Calling all Malaysians to cancel
@kahfeveryday @kahfeveryday.my Come on my beloved Malaysians.
Support local. Nak berniaga, berniaga jela ni nk jugak post benda benda bodoh so tanggung jela eh akibat kebodohan sendiri🤣 @kahfeveryday",post,,1,0,0,0
https://www.threads.com/@mad_emi_xomegz/post/DeLEHZeEhdm,Threads,mad_emi_xomegz,,"10/7/2026, 12:24:08 AM",Fa (ف) Qaf (ق),post,,1,0,0,0
https://www.threads.com/@kasta_sika/post/DeLEDbFE9oD,Threads,kasta_sika,,"10/7/2026, 12:23:35 AM","Ok @watsonsmy , kalu x remove pun,busuk2 pun boleh tak push produk @kahfeveryday ke rak paling belakang area2 ubat gegat…? Pls….",post,,1,0,0,0
https://www.threads.com/@__thebigman__/post/DeLEC-3D3C4,Threads,__thebigman__,,"10/7/2026, 12:23:31 AM",Kau dah kenapa @kahfeveryday ??..,post,,1,0,0,0
https://www.threads.com/@fiqhawk/post/DeLD0dpkya9,Threads,fiqhawk,,"10/7/2026, 12:21:32 AM","Xda masalah sangat pun @kahfeveryday.my, Cuma tak yah support je produk kamu.",post,,1,0,0,0
https://www.threads.com/@gilangfirmans_/post/DeLDyAcEjjq,Threads,gilangfirmans_,,"10/7/2026, 12:21:12 AM",Kahf Kahf aya aya wae ai kamu,post,,1,0,0,0
https://www.threads.com/@syazwan.safie/post/DeLDjAWn-ky,Threads,syazwan.safie,,"10/7/2026, 12:19:09 AM","""Jalan yang kupilih..."" 
Byk deodorant kahf kat rumah ni..",post,,1,0,0,0
https://www.threads.com/@n.nikku__/post/DeLAnJ0kgUU,Threads,n.nikku__,,"10/6/2026, 11:53:31 PM",Not going to buy kahf anymore,post,,1,0,0,0
https://www.threads.com/@aalayl.s/post/DeLNbGtCSFD,Threads,aalayl.s,,"10/7/2026, 1:45:28 AM","Gais here me out, one of the indo's kata rakyat diaorg lagi ramai dari kita, setakat rakyat Msia boycotting Kahf tak terjejas kahf tu. okay then let's boycotting kahf, tukar product lain!",post,,0,0,0,0
https://www.threads.com/@ainunkamila14/post/DeLNZ0nkixW,Threads,ainunkamila14,,"10/7/2026, 1:45:17 AM","Tak kenal kahf atau wardah , dan xberminat langsung nak guna pakai.",post,,0,0,0,0
https://www.threads.com/@callme_fudpanda/post/DeLNS7gk3RT,Threads,callme_fudpanda,,"10/7/2026, 1:44:21 AM","laaa dalam banyak banyak akaun bisnes tak pernah dibwk dibwk acc personal bang tahu nilai sempadan jikalau tiada batas, makanya alhamdulillah ""terlajak perahu boleh diundur, terlajak kata buruk padahnya"" jadi KAHF sekarang ibarat ""telur dihujung tanduk"" jadi lain kali ""sediakan payung sebelum hujan tau"" tatatititutu",post,,0,0,0,0
https://www.threads.com/@miraftlouis/post/DeLNRbnk8qc,Threads,miraftlouis,,"10/7/2026, 1:44:08 AM","Macam gampang , aku tak beli dah deodorant kahf",post,,0,0,0,0
https://www.threads.com/@riya010573/post/DeLNQO1mehM,Threads,riya010573,,"10/7/2026, 1:43:59 AM",Kita nak boikot Kahf patut tak boikot wardah juga sbb same company?,post,,0,0,0,0
https://www.threads.com/@zarif_ayiip/post/DeLNMJAiD8n,Threads,zarif_ayiip,,"10/7/2026, 1:43:25 AM","Professionitas harga mati,babai kahf aku tidak akan membeli kahf lagi",post,,0,0,0,0
https://www.threads.com/@chaerazmi/post/DeLNKFXkvCB,Threads,chaerazmi,,"10/7/2026, 1:43:08 AM",buat sampai jadi,post,,0,0,0,0
https://www.threads.com/@intandwene/post/DeLNHiuD1hc,Threads,intandwene,,"10/7/2026, 1:42:47 AM","Play stupid games, win stupid prizes. Lagipun, kahf boleh luaskan pasarannya d tempatnya sendiri kan. Beza level katanya",post,,0,0,0,0
https://www.threads.com/@abohpenyu555/post/DeLNFqJE5lE,Threads,abohpenyu555,,"10/7/2026, 1:42:32 AM",Fuck you kahf,post,,0,0,0,0
https://www.threads.com/@zmuftiiii/post/DeLNB1UGpei,Threads,zmuftiiii,,"10/7/2026, 1:42:01 AM","Diih pede bgt, tanpa lu pada beli pun kahf udh banyak yg beli, bagus lah kalian gausah pake produk kita lagi",post,,0,0,0,0
https://www.threads.com/@oyenpulupulu/post/DeLNAigGIR0,Threads,oyenpulupulu,,"10/7/2026, 1:41:50 AM",Lain Macam KAHF buat keja,post,,0,0,0,0
https://www.threads.com/@ahmadsaranghae/post/DeLM9q9kyv0,Threads,ahmadsaranghae,,"10/7/2026, 1:41:27 AM","Bukan kahf je, boikot je semua barangan indon. Local first sebelum ambik kat rak supermarket. Biar pasaraya limit semua imported product from indon.",post,,0,0,0,0
https://www.threads.com/@m4todd/post/DeLM8_6Gadz,Threads,m4todd,,"10/7/2026, 1:41:21 AM",adoi la kahf. dah la banyak product ko aku amik time cfd putra,post,,0,0,0,0
https://www.threads.com/@kztknsl/post/DeLM8tOCeZe,Threads,kztknsl,,"10/7/2026, 1:41:19 AM",No thanks. Total boycott for Kahf.,post,,0,0,0,0
https://www.threads.com/@paan_red_apple/post/DeLM4pQn_wJ,Threads,paan_red_apple,,"10/7/2026, 1:40:45 AM",Boikot Produk Kahf!!,post,,0,0,0,0
https://www.threads.com/@farouqdude/post/DeLM3gVk-Qs,Threads,farouqdude,,"10/7/2026, 1:40:36 AM","Lancau la, memang aku stop beli produk kahf. Nakram",post,,0,0,0,0
https://www.threads.com/@axmiinsta/post/DeLM3XumEuw,Threads,axmiinsta,,"10/7/2026, 1:40:35 AM",Boykotttt! Standby staff2 kahf wadidaw lepas ni cari wang 😬😬,post,,0,0,0,0
https://www.threads.com/@ferdiirawanid/post/DeLM3bnExOL,Threads,ferdiirawanid,,"10/7/2026, 1:40:35 AM","I hear you, and that's a fair point about engagement. But if you look at Kahf, they're a brand built on respect, so a controversy like this actually hurts them more than it helps, that's why they apologized. This ""King Indo"" “Indo vs Eropa” thing is just a meme format that's been all over the Indonesian timeline lately, not a planned campaign. I think they just jumped on a trending joke without reading the room.",post,,0,0,0,0
https://www.threads.com/@ammarsalimmm/post/DeLNYHZiSTq,Threads,ammarsalimmm,,"10/7/2026, 1:45:03 AM","Nak join sangat the hate bandwagon kan, there goes your market in Malaysia Kahf hahahaha",post,,0,0,0,0
https://www.threads.com/@bdrl.zk/post/DeLM31NGZVF,Threads,bdrl.zk,,"10/7/2026, 1:40:39 AM","Kahhhhhhh… khrrrkkkk… kahf.💀
Nak kena pi klinik",post,,0,0,0,0
https://www.threads.com/@erfanzhafran/post/DeLM12vEreH,Threads,erfanzhafran,,"10/7/2026, 1:40:22 AM","No KAHF No Problems! 
Boycott 👏",post,,0,0,0,0
https://www.threads.com/@sifulan_8/post/DeLM1sziTVm,Threads,sifulan_8,,"10/7/2026, 1:40:21 AM",Maaf ya kita beda IQ,post,,0,0,0,0
https://www.threads.com/@daussakari90/post/DeLMysXD_oT,Threads,daussakari90,,"10/7/2026, 1:39:57 AM",bye² kahf...,post,,0,0,0,0
https://www.threads.com/@gameb0i_/post/DeLMwCuE8MG,Threads,gameb0i_,,"10/7/2026, 1:39:35 AM",kahf barua,post,,0,0,0,0
https://www.threads.com/@syakuntala.png/post/DeLMviqGSMc,Threads,syakuntala.png,,"10/7/2026, 1:39:31 AM","The brand language Kahf dari dulu memang begitu, sekarang karna ruangannya masih panas karna banyak yang butthurt jadi gak pas",post,,0,0,0,0
https://www.threads.com/@mukmin_marwan/post/DeLNVmJk3Gj,Threads,mukmin_marwan,,"10/7/2026, 1:44:43 AM","lgi datang bulan kayaknya, makanya sensi
dari banyaknya bendera di post kahf, yg berisik cuma 1😹",post,,0,0,0,0
https://www.threads.com/@_my.bens/post/DeLMryqibxo,Threads,_my.bens,,"10/7/2026, 1:39:00 AM",X pernah teringin pakai kahf ne bad lab / machines much better support local brand,post,,0,0,0,0
https://www.threads.com/@ranield_shika/post/DeLMnZ-D7Ie,Threads,ranield_shika,,"10/7/2026, 1:38:24 AM","Yang kelakar, ada cakap takpe kena boikot sebab Indonesia penduduk ramai dalam 270 juta.

Tapi, kenapa company Paragon yang ada produk Kahf & Wardah try hard sangat nak masuk Malaysia market 😀",post,,0,0,0,0
https://www.threads.com/@syakuntala.png/post/DeLMnCZmdt5,Threads,syakuntala.png,,"10/7/2026, 1:38:21 AM","Faham, cuma banyak orang yang kelewat butthurt after social media post, kalo soal playing field sih emang archetype Kahf disini, ruangannya aja yang lagi panas",post,,0,0,0,0
https://www.threads.com/@drwisy.mqrie/post/DeLMmnkE9Oa,Threads,drwisy.mqrie,,"10/7/2026, 1:38:18 AM",Kahf jngn lupa . Dh diboikot 😬,post,,0,0,0,0
https://www.threads.com/@threadstorymy/post/DeLNhV7CfXx,Threads,threadstorymy,,"10/7/2026, 1:46:19 AM","KAHF ni brand Indog. Boikot jelah. Pesan kat Alif Satar skali. 

Yang tak faham maksud, meme ini usikan peminat bola sepak Indonesia yang berseloroh skuad mereka kini sudah ‘beda level’ (berbeza tahap) dengan negara ASEAN lain disebabkan lambakan pemain warisan yang beraksi di liga Eropah.",post,,0,0,0,0
https://www.threads.com/@hazeeqnajmuddin/post/DeLNg8ZGda8,Threads,hazeeqnajmuddin,,"10/7/2026, 1:46:15 AM",Baru sampai barang kahf semalam. Kena buang la ni?,post,,0,0,0,0
https://www.threads.com/@asyrafsallehuddin/post/DeLNUaHiTPE,Threads,asyrafsallehuddin,,"10/7/2026, 1:44:33 AM",Boycott kahf!!!,post,,0,0,0,0
https://www.threads.com/@zarith_wawa/post/DeLNXIFk0Ak,Threads,zarith_wawa,,"10/7/2026, 1:44:55 AM","Pandai Kahf ni, senggol guna bahasa indon.. masa minta maaf guna bahasa inggeris. Dia tahu orang dia gak bisa bahasa inggeris!",post,,0,0,0,0
https://www.threads.com/@akml.xv/post/DeLMkfsErGv,Threads,akml.xv,,"10/7/2026, 1:38:00 AM",nasibla aku tak pernah pakai brand kahf ni. Perfume pun bau mcm apa tah🤣,post,,0,0,0,0
https://www.threads.com/@cappupops/post/DeLMiSUEp1k,Threads,cappupops,,"10/7/2026, 1:37:42 AM","Selain Kahf and Wardah, tolong senaraikan list brand Indo yang lain, bolehlah buat2 tak nampak je pasni...😊",post,,0,0,0,0
https://www.threads.com/@strangerz669023/post/DeLMgDtj8D5,Threads,strangerz669023,,"10/7/2026, 1:37:24 AM",Boycott kahf🇵🇱🚮,post,,0,0,0,0
https://www.threads.com/@periaboy/post/DeLMc_8gXbx,Threads,periaboy,,"10/7/2026, 1:36:59 AM",Kahf tu ape,post,,0,0,0,0
https://www.threads.com/@niaarif21/post/DeLMb6hj7Oi,Threads,niaarif21,,"10/7/2026, 1:36:50 AM","Muka babi tak payah pakai kahf ,pakai saja sambal nasi lemak lagi baguss",post,,0,0,0,0
https://www.threads.com/@joshua_jo18/post/DeLMYLXk5zc,Threads,joshua_jo18,,"10/7/2026, 1:36:19 AM",Not Kahf,post,,0,0,0,0
https://www.threads.com/@nor.hayaanis/post/DeLMYK-Gpbb,Threads,nor.hayaanis,,"10/7/2026, 1:36:19 AM",eh sriuslh Kahf?,post,,0,0,0,0
https://www.threads.com/@tengku_rody/post/DeLMYAqiaP5,Threads,tengku_rody,,"10/7/2026, 1:36:18 AM",Yakin nya dia. Produk ni Bukan penting pn. Ada byk lagi local brand. Xde Kahf tak mati rakyat Malaysia !,post,,0,0,0,0
https://www.threads.com/@aniliaz/post/DeLNQ3ikgWv,Threads,aniliaz,,"10/7/2026, 1:44:04 AM",If boleh buat event & duta tu bykla dpt untung. Hrpnya bukan kahf je. Boikot brand baju n kasut dri indonesia yg menyemak kt CM. Brand kita susah nk msk market diaorg kn. Lawan la balik. Jgn bgi muka. Kita ni baik sgt. Org pijak2 gambar agong & tun,post,,0,0,0,0
https://www.threads.com/@tzirm4/post/DeLMXw1GuAI,Threads,tzirm4,,"10/7/2026, 1:36:16 AM",Iq kahf,post,,0,0,0,0
https://www.threads.com/@____r787x/post/DeLMXiIGaFL,Threads,____r787x,,"10/7/2026, 1:36:14 AM",Kahf ni natang apa?? Produk Tupperware ka? Member sruh tnya,post,,0,0,0,0
https://www.threads.com/@thecheeseguy_00/post/DeLMW6DkhNz,Threads,thecheeseguy_00,,"10/7/2026, 1:36:09 AM","Woahh, Kahf fked up big time. Kena boikot ni. Ada alternatif lain tak guys",post,,0,0,0,0
https://www.threads.com/@nanawinston777/post/DeLNfyoDzo-,Threads,nanawinston777,,"10/7/2026, 1:46:06 AM",your comprhension sumpah rosak. clearly the issue is about Kahf posted an unprofessional statement on their official website. who tf gonna support tht kind of attitude in business ? ofc people will boycott u if youre rude. bisa bahasa inggeris ga ?? fix your comprehension bij,post,,0,0,0,0
https://www.threads.com/@thewanderchix/post/DeLNaP4Iy9O,Threads,thewanderchix,,"10/7/2026, 1:45:21 AM",Matik ii sis ingat Kahf ney local brand... sampai nampak 1 post ney ckp bukan baru tauu... 🤐😒,post,,0,0,0,0
https://www.threads.com/@wanaisyah_wt/post/DeLMUQPkyMn,Threads,wanaisyah_wt,,"10/7/2026, 1:35:47 AM",Makanya sebelum buat posting fikirrr. Dia yg campur adukkan emosi nak join isu melibatkn negara. Upin ipin tu xda buat posting mcm kahf tu sbb diorg fikir jauh. Bila rakyat MY nk boikot brand Kafh. Eh nk merentan meroyan pulakkk. Episod sama je. Dia mula dlu dia nk play victim! Narsistik!,post,,0,0,0,0
https://www.threads.com/@alfnamnsr/post/DeLMUICCW80,Threads,alfnamnsr,,"10/7/2026, 1:35:46 AM",Okay done with kahf. Nak divert to BadLab Malaysian made,post,,0,0,0,0
https://www.threads.com/@aglebst/post/DeLMQ7IGMkR,Threads,aglebst,,"10/7/2026, 1:35:20 AM","And just like that, Kahf just buried themselves.

Kahf, Kahf, Kahf, Kahf, Kahf 😂",post,,0,0,0,0
https://www.threads.com/@mya_hana_/post/DeLMQqSgUJx,Threads,mya_hana_,,"10/7/2026, 1:35:18 AM",knew smthg was up w Kahf cause their afternotes smells bad and tengik tbvh got it as a gift it was good at first smell ..the bottle is still full time to throw,post,,0,0,0,0
https://www.threads.com/@mika.jayden/post/DeLMPcZmAh7,Threads,mika.jayden,,"10/7/2026, 1:35:08 AM",Badlab memang sangat recommended…aku dah pakai dia punya minyak rambut dan shampoo dah bertahun..dia ada bau dia sendiri..memang sedap bau dia..kebanyakkan product dia bau sama..harga pon lebih kurang dengan kahf..eloklah utk sesiapa yg tengah cari product baru..,post,,0,0,0,0
https://www.threads.com/@_ikarina_matchanova_/post/DeLMPW4k5jH,Threads,_ikarina_matchanova_,,"10/7/2026, 1:35:07 AM","Perfume christiyan diyor pun I boleh boikot dah tak guna lg, apalah sgt kahf. Nasib baik tak pernah terjebak try. 

Biar busuk bau badan, dr busuk hati.",post,,0,0,0,0
https://www.threads.com/@nharyanis.hussin/post/DeLMNP_HVK7,Threads,nharyanis.hussin,,"10/7/2026, 1:34:50 AM","by kahf, baru suggest kat husband tukar guna pencuci muka kahf... nampaknya last dah la yea.",post,,0,0,0,0
https://www.threads.com/@suhana.ramly/post/DeLMLVRAXu0,Threads,suhana.ramly,,"10/7/2026, 1:34:34 AM",Kenapaaa. Selalu bagi kahf dekat husband as a gift,post,,0,0,0,0
https://www.threads.com/@zach_zakri/post/DeLMKDOE7xq,Threads,zach_zakri,,"10/7/2026, 1:34:24 AM",Setakat kahf apa la sgt.. starbuck pun bungkus..,post,,0,0,0,0
https://www.threads.com/@kayyramly/post/DeLMKGzE8aD,Threads,kayyramly,,"10/7/2026, 1:34:24 AM","terlajak perahu boleh undur. aku pengguna kahf tiap bulan beli, sorry tak support dah lepas ni",post,,0,0,0,0
https://www.threads.com/@ali.rmdhnnn/post/DeLNX9EHzBK,Threads,ali.rmdhnnn,,"10/7/2026, 1:45:02 AM","negara kecil macem kau, Kahf ga rugi sama sekali, Kahf juga sudah masuk internasional skala produknya, kurang satu bukan berati rugi atau pusing, dan pastinya bakal ekspor terus keluar🫢",post,,0,0,0,0
https://www.threads.com/@reenmunan_/post/DeLNTJmD7Nq,Threads,reenmunan_,,"10/7/2026, 1:44:22 AM",Pakai la kau kahf tu… iq pn dh sma ng dia org juga tu,post,,0,0,0,0
https://www.threads.com/@kolondam.dev/post/DeLM0V6GPAL,Threads,kolondam.dev,,"10/7/2026, 1:40:10 AM",dia (entah paragon corp atau kahf nya spesifik) bahkan punya kantor disana lho itu.,post,,0,0,0,0
https://www.threads.com/@karlrazalee/post/DeLMI1Gk7zE,Threads,karlrazalee,,"10/7/2026, 1:34:14 AM",Pagi ni kau sarapan nasi lemak lauk kahf ke dik ?,post,,0,0,0,0
https://www.threads.com/@rrcsfustone/post/DeLMIqsk2Ex,Threads,rrcsfustone,,"10/7/2026, 1:34:12 AM",Apa tu kahf???,post,,0,0,0,0
https://www.threads.com/@mayainaaa_12/post/DeLMGDSGaze,Threads,mayainaaa_12,,"10/7/2026, 1:33:51 AM","kami dh move on sbb negara kami bukan hnya bergantung pada bola sepak shaja🙏tapi sebagai compny like KAHF yg berpasaran di malaysia sewajarnye tidak perlu posting sedemikian,kerana meraka pun cari wang nya disini ,please kalau tkde bende nk bahas jgn cerita topik lain bye pakcik lutut akim🤏🏻",post,,0,0,0,0
https://www.threads.com/@zack2810/post/DeLMD-9kykn,Threads,zack2810,,"10/7/2026, 1:33:34 AM",Boikot @kahfeveryday.my,post,,0,0,0,0
https://www.threads.com/@pasteurella_/post/DeLNlb8Gt-y,Threads,pasteurella_,,"10/7/2026, 1:46:52 AM",#boycott Kahf,post,,0,0,0,0
https://www.threads.com/@salwasuhaili_89/post/DeLMB1ooymL,Threads,salwasuhaili_89,,"10/7/2026, 1:33:16 AM","Kahf produk untuk lelaki.
Wardah produk untuk perempuan.
Company sama.",post,,0,0,0,0
https://www.threads.com/@mhmmddsywl/post/DeLMBGok5bk,Threads,mhmmddsywl,,"10/7/2026, 1:33:10 AM",Boikot kahf ni,post,,0,0,0,0
https://www.threads.com/@faizrazalii__/post/DeLMABHE0gO,Threads,faizrazalii__,,"10/7/2026, 1:33:01 AM",Haha so kne buang la ni perfume kahf adoi dh la ada 2 botoll siaww,post,,0,0,0,0
https://www.threads.com/@askarislumbricoides/post/DeLL_1uH8Ie,Threads,askarislumbricoides,,"10/7/2026, 1:33:00 AM",Entahlah aku pernah beli kahf ni dua botol perfume. Sumpah sampai skrg tak habis2 sebab tak guna hahahaha. Apa yg bestmya siot,post,,0,0,0,0
https://www.threads.com/@bdrl.zk/post/DeLNM1imXiY,Threads,bdrl.zk,,"10/7/2026, 1:43:31 AM",Kahhhhhhh… khrrrkkkk… kahf 💀💀💀,post,,0,0,0,0
https://www.threads.com/@ivonari2/post/DeLL9eeE5QF,Threads,ivonari2,,"10/7/2026, 1:32:41 AM","Tp ini enak lho bener, ada alternatif brand malaysia dgn harga dan kualitas spt kahf?",post,,0,0,0,0
https://www.threads.com/@azalea.ameera10/post/DeLL8JfEzmz,Threads,azalea.ameera10,,"10/7/2026, 1:32:30 AM","Kahf produk lelaki..wardah,emina and make over 1 company…from indonesia…",post,,0,0,0,0
https://www.threads.com/@mine448647/post/DeLL7ydElJZ,Threads,mine448647,,"10/7/2026, 1:32:27 AM",Watson boleh la keluarkan KAHF .. baikot,post,,0,0,0,0
https://www.threads.com/@syedleee/post/DeLL7UeCQ1T,Threads,syedleee,,"10/7/2026, 1:32:23 AM",Fumakilla > Kahf,post,,0,0,0,0
https://www.threads.com/@morninjullie/post/DeLL5yjkjJ5,Threads,morninjullie,,"10/7/2026, 1:32:10 AM","krna muka kau muka orang kampung, ga cocok pake produk berkualitas kaya kahf",post,,0,0,0,0
https://www.threads.com/@faris.rafek/post/DeLNphKDxGc,Threads,faris.rafek,,"10/7/2026, 1:47:26 AM",Dulu aku support jugak product kahf ni sbb aku fikir local punya tapi bila dpt tau jiran sebelah yg punya mmg sorry la tak hingin nk support dah,post,,0,0,0,0
https://www.threads.com/@kambeng85/post/DeLNgVljy-A,Threads,kambeng85,,"10/7/2026, 1:46:10 AM",Antara kahf ngan badlab..jaoh best badlab lg...tahan pon tahan..,post,,0,0,0,0
https://www.threads.com/@syirahhhh88/post/DeLNgTmCT_C,Threads,syirahhhh88,,"10/7/2026, 1:46:10 AM","KAHF, you broke my heart.",post,,0,0,0,0
https://www.threads.com/@itzmeyzzul/post/DeLL3vbEs4L,Threads,itzmeyzzul,,"10/7/2026, 1:31:54 AM",Cancelled kahf,post,,0,0,0,0
https://www.threads.com/@kopi_berdua_aja/post/DeLL2-DE4sQ,Threads,kopi_berdua_aja,,"10/7/2026, 1:31:47 AM",Wahh kahf dr malaysia?? Ga jadi pake lagi lah,post,,0,0,0,0
https://www.threads.com/@sunnymilliemiko/post/DeLL2p0H4gD,Threads,sunnymilliemiko,,"10/7/2026, 1:31:45 AM",kok bisa admin kahf tolol bgini 😤,post,,0,0,0,0
https://www.threads.com/@hans_ipscz/post/DeLL1_LCef-,Threads,hans_ipscz,,"10/7/2026, 1:31:39 AM",Kami indo pun tak pakai kahf bang,post,,0,0,0,0
https://www.threads.com/@ovonnent/post/DeLNpwTiXd1,Threads,ovonnent,,"10/7/2026, 1:47:28 AM",Admin kahf nya gblog itu,post,,0,0,0,0
https://www.threads.com/@documinetation/post/DeLNeCLE9Uz,Threads,documinetation,,"10/7/2026, 1:45:52 AM","Soal blunder Kahf, sebenernya agak terlalu diiniin sih, tapi adminnya juga lupa kalau mereka admin brand bukan admin extratimeindonesia, whatever itu cuma banter bola biasa tapi kan warming up-nya udah bbrp hari ini jadi ya meledak sekalinya 'disulut'",post,,0,0,0,0
https://www.threads.com/@smokeyonlyy/post/DeLNQMSj9VT,Threads,smokeyonlyy,,"10/7/2026, 1:43:58 AM","Boikot 🤫

No Kahf No Problem bro",post,,0,0,0,0
https://www.threads.com/@kerangupankeropok/post/DeLMW9MCQw5,Threads,kerangupankeropok,,"10/7/2026, 1:36:09 AM",korang pakai produk kahf ? member aku muka berlubang pakai produk ni sama je masih berlubang ingatkan jadi flawless baik pakai air paip,post,,0,0,0,0
https://www.threads.com/@mshakir.zu_/post/DeLLvM_j6c_,Threads,mshakir.zu_,,"10/7/2026, 1:30:44 AM","Starbucks pun hampir pupus di Malaysia , inikan KAHF",post,,0,0,0,0
https://www.threads.com/@_haziqzafri_/post/DeLNnq5Enpo,Threads,_haziqzafri_,,"10/7/2026, 1:47:11 AM",Wehh maaf terlepas flight.. Kahf buat apa do,post,,0,0,0,0
https://www.threads.com/@imanslambak88/post/DeLNlBEkuVM,Threads,imanslambak88,,"10/7/2026, 1:46:49 AM","Damage has been done. Kahf??? Euw
Low class.",post,,0,0,0,0
https://www.threads.com/@mohdhazim9608/post/DeLLsZGE8ol,Threads,mohdhazim9608,,"10/7/2026, 1:30:21 AM",Aku dah pakai brand ni dah lama. Apa aku boleh cakap tak nyesal korang guna brand badlab ni dari jenama kahf. Better support product local first. Diorang ni tak tahu kuasa boikot rakyat malaysia ni mcm mana lagi.,post,,0,0,0,0
https://www.threads.com/@eteh_wiwin/post/DeLLqzwjPow,Threads,eteh_wiwin,,"10/7/2026, 1:30:10 AM","Kahf deodorant roll on
#kahf
#deodorant
#kahfdeodorant
#deodoranrollon",post,,0,0,0,0
https://www.threads.com/@nurainijuranai_/post/DeLNjSImLUK,Threads,nurainijuranai_,,"10/7/2026, 1:46:35 AM",oiii mmg balik kerja nih aku buang barang2 drpd kahf yang husband aku pakai!! Hisyhhh geram!!,post,,0,0,0,0
https://www.threads.com/@only_me.cikda/post/DeLNgRgGskb,Threads,only_me.cikda,,"10/7/2026, 1:46:10 AM",kahf n wardah kes apa tu,post,,0,0,0,0
https://www.threads.com/@ahmadalbar2225/post/DeLNrD9EqjY,Threads,ahmadalbar2225,,"10/7/2026, 1:47:38 AM","Without Malaydog, kahf tetap berjaya",post,,0,0,0,0
https://www.threads.com/@joefirdaus01/post/DeLLnjTEyn4,Threads,joefirdaus01,,"10/7/2026, 1:29:41 AM",Gaji atau X Gaji.. plz remove produk kahf dr Watson …😡😤😠🤬,post,,0,0,0,0
https://www.threads.com/@mochistroberi04/post/DeLMFIoE2gH,Threads,mochistroberi04,,"10/7/2026, 1:33:43 AM",Blunder mulu lu kahf. Kena cancel culture macem apa kao lah 🙄,post,,0,0,0,0
https://www.threads.com/@bby_deruh_/post/DeLLjAMEhLB,Threads,bby_deruh_,,"10/7/2026, 1:29:04 AM","kahf sendiri dah klarifikasi tuh bang, apa masih ga ngaruh HAHAHAHAHAHA",post,,0,0,0,0
https://www.threads.com/@desi_muly07/post/DeLLin0Exny,Threads,desi_muly07,,"10/7/2026, 1:29:01 AM","Dari salah klaim daging kurban, ngelantur ke Kahf, pamer gaji, bawa presiden, sampai akhirnya terpaksa tameng pakai narasi 'negara maju'. Kasihan, cuma buat nutupin rasa malu gara-gara salah di awal wkwk",post,,0,0,0,0
https://www.threads.com/@zjuraa/post/DeLLfqmAVPq,Threads,zjuraa,,"10/7/2026, 1:28:36 AM",Admin kahf kena buang kerja tak eh rasa2?😂,post,,0,0,0,0
https://www.threads.com/@agamflyfpv/post/DeLLflnjz_N,Threads,agamflyfpv,,"10/7/2026, 1:28:36 AM",Ohh selama ini pakai kahf ya…,post,,0,0,0,0
https://www.threads.com/@bby_deruh_/post/DeLLfIZElOq,Threads,bby_deruh_,,"10/7/2026, 1:28:32 AM",kahf udah klarifikasi tuh kak BAHAHAHAAH masih yakin ga ngaruh 🤣,post,,0,0,0,0
https://www.threads.com/@q_tauffique/post/DeLLbj4k874,Threads,q_tauffique,,"10/7/2026, 1:28:03 AM",Bapak bodohnya kahf.. yang ko nk fomo nk join benda2 ginih dh kenapa hanat. Ko tu buat bisness dowh. Focus je lah bisness. Siapa lah admin dorang tuh. Big bos confirm mengamuk.,post,,0,0,0,0
https://www.threads.com/@aliffosman_/post/DeLNeb_EsbJ,Threads,aliffosman_,,"10/7/2026, 1:45:55 AM",Beria backup ni mesti ada share dgn FaKahf tu 🤡,post,,0,0,0,0
https://www.threads.com/@bellyaa_0/post/DeLNIRrE3t8,Threads,bellyaa_0,,"10/7/2026, 1:42:53 AM","ngga dong, tpi yg beli kahf bukan negara kalian ajah✌😜",post,,0,0,0,0
https://www.threads.com/@arenip.armani/post/DeLLa7tGcfq,Threads,arenip.armani,,"10/7/2026, 1:27:58 AM",Nk makan beras pun kena wadidaw bang oii.. rasa2 kalau nk beli kahf ni mereka kena buat apa  erk nk cekau duit tu 🤣,post,,0,0,0,0
https://www.threads.com/@ekarhmn__/post/DeLLaGKASJn,Threads,ekarhmn__,,"10/7/2026, 1:27:51 AM",فق #kahf,post,,0,0,0,0
https://www.threads.com/@kun_lim7/post/DeLLZhKGaZa,Threads,kun_lim7,,"10/7/2026, 1:27:46 AM","bagi aku produk kahf okay je,cuma admin page dia bangang,sepatutnya neutral,nak raikan kemenangan boleh tu hak kau cuma jangan menyinggung orang lain adeihhh.",post,,0,0,0,0
https://www.threads.com/@azt.syfq/post/DeLNkSHH5AW,Threads,azt.syfq,,"10/7/2026, 1:46:43 AM","saya mmg support Kahf dari first masuk domestic market, sbb pada saya xda ragu² dgn product dia, lagi pun dari ID, % relief tu tinggi la utk guna product brand ni, even admire perfume dia yg pioneer tu, murah dan wangi. tpi disebabkan ""satu zarah bara habis semua hutan terbakar"" / ""kerana nila setitik habis susu sebelanga"".
Apa yg jadi sekarang baru nampak mmg dlm kandang yg sendat nk bursts penuh dgn manusia yg get ready nk attack kita anytime anywhere dan anyspecies.",post,,0,0,0,0
https://www.threads.com/@thebudulover/post/DeLL1NhGn3Q,Threads,thebudulover,,"10/7/2026, 1:31:33 AM","Kahf post apadia? Sorry, tertinggal flight ni",post,,0,0,0,0
https://www.threads.com/@4sisigelap4/post/DeLL0xpAXOx,Threads,4sisigelap4,,"10/7/2026, 1:31:29 AM",Kahf ni tak bagus pun.,post,,0,0,0,0
https://www.threads.com/@afiqdaumi/post/DeLLWxpEx4E,Threads,afiqdaumi,,"10/7/2026, 1:27:24 AM",Gtfo kahf,post,,0,0,0,0
https://www.threads.com/@callmeheryy/post/DeLLWC0H6fS,Threads,callmeheryy,,"10/7/2026, 1:27:18 AM",I tot kahf from malaysia? guna influencer malaysia rupanya. ok bye bye kahf time to boycott!,post,,0,0,0,0
https://www.threads.com/@adi_baskra/post/DeLLR6aj4IB,Threads,adi_baskra,,"10/7/2026, 1:26:44 AM",rasakan sensasi juara bersama kahf😜,post,,0,0,0,0
https://www.threads.com/@qila_zulaikha/post/DeLNw3Mk9of,Threads,qila_zulaikha,,"10/7/2026, 1:48:26 AM","Tah apa apa la , very childish! 
you know what? 
My husb beli product kahf because of  alif satar (Malaysian) 🇲🇾",post,,0,0,0,0
https://www.threads.com/@thenasslegacyofficial/post/DeLNvYpiZBJ,Threads,thenasslegacyofficial,,"10/7/2026, 1:48:14 AM","Rakyat indo koyak aku suroh Singaporeans boycott brand Kahf. Aku suroh boycott satu brand je bukan brand lain2 goblok🤣🤣🤣 dorang memang tak reti baca atau memang bodoh tak faham statement aku?🤣🤣🤣 lepastu tak happy ckp “ kalo gitu Indonesia stop hantar batubara ke SG “. eh anjing, batubara tu project negara kerajaan korang. Kalau berani sngt ko pergi ws prabowo stop tu project batubara dengan SG🤣🤣🤣 Jgn ckp dgn aku. Aku tak deal batubara dgn prabowo",post,,0,0,0,0
https://www.threads.com/@ilman_joha/post/DeLLFu4n02x,Threads,ilman_joha,,"10/7/2026, 1:25:04 AM",No more kahf,post,,0,0,0,0
https://www.threads.com/@_dyahrahmaw/post/DeLLFA-EmdJ,Threads,_dyahrahmaw,,"10/7/2026, 1:24:58 AM",Adnin kahf sepertinya semalam mabok jadi gak sadar,post,,0,0,0,0
https://www.threads.com/@adi_baskra/post/DeLLE7VDwVu,Threads,adi_baskra,,"10/7/2026, 1:24:57 AM",rasakan sensasi juara bersama kahf🤣🤣🤣,post,,0,0,0,0
https://www.threads.com/@khar_liez/post/DeLK_PaCVC1,Threads,khar_liez,,"10/7/2026, 1:24:11 AM","Kahf...kahf...kahf...kahf...kahf

Gelak dalam kewangian...",post,,0,0,0,0
https://www.threads.com/@zidni_budinoto/post/DeLK-P0E0cS,Threads,zidni_budinoto,,"10/7/2026, 1:24:03 AM",Boikot lah. Kahf cukup pasar satu negara indonesia aja dah cukup. Negara kecil boikot tidak ngaruh.,post,,0,0,0,0
https://www.threads.com/@fadingfullmoon/post/DeLNbJzk4ZL,Threads,fadingfullmoon,,"10/7/2026, 1:45:28 AM","Barang yang sudah dibeli mau diapakan terserah konsumen. Kalau mau boikot jangan cuma Kahf....semua bikinan orang Indonesia diboikot,termasuk lagu kebangsaan Malaysia,itu liriknya ditulis orang Indonesia",post,,0,0,0,0
https://www.threads.com/@jane_alqassem/post/DeLNRUzCeI2,Threads,jane_alqassem,,"10/7/2026, 1:44:08 AM",KAHF ANJIR,post,,0,0,0,0
https://www.threads.com/@izzatulayuniee/post/DeLLxLuCdT-,Threads,izzatulayuniee,,"10/7/2026, 1:31:00 AM",Buang Kahf dr watson min🤭🤭,post,,0,0,0,0
https://www.threads.com/@maullfk/post/DeLK9qWH-nM,Threads,maullfk,,"10/7/2026, 1:23:58 AM","gaskeun min, barangkali mau collab bareng kahf kita siap join🙌",post,,0,0,0,0
https://www.threads.com/@luieonthemove/post/DeLK5qPj0v-,Threads,luieonthemove,,"10/7/2026, 1:23:25 AM","Orang Malaysia dah boleh boikot Kahf ni..
Bukan Jalan Kami Pilih!",post,,0,0,0,0
https://www.threads.com/@jarvistpnv/post/DeLM3Zpn9EA,Threads,jarvistpnv,,"10/7/2026, 1:40:35 AM",aneh bgt anj sama orang2 yang ada kesimpulan kahf salah 🫢,post,,0,0,0,0
https://www.threads.com/@qurraisyy/post/DeLL9iNmWk6,Threads,qurraisyy,,"10/7/2026, 1:32:41 AM",Mari borong KAHF,post,,0,0,0,0
https://www.threads.com/@gjoysan/post/DeLLTTwGYmC,Threads,gjoysan,,"10/7/2026, 1:26:55 AM",Mmg intentional post tuh.. shame on u kahf..,post,,0,0,0,0
https://www.threads.com/@muhdiezal/post/DeLK29uk1VR,Threads,muhdiezal,,"10/7/2026, 1:23:03 AM","thats why kahf hire artist and influencer to promote their products in Malaysia, its that simple tho, tapi ga nyampe di otak indo😭",post,,0,0,0,0
https://www.threads.com/@ikhwanamnk/post/DeLK2kSD6LR,Threads,ikhwanamnk,,"10/7/2026, 1:23:00 AM",Bukan kahf jer terkena tempias wardah pun kena juga awak skrg saya xder hati nak beli wardah kat Watsons,post,,0,0,0,0
https://www.threads.com/@fadzli.zulkoad/post/DeLK0wmgaYp,Threads,fadzli.zulkoad,,"10/7/2026, 1:22:45 AM","Dah la kau bakar hutan, sampai jerebu negara aku ni. Baru menang Piala, page business kau pun troll. Hah, jom tengok kuasa RM macam mana.",post,,0,0,0,0
https://www.threads.com/@nazira.nazri/post/DeLK0mKI6ov,Threads,nazira.nazri,,"10/7/2026, 1:22:44 AM",Booooo kahf booooo low iq 👎🏻,post,,0,0,0,0
https://www.threads.com/@satusorang/post/DeLKxgEk4tb,Threads,satusorang,,"10/7/2026, 1:22:18 AM","From netizens awam nya all the way to established local brands, they probably have a competition going on to showcase just how petty and rude they can be to the world.",post,,0,0,0,0
https://www.threads.com/@shuib/post/DeLKxOugaa1,Threads,shuib,,"10/7/2026, 1:22:16 AM",boikot kahf ni,post,,0,0,0,0
https://www.threads.com/@amizi_ahmad/post/DeLKwhyEwNI,Threads,amizi_ahmad,,"10/7/2026, 1:22:10 AM","Buat hal la kahf 🤣
Selamat tak pernah pakai",post,,0,0,0,0
https://www.threads.com/@amirasuhana/post/DeLKv3ZktV4,Threads,amirasuhana,,"10/7/2026, 1:22:05 AM",Bang jep.. tlong setel dlu.. kenapa kahf jahat banget ke Malaysia,post,,0,0,0,0
https://www.threads.com/@aadah85/post/DeLNytjHzOr,Threads,aadah85,,"10/7/2026, 1:48:41 AM","Lahhh tau tak company kahf dah Mohon maaf pada Malaysia 🤣 rakyat Malaysia berjuta mampu beli produk Indo. Tapi rakyat indo yg berjuta lebih ramai pada Kami tak mampu Pon nak beli barang negara korang sendiri hahaha. Tak beli produk Kami, berapa Sen je Pon",post,,0,0,0,0
https://www.threads.com/@zakwa.n98/post/DeLNkCRmrkD,Threads,zakwa.n98,,"10/7/2026, 1:46:41 AM","Set Kahf Acne and Brightening ni antara yang ramai cari sebab dia seimbangkan dua fungsi ni.

Dia bantu cegah jerawat sambil bagi kesan cerah natural tanpa buat kulit kering.

Tapi kalau korang jenis kulit yang super sensitif, pastikan buat patch test dulu sebelum pakai.

https://shop.tiktok.com/my/pdp/1729521087081973719?_t=ZS-99kzu1fUP6v",post,,0,0,0,0
https://www.threads.com/@alvi_avi/post/DeLMZ7VErtX,Threads,alvi_avi,,"10/7/2026, 1:36:34 AM","Buka thread masih tentang Indonsia vs Malaysia

Dari bola sampe ice crem chocotop
Dari bola sampe kahf🤣",post,,0,0,0,0
https://www.threads.com/@lunalovegood6100/post/DeLLyk-nxVu,Threads,lunalovegood6100,,"10/7/2026, 1:31:11 AM",APA JE ADA KAT KAHF NI?,post,,0,0,0,0
https://www.threads.com/@_dhiraris/post/DeLKvE7k8WI,Threads,_dhiraris,,"10/7/2026, 1:21:58 AM",kahf downfall era letsgooo,post,,0,0,0,0
https://www.threads.com/@sharmsulsanuddin/post/DeLKukggRA2,Threads,sharmsulsanuddin,,"10/7/2026, 1:21:54 AM",Mari ketawa..kahf kahf kahf,post,,0,0,0,0
https://www.threads.com/@chekmaan/post/DeLKuZtk9WI,Threads,chekmaan,,"10/7/2026, 1:21:53 AM",Ngak semua 280 juta mampu beli Kahf 🤣,post,,0,0,0,0
https://www.threads.com/@shahwawann/post/DeLNgGxk3e2,Threads,shahwawann,,"10/7/2026, 1:46:09 AM",Welcome to your downfall era @kahfeveryday,post,,0,0,0,0
https://www.threads.com/@muazmz_/post/DeLNfemEpjk,Threads,muazmz_,,"10/7/2026, 1:46:04 AM",Boikottt !! @kahfeveryday inilah jalan yg kau pilih,post,,0,0,0,0
https://www.threads.com/@mohd_sobry_offcial/post/DeLNaFmARKG,Threads,mohd_sobry_offcial,,"10/7/2026, 1:45:19 AM",Done,post,,0,0,0,0
https://www.threads.com/@nevermindrun/post/DeLNX-yCZPR,Threads,nevermindrun,,"10/7/2026, 1:45:02 AM",,post,,0,0,0,0
https://www.threads.com/@zainal_naz/post/DeLNVrrE9gr,Threads,zainal_naz,,"10/7/2026, 1:44:43 AM",Dia dah delete daaaaa! @kahfeveryday.my @kahfeveryday this will be the end of your era. We will start boycotting you,post,,0,0,0,0
https://www.threads.com/@mirfanismail/post/DeLNOe3D9Gi,Threads,mirfanismail,,"10/7/2026, 1:43:44 AM",@kahfeveryday,post,,0,0,0,0
https://www.threads.com/@eekk_y/post/DeLNN3FHyn9,Threads,eekk_y,,"10/7/2026, 1:43:39 AM","@kahfeveryday tomorrow, don't forget to make a new meme 😜🤫",post,,0,0,0,0
https://www.threads.com/@raff_sanchezz/post/DeLNMVaGWR7,Threads,raff_sanchezz,,"10/7/2026, 1:43:27 AM","Okay bye bye @kahfeveryday.my @kahfeveryday 

Delete posting buat apa ..kan beda level.
Nak kene boikot lah ni jawab nyaa.....
Ready utk lingkup..",post,,0,0,0,0
https://www.threads.com/@shaixazri/post/DeLNFKdE7zF,Threads,shaixazri,,"10/7/2026, 1:42:28 AM",X payah nak sandiwara sinetron lah @kahfeveryday oi!!! #boycottkahf!!!,post,,0,0,0,0
https://www.threads.com/@a.donial/post/DeLNBtrj5Pb,Threads,a.donial,,"10/7/2026, 1:42:00 AM","Hahahahaahha bye bye @kahfeveryday.my @kahfeveryday 

Sediakan payung",post,,0,0,0,0
https://www.threads.com/@ridzuanidris/post/DeLM_cjkv-u,Threads,ridzuanidris,,"10/7/2026, 1:41:41 AM","cuba tnya owner post dia, si @kahfeveryday .",post,,0,0,0,0
https://www.threads.com/@babycuu16/post/DeLM8AOEnF2,Threads,babycuu16,,"10/7/2026, 1:41:13 AM","Min kasian amat lu jadi kena imbas gara gara kalah bola doang wkwkwk
@kahfeveryday",post,,0,0,0,0
https://www.threads.com/@muazmz_/post/DeLM7m-Evag,Threads,muazmz_,,"10/7/2026, 1:41:10 AM",Alhamdulillah patut hatiku berat nak support. Inilah jalan yang kupilih . Boikott !! @kahfeveryday,post,,0,0,0,0
https://www.threads.com/@hafidz.lotpe/post/DeLM1cqGswB,Threads,hafidz.lotpe,,"10/7/2026, 1:40:19 AM","Mencari market di negeri seberang, tapi cara kau x cantek la @kahfeveryday.my @kahfeveryday .

Kata orang "" Org yg sombong selalu rugi ""
jangan bermain API, kelak rasa panasnya.
Netizen Malaysia buat keje meh‼️",post,,0,0,0,0
https://www.threads.com/@louisy0550/post/DeLMxD9kwrq,Threads,louisy0550,,"10/7/2026, 1:39:43 AM",Bye bye @kahfeveryday,post,,0,0,0,0
https://www.threads.com/@ishowvtg/post/DeLMurSk8iL,Threads,ishowvtg,,"10/7/2026, 1:39:24 AM",@kahfeveryday.my @kahfeveryday,post,,0,0,0,0
https://www.threads.com/@zhrf.smsdn/post/DeLMtktCYN7,Threads,zhrf.smsdn,,"10/7/2026, 1:39:15 AM",Fakof @kahfeveryday @kahfeveryday.my,post,,0,0,0,0
https://www.threads.com/@syfqhmdhah/post/DeLMsq9kxRd,Threads,syfqhmdhah,,"10/7/2026, 1:39:07 AM","Kahf’s downfall era. Can’t wait to see what happens next. Should’ve stayed in their lane or stayed obsessed, I guess. 😎 @kahfeveryday",post,,0,0,0,0
https://www.threads.com/@mohd_faizrazali/post/DeLMj5vElkZ,Threads,mohd_faizrazali,,"10/7/2026, 1:37:55 AM","terlajak perahu boleh di undur, terlajaka kata buruk padahnya. bye bye @kahfeveryday",post,,0,0,0,0
https://www.threads.com/@tuniannaim/post/DeLMej1E-zt,Threads,tuniannaim,,"10/7/2026, 1:37:12 AM",Boikot produk @kahfeveryday,post,,0,0,0,0
https://www.threads.com/@pablo_fadzrul/post/DeLMYjeE481,Threads,pablo_fadzrul,,"10/7/2026, 1:36:22 AM",Boikot @kahfeveryday.my @kahfeveryday  your products n staff is 💩💩💩,post,,0,0,0,0
https://www.threads.com/@mhdhaniffhamdan/post/DeLMX6vCeRP,Threads,mhdhaniffhamdan,,"10/7/2026, 1:36:17 AM","@kahfeveryday 

Sorry out. Problem and noob.",post,,0,0,0,0
https://www.threads.com/@miorbet/post/DeLMXyWE8ld,Threads,miorbet,,"10/7/2026, 1:36:16 AM",Iyaa pak benerr.. aku barusan aja threw @kahfeveryday in dustbin.. situ aja tempat nya. Makaseh ya pak reminder. Barusan tadi gue lupa terus.,post,,0,0,0,0
https://www.threads.com/@slo29._/post/DeLMVvkktL9,Threads,slo29._,,"10/7/2026, 1:35:59 AM","Disebabkan kita boikot @kahfeveryday , Apa perfume yang boleh dikatakan hampir sama dengan kahf ""Revered Oud"" tu?

Tolong bagi suggestion pls🤌🏻 Nak try",post,,0,0,0,0
https://www.threads.com/@kamarulxy/post/DeLMOgYk3js,Threads,kamarulxy,,"10/7/2026, 1:35:00 AM",Mohon @kahfeveryday @kahfeveryday.my  release perfume perisa jerebu karhutla,post,,0,0,0,0
https://www.threads.com/@adityaexasaputra/post/DeLMKhQiSml,Threads,adityaexasaputra,,"10/7/2026, 1:34:27 AM","Dan teruntuk produk negara ku tercinta @kahfeveryday jangan takut. Sebelum nya saya bukan pengguna dari produk kalian, tapi karna saya mencintai negara saya, saya janji habis ini akan menggunakan produk kalian ! 🇮🇩🇮🇩🇮🇩",post,,0,0,0,0
https://www.threads.com/@eidlycr/post/DeLMEQgmX-N,Threads,eidlycr,,"10/7/2026, 1:33:36 AM",Tukar jelah kahfeveryday yu jady kahflastday. Perangai macam In-,post,,0,0,0,0
https://www.threads.com/@witandwill77/post/DeLL8RkCbrT,Threads,witandwill77,,"10/7/2026, 1:32:31 AM",@kahfeveryday @kahfeveryday.my this yg kamu harus lihat dan bantu dan bukan sibuk pikiran level malaysia. MALAYSIA is higher. Our people do not suffer like your people. Even your people work here. Do something jika kamu organisasi hebat. Kasihan rakyat disana!!,post,,0,0,0,0
https://www.threads.com/@is_kandooo/post/DeLL6TtknHF,Threads,is_kandooo,,"10/7/2026, 1:32:15 AM",@kahfeveryday your silly mistake,post,,0,0,0,0
https://www.threads.com/@irfanmauludh/post/DeLLs92Ex5O,Threads,irfanmauludh,,"10/7/2026, 1:30:25 AM","@kahfeveryday i just wanna say that so ridiculous, just see what gonna happen",post,,0,0,0,0
https://www.threads.com/@ficky.picks/post/DeLLpAQGalZ,Threads,ficky.picks,,"10/7/2026, 1:29:53 AM","Yaelah lemah amat, gak usah takut @kahfeveryday rakyat indonesia bersamamu",post,,0,0,0,0
https://www.threads.com/@ahmdzkahmdzk/post/DeLLoSqAZYC,Threads,ahmdzkahmdzk,,"10/7/2026, 1:29:47 AM","Maafkan kami, saudara² malaysia. Jujur saya sendiri sebagai warga indonesia merasa malu dengan konten tersebut. Kalian yang membantu kami selama ada kabut asap, dan bahkan berdampak kepada kalian. @kahfeveryday jangan kebangetan lah.",post,,0,0,0,0
https://www.threads.com/@x_itsaera_x/post/DeLLkxmEjuA,Threads,x_itsaera_x,,"10/7/2026, 1:29:18 AM","Terlajak perahu boleh diundur, terlajak kata buruk padahnya. Think first before type @kahfeveryday",post,,0,0,0,0
https://www.threads.com/@mzmyyyy/post/DeLLgFcknVo,Threads,mzmyyyy,,"10/7/2026, 1:28:40 AM",@kahfeveryday @kahfeveryday @kahfeveryday buu,post,,0,0,0,0
https://www.threads.com/@aliff_ime/post/DeLLXwPk2Zm,Threads,aliff_ime,,"10/7/2026, 1:27:32 AM",Boycotting @kahfeveryday.my @kahfeveryday,post,,0,0,0,0
https://www.threads.com/@meta.ai/post/DeLLVnBjqDa,Threads,meta.ai,,"10/7/2026, 1:27:14 AM","Maksud posting tu Kahf punya official account @kahfeveryday post meme tu.

Gambar tu letak bendera Indonesia atas garisan tulis ""HATI-HATI BEDA LEVEL"", pastu semua bendera negara ASEAN lain termasuk Malaysia, Thailand, Vietnam semua kat bawah garisan. So orang baca macam dia kata Indonesia level lagi tinggi / level Europe, negara lain level rendah.

Tu yang buat orang Malaysia triggered, rasa diperlekehkan, sebab tu ramai ajak boikot brand Kahf yang selama ni memang laku kat Malaysia.",post,,0,0,0,0
https://www.threads.com/@ghaniunwanajah/post/DeLLJgfGD8f,Threads,ghaniunwanajah,,"10/7/2026, 1:25:35 AM",Minta maaf @kahfeveryday kamu kehilangan 5 pengguna kamu hari ni. Kami sekeluarga tak akan support kamu lagi.,post,,0,0,0,0
https://www.threads.com/@kingraden.official/post/DeLLIUumaQ5,Threads,kingraden.official,,"10/7/2026, 1:25:25 AM","Shame on u kahf…
Menyesal aku support selame ni…
Binawe…",post,,0,0,0,0
https://www.threads.com/@yusryepoh/post/DeLLGfCifcZ,Threads,yusryepoh,,"10/7/2026, 1:25:10 AM","Please remove @kahfeveryday.my from your store.. this is our nation dignity..
If not Malaysians will boycott your store to the maximum",post,,0,0,0,0
https://www.threads.com/@4sisigelap4/post/DeLK6dYgWzR,Threads,4sisigelap4,,"10/7/2026, 1:23:32 AM",@kahfeveryday  Bodo tu je,post,,0,0,0,0
https://www.threads.com/@dapurawliyah/post/DeLKpkjgR1l,Threads,dapurawliyah,,"10/7/2026, 1:21:13 AM",HAHAHAHAHAHH @kahfeveryday.my @kahfeveryday kau bentang sikit revenue kau nak banding ngan pembeli dari indo yang takde duit,post,,0,0,0,0
https://www.threads.com/@bandahriduan/post/DeLKYlUjw2T,Threads,bandahriduan,,"10/7/2026, 1:18:54 AM",Harap boikot @kahfeveryday @kahfeveryday.my,post,,0,0,0,0
https://www.threads.com/@a2th4fv6/post/DeLKISnH-sl,Threads,a2th4fv6,,"10/7/2026, 1:16:41 AM","Honestly, thank you @kahfeveryday for opening our eyes. 😏",post,,0,0,0,0
https://www.threads.com/@ff8___22/post/DeLKF6cEybk,Threads,ff8___22,,"10/7/2026, 1:16:21 AM",Boikot Boikot!!! @kahfeveryday,post,,0,0,0,0
https://www.threads.com/@meta.ai/post/DeLKC7vgW0A,Threads,meta.ai,,"10/7/2026, 1:15:57 AM","Kau tak ketinggalan sangat — ni isu admin.

1. Kenapa boikot: Thread asal tu viral sebab admin Kahf @kahfeveryday dikatakan post content personal / membahan, campur aduk personal dengan business, jadi orang Malaysia rasa tak profesional. Sebab tu dia ajak boikot Kahf + Wardah sekali.

2. Founder / company: Kahf (for men) dan Wardah (for women) dua-dua bawah company sama — ParagonCorp dulu PT Paragon Technology and Innovation. Founder dia Nurhayati Subakat, pharmacist graduate ITB, start dari rumah sejak 1985.

Brand tu bukan pro-Israel, actually Paragon ni yang dulu banyak donate ke Gaza, tapi orang nak push brand lokal Malaysia je kali ni.",post,,0,0,0,0
https://www.threads.com/@meta.ai/post/DeLJ9s2AYNa,Threads,meta.ai,,"10/7/2026, 1:15:14 AM","You're right to correct that — my Petronas line was wrong for this wave.

What Threads shows from Oct 6 is the boycott started from Kahf's own post. The @kahfeveryday meme put the Indonesian flag above Malaysia, Thailand, Vietnam, Singapore, Philippines, Australia etc with a ""HATI-HATI BEDA LEVEL"" tape and caption ""tutor cara masup Eropa"" — people read it as mocking SEA + Australia after the football win.

That's what flipped it from football banter into retailer pressure — WatsonsMY comments flooded demanding removal — and Kahf later posted an apology saying the post was unacceptable and removed it.",post,,0,0,0,0
https://www.threads.com/@denirlf/post/DeLJ0fCj2cj,Threads,denirlf,,"10/7/2026, 1:13:58 AM",barangkali comeback jenama kahf is rebranding semula dengan tukar nama?🤨,post,,0,0,0,0
https://www.threads.com/@ms.iizh/post/DeLJxroiG_w,Threads,ms.iizh,,"10/7/2026, 1:13:35 AM","namanya brand yg besar tpi otak?? bodo @kahfeveryday  now terima padah semua malaysian boycott , selamat yaa tanggung rugi eh gapapa kan kamu bilang negara malaysia gak selevel sama negara kamu 😍💪🏻",post,,0,0,0,0
https://www.threads.com/@ikan_puyu04/post/DeLJpBwn4VS,Threads,ikan_puyu04,,"10/7/2026, 1:12:25 AM",@kahfeveryday moga diperludahkan urusan jebeng.,post,,0,0,0,0
https://www.threads.com/@stewardmathias/post/DeLJoU1mW4U,Threads,stewardmathias,,"10/7/2026, 1:12:19 AM",Stop promoting @kahfeveryday.my bro. HQ Indonesia dorang @kahfeveryday buat post taik pasal Malaysia.,post,,0,0,0,0
https://www.threads.com/@hzimakrmm/post/DeLJnl6kvdm,Threads,hzimakrmm,,"10/7/2026, 1:12:13 AM",Officially New Hashtag for Kahf #FaKahf,post,,0,0,0,0
https://www.threads.com/@drikramharis/post/DeLJhb-nQ4u,Threads,drikramharis,,"10/7/2026, 1:11:22 AM","Baru tahu Kahf from Indonesia..
Never bothered before, but with recent issue, I’m glad that I switched from @kahfeveryday.my to Bad Lab.
Never looked back.

✅ More products
✅ Pomade bagus
✅ Better price
✅ Accessibility",post,,0,0,0,0
https://www.threads.com/@andiana.menulis/post/DeLJbzlkkmW,Threads,andiana.menulis,,"10/7/2026, 1:10:36 AM",Maaf doang gak cukup loh @kahfeveryday,post,,0,0,0,0
https://www.threads.com/@junyoungwifeu/post/DeLJYL6HzRo,Threads,junyoungwifeu,,"10/7/2026, 1:10:07 AM","Tapi emang @kahfeveryday kalo join komen ngeselin. Pernah ada konten kreator melihara bebek, aku lupa bebeknya sakit apa udah meninggal, trs admin kahf ini bales ""kak beli bumbu""
Plis ga semua2 harus dibercandain",post,,0,0,0,0
https://www.threads.com/@andiana.menulis/post/DeLJUpsElrR,Threads,andiana.menulis,,"10/7/2026, 1:09:38 AM",Elu sih ngadi² mulu kelakuan @kahfeveryday,post,,0,0,0,0
https://www.threads.com/@lensajalanan93/post/DeLJIxFlJI1,Threads,lensajalanan93,,"10/7/2026, 1:08:00 AM",Boycott @kahfeveryday,post,,0,0,0,0
https://www.threads.com/@anriadonny/post/DeLI8Jfkl8P,Threads,anriadonny,,"10/7/2026, 1:07:36 AM",THE REAL BEZA LEVEL @kahfeveryday 🐒🐒🇮🇩,post,,0,0,0,0
https://www.threads.com/@azkshri/post/DeLI_a_H62t,Threads,azkshri,,"10/7/2026, 1:06:44 AM","Play stupid games, win stupid prizes @kahfeveryday @kahfeveryday.my @kahf.frequency",post,,0,0,0,0
https://www.threads.com/@lydiaamagfur/post/DeLI8AFGKsf,Threads,lydiaamagfur,,"10/7/2026, 1:06:16 AM",@watsonsmy  boikot @kahfeveryday.my @kahfeveryday  sebelon kmi xnk dtg watson,post,,0,0,0,0
https://www.threads.com/@adi_baskra/post/DeLI4prj6JR,Threads,adi_baskra,,"10/7/2026, 1:05:48 AM","saya mau 3 lagi 
😜🤣",post,,0,0,0,0
https://www.threads.com/@kir4_sagi/post/DeLI3FYE6gn,Threads,kir4_sagi,,"10/7/2026, 1:05:35 AM",ok time to boikot @kahfeveryday.my @kahfeveryday,post,,0,0,0,0
https://www.threads.com/@syazmeer_amir/post/DeLIsxnn6Yc,Threads,syazmeer_amir,,"10/7/2026, 1:04:11 AM",Khaf product is not my level la.. Never interested to buy it,post,,0,0,0,0
https://www.threads.com/@nrasmida____/post/DeLNt_bCRMj,Threads,nrasmida____,,"10/7/2026, 1:48:02 AM",pagi pagi terhibur baca komen □,post,,0,0,0,0
https://www.threads.com/@bandahriduan/post/DeLNtynj2s8,Threads,bandahriduan,,"10/7/2026, 1:48:01 AM",Boikot @kahfeveryday @kahfeveryday.my,post,,0,0,0,0
https://www.threads.com/@aamk_805/post/DeLIeWNATcW,Threads,aamk_805,,"10/7/2026, 1:02:13 AM",sungguh memalukan @kahfeveryday .. tiada adab dlm hidup bermasyarakat!!,post,,0,0,0,0
https://www.threads.com/@yanind.20/post/DeLIZwED_i-,Threads,yanind.20,,"10/7/2026, 1:01:35 AM",Gw ga membenarkan @kahfeveryday buat memosting meme seperti itu. Soalnya kahf itu brand. Apa susahnya jika hanya memposting foto timnas indo yg di edit sama editor kahf? Sayang sih ga bisa jaga image @kahfeveryday,post,,0,0,0,0
https://www.threads.com/@meta.ai/post/DeLIYAnjlWJ,Threads,meta.ai,,"10/7/2026, 1:01:21 AM","Kahf lagi diboikot besar di Malaysia gara-gara post meme IG mereka @kahfeveryday - fotonya bendera Indonesia di atas tulisan ""HATI-HATI BEDA LEVEL"" sementara bendera negara ASEAN lain + Australia di bawah, captionnya ""Tutor cara masup Eropa dong warga""

Dianggap nyindir Malaysia dan negara lain pas momen Kualifikasi Piala Dunia, jadi muncul tagar #kahfboycott dan seruan boikot sampe ke Wardah, Emina, Make Over yang satu grup Paragon

Kahf udah hapus post dan minta maaf bilang tidak mencerminkan nilai respect mereka, tapi banyak yang bilang nasi sudah jadi bubur dan lanjut boikot",post,,0,0,0,0
https://www.threads.com/@khystagram/post/DeLNj5EE443,Threads,khystagram,,"10/7/2026, 1:46:40 AM","Bought a few more Kahf products the other day, and today they stirred up shit! Korang memang kontol! 

Nevertheless, Im going to finish up those bottles first, da beli guna duit sendiri, takkan nak bazir, but lepas ni, no more buying them! Anjir!",post,,0,0,0,0
https://www.threads.com/@enciksaladkentang/post/DeLIEOXD-9M,Threads,enciksaladkentang,,"10/7/2026, 12:58:39 AM",#FaKahf 🖕🏾,post,,0,0,0,0
https://www.threads.com/@qaiyumdolphin/post/DeLH8zIAchM,Threads,qaiyumdolphin,,"10/7/2026, 12:57:38 AM","Respect is at the heart of our values - aik, masa kau post tu tak fikir 1,000 kali dulu ke @kahfeveryday? Siapa lah from management korang yg boleh acknowledge posting tu.",post,,0,0,0,0
https://www.threads.com/@dicky_yoniandre/post/DeLHu4WEw71,Threads,dicky_yoniandre,,"10/7/2026, 12:55:44 AM","Boleh banter bola ya @kahfeveryday cuma jgn blunder..ada batasan batasan tertentu apalagi bawa nama/menggunakan akun brand besar..

Gw pribadi suka dan cocok sama produk Kahf.. mudah didapet lagi di retail terdekat.. 

London is 🔴 yg lain figuran",post,,0,0,0,0
https://www.threads.com/@abkimiesan/post/DeLHswvmYbW,Threads,abkimiesan,,"10/7/2026, 12:55:27 AM","Shame on you. This was negligence on ur part. You post that without thinking of the consequences. I'm boycotting @kahfeveryday of all it's product. Still have some of the product and will be disposed of, and refund the remaining items that I've ordered.",post,,0,0,0,0
https://www.threads.com/@e.n.r.n88/post/DeLHfsmgQpw,Threads,e.n.r.n88,,"10/7/2026, 12:53:40 AM","Its ok @kahfeveryday.my  mistakes happens..that being said, you have 100% lost a daily usage customer of your product. 🫡",post,,0,0,0,0
https://www.threads.com/@kidboi_9/post/DeLHcu5E3Gi,Threads,kidboi_9,,"10/7/2026, 12:53:15 AM",Ini lu guna AI kah bang ?@kahfeveryday,post,,0,0,0,0
https://www.threads.com/@zzy_ffy/post/DeLHPxmE3gk,Threads,zzy_ffy,,"10/7/2026, 12:51:29 AM",@kahfeveryday @kahfeveryday.my,post,,0,0,0,0
https://www.threads.com/@dzafran_kerya_bahari/post/DeLHDSgExaz,Threads,dzafran_kerya_bahari,,"10/7/2026, 12:49:47 AM","Tu la masalah admin @kahfeveryday perangai mcm cilaka, patut jadi admin promote business bukan promote rage bait sebab everything we post in social media means represent company profile",post,,0,0,0,0
https://www.threads.com/@asy_110516/post/DeLNwshE7B8,Threads,asy_110516,,"10/7/2026, 1:48:25 AM",Beli jela apa2 asal jangan beli @kahfeveryday.my,post,,0,0,0,0
https://www.threads.com/@bandahriduan/post/DeLNv0iD-Ia,Threads,bandahriduan,,"10/7/2026, 1:48:17 AM",Boikot @kahfeveryday @kahfeveryday.my,post,,0,0,0,0
https://www.threads.com/@simsami.ai/post/DeLG6Ufj-z2,Threads,simsami.ai,,"10/7/2026, 12:48:33 AM",Kirim semangat buat etmin brand @kahfeveryday dan @flip_id,post,,0,0,0,0
https://www.threads.com/@sophea_8922/post/DeLGphYE_qW,Threads,sophea_8922,,"10/7/2026, 12:46:16 AM",SHAME!!! @kahfeveryday.my @kahfeveryday,post,,0,0,0,0
https://www.threads.com/@yuseiyin/post/DeLGoi3mKEz,Threads,yuseiyin,,"10/7/2026, 12:46:08 AM",DISGARSTING 냄새가나요 🤢 @kahfeveryday,post,,0,0,0,0
https://www.threads.com/@izzatiazman397/post/DeLGmpDkgbb,Threads,izzatiazman397,,"10/7/2026, 12:45:52 AM",@kahfeveryday learn from starbuck,post,,0,0,0,0
https://www.threads.com/@saleqdeamoure/post/DeLGlXgGTKZ,Threads,saleqdeamoure,,"10/7/2026, 12:45:42 AM","Saya pakai sabun @cosmoderm ....best love it....
Boikot @kahfeveryday @kahfeveryday.my",post,,0,0,0,0
https://www.threads.com/@nazreenbadrol/post/DeLGhOGk--U,Threads,nazreenbadrol,,"10/7/2026, 12:45:08 AM",Wahhh macam ini perangai korang eh? @kahfeveryday Betul2 melambangkan level iq korang selama ni? Tahniah!,post,,0,0,0,0
https://www.threads.com/@sophea_8922/post/DeLGW0Xk-Rr,Threads,sophea_8922,,"10/7/2026, 12:43:43 AM",SHAME ON YOU!!! @kahfeveryday @kahfeveryday.my,post,,0,0,0,0
https://www.threads.com/@tunmohameds/post/DeLGWCik8JG,Threads,tunmohameds,,"10/7/2026, 12:43:36 AM","@kahfeveryday ,hai teman2 mohon repost",post,,0,0,0,0
https://www.threads.com/@alvin_kyc/post/DeLGOJREvL_,Threads,alvin_kyc,,"10/7/2026, 12:42:31 AM","Hati Hati Beda Level 

#cougheveryday",post,,0,0,0,0
https://www.threads.com/@jfri_shmmz/post/DeLGKWQkzG9,Threads,jfri_shmmz,,"10/7/2026, 12:42:00 AM","@kahfeveryday botol deodorant pn leaking. Pencuci muka pn apa tah lagi, tkda quality. Dasar konoha 🥶🤪",post,,0,0,0,0
https://www.threads.com/@meta.ai/post/DeLGD8CD_lH,Threads,meta.ai,,"10/7/2026, 12:41:08 AM","Ini kronologinya met:

1. Pemicu: Akun Kahf @kahfeveryday posting Threads screenshot ""Tutor cara masup Eropa dong warga"" + gambar lantai bertuliskan HATI-HATI BEDA LEVEL, bendera Indonesia di atas garis, bendera Malaysia + negara ASEAN lain di bawah garis.

2. Viral di MY: Post itu dianggap merendahkan Malaysia, screenshot menyebar di X / Threads Malaysia dalam 24 jam terakhir.

3. Seruan boikot: Tagar #BoikotKahf naik, kayak postingan yang kamu reply ini. Netizen tag @guardianmy @watsonsmy minta produk Kahf ditarik dari rak.

Konteksnya mirip gelombang boikot kuliner ID-MY minggu ini, tapi sampai sekarang ini masih seruan warganet, bukan kebijakan resmi pemerintah atau retailer.",post,,0,0,0,0
https://www.threads.com/@dark_ejat/post/DeLGBWYAVB0,Threads,dark_ejat,,"10/7/2026, 12:40:47 AM",Jangan bagi @kahfeveryday.my bau ketiak ko lg yap,post,,0,0,0,0
https://www.threads.com/@adhamtrose/post/DeLGBcpj1qe,Threads,adhamtrose,,"10/7/2026, 12:40:47 AM",Bbnu pakai lah @kahfeveryday @kahfeveryday.my . OG pakai brand Follow me,post,,0,0,0,0
https://www.threads.com/@ruelz_nialz/post/DeLF_mrEphL,Threads,ruelz_nialz,,"10/7/2026, 12:40:32 AM",@kahfeveryday skali orang dh buat tiada maaf bagimu usul bola bawak ke kosmetik dasar low puak puak baru4 ni,post,,0,0,0,0
https://www.threads.com/@syakhrizal83/post/DeLF50gAR0T,Threads,syakhrizal83,,"10/7/2026, 12:39:45 AM","Please lah warga indo.. Jgn kepancing gara2 ulah si @kahfeveryday , karen @kahfeveryday sebagai pemicu te4pecah belahnya bangsa...",post,,0,0,0,0
https://www.threads.com/@ryanhdytllh/post/DeLF20_D9Va,Threads,ryanhdytllh,,"10/7/2026, 12:39:20 AM",Otw beli @kahfeveryday 🥳🥳🥳,post,,0,0,0,0
https://www.threads.com/@sophea_8922/post/DeLF1cbk8e0,Threads,sophea_8922,,"10/7/2026, 12:39:09 AM",@kahfeveryday seriouslyyy???🙄🙄🙄,post,,0,0,0,0
https://www.threads.com/@annisa.safanta/post/DeLF1KLk2h7,Threads,annisa.safanta,,"10/7/2026, 12:39:07 AM",@kahfeveryday are you okay? Ga sampai masuk IGD kan? 😂,post,,0,0,0,0
https://www.threads.com/@nandabachrus/post/DeLFztigXD-,Threads,nandabachrus,,"10/7/2026, 12:38:55 AM",Tamatlah sudah alkisah kami… @kahfeveryday semoga dijadikan pelajaran berharga ke depan,post,,0,0,0,0
https://www.threads.com/@rashid_shikh_abdullah/post/DeLFvIuExb9,Threads,rashid_shikh_abdullah,,"10/7/2026, 12:38:17 AM",Ape cer @kahfeveryday.my @kahfeveryday ?,post,,0,0,0,0
https://www.threads.com/@ahmadjae/post/DeLFs2XicHd,Threads,ahmadjae,,"10/7/2026, 12:37:59 AM",Benarkah ini @kahfeveryday? Kalau benar malah bisa jadi tutor cara keluar dari choice rakyat,post,,0,0,0,0
https://www.threads.com/@qaqarox/post/DeLFsrTE3RQ,Threads,qaqarox,,"10/7/2026, 12:37:57 AM","give another chance??

lembut sangat ko ni
xpa bagi kat orang yang real je buat kerja

keep boikot @kahfeveryday @kahfeveryday.my",post,,0,0,0,0
https://www.threads.com/@syakiera.s/post/DeLFoZsEu7t,Threads,syakiera.s,,"10/7/2026, 12:37:22 AM","YG SUKA SERANG KEMANA2 TU KORANG.  KALAU XMULA DULU ADMIN POST PASAL BENDERA SEMUA, LAGI2 YG ADA BENDERA NEGARA KAMI, WE WILL NEVER BE INVESTED TO SUCH A PETTY. BUT GLAD WE DID. @kahfeveryday.my  should've not use their official account to ROAST ON SOMETHING STUPID JOKES. THAT'S THE CONSEQUENCES. WE MALAYSIAN ARE HERE NOT BCAUSE OF BOLA, BENGAP. WE'RE HERE, BECAUSE OF WHAT  @kahfeveryday.my POSTING. BECAUSE OUR FLAG IS IN THE POSTING, SAYING BEDA LEVEL? SOOO. LET US SHOW U HOW BEDA LEVEL IT IS.",post,,0,0,0,0
https://www.threads.com/@bukayo_irfan/post/DeLFh50H4Dm,Threads,bukayo_irfan,,"10/7/2026, 12:36:29 AM","fuck you bitch ass, stand on your feet pussy @kahfeveryday don’t back out",post,,0,0,0,0
https://www.threads.com/@javkal.hyde/post/DeLFcG4Esi4,Threads,javkal.hyde,,"10/7/2026, 12:35:42 AM",RIP Kahf 2026,post,,0,0,0,0
https://www.threads.com/@aimannahmaddd/post/DeLFblSErLE,Threads,aimannahmaddd,,"10/7/2026, 12:35:37 AM",Okay maaf semua. Kita kene banned @kahfeveryday .,post,,0,0,0,0
https://www.threads.com/@herlen425/post/DeLN1mTn8S4,Threads,herlen425,,"10/7/2026, 1:49:05 AM","Dear Malaysian, lets boycott @kahfeveryday @kahfeveryday.my",post,,0,0,0,0
https://www.threads.com/@kalaukauberani/post/DeLFLu5j_Ls,Threads,kalaukauberani,,"10/7/2026, 12:33:27 AM",@boomrun.malaysia26 SUDAH BOLEH TAMATKAN KONTRAK DENGAN @kahfeveryday.my JIKA TIDAK RUNNING BOOM AKAN DIBOIKOT JUGA,post,,0,0,0,0
https://www.threads.com/@itunizamhasan287/post/DeLFLQUE5ro,Threads,itunizamhasan287,,"10/7/2026, 12:33:23 AM",@kahfeveryday.my @kahfeveryday selayaknya dlm tong sampah!,post,,0,0,0,0
https://www.threads.com/@zahirahmk/post/DeLFCRRE1kc,Threads,zahirahmk,,"10/7/2026, 12:32:10 AM",@kahfeveryday kau tak tau ek boikot dari malaysia mcm mana🤣,post,,0,0,0,0
https://www.threads.com/@shahrizatmohd_/post/DeLE46LEsA1,Threads,shahrizatmohd_,,"10/7/2026, 12:30:53 AM","strikeeeeeee, tolong tag kan jap - @kahfeveryday",post,,0,0,0,0
https://www.threads.com/@qeejerr/post/DeLEpUdk9na,Threads,qeejerr,,"10/7/2026, 12:28:46 AM",Fcuk u @kahfeveryday Jum boikot!,post,,0,0,0,0
https://www.threads.com/@aliffomarhassan/post/DeLElian-3p,Threads,aliffomarhassan,,"10/7/2026, 12:28:15 AM",@alifsatar sekalilah boikot brand @kahfeveryday @kahfeveryday.my ni,post,,0,0,0,0
https://www.threads.com/@opickrizal/post/DeLEkfDE2T5,Threads,opickrizal,,"10/7/2026, 12:28:06 AM",Hai @kahfeveryday gue suka gaya lo. Bikin warga malaydesh tantrum 😂😂😂😂,post,,0,0,0,0
https://www.threads.com/@muhdar1f_/post/DeLN4GvHVvA,Threads,muhdar1f_,,"10/7/2026, 1:49:25 AM",@kahfeveryday.my @kahfeveryday Tergelincir di bumi Malaysia,post,,0,0,0,0
https://www.threads.com/@hafxzhusein/post/DeLEg5fkfcK,Threads,hafxzhusein,,"10/7/2026, 12:27:37 AM",Boom+ Run dan Langkawi Internation Half Marathon. Sponsor rasmi event ni @kahfeveryday. Fikirkan la,post,,0,0,0,0
https://www.threads.com/@zeafluz/post/DeLEVLEnXh-,Threads,zeafluz,,"10/7/2026, 12:26:00 AM",Hati hati level beda bodoh @kahfeveryday,post,,0,0,0,0
https://www.threads.com/@widiibiw/post/DeLESgHk23Y,Threads,widiibiw,,"10/7/2026, 12:25:39 AM","Ternyata kasus brand kehilangan aspek2 brand equity demi ngejar awareness semata ternyata bertambah lagi. Mulai dari film Lagi Probation, terus kemarin ada Kahf. 

Sayang sebenernya kalau brand equity yang udah beberapa waktu dibangun dan dibentuk, runtuh semalam. Klarifikasi yang keluar dari brand juga ngga akan bisa jadi solusi.

Solusinya, mau ga mau brand perlu ngebangun brand equitynya dari awal lagi dengan sabar. Tentang cancelled brand ini, minggu kemarin sempet gw bahas di threads ini.",post,,0,0,0,0
https://www.threads.com/@dg.kinkysharyo/post/DeLEFzfE_S4,Threads,dg.kinkysharyo,,"10/7/2026, 12:23:55 AM","Well, boikot tetap di teruskan.. sedang kan McD dan Starbucks boleh kena .. apa la sangat brand dari tanah jawa ni.. benda dh berlaku, akibatnya kena tanggung. 
Netizen sekalian ,boikot @kahfeveryday  tetap diterus kan..",post,,0,0,1,1
https://www.threads.com/@fiqhawk/post/DeLEDABk55V,Threads,fiqhawk,,"10/7/2026, 12:23:32 AM",Jom support ni. Baru tahu ni jenama Malaysia. Boikot @kahfeveryday.my,post,,0,0,0,0
https://www.threads.com/@romadhon_ab/post/DeLN63in05x,Threads,romadhon_ab,,"10/7/2026, 1:49:48 AM","Sepertinya Kahf berhasil srategi marketingnya, 

Tapi agak blunder si

Ada yang tau ap yg bikin blunder ?",post,,0,0,0,0
https://www.threads.com/@fiqhawk/post/DeLD8lHk1Q6,Threads,fiqhawk,,"10/7/2026, 12:22:39 AM",Ayuh boikot.. Sendiri tanggung lah. @kahfeveryday.my,post,,0,0,0,0
https://www.threads.com/@emanzainuddin/post/DeLD4kcE2fN,Threads,emanzainuddin,,"10/7/2026, 12:22:06 AM",@kahfeveryday kanyor ke?,post,,0,0,0,0
https://www.threads.com/@adshim5984/post/DeLD0JuErQJ,Threads,adshim5984,,"10/7/2026, 12:21:30 AM",Kami takkan lupa,post,,0,0,0,0
https://www.threads.com/@abu.hamraa/post/DeLDzCKGapj,Threads,abu.hamraa,,"10/7/2026, 12:21:21 AM",Mari boikot @kahfeveryday @kahfeveryday.my . Orang Malaysia kena bersatu hati.,post,,0,0,0,0
https://www.threads.com/@syasyahiera/post/DeLN8ImEiP7,Threads,syasyahiera,,"10/7/2026, 1:49:58 AM","Nasib lah @kahfeveryday.my @kahfeveryday @paragoncorp.my @paragoncorp 

Sebelum post tak nak fikir, after 20 hrs baru take down the post.

Itulah jalan yang kau pilihkan? 

#jalanyangkupilih",post,,0,0,0,0
https://www.threads.com/@macnadzri/post/DeLDwWfgYZq,Threads,macnadzri,,"10/7/2026, 12:20:59 AM",Stupid to the core !!,post,,0,0,0,0
https://www.threads.com/@xjohndir/post/DeLB2AUD8Ki,Threads,xjohndir,,"10/7/2026, 12:04:17 AM",Bye kahf,post,,0,0,0,0
https://www.threads.com/@muscletunerkl/post/DeLAy9YE7Ez,Threads,muscletunerkl,,"10/6/2026, 11:55:07 PM",Okay noted different level…,post,,0,0,0,0
https://www.threads.com/@edin_mj/post/DeLN9iPD878,Threads,edin_mj,,"10/7/2026, 1:50:10 AM",masuk level eropa? secara income per kapita aja kalau jauh dengan negara tetangga. Halu ya @kahfeveryday,post,,0,0,0,0
https://www.threads.com/@hamizah_suhaimi/post/DeLDuyxinf-,Threads,hamizah_suhaimi,,"10/7/2026, 12:20:46 AM",Ape tu kahfeveryday...baru tau wujud ..ouhh die sekali dgn wardah..maapp syakapp kita pakai hada labu from japannn..,post,,0,0,0,0
https://www.threads.com/@ridhuanashri/post/DeLDm0kk91U,Threads,ridhuanashri,,"10/7/2026, 12:19:41 AM",Viral kahf with their small brainer admin. Baru tahu product dari indo. Boleh avoid dah. Thanks for the awareness @kahfeveryday,post,,0,0,0,0
https://www.threads.com/@naniemonteru/post/DeLDmqfHyhN,Threads,naniemonteru,,"10/7/2026, 12:19:39 AM",@kahfeveryday.my @kahfeveryday sadaqallahulaziiiiiimmmm...,post,,0,0,0,0
https://www.threads.com/@fatihah31_/post/DeLDl0kgTAK,Threads,fatihah31_,,"10/7/2026, 12:19:33 AM","suka suka hati mu mintak maaf gitu , molek jekkkkkkk @kahfeveryday",post,,0,0,0,0
https://www.threads.com/@aizenarendra/post/DeLDj0bkzuH,Threads,aizenarendra,,"10/7/2026, 12:19:16 AM","@kahfeveryday orang suruh padam api, bukan padam posting tu. Garing sangat. Ko 2x5 sama mcm konoha cari makan kerja Malaysia tapi duk beria kutuk Malaysia.",post,,0,0,0,0